year,event_code,event_name,track_slug,race_date,session_directory,car_number,lap_number,driver_number,driver_name,lap_time,sector_1,sector_2,sector_3,speed_mph,elapsed_time,elapsed_delta_ms,elapsed_lap_time_difference_ms,pit_lane_crossing,source_page
2016,19_Circuit of the Americas,Circuit of the Americas,circuit-of-the-americas,2016-09-17,201609171135_Race,0,1,2,Sean Rayhall,2:06.401,47.943,46.400,32.058,96.8,2:06.401,,,0,1
2016,19_Circuit of the Americas,Circuit of the Americas,circuit-of-the-americas,2016-09-17,201609171135_Race,0,2,2,Sean Rayhall,2:02.021,44.567,45.927,31.527,100.2,4:08.422,122021,0,0,1
2016,19_Circuit of the Americas,Circuit of the Americas,circuit-of-the-americas,2016-09-17,201609171135_Race,0,3,2,Sean Rayhall,2:02.039,44.457,45.934,31.648,100.2,6:10.461,122039,0,0,1
2016,19_Circuit of the Americas,Circuit of the Americas,circuit-of-the-americas,2016-09-17,201609171135_Race,0,4,2,Sean Rayhall,2:01.468,44.283,45.704,31.481,100.7,8:11.929,121468,0,0,1
2016,19_Circuit of the Americas,Circuit of the Americas,circuit-of-the-americas,2016-09-17,201609171135_Race,0,5,2,Sean Rayhall,2:01.384,44.434,45.680,31.270,100.8,10:13.313,121384,0,0,1
2016,19_Circuit of the Americas,Circuit of the Americas,circuit-of-the-americas,2016-09-17,201609171135_Race,0,6,2,Sean Rayhall,2:01.695,44.590,45.663,31.442,100.5,12:15.008,121695,0,0,1
2016,19_Circuit of the Americas,Circuit of the Americas,circuit-of-the-americas,2016-09-17,201609171135_Race,0,7,2,Sean Rayhall,2:01.781,44.267,45.898,31.616,100.5,14:16.789,121781,0,0,1
2016,19_Circuit of the Americas,Circuit of the Americas,circuit-of-the-americas,2016-09-17,201609171135_Race,0,8,2,Sean Rayhall,2:02.024,44.512,46.005,31.507,100.2,16:18.813,122024,0,0,1
2016,19_Circuit of the Americas,Circuit of the Americas,circuit-of-the-americas,2016-09-17,201609171135_Race,0,9,2,Sean Rayhall,2:01.685,43.961,46.102,31.622,100.5,18:20.498,121685,0,0,1
2016,19_Circuit of the Americas,Circuit of the Americas,circuit-of-the-americas,2016-09-17,201609171135_Race,0,10,2,Sean Rayhall,2:03.532,44.784,46.693,32.055,99.1,20:24.030,123532,0,0,1
2016,19_Circuit of the Americas,Circuit of the Americas,circuit-of-the-americas,2016-09-17,201609171135_Race,0,11,2,Sean Rayhall,2:03.723,45.011,46.701,32.011,98.9,22:27.753,123723,0,0,1
2016,19_Circuit of the Americas,Circuit of the Americas,circuit-of-the-americas,2016-09-17,201609171135_Race,0,12,2,Sean Rayhall,2:04.134,44.802,46.679,32.653,98.6,24:31.887,124134,0,0,1
2016,19_Circuit of the Americas,Circuit of the Americas,circuit-of-the-americas,2016-09-17,201609171135_Race,0,13,2,Sean Rayhall,2:02.695,44.310,46.282,32.103,99.7,26:34.582,122695,0,0,1
2016,19_Circuit of the Americas,Circuit of the Americas,circuit-of-the-americas,2016-09-17,201609171135_Race,0,14,2,Sean Rayhall,2:02.567,44.626,46.058,31.883,99.8,28:37.149,122567,0,0,1
2016,19_Circuit of the Americas,Circuit of the Americas,circuit-of-the-americas,2016-09-17,201609171135_Race,0,15,2,Sean Rayhall,2:03.201,45.339,46.091,31.771,99.3,30:40.350,123201,0,0,1
2016,19_Circuit of the Americas,Circuit of the Americas,circuit-of-the-americas,2016-09-17,201609171135_Race,0,16,2,Sean Rayhall,2:04.584,46.534,46.227,31.823,98.2,32:44.934,124584,0,0,1
2016,19_Circuit of the Americas,Circuit of the Americas,circuit-of-the-americas,2016-09-17,201609171135_Race,0,17,2,Sean Rayhall,2:03.302,44.865,46.591,31.846,99.2,34:48.236,123302,0,0,1
2016,19_Circuit of the Americas,Circuit of the Americas,circuit-of-the-americas,2016-09-17,201609171135_Race,0,18,2,Sean Rayhall,2:14.004,49.355,50.685,33.964,91.3,37:02.240,134004,0,0,1
2016,19_Circuit of the Americas,Circuit of the Americas,circuit-of-the-americas,2016-09-17,201609171135_Race,0,19,2,Sean Rayhall,4:10.508,1:08.997,1:24.497,1:37.014,48.8,41:12.748,250508,0,1,1
2016,19_Circuit of the Americas,Circuit of the Americas,circuit-of-the-americas,2016-09-17,201609171135_Race,0,20,1,Katherine Legge,3:07.711,1:04.816,1:20.599,42.296,65.1,44:20.459,187711,0,0,1
2016,19_Circuit of the Americas,Circuit of the Americas,circuit-of-the-americas,2016-09-17,201609171135_Race,0,21,1,Katherine Legge,3:18.993,1:07.886,1:21.211,49.896,61.5,47:39.452,198993,0,0,1
2016,19_Circuit of the Americas,Circuit of the Americas,circuit-of-the-americas,2016-09-17,201609171135_Race,0,22,1,Katherine Legge,3:02.213,1:09.200,1:14.704,38.309,67.1,50:41.665,182213,0,0,1
2016,19_Circuit of the Americas,Circuit of the Americas,circuit-of-the-americas,2016-09-17,201609171135_Race,0,23,1,Katherine Legge,2:37.704,1:07.996,49.072,40.636,77.6,53:19.369,157704,0,0,1
2016,19_Circuit of the Americas,Circuit of the Americas,circuit-of-the-americas,2016-09-17,201609171135_Race,0,24,1,Katherine Legge,4:31.616,1:03.355,1:30.765,1:57.496,45.0,57:50.985,271616,0,1,1
2016,19_Circuit of the Americas,Circuit of the Americas,circuit-of-the-americas,2016-09-17,201609171135_Race,0,25,1,Katherine Legge,2:10.942,52.750,46.335,31.857,93.4,1:00:01.927,130942,0,0,1
2016,19_Circuit of the Americas,Circuit of the Americas,circuit-of-the-americas,2016-09-17,201609171135_Race,0,26,1,Katherine Legge,2:19.964,44.030,46.016,49.918,87.4,1:02:21.891,139964,0,1,1
2016,19_Circuit of the Americas,Circuit of the Americas,circuit-of-the-americas,2016-09-17,201609171135_Race,0,27,1,Katherine Legge,2:28.785,52.692,46.304,49.789,82.2,1:04:50.676,148785,0,1,1
2016,19_Circuit of the Americas,Circuit of the Americas,circuit-of-the-americas,2016-09-17,201609171135_Race,0,28,1,Katherine Legge,2:10.116,52.025,45.941,32.150,94.0,1:07:00.792,130116,0,0,1
2016,19_Circuit of the Americas,Circuit of the Americas,circuit-of-the-americas,2016-09-17,201609171135_Race,0,29,1,Katherine Legge,2:02.066,44.385,45.934,31.747,100.2,1:09:02.858,122066,0,0,1
2016,19_Circuit of the Americas,Circuit of the Americas,circuit-of-the-americas,2016-09-17,201609171135_Race,0,30,1,Katherine Legge,2:01.694,44.428,45.620,31.646,100.5,1:11:04.552,121694,0,0,1
2016,19_Circuit of the Americas,Circuit of the Americas,circuit-of-the-americas,2016-09-17,201609171135_Race,0,31,1,Katherine Legge,2:02.318,45.068,45.837,31.413,100.0,1:13:06.870,122318,0,0,1
2016,19_Circuit of the Americas,Circuit of the Americas,circuit-of-the-americas,2016-09-17,201609171135_Race,0,32,1,Katherine Legge,2:02.332,44.535,46.178,31.619,100.0,1:15:09.202,122332,0,0,1
2016,19_Circuit of the Americas,Circuit of the Americas,circuit-of-the-americas,2016-09-17,201609171135_Race,0,33,1,Katherine Legge,2:03.216,44.446,46.611,32.159,99.3,1:17:12.418,123216,0,0,1
2016,19_Circuit of the Americas,Circuit of the Americas,circuit-of-the-americas,2016-09-17,201609171135_Race,0,34,1,Katherine Legge,2:08.263,46.019,48.294,33.950,95.4,1:19:20.681,128263,0,0,1
2016,19_Circuit of the Americas,Circuit of the Americas,circuit-of-the-americas,2016-09-17,201609171135_Race,0,35,1,Katherine Legge,2:02.844,44.515,46.551,31.778,99.6,1:21:23.525,122844,0,0,1
2016,19_Circuit of the Americas,Circuit of the Americas,circuit-of-the-americas,2016-09-17,201609171135_Race,0,36,1,Katherine Legge,2:02.836,44.928,46.089,31.819,99.6,1:23:26.361,122836,0,0,1
2016,19_Circuit of the Americas,Circuit of the Americas,circuit-of-the-americas,2016-09-17,201609171135_Race,0,37,1,Katherine Legge,2:04.564,45.610,46.553,32.401,98.2,1:25:30.925,124564,0,0,1
2016,19_Circuit of the Americas,Circuit of the Americas,circuit-of-the-americas,2016-09-17,201609171135_Race,0,38,1,Katherine Legge,2:03.834,45.487,46.634,31.713,98.8,1:27:34.759,123834,0,0,1
2016,19_Circuit of the Americas,Circuit of the Americas,circuit-of-the-americas,2016-09-17,201609171135_Race,0,39,1,Katherine Legge,2:02.187,44.341,46.146,31.700,100.1,1:29:36.946,122187,0,0,1
2016,19_Circuit of the Americas,Circuit of the Americas,circuit-of-the-americas,2016-09-17,201609171135_Race,0,40,1,Katherine Legge,2:02.374,44.367,46.363,31.644,100.0,1:31:39.320,122374,0,0,1
2016,19_Circuit of the Americas,Circuit of the Americas,circuit-of-the-americas,2016-09-17,201609171135_Race,0,41,1,Katherine Legge,2:02.650,44.761,46.173,31.716,99.7,1:33:41.970,122650,0,0,1
2016,19_Circuit of the Americas,Circuit of the Americas,circuit-of-the-americas,2016-09-17,201609171135_Race,0,42,1,Katherine Legge,2:04.496,45.432,47.066,31.998,98.3,1:35:46.466,124496,0,0,1
2016,19_Circuit of the Americas,Circuit of the Americas,circuit-of-the-americas,2016-09-17,201609171135_Race,0,43,1,Katherine Legge,2:04.901,44.920,47.159,32.822,97.9,1:37:51.367,124901,0,0,1
2016,19_Circuit of the Americas,Circuit of the Americas,circuit-of-the-americas,2016-09-17,201609171135_Race,0,44,1,Katherine Legge,2:06.605,45.694,48.607,32.304,96.6,1:39:57.972,126605,0,0,1
2016,19_Circuit of the Americas,Circuit of the Americas,circuit-of-the-americas,2016-09-17,201609171135_Race,0,45,1,Katherine Legge,2:03.911,45.036,46.757,32.118,98.7,1:42:01.883,123911,0,0,1
2016,19_Circuit of the Americas,Circuit of the Americas,circuit-of-the-americas,2016-09-17,201609171135_Race,0,46,1,Katherine Legge,2:05.431,45.226,47.573,32.632,97.5,1:44:07.314,125431,0,0,1
2016,19_Circuit of the Americas,Circuit of the Americas,circuit-of-the-americas,2016-09-17,201609171135_Race,0,47,1,Katherine Legge,2:07.754,46.853,47.838,33.063,95.8,1:46:15.068,127754,0,0,1
2016,19_Circuit of the Americas,Circuit of the Americas,circuit-of-the-americas,2016-09-17,201609171135_Race,0,48,1,Katherine Legge,3:08.306,45.574,47.792,1:34.940,64.9,1:49:23.374,188306,0,1,1
2016,19_Circuit of the Americas,Circuit of the Americas,circuit-of-the-americas,2016-09-17,201609171135_Race,0,49,2,Sean Rayhall,2:16.889,57.707,47.070,32.112,89.4,1:51:40.263,136889,0,0,1
2016,19_Circuit of the Americas,Circuit of the Americas,circuit-of-the-americas,2016-09-17,201609171135_Race,0,50,2,Sean Rayhall,2:02.660,44.682,46.315,31.663,99.7,1:53:42.923,122660,0,0,1
2016,19_Circuit of the Americas,Circuit of the Americas,circuit-of-the-americas,2016-09-17,201609171135_Race,0,51,2,Sean Rayhall,2:03.040,44.365,46.602,32.073,99.4,1:55:45.963,123040,0,0,1
2016,19_Circuit of the Americas,Circuit of the Americas,circuit-of-the-americas,2016-09-17,201609171135_Race,0,52,2,Sean Rayhall,2:01.262,44.104,45.702,31.456,100.9,1:57:47.225,121262,0,0,1
2016,19_Circuit of the Americas,Circuit of the Americas,circuit-of-the-americas,2016-09-17,201609171135_Race,0,53,2,Sean Rayhall,2:01.801,44.123,45.998,31.680,100.4,1:59:49.026,121801,0,0,1
2016,19_Circuit of the Americas,Circuit of the Americas,circuit-of-the-americas,2016-09-17,201609171135_Race,0,54,2,Sean Rayhall,2:03.811,45.194,46.475,32.142,98.8,2:01:52.837,123811,0,0,1
2016,19_Circuit of the Americas,Circuit of the Americas,circuit-of-the-americas,2016-09-17,201609171135_Race,0,55,2,Sean Rayhall,2:09.371,46.142,49.486,33.743,94.6,2:04:02.208,129371,0,0,1
2016,19_Circuit of the Americas,Circuit of the Americas,circuit-of-the-americas,2016-09-17,201609171135_Race,0,56,2,Sean Rayhall,2:03.275,44.762,46.165,32.348,99.2,2:06:05.483,123275,0,0,1
2016,19_Circuit of the Americas,Circuit of the Americas,circuit-of-the-americas,2016-09-17,201609171135_Race,0,57,2,Sean Rayhall,2:05.060,45.430,47.503,32.127,97.8,2:08:10.543,125060,0,0,1
2016,19_Circuit of the Americas,Circuit of the Americas,circuit-of-the-americas,2016-09-17,201609171135_Race,0,58,2,Sean Rayhall,2:03.102,45.108,46.133,31.861,99.4,2:10:13.645,123102,0,0,1
2016,19_Circuit of the Americas,Circuit of the Americas,circuit-of-the-americas,2016-09-17,201609171135_Race,0,59,2,Sean Rayhall,2:04.215,45.285,46.848,32.082,98.5,2:12:17.860,124215,0,0,1
2016,19_Circuit of the Americas,Circuit of the Americas,circuit-of-the-americas,2016-09-17,201609171135_Race,0,60,2,Sean Rayhall,2:03.344,45.333,46.133,31.878,99.2,2:14:21.204,123344,0,0,1
2016,19_Circuit of the Americas,Circuit of the Americas,circuit-of-the-americas,2016-09-17,201609171135_Race,0,61,2,Sean Rayhall,2:02.767,44.672,46.123,31.972,99.7,2:16:23.971,122767,0,0,1
2016,19_Circuit of the Americas,Circuit of the Americas,circuit-of-the-americas,2016-09-17,201609171135_Race,0,62,2,Sean Rayhall,2:05.607,45.252,47.256,33.099,97.4,2:18:29.578,125607,0,0,1
2016,19_Circuit of the Americas,Circuit of the Americas,circuit-of-the-americas,2016-09-17,201609171135_Race,0,63,2,Sean Rayhall,2:03.971,45.302,46.600,32.069,98.7,2:20:33.549,123971,0,0,1
2016,19_Circuit of the Americas,Circuit of the Americas,circuit-of-the-americas,2016-09-17,201609171135_Race,0,64,2,Sean Rayhall,2:03.173,45.076,46.111,31.986,99.3,2:22:36.722,123173,0,0,1
2016,19_Circuit of the Americas,Circuit of the Americas,circuit-of-the-americas,2016-09-17,201609171135_Race,0,65,2,Sean Rayhall,2:06.201,46.492,47.767,31.942,96.9,2:24:42.923,126201,0,0,1
2016,19_Circuit of the Americas,Circuit of the Americas,circuit-of-the-americas,2016-09-17,201609171135_Race,0,66,2,Sean Rayhall,2:03.382,44.702,46.658,32.022,99.2,2:26:46.305,123382,0,0,1
2016,19_Circuit of the Americas,Circuit of the Americas,circuit-of-the-americas,2016-09-17,201609171135_Race,0,67,2,Sean Rayhall,2:02.680,44.746,46.193,31.741,99.7,2:28:48.985,122680,0,0,1
2016,19_Circuit of the Americas,Circuit of the Americas,circuit-of-the-americas,2016-09-17,201609171135_Race,0,68,2,Sean Rayhall,2:03.563,45.236,46.290,32.037,99.0,2:30:52.548,123563,0,0,1
2016,19_Circuit of the Americas,Circuit of the Americas,circuit-of-the-americas,2016-09-17,201609171135_Race,0,69,2,Sean Rayhall,2:02.744,44.659,46.126,31.959,99.7,2:32:55.292,122744,0,0,1
2016,19_Circuit of the Americas,Circuit of the Americas,circuit-of-the-americas,2016-09-17,201609171135_Race,0,70,2,Sean Rayhall,2:02.716,44.675,46.091,31.950,99.7,2:34:58.008,122716,0,0,1
2016,19_Circuit of the Americas,Circuit of the Americas,circuit-of-the-americas,2016-09-17,201609171135_Race,0,71,2,Sean Rayhall,2:02.669,44.652,46.036,31.981,99.7,2:37:00.677,122669,0,0,1
2016,19_Circuit of the Americas,Circuit of the Americas,circuit-of-the-americas,2016-09-17,201609171135_Race,0,72,2,Sean Rayhall,2:02.619,44.813,46.006,31.800,99.7,2:39:03.296,122619,0,0,1
2016,19_Circuit of the Americas,Circuit of the Americas,circuit-of-the-americas,2016-09-17,201609171135_Race,0,73,2,Sean Rayhall,2:04.852,44.587,46.769,33.496,98.0,2:41:08.148,124852,0,0,1
2016,19_Circuit of the Americas,Circuit of the Americas,circuit-of-the-americas,2016-09-17,201609171135_Race,0,74,2,Sean Rayhall,2:13.592,48.750,50.283,34.559,91.6,2:43:21.740,133592,0,0,1
2016,19_Circuit of the Americas,Circuit of the Americas,circuit-of-the-americas,2016-09-17,201609171135_Race,3,1,2,Jan Magnussen,2:33.464,1:12.389,47.888,33.187,79.7,2:33.464,,,0,1
2016,19_Circuit of the Americas,Circuit of the Americas,circuit-of-the-americas,2016-09-17,201609171135_Race,3,2,2,Jan Magnussen,2:06.740,46.135,47.304,33.301,96.5,4:40.204,126740,0,0,1
2016,19_Circuit of the Americas,Circuit of the Americas,circuit-of-the-americas,2016-09-17,201609171135_Race,3,3,2,Jan Magnussen,2:05.642,45.748,47.053,32.841,97.4,6:45.846,125642,0,0,1
2016,19_Circuit of the Americas,Circuit of the Americas,circuit-of-the-americas,2016-09-17,201609171135_Race,3,4,2,Jan Magnussen,2:05.995,45.773,47.294,32.928,97.1,8:51.841,125995,0,0,1
2016,19_Circuit of the Americas,Circuit of the Americas,circuit-of-the-americas,2016-09-17,201609171135_Race,3,5,2,Jan Magnussen,2:06.114,45.780,47.163,33.171,97.0,10:57.955,126114,0,0,1
2016,19_Circuit of the Americas,Circuit of the Americas,circuit-of-the-americas,2016-09-17,201609171135_Race,3,6,2,Jan Magnussen,2:06.892,45.912,47.770,33.210,96.4,13:04.847,126892,0,0,1
2016,19_Circuit of the Americas,Circuit of the Americas,circuit-of-the-americas,2016-09-17,201609171135_Race,3,7,2,Jan Magnussen,2:06.133,46.054,47.099,32.980,97.0,15:10.980,126133,0,0,1
2016,19_Circuit of the Americas,Circuit of the Americas,circuit-of-the-americas,2016-09-17,201609171135_Race,3,8,2,Jan Magnussen,2:06.365,45.908,47.364,33.093,96.8,17:17.345,126365,0,0,1
2016,19_Circuit of the Americas,Circuit of the Americas,circuit-of-the-americas,2016-09-17,201609171135_Race,3,9,2,Jan Magnussen,2:06.060,45.591,47.283,33.186,97.1,19:23.405,126060,0,0,1
2016,19_Circuit of the Americas,Circuit of the Americas,circuit-of-the-americas,2016-09-17,201609171135_Race,3,10,2,Jan Magnussen,2:06.253,45.802,47.312,33.139,96.9,21:29.658,126253,0,0,1
2016,19_Circuit of the Americas,Circuit of the Americas,circuit-of-the-americas,2016-09-17,201609171135_Race,3,11,2,Jan Magnussen,2:06.382,45.852,47.327,33.203,96.8,23:36.040,126382,0,0,1
2016,19_Circuit of the Americas,Circuit of the Americas,circuit-of-the-americas,2016-09-17,201609171135_Race,3,12,2,Jan Magnussen,2:06.506,45.978,47.303,33.225,96.7,25:42.546,126506,0,0,1
2016,19_Circuit of the Americas,Circuit of the Americas,circuit-of-the-americas,2016-09-17,201609171135_Race,3,13,2,Jan Magnussen,2:06.750,45.819,47.532,33.399,96.5,27:49.296,126750,0,0,1
2016,19_Circuit of the Americas,Circuit of the Americas,circuit-of-the-americas,2016-09-17,201609171135_Race,3,14,2,Jan Magnussen,2:06.825,46.253,47.372,33.200,96.4,29:56.121,126825,0,0,1
2016,19_Circuit of the Americas,Circuit of the Americas,circuit-of-the-americas,2016-09-17,201609171135_Race,3,15,2,Jan Magnussen,2:06.452,45.912,47.269,33.271,96.8,32:02.573,126452,0,0,1
2016,19_Circuit of the Americas,Circuit of the Americas,circuit-of-the-americas,2016-09-17,201609171135_Race,3,16,2,Jan Magnussen,2:06.793,46.197,47.372,33.224,96.5,34:09.366,126793,0,0,1
2016,19_Circuit of the Americas,Circuit of the Americas,circuit-of-the-americas,2016-09-17,201609171135_Race,3,17,2,Jan Magnussen,2:15.830,45.852,52.835,37.143,90.0,36:25.196,135830,0,0,1
2016,19_Circuit of the Americas,Circuit of the Americas,circuit-of-the-americas,2016-09-17,201609171135_Race,3,18,2,Jan Magnussen,2:18.446,50.597,53.060,34.789,88.4,38:43.642,138446,0,0,1
2016,19_Circuit of the Americas,Circuit of the Americas,circuit-of-the-americas,2016-09-17,201609171135_Race,3,19,2,Jan Magnussen,2:11.847,48.905,48.910,34.032,92.8,40:55.489,131847,0,0,1
2016,19_Circuit of the Americas,Circuit of the Americas,circuit-of-the-americas,2016-09-17,201609171135_Race,3,20,2,Jan Magnussen,3:21.822,1:03.065,1:21.206,57.551,60.6,44:17.311,201822,0,1,1
2016,19_Circuit of the Americas,Circuit of the Americas,circuit-of-the-americas,2016-09-17,201609171135_Race,3,21,1,Antonio Garcia,3:35.648,1:26.202,1:20.313,49.133,56.7,47:52.959,215648,0,0,1
2016,19_Circuit of the Americas,Circuit of the Americas,circuit-of-the-americas,2016-09-17,201609171135_Race,3,22,1,Antonio Garcia,2:56.595,1:06.516,1:16.008,34.071,69.2,50:49.554,176595,0,0,1
2016,19_Circuit of the Americas,Circuit of the Americas,circuit-of-the-americas,2016-09-17,201609171135_Race,3,23,1,Antonio Garcia,2:15.899,46.146,48.703,41.050,90.0,53:05.453,135899,0,0,1
2016,19_Circuit of the Americas,Circuit of the Americas,circuit-of-the-americas,2016-09-17,201609171135_Race,3,24,1,Antonio Garcia,3:23.611,1:05.321,1:25.770,52.520,60.0,56:29.064,203611,0,0,1
2016,19_Circuit of the Americas,Circuit of the Americas,circuit-of-the-americas,2016-09-17,201609171135_Race,3,25,1,Antonio Garcia,2:52.877,1:03.404,1:15.543,33.930,70.7,59:21.941,172877,0,0,1
2016,19_Circuit of the Americas,Circuit of the Americas,circuit-of-the-americas,2016-09-17,201609171135_Race,3,26,1,Antonio Garcia,2:06.721,45.726,47.708,33.287,96.5,1:01:28.662,126721,0,0,1
2016,19_Circuit of the Americas,Circuit of the Americas,circuit-of-the-americas,2016-09-17,201609171135_Race,3,27,1,Antonio Garcia,2:07.073,46.213,47.750,33.110,96.3,1:03:35.735,127073,0,0,1
2016,19_Circuit of the Americas,Circuit of the Americas,circuit-of-the-americas,2016-09-17,201609171135_Race,3,28,1,Antonio Garcia,2:05.583,45.454,47.198,32.931,97.4,1:05:41.318,125583,0,0,1
2016,19_Circuit of the Americas,Circuit of the Americas,circuit-of-the-americas,2016-09-17,201609171135_Race,3,29,1,Antonio Garcia,2:06.301,46.110,47.351,32.840,96.9,1:07:47.619,126301,0,0,1
2016,19_Circuit of the Americas,Circuit of the Americas,circuit-of-the-americas,2016-09-17,201609171135_Race,3,30,1,Antonio Garcia,2:05.283,45.053,47.297,32.933,97.6,1:09:52.902,125283,0,0,1
2016,19_Circuit of the Americas,Circuit of the Americas,circuit-of-the-americas,2016-09-17,201609171135_Race,3,31,1,Antonio Garcia,2:05.150,45.185,47.069,32.896,97.8,1:11:58.052,125150,0,0,1
2016,19_Circuit of the Americas,Circuit of the Americas,circuit-of-the-americas,2016-09-17,201609171135_Race,3,32,1,Antonio Garcia,2:05.670,45.277,47.357,33.036,97.3,1:14:03.722,125670,0,0,1
2016,19_Circuit of the Americas,Circuit of the Americas,circuit-of-the-americas,2016-09-17,201609171135_Race,3,33,1,Antonio Garcia,2:05.969,45.463,47.408,33.098,97.1,1:16:09.691,125969,0,0,1
2016,19_Circuit of the Americas,Circuit of the Americas,circuit-of-the-americas,2016-09-17,201609171135_Race,3,34,1,Antonio Garcia,2:06.323,45.476,47.426,33.421,96.8,1:18:16.014,126323,0,0,1
2016,19_Circuit of the Americas,Circuit of the Americas,circuit-of-the-americas,2016-09-17,201609171135_Race,3,35,1,Antonio Garcia,2:06.260,45.565,47.484,33.211,96.9,1:20:22.274,126260,0,0,1
2016,19_Circuit of the Americas,Circuit of the Americas,circuit-of-the-americas,2016-09-17,201609171135_Race,3,36,1,Antonio Garcia,2:06.567,45.654,47.549,33.364,96.6,1:22:28.841,126567,0,0,1
2016,19_Circuit of the Americas,Circuit of the Americas,circuit-of-the-americas,2016-09-17,201609171135_Race,3,37,1,Antonio Garcia,2:07.262,45.676,47.916,33.670,96.1,1:24:36.103,127262,0,0,1
2016,19_Circuit of the Americas,Circuit of the Americas,circuit-of-the-americas,2016-09-17,201609171135_Race,3,38,1,Antonio Garcia,2:07.439,46.040,47.732,33.667,96.0,1:26:43.542,127439,0,0,2
2016,19_Circuit of the Americas,Circuit of the Americas,circuit-of-the-americas,2016-09-17,201609171135_Race,3,39,1,Antonio Garcia,2:06.662,45.703,47.741,33.218,96.6,1:28:50.204,126662,0,0,2
2016,19_Circuit of the Americas,Circuit of the Americas,circuit-of-the-americas,2016-09-17,201609171135_Race,3,40,1,Antonio Garcia,2:06.759,45.774,47.666,33.319,96.5,1:30:56.963,126759,0,0,2
2016,19_Circuit of the Americas,Circuit of the Americas,circuit-of-the-americas,2016-09-17,201609171135_Race,3,41,1,Antonio Garcia,2:06.913,45.770,47.673,33.470,96.4,1:33:03.876,126913,0,0,2
2016,19_Circuit of the Americas,Circuit of the Americas,circuit-of-the-americas,2016-09-17,201609171135_Race,3,42,1,Antonio Garcia,2:06.852,45.812,47.753,33.287,96.4,1:35:10.728,126852,0,0,2
2016,19_Circuit of the Americas,Circuit of the Americas,circuit-of-the-americas,2016-09-17,201609171135_Race,3,43,1,Antonio Garcia,2:07.653,46.117,48.096,33.440,95.8,1:37:18.381,127653,0,0,2
2016,19_Circuit of the Americas,Circuit of the Americas,circuit-of-the-americas,2016-09-17,201609171135_Race,3,44,1,Antonio Garcia,2:08.629,46.150,48.851,33.628,95.1,1:39:27.010,128629,0,0,2
2016,19_Circuit of the Americas,Circuit of the Americas,circuit-of-the-americas,2016-09-17,201609171135_Race,3,45,1,Antonio Garcia,2:23.602,46.246,47.945,49.411,85.2,1:41:50.612,143602,0,1,2
2016,19_Circuit of the Americas,Circuit of the Americas,circuit-of-the-americas,2016-09-17,201609171135_Race,3,46,1,Antonio Garcia,2:40.619,1:19.519,47.813,33.287,76.1,1:44:31.231,160619,0,0,2
2016,19_Circuit of the Americas,Circuit of the Americas,circuit-of-the-americas,2016-09-17,201609171135_Race,3,47,1,Antonio Garcia,2:06.627,45.884,47.535,33.208,96.6,1:46:37.858,126627,0,0,2
2016,19_Circuit of the Americas,Circuit of the Americas,circuit-of-the-americas,2016-09-17,201609171135_Race,3,48,1,Antonio Garcia,2:07.119,46.726,47.468,32.925,96.3,1:48:44.977,127119,0,0,2
2016,19_Circuit of the Americas,Circuit of the Americas,circuit-of-the-americas,2016-09-17,201609171135_Race,3,49,1,Antonio Garcia,2:07.173,45.987,47.909,33.277,96.2,1:50:52.150,127173,0,0,2
2016,19_Circuit of the Americas,Circuit of the Americas,circuit-of-the-americas,2016-09-17,201609171135_Race,3,50,1,Antonio Garcia,2:05.780,45.334,47.272,33.174,97.3,1:52:57.930,125780,0,0,2
2016,19_Circuit of the Americas,Circuit of the Americas,circuit-of-the-americas,2016-09-17,201609171135_Race,3,51,1,Antonio Garcia,2:06.128,45.580,47.294,33.254,97.0,1:55:04.058,126128,0,0,2
2016,19_Circuit of the Americas,Circuit of the Americas,circuit-of-the-americas,2016-09-17,201609171135_Race,3,52,1,Antonio Garcia,2:07.015,46.243,47.487,33.285,96.3,1:57:11.073,127015,0,0,2
2016,19_Circuit of the Americas,Circuit of the Americas,circuit-of-the-americas,2016-09-17,201609171135_Race,3,53,1,Antonio Garcia,2:06.610,45.675,47.748,33.187,96.6,1:59:17.683,126610,0,0,2
2016,19_Circuit of the Americas,Circuit of the Americas,circuit-of-the-americas,2016-09-17,201609171135_Race,3,54,1,Antonio Garcia,2:06.129,45.571,47.326,33.232,97.0,2:01:23.812,126129,0,0,2
2016,19_Circuit of the Americas,Circuit of the Americas,circuit-of-the-americas,2016-09-17,201609171135_Race,3,55,1,Antonio Garcia,2:06.485,45.848,47.287,33.350,96.7,2:03:30.297,126485,0,0,2
2016,19_Circuit of the Americas,Circuit of the Americas,circuit-of-the-americas,2016-09-17,201609171135_Race,3,56,1,Antonio Garcia,2:07.976,45.859,47.870,34.247,95.6,2:05:38.273,127976,0,0,2
2016,19_Circuit of the Americas,Circuit of the Americas,circuit-of-the-americas,2016-09-17,201609171135_Race,3,57,1,Antonio Garcia,2:06.856,45.950,47.696,33.210,96.4,2:07:45.129,126856,0,0,2
2016,19_Circuit of the Americas,Circuit of the Americas,circuit-of-the-americas,2016-09-17,201609171135_Race,3,58,1,Antonio Garcia,2:06.690,45.753,47.637,33.300,96.6,2:09:51.819,126690,0,0,2
2016,19_Circuit of the Americas,Circuit of the Americas,circuit-of-the-americas,2016-09-17,201609171135_Race,3,59,1,Antonio Garcia,2:06.945,45.938,47.673,33.334,96.4,2:11:58.764,126945,0,0,2
2016,19_Circuit of the Americas,Circuit of the Americas,circuit-of-the-americas,2016-09-17,201609171135_Race,3,60,1,Antonio Garcia,2:07.485,46.387,47.629,33.469,96.0,2:14:06.249,127485,0,0,2
2016,19_Circuit of the Americas,Circuit of the Americas,circuit-of-the-americas,2016-09-17,201609171135_Race,3,61,1,Antonio Garcia,2:06.967,45.895,47.626,33.446,96.3,2:16:13.216,126967,0,0,2
2016,19_Circuit of the Americas,Circuit of the Americas,circuit-of-the-americas,2016-09-17,201609171135_Race,3,62,1,Antonio Garcia,2:07.674,46.368,47.940,33.366,95.8,2:18:20.890,127674,0,0,2
2016,19_Circuit of the Americas,Circuit of the Americas,circuit-of-the-americas,2016-09-17,201609171135_Race,3,63,1,Antonio Garcia,2:06.680,45.740,47.640,33.300,96.6,2:20:27.570,126680,0,0,2
2016,19_Circuit of the Americas,Circuit of the Americas,circuit-of-the-americas,2016-09-17,201609171135_Race,3,64,1,Antonio Garcia,2:07.296,45.882,47.737,33.677,96.1,2:22:34.866,127296,0,0,2
2016,19_Circuit of the Americas,Circuit of the Americas,circuit-of-the-americas,2016-09-17,201609171135_Race,3,65,1,Antonio Garcia,2:09.949,47.665,48.940,33.344,94.1,2:24:44.815,129949,0,0,2
2016,19_Circuit of the Americas,Circuit of the Americas,circuit-of-the-americas,2016-09-17,201609171135_Race,3,66,1,Antonio Garcia,2:07.683,46.064,48.209,33.410,95.8,2:26:52.498,127683,0,0,2
2016,19_Circuit of the Americas,Circuit of the Americas,circuit-of-the-americas,2016-09-17,201609171135_Race,3,67,1,Antonio Garcia,2:07.323,45.929,47.958,33.436,96.1,2:28:59.821,127323,0,0,2
2016,19_Circuit of the Americas,Circuit of the Americas,circuit-of-the-americas,2016-09-17,201609171135_Race,3,68,1,Antonio Garcia,2:07.615,45.946,48.202,33.467,95.9,2:31:07.436,127615,0,0,2
2016,19_Circuit of the Americas,Circuit of the Americas,circuit-of-the-americas,2016-09-17,201609171135_Race,3,69,1,Antonio Garcia,2:07.613,46.123,47.985,33.505,95.9,2:33:15.049,127613,0,0,2
2016,19_Circuit of the Americas,Circuit of the Americas,circuit-of-the-americas,2016-09-17,201609171135_Race,3,70,1,Antonio Garcia,2:09.304,46.514,48.839,33.951,94.6,2:35:24.353,129304,0,0,2
2016,19_Circuit of the Americas,Circuit of the Americas,circuit-of-the-americas,2016-09-17,201609171135_Race,3,71,1,Antonio Garcia,2:07.227,46.081,47.775,33.371,96.1,2:37:31.580,127227,0,0,2
2016,19_Circuit of the Americas,Circuit of the Americas,circuit-of-the-americas,2016-09-17,201609171135_Race,3,72,1,Antonio Garcia,2:07.871,46.478,47.960,33.433,95.6,2:39:39.451,127871,0,0,2
2016,19_Circuit of the Americas,Circuit of the Americas,circuit-of-the-americas,2016-09-17,201609171135_Race,3,73,1,Antonio Garcia,2:07.728,46.313,47.873,33.542,95.8,2:41:47.179,127728,0,0,2
2016,19_Circuit of the Americas,Circuit of the Americas,circuit-of-the-americas,2016-09-17,201609171135_Race,3,74,1,Antonio Garcia,2:07.229,46.030,47.766,33.433,96.1,2:43:54.408,127229,0,0,2
2016,19_Circuit of the Americas,Circuit of the Americas,circuit-of-the-americas,2016-09-17,201609171135_Race,4,1,1,Oliver Gavin,2:33.226,1:12.033,47.899,33.294,79.9,2:33.226,,,0,2
2016,19_Circuit of the Americas,Circuit of the Americas,circuit-of-the-americas,2016-09-17,201609171135_Race,4,2,1,Oliver Gavin,2:06.485,45.845,47.600,33.040,96.7,4:39.711,126485,0,0,2
2016,19_Circuit of the Americas,Circuit of the Americas,circuit-of-the-americas,2016-09-17,201609171135_Race,4,3,1,Oliver Gavin,2:05.853,45.642,47.260,32.951,97.2,6:45.564,125853,0,0,2
2016,19_Circuit of the Americas,Circuit of the Americas,circuit-of-the-americas,2016-09-17,201609171135_Race,4,4,1,Oliver Gavin,2:05.792,45.515,47.289,32.988,97.3,8:51.356,125792,0,0,2
2016,19_Circuit of the Americas,Circuit of the Americas,circuit-of-the-americas,2016-09-17,201609171135_Race,4,5,1,Oliver Gavin,2:06.196,45.816,47.290,33.090,96.9,10:57.552,126196,0,0,2
2016,19_Circuit of the Americas,Circuit of the Americas,circuit-of-the-americas,2016-09-17,201609171135_Race,4,6,1,Oliver Gavin,2:06.910,45.763,47.922,33.225,96.4,13:04.462,126910,0,0,2
2016,19_Circuit of the Americas,Circuit of the Americas,circuit-of-the-americas,2016-09-17,201609171135_Race,4,7,1,Oliver Gavin,2:07.469,46.923,47.350,33.196,96.0,15:11.931,127469,0,0,2
2016,19_Circuit of the Americas,Circuit of the Americas,circuit-of-the-americas,2016-09-17,201609171135_Race,4,8,1,Oliver Gavin,2:06.462,45.892,47.410,33.160,96.8,17:18.393,126462,0,0,2
2016,19_Circuit of the Americas,Circuit of the Americas,circuit-of-the-americas,2016-09-17,201609171135_Race,4,9,1,Oliver Gavin,2:06.470,45.895,47.476,33.099,96.8,19:24.863,126470,0,0,2
2016,19_Circuit of the Americas,Circuit of the Americas,circuit-of-the-americas,2016-09-17,201609171135_Race,4,10,1,Oliver Gavin,2:06.814,45.963,47.603,33.248,96.4,21:31.677,126814,0,0,2
2016,19_Circuit of the Americas,Circuit of the Americas,circuit-of-the-americas,2016-09-17,201609171135_Race,4,11,1,Oliver Gavin,2:06.398,45.851,47.495,33.052,96.8,23:38.075,126398,0,0,2
2016,19_Circuit of the Americas,Circuit of the Americas,circuit-of-the-americas,2016-09-17,201609171135_Race,4,12,1,Oliver Gavin,2:07.332,45.928,47.916,33.488,96.1,25:45.407,127332,0,0,2
2016,19_Circuit of the Americas,Circuit of the Americas,circuit-of-the-americas,2016-09-17,201609171135_Race,4,13,1,Oliver Gavin,2:07.524,46.151,48.111,33.262,96.0,27:52.931,127524,0,0,2
2016,19_Circuit of the Americas,Circuit of the Americas,circuit-of-the-americas,2016-09-17,201609171135_Race,4,14,1,Oliver Gavin,2:06.891,45.992,47.643,33.256,96.4,29:59.822,126891,0,0,2
2016,19_Circuit of the Americas,Circuit of the Americas,circuit-of-the-americas,2016-09-17,201609171135_Race,4,15,1,Oliver Gavin,2:06.800,45.871,47.626,33.303,96.4,32:06.622,126800,0,0,2
2016,19_Circuit of the Americas,Circuit of the Americas,circuit-of-the-americas,2016-09-17,201609171135_Race,4,16,1,Oliver Gavin,2:06.854,45.867,47.723,33.264,96.4,34:13.476,126854,0,0,2
2016,19_Circuit of the Americas,Circuit of the Americas,circuit-of-the-americas,2016-09-17,201609171135_Race,4,17,1,Oliver Gavin,2:16.523,46.058,54.008,36.457,89.6,36:29.999,136523,0,0,2
2016,19_Circuit of the Americas,Circuit of the Americas,circuit-of-the-americas,2016-09-17,201609171135_Race,4,18,1,Oliver Gavin,2:24.050,51.661,55.886,36.503,84.9,38:54.049,144050,0,0,2
2016,19_Circuit of the Americas,Circuit of the Americas,circuit-of-the-americas,2016-09-17,201609171135_Race,4,19,1,Oliver Gavin,2:12.513,49.273,49.129,34.111,92.3,41:06.562,132513,0,0,2
2016,19_Circuit of the Americas,Circuit of the Americas,circuit-of-the-americas,2016-09-17,201609171135_Race,4,20,1,Oliver Gavin,3:11.243,52.839,1:21.107,57.297,64.0,44:17.805,191243,0,1,2
2016,19_Circuit of the Americas,Circuit of the Americas,circuit-of-the-americas,2016-09-17,201609171135_Race,4,21,2,Tommy Milner,3:38.403,1:28.203,1:20.371,49.829,56.0,47:56.208,218403,0,0,2
2016,19_Circuit of the Americas,Circuit of the Americas,circuit-of-the-americas,2016-09-17,201609171135_Race,4,22,2,Tommy Milner,2:56.128,1:05.962,1:16.163,34.003,69.4,50:52.336,176128,0,0,2
2016,19_Circuit of the Americas,Circuit of the Americas,circuit-of-the-americas,2016-09-17,201609171135_Race,4,23,2,Tommy Milner,2:14.653,46.006,48.995,39.652,90.9,53:06.989,134653,0,0,2
2016,19_Circuit of the Americas,Circuit of the Americas,circuit-of-the-americas,2016-09-17,201609171135_Race,4,24,2,Tommy Milner,3:24.758,1:05.341,1:27.028,52.389,59.7,56:31.747,204758,0,0,2
2016,19_Circuit of the Americas,Circuit of the Americas,circuit-of-the-americas,2016-09-17,201609171135_Race,4,25,2,Tommy Milner,2:54.735,1:03.217,1:16.848,34.670,70.0,59:26.482,174735,0,0,2
2016,19_Circuit of the Americas,Circuit of the Americas,circuit-of-the-americas,2016-09-17,201609171135_Race,4,26,2,Tommy Milner,2:06.596,45.892,47.587,33.117,96.6,1:01:33.078,126596,0,0,2
2016,19_Circuit of the Americas,Circuit of the Americas,circuit-of-the-americas,2016-09-17,201609171135_Race,4,27,2,Tommy Milner,2:06.010,45.479,47.465,33.066,97.1,1:03:39.088,126010,0,0,2
2016,19_Circuit of the Americas,Circuit of the Americas,circuit-of-the-americas,2016-09-17,201609171135_Race,4,28,2,Tommy Milner,2:06.622,45.627,47.685,33.310,96.6,1:05:45.710,126622,0,0,2
2016,19_Circuit of the Americas,Circuit of the Americas,circuit-of-the-americas,2016-09-17,201609171135_Race,4,29,2,Tommy Milner,2:06.347,46.050,47.319,32.978,96.8,1:07:52.057,126347,0,0,2
2016,19_Circuit of the Americas,Circuit of the Americas,circuit-of-the-americas,2016-09-17,201609171135_Race,4,30,2,Tommy Milner,2:05.671,45.289,47.281,33.101,97.3,1:09:57.728,125671,0,0,2
2016,19_Circuit of the Americas,Circuit of the Americas,circuit-of-the-americas,2016-09-17,201609171135_Race,4,31,2,Tommy Milner,2:05.729,45.373,47.234,33.122,97.3,1:12:03.457,125729,0,0,2
2016,19_Circuit of the Americas,Circuit of the Americas,circuit-of-the-americas,2016-09-17,201609171135_Race,4,32,2,Tommy Milner,2:06.242,45.560,47.603,33.079,96.9,1:14:09.699,126242,0,0,2
2016,19_Circuit of the Americas,Circuit of the Americas,circuit-of-the-americas,2016-09-17,201609171135_Race,4,33,2,Tommy Milner,2:06.258,45.546,47.359,33.353,96.9,1:16:15.957,126258,0,0,2
2016,19_Circuit of the Americas,Circuit of the Americas,circuit-of-the-americas,2016-09-17,201609171135_Race,4,34,2,Tommy Milner,2:08.435,45.955,49.239,33.241,95.3,1:18:24.392,128435,0,0,2
2016,19_Circuit of the Americas,Circuit of the Americas,circuit-of-the-americas,2016-09-17,201609171135_Race,4,35,2,Tommy Milner,2:07.127,45.926,47.939,33.262,96.3,1:20:31.519,127127,0,0,2
2016,19_Circuit of the Americas,Circuit of the Americas,circuit-of-the-americas,2016-09-17,201609171135_Race,4,36,2,Tommy Milner,2:07.295,45.998,47.803,33.494,96.1,1:22:38.814,127295,0,0,2
2016,19_Circuit of the Americas,Circuit of the Americas,circuit-of-the-americas,2016-09-17,201609171135_Race,4,37,2,Tommy Milner,2:08.292,46.274,48.224,33.794,95.3,1:24:47.106,128292,0,0,2
2016,19_Circuit of the Americas,Circuit of the Americas,circuit-of-the-americas,2016-09-17,201609171135_Race,4,38,2,Tommy Milner,2:07.662,46.276,47.926,33.460,95.8,1:26:54.768,127662,0,0,2
2016,19_Circuit of the Americas,Circuit of the Americas,circuit-of-the-americas,2016-09-17,201609171135_Race,4,39,2,Tommy Milner,2:07.655,46.102,47.954,33.599,95.8,1:29:02.423,127655,0,0,2
2016,19_Circuit of the Americas,Circuit of the Americas,circuit-of-the-americas,2016-09-17,201609171135_Race,4,40,2,Tommy Milner,2:08.417,45.988,48.644,33.785,95.3,1:31:10.840,128417,0,0,2
2016,19_Circuit of the Americas,Circuit of the Americas,circuit-of-the-americas,2016-09-17,201609171135_Race,4,41,2,Tommy Milner,2:08.852,47.582,47.895,33.375,95.0,1:33:19.692,128852,0,0,2
2016,19_Circuit of the Americas,Circuit of the Americas,circuit-of-the-americas,2016-09-17,201609171135_Race,4,42,2,Tommy Milner,2:07.510,45.996,48.094,33.420,96.0,1:35:27.202,127510,0,0,2
2016,19_Circuit of the Americas,Circuit of the Americas,circuit-of-the-americas,2016-09-17,201609171135_Race,4,43,2,Tommy Milner,2:07.737,46.289,47.938,33.510,95.8,1:37:34.939,127737,0,0,2
2016,19_Circuit of the Americas,Circuit of the Americas,circuit-of-the-americas,2016-09-17,201609171135_Race,4,44,2,Tommy Milner,2:07.511,46.220,47.955,33.336,96.0,1:39:42.450,127511,0,0,2
2016,19_Circuit of the Americas,Circuit of the Americas,circuit-of-the-americas,2016-09-17,201609171135_Race,4,45,2,Tommy Milner,2:08.935,47.305,48.144,33.486,94.9,1:41:51.385,128935,0,0,2
2016,19_Circuit of the Americas,Circuit of the Americas,circuit-of-the-americas,2016-09-17,201609171135_Race,4,46,2,Tommy Milner,2:25.409,46.421,48.264,50.724,84.1,1:44:16.794,145409,0,1,2
2016,19_Circuit of the Americas,Circuit of the Americas,circuit-of-the-americas,2016-09-17,201609171135_Race,4,47,2,Tommy Milner,2:43.849,1:21.649,48.786,33.414,74.6,1:47:00.643,163849,0,0,2
2016,19_Circuit of the Americas,Circuit of the Americas,circuit-of-the-americas,2016-09-17,201609171135_Race,4,48,2,Tommy Milner,2:06.962,45.875,47.874,33.213,96.4,1:49:07.605,126962,0,0,2
2016,19_Circuit of the Americas,Circuit of the Americas,circuit-of-the-americas,2016-09-17,201609171135_Race,4,49,2,Tommy Milner,2:06.027,45.676,47.318,33.033,97.1,1:51:13.632,126027,0,0,2
2016,19_Circuit of the Americas,Circuit of the Americas,circuit-of-the-americas,2016-09-17,201609171135_Race,4,50,2,Tommy Milner,2:06.854,45.733,47.596,33.525,96.4,1:53:20.486,126854,0,0,2
2016,19_Circuit of the Americas,Circuit of the Americas,circuit-of-the-americas,2016-09-17,201609171135_Race,4,51,2,Tommy Milner,2:07.418,46.505,47.611,33.302,96.0,1:55:27.904,127418,0,0,2
2016,19_Circuit of the Americas,Circuit of the Americas,circuit-of-the-americas,2016-09-17,201609171135_Race,4,52,2,Tommy Milner,2:06.306,45.746,47.465,33.095,96.9,1:57:34.210,126306,0,0,2
2016,19_Circuit of the Americas,Circuit of the Americas,circuit-of-the-americas,2016-09-17,201609171135_Race,4,53,2,Tommy Milner,2:06.612,45.721,47.736,33.155,96.6,1:59:40.822,126612,0,0,2
2016,19_Circuit of the Americas,Circuit of the Americas,circuit-of-the-americas,2016-09-17,201609171135_Race,4,54,2,Tommy Milner,2:07.655,46.256,48.227,33.172,95.8,2:01:48.477,127655,0,0,2
2016,19_Circuit of the Americas,Circuit of the Americas,circuit-of-the-americas,2016-09-17,201609171135_Race,4,55,2,Tommy Milner,2:06.573,45.782,47.688,33.103,96.6,2:03:55.050,126573,0,0,2
2016,19_Circuit of the Americas,Circuit of the Americas,circuit-of-the-americas,2016-09-17,201609171135_Race,4,56,2,Tommy Milner,2:07.207,46.243,47.914,33.050,96.2,2:06:02.257,127207,0,0,2
2016,19_Circuit of the Americas,Circuit of the Americas,circuit-of-the-americas,2016-09-17,201609171135_Race,4,57,2,Tommy Milner,2:08.347,46.931,48.060,33.356,95.3,2:08:10.604,128347,0,0,2
2016,19_Circuit of the Americas,Circuit of the Americas,circuit-of-the-americas,2016-09-17,201609171135_Race,4,58,2,Tommy Milner,2:07.591,45.956,47.806,33.829,95.9,2:10:18.195,127591,0,0,2
2016,19_Circuit of the Americas,Circuit of the Americas,circuit-of-the-americas,2016-09-17,201609171135_Race,4,59,2,Tommy Milner,2:07.766,45.831,48.393,33.542,95.8,2:12:25.961,127766,0,0,2
2016,19_Circuit of the Americas,Circuit of the Americas,circuit-of-the-americas,2016-09-17,201609171135_Race,4,60,2,Tommy Milner,2:07.741,46.053,48.315,33.373,95.8,2:14:33.702,127741,0,0,2
2016,19_Circuit of the Americas,Circuit of the Americas,circuit-of-the-americas,2016-09-17,201609171135_Race,4,61,2,Tommy Milner,2:08.869,47.004,48.550,33.315,95.0,2:16:42.571,128869,0,0,2
2016,19_Circuit of the Americas,Circuit of the Americas,circuit-of-the-americas,2016-09-17,201609171135_Race,4,62,2,Tommy Milner,2:07.378,46.111,47.942,33.325,96.0,2:18:49.949,127378,0,0,2
2016,19_Circuit of the Americas,Circuit of the Americas,circuit-of-the-americas,2016-09-17,201609171135_Race,4,63,2,Tommy Milner,2:07.329,46.266,47.722,33.341,96.1,2:20:57.278,127329,0,0,2
2016,19_Circuit of the Americas,Circuit of the Americas,circuit-of-the-americas,2016-09-17,201609171135_Race,4,64,2,Tommy Milner,2:07.493,46.142,47.933,33.418,96.0,2:23:04.771,127493,0,0,2
2016,19_Circuit of the Americas,Circuit of the Americas,circuit-of-the-americas,2016-09-17,201609171135_Race,4,65,2,Tommy Milner,2:07.371,46.119,47.821,33.431,96.1,2:25:12.142,127371,0,0,2
2016,19_Circuit of the Americas,Circuit of the Americas,circuit-of-the-americas,2016-09-17,201609171135_Race,4,66,2,Tommy Milner,2:09.320,46.396,49.094,33.830,94.6,2:27:21.462,129320,0,0,2
2016,19_Circuit of the Americas,Circuit of the Americas,circuit-of-the-americas,2016-09-17,201609171135_Race,4,67,2,Tommy Milner,2:07.516,46.173,47.995,33.348,96.0,2:29:28.978,127516,0,0,2
2016,19_Circuit of the Americas,Circuit of the Americas,circuit-of-the-americas,2016-09-17,201609171135_Race,4,68,2,Tommy Milner,2:08.601,46.606,48.460,33.535,95.1,2:31:37.579,128601,0,0,2
2016,19_Circuit of the Americas,Circuit of the Americas,circuit-of-the-americas,2016-09-17,201609171135_Race,4,69,2,Tommy Milner,2:10.612,47.587,49.350,33.675,93.7,2:33:48.191,130612,0,0,2
2016,19_Circuit of the Americas,Circuit of the Americas,circuit-of-the-americas,2016-09-17,201609171135_Race,4,70,2,Tommy Milner,2:08.139,46.426,48.093,33.620,95.5,2:35:56.330,128139,0,0,2
2016,19_Circuit of the Americas,Circuit of the Americas,circuit-of-the-americas,2016-09-17,201609171135_Race,4,71,2,Tommy Milner,2:08.217,46.382,48.243,33.592,95.4,2:38:04.547,128217,0,0,2
2016,19_Circuit of the Americas,Circuit of the Americas,circuit-of-the-americas,2016-09-17,201609171135_Race,4,72,2,Tommy Milner,2:08.297,46.202,48.474,33.621,95.3,2:40:12.844,128297,0,0,2
2016,19_Circuit of the Americas,Circuit of the Americas,circuit-of-the-americas,2016-09-17,201609171135_Race,4,73,2,Tommy Milner,2:08.687,46.616,48.244,33.827,95.1,2:42:21.531,128687,0,0,2
2016,19_Circuit of the Americas,Circuit of the Americas,circuit-of-the-americas,2016-09-17,201609171135_Race,5,1,2,Christian Fittipaldi,2:03.674,45.679,46.639,31.356,98.9,2:03.674,,,0,3
2016,19_Circuit of the Americas,Circuit of the Americas,circuit-of-the-americas,2016-09-17,201609171135_Race,5,2,2,Christian Fittipaldi,2:01.368,43.770,46.069,31.529,100.8,4:05.042,121368,0,0,3
2016,19_Circuit of the Americas,Circuit of the Americas,circuit-of-the-americas,2016-09-17,201609171135_Race,5,3,2,Christian Fittipaldi,2:01.009,43.506,45.982,31.521,101.1,6:06.051,121009,0,0,3
2016,19_Circuit of the Americas,Circuit of the Americas,circuit-of-the-americas,2016-09-17,201609171135_Race,5,4,2,Christian Fittipaldi,2:00.966,43.660,45.757,31.549,101.1,8:07.017,120966,0,0,3
2016,19_Circuit of the Americas,Circuit of the Americas,circuit-of-the-americas,2016-09-17,201609171135_Race,5,5,2,Christian Fittipaldi,2:01.020,43.431,46.025,31.564,101.1,10:08.037,121020,0,0,3
2016,19_Circuit of the Americas,Circuit of the Americas,circuit-of-the-americas,2016-09-17,201609171135_Race,5,6,2,Christian Fittipaldi,2:01.823,44.116,46.290,31.417,100.4,12:09.860,121823,0,0,3
2016,19_Circuit of the Americas,Circuit of the Americas,circuit-of-the-americas,2016-09-17,201609171135_Race,5,7,2,Christian Fittipaldi,2:16.610,44.249,1:00.608,31.753,89.6,14:26.470,136610,0,0,3
2016,19_Circuit of the Americas,Circuit of the Americas,circuit-of-the-americas,2016-09-17,201609171135_Race,5,8,2,Christian Fittipaldi,2:02.039,44.135,46.436,31.468,100.2,16:28.509,122039,0,0,3
2016,19_Circuit of the Americas,Circuit of the Americas,circuit-of-the-americas,2016-09-17,201609171135_Race,5,9,2,Christian Fittipaldi,2:01.868,43.906,46.454,31.508,100.4,18:30.377,121868,0,0,3
2016,19_Circuit of the Americas,Circuit of the Americas,circuit-of-the-americas,2016-09-17,201609171135_Race,5,10,2,Christian Fittipaldi,2:01.880,43.990,46.287,31.603,100.4,20:32.257,121880,0,0,3
2016,19_Circuit of the Americas,Circuit of the Americas,circuit-of-the-americas,2016-09-17,201609171135_Race,5,11,2,Christian Fittipaldi,2:04.690,45.563,47.329,31.798,98.1,22:36.947,124690,0,0,3
2016,19_Circuit of the Americas,Circuit of the Americas,circuit-of-the-americas,2016-09-17,201609171135_Race,5,12,2,Christian Fittipaldi,2:03.800,45.202,46.768,31.830,98.8,24:40.747,123800,0,0,3
2016,19_Circuit of the Americas,Circuit of the Americas,circuit-of-the-americas,2016-09-17,201609171135_Race,5,13,2,Christian Fittipaldi,2:04.388,44.614,46.632,33.142,98.4,26:45.135,124388,0,0,3
2016,19_Circuit of the Americas,Circuit of the Americas,circuit-of-the-americas,2016-09-17,201609171135_Race,5,14,2,Christian Fittipaldi,2:04.159,45.362,46.620,32.177,98.6,28:49.294,124159,0,0,3
2016,19_Circuit of the Americas,Circuit of the Americas,circuit-of-the-americas,2016-09-17,201609171135_Race,5,15,2,Christian Fittipaldi,2:03.131,44.837,46.531,31.763,99.4,30:52.425,123131,0,0,3
2016,19_Circuit of the Americas,Circuit of the Americas,circuit-of-the-americas,2016-09-17,201609171135_Race,5,16,2,Christian Fittipaldi,2:03.216,44.288,46.688,32.240,99.3,32:55.641,123216,0,0,3
2016,19_Circuit of the Americas,Circuit of the Americas,circuit-of-the-americas,2016-09-17,201609171135_Race,5,17,2,Christian Fittipaldi,2:03.244,44.809,46.656,31.779,99.2,34:58.885,123244,0,0,3
2016,19_Circuit of the Americas,Circuit of the Americas,circuit-of-the-americas,2016-09-17,201609171135_Race,5,18,2,Christian Fittipaldi,2:08.563,46.063,47.788,34.712,95.1,37:07.448,128563,0,0,3
2016,19_Circuit of the Americas,Circuit of the Americas,circuit-of-the-americas,2016-09-17,201609171135_Race,5,19,2,Christian Fittipaldi,3:33.929,1:06.256,1:24.909,1:02.764,57.2,40:41.377,213929,0,1,3
2016,19_Circuit of the Americas,Circuit of the Americas,circuit-of-the-americas,2016-09-17,201609171135_Race,5,20,1,Joao Barbosa,3:32.053,1:27.150,1:21.623,43.280,57.7,44:13.430,212053,0,0,3
2016,19_Circuit of the Americas,Circuit of the Americas,circuit-of-the-americas,2016-09-17,201609171135_Race,5,21,1,Joao Barbosa,3:19.259,1:09.356,1:21.453,48.450,61.4,47:32.689,199259,0,0,3
2016,19_Circuit of the Americas,Circuit of the Americas,circuit-of-the-americas,2016-09-17,201609171135_Race,5,22,1,Joao Barbosa,3:07.058,1:11.777,1:14.115,41.166,65.4,50:39.747,187058,0,0,3
2016,19_Circuit of the Americas,Circuit of the Americas,circuit-of-the-americas,2016-09-17,201609171135_Race,5,23,1,Joao Barbosa,2:10.715,45.004,46.814,38.897,93.6,52:50.462,130715,0,0,3
2016,19_Circuit of the Americas,Circuit of the Americas,circuit-of-the-americas,2016-09-17,201609171135_Race,5,24,1,Joao Barbosa,3:21.426,1:09.231,1:20.191,52.004,60.7,56:11.888,201426,0,0,3
2016,19_Circuit of the Americas,Circuit of the Americas,circuit-of-the-americas,2016-09-17,201609171135_Race,5,25,1,Joao Barbosa,3:00.552,1:05.833,1:11.508,43.211,67.7,59:12.440,180552,0,0,3
2016,19_Circuit of the Americas,Circuit of the Americas,circuit-of-the-americas,2016-09-17,201609171135_Race,5,26,1,Joao Barbosa,2:01.753,44.064,46.308,31.381,100.5,1:01:14.193,121753,0,0,3
2016,19_Circuit of the Americas,Circuit of the Americas,circuit-of-the-americas,2016-09-17,201609171135_Race,5,27,1,Joao Barbosa,2:00.452,43.142,46.044,31.266,101.5,1:03:14.645,120452,0,0,3
2016,19_Circuit of the Americas,Circuit of the Americas,circuit-of-the-americas,2016-09-17,201609171135_Race,5,28,1,Joao Barbosa,2:00.337,43.299,45.935,31.103,101.7,1:05:14.982,120337,0,0,3
2016,19_Circuit of the Americas,Circuit of the Americas,circuit-of-the-americas,2016-09-17,201609171135_Race,5,29,1,Joao Barbosa,2:00.274,43.018,46.000,31.256,101.7,1:07:15.256,120274,0,0,3
2016,19_Circuit of the Americas,Circuit of the Americas,circuit-of-the-americas,2016-09-17,201609171135_Race,5,30,1,Joao Barbosa,2:00.590,43.369,45.908,31.313,101.4,1:09:15.846,120590,0,0,3
2016,19_Circuit of the Americas,Circuit of the Americas,circuit-of-the-americas,2016-09-17,201609171135_Race,5,31,1,Joao Barbosa,2:01.209,43.618,46.174,31.417,100.9,1:11:17.055,121209,0,0,3
2016,19_Circuit of the Americas,Circuit of the Americas,circuit-of-the-americas,2016-09-17,201609171135_Race,5,32,1,Joao Barbosa,2:01.257,43.609,46.104,31.544,100.9,1:13:18.312,121257,0,0,3
2016,19_Circuit of the Americas,Circuit of the Americas,circuit-of-the-americas,2016-09-17,201609171135_Race,5,33,1,Joao Barbosa,2:01.431,43.808,46.075,31.548,100.7,1:15:19.743,121431,0,0,3
2016,19_Circuit of the Americas,Circuit of the Americas,circuit-of-the-americas,2016-09-17,201609171135_Race,5,34,1,Joao Barbosa,2:01.564,43.741,46.255,31.568,100.6,1:17:21.307,121564,0,0,3
2016,19_Circuit of the Americas,Circuit of the Americas,circuit-of-the-americas,2016-09-17,201609171135_Race,5,35,1,Joao Barbosa,2:02.341,43.665,46.498,32.178,100.0,1:19:23.648,122341,0,0,3
2016,19_Circuit of the Americas,Circuit of the Americas,circuit-of-the-americas,2016-09-17,201609171135_Race,5,36,1,Joao Barbosa,2:17.273,46.297,57.285,33.691,89.1,1:21:40.921,137273,0,0,3
2016,19_Circuit of the Americas,Circuit of the Americas,circuit-of-the-americas,2016-09-17,201609171135_Race,5,37,1,Joao Barbosa,2:05.935,45.507,47.550,32.878,97.1,1:23:46.856,125935,0,0,3
2016,19_Circuit of the Americas,Circuit of the Americas,circuit-of-the-americas,2016-09-17,201609171135_Race,5,38,1,Joao Barbosa,2:03.000,44.801,46.685,31.514,99.4,1:25:49.856,123000,0,0,3
2016,19_Circuit of the Americas,Circuit of the Americas,circuit-of-the-americas,2016-09-17,201609171135_Race,5,39,1,Joao Barbosa,2:02.158,44.125,46.537,31.496,100.2,1:27:52.014,122158,0,0,3
2016,19_Circuit of the Americas,Circuit of the Americas,circuit-of-the-americas,2016-09-17,201609171135_Race,5,40,1,Joao Barbosa,2:02.746,44.211,46.943,31.592,99.7,1:29:54.760,122746,0,0,3
2016,19_Circuit of the Americas,Circuit of the Americas,circuit-of-the-americas,2016-09-17,201609171135_Race,5,41,1,Joao Barbosa,2:02.877,44.323,46.614,31.940,99.6,1:31:57.637,122877,0,0,3
2016,19_Circuit of the Americas,Circuit of the Americas,circuit-of-the-americas,2016-09-17,201609171135_Race,5,42,1,Joao Barbosa,2:02.158,44.139,46.357,31.662,100.2,1:33:59.795,122158,0,0,3
2016,19_Circuit of the Americas,Circuit of the Americas,circuit-of-the-americas,2016-09-17,201609171135_Race,5,43,1,Joao Barbosa,2:03.304,44.506,46.795,32.003,99.2,1:36:03.099,123304,0,0,3
2016,19_Circuit of the Americas,Circuit of the Americas,circuit-of-the-americas,2016-09-17,201609171135_Race,5,44,1,Joao Barbosa,2:03.532,44.805,47.118,31.609,99.1,1:38:06.631,123532,0,0,3
2016,19_Circuit of the Americas,Circuit of the Americas,circuit-of-the-americas,2016-09-17,201609171135_Race,5,45,1,Joao Barbosa,2:03.071,44.221,46.789,32.061,99.4,1:40:09.702,123071,0,0,3
2016,19_Circuit of the Americas,Circuit of the Americas,circuit-of-the-americas,2016-09-17,201609171135_Race,5,46,1,Joao Barbosa,2:04.227,44.608,47.612,32.007,98.5,1:42:13.929,124227,0,0,3
2016,19_Circuit of the Americas,Circuit of the Americas,circuit-of-the-americas,2016-09-17,201609171135_Race,5,47,1,Joao Barbosa,2:04.064,45.220,47.032,31.812,98.6,1:44:17.993,124064,0,0,3
2016,19_Circuit of the Americas,Circuit of the Americas,circuit-of-the-americas,2016-09-17,201609171135_Race,5,48,1,Joao Barbosa,2:20.195,44.531,47.478,48.186,87.3,1:46:38.188,140195,0,1,3
2016,19_Circuit of the Americas,Circuit of the Americas,circuit-of-the-americas,2016-09-17,201609171135_Race,5,49,1,Joao Barbosa,2:38.131,1:20.157,46.331,31.643,77.4,1:49:16.319,158131,0,0,3
2016,19_Circuit of the Americas,Circuit of the Americas,circuit-of-the-americas,2016-09-17,201609171135_Race,5,50,1,Joao Barbosa,2:01.884,44.082,46.259,31.543,100.4,1:51:18.203,121884,0,0,3
2016,19_Circuit of the Americas,Circuit of the Americas,circuit-of-the-americas,2016-09-17,201609171135_Race,5,51,1,Joao Barbosa,2:02.740,44.730,46.197,31.813,99.7,1:53:20.943,122740,0,0,3
2016,19_Circuit of the Americas,Circuit of the Americas,circuit-of-the-americas,2016-09-17,201609171135_Race,5,52,1,Joao Barbosa,2:02.799,44.663,46.441,31.695,99.6,1:55:23.742,122799,0,0,3
2016,19_Circuit of the Americas,Circuit of the Americas,circuit-of-the-americas,2016-09-17,201609171135_Race,5,53,1,Joao Barbosa,2:02.281,43.904,46.544,31.833,100.1,1:57:26.023,122281,0,0,3
2016,19_Circuit of the Americas,Circuit of the Americas,circuit-of-the-americas,2016-09-17,201609171135_Race,5,54,1,Joao Barbosa,2:02.592,44.296,46.618,31.678,99.8,1:59:28.615,122592,0,0,3
2016,19_Circuit of the Americas,Circuit of the Americas,circuit-of-the-americas,2016-09-17,201609171135_Race,5,55,1,Joao Barbosa,2:02.170,44.062,46.514,31.594,100.1,2:01:30.785,122170,0,0,3
2016,19_Circuit of the Americas,Circuit of the Americas,circuit-of-the-americas,2016-09-17,201609171135_Race,5,56,1,Joao Barbosa,2:03.018,44.608,46.472,31.938,99.4,2:03:33.803,123018,0,0,3
2016,19_Circuit of the Americas,Circuit of the Americas,circuit-of-the-americas,2016-09-17,201609171135_Race,5,57,1,Joao Barbosa,2:03.593,44.024,46.789,32.780,99.0,2:05:37.396,123593,0,0,3
2016,19_Circuit of the Americas,Circuit of the Americas,circuit-of-the-americas,2016-09-17,201609171135_Race,5,58,1,Joao Barbosa,2:03.271,44.707,46.813,31.751,99.2,2:07:40.667,123271,0,0,3
2016,19_Circuit of the Americas,Circuit of the Americas,circuit-of-the-americas,2016-09-17,201609171135_Race,5,59,1,Joao Barbosa,2:03.294,44.147,46.522,32.625,99.2,2:09:43.961,123294,0,0,3
2016,19_Circuit of the Americas,Circuit of the Americas,circuit-of-the-americas,2016-09-17,201609171135_Race,5,60,1,Joao Barbosa,2:02.564,44.166,46.567,31.831,99.8,2:11:46.525,122564,0,0,3
2016,19_Circuit of the Americas,Circuit of the Americas,circuit-of-the-americas,2016-09-17,201609171135_Race,5,61,1,Joao Barbosa,2:02.871,44.273,46.486,32.112,99.6,2:13:49.396,122871,0,0,3
2016,19_Circuit of the Americas,Circuit of the Americas,circuit-of-the-americas,2016-09-17,201609171135_Race,5,62,1,Joao Barbosa,2:02.913,44.385,46.768,31.760,99.6,2:15:52.309,122913,0,0,3
2016,19_Circuit of the Americas,Circuit of the Americas,circuit-of-the-americas,2016-09-17,201609171135_Race,5,63,1,Joao Barbosa,2:04.107,45.060,46.624,32.423,98.6,2:17:56.416,124107,0,0,3
2016,19_Circuit of the Americas,Circuit of the Americas,circuit-of-the-americas,2016-09-17,201609171135_Race,5,64,1,Joao Barbosa,2:03.096,44.296,46.883,31.917,99.4,2:19:59.512,123096,0,0,3
2016,19_Circuit of the Americas,Circuit of the Americas,circuit-of-the-americas,2016-09-17,201609171135_Race,5,65,1,Joao Barbosa,2:02.701,44.142,46.643,31.916,99.7,2:22:02.213,122701,0,0,3
2016,19_Circuit of the Americas,Circuit of the Americas,circuit-of-the-americas,2016-09-17,201609171135_Race,5,66,1,Joao Barbosa,2:03.297,44.451,46.891,31.955,99.2,2:24:05.510,123297,0,0,3
2016,19_Circuit of the Americas,Circuit of the Americas,circuit-of-the-americas,2016-09-17,201609171135_Race,5,67,1,Joao Barbosa,2:03.490,44.631,46.922,31.937,99.1,2:26:09.000,123490,0,0,3
2016,19_Circuit of the Americas,Circuit of the Americas,circuit-of-the-americas,2016-09-17,201609171135_Race,5,68,1,Joao Barbosa,2:03.390,44.347,46.838,32.205,99.1,2:28:12.390,123390,0,0,3
2016,19_Circuit of the Americas,Circuit of the Americas,circuit-of-the-americas,2016-09-17,201609171135_Race,5,69,1,Joao Barbosa,2:03.577,44.651,46.858,32.068,99.0,2:30:15.967,123577,0,0,3
2016,19_Circuit of the Americas,Circuit of the Americas,circuit-of-the-americas,2016-09-17,201609171135_Race,5,70,1,Joao Barbosa,2:04.321,44.668,47.086,32.567,98.4,2:32:20.288,124321,0,0,3
2016,19_Circuit of the Americas,Circuit of the Americas,circuit-of-the-americas,2016-09-17,201609171135_Race,5,71,1,Joao Barbosa,2:04.931,45.895,47.129,31.907,97.9,2:34:25.219,124931,0,0,3
2016,19_Circuit of the Americas,Circuit of the Americas,circuit-of-the-americas,2016-09-17,201609171135_Race,5,72,1,Joao Barbosa,2:03.054,44.426,46.768,31.860,99.4,2:36:28.273,123054,0,0,3
2016,19_Circuit of the Americas,Circuit of the Americas,circuit-of-the-americas,2016-09-17,201609171135_Race,5,73,1,Joao Barbosa,2:04.600,45.526,47.043,32.031,98.2,2:38:32.873,124600,0,0,3
2016,19_Circuit of the Americas,Circuit of the Americas,circuit-of-the-americas,2016-09-17,201609171135_Race,5,74,1,Joao Barbosa,2:03.793,44.613,47.231,31.949,98.8,2:40:36.666,123793,0,0,3
2016,19_Circuit of the Americas,Circuit of the Americas,circuit-of-the-americas,2016-09-17,201609171135_Race,5,75,1,Joao Barbosa,2:05.666,44.863,47.607,33.196,97.4,2:42:42.332,125666,0,0,3
2016,19_Circuit of the Americas,Circuit of the Americas,circuit-of-the-americas,2016-09-17,201609171135_Race,6,1,2,Andrew Davis,2:42.410,1:17.530,50.192,34.688,75.3,2:42.410,,,0,3
2016,19_Circuit of the Americas,Circuit of the Americas,circuit-of-the-americas,2016-09-17,201609171135_Race,6,2,2,Andrew Davis,2:10.584,47.520,48.570,34.494,93.7,4:52.994,130584,0,0,3
2016,19_Circuit of the Americas,Circuit of the Americas,circuit-of-the-americas,2016-09-17,201609171135_Race,6,3,2,Andrew Davis,2:10.882,47.619,48.710,34.553,93.5,7:03.876,130882,0,0,3
2016,19_Circuit of the Americas,Circuit of the Americas,circuit-of-the-americas,2016-09-17,201609171135_Race,6,4,2,Andrew Davis,2:10.717,47.272,48.865,34.580,93.6,9:14.593,130717,0,0,3
2016,19_Circuit of the Americas,Circuit of the Americas,circuit-of-the-americas,2016-09-17,201609171135_Race,6,5,2,Andrew Davis,2:10.827,47.324,48.852,34.651,93.5,11:25.420,130827,0,0,3
2016,19_Circuit of the Americas,Circuit of the Americas,circuit-of-the-americas,2016-09-17,201609171135_Race,6,6,2,Andrew Davis,2:10.747,46.976,48.753,35.018,93.6,13:36.167,130747,0,0,3
2016,19_Circuit of the Americas,Circuit of the Americas,circuit-of-the-americas,2016-09-17,201609171135_Race,6,7,2,Andrew Davis,2:10.779,47.275,48.729,34.775,93.5,15:46.946,130779,0,0,3
2016,19_Circuit of the Americas,Circuit of the Americas,circuit-of-the-americas,2016-09-17,201609171135_Race,6,8,2,Andrew Davis,2:11.383,47.369,49.069,34.945,93.1,17:58.329,131383,0,0,3
2016,19_Circuit of the Americas,Circuit of the Americas,circuit-of-the-americas,2016-09-17,201609171135_Race,6,9,2,Andrew Davis,2:11.380,47.506,49.064,34.810,93.1,20:09.709,131380,0,0,3
2016,19_Circuit of the Americas,Circuit of the Americas,circuit-of-the-americas,2016-09-17,201609171135_Race,6,10,2,Andrew Davis,2:12.534,48.307,49.416,34.811,92.3,22:22.243,132534,0,0,3
2016,19_Circuit of the Americas,Circuit of the Americas,circuit-of-the-americas,2016-09-17,201609171135_Race,6,11,2,Andrew Davis,2:12.551,47.717,49.748,35.086,92.3,24:34.794,132551,0,0,3
2016,19_Circuit of the Americas,Circuit of the Americas,circuit-of-the-americas,2016-09-17,201609171135_Race,6,12,2,Andrew Davis,2:11.781,47.518,49.166,35.097,92.8,26:46.575,131781,0,0,3
2016,19_Circuit of the Americas,Circuit of the Americas,circuit-of-the-americas,2016-09-17,201609171135_Race,6,13,2,Andrew Davis,2:11.997,47.499,49.316,35.182,92.7,28:58.572,131997,0,0,3
2016,19_Circuit of the Americas,Circuit of the Americas,circuit-of-the-americas,2016-09-17,201609171135_Race,6,14,2,Andrew Davis,2:12.249,48.226,49.136,34.887,92.5,31:10.821,132249,0,0,3
2016,19_Circuit of the Americas,Circuit of the Americas,circuit-of-the-americas,2016-09-17,201609171135_Race,6,15,2,Andrew Davis,2:12.398,47.882,49.431,35.085,92.4,33:23.219,132398,0,0,3
2016,19_Circuit of the Americas,Circuit of the Americas,circuit-of-the-americas,2016-09-17,201609171135_Race,6,16,2,Andrew Davis,2:15.586,47.804,49.885,37.897,90.2,35:38.805,135586,0,0,3
2016,19_Circuit of the Americas,Circuit of the Americas,circuit-of-the-americas,2016-09-17,201609171135_Race,6,17,2,Andrew Davis,2:21.614,52.878,52.592,36.144,86.4,38:00.419,141614,0,0,3
2016,19_Circuit of the Americas,Circuit of the Americas,circuit-of-the-americas,2016-09-17,201609171135_Race,6,18,2,Andrew Davis,2:32.975,50.381,57.936,44.658,80.0,40:33.394,152975,0,0,3
2016,19_Circuit of the Americas,Circuit of the Americas,circuit-of-the-americas,2016-09-17,201609171135_Race,6,19,2,Andrew Davis,4:10.857,1:15.420,1:20.323,1:35.114,48.7,44:44.251,250857,0,1,3
2016,19_Circuit of the Americas,Circuit of the Americas,circuit-of-the-americas,2016-09-17,201609171135_Race,6,20,2,Andrew Davis,3:14.063,1:04.225,1:20.473,49.365,63.0,47:58.314,194063,0,0,3
2016,19_Circuit of the Americas,Circuit of the Americas,circuit-of-the-americas,2016-09-17,201609171135_Race,6,21,2,Andrew Davis,3:02.265,1:10.401,1:16.418,35.446,67.1,51:00.579,182265,0,0,3
2016,19_Circuit of the Americas,Circuit of the Americas,circuit-of-the-americas,2016-09-17,201609171135_Race,6,22,2,Andrew Davis,2:19.105,48.329,50.369,40.407,87.9,53:19.684,139105,0,0,3
2016,19_Circuit of the Americas,Circuit of the Americas,circuit-of-the-americas,2016-09-17,201609171135_Race,6,23,2,Andrew Davis,3:23.903,1:04.084,1:31.816,48.003,60.0,56:43.587,203903,0,0,3
2016,19_Circuit of the Americas,Circuit of the Americas,circuit-of-the-americas,2016-09-17,201609171135_Race,6,24,2,Andrew Davis,2:54.197,1:03.542,1:15.957,34.698,70.2,59:37.784,174197,0,0,3
2016,19_Circuit of the Americas,Circuit of the Americas,circuit-of-the-americas,2016-09-17,201609171135_Race,6,25,2,Andrew Davis,2:10.348,47.042,48.723,34.583,93.8,1:01:48.132,130348,0,0,3
2016,19_Circuit of the Americas,Circuit of the Americas,circuit-of-the-americas,2016-09-17,201609171135_Race,6,26,2,Andrew Davis,2:10.965,46.992,48.586,35.387,93.4,1:03:59.097,130965,0,0,3
2016,19_Circuit of the Americas,Circuit of the Americas,circuit-of-the-americas,2016-09-17,201609171135_Race,6,27,2,Andrew Davis,2:11.760,48.418,48.731,34.611,92.8,1:06:10.857,131760,0,0,3
2016,19_Circuit of the Americas,Circuit of the Americas,circuit-of-the-americas,2016-09-17,201609171135_Race,6,28,2,Andrew Davis,2:11.283,47.308,49.068,34.907,93.2,1:08:22.140,131283,0,0,3
2016,19_Circuit of the Americas,Circuit of the Americas,circuit-of-the-americas,2016-09-17,201609171135_Race,6,29,2,Andrew Davis,2:11.994,47.721,49.314,34.959,92.7,1:10:34.134,131994,0,0,3
2016,19_Circuit of the Americas,Circuit of the Americas,circuit-of-the-americas,2016-09-17,201609171135_Race,6,30,2,Andrew Davis,2:10.708,47.180,48.758,34.770,93.6,1:12:44.842,130708,0,0,3
2016,19_Circuit of the Americas,Circuit of the Americas,circuit-of-the-americas,2016-09-17,201609171135_Race,6,31,2,Andrew Davis,2:11.532,47.553,49.101,34.878,93.0,1:14:56.374,131532,0,0,3
2016,19_Circuit of the Americas,Circuit of the Americas,circuit-of-the-americas,2016-09-17,201609171135_Race,6,32,2,Andrew Davis,2:14.534,48.741,50.932,34.861,90.9,1:17:10.908,134534,0,0,3
2016,19_Circuit of the Americas,Circuit of the Americas,circuit-of-the-americas,2016-09-17,201609171135_Race,6,33,2,Andrew Davis,2:13.134,47.474,50.397,35.263,91.9,1:19:24.042,133134,0,0,3
2016,19_Circuit of the Americas,Circuit of the Americas,circuit-of-the-americas,2016-09-17,201609171135_Race,6,34,2,Andrew Davis,3:04.208,49.505,49.781,1:24.922,66.4,1:22:28.250,184208,0,1,3
2016,19_Circuit of the Americas,Circuit of the Americas,circuit-of-the-americas,2016-09-17,201609171135_Race,6,35,1,Robin Liddell,2:19.194,55.767,48.580,34.847,87.9,1:24:47.444,139194,0,0,3
2016,19_Circuit of the Americas,Circuit of the Americas,circuit-of-the-americas,2016-09-17,201609171135_Race,6,36,1,Robin Liddell,2:09.844,47.321,48.449,34.074,94.2,1:26:57.288,129844,0,0,3
2016,19_Circuit of the Americas,Circuit of the Americas,circuit-of-the-americas,2016-09-17,201609171135_Race,6,37,1,Robin Liddell,2:10.470,47.123,48.919,34.428,93.8,1:29:07.758,130470,0,0,3
2016,19_Circuit of the Americas,Circuit of the Americas,circuit-of-the-americas,2016-09-17,201609171135_Race,6,38,1,Robin Liddell,2:09.760,46.961,48.552,34.247,94.3,1:31:17.518,129760,0,0,3
2016,19_Circuit of the Americas,Circuit of the Americas,circuit-of-the-americas,2016-09-17,201609171135_Race,6,39,1,Robin Liddell,2:10.918,47.507,48.999,34.412,93.5,1:33:28.436,130918,0,0,3
2016,19_Circuit of the Americas,Circuit of the Americas,circuit-of-the-americas,2016-09-17,201609171135_Race,6,40,1,Robin Liddell,2:11.030,47.427,48.956,34.647,93.3,1:35:39.466,131030,0,0,4
2016,19_Circuit of the Americas,Circuit of the Americas,circuit-of-the-americas,2016-09-17,201609171135_Race,6,41,1,Robin Liddell,2:11.800,47.559,49.465,34.776,92.8,1:37:51.266,131800,0,0,4
2016,19_Circuit of the Americas,Circuit of the Americas,circuit-of-the-americas,2016-09-17,201609171135_Race,6,42,1,Robin Liddell,2:13.131,49.005,49.360,34.766,91.9,1:40:04.397,133131,0,0,4
2016,19_Circuit of the Americas,Circuit of the Americas,circuit-of-the-americas,2016-09-17,201609171135_Race,6,43,1,Robin Liddell,2:13.137,48.587,49.896,34.654,91.9,1:42:17.534,133137,0,0,4
2016,19_Circuit of the Americas,Circuit of the Americas,circuit-of-the-americas,2016-09-17,201609171135_Race,6,44,1,Robin Liddell,2:11.892,47.543,49.408,34.941,92.8,1:44:29.426,131892,0,0,4
2016,19_Circuit of the Americas,Circuit of the Americas,circuit-of-the-americas,2016-09-17,201609171135_Race,6,45,1,Robin Liddell,2:11.917,47.856,49.381,34.680,92.7,1:46:41.343,131917,0,0,4
2016,19_Circuit of the Americas,Circuit of the Americas,circuit-of-the-americas,2016-09-17,201609171135_Race,6,46,1,Robin Liddell,2:11.573,47.714,49.235,34.624,93.0,1:48:52.916,131573,0,0,4
2016,19_Circuit of the Americas,Circuit of the Americas,circuit-of-the-americas,2016-09-17,201609171135_Race,6,47,1,Robin Liddell,2:11.740,47.548,49.256,34.936,92.8,1:51:04.656,131740,0,0,4
2016,19_Circuit of the Americas,Circuit of the Americas,circuit-of-the-americas,2016-09-17,201609171135_Race,6,48,1,Robin Liddell,2:11.612,47.750,49.160,34.702,93.0,1:53:16.268,131612,0,0,4
2016,19_Circuit of the Americas,Circuit of the Americas,circuit-of-the-americas,2016-09-17,201609171135_Race,6,49,1,Robin Liddell,2:12.255,47.601,49.583,35.071,92.5,1:55:28.523,132255,0,0,4
2016,19_Circuit of the Americas,Circuit of the Americas,circuit-of-the-americas,2016-09-17,201609171135_Race,6,50,1,Robin Liddell,2:12.877,48.193,49.634,35.050,92.0,1:57:41.400,132877,0,0,4
2016,19_Circuit of the Americas,Circuit of the Americas,circuit-of-the-americas,2016-09-17,201609171135_Race,6,51,1,Robin Liddell,2:54.206,48.005,49.402,1:16.799,70.2,2:00:35.606,174206,0,1,4
2016,19_Circuit of the Americas,Circuit of the Americas,circuit-of-the-americas,2016-09-17,201609171135_Race,6,52,1,Robin Liddell,2:21.189,56.557,49.437,35.195,86.6,2:02:56.795,141189,0,0,4
2016,19_Circuit of the Americas,Circuit of the Americas,circuit-of-the-americas,2016-09-17,201609171135_Race,6,53,1,Robin Liddell,2:10.074,47.086,48.468,34.520,94.0,2:05:06.869,130074,0,0,4
2016,19_Circuit of the Americas,Circuit of the Americas,circuit-of-the-americas,2016-09-17,201609171135_Race,6,54,1,Robin Liddell,2:12.110,47.955,49.133,35.022,92.6,2:07:18.979,132110,0,0,4
2016,19_Circuit of the Americas,Circuit of the Americas,circuit-of-the-americas,2016-09-17,201609171135_Race,6,55,1,Robin Liddell,2:10.222,47.322,48.688,34.212,94.0,2:09:29.201,130222,0,0,4
2016,19_Circuit of the Americas,Circuit of the Americas,circuit-of-the-americas,2016-09-17,201609171135_Race,6,56,1,Robin Liddell,2:10.193,47.078,48.717,34.398,94.0,2:11:39.394,130193,0,0,4
2016,19_Circuit of the Americas,Circuit of the Americas,circuit-of-the-americas,2016-09-17,201609171135_Race,6,57,1,Robin Liddell,2:10.944,47.097,49.087,34.760,93.4,2:13:50.338,130944,0,0,4
2016,19_Circuit of the Americas,Circuit of the Americas,circuit-of-the-americas,2016-09-17,201609171135_Race,6,58,1,Robin Liddell,2:10.754,47.366,48.832,34.556,93.6,2:16:01.092,130754,0,0,4
2016,19_Circuit of the Americas,Circuit of the Americas,circuit-of-the-americas,2016-09-17,201609171135_Race,6,59,1,Robin Liddell,2:10.731,47.181,48.848,34.702,93.6,2:18:11.823,130731,0,0,4
2016,19_Circuit of the Americas,Circuit of the Americas,circuit-of-the-americas,2016-09-17,201609171135_Race,6,60,1,Robin Liddell,2:11.610,47.478,49.723,34.409,93.0,2:20:23.433,131610,0,0,4
2016,19_Circuit of the Americas,Circuit of the Americas,circuit-of-the-americas,2016-09-17,201609171135_Race,6,61,1,Robin Liddell,2:10.725,47.304,48.980,34.441,93.6,2:22:34.158,130725,0,0,4
2016,19_Circuit of the Americas,Circuit of the Americas,circuit-of-the-americas,2016-09-17,201609171135_Race,6,62,1,Robin Liddell,2:13.310,48.817,49.931,34.562,91.8,2:24:47.468,133310,0,0,4
2016,19_Circuit of the Americas,Circuit of the Americas,circuit-of-the-americas,2016-09-17,201609171135_Race,6,63,1,Robin Liddell,2:11.310,47.215,49.079,35.016,93.2,2:26:58.778,131310,0,0,4
2016,19_Circuit of the Americas,Circuit of the Americas,circuit-of-the-americas,2016-09-17,201609171135_Race,6,64,1,Robin Liddell,2:10.997,47.498,48.974,34.525,93.4,2:29:09.775,130997,0,0,4
2016,19_Circuit of the Americas,Circuit of the Americas,circuit-of-the-americas,2016-09-17,201609171135_Race,6,65,1,Robin Liddell,2:10.943,47.526,48.977,34.440,93.4,2:31:20.718,130943,0,0,4
2016,19_Circuit of the Americas,Circuit of the Americas,circuit-of-the-americas,2016-09-17,201609171135_Race,6,66,1,Robin Liddell,2:11.543,47.610,49.363,34.570,93.0,2:33:32.261,131543,0,0,4
2016,19_Circuit of the Americas,Circuit of the Americas,circuit-of-the-americas,2016-09-17,201609171135_Race,6,67,1,Robin Liddell,2:11.315,47.487,49.148,34.680,93.2,2:35:43.576,131315,0,0,4
2016,19_Circuit of the Americas,Circuit of the Americas,circuit-of-the-americas,2016-09-17,201609171135_Race,6,68,1,Robin Liddell,2:11.715,47.429,49.692,34.594,92.9,2:37:55.291,131715,0,0,4
2016,19_Circuit of the Americas,Circuit of the Americas,circuit-of-the-americas,2016-09-17,201609171135_Race,6,69,1,Robin Liddell,2:11.178,47.354,49.197,34.627,93.3,2:40:06.469,131178,0,0,4
2016,19_Circuit of the Americas,Circuit of the Americas,circuit-of-the-americas,2016-09-17,201609171135_Race,6,70,1,Robin Liddell,2:12.818,47.756,49.726,35.336,92.1,2:42:19.287,132818,0,0,4
2016,19_Circuit of the Americas,Circuit of the Americas,circuit-of-the-americas,2016-09-17,201609171135_Race,007,1,1,David Calvert-Jones,2:46.836,1:20.308,51.416,35.112,73.3,2:46.836,,,0,4
2016,19_Circuit of the Americas,Circuit of the Americas,circuit-of-the-americas,2016-09-17,201609171135_Race,007,2,1,David Calvert-Jones,2:12.723,48.401,49.713,34.609,92.2,4:59.559,132723,0,0,4
2016,19_Circuit of the Americas,Circuit of the Americas,circuit-of-the-americas,2016-09-17,201609171135_Race,007,3,1,David Calvert-Jones,2:11.695,47.653,49.191,34.851,92.9,7:11.254,131695,0,0,4
2016,19_Circuit of the Americas,Circuit of the Americas,circuit-of-the-americas,2016-09-17,201609171135_Race,007,4,1,David Calvert-Jones,2:12.182,48.229,49.404,34.549,92.5,9:23.436,132182,0,0,4
2016,19_Circuit of the Americas,Circuit of the Americas,circuit-of-the-americas,2016-09-17,201609171135_Race,007,5,1,David Calvert-Jones,2:11.894,47.848,49.310,34.736,92.8,11:35.330,131894,0,0,4
2016,19_Circuit of the Americas,Circuit of the Americas,circuit-of-the-americas,2016-09-17,201609171135_Race,007,6,1,David Calvert-Jones,2:12.131,48.118,49.342,34.671,92.6,13:47.461,132131,0,0,4
2016,19_Circuit of the Americas,Circuit of the Americas,circuit-of-the-americas,2016-09-17,201609171135_Race,007,7,1,David Calvert-Jones,2:12.085,48.018,49.292,34.775,92.6,15:59.546,132085,0,0,4
2016,19_Circuit of the Americas,Circuit of the Americas,circuit-of-the-americas,2016-09-17,201609171135_Race,007,8,1,David Calvert-Jones,2:14.052,48.692,49.771,35.589,91.2,18:13.598,134052,0,0,4
2016,19_Circuit of the Americas,Circuit of the Americas,circuit-of-the-americas,2016-09-17,201609171135_Race,007,9,1,David Calvert-Jones,2:13.494,48.233,49.776,35.485,91.7,20:27.092,133494,0,0,4
2016,19_Circuit of the Americas,Circuit of the Americas,circuit-of-the-americas,2016-09-17,201609171135_Race,007,10,1,David Calvert-Jones,2:13.535,48.273,50.042,35.220,91.6,22:40.627,133535,0,0,4
2016,19_Circuit of the Americas,Circuit of the Americas,circuit-of-the-americas,2016-09-17,201609171135_Race,007,11,1,David Calvert-Jones,2:13.972,48.439,49.793,35.740,91.3,24:54.599,133972,0,0,4
2016,19_Circuit of the Americas,Circuit of the Americas,circuit-of-the-americas,2016-09-17,201609171135_Race,007,12,1,David Calvert-Jones,2:15.049,49.085,49.832,36.132,90.6,27:09.648,135049,0,0,4
2016,19_Circuit of the Americas,Circuit of the Americas,circuit-of-the-americas,2016-09-17,201609171135_Race,007,13,1,David Calvert-Jones,2:12.719,48.703,49.312,34.704,92.2,29:22.367,132719,0,0,4
2016,19_Circuit of the Americas,Circuit of the Americas,circuit-of-the-americas,2016-09-17,201609171135_Race,007,14,1,David Calvert-Jones,2:12.414,48.284,49.270,34.860,92.4,31:34.781,132414,0,0,4
2016,19_Circuit of the Americas,Circuit of the Americas,circuit-of-the-americas,2016-09-17,201609171135_Race,007,15,1,David Calvert-Jones,2:12.412,47.933,49.637,34.842,92.4,33:47.193,132412,0,0,4
2016,19_Circuit of the Americas,Circuit of the Americas,circuit-of-the-americas,2016-09-17,201609171135_Race,007,16,1,David Calvert-Jones,2:18.374,48.555,51.498,38.321,88.4,36:05.567,138374,0,0,4
2016,19_Circuit of the Americas,Circuit of the Americas,circuit-of-the-americas,2016-09-17,201609171135_Race,007,17,1,David Calvert-Jones,2:20.154,50.630,52.723,36.801,87.3,38:25.721,140154,0,0,4
2016,19_Circuit of the Americas,Circuit of the Americas,circuit-of-the-americas,2016-09-17,201609171135_Race,007,18,1,David Calvert-Jones,2:19.310,51.603,51.735,35.972,87.8,40:45.031,139310,0,0,4
2016,19_Circuit of the Americas,Circuit of the Americas,circuit-of-the-americas,2016-09-17,201609171135_Race,007,19,1,David Calvert-Jones,4:01.374,1:08.385,1:21.086,1:31.903,50.7,44:46.405,241374,0,1,4
2016,19_Circuit of the Americas,Circuit of the Americas,circuit-of-the-americas,2016-09-17,201609171135_Race,007,20,1,David Calvert-Jones,3:55.917,1:04.789,1:20.622,1:30.506,51.8,48:42.322,235917,0,1,4
2016,19_Circuit of the Americas,Circuit of the Americas,circuit-of-the-americas,2016-09-17,201609171135_Race,007,21,2,Ben Barker,2:25.065,58.103,52.453,34.509,84.3,51:07.387,145065,0,0,4
2016,19_Circuit of the Americas,Circuit of the Americas,circuit-of-the-americas,2016-09-17,201609171135_Race,007,22,2,Ben Barker,2:16.220,47.557,50.852,37.811,89.8,53:23.607,136220,0,0,4
2016,19_Circuit of the Americas,Circuit of the Americas,circuit-of-the-americas,2016-09-17,201609171135_Race,007,23,2,Ben Barker,3:25.302,1:04.939,1:37.123,43.240,59.5,56:48.909,205302,0,0,4
2016,19_Circuit of the Americas,Circuit of the Americas,circuit-of-the-americas,2016-09-17,201609171135_Race,007,24,2,Ben Barker,2:53.593,1:03.463,1:15.648,34.482,70.5,59:42.502,173593,0,0,4
2016,19_Circuit of the Americas,Circuit of the Americas,circuit-of-the-americas,2016-09-17,201609171135_Race,007,25,2,Ben Barker,2:09.854,46.985,48.469,34.400,94.2,1:01:52.356,129854,0,0,4
2016,19_Circuit of the Americas,Circuit of the Americas,circuit-of-the-americas,2016-09-17,201609171135_Race,007,26,2,Ben Barker,2:09.415,46.829,48.299,34.287,94.5,1:04:01.771,129415,0,0,4
2016,19_Circuit of the Americas,Circuit of the Americas,circuit-of-the-americas,2016-09-17,201609171135_Race,007,27,2,Ben Barker,2:09.874,46.791,48.795,34.288,94.2,1:06:11.645,129874,0,0,4
2016,19_Circuit of the Americas,Circuit of the Americas,circuit-of-the-americas,2016-09-17,201609171135_Race,007,28,2,Ben Barker,2:10.971,47.132,49.340,34.499,93.4,1:08:22.616,130971,0,0,4
2016,19_Circuit of the Americas,Circuit of the Americas,circuit-of-the-americas,2016-09-17,201609171135_Race,007,29,2,Ben Barker,2:11.751,47.512,49.406,34.833,92.8,1:10:34.367,131751,0,0,4
2016,19_Circuit of the Americas,Circuit of the Americas,circuit-of-the-americas,2016-09-17,201609171135_Race,007,30,2,Ben Barker,2:11.259,47.438,49.259,34.562,93.2,1:12:45.626,131259,0,0,4
2016,19_Circuit of the Americas,Circuit of the Americas,circuit-of-the-americas,2016-09-17,201609171135_Race,007,31,2,Ben Barker,2:11.191,47.398,49.061,34.732,93.3,1:14:56.817,131191,0,0,4
2016,19_Circuit of the Americas,Circuit of the Americas,circuit-of-the-americas,2016-09-17,201609171135_Race,007,32,2,Ben Barker,2:12.811,48.773,49.518,34.520,92.1,1:17:09.628,132811,0,0,4
2016,19_Circuit of the Americas,Circuit of the Americas,circuit-of-the-americas,2016-09-17,201609171135_Race,007,33,2,Ben Barker,2:13.925,47.760,50.108,36.057,91.4,1:19:23.553,133925,0,0,4
2016,19_Circuit of the Americas,Circuit of the Americas,circuit-of-the-americas,2016-09-17,201609171135_Race,007,34,2,Ben Barker,2:14.671,49.631,49.419,35.621,90.9,1:21:38.224,134671,0,0,4
2016,19_Circuit of the Americas,Circuit of the Americas,circuit-of-the-americas,2016-09-17,201609171135_Race,007,35,2,Ben Barker,2:12.744,48.112,49.872,34.760,92.2,1:23:50.968,132744,0,0,4
2016,19_Circuit of the Americas,Circuit of the Americas,circuit-of-the-americas,2016-09-17,201609171135_Race,007,36,2,Ben Barker,2:12.641,48.121,49.199,35.321,92.2,1:26:03.609,132641,0,0,4
2016,19_Circuit of the Americas,Circuit of the Americas,circuit-of-the-americas,2016-09-17,201609171135_Race,007,37,2,Ben Barker,2:11.202,47.882,48.885,34.435,93.2,1:28:14.811,131202,0,0,4
2016,19_Circuit of the Americas,Circuit of the Americas,circuit-of-the-americas,2016-09-17,201609171135_Race,007,38,2,Ben Barker,2:11.105,47.354,49.182,34.569,93.3,1:30:25.916,131105,0,0,4
2016,19_Circuit of the Americas,Circuit of the Americas,circuit-of-the-americas,2016-09-17,201609171135_Race,007,39,2,Ben Barker,2:13.001,47.913,50.478,34.610,92.0,1:32:38.917,133001,0,0,4
2016,19_Circuit of the Americas,Circuit of the Americas,circuit-of-the-americas,2016-09-17,201609171135_Race,007,40,2,Ben Barker,2:12.516,47.602,49.610,35.304,92.3,1:34:51.433,132516,0,0,4
2016,19_Circuit of the Americas,Circuit of the Americas,circuit-of-the-americas,2016-09-17,201609171135_Race,007,41,2,Ben Barker,2:11.877,48.032,49.185,34.660,92.8,1:37:03.310,131877,0,0,4
2016,19_Circuit of the Americas,Circuit of the Americas,circuit-of-the-americas,2016-09-17,201609171135_Race,007,42,2,Ben Barker,2:11.571,47.481,49.154,34.936,93.0,1:39:14.881,131571,0,0,4
2016,19_Circuit of the Americas,Circuit of the Americas,circuit-of-the-americas,2016-09-17,201609171135_Race,007,43,2,Ben Barker,2:12.127,47.803,49.535,34.789,92.6,1:41:27.008,132127,0,0,4
2016,19_Circuit of the Americas,Circuit of the Americas,circuit-of-the-americas,2016-09-17,201609171135_Race,007,44,2,Ben Barker,2:13.004,47.758,50.499,34.747,92.0,1:43:40.012,133004,0,0,4
2016,19_Circuit of the Americas,Circuit of the Americas,circuit-of-the-americas,2016-09-17,201609171135_Race,007,45,2,Ben Barker,2:12.079,47.773,49.382,34.924,92.6,1:45:52.091,132079,0,0,4
2016,19_Circuit of the Americas,Circuit of the Americas,circuit-of-the-americas,2016-09-17,201609171135_Race,007,46,2,Ben Barker,2:12.288,47.848,49.511,34.929,92.5,1:48:04.379,132288,0,0,4
2016,19_Circuit of the Americas,Circuit of the Americas,circuit-of-the-americas,2016-09-17,201609171135_Race,007,47,2,Ben Barker,2:12.666,48.065,49.793,34.808,92.2,1:50:17.045,132666,0,0,4
2016,19_Circuit of the Americas,Circuit of the Americas,circuit-of-the-americas,2016-09-17,201609171135_Race,007,48,2,Ben Barker,3:11.430,48.040,49.869,1:33.521,63.9,1:53:28.475,191430,0,1,4
2016,19_Circuit of the Americas,Circuit of the Americas,circuit-of-the-americas,2016-09-17,201609171135_Race,007,49,2,Ben Barker,2:19.887,56.235,49.375,34.277,87.4,1:55:48.362,139887,0,0,4
2016,19_Circuit of the Americas,Circuit of the Americas,circuit-of-the-americas,2016-09-17,201609171135_Race,007,50,2,Ben Barker,2:09.588,46.972,48.452,34.164,94.4,1:57:57.950,129588,0,0,4
2016,19_Circuit of the Americas,Circuit of the Americas,circuit-of-the-americas,2016-09-17,201609171135_Race,007,51,2,Ben Barker,2:10.356,47.074,49.110,34.172,93.8,2:00:08.306,130356,0,0,4
2016,19_Circuit of the Americas,Circuit of the Americas,circuit-of-the-americas,2016-09-17,201609171135_Race,007,52,2,Ben Barker,2:10.092,47.086,48.610,34.396,94.0,2:02:18.398,130092,0,0,4
2016,19_Circuit of the Americas,Circuit of the Americas,circuit-of-the-americas,2016-09-17,201609171135_Race,007,53,2,Ben Barker,2:09.970,47.041,48.524,34.405,94.1,2:04:28.368,129970,0,0,4
2016,19_Circuit of the Americas,Circuit of the Americas,circuit-of-the-americas,2016-09-17,201609171135_Race,007,54,2,Ben Barker,2:10.135,46.976,48.795,34.364,94.0,2:06:38.503,130135,0,0,4
2016,19_Circuit of the Americas,Circuit of the Americas,circuit-of-the-americas,2016-09-17,201609171135_Race,007,55,2,Ben Barker,2:10.782,47.146,49.117,34.519,93.5,2:08:49.285,130782,0,0,4
2016,19_Circuit of the Americas,Circuit of the Americas,circuit-of-the-americas,2016-09-17,201609171135_Race,007,56,2,Ben Barker,2:11.134,47.577,49.162,34.395,93.3,2:11:00.419,131134,0,0,4
2016,19_Circuit of the Americas,Circuit of the Americas,circuit-of-the-americas,2016-09-17,201609171135_Race,007,57,2,Ben Barker,2:11.136,47.466,49.092,34.578,93.3,2:13:11.555,131136,0,0,4
2016,19_Circuit of the Americas,Circuit of the Americas,circuit-of-the-americas,2016-09-17,201609171135_Race,007,58,2,Ben Barker,2:11.181,47.390,48.896,34.895,93.3,2:15:22.736,131181,0,0,4
2016,19_Circuit of the Americas,Circuit of the Americas,circuit-of-the-americas,2016-09-17,201609171135_Race,007,59,2,Ben Barker,2:12.446,47.578,50.007,34.861,92.3,2:17:35.182,132446,0,0,4
2016,19_Circuit of the Americas,Circuit of the Americas,circuit-of-the-americas,2016-09-17,201609171135_Race,007,60,2,Ben Barker,2:11.984,47.974,49.424,34.586,92.7,2:19:47.166,131984,0,0,4
2016,19_Circuit of the Americas,Circuit of the Americas,circuit-of-the-americas,2016-09-17,201609171135_Race,007,61,2,Ben Barker,2:11.594,47.527,49.525,34.542,93.0,2:21:58.760,131594,0,0,4
2016,19_Circuit of the Americas,Circuit of the Americas,circuit-of-the-americas,2016-09-17,201609171135_Race,007,62,2,Ben Barker,2:11.720,47.619,49.566,34.535,92.8,2:24:10.480,131720,0,0,4
2016,19_Circuit of the Americas,Circuit of the Americas,circuit-of-the-americas,2016-09-17,201609171135_Race,007,63,2,Ben Barker,2:11.584,47.590,49.495,34.499,93.0,2:26:22.064,131584,0,0,4
2016,19_Circuit of the Americas,Circuit of the Americas,circuit-of-the-americas,2016-09-17,201609171135_Race,007,64,2,Ben Barker,2:11.599,47.530,49.516,34.553,93.0,2:28:33.663,131599,0,0,4
2016,19_Circuit of the Americas,Circuit of the Americas,circuit-of-the-americas,2016-09-17,201609171135_Race,007,65,2,Ben Barker,2:11.653,47.450,49.655,34.548,92.9,2:30:45.316,131653,0,0,4
2016,19_Circuit of the Americas,Circuit of the Americas,circuit-of-the-americas,2016-09-17,201609171135_Race,007,66,2,Ben Barker,2:12.613,47.672,49.810,35.131,92.2,2:32:57.929,132613,0,0,4
2016,19_Circuit of the Americas,Circuit of the Americas,circuit-of-the-americas,2016-09-17,201609171135_Race,007,67,2,Ben Barker,2:12.203,47.597,49.764,34.842,92.5,2:35:10.132,132203,0,0,4
2016,19_Circuit of the Americas,Circuit of the Americas,circuit-of-the-americas,2016-09-17,201609171135_Race,007,68,2,Ben Barker,2:14.819,47.893,52.299,34.627,90.7,2:37:24.951,134819,0,0,4
2016,19_Circuit of the Americas,Circuit of the Americas,circuit-of-the-americas,2016-09-17,201609171135_Race,007,69,2,Ben Barker,2:13.976,48.726,49.646,35.604,91.3,2:39:38.927,133976,0,0,4
2016,19_Circuit of the Americas,Circuit of the Americas,circuit-of-the-americas,2016-09-17,201609171135_Race,007,70,2,Ben Barker,2:13.738,49.013,49.759,34.966,91.5,2:41:52.665,133738,0,0,4
2016,19_Circuit of the Americas,Circuit of the Americas,circuit-of-the-americas,2016-09-17,201609171135_Race,007,71,2,Ben Barker,2:12.646,48.146,49.603,34.897,92.2,2:44:05.311,132646,0,0,4
2016,19_Circuit of the Americas,Circuit of the Americas,circuit-of-the-americas,2016-09-17,201609171135_Race,7,1,1,Jose Gutierrez,2:09.218,48.803,47.866,32.549,94.6,2:09.218,,,0,4
2016,19_Circuit of the Americas,Circuit of the Americas,circuit-of-the-americas,2016-09-17,201609171135_Race,7,2,1,Jose Gutierrez,2:04.906,44.804,47.730,32.372,97.9,4:14.124,124906,0,0,4
2016,19_Circuit of the Americas,Circuit of the Americas,circuit-of-the-americas,2016-09-17,201609171135_Race,7,3,1,Jose Gutierrez,2:04.068,44.679,47.092,32.297,98.6,6:18.192,124068,0,0,4
2016,19_Circuit of the Americas,Circuit of the Americas,circuit-of-the-americas,2016-09-17,201609171135_Race,7,4,1,Jose Gutierrez,2:04.188,44.648,47.401,32.139,98.5,8:22.380,124188,0,0,4
2016,19_Circuit of the Americas,Circuit of the Americas,circuit-of-the-americas,2016-09-17,201609171135_Race,7,5,1,Jose Gutierrez,2:03.803,44.736,46.886,32.181,98.8,10:26.183,123803,0,0,4
2016,19_Circuit of the Americas,Circuit of the Americas,circuit-of-the-americas,2016-09-17,201609171135_Race,7,6,1,Jose Gutierrez,2:03.031,44.376,46.707,31.948,99.4,12:29.214,123031,0,0,4
2016,19_Circuit of the Americas,Circuit of the Americas,circuit-of-the-americas,2016-09-17,201609171135_Race,7,7,1,Jose Gutierrez,2:03.202,44.246,46.895,32.061,99.3,14:32.416,123202,0,0,4
2016,19_Circuit of the Americas,Circuit of the Americas,circuit-of-the-americas,2016-09-17,201609171135_Race,7,8,1,Jose Gutierrez,2:03.882,44.579,47.142,32.161,98.7,16:36.298,123882,0,0,4
2016,19_Circuit of the Americas,Circuit of the Americas,circuit-of-the-americas,2016-09-17,201609171135_Race,7,9,1,Jose Gutierrez,2:03.182,44.101,47.069,32.012,99.3,18:39.480,123182,0,0,4
2016,19_Circuit of the Americas,Circuit of the Americas,circuit-of-the-americas,2016-09-17,201609171135_Race,7,10,1,Jose Gutierrez,2:03.497,44.161,47.243,32.093,99.1,20:42.977,123497,0,0,5
2016,19_Circuit of the Americas,Circuit of the Americas,circuit-of-the-americas,2016-09-17,201609171135_Race,7,11,1,Jose Gutierrez,2:03.498,44.228,47.078,32.192,99.1,22:46.475,123498,0,0,5
2016,19_Circuit of the Americas,Circuit of the Americas,circuit-of-the-americas,2016-09-17,201609171135_Race,7,12,1,Jose Gutierrez,2:06.284,45.711,47.586,32.987,96.9,24:52.759,126284,0,0,5
2016,19_Circuit of the Americas,Circuit of the Americas,circuit-of-the-americas,2016-09-17,201609171135_Race,7,13,1,Jose Gutierrez,2:07.051,45.503,47.402,34.146,96.3,26:59.810,127051,0,0,5
2016,19_Circuit of the Americas,Circuit of the Americas,circuit-of-the-americas,2016-09-17,201609171135_Race,7,14,1,Jose Gutierrez,2:05.281,44.758,47.316,33.207,97.6,29:05.091,125281,0,0,5
2016,19_Circuit of the Americas,Circuit of the Americas,circuit-of-the-americas,2016-09-17,201609171135_Race,7,15,1,Jose Gutierrez,2:05.442,45.025,47.591,32.826,97.5,31:10.533,125442,0,0,5
2016,19_Circuit of the Americas,Circuit of the Americas,circuit-of-the-americas,2016-09-17,201609171135_Race,7,16,1,Jose Gutierrez,2:06.752,47.350,47.231,32.171,96.5,33:17.285,126752,0,0,5
2016,19_Circuit of the Americas,Circuit of the Americas,circuit-of-the-americas,2016-09-17,201609171135_Race,7,17,1,Jose Gutierrez,2:10.793,44.813,48.067,37.913,93.5,35:28.078,130793,0,0,5
2016,19_Circuit of the Americas,Circuit of the Americas,circuit-of-the-americas,2016-09-17,201609171135_Race,7,18,1,Jose Gutierrez,2:22.689,51.765,53.271,37.653,85.8,37:50.767,142689,0,0,5
2016,19_Circuit of the Americas,Circuit of the Americas,circuit-of-the-americas,2016-09-17,201609171135_Race,7,19,1,Jose Gutierrez,2:39.372,50.619,1:03.424,45.329,76.8,40:30.139,159372,0,0,5
2016,19_Circuit of the Americas,Circuit of the Americas,circuit-of-the-americas,2016-09-17,201609171135_Race,7,20,1,Jose Gutierrez,3:27.550,1:15.414,1:19.667,52.469,58.9,43:57.689,207550,0,0,5
2016,19_Circuit of the Americas,Circuit of the Americas,circuit-of-the-americas,2016-09-17,201609171135_Race,7,21,1,Jose Gutierrez,3:30.175,1:16.751,1:22.522,50.902,58.2,47:27.864,210175,0,0,5
2016,19_Circuit of the Americas,Circuit of the Americas,circuit-of-the-americas,2016-09-17,201609171135_Race,7,22,1,Jose Gutierrez,3:10.563,1:11.920,1:14.085,44.558,64.2,50:38.427,190563,0,0,5
2016,19_Circuit of the Americas,Circuit of the Americas,circuit-of-the-americas,2016-09-17,201609171135_Race,7,23,1,Jose Gutierrez,2:13.346,45.235,48.395,39.716,91.7,52:51.773,133346,0,0,5
2016,19_Circuit of the Americas,Circuit of the Americas,circuit-of-the-americas,2016-09-17,201609171135_Race,7,24,1,Jose Gutierrez,3:21.011,1:08.475,1:20.771,51.765,60.8,56:12.784,201011,0,0,5
2016,19_Circuit of the Americas,Circuit of the Americas,circuit-of-the-americas,2016-09-17,201609171135_Race,7,25,1,Jose Gutierrez,3:00.235,1:05.747,1:11.436,43.052,67.9,59:13.019,180235,0,0,5
2016,19_Circuit of the Americas,Circuit of the Americas,circuit-of-the-americas,2016-09-17,201609171135_Race,7,26,1,Jose Gutierrez,2:24.454,47.181,48.208,49.065,84.7,1:01:37.473,144454,0,1,5
2016,19_Circuit of the Americas,Circuit of the Americas,circuit-of-the-americas,2016-09-17,201609171135_Race,7,27,2,Gustavo Yacaman,2:53.214,1:33.173,47.509,32.532,70.6,1:04:30.687,173214,0,0,5
2016,19_Circuit of the Americas,Circuit of the Americas,circuit-of-the-americas,2016-09-17,201609171135_Race,7,28,2,Gustavo Yacaman,2:20.297,44.247,47.169,48.881,87.2,1:06:50.984,140297,0,1,5
2016,19_Circuit of the Americas,Circuit of the Americas,circuit-of-the-americas,2016-09-17,201609171135_Race,7,29,2,Gustavo Yacaman,2:10.359,51.786,46.603,31.970,93.8,1:09:01.343,130359,0,0,5
2016,19_Circuit of the Americas,Circuit of the Americas,circuit-of-the-americas,2016-09-17,201609171135_Race,7,30,2,Gustavo Yacaman,2:02.708,43.925,46.676,32.107,99.7,1:11:04.051,122708,0,0,5
2016,19_Circuit of the Americas,Circuit of the Americas,circuit-of-the-americas,2016-09-17,201609171135_Race,7,31,2,Gustavo Yacaman,2:02.684,44.158,46.513,32.013,99.7,1:13:06.735,122684,0,0,5
2016,19_Circuit of the Americas,Circuit of the Americas,circuit-of-the-americas,2016-09-17,201609171135_Race,7,32,2,Gustavo Yacaman,2:04.244,45.223,46.802,32.219,98.4,1:15:10.979,124244,0,0,5
2016,19_Circuit of the Americas,Circuit of the Americas,circuit-of-the-americas,2016-09-17,201609171135_Race,7,33,2,Gustavo Yacaman,2:04.141,44.401,47.047,32.693,98.6,1:17:15.120,124141,0,0,5
2016,19_Circuit of the Americas,Circuit of the Americas,circuit-of-the-americas,2016-09-17,201609171135_Race,7,34,2,Gustavo Yacaman,2:07.450,44.705,48.419,34.326,96.0,1:19:22.570,127450,0,0,5
2016,19_Circuit of the Americas,Circuit of the Americas,circuit-of-the-americas,2016-09-17,201609171135_Race,7,35,2,Gustavo Yacaman,2:06.274,46.217,47.501,32.556,96.9,1:21:28.844,126274,0,0,5
2016,19_Circuit of the Americas,Circuit of the Americas,circuit-of-the-americas,2016-09-17,201609171135_Race,7,36,2,Gustavo Yacaman,2:03.793,44.350,46.950,32.493,98.8,1:23:32.637,123793,0,0,5
2016,19_Circuit of the Americas,Circuit of the Americas,circuit-of-the-americas,2016-09-17,201609171135_Race,7,37,2,Gustavo Yacaman,2:05.374,44.957,47.093,33.324,97.6,1:25:38.011,125374,0,0,5
2016,19_Circuit of the Americas,Circuit of the Americas,circuit-of-the-americas,2016-09-17,201609171135_Race,7,38,2,Gustavo Yacaman,2:05.698,45.875,47.509,32.314,97.3,1:27:43.709,125698,0,0,5
2016,19_Circuit of the Americas,Circuit of the Americas,circuit-of-the-americas,2016-09-17,201609171135_Race,7,39,2,Gustavo Yacaman,2:05.109,45.329,47.202,32.578,97.8,1:29:48.818,125109,0,0,5
2016,19_Circuit of the Americas,Circuit of the Americas,circuit-of-the-americas,2016-09-17,201609171135_Race,7,40,2,Gustavo Yacaman,2:04.567,45.022,47.326,32.219,98.2,1:31:53.385,124567,0,0,5
2016,19_Circuit of the Americas,Circuit of the Americas,circuit-of-the-americas,2016-09-17,201609171135_Race,7,41,2,Gustavo Yacaman,2:04.124,44.554,47.205,32.365,98.6,1:33:57.509,124124,0,0,5
2016,19_Circuit of the Americas,Circuit of the Americas,circuit-of-the-americas,2016-09-17,201609171135_Race,7,42,2,Gustavo Yacaman,2:05.054,45.152,47.375,32.527,97.8,1:36:02.563,125054,0,0,5
2016,19_Circuit of the Americas,Circuit of the Americas,circuit-of-the-americas,2016-09-17,201609171135_Race,7,43,2,Gustavo Yacaman,2:05.645,44.873,48.211,32.561,97.4,1:38:08.208,125645,0,0,5
2016,19_Circuit of the Americas,Circuit of the Americas,circuit-of-the-americas,2016-09-17,201609171135_Race,7,44,2,Gustavo Yacaman,2:04.206,44.536,47.386,32.284,98.5,1:40:12.414,124206,0,0,5
2016,19_Circuit of the Americas,Circuit of the Americas,circuit-of-the-americas,2016-09-17,201609171135_Race,7,45,2,Gustavo Yacaman,2:04.829,44.681,47.441,32.707,98.0,1:42:17.243,124829,0,0,5
2016,19_Circuit of the Americas,Circuit of the Americas,circuit-of-the-americas,2016-09-17,201609171135_Race,7,46,2,Gustavo Yacaman,2:06.196,45.954,47.737,32.505,96.9,1:44:23.439,126196,0,0,5
2016,19_Circuit of the Americas,Circuit of the Americas,circuit-of-the-americas,2016-09-17,201609171135_Race,7,47,2,Gustavo Yacaman,2:05.761,45.739,47.570,32.452,97.3,1:46:29.200,125761,0,0,5
2016,19_Circuit of the Americas,Circuit of the Americas,circuit-of-the-americas,2016-09-17,201609171135_Race,7,48,2,Gustavo Yacaman,2:05.250,45.012,47.805,32.433,97.7,1:48:34.450,125250,0,0,5
2016,19_Circuit of the Americas,Circuit of the Americas,circuit-of-the-americas,2016-09-17,201609171135_Race,7,49,2,Gustavo Yacaman,2:05.368,45.360,47.560,32.448,97.6,1:50:39.818,125368,0,0,5
2016,19_Circuit of the Americas,Circuit of the Americas,circuit-of-the-americas,2016-09-17,201609171135_Race,7,50,2,Gustavo Yacaman,2:05.681,45.192,47.782,32.707,97.3,1:52:45.499,125681,0,0,5
2016,19_Circuit of the Americas,Circuit of the Americas,circuit-of-the-americas,2016-09-17,201609171135_Race,7,51,2,Gustavo Yacaman,2:21.577,44.863,47.719,48.995,86.4,1:55:07.076,141577,0,1,5
2016,19_Circuit of the Americas,Circuit of the Americas,circuit-of-the-americas,2016-09-17,201609171135_Race,7,52,2,Gustavo Yacaman,2:51.165,1:31.961,46.978,32.226,71.5,1:57:58.241,171165,0,0,5
2016,19_Circuit of the Americas,Circuit of the Americas,circuit-of-the-americas,2016-09-17,201609171135_Race,7,53,2,Gustavo Yacaman,2:02.899,44.076,46.711,32.112,99.6,2:00:01.140,122899,0,0,5
2016,19_Circuit of the Americas,Circuit of the Americas,circuit-of-the-americas,2016-09-17,201609171135_Race,7,54,2,Gustavo Yacaman,2:03.598,44.868,46.680,32.050,99.0,2:02:04.738,123598,0,0,5
2016,19_Circuit of the Americas,Circuit of the Americas,circuit-of-the-americas,2016-09-17,201609171135_Race,7,55,2,Gustavo Yacaman,2:02.886,44.265,46.612,32.009,99.6,2:04:07.624,122886,0,0,5
2016,19_Circuit of the Americas,Circuit of the Americas,circuit-of-the-americas,2016-09-17,201609171135_Race,7,56,2,Gustavo Yacaman,2:04.423,44.668,47.443,32.312,98.3,2:06:12.047,124423,0,0,5
2016,19_Circuit of the Americas,Circuit of the Americas,circuit-of-the-americas,2016-09-17,201609171135_Race,7,57,2,Gustavo Yacaman,2:03.954,44.308,46.910,32.736,98.7,2:08:16.001,123954,0,0,5
2016,19_Circuit of the Americas,Circuit of the Americas,circuit-of-the-americas,2016-09-17,201609171135_Race,7,58,2,Gustavo Yacaman,2:05.254,45.634,47.353,32.267,97.7,2:10:21.255,125254,0,0,5
2016,19_Circuit of the Americas,Circuit of the Americas,circuit-of-the-americas,2016-09-17,201609171135_Race,7,59,2,Gustavo Yacaman,2:05.517,45.578,47.417,32.522,97.4,2:12:26.772,125517,0,0,5
2016,19_Circuit of the Americas,Circuit of the Americas,circuit-of-the-americas,2016-09-17,201609171135_Race,7,60,2,Gustavo Yacaman,2:05.976,45.649,47.552,32.775,97.1,2:14:32.748,125976,0,0,5
2016,19_Circuit of the Americas,Circuit of the Americas,circuit-of-the-americas,2016-09-17,201609171135_Race,7,61,2,Gustavo Yacaman,2:04.652,44.996,47.286,32.370,98.1,2:16:37.400,124652,0,0,5
2016,19_Circuit of the Americas,Circuit of the Americas,circuit-of-the-americas,2016-09-17,201609171135_Race,7,62,2,Gustavo Yacaman,2:04.390,44.913,47.138,32.339,98.4,2:18:41.790,124390,0,0,5
2016,19_Circuit of the Americas,Circuit of the Americas,circuit-of-the-americas,2016-09-17,201609171135_Race,7,63,2,Gustavo Yacaman,2:04.452,44.580,47.558,32.314,98.3,2:20:46.242,124452,0,0,5
2016,19_Circuit of the Americas,Circuit of the Americas,circuit-of-the-americas,2016-09-17,201609171135_Race,7,64,2,Gustavo Yacaman,2:04.929,44.973,47.473,32.483,97.9,2:22:51.171,124929,0,0,5
2016,19_Circuit of the Americas,Circuit of the Americas,circuit-of-the-americas,2016-09-17,201609171135_Race,7,65,2,Gustavo Yacaman,2:05.210,45.206,47.225,32.779,97.7,2:24:56.381,125210,0,0,5
2016,19_Circuit of the Americas,Circuit of the Americas,circuit-of-the-americas,2016-09-17,201609171135_Race,7,66,2,Gustavo Yacaman,2:05.074,44.583,48.043,32.448,97.8,2:27:01.455,125074,0,0,5
2016,19_Circuit of the Americas,Circuit of the Americas,circuit-of-the-americas,2016-09-17,201609171135_Race,7,67,2,Gustavo Yacaman,2:05.287,44.979,47.847,32.461,97.6,2:29:06.742,125287,0,0,5
2016,19_Circuit of the Americas,Circuit of the Americas,circuit-of-the-americas,2016-09-17,201609171135_Race,7,68,2,Gustavo Yacaman,2:05.391,44.917,47.792,32.682,97.6,2:31:12.133,125391,0,0,5
2016,19_Circuit of the Americas,Circuit of the Americas,circuit-of-the-americas,2016-09-17,201609171135_Race,7,69,2,Gustavo Yacaman,2:06.367,45.750,47.883,32.734,96.8,2:33:18.500,126367,0,0,5
2016,19_Circuit of the Americas,Circuit of the Americas,circuit-of-the-americas,2016-09-17,201609171135_Race,7,70,2,Gustavo Yacaman,2:06.999,45.703,48.107,33.189,96.3,2:35:25.499,126999,0,0,5
2016,19_Circuit of the Americas,Circuit of the Americas,circuit-of-the-americas,2016-09-17,201609171135_Race,7,71,2,Gustavo Yacaman,2:06.327,45.754,47.865,32.708,96.8,2:37:31.826,126327,0,0,5
2016,19_Circuit of the Americas,Circuit of the Americas,circuit-of-the-americas,2016-09-17,201609171135_Race,7,72,2,Gustavo Yacaman,2:06.663,45.331,48.068,33.264,96.6,2:39:38.489,126663,0,0,5
2016,19_Circuit of the Americas,Circuit of the Americas,circuit-of-the-americas,2016-09-17,201609171135_Race,7,73,2,Gustavo Yacaman,2:05.382,45.187,47.603,32.592,97.6,2:41:43.871,125382,0,0,5
2016,19_Circuit of the Americas,Circuit of the Americas,circuit-of-the-americas,2016-09-17,201609171135_Race,7,74,2,Gustavo Yacaman,2:06.305,45.304,47.897,33.104,96.9,2:43:50.176,126305,0,0,5
2016,19_Circuit of the Americas,Circuit of the Americas,circuit-of-the-americas,2016-09-17,201609171135_Race,8,1,2,Alex Popow,2:08.850,48.469,47.781,32.600,95.0,2:08.850,,,0,5
2016,19_Circuit of the Americas,Circuit of the Americas,circuit-of-the-americas,2016-09-17,201609171135_Race,8,2,2,Alex Popow,2:04.805,44.695,47.711,32.399,98.0,4:13.655,124805,0,0,5
2016,19_Circuit of the Americas,Circuit of the Americas,circuit-of-the-americas,2016-09-17,201609171135_Race,8,3,2,Alex Popow,2:04.073,44.709,47.072,32.292,98.6,6:17.728,124073,0,0,5
2016,19_Circuit of the Americas,Circuit of the Americas,circuit-of-the-americas,2016-09-17,201609171135_Race,8,4,2,Alex Popow,2:04.307,44.741,47.402,32.164,98.4,8:22.035,124307,0,0,5
2016,19_Circuit of the Americas,Circuit of the Americas,circuit-of-the-americas,2016-09-17,201609171135_Race,8,5,2,Alex Popow,2:04.061,44.586,47.009,32.466,98.6,10:26.096,124061,0,0,5
2016,19_Circuit of the Americas,Circuit of the Americas,circuit-of-the-americas,2016-09-17,201609171135_Race,8,6,2,Alex Popow,2:05.406,45.700,47.164,32.542,97.6,12:31.502,125406,0,0,5
2016,19_Circuit of the Americas,Circuit of the Americas,circuit-of-the-americas,2016-09-17,201609171135_Race,8,7,2,Alex Popow,2:04.398,45.131,46.915,32.352,98.3,14:35.900,124398,0,0,5
2016,19_Circuit of the Americas,Circuit of the Americas,circuit-of-the-americas,2016-09-17,201609171135_Race,8,8,2,Alex Popow,2:04.625,45.009,47.205,32.411,98.2,16:40.525,124625,0,0,5
2016,19_Circuit of the Americas,Circuit of the Americas,circuit-of-the-americas,2016-09-17,201609171135_Race,8,9,2,Alex Popow,2:04.613,44.831,47.461,32.321,98.2,18:45.138,124613,0,0,5
2016,19_Circuit of the Americas,Circuit of the Americas,circuit-of-the-americas,2016-09-17,201609171135_Race,8,10,2,Alex Popow,2:05.545,45.429,47.544,32.572,97.4,20:50.683,125545,0,0,5
2016,19_Circuit of the Americas,Circuit of the Americas,circuit-of-the-americas,2016-09-17,201609171135_Race,8,11,2,Alex Popow,2:05.642,45.408,47.623,32.611,97.4,22:56.325,125642,0,0,5
2016,19_Circuit of the Americas,Circuit of the Americas,circuit-of-the-americas,2016-09-17,201609171135_Race,8,12,2,Alex Popow,2:05.281,45.151,47.544,32.586,97.6,25:01.606,125281,0,0,5
2016,19_Circuit of the Americas,Circuit of the Americas,circuit-of-the-americas,2016-09-17,201609171135_Race,8,13,2,Alex Popow,2:06.426,45.240,47.726,33.460,96.8,27:08.032,126426,0,0,5
2016,19_Circuit of the Americas,Circuit of the Americas,circuit-of-the-americas,2016-09-17,201609171135_Race,8,14,2,Alex Popow,2:06.368,46.031,47.598,32.739,96.8,29:14.400,126368,0,0,5
2016,19_Circuit of the Americas,Circuit of the Americas,circuit-of-the-americas,2016-09-17,201609171135_Race,8,15,2,Alex Popow,2:07.031,47.013,47.557,32.461,96.3,31:21.431,127031,0,0,5
2016,19_Circuit of the Americas,Circuit of the Americas,circuit-of-the-americas,2016-09-17,201609171135_Race,8,16,2,Alex Popow,2:06.143,45.809,47.723,32.611,97.0,33:27.574,126143,0,0,5
2016,19_Circuit of the Americas,Circuit of the Americas,circuit-of-the-americas,2016-09-17,201609171135_Race,8,17,2,Alex Popow,2:15.853,45.636,49.357,40.860,90.0,35:43.427,135853,0,0,5
2016,19_Circuit of the Americas,Circuit of the Americas,circuit-of-the-americas,2016-09-17,201609171135_Race,8,18,2,Alex Popow,2:27.922,54.127,56.681,37.114,82.7,38:11.349,147922,0,0,5
2016,19_Circuit of the Americas,Circuit of the Americas,circuit-of-the-americas,2016-09-17,201609171135_Race,8,19,2,Alex Popow,2:33.910,49.010,50.930,53.970,79.5,40:45.259,153910,0,1,5
2016,19_Circuit of the Americas,Circuit of the Americas,circuit-of-the-americas,2016-09-17,201609171135_Race,8,20,2,Alex Popow,3:19.823,1:15.697,1:20.974,43.152,61.2,44:05.082,199823,0,0,5
2016,19_Circuit of the Americas,Circuit of the Americas,circuit-of-the-americas,2016-09-17,201609171135_Race,8,21,2,Alex Popow,3:24.531,1:14.370,1:22.999,47.162,59.8,47:29.613,204531,0,0,5
2016,19_Circuit of the Americas,Circuit of the Americas,circuit-of-the-americas,2016-09-17,201609171135_Race,8,22,2,Alex Popow,3:09.611,1:12.264,1:13.618,43.729,64.5,50:39.224,189611,0,0,5
2016,19_Circuit of the Americas,Circuit of the Americas,circuit-of-the-americas,2016-09-17,201609171135_Race,8,23,2,Alex Popow,2:17.027,48.440,48.188,40.399,89.3,52:56.251,137027,0,0,5
2016,19_Circuit of the Americas,Circuit of the Americas,circuit-of-the-americas,2016-09-17,201609171135_Race,8,24,2,Alex Popow,3:22.196,1:07.142,1:23.019,52.035,60.5,56:18.447,202196,0,0,5
2016,19_Circuit of the Americas,Circuit of the Americas,circuit-of-the-americas,2016-09-17,201609171135_Race,8,25,2,Alex Popow,2:56.036,1:04.229,1:13.177,38.630,69.5,59:14.483,176036,0,0,5
2016,19_Circuit of the Americas,Circuit of the Americas,circuit-of-the-americas,2016-09-17,201609171135_Race,8,26,2,Alex Popow,2:25.011,47.305,48.523,49.183,84.3,1:01:39.494,145011,0,1,5
2016,19_Circuit of the Americas,Circuit of the Americas,circuit-of-the-americas,2016-09-17,201609171135_Race,8,27,1,Renger van der Zande,2:41.257,1:22.086,47.309,31.862,75.9,1:04:20.751,161257,0,0,5
2016,19_Circuit of the Americas,Circuit of the Americas,circuit-of-the-americas,2016-09-17,201609171135_Race,8,28,1,Renger van der Zande,2:02.181,43.815,46.517,31.849,100.1,1:06:22.932,122181,0,0,5
2016,19_Circuit of the Americas,Circuit of the Americas,circuit-of-the-americas,2016-09-17,201609171135_Race,8,29,1,Renger van der Zande,2:02.833,44.436,46.439,31.958,99.6,1:08:25.765,122833,0,0,5
2016,19_Circuit of the Americas,Circuit of the Americas,circuit-of-the-americas,2016-09-17,201609171135_Race,8,30,1,Renger van der Zande,2:05.105,44.891,47.542,32.672,97.8,1:10:30.870,125105,0,0,5
2016,19_Circuit of the Americas,Circuit of the Americas,circuit-of-the-americas,2016-09-17,201609171135_Race,8,31,1,Renger van der Zande,2:04.810,45.800,47.116,31.894,98.0,1:12:35.680,124810,0,0,5
2016,19_Circuit of the Americas,Circuit of the Americas,circuit-of-the-americas,2016-09-17,201609171135_Race,8,32,1,Renger van der Zande,2:02.997,44.090,47.006,31.901,99.5,1:14:38.677,122997,0,0,5
2016,19_Circuit of the Americas,Circuit of the Americas,circuit-of-the-americas,2016-09-17,201609171135_Race,8,33,1,Renger van der Zande,2:02.511,44.146,46.588,31.777,99.9,1:16:41.188,122511,0,0,5
2016,19_Circuit of the Americas,Circuit of the Americas,circuit-of-the-americas,2016-09-17,201609171135_Race,8,34,1,Renger van der Zande,2:03.267,44.315,46.769,32.183,99.2,1:18:44.455,123267,0,0,5
2016,19_Circuit of the Americas,Circuit of the Americas,circuit-of-the-americas,2016-09-17,201609171135_Race,8,35,1,Renger van der Zande,2:03.644,44.103,46.806,32.735,98.9,1:20:48.099,123644,0,0,5
2016,19_Circuit of the Americas,Circuit of the Americas,circuit-of-the-americas,2016-09-17,201609171135_Race,8,36,1,Renger van der Zande,2:04.142,44.530,46.944,32.668,98.6,1:22:52.241,124142,0,0,5
2016,19_Circuit of the Americas,Circuit of the Americas,circuit-of-the-americas,2016-09-17,201609171135_Race,8,37,1,Renger van der Zande,2:04.828,44.716,47.131,32.981,98.0,1:24:57.069,124828,0,0,5
2016,19_Circuit of the Americas,Circuit of the Americas,circuit-of-the-americas,2016-09-17,201609171135_Race,8,38,1,Renger van der Zande,2:03.433,44.627,46.725,32.081,99.1,1:27:00.502,123433,0,0,5
2016,19_Circuit of the Americas,Circuit of the Americas,circuit-of-the-americas,2016-09-17,201609171135_Race,8,39,1,Renger van der Zande,2:03.255,44.492,46.910,31.853,99.2,1:29:03.757,123255,0,0,5
2016,19_Circuit of the Americas,Circuit of the Americas,circuit-of-the-americas,2016-09-17,201609171135_Race,8,40,1,Renger van der Zande,2:04.559,44.811,46.861,32.887,98.2,1:31:08.316,124559,0,0,5
2016,19_Circuit of the Americas,Circuit of the Americas,circuit-of-the-americas,2016-09-17,201609171135_Race,8,41,1,Renger van der Zande,2:03.616,44.579,47.011,32.026,99.0,1:33:11.932,123616,0,0,5
2016,19_Circuit of the Americas,Circuit of the Americas,circuit-of-the-americas,2016-09-17,201609171135_Race,8,42,1,Renger van der Zande,2:03.069,44.183,46.889,31.997,99.4,1:35:15.001,123069,0,0,5
2016,19_Circuit of the Americas,Circuit of the Americas,circuit-of-the-americas,2016-09-17,201609171135_Race,8,43,1,Renger van der Zande,2:04.697,44.690,47.204,32.803,98.1,1:37:19.698,124697,0,0,5
2016,19_Circuit of the Americas,Circuit of the Americas,circuit-of-the-americas,2016-09-17,201609171135_Race,8,44,1,Renger van der Zande,2:04.457,45.034,47.298,32.125,98.3,1:39:24.155,124457,0,0,5
2016,19_Circuit of the Americas,Circuit of the Americas,circuit-of-the-americas,2016-09-17,201609171135_Race,8,45,1,Renger van der Zande,2:05.002,44.748,47.534,32.720,97.9,1:41:29.157,125002,0,0,5
2016,19_Circuit of the Americas,Circuit of the Americas,circuit-of-the-americas,2016-09-17,201609171135_Race,8,46,1,Renger van der Zande,2:05.010,45.632,47.211,32.167,97.9,1:43:34.167,125010,0,0,5
2016,19_Circuit of the Americas,Circuit of the Americas,circuit-of-the-americas,2016-09-17,201609171135_Race,8,47,1,Renger van der Zande,2:04.009,44.596,47.108,32.305,98.6,1:45:38.176,124009,0,0,5
2016,19_Circuit of the Americas,Circuit of the Americas,circuit-of-the-americas,2016-09-17,201609171135_Race,8,48,1,Renger van der Zande,2:04.160,44.735,47.240,32.185,98.6,1:47:42.336,124160,0,0,5
2016,19_Circuit of the Americas,Circuit of the Americas,circuit-of-the-americas,2016-09-17,201609171135_Race,8,49,1,Renger van der Zande,2:20.671,44.536,47.235,48.900,86.9,1:50:03.007,140671,0,1,5
2016,19_Circuit of the Americas,Circuit of the Americas,circuit-of-the-americas,2016-09-17,201609171135_Race,8,50,1,Renger van der Zande,2:39.310,1:20.631,46.724,31.955,76.8,1:52:42.317,159310,0,0,6
2016,19_Circuit of the Americas,Circuit of the Americas,circuit-of-the-americas,2016-09-17,201609171135_Race,8,51,1,Renger van der Zande,2:02.972,44.322,46.729,31.921,99.5,1:54:45.289,122972,0,0,6
2016,19_Circuit of the Americas,Circuit of the Americas,circuit-of-the-americas,2016-09-17,201609171135_Race,8,52,1,Renger van der Zande,2:03.187,44.256,46.622,32.309,99.3,1:56:48.476,123187,0,0,6
2016,19_Circuit of the Americas,Circuit of the Americas,circuit-of-the-americas,2016-09-17,201609171135_Race,8,53,1,Renger van der Zande,2:03.524,44.505,46.997,32.022,99.1,1:58:52.000,123524,0,0,6
2016,19_Circuit of the Americas,Circuit of the Americas,circuit-of-the-americas,2016-09-17,201609171135_Race,8,54,1,Renger van der Zande,2:03.446,44.257,47.181,32.008,99.1,2:00:55.446,123446,0,0,6
2016,19_Circuit of the Americas,Circuit of the Americas,circuit-of-the-americas,2016-09-17,201609171135_Race,8,55,1,Renger van der Zande,2:03.903,44.271,47.032,32.600,98.7,2:02:59.349,123903,0,0,6
2016,19_Circuit of the Americas,Circuit of the Americas,circuit-of-the-americas,2016-09-17,201609171135_Race,8,56,1,Renger van der Zande,2:04.072,44.789,47.313,31.970,98.6,2:05:03.421,124072,0,0,6
2016,19_Circuit of the Americas,Circuit of the Americas,circuit-of-the-americas,2016-09-17,201609171135_Race,8,57,1,Renger van der Zande,2:03.562,44.422,46.852,32.288,99.0,2:07:06.983,123562,0,0,6
2016,19_Circuit of the Americas,Circuit of the Americas,circuit-of-the-americas,2016-09-17,201609171135_Race,8,58,1,Renger van der Zande,2:04.417,45.078,47.102,32.237,98.3,2:09:11.400,124417,0,0,6
2016,19_Circuit of the Americas,Circuit of the Americas,circuit-of-the-americas,2016-09-17,201609171135_Race,8,59,1,Renger van der Zande,2:04.643,45.443,47.098,32.102,98.1,2:11:16.043,124643,0,0,6
2016,19_Circuit of the Americas,Circuit of the Americas,circuit-of-the-americas,2016-09-17,201609171135_Race,8,60,1,Renger van der Zande,2:04.640,44.632,47.808,32.200,98.1,2:13:20.683,124640,0,0,6
2016,19_Circuit of the Americas,Circuit of the Americas,circuit-of-the-americas,2016-09-17,201609171135_Race,8,61,1,Renger van der Zande,2:04.648,45.309,47.064,32.275,98.1,2:15:25.331,124648,0,0,6
2016,19_Circuit of the Americas,Circuit of the Americas,circuit-of-the-americas,2016-09-17,201609171135_Race,8,62,1,Renger van der Zande,2:04.971,45.099,47.458,32.414,97.9,2:17:30.302,124971,0,0,6
2016,19_Circuit of the Americas,Circuit of the Americas,circuit-of-the-americas,2016-09-17,201609171135_Race,8,63,1,Renger van der Zande,2:05.242,44.816,48.094,32.332,97.7,2:19:35.544,125242,0,0,6
2016,19_Circuit of the Americas,Circuit of the Americas,circuit-of-the-americas,2016-09-17,201609171135_Race,8,64,1,Renger van der Zande,2:04.067,44.858,47.034,32.175,98.6,2:21:39.611,124067,0,0,6
2016,19_Circuit of the Americas,Circuit of the Americas,circuit-of-the-americas,2016-09-17,201609171135_Race,8,65,1,Renger van der Zande,2:04.409,44.567,47.093,32.749,98.3,2:23:44.020,124409,0,0,6
2016,19_Circuit of the Americas,Circuit of the Americas,circuit-of-the-americas,2016-09-17,201609171135_Race,8,66,1,Renger van der Zande,2:04.252,44.908,47.130,32.214,98.4,2:25:48.272,124252,0,0,6
2016,19_Circuit of the Americas,Circuit of the Americas,circuit-of-the-americas,2016-09-17,201609171135_Race,8,67,1,Renger van der Zande,2:05.269,45.210,47.566,32.493,97.6,2:27:53.541,125269,0,0,6
2016,19_Circuit of the Americas,Circuit of the Americas,circuit-of-the-americas,2016-09-17,201609171135_Race,8,68,1,Renger van der Zande,2:03.911,44.831,46.973,32.107,98.7,2:29:57.452,123911,0,0,6
2016,19_Circuit of the Americas,Circuit of the Americas,circuit-of-the-americas,2016-09-17,201609171135_Race,8,69,1,Renger van der Zande,2:03.844,44.436,47.043,32.365,98.8,2:32:01.296,123844,0,0,6
2016,19_Circuit of the Americas,Circuit of the Americas,circuit-of-the-americas,2016-09-17,201609171135_Race,8,70,1,Renger van der Zande,2:04.696,45.296,47.090,32.310,98.1,2:34:05.992,124696,0,0,6
2016,19_Circuit of the Americas,Circuit of the Americas,circuit-of-the-americas,2016-09-17,201609171135_Race,8,71,1,Renger van der Zande,2:04.942,45.511,47.245,32.186,97.9,2:36:10.934,124942,0,0,6
2016,19_Circuit of the Americas,Circuit of the Americas,circuit-of-the-americas,2016-09-17,201609171135_Race,8,72,1,Renger van der Zande,2:06.777,46.092,48.359,32.326,96.5,2:38:17.711,126777,0,0,6
2016,19_Circuit of the Americas,Circuit of the Americas,circuit-of-the-americas,2016-09-17,201609171135_Race,8,73,1,Renger van der Zande,2:04.837,45.400,47.140,32.297,98.0,2:40:22.548,124837,0,0,6
2016,19_Circuit of the Americas,Circuit of the Americas,circuit-of-the-americas,2016-09-17,201609171135_Race,8,74,1,Renger van der Zande,2:04.404,44.593,47.483,32.328,98.3,2:42:26.952,124404,0,0,6
2016,19_Circuit of the Americas,Circuit of the Americas,circuit-of-the-americas,2016-09-17,201609171135_Race,9,1,1,Lawson Aschenbach,2:39.993,1:16.237,49.150,34.606,76.4,2:39.993,,,0,6
2016,19_Circuit of the Americas,Circuit of the Americas,circuit-of-the-americas,2016-09-17,201609171135_Race,9,2,1,Lawson Aschenbach,2:10.152,47.152,48.466,34.534,94.0,4:50.145,130152,0,0,6
2016,19_Circuit of the Americas,Circuit of the Americas,circuit-of-the-americas,2016-09-17,201609171135_Race,9,3,1,Lawson Aschenbach,2:09.950,46.966,48.491,34.493,94.1,7:00.095,129950,0,0,6
2016,19_Circuit of the Americas,Circuit of the Americas,circuit-of-the-americas,2016-09-17,201609171135_Race,9,4,1,Lawson Aschenbach,2:10.188,47.054,48.469,34.665,94.0,9:10.283,130188,0,0,6
2016,19_Circuit of the Americas,Circuit of the Americas,circuit-of-the-americas,2016-09-17,201609171135_Race,9,5,1,Lawson Aschenbach,2:09.968,47.134,48.427,34.407,94.1,11:20.251,129968,0,0,6
2016,19_Circuit of the Americas,Circuit of the Americas,circuit-of-the-americas,2016-09-17,201609171135_Race,9,6,1,Lawson Aschenbach,2:09.972,47.027,48.572,34.373,94.1,13:30.223,129972,0,0,6
2016,19_Circuit of the Americas,Circuit of the Americas,circuit-of-the-americas,2016-09-17,201609171135_Race,9,7,1,Lawson Aschenbach,2:10.703,47.208,48.870,34.625,93.6,15:40.926,130703,0,0,6
2016,19_Circuit of the Americas,Circuit of the Americas,circuit-of-the-americas,2016-09-17,201609171135_Race,9,8,1,Lawson Aschenbach,2:10.527,47.396,48.609,34.522,93.7,17:51.453,130527,0,0,6
2016,19_Circuit of the Americas,Circuit of the Americas,circuit-of-the-americas,2016-09-17,201609171135_Race,9,9,1,Lawson Aschenbach,2:11.043,47.905,48.824,34.314,93.3,20:02.496,131043,0,0,6
2016,19_Circuit of the Americas,Circuit of the Americas,circuit-of-the-americas,2016-09-17,201609171135_Race,9,10,1,Lawson Aschenbach,2:10.690,47.194,48.892,34.604,93.6,22:13.186,130690,0,0,6
2016,19_Circuit of the Americas,Circuit of the Americas,circuit-of-the-americas,2016-09-17,201609171135_Race,9,11,1,Lawson Aschenbach,2:11.085,47.612,48.928,34.545,93.3,24:24.271,131085,0,0,6
2016,19_Circuit of the Americas,Circuit of the Americas,circuit-of-the-americas,2016-09-17,201609171135_Race,9,12,1,Lawson Aschenbach,2:11.448,47.594,49.060,34.794,93.1,26:35.719,131448,0,0,6
2016,19_Circuit of the Americas,Circuit of the Americas,circuit-of-the-americas,2016-09-17,201609171135_Race,9,13,1,Lawson Aschenbach,2:11.007,47.429,48.925,34.653,93.4,28:46.726,131007,0,0,6
2016,19_Circuit of the Americas,Circuit of the Americas,circuit-of-the-americas,2016-09-17,201609171135_Race,9,14,1,Lawson Aschenbach,2:11.041,47.350,49.132,34.559,93.3,30:57.767,131041,0,0,6
2016,19_Circuit of the Americas,Circuit of the Americas,circuit-of-the-americas,2016-09-17,201609171135_Race,9,15,1,Lawson Aschenbach,2:11.610,47.418,49.533,34.659,93.0,33:09.377,131610,0,0,6
2016,19_Circuit of the Americas,Circuit of the Americas,circuit-of-the-americas,2016-09-17,201609171135_Race,9,16,1,Lawson Aschenbach,2:12.040,47.619,49.206,35.215,92.7,35:21.417,132040,0,0,6
2016,19_Circuit of the Americas,Circuit of the Americas,circuit-of-the-americas,2016-09-17,201609171135_Race,9,17,1,Lawson Aschenbach,2:18.781,48.942,52.514,37.325,88.1,37:40.198,138781,0,0,6
2016,19_Circuit of the Americas,Circuit of the Americas,circuit-of-the-americas,2016-09-17,201609171135_Race,9,18,1,Lawson Aschenbach,2:47.777,49.188,1:12.721,45.868,72.9,40:27.975,167777,0,0,6
2016,19_Circuit of the Americas,Circuit of the Americas,circuit-of-the-americas,2016-09-17,201609171135_Race,9,19,1,Lawson Aschenbach,4:16.918,1:15.940,1:19.962,1:41.016,47.6,44:44.893,256918,0,1,6
2016,19_Circuit of the Americas,Circuit of the Americas,circuit-of-the-americas,2016-09-17,201609171135_Race,9,20,2,Matt Bell,3:13.965,1:05.844,1:18.898,49.223,63.1,47:58.858,193965,0,0,6
2016,19_Circuit of the Americas,Circuit of the Americas,circuit-of-the-americas,2016-09-17,201609171135_Race,9,21,2,Matt Bell,2:56.884,1:07.112,1:14.540,35.232,69.2,50:55.742,176884,0,0,6
2016,19_Circuit of the Americas,Circuit of the Americas,circuit-of-the-americas,2016-09-17,201609171135_Race,9,22,2,Matt Bell,2:17.343,47.650,48.992,40.701,89.1,53:13.085,137343,0,0,6
2016,19_Circuit of the Americas,Circuit of the Americas,circuit-of-the-americas,2016-09-17,201609171135_Race,9,23,2,Matt Bell,3:23.339,1:04.223,1:28.661,50.455,60.2,56:36.424,203339,0,0,6
2016,19_Circuit of the Americas,Circuit of the Americas,circuit-of-the-americas,2016-09-17,201609171135_Race,9,24,2,Matt Bell,2:57.429,1:04.307,1:17.975,35.147,68.9,59:33.853,177429,0,0,6
2016,19_Circuit of the Americas,Circuit of the Americas,circuit-of-the-americas,2016-09-17,201609171135_Race,9,25,2,Matt Bell,2:11.535,47.591,48.849,35.095,93.0,1:01:45.388,131535,0,0,6
2016,19_Circuit of the Americas,Circuit of the Americas,circuit-of-the-americas,2016-09-17,201609171135_Race,9,26,2,Matt Bell,2:11.309,47.840,48.669,34.800,93.2,1:03:56.697,131309,0,0,6
2016,19_Circuit of the Americas,Circuit of the Americas,circuit-of-the-americas,2016-09-17,201609171135_Race,9,27,2,Matt Bell,2:11.742,48.306,48.808,34.628,92.8,1:06:08.439,131742,0,0,6
2016,19_Circuit of the Americas,Circuit of the Americas,circuit-of-the-americas,2016-09-17,201609171135_Race,9,28,2,Matt Bell,2:11.754,47.295,48.633,35.826,92.8,1:08:20.193,131754,0,0,6
2016,19_Circuit of the Americas,Circuit of the Americas,circuit-of-the-americas,2016-09-17,201609171135_Race,9,29,2,Matt Bell,2:10.986,47.372,48.871,34.743,93.4,1:10:31.179,130986,0,0,6
2016,19_Circuit of the Americas,Circuit of the Americas,circuit-of-the-americas,2016-09-17,201609171135_Race,9,30,2,Matt Bell,2:12.189,48.199,49.290,34.700,92.5,1:12:43.368,132189,0,0,6
2016,19_Circuit of the Americas,Circuit of the Americas,circuit-of-the-americas,2016-09-17,201609171135_Race,9,31,2,Matt Bell,2:11.710,47.191,49.416,35.103,92.9,1:14:55.078,131710,0,0,6
2016,19_Circuit of the Americas,Circuit of the Americas,circuit-of-the-americas,2016-09-17,201609171135_Race,9,32,2,Matt Bell,2:12.733,48.111,49.268,35.354,92.2,1:17:07.811,132733,0,0,6
2016,19_Circuit of the Americas,Circuit of the Americas,circuit-of-the-americas,2016-09-17,201609171135_Race,9,33,2,Matt Bell,2:15.473,49.275,49.947,36.251,90.3,1:19:23.284,135473,0,0,6
2016,19_Circuit of the Americas,Circuit of the Americas,circuit-of-the-americas,2016-09-17,201609171135_Race,9,34,2,Matt Bell,2:52.361,49.643,49.033,1:13.685,71.0,1:22:15.645,172361,0,1,6
2016,19_Circuit of the Americas,Circuit of the Americas,circuit-of-the-americas,2016-09-17,201609171135_Race,9,35,2,Matt Bell,2:20.586,55.165,50.479,34.942,87.0,1:24:36.231,140586,0,0,6
2016,19_Circuit of the Americas,Circuit of the Americas,circuit-of-the-americas,2016-09-17,201609171135_Race,9,36,2,Matt Bell,2:12.179,48.100,49.137,34.942,92.5,1:26:48.410,132179,0,0,6
2016,19_Circuit of the Americas,Circuit of the Americas,circuit-of-the-americas,2016-09-17,201609171135_Race,9,37,2,Matt Bell,2:11.759,47.695,49.104,34.960,92.8,1:29:00.169,131759,0,0,6
2016,19_Circuit of the Americas,Circuit of the Americas,circuit-of-the-americas,2016-09-17,201609171135_Race,9,38,2,Matt Bell,2:12.797,47.861,49.853,35.083,92.1,1:31:12.966,132797,0,0,6
2016,19_Circuit of the Americas,Circuit of the Americas,circuit-of-the-americas,2016-09-17,201609171135_Race,9,39,2,Matt Bell,2:11.991,47.800,49.305,34.886,92.7,1:33:24.957,131991,0,0,6
2016,19_Circuit of the Americas,Circuit of the Americas,circuit-of-the-americas,2016-09-17,201609171135_Race,9,40,2,Matt Bell,2:12.452,48.222,49.381,34.849,92.3,1:35:37.409,132452,0,0,6
2016,19_Circuit of the Americas,Circuit of the Americas,circuit-of-the-americas,2016-09-17,201609171135_Race,9,41,2,Matt Bell,2:13.682,48.525,50.020,35.137,91.5,1:37:51.091,133682,0,0,6
2016,19_Circuit of the Americas,Circuit of the Americas,circuit-of-the-americas,2016-09-17,201609171135_Race,9,42,2,Matt Bell,2:12.633,48.442,49.202,34.989,92.2,1:40:03.724,132633,0,0,6
2016,19_Circuit of the Americas,Circuit of the Americas,circuit-of-the-americas,2016-09-17,201609171135_Race,9,43,2,Matt Bell,2:15.004,48.381,51.088,35.535,90.6,1:42:18.728,135004,0,0,6
2016,19_Circuit of the Americas,Circuit of the Americas,circuit-of-the-americas,2016-09-17,201609171135_Race,9,44,2,Matt Bell,2:12.300,47.864,49.370,35.066,92.5,1:44:31.028,132300,0,0,6
2016,19_Circuit of the Americas,Circuit of the Americas,circuit-of-the-americas,2016-09-17,201609171135_Race,9,45,2,Matt Bell,2:12.561,48.274,49.280,35.007,92.3,1:46:43.589,132561,0,0,6
2016,19_Circuit of the Americas,Circuit of the Americas,circuit-of-the-americas,2016-09-17,201609171135_Race,9,46,2,Matt Bell,2:12.494,47.830,49.551,35.113,92.3,1:48:56.083,132494,0,0,6
2016,19_Circuit of the Americas,Circuit of the Americas,circuit-of-the-americas,2016-09-17,201609171135_Race,9,47,2,Matt Bell,2:12.452,47.948,49.408,35.096,92.3,1:51:08.535,132452,0,0,6
2016,19_Circuit of the Americas,Circuit of the Americas,circuit-of-the-americas,2016-09-17,201609171135_Race,9,48,2,Matt Bell,2:56.326,47.982,49.418,1:18.926,69.4,1:54:04.861,176326,0,1,6
2016,19_Circuit of the Americas,Circuit of the Americas,circuit-of-the-americas,2016-09-17,201609171135_Race,9,49,2,Matt Bell,2:21.538,57.657,49.124,34.757,86.4,1:56:26.399,141538,0,0,6
2016,19_Circuit of the Americas,Circuit of the Americas,circuit-of-the-americas,2016-09-17,201609171135_Race,9,50,2,Matt Bell,2:10.971,47.402,48.651,34.918,93.4,1:58:37.370,130971,0,0,6
2016,19_Circuit of the Americas,Circuit of the Americas,circuit-of-the-americas,2016-09-17,201609171135_Race,9,51,2,Matt Bell,2:11.214,47.375,48.668,35.171,93.2,2:00:48.584,131214,0,0,6
2016,19_Circuit of the Americas,Circuit of the Americas,circuit-of-the-americas,2016-09-17,201609171135_Race,9,52,2,Matt Bell,2:11.845,47.433,49.155,35.257,92.8,2:03:00.429,131845,0,0,6
2016,19_Circuit of the Americas,Circuit of the Americas,circuit-of-the-americas,2016-09-17,201609171135_Race,9,53,2,Matt Bell,2:12.274,47.355,49.413,35.506,92.5,2:05:12.703,132274,0,0,6
2016,19_Circuit of the Americas,Circuit of the Americas,circuit-of-the-americas,2016-09-17,201609171135_Race,9,54,2,Matt Bell,2:11.443,47.639,48.905,34.899,93.1,2:07:24.146,131443,0,0,6
2016,19_Circuit of the Americas,Circuit of the Americas,circuit-of-the-americas,2016-09-17,201609171135_Race,9,55,2,Matt Bell,2:11.372,47.457,49.194,34.721,93.1,2:09:35.518,131372,0,0,6
2016,19_Circuit of the Americas,Circuit of the Americas,circuit-of-the-americas,2016-09-17,201609171135_Race,9,56,2,Matt Bell,2:11.128,47.337,49.066,34.725,93.3,2:11:46.646,131128,0,0,6
2016,19_Circuit of the Americas,Circuit of the Americas,circuit-of-the-americas,2016-09-17,201609171135_Race,9,57,2,Matt Bell,2:12.596,47.986,49.765,34.845,92.3,2:13:59.242,132596,0,0,6
2016,19_Circuit of the Americas,Circuit of the Americas,circuit-of-the-americas,2016-09-17,201609171135_Race,9,58,2,Matt Bell,2:13.514,48.219,49.216,36.079,91.6,2:16:12.756,133514,0,0,6
2016,19_Circuit of the Americas,Circuit of the Americas,circuit-of-the-americas,2016-09-17,201609171135_Race,9,59,2,Matt Bell,2:12.570,48.662,49.129,34.779,92.3,2:18:25.326,132570,0,0,6
2016,19_Circuit of the Americas,Circuit of the Americas,circuit-of-the-americas,2016-09-17,201609171135_Race,9,60,2,Matt Bell,2:12.075,47.678,49.530,34.867,92.6,2:20:37.401,132075,0,0,6
2016,19_Circuit of the Americas,Circuit of the Americas,circuit-of-the-americas,2016-09-17,201609171135_Race,9,61,2,Matt Bell,2:11.787,47.615,49.381,34.791,92.8,2:22:49.188,131787,0,0,6
2016,19_Circuit of the Americas,Circuit of the Americas,circuit-of-the-americas,2016-09-17,201609171135_Race,9,62,2,Matt Bell,2:12.346,48.342,49.155,34.849,92.4,2:25:01.534,132346,0,0,6
2016,19_Circuit of the Americas,Circuit of the Americas,circuit-of-the-americas,2016-09-17,201609171135_Race,9,63,2,Matt Bell,2:11.831,47.585,49.249,34.997,92.8,2:27:13.365,131831,0,0,6
2016,19_Circuit of the Americas,Circuit of the Americas,circuit-of-the-americas,2016-09-17,201609171135_Race,9,64,2,Matt Bell,2:11.666,47.652,49.242,34.772,92.9,2:29:25.031,131666,0,0,6
2016,19_Circuit of the Americas,Circuit of the Americas,circuit-of-the-americas,2016-09-17,201609171135_Race,9,65,2,Matt Bell,2:12.150,47.759,49.655,34.736,92.6,2:31:37.181,132150,0,0,6
2016,19_Circuit of the Americas,Circuit of the Americas,circuit-of-the-americas,2016-09-17,201609171135_Race,9,66,2,Matt Bell,2:13.284,47.820,50.445,35.019,91.8,2:33:50.465,133284,0,0,6
2016,19_Circuit of the Americas,Circuit of the Americas,circuit-of-the-americas,2016-09-17,201609171135_Race,9,67,2,Matt Bell,2:12.338,47.972,49.453,34.913,92.4,2:36:02.803,132338,0,0,6
2016,19_Circuit of the Americas,Circuit of the Americas,circuit-of-the-americas,2016-09-17,201609171135_Race,9,68,2,Matt Bell,2:12.800,48.511,49.448,34.841,92.1,2:38:15.603,132800,0,0,6
2016,19_Circuit of the Americas,Circuit of the Americas,circuit-of-the-americas,2016-09-17,201609171135_Race,9,69,2,Matt Bell,2:13.502,48.593,49.963,34.946,91.7,2:40:29.105,133502,0,0,6
2016,19_Circuit of the Americas,Circuit of the Americas,circuit-of-the-americas,2016-09-17,201609171135_Race,9,70,2,Matt Bell,2:12.720,48.062,49.379,35.279,92.2,2:42:41.825,132720,0,0,6
2016,19_Circuit of the Americas,Circuit of the Americas,circuit-of-the-americas,2016-09-17,201609171135_Race,10,1,1,Ricky Taylor,2:01.355,44.203,45.907,31.245,100.8,2:01.355,,,0,6
2016,19_Circuit of the Americas,Circuit of the Americas,circuit-of-the-americas,2016-09-17,201609171135_Race,10,2,1,Ricky Taylor,2:01.098,43.694,46.139,31.265,101.0,4:02.453,121098,0,0,6
2016,19_Circuit of the Americas,Circuit of the Americas,circuit-of-the-americas,2016-09-17,201609171135_Race,10,3,1,Ricky Taylor,2:00.240,43.277,45.718,31.245,101.7,6:02.693,120240,0,0,6
2016,19_Circuit of the Americas,Circuit of the Americas,circuit-of-the-americas,2016-09-17,201609171135_Race,10,4,1,Ricky Taylor,1:59.721,43.050,45.657,31.014,102.2,8:02.414,119721,0,0,6
2016,19_Circuit of the Americas,Circuit of the Americas,circuit-of-the-americas,2016-09-17,201609171135_Race,10,5,1,Ricky Taylor,1:59.952,43.132,45.725,31.095,102.0,10:02.366,119952,0,0,6
2016,19_Circuit of the Americas,Circuit of the Americas,circuit-of-the-americas,2016-09-17,201609171135_Race,10,6,1,Ricky Taylor,2:00.164,43.084,45.888,31.192,101.8,12:02.530,120164,0,0,6
2016,19_Circuit of the Americas,Circuit of the Americas,circuit-of-the-americas,2016-09-17,201609171135_Race,10,7,1,Ricky Taylor,2:00.209,43.164,45.849,31.196,101.8,14:02.739,120209,0,0,6
2016,19_Circuit of the Americas,Circuit of the Americas,circuit-of-the-americas,2016-09-17,201609171135_Race,10,8,1,Ricky Taylor,2:00.509,43.165,46.154,31.190,101.5,16:03.248,120509,0,0,6
2016,19_Circuit of the Americas,Circuit of the Americas,circuit-of-the-americas,2016-09-17,201609171135_Race,10,9,1,Ricky Taylor,2:02.518,44.054,46.144,32.320,99.9,18:05.766,122518,0,0,6
2016,19_Circuit of the Americas,Circuit of the Americas,circuit-of-the-americas,2016-09-17,201609171135_Race,10,10,1,Ricky Taylor,2:03.037,44.079,46.614,32.344,99.4,20:08.803,123037,0,0,6
2016,19_Circuit of the Americas,Circuit of the Americas,circuit-of-the-americas,2016-09-17,201609171135_Race,10,11,1,Ricky Taylor,2:01.707,43.670,46.500,31.537,100.5,22:10.510,121707,0,0,6
2016,19_Circuit of the Americas,Circuit of the Americas,circuit-of-the-americas,2016-09-17,201609171135_Race,10,12,1,Ricky Taylor,2:02.387,43.370,46.678,32.339,100.0,24:12.897,122387,0,0,6
2016,19_Circuit of the Americas,Circuit of the Americas,circuit-of-the-americas,2016-09-17,201609171135_Race,10,13,1,Ricky Taylor,2:01.084,43.468,46.016,31.600,101.0,26:13.981,121084,0,0,6
2016,19_Circuit of the Americas,Circuit of the Americas,circuit-of-the-americas,2016-09-17,201609171135_Race,10,14,1,Ricky Taylor,2:01.083,43.412,46.294,31.377,101.0,28:15.064,121083,0,0,6
2016,19_Circuit of the Americas,Circuit of the Americas,circuit-of-the-americas,2016-09-17,201609171135_Race,10,15,1,Ricky Taylor,2:01.610,43.370,46.400,31.840,100.6,30:16.674,121610,0,0,6
2016,19_Circuit of the Americas,Circuit of the Americas,circuit-of-the-americas,2016-09-17,201609171135_Race,10,16,1,Ricky Taylor,2:01.188,43.876,46.058,31.254,100.9,32:17.862,121188,0,0,7
2016,19_Circuit of the Americas,Circuit of the Americas,circuit-of-the-americas,2016-09-17,201609171135_Race,10,17,1,Ricky Taylor,2:01.236,43.639,46.345,31.252,100.9,34:19.098,121236,0,0,7
2016,19_Circuit of the Americas,Circuit of the Americas,circuit-of-the-americas,2016-09-17,201609171135_Race,10,18,1,Ricky Taylor,2:36.240,45.738,59.389,51.113,78.3,36:55.338,156240,0,0,7
2016,19_Circuit of the Americas,Circuit of the Americas,circuit-of-the-americas,2016-09-17,201609171135_Race,10,19,1,Ricky Taylor,4:07.671,1:13.309,1:24.291,1:30.071,49.3,41:03.009,247671,0,1,7
2016,19_Circuit of the Americas,Circuit of the Americas,circuit-of-the-americas,2016-09-17,201609171135_Race,10,20,2,Jordan Taylor,3:06.615,1:02.008,1:19.599,45.008,65.6,44:09.624,186615,0,0,7
2016,19_Circuit of the Americas,Circuit of the Americas,circuit-of-the-americas,2016-09-17,201609171135_Race,10,21,2,Jordan Taylor,3:21.462,1:11.565,1:22.066,47.831,60.7,47:31.086,201462,0,0,7
2016,19_Circuit of the Americas,Circuit of the Americas,circuit-of-the-americas,2016-09-17,201609171135_Race,10,22,2,Jordan Taylor,3:08.176,1:11.793,1:14.373,42.010,65.0,50:39.262,188176,0,0,7
2016,19_Circuit of the Americas,Circuit of the Americas,circuit-of-the-americas,2016-09-17,201609171135_Race,10,23,2,Jordan Taylor,2:07.902,44.540,46.510,36.852,95.6,52:47.164,127902,0,0,7
2016,19_Circuit of the Americas,Circuit of the Americas,circuit-of-the-americas,2016-09-17,201609171135_Race,10,24,2,Jordan Taylor,3:23.336,1:11.834,1:19.879,51.623,60.2,56:10.500,203336,0,0,7
2016,19_Circuit of the Americas,Circuit of the Americas,circuit-of-the-americas,2016-09-17,201609171135_Race,10,25,2,Jordan Taylor,3:01.592,1:06.264,1:11.629,43.699,67.4,59:12.092,181592,0,0,7
2016,19_Circuit of the Americas,Circuit of the Americas,circuit-of-the-americas,2016-09-17,201609171135_Race,10,26,2,Jordan Taylor,2:01.318,43.957,46.158,31.203,100.9,1:01:13.410,121318,0,0,7
2016,19_Circuit of the Americas,Circuit of the Americas,circuit-of-the-americas,2016-09-17,201609171135_Race,10,27,2,Jordan Taylor,2:00.461,43.320,45.900,31.241,101.5,1:03:13.871,120461,0,0,7
2016,19_Circuit of the Americas,Circuit of the Americas,circuit-of-the-americas,2016-09-17,201609171135_Race,10,28,2,Jordan Taylor,1:59.805,42.915,45.798,31.092,102.1,1:05:13.676,119805,0,0,7
2016,19_Circuit of the Americas,Circuit of the Americas,circuit-of-the-americas,2016-09-17,201609171135_Race,10,29,2,Jordan Taylor,1:59.812,43.150,45.662,31.000,102.1,1:07:13.488,119812,0,0,7
2016,19_Circuit of the Americas,Circuit of the Americas,circuit-of-the-americas,2016-09-17,201609171135_Race,10,30,2,Jordan Taylor,1:59.840,43.068,45.625,31.147,102.1,1:09:13.328,119840,0,0,7
2016,19_Circuit of the Americas,Circuit of the Americas,circuit-of-the-americas,2016-09-17,201609171135_Race,10,31,2,Jordan Taylor,2:00.464,43.199,46.002,31.263,101.5,1:11:13.792,120464,0,0,7
2016,19_Circuit of the Americas,Circuit of the Americas,circuit-of-the-americas,2016-09-17,201609171135_Race,10,32,2,Jordan Taylor,2:01.052,43.634,46.157,31.261,101.0,1:13:14.844,121052,0,0,7
2016,19_Circuit of the Americas,Circuit of the Americas,circuit-of-the-americas,2016-09-17,201609171135_Race,10,33,2,Jordan Taylor,2:00.639,43.335,45.833,31.471,101.4,1:15:15.483,120639,0,0,7
2016,19_Circuit of the Americas,Circuit of the Americas,circuit-of-the-americas,2016-09-17,201609171135_Race,10,34,2,Jordan Taylor,2:01.003,43.649,46.039,31.315,101.1,1:17:16.486,121003,0,0,7
2016,19_Circuit of the Americas,Circuit of the Americas,circuit-of-the-americas,2016-09-17,201609171135_Race,10,35,2,Jordan Taylor,2:05.370,43.857,47.508,34.005,97.6,1:19:21.856,125370,0,0,7
2016,19_Circuit of the Americas,Circuit of the Americas,circuit-of-the-americas,2016-09-17,201609171135_Race,10,36,2,Jordan Taylor,2:03.653,44.943,47.170,31.540,98.9,1:21:25.509,123653,0,0,7
2016,19_Circuit of the Americas,Circuit of the Americas,circuit-of-the-americas,2016-09-17,201609171135_Race,10,37,2,Jordan Taylor,2:01.880,43.708,46.721,31.451,100.4,1:23:27.389,121880,0,0,7
2016,19_Circuit of the Americas,Circuit of the Americas,circuit-of-the-americas,2016-09-17,201609171135_Race,10,38,2,Jordan Taylor,2:04.076,44.909,46.737,32.430,98.6,1:25:31.465,124076,0,0,7
2016,19_Circuit of the Americas,Circuit of the Americas,circuit-of-the-americas,2016-09-17,201609171135_Race,10,39,2,Jordan Taylor,2:01.800,44.317,46.327,31.156,100.4,1:27:33.265,121800,0,0,7
2016,19_Circuit of the Americas,Circuit of the Americas,circuit-of-the-americas,2016-09-17,201609171135_Race,10,40,2,Jordan Taylor,2:00.735,43.430,45.993,31.312,101.4,1:29:34.000,120735,0,0,7
2016,19_Circuit of the Americas,Circuit of the Americas,circuit-of-the-americas,2016-09-17,201609171135_Race,10,41,2,Jordan Taylor,2:00.942,43.333,46.271,31.338,101.2,1:31:34.942,120942,0,0,7
2016,19_Circuit of the Americas,Circuit of the Americas,circuit-of-the-americas,2016-09-17,201609171135_Race,10,42,2,Jordan Taylor,2:01.486,43.883,46.192,31.411,100.7,1:33:36.428,121486,0,0,7
2016,19_Circuit of the Americas,Circuit of the Americas,circuit-of-the-americas,2016-09-17,201609171135_Race,10,43,2,Jordan Taylor,2:02.100,44.439,46.161,31.500,100.2,1:35:38.528,122100,0,0,7
2016,19_Circuit of the Americas,Circuit of the Americas,circuit-of-the-americas,2016-09-17,201609171135_Race,10,44,2,Jordan Taylor,2:03.109,44.945,46.465,31.699,99.4,1:37:41.637,123109,0,0,7
2016,19_Circuit of the Americas,Circuit of the Americas,circuit-of-the-americas,2016-09-17,201609171135_Race,10,45,2,Jordan Taylor,2:01.639,43.739,46.524,31.376,100.5,1:39:43.276,121639,0,0,7
2016,19_Circuit of the Americas,Circuit of the Americas,circuit-of-the-americas,2016-09-17,201609171135_Race,10,46,2,Jordan Taylor,2:02.952,44.440,46.328,32.184,99.5,1:41:46.228,122952,0,0,7
2016,19_Circuit of the Americas,Circuit of the Americas,circuit-of-the-americas,2016-09-17,201609171135_Race,10,47,2,Jordan Taylor,2:02.706,44.898,46.386,31.422,99.7,1:43:48.934,122706,0,0,7
2016,19_Circuit of the Americas,Circuit of the Americas,circuit-of-the-americas,2016-09-17,201609171135_Race,10,48,2,Jordan Taylor,2:02.287,43.727,46.392,32.168,100.1,1:45:51.221,122287,0,0,7
2016,19_Circuit of the Americas,Circuit of the Americas,circuit-of-the-americas,2016-09-17,201609171135_Race,10,49,2,Jordan Taylor,2:45.379,43.659,46.551,1:15.169,74.0,1:48:36.600,165379,0,1,7
2016,19_Circuit of the Americas,Circuit of the Americas,circuit-of-the-americas,2016-09-17,201609171135_Race,10,50,2,Jordan Taylor,2:11.892,53.590,46.702,31.600,92.8,1:50:48.492,131892,0,0,7
2016,19_Circuit of the Americas,Circuit of the Americas,circuit-of-the-americas,2016-09-17,201609171135_Race,10,51,2,Jordan Taylor,2:01.497,44.310,45.849,31.338,100.7,1:52:49.989,121497,0,0,7
2016,19_Circuit of the Americas,Circuit of the Americas,circuit-of-the-americas,2016-09-17,201609171135_Race,10,52,2,Jordan Taylor,2:02.328,44.570,45.988,31.770,100.0,1:54:52.317,122328,0,0,7
2016,19_Circuit of the Americas,Circuit of the Americas,circuit-of-the-americas,2016-09-17,201609171135_Race,10,53,2,Jordan Taylor,2:00.273,42.991,45.818,31.464,101.7,1:56:52.590,120273,0,0,7
2016,19_Circuit of the Americas,Circuit of the Americas,circuit-of-the-americas,2016-09-17,201609171135_Race,10,54,2,Jordan Taylor,2:00.527,43.172,45.959,31.396,101.5,1:58:53.117,120527,0,0,7
2016,19_Circuit of the Americas,Circuit of the Americas,circuit-of-the-americas,2016-09-17,201609171135_Race,10,55,2,Jordan Taylor,2:01.332,43.618,46.291,31.423,100.9,2:00:54.449,121332,0,0,7
2016,19_Circuit of the Americas,Circuit of the Americas,circuit-of-the-americas,2016-09-17,201609171135_Race,10,56,2,Jordan Taylor,2:11.169,43.590,46.064,41.515,93.3,2:03:05.618,131169,0,0,7
2016,19_Circuit of the Americas,Circuit of the Americas,circuit-of-the-americas,2016-09-17,201609171135_Race,10,57,2,Jordan Taylor,2:03.191,44.388,46.692,32.111,99.3,2:05:08.809,123191,0,0,7
2016,19_Circuit of the Americas,Circuit of the Americas,circuit-of-the-americas,2016-09-17,201609171135_Race,10,58,2,Jordan Taylor,2:03.975,45.354,46.772,31.849,98.7,2:07:12.784,123975,0,0,7
2016,19_Circuit of the Americas,Circuit of the Americas,circuit-of-the-americas,2016-09-17,201609171135_Race,10,59,2,Jordan Taylor,2:02.358,43.966,46.840,31.552,100.0,2:09:15.142,122358,0,0,7
2016,19_Circuit of the Americas,Circuit of the Americas,circuit-of-the-americas,2016-09-17,201609171135_Race,10,60,2,Jordan Taylor,2:02.448,43.937,46.446,32.065,99.9,2:11:17.590,122448,0,0,7
2016,19_Circuit of the Americas,Circuit of the Americas,circuit-of-the-americas,2016-09-17,201609171135_Race,10,61,2,Jordan Taylor,2:01.981,43.769,46.777,31.435,100.3,2:13:19.571,121981,0,0,7
2016,19_Circuit of the Americas,Circuit of the Americas,circuit-of-the-americas,2016-09-17,201609171135_Race,10,62,2,Jordan Taylor,2:01.664,43.605,46.174,31.885,100.5,2:15:21.235,121664,0,0,7
2016,19_Circuit of the Americas,Circuit of the Americas,circuit-of-the-americas,2016-09-17,201609171135_Race,10,63,2,Jordan Taylor,2:02.063,43.944,46.378,31.741,100.2,2:17:23.298,122063,0,0,7
2016,19_Circuit of the Americas,Circuit of the Americas,circuit-of-the-americas,2016-09-17,201609171135_Race,10,64,2,Jordan Taylor,2:01.404,43.563,46.192,31.649,100.8,2:19:24.702,121404,0,0,7
2016,19_Circuit of the Americas,Circuit of the Americas,circuit-of-the-americas,2016-09-17,201609171135_Race,10,65,2,Jordan Taylor,2:03.477,44.194,47.030,32.253,99.1,2:21:28.179,123477,0,0,7
2016,19_Circuit of the Americas,Circuit of the Americas,circuit-of-the-americas,2016-09-17,201609171135_Race,10,66,2,Jordan Taylor,2:03.049,44.205,46.640,32.204,99.4,2:23:31.228,123049,0,0,7
2016,19_Circuit of the Americas,Circuit of the Americas,circuit-of-the-americas,2016-09-17,201609171135_Race,10,67,2,Jordan Taylor,2:02.948,44.848,46.375,31.725,99.5,2:25:34.176,122948,0,0,7
2016,19_Circuit of the Americas,Circuit of the Americas,circuit-of-the-americas,2016-09-17,201609171135_Race,10,68,2,Jordan Taylor,2:04.072,44.693,47.472,31.907,98.6,2:27:38.248,124072,0,0,7
2016,19_Circuit of the Americas,Circuit of the Americas,circuit-of-the-americas,2016-09-17,201609171135_Race,10,69,2,Jordan Taylor,2:01.698,43.885,46.397,31.416,100.5,2:29:39.946,121698,0,0,7
2016,19_Circuit of the Americas,Circuit of the Americas,circuit-of-the-americas,2016-09-17,201609171135_Race,10,70,2,Jordan Taylor,2:01.955,43.777,46.601,31.577,100.3,2:31:41.901,121955,0,0,7
2016,19_Circuit of the Americas,Circuit of the Americas,circuit-of-the-americas,2016-09-17,201609171135_Race,10,71,2,Jordan Taylor,2:02.514,44.114,46.871,31.529,99.9,2:33:44.415,122514,0,0,7
2016,19_Circuit of the Americas,Circuit of the Americas,circuit-of-the-americas,2016-09-17,201609171135_Race,10,72,2,Jordan Taylor,2:02.278,43.960,46.648,31.670,100.1,2:35:46.693,122278,0,0,7
2016,19_Circuit of the Americas,Circuit of the Americas,circuit-of-the-americas,2016-09-17,201609171135_Race,10,73,2,Jordan Taylor,2:02.774,44.208,46.710,31.856,99.6,2:37:49.467,122774,0,0,7
2016,19_Circuit of the Americas,Circuit of the Americas,circuit-of-the-americas,2016-09-17,201609171135_Race,10,74,2,Jordan Taylor,2:02.003,43.734,46.477,31.792,100.3,2:39:51.470,122003,0,0,7
2016,19_Circuit of the Americas,Circuit of the Americas,circuit-of-the-americas,2016-09-17,201609171135_Race,10,75,2,Jordan Taylor,2:03.606,44.164,47.260,32.182,99.0,2:41:55.076,123606,0,0,7
2016,19_Circuit of the Americas,Circuit of the Americas,circuit-of-the-americas,2016-09-17,201609171135_Race,16,1,1,Corey Lewis,2:44.313,1:18.543,50.434,35.336,74.5,2:44.313,,,0,7
2016,19_Circuit of the Americas,Circuit of the Americas,circuit-of-the-americas,2016-09-17,201609171135_Race,16,2,1,Corey Lewis,2:11.632,47.965,48.806,34.861,92.9,4:55.945,131632,0,0,7
2016,19_Circuit of the Americas,Circuit of the Americas,circuit-of-the-americas,2016-09-17,201609171135_Race,16,3,1,Corey Lewis,2:11.028,47.597,48.557,34.874,93.3,7:06.973,131028,0,0,7
2016,19_Circuit of the Americas,Circuit of the Americas,circuit-of-the-americas,2016-09-17,201609171135_Race,16,4,1,Corey Lewis,2:11.094,47.431,48.812,34.851,93.3,9:18.067,131094,0,0,7
2016,19_Circuit of the Americas,Circuit of the Americas,circuit-of-the-americas,2016-09-17,201609171135_Race,16,5,1,Corey Lewis,2:12.215,47.912,49.334,34.969,92.5,11:30.282,132215,0,0,7
2016,19_Circuit of the Americas,Circuit of the Americas,circuit-of-the-americas,2016-09-17,201609171135_Race,16,6,1,Corey Lewis,2:11.628,47.820,48.872,34.936,93.0,13:41.910,131628,0,0,7
2016,19_Circuit of the Americas,Circuit of the Americas,circuit-of-the-americas,2016-09-17,201609171135_Race,16,7,1,Corey Lewis,2:12.233,47.944,49.215,35.074,92.5,15:54.143,132233,0,0,7
2016,19_Circuit of the Americas,Circuit of the Americas,circuit-of-the-americas,2016-09-17,201609171135_Race,16,8,1,Corey Lewis,2:12.768,48.316,49.385,35.067,92.2,18:06.911,132768,0,0,7
2016,19_Circuit of the Americas,Circuit of the Americas,circuit-of-the-americas,2016-09-17,201609171135_Race,16,9,1,Corey Lewis,2:12.221,48.010,49.267,34.944,92.5,20:19.132,132221,0,0,7
2016,19_Circuit of the Americas,Circuit of the Americas,circuit-of-the-americas,2016-09-17,201609171135_Race,16,10,1,Corey Lewis,2:13.392,48.361,49.606,35.425,91.7,22:32.524,133392,0,0,7
2016,19_Circuit of the Americas,Circuit of the Americas,circuit-of-the-americas,2016-09-17,201609171135_Race,16,11,1,Corey Lewis,2:13.486,48.890,49.651,34.945,91.7,24:46.010,133486,0,0,7
2016,19_Circuit of the Americas,Circuit of the Americas,circuit-of-the-americas,2016-09-17,201609171135_Race,16,12,1,Corey Lewis,2:13.746,48.819,50.159,34.768,91.5,26:59.756,133746,0,0,7
2016,19_Circuit of the Americas,Circuit of the Americas,circuit-of-the-americas,2016-09-17,201609171135_Race,16,13,1,Corey Lewis,2:13.433,48.879,49.484,35.070,91.7,29:13.189,133433,0,0,7
2016,19_Circuit of the Americas,Circuit of the Americas,circuit-of-the-americas,2016-09-17,201609171135_Race,16,14,1,Corey Lewis,2:14.402,48.706,50.163,35.533,91.0,31:27.591,134402,0,0,7
2016,19_Circuit of the Americas,Circuit of the Americas,circuit-of-the-americas,2016-09-17,201609171135_Race,16,15,1,Corey Lewis,2:13.740,48.838,49.537,35.365,91.5,33:41.331,133740,0,0,7
2016,19_Circuit of the Americas,Circuit of the Americas,circuit-of-the-americas,2016-09-17,201609171135_Race,16,16,1,Corey Lewis,2:14.740,49.320,50.015,35.405,90.8,35:56.071,134740,0,0,7
2016,19_Circuit of the Americas,Circuit of the Americas,circuit-of-the-americas,2016-09-17,201609171135_Race,16,17,1,Corey Lewis,2:20.958,49.200,53.914,37.844,86.8,38:17.029,140958,0,0,7
2016,19_Circuit of the Americas,Circuit of the Americas,circuit-of-the-americas,2016-09-17,201609171135_Race,16,18,1,Corey Lewis,2:19.674,51.766,51.096,36.812,87.6,40:36.703,139674,0,0,7
2016,19_Circuit of the Americas,Circuit of the Americas,circuit-of-the-americas,2016-09-17,201609171135_Race,16,19,1,Corey Lewis,4:10.691,1:14.115,1:20.959,1:35.617,48.8,44:47.394,250691,0,1,7
2016,19_Circuit of the Americas,Circuit of the Americas,circuit-of-the-americas,2016-09-17,201609171135_Race,16,20,1,Corey Lewis,3:12.316,1:04.323,1:20.486,47.507,63.6,47:59.710,192316,0,0,7
2016,19_Circuit of the Americas,Circuit of the Americas,circuit-of-the-americas,2016-09-17,201609171135_Race,16,21,1,Corey Lewis,2:55.194,1:05.416,1:14.934,34.844,69.8,50:54.904,175194,0,0,7
2016,19_Circuit of the Americas,Circuit of the Americas,circuit-of-the-americas,2016-09-17,201609171135_Race,16,22,1,Corey Lewis,2:17.541,47.332,49.507,40.702,88.9,53:12.445,137541,0,0,7
2016,19_Circuit of the Americas,Circuit of the Americas,circuit-of-the-americas,2016-09-17,201609171135_Race,16,23,1,Corey Lewis,3:23.450,1:04.063,1:27.718,51.669,60.1,56:35.895,203450,0,0,7
2016,19_Circuit of the Americas,Circuit of the Americas,circuit-of-the-americas,2016-09-17,201609171135_Race,16,24,1,Corey Lewis,2:55.911,1:03.931,1:17.212,34.768,69.5,59:31.806,175911,0,0,7
2016,19_Circuit of the Americas,Circuit of the Americas,circuit-of-the-americas,2016-09-17,201609171135_Race,16,25,1,Corey Lewis,2:11.715,47.578,49.232,34.905,92.9,1:01:43.521,131715,0,0,7
2016,19_Circuit of the Americas,Circuit of the Americas,circuit-of-the-americas,2016-09-17,201609171135_Race,16,26,1,Corey Lewis,2:11.725,48.016,49.057,34.652,92.8,1:03:55.246,131725,0,0,7
2016,19_Circuit of the Americas,Circuit of the Americas,circuit-of-the-americas,2016-09-17,201609171135_Race,16,27,1,Corey Lewis,2:11.661,48.273,48.631,34.757,92.9,1:06:06.907,131661,0,0,7
2016,19_Circuit of the Americas,Circuit of the Americas,circuit-of-the-americas,2016-09-17,201609171135_Race,16,28,1,Corey Lewis,2:11.166,47.720,48.657,34.789,93.3,1:08:18.073,131166,0,0,7
2016,19_Circuit of the Americas,Circuit of the Americas,circuit-of-the-americas,2016-09-17,201609171135_Race,16,29,1,Corey Lewis,2:11.179,47.566,48.872,34.741,93.3,1:10:29.252,131179,0,0,7
2016,19_Circuit of the Americas,Circuit of the Americas,circuit-of-the-americas,2016-09-17,201609171135_Race,16,30,1,Corey Lewis,2:12.612,47.855,49.858,34.899,92.2,1:12:41.864,132612,0,0,7
2016,19_Circuit of the Americas,Circuit of the Americas,circuit-of-the-americas,2016-09-17,201609171135_Race,16,31,1,Corey Lewis,2:12.988,47.928,49.920,35.140,92.0,1:14:54.852,132988,0,0,7
2016,19_Circuit of the Americas,Circuit of the Americas,circuit-of-the-americas,2016-09-17,201609171135_Race,16,32,1,Corey Lewis,2:12.689,48.195,49.110,35.384,92.2,1:17:07.541,132689,0,0,7
2016,19_Circuit of the Americas,Circuit of the Americas,circuit-of-the-americas,2016-09-17,201609171135_Race,16,33,1,Corey Lewis,2:14.697,48.437,49.982,36.278,90.8,1:19:22.238,134697,0,0,7
2016,19_Circuit of the Americas,Circuit of the Americas,circuit-of-the-americas,2016-09-17,201609171135_Race,16,34,1,Corey Lewis,2:15.250,48.996,50.445,35.809,90.4,1:21:37.488,135250,0,0,7
2016,19_Circuit of the Americas,Circuit of the Americas,circuit-of-the-americas,2016-09-17,201609171135_Race,16,35,1,Corey Lewis,2:13.073,48.606,49.462,35.005,91.9,1:23:50.561,133073,0,0,7
2016,19_Circuit of the Americas,Circuit of the Americas,circuit-of-the-americas,2016-09-17,201609171135_Race,16,36,1,Corey Lewis,2:13.109,48.139,49.125,35.845,91.9,1:26:03.670,133109,0,0,7
2016,19_Circuit of the Americas,Circuit of the Americas,circuit-of-the-americas,2016-09-17,201609171135_Race,16,37,1,Corey Lewis,2:13.770,49.320,49.377,35.073,91.5,1:28:17.440,133770,0,0,7
2016,19_Circuit of the Americas,Circuit of the Americas,circuit-of-the-americas,2016-09-17,201609171135_Race,16,38,1,Corey Lewis,2:15.530,50.067,49.743,35.720,90.2,1:30:32.970,135530,0,0,7
2016,19_Circuit of the Americas,Circuit of the Americas,circuit-of-the-americas,2016-09-17,201609171135_Race,16,39,1,Corey Lewis,2:13.620,48.504,49.856,35.260,91.5,1:32:46.590,133620,0,0,7
2016,19_Circuit of the Americas,Circuit of the Americas,circuit-of-the-americas,2016-09-17,201609171135_Race,16,40,1,Corey Lewis,2:13.546,48.473,49.730,35.343,91.6,1:35:00.136,133546,0,0,7
2016,19_Circuit of the Americas,Circuit of the Americas,circuit-of-the-americas,2016-09-17,201609171135_Race,16,41,1,Corey Lewis,2:14.118,48.605,50.364,35.149,91.2,1:37:14.254,134118,0,0,7
2016,19_Circuit of the Americas,Circuit of the Americas,circuit-of-the-americas,2016-09-17,201609171135_Race,16,42,1,Corey Lewis,2:15.184,49.097,50.562,35.525,90.5,1:39:29.438,135184,0,0,7
2016,19_Circuit of the Americas,Circuit of the Americas,circuit-of-the-americas,2016-09-17,201609171135_Race,16,43,1,Corey Lewis,2:15.093,49.416,50.027,35.650,90.5,1:41:44.531,135093,0,0,7
2016,19_Circuit of the Americas,Circuit of the Americas,circuit-of-the-americas,2016-09-17,201609171135_Race,16,44,1,Corey Lewis,3:12.843,50.129,50.339,1:32.375,63.4,1:44:57.374,192843,0,1,7
2016,19_Circuit of the Americas,Circuit of the Americas,circuit-of-the-americas,2016-09-17,201609171135_Race,16,45,2,Spencer Pumpelly,2:21.388,57.361,49.120,34.907,86.5,1:47:18.762,141388,0,0,7
2016,19_Circuit of the Americas,Circuit of the Americas,circuit-of-the-americas,2016-09-17,201609171135_Race,16,46,2,Spencer Pumpelly,2:11.317,48.434,48.332,34.551,93.2,1:49:30.079,131317,0,0,7
2016,19_Circuit of the Americas,Circuit of the Americas,circuit-of-the-americas,2016-09-17,201609171135_Race,16,47,2,Spencer Pumpelly,2:10.356,47.182,48.600,34.574,93.8,1:51:40.435,130356,0,0,7
2016,19_Circuit of the Americas,Circuit of the Americas,circuit-of-the-americas,2016-09-17,201609171135_Race,16,48,2,Spencer Pumpelly,2:10.862,47.318,48.936,34.608,93.5,1:53:51.297,130862,0,0,7
2016,19_Circuit of the Americas,Circuit of the Americas,circuit-of-the-americas,2016-09-17,201609171135_Race,16,49,2,Spencer Pumpelly,2:10.930,47.590,48.705,34.635,93.4,1:56:02.227,130930,0,0,7
2016,19_Circuit of the Americas,Circuit of the Americas,circuit-of-the-americas,2016-09-17,201609171135_Race,16,50,2,Spencer Pumpelly,2:11.562,48.061,48.891,34.610,93.0,1:58:13.789,131562,0,0,7
2016,19_Circuit of the Americas,Circuit of the Americas,circuit-of-the-americas,2016-09-17,201609171135_Race,16,51,2,Spencer Pumpelly,2:11.205,47.664,49.083,34.458,93.2,2:00:24.994,131205,0,0,7
2016,19_Circuit of the Americas,Circuit of the Americas,circuit-of-the-americas,2016-09-17,201609171135_Race,16,52,2,Spencer Pumpelly,2:10.967,47.573,48.817,34.577,93.4,2:02:35.961,130967,0,0,7
2016,19_Circuit of the Americas,Circuit of the Americas,circuit-of-the-americas,2016-09-17,201609171135_Race,16,53,2,Spencer Pumpelly,2:11.004,47.452,48.696,34.856,93.4,2:04:46.965,131004,0,0,7
2016,19_Circuit of the Americas,Circuit of the Americas,circuit-of-the-americas,2016-09-17,201609171135_Race,16,54,2,Spencer Pumpelly,2:12.066,48.001,49.160,34.905,92.7,2:06:59.031,132066,0,0,7
2016,19_Circuit of the Americas,Circuit of the Americas,circuit-of-the-americas,2016-09-17,201609171135_Race,16,55,2,Spencer Pumpelly,2:11.316,47.711,48.974,34.631,93.2,2:09:10.347,131316,0,0,8
2016,19_Circuit of the Americas,Circuit of the Americas,circuit-of-the-americas,2016-09-17,201609171135_Race,16,56,2,Spencer Pumpelly,2:12.306,48.167,49.218,34.921,92.5,2:11:22.653,132306,0,0,8
2016,19_Circuit of the Americas,Circuit of the Americas,circuit-of-the-americas,2016-09-17,201609171135_Race,16,57,2,Spencer Pumpelly,2:11.990,47.910,49.255,34.825,92.7,2:13:34.643,131990,0,0,8
2016,19_Circuit of the Americas,Circuit of the Americas,circuit-of-the-americas,2016-09-17,201609171135_Race,16,58,2,Spencer Pumpelly,2:11.454,47.692,48.936,34.826,93.0,2:15:46.097,131454,0,0,8
2016,19_Circuit of the Americas,Circuit of the Americas,circuit-of-the-americas,2016-09-17,201609171135_Race,16,59,2,Spencer Pumpelly,2:11.741,47.601,49.081,35.059,92.8,2:17:57.838,131741,0,0,8
2016,19_Circuit of the Americas,Circuit of the Americas,circuit-of-the-americas,2016-09-17,201609171135_Race,16,60,2,Spencer Pumpelly,2:12.763,47.871,50.161,34.731,92.2,2:20:10.601,132763,0,0,8
2016,19_Circuit of the Americas,Circuit of the Americas,circuit-of-the-americas,2016-09-17,201609171135_Race,16,61,2,Spencer Pumpelly,2:13.260,48.815,49.828,34.617,91.8,2:22:23.861,133260,0,0,8
2016,19_Circuit of the Americas,Circuit of the Americas,circuit-of-the-americas,2016-09-17,201609171135_Race,16,62,2,Spencer Pumpelly,2:11.677,47.645,49.117,34.915,92.9,2:24:35.538,131677,0,0,8
2016,19_Circuit of the Americas,Circuit of the Americas,circuit-of-the-americas,2016-09-17,201609171135_Race,16,63,2,Spencer Pumpelly,2:14.286,49.437,49.983,34.866,91.1,2:26:49.824,134286,0,0,8
2016,19_Circuit of the Americas,Circuit of the Americas,circuit-of-the-americas,2016-09-17,201609171135_Race,16,64,2,Spencer Pumpelly,2:12.548,48.106,49.499,34.943,92.3,2:29:02.372,132548,0,0,8
2016,19_Circuit of the Americas,Circuit of the Americas,circuit-of-the-americas,2016-09-17,201609171135_Race,16,65,2,Spencer Pumpelly,2:12.843,48.088,49.865,34.890,92.1,2:31:15.215,132843,0,0,8
2016,19_Circuit of the Americas,Circuit of the Americas,circuit-of-the-americas,2016-09-17,201609171135_Race,16,66,2,Spencer Pumpelly,2:12.441,48.334,49.267,34.840,92.3,2:33:27.656,132441,0,0,8
2016,19_Circuit of the Americas,Circuit of the Americas,circuit-of-the-americas,2016-09-17,201609171135_Race,16,67,2,Spencer Pumpelly,2:12.152,47.940,49.308,34.904,92.6,2:35:39.808,132152,0,0,8
2016,19_Circuit of the Americas,Circuit of the Americas,circuit-of-the-americas,2016-09-17,201609171135_Race,16,68,2,Spencer Pumpelly,2:12.127,47.898,49.099,35.130,92.6,2:37:51.935,132127,0,0,8
2016,19_Circuit of the Americas,Circuit of the Americas,circuit-of-the-americas,2016-09-17,201609171135_Race,16,69,2,Spencer Pumpelly,2:12.767,48.177,49.688,34.902,92.2,2:40:04.702,132767,0,0,8
2016,19_Circuit of the Americas,Circuit of the Americas,circuit-of-the-americas,2016-09-17,201609171135_Race,16,70,2,Spencer Pumpelly,2:13.105,48.251,49.709,35.145,91.9,2:42:17.807,133105,0,0,8
2016,19_Circuit of the Americas,Circuit of the Americas,circuit-of-the-americas,2016-09-17,201609171135_Race,20,1,1,Matthew McMurry,2:10.634,49.559,48.556,32.519,93.7,2:10.634,,,0,8
2016,19_Circuit of the Americas,Circuit of the Americas,circuit-of-the-americas,2016-09-17,201609171135_Race,20,2,1,Matthew McMurry,2:04.749,45.131,47.374,32.244,98.1,4:15.383,124749,0,0,8
2016,19_Circuit of the Americas,Circuit of the Americas,circuit-of-the-americas,2016-09-17,201609171135_Race,20,3,1,Matthew McMurry,2:04.516,44.918,47.321,32.277,98.3,6:19.899,124516,0,0,8
2016,19_Circuit of the Americas,Circuit of the Americas,circuit-of-the-americas,2016-09-17,201609171135_Race,20,4,1,Matthew McMurry,2:04.019,44.809,47.069,32.141,98.6,8:23.918,124019,0,0,8
2016,19_Circuit of the Americas,Circuit of the Americas,circuit-of-the-americas,2016-09-17,201609171135_Race,20,5,1,Matthew McMurry,2:04.682,44.788,47.447,32.447,98.1,10:28.600,124682,0,0,8
2016,19_Circuit of the Americas,Circuit of the Americas,circuit-of-the-americas,2016-09-17,201609171135_Race,20,6,1,Matthew McMurry,2:03.998,44.639,47.116,32.243,98.7,12:32.598,123998,0,0,8
2016,19_Circuit of the Americas,Circuit of the Americas,circuit-of-the-americas,2016-09-17,201609171135_Race,20,7,1,Matthew McMurry,2:04.573,44.982,47.170,32.421,98.2,14:37.171,124573,0,0,8
2016,19_Circuit of the Americas,Circuit of the Americas,circuit-of-the-americas,2016-09-17,201609171135_Race,20,8,1,Matthew McMurry,2:04.567,44.808,47.306,32.453,98.2,16:41.738,124567,0,0,8
2016,19_Circuit of the Americas,Circuit of the Americas,circuit-of-the-americas,2016-09-17,201609171135_Race,20,9,1,Matthew McMurry,2:04.944,45.092,47.639,32.213,97.9,18:46.682,124944,0,0,8
2016,19_Circuit of the Americas,Circuit of the Americas,circuit-of-the-americas,2016-09-17,201609171135_Race,20,10,1,Matthew McMurry,2:04.748,44.988,47.386,32.374,98.1,20:51.430,124748,0,0,8
2016,19_Circuit of the Americas,Circuit of the Americas,circuit-of-the-americas,2016-09-17,201609171135_Race,20,11,1,Matthew McMurry,2:05.646,45.251,47.671,32.724,97.4,22:57.076,125646,0,0,8
2016,19_Circuit of the Americas,Circuit of the Americas,circuit-of-the-americas,2016-09-17,201609171135_Race,20,12,1,Matthew McMurry,2:05.441,45.414,47.674,32.353,97.5,25:02.517,125441,0,0,8
2016,19_Circuit of the Americas,Circuit of the Americas,circuit-of-the-americas,2016-09-17,201609171135_Race,20,13,1,Matthew McMurry,2:06.191,45.128,47.861,33.202,96.9,27:08.708,126191,0,0,8
2016,19_Circuit of the Americas,Circuit of the Americas,circuit-of-the-americas,2016-09-17,201609171135_Race,20,14,1,Matthew McMurry,2:06.733,46.188,47.659,32.886,96.5,29:15.441,126733,0,0,8
2016,19_Circuit of the Americas,Circuit of the Americas,circuit-of-the-americas,2016-09-17,201609171135_Race,20,15,1,Matthew McMurry,2:07.354,47.189,47.779,32.386,96.1,31:22.795,127354,0,0,8
2016,19_Circuit of the Americas,Circuit of the Americas,circuit-of-the-americas,2016-09-17,201609171135_Race,20,16,1,Matthew McMurry,2:06.202,46.111,47.625,32.466,96.9,33:28.997,126202,0,0,8
2016,19_Circuit of the Americas,Circuit of the Americas,circuit-of-the-americas,2016-09-17,201609171135_Race,20,17,1,Matthew McMurry,2:15.571,45.324,49.267,40.980,90.2,35:44.568,135571,0,0,8
2016,19_Circuit of the Americas,Circuit of the Americas,circuit-of-the-americas,2016-09-17,201609171135_Race,20,18,1,Matthew McMurry,2:29.231,54.041,57.232,37.958,82.0,38:13.799,149231,0,0,8
2016,19_Circuit of the Americas,Circuit of the Americas,circuit-of-the-americas,2016-09-17,201609171135_Race,20,19,1,Matthew McMurry,3:06.737,49.510,50.311,1:26.916,65.5,41:20.536,186737,0,1,8
2016,19_Circuit of the Americas,Circuit of the Americas,circuit-of-the-americas,2016-09-17,201609171135_Race,20,20,1,Matthew McMurry,3:01.537,59.623,1:20.578,41.336,67.4,44:22.073,181537,0,0,8
2016,19_Circuit of the Americas,Circuit of the Americas,circuit-of-the-americas,2016-09-17,201609171135_Race,20,21,1,Matthew McMurry,3:20.040,1:08.700,1:20.083,51.257,61.2,47:42.113,200040,0,0,8
2016,19_Circuit of the Americas,Circuit of the Americas,circuit-of-the-americas,2016-09-17,201609171135_Race,20,22,1,Matthew McMurry,3:00.639,1:08.636,1:14.349,37.654,67.7,50:42.752,180639,0,0,8
2016,19_Circuit of the Americas,Circuit of the Americas,circuit-of-the-americas,2016-09-17,201609171135_Race,20,23,1,Matthew McMurry,2:15.701,46.320,48.356,41.025,90.2,52:58.453,135701,0,0,8
2016,19_Circuit of the Americas,Circuit of the Americas,circuit-of-the-americas,2016-09-17,201609171135_Race,20,24,1,Matthew McMurry,3:22.079,1:06.302,1:24.448,51.329,60.5,56:20.532,202079,0,0,8
2016,19_Circuit of the Americas,Circuit of the Americas,circuit-of-the-americas,2016-09-17,201609171135_Race,20,25,1,Matthew McMurry,2:54.585,1:04.007,1:13.112,37.466,70.0,59:15.117,174585,0,0,8
2016,19_Circuit of the Americas,Circuit of the Americas,circuit-of-the-americas,2016-09-17,201609171135_Race,20,26,1,Matthew McMurry,2:06.714,46.889,47.628,32.197,96.6,1:01:21.831,126714,0,0,8
2016,19_Circuit of the Americas,Circuit of the Americas,circuit-of-the-americas,2016-09-17,201609171135_Race,20,27,1,Matthew McMurry,2:03.311,44.382,46.891,32.038,99.2,1:03:25.142,123311,0,0,8
2016,19_Circuit of the Americas,Circuit of the Americas,circuit-of-the-americas,2016-09-17,201609171135_Race,20,28,1,Matthew McMurry,2:02.704,44.179,46.556,31.969,99.7,1:05:27.846,122704,0,0,8
2016,19_Circuit of the Americas,Circuit of the Americas,circuit-of-the-americas,2016-09-17,201609171135_Race,20,29,1,Matthew McMurry,2:02.605,44.033,46.830,31.742,99.8,1:07:30.451,122605,0,0,8
2016,19_Circuit of the Americas,Circuit of the Americas,circuit-of-the-americas,2016-09-17,201609171135_Race,20,30,1,Matthew McMurry,2:02.969,44.256,46.847,31.866,99.5,1:09:33.420,122969,0,0,8
2016,19_Circuit of the Americas,Circuit of the Americas,circuit-of-the-americas,2016-09-17,201609171135_Race,20,31,1,Matthew McMurry,2:02.259,44.049,46.552,31.658,100.1,1:11:35.679,122259,0,0,8
2016,19_Circuit of the Americas,Circuit of the Americas,circuit-of-the-americas,2016-09-17,201609171135_Race,20,32,1,Matthew McMurry,2:02.604,43.987,46.670,31.947,99.8,1:13:38.283,122604,0,0,8
2016,19_Circuit of the Americas,Circuit of the Americas,circuit-of-the-americas,2016-09-17,201609171135_Race,20,33,1,Matthew McMurry,2:03.264,44.427,46.873,31.964,99.2,1:15:41.547,123264,0,0,8
2016,19_Circuit of the Americas,Circuit of the Americas,circuit-of-the-americas,2016-09-17,201609171135_Race,20,34,1,Matthew McMurry,2:03.984,45.106,46.892,31.986,98.7,1:17:45.531,123984,0,0,8
2016,19_Circuit of the Americas,Circuit of the Americas,circuit-of-the-americas,2016-09-17,201609171135_Race,20,35,1,Matthew McMurry,2:04.095,45.065,47.025,32.005,98.6,1:19:49.626,124095,0,0,8
2016,19_Circuit of the Americas,Circuit of the Americas,circuit-of-the-americas,2016-09-17,201609171135_Race,20,36,1,Matthew McMurry,2:03.390,44.602,46.861,31.927,99.1,1:21:53.016,123390,0,0,8
2016,19_Circuit of the Americas,Circuit of the Americas,circuit-of-the-americas,2016-09-17,201609171135_Race,20,37,1,Matthew McMurry,2:03.886,44.894,47.031,31.961,98.7,1:23:56.902,123886,0,0,8
2016,19_Circuit of the Americas,Circuit of the Americas,circuit-of-the-americas,2016-09-17,201609171135_Race,20,38,1,Matthew McMurry,2:05.680,44.886,47.364,33.430,97.3,1:26:02.582,125680,0,0,8
2016,19_Circuit of the Americas,Circuit of the Americas,circuit-of-the-americas,2016-09-17,201609171135_Race,20,39,1,Matthew McMurry,2:05.554,45.322,47.200,33.032,97.4,1:28:08.136,125554,0,0,8
2016,19_Circuit of the Americas,Circuit of the Americas,circuit-of-the-americas,2016-09-17,201609171135_Race,20,40,1,Matthew McMurry,2:06.358,47.216,47.028,32.114,96.8,1:30:14.494,126358,0,0,8
2016,19_Circuit of the Americas,Circuit of the Americas,circuit-of-the-americas,2016-09-17,201609171135_Race,20,41,1,Matthew McMurry,2:04.232,44.865,46.908,32.459,98.5,1:32:18.726,124232,0,0,8
2016,19_Circuit of the Americas,Circuit of the Americas,circuit-of-the-americas,2016-09-17,201609171135_Race,20,42,1,Matthew McMurry,2:04.489,45.226,47.156,32.107,98.3,1:34:23.215,124489,0,0,8
2016,19_Circuit of the Americas,Circuit of the Americas,circuit-of-the-americas,2016-09-17,201609171135_Race,20,43,1,Matthew McMurry,3:26.724,45.235,47.657,1:53.832,59.2,1:37:49.939,206724,0,1,8
2016,19_Circuit of the Americas,Circuit of the Americas,circuit-of-the-americas,2016-09-17,201609171135_Race,20,44,2,Bruno Junqueira,2:14.086,54.249,47.280,32.557,91.2,1:40:04.025,134086,0,0,8
2016,19_Circuit of the Americas,Circuit of the Americas,circuit-of-the-americas,2016-09-17,201609171135_Race,20,45,2,Bruno Junqueira,2:03.275,44.623,46.647,32.005,99.2,1:42:07.300,123275,0,0,8
2016,19_Circuit of the Americas,Circuit of the Americas,circuit-of-the-americas,2016-09-17,201609171135_Race,20,46,2,Bruno Junqueira,2:02.384,43.879,46.414,32.091,100.0,1:44:09.684,122384,0,0,8
2016,19_Circuit of the Americas,Circuit of the Americas,circuit-of-the-americas,2016-09-17,201609171135_Race,20,47,2,Bruno Junqueira,2:06.087,44.711,48.052,33.324,97.0,1:46:15.771,126087,0,0,8
2016,19_Circuit of the Americas,Circuit of the Americas,circuit-of-the-americas,2016-09-17,201609171135_Race,20,48,2,Bruno Junqueira,2:04.974,45.323,47.086,32.565,97.9,1:48:20.745,124974,0,0,8
2016,19_Circuit of the Americas,Circuit of the Americas,circuit-of-the-americas,2016-09-17,201609171135_Race,20,49,2,Bruno Junqueira,2:04.330,44.550,47.230,32.550,98.4,1:50:25.075,124330,0,0,8
2016,19_Circuit of the Americas,Circuit of the Americas,circuit-of-the-americas,2016-09-17,201609171135_Race,20,50,2,Bruno Junqueira,2:03.777,44.393,46.834,32.550,98.8,1:52:28.852,123777,0,0,8
2016,19_Circuit of the Americas,Circuit of the Americas,circuit-of-the-americas,2016-09-17,201609171135_Race,20,51,2,Bruno Junqueira,2:04.226,44.565,46.974,32.687,98.5,1:54:33.078,124226,0,0,8
2016,19_Circuit of the Americas,Circuit of the Americas,circuit-of-the-americas,2016-09-17,201609171135_Race,20,52,2,Bruno Junqueira,2:03.888,44.443,47.051,32.394,98.7,1:56:36.966,123888,0,0,8
2016,19_Circuit of the Americas,Circuit of the Americas,circuit-of-the-americas,2016-09-17,201609171135_Race,20,53,2,Bruno Junqueira,2:04.215,44.514,47.106,32.595,98.5,1:58:41.181,124215,0,0,8
2016,19_Circuit of the Americas,Circuit of the Americas,circuit-of-the-americas,2016-09-17,201609171135_Race,20,54,2,Bruno Junqueira,2:06.428,45.064,47.636,33.728,96.8,2:00:47.609,126428,0,0,8
2016,19_Circuit of the Americas,Circuit of the Americas,circuit-of-the-americas,2016-09-17,201609171135_Race,20,55,2,Bruno Junqueira,2:06.188,45.563,47.624,33.001,96.9,2:02:53.797,126188,0,0,8
2016,19_Circuit of the Americas,Circuit of the Americas,circuit-of-the-americas,2016-09-17,201609171135_Race,20,56,2,Bruno Junqueira,2:07.359,47.153,47.488,32.718,96.1,2:05:01.156,127359,0,0,8
2016,19_Circuit of the Americas,Circuit of the Americas,circuit-of-the-americas,2016-09-17,201609171135_Race,20,57,2,Bruno Junqueira,2:05.567,44.894,47.406,33.267,97.4,2:07:06.723,125567,0,0,8
2016,19_Circuit of the Americas,Circuit of the Americas,circuit-of-the-americas,2016-09-17,201609171135_Race,20,58,2,Bruno Junqueira,2:04.195,45.005,46.873,32.317,98.5,2:09:10.918,124195,0,0,8
2016,19_Circuit of the Americas,Circuit of the Americas,circuit-of-the-americas,2016-09-17,201609171135_Race,20,59,2,Bruno Junqueira,2:06.981,46.701,47.343,32.937,96.3,2:11:17.899,126981,0,0,8
2016,19_Circuit of the Americas,Circuit of the Americas,circuit-of-the-americas,2016-09-17,201609171135_Race,20,60,2,Bruno Junqueira,2:06.616,46.025,47.699,32.892,96.6,2:13:24.515,126616,0,0,8
2016,19_Circuit of the Americas,Circuit of the Americas,circuit-of-the-americas,2016-09-17,201609171135_Race,20,61,2,Bruno Junqueira,2:05.809,45.034,48.147,32.628,97.3,2:15:30.324,125809,0,0,8
2016,19_Circuit of the Americas,Circuit of the Americas,circuit-of-the-americas,2016-09-17,201609171135_Race,20,62,2,Bruno Junqueira,2:05.068,44.748,47.303,33.017,97.8,2:17:35.392,125068,0,0,8
2016,19_Circuit of the Americas,Circuit of the Americas,circuit-of-the-americas,2016-09-17,201609171135_Race,20,63,2,Bruno Junqueira,2:06.074,45.981,47.443,32.650,97.0,2:19:41.466,126074,0,0,8
2016,19_Circuit of the Americas,Circuit of the Americas,circuit-of-the-americas,2016-09-17,201609171135_Race,20,64,2,Bruno Junqueira,2:46.429,45.271,47.327,1:13.831,73.5,2:22:27.895,166429,0,1,8
2016,19_Circuit of the Americas,Circuit of the Americas,circuit-of-the-americas,2016-09-17,201609171135_Race,20,65,2,Bruno Junqueira,2:17.199,55.166,49.107,32.926,89.2,2:24:45.094,137199,0,0,8
2016,19_Circuit of the Americas,Circuit of the Americas,circuit-of-the-americas,2016-09-17,201609171135_Race,20,66,2,Bruno Junqueira,2:06.064,45.992,47.399,32.673,97.1,2:26:51.158,126064,0,0,8
2016,19_Circuit of the Americas,Circuit of the Americas,circuit-of-the-americas,2016-09-17,201609171135_Race,20,67,2,Bruno Junqueira,2:05.890,45.901,47.439,32.550,97.2,2:28:57.048,125890,0,0,8
2016,19_Circuit of the Americas,Circuit of the Americas,circuit-of-the-americas,2016-09-17,201609171135_Race,20,68,2,Bruno Junqueira,2:05.408,45.365,47.316,32.727,97.6,2:31:02.456,125408,0,0,8
2016,19_Circuit of the Americas,Circuit of the Americas,circuit-of-the-americas,2016-09-17,201609171135_Race,20,69,2,Bruno Junqueira,2:05.731,45.479,47.678,32.574,97.3,2:33:08.187,125731,0,0,8
2016,19_Circuit of the Americas,Circuit of the Americas,circuit-of-the-americas,2016-09-17,201609171135_Race,20,70,2,Bruno Junqueira,2:05.453,45.304,47.456,32.693,97.5,2:35:13.640,125453,0,0,8
2016,19_Circuit of the Americas,Circuit of the Americas,circuit-of-the-americas,2016-09-17,201609171135_Race,20,71,2,Bruno Junqueira,2:06.915,46.049,47.934,32.932,96.4,2:37:20.555,126915,0,0,8
2016,19_Circuit of the Americas,Circuit of the Americas,circuit-of-the-americas,2016-09-17,201609171135_Race,20,72,2,Bruno Junqueira,2:05.463,45.430,47.329,32.704,97.5,2:39:26.018,125463,0,0,8
2016,19_Circuit of the Americas,Circuit of the Americas,circuit-of-the-americas,2016-09-17,201609171135_Race,20,73,2,Bruno Junqueira,2:06.527,45.716,47.686,33.125,96.7,2:41:32.545,126527,0,0,8
2016,19_Circuit of the Americas,Circuit of the Americas,circuit-of-the-americas,2016-09-17,201609171135_Race,20,74,2,Bruno Junqueira,2:11.362,47.782,49.685,33.895,93.2,2:43:43.907,131362,0,0,8
2016,19_Circuit of the Americas,Circuit of the Americas,circuit-of-the-americas,2016-09-17,201609171135_Race,23,1,2,Alex Riberas,2:38.588,1:15.430,48.971,34.187,77.1,2:38.588,,,0,8
2016,19_Circuit of the Americas,Circuit of the Americas,circuit-of-the-americas,2016-09-17,201609171135_Race,23,2,2,Alex Riberas,2:09.165,46.715,48.356,34.094,94.7,4:47.753,129165,0,0,8
2016,19_Circuit of the Americas,Circuit of the Americas,circuit-of-the-americas,2016-09-17,201609171135_Race,23,3,2,Alex Riberas,2:09.474,46.749,48.483,34.242,94.5,6:57.227,129474,0,0,8
2016,19_Circuit of the Americas,Circuit of the Americas,circuit-of-the-americas,2016-09-17,201609171135_Race,23,4,2,Alex Riberas,2:09.300,46.674,48.583,34.043,94.6,9:06.527,129300,0,0,8
2016,19_Circuit of the Americas,Circuit of the Americas,circuit-of-the-americas,2016-09-17,201609171135_Race,23,5,2,Alex Riberas,2:09.319,46.728,48.522,34.069,94.6,11:15.846,129319,0,0,8
2016,19_Circuit of the Americas,Circuit of the Americas,circuit-of-the-americas,2016-09-17,201609171135_Race,23,6,2,Alex Riberas,2:09.510,46.956,48.464,34.090,94.5,13:25.356,129510,0,0,8
2016,19_Circuit of the Americas,Circuit of the Americas,circuit-of-the-americas,2016-09-17,201609171135_Race,23,7,2,Alex Riberas,2:09.407,46.875,48.345,34.187,94.5,15:34.763,129407,0,0,8
2016,19_Circuit of the Americas,Circuit of the Americas,circuit-of-the-americas,2016-09-17,201609171135_Race,23,8,2,Alex Riberas,2:09.718,47.178,48.341,34.199,94.3,17:44.481,129718,0,0,8
2016,19_Circuit of the Americas,Circuit of the Americas,circuit-of-the-americas,2016-09-17,201609171135_Race,23,9,2,Alex Riberas,2:09.970,47.197,48.710,34.063,94.1,19:54.451,129970,0,0,8
2016,19_Circuit of the Americas,Circuit of the Americas,circuit-of-the-americas,2016-09-17,201609171135_Race,23,10,2,Alex Riberas,2:09.628,46.846,48.657,34.125,94.4,22:04.079,129628,0,0,8
2016,19_Circuit of the Americas,Circuit of the Americas,circuit-of-the-americas,2016-09-17,201609171135_Race,23,11,2,Alex Riberas,2:10.834,46.904,49.786,34.144,93.5,24:14.913,130834,0,0,8
2016,19_Circuit of the Americas,Circuit of the Americas,circuit-of-the-americas,2016-09-17,201609171135_Race,23,12,2,Alex Riberas,2:10.273,47.011,49.026,34.236,93.9,26:25.186,130273,0,0,8
2016,19_Circuit of the Americas,Circuit of the Americas,circuit-of-the-americas,2016-09-17,201609171135_Race,23,13,2,Alex Riberas,2:10.017,47.169,48.604,34.244,94.1,28:35.203,130017,0,0,8
2016,19_Circuit of the Americas,Circuit of the Americas,circuit-of-the-americas,2016-09-17,201609171135_Race,23,14,2,Alex Riberas,2:10.845,48.084,48.539,34.222,93.5,30:46.048,130845,0,0,8
2016,19_Circuit of the Americas,Circuit of the Americas,circuit-of-the-americas,2016-09-17,201609171135_Race,23,15,2,Alex Riberas,2:10.794,47.258,48.965,34.571,93.5,32:56.842,130794,0,0,8
2016,19_Circuit of the Americas,Circuit of the Americas,circuit-of-the-americas,2016-09-17,201609171135_Race,23,16,2,Alex Riberas,2:11.513,47.321,48.794,35.398,93.0,35:08.355,131513,0,0,8
2016,19_Circuit of the Americas,Circuit of the Americas,circuit-of-the-americas,2016-09-17,201609171135_Race,23,17,2,Alex Riberas,2:22.934,56.950,50.532,35.452,85.6,37:31.289,142934,0,0,8
2016,19_Circuit of the Americas,Circuit of the Americas,circuit-of-the-americas,2016-09-17,201609171135_Race,23,18,2,Alex Riberas,2:55.787,48.711,1:19.537,47.539,69.6,40:27.076,175787,0,0,8
2016,19_Circuit of the Americas,Circuit of the Americas,circuit-of-the-americas,2016-09-17,201609171135_Race,23,19,2,Alex Riberas,4:11.712,1:16.339,1:19.789,1:35.584,48.6,44:38.788,251712,0,1,8
2016,19_Circuit of the Americas,Circuit of the Americas,circuit-of-the-americas,2016-09-17,201609171135_Race,23,20,2,Alex Riberas,3:12.629,1:04.039,1:20.148,48.442,63.5,47:51.417,192629,0,0,8
2016,19_Circuit of the Americas,Circuit of the Americas,circuit-of-the-americas,2016-09-17,201609171135_Race,23,21,2,Alex Riberas,2:58.022,1:06.976,1:16.426,34.620,68.7,50:49.439,178022,0,0,9
2016,19_Circuit of the Americas,Circuit of the Americas,circuit-of-the-americas,2016-09-17,201609171135_Race,23,22,2,Alex Riberas,2:18.102,48.156,50.998,38.948,88.6,53:07.541,138102,0,0,9
2016,19_Circuit of the Americas,Circuit of the Americas,circuit-of-the-americas,2016-09-17,201609171135_Race,23,23,2,Alex Riberas,3:24.734,1:05.778,1:26.698,52.258,59.7,56:32.275,204734,0,0,9
2016,19_Circuit of the Americas,Circuit of the Americas,circuit-of-the-americas,2016-09-17,201609171135_Race,23,24,2,Alex Riberas,2:56.367,1:03.564,1:18.284,34.519,69.4,59:28.642,176367,0,0,9
2016,19_Circuit of the Americas,Circuit of the Americas,circuit-of-the-americas,2016-09-17,201609171135_Race,23,25,2,Alex Riberas,2:11.463,47.471,49.579,34.413,93.0,1:01:40.105,131463,0,0,9
2016,19_Circuit of the Americas,Circuit of the Americas,circuit-of-the-americas,2016-09-17,201609171135_Race,23,26,2,Alex Riberas,2:09.501,46.909,48.606,33.986,94.5,1:03:49.606,129501,0,0,9
2016,19_Circuit of the Americas,Circuit of the Americas,circuit-of-the-americas,2016-09-17,201609171135_Race,23,27,2,Alex Riberas,2:09.590,46.575,48.971,34.044,94.4,1:05:59.196,129590,0,0,9
2016,19_Circuit of the Americas,Circuit of the Americas,circuit-of-the-americas,2016-09-17,201609171135_Race,23,28,2,Alex Riberas,2:10.370,47.252,49.005,34.113,93.8,1:08:09.566,130370,0,0,9
2016,19_Circuit of the Americas,Circuit of the Americas,circuit-of-the-americas,2016-09-17,201609171135_Race,23,29,2,Alex Riberas,2:09.285,46.552,48.556,34.177,94.6,1:10:18.851,129285,0,0,9
2016,19_Circuit of the Americas,Circuit of the Americas,circuit-of-the-americas,2016-09-17,201609171135_Race,23,30,2,Alex Riberas,2:09.299,46.652,48.468,34.179,94.6,1:12:28.150,129299,0,0,9
2016,19_Circuit of the Americas,Circuit of the Americas,circuit-of-the-americas,2016-09-17,201609171135_Race,23,31,2,Alex Riberas,2:09.575,46.891,48.495,34.189,94.4,1:14:37.725,129575,0,0,9
2016,19_Circuit of the Americas,Circuit of the Americas,circuit-of-the-americas,2016-09-17,201609171135_Race,23,32,2,Alex Riberas,2:10.333,47.576,48.676,34.081,93.8,1:16:48.058,130333,0,0,9
2016,19_Circuit of the Americas,Circuit of the Americas,circuit-of-the-americas,2016-09-17,201609171135_Race,23,33,2,Alex Riberas,2:09.504,46.755,48.662,34.087,94.5,1:18:57.562,129504,0,0,9
2016,19_Circuit of the Americas,Circuit of the Americas,circuit-of-the-americas,2016-09-17,201609171135_Race,23,34,2,Alex Riberas,2:09.869,46.929,48.817,34.123,94.2,1:21:07.431,129869,0,0,9
2016,19_Circuit of the Americas,Circuit of the Americas,circuit-of-the-americas,2016-09-17,201609171135_Race,23,35,2,Alex Riberas,2:09.954,47.094,48.735,34.125,94.1,1:23:17.385,129954,0,0,9
2016,19_Circuit of the Americas,Circuit of the Americas,circuit-of-the-americas,2016-09-17,201609171135_Race,23,36,2,Alex Riberas,2:10.432,47.084,48.950,34.398,93.8,1:25:27.817,130432,0,0,9
2016,19_Circuit of the Americas,Circuit of the Americas,circuit-of-the-americas,2016-09-17,201609171135_Race,23,37,2,Alex Riberas,2:10.787,47.104,49.324,34.359,93.5,1:27:38.604,130787,0,0,9
2016,19_Circuit of the Americas,Circuit of the Americas,circuit-of-the-americas,2016-09-17,201609171135_Race,23,38,2,Alex Riberas,2:10.250,47.140,48.824,34.286,93.9,1:29:48.854,130250,0,0,9
2016,19_Circuit of the Americas,Circuit of the Americas,circuit-of-the-americas,2016-09-17,201609171135_Race,23,39,2,Alex Riberas,2:11.510,47.524,49.630,34.356,93.0,1:32:00.364,131510,0,0,9
2016,19_Circuit of the Americas,Circuit of the Americas,circuit-of-the-americas,2016-09-17,201609171135_Race,23,40,2,Alex Riberas,2:10.604,47.403,48.917,34.284,93.7,1:34:10.968,130604,0,0,9
2016,19_Circuit of the Americas,Circuit of the Americas,circuit-of-the-americas,2016-09-17,201609171135_Race,23,41,2,Alex Riberas,2:10.845,47.293,48.996,34.556,93.5,1:36:21.813,130845,0,0,9
2016,19_Circuit of the Americas,Circuit of the Americas,circuit-of-the-americas,2016-09-17,201609171135_Race,23,42,2,Alex Riberas,3:12.959,47.245,49.130,1:36.584,63.4,1:39:34.772,192959,0,1,9
2016,19_Circuit of the Americas,Circuit of the Americas,circuit-of-the-americas,2016-09-17,201609171135_Race,23,43,1,Mario Farnbacher,2:20.247,56.376,49.591,34.280,87.3,1:41:55.019,140247,0,0,9
2016,19_Circuit of the Americas,Circuit of the Americas,circuit-of-the-americas,2016-09-17,201609171135_Race,23,44,1,Mario Farnbacher,2:11.121,47.470,49.202,34.449,93.3,1:44:06.140,131121,0,0,9
2016,19_Circuit of the Americas,Circuit of the Americas,circuit-of-the-americas,2016-09-17,201609171135_Race,23,45,1,Mario Farnbacher,2:11.195,47.716,49.077,34.402,93.2,1:46:17.335,131195,0,0,9
2016,19_Circuit of the Americas,Circuit of the Americas,circuit-of-the-americas,2016-09-17,201609171135_Race,23,46,1,Mario Farnbacher,2:09.934,47.146,48.562,34.226,94.1,1:48:27.269,129934,0,0,9
2016,19_Circuit of the Americas,Circuit of the Americas,circuit-of-the-americas,2016-09-17,201609171135_Race,23,47,1,Mario Farnbacher,2:09.946,47.075,48.618,34.253,94.1,1:50:37.215,129946,0,0,9
2016,19_Circuit of the Americas,Circuit of the Americas,circuit-of-the-americas,2016-09-17,201609171135_Race,23,48,1,Mario Farnbacher,2:11.563,47.843,49.401,34.319,93.0,1:52:48.778,131563,0,0,9
2016,19_Circuit of the Americas,Circuit of the Americas,circuit-of-the-americas,2016-09-17,201609171135_Race,23,49,1,Mario Farnbacher,2:12.242,48.108,49.607,34.527,92.5,1:55:01.020,132242,0,0,9
2016,19_Circuit of the Americas,Circuit of the Americas,circuit-of-the-americas,2016-09-17,201609171135_Race,23,50,1,Mario Farnbacher,2:12.502,47.823,50.118,34.561,92.3,1:57:13.522,132502,0,0,9
2016,19_Circuit of the Americas,Circuit of the Americas,circuit-of-the-americas,2016-09-17,201609171135_Race,23,51,1,Mario Farnbacher,2:10.347,47.348,48.665,34.334,93.8,1:59:23.869,130347,0,0,9
2016,19_Circuit of the Americas,Circuit of the Americas,circuit-of-the-americas,2016-09-17,201609171135_Race,23,52,1,Mario Farnbacher,2:10.972,47.203,49.249,34.520,93.4,2:01:34.841,130972,0,0,9
2016,19_Circuit of the Americas,Circuit of the Americas,circuit-of-the-americas,2016-09-17,201609171135_Race,23,53,1,Mario Farnbacher,2:10.910,47.395,49.163,34.352,93.5,2:03:45.751,130910,0,0,9
2016,19_Circuit of the Americas,Circuit of the Americas,circuit-of-the-americas,2016-09-17,201609171135_Race,23,54,1,Mario Farnbacher,2:10.691,47.443,48.858,34.390,93.6,2:05:56.442,130691,0,0,9
2016,19_Circuit of the Americas,Circuit of the Americas,circuit-of-the-americas,2016-09-17,201609171135_Race,23,55,1,Mario Farnbacher,2:10.408,47.342,48.784,34.282,93.8,2:08:06.850,130408,0,0,9
2016,19_Circuit of the Americas,Circuit of the Americas,circuit-of-the-americas,2016-09-17,201609171135_Race,23,56,1,Mario Farnbacher,2:11.419,48.109,48.948,34.362,93.1,2:10:18.269,131419,0,0,9
2016,19_Circuit of the Americas,Circuit of the Americas,circuit-of-the-americas,2016-09-17,201609171135_Race,23,57,1,Mario Farnbacher,2:12.168,48.489,49.170,34.509,92.5,2:12:30.437,132168,0,0,9
2016,19_Circuit of the Americas,Circuit of the Americas,circuit-of-the-americas,2016-09-17,201609171135_Race,23,58,1,Mario Farnbacher,2:11.321,47.594,49.262,34.465,93.2,2:14:41.758,131321,0,0,9
2016,19_Circuit of the Americas,Circuit of the Americas,circuit-of-the-americas,2016-09-17,201609171135_Race,23,59,1,Mario Farnbacher,2:11.255,47.483,49.209,34.563,93.2,2:16:53.013,131255,0,0,9
2016,19_Circuit of the Americas,Circuit of the Americas,circuit-of-the-americas,2016-09-17,201609171135_Race,23,60,1,Mario Farnbacher,2:11.199,47.647,49.004,34.548,93.2,2:19:04.212,131199,0,0,9
2016,19_Circuit of the Americas,Circuit of the Americas,circuit-of-the-americas,2016-09-17,201609171135_Race,23,61,1,Mario Farnbacher,2:12.333,47.654,49.788,34.891,92.5,2:21:16.545,132333,0,0,9
2016,19_Circuit of the Americas,Circuit of the Americas,circuit-of-the-americas,2016-09-17,201609171135_Race,23,62,1,Mario Farnbacher,2:12.391,47.938,49.760,34.693,92.4,2:23:28.936,132391,0,0,9
2016,19_Circuit of the Americas,Circuit of the Americas,circuit-of-the-americas,2016-09-17,201609171135_Race,23,63,1,Mario Farnbacher,2:12.576,48.425,49.409,34.742,92.3,2:25:41.512,132576,0,0,9
2016,19_Circuit of the Americas,Circuit of the Americas,circuit-of-the-americas,2016-09-17,201609171135_Race,23,64,1,Mario Farnbacher,2:12.654,48.226,49.301,35.127,92.2,2:27:54.166,132654,0,0,9
2016,19_Circuit of the Americas,Circuit of the Americas,circuit-of-the-americas,2016-09-17,201609171135_Race,23,65,1,Mario Farnbacher,2:11.902,47.738,49.543,34.621,92.7,2:30:06.068,131902,0,0,9
2016,19_Circuit of the Americas,Circuit of the Americas,circuit-of-the-americas,2016-09-17,201609171135_Race,23,66,1,Mario Farnbacher,2:11.440,47.617,49.265,34.558,93.1,2:32:17.508,131440,0,0,9
2016,19_Circuit of the Americas,Circuit of the Americas,circuit-of-the-americas,2016-09-17,201609171135_Race,23,67,1,Mario Farnbacher,2:11.823,47.686,49.445,34.692,92.8,2:34:29.331,131823,0,0,9
2016,19_Circuit of the Americas,Circuit of the Americas,circuit-of-the-americas,2016-09-17,201609171135_Race,23,68,1,Mario Farnbacher,2:11.784,47.842,49.364,34.578,92.8,2:36:41.115,131784,0,0,9
2016,19_Circuit of the Americas,Circuit of the Americas,circuit-of-the-americas,2016-09-17,201609171135_Race,23,69,1,Mario Farnbacher,2:12.022,47.834,49.468,34.720,92.7,2:38:53.137,132022,0,0,9
2016,19_Circuit of the Americas,Circuit of the Americas,circuit-of-the-americas,2016-09-17,201609171135_Race,23,70,1,Mario Farnbacher,2:12.676,48.039,49.599,35.038,92.2,2:41:05.813,132676,0,0,9
2016,19_Circuit of the Americas,Circuit of the Americas,circuit-of-the-americas,2016-09-17,201609171135_Race,25,1,2,Dirk Werner,2:35.726,1:14.587,47.889,33.250,78.6,2:35.726,,,0,9
2016,19_Circuit of the Americas,Circuit of the Americas,circuit-of-the-americas,2016-09-17,201609171135_Race,25,2,2,Dirk Werner,2:06.059,45.513,47.445,33.101,97.1,4:41.785,126059,0,0,9
2016,19_Circuit of the Americas,Circuit of the Americas,circuit-of-the-americas,2016-09-17,201609171135_Race,25,3,2,Dirk Werner,2:05.613,45.275,47.362,32.976,97.4,6:47.398,125613,0,0,9
2016,19_Circuit of the Americas,Circuit of the Americas,circuit-of-the-americas,2016-09-17,201609171135_Race,25,4,2,Dirk Werner,2:05.601,45.410,47.346,32.845,97.4,8:52.999,125601,0,0,9
2016,19_Circuit of the Americas,Circuit of the Americas,circuit-of-the-americas,2016-09-17,201609171135_Race,25,5,2,Dirk Werner,2:05.949,45.358,47.619,32.972,97.1,10:58.948,125949,0,0,9
2016,19_Circuit of the Americas,Circuit of the Americas,circuit-of-the-americas,2016-09-17,201609171135_Race,25,6,2,Dirk Werner,2:21.904,45.507,47.736,48.661,86.2,13:20.852,141904,0,1,9
2016,19_Circuit of the Americas,Circuit of the Americas,circuit-of-the-americas,2016-09-17,201609171135_Race,25,7,2,Dirk Werner,2:13.942,52.822,47.585,33.535,91.4,15:34.794,133942,0,0,9
2016,19_Circuit of the Americas,Circuit of the Americas,circuit-of-the-americas,2016-09-17,201609171135_Race,25,8,2,Dirk Werner,2:05.897,45.475,47.300,33.122,97.2,17:40.691,125897,0,0,9
2016,19_Circuit of the Americas,Circuit of the Americas,circuit-of-the-americas,2016-09-17,201609171135_Race,25,9,2,Dirk Werner,2:05.470,45.148,47.399,32.923,97.5,19:46.161,125470,0,0,9
2016,19_Circuit of the Americas,Circuit of the Americas,circuit-of-the-americas,2016-09-17,201609171135_Race,25,10,2,Dirk Werner,2:05.947,45.240,47.549,33.158,97.1,21:52.108,125947,0,0,9
2016,19_Circuit of the Americas,Circuit of the Americas,circuit-of-the-americas,2016-09-17,201609171135_Race,25,11,2,Dirk Werner,2:07.307,46.912,47.523,32.872,96.1,23:59.415,127307,0,0,9
2016,19_Circuit of the Americas,Circuit of the Americas,circuit-of-the-americas,2016-09-17,201609171135_Race,25,12,2,Dirk Werner,2:06.083,45.758,47.409,32.916,97.0,26:05.498,126083,0,0,9
2016,19_Circuit of the Americas,Circuit of the Americas,circuit-of-the-americas,2016-09-17,201609171135_Race,25,13,2,Dirk Werner,2:05.732,45.221,47.551,32.960,97.3,28:11.230,125732,0,0,9
2016,19_Circuit of the Americas,Circuit of the Americas,circuit-of-the-americas,2016-09-17,201609171135_Race,25,14,2,Dirk Werner,2:06.382,45.421,47.424,33.537,96.8,30:17.612,126382,0,0,9
2016,19_Circuit of the Americas,Circuit of the Americas,circuit-of-the-americas,2016-09-17,201609171135_Race,25,15,2,Dirk Werner,2:07.292,46.836,47.447,33.009,96.1,32:24.904,127292,0,0,9
2016,19_Circuit of the Americas,Circuit of the Americas,circuit-of-the-americas,2016-09-17,201609171135_Race,25,16,2,Dirk Werner,2:06.457,45.358,47.423,33.676,96.8,34:31.361,126457,0,0,9
2016,19_Circuit of the Americas,Circuit of the Americas,circuit-of-the-americas,2016-09-17,201609171135_Race,25,17,2,Dirk Werner,2:25.648,46.815,49.392,49.441,84.0,36:57.009,145648,0,0,9
2016,19_Circuit of the Americas,Circuit of the Americas,circuit-of-the-americas,2016-09-17,201609171135_Race,25,18,2,Dirk Werner,2:35.593,1:10.788,50.040,34.765,78.6,39:32.602,155593,0,0,9
2016,19_Circuit of the Americas,Circuit of the Americas,circuit-of-the-americas,2016-09-17,201609171135_Race,25,19,2,Dirk Werner,2:09.460,46.915,48.781,33.764,94.5,41:42.062,129460,0,0,9
2016,19_Circuit of the Americas,Circuit of the Americas,circuit-of-the-americas,2016-09-17,201609171135_Race,25,20,2,Dirk Werner,3:23.614,51.168,1:12.538,1:19.908,60.0,45:05.676,203614,0,1,9
2016,19_Circuit of the Americas,Circuit of the Americas,circuit-of-the-americas,2016-09-17,201609171135_Race,25,21,1,Bill Auberlen,2:57.749,1:00.526,1:09.804,47.419,68.8,48:03.425,177749,0,0,9
2016,19_Circuit of the Americas,Circuit of the Americas,circuit-of-the-americas,2016-09-17,201609171135_Race,25,22,1,Bill Auberlen,2:57.104,1:06.372,1:15.986,34.746,69.0,51:00.529,177104,0,0,9
2016,19_Circuit of the Americas,Circuit of the Americas,circuit-of-the-americas,2016-09-17,201609171135_Race,25,23,1,Bill Auberlen,2:18.089,47.328,49.280,41.481,88.6,53:18.618,138089,0,0,9
2016,19_Circuit of the Americas,Circuit of the Americas,circuit-of-the-americas,2016-09-17,201609171135_Race,25,24,1,Bill Auberlen,3:23.809,1:03.222,1:30.009,50.578,60.0,56:42.427,203809,0,0,9
2016,19_Circuit of the Americas,Circuit of the Americas,circuit-of-the-americas,2016-09-17,201609171135_Race,25,25,1,Bill Auberlen,2:53.079,1:03.362,1:15.811,33.906,70.7,59:35.506,173079,0,0,9
2016,19_Circuit of the Americas,Circuit of the Americas,circuit-of-the-americas,2016-09-17,201609171135_Race,25,26,1,Bill Auberlen,2:10.906,48.079,48.371,34.456,93.5,1:01:46.412,130906,0,0,9
2016,19_Circuit of the Americas,Circuit of the Americas,circuit-of-the-americas,2016-09-17,201609171135_Race,25,27,1,Bill Auberlen,2:08.062,46.173,48.201,33.688,95.5,1:03:54.474,128062,0,0,9
2016,19_Circuit of the Americas,Circuit of the Americas,circuit-of-the-americas,2016-09-17,201609171135_Race,25,28,1,Bill Auberlen,2:05.973,45.556,47.409,33.008,97.1,1:06:00.447,125973,0,0,9
2016,19_Circuit of the Americas,Circuit of the Americas,circuit-of-the-americas,2016-09-17,201609171135_Race,25,29,1,Bill Auberlen,2:06.676,46.197,47.518,32.961,96.6,1:08:07.123,126676,0,0,9
2016,19_Circuit of the Americas,Circuit of the Americas,circuit-of-the-americas,2016-09-17,201609171135_Race,25,30,1,Bill Auberlen,2:05.673,45.305,47.305,33.063,97.3,1:10:12.796,125673,0,0,9
2016,19_Circuit of the Americas,Circuit of the Americas,circuit-of-the-americas,2016-09-17,201609171135_Race,25,31,1,Bill Auberlen,2:05.820,45.427,47.325,33.068,97.3,1:12:18.616,125820,0,0,9
2016,19_Circuit of the Americas,Circuit of the Americas,circuit-of-the-americas,2016-09-17,201609171135_Race,25,32,1,Bill Auberlen,2:06.458,45.632,47.667,33.159,96.8,1:14:25.074,126458,0,0,9
2016,19_Circuit of the Americas,Circuit of the Americas,circuit-of-the-americas,2016-09-17,201609171135_Race,25,33,1,Bill Auberlen,2:07.512,46.045,47.737,33.730,96.0,1:16:32.586,127512,0,0,9
2016,19_Circuit of the Americas,Circuit of the Americas,circuit-of-the-americas,2016-09-17,201609171135_Race,25,34,1,Bill Auberlen,2:06.513,46.043,47.400,33.070,96.7,1:18:39.099,126513,0,0,9
2016,19_Circuit of the Americas,Circuit of the Americas,circuit-of-the-americas,2016-09-17,201609171135_Race,25,35,1,Bill Auberlen,2:06.417,45.728,47.661,33.028,96.8,1:20:45.516,126417,0,0,9
2016,19_Circuit of the Americas,Circuit of the Americas,circuit-of-the-americas,2016-09-17,201609171135_Race,25,36,1,Bill Auberlen,2:06.766,45.926,47.544,33.296,96.5,1:22:52.282,126766,0,0,9
2016,19_Circuit of the Americas,Circuit of the Americas,circuit-of-the-americas,2016-09-17,201609171135_Race,25,37,1,Bill Auberlen,2:06.985,46.238,47.691,33.056,96.3,1:24:59.267,126985,0,0,9
2016,19_Circuit of the Americas,Circuit of the Americas,circuit-of-the-americas,2016-09-17,201609171135_Race,25,38,1,Bill Auberlen,2:06.697,45.893,47.554,33.250,96.6,1:27:05.964,126697,0,0,9
2016,19_Circuit of the Americas,Circuit of the Americas,circuit-of-the-americas,2016-09-17,201609171135_Race,25,39,1,Bill Auberlen,2:06.974,45.890,47.694,33.390,96.3,1:29:12.938,126974,0,0,9
2016,19_Circuit of the Americas,Circuit of the Americas,circuit-of-the-americas,2016-09-17,201609171135_Race,25,40,1,Bill Auberlen,2:06.545,45.779,47.640,33.126,96.7,1:31:19.483,126545,0,0,9
2016,19_Circuit of the Americas,Circuit of the Americas,circuit-of-the-americas,2016-09-17,201609171135_Race,25,41,1,Bill Auberlen,2:07.093,45.861,47.955,33.277,96.3,1:33:26.576,127093,0,0,9
2016,19_Circuit of the Americas,Circuit of the Americas,circuit-of-the-americas,2016-09-17,201609171135_Race,25,42,1,Bill Auberlen,2:08.164,46.699,48.127,33.338,95.5,1:35:34.740,128164,0,0,9
2016,19_Circuit of the Americas,Circuit of the Americas,circuit-of-the-americas,2016-09-17,201609171135_Race,25,43,1,Bill Auberlen,2:07.053,45.952,47.791,33.310,96.3,1:37:41.793,127053,0,0,9
2016,19_Circuit of the Americas,Circuit of the Americas,circuit-of-the-americas,2016-09-17,201609171135_Race,25,44,1,Bill Auberlen,2:07.108,46.083,47.600,33.425,96.3,1:39:48.901,127108,0,0,9
2016,19_Circuit of the Americas,Circuit of the Americas,circuit-of-the-americas,2016-09-17,201609171135_Race,25,45,1,Bill Auberlen,2:50.250,46.231,47.876,1:16.143,71.8,1:42:39.151,170250,0,1,9
2016,19_Circuit of the Americas,Circuit of the Americas,circuit-of-the-americas,2016-09-17,201609171135_Race,25,46,2,Dirk Werner,2:17.521,55.691,48.259,33.571,88.9,1:44:56.672,137521,0,0,9
2016,19_Circuit of the Americas,Circuit of the Americas,circuit-of-the-americas,2016-09-17,201609171135_Race,25,47,2,Dirk Werner,2:06.963,46.106,47.659,33.198,96.4,1:47:03.635,126963,0,0,9
2016,19_Circuit of the Americas,Circuit of the Americas,circuit-of-the-americas,2016-09-17,201609171135_Race,25,48,2,Dirk Werner,2:06.400,45.466,47.736,33.198,96.8,1:49:10.035,126400,0,0,9
2016,19_Circuit of the Americas,Circuit of the Americas,circuit-of-the-americas,2016-09-17,201609171135_Race,25,49,2,Dirk Werner,2:05.932,45.441,47.382,33.109,97.1,1:51:15.967,125932,0,0,9
2016,19_Circuit of the Americas,Circuit of the Americas,circuit-of-the-americas,2016-09-17,201609171135_Race,25,50,2,Dirk Werner,2:07.179,46.253,47.733,33.193,96.2,1:53:23.146,127179,0,0,9
2016,19_Circuit of the Americas,Circuit of the Americas,circuit-of-the-americas,2016-09-17,201609171135_Race,25,51,2,Dirk Werner,2:06.381,45.572,47.654,33.155,96.8,1:55:29.527,126381,0,0,9
2016,19_Circuit of the Americas,Circuit of the Americas,circuit-of-the-americas,2016-09-17,201609171135_Race,25,52,2,Dirk Werner,2:08.057,47.212,47.789,33.056,95.5,1:57:37.584,128057,0,0,9
2016,19_Circuit of the Americas,Circuit of the Americas,circuit-of-the-americas,2016-09-17,201609171135_Race,25,53,2,Dirk Werner,2:06.573,45.838,47.511,33.224,96.6,1:59:44.157,126573,0,0,9
2016,19_Circuit of the Americas,Circuit of the Americas,circuit-of-the-americas,2016-09-17,201609171135_Race,25,54,2,Dirk Werner,2:06.843,45.833,47.573,33.437,96.4,2:01:51.000,126843,0,0,9
2016,19_Circuit of the Americas,Circuit of the Americas,circuit-of-the-americas,2016-09-17,201609171135_Race,25,55,2,Dirk Werner,2:08.365,47.448,47.850,33.067,95.3,2:03:59.365,128365,0,0,9
2016,19_Circuit of the Americas,Circuit of the Americas,circuit-of-the-americas,2016-09-17,201609171135_Race,25,56,2,Dirk Werner,2:06.083,45.435,47.444,33.204,97.0,2:06:05.448,126083,0,0,9
2016,19_Circuit of the Americas,Circuit of the Americas,circuit-of-the-americas,2016-09-17,201609171135_Race,25,57,2,Dirk Werner,2:07.408,46.034,47.608,33.766,96.0,2:08:12.856,127408,0,0,9
2016,19_Circuit of the Americas,Circuit of the Americas,circuit-of-the-americas,2016-09-17,201609171135_Race,25,58,2,Dirk Werner,2:06.338,45.504,47.626,33.208,96.8,2:10:19.194,126338,0,0,9
2016,19_Circuit of the Americas,Circuit of the Americas,circuit-of-the-americas,2016-09-17,201609171135_Race,25,59,2,Dirk Werner,2:07.563,46.510,47.762,33.291,95.9,2:12:26.757,127563,0,0,9
2016,19_Circuit of the Americas,Circuit of the Americas,circuit-of-the-americas,2016-09-17,201609171135_Race,25,60,2,Dirk Werner,2:07.586,46.363,47.840,33.383,95.9,2:14:34.343,127586,0,0,9
2016,19_Circuit of the Americas,Circuit of the Americas,circuit-of-the-americas,2016-09-17,201609171135_Race,25,61,2,Dirk Werner,2:08.968,46.583,49.090,33.295,94.8,2:16:43.311,128968,0,0,9
2016,19_Circuit of the Americas,Circuit of the Americas,circuit-of-the-americas,2016-09-17,201609171135_Race,25,62,2,Dirk Werner,2:07.309,46.074,47.853,33.382,96.1,2:18:50.620,127309,0,0,9
2016,19_Circuit of the Americas,Circuit of the Americas,circuit-of-the-americas,2016-09-17,201609171135_Race,25,63,2,Dirk Werner,2:07.239,45.891,48.105,33.243,96.1,2:20:57.859,127239,0,0,9
2016,19_Circuit of the Americas,Circuit of the Americas,circuit-of-the-americas,2016-09-17,201609171135_Race,25,64,2,Dirk Werner,2:07.466,46.122,47.932,33.412,96.0,2:23:05.325,127466,0,0,9
2016,19_Circuit of the Americas,Circuit of the Americas,circuit-of-the-americas,2016-09-17,201609171135_Race,25,65,2,Dirk Werner,2:07.489,46.201,47.979,33.309,96.0,2:25:12.814,127489,0,0,10
2016,19_Circuit of the Americas,Circuit of the Americas,circuit-of-the-americas,2016-09-17,201609171135_Race,25,66,2,Dirk Werner,2:07.949,45.975,48.647,33.327,95.6,2:27:20.763,127949,0,0,10
2016,19_Circuit of the Americas,Circuit of the Americas,circuit-of-the-americas,2016-09-17,201609171135_Race,25,67,2,Dirk Werner,2:06.909,45.805,47.885,33.219,96.4,2:29:27.672,126909,0,0,10
2016,19_Circuit of the Americas,Circuit of the Americas,circuit-of-the-americas,2016-09-17,201609171135_Race,25,68,2,Dirk Werner,2:07.115,45.807,48.032,33.276,96.3,2:31:34.787,127115,0,0,10
2016,19_Circuit of the Americas,Circuit of the Americas,circuit-of-the-americas,2016-09-17,201609171135_Race,25,69,2,Dirk Werner,2:08.999,47.808,47.951,33.240,94.8,2:33:43.786,128999,0,0,10
2016,19_Circuit of the Americas,Circuit of the Americas,circuit-of-the-americas,2016-09-17,201609171135_Race,25,70,2,Dirk Werner,2:08.773,46.332,48.430,34.011,95.0,2:35:52.559,128773,0,0,10
2016,19_Circuit of the Americas,Circuit of the Americas,circuit-of-the-americas,2016-09-17,201609171135_Race,25,71,2,Dirk Werner,2:07.101,45.808,47.920,33.373,96.3,2:37:59.660,127101,0,0,10
2016,19_Circuit of the Americas,Circuit of the Americas,circuit-of-the-americas,2016-09-17,201609171135_Race,25,72,2,Dirk Werner,2:07.617,45.810,48.275,33.532,95.9,2:40:07.277,127617,0,0,10
2016,19_Circuit of the Americas,Circuit of the Americas,circuit-of-the-americas,2016-09-17,201609171135_Race,25,73,2,Dirk Werner,2:11.312,47.149,49.852,34.311,93.2,2:42:18.589,131312,0,0,10
2016,19_Circuit of the Americas,Circuit of the Americas,circuit-of-the-americas,2016-09-17,201609171135_Race,26,1,1,Don Yount,2:12.822,51.133,48.793,32.896,92.1,2:12.822,,,0,10
2016,19_Circuit of the Americas,Circuit of the Americas,circuit-of-the-americas,2016-09-17,201609171135_Race,26,2,1,Don Yount,2:06.955,46.450,47.816,32.689,96.4,4:19.777,126955,0,0,10
2016,19_Circuit of the Americas,Circuit of the Americas,circuit-of-the-americas,2016-09-17,201609171135_Race,26,3,1,Don Yount,2:06.587,45.855,48.092,32.640,96.6,6:26.364,126587,0,0,10
2016,19_Circuit of the Americas,Circuit of the Americas,circuit-of-the-americas,2016-09-17,201609171135_Race,26,4,1,Don Yount,2:05.677,45.621,47.493,32.563,97.3,8:32.041,125677,0,0,10
2016,19_Circuit of the Americas,Circuit of the Americas,circuit-of-the-americas,2016-09-17,201609171135_Race,26,5,1,Don Yount,2:06.222,45.638,48.298,32.286,96.9,10:38.263,126222,0,0,10
2016,19_Circuit of the Americas,Circuit of the Americas,circuit-of-the-americas,2016-09-17,201609171135_Race,26,6,1,Don Yount,2:07.205,45.896,48.091,33.218,96.2,12:45.468,127205,0,0,10
2016,19_Circuit of the Americas,Circuit of the Americas,circuit-of-the-americas,2016-09-17,201609171135_Race,26,7,1,Don Yount,2:07.463,46.716,48.039,32.708,96.0,14:52.931,127463,0,0,10
2016,19_Circuit of the Americas,Circuit of the Americas,circuit-of-the-americas,2016-09-17,201609171135_Race,26,8,1,Don Yount,2:06.540,45.984,47.782,32.774,96.7,16:59.471,126540,0,0,10
2016,19_Circuit of the Americas,Circuit of the Americas,circuit-of-the-americas,2016-09-17,201609171135_Race,26,9,1,Don Yount,2:07.080,46.198,47.778,33.104,96.3,19:06.551,127080,0,0,10
2016,19_Circuit of the Americas,Circuit of the Americas,circuit-of-the-americas,2016-09-17,201609171135_Race,26,10,1,Don Yount,2:07.820,46.579,48.359,32.882,95.7,21:14.371,127820,0,0,10
2016,19_Circuit of the Americas,Circuit of the Americas,circuit-of-the-americas,2016-09-17,201609171135_Race,26,11,1,Don Yount,2:06.746,46.025,48.014,32.707,96.5,23:21.117,126746,0,0,10
2016,19_Circuit of the Americas,Circuit of the Americas,circuit-of-the-americas,2016-09-17,201609171135_Race,26,12,1,Don Yount,2:06.184,45.814,47.742,32.628,96.9,25:27.301,126184,0,0,10
2016,19_Circuit of the Americas,Circuit of the Americas,circuit-of-the-americas,2016-09-17,201609171135_Race,26,13,1,Don Yount,2:07.689,46.771,47.853,33.065,95.8,27:34.990,127689,0,0,10
2016,19_Circuit of the Americas,Circuit of the Americas,circuit-of-the-americas,2016-09-17,201609171135_Race,26,14,1,Don Yount,2:07.113,45.881,48.238,32.994,96.3,29:42.103,127113,0,0,10
2016,19_Circuit of the Americas,Circuit of the Americas,circuit-of-the-americas,2016-09-17,201609171135_Race,26,15,1,Don Yount,2:08.544,46.767,48.823,32.954,95.1,31:50.647,128544,0,0,10
2016,19_Circuit of the Americas,Circuit of the Americas,circuit-of-the-americas,2016-09-17,201609171135_Race,26,16,1,Don Yount,2:10.121,47.978,49.150,32.993,94.0,34:00.768,130121,0,0,10
2016,19_Circuit of the Americas,Circuit of the Americas,circuit-of-the-americas,2016-09-17,201609171135_Race,26,17,1,Don Yount,2:18.178,46.865,56.067,35.246,88.6,36:18.946,138178,0,0,10
2016,19_Circuit of the Americas,Circuit of the Americas,circuit-of-the-americas,2016-09-17,201609171135_Race,26,18,1,Don Yount,2:16.321,51.088,50.781,34.452,89.7,38:35.267,136321,0,0,10
2016,19_Circuit of the Americas,Circuit of the Americas,circuit-of-the-americas,2016-09-17,201609171135_Race,26,19,1,Don Yount,2:15.278,50.010,50.585,34.683,90.4,40:50.545,135278,0,0,10
2016,19_Circuit of the Americas,Circuit of the Americas,circuit-of-the-americas,2016-09-17,201609171135_Race,26,20,1,Don Yount,3:11.762,1:05.242,1:21.207,45.313,63.8,44:02.307,191762,0,0,10
2016,19_Circuit of the Americas,Circuit of the Americas,circuit-of-the-americas,2016-09-17,201609171135_Race,26,21,1,Don Yount,3:26.545,1:15.977,1:22.789,47.779,59.2,47:28.852,206545,0,0,10
2016,19_Circuit of the Americas,Circuit of the Americas,circuit-of-the-americas,2016-09-17,201609171135_Race,26,22,1,Don Yount,3:10.287,1:11.814,1:14.118,44.355,64.3,50:39.139,190287,0,0,10
2016,19_Circuit of the Americas,Circuit of the Americas,circuit-of-the-americas,2016-09-17,201609171135_Race,26,23,1,Don Yount,2:20.257,49.416,49.558,41.283,87.2,52:59.396,140257,0,0,10
2016,19_Circuit of the Americas,Circuit of the Americas,circuit-of-the-americas,2016-09-17,201609171135_Race,26,24,1,Don Yount,3:22.814,1:06.523,1:24.753,51.538,60.3,56:22.210,202814,0,0,10
2016,19_Circuit of the Americas,Circuit of the Americas,circuit-of-the-americas,2016-09-17,201609171135_Race,26,25,1,Don Yount,2:53.704,1:03.598,1:14.196,35.910,70.4,59:15.914,173704,0,0,10
2016,19_Circuit of the Americas,Circuit of the Americas,circuit-of-the-americas,2016-09-17,201609171135_Race,26,26,1,Don Yount,2:11.847,47.917,49.177,34.753,92.8,1:01:27.761,131847,0,0,10
2016,19_Circuit of the Americas,Circuit of the Americas,circuit-of-the-americas,2016-09-17,201609171135_Race,26,27,1,Don Yount,2:09.507,46.888,49.453,33.166,94.5,1:03:37.268,129507,0,0,10
2016,19_Circuit of the Americas,Circuit of the Americas,circuit-of-the-americas,2016-09-17,201609171135_Race,26,28,1,Don Yount,2:07.808,46.636,48.271,32.901,95.7,1:05:45.076,127808,0,0,10
2016,19_Circuit of the Americas,Circuit of the Americas,circuit-of-the-americas,2016-09-17,201609171135_Race,26,29,1,Don Yount,2:10.721,47.431,49.466,33.824,93.6,1:07:55.797,130721,0,0,10
2016,19_Circuit of the Americas,Circuit of the Americas,circuit-of-the-americas,2016-09-17,201609171135_Race,26,30,1,Don Yount,2:08.497,46.664,48.453,33.380,95.2,1:10:04.294,128497,0,0,10
2016,19_Circuit of the Americas,Circuit of the Americas,circuit-of-the-americas,2016-09-17,201609171135_Race,26,31,1,Don Yount,3:17.416,48.087,50.200,1:39.129,62.0,1:13:21.710,197416,0,1,10
2016,19_Circuit of the Americas,Circuit of the Americas,circuit-of-the-americas,2016-09-17,201609171135_Race,26,32,2,John Falb,2:15.840,54.845,48.282,32.713,90.0,1:15:37.550,135840,0,0,10
2016,19_Circuit of the Americas,Circuit of the Americas,circuit-of-the-americas,2016-09-17,201609171135_Race,26,33,2,John Falb,2:06.810,46.192,48.124,32.494,96.4,1:17:44.360,126810,0,0,10
2016,19_Circuit of the Americas,Circuit of the Americas,circuit-of-the-americas,2016-09-17,201609171135_Race,26,34,2,John Falb,2:06.736,45.945,47.987,32.804,96.5,1:19:51.096,126736,0,0,10
2016,19_Circuit of the Americas,Circuit of the Americas,circuit-of-the-americas,2016-09-17,201609171135_Race,26,35,2,John Falb,2:08.683,45.985,49.708,32.990,95.1,1:21:59.779,128683,0,0,10
2016,19_Circuit of the Americas,Circuit of the Americas,circuit-of-the-americas,2016-09-17,201609171135_Race,26,36,2,John Falb,2:06.620,45.887,47.859,32.874,96.6,1:24:06.399,126620,0,0,10
2016,19_Circuit of the Americas,Circuit of the Americas,circuit-of-the-americas,2016-09-17,201609171135_Race,26,37,2,John Falb,2:05.885,45.867,47.609,32.409,97.2,1:26:12.284,125885,0,0,10
2016,19_Circuit of the Americas,Circuit of the Americas,circuit-of-the-americas,2016-09-17,201609171135_Race,26,38,2,John Falb,2:06.154,45.797,47.651,32.706,96.9,1:28:18.438,126154,0,0,10
2016,19_Circuit of the Americas,Circuit of the Americas,circuit-of-the-americas,2016-09-17,201609171135_Race,26,39,2,John Falb,2:08.821,47.586,48.399,32.836,95.0,1:30:27.259,128821,0,0,10
2016,19_Circuit of the Americas,Circuit of the Americas,circuit-of-the-americas,2016-09-17,201609171135_Race,26,40,2,John Falb,2:08.925,46.904,49.215,32.806,94.9,1:32:36.184,128925,0,0,10
2016,19_Circuit of the Americas,Circuit of the Americas,circuit-of-the-americas,2016-09-17,201609171135_Race,26,41,2,John Falb,2:08.109,46.805,48.459,32.845,95.5,1:34:44.293,128109,0,0,10
2016,19_Circuit of the Americas,Circuit of the Americas,circuit-of-the-americas,2016-09-17,201609171135_Race,26,42,2,John Falb,2:07.124,46.532,47.855,32.737,96.3,1:36:51.417,127124,0,0,10
2016,19_Circuit of the Americas,Circuit of the Americas,circuit-of-the-americas,2016-09-17,201609171135_Race,26,43,2,John Falb,2:07.284,46.818,47.942,32.524,96.1,1:38:58.701,127284,0,0,10
2016,19_Circuit of the Americas,Circuit of the Americas,circuit-of-the-americas,2016-09-17,201609171135_Race,26,44,2,John Falb,2:06.592,46.190,47.800,32.602,96.6,1:41:05.293,126592,0,0,10
2016,19_Circuit of the Americas,Circuit of the Americas,circuit-of-the-americas,2016-09-17,201609171135_Race,26,45,2,John Falb,2:07.674,46.410,48.002,33.262,95.8,1:43:12.967,127674,0,0,10
2016,19_Circuit of the Americas,Circuit of the Americas,circuit-of-the-americas,2016-09-17,201609171135_Race,26,46,2,John Falb,2:08.351,46.554,48.733,33.064,95.3,1:45:21.318,128351,0,0,10
2016,19_Circuit of the Americas,Circuit of the Americas,circuit-of-the-americas,2016-09-17,201609171135_Race,26,47,2,John Falb,2:09.285,47.009,49.051,33.225,94.6,1:47:30.603,129285,0,0,10
2016,19_Circuit of the Americas,Circuit of the Americas,circuit-of-the-americas,2016-09-17,201609171135_Race,26,48,2,John Falb,2:08.513,47.176,48.218,33.119,95.2,1:49:39.116,128513,0,0,10
2016,19_Circuit of the Americas,Circuit of the Americas,circuit-of-the-americas,2016-09-17,201609171135_Race,26,49,2,John Falb,2:08.138,46.633,48.100,33.405,95.5,1:51:47.254,128138,0,0,10
2016,19_Circuit of the Americas,Circuit of the Americas,circuit-of-the-americas,2016-09-17,201609171135_Race,26,50,2,John Falb,2:07.320,46.386,48.203,32.731,96.1,1:53:54.574,127320,0,0,10
2016,19_Circuit of the Americas,Circuit of the Americas,circuit-of-the-americas,2016-09-17,201609171135_Race,26,51,2,John Falb,2:07.820,46.639,48.300,32.881,95.7,1:56:02.394,127820,0,0,10
2016,19_Circuit of the Americas,Circuit of the Americas,circuit-of-the-americas,2016-09-17,201609171135_Race,26,52,2,John Falb,2:07.347,46.502,48.126,32.719,96.1,1:58:09.741,127347,0,0,10
2016,19_Circuit of the Americas,Circuit of the Americas,circuit-of-the-americas,2016-09-17,201609171135_Race,26,53,2,John Falb,2:07.488,46.438,47.932,33.118,96.0,2:00:17.229,127488,0,0,10
2016,19_Circuit of the Americas,Circuit of the Americas,circuit-of-the-americas,2016-09-17,201609171135_Race,26,54,2,John Falb,2:06.758,46.302,47.789,32.667,96.5,2:02:23.987,126758,0,0,10
2016,19_Circuit of the Americas,Circuit of the Americas,circuit-of-the-americas,2016-09-17,201609171135_Race,26,55,2,John Falb,2:09.215,47.781,48.398,33.036,94.6,2:04:33.202,129215,0,0,10
2016,19_Circuit of the Americas,Circuit of the Americas,circuit-of-the-americas,2016-09-17,201609171135_Race,26,56,2,John Falb,2:06.856,46.344,47.921,32.591,96.4,2:06:40.058,126856,0,0,10
2016,19_Circuit of the Americas,Circuit of the Americas,circuit-of-the-americas,2016-09-17,201609171135_Race,26,57,2,John Falb,2:09.236,46.646,48.927,33.663,94.6,2:08:49.294,129236,0,0,10
2016,19_Circuit of the Americas,Circuit of the Americas,circuit-of-the-americas,2016-09-17,201609171135_Race,26,58,2,John Falb,2:07.569,46.666,48.289,32.614,95.9,2:10:56.863,127569,0,0,10
2016,19_Circuit of the Americas,Circuit of the Americas,circuit-of-the-americas,2016-09-17,201609171135_Race,26,59,2,John Falb,3:06.658,46.533,48.206,1:31.919,65.5,2:14:03.521,186658,0,1,10
2016,19_Circuit of the Americas,Circuit of the Americas,circuit-of-the-americas,2016-09-17,201609171135_Race,26,60,2,John Falb,2:17.645,56.779,48.214,32.652,88.9,2:16:21.166,137645,0,0,10
2016,19_Circuit of the Americas,Circuit of the Americas,circuit-of-the-americas,2016-09-17,201609171135_Race,26,61,2,John Falb,2:07.428,46.721,47.826,32.881,96.0,2:18:28.594,127428,0,0,10
2016,19_Circuit of the Americas,Circuit of the Americas,circuit-of-the-americas,2016-09-17,201609171135_Race,26,62,2,John Falb,2:07.266,45.864,48.418,32.984,96.1,2:20:35.860,127266,0,0,10
2016,19_Circuit of the Americas,Circuit of the Americas,circuit-of-the-americas,2016-09-17,201609171135_Race,26,63,2,John Falb,2:05.770,46.018,47.294,32.458,97.3,2:22:41.630,125770,0,0,10
2016,19_Circuit of the Americas,Circuit of the Americas,circuit-of-the-americas,2016-09-17,201609171135_Race,26,64,2,John Falb,2:08.436,46.336,47.893,34.207,95.3,2:24:50.066,128436,0,0,10
2016,19_Circuit of the Americas,Circuit of the Americas,circuit-of-the-americas,2016-09-17,201609171135_Race,26,65,2,John Falb,2:07.683,46.886,47.730,33.067,95.8,2:26:57.749,127683,0,0,10
2016,19_Circuit of the Americas,Circuit of the Americas,circuit-of-the-americas,2016-09-17,201609171135_Race,26,66,2,John Falb,2:06.408,46.268,47.609,32.531,96.8,2:29:04.157,126408,0,0,10
2016,19_Circuit of the Americas,Circuit of the Americas,circuit-of-the-americas,2016-09-17,201609171135_Race,26,67,2,John Falb,2:06.907,46.519,47.605,32.783,96.4,2:31:11.064,126907,0,0,10
2016,19_Circuit of the Americas,Circuit of the Americas,circuit-of-the-americas,2016-09-17,201609171135_Race,26,68,2,John Falb,2:06.473,46.415,47.528,32.530,96.8,2:33:17.537,126473,0,0,10
2016,19_Circuit of the Americas,Circuit of the Americas,circuit-of-the-americas,2016-09-17,201609171135_Race,26,69,2,John Falb,2:07.932,46.254,47.873,33.805,95.6,2:35:25.469,127932,0,0,10
2016,19_Circuit of the Americas,Circuit of the Americas,circuit-of-the-americas,2016-09-17,201609171135_Race,26,70,2,John Falb,2:07.686,46.995,48.057,32.634,95.8,2:37:33.155,127686,0,0,10
2016,19_Circuit of the Americas,Circuit of the Americas,circuit-of-the-americas,2016-09-17,201609171135_Race,26,71,2,John Falb,2:07.152,46.324,47.933,32.895,96.2,2:39:40.307,127152,0,0,10
2016,19_Circuit of the Americas,Circuit of the Americas,circuit-of-the-americas,2016-09-17,201609171135_Race,26,72,2,John Falb,2:07.902,47.220,47.790,32.892,95.6,2:41:48.209,127902,0,0,10
2016,19_Circuit of the Americas,Circuit of the Americas,circuit-of-the-americas,2016-09-17,201609171135_Race,26,73,2,John Falb,2:10.955,48.960,49.109,32.886,93.4,2:43:59.164,130955,0,0,10
2016,19_Circuit of the Americas,Circuit of the Americas,circuit-of-the-americas,2016-09-17,201609171135_Race,27,1,1,Paolo Ruberti,2:41.098,1:16.712,49.864,34.522,75.9,2:41.098,,,0,10
2016,19_Circuit of the Americas,Circuit of the Americas,circuit-of-the-americas,2016-09-17,201609171135_Race,27,2,1,Paolo Ruberti,2:11.192,47.629,48.802,34.761,93.2,4:52.290,131192,0,0,10
2016,19_Circuit of the Americas,Circuit of the Americas,circuit-of-the-americas,2016-09-17,201609171135_Race,27,3,1,Paolo Ruberti,2:10.516,47.508,48.368,34.640,93.7,7:02.806,130516,0,0,10
2016,19_Circuit of the Americas,Circuit of the Americas,circuit-of-the-americas,2016-09-17,201609171135_Race,27,4,1,Paolo Ruberti,2:10.290,47.195,48.506,34.589,93.9,9:13.096,130290,0,0,10
2016,19_Circuit of the Americas,Circuit of the Americas,circuit-of-the-americas,2016-09-17,201609171135_Race,27,5,1,Paolo Ruberti,2:10.240,47.279,48.368,34.593,93.9,11:23.336,130240,0,0,10
2016,19_Circuit of the Americas,Circuit of the Americas,circuit-of-the-americas,2016-09-17,201609171135_Race,27,6,1,Paolo Ruberti,2:10.893,47.505,48.847,34.541,93.5,13:34.229,130893,0,0,10
2016,19_Circuit of the Americas,Circuit of the Americas,circuit-of-the-americas,2016-09-17,201609171135_Race,27,7,1,Paolo Ruberti,2:11.371,47.420,49.048,34.903,93.1,15:45.600,131371,0,0,10
2016,19_Circuit of the Americas,Circuit of the Americas,circuit-of-the-americas,2016-09-17,201609171135_Race,27,8,1,Paolo Ruberti,2:11.696,47.776,49.263,34.657,92.9,17:57.296,131696,0,0,10
2016,19_Circuit of the Americas,Circuit of the Americas,circuit-of-the-americas,2016-09-17,201609171135_Race,27,9,1,Paolo Ruberti,2:11.364,47.661,48.994,34.709,93.2,20:08.660,131364,0,0,10
2016,19_Circuit of the Americas,Circuit of the Americas,circuit-of-the-americas,2016-09-17,201609171135_Race,27,10,1,Paolo Ruberti,2:12.226,48.280,49.116,34.830,92.5,22:20.886,132226,0,0,10
2016,19_Circuit of the Americas,Circuit of the Americas,circuit-of-the-americas,2016-09-17,201609171135_Race,27,11,1,Paolo Ruberti,2:12.219,47.716,49.149,35.354,92.5,24:33.105,132219,0,0,10
2016,19_Circuit of the Americas,Circuit of the Americas,circuit-of-the-americas,2016-09-17,201609171135_Race,27,12,1,Paolo Ruberti,2:12.043,48.370,48.896,34.777,92.7,26:45.148,132043,0,0,10
2016,19_Circuit of the Americas,Circuit of the Americas,circuit-of-the-americas,2016-09-17,201609171135_Race,27,13,1,Paolo Ruberti,2:11.620,47.897,48.897,34.826,93.0,28:56.768,131620,0,0,10
2016,19_Circuit of the Americas,Circuit of the Americas,circuit-of-the-americas,2016-09-17,201609171135_Race,27,14,1,Paolo Ruberti,2:12.893,48.471,49.467,34.955,92.0,31:09.661,132893,0,0,10
2016,19_Circuit of the Americas,Circuit of the Americas,circuit-of-the-americas,2016-09-17,201609171135_Race,27,15,1,Paolo Ruberti,2:12.116,48.153,49.312,34.651,92.6,33:21.777,132116,0,0,10
2016,19_Circuit of the Americas,Circuit of the Americas,circuit-of-the-americas,2016-09-17,201609171135_Race,27,16,1,Paolo Ruberti,2:15.169,47.767,49.786,37.616,90.5,35:36.946,135169,0,0,10
2016,19_Circuit of the Americas,Circuit of the Americas,circuit-of-the-americas,2016-09-17,201609171135_Race,27,17,1,Paolo Ruberti,2:21.747,52.190,52.353,37.204,86.3,37:58.693,141747,0,0,10
2016,19_Circuit of the Americas,Circuit of the Americas,circuit-of-the-americas,2016-09-17,201609171135_Race,27,18,1,Paolo Ruberti,2:33.548,50.274,58.147,45.127,79.7,40:32.241,153548,0,0,10
2016,19_Circuit of the Americas,Circuit of the Americas,circuit-of-the-americas,2016-09-17,201609171135_Race,27,19,1,Paolo Ruberti,4:18.201,1:15.423,1:20.119,1:42.659,47.4,44:50.442,258201,0,1,10
2016,19_Circuit of the Americas,Circuit of the Americas,circuit-of-the-americas,2016-09-17,201609171135_Race,27,20,2,Luca Persiani,3:10.347,1:02.727,1:20.748,46.872,64.3,48:00.789,190347,0,0,10
2016,19_Circuit of the Americas,Circuit of the Americas,circuit-of-the-americas,2016-09-17,201609171135_Race,27,21,2,Luca Persiani,2:57.235,1:06.506,1:16.106,34.623,69.0,50:58.024,177235,0,0,10
2016,19_Circuit of the Americas,Circuit of the Americas,circuit-of-the-americas,2016-09-17,201609171135_Race,27,22,2,Luca Persiani,2:17.824,47.250,49.277,41.297,88.7,53:15.848,137824,0,0,10
2016,19_Circuit of the Americas,Circuit of the Americas,circuit-of-the-americas,2016-09-17,201609171135_Race,27,23,2,Luca Persiani,3:22.252,1:02.927,1:28.356,50.969,60.5,56:38.100,202252,0,0,10
2016,19_Circuit of the Americas,Circuit of the Americas,circuit-of-the-americas,2016-09-17,201609171135_Race,27,24,2,Luca Persiani,2:56.113,1:03.607,1:17.771,34.735,69.5,59:34.213,176113,0,0,10
2016,19_Circuit of the Americas,Circuit of the Americas,circuit-of-the-americas,2016-09-17,201609171135_Race,27,25,2,Luca Persiani,2:12.376,47.753,49.926,34.697,92.4,1:01:46.589,132376,0,0,10
2016,19_Circuit of the Americas,Circuit of the Americas,circuit-of-the-americas,2016-09-17,201609171135_Race,27,26,2,Luca Persiani,2:10.389,47.480,48.576,34.333,93.8,1:03:56.978,130389,0,0,10
2016,19_Circuit of the Americas,Circuit of the Americas,circuit-of-the-americas,2016-09-17,201609171135_Race,27,27,2,Luca Persiani,2:10.703,47.839,48.632,34.232,93.6,1:06:07.681,130703,0,0,10
2016,19_Circuit of the Americas,Circuit of the Americas,circuit-of-the-americas,2016-09-17,201609171135_Race,27,28,2,Luca Persiani,2:10.865,47.520,48.729,34.616,93.5,1:08:18.546,130865,0,0,10
2016,19_Circuit of the Americas,Circuit of the Americas,circuit-of-the-americas,2016-09-17,201609171135_Race,27,29,2,Luca Persiani,2:12.052,47.679,49.819,34.554,92.7,1:10:30.598,132052,0,0,11
2016,19_Circuit of the Americas,Circuit of the Americas,circuit-of-the-americas,2016-09-17,201609171135_Race,27,30,2,Luca Persiani,2:12.095,48.582,49.146,34.367,92.6,1:12:42.693,132095,0,0,11
2016,19_Circuit of the Americas,Circuit of the Americas,circuit-of-the-americas,2016-09-17,201609171135_Race,27,31,2,Luca Persiani,2:11.132,47.616,48.939,34.577,93.3,1:14:53.825,131132,0,0,11
2016,19_Circuit of the Americas,Circuit of the Americas,circuit-of-the-americas,2016-09-17,201609171135_Race,27,32,2,Luca Persiani,2:10.918,47.485,48.864,34.569,93.5,1:17:04.743,130918,0,0,11
2016,19_Circuit of the Americas,Circuit of the Americas,circuit-of-the-americas,2016-09-17,201609171135_Race,27,33,2,Luca Persiani,2:11.412,48.164,48.840,34.408,93.1,1:19:16.155,131412,0,0,11
2016,19_Circuit of the Americas,Circuit of the Americas,circuit-of-the-americas,2016-09-17,201609171135_Race,27,34,2,Luca Persiani,2:12.743,47.872,49.698,35.173,92.2,1:21:28.898,132743,0,0,11
2016,19_Circuit of the Americas,Circuit of the Americas,circuit-of-the-americas,2016-09-17,201609171135_Race,27,35,2,Luca Persiani,2:12.811,48.556,49.651,34.604,92.1,1:23:41.709,132811,0,0,11
2016,19_Circuit of the Americas,Circuit of the Americas,circuit-of-the-americas,2016-09-17,201609171135_Race,27,36,2,Luca Persiani,2:12.506,48.229,49.615,34.662,92.3,1:25:54.215,132506,0,0,11
2016,19_Circuit of the Americas,Circuit of the Americas,circuit-of-the-americas,2016-09-17,201609171135_Race,27,37,2,Luca Persiani,2:27.959,47.799,49.073,51.087,82.7,1:28:22.174,147959,0,1,11
2016,19_Circuit of the Americas,Circuit of the Americas,circuit-of-the-americas,2016-09-17,201609171135_Race,27,38,2,Luca Persiani,2:20.871,56.394,49.402,35.075,86.8,1:30:43.045,140871,0,0,11
2016,19_Circuit of the Americas,Circuit of the Americas,circuit-of-the-americas,2016-09-17,201609171135_Race,27,39,2,Luca Persiani,2:11.666,47.954,49.131,34.581,92.9,1:32:54.711,131666,0,0,11
2016,19_Circuit of the Americas,Circuit of the Americas,circuit-of-the-americas,2016-09-17,201609171135_Race,27,40,2,Luca Persiani,2:11.979,47.769,49.506,34.704,92.7,1:35:06.690,131979,0,0,11
2016,19_Circuit of the Americas,Circuit of the Americas,circuit-of-the-americas,2016-09-17,201609171135_Race,27,41,2,Luca Persiani,2:14.953,49.698,49.845,35.410,90.7,1:37:21.643,134953,0,0,11
2016,19_Circuit of the Americas,Circuit of the Americas,circuit-of-the-americas,2016-09-17,201609171135_Race,27,42,2,Luca Persiani,2:12.225,48.025,49.293,34.907,92.5,1:39:33.868,132225,0,0,11
2016,19_Circuit of the Americas,Circuit of the Americas,circuit-of-the-americas,2016-09-17,201609171135_Race,27,43,2,Luca Persiani,2:12.019,47.964,49.401,34.654,92.7,1:41:45.887,132019,0,0,11
2016,19_Circuit of the Americas,Circuit of the Americas,circuit-of-the-americas,2016-09-17,201609171135_Race,27,44,2,Luca Persiani,2:13.351,48.951,49.528,34.872,91.7,1:43:59.238,133351,0,0,11
2016,19_Circuit of the Americas,Circuit of the Americas,circuit-of-the-americas,2016-09-17,201609171135_Race,27,45,2,Luca Persiani,3:17.235,48.568,50.298,1:38.369,62.0,1:47:16.473,197235,0,1,11
2016,19_Circuit of the Americas,Circuit of the Americas,circuit-of-the-americas,2016-09-17,201609171135_Race,27,46,1,Paolo Ruberti,2:21.090,56.649,48.946,35.495,86.7,1:49:37.563,141090,0,0,11
2016,19_Circuit of the Americas,Circuit of the Americas,circuit-of-the-americas,2016-09-17,201609171135_Race,27,47,1,Paolo Ruberti,2:11.572,47.618,49.298,34.656,93.0,1:51:49.135,131572,0,0,11
2016,19_Circuit of the Americas,Circuit of the Americas,circuit-of-the-americas,2016-09-17,201609171135_Race,27,48,1,Paolo Ruberti,2:10.362,47.158,48.554,34.650,93.8,1:53:59.497,130362,0,0,11
2016,19_Circuit of the Americas,Circuit of the Americas,circuit-of-the-americas,2016-09-17,201609171135_Race,27,49,1,Paolo Ruberti,2:10.765,47.390,48.734,34.641,93.5,1:56:10.262,130765,0,0,11
2016,19_Circuit of the Americas,Circuit of the Americas,circuit-of-the-americas,2016-09-17,201609171135_Race,27,50,1,Paolo Ruberti,2:10.668,47.372,48.692,34.604,93.7,1:58:20.930,130668,0,0,11
2016,19_Circuit of the Americas,Circuit of the Americas,circuit-of-the-americas,2016-09-17,201609171135_Race,27,51,1,Paolo Ruberti,2:11.027,47.418,48.779,34.830,93.3,2:00:31.957,131027,0,0,11
2016,19_Circuit of the Americas,Circuit of the Americas,circuit-of-the-americas,2016-09-17,201609171135_Race,27,52,1,Paolo Ruberti,2:12.501,48.407,49.040,35.054,92.3,2:02:44.458,132501,0,0,11
2016,19_Circuit of the Americas,Circuit of the Americas,circuit-of-the-americas,2016-09-17,201609171135_Race,27,53,1,Paolo Ruberti,2:11.278,47.593,48.986,34.699,93.2,2:04:55.736,131278,0,0,11
2016,19_Circuit of the Americas,Circuit of the Americas,circuit-of-the-americas,2016-09-17,201609171135_Race,27,54,1,Paolo Ruberti,2:11.324,47.704,48.877,34.743,93.2,2:07:07.060,131324,0,0,11
2016,19_Circuit of the Americas,Circuit of the Americas,circuit-of-the-americas,2016-09-17,201609171135_Race,27,55,1,Paolo Ruberti,2:12.480,48.001,49.198,35.281,92.3,2:09:19.540,132480,0,0,11
2016,19_Circuit of the Americas,Circuit of the Americas,circuit-of-the-americas,2016-09-17,201609171135_Race,27,56,1,Paolo Ruberti,2:11.883,48.140,48.982,34.761,92.8,2:11:31.423,131883,0,0,11
2016,19_Circuit of the Americas,Circuit of the Americas,circuit-of-the-americas,2016-09-17,201609171135_Race,27,57,1,Paolo Ruberti,2:11.722,47.749,49.170,34.803,92.8,2:13:43.145,131722,0,0,11
2016,19_Circuit of the Americas,Circuit of the Americas,circuit-of-the-americas,2016-09-17,201609171135_Race,27,58,1,Paolo Ruberti,2:11.973,47.961,49.260,34.752,92.7,2:15:55.118,131973,0,0,11
2016,19_Circuit of the Americas,Circuit of the Americas,circuit-of-the-americas,2016-09-17,201609171135_Race,27,59,1,Paolo Ruberti,2:12.354,48.047,49.089,35.218,92.4,2:18:07.472,132354,0,0,11
2016,19_Circuit of the Americas,Circuit of the Americas,circuit-of-the-americas,2016-09-17,201609171135_Race,27,60,1,Paolo Ruberti,2:12.510,48.239,49.319,34.952,92.3,2:20:19.982,132510,0,0,11
2016,19_Circuit of the Americas,Circuit of the Americas,circuit-of-the-americas,2016-09-17,201609171135_Race,27,61,1,Paolo Ruberti,2:13.124,48.217,49.759,35.148,91.9,2:22:33.106,133124,0,0,11
2016,19_Circuit of the Americas,Circuit of the Americas,circuit-of-the-americas,2016-09-17,201609171135_Race,27,62,1,Paolo Ruberti,2:15.511,49.982,50.321,35.208,90.3,2:24:48.617,135511,0,0,11
2016,19_Circuit of the Americas,Circuit of the Americas,circuit-of-the-americas,2016-09-17,201609171135_Race,27,63,1,Paolo Ruberti,2:12.543,48.232,49.292,35.019,92.3,2:27:01.160,132543,0,0,11
2016,19_Circuit of the Americas,Circuit of the Americas,circuit-of-the-americas,2016-09-17,201609171135_Race,27,64,1,Paolo Ruberti,2:13.011,48.484,49.504,35.023,92.0,2:29:14.171,133011,0,0,11
2016,19_Circuit of the Americas,Circuit of the Americas,circuit-of-the-americas,2016-09-17,201609171135_Race,27,65,1,Paolo Ruberti,2:12.926,48.375,49.348,35.203,92.0,2:31:27.097,132926,0,0,11
2016,19_Circuit of the Americas,Circuit of the Americas,circuit-of-the-americas,2016-09-17,201609171135_Race,27,66,1,Paolo Ruberti,2:12.975,48.328,49.448,35.199,92.0,2:33:40.072,132975,0,0,11
2016,19_Circuit of the Americas,Circuit of the Americas,circuit-of-the-americas,2016-09-17,201609171135_Race,27,67,1,Paolo Ruberti,2:13.756,48.247,49.900,35.609,91.5,2:35:53.828,133756,0,0,11
2016,19_Circuit of the Americas,Circuit of the Americas,circuit-of-the-americas,2016-09-17,201609171135_Race,27,68,1,Paolo Ruberti,2:14.425,48.714,50.039,35.672,91.0,2:38:08.253,134425,0,0,11
2016,19_Circuit of the Americas,Circuit of the Americas,circuit-of-the-americas,2016-09-17,201609171135_Race,27,69,1,Paolo Ruberti,2:14.677,49.147,49.844,35.686,90.9,2:40:22.930,134677,0,0,11
2016,19_Circuit of the Americas,Circuit of the Americas,circuit-of-the-americas,2016-09-17,201609171135_Race,27,70,1,Paolo Ruberti,2:14.305,49.241,49.792,35.272,91.1,2:42:37.235,134305,0,0,11
2016,19_Circuit of the Americas,Circuit of the Americas,circuit-of-the-americas,2016-09-17,201609171135_Race,31,1,2,Eric Curran,2:04.215,46.065,46.627,31.523,98.5,2:04.215,,,0,11
2016,19_Circuit of the Americas,Circuit of the Americas,circuit-of-the-americas,2016-09-17,201609171135_Race,31,2,2,Eric Curran,2:01.148,43.478,46.168,31.502,101.0,4:05.363,121148,0,0,11
2016,19_Circuit of the Americas,Circuit of the Americas,circuit-of-the-americas,2016-09-17,201609171135_Race,31,3,2,Eric Curran,2:01.161,43.586,46.041,31.534,101.0,6:06.524,121161,0,0,11
2016,19_Circuit of the Americas,Circuit of the Americas,circuit-of-the-americas,2016-09-17,201609171135_Race,31,4,2,Eric Curran,2:01.117,43.547,46.315,31.255,101.0,8:07.641,121117,0,0,11
2016,19_Circuit of the Americas,Circuit of the Americas,circuit-of-the-americas,2016-09-17,201609171135_Race,31,5,2,Eric Curran,2:00.652,43.297,46.069,31.286,101.4,10:08.293,120652,0,0,11
2016,19_Circuit of the Americas,Circuit of the Americas,circuit-of-the-americas,2016-09-17,201609171135_Race,31,6,2,Eric Curran,2:01.710,44.246,46.284,31.180,100.5,12:10.003,121710,0,0,11
2016,19_Circuit of the Americas,Circuit of the Americas,circuit-of-the-americas,2016-09-17,201609171135_Race,31,7,2,Eric Curran,2:05.465,44.304,49.662,31.499,97.5,14:15.468,125465,0,0,11
2016,19_Circuit of the Americas,Circuit of the Americas,circuit-of-the-americas,2016-09-17,201609171135_Race,31,8,2,Eric Curran,2:01.478,43.577,46.551,31.350,100.7,16:16.946,121478,0,0,11
2016,19_Circuit of the Americas,Circuit of the Americas,circuit-of-the-americas,2016-09-17,201609171135_Race,31,9,2,Eric Curran,2:01.092,43.342,46.336,31.414,101.0,18:18.038,121092,0,0,11
2016,19_Circuit of the Americas,Circuit of the Americas,circuit-of-the-americas,2016-09-17,201609171135_Race,31,10,2,Eric Curran,2:03.019,44.860,46.374,31.785,99.4,20:21.057,123019,0,0,11
2016,19_Circuit of the Americas,Circuit of the Americas,circuit-of-the-americas,2016-09-17,201609171135_Race,31,11,2,Eric Curran,2:20.955,46.031,46.326,48.598,86.8,22:42.012,140955,0,1,11
2016,19_Circuit of the Americas,Circuit of the Americas,circuit-of-the-americas,2016-09-17,201609171135_Race,31,12,2,Eric Curran,2:11.038,51.386,46.775,32.877,93.3,24:53.050,131038,0,0,11
2016,19_Circuit of the Americas,Circuit of the Americas,circuit-of-the-americas,2016-09-17,201609171135_Race,31,13,2,Eric Curran,2:02.093,43.950,46.879,31.264,100.2,26:55.143,122093,0,0,11
2016,19_Circuit of the Americas,Circuit of the Americas,circuit-of-the-americas,2016-09-17,201609171135_Race,31,14,2,Eric Curran,2:03.215,44.848,46.524,31.843,99.3,28:58.358,123215,0,0,11
2016,19_Circuit of the Americas,Circuit of the Americas,circuit-of-the-americas,2016-09-17,201609171135_Race,31,15,2,Eric Curran,2:03.960,45.597,46.879,31.484,98.7,31:02.318,123960,0,0,11
2016,19_Circuit of the Americas,Circuit of the Americas,circuit-of-the-americas,2016-09-17,201609171135_Race,31,16,2,Eric Curran,2:03.276,45.222,46.565,31.489,99.2,33:05.594,123276,0,0,11
2016,19_Circuit of the Americas,Circuit of the Americas,circuit-of-the-americas,2016-09-17,201609171135_Race,31,17,2,Eric Curran,2:03.194,43.694,46.527,32.973,99.3,35:08.788,123194,0,0,11
2016,19_Circuit of the Americas,Circuit of the Americas,circuit-of-the-americas,2016-09-17,201609171135_Race,31,18,2,Eric Curran,2:23.098,58.034,50.550,34.514,85.5,37:31.886,143098,0,0,11
2016,19_Circuit of the Americas,Circuit of the Americas,circuit-of-the-americas,2016-09-17,201609171135_Race,31,19,2,Eric Curran,3:10.713,48.756,1:19.371,1:02.586,64.1,40:42.599,190713,0,1,11
2016,19_Circuit of the Americas,Circuit of the Americas,circuit-of-the-americas,2016-09-17,201609171135_Race,31,20,2,Eric Curran,3:31.871,1:26.653,1:22.435,42.783,57.7,44:14.470,211871,0,0,11
2016,19_Circuit of the Americas,Circuit of the Americas,circuit-of-the-americas,2016-09-17,201609171135_Race,31,21,2,Eric Curran,3:19.184,1:09.327,1:21.207,48.650,61.4,47:33.654,199184,0,0,11
2016,19_Circuit of the Americas,Circuit of the Americas,circuit-of-the-americas,2016-09-17,201609171135_Race,31,22,2,Eric Curran,3:06.494,1:11.603,1:14.121,40.770,65.6,50:40.148,186494,0,0,11
2016,19_Circuit of the Americas,Circuit of the Americas,circuit-of-the-americas,2016-09-17,201609171135_Race,31,23,2,Eric Curran,2:12.380,45.775,46.408,40.197,92.4,52:52.528,132380,0,0,11
2016,19_Circuit of the Americas,Circuit of the Americas,circuit-of-the-americas,2016-09-17,201609171135_Race,31,24,2,Eric Curran,3:22.000,1:08.681,1:21.181,52.138,60.5,56:14.528,202000,0,0,11
2016,19_Circuit of the Americas,Circuit of the Americas,circuit-of-the-americas,2016-09-17,201609171135_Race,31,25,2,Eric Curran,2:58.673,1:04.873,1:11.275,42.525,68.4,59:13.201,178673,0,0,11
2016,19_Circuit of the Americas,Circuit of the Americas,circuit-of-the-americas,2016-09-17,201609171135_Race,31,26,2,Eric Curran,2:01.672,44.184,46.218,31.270,100.5,1:01:14.873,121672,0,0,11
2016,19_Circuit of the Americas,Circuit of the Americas,circuit-of-the-americas,2016-09-17,201609171135_Race,31,27,2,Eric Curran,2:00.642,43.433,45.956,31.253,101.4,1:03:15.515,120642,0,0,11
2016,19_Circuit of the Americas,Circuit of the Americas,circuit-of-the-americas,2016-09-17,201609171135_Race,31,28,2,Eric Curran,2:00.369,43.085,46.040,31.244,101.6,1:05:15.884,120369,0,0,11
2016,19_Circuit of the Americas,Circuit of the Americas,circuit-of-the-americas,2016-09-17,201609171135_Race,31,29,2,Eric Curran,2:00.356,43.167,45.929,31.260,101.7,1:07:16.240,120356,0,0,11
2016,19_Circuit of the Americas,Circuit of the Americas,circuit-of-the-americas,2016-09-17,201609171135_Race,31,30,2,Eric Curran,2:00.488,43.232,45.881,31.375,101.5,1:09:16.728,120488,0,0,11
2016,19_Circuit of the Americas,Circuit of the Americas,circuit-of-the-americas,2016-09-17,201609171135_Race,31,31,2,Eric Curran,2:00.923,43.378,46.022,31.523,101.2,1:11:17.651,120923,0,0,11
2016,19_Circuit of the Americas,Circuit of the Americas,circuit-of-the-americas,2016-09-17,201609171135_Race,31,32,2,Eric Curran,2:01.180,43.492,46.322,31.366,101.0,1:13:18.831,121180,0,0,11
2016,19_Circuit of the Americas,Circuit of the Americas,circuit-of-the-americas,2016-09-17,201609171135_Race,31,33,2,Eric Curran,2:01.591,43.592,46.476,31.523,100.6,1:15:20.422,121591,0,0,11
2016,19_Circuit of the Americas,Circuit of the Americas,circuit-of-the-americas,2016-09-17,201609171135_Race,31,34,2,Eric Curran,2:01.536,43.529,46.359,31.648,100.7,1:17:21.958,121536,0,0,11
2016,19_Circuit of the Americas,Circuit of the Americas,circuit-of-the-americas,2016-09-17,201609171135_Race,31,35,2,Eric Curran,2:02.222,43.646,46.562,32.014,100.1,1:19:24.180,122222,0,0,11
2016,19_Circuit of the Americas,Circuit of the Americas,circuit-of-the-americas,2016-09-17,201609171135_Race,31,36,2,Eric Curran,2:08.590,47.120,48.608,32.862,95.1,1:21:32.770,128590,0,0,11
2016,19_Circuit of the Americas,Circuit of the Americas,circuit-of-the-americas,2016-09-17,201609171135_Race,31,37,2,Eric Curran,2:02.091,44.131,46.617,31.343,100.2,1:23:34.861,122091,0,0,11
2016,19_Circuit of the Americas,Circuit of the Americas,circuit-of-the-americas,2016-09-17,201609171135_Race,31,38,2,Eric Curran,2:02.446,43.668,46.707,32.071,99.9,1:25:37.307,122446,0,0,11
2016,19_Circuit of the Americas,Circuit of the Americas,circuit-of-the-americas,2016-09-17,201609171135_Race,31,39,2,Eric Curran,2:02.653,44.397,46.551,31.705,99.7,1:27:39.960,122653,0,0,11
2016,19_Circuit of the Americas,Circuit of the Americas,circuit-of-the-americas,2016-09-17,201609171135_Race,31,40,2,Eric Curran,2:02.113,44.262,46.424,31.427,100.2,1:29:42.073,122113,0,0,11
2016,19_Circuit of the Americas,Circuit of the Americas,circuit-of-the-americas,2016-09-17,201609171135_Race,31,41,2,Eric Curran,2:01.367,43.553,46.425,31.389,100.8,1:31:43.440,121367,0,0,11
2016,19_Circuit of the Americas,Circuit of the Americas,circuit-of-the-americas,2016-09-17,201609171135_Race,31,42,2,Eric Curran,2:01.900,43.662,46.421,31.817,100.4,1:33:45.340,121900,0,0,11
2016,19_Circuit of the Americas,Circuit of the Americas,circuit-of-the-americas,2016-09-17,201609171135_Race,31,43,2,Eric Curran,2:02.120,43.826,46.715,31.579,100.2,1:35:47.460,122120,0,0,11
2016,19_Circuit of the Americas,Circuit of the Americas,circuit-of-the-americas,2016-09-17,201609171135_Race,31,44,2,Eric Curran,2:04.437,44.334,47.637,32.466,98.3,1:37:51.897,124437,0,0,11
2016,19_Circuit of the Americas,Circuit of the Americas,circuit-of-the-americas,2016-09-17,201609171135_Race,31,45,2,Eric Curran,2:04.728,46.020,46.903,31.805,98.1,1:39:56.625,124728,0,0,11
2016,19_Circuit of the Americas,Circuit of the Americas,circuit-of-the-americas,2016-09-17,201609171135_Race,31,46,2,Eric Curran,2:02.585,43.839,46.677,32.069,99.8,1:41:59.210,122585,0,0,11
2016,19_Circuit of the Americas,Circuit of the Americas,circuit-of-the-americas,2016-09-17,201609171135_Race,31,47,2,Eric Curran,2:02.822,43.832,47.104,31.886,99.6,1:44:02.032,122822,0,0,11
2016,19_Circuit of the Americas,Circuit of the Americas,circuit-of-the-americas,2016-09-17,201609171135_Race,31,48,2,Eric Curran,2:03.056,44.394,46.767,31.895,99.4,1:46:05.088,123056,0,0,11
2016,19_Circuit of the Americas,Circuit of the Americas,circuit-of-the-americas,2016-09-17,201609171135_Race,31,49,2,Eric Curran,2:19.822,44.128,46.967,48.727,87.5,1:48:24.910,139822,0,1,11
2016,19_Circuit of the Americas,Circuit of the Americas,circuit-of-the-americas,2016-09-17,201609171135_Race,31,50,1,Dane Cameron,2:36.856,1:19.210,46.295,31.351,78.0,1:51:01.766,156856,0,0,11
2016,19_Circuit of the Americas,Circuit of the Americas,circuit-of-the-americas,2016-09-17,201609171135_Race,31,51,1,Dane Cameron,2:01.152,43.539,46.076,31.537,101.0,1:53:02.918,121152,0,0,11
2016,19_Circuit of the Americas,Circuit of the Americas,circuit-of-the-americas,2016-09-17,201609171135_Race,31,52,1,Dane Cameron,2:01.207,43.055,46.306,31.846,100.9,1:55:04.125,121207,0,0,11
2016,19_Circuit of the Americas,Circuit of the Americas,circuit-of-the-americas,2016-09-17,201609171135_Race,31,53,1,Dane Cameron,2:02.288,44.173,46.077,32.038,100.1,1:57:06.413,122288,0,0,11
2016,19_Circuit of the Americas,Circuit of the Americas,circuit-of-the-americas,2016-09-17,201609171135_Race,31,54,1,Dane Cameron,2:01.040,43.842,45.844,31.354,101.0,1:59:07.453,121040,0,0,11
2016,19_Circuit of the Americas,Circuit of the Americas,circuit-of-the-americas,2016-09-17,201609171135_Race,31,55,1,Dane Cameron,2:01.645,43.454,46.413,31.778,100.5,2:01:09.098,121645,0,0,11
2016,19_Circuit of the Americas,Circuit of the Americas,circuit-of-the-americas,2016-09-17,201609171135_Race,31,56,1,Dane Cameron,2:01.024,43.636,46.031,31.357,101.1,2:03:10.122,121024,0,0,11
2016,19_Circuit of the Americas,Circuit of the Americas,circuit-of-the-americas,2016-09-17,201609171135_Race,31,57,1,Dane Cameron,2:01.469,43.676,45.934,31.859,100.7,2:05:11.591,121469,0,0,11
2016,19_Circuit of the Americas,Circuit of the Americas,circuit-of-the-americas,2016-09-17,201609171135_Race,31,58,1,Dane Cameron,2:02.732,44.227,46.815,31.690,99.7,2:07:14.323,122732,0,0,11
2016,19_Circuit of the Americas,Circuit of the Americas,circuit-of-the-americas,2016-09-17,201609171135_Race,31,59,1,Dane Cameron,2:02.450,44.122,46.513,31.815,99.9,2:09:16.773,122450,0,0,11
2016,19_Circuit of the Americas,Circuit of the Americas,circuit-of-the-americas,2016-09-17,201609171135_Race,31,60,1,Dane Cameron,2:01.686,43.659,46.402,31.625,100.5,2:11:18.459,121686,0,0,11
2016,19_Circuit of the Americas,Circuit of the Americas,circuit-of-the-americas,2016-09-17,201609171135_Race,31,61,1,Dane Cameron,2:02.410,43.789,46.848,31.773,99.9,2:13:20.869,122410,0,0,11
2016,19_Circuit of the Americas,Circuit of the Americas,circuit-of-the-americas,2016-09-17,201609171135_Race,31,62,1,Dane Cameron,2:01.607,43.646,46.202,31.759,100.6,2:15:22.476,121607,0,0,11
2016,19_Circuit of the Americas,Circuit of the Americas,circuit-of-the-americas,2016-09-17,201609171135_Race,31,63,1,Dane Cameron,2:02.588,44.553,46.267,31.768,99.8,2:17:25.064,122588,0,0,11
2016,19_Circuit of the Americas,Circuit of the Americas,circuit-of-the-americas,2016-09-17,201609171135_Race,31,64,1,Dane Cameron,2:01.677,43.709,46.296,31.672,100.5,2:19:26.741,121677,0,0,11
2016,19_Circuit of the Americas,Circuit of the Americas,circuit-of-the-americas,2016-09-17,201609171135_Race,31,65,1,Dane Cameron,2:02.039,43.915,46.493,31.631,100.2,2:21:28.780,122039,0,0,11
2016,19_Circuit of the Americas,Circuit of the Americas,circuit-of-the-americas,2016-09-17,201609171135_Race,31,66,1,Dane Cameron,2:02.769,44.084,46.779,31.906,99.7,2:23:31.549,122769,0,0,11
2016,19_Circuit of the Americas,Circuit of the Americas,circuit-of-the-americas,2016-09-17,201609171135_Race,31,67,1,Dane Cameron,2:03.454,44.948,46.809,31.697,99.1,2:25:35.003,123454,0,0,11
2016,19_Circuit of the Americas,Circuit of the Americas,circuit-of-the-americas,2016-09-17,201609171135_Race,31,68,1,Dane Cameron,2:04.148,43.994,47.711,32.443,98.6,2:27:39.151,124148,0,0,11
2016,19_Circuit of the Americas,Circuit of the Americas,circuit-of-the-americas,2016-09-17,201609171135_Race,31,69,1,Dane Cameron,2:01.908,43.968,46.604,31.336,100.4,2:29:41.059,121908,0,0,11
2016,19_Circuit of the Americas,Circuit of the Americas,circuit-of-the-americas,2016-09-17,201609171135_Race,31,70,1,Dane Cameron,2:02.098,43.853,46.594,31.651,100.2,2:31:43.157,122098,0,0,11
2016,19_Circuit of the Americas,Circuit of the Americas,circuit-of-the-americas,2016-09-17,201609171135_Race,31,71,1,Dane Cameron,2:02.817,44.019,46.930,31.868,99.6,2:33:45.974,122817,0,0,11
2016,19_Circuit of the Americas,Circuit of the Americas,circuit-of-the-americas,2016-09-17,201609171135_Race,31,72,1,Dane Cameron,2:02.815,44.258,46.663,31.894,99.6,2:35:48.789,122815,0,0,11
2016,19_Circuit of the Americas,Circuit of the Americas,circuit-of-the-americas,2016-09-17,201609171135_Race,31,73,1,Dane Cameron,2:02.288,43.895,46.471,31.922,100.1,2:37:51.077,122288,0,0,12
2016,19_Circuit of the Americas,Circuit of the Americas,circuit-of-the-americas,2016-09-17,201609171135_Race,31,74,1,Dane Cameron,2:02.278,44.021,46.613,31.644,100.1,2:39:53.355,122278,0,0,12
2016,19_Circuit of the Americas,Circuit of the Americas,circuit-of-the-americas,2016-09-17,201609171135_Race,31,75,1,Dane Cameron,2:03.142,44.699,46.678,31.765,99.4,2:41:56.497,123142,0,0,12
2016,19_Circuit of the Americas,Circuit of the Americas,circuit-of-the-americas,2016-09-17,201609171135_Race,33,1,1,Ben Keating,2:44.095,1:19.654,49.794,34.647,74.5,2:44.095,,,0,12
2016,19_Circuit of the Americas,Circuit of the Americas,circuit-of-the-americas,2016-09-17,201609171135_Race,33,2,1,Ben Keating,2:09.932,47.574,47.953,34.405,94.1,4:54.027,129932,0,0,12
2016,19_Circuit of the Americas,Circuit of the Americas,circuit-of-the-americas,2016-09-17,201609171135_Race,33,3,1,Ben Keating,2:10.402,47.486,48.586,34.330,93.8,7:04.429,130402,0,0,12
2016,19_Circuit of the Americas,Circuit of the Americas,circuit-of-the-americas,2016-09-17,201609171135_Race,33,4,1,Ben Keating,2:10.336,47.627,48.387,34.322,93.8,9:14.765,130336,0,0,12
2016,19_Circuit of the Americas,Circuit of the Americas,circuit-of-the-americas,2016-09-17,201609171135_Race,33,5,1,Ben Keating,2:11.305,48.495,48.734,34.076,93.2,11:26.070,131305,0,0,12
2016,19_Circuit of the Americas,Circuit of the Americas,circuit-of-the-americas,2016-09-17,201609171135_Race,33,6,1,Ben Keating,2:11.535,48.280,48.933,34.322,93.0,13:37.605,131535,0,0,12
2016,19_Circuit of the Americas,Circuit of the Americas,circuit-of-the-americas,2016-09-17,201609171135_Race,33,7,1,Ben Keating,2:10.993,47.650,48.763,34.580,93.4,15:48.598,130993,0,0,12
2016,19_Circuit of the Americas,Circuit of the Americas,circuit-of-the-americas,2016-09-17,201609171135_Race,33,8,1,Ben Keating,2:11.392,47.871,49.100,34.421,93.1,17:59.990,131392,0,0,12
2016,19_Circuit of the Americas,Circuit of the Americas,circuit-of-the-americas,2016-09-17,201609171135_Race,33,9,1,Ben Keating,2:11.916,48.087,49.377,34.452,92.7,20:11.906,131916,0,0,12
2016,19_Circuit of the Americas,Circuit of the Americas,circuit-of-the-americas,2016-09-17,201609171135_Race,33,10,1,Ben Keating,2:11.766,48.379,49.090,34.297,92.8,22:23.672,131766,0,0,12
2016,19_Circuit of the Americas,Circuit of the Americas,circuit-of-the-americas,2016-09-17,201609171135_Race,33,11,1,Ben Keating,2:12.281,48.181,49.148,34.952,92.5,24:35.953,132281,0,0,12
2016,19_Circuit of the Americas,Circuit of the Americas,circuit-of-the-americas,2016-09-17,201609171135_Race,33,12,1,Ben Keating,2:12.185,48.223,49.456,34.506,92.5,26:48.138,132185,0,0,12
2016,19_Circuit of the Americas,Circuit of the Americas,circuit-of-the-americas,2016-09-17,201609171135_Race,33,13,1,Ben Keating,2:12.841,48.620,49.387,34.834,92.1,29:00.979,132841,0,0,12
2016,19_Circuit of the Americas,Circuit of the Americas,circuit-of-the-americas,2016-09-17,201609171135_Race,33,14,1,Ben Keating,2:12.273,47.896,49.517,34.860,92.5,31:13.252,132273,0,0,12
2016,19_Circuit of the Americas,Circuit of the Americas,circuit-of-the-americas,2016-09-17,201609171135_Race,33,15,1,Ben Keating,2:11.674,47.766,49.405,34.503,92.9,33:24.926,131674,0,0,12
2016,19_Circuit of the Americas,Circuit of the Americas,circuit-of-the-americas,2016-09-17,201609171135_Race,33,16,1,Ben Keating,2:20.679,48.173,51.213,41.293,86.9,35:45.605,140679,0,0,12
2016,19_Circuit of the Americas,Circuit of the Americas,circuit-of-the-americas,2016-09-17,201609171135_Race,33,17,1,Ben Keating,2:29.556,55.928,55.461,38.167,81.8,38:15.161,149556,0,0,12
2016,19_Circuit of the Americas,Circuit of the Americas,circuit-of-the-americas,2016-09-17,201609171135_Race,33,18,1,Ben Keating,2:18.824,50.046,50.771,38.007,88.1,40:33.985,138824,0,0,12
2016,19_Circuit of the Americas,Circuit of the Americas,circuit-of-the-americas,2016-09-17,201609171135_Race,33,19,1,Ben Keating,4:09.206,1:15.025,1:20.759,1:33.422,49.0,44:43.191,249206,0,1,12
2016,19_Circuit of the Americas,Circuit of the Americas,circuit-of-the-americas,2016-09-17,201609171135_Race,33,20,1,Ben Keating,3:40.140,1:03.872,1:20.336,1:15.932,55.6,48:23.331,220140,0,1,12
2016,19_Circuit of the Americas,Circuit of the Americas,circuit-of-the-americas,2016-09-17,201609171135_Race,33,21,2,Jeroen Bleekemolen,2:42.726,58.665,1:09.861,34.200,75.2,51:06.057,162726,0,0,12
2016,19_Circuit of the Americas,Circuit of the Americas,circuit-of-the-americas,2016-09-17,201609171135_Race,33,22,2,Jeroen Bleekemolen,2:16.554,48.305,50.630,37.619,89.6,53:22.611,136554,0,0,12
2016,19_Circuit of the Americas,Circuit of the Americas,circuit-of-the-americas,2016-09-17,201609171135_Race,33,23,2,Jeroen Bleekemolen,3:25.379,1:04.944,1:35.898,44.537,59.5,56:47.990,205379,0,0,12
2016,19_Circuit of the Americas,Circuit of the Americas,circuit-of-the-americas,2016-09-17,201609171135_Race,33,24,2,Jeroen Bleekemolen,10:28.298,1:02.955,1:17.023,8:08.320,19.5,1:07:16.288,628298,0,1,12
2016,19_Circuit of the Americas,Circuit of the Americas,circuit-of-the-americas,2016-09-17,201609171135_Race,33,25,2,Jeroen Bleekemolen,3:01.721,58.019,52.254,1:11.448,67.3,1:10:18.009,181721,0,1,12
2016,19_Circuit of the Americas,Circuit of the Americas,circuit-of-the-americas,2016-09-17,201609171135_Race,33,26,2,Jeroen Bleekemolen,2:17.475,55.095,48.449,33.931,89.0,1:12:35.484,137475,0,0,12
2016,19_Circuit of the Americas,Circuit of the Americas,circuit-of-the-americas,2016-09-17,201609171135_Race,33,27,2,Jeroen Bleekemolen,2:10.282,47.874,48.251,34.157,93.9,1:14:45.766,130282,0,0,12
2016,19_Circuit of the Americas,Circuit of the Americas,circuit-of-the-americas,2016-09-17,201609171135_Race,33,28,2,Jeroen Bleekemolen,2:09.670,47.395,48.230,34.045,94.3,1:16:55.436,129670,0,0,12
2016,19_Circuit of the Americas,Circuit of the Americas,circuit-of-the-americas,2016-09-17,201609171135_Race,33,29,2,Jeroen Bleekemolen,2:10.054,47.594,48.474,33.986,94.1,1:19:05.490,130054,0,0,12
2016,19_Circuit of the Americas,Circuit of the Americas,circuit-of-the-americas,2016-09-17,201609171135_Race,33,30,2,Jeroen Bleekemolen,2:09.490,47.269,48.211,34.010,94.5,1:21:14.980,129490,0,0,12
2016,19_Circuit of the Americas,Circuit of the Americas,circuit-of-the-americas,2016-09-17,201609171135_Race,33,31,2,Jeroen Bleekemolen,2:10.340,47.793,48.520,34.027,93.8,1:23:25.320,130340,0,0,12
2016,19_Circuit of the Americas,Circuit of the Americas,circuit-of-the-americas,2016-09-17,201609171135_Race,33,32,2,Jeroen Bleekemolen,2:11.217,48.481,48.645,34.091,93.2,1:25:36.537,131217,0,0,12
2016,19_Circuit of the Americas,Circuit of the Americas,circuit-of-the-americas,2016-09-17,201609171135_Race,33,33,2,Jeroen Bleekemolen,2:11.272,48.134,48.921,34.217,93.2,1:27:47.809,131272,0,0,12
2016,19_Circuit of the Americas,Circuit of the Americas,circuit-of-the-americas,2016-09-17,201609171135_Race,33,34,2,Jeroen Bleekemolen,2:10.827,47.594,48.960,34.273,93.5,1:29:58.636,130827,0,0,12
2016,19_Circuit of the Americas,Circuit of the Americas,circuit-of-the-americas,2016-09-17,201609171135_Race,33,35,2,Jeroen Bleekemolen,2:10.357,47.469,48.675,34.213,93.8,1:32:08.993,130357,0,0,12
2016,19_Circuit of the Americas,Circuit of the Americas,circuit-of-the-americas,2016-09-17,201609171135_Race,33,36,2,Jeroen Bleekemolen,2:11.450,47.888,49.217,34.345,93.1,1:34:20.443,131450,0,0,12
2016,19_Circuit of the Americas,Circuit of the Americas,circuit-of-the-americas,2016-09-17,201609171135_Race,33,37,2,Jeroen Bleekemolen,2:11.401,47.590,49.289,34.522,93.1,1:36:31.844,131401,0,0,12
2016,19_Circuit of the Americas,Circuit of the Americas,circuit-of-the-americas,2016-09-17,201609171135_Race,33,38,2,Jeroen Bleekemolen,2:11.203,47.631,49.148,34.424,93.2,1:38:43.047,131203,0,0,12
2016,19_Circuit of the Americas,Circuit of the Americas,circuit-of-the-americas,2016-09-17,201609171135_Race,33,39,2,Jeroen Bleekemolen,2:11.043,47.781,48.825,34.437,93.3,1:40:54.090,131043,0,0,12
2016,19_Circuit of the Americas,Circuit of the Americas,circuit-of-the-americas,2016-09-17,201609171135_Race,33,40,2,Jeroen Bleekemolen,2:11.954,47.598,49.695,34.661,92.7,1:43:06.044,131954,0,0,12
2016,19_Circuit of the Americas,Circuit of the Americas,circuit-of-the-americas,2016-09-17,201609171135_Race,33,41,2,Jeroen Bleekemolen,2:11.401,47.862,49.023,34.516,93.1,1:45:17.445,131401,0,0,12
2016,19_Circuit of the Americas,Circuit of the Americas,circuit-of-the-americas,2016-09-17,201609171135_Race,33,42,2,Jeroen Bleekemolen,2:11.668,47.747,49.088,34.833,92.9,1:47:29.113,131668,0,0,12
2016,19_Circuit of the Americas,Circuit of the Americas,circuit-of-the-americas,2016-09-17,201609171135_Race,33,43,2,Jeroen Bleekemolen,2:12.675,48.248,49.732,34.695,92.2,1:49:41.788,132675,0,0,12
2016,19_Circuit of the Americas,Circuit of the Americas,circuit-of-the-americas,2016-09-17,201609171135_Race,33,44,2,Jeroen Bleekemolen,2:12.232,48.154,49.269,34.809,92.5,1:51:54.020,132232,0,0,12
2016,19_Circuit of the Americas,Circuit of the Americas,circuit-of-the-americas,2016-09-17,201609171135_Race,33,45,2,Jeroen Bleekemolen,2:11.636,47.737,49.323,34.576,92.9,1:54:05.656,131636,0,0,12
2016,19_Circuit of the Americas,Circuit of the Americas,circuit-of-the-americas,2016-09-17,201609171135_Race,33,46,2,Jeroen Bleekemolen,2:11.352,47.773,49.032,34.547,93.2,1:56:17.008,131352,0,0,12
2016,19_Circuit of the Americas,Circuit of the Americas,circuit-of-the-americas,2016-09-17,201609171135_Race,33,47,2,Jeroen Bleekemolen,2:12.809,48.233,49.901,34.675,92.1,1:58:29.817,132809,0,0,12
2016,19_Circuit of the Americas,Circuit of the Americas,circuit-of-the-americas,2016-09-17,201609171135_Race,33,48,2,Jeroen Bleekemolen,2:12.024,48.243,49.004,34.777,92.7,2:00:41.841,132024,0,0,12
2016,19_Circuit of the Americas,Circuit of the Americas,circuit-of-the-americas,2016-09-17,201609171135_Race,33,49,2,Jeroen Bleekemolen,2:11.444,48.041,49.010,34.393,93.1,2:02:53.285,131444,0,0,12
2016,19_Circuit of the Americas,Circuit of the Americas,circuit-of-the-americas,2016-09-17,201609171135_Race,33,50,2,Jeroen Bleekemolen,2:12.666,48.466,49.165,35.035,92.2,2:05:05.951,132666,0,0,12
2016,19_Circuit of the Americas,Circuit of the Americas,circuit-of-the-americas,2016-09-17,201609171135_Race,33,51,2,Jeroen Bleekemolen,2:13.473,48.092,50.664,34.717,91.7,2:07:19.424,133473,0,0,12
2016,19_Circuit of the Americas,Circuit of the Americas,circuit-of-the-americas,2016-09-17,201609171135_Race,33,52,2,Jeroen Bleekemolen,2:12.192,48.245,49.346,34.601,92.5,2:09:31.616,132192,0,0,12
2016,19_Circuit of the Americas,Circuit of the Americas,circuit-of-the-americas,2016-09-17,201609171135_Race,33,53,2,Jeroen Bleekemolen,2:52.837,48.300,49.964,1:14.573,70.8,2:12:24.453,172837,0,1,12
2016,19_Circuit of the Americas,Circuit of the Americas,circuit-of-the-americas,2016-09-17,201609171135_Race,33,54,2,Jeroen Bleekemolen,2:24.178,59.270,50.052,34.856,84.8,2:14:48.631,144178,0,0,12
2016,19_Circuit of the Americas,Circuit of the Americas,circuit-of-the-americas,2016-09-17,201609171135_Race,33,55,2,Jeroen Bleekemolen,2:11.314,47.856,48.645,34.813,93.2,2:16:59.945,131314,0,0,12
2016,19_Circuit of the Americas,Circuit of the Americas,circuit-of-the-americas,2016-09-17,201609171135_Race,33,56,2,Jeroen Bleekemolen,2:11.046,47.515,49.214,34.317,93.3,2:19:10.991,131046,0,0,12
2016,19_Circuit of the Americas,Circuit of the Americas,circuit-of-the-americas,2016-09-17,201609171135_Race,33,57,2,Jeroen Bleekemolen,2:11.300,47.708,49.112,34.480,93.2,2:21:22.291,131300,0,0,12
2016,19_Circuit of the Americas,Circuit of the Americas,circuit-of-the-americas,2016-09-17,201609171135_Race,33,58,2,Jeroen Bleekemolen,2:14.310,47.809,51.587,34.914,91.1,2:23:36.601,134310,0,0,12
2016,19_Circuit of the Americas,Circuit of the Americas,circuit-of-the-americas,2016-09-17,201609171135_Race,33,59,2,Jeroen Bleekemolen,2:10.838,47.576,48.894,34.368,93.5,2:25:47.439,130838,0,0,12
2016,19_Circuit of the Americas,Circuit of the Americas,circuit-of-the-americas,2016-09-17,201609171135_Race,33,60,2,Jeroen Bleekemolen,2:12.244,48.801,49.331,34.112,92.5,2:27:59.683,132244,0,0,12
2016,19_Circuit of the Americas,Circuit of the Americas,circuit-of-the-americas,2016-09-17,201609171135_Race,33,61,2,Jeroen Bleekemolen,2:10.128,47.362,48.510,34.256,94.0,2:30:09.811,130128,0,0,12
2016,19_Circuit of the Americas,Circuit of the Americas,circuit-of-the-americas,2016-09-17,201609171135_Race,33,62,2,Jeroen Bleekemolen,2:11.271,47.897,48.675,34.699,93.2,2:32:21.082,131271,0,0,12
2016,19_Circuit of the Americas,Circuit of the Americas,circuit-of-the-americas,2016-09-17,201609171135_Race,33,63,2,Jeroen Bleekemolen,2:11.150,48.078,48.878,34.194,93.3,2:34:32.232,131150,0,0,12
2016,19_Circuit of the Americas,Circuit of the Americas,circuit-of-the-americas,2016-09-17,201609171135_Race,33,64,2,Jeroen Bleekemolen,2:10.783,47.556,48.930,34.297,93.5,2:36:43.015,130783,0,0,12
2016,19_Circuit of the Americas,Circuit of the Americas,circuit-of-the-americas,2016-09-17,201609171135_Race,33,65,2,Jeroen Bleekemolen,2:11.943,47.857,49.517,34.569,92.7,2:38:54.958,131943,0,0,12
2016,19_Circuit of the Americas,Circuit of the Americas,circuit-of-the-americas,2016-09-17,201609171135_Race,33,66,2,Jeroen Bleekemolen,2:12.069,48.095,49.425,34.549,92.7,2:41:07.027,132069,0,0,12
2016,19_Circuit of the Americas,Circuit of the Americas,circuit-of-the-americas,2016-09-17,201609171135_Race,33,67,2,Jeroen Bleekemolen,2:13.599,48.439,50.189,34.971,91.5,2:43:20.626,133599,0,0,12
2016,19_Circuit of the Americas,Circuit of the Americas,circuit-of-the-americas,2016-09-17,201609171135_Race,38,1,2,Nicholas Boulle,2:09.722,49.264,47.852,32.606,94.3,2:09.722,,,0,12
2016,19_Circuit of the Americas,Circuit of the Americas,circuit-of-the-americas,2016-09-17,201609171135_Race,38,2,2,Nicholas Boulle,2:05.332,45.705,47.319,32.308,97.6,4:15.054,125332,0,0,12
2016,19_Circuit of the Americas,Circuit of the Americas,circuit-of-the-americas,2016-09-17,201609171135_Race,38,3,2,Nicholas Boulle,2:04.525,44.803,47.455,32.267,98.3,6:19.579,124525,0,0,12
2016,19_Circuit of the Americas,Circuit of the Americas,circuit-of-the-americas,2016-09-17,201609171135_Race,38,4,2,Nicholas Boulle,2:04.118,44.569,47.289,32.260,98.6,8:23.697,124118,0,0,12
2016,19_Circuit of the Americas,Circuit of the Americas,circuit-of-the-americas,2016-09-17,201609171135_Race,38,5,2,Nicholas Boulle,2:04.318,44.661,47.539,32.118,98.4,10:28.015,124318,0,0,12
2016,19_Circuit of the Americas,Circuit of the Americas,circuit-of-the-americas,2016-09-17,201609171135_Race,38,6,2,Nicholas Boulle,2:04.115,44.828,47.199,32.088,98.6,12:32.130,124115,0,0,12
2016,19_Circuit of the Americas,Circuit of the Americas,circuit-of-the-americas,2016-09-17,201609171135_Race,38,7,2,Nicholas Boulle,2:04.420,45.011,47.266,32.143,98.3,14:36.550,124420,0,0,12
2016,19_Circuit of the Americas,Circuit of the Americas,circuit-of-the-americas,2016-09-17,201609171135_Race,38,8,2,Nicholas Boulle,2:04.406,45.127,47.111,32.168,98.3,16:40.956,124406,0,0,12
2016,19_Circuit of the Americas,Circuit of the Americas,circuit-of-the-americas,2016-09-17,201609171135_Race,38,9,2,Nicholas Boulle,2:05.082,45.630,47.350,32.102,97.8,18:46.038,125082,0,0,12
2016,19_Circuit of the Americas,Circuit of the Americas,circuit-of-the-americas,2016-09-17,201609171135_Race,38,10,2,Nicholas Boulle,2:04.923,45.147,47.413,32.363,97.9,20:50.961,124923,0,0,12
2016,19_Circuit of the Americas,Circuit of the Americas,circuit-of-the-americas,2016-09-17,201609171135_Race,38,11,2,Nicholas Boulle,2:05.838,45.417,47.662,32.759,97.2,22:56.799,125838,0,0,12
2016,19_Circuit of the Americas,Circuit of the Americas,circuit-of-the-americas,2016-09-17,201609171135_Race,38,12,2,Nicholas Boulle,2:05.235,45.222,47.414,32.599,97.7,25:02.034,125235,0,0,12
2016,19_Circuit of the Americas,Circuit of the Americas,circuit-of-the-americas,2016-09-17,201609171135_Race,38,13,2,Nicholas Boulle,2:06.197,45.329,47.638,33.230,96.9,27:08.231,126197,0,0,12
2016,19_Circuit of the Americas,Circuit of the Americas,circuit-of-the-americas,2016-09-17,201609171135_Race,38,14,2,Nicholas Boulle,2:06.977,46.246,47.784,32.947,96.3,29:15.208,126977,0,0,12
2016,19_Circuit of the Americas,Circuit of the Americas,circuit-of-the-americas,2016-09-17,201609171135_Race,38,15,2,Nicholas Boulle,2:06.995,46.790,47.940,32.265,96.3,31:22.203,126995,0,0,12
2016,19_Circuit of the Americas,Circuit of the Americas,circuit-of-the-americas,2016-09-17,201609171135_Race,38,16,2,Nicholas Boulle,2:06.226,46.404,47.534,32.288,96.9,33:28.429,126226,0,0,12
2016,19_Circuit of the Americas,Circuit of the Americas,circuit-of-the-americas,2016-09-17,201609171135_Race,38,17,2,Nicholas Boulle,2:15.482,45.641,48.951,40.890,90.3,35:43.911,135482,0,0,12
2016,19_Circuit of the Americas,Circuit of the Americas,circuit-of-the-americas,2016-09-17,201609171135_Race,38,18,2,Nicholas Boulle,2:27.817,54.031,56.985,36.801,82.8,38:11.728,147817,0,0,12
2016,19_Circuit of the Americas,Circuit of the Americas,circuit-of-the-americas,2016-09-17,201609171135_Race,38,19,2,Nicholas Boulle,3:09.256,48.915,51.324,1:29.017,64.6,41:20.984,189256,0,1,12
2016,19_Circuit of the Americas,Circuit of the Americas,circuit-of-the-americas,2016-09-17,201609171135_Race,38,20,1,James French,3:02.641,1:01.014,1:21.550,40.077,67.0,44:23.625,182641,0,0,12
2016,19_Circuit of the Americas,Circuit of the Americas,circuit-of-the-americas,2016-09-17,201609171135_Race,38,21,1,James French,3:19.545,1:08.332,1:20.781,50.432,61.3,47:43.170,199545,0,0,12
2016,19_Circuit of the Americas,Circuit of the Americas,circuit-of-the-americas,2016-09-17,201609171135_Race,38,22,1,James French,2:59.884,1:08.761,1:13.661,37.462,68.0,50:43.054,179884,0,0,12
2016,19_Circuit of the Americas,Circuit of the Americas,circuit-of-the-americas,2016-09-17,201609171135_Race,38,23,1,James French,2:17.078,46.408,49.024,41.646,89.2,53:00.132,137078,0,0,12
2016,19_Circuit of the Americas,Circuit of the Americas,circuit-of-the-americas,2016-09-17,201609171135_Race,38,24,1,James French,3:23.523,1:06.453,1:24.704,52.366,60.1,56:23.655,203523,0,0,12
2016,19_Circuit of the Americas,Circuit of the Americas,circuit-of-the-americas,2016-09-17,201609171135_Race,38,25,1,James French,2:52.433,1:03.031,1:13.734,35.668,70.9,59:16.088,172433,0,0,12
2016,19_Circuit of the Americas,Circuit of the Americas,circuit-of-the-americas,2016-09-17,201609171135_Race,38,26,1,James French,2:07.564,46.464,47.855,33.245,95.9,1:01:23.652,127564,0,0,12
2016,19_Circuit of the Americas,Circuit of the Americas,circuit-of-the-americas,2016-09-17,201609171135_Race,38,27,1,James French,2:03.166,44.275,47.028,31.863,99.3,1:03:26.818,123166,0,0,12
2016,19_Circuit of the Americas,Circuit of the Americas,circuit-of-the-americas,2016-09-17,201609171135_Race,38,28,1,James French,2:02.725,44.099,46.797,31.829,99.7,1:05:29.543,122725,0,0,12
2016,19_Circuit of the Americas,Circuit of the Americas,circuit-of-the-americas,2016-09-17,201609171135_Race,38,29,1,James French,2:02.852,44.304,46.682,31.866,99.6,1:07:32.395,122852,0,0,12
2016,19_Circuit of the Americas,Circuit of the Americas,circuit-of-the-americas,2016-09-17,201609171135_Race,38,30,1,James French,2:02.957,44.123,46.964,31.870,99.5,1:09:35.352,122957,0,0,12
2016,19_Circuit of the Americas,Circuit of the Americas,circuit-of-the-americas,2016-09-17,201609171135_Race,38,31,1,James French,2:03.332,44.542,46.879,31.911,99.2,1:11:38.684,123332,0,0,12
2016,19_Circuit of the Americas,Circuit of the Americas,circuit-of-the-americas,2016-09-17,201609171135_Race,38,32,1,James French,2:03.221,44.270,46.959,31.992,99.3,1:13:41.905,123221,0,0,12
2016,19_Circuit of the Americas,Circuit of the Americas,circuit-of-the-americas,2016-09-17,201609171135_Race,38,33,1,James French,2:03.401,44.309,47.147,31.945,99.1,1:15:45.306,123401,0,0,12
2016,19_Circuit of the Americas,Circuit of the Americas,circuit-of-the-americas,2016-09-17,201609171135_Race,38,34,1,James French,2:03.547,44.418,46.939,32.190,99.0,1:17:48.853,123547,0,0,12
2016,19_Circuit of the Americas,Circuit of the Americas,circuit-of-the-americas,2016-09-17,201609171135_Race,38,35,1,James French,2:03.428,44.493,47.009,31.926,99.1,1:19:52.281,123428,0,0,12
2016,19_Circuit of the Americas,Circuit of the Americas,circuit-of-the-americas,2016-09-17,201609171135_Race,38,36,1,James French,2:04.748,44.943,47.710,32.095,98.1,1:21:57.029,124748,0,0,12
2016,19_Circuit of the Americas,Circuit of the Americas,circuit-of-the-americas,2016-09-17,201609171135_Race,38,37,1,James French,2:10.839,44.643,53.281,32.915,93.5,1:24:07.868,130839,0,0,12
2016,19_Circuit of the Americas,Circuit of the Americas,circuit-of-the-americas,2016-09-17,201609171135_Race,38,38,1,James French,2:05.186,45.066,47.520,32.600,97.8,1:26:13.054,125186,0,0,12
2016,19_Circuit of the Americas,Circuit of the Americas,circuit-of-the-americas,2016-09-17,201609171135_Race,38,39,1,James French,2:05.933,45.404,47.805,32.724,97.1,1:28:18.987,125933,0,0,12
2016,19_Circuit of the Americas,Circuit of the Americas,circuit-of-the-americas,2016-09-17,201609171135_Race,38,40,1,James French,2:08.587,48.022,47.814,32.751,95.1,1:30:27.574,128587,0,0,12
2016,19_Circuit of the Americas,Circuit of the Americas,circuit-of-the-americas,2016-09-17,201609171135_Race,38,41,1,James French,2:07.328,46.763,48.126,32.439,96.1,1:32:34.902,127328,0,0,13
2016,19_Circuit of the Americas,Circuit of the Americas,circuit-of-the-americas,2016-09-17,201609171135_Race,38,42,1,James French,2:07.205,47.065,47.873,32.267,96.2,1:34:42.107,127205,0,0,13
2016,19_Circuit of the Americas,Circuit of the Americas,circuit-of-the-americas,2016-09-17,201609171135_Race,38,43,1,James French,2:05.704,45.653,47.883,32.168,97.3,1:36:47.811,125704,0,0,13
2016,19_Circuit of the Americas,Circuit of the Americas,circuit-of-the-americas,2016-09-17,201609171135_Race,38,44,1,James French,2:04.428,44.676,47.446,32.306,98.3,1:38:52.239,124428,0,0,13
2016,19_Circuit of the Americas,Circuit of the Americas,circuit-of-the-americas,2016-09-17,201609171135_Race,38,45,1,James French,2:05.952,46.079,47.611,32.262,97.1,1:40:58.191,125952,0,0,13
2016,19_Circuit of the Americas,Circuit of the Americas,circuit-of-the-americas,2016-09-17,201609171135_Race,38,46,1,James French,2:05.450,45.011,47.747,32.692,97.5,1:43:03.641,125450,0,0,13
2016,19_Circuit of the Americas,Circuit of the Americas,circuit-of-the-americas,2016-09-17,201609171135_Race,38,47,1,James French,2:08.468,47.773,48.171,32.524,95.2,1:45:12.109,128468,0,0,13
2016,19_Circuit of the Americas,Circuit of the Americas,circuit-of-the-americas,2016-09-17,201609171135_Race,38,48,1,James French,2:06.342,45.381,47.561,33.400,96.8,1:47:18.451,126342,0,0,13
2016,19_Circuit of the Americas,Circuit of the Americas,circuit-of-the-americas,2016-09-17,201609171135_Race,38,49,1,James French,2:53.450,45.641,47.728,1:20.081,70.5,1:50:11.901,173450,0,1,13
2016,19_Circuit of the Americas,Circuit of the Americas,circuit-of-the-americas,2016-09-17,201609171135_Race,38,50,1,James French,2:13.649,53.876,47.468,32.305,91.5,1:52:25.550,133649,0,0,13
2016,19_Circuit of the Americas,Circuit of the Americas,circuit-of-the-americas,2016-09-17,201609171135_Race,38,51,1,James French,2:03.397,44.496,46.949,31.952,99.1,1:54:28.947,123397,0,0,13
2016,19_Circuit of the Americas,Circuit of the Americas,circuit-of-the-americas,2016-09-17,201609171135_Race,38,52,1,James French,2:02.522,44.073,46.637,31.812,99.9,1:56:31.469,122522,0,0,13
2016,19_Circuit of the Americas,Circuit of the Americas,circuit-of-the-americas,2016-09-17,201609171135_Race,38,53,1,James French,2:04.400,44.305,47.066,33.029,98.3,1:58:35.869,124400,0,0,13
2016,19_Circuit of the Americas,Circuit of the Americas,circuit-of-the-americas,2016-09-17,201609171135_Race,38,54,1,James French,2:03.609,44.125,47.311,32.173,99.0,2:00:39.478,123609,0,0,13
2016,19_Circuit of the Americas,Circuit of the Americas,circuit-of-the-americas,2016-09-17,201609171135_Race,38,55,1,James French,2:04.497,44.862,47.227,32.408,98.3,2:02:43.975,124497,0,0,13
2016,19_Circuit of the Americas,Circuit of the Americas,circuit-of-the-americas,2016-09-17,201609171135_Race,38,56,1,James French,2:03.586,44.425,46.911,32.250,99.0,2:04:47.561,123586,0,0,13
2016,19_Circuit of the Americas,Circuit of the Americas,circuit-of-the-americas,2016-09-17,201609171135_Race,38,57,1,James French,2:04.887,45.167,47.593,32.127,97.9,2:06:52.448,124887,0,0,13
2016,19_Circuit of the Americas,Circuit of the Americas,circuit-of-the-americas,2016-09-17,201609171135_Race,38,58,1,James French,2:04.882,45.252,47.581,32.049,97.9,2:08:57.330,124882,0,0,13
2016,19_Circuit of the Americas,Circuit of the Americas,circuit-of-the-americas,2016-09-17,201609171135_Race,38,59,1,James French,2:04.354,44.657,47.123,32.574,98.4,2:11:01.684,124354,0,0,13
2016,19_Circuit of the Americas,Circuit of the Americas,circuit-of-the-americas,2016-09-17,201609171135_Race,38,60,1,James French,2:05.383,45.543,47.348,32.492,97.6,2:13:07.067,125383,0,0,13
2016,19_Circuit of the Americas,Circuit of the Americas,circuit-of-the-americas,2016-09-17,201609171135_Race,38,61,1,James French,2:04.470,44.602,47.487,32.381,98.3,2:15:11.537,124470,0,0,13
2016,19_Circuit of the Americas,Circuit of the Americas,circuit-of-the-americas,2016-09-17,201609171135_Race,38,62,1,James French,2:05.032,45.109,47.457,32.466,97.8,2:17:16.569,125032,0,0,13
2016,19_Circuit of the Americas,Circuit of the Americas,circuit-of-the-americas,2016-09-17,201609171135_Race,38,63,1,James French,2:04.760,44.735,47.552,32.473,98.1,2:19:21.329,124760,0,0,13
2016,19_Circuit of the Americas,Circuit of the Americas,circuit-of-the-americas,2016-09-17,201609171135_Race,38,64,1,James French,2:06.579,46.137,48.000,32.442,96.6,2:21:27.908,126579,0,0,13
2016,19_Circuit of the Americas,Circuit of the Americas,circuit-of-the-americas,2016-09-17,201609171135_Race,38,65,1,James French,2:08.229,46.434,47.749,34.046,95.4,2:23:36.137,128229,0,0,13
2016,19_Circuit of the Americas,Circuit of the Americas,circuit-of-the-americas,2016-09-17,201609171135_Race,38,66,1,James French,2:05.690,45.931,47.362,32.397,97.3,2:25:41.827,125690,0,0,13
2016,19_Circuit of the Americas,Circuit of the Americas,circuit-of-the-americas,2016-09-17,201609171135_Race,38,67,1,James French,2:04.817,44.924,47.487,32.406,98.0,2:27:46.644,124817,0,0,13
2016,19_Circuit of the Americas,Circuit of the Americas,circuit-of-the-americas,2016-09-17,201609171135_Race,38,68,1,James French,2:05.829,44.819,47.450,33.560,97.2,2:29:52.473,125829,0,0,13
2016,19_Circuit of the Americas,Circuit of the Americas,circuit-of-the-americas,2016-09-17,201609171135_Race,38,69,1,James French,2:06.228,45.183,48.460,32.585,96.9,2:31:58.701,126228,0,0,13
2016,19_Circuit of the Americas,Circuit of the Americas,circuit-of-the-americas,2016-09-17,201609171135_Race,38,70,1,James French,2:05.431,45.229,47.526,32.676,97.5,2:34:04.132,125431,0,0,13
2016,19_Circuit of the Americas,Circuit of the Americas,circuit-of-the-americas,2016-09-17,201609171135_Race,38,71,1,James French,2:05.099,45.083,47.736,32.280,97.8,2:36:09.231,125099,0,0,13
2016,19_Circuit of the Americas,Circuit of the Americas,circuit-of-the-americas,2016-09-17,201609171135_Race,38,72,1,James French,2:08.947,47.341,48.713,32.893,94.9,2:38:18.178,128947,0,0,13
2016,19_Circuit of the Americas,Circuit of the Americas,circuit-of-the-americas,2016-09-17,201609171135_Race,38,73,1,James French,2:08.294,46.164,48.961,33.169,95.3,2:40:26.472,128294,0,0,13
2016,19_Circuit of the Americas,Circuit of the Americas,circuit-of-the-americas,2016-09-17,201609171135_Race,38,74,1,James French,2:10.734,47.423,48.510,34.801,93.6,2:42:37.206,130734,0,0,13
2016,19_Circuit of the Americas,Circuit of the Americas,circuit-of-the-americas,2016-09-17,201609171135_Race,44,1,1,John Potter,2:45.775,1:20.118,50.544,35.113,73.8,2:45.775,,,0,13
2016,19_Circuit of the Americas,Circuit of the Americas,circuit-of-the-americas,2016-09-17,201609171135_Race,44,2,1,John Potter,2:11.610,47.777,49.112,34.721,93.0,4:57.385,131610,0,0,13
2016,19_Circuit of the Americas,Circuit of the Americas,circuit-of-the-americas,2016-09-17,201609171135_Race,44,3,1,John Potter,2:11.713,47.560,49.614,34.539,92.9,7:09.098,131713,0,0,13
2016,19_Circuit of the Americas,Circuit of the Americas,circuit-of-the-americas,2016-09-17,201609171135_Race,44,4,1,John Potter,2:12.077,47.945,49.502,34.630,92.6,9:21.175,132077,0,0,13
2016,19_Circuit of the Americas,Circuit of the Americas,circuit-of-the-americas,2016-09-17,201609171135_Race,44,5,1,John Potter,2:11.134,47.571,49.231,34.332,93.3,11:32.309,131134,0,0,13
2016,19_Circuit of the Americas,Circuit of the Americas,circuit-of-the-americas,2016-09-17,201609171135_Race,44,6,1,John Potter,2:11.909,47.835,49.314,34.760,92.7,13:44.218,131909,0,0,13
2016,19_Circuit of the Americas,Circuit of the Americas,circuit-of-the-americas,2016-09-17,201609171135_Race,44,7,1,John Potter,2:11.832,47.621,49.525,34.686,92.8,15:56.050,131832,0,0,13
2016,19_Circuit of the Americas,Circuit of the Americas,circuit-of-the-americas,2016-09-17,201609171135_Race,44,8,1,John Potter,2:13.005,47.785,50.128,35.092,92.0,18:09.055,133005,0,0,13
2016,19_Circuit of the Americas,Circuit of the Americas,circuit-of-the-americas,2016-09-17,201609171135_Race,44,9,1,John Potter,2:12.606,48.186,49.781,34.639,92.2,20:21.661,132606,0,0,13
2016,19_Circuit of the Americas,Circuit of the Americas,circuit-of-the-americas,2016-09-17,201609171135_Race,44,10,1,John Potter,2:13.514,48.897,49.950,34.667,91.6,22:35.175,133514,0,0,13
2016,19_Circuit of the Americas,Circuit of the Americas,circuit-of-the-americas,2016-09-17,201609171135_Race,44,11,1,John Potter,2:13.565,48.216,49.711,35.638,91.6,24:48.740,133565,0,0,13
2016,19_Circuit of the Americas,Circuit of the Americas,circuit-of-the-americas,2016-09-17,201609171135_Race,44,12,1,John Potter,2:13.002,48.043,50.185,34.774,92.0,27:01.742,133002,0,0,13
2016,19_Circuit of the Americas,Circuit of the Americas,circuit-of-the-americas,2016-09-17,201609171135_Race,44,13,1,John Potter,2:13.064,48.274,49.796,34.994,91.9,29:14.806,133064,0,0,13
2016,19_Circuit of the Americas,Circuit of the Americas,circuit-of-the-americas,2016-09-17,201609171135_Race,44,14,1,John Potter,2:14.675,49.897,49.766,35.012,90.9,31:29.481,134675,0,0,13
2016,19_Circuit of the Americas,Circuit of the Americas,circuit-of-the-americas,2016-09-17,201609171135_Race,44,15,1,John Potter,2:14.260,48.762,50.261,35.237,91.1,33:43.741,134260,0,0,13
2016,19_Circuit of the Americas,Circuit of the Americas,circuit-of-the-americas,2016-09-17,201609171135_Race,44,16,1,John Potter,2:18.479,48.542,52.850,37.087,88.3,36:02.220,138479,0,0,13
2016,19_Circuit of the Americas,Circuit of the Americas,circuit-of-the-americas,2016-09-17,201609171135_Race,44,17,1,John Potter,2:20.913,51.204,53.331,36.378,86.8,38:23.133,140913,0,0,13
2016,19_Circuit of the Americas,Circuit of the Americas,circuit-of-the-americas,2016-09-17,201609171135_Race,44,18,1,John Potter,2:19.309,51.382,51.699,36.228,87.8,40:42.442,139309,0,0,13
2016,19_Circuit of the Americas,Circuit of the Americas,circuit-of-the-americas,2016-09-17,201609171135_Race,44,19,1,John Potter,3:18.052,1:10.200,1:20.651,47.201,61.8,44:00.494,198052,0,0,13
2016,19_Circuit of the Americas,Circuit of the Americas,circuit-of-the-americas,2016-09-17,201609171135_Race,44,20,1,John Potter,4:12.602,1:16.549,1:22.440,1:33.613,48.4,48:13.096,252602,0,1,13
2016,19_Circuit of the Americas,Circuit of the Americas,circuit-of-the-americas,2016-09-17,201609171135_Race,44,21,2,Andy Lally,2:51.658,1:01.199,1:15.944,34.515,71.3,51:04.754,171658,0,0,13
2016,19_Circuit of the Americas,Circuit of the Americas,circuit-of-the-americas,2016-09-17,201609171135_Race,44,22,2,Andy Lally,2:16.675,47.589,50.937,38.149,89.5,53:21.429,136675,0,0,13
2016,19_Circuit of the Americas,Circuit of the Americas,circuit-of-the-americas,2016-09-17,201609171135_Race,44,23,2,Andy Lally,3:25.364,1:05.229,1:35.704,44.431,59.5,56:46.793,205364,0,0,13
2016,19_Circuit of the Americas,Circuit of the Americas,circuit-of-the-americas,2016-09-17,201609171135_Race,44,24,2,Andy Lally,2:52.801,1:02.975,1:15.586,34.240,70.8,59:39.594,172801,0,0,13
2016,19_Circuit of the Americas,Circuit of the Americas,circuit-of-the-americas,2016-09-17,201609171135_Race,44,25,2,Andy Lally,2:09.757,46.996,48.604,34.157,94.3,1:01:49.351,129757,0,0,13
2016,19_Circuit of the Americas,Circuit of the Americas,circuit-of-the-americas,2016-09-17,201609171135_Race,44,26,2,Andy Lally,2:10.246,47.081,48.693,34.472,93.9,1:03:59.597,130246,0,0,13
2016,19_Circuit of the Americas,Circuit of the Americas,circuit-of-the-americas,2016-09-17,201609171135_Race,44,27,2,Andy Lally,2:10.574,47.411,48.723,34.440,93.7,1:06:10.171,130574,0,0,13
2016,19_Circuit of the Americas,Circuit of the Americas,circuit-of-the-americas,2016-09-17,201609171135_Race,44,28,2,Andy Lally,2:11.560,47.745,48.797,35.018,93.0,1:08:21.731,131560,0,0,13
2016,19_Circuit of the Americas,Circuit of the Americas,circuit-of-the-americas,2016-09-17,201609171135_Race,44,29,2,Andy Lally,2:11.115,47.413,48.775,34.927,93.3,1:10:32.846,131115,0,0,13
2016,19_Circuit of the Americas,Circuit of the Americas,circuit-of-the-americas,2016-09-17,201609171135_Race,44,30,2,Andy Lally,2:11.612,47.660,49.097,34.855,93.0,1:12:44.458,131612,0,0,13
2016,19_Circuit of the Americas,Circuit of the Americas,circuit-of-the-americas,2016-09-17,201609171135_Race,44,31,2,Andy Lally,2:11.439,47.509,48.987,34.943,93.1,1:14:55.897,131439,0,0,13
2016,19_Circuit of the Americas,Circuit of the Americas,circuit-of-the-americas,2016-09-17,201609171135_Race,44,32,2,Andy Lally,2:12.586,48.703,49.495,34.388,92.3,1:17:08.483,132586,0,0,13
2016,19_Circuit of the Americas,Circuit of the Americas,circuit-of-the-americas,2016-09-17,201609171135_Race,44,33,2,Andy Lally,2:12.638,48.068,49.770,34.800,92.2,1:19:21.121,132638,0,0,13
2016,19_Circuit of the Americas,Circuit of the Americas,circuit-of-the-americas,2016-09-17,201609171135_Race,44,34,2,Andy Lally,2:13.775,47.612,50.975,35.188,91.5,1:21:34.896,133775,0,0,13
2016,19_Circuit of the Americas,Circuit of the Americas,circuit-of-the-americas,2016-09-17,201609171135_Race,44,35,2,Andy Lally,2:11.443,47.271,49.464,34.708,93.1,1:23:46.339,131443,0,0,13
2016,19_Circuit of the Americas,Circuit of the Americas,circuit-of-the-americas,2016-09-17,201609171135_Race,44,36,2,Andy Lally,2:10.984,47.708,49.027,34.249,93.4,1:25:57.323,130984,0,0,13
2016,19_Circuit of the Americas,Circuit of the Americas,circuit-of-the-americas,2016-09-17,201609171135_Race,44,37,2,Andy Lally,2:10.151,47.264,48.631,34.256,94.0,1:28:07.474,130151,0,0,13
2016,19_Circuit of the Americas,Circuit of the Americas,circuit-of-the-americas,2016-09-17,201609171135_Race,44,38,2,Andy Lally,2:11.595,48.221,49.057,34.317,93.0,1:30:19.069,131595,0,0,13
2016,19_Circuit of the Americas,Circuit of the Americas,circuit-of-the-americas,2016-09-17,201609171135_Race,44,39,2,Andy Lally,2:10.409,47.035,49.061,34.313,93.8,1:32:29.478,130409,0,0,13
2016,19_Circuit of the Americas,Circuit of the Americas,circuit-of-the-americas,2016-09-17,201609171135_Race,44,40,2,Andy Lally,2:10.280,47.109,48.821,34.350,93.9,1:34:39.758,130280,0,0,13
2016,19_Circuit of the Americas,Circuit of the Americas,circuit-of-the-americas,2016-09-17,201609171135_Race,44,41,2,Andy Lally,2:11.122,47.337,49.522,34.263,93.3,1:36:50.880,131122,0,0,13
2016,19_Circuit of the Americas,Circuit of the Americas,circuit-of-the-americas,2016-09-17,201609171135_Race,44,42,2,Andy Lally,2:12.045,47.713,49.726,34.606,92.7,1:39:02.925,132045,0,0,13
2016,19_Circuit of the Americas,Circuit of the Americas,circuit-of-the-americas,2016-09-17,201609171135_Race,44,43,2,Andy Lally,2:11.317,47.925,48.974,34.418,93.2,1:41:14.242,131317,0,0,13
2016,19_Circuit of the Americas,Circuit of the Americas,circuit-of-the-americas,2016-09-17,201609171135_Race,44,44,2,Andy Lally,3:04.280,47.408,49.174,1:27.698,66.4,1:44:18.522,184280,0,1,13
2016,19_Circuit of the Americas,Circuit of the Americas,circuit-of-the-americas,2016-09-17,201609171135_Race,44,45,2,Andy Lally,2:20.369,56.870,48.991,34.508,87.1,1:46:38.891,140369,0,0,13
2016,19_Circuit of the Americas,Circuit of the Americas,circuit-of-the-americas,2016-09-17,201609171135_Race,44,46,2,Andy Lally,2:09.815,46.919,48.602,34.294,94.2,1:48:48.706,129815,0,0,13
2016,19_Circuit of the Americas,Circuit of the Americas,circuit-of-the-americas,2016-09-17,201609171135_Race,44,47,2,Andy Lally,2:09.795,46.928,48.721,34.146,94.3,1:50:58.501,129795,0,0,13
2016,19_Circuit of the Americas,Circuit of the Americas,circuit-of-the-americas,2016-09-17,201609171135_Race,44,48,2,Andy Lally,2:10.204,46.817,48.810,34.577,94.0,1:53:08.705,130204,0,0,13
2016,19_Circuit of the Americas,Circuit of the Americas,circuit-of-the-americas,2016-09-17,201609171135_Race,44,49,2,Andy Lally,2:10.045,47.013,48.643,34.389,94.1,1:55:18.750,130045,0,0,13
2016,19_Circuit of the Americas,Circuit of the Americas,circuit-of-the-americas,2016-09-17,201609171135_Race,44,50,2,Andy Lally,2:10.630,47.361,48.952,34.317,93.7,1:57:29.380,130630,0,0,13
2016,19_Circuit of the Americas,Circuit of the Americas,circuit-of-the-americas,2016-09-17,201609171135_Race,44,51,2,Andy Lally,2:10.305,47.259,48.844,34.202,93.9,1:59:39.685,130305,0,0,13
2016,19_Circuit of the Americas,Circuit of the Americas,circuit-of-the-americas,2016-09-17,201609171135_Race,44,52,2,Andy Lally,2:11.230,47.198,49.472,34.560,93.2,2:01:50.915,131230,0,0,13
2016,19_Circuit of the Americas,Circuit of the Americas,circuit-of-the-americas,2016-09-17,201609171135_Race,44,53,2,Andy Lally,2:12.955,47.922,50.360,34.673,92.0,2:04:03.870,132955,0,0,13
2016,19_Circuit of the Americas,Circuit of the Americas,circuit-of-the-americas,2016-09-17,201609171135_Race,44,54,2,Andy Lally,2:11.176,47.126,49.729,34.321,93.3,2:06:15.046,131176,0,0,13
2016,19_Circuit of the Americas,Circuit of the Americas,circuit-of-the-americas,2016-09-17,201609171135_Race,44,55,2,Andy Lally,2:10.743,47.234,49.103,34.406,93.6,2:08:25.789,130743,0,0,13
2016,19_Circuit of the Americas,Circuit of the Americas,circuit-of-the-americas,2016-09-17,201609171135_Race,44,56,2,Andy Lally,2:11.317,47.166,49.397,34.754,93.2,2:10:37.106,131317,0,0,13
2016,19_Circuit of the Americas,Circuit of the Americas,circuit-of-the-americas,2016-09-17,201609171135_Race,44,57,2,Andy Lally,2:11.230,47.633,49.015,34.582,93.2,2:12:48.336,131230,0,0,13
2016,19_Circuit of the Americas,Circuit of the Americas,circuit-of-the-americas,2016-09-17,201609171135_Race,44,58,2,Andy Lally,2:10.680,47.225,49.079,34.376,93.6,2:14:59.016,130680,0,0,13
2016,19_Circuit of the Americas,Circuit of the Americas,circuit-of-the-americas,2016-09-17,201609171135_Race,44,59,2,Andy Lally,2:10.883,47.233,48.948,34.702,93.5,2:17:09.899,130883,0,0,13
2016,19_Circuit of the Americas,Circuit of the Americas,circuit-of-the-americas,2016-09-17,201609171135_Race,44,60,2,Andy Lally,2:11.322,47.522,49.168,34.632,93.2,2:19:21.221,131322,0,0,13
2016,19_Circuit of the Americas,Circuit of the Americas,circuit-of-the-americas,2016-09-17,201609171135_Race,44,61,2,Andy Lally,2:11.832,47.728,49.532,34.572,92.8,2:21:33.053,131832,0,0,13
2016,19_Circuit of the Americas,Circuit of the Americas,circuit-of-the-americas,2016-09-17,201609171135_Race,44,62,2,Andy Lally,2:11.706,47.374,49.444,34.888,92.9,2:23:44.759,131706,0,0,13
2016,19_Circuit of the Americas,Circuit of the Americas,circuit-of-the-americas,2016-09-17,201609171135_Race,44,63,2,Andy Lally,2:11.910,48.183,49.129,34.598,92.7,2:25:56.669,131910,0,0,13
2016,19_Circuit of the Americas,Circuit of the Americas,circuit-of-the-americas,2016-09-17,201609171135_Race,44,64,2,Andy Lally,2:11.398,47.487,49.151,34.760,93.1,2:28:08.067,131398,0,0,13
2016,19_Circuit of the Americas,Circuit of the Americas,circuit-of-the-americas,2016-09-17,201609171135_Race,44,65,2,Andy Lally,2:12.528,47.989,49.655,34.884,92.3,2:30:20.595,132528,0,0,13
2016,19_Circuit of the Americas,Circuit of the Americas,circuit-of-the-americas,2016-09-17,201609171135_Race,44,66,2,Andy Lally,2:13.063,48.013,49.626,35.424,91.9,2:32:33.658,133063,0,0,13
2016,19_Circuit of the Americas,Circuit of the Americas,circuit-of-the-americas,2016-09-17,201609171135_Race,44,67,2,Andy Lally,2:11.615,47.715,49.266,34.634,93.0,2:34:45.273,131615,0,0,13
2016,19_Circuit of the Americas,Circuit of the Americas,circuit-of-the-americas,2016-09-17,201609171135_Race,44,68,2,Andy Lally,2:11.435,47.549,49.263,34.623,93.1,2:36:56.708,131435,0,0,13
2016,19_Circuit of the Americas,Circuit of the Americas,circuit-of-the-americas,2016-09-17,201609171135_Race,44,69,2,Andy Lally,2:12.361,47.905,49.587,34.869,92.4,2:39:09.069,132361,0,0,13
2016,19_Circuit of the Americas,Circuit of the Americas,circuit-of-the-americas,2016-09-17,201609171135_Race,44,70,2,Andy Lally,2:12.878,48.331,49.500,35.047,92.0,2:41:21.947,132878,0,0,13
2016,19_Circuit of the Americas,Circuit of the Americas,circuit-of-the-americas,2016-09-17,201609171135_Race,44,71,2,Andy Lally,2:13.084,48.086,49.847,35.151,91.9,2:43:35.031,133084,0,0,13
2016,19_Circuit of the Americas,Circuit of the Americas,circuit-of-the-americas,2016-09-17,201609171135_Race,48,1,2,Madison Snow,2:42.130,1:17.837,49.601,34.692,75.4,2:42.130,,,0,13
2016,19_Circuit of the Americas,Circuit of the Americas,circuit-of-the-americas,2016-09-17,201609171135_Race,48,2,2,Madison Snow,2:10.405,47.238,48.671,34.496,93.8,4:52.535,130405,0,0,13
2016,19_Circuit of the Americas,Circuit of the Americas,circuit-of-the-americas,2016-09-17,201609171135_Race,48,3,2,Madison Snow,2:10.741,47.724,48.520,34.497,93.6,7:03.276,130741,0,0,13
2016,19_Circuit of the Americas,Circuit of the Americas,circuit-of-the-americas,2016-09-17,201609171135_Race,48,4,2,Madison Snow,2:10.444,47.515,48.451,34.478,93.8,9:13.720,130444,0,0,13
2016,19_Circuit of the Americas,Circuit of the Americas,circuit-of-the-americas,2016-09-17,201609171135_Race,48,5,2,Madison Snow,2:10.352,47.353,48.623,34.376,93.8,11:24.072,130352,0,0,13
2016,19_Circuit of the Americas,Circuit of the Americas,circuit-of-the-americas,2016-09-17,201609171135_Race,48,6,2,Madison Snow,2:10.713,47.415,48.599,34.699,93.6,13:34.785,130713,0,0,14
2016,19_Circuit of the Americas,Circuit of the Americas,circuit-of-the-americas,2016-09-17,201609171135_Race,48,7,2,Madison Snow,2:11.639,48.222,48.737,34.680,92.9,15:46.424,131639,0,0,14
2016,19_Circuit of the Americas,Circuit of the Americas,circuit-of-the-americas,2016-09-17,201609171135_Race,48,8,2,Madison Snow,2:11.482,47.454,49.118,34.910,93.0,17:57.906,131482,0,0,14
2016,19_Circuit of the Americas,Circuit of the Americas,circuit-of-the-americas,2016-09-17,201609171135_Race,48,9,2,Madison Snow,2:11.258,47.582,48.896,34.780,93.2,20:09.164,131258,0,0,14
2016,19_Circuit of the Americas,Circuit of the Americas,circuit-of-the-americas,2016-09-17,201609171135_Race,48,10,2,Madison Snow,2:12.807,48.650,49.252,34.905,92.1,22:21.971,132807,0,0,14
2016,19_Circuit of the Americas,Circuit of the Americas,circuit-of-the-americas,2016-09-17,201609171135_Race,48,11,2,Madison Snow,2:11.787,47.665,49.260,34.862,92.8,24:33.758,131787,0,0,14
2016,19_Circuit of the Americas,Circuit of the Americas,circuit-of-the-americas,2016-09-17,201609171135_Race,48,12,2,Madison Snow,2:12.161,48.267,48.954,34.940,92.5,26:45.919,132161,0,0,14
2016,19_Circuit of the Americas,Circuit of the Americas,circuit-of-the-americas,2016-09-17,201609171135_Race,48,13,2,Madison Snow,2:11.608,47.734,48.899,34.975,93.0,28:57.527,131608,0,0,14
2016,19_Circuit of the Americas,Circuit of the Americas,circuit-of-the-americas,2016-09-17,201609171135_Race,48,14,2,Madison Snow,2:12.563,48.715,49.014,34.834,92.3,31:10.090,132563,0,0,14
2016,19_Circuit of the Americas,Circuit of the Americas,circuit-of-the-americas,2016-09-17,201609171135_Race,48,15,2,Madison Snow,2:12.517,48.332,49.230,34.955,92.3,33:22.607,132517,0,0,14
2016,19_Circuit of the Americas,Circuit of the Americas,circuit-of-the-americas,2016-09-17,201609171135_Race,48,16,2,Madison Snow,2:15.594,47.784,49.903,37.907,90.2,35:38.201,135594,0,0,14
2016,19_Circuit of the Americas,Circuit of the Americas,circuit-of-the-americas,2016-09-17,201609171135_Race,48,17,2,Madison Snow,2:21.264,52.731,52.273,36.260,86.6,37:59.465,141264,0,0,14
2016,19_Circuit of the Americas,Circuit of the Americas,circuit-of-the-americas,2016-09-17,201609171135_Race,48,18,2,Madison Snow,2:33.209,50.752,57.746,44.711,79.9,40:32.674,153209,0,0,14
2016,19_Circuit of the Americas,Circuit of the Americas,circuit-of-the-americas,2016-09-17,201609171135_Race,48,19,2,Madison Snow,4:09.713,1:15.608,1:20.146,1:33.959,49.0,44:42.387,249713,0,1,14
2016,19_Circuit of the Americas,Circuit of the Americas,circuit-of-the-americas,2016-09-17,201609171135_Race,48,20,2,Madison Snow,3:11.404,1:01.590,1:20.372,49.442,63.9,47:53.791,191404,0,0,14
2016,19_Circuit of the Americas,Circuit of the Americas,circuit-of-the-americas,2016-09-17,201609171135_Race,48,21,2,Madison Snow,2:57.271,1:06.302,1:16.318,34.651,69.0,50:51.062,177271,0,0,14
2016,19_Circuit of the Americas,Circuit of the Americas,circuit-of-the-americas,2016-09-17,201609171135_Race,48,22,2,Madison Snow,2:17.598,46.963,51.463,39.172,88.9,53:08.660,137598,0,0,14
2016,19_Circuit of the Americas,Circuit of the Americas,circuit-of-the-americas,2016-09-17,201609171135_Race,48,23,2,Madison Snow,3:25.203,1:05.812,1:26.846,52.545,59.6,56:33.863,205203,0,0,14
2016,19_Circuit of the Americas,Circuit of the Americas,circuit-of-the-americas,2016-09-17,201609171135_Race,48,24,2,Madison Snow,2:55.718,1:04.566,1:16.606,34.546,69.6,59:29.581,175718,0,0,14
2016,19_Circuit of the Americas,Circuit of the Americas,circuit-of-the-americas,2016-09-17,201609171135_Race,48,25,2,Madison Snow,2:11.782,47.325,49.344,35.113,92.8,1:01:41.363,131782,0,0,14
2016,19_Circuit of the Americas,Circuit of the Americas,circuit-of-the-americas,2016-09-17,201609171135_Race,48,26,2,Madison Snow,2:09.531,46.733,48.453,34.345,94.5,1:03:50.894,129531,0,0,14
2016,19_Circuit of the Americas,Circuit of the Americas,circuit-of-the-americas,2016-09-17,201609171135_Race,48,27,2,Madison Snow,2:10.644,47.287,48.981,34.376,93.7,1:06:01.538,130644,0,0,14
2016,19_Circuit of the Americas,Circuit of the Americas,circuit-of-the-americas,2016-09-17,201609171135_Race,48,28,2,Madison Snow,2:09.621,46.984,48.423,34.214,94.4,1:08:11.159,129621,0,0,14
2016,19_Circuit of the Americas,Circuit of the Americas,circuit-of-the-americas,2016-09-17,201609171135_Race,48,29,2,Madison Snow,2:10.181,47.031,48.563,34.587,94.0,1:10:21.340,130181,0,0,14
2016,19_Circuit of the Americas,Circuit of the Americas,circuit-of-the-americas,2016-09-17,201609171135_Race,48,30,2,Madison Snow,2:09.916,47.075,48.488,34.353,94.1,1:12:31.256,129916,0,0,14
2016,19_Circuit of the Americas,Circuit of the Americas,circuit-of-the-americas,2016-09-17,201609171135_Race,48,31,2,Madison Snow,2:11.005,47.104,49.399,34.502,93.4,1:14:42.261,131005,0,0,14
2016,19_Circuit of the Americas,Circuit of the Americas,circuit-of-the-americas,2016-09-17,201609171135_Race,48,32,2,Madison Snow,2:10.554,47.231,48.720,34.603,93.7,1:16:52.815,130554,0,0,14
2016,19_Circuit of the Americas,Circuit of the Americas,circuit-of-the-americas,2016-09-17,201609171135_Race,48,33,2,Madison Snow,2:10.707,47.321,48.940,34.446,93.6,1:19:03.522,130707,0,0,14
2016,19_Circuit of the Americas,Circuit of the Americas,circuit-of-the-americas,2016-09-17,201609171135_Race,48,34,2,Madison Snow,2:10.086,47.106,48.601,34.379,94.0,1:21:13.608,130086,0,0,14
2016,19_Circuit of the Americas,Circuit of the Americas,circuit-of-the-americas,2016-09-17,201609171135_Race,48,35,2,Madison Snow,2:10.671,47.324,48.759,34.588,93.6,1:23:24.279,130671,0,0,14
2016,19_Circuit of the Americas,Circuit of the Americas,circuit-of-the-americas,2016-09-17,201609171135_Race,48,36,2,Madison Snow,2:10.514,47.199,48.720,34.595,93.7,1:25:34.793,130514,0,0,14
2016,19_Circuit of the Americas,Circuit of the Americas,circuit-of-the-americas,2016-09-17,201609171135_Race,48,37,2,Madison Snow,2:11.187,47.467,48.831,34.889,93.3,1:27:45.980,131187,0,0,14
2016,19_Circuit of the Americas,Circuit of the Americas,circuit-of-the-americas,2016-09-17,201609171135_Race,48,38,2,Madison Snow,2:11.455,48.002,48.840,34.613,93.0,1:29:57.435,131455,0,0,14
2016,19_Circuit of the Americas,Circuit of the Americas,circuit-of-the-americas,2016-09-17,201609171135_Race,48,39,2,Madison Snow,2:11.055,47.568,48.840,34.647,93.3,1:32:08.490,131055,0,0,14
2016,19_Circuit of the Americas,Circuit of the Americas,circuit-of-the-americas,2016-09-17,201609171135_Race,48,40,2,Madison Snow,2:10.874,47.350,49.006,34.518,93.5,1:34:19.364,130874,0,0,14
2016,19_Circuit of the Americas,Circuit of the Americas,circuit-of-the-americas,2016-09-17,201609171135_Race,48,41,2,Madison Snow,2:11.055,47.195,49.067,34.793,93.3,1:36:30.419,131055,0,0,14
2016,19_Circuit of the Americas,Circuit of the Americas,circuit-of-the-americas,2016-09-17,201609171135_Race,48,42,2,Madison Snow,2:10.610,47.261,48.792,34.557,93.7,1:38:41.029,130610,0,0,14
2016,19_Circuit of the Americas,Circuit of the Americas,circuit-of-the-americas,2016-09-17,201609171135_Race,48,43,2,Madison Snow,2:10.730,47.221,48.883,34.626,93.6,1:40:51.759,130730,0,0,14
2016,19_Circuit of the Americas,Circuit of the Americas,circuit-of-the-americas,2016-09-17,201609171135_Race,48,44,2,Madison Snow,2:11.495,47.595,48.921,34.979,93.0,1:43:03.254,131495,0,0,14
2016,19_Circuit of the Americas,Circuit of the Americas,circuit-of-the-americas,2016-09-17,201609171135_Race,48,45,2,Madison Snow,2:13.294,49.231,49.084,34.979,91.8,1:45:16.548,133294,0,0,14
2016,19_Circuit of the Americas,Circuit of the Americas,circuit-of-the-americas,2016-09-17,201609171135_Race,48,46,2,Madison Snow,3:10.189,47.899,48.926,1:33.364,64.3,1:48:26.737,190189,0,1,14
2016,19_Circuit of the Americas,Circuit of the Americas,circuit-of-the-americas,2016-09-17,201609171135_Race,48,47,1,Bryan Sellers,2:19.694,56.757,48.653,34.284,87.6,1:50:46.431,139694,0,0,14
2016,19_Circuit of the Americas,Circuit of the Americas,circuit-of-the-americas,2016-09-17,201609171135_Race,48,48,1,Bryan Sellers,2:11.462,47.572,49.268,34.622,93.0,1:52:57.893,131462,0,0,14
2016,19_Circuit of the Americas,Circuit of the Americas,circuit-of-the-americas,2016-09-17,201609171135_Race,48,49,1,Bryan Sellers,2:09.972,47.386,48.409,34.177,94.1,1:55:07.865,129972,0,0,14
2016,19_Circuit of the Americas,Circuit of the Americas,circuit-of-the-americas,2016-09-17,201609171135_Race,48,50,1,Bryan Sellers,2:10.098,47.331,48.365,34.402,94.0,1:57:17.963,130098,0,0,14
2016,19_Circuit of the Americas,Circuit of the Americas,circuit-of-the-americas,2016-09-17,201609171135_Race,48,51,1,Bryan Sellers,2:10.668,47.486,48.537,34.645,93.7,1:59:28.631,130668,0,0,14
2016,19_Circuit of the Americas,Circuit of the Americas,circuit-of-the-americas,2016-09-17,201609171135_Race,48,52,1,Bryan Sellers,2:10.924,47.726,48.712,34.486,93.5,2:01:39.555,130924,0,0,14
2016,19_Circuit of the Americas,Circuit of the Americas,circuit-of-the-americas,2016-09-17,201609171135_Race,48,53,1,Bryan Sellers,2:10.917,47.539,48.883,34.495,93.5,2:03:50.472,130917,0,0,14
2016,19_Circuit of the Americas,Circuit of the Americas,circuit-of-the-americas,2016-09-17,201609171135_Race,48,54,1,Bryan Sellers,2:10.777,47.756,48.706,34.315,93.5,2:06:01.249,130777,0,0,14
2016,19_Circuit of the Americas,Circuit of the Americas,circuit-of-the-americas,2016-09-17,201609171135_Race,48,55,1,Bryan Sellers,2:12.111,47.705,49.241,35.165,92.6,2:08:13.360,132111,0,0,14
2016,19_Circuit of the Americas,Circuit of the Americas,circuit-of-the-americas,2016-09-17,201609171135_Race,48,56,1,Bryan Sellers,2:11.187,48.151,48.751,34.285,93.3,2:10:24.547,131187,0,0,14
2016,19_Circuit of the Americas,Circuit of the Americas,circuit-of-the-americas,2016-09-17,201609171135_Race,48,57,1,Bryan Sellers,2:10.744,47.712,48.535,34.497,93.6,2:12:35.291,130744,0,0,14
2016,19_Circuit of the Americas,Circuit of the Americas,circuit-of-the-americas,2016-09-17,201609171135_Race,48,58,1,Bryan Sellers,2:11.363,47.623,48.782,34.958,93.2,2:14:46.654,131363,0,0,14
2016,19_Circuit of the Americas,Circuit of the Americas,circuit-of-the-americas,2016-09-17,201609171135_Race,48,59,1,Bryan Sellers,2:12.216,47.974,48.681,35.561,92.5,2:16:58.870,132216,0,0,14
2016,19_Circuit of the Americas,Circuit of the Americas,circuit-of-the-americas,2016-09-17,201609171135_Race,48,60,1,Bryan Sellers,2:11.314,48.132,48.691,34.491,93.2,2:19:10.184,131314,0,0,14
2016,19_Circuit of the Americas,Circuit of the Americas,circuit-of-the-americas,2016-09-17,201609171135_Race,48,61,1,Bryan Sellers,2:11.334,47.842,48.821,34.671,93.2,2:21:21.518,131334,0,0,14
2016,19_Circuit of the Americas,Circuit of the Americas,circuit-of-the-americas,2016-09-17,201609171135_Race,48,62,1,Bryan Sellers,2:11.905,47.873,48.780,35.252,92.7,2:23:33.423,131905,0,0,14
2016,19_Circuit of the Americas,Circuit of the Americas,circuit-of-the-americas,2016-09-17,201609171135_Race,48,63,1,Bryan Sellers,2:11.254,47.874,48.932,34.448,93.2,2:25:44.677,131254,0,0,14
2016,19_Circuit of the Americas,Circuit of the Americas,circuit-of-the-americas,2016-09-17,201609171135_Race,48,64,1,Bryan Sellers,2:11.823,48.063,49.186,34.574,92.8,2:27:56.500,131823,0,0,14
2016,19_Circuit of the Americas,Circuit of the Americas,circuit-of-the-americas,2016-09-17,201609171135_Race,48,65,1,Bryan Sellers,2:11.193,47.556,49.118,34.519,93.2,2:30:07.693,131193,0,0,14
2016,19_Circuit of the Americas,Circuit of the Americas,circuit-of-the-americas,2016-09-17,201609171135_Race,48,66,1,Bryan Sellers,2:10.904,47.716,48.725,34.463,93.5,2:32:18.597,130904,0,0,14
2016,19_Circuit of the Americas,Circuit of the Americas,circuit-of-the-americas,2016-09-17,201609171135_Race,48,67,1,Bryan Sellers,2:11.388,47.583,49.118,34.687,93.1,2:34:29.985,131388,0,0,14
2016,19_Circuit of the Americas,Circuit of the Americas,circuit-of-the-americas,2016-09-17,201609171135_Race,48,68,1,Bryan Sellers,2:11.789,47.953,49.230,34.606,92.8,2:36:41.774,131789,0,0,14
2016,19_Circuit of the Americas,Circuit of the Americas,circuit-of-the-americas,2016-09-17,201609171135_Race,48,69,1,Bryan Sellers,2:11.910,48.016,49.156,34.738,92.7,2:38:53.684,131910,0,0,14
2016,19_Circuit of the Americas,Circuit of the Americas,circuit-of-the-americas,2016-09-17,201609171135_Race,48,70,1,Bryan Sellers,2:12.646,48.288,49.147,35.211,92.2,2:41:06.330,132646,0,0,14
2016,19_Circuit of the Americas,Circuit of the Americas,circuit-of-the-americas,2016-09-17,201609171135_Race,48,71,1,Bryan Sellers,2:13.095,48.440,49.758,34.897,91.9,2:43:19.425,133095,0,0,14
2016,19_Circuit of the Americas,Circuit of the Americas,circuit-of-the-americas,2016-09-17,201609171135_Race,52,1,1,Robert Alon,2:07.984,47.592,48.066,32.326,95.6,2:07.984,,,0,14
2016,19_Circuit of the Americas,Circuit of the Americas,circuit-of-the-americas,2016-09-17,201609171135_Race,52,2,1,Robert Alon,2:03.140,44.083,47.115,31.942,99.4,4:11.124,123140,0,0,14
2016,19_Circuit of the Americas,Circuit of the Americas,circuit-of-the-americas,2016-09-17,201609171135_Race,52,3,1,Robert Alon,2:03.864,44.116,47.523,32.225,98.7,6:14.988,123864,0,0,14
2016,19_Circuit of the Americas,Circuit of the Americas,circuit-of-the-americas,2016-09-17,201609171135_Race,52,4,1,Robert Alon,2:03.250,44.017,47.214,32.019,99.2,8:18.238,123250,0,0,14
2016,19_Circuit of the Americas,Circuit of the Americas,circuit-of-the-americas,2016-09-17,201609171135_Race,52,5,1,Robert Alon,2:03.619,44.302,47.470,31.847,98.9,10:21.857,123619,0,0,14
2016,19_Circuit of the Americas,Circuit of the Americas,circuit-of-the-americas,2016-09-17,201609171135_Race,52,6,1,Robert Alon,2:02.898,44.010,47.083,31.805,99.6,12:24.755,122898,0,0,14
2016,19_Circuit of the Americas,Circuit of the Americas,circuit-of-the-americas,2016-09-17,201609171135_Race,52,7,1,Robert Alon,2:04.015,44.328,47.410,32.277,98.6,14:28.770,124015,0,0,14
2016,19_Circuit of the Americas,Circuit of the Americas,circuit-of-the-americas,2016-09-17,201609171135_Race,52,8,1,Robert Alon,2:03.091,44.170,46.855,32.066,99.4,16:31.861,123091,0,0,14
2016,19_Circuit of the Americas,Circuit of the Americas,circuit-of-the-americas,2016-09-17,201609171135_Race,52,9,1,Robert Alon,2:03.497,44.228,47.138,32.131,99.1,18:35.358,123497,0,0,14
2016,19_Circuit of the Americas,Circuit of the Americas,circuit-of-the-americas,2016-09-17,201609171135_Race,52,10,1,Robert Alon,2:02.784,44.049,46.745,31.990,99.6,20:38.142,122784,0,0,14
2016,19_Circuit of the Americas,Circuit of the Americas,circuit-of-the-americas,2016-09-17,201609171135_Race,52,11,1,Robert Alon,2:03.433,44.316,46.935,32.182,99.1,22:41.575,123433,0,0,14
2016,19_Circuit of the Americas,Circuit of the Americas,circuit-of-the-americas,2016-09-17,201609171135_Race,52,12,1,Robert Alon,2:05.389,45.008,47.487,32.894,97.6,24:46.964,125389,0,0,14
2016,19_Circuit of the Americas,Circuit of the Americas,circuit-of-the-americas,2016-09-17,201609171135_Race,52,13,1,Robert Alon,2:04.430,45.071,46.948,32.411,98.3,26:51.394,124430,0,0,14
2016,19_Circuit of the Americas,Circuit of the Americas,circuit-of-the-americas,2016-09-17,201609171135_Race,52,14,1,Robert Alon,2:05.724,45.231,47.696,32.797,97.3,28:57.118,125724,0,0,14
2016,19_Circuit of the Americas,Circuit of the Americas,circuit-of-the-americas,2016-09-17,201609171135_Race,52,15,1,Robert Alon,2:06.751,46.468,47.987,32.296,96.5,31:03.869,126751,0,0,14
2016,19_Circuit of the Americas,Circuit of the Americas,circuit-of-the-americas,2016-09-17,201609171135_Race,52,16,1,Robert Alon,2:05.248,45.581,47.169,32.498,97.7,33:09.117,125248,0,0,14
2016,19_Circuit of the Americas,Circuit of the Americas,circuit-of-the-americas,2016-09-17,201609171135_Race,52,17,1,Robert Alon,2:05.520,44.346,47.186,33.988,97.4,35:14.637,125520,0,0,14
2016,19_Circuit of the Americas,Circuit of the Americas,circuit-of-the-americas,2016-09-17,201609171135_Race,52,18,1,Robert Alon,2:24.224,54.040,53.684,36.500,84.8,37:38.861,144224,0,0,14
2016,19_Circuit of the Americas,Circuit of the Americas,circuit-of-the-americas,2016-09-17,201609171135_Race,52,19,1,Robert Alon,3:38.293,49.026,1:13.514,1:35.753,56.0,41:17.154,218293,0,1,14
2016,19_Circuit of the Americas,Circuit of the Americas,circuit-of-the-americas,2016-09-17,201609171135_Race,52,20,1,Robert Alon,3:04.124,1:02.500,1:20.941,40.683,66.4,44:21.278,184124,0,0,14
2016,19_Circuit of the Americas,Circuit of the Americas,circuit-of-the-americas,2016-09-17,201609171135_Race,52,21,1,Robert Alon,3:19.377,1:08.201,1:20.830,50.346,61.3,47:40.655,199377,0,0,14
2016,19_Circuit of the Americas,Circuit of the Americas,circuit-of-the-americas,2016-09-17,201609171135_Race,52,22,1,Robert Alon,3:01.622,1:08.762,1:15.379,37.481,67.4,50:42.277,181622,0,0,14
2016,19_Circuit of the Americas,Circuit of the Americas,circuit-of-the-americas,2016-09-17,201609171135_Race,52,23,1,Robert Alon,2:15.296,46.483,48.044,40.769,90.4,52:57.573,135296,0,0,14
2016,19_Circuit of the Americas,Circuit of the Americas,circuit-of-the-americas,2016-09-17,201609171135_Race,52,24,1,Robert Alon,3:21.632,1:06.453,1:24.536,50.643,60.7,56:19.205,201632,0,0,14
2016,19_Circuit of the Americas,Circuit of the Americas,circuit-of-the-americas,2016-09-17,201609171135_Race,52,25,1,Robert Alon,2:55.571,1:03.908,1:14.338,37.325,69.7,59:14.776,175571,0,0,14
2016,19_Circuit of the Americas,Circuit of the Americas,circuit-of-the-americas,2016-09-17,201609171135_Race,52,26,1,Robert Alon,2:04.992,45.844,47.030,32.118,97.9,1:01:19.768,124992,0,0,14
2016,19_Circuit of the Americas,Circuit of the Americas,circuit-of-the-americas,2016-09-17,201609171135_Race,52,27,1,Robert Alon,2:52.185,44.015,47.083,1:21.087,71.0,1:04:11.953,172185,0,1,14
2016,19_Circuit of the Americas,Circuit of the Americas,circuit-of-the-americas,2016-09-17,201609171135_Race,52,28,2,Tom Kimber-Smith,2:10.601,51.733,46.976,31.892,93.7,1:06:22.554,130601,0,0,14
2016,19_Circuit of the Americas,Circuit of the Americas,circuit-of-the-americas,2016-09-17,201609171135_Race,52,29,2,Tom Kimber-Smith,2:03.898,44.504,47.361,32.033,98.7,1:08:26.452,123898,0,0,14
2016,19_Circuit of the Americas,Circuit of the Americas,circuit-of-the-americas,2016-09-17,201609171135_Race,52,30,2,Tom Kimber-Smith,2:05.150,44.695,47.289,33.166,97.8,1:10:31.602,125150,0,0,14
2016,19_Circuit of the Americas,Circuit of the Americas,circuit-of-the-americas,2016-09-17,201609171135_Race,52,31,2,Tom Kimber-Smith,2:04.829,45.908,46.929,31.992,98.0,1:12:36.431,124829,0,0,14
2016,19_Circuit of the Americas,Circuit of the Americas,circuit-of-the-americas,2016-09-17,201609171135_Race,52,32,2,Tom Kimber-Smith,2:02.946,44.344,46.593,32.009,99.5,1:14:39.377,122946,0,0,14
2016,19_Circuit of the Americas,Circuit of the Americas,circuit-of-the-americas,2016-09-17,201609171135_Race,52,33,2,Tom Kimber-Smith,2:03.113,44.652,46.546,31.915,99.4,1:16:42.490,123113,0,0,14
2016,19_Circuit of the Americas,Circuit of the Americas,circuit-of-the-americas,2016-09-17,201609171135_Race,52,34,2,Tom Kimber-Smith,2:02.807,44.117,46.627,32.063,99.6,1:18:45.297,122807,0,0,14
2016,19_Circuit of the Americas,Circuit of the Americas,circuit-of-the-americas,2016-09-17,201609171135_Race,52,35,2,Tom Kimber-Smith,2:03.266,44.305,46.650,32.311,99.2,1:20:48.563,123266,0,0,14
2016,19_Circuit of the Americas,Circuit of the Americas,circuit-of-the-americas,2016-09-17,201609171135_Race,52,36,2,Tom Kimber-Smith,2:04.018,44.736,46.918,32.364,98.6,1:22:52.581,124018,0,0,14
2016,19_Circuit of the Americas,Circuit of the Americas,circuit-of-the-americas,2016-09-17,201609171135_Race,52,37,2,Tom Kimber-Smith,2:04.571,44.912,47.012,32.647,98.2,1:24:57.152,124571,0,0,14
2016,19_Circuit of the Americas,Circuit of the Americas,circuit-of-the-americas,2016-09-17,201609171135_Race,52,38,2,Tom Kimber-Smith,2:03.943,45.163,46.727,32.053,98.7,1:27:01.095,123943,0,0,14
2016,19_Circuit of the Americas,Circuit of the Americas,circuit-of-the-americas,2016-09-17,201609171135_Race,52,39,2,Tom Kimber-Smith,2:03.301,44.408,46.973,31.920,99.2,1:29:04.396,123301,0,0,14
2016,19_Circuit of the Americas,Circuit of the Americas,circuit-of-the-americas,2016-09-17,201609171135_Race,52,40,2,Tom Kimber-Smith,2:04.194,44.637,47.086,32.471,98.5,1:31:08.590,124194,0,0,14
2016,19_Circuit of the Americas,Circuit of the Americas,circuit-of-the-americas,2016-09-17,201609171135_Race,52,41,2,Tom Kimber-Smith,2:03.829,44.753,46.967,32.109,98.8,1:33:12.419,123829,0,0,14
2016,19_Circuit of the Americas,Circuit of the Americas,circuit-of-the-americas,2016-09-17,201609171135_Race,52,42,2,Tom Kimber-Smith,2:03.450,44.463,47.061,31.926,99.1,1:35:15.869,123450,0,0,14
2016,19_Circuit of the Americas,Circuit of the Americas,circuit-of-the-americas,2016-09-17,201609171135_Race,52,43,2,Tom Kimber-Smith,2:04.193,44.418,46.864,32.911,98.5,1:37:20.062,124193,0,0,14
2016,19_Circuit of the Americas,Circuit of the Americas,circuit-of-the-americas,2016-09-17,201609171135_Race,52,44,2,Tom Kimber-Smith,2:04.787,45.137,47.657,31.993,98.1,1:39:24.849,124787,0,0,14
2016,19_Circuit of the Americas,Circuit of the Americas,circuit-of-the-americas,2016-09-17,201609171135_Race,52,45,2,Tom Kimber-Smith,2:04.820,44.547,47.055,33.218,98.0,1:41:29.669,124820,0,0,14
2016,19_Circuit of the Americas,Circuit of the Americas,circuit-of-the-americas,2016-09-17,201609171135_Race,52,46,2,Tom Kimber-Smith,2:05.208,45.516,47.396,32.296,97.7,1:43:34.877,125208,0,0,14
2016,19_Circuit of the Americas,Circuit of the Americas,circuit-of-the-americas,2016-09-17,201609171135_Race,52,47,2,Tom Kimber-Smith,2:03.610,44.454,46.916,32.240,99.0,1:45:38.487,123610,0,0,14
2016,19_Circuit of the Americas,Circuit of the Americas,circuit-of-the-americas,2016-09-17,201609171135_Race,52,48,2,Tom Kimber-Smith,2:04.479,44.880,47.469,32.130,98.3,1:47:42.966,124479,0,0,14
2016,19_Circuit of the Americas,Circuit of the Americas,circuit-of-the-americas,2016-09-17,201609171135_Race,52,49,2,Tom Kimber-Smith,2:04.682,44.452,47.178,33.052,98.1,1:49:47.648,124682,0,0,15
2016,19_Circuit of the Americas,Circuit of the Americas,circuit-of-the-americas,2016-09-17,201609171135_Race,52,50,2,Tom Kimber-Smith,2:54.880,45.097,47.267,1:22.516,69.9,1:52:42.528,174880,0,1,15
2016,19_Circuit of the Americas,Circuit of the Americas,circuit-of-the-americas,2016-09-17,201609171135_Race,52,51,2,Tom Kimber-Smith,2:13.466,53.703,46.751,33.012,91.7,1:54:55.994,133466,0,0,15
2016,19_Circuit of the Americas,Circuit of the Americas,circuit-of-the-americas,2016-09-17,201609171135_Race,52,52,2,Tom Kimber-Smith,2:02.622,44.208,46.463,31.951,99.7,1:56:58.616,122622,0,0,15
2016,19_Circuit of the Americas,Circuit of the Americas,circuit-of-the-americas,2016-09-17,201609171135_Race,52,53,2,Tom Kimber-Smith,2:02.127,43.914,46.430,31.783,100.2,1:59:00.743,122127,0,0,15
2016,19_Circuit of the Americas,Circuit of the Americas,circuit-of-the-americas,2016-09-17,201609171135_Race,52,54,2,Tom Kimber-Smith,2:02.517,44.032,46.549,31.936,99.9,2:01:03.260,122517,0,0,15
2016,19_Circuit of the Americas,Circuit of the Americas,circuit-of-the-americas,2016-09-17,201609171135_Race,52,55,2,Tom Kimber-Smith,2:02.650,43.976,46.714,31.960,99.7,2:03:05.910,122650,0,0,15
2016,19_Circuit of the Americas,Circuit of the Americas,circuit-of-the-americas,2016-09-17,201609171135_Race,52,56,2,Tom Kimber-Smith,2:03.639,44.740,46.867,32.032,98.9,2:05:09.549,123639,0,0,15
2016,19_Circuit of the Americas,Circuit of the Americas,circuit-of-the-americas,2016-09-17,201609171135_Race,52,57,2,Tom Kimber-Smith,2:04.363,45.353,47.066,31.944,98.4,2:07:13.912,124363,0,0,15
2016,19_Circuit of the Americas,Circuit of the Americas,circuit-of-the-americas,2016-09-17,201609171135_Race,52,58,2,Tom Kimber-Smith,2:03.972,44.370,47.220,32.382,98.7,2:09:17.884,123972,0,0,15
2016,19_Circuit of the Americas,Circuit of the Americas,circuit-of-the-americas,2016-09-17,201609171135_Race,52,59,2,Tom Kimber-Smith,2:03.947,44.471,46.868,32.608,98.7,2:11:21.831,123947,0,0,15
2016,19_Circuit of the Americas,Circuit of the Americas,circuit-of-the-americas,2016-09-17,201609171135_Race,52,60,2,Tom Kimber-Smith,2:04.304,44.488,47.604,32.212,98.4,2:13:26.135,124304,0,0,15
2016,19_Circuit of the Americas,Circuit of the Americas,circuit-of-the-americas,2016-09-17,201609171135_Race,52,61,2,Tom Kimber-Smith,2:04.708,45.817,46.658,32.233,98.1,2:15:30.843,124708,0,0,15
2016,19_Circuit of the Americas,Circuit of the Americas,circuit-of-the-americas,2016-09-17,201609171135_Race,52,62,2,Tom Kimber-Smith,2:04.513,44.857,47.271,32.385,98.3,2:17:35.356,124513,0,0,15
2016,19_Circuit of the Americas,Circuit of the Americas,circuit-of-the-americas,2016-09-17,201609171135_Race,52,63,2,Tom Kimber-Smith,2:04.005,44.801,47.005,32.199,98.7,2:19:39.361,124005,0,0,15
2016,19_Circuit of the Americas,Circuit of the Americas,circuit-of-the-americas,2016-09-17,201609171135_Race,52,64,2,Tom Kimber-Smith,2:04.257,44.677,47.114,32.466,98.4,2:21:43.618,124257,0,0,15
2016,19_Circuit of the Americas,Circuit of the Americas,circuit-of-the-americas,2016-09-17,201609171135_Race,52,65,2,Tom Kimber-Smith,2:03.473,44.265,47.130,32.078,99.1,2:23:47.091,123473,0,0,15
2016,19_Circuit of the Americas,Circuit of the Americas,circuit-of-the-americas,2016-09-17,201609171135_Race,52,66,2,Tom Kimber-Smith,2:05.125,45.346,47.624,32.155,97.8,2:25:52.216,125125,0,0,15
2016,19_Circuit of the Americas,Circuit of the Americas,circuit-of-the-americas,2016-09-17,201609171135_Race,52,67,2,Tom Kimber-Smith,2:05.280,44.556,47.297,33.427,97.6,2:27:57.496,125280,0,0,15
2016,19_Circuit of the Americas,Circuit of the Americas,circuit-of-the-americas,2016-09-17,201609171135_Race,52,68,2,Tom Kimber-Smith,2:04.486,45.451,47.054,31.981,98.3,2:30:01.982,124486,0,0,15
2016,19_Circuit of the Americas,Circuit of the Americas,circuit-of-the-americas,2016-09-17,201609171135_Race,52,69,2,Tom Kimber-Smith,2:03.682,44.577,47.012,32.093,98.9,2:32:05.664,123682,0,0,15
2016,19_Circuit of the Americas,Circuit of the Americas,circuit-of-the-americas,2016-09-17,201609171135_Race,52,70,2,Tom Kimber-Smith,2:04.400,45.270,47.103,32.027,98.3,2:34:10.064,124400,0,0,15
2016,19_Circuit of the Americas,Circuit of the Americas,circuit-of-the-americas,2016-09-17,201609171135_Race,52,71,2,Tom Kimber-Smith,2:04.137,45.002,46.947,32.188,98.6,2:36:14.201,124137,0,0,15
2016,19_Circuit of the Americas,Circuit of the Americas,circuit-of-the-americas,2016-09-17,201609171135_Race,52,72,2,Tom Kimber-Smith,2:05.038,45.112,47.715,32.211,97.8,2:38:19.239,125038,0,0,15
2016,19_Circuit of the Americas,Circuit of the Americas,circuit-of-the-americas,2016-09-17,201609171135_Race,52,73,2,Tom Kimber-Smith,2:04.831,45.140,47.394,32.297,98.0,2:40:24.070,124831,0,0,15
2016,19_Circuit of the Americas,Circuit of the Americas,circuit-of-the-americas,2016-09-17,201609171135_Race,52,74,2,Tom Kimber-Smith,2:03.726,44.729,46.874,32.123,98.9,2:42:27.796,123726,0,0,15
2016,19_Circuit of the Americas,Circuit of the Americas,circuit-of-the-americas,2016-09-17,201609171135_Race,55,1,1,Tristan Nunez,2:01.959,44.328,46.543,31.088,100.3,2:01.959,,,0,15
2016,19_Circuit of the Americas,Circuit of the Americas,circuit-of-the-americas,2016-09-17,201609171135_Race,55,2,1,Tristan Nunez,2:00.890,43.394,46.432,31.064,101.2,4:02.849,120890,0,0,15
2016,19_Circuit of the Americas,Circuit of the Americas,circuit-of-the-americas,2016-09-17,201609171135_Race,55,3,1,Tristan Nunez,2:00.448,43.270,46.179,30.999,101.5,6:03.297,120448,0,0,15
2016,19_Circuit of the Americas,Circuit of the Americas,circuit-of-the-americas,2016-09-17,201609171135_Race,55,4,1,Tristan Nunez,2:00.089,43.141,46.010,30.938,101.9,8:03.386,120089,0,0,15
2016,19_Circuit of the Americas,Circuit of the Americas,circuit-of-the-americas,2016-09-17,201609171135_Race,55,5,1,Tristan Nunez,2:00.309,43.271,46.114,30.924,101.7,10:03.695,120309,0,0,15
2016,19_Circuit of the Americas,Circuit of the Americas,circuit-of-the-americas,2016-09-17,201609171135_Race,55,6,1,Tristan Nunez,2:00.480,43.292,46.084,31.104,101.5,12:04.175,120480,0,0,15
2016,19_Circuit of the Americas,Circuit of the Americas,circuit-of-the-americas,2016-09-17,201609171135_Race,55,7,1,Tristan Nunez,2:00.534,43.239,46.198,31.097,101.5,14:04.709,120534,0,0,15
2016,19_Circuit of the Americas,Circuit of the Americas,circuit-of-the-americas,2016-09-17,201609171135_Race,55,8,1,Tristan Nunez,2:00.578,43.305,46.119,31.154,101.5,16:05.287,120578,0,0,15
2016,19_Circuit of the Americas,Circuit of the Americas,circuit-of-the-americas,2016-09-17,201609171135_Race,55,9,1,Tristan Nunez,2:02.723,44.069,46.455,32.199,99.7,18:08.010,122723,0,0,15
2016,19_Circuit of the Americas,Circuit of the Americas,circuit-of-the-americas,2016-09-17,201609171135_Race,55,10,1,Tristan Nunez,2:03.504,45.046,46.400,32.058,99.1,20:11.514,123504,0,0,15
2016,19_Circuit of the Americas,Circuit of the Americas,circuit-of-the-americas,2016-09-17,201609171135_Race,55,11,1,Tristan Nunez,2:03.596,45.416,46.800,31.380,99.0,22:15.110,123596,0,0,15
2016,19_Circuit of the Americas,Circuit of the Americas,circuit-of-the-americas,2016-09-17,201609171135_Race,55,12,1,Tristan Nunez,2:02.613,44.333,46.693,31.587,99.8,24:17.723,122613,0,0,15
2016,19_Circuit of the Americas,Circuit of the Americas,circuit-of-the-americas,2016-09-17,201609171135_Race,55,13,1,Tristan Nunez,2:02.105,44.176,46.507,31.422,100.2,26:19.828,122105,0,0,15
2016,19_Circuit of the Americas,Circuit of the Americas,circuit-of-the-americas,2016-09-17,201609171135_Race,55,14,1,Tristan Nunez,2:02.617,44.046,47.090,31.481,99.7,28:22.445,122617,0,0,15
2016,19_Circuit of the Americas,Circuit of the Americas,circuit-of-the-americas,2016-09-17,201609171135_Race,55,15,1,Tristan Nunez,2:01.727,43.739,46.664,31.324,100.5,30:24.172,121727,0,0,15
2016,19_Circuit of the Americas,Circuit of the Americas,circuit-of-the-americas,2016-09-17,201609171135_Race,55,16,1,Tristan Nunez,2:03.373,44.285,46.701,32.387,99.2,32:27.545,123373,0,0,15
2016,19_Circuit of the Americas,Circuit of the Americas,circuit-of-the-americas,2016-09-17,201609171135_Race,55,17,1,Tristan Nunez,2:02.815,44.068,46.827,31.920,99.6,34:30.360,122815,0,0,15
2016,19_Circuit of the Americas,Circuit of the Americas,circuit-of-the-americas,2016-09-17,201609171135_Race,55,18,1,Tristan Nunez,2:26.074,45.563,49.986,50.525,83.8,36:56.434,146074,0,0,15
2016,19_Circuit of the Americas,Circuit of the Americas,circuit-of-the-americas,2016-09-17,201609171135_Race,55,19,1,Tristan Nunez,4:10.293,1:12.879,1:24.672,1:32.742,48.9,41:06.727,250293,0,1,15
2016,19_Circuit of the Americas,Circuit of the Americas,circuit-of-the-americas,2016-09-17,201609171135_Race,55,20,2,Jonathan Bomarito,3:09.485,1:03.489,1:23.279,42.717,64.6,44:16.212,189485,0,0,15
2016,19_Circuit of the Americas,Circuit of the Americas,circuit-of-the-americas,2016-09-17,201609171135_Race,55,21,2,Jonathan Bomarito,3:19.727,1:08.891,1:21.478,49.358,61.2,47:35.939,199727,0,0,15
2016,19_Circuit of the Americas,Circuit of the Americas,circuit-of-the-americas,2016-09-17,201609171135_Race,55,22,2,Jonathan Bomarito,3:04.399,1:10.391,1:13.921,40.087,66.3,50:40.338,184399,0,0,15
2016,19_Circuit of the Americas,Circuit of the Americas,circuit-of-the-americas,2016-09-17,201609171135_Race,55,23,2,Jonathan Bomarito,2:12.970,45.957,46.900,40.113,92.0,52:53.308,132970,0,0,15
2016,19_Circuit of the Americas,Circuit of the Americas,circuit-of-the-americas,2016-09-17,201609171135_Race,55,24,2,Jonathan Bomarito,3:22.320,1:08.799,1:21.116,52.405,60.5,56:15.628,202320,0,0,15
2016,19_Circuit of the Americas,Circuit of the Americas,circuit-of-the-americas,2016-09-17,201609171135_Race,55,25,2,Jonathan Bomarito,2:57.727,1:05.270,1:11.155,41.302,68.8,59:13.355,177727,0,0,15
2016,19_Circuit of the Americas,Circuit of the Americas,circuit-of-the-americas,2016-09-17,201609171135_Race,55,26,2,Jonathan Bomarito,2:02.006,44.793,46.210,31.003,100.3,1:01:15.361,122006,0,0,15
2016,19_Circuit of the Americas,Circuit of the Americas,circuit-of-the-americas,2016-09-17,201609171135_Race,55,27,2,Jonathan Bomarito,2:00.659,43.216,46.370,31.073,101.4,1:03:16.020,120659,0,0,15
2016,19_Circuit of the Americas,Circuit of the Americas,circuit-of-the-americas,2016-09-17,201609171135_Race,55,28,2,Jonathan Bomarito,2:00.404,43.130,46.120,31.154,101.6,1:05:16.424,120404,0,0,15
2016,19_Circuit of the Americas,Circuit of the Americas,circuit-of-the-americas,2016-09-17,201609171135_Race,55,29,2,Jonathan Bomarito,2:00.489,43.196,46.211,31.082,101.5,1:07:16.913,120489,0,0,15
2016,19_Circuit of the Americas,Circuit of the Americas,circuit-of-the-americas,2016-09-17,201609171135_Race,55,30,2,Jonathan Bomarito,2:00.590,43.218,46.216,31.156,101.4,1:09:17.503,120590,0,0,15
2016,19_Circuit of the Americas,Circuit of the Americas,circuit-of-the-americas,2016-09-17,201609171135_Race,55,31,2,Jonathan Bomarito,2:00.715,43.330,46.225,31.160,101.4,1:11:18.218,120715,0,0,15
2016,19_Circuit of the Americas,Circuit of the Americas,circuit-of-the-americas,2016-09-17,201609171135_Race,55,32,2,Jonathan Bomarito,2:01.314,43.619,46.377,31.318,100.9,1:13:19.532,121314,0,0,15
2016,19_Circuit of the Americas,Circuit of the Americas,circuit-of-the-americas,2016-09-17,201609171135_Race,55,33,2,Jonathan Bomarito,2:01.508,43.585,46.441,31.482,100.7,1:15:21.040,121508,0,0,15
2016,19_Circuit of the Americas,Circuit of the Americas,circuit-of-the-americas,2016-09-17,201609171135_Race,55,34,2,Jonathan Bomarito,2:01.960,43.625,46.534,31.801,100.3,1:17:23.000,121960,0,0,15
2016,19_Circuit of the Americas,Circuit of the Americas,circuit-of-the-americas,2016-09-17,201609171135_Race,55,35,2,Jonathan Bomarito,2:01.844,43.609,46.503,31.732,100.4,1:19:24.844,121844,0,0,15
2016,19_Circuit of the Americas,Circuit of the Americas,circuit-of-the-americas,2016-09-17,201609171135_Race,60,1,2,Oswaldo Negri Jr.,2:09.989,50.216,47.469,32.304,94.1,2:09.989,,,0,15
2016,19_Circuit of the Americas,Circuit of the Americas,circuit-of-the-americas,2016-09-17,201609171135_Race,60,2,2,Oswaldo Negri Jr.,2:02.116,44.191,46.453,31.472,100.2,4:12.105,122116,0,0,15
2016,19_Circuit of the Americas,Circuit of the Americas,circuit-of-the-americas,2016-09-17,201609171135_Race,60,3,2,Oswaldo Negri Jr.,2:01.140,43.692,46.107,31.341,101.0,6:13.245,121140,0,0,15
2016,19_Circuit of the Americas,Circuit of the Americas,circuit-of-the-americas,2016-09-17,201609171135_Race,60,4,2,Oswaldo Negri Jr.,2:00.607,43.466,46.028,31.113,101.4,8:13.852,120607,0,0,15
2016,19_Circuit of the Americas,Circuit of the Americas,circuit-of-the-americas,2016-09-17,201609171135_Race,60,5,2,Oswaldo Negri Jr.,2:00.730,43.463,45.968,31.299,101.4,10:14.582,120730,0,0,15
2016,19_Circuit of the Americas,Circuit of the Americas,circuit-of-the-americas,2016-09-17,201609171135_Race,60,6,2,Oswaldo Negri Jr.,2:01.437,43.785,46.128,31.524,100.7,12:16.019,121437,0,0,15
2016,19_Circuit of the Americas,Circuit of the Americas,circuit-of-the-americas,2016-09-17,201609171135_Race,60,7,2,Oswaldo Negri Jr.,2:02.228,44.136,46.490,31.602,100.1,14:18.247,122228,0,0,15
2016,19_Circuit of the Americas,Circuit of the Americas,circuit-of-the-americas,2016-09-17,201609171135_Race,60,8,2,Oswaldo Negri Jr.,2:02.125,44.031,46.681,31.413,100.2,16:20.372,122125,0,0,15
2016,19_Circuit of the Americas,Circuit of the Americas,circuit-of-the-americas,2016-09-17,201609171135_Race,60,9,2,Oswaldo Negri Jr.,2:02.211,44.150,46.582,31.479,100.1,18:22.583,122211,0,0,15
2016,19_Circuit of the Americas,Circuit of the Americas,circuit-of-the-americas,2016-09-17,201609171135_Race,60,10,2,Oswaldo Negri Jr.,2:03.657,44.112,47.063,32.482,98.9,20:26.240,123657,0,0,15
2016,19_Circuit of the Americas,Circuit of the Americas,circuit-of-the-americas,2016-09-17,201609171135_Race,60,11,2,Oswaldo Negri Jr.,2:04.414,44.336,47.394,32.684,98.3,22:30.654,124414,0,0,15
2016,19_Circuit of the Americas,Circuit of the Americas,circuit-of-the-americas,2016-09-17,201609171135_Race,60,12,2,Oswaldo Negri Jr.,2:03.874,44.550,46.888,32.436,98.7,24:34.528,123874,0,0,15
2016,19_Circuit of the Americas,Circuit of the Americas,circuit-of-the-americas,2016-09-17,201609171135_Race,60,13,2,Oswaldo Negri Jr.,2:04.857,46.336,46.823,31.698,98.0,26:39.385,124857,0,0,15
2016,19_Circuit of the Americas,Circuit of the Americas,circuit-of-the-americas,2016-09-17,201609171135_Race,60,14,2,Oswaldo Negri Jr.,2:04.584,45.930,47.074,31.580,98.2,28:43.969,124584,0,0,15
2016,19_Circuit of the Americas,Circuit of the Americas,circuit-of-the-americas,2016-09-17,201609171135_Race,60,15,2,Oswaldo Negri Jr.,2:01.781,43.847,46.368,31.566,100.5,30:45.750,121781,0,0,15
2016,19_Circuit of the Americas,Circuit of the Americas,circuit-of-the-americas,2016-09-17,201609171135_Race,60,16,2,Oswaldo Negri Jr.,2:01.727,43.942,46.378,31.407,100.5,32:47.477,121727,0,0,15
2016,19_Circuit of the Americas,Circuit of the Americas,circuit-of-the-americas,2016-09-17,201609171135_Race,60,17,2,Oswaldo Negri Jr.,2:02.108,43.876,46.670,31.562,100.2,34:49.585,122108,0,0,15
2016,19_Circuit of the Americas,Circuit of the Americas,circuit-of-the-americas,2016-09-17,201609171135_Race,60,18,2,Oswaldo Negri Jr.,2:14.072,48.563,51.471,34.038,91.2,37:03.657,134072,0,0,15
2016,19_Circuit of the Americas,Circuit of the Americas,circuit-of-the-americas,2016-09-17,201609171135_Race,60,19,2,Oswaldo Negri Jr.,4:08.039,1:09.138,1:25.100,1:33.801,49.3,41:11.696,248039,0,1,15
2016,19_Circuit of the Americas,Circuit of the Americas,circuit-of-the-americas,2016-09-17,201609171135_Race,60,20,1,John Pew,3:07.309,1:01.995,1:23.483,41.831,65.3,44:19.005,187309,0,0,15
2016,19_Circuit of the Americas,Circuit of the Americas,circuit-of-the-americas,2016-09-17,201609171135_Race,60,21,1,John Pew,3:19.459,1:08.075,1:21.714,49.670,61.3,47:38.464,199459,0,0,15
2016,19_Circuit of the Americas,Circuit of the Americas,circuit-of-the-americas,2016-09-17,201609171135_Race,60,22,1,John Pew,3:02.918,1:09.443,1:14.875,38.600,66.9,50:41.382,182918,0,0,15
2016,19_Circuit of the Americas,Circuit of the Americas,circuit-of-the-americas,2016-09-17,201609171135_Race,60,23,1,John Pew,8:03.125,5:37.697,1:01.054,1:24.374,25.3,58:44.507,483125,0,1,15
2016,19_Circuit of the Americas,Circuit of the Americas,circuit-of-the-americas,2016-09-17,201609171135_Race,60,24,1,John Pew,2:20.916,1:00.037,48.374,32.505,86.8,1:01:05.423,140916,0,0,15
2016,19_Circuit of the Americas,Circuit of the Americas,circuit-of-the-americas,2016-09-17,201609171135_Race,60,25,1,John Pew,2:23.380,45.021,47.888,50.471,85.3,1:03:28.803,143380,0,1,15
2016,19_Circuit of the Americas,Circuit of the Americas,circuit-of-the-americas,2016-09-17,201609171135_Race,60,26,1,John Pew,2:12.927,53.991,47.187,31.749,92.0,1:05:41.730,132927,0,0,15
2016,19_Circuit of the Americas,Circuit of the Americas,circuit-of-the-americas,2016-09-17,201609171135_Race,60,27,1,John Pew,2:03.631,44.596,47.364,31.671,98.9,1:07:45.361,123631,0,0,15
2016,19_Circuit of the Americas,Circuit of the Americas,circuit-of-the-americas,2016-09-17,201609171135_Race,60,28,1,John Pew,2:03.922,44.738,46.571,32.613,98.7,1:09:49.283,123922,0,0,15
2016,19_Circuit of the Americas,Circuit of the Americas,circuit-of-the-americas,2016-09-17,201609171135_Race,60,29,1,John Pew,2:05.147,45.580,47.136,32.431,97.8,1:11:54.430,125147,0,0,15
2016,19_Circuit of the Americas,Circuit of the Americas,circuit-of-the-americas,2016-09-17,201609171135_Race,60,30,1,John Pew,2:04.226,44.329,47.680,32.217,98.5,1:13:58.656,124226,0,0,15
2016,19_Circuit of the Americas,Circuit of the Americas,circuit-of-the-americas,2016-09-17,201609171135_Race,60,31,1,John Pew,2:03.507,44.245,47.173,32.089,99.1,1:16:02.163,123507,0,0,15
2016,19_Circuit of the Americas,Circuit of the Americas,circuit-of-the-americas,2016-09-17,201609171135_Race,60,32,1,John Pew,2:03.729,44.323,47.372,32.034,98.9,1:18:05.892,123729,0,0,15
2016,19_Circuit of the Americas,Circuit of the Americas,circuit-of-the-americas,2016-09-17,201609171135_Race,60,33,1,John Pew,2:03.243,44.393,46.922,31.928,99.2,1:20:09.135,123243,0,0,15
2016,19_Circuit of the Americas,Circuit of the Americas,circuit-of-the-americas,2016-09-17,201609171135_Race,60,34,1,John Pew,2:04.477,44.233,47.815,32.429,98.3,1:22:13.612,124477,0,0,15
2016,19_Circuit of the Americas,Circuit of the Americas,circuit-of-the-americas,2016-09-17,201609171135_Race,60,35,1,John Pew,2:04.402,44.809,47.616,31.977,98.3,1:24:18.014,124402,0,0,15
2016,19_Circuit of the Americas,Circuit of the Americas,circuit-of-the-americas,2016-09-17,201609171135_Race,60,36,1,John Pew,2:05.296,45.086,47.641,32.569,97.6,1:26:23.310,125296,0,0,15
2016,19_Circuit of the Americas,Circuit of the Americas,circuit-of-the-americas,2016-09-17,201609171135_Race,60,37,1,John Pew,2:05.509,45.088,47.923,32.498,97.4,1:28:28.819,125509,0,0,15
2016,19_Circuit of the Americas,Circuit of the Americas,circuit-of-the-americas,2016-09-17,201609171135_Race,60,38,1,John Pew,2:06.423,45.445,48.083,32.895,96.8,1:30:35.242,126423,0,0,15
2016,19_Circuit of the Americas,Circuit of the Americas,circuit-of-the-americas,2016-09-17,201609171135_Race,60,39,1,John Pew,2:07.046,46.344,47.985,32.717,96.3,1:32:42.288,127046,0,0,15
2016,19_Circuit of the Americas,Circuit of the Americas,circuit-of-the-americas,2016-09-17,201609171135_Race,60,40,1,John Pew,2:05.889,45.624,47.628,32.637,97.2,1:34:48.177,125889,0,0,15
2016,19_Circuit of the Americas,Circuit of the Americas,circuit-of-the-americas,2016-09-17,201609171135_Race,60,41,1,John Pew,2:07.294,47.094,47.169,33.031,96.1,1:36:55.471,127294,0,0,15
2016,19_Circuit of the Americas,Circuit of the Americas,circuit-of-the-americas,2016-09-17,201609171135_Race,60,42,1,John Pew,2:08.309,45.253,49.681,33.375,95.3,1:39:03.780,128309,0,0,15
2016,19_Circuit of the Americas,Circuit of the Americas,circuit-of-the-americas,2016-09-17,201609171135_Race,60,43,1,John Pew,2:10.190,47.512,49.288,33.390,94.0,1:41:13.970,130190,0,0,15
2016,19_Circuit of the Americas,Circuit of the Americas,circuit-of-the-americas,2016-09-17,201609171135_Race,60,44,1,John Pew,2:07.009,45.546,48.096,33.367,96.3,1:43:20.979,127009,0,0,15
2016,19_Circuit of the Americas,Circuit of the Americas,circuit-of-the-americas,2016-09-17,201609171135_Race,60,45,1,John Pew,2:06.894,45.236,48.354,33.304,96.4,1:45:27.873,126894,0,0,15
2016,19_Circuit of the Americas,Circuit of the Americas,circuit-of-the-americas,2016-09-17,201609171135_Race,60,46,1,John Pew,2:08.983,46.074,49.720,33.189,94.8,1:47:36.856,128983,0,0,15
2016,19_Circuit of the Americas,Circuit of the Americas,circuit-of-the-americas,2016-09-17,201609171135_Race,60,47,1,John Pew,2:11.215,46.998,49.622,34.595,93.2,1:49:48.071,131215,0,0,15
2016,19_Circuit of the Americas,Circuit of the Americas,circuit-of-the-americas,2016-09-17,201609171135_Race,60,48,1,John Pew,3:03.954,48.575,49.431,1:25.948,66.5,1:52:52.025,183954,0,1,15
2016,19_Circuit of the Americas,Circuit of the Americas,circuit-of-the-americas,2016-09-17,201609171135_Race,60,49,2,Oswaldo Negri Jr.,2:11.859,53.387,46.411,32.061,92.8,1:55:03.884,131859,0,0,15
2016,19_Circuit of the Americas,Circuit of the Americas,circuit-of-the-americas,2016-09-17,201609171135_Race,60,50,2,Oswaldo Negri Jr.,2:04.092,44.986,46.422,32.684,98.6,1:57:07.976,124092,0,0,16
2016,19_Circuit of the Americas,Circuit of the Americas,circuit-of-the-americas,2016-09-17,201609171135_Race,60,51,2,Oswaldo Negri Jr.,2:01.372,43.862,46.036,31.474,100.8,1:59:09.348,121372,0,0,16
2016,19_Circuit of the Americas,Circuit of the Americas,circuit-of-the-americas,2016-09-17,201609171135_Race,60,52,2,Oswaldo Negri Jr.,2:00.821,43.404,46.162,31.255,101.2,2:01:10.169,120821,0,0,16
2016,19_Circuit of the Americas,Circuit of the Americas,circuit-of-the-americas,2016-09-17,201609171135_Race,60,53,2,Oswaldo Negri Jr.,2:01.098,43.518,46.120,31.460,101.0,2:03:11.267,121098,0,0,16
2016,19_Circuit of the Americas,Circuit of the Americas,circuit-of-the-americas,2016-09-17,201609171135_Race,60,54,2,Oswaldo Negri Jr.,2:01.216,43.735,46.078,31.403,100.9,2:05:12.483,121216,0,0,16
2016,19_Circuit of the Americas,Circuit of the Americas,circuit-of-the-americas,2016-09-17,201609171135_Race,60,55,2,Oswaldo Negri Jr.,2:05.591,44.200,47.774,33.617,97.4,2:07:18.074,125591,0,0,16
2016,19_Circuit of the Americas,Circuit of the Americas,circuit-of-the-americas,2016-09-17,201609171135_Race,60,56,2,Oswaldo Negri Jr.,2:01.581,43.650,46.382,31.549,100.6,2:09:19.655,121581,0,0,16
2016,19_Circuit of the Americas,Circuit of the Americas,circuit-of-the-americas,2016-09-17,201609171135_Race,60,57,2,Oswaldo Negri Jr.,2:02.556,43.917,46.567,32.072,99.8,2:11:22.211,122556,0,0,16
2016,19_Circuit of the Americas,Circuit of the Americas,circuit-of-the-americas,2016-09-17,201609171135_Race,60,58,2,Oswaldo Negri Jr.,2:03.163,44.624,46.786,31.753,99.3,2:13:25.374,123163,0,0,16
2016,19_Circuit of the Americas,Circuit of the Americas,circuit-of-the-americas,2016-09-17,201609171135_Race,60,59,2,Oswaldo Negri Jr.,2:03.316,44.709,46.856,31.751,99.2,2:15:28.690,123316,0,0,16
2016,19_Circuit of the Americas,Circuit of the Americas,circuit-of-the-americas,2016-09-17,201609171135_Race,60,60,2,Oswaldo Negri Jr.,2:02.562,43.779,47.002,31.781,99.8,2:17:31.252,122562,0,0,16
2016,19_Circuit of the Americas,Circuit of the Americas,circuit-of-the-americas,2016-09-17,201609171135_Race,60,61,2,Oswaldo Negri Jr.,2:03.148,44.500,47.044,31.604,99.4,2:19:34.400,123148,0,0,16
2016,19_Circuit of the Americas,Circuit of the Americas,circuit-of-the-americas,2016-09-17,201609171135_Race,60,62,2,Oswaldo Negri Jr.,2:02.676,44.132,46.676,31.868,99.7,2:21:37.076,122676,0,0,16
2016,19_Circuit of the Americas,Circuit of the Americas,circuit-of-the-americas,2016-09-17,201609171135_Race,60,63,2,Oswaldo Negri Jr.,2:03.787,44.376,47.339,32.072,98.8,2:23:40.863,123787,0,0,16
2016,19_Circuit of the Americas,Circuit of the Americas,circuit-of-the-americas,2016-09-17,201609171135_Race,60,64,2,Oswaldo Negri Jr.,2:05.084,44.224,47.244,33.616,97.8,2:25:45.947,125084,0,0,16
2016,19_Circuit of the Americas,Circuit of the Americas,circuit-of-the-americas,2016-09-17,201609171135_Race,60,65,2,Oswaldo Negri Jr.,2:05.229,45.663,47.765,31.801,97.7,2:27:51.176,125229,0,0,16
2016,19_Circuit of the Americas,Circuit of the Americas,circuit-of-the-americas,2016-09-17,201609171135_Race,60,66,2,Oswaldo Negri Jr.,2:01.962,43.658,46.672,31.632,100.3,2:29:53.138,121962,0,0,16
2016,19_Circuit of the Americas,Circuit of the Americas,circuit-of-the-americas,2016-09-17,201609171135_Race,60,67,2,Oswaldo Negri Jr.,2:03.672,44.982,46.971,31.719,98.9,2:31:56.810,123672,0,0,16
2016,19_Circuit of the Americas,Circuit of the Americas,circuit-of-the-americas,2016-09-17,201609171135_Race,60,68,2,Oswaldo Negri Jr.,2:03.045,44.578,46.786,31.681,99.4,2:33:59.855,123045,0,0,16
2016,19_Circuit of the Americas,Circuit of the Americas,circuit-of-the-americas,2016-09-17,201609171135_Race,60,69,2,Oswaldo Negri Jr.,2:02.847,43.794,47.274,31.779,99.6,2:36:02.702,122847,0,0,16
2016,19_Circuit of the Americas,Circuit of the Americas,circuit-of-the-americas,2016-09-17,201609171135_Race,60,70,2,Oswaldo Negri Jr.,2:03.686,44.124,46.627,32.935,98.9,2:38:06.388,123686,0,0,16
2016,19_Circuit of the Americas,Circuit of the Americas,circuit-of-the-americas,2016-09-17,201609171135_Race,60,71,2,Oswaldo Negri Jr.,2:03.361,44.712,46.835,31.814,99.2,2:40:09.749,123361,0,0,16
2016,19_Circuit of the Americas,Circuit of the Americas,circuit-of-the-americas,2016-09-17,201609171135_Race,60,72,2,Oswaldo Negri Jr.,2:04.228,44.854,47.493,31.881,98.5,2:42:13.977,124228,0,0,16
2016,19_Circuit of the Americas,Circuit of the Americas,circuit-of-the-americas,2016-09-17,201609171135_Race,62,1,2,Toni Vilander,2:30.730,1:09.947,47.809,32.974,81.2,2:30.730,,,0,16
2016,19_Circuit of the Americas,Circuit of the Americas,circuit-of-the-americas,2016-09-17,201609171135_Race,62,2,2,Toni Vilander,2:06.123,45.555,47.687,32.881,97.0,4:36.853,126123,0,0,16
2016,19_Circuit of the Americas,Circuit of the Americas,circuit-of-the-americas,2016-09-17,201609171135_Race,62,3,2,Toni Vilander,2:05.495,45.211,47.438,32.846,97.5,6:42.348,125495,0,0,16
2016,19_Circuit of the Americas,Circuit of the Americas,circuit-of-the-americas,2016-09-17,201609171135_Race,62,4,2,Toni Vilander,2:05.339,45.173,47.380,32.786,97.6,8:47.687,125339,0,0,16
2016,19_Circuit of the Americas,Circuit of the Americas,circuit-of-the-americas,2016-09-17,201609171135_Race,62,5,2,Toni Vilander,2:05.980,45.288,47.394,33.298,97.1,10:53.667,125980,0,0,16
2016,19_Circuit of the Americas,Circuit of the Americas,circuit-of-the-americas,2016-09-17,201609171135_Race,62,6,2,Toni Vilander,2:05.685,45.674,47.252,32.759,97.3,12:59.352,125685,0,0,16
2016,19_Circuit of the Americas,Circuit of the Americas,circuit-of-the-americas,2016-09-17,201609171135_Race,62,7,2,Toni Vilander,2:05.472,45.394,47.197,32.881,97.5,15:04.824,125472,0,0,16
2016,19_Circuit of the Americas,Circuit of the Americas,circuit-of-the-americas,2016-09-17,201609171135_Race,62,8,2,Toni Vilander,2:05.769,45.560,47.471,32.738,97.3,17:10.593,125769,0,0,16
2016,19_Circuit of the Americas,Circuit of the Americas,circuit-of-the-americas,2016-09-17,201609171135_Race,62,9,2,Toni Vilander,2:05.822,45.537,47.545,32.740,97.3,19:16.415,125822,0,0,16
2016,19_Circuit of the Americas,Circuit of the Americas,circuit-of-the-americas,2016-09-17,201609171135_Race,62,10,2,Toni Vilander,2:05.911,45.571,47.461,32.879,97.1,21:22.326,125911,0,0,16
2016,19_Circuit of the Americas,Circuit of the Americas,circuit-of-the-americas,2016-09-17,201609171135_Race,62,11,2,Toni Vilander,2:05.891,45.562,47.390,32.939,97.2,23:28.217,125891,0,0,16
2016,19_Circuit of the Americas,Circuit of the Americas,circuit-of-the-americas,2016-09-17,201609171135_Race,62,12,2,Toni Vilander,2:06.333,45.759,47.492,33.082,96.8,25:34.550,126333,0,0,16
2016,19_Circuit of the Americas,Circuit of the Americas,circuit-of-the-americas,2016-09-17,201609171135_Race,62,13,2,Toni Vilander,2:06.217,45.685,47.655,32.877,96.9,27:40.767,126217,0,0,16
2016,19_Circuit of the Americas,Circuit of the Americas,circuit-of-the-americas,2016-09-17,201609171135_Race,62,14,2,Toni Vilander,2:06.150,45.635,47.609,32.906,97.0,29:46.917,126150,0,0,16
2016,19_Circuit of the Americas,Circuit of the Americas,circuit-of-the-americas,2016-09-17,201609171135_Race,62,15,2,Toni Vilander,2:06.431,45.853,47.678,32.900,96.8,31:53.348,126431,0,0,16
2016,19_Circuit of the Americas,Circuit of the Americas,circuit-of-the-americas,2016-09-17,201609171135_Race,62,16,2,Toni Vilander,2:06.771,45.789,48.006,32.976,96.5,34:00.119,126771,0,0,16
2016,19_Circuit of the Americas,Circuit of the Americas,circuit-of-the-americas,2016-09-17,201609171135_Race,62,17,2,Toni Vilander,2:17.420,45.924,55.523,35.973,89.0,36:17.539,137420,0,0,16
2016,19_Circuit of the Americas,Circuit of the Americas,circuit-of-the-americas,2016-09-17,201609171135_Race,62,18,2,Toni Vilander,2:14.611,50.848,49.247,34.516,90.9,38:32.150,134611,0,0,16
2016,19_Circuit of the Americas,Circuit of the Americas,circuit-of-the-americas,2016-09-17,201609171135_Race,62,19,2,Toni Vilander,2:14.459,48.289,49.856,36.314,91.0,40:46.609,134459,0,0,16
2016,19_Circuit of the Americas,Circuit of the Americas,circuit-of-the-americas,2016-09-17,201609171135_Race,62,20,2,Toni Vilander,3:50.851,1:07.755,1:21.373,1:21.723,53.0,44:37.460,230851,0,1,16
2016,19_Circuit of the Americas,Circuit of the Americas,circuit-of-the-americas,2016-09-17,201609171135_Race,62,21,1,Giancarlo Fisichella,3:09.907,59.566,1:21.783,48.558,64.4,47:47.367,189907,0,0,16
2016,19_Circuit of the Americas,Circuit of the Americas,circuit-of-the-americas,2016-09-17,201609171135_Race,62,22,1,Giancarlo Fisichella,2:58.123,1:07.155,1:15.715,35.253,68.7,50:45.490,178123,0,0,16
2016,19_Circuit of the Americas,Circuit of the Americas,circuit-of-the-americas,2016-09-17,201609171135_Race,62,23,1,Giancarlo Fisichella,2:16.478,46.728,48.808,40.942,89.6,53:01.968,136478,0,0,16
2016,19_Circuit of the Americas,Circuit of the Americas,circuit-of-the-americas,2016-09-17,201609171135_Race,62,24,1,Giancarlo Fisichella,3:23.774,1:06.342,1:24.644,52.788,60.0,56:25.742,203774,0,0,16
2016,19_Circuit of the Americas,Circuit of the Americas,circuit-of-the-americas,2016-09-17,201609171135_Race,62,25,1,Giancarlo Fisichella,2:53.042,1:03.016,1:16.817,33.209,70.7,59:18.784,173042,0,0,16
2016,19_Circuit of the Americas,Circuit of the Americas,circuit-of-the-americas,2016-09-17,201609171135_Race,62,26,1,Giancarlo Fisichella,2:07.848,45.914,48.252,33.682,95.7,1:01:26.632,127848,0,0,16
2016,19_Circuit of the Americas,Circuit of the Americas,circuit-of-the-americas,2016-09-17,201609171135_Race,62,27,1,Giancarlo Fisichella,2:05.896,45.466,47.476,32.954,97.2,1:03:32.528,125896,0,0,16
2016,19_Circuit of the Americas,Circuit of the Americas,circuit-of-the-americas,2016-09-17,201609171135_Race,62,28,1,Giancarlo Fisichella,2:05.216,45.341,47.220,32.655,97.7,1:05:37.744,125216,0,0,16
2016,19_Circuit of the Americas,Circuit of the Americas,circuit-of-the-americas,2016-09-17,201609171135_Race,62,29,1,Giancarlo Fisichella,2:05.413,45.368,47.208,32.837,97.6,1:07:43.157,125413,0,0,16
2016,19_Circuit of the Americas,Circuit of the Americas,circuit-of-the-americas,2016-09-17,201609171135_Race,62,30,1,Giancarlo Fisichella,2:05.657,45.264,47.474,32.919,97.4,1:09:48.814,125657,0,0,16
2016,19_Circuit of the Americas,Circuit of the Americas,circuit-of-the-americas,2016-09-17,201609171135_Race,62,31,1,Giancarlo Fisichella,2:06.461,45.213,48.229,33.019,96.8,1:11:55.275,126461,0,0,16
2016,19_Circuit of the Americas,Circuit of the Americas,circuit-of-the-americas,2016-09-17,201609171135_Race,62,32,1,Giancarlo Fisichella,2:05.558,45.305,47.441,32.812,97.4,1:14:00.833,125558,0,0,16
2016,19_Circuit of the Americas,Circuit of the Americas,circuit-of-the-americas,2016-09-17,201609171135_Race,62,33,1,Giancarlo Fisichella,2:06.461,46.033,47.598,32.830,96.8,1:16:07.294,126461,0,0,16
2016,19_Circuit of the Americas,Circuit of the Americas,circuit-of-the-americas,2016-09-17,201609171135_Race,62,34,1,Giancarlo Fisichella,2:05.890,45.419,47.433,33.038,97.2,1:18:13.184,125890,0,0,16
2016,19_Circuit of the Americas,Circuit of the Americas,circuit-of-the-americas,2016-09-17,201609171135_Race,62,35,1,Giancarlo Fisichella,2:05.784,45.435,47.260,33.089,97.3,1:20:18.968,125784,0,0,16
2016,19_Circuit of the Americas,Circuit of the Americas,circuit-of-the-americas,2016-09-17,201609171135_Race,62,36,1,Giancarlo Fisichella,2:06.048,45.662,47.632,32.754,97.1,1:22:25.016,126048,0,0,16
2016,19_Circuit of the Americas,Circuit of the Americas,circuit-of-the-americas,2016-09-17,201609171135_Race,62,37,1,Giancarlo Fisichella,2:07.478,46.173,48.004,33.301,96.0,1:24:32.494,127478,0,0,16
2016,19_Circuit of the Americas,Circuit of the Americas,circuit-of-the-americas,2016-09-17,201609171135_Race,62,38,1,Giancarlo Fisichella,2:06.213,45.865,47.412,32.936,96.9,1:26:38.707,126213,0,0,16
2016,19_Circuit of the Americas,Circuit of the Americas,circuit-of-the-americas,2016-09-17,201609171135_Race,62,39,1,Giancarlo Fisichella,2:05.729,45.451,47.516,32.762,97.3,1:28:44.436,125729,0,0,16
2016,19_Circuit of the Americas,Circuit of the Americas,circuit-of-the-americas,2016-09-17,201609171135_Race,62,40,1,Giancarlo Fisichella,2:05.907,45.450,47.496,32.961,97.2,1:30:50.343,125907,0,0,16
2016,19_Circuit of the Americas,Circuit of the Americas,circuit-of-the-americas,2016-09-17,201609171135_Race,62,41,1,Giancarlo Fisichella,2:05.878,45.438,47.603,32.837,97.2,1:32:56.221,125878,0,0,16
2016,19_Circuit of the Americas,Circuit of the Americas,circuit-of-the-americas,2016-09-17,201609171135_Race,62,42,1,Giancarlo Fisichella,2:07.102,46.362,47.743,32.997,96.3,1:35:03.323,127102,0,0,16
2016,19_Circuit of the Americas,Circuit of the Americas,circuit-of-the-americas,2016-09-17,201609171135_Race,62,43,1,Giancarlo Fisichella,2:06.921,45.731,48.067,33.123,96.4,1:37:10.244,126921,0,0,16
2016,19_Circuit of the Americas,Circuit of the Americas,circuit-of-the-americas,2016-09-17,201609171135_Race,62,44,1,Giancarlo Fisichella,2:06.428,45.521,47.716,33.191,96.8,1:39:16.672,126428,0,0,16
2016,19_Circuit of the Americas,Circuit of the Americas,circuit-of-the-americas,2016-09-17,201609171135_Race,62,45,1,Giancarlo Fisichella,2:50.483,46.187,47.992,1:16.304,71.7,1:42:07.155,170483,0,1,16
2016,19_Circuit of the Americas,Circuit of the Americas,circuit-of-the-americas,2016-09-17,201609171135_Race,62,46,2,Toni Vilander,2:17.182,55.762,48.338,33.082,89.2,1:44:24.337,137182,0,0,16
2016,19_Circuit of the Americas,Circuit of the Americas,circuit-of-the-americas,2016-09-17,201609171135_Race,62,47,2,Toni Vilander,2:05.815,45.686,47.365,32.764,97.3,1:46:30.152,125815,0,0,16
2016,19_Circuit of the Americas,Circuit of the Americas,circuit-of-the-americas,2016-09-17,201609171135_Race,62,48,2,Toni Vilander,2:05.214,45.175,47.272,32.767,97.7,1:48:35.366,125214,0,0,16
2016,19_Circuit of the Americas,Circuit of the Americas,circuit-of-the-americas,2016-09-17,201609171135_Race,62,49,2,Toni Vilander,2:05.967,45.719,47.465,32.783,97.1,1:50:41.333,125967,0,0,16
2016,19_Circuit of the Americas,Circuit of the Americas,circuit-of-the-americas,2016-09-17,201609171135_Race,62,50,2,Toni Vilander,2:05.555,45.324,47.314,32.917,97.4,1:52:46.888,125555,0,0,16
2016,19_Circuit of the Americas,Circuit of the Americas,circuit-of-the-americas,2016-09-17,201609171135_Race,62,51,2,Toni Vilander,2:06.501,45.659,47.404,33.438,96.7,1:54:53.389,126501,0,0,16
2016,19_Circuit of the Americas,Circuit of the Americas,circuit-of-the-americas,2016-09-17,201609171135_Race,62,52,2,Toni Vilander,2:05.038,45.174,47.168,32.696,97.8,1:56:58.427,125038,0,0,16
2016,19_Circuit of the Americas,Circuit of the Americas,circuit-of-the-americas,2016-09-17,201609171135_Race,62,53,2,Toni Vilander,2:05.543,45.508,47.280,32.755,97.4,1:59:03.970,125543,0,0,16
2016,19_Circuit of the Americas,Circuit of the Americas,circuit-of-the-americas,2016-09-17,201609171135_Race,62,54,2,Toni Vilander,2:05.904,45.235,47.325,33.344,97.2,2:01:09.874,125904,0,0,16
2016,19_Circuit of the Americas,Circuit of the Americas,circuit-of-the-americas,2016-09-17,201609171135_Race,62,55,2,Toni Vilander,2:06.226,45.831,47.607,32.788,96.9,2:03:16.100,126226,0,0,16
2016,19_Circuit of the Americas,Circuit of the Americas,circuit-of-the-americas,2016-09-17,201609171135_Race,62,56,2,Toni Vilander,2:05.847,45.324,47.486,33.037,97.2,2:05:21.947,125847,0,0,16
2016,19_Circuit of the Americas,Circuit of the Americas,circuit-of-the-americas,2016-09-17,201609171135_Race,62,57,2,Toni Vilander,2:06.038,45.495,47.568,32.975,97.1,2:07:27.985,126038,0,0,16
2016,19_Circuit of the Americas,Circuit of the Americas,circuit-of-the-americas,2016-09-17,201609171135_Race,62,58,2,Toni Vilander,2:06.127,45.457,47.696,32.974,97.0,2:09:34.112,126127,0,0,16
2016,19_Circuit of the Americas,Circuit of the Americas,circuit-of-the-americas,2016-09-17,201609171135_Race,62,59,2,Toni Vilander,2:07.440,46.636,47.823,32.981,96.0,2:11:41.552,127440,0,0,16
2016,19_Circuit of the Americas,Circuit of the Americas,circuit-of-the-americas,2016-09-17,201609171135_Race,62,60,2,Toni Vilander,3:59.046,45.743,,,51.2,2:15:40.598,239046,0,1,16
2016,19_Circuit of the Americas,Circuit of the Americas,circuit-of-the-americas,2016-09-17,201609171135_Race,62,61,2,Toni Vilander,2:19.360,57.898,47.964,33.498,87.7,2:17:59.958,139360,0,0,16
2016,19_Circuit of the Americas,Circuit of the Americas,circuit-of-the-americas,2016-09-17,201609171135_Race,62,62,2,Toni Vilander,2:07.070,45.987,47.919,33.164,96.3,2:20:07.028,127070,0,0,16
2016,19_Circuit of the Americas,Circuit of the Americas,circuit-of-the-americas,2016-09-17,201609171135_Race,62,63,2,Toni Vilander,2:07.265,46.348,47.749,33.168,96.1,2:22:14.293,127265,0,0,16
2016,19_Circuit of the Americas,Circuit of the Americas,circuit-of-the-americas,2016-09-17,201609171135_Race,62,64,2,Toni Vilander,2:07.477,46.410,47.958,33.109,96.0,2:24:21.770,127477,0,0,16
2016,19_Circuit of the Americas,Circuit of the Americas,circuit-of-the-americas,2016-09-17,201609171135_Race,62,65,2,Toni Vilander,2:07.080,45.744,47.982,33.354,96.3,2:26:28.850,127080,0,0,16
2016,19_Circuit of the Americas,Circuit of the Americas,circuit-of-the-americas,2016-09-17,201609171135_Race,62,66,2,Toni Vilander,2:07.421,46.032,47.659,33.730,96.0,2:28:36.271,127421,0,0,16
2016,19_Circuit of the Americas,Circuit of the Americas,circuit-of-the-americas,2016-09-17,201609171135_Race,62,67,2,Toni Vilander,2:07.400,46.340,47.876,33.184,96.0,2:30:43.671,127400,0,0,16
2016,19_Circuit of the Americas,Circuit of the Americas,circuit-of-the-americas,2016-09-17,201609171135_Race,62,68,2,Toni Vilander,2:06.905,45.819,47.835,33.251,96.4,2:32:50.576,126905,0,0,16
2016,19_Circuit of the Americas,Circuit of the Americas,circuit-of-the-americas,2016-09-17,201609171135_Race,62,69,2,Toni Vilander,2:07.085,46.345,47.613,33.127,96.3,2:34:57.661,127085,0,0,16
2016,19_Circuit of the Americas,Circuit of the Americas,circuit-of-the-americas,2016-09-17,201609171135_Race,62,70,2,Toni Vilander,2:08.046,46.757,47.702,33.587,95.5,2:37:05.707,128046,0,0,16
2016,19_Circuit of the Americas,Circuit of the Americas,circuit-of-the-americas,2016-09-17,201609171135_Race,62,71,2,Toni Vilander,2:08.634,46.474,48.303,33.857,95.1,2:39:14.341,128634,0,0,16
2016,19_Circuit of the Americas,Circuit of the Americas,circuit-of-the-americas,2016-09-17,201609171135_Race,62,72,2,Toni Vilander,2:08.966,46.838,48.484,33.644,94.8,2:41:23.307,128966,0,0,16
2016,19_Circuit of the Americas,Circuit of the Americas,circuit-of-the-americas,2016-09-17,201609171135_Race,62,73,2,Toni Vilander,2:09.779,46.982,48.354,34.443,94.3,2:43:33.086,129779,0,0,16
2016,19_Circuit of the Americas,Circuit of the Americas,circuit-of-the-americas,2016-09-17,201609171135_Race,63,1,1,Christina Nielsen,2:40.402,1:16.376,49.729,34.297,76.3,2:40.402,,,0,16
2016,19_Circuit of the Americas,Circuit of the Americas,circuit-of-the-americas,2016-09-17,201609171135_Race,63,2,1,Christina Nielsen,2:10.903,47.938,48.754,34.211,93.5,4:51.305,130903,0,0,16
2016,19_Circuit of the Americas,Circuit of the Americas,circuit-of-the-americas,2016-09-17,201609171135_Race,63,3,1,Christina Nielsen,2:10.359,47.435,48.587,34.337,93.8,7:01.664,130359,0,0,16
2016,19_Circuit of the Americas,Circuit of the Americas,circuit-of-the-americas,2016-09-17,201609171135_Race,63,4,1,Christina Nielsen,2:10.189,47.311,48.691,34.187,94.0,9:11.853,130189,0,0,16
2016,19_Circuit of the Americas,Circuit of the Americas,circuit-of-the-americas,2016-09-17,201609171135_Race,63,5,1,Christina Nielsen,2:10.289,47.259,48.678,34.352,93.9,11:22.142,130289,0,0,16
2016,19_Circuit of the Americas,Circuit of the Americas,circuit-of-the-americas,2016-09-17,201609171135_Race,63,6,1,Christina Nielsen,2:10.646,47.381,48.750,34.515,93.7,13:32.788,130646,0,0,16
2016,19_Circuit of the Americas,Circuit of the Americas,circuit-of-the-americas,2016-09-17,201609171135_Race,63,7,1,Christina Nielsen,2:11.094,47.658,49.043,34.393,93.3,15:43.882,131094,0,0,16
2016,19_Circuit of the Americas,Circuit of the Americas,circuit-of-the-americas,2016-09-17,201609171135_Race,63,8,1,Christina Nielsen,2:12.591,49.087,49.179,34.325,92.3,17:56.473,132591,0,0,16
2016,19_Circuit of the Americas,Circuit of the Americas,circuit-of-the-americas,2016-09-17,201609171135_Race,63,9,1,Christina Nielsen,2:11.117,47.773,49.132,34.212,93.3,20:07.590,131117,0,0,16
2016,19_Circuit of the Americas,Circuit of the Americas,circuit-of-the-americas,2016-09-17,201609171135_Race,63,10,1,Christina Nielsen,2:12.173,48.495,49.119,34.559,92.5,22:19.763,132173,0,0,16
2016,19_Circuit of the Americas,Circuit of the Americas,circuit-of-the-americas,2016-09-17,201609171135_Race,63,11,1,Christina Nielsen,2:11.749,48.246,49.062,34.441,92.8,24:31.512,131749,0,0,16
2016,19_Circuit of the Americas,Circuit of the Americas,circuit-of-the-americas,2016-09-17,201609171135_Race,63,12,1,Christina Nielsen,2:11.841,48.429,49.166,34.246,92.8,26:43.353,131841,0,0,16
2016,19_Circuit of the Americas,Circuit of the Americas,circuit-of-the-americas,2016-09-17,201609171135_Race,63,13,1,Christina Nielsen,2:11.967,48.664,49.037,34.266,92.7,28:55.320,131967,0,0,16
2016,19_Circuit of the Americas,Circuit of the Americas,circuit-of-the-americas,2016-09-17,201609171135_Race,63,14,1,Christina Nielsen,2:13.388,49.145,49.764,34.479,91.7,31:08.708,133388,0,0,16
2016,19_Circuit of the Americas,Circuit of the Americas,circuit-of-the-americas,2016-09-17,201609171135_Race,63,15,1,Christina Nielsen,2:12.040,48.089,49.525,34.426,92.7,33:20.748,132040,0,0,17
2016,19_Circuit of the Americas,Circuit of the Americas,circuit-of-the-americas,2016-09-17,201609171135_Race,63,16,1,Christina Nielsen,2:15.524,48.308,49.680,37.536,90.2,35:36.272,135524,0,0,17
2016,19_Circuit of the Americas,Circuit of the Americas,circuit-of-the-americas,2016-09-17,201609171135_Race,63,17,1,Christina Nielsen,2:20.641,52.348,51.952,36.341,87.0,37:56.913,140641,0,0,17
2016,19_Circuit of the Americas,Circuit of the Americas,circuit-of-the-americas,2016-09-17,201609171135_Race,63,18,1,Christina Nielsen,2:34.299,50.557,58.734,45.008,79.3,40:31.212,154299,0,0,17
2016,19_Circuit of the Americas,Circuit of the Americas,circuit-of-the-americas,2016-09-17,201609171135_Race,63,19,1,Christina Nielsen,3:27.570,1:15.511,1:19.864,52.195,58.9,43:58.782,207570,0,0,17
2016,19_Circuit of the Americas,Circuit of the Americas,circuit-of-the-americas,2016-09-17,201609171135_Race,63,20,1,Christina Nielsen,4:06.527,1:16.529,1:22.844,1:27.154,49.6,48:05.309,246527,0,1,17
2016,19_Circuit of the Americas,Circuit of the Americas,circuit-of-the-americas,2016-09-17,201609171135_Race,63,21,2,Alessandro Balzan,2:57.187,1:06.932,1:16.103,34.152,69.0,51:02.496,177187,0,0,17
2016,19_Circuit of the Americas,Circuit of the Americas,circuit-of-the-americas,2016-09-17,201609171135_Race,63,22,2,Alessandro Balzan,2:18.069,48.144,50.900,39.025,88.6,53:20.565,138069,0,0,17
2016,19_Circuit of the Americas,Circuit of the Americas,circuit-of-the-americas,2016-09-17,201609171135_Race,63,23,2,Alessandro Balzan,3:24.424,1:04.249,1:32.173,48.002,59.9,56:44.989,204424,0,0,17
2016,19_Circuit of the Americas,Circuit of the Americas,circuit-of-the-americas,2016-09-17,201609171135_Race,63,24,2,Alessandro Balzan,2:53.224,1:03.533,1:15.568,34.123,70.6,59:38.213,173224,0,0,17
2016,19_Circuit of the Americas,Circuit of the Americas,circuit-of-the-americas,2016-09-17,201609171135_Race,63,25,2,Alessandro Balzan,2:10.091,46.942,48.892,34.257,94.0,1:01:48.304,130091,0,0,17
2016,19_Circuit of the Americas,Circuit of the Americas,circuit-of-the-americas,2016-09-17,201609171135_Race,63,26,2,Alessandro Balzan,2:10.729,47.088,48.824,34.817,93.6,1:03:59.033,130729,0,0,17
2016,19_Circuit of the Americas,Circuit of the Americas,circuit-of-the-americas,2016-09-17,201609171135_Race,63,27,2,Alessandro Balzan,2:10.450,47.459,48.814,34.177,93.8,1:06:09.483,130450,0,0,17
2016,19_Circuit of the Americas,Circuit of the Americas,circuit-of-the-americas,2016-09-17,201609171135_Race,63,28,2,Alessandro Balzan,2:11.482,48.192,48.655,34.635,93.0,1:08:20.965,131482,0,0,17
2016,19_Circuit of the Americas,Circuit of the Americas,circuit-of-the-americas,2016-09-17,201609171135_Race,63,29,2,Alessandro Balzan,2:11.647,47.840,48.592,35.215,92.9,1:10:32.612,131647,0,0,17
2016,19_Circuit of the Americas,Circuit of the Americas,circuit-of-the-americas,2016-09-17,201609171135_Race,63,30,2,Alessandro Balzan,2:11.567,47.591,49.150,34.826,93.0,1:12:44.179,131567,0,0,17
2016,19_Circuit of the Americas,Circuit of the Americas,circuit-of-the-americas,2016-09-17,201609171135_Race,63,31,2,Alessandro Balzan,2:11.449,47.603,48.910,34.936,93.1,1:14:55.628,131449,0,0,17
2016,19_Circuit of the Americas,Circuit of the Americas,circuit-of-the-americas,2016-09-17,201609171135_Race,63,32,2,Alessandro Balzan,2:13.281,49.154,49.740,34.387,91.8,1:17:08.909,133281,0,0,17
2016,19_Circuit of the Americas,Circuit of the Americas,circuit-of-the-americas,2016-09-17,201609171135_Race,63,33,2,Alessandro Balzan,2:13.422,48.308,49.862,35.252,91.7,1:19:22.331,133422,0,0,17
2016,19_Circuit of the Americas,Circuit of the Americas,circuit-of-the-americas,2016-09-17,201609171135_Race,63,34,2,Alessandro Balzan,2:12.857,47.597,50.247,35.013,92.1,1:21:35.188,132857,0,0,17
2016,19_Circuit of the Americas,Circuit of the Americas,circuit-of-the-americas,2016-09-17,201609171135_Race,63,35,2,Alessandro Balzan,2:12.550,47.453,49.423,35.674,92.3,1:23:47.738,132550,0,0,17
2016,19_Circuit of the Americas,Circuit of the Americas,circuit-of-the-americas,2016-09-17,201609171135_Race,63,36,2,Alessandro Balzan,2:10.171,47.245,48.658,34.268,94.0,1:25:57.909,130171,0,0,17
2016,19_Circuit of the Americas,Circuit of the Americas,circuit-of-the-americas,2016-09-17,201609171135_Race,63,37,2,Alessandro Balzan,2:10.467,47.274,48.894,34.299,93.8,1:28:08.376,130467,0,0,17
2016,19_Circuit of the Americas,Circuit of the Americas,circuit-of-the-americas,2016-09-17,201609171135_Race,63,38,2,Alessandro Balzan,2:11.235,47.548,49.284,34.403,93.2,1:30:19.611,131235,0,0,17
2016,19_Circuit of the Americas,Circuit of the Americas,circuit-of-the-americas,2016-09-17,201609171135_Race,63,39,2,Alessandro Balzan,2:10.347,47.137,48.931,34.279,93.8,1:32:29.958,130347,0,0,17
2016,19_Circuit of the Americas,Circuit of the Americas,circuit-of-the-americas,2016-09-17,201609171135_Race,63,40,2,Alessandro Balzan,2:10.282,47.296,48.765,34.221,93.9,1:34:40.240,130282,0,0,17
2016,19_Circuit of the Americas,Circuit of the Americas,circuit-of-the-americas,2016-09-17,201609171135_Race,63,41,2,Alessandro Balzan,2:11.204,47.278,49.638,34.288,93.2,1:36:51.444,131204,0,0,17
2016,19_Circuit of the Americas,Circuit of the Americas,circuit-of-the-americas,2016-09-17,201609171135_Race,63,42,2,Alessandro Balzan,2:11.877,47.640,49.719,34.518,92.8,1:39:03.321,131877,0,0,17
2016,19_Circuit of the Americas,Circuit of the Americas,circuit-of-the-americas,2016-09-17,201609171135_Race,63,43,2,Alessandro Balzan,2:59.959,47.850,49.786,1:22.323,68.0,1:42:03.280,179959,0,1,17
2016,19_Circuit of the Americas,Circuit of the Americas,circuit-of-the-americas,2016-09-17,201609171135_Race,63,44,2,Alessandro Balzan,2:19.317,56.261,48.881,34.175,87.8,1:44:22.597,139317,0,0,17
2016,19_Circuit of the Americas,Circuit of the Americas,circuit-of-the-americas,2016-09-17,201609171135_Race,63,45,2,Alessandro Balzan,2:10.281,47.560,48.668,34.053,93.9,1:46:32.878,130281,0,0,17
2016,19_Circuit of the Americas,Circuit of the Americas,circuit-of-the-americas,2016-09-17,201609171135_Race,63,46,2,Alessandro Balzan,2:09.970,46.660,48.775,34.535,94.1,1:48:42.848,129970,0,0,17
2016,19_Circuit of the Americas,Circuit of the Americas,circuit-of-the-americas,2016-09-17,201609171135_Race,63,47,2,Alessandro Balzan,2:11.083,47.271,49.581,34.231,93.3,1:50:53.931,131083,0,0,17
2016,19_Circuit of the Americas,Circuit of the Americas,circuit-of-the-americas,2016-09-17,201609171135_Race,63,48,2,Alessandro Balzan,2:09.816,46.927,48.485,34.404,94.2,1:53:03.747,129816,0,0,17
2016,19_Circuit of the Americas,Circuit of the Americas,circuit-of-the-americas,2016-09-17,201609171135_Race,63,49,2,Alessandro Balzan,2:09.811,47.084,48.462,34.265,94.2,1:55:13.558,129811,0,0,17
2016,19_Circuit of the Americas,Circuit of the Americas,circuit-of-the-americas,2016-09-17,201609171135_Race,63,50,2,Alessandro Balzan,2:09.627,46.998,48.535,34.094,94.4,1:57:23.185,129627,0,0,17
2016,19_Circuit of the Americas,Circuit of the Americas,circuit-of-the-americas,2016-09-17,201609171135_Race,63,51,2,Alessandro Balzan,2:10.095,47.223,48.735,34.137,94.0,1:59:33.280,130095,0,0,17
2016,19_Circuit of the Americas,Circuit of the Americas,circuit-of-the-americas,2016-09-17,201609171135_Race,63,52,2,Alessandro Balzan,2:09.689,46.942,48.543,34.204,94.3,2:01:42.969,129689,0,0,17
2016,19_Circuit of the Americas,Circuit of the Americas,circuit-of-the-americas,2016-09-17,201609171135_Race,63,53,2,Alessandro Balzan,2:11.048,47.816,48.696,34.536,93.3,2:03:54.017,131048,0,0,17
2016,19_Circuit of the Americas,Circuit of the Americas,circuit-of-the-americas,2016-09-17,201609171135_Race,63,54,2,Alessandro Balzan,2:11.090,47.313,49.534,34.243,93.3,2:06:05.107,131090,0,0,17
2016,19_Circuit of the Americas,Circuit of the Americas,circuit-of-the-americas,2016-09-17,201609171135_Race,63,55,2,Alessandro Balzan,2:12.060,48.513,48.806,34.741,92.7,2:08:17.167,132060,0,0,17
2016,19_Circuit of the Americas,Circuit of the Americas,circuit-of-the-americas,2016-09-17,201609171135_Race,63,56,2,Alessandro Balzan,2:10.366,47.394,48.566,34.406,93.8,2:10:27.533,130366,0,0,17
2016,19_Circuit of the Americas,Circuit of the Americas,circuit-of-the-americas,2016-09-17,201609171135_Race,63,57,2,Alessandro Balzan,2:10.357,47.098,48.805,34.454,93.8,2:12:37.890,130357,0,0,17
2016,19_Circuit of the Americas,Circuit of the Americas,circuit-of-the-americas,2016-09-17,201609171135_Race,63,58,2,Alessandro Balzan,2:12.106,48.129,49.493,34.484,92.6,2:14:49.996,132106,0,0,17
2016,19_Circuit of the Americas,Circuit of the Americas,circuit-of-the-americas,2016-09-17,201609171135_Race,63,59,2,Alessandro Balzan,2:11.250,47.444,49.303,34.503,93.2,2:17:01.246,131250,0,0,17
2016,19_Circuit of the Americas,Circuit of the Americas,circuit-of-the-americas,2016-09-17,201609171135_Race,63,60,2,Alessandro Balzan,2:11.331,47.959,49.035,34.337,93.2,2:19:12.577,131331,0,0,17
2016,19_Circuit of the Americas,Circuit of the Americas,circuit-of-the-americas,2016-09-17,201609171135_Race,63,61,2,Alessandro Balzan,2:11.109,47.248,49.301,34.560,93.3,2:21:23.686,131109,0,0,17
2016,19_Circuit of the Americas,Circuit of the Americas,circuit-of-the-americas,2016-09-17,201609171135_Race,63,62,2,Alessandro Balzan,2:11.315,47.557,49.443,34.315,93.2,2:23:35.001,131315,0,0,17
2016,19_Circuit of the Americas,Circuit of the Americas,circuit-of-the-americas,2016-09-17,201609171135_Race,63,63,2,Alessandro Balzan,2:11.695,47.933,48.747,35.015,92.9,2:25:46.696,131695,0,0,17
2016,19_Circuit of the Americas,Circuit of the Americas,circuit-of-the-americas,2016-09-17,201609171135_Race,63,64,2,Alessandro Balzan,2:11.426,47.742,48.997,34.687,93.1,2:27:58.122,131426,0,0,17
2016,19_Circuit of the Americas,Circuit of the Americas,circuit-of-the-americas,2016-09-17,201609171135_Race,63,65,2,Alessandro Balzan,2:10.934,47.841,48.813,34.280,93.4,2:30:09.056,130934,0,0,17
2016,19_Circuit of the Americas,Circuit of the Americas,circuit-of-the-americas,2016-09-17,201609171135_Race,63,66,2,Alessandro Balzan,2:10.575,47.346,48.946,34.283,93.7,2:32:19.631,130575,0,0,17
2016,19_Circuit of the Americas,Circuit of the Americas,circuit-of-the-americas,2016-09-17,201609171135_Race,63,67,2,Alessandro Balzan,2:11.704,48.177,48.960,34.567,92.9,2:34:31.335,131704,0,0,17
2016,19_Circuit of the Americas,Circuit of the Americas,circuit-of-the-americas,2016-09-17,201609171135_Race,63,68,2,Alessandro Balzan,2:11.362,47.644,49.136,34.582,93.2,2:36:42.697,131362,0,0,17
2016,19_Circuit of the Americas,Circuit of the Americas,circuit-of-the-americas,2016-09-17,201609171135_Race,63,69,2,Alessandro Balzan,2:11.590,47.920,49.253,34.417,93.0,2:38:54.287,131590,0,0,17
2016,19_Circuit of the Americas,Circuit of the Americas,circuit-of-the-americas,2016-09-17,201609171135_Race,63,70,2,Alessandro Balzan,2:12.378,48.127,49.474,34.777,92.4,2:41:06.665,132378,0,0,17
2016,19_Circuit of the Americas,Circuit of the Americas,circuit-of-the-americas,2016-09-17,201609171135_Race,63,71,2,Alessandro Balzan,2:13.535,48.334,50.123,35.078,91.6,2:43:20.200,133535,0,0,17
2016,19_Circuit of the Americas,Circuit of the Americas,circuit-of-the-americas,2016-09-17,201609171135_Race,66,1,2,Dirk Mueller,2:55.690,1:32.756,49.543,33.391,69.6,2:55.690,,,0,17
2016,19_Circuit of the Americas,Circuit of the Americas,circuit-of-the-americas,2016-09-17,201609171135_Race,66,2,2,Dirk Mueller,2:07.078,45.783,48.177,33.118,96.3,5:02.768,127078,0,0,17
2016,19_Circuit of the Americas,Circuit of the Americas,circuit-of-the-americas,2016-09-17,201609171135_Race,66,3,2,Dirk Mueller,2:08.563,46.266,48.833,33.464,95.1,7:11.331,128563,0,0,17
2016,19_Circuit of the Americas,Circuit of the Americas,circuit-of-the-americas,2016-09-17,201609171135_Race,66,4,2,Dirk Mueller,2:07.301,46.018,48.136,33.147,96.1,9:18.632,127301,0,0,17
2016,19_Circuit of the Americas,Circuit of the Americas,circuit-of-the-americas,2016-09-17,201609171135_Race,66,5,2,Dirk Mueller,2:08.780,47.435,48.154,33.191,95.0,11:27.412,128780,0,0,17
2016,19_Circuit of the Americas,Circuit of the Americas,circuit-of-the-americas,2016-09-17,201609171135_Race,66,6,2,Dirk Mueller,2:08.396,46.708,47.769,33.919,95.3,13:35.808,128396,0,0,17
2016,19_Circuit of the Americas,Circuit of the Americas,circuit-of-the-americas,2016-09-17,201609171135_Race,66,7,2,Dirk Mueller,2:08.314,46.321,48.361,33.632,95.3,15:44.122,128314,0,0,17
2016,19_Circuit of the Americas,Circuit of the Americas,circuit-of-the-americas,2016-09-17,201609171135_Race,66,8,2,Dirk Mueller,2:07.745,46.094,48.194,33.457,95.8,17:51.867,127745,0,0,17
2016,19_Circuit of the Americas,Circuit of the Americas,circuit-of-the-americas,2016-09-17,201609171135_Race,66,9,2,Dirk Mueller,2:06.799,45.656,47.987,33.156,96.5,19:58.666,126799,0,0,17
2016,19_Circuit of the Americas,Circuit of the Americas,circuit-of-the-americas,2016-09-17,201609171135_Race,66,10,2,Dirk Mueller,2:06.669,45.586,47.926,33.157,96.6,22:05.335,126669,0,0,17
2016,19_Circuit of the Americas,Circuit of the Americas,circuit-of-the-americas,2016-09-17,201609171135_Race,66,11,2,Dirk Mueller,2:07.630,45.943,48.502,33.185,95.8,24:12.965,127630,0,0,17
2016,19_Circuit of the Americas,Circuit of the Americas,circuit-of-the-americas,2016-09-17,201609171135_Race,66,12,2,Dirk Mueller,2:06.614,45.715,47.745,33.154,96.6,26:19.579,126614,0,0,17
2016,19_Circuit of the Americas,Circuit of the Americas,circuit-of-the-americas,2016-09-17,201609171135_Race,66,13,2,Dirk Mueller,2:07.506,46.183,47.963,33.360,96.0,28:27.085,127506,0,0,17
2016,19_Circuit of the Americas,Circuit of the Americas,circuit-of-the-americas,2016-09-17,201609171135_Race,66,14,2,Dirk Mueller,2:08.222,47.121,48.011,33.090,95.4,30:35.307,128222,0,0,17
2016,19_Circuit of the Americas,Circuit of the Americas,circuit-of-the-americas,2016-09-17,201609171135_Race,66,15,2,Dirk Mueller,2:06.956,45.508,47.885,33.563,96.4,32:42.263,126956,0,0,17
2016,19_Circuit of the Americas,Circuit of the Americas,circuit-of-the-americas,2016-09-17,201609171135_Race,66,16,2,Dirk Mueller,2:08.596,45.895,48.969,33.732,95.1,34:50.859,128596,0,0,17
2016,19_Circuit of the Americas,Circuit of the Americas,circuit-of-the-americas,2016-09-17,201609171135_Race,66,17,2,Dirk Mueller,2:13.762,48.197,51.055,34.510,91.5,37:04.621,133762,0,0,17
2016,19_Circuit of the Americas,Circuit of the Americas,circuit-of-the-americas,2016-09-17,201609171135_Race,66,18,2,Dirk Mueller,2:29.559,1:04.827,50.160,34.572,81.8,39:34.180,149559,0,0,17
2016,19_Circuit of the Americas,Circuit of the Americas,circuit-of-the-americas,2016-09-17,201609171135_Race,66,19,2,Dirk Mueller,2:10.266,47.679,48.618,33.969,93.9,41:44.446,130266,0,0,17
2016,19_Circuit of the Americas,Circuit of the Americas,circuit-of-the-americas,2016-09-17,201609171135_Race,66,20,2,Dirk Mueller,3:21.593,49.730,1:12.999,1:18.864,60.7,45:06.039,201593,0,1,17
2016,19_Circuit of the Americas,Circuit of the Americas,circuit-of-the-americas,2016-09-17,201609171135_Race,66,21,1,Joey Hand,2:58.200,1:00.385,1:10.448,47.367,68.6,48:04.239,178200,0,0,17
2016,19_Circuit of the Americas,Circuit of the Americas,circuit-of-the-americas,2016-09-17,201609171135_Race,66,22,1,Joey Hand,2:56.407,1:06.163,1:15.812,34.432,69.4,51:00.646,176407,0,0,17
2016,19_Circuit of the Americas,Circuit of the Americas,circuit-of-the-americas,2016-09-17,201609171135_Race,66,23,1,Joey Hand,2:16.578,46.695,48.560,41.323,89.6,53:17.224,136578,0,0,17
2016,19_Circuit of the Americas,Circuit of the Americas,circuit-of-the-americas,2016-09-17,201609171135_Race,66,24,1,Joey Hand,3:23.083,1:03.023,1:28.990,51.070,60.2,56:40.307,203083,0,0,17
2016,19_Circuit of the Americas,Circuit of the Americas,circuit-of-the-americas,2016-09-17,201609171135_Race,66,25,1,Joey Hand,2:54.524,1:03.971,1:16.258,34.295,70.1,59:34.831,174524,0,0,17
2016,19_Circuit of the Americas,Circuit of the Americas,circuit-of-the-americas,2016-09-17,201609171135_Race,66,26,1,Joey Hand,2:09.080,47.249,48.463,33.368,94.8,1:01:43.911,129080,0,0,17
2016,19_Circuit of the Americas,Circuit of the Americas,circuit-of-the-americas,2016-09-17,201609171135_Race,66,27,1,Joey Hand,2:07.180,46.307,47.662,33.211,96.2,1:03:51.091,127180,0,0,17
2016,19_Circuit of the Americas,Circuit of the Americas,circuit-of-the-americas,2016-09-17,201609171135_Race,66,28,1,Joey Hand,2:06.095,45.569,47.609,32.917,97.0,1:05:57.186,126095,0,0,17
2016,19_Circuit of the Americas,Circuit of the Americas,circuit-of-the-americas,2016-09-17,201609171135_Race,66,29,1,Joey Hand,2:06.366,45.556,47.561,33.249,96.8,1:08:03.552,126366,0,0,17
2016,19_Circuit of the Americas,Circuit of the Americas,circuit-of-the-americas,2016-09-17,201609171135_Race,66,30,1,Joey Hand,2:06.668,45.588,47.695,33.385,96.6,1:10:10.220,126668,0,0,17
2016,19_Circuit of the Americas,Circuit of the Americas,circuit-of-the-americas,2016-09-17,201609171135_Race,66,31,1,Joey Hand,2:06.956,45.940,47.611,33.405,96.4,1:12:17.176,126956,0,0,17
2016,19_Circuit of the Americas,Circuit of the Americas,circuit-of-the-americas,2016-09-17,201609171135_Race,66,32,1,Joey Hand,2:06.979,45.879,47.713,33.387,96.3,1:14:24.155,126979,0,0,17
2016,19_Circuit of the Americas,Circuit of the Americas,circuit-of-the-americas,2016-09-17,201609171135_Race,66,33,1,Joey Hand,2:08.565,46.039,48.186,34.340,95.1,1:16:32.720,128565,0,0,17
2016,19_Circuit of the Americas,Circuit of the Americas,circuit-of-the-americas,2016-09-17,201609171135_Race,66,34,1,Joey Hand,2:07.992,46.432,48.028,33.532,95.6,1:18:40.712,127992,0,0,17
2016,19_Circuit of the Americas,Circuit of the Americas,circuit-of-the-americas,2016-09-17,201609171135_Race,66,35,1,Joey Hand,2:08.590,45.981,48.038,34.571,95.1,1:20:49.302,128590,0,0,17
2016,19_Circuit of the Americas,Circuit of the Americas,circuit-of-the-americas,2016-09-17,201609171135_Race,66,36,1,Joey Hand,2:07.389,46.050,47.745,33.594,96.0,1:22:56.691,127389,0,0,17
2016,19_Circuit of the Americas,Circuit of the Americas,circuit-of-the-americas,2016-09-17,201609171135_Race,66,37,1,Joey Hand,2:07.399,46.094,47.678,33.627,96.0,1:25:04.090,127399,0,0,17
2016,19_Circuit of the Americas,Circuit of the Americas,circuit-of-the-americas,2016-09-17,201609171135_Race,66,38,1,Joey Hand,2:07.454,46.231,47.803,33.420,96.0,1:27:11.544,127454,0,0,17
2016,19_Circuit of the Americas,Circuit of the Americas,circuit-of-the-americas,2016-09-17,201609171135_Race,66,39,1,Joey Hand,2:07.846,46.216,48.050,33.580,95.7,1:29:19.390,127846,0,0,17
2016,19_Circuit of the Americas,Circuit of the Americas,circuit-of-the-americas,2016-09-17,201609171135_Race,66,40,1,Joey Hand,2:07.473,46.181,47.854,33.438,96.0,1:31:26.863,127473,0,0,17
2016,19_Circuit of the Americas,Circuit of the Americas,circuit-of-the-americas,2016-09-17,201609171135_Race,66,41,1,Joey Hand,2:08.101,46.296,48.098,33.707,95.5,1:33:34.964,128101,0,0,17
2016,19_Circuit of the Americas,Circuit of the Americas,circuit-of-the-americas,2016-09-17,201609171135_Race,66,42,1,Joey Hand,2:09.225,46.731,48.974,33.520,94.6,1:35:44.189,129225,0,0,17
2016,19_Circuit of the Americas,Circuit of the Americas,circuit-of-the-americas,2016-09-17,201609171135_Race,66,43,1,Joey Hand,2:09.488,46.471,49.322,33.695,94.5,1:37:53.677,129488,0,0,17
2016,19_Circuit of the Americas,Circuit of the Americas,circuit-of-the-americas,2016-09-17,201609171135_Race,66,44,1,Joey Hand,2:50.327,46.822,48.583,1:14.922,71.8,1:40:44.004,170327,0,1,17
2016,19_Circuit of the Americas,Circuit of the Americas,circuit-of-the-americas,2016-09-17,201609171135_Race,66,45,1,Joey Hand,2:19.348,56.637,48.396,34.315,87.8,1:43:03.352,139348,0,0,17
2016,19_Circuit of the Americas,Circuit of the Americas,circuit-of-the-americas,2016-09-17,201609171135_Race,66,46,1,Joey Hand,2:07.179,46.380,47.578,33.221,96.2,1:45:10.531,127179,0,0,17
2016,19_Circuit of the Americas,Circuit of the Americas,circuit-of-the-americas,2016-09-17,201609171135_Race,66,47,1,Joey Hand,2:08.563,46.086,48.721,33.756,95.1,1:47:19.094,128563,0,0,17
2016,19_Circuit of the Americas,Circuit of the Americas,circuit-of-the-americas,2016-09-17,201609171135_Race,66,48,1,Joey Hand,2:07.068,46.281,47.648,33.139,96.3,1:49:26.162,127068,0,0,17
2016,19_Circuit of the Americas,Circuit of the Americas,circuit-of-the-americas,2016-09-17,201609171135_Race,66,49,1,Joey Hand,2:06.512,45.784,47.518,33.210,96.7,1:51:32.674,126512,0,0,17
2016,19_Circuit of the Americas,Circuit of the Americas,circuit-of-the-americas,2016-09-17,201609171135_Race,66,50,1,Joey Hand,2:06.594,45.805,47.721,33.068,96.6,1:53:39.268,126594,0,0,17
2016,19_Circuit of the Americas,Circuit of the Americas,circuit-of-the-americas,2016-09-17,201609171135_Race,66,51,1,Joey Hand,2:06.987,45.957,47.648,33.382,96.3,1:55:46.255,126987,0,0,17
2016,19_Circuit of the Americas,Circuit of the Americas,circuit-of-the-americas,2016-09-17,201609171135_Race,66,52,1,Joey Hand,2:06.965,46.118,47.465,33.382,96.3,1:57:53.220,126965,0,0,17
2016,19_Circuit of the Americas,Circuit of the Americas,circuit-of-the-americas,2016-09-17,201609171135_Race,66,53,1,Joey Hand,2:06.985,45.963,47.618,33.404,96.3,2:00:00.205,126985,0,0,17
2016,19_Circuit of the Americas,Circuit of the Americas,circuit-of-the-americas,2016-09-17,201609171135_Race,66,54,1,Joey Hand,2:07.708,46.585,47.767,33.356,95.8,2:02:07.913,127708,0,0,17
2016,19_Circuit of the Americas,Circuit of the Americas,circuit-of-the-americas,2016-09-17,201609171135_Race,66,55,1,Joey Hand,2:06.313,45.784,47.441,33.088,96.8,2:04:14.226,126313,0,0,17
2016,19_Circuit of the Americas,Circuit of the Americas,circuit-of-the-americas,2016-09-17,201609171135_Race,66,56,1,Joey Hand,2:06.358,45.749,47.524,33.085,96.8,2:06:20.584,126358,0,0,17
2016,19_Circuit of the Americas,Circuit of the Americas,circuit-of-the-americas,2016-09-17,201609171135_Race,66,57,1,Joey Hand,2:07.485,46.214,47.825,33.446,96.0,2:08:28.069,127485,0,0,18
2016,19_Circuit of the Americas,Circuit of the Americas,circuit-of-the-americas,2016-09-17,201609171135_Race,66,58,1,Joey Hand,2:08.581,46.899,47.797,33.885,95.1,2:10:36.650,128581,0,0,18
2016,19_Circuit of the Americas,Circuit of the Americas,circuit-of-the-americas,2016-09-17,201609171135_Race,66,59,1,Joey Hand,2:07.647,46.546,47.637,33.464,95.8,2:12:44.297,127647,0,0,18
2016,19_Circuit of the Americas,Circuit of the Americas,circuit-of-the-americas,2016-09-17,201609171135_Race,66,60,1,Joey Hand,2:06.932,45.858,47.705,33.369,96.4,2:14:51.229,126932,0,0,18
2016,19_Circuit of the Americas,Circuit of the Americas,circuit-of-the-americas,2016-09-17,201609171135_Race,66,61,1,Joey Hand,2:08.176,46.336,48.062,33.778,95.5,2:16:59.405,128176,0,0,18
2016,19_Circuit of the Americas,Circuit of the Americas,circuit-of-the-americas,2016-09-17,201609171135_Race,66,62,1,Joey Hand,2:08.334,46.895,47.824,33.615,95.3,2:19:07.739,128334,0,0,18
2016,19_Circuit of the Americas,Circuit of the Americas,circuit-of-the-americas,2016-09-17,201609171135_Race,66,63,1,Joey Hand,2:07.491,46.013,47.935,33.543,96.0,2:21:15.230,127491,0,0,18
2016,19_Circuit of the Americas,Circuit of the Americas,circuit-of-the-americas,2016-09-17,201609171135_Race,66,64,1,Joey Hand,2:07.354,46.176,47.785,33.393,96.1,2:23:22.584,127354,0,0,18
2016,19_Circuit of the Americas,Circuit of the Americas,circuit-of-the-americas,2016-09-17,201609171135_Race,66,65,1,Joey Hand,2:07.479,46.152,47.914,33.413,96.0,2:25:30.063,127479,0,0,18
2016,19_Circuit of the Americas,Circuit of the Americas,circuit-of-the-americas,2016-09-17,201609171135_Race,66,66,1,Joey Hand,2:10.048,46.566,48.894,34.588,94.1,2:27:40.111,130048,0,0,18
2016,19_Circuit of the Americas,Circuit of the Americas,circuit-of-the-americas,2016-09-17,201609171135_Race,66,67,1,Joey Hand,2:07.175,46.255,47.599,33.321,96.2,2:29:47.286,127175,0,0,18
2016,19_Circuit of the Americas,Circuit of the Americas,circuit-of-the-americas,2016-09-17,201609171135_Race,66,68,1,Joey Hand,2:07.497,46.076,48.068,33.353,96.0,2:31:54.783,127497,0,0,18
2016,19_Circuit of the Americas,Circuit of the Americas,circuit-of-the-americas,2016-09-17,201609171135_Race,66,69,1,Joey Hand,2:09.078,46.541,48.812,33.725,94.8,2:34:03.861,129078,0,0,18
2016,19_Circuit of the Americas,Circuit of the Americas,circuit-of-the-americas,2016-09-17,201609171135_Race,66,70,1,Joey Hand,2:09.805,47.585,48.532,33.688,94.3,2:36:13.666,129805,0,0,18
2016,19_Circuit of the Americas,Circuit of the Americas,circuit-of-the-americas,2016-09-17,201609171135_Race,66,71,1,Joey Hand,2:09.032,46.968,48.523,33.541,94.8,2:38:22.698,129032,0,0,18
2016,19_Circuit of the Americas,Circuit of the Americas,circuit-of-the-americas,2016-09-17,201609171135_Race,66,72,1,Joey Hand,2:08.263,46.379,48.246,33.638,95.4,2:40:30.961,128263,0,0,18
2016,19_Circuit of the Americas,Circuit of the Americas,circuit-of-the-americas,2016-09-17,201609171135_Race,66,73,1,Joey Hand,2:09.660,47.021,48.715,33.924,94.3,2:42:40.621,129660,0,0,18
2016,19_Circuit of the Americas,Circuit of the Americas,circuit-of-the-americas,2016-09-17,201609171135_Race,67,1,1,Ryan Briscoe,2:32.876,1:11.631,47.888,33.357,80.0,2:32.876,,,0,18
2016,19_Circuit of the Americas,Circuit of the Americas,circuit-of-the-americas,2016-09-17,201609171135_Race,67,2,1,Ryan Briscoe,2:06.077,45.516,47.457,33.104,97.0,4:38.953,126077,0,0,18
2016,19_Circuit of the Americas,Circuit of the Americas,circuit-of-the-americas,2016-09-17,201609171135_Race,67,3,1,Ryan Briscoe,2:05.874,45.557,47.320,32.997,97.2,6:44.827,125874,0,0,18
2016,19_Circuit of the Americas,Circuit of the Americas,circuit-of-the-americas,2016-09-17,201609171135_Race,67,4,1,Ryan Briscoe,2:05.737,45.487,47.328,32.922,97.3,8:50.564,125737,0,0,18
2016,19_Circuit of the Americas,Circuit of the Americas,circuit-of-the-americas,2016-09-17,201609171135_Race,67,5,1,Ryan Briscoe,2:06.189,45.564,47.440,33.185,96.9,10:56.753,126189,0,0,18
2016,19_Circuit of the Americas,Circuit of the Americas,circuit-of-the-americas,2016-09-17,201609171135_Race,67,6,1,Ryan Briscoe,2:06.291,45.542,47.771,32.978,96.9,13:03.044,126291,0,0,18
2016,19_Circuit of the Americas,Circuit of the Americas,circuit-of-the-americas,2016-09-17,201609171135_Race,67,7,1,Ryan Briscoe,2:05.777,45.571,47.240,32.966,97.3,15:08.821,125777,0,0,18
2016,19_Circuit of the Americas,Circuit of the Americas,circuit-of-the-americas,2016-09-17,201609171135_Race,67,8,1,Ryan Briscoe,2:05.942,45.572,47.379,32.991,97.1,17:14.763,125942,0,0,18
2016,19_Circuit of the Americas,Circuit of the Americas,circuit-of-the-americas,2016-09-17,201609171135_Race,67,9,1,Ryan Briscoe,2:06.630,45.655,47.775,33.200,96.6,19:21.393,126630,0,0,18
2016,19_Circuit of the Americas,Circuit of the Americas,circuit-of-the-americas,2016-09-17,201609171135_Race,67,10,1,Ryan Briscoe,2:06.607,45.835,47.606,33.166,96.6,21:28.000,126607,0,0,18
2016,19_Circuit of the Americas,Circuit of the Americas,circuit-of-the-americas,2016-09-17,201609171135_Race,67,11,1,Ryan Briscoe,2:06.306,45.532,47.604,33.170,96.9,23:34.306,126306,0,0,18
2016,19_Circuit of the Americas,Circuit of the Americas,circuit-of-the-americas,2016-09-17,201609171135_Race,67,12,1,Ryan Briscoe,2:06.379,45.658,47.709,33.012,96.8,25:40.685,126379,0,0,18
2016,19_Circuit of the Americas,Circuit of the Americas,circuit-of-the-americas,2016-09-17,201609171135_Race,67,13,1,Ryan Briscoe,2:05.945,45.631,47.436,32.878,97.1,27:46.630,125945,0,0,18
2016,19_Circuit of the Americas,Circuit of the Americas,circuit-of-the-americas,2016-09-17,201609171135_Race,67,14,1,Ryan Briscoe,2:06.725,45.813,47.679,33.233,96.5,29:53.355,126725,0,0,18
2016,19_Circuit of the Americas,Circuit of the Americas,circuit-of-the-americas,2016-09-17,201609171135_Race,67,15,1,Ryan Briscoe,2:06.113,45.573,47.479,33.061,97.0,31:59.468,126113,0,0,18
2016,19_Circuit of the Americas,Circuit of the Americas,circuit-of-the-americas,2016-09-17,201609171135_Race,67,16,1,Ryan Briscoe,2:06.496,45.724,47.753,33.019,96.7,34:05.964,126496,0,0,18
2016,19_Circuit of the Americas,Circuit of the Americas,circuit-of-the-americas,2016-09-17,201609171135_Race,67,17,1,Ryan Briscoe,2:16.141,45.747,54.621,35.773,89.9,36:22.105,136141,0,0,18
2016,19_Circuit of the Americas,Circuit of the Americas,circuit-of-the-americas,2016-09-17,201609171135_Race,67,18,1,Ryan Briscoe,2:16.904,50.879,52.019,34.006,89.4,38:39.009,136904,0,0,18
2016,19_Circuit of the Americas,Circuit of the Americas,circuit-of-the-americas,2016-09-17,201609171135_Race,67,19,1,Ryan Briscoe,2:15.069,48.734,51.115,35.220,90.5,40:54.078,135069,0,0,18
2016,19_Circuit of the Americas,Circuit of the Americas,circuit-of-the-americas,2016-09-17,201609171135_Race,67,20,1,Ryan Briscoe,3:49.395,1:03.854,1:21.227,1:24.314,53.3,44:43.473,229395,0,1,18
2016,19_Circuit of the Americas,Circuit of the Americas,circuit-of-the-americas,2016-09-17,201609171135_Race,67,21,1,Ryan Briscoe,3:13.459,1:04.142,1:20.464,48.853,63.2,47:56.932,193459,0,0,18
2016,19_Circuit of the Americas,Circuit of the Americas,circuit-of-the-americas,2016-09-17,201609171135_Race,67,22,1,Ryan Briscoe,2:55.805,1:06.078,1:15.991,33.736,69.5,50:52.737,175805,0,0,18
2016,19_Circuit of the Americas,Circuit of the Americas,circuit-of-the-americas,2016-09-17,201609171135_Race,67,23,1,Ryan Briscoe,2:15.199,46.321,49.940,38.938,90.5,53:07.936,135199,0,0,18
2016,19_Circuit of the Americas,Circuit of the Americas,circuit-of-the-americas,2016-09-17,201609171135_Race,67,24,1,Ryan Briscoe,3:25.284,1:05.934,1:26.926,52.424,59.6,56:33.220,205284,0,0,18
2016,19_Circuit of the Americas,Circuit of the Americas,circuit-of-the-americas,2016-09-17,201609171135_Race,67,25,1,Ryan Briscoe,2:55.630,1:04.668,1:16.575,34.387,69.7,59:28.850,175630,0,0,18
2016,19_Circuit of the Americas,Circuit of the Americas,circuit-of-the-americas,2016-09-17,201609171135_Race,67,26,1,Ryan Briscoe,2:08.797,46.757,48.727,33.313,95.0,1:01:37.647,128797,0,0,18
2016,19_Circuit of the Americas,Circuit of the Americas,circuit-of-the-americas,2016-09-17,201609171135_Race,67,27,1,Ryan Briscoe,2:05.289,45.409,47.054,32.826,97.6,1:03:42.936,125289,0,0,18
2016,19_Circuit of the Americas,Circuit of the Americas,circuit-of-the-americas,2016-09-17,201609171135_Race,67,28,1,Ryan Briscoe,2:05.005,45.113,47.141,32.751,97.9,1:05:47.941,125005,0,0,18
2016,19_Circuit of the Americas,Circuit of the Americas,circuit-of-the-americas,2016-09-17,201609171135_Race,67,29,1,Ryan Briscoe,2:05.428,45.069,47.593,32.766,97.5,1:07:53.369,125428,0,0,18
2016,19_Circuit of the Americas,Circuit of the Americas,circuit-of-the-americas,2016-09-17,201609171135_Race,67,30,1,Ryan Briscoe,2:04.879,45.022,47.021,32.836,97.9,1:09:58.248,124879,0,0,18
2016,19_Circuit of the Americas,Circuit of the Americas,circuit-of-the-americas,2016-09-17,201609171135_Race,67,31,1,Ryan Briscoe,2:05.562,45.412,47.187,32.963,97.4,1:12:03.810,125562,0,0,18
2016,19_Circuit of the Americas,Circuit of the Americas,circuit-of-the-americas,2016-09-17,201609171135_Race,67,32,1,Ryan Briscoe,2:06.403,45.774,47.657,32.972,96.8,1:14:10.213,126403,0,0,18
2016,19_Circuit of the Americas,Circuit of the Americas,circuit-of-the-americas,2016-09-17,201609171135_Race,67,33,1,Ryan Briscoe,2:06.125,45.549,47.326,33.250,97.0,1:16:16.338,126125,0,0,18
2016,19_Circuit of the Americas,Circuit of the Americas,circuit-of-the-americas,2016-09-17,201609171135_Race,67,34,1,Ryan Briscoe,28:22.493,45.877,1:01.099,,7.2,1:44:38.831,1702493,0,1,18
2016,19_Circuit of the Americas,Circuit of the Americas,circuit-of-the-americas,2016-09-17,201609171135_Race,67,35,2,Richard Westbrook,2:19.697,56.957,49.239,33.501,87.6,1:46:58.528,139697,0,0,18
2016,19_Circuit of the Americas,Circuit of the Americas,circuit-of-the-americas,2016-09-17,201609171135_Race,67,36,2,Richard Westbrook,2:53.273,46.035,48.631,1:18.607,70.6,1:49:51.801,173273,0,1,18
2016,19_Circuit of the Americas,Circuit of the Americas,circuit-of-the-americas,2016-09-17,201609171135_Race,67,37,2,Richard Westbrook,2:15.414,54.602,47.787,33.025,90.4,1:52:07.215,135414,0,0,18
2016,19_Circuit of the Americas,Circuit of the Americas,circuit-of-the-americas,2016-09-17,201609171135_Race,67,38,2,Richard Westbrook,2:05.647,45.391,47.326,32.930,97.4,1:54:12.862,125647,0,0,18
2016,19_Circuit of the Americas,Circuit of the Americas,circuit-of-the-americas,2016-09-17,201609171135_Race,67,39,2,Richard Westbrook,2:06.561,45.688,47.442,33.431,96.6,1:56:19.423,126561,0,0,18
2016,19_Circuit of the Americas,Circuit of the Americas,circuit-of-the-americas,2016-09-17,201609171135_Race,67,40,2,Richard Westbrook,2:07.047,46.308,47.766,32.973,96.3,1:58:26.470,127047,0,0,18
2016,19_Circuit of the Americas,Circuit of the Americas,circuit-of-the-americas,2016-09-17,201609171135_Race,67,41,2,Richard Westbrook,2:05.845,45.531,47.367,32.947,97.2,2:00:32.315,125845,0,0,18
2016,19_Circuit of the Americas,Circuit of the Americas,circuit-of-the-americas,2016-09-17,201609171135_Race,67,42,2,Richard Westbrook,2:06.853,46.132,47.311,33.410,96.4,2:02:39.168,126853,0,0,18
2016,19_Circuit of the Americas,Circuit of the Americas,circuit-of-the-americas,2016-09-17,201609171135_Race,67,43,2,Richard Westbrook,2:07.293,45.707,47.781,33.805,96.1,2:04:46.461,127293,0,0,18
2016,19_Circuit of the Americas,Circuit of the Americas,circuit-of-the-americas,2016-09-17,201609171135_Race,67,44,2,Richard Westbrook,2:07.491,45.862,48.602,33.027,96.0,2:06:53.952,127491,0,0,18
2016,19_Circuit of the Americas,Circuit of the Americas,circuit-of-the-americas,2016-09-17,201609171135_Race,67,45,2,Richard Westbrook,2:07.441,45.805,47.771,33.865,96.0,2:09:01.393,127441,0,0,18
2016,19_Circuit of the Americas,Circuit of the Americas,circuit-of-the-americas,2016-09-17,201609171135_Race,67,46,2,Richard Westbrook,2:06.783,45.912,47.744,33.127,96.5,2:11:08.176,126783,0,0,18
2016,19_Circuit of the Americas,Circuit of the Americas,circuit-of-the-americas,2016-09-17,201609171135_Race,67,47,2,Richard Westbrook,2:06.509,45.915,47.448,33.146,96.7,2:13:14.685,126509,0,0,18
2016,19_Circuit of the Americas,Circuit of the Americas,circuit-of-the-americas,2016-09-17,201609171135_Race,67,48,2,Richard Westbrook,2:06.619,45.840,47.660,33.119,96.6,2:15:21.304,126619,0,0,18
2016,19_Circuit of the Americas,Circuit of the Americas,circuit-of-the-americas,2016-09-17,201609171135_Race,67,49,2,Richard Westbrook,2:07.737,46.628,47.900,33.209,95.8,2:17:29.041,127737,0,0,18
2016,19_Circuit of the Americas,Circuit of the Americas,circuit-of-the-americas,2016-09-17,201609171135_Race,67,50,2,Richard Westbrook,2:08.064,46.008,48.797,33.259,95.5,2:19:37.105,128064,0,0,18
2016,19_Circuit of the Americas,Circuit of the Americas,circuit-of-the-americas,2016-09-17,201609171135_Race,67,51,2,Richard Westbrook,2:07.209,45.964,47.451,33.794,96.2,2:21:44.314,127209,0,0,18
2016,19_Circuit of the Americas,Circuit of the Americas,circuit-of-the-americas,2016-09-17,201609171135_Race,67,52,2,Richard Westbrook,2:07.433,46.047,48.197,33.189,96.0,2:23:51.747,127433,0,0,18
2016,19_Circuit of the Americas,Circuit of the Americas,circuit-of-the-americas,2016-09-17,201609171135_Race,67,53,2,Richard Westbrook,2:08.512,46.036,48.979,33.497,95.2,2:26:00.259,128512,0,0,18
2016,19_Circuit of the Americas,Circuit of the Americas,circuit-of-the-americas,2016-09-17,201609171135_Race,67,54,2,Richard Westbrook,2:47.495,46.160,48.066,1:13.269,73.0,2:28:47.754,167495,0,1,18
2016,19_Circuit of the Americas,Circuit of the Americas,circuit-of-the-americas,2016-09-17,201609171135_Race,67,55,2,Richard Westbrook,2:19.186,57.270,48.362,33.554,87.9,2:31:06.940,139186,0,0,18
2016,19_Circuit of the Americas,Circuit of the Americas,circuit-of-the-americas,2016-09-17,201609171135_Race,67,56,2,Richard Westbrook,2:06.330,46.192,47.308,32.830,96.8,2:33:13.270,126330,0,0,18
2016,19_Circuit of the Americas,Circuit of the Americas,circuit-of-the-americas,2016-09-17,201609171135_Race,67,57,2,Richard Westbrook,2:06.671,46.178,47.247,33.246,96.6,2:35:19.941,126671,0,0,18
2016,19_Circuit of the Americas,Circuit of the Americas,circuit-of-the-americas,2016-09-17,201609171135_Race,67,58,2,Richard Westbrook,2:05.996,45.905,47.303,32.788,97.1,2:37:25.937,125996,0,0,18
2016,19_Circuit of the Americas,Circuit of the Americas,circuit-of-the-americas,2016-09-17,201609171135_Race,67,59,2,Richard Westbrook,2:07.230,46.908,47.533,32.789,96.1,2:39:33.167,127230,0,0,18
2016,19_Circuit of the Americas,Circuit of the Americas,circuit-of-the-americas,2016-09-17,201609171135_Race,67,60,2,Richard Westbrook,2:06.778,46.250,47.507,33.021,96.5,2:41:39.945,126778,0,0,18
2016,19_Circuit of the Americas,Circuit of the Americas,circuit-of-the-americas,2016-09-17,201609171135_Race,67,61,2,Richard Westbrook,2:06.582,45.411,47.618,33.553,96.6,2:43:46.527,126582,0,0,18
2016,19_Circuit of the Americas,Circuit of the Americas,circuit-of-the-americas,2016-09-17,201609171135_Race,70,1,2,Joel Miller,2:03.070,45.236,46.460,31.374,99.4,2:03.070,,,0,18
2016,19_Circuit of the Americas,Circuit of the Americas,circuit-of-the-americas,2016-09-17,201609171135_Race,70,2,2,Joel Miller,2:00.811,43.438,46.069,31.304,101.3,4:03.881,120811,0,0,18
2016,19_Circuit of the Americas,Circuit of the Americas,circuit-of-the-americas,2016-09-17,201609171135_Race,70,3,2,Joel Miller,2:00.657,43.491,46.030,31.136,101.4,6:04.538,120657,0,0,18
2016,19_Circuit of the Americas,Circuit of the Americas,circuit-of-the-americas,2016-09-17,201609171135_Race,70,4,2,Joel Miller,2:00.367,43.278,46.028,31.061,101.7,8:04.905,120367,0,0,18
2016,19_Circuit of the Americas,Circuit of the Americas,circuit-of-the-americas,2016-09-17,201609171135_Race,70,5,2,Joel Miller,2:00.248,43.310,45.861,31.077,101.7,10:05.153,120248,0,0,18
2016,19_Circuit of the Americas,Circuit of the Americas,circuit-of-the-americas,2016-09-17,201609171135_Race,70,6,2,Joel Miller,2:00.607,43.376,46.170,31.061,101.4,12:05.760,120607,0,0,18
2016,19_Circuit of the Americas,Circuit of the Americas,circuit-of-the-americas,2016-09-17,201609171135_Race,70,7,2,Joel Miller,2:00.701,43.431,46.125,31.145,101.4,14:06.461,120701,0,0,18
2016,19_Circuit of the Americas,Circuit of the Americas,circuit-of-the-americas,2016-09-17,201609171135_Race,70,8,2,Joel Miller,2:01.434,43.618,46.200,31.616,100.7,16:07.895,121434,0,0,18
2016,19_Circuit of the Americas,Circuit of the Americas,circuit-of-the-americas,2016-09-17,201609171135_Race,70,9,2,Joel Miller,2:03.394,44.142,46.917,32.335,99.1,18:11.289,123394,0,0,18
2016,19_Circuit of the Americas,Circuit of the Americas,circuit-of-the-americas,2016-09-17,201609171135_Race,70,10,2,Joel Miller,2:03.162,44.686,46.531,31.945,99.3,20:14.451,123162,0,0,18
2016,19_Circuit of the Americas,Circuit of the Americas,circuit-of-the-americas,2016-09-17,201609171135_Race,70,11,2,Joel Miller,2:04.557,44.911,47.102,32.544,98.2,22:19.008,124557,0,0,18
2016,19_Circuit of the Americas,Circuit of the Americas,circuit-of-the-americas,2016-09-17,201609171135_Race,70,12,2,Joel Miller,2:03.601,44.247,47.016,32.338,99.0,24:22.609,123601,0,0,18
2016,19_Circuit of the Americas,Circuit of the Americas,circuit-of-the-americas,2016-09-17,201609171135_Race,70,13,2,Joel Miller,2:02.263,43.698,46.706,31.859,100.1,26:24.872,122263,0,0,18
2016,19_Circuit of the Americas,Circuit of the Americas,circuit-of-the-americas,2016-09-17,201609171135_Race,70,14,2,Joel Miller,2:02.408,44.147,46.562,31.699,99.9,28:27.280,122408,0,0,18
2016,19_Circuit of the Americas,Circuit of the Americas,circuit-of-the-americas,2016-09-17,201609171135_Race,70,15,2,Joel Miller,2:03.294,45.336,46.510,31.448,99.2,30:30.574,123294,0,0,18
2016,19_Circuit of the Americas,Circuit of the Americas,circuit-of-the-americas,2016-09-17,201609171135_Race,70,16,2,Joel Miller,2:02.097,44.000,46.469,31.628,100.2,32:32.671,122097,0,0,18
2016,19_Circuit of the Americas,Circuit of the Americas,circuit-of-the-americas,2016-09-17,201609171135_Race,70,17,2,Joel Miller,2:02.849,44.394,46.827,31.628,99.6,34:35.520,122849,0,0,18
2016,19_Circuit of the Americas,Circuit of the Americas,circuit-of-the-americas,2016-09-17,201609171135_Race,70,18,2,Joel Miller,2:22.211,46.757,49.425,46.029,86.0,36:57.731,142211,0,0,18
2016,19_Circuit of the Americas,Circuit of the Americas,circuit-of-the-americas,2016-09-17,201609171135_Race,70,19,2,Joel Miller,4:09.751,1:12.407,1:24.783,1:32.561,49.0,41:07.482,249751,0,1,18
2016,19_Circuit of the Americas,Circuit of the Americas,circuit-of-the-americas,2016-09-17,201609171135_Race,70,20,1,Tom Long,3:10.003,1:03.496,1:23.813,42.694,64.4,44:17.485,190003,0,0,18
2016,19_Circuit of the Americas,Circuit of the Americas,circuit-of-the-americas,2016-09-17,201609171135_Race,70,21,1,Tom Long,3:19.436,1:08.648,1:21.383,49.405,61.3,47:36.921,199436,0,0,18
2016,19_Circuit of the Americas,Circuit of the Americas,circuit-of-the-americas,2016-09-17,201609171135_Race,70,22,1,Tom Long,3:03.826,1:09.983,1:14.210,39.633,66.6,50:40.747,183826,0,0,18
2016,19_Circuit of the Americas,Circuit of the Americas,circuit-of-the-americas,2016-09-17,201609171135_Race,70,23,1,Tom Long,2:14.523,46.466,46.886,41.171,90.9,52:55.270,134523,0,0,18
2016,19_Circuit of the Americas,Circuit of the Americas,circuit-of-the-americas,2016-09-17,201609171135_Race,70,24,1,Tom Long,3:22.030,1:07.184,1:21.810,53.036,60.5,56:17.300,202030,0,0,18
2016,19_Circuit of the Americas,Circuit of the Americas,circuit-of-the-americas,2016-09-17,201609171135_Race,70,25,1,Tom Long,2:56.398,1:04.419,1:12.267,39.712,69.4,59:13.698,176398,0,0,18
2016,19_Circuit of the Americas,Circuit of the Americas,circuit-of-the-americas,2016-09-17,201609171135_Race,70,26,1,Tom Long,2:03.419,45.664,46.455,31.300,99.1,1:01:17.117,123419,0,0,18
2016,19_Circuit of the Americas,Circuit of the Americas,circuit-of-the-americas,2016-09-17,201609171135_Race,70,27,1,Tom Long,2:01.501,43.737,46.434,31.330,100.7,1:03:18.618,121501,0,0,18
2016,19_Circuit of the Americas,Circuit of the Americas,circuit-of-the-americas,2016-09-17,201609171135_Race,70,28,1,Tom Long,2:01.247,43.667,46.277,31.303,100.9,1:05:19.865,121247,0,0,18
2016,19_Circuit of the Americas,Circuit of the Americas,circuit-of-the-americas,2016-09-17,201609171135_Race,70,29,1,Tom Long,2:01.114,43.786,46.186,31.142,101.0,1:07:20.979,121114,0,0,18
2016,19_Circuit of the Americas,Circuit of the Americas,circuit-of-the-americas,2016-09-17,201609171135_Race,70,30,1,Tom Long,2:01.018,43.706,46.021,31.291,101.1,1:09:21.997,121018,0,0,18
2016,19_Circuit of the Americas,Circuit of the Americas,circuit-of-the-americas,2016-09-17,201609171135_Race,70,31,1,Tom Long,2:01.619,44.248,46.048,31.323,100.6,1:11:23.616,121619,0,0,18
2016,19_Circuit of the Americas,Circuit of the Americas,circuit-of-the-americas,2016-09-17,201609171135_Race,70,32,1,Tom Long,2:02.237,44.253,46.583,31.401,100.1,1:13:25.853,122237,0,0,18
2016,19_Circuit of the Americas,Circuit of the Americas,circuit-of-the-americas,2016-09-17,201609171135_Race,70,33,1,Tom Long,2:02.062,44.093,46.481,31.488,100.2,1:15:27.915,122062,0,0,19
2016,19_Circuit of the Americas,Circuit of the Americas,circuit-of-the-americas,2016-09-17,201609171135_Race,70,34,1,Tom Long,2:02.364,44.202,46.560,31.602,100.0,1:17:30.279,122364,0,0,19
2016,19_Circuit of the Americas,Circuit of the Americas,circuit-of-the-americas,2016-09-17,201609171135_Race,70,35,1,Tom Long,2:02.355,44.066,46.804,31.485,100.0,1:19:32.634,122355,0,0,19
2016,19_Circuit of the Americas,Circuit of the Americas,circuit-of-the-americas,2016-09-17,201609171135_Race,70,36,1,Tom Long,2:04.364,44.286,47.082,32.996,98.4,1:21:36.998,124364,0,0,19
2016,19_Circuit of the Americas,Circuit of the Americas,circuit-of-the-americas,2016-09-17,201609171135_Race,70,37,1,Tom Long,2:04.654,45.662,47.262,31.730,98.1,1:23:41.652,124654,0,0,19
2016,19_Circuit of the Americas,Circuit of the Americas,circuit-of-the-americas,2016-09-17,201609171135_Race,70,38,1,Tom Long,2:02.940,44.513,46.699,31.728,99.5,1:25:44.592,122940,0,0,19
2016,19_Circuit of the Americas,Circuit of the Americas,circuit-of-the-americas,2016-09-17,201609171135_Race,70,39,1,Tom Long,2:02.962,44.433,46.765,31.764,99.5,1:27:47.554,122962,0,0,19
2016,19_Circuit of the Americas,Circuit of the Americas,circuit-of-the-americas,2016-09-17,201609171135_Race,70,40,1,Tom Long,2:04.211,45.881,46.603,31.727,98.5,1:29:51.765,124211,0,0,19
2016,19_Circuit of the Americas,Circuit of the Americas,circuit-of-the-americas,2016-09-17,201609171135_Race,70,41,1,Tom Long,2:03.038,44.649,46.986,31.403,99.4,1:31:54.803,123038,0,0,19
2016,19_Circuit of the Americas,Circuit of the Americas,circuit-of-the-americas,2016-09-17,201609171135_Race,70,42,1,Tom Long,2:02.759,44.378,46.459,31.922,99.7,1:33:57.562,122759,0,0,19
2016,19_Circuit of the Americas,Circuit of the Americas,circuit-of-the-americas,2016-09-17,201609171135_Race,70,43,1,Tom Long,2:02.707,44.480,46.635,31.592,99.7,1:36:00.269,122707,0,0,19
2016,19_Circuit of the Americas,Circuit of the Americas,circuit-of-the-americas,2016-09-17,201609171135_Race,70,44,1,Tom Long,2:02.493,44.363,46.531,31.599,99.9,1:38:02.762,122493,0,0,19
2016,19_Circuit of the Americas,Circuit of the Americas,circuit-of-the-americas,2016-09-17,201609171135_Race,70,45,1,Tom Long,2:02.620,44.132,46.579,31.909,99.7,1:40:05.382,122620,0,0,19
2016,19_Circuit of the Americas,Circuit of the Americas,circuit-of-the-americas,2016-09-17,201609171135_Race,70,46,1,Tom Long,2:51.005,46.756,47.162,1:17.087,71.5,1:42:56.387,171005,0,1,19
2016,19_Circuit of the Americas,Circuit of the Americas,circuit-of-the-americas,2016-09-17,201609171135_Race,70,47,2,Joel Miller,2:13.935,55.563,46.736,31.636,91.4,1:45:10.322,133935,0,0,19
2016,19_Circuit of the Americas,Circuit of the Americas,circuit-of-the-americas,2016-09-17,201609171135_Race,70,48,2,Joel Miller,2:02.444,44.392,46.570,31.482,99.9,1:47:12.766,122444,0,0,19
2016,19_Circuit of the Americas,Circuit of the Americas,circuit-of-the-americas,2016-09-17,201609171135_Race,70,49,2,Joel Miller,2:01.506,43.887,46.508,31.111,100.7,1:49:14.272,121506,0,0,19
2016,19_Circuit of the Americas,Circuit of the Americas,circuit-of-the-americas,2016-09-17,201609171135_Race,70,50,2,Joel Miller,2:01.643,43.459,46.627,31.557,100.5,1:51:15.915,121643,0,0,19
2016,19_Circuit of the Americas,Circuit of the Americas,circuit-of-the-americas,2016-09-17,201609171135_Race,70,51,2,Joel Miller,2:04.508,44.718,47.023,32.767,98.3,1:53:20.423,124508,0,0,19
2016,19_Circuit of the Americas,Circuit of the Americas,circuit-of-the-americas,2016-09-17,201609171135_Race,70,52,2,Joel Miller,2:02.272,44.222,46.679,31.371,100.1,1:55:22.695,122272,0,0,19
2016,19_Circuit of the Americas,Circuit of the Americas,circuit-of-the-americas,2016-09-17,201609171135_Race,70,53,2,Joel Miller,2:02.318,43.903,46.816,31.599,100.0,1:57:25.013,122318,0,0,19
2016,19_Circuit of the Americas,Circuit of the Americas,circuit-of-the-americas,2016-09-17,201609171135_Race,70,54,2,Joel Miller,2:02.794,44.147,46.604,32.043,99.6,1:59:27.807,122794,0,0,19
2016,19_Circuit of the Americas,Circuit of the Americas,circuit-of-the-americas,2016-09-17,201609171135_Race,70,55,2,Joel Miller,2:02.010,43.960,46.516,31.534,100.2,2:01:29.817,122010,0,0,19
2016,19_Circuit of the Americas,Circuit of the Americas,circuit-of-the-americas,2016-09-17,201609171135_Race,70,56,2,Joel Miller,2:02.458,44.172,46.568,31.718,99.9,2:03:32.275,122458,0,0,19
2016,19_Circuit of the Americas,Circuit of the Americas,circuit-of-the-americas,2016-09-17,201609171135_Race,70,57,2,Joel Miller,2:02.453,44.119,46.831,31.503,99.9,2:05:34.728,122453,0,0,19
2016,19_Circuit of the Americas,Circuit of the Americas,circuit-of-the-americas,2016-09-17,201609171135_Race,70,58,2,Joel Miller,2:18.663,1:00.056,47.012,31.595,88.2,2:07:53.391,138663,0,0,19
2016,19_Circuit of the Americas,Circuit of the Americas,circuit-of-the-americas,2016-09-17,201609171135_Race,70,59,2,Joel Miller,2:02.664,44.128,46.783,31.753,99.7,2:09:56.055,122664,0,0,19
2016,19_Circuit of the Americas,Circuit of the Americas,circuit-of-the-americas,2016-09-17,201609171135_Race,70,60,2,Joel Miller,2:02.857,44.212,46.752,31.893,99.6,2:11:58.912,122857,0,0,19
2016,19_Circuit of the Americas,Circuit of the Americas,circuit-of-the-americas,2016-09-17,201609171135_Race,70,61,2,Joel Miller,2:03.875,44.571,46.770,32.534,98.7,2:14:02.787,123875,0,0,19
2016,19_Circuit of the Americas,Circuit of the Americas,circuit-of-the-americas,2016-09-17,201609171135_Race,70,62,2,Joel Miller,2:04.455,44.705,47.328,32.422,98.3,2:16:07.242,124455,0,0,19
2016,19_Circuit of the Americas,Circuit of the Americas,circuit-of-the-americas,2016-09-17,201609171135_Race,70,63,2,Joel Miller,2:04.287,45.229,46.924,32.134,98.4,2:18:11.529,124287,0,0,19
2016,19_Circuit of the Americas,Circuit of the Americas,circuit-of-the-americas,2016-09-17,201609171135_Race,70,64,2,Joel Miller,2:03.852,44.466,47.346,32.040,98.7,2:20:15.381,123852,0,0,19
2016,19_Circuit of the Americas,Circuit of the Americas,circuit-of-the-americas,2016-09-17,201609171135_Race,70,65,2,Joel Miller,2:05.246,45.862,47.559,31.825,97.7,2:22:20.627,125246,0,0,19
2016,19_Circuit of the Americas,Circuit of the Americas,circuit-of-the-americas,2016-09-17,201609171135_Race,70,66,2,Joel Miller,2:02.526,44.111,46.506,31.909,99.9,2:24:23.153,122526,0,0,19
2016,19_Circuit of the Americas,Circuit of the Americas,circuit-of-the-americas,2016-09-17,201609171135_Race,70,67,2,Joel Miller,2:03.639,44.839,46.870,31.930,98.9,2:26:26.792,123639,0,0,19
2016,19_Circuit of the Americas,Circuit of the Americas,circuit-of-the-americas,2016-09-17,201609171135_Race,70,68,2,Joel Miller,2:02.385,43.985,46.642,31.758,100.0,2:28:29.177,122385,0,0,19
2016,19_Circuit of the Americas,Circuit of the Americas,circuit-of-the-americas,2016-09-17,201609171135_Race,70,69,2,Joel Miller,2:02.888,43.968,46.787,32.133,99.6,2:30:32.065,122888,0,0,19
2016,19_Circuit of the Americas,Circuit of the Americas,circuit-of-the-americas,2016-09-17,201609171135_Race,70,70,2,Joel Miller,2:37.312,44.393,46.731,1:06.188,77.7,2:33:09.377,157312,0,1,19
2016,19_Circuit of the Americas,Circuit of the Americas,circuit-of-the-americas,2016-09-17,201609171135_Race,70,71,2,Joel Miller,2:13.750,52.948,48.178,32.624,91.5,2:35:23.127,133750,0,0,19
2016,19_Circuit of the Americas,Circuit of the Americas,circuit-of-the-americas,2016-09-17,201609171135_Race,70,72,2,Joel Miller,2:03.630,44.669,46.925,32.036,98.9,2:37:26.757,123630,0,0,19
2016,19_Circuit of the Americas,Circuit of the Americas,circuit-of-the-americas,2016-09-17,201609171135_Race,70,73,2,Joel Miller,2:06.509,47.050,47.324,32.135,96.7,2:39:33.266,126509,0,0,19
2016,19_Circuit of the Americas,Circuit of the Americas,circuit-of-the-americas,2016-09-17,201609171135_Race,70,74,2,Joel Miller,2:03.938,44.577,47.093,32.268,98.7,2:41:37.204,123938,0,0,19
2016,19_Circuit of the Americas,Circuit of the Americas,circuit-of-the-americas,2016-09-17,201609171135_Race,70,75,2,Joel Miller,2:04.292,44.451,47.577,32.264,98.4,2:43:41.496,124292,0,0,19
2016,19_Circuit of the Americas,Circuit of the Americas,circuit-of-the-americas,2016-09-17,201609171135_Race,73,1,1,Patrick Lindsey,2:39.461,1:15.705,49.300,34.456,76.7,2:39.461,,,0,19
2016,19_Circuit of the Americas,Circuit of the Americas,circuit-of-the-americas,2016-09-17,201609171135_Race,73,2,1,Patrick Lindsey,2:11.090,47.248,49.002,34.840,93.3,4:50.551,131090,0,0,19
2016,19_Circuit of the Americas,Circuit of the Americas,circuit-of-the-americas,2016-09-17,201609171135_Race,73,3,1,Patrick Lindsey,2:10.518,47.368,48.654,34.496,93.7,7:01.069,130518,0,0,19
2016,19_Circuit of the Americas,Circuit of the Americas,circuit-of-the-americas,2016-09-17,201609171135_Race,73,4,1,Patrick Lindsey,2:10.082,47.056,48.745,34.281,94.0,9:11.151,130082,0,0,19
2016,19_Circuit of the Americas,Circuit of the Americas,circuit-of-the-americas,2016-09-17,201609171135_Race,73,5,1,Patrick Lindsey,2:10.007,47.119,48.768,34.120,94.1,11:21.158,130007,0,0,19
2016,19_Circuit of the Americas,Circuit of the Americas,circuit-of-the-americas,2016-09-17,201609171135_Race,73,6,1,Patrick Lindsey,2:10.346,47.202,48.888,34.256,93.8,13:31.504,130346,0,0,19
2016,19_Circuit of the Americas,Circuit of the Americas,circuit-of-the-americas,2016-09-17,201609171135_Race,73,7,1,Patrick Lindsey,2:10.358,47.158,48.839,34.361,93.8,15:41.862,130358,0,0,19
2016,19_Circuit of the Americas,Circuit of the Americas,circuit-of-the-americas,2016-09-17,201609171135_Race,73,8,1,Patrick Lindsey,2:11.386,47.390,49.415,34.581,93.1,17:53.248,131386,0,0,19
2016,19_Circuit of the Americas,Circuit of the Americas,circuit-of-the-americas,2016-09-17,201609171135_Race,73,9,1,Patrick Lindsey,2:10.685,47.526,48.757,34.402,93.6,20:03.933,130685,0,0,19
2016,19_Circuit of the Americas,Circuit of the Americas,circuit-of-the-americas,2016-09-17,201609171135_Race,73,10,1,Patrick Lindsey,2:11.103,47.512,49.124,34.467,93.3,22:15.036,131103,0,0,19
2016,19_Circuit of the Americas,Circuit of the Americas,circuit-of-the-americas,2016-09-17,201609171135_Race,73,11,1,Patrick Lindsey,2:11.363,47.698,49.146,34.519,93.2,24:26.399,131363,0,0,19
2016,19_Circuit of the Americas,Circuit of the Americas,circuit-of-the-americas,2016-09-17,201609171135_Race,73,12,1,Patrick Lindsey,2:10.930,47.274,49.321,34.335,93.4,26:37.329,130930,0,0,19
2016,19_Circuit of the Americas,Circuit of the Americas,circuit-of-the-americas,2016-09-17,201609171135_Race,73,13,1,Patrick Lindsey,2:12.964,48.577,49.400,34.987,92.0,28:50.293,132964,0,0,19
2016,19_Circuit of the Americas,Circuit of the Americas,circuit-of-the-americas,2016-09-17,201609171135_Race,73,14,1,Patrick Lindsey,2:11.218,47.576,49.028,34.614,93.2,31:01.511,131218,0,0,19
2016,19_Circuit of the Americas,Circuit of the Americas,circuit-of-the-americas,2016-09-17,201609171135_Race,73,15,1,Patrick Lindsey,2:11.420,47.848,49.174,34.398,93.1,33:12.931,131420,0,0,19
2016,19_Circuit of the Americas,Circuit of the Americas,circuit-of-the-americas,2016-09-17,201609171135_Race,73,16,1,Patrick Lindsey,2:13.594,47.736,49.190,36.668,91.5,35:26.525,133594,0,0,19
2016,19_Circuit of the Americas,Circuit of the Americas,circuit-of-the-americas,2016-09-17,201609171135_Race,73,17,1,Patrick Lindsey,2:22.845,50.933,54.289,37.623,85.6,37:49.370,142845,0,0,19
2016,19_Circuit of the Americas,Circuit of the Americas,circuit-of-the-americas,2016-09-17,201609171135_Race,73,18,1,Patrick Lindsey,2:39.466,50.925,1:03.373,45.168,76.7,40:28.836,159466,0,0,19
2016,19_Circuit of the Americas,Circuit of the Americas,circuit-of-the-americas,2016-09-17,201609171135_Race,73,19,1,Patrick Lindsey,4:09.171,1:16.265,1:19.225,1:33.681,49.1,44:38.007,249171,0,1,19
2016,19_Circuit of the Americas,Circuit of the Americas,circuit-of-the-americas,2016-09-17,201609171135_Race,73,20,1,Patrick Lindsey,3:11.680,1:03.124,1:20.063,48.493,63.8,47:49.687,191680,0,0,19
2016,19_Circuit of the Americas,Circuit of the Americas,circuit-of-the-americas,2016-09-17,201609171135_Race,73,21,1,Patrick Lindsey,3:36.111,1:06.866,1:16.256,1:12.989,56.6,51:25.798,216111,0,1,19
2016,19_Circuit of the Americas,Circuit of the Americas,circuit-of-the-americas,2016-09-17,201609171135_Race,73,22,2,Jorg Bergmeister,2:20.476,56.325,49.597,34.554,87.1,53:46.274,140476,0,0,19
2016,19_Circuit of the Americas,Circuit of the Americas,circuit-of-the-americas,2016-09-17,201609171135_Race,73,23,2,Jorg Bergmeister,3:03.353,50.103,1:30.094,43.156,66.7,56:49.627,183353,0,0,19
2016,19_Circuit of the Americas,Circuit of the Americas,circuit-of-the-americas,2016-09-17,201609171135_Race,73,24,2,Jorg Bergmeister,2:53.739,1:03.582,1:15.434,34.723,70.4,59:43.366,173739,0,0,19
2016,19_Circuit of the Americas,Circuit of the Americas,circuit-of-the-americas,2016-09-17,201609171135_Race,73,25,2,Jorg Bergmeister,2:09.866,47.031,48.595,34.240,94.2,1:01:53.232,129866,0,0,19
2016,19_Circuit of the Americas,Circuit of the Americas,circuit-of-the-americas,2016-09-17,201609171135_Race,73,26,2,Jorg Bergmeister,2:09.461,46.849,48.493,34.119,94.5,1:04:02.693,129461,0,0,19
2016,19_Circuit of the Americas,Circuit of the Americas,circuit-of-the-americas,2016-09-17,201609171135_Race,73,27,2,Jorg Bergmeister,2:10.114,46.873,48.942,34.299,94.0,1:06:12.807,130114,0,0,19
2016,19_Circuit of the Americas,Circuit of the Americas,circuit-of-the-americas,2016-09-17,201609171135_Race,73,28,2,Jorg Bergmeister,2:10.307,47.087,48.732,34.488,93.9,1:08:23.114,130307,0,0,19
2016,19_Circuit of the Americas,Circuit of the Americas,circuit-of-the-americas,2016-09-17,201609171135_Race,73,29,2,Jorg Bergmeister,2:11.646,47.983,49.143,34.520,92.9,1:10:34.760,131646,0,0,19
2016,19_Circuit of the Americas,Circuit of the Americas,circuit-of-the-americas,2016-09-17,201609171135_Race,73,30,2,Jorg Bergmeister,2:11.355,47.644,49.067,34.644,93.2,1:12:46.115,131355,0,0,19
2016,19_Circuit of the Americas,Circuit of the Americas,circuit-of-the-americas,2016-09-17,201609171135_Race,73,31,2,Jorg Bergmeister,2:11.004,47.450,48.996,34.558,93.4,1:14:57.119,131004,0,0,19
2016,19_Circuit of the Americas,Circuit of the Americas,circuit-of-the-americas,2016-09-17,201609171135_Race,73,32,2,Jorg Bergmeister,2:13.020,48.611,49.797,34.612,92.0,1:17:10.139,133020,0,0,19
2016,19_Circuit of the Americas,Circuit of the Americas,circuit-of-the-americas,2016-09-17,201609171135_Race,73,33,2,Jorg Bergmeister,2:13.351,47.605,50.157,35.589,91.7,1:19:23.490,133351,0,0,19
2016,19_Circuit of the Americas,Circuit of the Americas,circuit-of-the-americas,2016-09-17,201609171135_Race,73,34,2,Jorg Bergmeister,2:12.785,48.838,49.291,34.656,92.1,1:21:36.275,132785,0,0,19
2016,19_Circuit of the Americas,Circuit of the Americas,circuit-of-the-americas,2016-09-17,201609171135_Race,73,35,2,Jorg Bergmeister,2:11.854,47.996,48.736,35.122,92.8,1:23:48.129,131854,0,0,19
2016,19_Circuit of the Americas,Circuit of the Americas,circuit-of-the-americas,2016-09-17,201609171135_Race,73,36,2,Jorg Bergmeister,2:11.888,48.063,48.954,34.871,92.8,1:26:00.017,131888,0,0,19
2016,19_Circuit of the Americas,Circuit of the Americas,circuit-of-the-americas,2016-09-17,201609171135_Race,73,37,2,Jorg Bergmeister,2:11.578,47.729,49.241,34.608,93.0,1:28:11.595,131578,0,0,19
2016,19_Circuit of the Americas,Circuit of the Americas,circuit-of-the-americas,2016-09-17,201609171135_Race,73,38,2,Jorg Bergmeister,2:11.487,47.889,49.143,34.455,93.0,1:30:23.082,131487,0,0,19
2016,19_Circuit of the Americas,Circuit of the Americas,circuit-of-the-americas,2016-09-17,201609171135_Race,73,39,2,Jorg Bergmeister,2:11.340,47.551,49.276,34.513,93.2,1:32:34.422,131340,0,0,19
2016,19_Circuit of the Americas,Circuit of the Americas,circuit-of-the-americas,2016-09-17,201609171135_Race,73,40,2,Jorg Bergmeister,2:12.335,48.114,49.466,34.755,92.5,1:34:46.757,132335,0,0,19
2016,19_Circuit of the Americas,Circuit of the Americas,circuit-of-the-americas,2016-09-17,201609171135_Race,73,41,2,Jorg Bergmeister,3:00.636,48.061,49.986,1:22.589,67.7,1:37:47.393,180636,0,1,19
2016,19_Circuit of the Americas,Circuit of the Americas,circuit-of-the-americas,2016-09-17,201609171135_Race,73,42,2,Jorg Bergmeister,2:17.976,55.445,48.350,34.181,88.7,1:40:05.369,137976,0,0,19
2016,19_Circuit of the Americas,Circuit of the Americas,circuit-of-the-americas,2016-09-17,201609171135_Race,73,43,2,Jorg Bergmeister,2:10.877,47.608,49.243,34.026,93.5,1:42:16.246,130877,0,0,19
2016,19_Circuit of the Americas,Circuit of the Americas,circuit-of-the-americas,2016-09-17,201609171135_Race,73,44,2,Jorg Bergmeister,2:10.095,47.464,48.520,34.111,94.0,1:44:26.341,130095,0,0,19
2016,19_Circuit of the Americas,Circuit of the Americas,circuit-of-the-americas,2016-09-17,201609171135_Race,73,45,2,Jorg Bergmeister,2:11.082,47.529,49.309,34.244,93.3,1:46:37.423,131082,0,0,19
2016,19_Circuit of the Americas,Circuit of the Americas,circuit-of-the-americas,2016-09-17,201609171135_Race,73,46,2,Jorg Bergmeister,2:10.321,47.005,48.773,34.543,93.9,1:48:47.744,130321,0,0,19
2016,19_Circuit of the Americas,Circuit of the Americas,circuit-of-the-americas,2016-09-17,201609171135_Race,73,47,2,Jorg Bergmeister,2:10.327,47.019,49.114,34.194,93.8,1:50:58.071,130327,0,0,19
2016,19_Circuit of the Americas,Circuit of the Americas,circuit-of-the-americas,2016-09-17,201609171135_Race,73,48,2,Jorg Bergmeister,2:09.735,46.922,48.662,34.151,94.3,1:53:07.806,129735,0,0,19
2016,19_Circuit of the Americas,Circuit of the Americas,circuit-of-the-americas,2016-09-17,201609171135_Race,73,49,2,Jorg Bergmeister,2:10.106,47.046,48.697,34.363,94.0,1:55:17.912,130106,0,0,19
2016,19_Circuit of the Americas,Circuit of the Americas,circuit-of-the-americas,2016-09-17,201609171135_Race,73,50,2,Jorg Bergmeister,2:11.021,47.119,49.511,34.391,93.3,1:57:28.933,131021,0,0,19
2016,19_Circuit of the Americas,Circuit of the Americas,circuit-of-the-americas,2016-09-17,201609171135_Race,73,51,2,Jorg Bergmeister,2:10.231,47.218,48.902,34.111,94.0,1:59:39.164,130231,0,0,19
2016,19_Circuit of the Americas,Circuit of the Americas,circuit-of-the-americas,2016-09-17,201609171135_Race,73,52,2,Jorg Bergmeister,2:11.370,47.292,49.642,34.436,93.1,2:01:50.534,131370,0,0,19
2016,19_Circuit of the Americas,Circuit of the Americas,circuit-of-the-americas,2016-09-17,201609171135_Race,73,53,2,Jorg Bergmeister,2:12.796,47.779,49.775,35.242,92.1,2:04:03.330,132796,0,0,19
2016,19_Circuit of the Americas,Circuit of the Americas,circuit-of-the-americas,2016-09-17,201609171135_Race,73,54,2,Jorg Bergmeister,2:10.639,47.265,48.858,34.516,93.7,2:06:13.969,130639,0,0,19
2016,19_Circuit of the Americas,Circuit of the Americas,circuit-of-the-americas,2016-09-17,201609171135_Race,73,55,2,Jorg Bergmeister,2:11.312,48.006,49.070,34.236,93.2,2:08:25.281,131312,0,0,19
2016,19_Circuit of the Americas,Circuit of the Americas,circuit-of-the-americas,2016-09-17,201609171135_Race,73,56,2,Jorg Bergmeister,2:10.909,47.333,48.744,34.832,93.5,2:10:36.190,130909,0,0,19
2016,19_Circuit of the Americas,Circuit of the Americas,circuit-of-the-americas,2016-09-17,201609171135_Race,73,57,2,Jorg Bergmeister,2:11.337,47.568,49.301,34.468,93.2,2:12:47.527,131337,0,0,19
2016,19_Circuit of the Americas,Circuit of the Americas,circuit-of-the-americas,2016-09-17,201609171135_Race,73,58,2,Jorg Bergmeister,2:10.494,47.314,48.811,34.369,93.8,2:14:58.021,130494,0,0,19
2016,19_Circuit of the Americas,Circuit of the Americas,circuit-of-the-americas,2016-09-17,201609171135_Race,73,59,2,Jorg Bergmeister,2:11.351,47.447,49.359,34.545,93.2,2:17:09.372,131351,0,0,19
2016,19_Circuit of the Americas,Circuit of the Americas,circuit-of-the-americas,2016-09-17,201609171135_Race,73,60,2,Jorg Bergmeister,2:11.029,47.446,49.002,34.581,93.3,2:19:20.401,131029,0,0,19
2016,19_Circuit of the Americas,Circuit of the Americas,circuit-of-the-americas,2016-09-17,201609171135_Race,73,61,2,Jorg Bergmeister,2:11.802,47.599,49.539,34.664,92.8,2:21:32.203,131802,0,0,19
2016,19_Circuit of the Americas,Circuit of the Americas,circuit-of-the-americas,2016-09-17,201609171135_Race,73,62,2,Jorg Bergmeister,2:11.425,47.537,49.354,34.534,93.1,2:23:43.628,131425,0,0,19
2016,19_Circuit of the Americas,Circuit of the Americas,circuit-of-the-americas,2016-09-17,201609171135_Race,73,63,2,Jorg Bergmeister,2:12.486,48.550,49.311,34.625,92.3,2:25:56.114,132486,0,0,19
2016,19_Circuit of the Americas,Circuit of the Americas,circuit-of-the-americas,2016-09-17,201609171135_Race,73,64,2,Jorg Bergmeister,2:11.581,47.696,49.118,34.767,93.0,2:28:07.695,131581,0,0,19
2016,19_Circuit of the Americas,Circuit of the Americas,circuit-of-the-americas,2016-09-17,201609171135_Race,73,65,2,Jorg Bergmeister,2:12.423,48.064,49.630,34.729,92.4,2:30:20.118,132423,0,0,19
2016,19_Circuit of the Americas,Circuit of the Americas,circuit-of-the-americas,2016-09-17,201609171135_Race,73,66,2,Jorg Bergmeister,2:13.535,48.187,49.552,35.796,91.6,2:32:33.653,133535,0,0,19
2016,19_Circuit of the Americas,Circuit of the Americas,circuit-of-the-americas,2016-09-17,201609171135_Race,73,67,2,Jorg Bergmeister,2:13.327,48.808,49.655,34.864,91.7,2:34:46.980,133327,0,0,19
2016,19_Circuit of the Americas,Circuit of the Americas,circuit-of-the-americas,2016-09-17,201609171135_Race,73,68,2,Jorg Bergmeister,2:14.050,48.563,50.248,35.239,91.2,2:37:01.030,134050,0,0,19
2016,19_Circuit of the Americas,Circuit of the Americas,circuit-of-the-americas,2016-09-17,201609171135_Race,73,69,2,Jorg Bergmeister,2:14.493,48.542,49.781,36.170,91.0,2:39:15.523,134493,0,0,19
2016,19_Circuit of the Americas,Circuit of the Americas,circuit-of-the-americas,2016-09-17,201609171135_Race,73,70,2,Jorg Bergmeister,2:15.348,49.403,50.110,35.835,90.4,2:41:30.871,135348,0,0,19
2016,19_Circuit of the Americas,Circuit of the Americas,circuit-of-the-americas,2016-09-17,201609171135_Race,73,71,2,Jorg Bergmeister,2:16.901,49.041,51.197,36.663,89.4,2:43:47.772,136901,0,0,19
2016,19_Circuit of the Americas,Circuit of the Americas,circuit-of-the-americas,2016-09-17,201609171135_Race,80,1,1,Dan Knox,2:47.677,1:20.529,51.968,35.180,73.0,2:47.677,,,0,20
2016,19_Circuit of the Americas,Circuit of the Americas,circuit-of-the-americas,2016-09-17,201609171135_Race,80,2,1,Dan Knox,2:12.629,49.035,49.189,34.405,92.2,5:00.306,132629,0,0,20
2016,19_Circuit of the Americas,Circuit of the Americas,circuit-of-the-americas,2016-09-17,201609171135_Race,80,3,1,Dan Knox,2:12.808,48.520,49.529,34.759,92.1,7:13.114,132808,0,0,20
2016,19_Circuit of the Americas,Circuit of the Americas,circuit-of-the-americas,2016-09-17,201609171135_Race,80,4,1,Dan Knox,2:12.487,48.333,49.520,34.634,92.3,9:25.601,132487,0,0,20
2016,19_Circuit of the Americas,Circuit of the Americas,circuit-of-the-americas,2016-09-17,201609171135_Race,80,5,1,Dan Knox,2:12.339,48.496,49.467,34.376,92.4,11:37.940,132339,0,0,20
2016,19_Circuit of the Americas,Circuit of the Americas,circuit-of-the-americas,2016-09-17,201609171135_Race,80,6,1,Dan Knox,2:11.935,48.141,49.105,34.689,92.7,13:49.875,131935,0,0,20
2016,19_Circuit of the Americas,Circuit of the Americas,circuit-of-the-americas,2016-09-17,201609171135_Race,80,7,1,Dan Knox,2:12.927,48.823,49.567,34.537,92.0,16:02.802,132927,0,0,20
2016,19_Circuit of the Americas,Circuit of the Americas,circuit-of-the-americas,2016-09-17,201609171135_Race,80,8,1,Dan Knox,2:13.632,48.877,50.068,34.687,91.5,18:16.434,133632,0,0,20
2016,19_Circuit of the Americas,Circuit of the Americas,circuit-of-the-americas,2016-09-17,201609171135_Race,80,9,1,Dan Knox,2:13.703,49.723,49.554,34.426,91.5,20:30.137,133703,0,0,20
2016,19_Circuit of the Americas,Circuit of the Americas,circuit-of-the-americas,2016-09-17,201609171135_Race,80,10,1,Dan Knox,2:13.981,49.054,49.909,35.018,91.3,22:44.118,133981,0,0,20
2016,19_Circuit of the Americas,Circuit of the Americas,circuit-of-the-americas,2016-09-17,201609171135_Race,80,11,1,Dan Knox,2:13.458,49.173,49.488,34.797,91.7,24:57.576,133458,0,0,20
2016,19_Circuit of the Americas,Circuit of the Americas,circuit-of-the-americas,2016-09-17,201609171135_Race,80,12,1,Dan Knox,2:13.863,48.673,50.578,34.612,91.4,27:11.439,133863,0,0,20
2016,19_Circuit of the Americas,Circuit of the Americas,circuit-of-the-americas,2016-09-17,201609171135_Race,80,13,1,Dan Knox,2:56.472,48.687,49.511,1:18.274,69.3,30:07.911,176472,0,1,20
2016,19_Circuit of the Americas,Circuit of the Americas,circuit-of-the-americas,2016-09-17,201609171135_Race,80,14,2,Mike Skeen,2:21.339,57.711,49.011,34.617,86.6,32:29.250,141339,0,0,20
2016,19_Circuit of the Americas,Circuit of the Americas,circuit-of-the-americas,2016-09-17,201609171135_Race,80,15,2,Mike Skeen,2:10.440,47.416,48.805,34.219,93.8,34:39.690,130440,0,0,20
2016,19_Circuit of the Americas,Circuit of the Americas,circuit-of-the-americas,2016-09-17,201609171135_Race,80,16,2,Mike Skeen,2:19.260,48.062,48.649,42.549,87.9,36:58.950,139260,0,0,20
2016,19_Circuit of the Americas,Circuit of the Americas,circuit-of-the-americas,2016-09-17,201609171135_Race,80,17,2,Mike Skeen,2:34.427,1:10.185,49.704,34.538,79.2,39:33.377,154427,0,0,20
2016,19_Circuit of the Americas,Circuit of the Americas,circuit-of-the-americas,2016-09-17,201609171135_Race,80,18,2,Mike Skeen,2:10.649,47.661,48.758,34.230,93.7,41:44.026,130649,0,0,20
2016,19_Circuit of the Americas,Circuit of the Americas,circuit-of-the-americas,2016-09-17,201609171135_Race,80,19,2,Mike Skeen,3:06.992,49.723,1:12.753,1:04.516,65.4,44:51.018,186992,0,1,20
2016,19_Circuit of the Americas,Circuit of the Americas,circuit-of-the-americas,2016-09-17,201609171135_Race,80,20,2,Mike Skeen,3:10.374,1:02.945,1:20.672,46.757,64.3,48:01.392,190374,0,0,20
2016,19_Circuit of the Americas,Circuit of the Americas,circuit-of-the-americas,2016-09-17,201609171135_Race,80,21,2,Mike Skeen,2:57.208,1:06.728,1:15.977,34.503,69.0,50:58.600,177208,0,0,20
2016,19_Circuit of the Americas,Circuit of the Americas,circuit-of-the-americas,2016-09-17,201609171135_Race,80,22,2,Mike Skeen,2:17.953,47.788,49.030,41.135,88.7,53:16.553,137953,0,0,20
2016,19_Circuit of the Americas,Circuit of the Americas,circuit-of-the-americas,2016-09-17,201609171135_Race,80,23,2,Mike Skeen,3:22.285,1:02.876,1:29.136,50.273,60.5,56:38.838,202285,0,0,20
2016,19_Circuit of the Americas,Circuit of the Americas,circuit-of-the-americas,2016-09-17,201609171135_Race,80,24,2,Mike Skeen,2:55.769,1:04.111,1:17.123,34.535,69.6,59:34.607,175769,0,0,20
2016,19_Circuit of the Americas,Circuit of the Americas,circuit-of-the-americas,2016-09-17,201609171135_Race,80,25,2,Mike Skeen,2:12.654,48.905,49.192,34.557,92.2,1:01:47.261,132654,0,0,20
2016,19_Circuit of the Americas,Circuit of the Americas,circuit-of-the-americas,2016-09-17,201609171135_Race,80,26,2,Mike Skeen,2:10.265,47.446,48.581,34.238,93.9,1:03:57.526,130265,0,0,20
2016,19_Circuit of the Americas,Circuit of the Americas,circuit-of-the-americas,2016-09-17,201609171135_Race,80,27,2,Mike Skeen,2:11.657,48.245,48.664,34.748,92.9,1:06:09.183,131657,0,0,20
2016,19_Circuit of the Americas,Circuit of the Americas,circuit-of-the-americas,2016-09-17,201609171135_Race,80,28,2,Mike Skeen,2:11.337,48.197,48.621,34.519,93.2,1:08:20.520,131337,0,0,20
2016,19_Circuit of the Americas,Circuit of the Americas,circuit-of-the-americas,2016-09-17,201609171135_Race,80,29,2,Mike Skeen,2:11.739,47.910,48.617,35.212,92.8,1:10:32.259,131739,0,0,20
2016,19_Circuit of the Americas,Circuit of the Americas,circuit-of-the-americas,2016-09-17,201609171135_Race,80,30,2,Mike Skeen,2:11.561,47.654,49.191,34.716,93.0,1:12:43.820,131561,0,0,20
2016,19_Circuit of the Americas,Circuit of the Americas,circuit-of-the-americas,2016-09-17,201609171135_Race,80,31,2,Mike Skeen,2:11.488,47.567,49.039,34.882,93.0,1:14:55.308,131488,0,0,20
2016,19_Circuit of the Americas,Circuit of the Americas,circuit-of-the-americas,2016-09-17,201609171135_Race,80,32,2,Mike Skeen,2:12.590,48.810,48.879,34.901,92.3,1:17:07.898,132590,0,0,20
2016,19_Circuit of the Americas,Circuit of the Americas,circuit-of-the-americas,2016-09-17,201609171135_Race,80,33,2,Mike Skeen,2:12.843,48.178,49.953,34.712,92.1,1:19:20.741,132843,0,0,20
2016,19_Circuit of the Americas,Circuit of the Americas,circuit-of-the-americas,2016-09-17,201609171135_Race,80,34,2,Mike Skeen,2:13.383,47.624,50.389,35.370,91.7,1:21:34.124,133383,0,0,20
2016,19_Circuit of the Americas,Circuit of the Americas,circuit-of-the-americas,2016-09-17,201609171135_Race,80,35,2,Mike Skeen,2:13.806,47.712,50.017,36.077,91.4,1:23:47.930,133806,0,0,20
2016,19_Circuit of the Americas,Circuit of the Americas,circuit-of-the-americas,2016-09-17,201609171135_Race,80,36,2,Mike Skeen,2:11.678,47.823,49.104,34.751,92.9,1:25:59.608,131678,0,0,20
2016,19_Circuit of the Americas,Circuit of the Americas,circuit-of-the-americas,2016-09-17,201609171135_Race,80,37,2,Mike Skeen,2:11.673,47.774,49.192,34.707,92.9,1:28:11.281,131673,0,0,20
2016,19_Circuit of the Americas,Circuit of the Americas,circuit-of-the-americas,2016-09-17,201609171135_Race,80,38,2,Mike Skeen,2:11.166,47.547,48.950,34.669,93.3,1:30:22.447,131166,0,0,20
2016,19_Circuit of the Americas,Circuit of the Americas,circuit-of-the-americas,2016-09-17,201609171135_Race,80,39,2,Mike Skeen,2:11.608,47.605,49.288,34.715,93.0,1:32:34.055,131608,0,0,20
2016,19_Circuit of the Americas,Circuit of the Americas,circuit-of-the-americas,2016-09-17,201609171135_Race,80,40,2,Mike Skeen,2:12.260,47.707,49.397,35.156,92.5,1:34:46.315,132260,0,0,20
2016,19_Circuit of the Americas,Circuit of the Americas,circuit-of-the-americas,2016-09-17,201609171135_Race,80,41,2,Mike Skeen,2:28.009,48.116,49.887,50.006,82.7,1:37:14.324,148009,0,1,20
2016,19_Circuit of the Americas,Circuit of the Americas,circuit-of-the-americas,2016-09-17,201609171135_Race,80,42,2,Mike Skeen,2:20.531,56.245,49.490,34.796,87.1,1:39:34.855,140531,0,0,20
2016,19_Circuit of the Americas,Circuit of the Americas,circuit-of-the-americas,2016-09-17,201609171135_Race,80,43,2,Mike Skeen,2:12.532,47.956,49.560,35.016,92.3,1:41:47.387,132532,0,0,20
2016,19_Circuit of the Americas,Circuit of the Americas,circuit-of-the-americas,2016-09-17,201609171135_Race,80,44,2,Mike Skeen,3:07.073,48.316,49.838,1:28.919,65.4,1:44:54.460,187073,0,1,20
2016,19_Circuit of the Americas,Circuit of the Americas,circuit-of-the-americas,2016-09-17,201609171135_Race,80,45,2,Mike Skeen,2:20.110,56.588,48.772,34.750,87.3,1:47:14.570,140110,0,0,20
2016,19_Circuit of the Americas,Circuit of the Americas,circuit-of-the-americas,2016-09-17,201609171135_Race,80,46,2,Mike Skeen,2:09.979,47.443,48.254,34.282,94.1,1:49:24.549,129979,0,0,20
2016,19_Circuit of the Americas,Circuit of the Americas,circuit-of-the-americas,2016-09-17,201609171135_Race,80,47,2,Mike Skeen,2:10.318,47.043,49.030,34.245,93.9,1:51:34.867,130318,0,0,20
2016,19_Circuit of the Americas,Circuit of the Americas,circuit-of-the-americas,2016-09-17,201609171135_Race,80,48,2,Mike Skeen,2:10.713,47.401,48.645,34.667,93.6,1:53:45.580,130713,0,0,20
2016,19_Circuit of the Americas,Circuit of the Americas,circuit-of-the-americas,2016-09-17,201609171135_Race,80,49,2,Mike Skeen,2:11.111,47.431,49.212,34.468,93.3,1:55:56.691,131111,0,0,20
2016,19_Circuit of the Americas,Circuit of the Americas,circuit-of-the-americas,2016-09-17,201609171135_Race,80,50,2,Mike Skeen,2:10.049,47.246,48.652,34.151,94.1,1:58:06.740,130049,0,0,20
2016,19_Circuit of the Americas,Circuit of the Americas,circuit-of-the-americas,2016-09-17,201609171135_Race,80,51,2,Mike Skeen,2:10.462,47.371,48.803,34.288,93.8,2:00:17.202,130462,0,0,20
2016,19_Circuit of the Americas,Circuit of the Americas,circuit-of-the-americas,2016-09-17,201609171135_Race,80,52,2,Mike Skeen,2:11.025,47.856,48.937,34.232,93.3,2:02:28.227,131025,0,0,20
2016,19_Circuit of the Americas,Circuit of the Americas,circuit-of-the-americas,2016-09-17,201609171135_Race,80,53,2,Mike Skeen,2:10.747,47.613,48.764,34.370,93.6,2:04:38.974,130747,0,0,20
2016,19_Circuit of the Americas,Circuit of the Americas,circuit-of-the-americas,2016-09-17,201609171135_Race,80,54,2,Mike Skeen,2:10.826,47.462,48.925,34.439,93.5,2:06:49.800,130826,0,0,20
2016,19_Circuit of the Americas,Circuit of the Americas,circuit-of-the-americas,2016-09-17,201609171135_Race,80,55,2,Mike Skeen,2:11.596,47.596,49.187,34.813,93.0,2:09:01.396,131596,0,0,20
2016,19_Circuit of the Americas,Circuit of the Americas,circuit-of-the-americas,2016-09-17,201609171135_Race,80,56,2,Mike Skeen,2:11.546,47.918,49.007,34.621,93.0,2:11:12.942,131546,0,0,20
2016,19_Circuit of the Americas,Circuit of the Americas,circuit-of-the-americas,2016-09-17,201609171135_Race,80,57,2,Mike Skeen,2:11.607,47.398,49.644,34.565,93.0,2:13:24.549,131607,0,0,20
2016,19_Circuit of the Americas,Circuit of the Americas,circuit-of-the-americas,2016-09-17,201609171135_Race,80,58,2,Mike Skeen,2:12.382,48.656,49.146,34.580,92.4,2:15:36.931,132382,0,0,20
2016,19_Circuit of the Americas,Circuit of the Americas,circuit-of-the-americas,2016-09-17,201609171135_Race,80,59,2,Mike Skeen,2:11.202,47.555,49.023,34.624,93.2,2:17:48.133,131202,0,0,20
2016,19_Circuit of the Americas,Circuit of the Americas,circuit-of-the-americas,2016-09-17,201609171135_Race,80,60,2,Mike Skeen,2:11.471,47.730,49.181,34.560,93.0,2:19:59.604,131471,0,0,20
2016,19_Circuit of the Americas,Circuit of the Americas,circuit-of-the-americas,2016-09-17,201609171135_Race,80,61,2,Mike Skeen,2:11.704,48.047,49.124,34.533,92.9,2:22:11.308,131704,0,0,20
2016,19_Circuit of the Americas,Circuit of the Americas,circuit-of-the-americas,2016-09-17,201609171135_Race,80,62,2,Mike Skeen,2:12.039,47.812,49.244,34.983,92.7,2:24:23.347,132039,0,0,20
2016,19_Circuit of the Americas,Circuit of the Americas,circuit-of-the-americas,2016-09-17,201609171135_Race,80,63,2,Mike Skeen,2:11.804,47.844,49.198,34.762,92.8,2:26:35.151,131804,0,0,20
2016,19_Circuit of the Americas,Circuit of the Americas,circuit-of-the-americas,2016-09-17,201609171135_Race,80,64,2,Mike Skeen,2:11.384,47.708,49.136,34.540,93.1,2:28:46.535,131384,0,0,20
2016,19_Circuit of the Americas,Circuit of the Americas,circuit-of-the-americas,2016-09-17,201609171135_Race,80,65,2,Mike Skeen,2:12.375,48.025,49.435,34.915,92.4,2:30:58.910,132375,0,0,20
2016,19_Circuit of the Americas,Circuit of the Americas,circuit-of-the-americas,2016-09-17,201609171135_Race,80,66,2,Mike Skeen,2:12.966,48.152,49.604,35.210,92.0,2:33:11.876,132966,0,0,20
2016,19_Circuit of the Americas,Circuit of the Americas,circuit-of-the-americas,2016-09-17,201609171135_Race,80,67,2,Mike Skeen,2:14.060,48.478,49.830,35.752,91.2,2:35:25.936,134060,0,0,20
2016,19_Circuit of the Americas,Circuit of the Americas,circuit-of-the-americas,2016-09-17,201609171135_Race,80,68,2,Mike Skeen,2:12.902,48.368,49.494,35.040,92.0,2:37:38.838,132902,0,0,20
2016,19_Circuit of the Americas,Circuit of the Americas,circuit-of-the-americas,2016-09-17,201609171135_Race,80,69,2,Mike Skeen,2:12.536,48.076,49.597,34.863,92.3,2:39:51.374,132536,0,0,20
2016,19_Circuit of the Americas,Circuit of the Americas,circuit-of-the-americas,2016-09-17,201609171135_Race,80,70,2,Mike Skeen,2:13.304,48.806,49.378,35.120,91.8,2:42:04.678,133304,0,0,20
2016,19_Circuit of the Americas,Circuit of the Americas,circuit-of-the-americas,2016-09-17,201609171135_Race,85,1,1,Misha Goikhberg,2:12.079,50.088,49.147,32.844,92.6,2:12.079,,,0,20
2016,19_Circuit of the Americas,Circuit of the Americas,circuit-of-the-americas,2016-09-17,201609171135_Race,85,2,1,Misha Goikhberg,2:06.609,45.772,48.068,32.769,96.6,4:18.688,126609,0,0,20
2016,19_Circuit of the Americas,Circuit of the Americas,circuit-of-the-americas,2016-09-17,201609171135_Race,85,3,1,Misha Goikhberg,2:06.161,45.309,47.847,33.005,96.9,6:24.849,126161,0,0,20
2016,19_Circuit of the Americas,Circuit of the Americas,circuit-of-the-americas,2016-09-17,201609171135_Race,85,4,1,Misha Goikhberg,2:05.642,45.422,47.342,32.878,97.4,8:30.491,125642,0,0,20
2016,19_Circuit of the Americas,Circuit of the Americas,circuit-of-the-americas,2016-09-17,201609171135_Race,85,5,1,Misha Goikhberg,2:05.893,45.093,48.019,32.781,97.2,10:36.384,125893,0,0,20
2016,19_Circuit of the Americas,Circuit of the Americas,circuit-of-the-americas,2016-09-17,201609171135_Race,85,6,1,Misha Goikhberg,2:05.776,45.224,47.560,32.992,97.3,12:42.160,125776,0,0,20
2016,19_Circuit of the Americas,Circuit of the Americas,circuit-of-the-americas,2016-09-17,201609171135_Race,85,7,1,Misha Goikhberg,2:05.768,45.431,47.589,32.748,97.3,14:47.928,125768,0,0,20
2016,19_Circuit of the Americas,Circuit of the Americas,circuit-of-the-americas,2016-09-17,201609171135_Race,85,8,1,Misha Goikhberg,2:06.407,45.686,47.774,32.947,96.8,16:54.335,126407,0,0,20
2016,19_Circuit of the Americas,Circuit of the Americas,circuit-of-the-americas,2016-09-17,201609171135_Race,85,9,1,Misha Goikhberg,2:06.171,45.493,47.964,32.714,96.9,19:00.506,126171,0,0,20
2016,19_Circuit of the Americas,Circuit of the Americas,circuit-of-the-americas,2016-09-17,201609171135_Race,85,10,1,Misha Goikhberg,2:07.033,46.555,47.674,32.804,96.3,21:07.539,127033,0,0,20
2016,19_Circuit of the Americas,Circuit of the Americas,circuit-of-the-americas,2016-09-17,201609171135_Race,85,11,1,Misha Goikhberg,2:06.281,45.999,47.563,32.719,96.9,23:13.820,126281,0,0,20
2016,19_Circuit of the Americas,Circuit of the Americas,circuit-of-the-americas,2016-09-17,201609171135_Race,85,12,1,Misha Goikhberg,2:06.213,45.838,47.575,32.800,96.9,25:20.033,126213,0,0,20
2016,19_Circuit of the Americas,Circuit of the Americas,circuit-of-the-americas,2016-09-17,201609171135_Race,85,13,1,Misha Goikhberg,2:06.764,45.927,47.966,32.871,96.5,27:26.797,126764,0,0,20
2016,19_Circuit of the Americas,Circuit of the Americas,circuit-of-the-americas,2016-09-17,201609171135_Race,85,14,1,Misha Goikhberg,2:06.775,45.842,48.006,32.927,96.5,29:33.572,126775,0,0,20
2016,19_Circuit of the Americas,Circuit of the Americas,circuit-of-the-americas,2016-09-17,201609171135_Race,85,15,1,Misha Goikhberg,2:06.840,46.059,47.978,32.803,96.4,31:40.412,126840,0,0,20
2016,19_Circuit of the Americas,Circuit of the Americas,circuit-of-the-americas,2016-09-17,201609171135_Race,85,16,1,Misha Goikhberg,2:06.814,46.121,47.927,32.766,96.4,33:47.226,126814,0,0,20
2016,19_Circuit of the Americas,Circuit of the Americas,circuit-of-the-americas,2016-09-17,201609171135_Race,85,17,1,Misha Goikhberg,2:12.792,45.883,51.017,35.892,92.1,36:00.018,132792,0,0,20
2016,19_Circuit of the Americas,Circuit of the Americas,circuit-of-the-americas,2016-09-17,201609171135_Race,85,18,1,Misha Goikhberg,2:21.011,50.837,55.353,34.821,86.8,38:21.029,141011,0,0,20
2016,19_Circuit of the Americas,Circuit of the Americas,circuit-of-the-americas,2016-09-17,201609171135_Race,85,19,1,Misha Goikhberg,3:10.706,49.591,52.087,1:29.028,64.1,41:31.735,190706,0,1,20
2016,19_Circuit of the Americas,Circuit of the Americas,circuit-of-the-americas,2016-09-17,201609171135_Race,85,20,1,Misha Goikhberg,2:52.442,59.996,1:12.906,39.540,70.9,44:24.177,172442,0,0,20
2016,19_Circuit of the Americas,Circuit of the Americas,circuit-of-the-americas,2016-09-17,201609171135_Race,85,21,1,Misha Goikhberg,3:19.674,1:08.542,1:22.832,48.300,61.3,47:43.851,199674,0,0,20
2016,19_Circuit of the Americas,Circuit of the Americas,circuit-of-the-americas,2016-09-17,201609171135_Race,85,22,1,Misha Goikhberg,2:59.768,1:08.713,1:14.437,36.618,68.1,50:43.619,179768,0,0,20
2016,19_Circuit of the Americas,Circuit of the Americas,circuit-of-the-americas,2016-09-17,201609171135_Race,85,23,1,Misha Goikhberg,2:17.323,46.495,48.583,42.245,89.1,53:00.942,137323,0,0,20
2016,19_Circuit of the Americas,Circuit of the Americas,circuit-of-the-americas,2016-09-17,201609171135_Race,85,24,1,Misha Goikhberg,3:23.243,1:06.384,1:24.565,52.294,60.2,56:24.185,203243,0,0,20
2016,19_Circuit of the Americas,Circuit of the Americas,circuit-of-the-americas,2016-09-17,201609171135_Race,85,25,1,Misha Goikhberg,2:52.628,1:03.185,1:13.970,35.473,70.8,59:16.813,172628,0,0,20
2016,19_Circuit of the Americas,Circuit of the Americas,circuit-of-the-americas,2016-09-17,201609171135_Race,85,26,1,Misha Goikhberg,2:08.800,47.293,48.500,33.007,95.0,1:01:25.613,128800,0,0,20
2016,19_Circuit of the Americas,Circuit of the Americas,circuit-of-the-americas,2016-09-17,201609171135_Race,85,27,1,Misha Goikhberg,2:05.089,45.141,47.499,32.449,97.8,1:03:30.702,125089,0,0,20
2016,19_Circuit of the Americas,Circuit of the Americas,circuit-of-the-americas,2016-09-17,201609171135_Race,85,28,1,Misha Goikhberg,2:04.898,45.107,47.454,32.337,97.9,1:05:35.600,124898,0,0,20
2016,19_Circuit of the Americas,Circuit of the Americas,circuit-of-the-americas,2016-09-17,201609171135_Race,85,29,1,Misha Goikhberg,3:03.369,45.404,47.833,1:30.132,66.7,1:08:38.969,183369,0,1,20
2016,19_Circuit of the Americas,Circuit of the Americas,circuit-of-the-americas,2016-09-17,201609171135_Race,85,30,2,Stephen Simpson,2:14.310,54.403,47.633,32.274,91.1,1:10:53.279,134310,0,0,20
2016,19_Circuit of the Americas,Circuit of the Americas,circuit-of-the-americas,2016-09-17,201609171135_Race,85,31,2,Stephen Simpson,2:02.688,44.150,46.532,32.006,99.7,1:12:55.967,122688,0,0,20
2016,19_Circuit of the Americas,Circuit of the Americas,circuit-of-the-americas,2016-09-17,201609171135_Race,85,32,2,Stephen Simpson,2:02.648,44.247,46.250,32.151,99.7,1:14:58.615,122648,0,0,20
2016,19_Circuit of the Americas,Circuit of the Americas,circuit-of-the-americas,2016-09-17,201609171135_Race,85,33,2,Stephen Simpson,2:07.514,46.578,48.036,32.900,96.0,1:17:06.129,127514,0,0,20
2016,19_Circuit of the Americas,Circuit of the Americas,circuit-of-the-americas,2016-09-17,201609171135_Race,85,34,2,Stephen Simpson,2:04.809,45.621,46.970,32.218,98.0,1:19:10.938,124809,0,0,20
2016,19_Circuit of the Americas,Circuit of the Americas,circuit-of-the-americas,2016-09-17,201609171135_Race,85,35,2,Stephen Simpson,2:04.014,44.428,46.852,32.734,98.6,1:21:14.952,124014,0,0,20
2016,19_Circuit of the Americas,Circuit of the Americas,circuit-of-the-americas,2016-09-17,201609171135_Race,85,36,2,Stephen Simpson,2:05.562,46.239,47.115,32.208,97.4,1:23:20.514,125562,0,0,20
2016,19_Circuit of the Americas,Circuit of the Americas,circuit-of-the-americas,2016-09-17,201609171135_Race,85,37,2,Stephen Simpson,2:03.542,44.669,46.648,32.225,99.0,1:25:24.056,123542,0,0,20
2016,19_Circuit of the Americas,Circuit of the Americas,circuit-of-the-americas,2016-09-17,201609171135_Race,85,38,2,Stephen Simpson,2:02.803,44.329,46.547,31.927,99.6,1:27:26.859,122803,0,0,20
2016,19_Circuit of the Americas,Circuit of the Americas,circuit-of-the-americas,2016-09-17,201609171135_Race,85,39,2,Stephen Simpson,2:03.526,44.308,46.774,32.444,99.1,1:29:30.385,123526,0,0,20
2016,19_Circuit of the Americas,Circuit of the Americas,circuit-of-the-americas,2016-09-17,201609171135_Race,85,40,2,Stephen Simpson,2:03.294,44.298,46.823,32.173,99.2,1:31:33.679,123294,0,0,20
2016,19_Circuit of the Americas,Circuit of the Americas,circuit-of-the-americas,2016-09-17,201609171135_Race,85,41,2,Stephen Simpson,2:04.393,44.347,47.637,32.409,98.4,1:33:38.072,124393,0,0,20
2016,19_Circuit of the Americas,Circuit of the Americas,circuit-of-the-americas,2016-09-17,201609171135_Race,85,42,2,Stephen Simpson,2:04.233,44.677,47.272,32.284,98.5,1:35:42.305,124233,0,0,21
2016,19_Circuit of the Americas,Circuit of the Americas,circuit-of-the-americas,2016-09-17,201609171135_Race,85,43,2,Stephen Simpson,2:05.290,45.331,47.170,32.789,97.6,1:37:47.595,125290,0,0,21
2016,19_Circuit of the Americas,Circuit of the Americas,circuit-of-the-americas,2016-09-17,201609171135_Race,85,44,2,Stephen Simpson,2:06.330,45.835,47.435,33.060,96.8,1:39:53.925,126330,0,0,21
2016,19_Circuit of the Americas,Circuit of the Americas,circuit-of-the-americas,2016-09-17,201609171135_Race,85,45,2,Stephen Simpson,2:06.169,44.590,47.119,34.460,96.9,1:42:00.094,126169,0,0,21
2016,19_Circuit of the Americas,Circuit of the Americas,circuit-of-the-americas,2016-09-17,201609171135_Race,85,46,2,Stephen Simpson,2:06.577,45.197,47.910,33.470,96.6,1:44:06.671,126577,0,0,21
2016,19_Circuit of the Americas,Circuit of the Americas,circuit-of-the-americas,2016-09-17,201609171135_Race,85,47,2,Stephen Simpson,2:07.198,46.341,47.321,33.536,96.2,1:46:13.869,127198,0,0,21
2016,19_Circuit of the Americas,Circuit of the Americas,circuit-of-the-americas,2016-09-17,201609171135_Race,85,48,2,Stephen Simpson,2:05.623,44.687,47.342,33.594,97.4,1:48:19.492,125623,0,0,21
2016,19_Circuit of the Americas,Circuit of the Americas,circuit-of-the-americas,2016-09-17,201609171135_Race,85,49,2,Stephen Simpson,3:03.316,45.441,48.178,1:29.697,66.7,1:51:22.808,183316,0,1,21
2016,19_Circuit of the Americas,Circuit of the Americas,circuit-of-the-americas,2016-09-17,201609171135_Race,85,50,2,Stephen Simpson,2:14.012,54.913,46.884,32.215,91.3,1:53:36.820,134012,0,0,21
2016,19_Circuit of the Americas,Circuit of the Americas,circuit-of-the-americas,2016-09-17,201609171135_Race,85,51,2,Stephen Simpson,2:03.923,45.027,46.798,32.098,98.7,1:55:40.743,123923,0,0,21
2016,19_Circuit of the Americas,Circuit of the Americas,circuit-of-the-americas,2016-09-17,201609171135_Race,85,52,2,Stephen Simpson,2:02.685,44.141,46.452,32.092,99.7,1:57:43.428,122685,0,0,21
2016,19_Circuit of the Americas,Circuit of the Americas,circuit-of-the-americas,2016-09-17,201609171135_Race,85,53,2,Stephen Simpson,2:04.798,44.724,47.087,32.987,98.0,1:59:48.226,124798,0,0,21
2016,19_Circuit of the Americas,Circuit of the Americas,circuit-of-the-americas,2016-09-17,201609171135_Race,85,54,2,Stephen Simpson,2:03.154,44.343,46.539,32.272,99.3,2:01:51.380,123154,0,0,21
2016,19_Circuit of the Americas,Circuit of the Americas,circuit-of-the-americas,2016-09-17,201609171135_Race,85,55,2,Stephen Simpson,2:05.296,46.442,46.721,32.133,97.6,2:03:56.676,125296,0,0,21
2016,19_Circuit of the Americas,Circuit of the Americas,circuit-of-the-americas,2016-09-17,201609171135_Race,85,56,2,Stephen Simpson,2:05.809,45.005,48.197,32.607,97.3,2:06:02.485,125809,0,0,21
2016,19_Circuit of the Americas,Circuit of the Americas,circuit-of-the-americas,2016-09-17,201609171135_Race,85,57,2,Stephen Simpson,2:05.402,45.661,47.410,32.331,97.6,2:08:07.887,125402,0,0,21
2016,19_Circuit of the Americas,Circuit of the Americas,circuit-of-the-americas,2016-09-17,201609171135_Race,85,58,2,Stephen Simpson,2:04.174,44.670,46.981,32.523,98.5,2:10:12.061,124174,0,0,21
2016,19_Circuit of the Americas,Circuit of the Americas,circuit-of-the-americas,2016-09-17,201609171135_Race,85,59,2,Stephen Simpson,2:05.369,45.615,47.015,32.739,97.6,2:12:17.430,125369,0,0,21
2016,19_Circuit of the Americas,Circuit of the Americas,circuit-of-the-americas,2016-09-17,201609171135_Race,85,60,2,Stephen Simpson,2:05.505,45.187,47.659,32.659,97.5,2:14:22.935,125505,0,0,21
2016,19_Circuit of the Americas,Circuit of the Americas,circuit-of-the-americas,2016-09-17,201609171135_Race,85,61,2,Stephen Simpson,2:04.861,44.924,47.171,32.766,98.0,2:16:27.796,124861,0,0,21
2016,19_Circuit of the Americas,Circuit of the Americas,circuit-of-the-americas,2016-09-17,201609171135_Race,85,62,2,Stephen Simpson,2:40.115,44.951,47.347,1:07.817,76.4,2:19:07.911,160115,0,1,21
2016,19_Circuit of the Americas,Circuit of the Americas,circuit-of-the-americas,2016-09-17,201609171135_Race,85,63,2,Stephen Simpson,2:13.372,52.279,47.933,33.160,91.7,2:21:21.283,133372,0,0,21
2016,19_Circuit of the Americas,Circuit of the Americas,circuit-of-the-americas,2016-09-17,201609171135_Race,85,64,2,Stephen Simpson,2:05.143,45.027,47.318,32.798,97.8,2:23:26.426,125143,0,0,21
2016,19_Circuit of the Americas,Circuit of the Americas,circuit-of-the-americas,2016-09-17,201609171135_Race,85,65,2,Stephen Simpson,2:05.736,45.072,47.362,33.302,97.3,2:25:32.162,125736,0,0,21
2016,19_Circuit of the Americas,Circuit of the Americas,circuit-of-the-americas,2016-09-17,201609171135_Race,85,66,2,Stephen Simpson,2:05.469,45.120,47.754,32.595,97.5,2:27:37.631,125469,0,0,21
2016,19_Circuit of the Americas,Circuit of the Americas,circuit-of-the-americas,2016-09-17,201609171135_Race,85,67,2,Stephen Simpson,2:06.796,47.090,47.226,32.480,96.5,2:29:44.427,126796,0,0,21
2016,19_Circuit of the Americas,Circuit of the Americas,circuit-of-the-americas,2016-09-17,201609171135_Race,85,68,2,Stephen Simpson,2:04.704,44.796,47.393,32.515,98.1,2:31:49.131,124704,0,0,21
2016,19_Circuit of the Americas,Circuit of the Americas,circuit-of-the-americas,2016-09-17,201609171135_Race,85,69,2,Stephen Simpson,2:05.016,45.096,47.234,32.686,97.9,2:33:54.147,125016,0,0,21
2016,19_Circuit of the Americas,Circuit of the Americas,circuit-of-the-americas,2016-09-17,201609171135_Race,85,70,2,Stephen Simpson,2:08.341,46.447,48.268,33.626,95.3,2:36:02.488,128341,0,0,21
2016,19_Circuit of the Americas,Circuit of the Americas,circuit-of-the-americas,2016-09-17,201609171135_Race,85,71,2,Stephen Simpson,2:06.692,46.179,47.636,32.877,96.6,2:38:09.180,126692,0,0,21
2016,19_Circuit of the Americas,Circuit of the Americas,circuit-of-the-americas,2016-09-17,201609171135_Race,85,72,2,Stephen Simpson,2:07.789,46.921,47.952,32.916,95.7,2:40:16.969,127789,0,0,21
2016,19_Circuit of the Americas,Circuit of the Americas,circuit-of-the-americas,2016-09-17,201609171135_Race,85,73,2,Stephen Simpson,2:06.180,44.958,47.862,33.360,96.9,2:42:23.149,126180,0,0,21
2016,19_Circuit of the Americas,Circuit of the Americas,circuit-of-the-americas,2016-09-17,201609171135_Race,88,1,1,Mark Kvamme,2:14.840,51.962,49.116,33.762,90.7,2:14.840,,,0,21
2016,19_Circuit of the Americas,Circuit of the Americas,circuit-of-the-americas,2016-09-17,201609171135_Race,88,2,1,Mark Kvamme,2:09.200,46.884,48.774,33.542,94.7,4:24.040,129200,0,0,21
2016,19_Circuit of the Americas,Circuit of the Americas,circuit-of-the-americas,2016-09-17,201609171135_Race,88,3,1,Mark Kvamme,2:09.886,47.087,49.503,33.296,94.2,6:33.926,129886,0,0,21
2016,19_Circuit of the Americas,Circuit of the Americas,circuit-of-the-americas,2016-09-17,201609171135_Race,88,4,1,Mark Kvamme,2:09.157,46.972,49.104,33.081,94.7,8:43.083,129157,0,0,21
2016,19_Circuit of the Americas,Circuit of the Americas,circuit-of-the-americas,2016-09-17,201609171135_Race,88,5,1,Mark Kvamme,2:10.242,47.770,48.874,33.598,93.9,10:53.325,130242,0,0,21
2016,19_Circuit of the Americas,Circuit of the Americas,circuit-of-the-americas,2016-09-17,201609171135_Race,88,6,1,Mark Kvamme,2:13.614,48.706,51.395,33.513,91.5,13:06.939,133614,0,0,21
2016,19_Circuit of the Americas,Circuit of the Americas,circuit-of-the-americas,2016-09-17,201609171135_Race,88,7,1,Mark Kvamme,2:10.949,47.868,49.560,33.521,93.4,15:17.888,130949,0,0,21
2016,19_Circuit of the Americas,Circuit of the Americas,circuit-of-the-americas,2016-09-17,201609171135_Race,88,8,1,Mark Kvamme,2:13.019,48.778,49.317,34.924,92.0,17:30.907,133019,0,0,21
2016,19_Circuit of the Americas,Circuit of the Americas,circuit-of-the-americas,2016-09-17,201609171135_Race,88,9,1,Mark Kvamme,2:09.384,46.577,48.853,33.954,94.5,19:40.291,129384,0,0,21
2016,19_Circuit of the Americas,Circuit of the Americas,circuit-of-the-americas,2016-09-17,201609171135_Race,88,10,1,Mark Kvamme,2:11.108,47.233,49.008,34.867,93.3,21:51.399,131108,0,0,21
2016,19_Circuit of the Americas,Circuit of the Americas,circuit-of-the-americas,2016-09-17,201609171135_Race,88,11,1,Mark Kvamme,2:12.224,49.022,49.095,34.107,92.5,24:03.623,132224,0,0,21
2016,19_Circuit of the Americas,Circuit of the Americas,circuit-of-the-americas,2016-09-17,201609171135_Race,88,12,1,Mark Kvamme,2:10.408,47.224,49.238,33.946,93.8,26:14.031,130408,0,0,21
2016,19_Circuit of the Americas,Circuit of the Americas,circuit-of-the-americas,2016-09-17,201609171135_Race,88,13,1,Mark Kvamme,2:11.914,47.622,50.436,33.856,92.7,28:25.945,131914,0,0,21
2016,19_Circuit of the Americas,Circuit of the Americas,circuit-of-the-americas,2016-09-17,201609171135_Race,88,14,1,Mark Kvamme,2:13.041,48.710,49.762,34.569,92.0,30:38.986,133041,0,0,21
2016,19_Circuit of the Americas,Circuit of the Americas,circuit-of-the-americas,2016-09-17,201609171135_Race,88,15,1,Mark Kvamme,2:13.776,49.346,50.279,34.151,91.4,32:52.762,133776,0,0,21
2016,19_Circuit of the Americas,Circuit of the Americas,circuit-of-the-americas,2016-09-17,201609171135_Race,88,16,1,Mark Kvamme,2:12.648,47.592,50.940,34.116,92.2,35:05.410,132648,0,0,21
2016,19_Circuit of the Americas,Circuit of the Americas,circuit-of-the-americas,2016-09-17,201609171135_Race,88,17,1,Mark Kvamme,2:19.289,49.820,54.455,35.014,87.8,37:24.699,139289,0,0,21
2016,19_Circuit of the Americas,Circuit of the Americas,circuit-of-the-americas,2016-09-17,201609171135_Race,88,18,1,Mark Kvamme,2:20.683,51.291,55.106,34.286,86.9,39:45.382,140683,0,0,21
2016,19_Circuit of the Americas,Circuit of the Americas,circuit-of-the-americas,2016-09-17,201609171135_Race,88,19,1,Mark Kvamme,2:14.893,49.700,50.272,34.921,90.7,42:00.275,134893,0,0,21
2016,19_Circuit of the Americas,Circuit of the Americas,circuit-of-the-americas,2016-09-17,201609171135_Race,88,20,1,Mark Kvamme,2:27.356,48.130,1:01.314,37.912,83.0,44:27.631,147356,0,0,21
2016,19_Circuit of the Americas,Circuit of the Americas,circuit-of-the-americas,2016-09-17,201609171135_Race,88,21,1,Mark Kvamme,3:17.760,1:06.699,1:23.504,47.557,61.8,47:45.391,197760,0,0,21
2016,19_Circuit of the Americas,Circuit of the Americas,circuit-of-the-americas,2016-09-17,201609171135_Race,88,22,1,Mark Kvamme,2:59.738,1:08.155,1:16.115,35.468,68.1,50:45.129,179738,0,0,21
2016,19_Circuit of the Americas,Circuit of the Americas,circuit-of-the-americas,2016-09-17,201609171135_Race,88,23,1,Mark Kvamme,2:20.948,50.117,51.154,39.677,86.8,53:06.077,140948,0,0,21
2016,19_Circuit of the Americas,Circuit of the Americas,circuit-of-the-americas,2016-09-17,201609171135_Race,88,24,1,Mark Kvamme,3:24.180,1:05.470,1:27.029,51.681,59.9,56:30.257,204180,0,0,21
2016,19_Circuit of the Americas,Circuit of the Americas,circuit-of-the-americas,2016-09-17,201609171135_Race,88,25,1,Mark Kvamme,2:56.879,1:03.739,1:17.610,35.530,69.2,59:27.136,176879,0,0,21
2016,19_Circuit of the Americas,Circuit of the Americas,circuit-of-the-americas,2016-09-17,201609171135_Race,88,26,1,Mark Kvamme,2:33.424,48.347,50.645,54.432,79.7,1:02:00.560,153424,0,1,21
2016,19_Circuit of the Americas,Circuit of the Americas,circuit-of-the-americas,2016-09-17,201609171135_Race,88,27,2,Richard Bradley,4:15.309,2:55.098,47.761,32.450,47.9,1:06:15.869,255309,0,0,21
2016,19_Circuit of the Americas,Circuit of the Americas,circuit-of-the-americas,2016-09-17,201609171135_Race,88,28,2,Richard Bradley,2:05.230,44.468,47.510,33.252,97.7,1:08:21.099,125230,0,0,21
2016,19_Circuit of the Americas,Circuit of the Americas,circuit-of-the-americas,2016-09-17,201609171135_Race,88,29,2,Richard Bradley,2:24.876,46.541,47.475,50.860,84.5,1:10:45.975,144876,0,1,21
2016,19_Circuit of the Americas,Circuit of the Americas,circuit-of-the-americas,2016-09-17,201609171135_Race,88,30,2,Richard Bradley,15:47.250,,47.092,32.023,12.9,1:26:33.225,947250,0,0,21
2016,19_Circuit of the Americas,Circuit of the Americas,circuit-of-the-americas,2016-09-17,201609171135_Race,88,31,2,Richard Bradley,2:03.091,44.212,46.773,32.106,99.4,1:28:36.316,123091,0,0,21
2016,19_Circuit of the Americas,Circuit of the Americas,circuit-of-the-americas,2016-09-17,201609171135_Race,88,32,2,Richard Bradley,2:04.262,44.187,47.763,32.312,98.4,1:30:40.578,124262,0,0,21
2016,19_Circuit of the Americas,Circuit of the Americas,circuit-of-the-americas,2016-09-17,201609171135_Race,88,33,2,Richard Bradley,2:04.567,44.314,47.228,33.025,98.2,1:32:45.145,124567,0,0,21
2016,19_Circuit of the Americas,Circuit of the Americas,circuit-of-the-americas,2016-09-17,201609171135_Race,88,34,2,Richard Bradley,2:05.207,44.822,47.317,33.068,97.7,1:34:50.352,125207,0,0,21
2016,19_Circuit of the Americas,Circuit of the Americas,circuit-of-the-americas,2016-09-17,201609171135_Race,88,35,2,Richard Bradley,2:06.325,45.319,48.330,32.676,96.8,1:36:56.677,126325,0,0,21
2016,19_Circuit of the Americas,Circuit of the Americas,circuit-of-the-americas,2016-09-17,201609171135_Race,88,36,2,Richard Bradley,2:06.599,45.061,48.132,33.406,96.6,1:39:03.276,126599,0,0,21
2016,19_Circuit of the Americas,Circuit of the Americas,circuit-of-the-americas,2016-09-17,201609171135_Race,88,37,2,Richard Bradley,2:06.860,46.814,47.619,32.427,96.4,1:41:10.136,126860,0,0,21
2016,19_Circuit of the Americas,Circuit of the Americas,circuit-of-the-americas,2016-09-17,201609171135_Race,88,38,2,Richard Bradley,2:04.691,44.789,47.435,32.467,98.1,1:43:14.827,124691,0,0,21
2016,19_Circuit of the Americas,Circuit of the Americas,circuit-of-the-americas,2016-09-17,201609171135_Race,88,39,2,Richard Bradley,2:06.721,45.945,48.160,32.616,96.5,1:45:21.548,126721,0,0,21
2016,19_Circuit of the Americas,Circuit of the Americas,circuit-of-the-americas,2016-09-17,201609171135_Race,88,40,2,Richard Bradley,2:07.817,46.902,48.425,32.490,95.7,1:47:29.365,127817,0,0,21
2016,19_Circuit of the Americas,Circuit of the Americas,circuit-of-the-americas,2016-09-17,201609171135_Race,88,41,2,Richard Bradley,2:07.340,45.419,47.970,33.951,96.1,1:49:36.705,127340,0,0,21
2016,19_Circuit of the Americas,Circuit of the Americas,circuit-of-the-americas,2016-09-17,201609171135_Race,88,42,2,Richard Bradley,2:05.814,45.398,47.758,32.658,97.3,1:51:42.519,125814,0,0,21
2016,19_Circuit of the Americas,Circuit of the Americas,circuit-of-the-americas,2016-09-17,201609171135_Race,88,43,2,Richard Bradley,2:05.949,45.439,47.941,32.569,97.1,1:53:48.468,125949,0,0,21
2016,19_Circuit of the Americas,Circuit of the Americas,circuit-of-the-americas,2016-09-17,201609171135_Race,88,44,2,Richard Bradley,2:06.053,45.259,48.068,32.726,97.1,1:55:54.521,126053,0,0,21
2016,19_Circuit of the Americas,Circuit of the Americas,circuit-of-the-americas,2016-09-17,201609171135_Race,88,45,2,Richard Bradley,2:05.974,45.506,47.834,32.634,97.1,1:58:00.495,125974,0,0,21
2016,19_Circuit of the Americas,Circuit of the Americas,circuit-of-the-americas,2016-09-17,201609171135_Race,88,46,2,Richard Bradley,2:05.781,45.240,48.032,32.509,97.3,2:00:06.276,125781,0,0,21
2016,19_Circuit of the Americas,Circuit of the Americas,circuit-of-the-americas,2016-09-17,201609171135_Race,88,47,2,Richard Bradley,2:05.407,44.993,47.799,32.615,97.6,2:02:11.683,125407,0,0,21
2016,19_Circuit of the Americas,Circuit of the Americas,circuit-of-the-americas,2016-09-17,201609171135_Race,88,48,2,Richard Bradley,2:05.597,45.199,47.863,32.535,97.4,2:04:17.280,125597,0,0,21
2016,19_Circuit of the Americas,Circuit of the Americas,circuit-of-the-americas,2016-09-17,201609171135_Race,88,49,2,Richard Bradley,2:05.154,45.147,47.701,32.306,97.8,2:06:22.434,125154,0,0,21
2016,19_Circuit of the Americas,Circuit of the Americas,circuit-of-the-americas,2016-09-17,201609171135_Race,88,50,2,Richard Bradley,2:05.859,45.450,47.920,32.489,97.2,2:08:28.293,125859,0,0,21
2016,19_Circuit of the Americas,Circuit of the Americas,circuit-of-the-americas,2016-09-17,201609171135_Race,88,51,2,Richard Bradley,2:06.624,45.632,47.983,33.009,96.6,2:10:34.917,126624,0,0,21
2016,19_Circuit of the Americas,Circuit of the Americas,circuit-of-the-americas,2016-09-17,201609171135_Race,88,52,2,Richard Bradley,2:05.425,45.248,47.735,32.442,97.6,2:12:40.342,125425,0,0,21
2016,19_Circuit of the Americas,Circuit of the Americas,circuit-of-the-americas,2016-09-17,201609171135_Race,88,53,2,Richard Bradley,2:07.523,45.737,48.124,33.662,96.0,2:14:47.865,127523,0,0,21
2016,19_Circuit of the Americas,Circuit of the Americas,circuit-of-the-americas,2016-09-17,201609171135_Race,88,54,2,Richard Bradley,2:09.583,47.316,48.709,33.558,94.4,2:16:57.448,129583,0,0,21
2016,19_Circuit of the Americas,Circuit of the Americas,circuit-of-the-americas,2016-09-17,201609171135_Race,88,55,2,Richard Bradley,2:23.037,45.283,47.881,49.873,85.5,2:19:20.485,143037,0,1,21
2016,19_Circuit of the Americas,Circuit of the Americas,circuit-of-the-americas,2016-09-17,201609171135_Race,88,56,1,Mark Kvamme,3:11.979,1:43.989,52.989,35.001,63.7,2:22:32.464,191979,0,0,21
2016,19_Circuit of the Americas,Circuit of the Americas,circuit-of-the-americas,2016-09-17,201609171135_Race,88,57,1,Mark Kvamme,2:18.378,50.502,52.328,35.548,88.4,2:24:50.842,138378,0,0,21
2016,19_Circuit of the Americas,Circuit of the Americas,circuit-of-the-americas,2016-09-17,201609171135_Race,88,58,1,Mark Kvamme,2:14.694,48.969,51.050,34.675,90.8,2:27:05.536,134694,0,0,21
2016,19_Circuit of the Americas,Circuit of the Americas,circuit-of-the-americas,2016-09-17,201609171135_Race,88,59,1,Mark Kvamme,2:13.969,49.426,50.366,34.177,91.3,2:29:19.505,133969,0,0,21
2016,19_Circuit of the Americas,Circuit of the Americas,circuit-of-the-americas,2016-09-17,201609171135_Race,88,60,1,Mark Kvamme,2:14.374,49.312,50.315,34.747,91.0,2:31:33.879,134374,0,0,21
2016,19_Circuit of the Americas,Circuit of the Americas,circuit-of-the-americas,2016-09-17,201609171135_Race,88,61,1,Mark Kvamme,2:17.406,49.892,52.664,34.850,89.1,2:33:51.285,137406,0,0,21
2016,19_Circuit of the Americas,Circuit of the Americas,circuit-of-the-americas,2016-09-17,201609171135_Race,88,62,1,Mark Kvamme,2:15.767,49.339,51.758,34.670,90.1,2:36:07.052,135767,0,0,21
2016,19_Circuit of the Americas,Circuit of the Americas,circuit-of-the-americas,2016-09-17,201609171135_Race,88,63,1,Mark Kvamme,2:19.531,50.389,53.649,35.493,87.7,2:38:26.583,139531,0,0,21
2016,19_Circuit of the Americas,Circuit of the Americas,circuit-of-the-americas,2016-09-17,201609171135_Race,88,64,1,Mark Kvamme,2:16.322,50.459,50.884,34.979,89.7,2:40:42.905,136322,0,0,21
2016,19_Circuit of the Americas,Circuit of the Americas,circuit-of-the-americas,2016-09-17,201609171135_Race,88,65,1,Mark Kvamme,2:14.545,49.083,50.167,35.295,90.9,2:42:57.450,134545,0,0,21
2016,19_Circuit of the Americas,Circuit of the Americas,circuit-of-the-americas,2016-09-17,201609171135_Race,90,1,1,Marc Goossens,2:05.900,46.878,47.057,31.965,97.2,2:05.900,,,0,21
2016,19_Circuit of the Americas,Circuit of the Americas,circuit-of-the-americas,2016-09-17,201609171135_Race,90,2,1,Marc Goossens,2:02.215,44.014,46.540,31.661,100.1,4:08.115,122215,0,0,21
2016,19_Circuit of the Americas,Circuit of the Americas,circuit-of-the-americas,2016-09-17,201609171135_Race,90,3,1,Marc Goossens,2:02.009,43.913,46.407,31.689,100.3,6:10.124,122009,0,0,21
2016,19_Circuit of the Americas,Circuit of the Americas,circuit-of-the-americas,2016-09-17,201609171135_Race,90,4,1,Marc Goossens,2:01.376,43.597,46.203,31.576,100.8,8:11.500,121376,0,0,21
2016,19_Circuit of the Americas,Circuit of the Americas,circuit-of-the-americas,2016-09-17,201609171135_Race,90,5,1,Marc Goossens,2:01.444,43.578,46.378,31.488,100.7,10:12.944,121444,0,0,21
2016,19_Circuit of the Americas,Circuit of the Americas,circuit-of-the-americas,2016-09-17,201609171135_Race,90,6,1,Marc Goossens,2:01.453,43.701,46.272,31.480,100.7,12:14.397,121453,0,0,21
2016,19_Circuit of the Americas,Circuit of the Americas,circuit-of-the-americas,2016-09-17,201609171135_Race,90,7,1,Marc Goossens,2:01.912,43.704,46.646,31.562,100.4,14:16.309,121912,0,0,21
2016,19_Circuit of the Americas,Circuit of the Americas,circuit-of-the-americas,2016-09-17,201609171135_Race,90,8,1,Marc Goossens,2:01.676,43.848,46.493,31.335,100.5,16:17.985,121676,0,0,21
2016,19_Circuit of the Americas,Circuit of the Americas,circuit-of-the-americas,2016-09-17,201609171135_Race,90,9,1,Marc Goossens,2:01.826,43.886,46.426,31.514,100.4,18:19.811,121826,0,0,21
2016,19_Circuit of the Americas,Circuit of the Americas,circuit-of-the-americas,2016-09-17,201609171135_Race,90,10,1,Marc Goossens,2:02.847,44.335,46.718,31.794,99.6,20:22.658,122847,0,0,21
2016,19_Circuit of the Americas,Circuit of the Americas,circuit-of-the-americas,2016-09-17,201609171135_Race,90,11,1,Marc Goossens,2:04.566,45.737,46.998,31.831,98.2,22:27.224,124566,0,0,21
2016,19_Circuit of the Americas,Circuit of the Americas,circuit-of-the-americas,2016-09-17,201609171135_Race,90,12,1,Marc Goossens,2:03.964,44.529,46.882,32.553,98.7,24:31.188,123964,0,0,21
2016,19_Circuit of the Americas,Circuit of the Americas,circuit-of-the-americas,2016-09-17,201609171135_Race,90,13,1,Marc Goossens,2:02.677,43.955,46.646,32.076,99.7,26:33.865,122677,0,0,21
2016,19_Circuit of the Americas,Circuit of the Americas,circuit-of-the-americas,2016-09-17,201609171135_Race,90,14,1,Marc Goossens,2:01.994,43.889,46.558,31.547,100.3,28:35.859,121994,0,0,22
2016,19_Circuit of the Americas,Circuit of the Americas,circuit-of-the-americas,2016-09-17,201609171135_Race,90,15,1,Marc Goossens,2:02.914,44.586,46.469,31.859,99.6,30:38.773,122914,0,0,22
2016,19_Circuit of the Americas,Circuit of the Americas,circuit-of-the-americas,2016-09-17,201609171135_Race,90,16,1,Marc Goossens,2:02.977,44.027,46.795,32.155,99.5,32:41.750,122977,0,0,22
2016,19_Circuit of the Americas,Circuit of the Americas,circuit-of-the-americas,2016-09-17,201609171135_Race,90,17,1,Marc Goossens,1:13:45.083,,49.018,3:08.477,2.7,1:46:26.833,4425083,0,1,22
2016,19_Circuit of the Americas,Circuit of the Americas,circuit-of-the-americas,2016-09-17,201609171135_Race,90,18,1,Marc Goossens,2:19.943,59.380,47.626,32.937,87.4,1:48:46.776,139943,0,0,22
2016,19_Circuit of the Americas,Circuit of the Americas,circuit-of-the-americas,2016-09-17,201609171135_Race,90,19,1,Marc Goossens,2:03.485,44.723,46.975,31.787,99.1,1:50:50.261,123485,0,0,22
2016,19_Circuit of the Americas,Circuit of the Americas,circuit-of-the-americas,2016-09-17,201609171135_Race,90,20,1,Marc Goossens,2:02.937,44.169,47.121,31.647,99.5,1:52:53.198,122937,0,0,22
2016,19_Circuit of the Americas,Circuit of the Americas,circuit-of-the-americas,2016-09-17,201609171135_Race,90,21,1,Marc Goossens,2:04.240,45.136,47.000,32.104,98.5,1:54:57.438,124240,0,0,22
2016,19_Circuit of the Americas,Circuit of the Americas,circuit-of-the-americas,2016-09-17,201609171135_Race,90,22,1,Marc Goossens,2:05.079,46.418,46.988,31.673,97.8,1:57:02.517,125079,0,0,22
2016,19_Circuit of the Americas,Circuit of the Americas,circuit-of-the-americas,2016-09-17,201609171135_Race,90,23,1,Marc Goossens,2:03.376,44.249,47.011,32.116,99.2,1:59:05.893,123376,0,0,22
2016,19_Circuit of the Americas,Circuit of the Americas,circuit-of-the-americas,2016-09-17,201609171135_Race,90,24,1,Marc Goossens,2:06.269,44.454,49.494,32.321,96.9,2:01:12.162,126269,0,0,22
2016,19_Circuit of the Americas,Circuit of the Americas,circuit-of-the-americas,2016-09-17,201609171135_Race,90,25,1,Marc Goossens,7:10.480,44.720,47.789,5:37.971,28.4,2:08:22.642,430480,0,1,22
2016,19_Circuit of the Americas,Circuit of the Americas,circuit-of-the-americas,2016-09-17,201609171135_Race,90,26,2,Ryan Dalziel,2:15.103,54.592,47.311,33.200,90.5,2:10:37.745,135103,0,0,22
2016,19_Circuit of the Americas,Circuit of the Americas,circuit-of-the-americas,2016-09-17,201609171135_Race,90,27,2,Ryan Dalziel,5:06.297,47.123,47.407,3:31.767,39.9,2:15:44.042,306297,0,1,22
2016,19_Circuit of the Americas,Circuit of the Americas,circuit-of-the-americas,2016-09-17,201609171135_Race,90,28,2,Ryan Dalziel,2:17.085,55.457,48.585,33.043,89.2,2:18:01.127,137085,0,0,22
2016,19_Circuit of the Americas,Circuit of the Americas,circuit-of-the-americas,2016-09-17,201609171135_Race,90,29,2,Ryan Dalziel,2:06.462,45.483,48.285,32.694,96.8,2:20:07.589,126462,0,0,22
2016,19_Circuit of the Americas,Circuit of the Americas,circuit-of-the-americas,2016-09-17,201609171135_Race,90,30,2,Ryan Dalziel,4:00.064,46.046,48.872,2:25.146,51.0,2:24:07.653,240064,0,1,22
2016,19_Circuit of the Americas,Circuit of the Americas,circuit-of-the-americas,2016-09-17,201609171135_Race,90,31,2,Ryan Dalziel,2:11.460,52.071,47.471,31.918,93.0,2:26:19.113,131460,0,0,22
2016,19_Circuit of the Americas,Circuit of the Americas,circuit-of-the-americas,2016-09-17,201609171135_Race,90,32,2,Ryan Dalziel,2:01.504,43.457,46.416,31.631,100.7,2:28:20.617,121504,0,0,22
2016,19_Circuit of the Americas,Circuit of the Americas,circuit-of-the-americas,2016-09-17,201609171135_Race,90,33,2,Ryan Dalziel,2:02.550,43.807,46.805,31.938,99.8,2:30:23.167,122550,0,0,22
2016,19_Circuit of the Americas,Circuit of the Americas,circuit-of-the-americas,2016-09-17,201609171135_Race,90,34,2,Ryan Dalziel,2:05.241,45.759,47.291,32.191,97.7,2:32:28.408,125241,0,0,22
2016,19_Circuit of the Americas,Circuit of the Americas,circuit-of-the-americas,2016-09-17,201609171135_Race,90,35,2,Ryan Dalziel,2:04.227,44.232,47.178,32.817,98.5,2:34:32.635,124227,0,0,22
2016,19_Circuit of the Americas,Circuit of the Americas,circuit-of-the-americas,2016-09-17,201609171135_Race,90,36,2,Ryan Dalziel,2:16.158,47.541,51.330,37.287,89.9,2:36:48.793,136158,0,0,22
2016,19_Circuit of the Americas,Circuit of the Americas,circuit-of-the-americas,2016-09-17,201609171135_Race,90,37,2,Ryan Dalziel,2:07.331,44.500,50.460,32.371,96.1,2:38:56.124,127331,0,0,22
2016,19_Circuit of the Americas,Circuit of the Americas,circuit-of-the-americas,2016-09-17,201609171135_Race,90,38,2,Ryan Dalziel,2:11.569,47.377,49.831,34.361,93.0,2:41:07.693,131569,0,0,22
2016,19_Circuit of the Americas,Circuit of the Americas,circuit-of-the-americas,2016-09-17,201609171135_Race,90,39,2,Ryan Dalziel,2:13.598,48.539,50.202,34.857,91.5,2:43:21.291,133598,0,0,22
2016,19_Circuit of the Americas,Circuit of the Americas,circuit-of-the-americas,2016-09-17,201609171135_Race,96,1,1,Bret Curtis,2:43.618,1:18.030,50.552,35.036,74.8,2:43.618,,,0,22
2016,19_Circuit of the Americas,Circuit of the Americas,circuit-of-the-americas,2016-09-17,201609171135_Race,96,2,1,Bret Curtis,2:11.415,47.331,49.706,34.378,93.1,4:55.033,131415,0,0,22
2016,19_Circuit of the Americas,Circuit of the Americas,circuit-of-the-americas,2016-09-17,201609171135_Race,96,3,1,Bret Curtis,2:09.964,47.533,48.269,34.162,94.1,7:04.997,129964,0,0,22
2016,19_Circuit of the Americas,Circuit of the Americas,circuit-of-the-americas,2016-09-17,201609171135_Race,96,4,1,Bret Curtis,2:10.934,47.581,48.896,34.457,93.4,9:15.931,130934,0,0,22
2016,19_Circuit of the Americas,Circuit of the Americas,circuit-of-the-americas,2016-09-17,201609171135_Race,96,5,1,Bret Curtis,2:11.140,47.743,49.092,34.305,93.3,11:27.071,131140,0,0,22
2016,19_Circuit of the Americas,Circuit of the Americas,circuit-of-the-americas,2016-09-17,201609171135_Race,96,6,1,Bret Curtis,2:12.448,48.929,49.107,34.412,92.3,13:39.519,132448,0,0,22
2016,19_Circuit of the Americas,Circuit of the Americas,circuit-of-the-americas,2016-09-17,201609171135_Race,96,7,1,Bret Curtis,2:10.867,47.644,48.849,34.374,93.5,15:50.386,130867,0,0,22
2016,19_Circuit of the Americas,Circuit of the Americas,circuit-of-the-americas,2016-09-17,201609171135_Race,96,8,1,Bret Curtis,2:11.172,47.681,48.966,34.525,93.3,18:01.558,131172,0,0,22
2016,19_Circuit of the Americas,Circuit of the Americas,circuit-of-the-americas,2016-09-17,201609171135_Race,96,9,1,Bret Curtis,2:13.405,48.231,49.952,35.222,91.7,20:14.963,133405,0,0,22
2016,19_Circuit of the Americas,Circuit of the Americas,circuit-of-the-americas,2016-09-17,201609171135_Race,96,10,1,Bret Curtis,2:12.685,48.586,49.110,34.989,92.2,22:27.648,132685,0,0,22
2016,19_Circuit of the Americas,Circuit of the Americas,circuit-of-the-americas,2016-09-17,201609171135_Race,96,11,1,Bret Curtis,2:13.157,49.301,49.344,34.512,91.9,24:40.805,133157,0,0,22
2016,19_Circuit of the Americas,Circuit of the Americas,circuit-of-the-americas,2016-09-17,201609171135_Race,96,12,1,Bret Curtis,2:12.371,48.277,49.301,34.793,92.4,26:53.176,132371,0,0,22
2016,19_Circuit of the Americas,Circuit of the Americas,circuit-of-the-americas,2016-09-17,201609171135_Race,96,13,1,Bret Curtis,2:13.314,48.532,49.475,35.307,91.8,29:06.490,133314,0,0,22
2016,19_Circuit of the Americas,Circuit of the Americas,circuit-of-the-americas,2016-09-17,201609171135_Race,96,14,1,Bret Curtis,2:12.781,48.749,49.283,34.749,92.2,31:19.271,132781,0,0,22
2016,19_Circuit of the Americas,Circuit of the Americas,circuit-of-the-americas,2016-09-17,201609171135_Race,96,15,1,Bret Curtis,2:15.036,49.827,50.151,35.058,90.6,33:34.307,135036,0,0,22
2016,19_Circuit of the Americas,Circuit of the Americas,circuit-of-the-americas,2016-09-17,201609171135_Race,96,16,1,Bret Curtis,2:14.358,48.241,49.821,36.296,91.0,35:48.665,134358,0,0,22
2016,19_Circuit of the Americas,Circuit of the Americas,circuit-of-the-americas,2016-09-17,201609171135_Race,96,17,1,Bret Curtis,2:27.537,54.100,55.808,37.629,82.9,38:16.202,147537,0,0,22
2016,19_Circuit of the Americas,Circuit of the Americas,circuit-of-the-americas,2016-09-17,201609171135_Race,96,18,1,Bret Curtis,2:18.986,51.650,50.138,37.198,88.0,40:35.188,138986,0,0,22
2016,19_Circuit of the Americas,Circuit of the Americas,circuit-of-the-americas,2016-09-17,201609171135_Race,96,19,1,Bret Curtis,3:24.348,1:15.049,1:20.963,48.336,59.9,43:59.536,204348,0,0,22
2016,19_Circuit of the Americas,Circuit of the Americas,circuit-of-the-americas,2016-09-17,201609171135_Race,96,20,1,Bret Curtis,4:11.825,1:16.786,1:22.344,1:32.695,48.5,48:11.361,251825,0,1,22
2016,19_Circuit of the Americas,Circuit of the Americas,circuit-of-the-americas,2016-09-17,201609171135_Race,96,21,2,Jens Klingmann,2:52.780,1:02.137,1:16.214,34.429,70.8,51:04.141,172780,0,0,22
2016,19_Circuit of the Americas,Circuit of the Americas,circuit-of-the-americas,2016-09-17,201609171135_Race,96,22,2,Jens Klingmann,2:16.956,47.438,50.739,38.779,89.3,53:21.097,136956,0,0,22
2016,19_Circuit of the Americas,Circuit of the Americas,circuit-of-the-americas,2016-09-17,201609171135_Race,96,23,2,Jens Klingmann,3:24.803,1:04.446,1:33.456,46.901,59.7,56:45.900,204803,0,0,22
2016,19_Circuit of the Americas,Circuit of the Americas,circuit-of-the-americas,2016-09-17,201609171135_Race,96,24,2,Jens Klingmann,2:53.077,1:03.282,1:15.706,34.089,70.7,59:38.977,173077,0,0,22
2016,19_Circuit of the Americas,Circuit of the Americas,circuit-of-the-americas,2016-09-17,201609171135_Race,96,25,2,Jens Klingmann,2:09.759,46.927,48.647,34.185,94.3,1:01:48.736,129759,0,0,22
2016,19_Circuit of the Americas,Circuit of the Americas,circuit-of-the-americas,2016-09-17,201609171135_Race,96,26,2,Jens Klingmann,2:10.175,47.228,48.613,34.334,94.0,1:03:58.911,130175,0,0,22
2016,19_Circuit of the Americas,Circuit of the Americas,circuit-of-the-americas,2016-09-17,201609171135_Race,96,27,2,Jens Klingmann,2:10.232,47.170,48.618,34.444,94.0,1:06:09.143,130232,0,0,22
2016,19_Circuit of the Americas,Circuit of the Americas,circuit-of-the-americas,2016-09-17,201609171135_Race,96,28,2,Jens Klingmann,2:10.505,47.116,48.455,34.934,93.7,1:08:19.648,130505,0,0,22
2016,19_Circuit of the Americas,Circuit of the Americas,circuit-of-the-americas,2016-09-17,201609171135_Race,96,29,2,Jens Klingmann,2:10.132,46.746,49.160,34.226,94.0,1:10:29.780,130132,0,0,22
2016,19_Circuit of the Americas,Circuit of the Americas,circuit-of-the-americas,2016-09-17,201609171135_Race,96,30,2,Jens Klingmann,2:11.086,47.681,49.244,34.161,93.3,1:12:40.866,131086,0,0,22
2016,19_Circuit of the Americas,Circuit of the Americas,circuit-of-the-americas,2016-09-17,201609171135_Race,96,31,2,Jens Klingmann,2:09.901,46.768,49.010,34.123,94.1,1:14:50.767,129901,0,0,22
2016,19_Circuit of the Americas,Circuit of the Americas,circuit-of-the-americas,2016-09-17,201609171135_Race,96,32,2,Jens Klingmann,2:09.639,46.697,48.767,34.175,94.3,1:17:00.406,129639,0,0,22
2016,19_Circuit of the Americas,Circuit of the Americas,circuit-of-the-americas,2016-09-17,201609171135_Race,96,33,2,Jens Klingmann,2:09.972,47.015,48.902,34.055,94.1,1:19:10.378,129972,0,0,22
2016,19_Circuit of the Americas,Circuit of the Americas,circuit-of-the-americas,2016-09-17,201609171135_Race,96,34,2,Jens Klingmann,2:10.046,47.348,48.625,34.073,94.1,1:21:20.424,130046,0,0,22
2016,19_Circuit of the Americas,Circuit of the Americas,circuit-of-the-americas,2016-09-17,201609171135_Race,96,35,2,Jens Klingmann,2:10.531,46.996,49.396,34.139,93.7,1:23:30.955,130531,0,0,22
2016,19_Circuit of the Americas,Circuit of the Americas,circuit-of-the-americas,2016-09-17,201609171135_Race,96,36,2,Jens Klingmann,2:10.510,47.389,49.031,34.090,93.7,1:25:41.465,130510,0,0,22
2016,19_Circuit of the Americas,Circuit of the Americas,circuit-of-the-americas,2016-09-17,201609171135_Race,96,37,2,Jens Klingmann,2:10.195,47.112,49.016,34.067,94.0,1:27:51.660,130195,0,0,22
2016,19_Circuit of the Americas,Circuit of the Americas,circuit-of-the-americas,2016-09-17,201609171135_Race,96,38,2,Jens Klingmann,2:10.421,47.358,48.938,34.125,93.8,1:30:02.081,130421,0,0,22
2016,19_Circuit of the Americas,Circuit of the Americas,circuit-of-the-americas,2016-09-17,201609171135_Race,96,39,2,Jens Klingmann,2:10.498,47.217,49.039,34.242,93.7,1:32:12.579,130498,0,0,22
2016,19_Circuit of the Americas,Circuit of the Americas,circuit-of-the-americas,2016-09-17,201609171135_Race,96,40,2,Jens Klingmann,2:10.353,47.139,48.961,34.253,93.8,1:34:22.932,130353,0,0,22
2016,19_Circuit of the Americas,Circuit of the Americas,circuit-of-the-americas,2016-09-17,201609171135_Race,96,41,2,Jens Klingmann,2:10.716,47.438,49.056,34.222,93.6,1:36:33.648,130716,0,0,22
2016,19_Circuit of the Americas,Circuit of the Americas,circuit-of-the-americas,2016-09-17,201609171135_Race,96,42,2,Jens Klingmann,2:11.037,47.494,49.167,34.376,93.3,1:38:44.685,131037,0,0,22
2016,19_Circuit of the Americas,Circuit of the Americas,circuit-of-the-americas,2016-09-17,201609171135_Race,96,43,2,Jens Klingmann,3:01.048,47.316,49.374,1:24.358,67.6,1:41:45.733,181048,0,1,22
2016,19_Circuit of the Americas,Circuit of the Americas,circuit-of-the-americas,2016-09-17,201609171135_Race,96,44,2,Jens Klingmann,2:19.815,56.499,49.074,34.242,87.5,1:44:05.548,139815,0,0,22
2016,19_Circuit of the Americas,Circuit of the Americas,circuit-of-the-americas,2016-09-17,201609171135_Race,96,45,2,Jens Klingmann,2:09.843,46.900,48.867,34.076,94.2,1:46:15.391,129843,0,0,22
2016,19_Circuit of the Americas,Circuit of the Americas,circuit-of-the-americas,2016-09-17,201609171135_Race,96,46,2,Jens Klingmann,2:10.438,47.771,48.564,34.103,93.8,1:48:25.829,130438,0,0,22
2016,19_Circuit of the Americas,Circuit of the Americas,circuit-of-the-americas,2016-09-17,201609171135_Race,96,47,2,Jens Klingmann,2:09.804,46.827,48.858,34.119,94.3,1:50:35.633,129804,0,0,22
2016,19_Circuit of the Americas,Circuit of the Americas,circuit-of-the-americas,2016-09-17,201609171135_Race,96,48,2,Jens Klingmann,2:09.952,46.916,48.866,34.170,94.1,1:52:45.585,129952,0,0,22
2016,19_Circuit of the Americas,Circuit of the Americas,circuit-of-the-americas,2016-09-17,201609171135_Race,96,49,2,Jens Klingmann,2:11.042,47.569,48.920,34.553,93.3,1:54:56.627,131042,0,0,22
2016,19_Circuit of the Americas,Circuit of the Americas,circuit-of-the-americas,2016-09-17,201609171135_Race,96,50,2,Jens Klingmann,2:11.067,47.147,49.354,34.566,93.3,1:57:07.694,131067,0,0,22
2016,19_Circuit of the Americas,Circuit of the Americas,circuit-of-the-americas,2016-09-17,201609171135_Race,96,51,2,Jens Klingmann,2:11.039,47.592,48.917,34.530,93.3,1:59:18.733,131039,0,0,22
2016,19_Circuit of the Americas,Circuit of the Americas,circuit-of-the-americas,2016-09-17,201609171135_Race,96,52,2,Jens Klingmann,2:10.303,47.113,49.006,34.184,93.9,2:01:29.036,130303,0,0,22
2016,19_Circuit of the Americas,Circuit of the Americas,circuit-of-the-americas,2016-09-17,201609171135_Race,96,53,2,Jens Klingmann,2:10.687,47.694,48.886,34.107,93.6,2:03:39.723,130687,0,0,22
2016,19_Circuit of the Americas,Circuit of the Americas,circuit-of-the-americas,2016-09-17,201609171135_Race,96,54,2,Jens Klingmann,2:10.214,46.990,48.995,34.229,94.0,2:05:49.937,130214,0,0,22
2016,19_Circuit of the Americas,Circuit of the Americas,circuit-of-the-americas,2016-09-17,201609171135_Race,96,55,2,Jens Klingmann,2:10.597,47.421,49.045,34.131,93.7,2:08:00.534,130597,0,0,22
2016,19_Circuit of the Americas,Circuit of the Americas,circuit-of-the-americas,2016-09-17,201609171135_Race,96,56,2,Jens Klingmann,2:10.477,46.967,49.266,34.244,93.8,2:10:11.011,130477,0,0,22
2016,19_Circuit of the Americas,Circuit of the Americas,circuit-of-the-americas,2016-09-17,201609171135_Race,96,57,2,Jens Klingmann,2:11.034,47.449,49.349,34.236,93.3,2:12:22.045,131034,0,0,22
2016,19_Circuit of the Americas,Circuit of the Americas,circuit-of-the-americas,2016-09-17,201609171135_Race,96,58,2,Jens Klingmann,2:10.779,47.334,49.086,34.359,93.5,2:14:32.824,130779,0,0,22
2016,19_Circuit of the Americas,Circuit of the Americas,circuit-of-the-americas,2016-09-17,201609171135_Race,96,59,2,Jens Klingmann,2:11.858,47.711,49.670,34.477,92.8,2:16:44.682,131858,0,0,22
2016,19_Circuit of the Americas,Circuit of the Americas,circuit-of-the-americas,2016-09-17,201609171135_Race,96,60,2,Jens Klingmann,2:11.037,47.369,49.154,34.514,93.3,2:18:55.719,131037,0,0,22
2016,19_Circuit of the Americas,Circuit of the Americas,circuit-of-the-americas,2016-09-17,201609171135_Race,96,61,2,Jens Klingmann,2:11.136,47.422,49.420,34.294,93.3,2:21:06.855,131136,0,0,22
2016,19_Circuit of the Americas,Circuit of the Americas,circuit-of-the-americas,2016-09-17,201609171135_Race,96,62,2,Jens Klingmann,2:10.802,47.192,49.191,34.419,93.5,2:23:17.657,130802,0,0,22
2016,19_Circuit of the Americas,Circuit of the Americas,circuit-of-the-americas,2016-09-17,201609171135_Race,96,63,2,Jens Klingmann,2:11.039,47.312,49.358,34.369,93.3,2:25:28.696,131039,0,0,22
2016,19_Circuit of the Americas,Circuit of the Americas,circuit-of-the-americas,2016-09-17,201609171135_Race,96,64,2,Jens Klingmann,2:11.958,47.262,49.794,34.902,92.7,2:27:40.654,131958,0,0,22
2016,19_Circuit of the Americas,Circuit of the Americas,circuit-of-the-americas,2016-09-17,201609171135_Race,96,65,2,Jens Klingmann,2:12.502,47.687,49.806,35.009,92.3,2:29:53.156,132502,0,0,22
2016,19_Circuit of the Americas,Circuit of the Americas,circuit-of-the-americas,2016-09-17,201609171135_Race,96,66,2,Jens Klingmann,2:11.331,47.715,49.315,34.301,93.2,2:32:04.487,131331,0,0,22
2016,19_Circuit of the Americas,Circuit of the Americas,circuit-of-the-americas,2016-09-17,201609171135_Race,96,67,2,Jens Klingmann,2:11.290,47.574,49.290,34.426,93.2,2:34:15.777,131290,0,0,22
2016,19_Circuit of the Americas,Circuit of the Americas,circuit-of-the-americas,2016-09-17,201609171135_Race,96,68,2,Jens Klingmann,2:11.269,47.456,49.329,34.484,93.2,2:36:27.046,131269,0,0,22
2016,19_Circuit of the Americas,Circuit of the Americas,circuit-of-the-americas,2016-09-17,201609171135_Race,96,69,2,Jens Klingmann,2:11.966,47.726,49.566,34.674,92.7,2:38:39.012,131966,0,0,22
2016,19_Circuit of the Americas,Circuit of the Americas,circuit-of-the-americas,2016-09-17,201609171135_Race,96,70,2,Jens Klingmann,2:11.683,47.574,49.591,34.518,92.9,2:40:50.695,131683,0,0,22
2016,19_Circuit of the Americas,Circuit of the Americas,circuit-of-the-americas,2016-09-17,201609171135_Race,96,71,2,Jens Klingmann,2:13.013,47.932,49.974,35.107,92.0,2:43:03.708,133013,0,0,22
2016,19_Circuit of the Americas,Circuit of the Americas,circuit-of-the-americas,2016-09-17,201609171135_Race,97,1,1,Michael Marsal,2:44.947,1:19.258,50.727,34.962,74.1,2:44.947,,,0,22
2016,19_Circuit of the Americas,Circuit of the Americas,circuit-of-the-americas,2016-09-17,201609171135_Race,97,2,1,Michael Marsal,2:11.750,48.160,48.787,34.803,92.8,4:56.697,131750,0,0,22
2016,19_Circuit of the Americas,Circuit of the Americas,circuit-of-the-americas,2016-09-17,201609171135_Race,97,3,1,Michael Marsal,2:10.748,47.335,48.559,34.854,93.6,7:07.445,130748,0,0,22
2016,19_Circuit of the Americas,Circuit of the Americas,circuit-of-the-americas,2016-09-17,201609171135_Race,97,4,1,Michael Marsal,2:10.975,47.395,49.043,34.537,93.4,9:18.420,130975,0,0,22
2016,19_Circuit of the Americas,Circuit of the Americas,circuit-of-the-americas,2016-09-17,201609171135_Race,97,5,1,Michael Marsal,2:12.141,48.402,49.034,34.705,92.6,11:30.561,132141,0,0,22
2016,19_Circuit of the Americas,Circuit of the Americas,circuit-of-the-americas,2016-09-17,201609171135_Race,97,6,1,Michael Marsal,2:11.705,47.895,49.114,34.696,92.9,13:42.266,131705,0,0,22
2016,19_Circuit of the Americas,Circuit of the Americas,circuit-of-the-americas,2016-09-17,201609171135_Race,97,7,1,Michael Marsal,2:12.086,47.815,49.339,34.932,92.6,15:54.352,132086,0,0,22
2016,19_Circuit of the Americas,Circuit of the Americas,circuit-of-the-americas,2016-09-17,201609171135_Race,97,8,1,Michael Marsal,2:12.990,48.303,49.653,35.034,92.0,18:07.342,132990,0,0,22
2016,19_Circuit of the Americas,Circuit of the Americas,circuit-of-the-americas,2016-09-17,201609171135_Race,97,9,1,Michael Marsal,2:12.499,48.601,49.394,34.504,92.3,20:19.841,132499,0,0,22
2016,19_Circuit of the Americas,Circuit of the Americas,circuit-of-the-americas,2016-09-17,201609171135_Race,97,10,1,Michael Marsal,2:12.848,48.299,49.432,35.117,92.1,22:32.689,132848,0,0,22
2016,19_Circuit of the Americas,Circuit of the Americas,circuit-of-the-americas,2016-09-17,201609171135_Race,97,11,1,Michael Marsal,2:13.554,48.951,49.733,34.870,91.6,24:46.243,133554,0,0,22
2016,19_Circuit of the Americas,Circuit of the Americas,circuit-of-the-americas,2016-09-17,201609171135_Race,97,12,1,Michael Marsal,2:14.218,49.077,50.053,35.088,91.2,27:00.461,134218,0,0,22
2016,19_Circuit of the Americas,Circuit of the Americas,circuit-of-the-americas,2016-09-17,201609171135_Race,97,13,1,Michael Marsal,2:12.941,48.647,49.673,34.621,92.0,29:13.402,132941,0,0,22
2016,19_Circuit of the Americas,Circuit of the Americas,circuit-of-the-americas,2016-09-17,201609171135_Race,97,14,1,Michael Marsal,2:14.333,49.854,49.139,35.340,91.0,31:27.735,134333,0,0,23
2016,19_Circuit of the Americas,Circuit of the Americas,circuit-of-the-americas,2016-09-17,201609171135_Race,97,15,1,Michael Marsal,2:13.735,48.901,49.847,34.987,91.5,33:41.470,133735,0,0,23
2016,19_Circuit of the Americas,Circuit of the Americas,circuit-of-the-americas,2016-09-17,201609171135_Race,97,16,1,Michael Marsal,2:17.573,49.508,50.834,37.231,88.9,35:59.043,137573,0,0,23
2016,19_Circuit of the Americas,Circuit of the Americas,circuit-of-the-americas,2016-09-17,201609171135_Race,97,17,1,Michael Marsal,2:19.315,50.560,52.885,35.870,87.8,38:18.358,139315,0,0,23
2016,19_Circuit of the Americas,Circuit of the Americas,circuit-of-the-americas,2016-09-17,201609171135_Race,97,18,1,Michael Marsal,2:18.933,51.070,51.448,36.415,88.1,40:37.291,138933,0,0,23
2016,19_Circuit of the Americas,Circuit of the Americas,circuit-of-the-americas,2016-09-17,201609171135_Race,97,19,1,Michael Marsal,4:05.787,1:14.299,1:20.766,1:30.722,49.7,44:43.078,245787,0,1,23
2016,19_Circuit of the Americas,Circuit of the Americas,circuit-of-the-americas,2016-09-17,201609171135_Race,97,20,1,Michael Marsal,3:11.874,1:01.700,1:20.264,49.910,63.8,47:54.952,191874,0,0,23
2016,19_Circuit of the Americas,Circuit of the Americas,circuit-of-the-americas,2016-09-17,201609171135_Race,97,21,1,Michael Marsal,2:57.784,1:06.150,1:16.089,35.545,68.8,50:52.736,177784,0,0,23
2016,19_Circuit of the Americas,Circuit of the Americas,circuit-of-the-americas,2016-09-17,201609171135_Race,97,22,1,Michael Marsal,2:18.803,48.400,49.902,40.501,88.1,53:11.539,138803,0,0,23
2016,19_Circuit of the Americas,Circuit of the Americas,circuit-of-the-americas,2016-09-17,201609171135_Race,97,23,1,Michael Marsal,3:23.556,1:04.185,1:27.853,51.518,60.1,56:35.095,203556,0,0,23
2016,19_Circuit of the Americas,Circuit of the Americas,circuit-of-the-americas,2016-09-17,201609171135_Race,97,24,1,Michael Marsal,2:56.184,1:04.097,1:17.327,34.760,69.4,59:31.279,176184,0,0,23
2016,19_Circuit of the Americas,Circuit of the Americas,circuit-of-the-americas,2016-09-17,201609171135_Race,97,25,1,Michael Marsal,2:11.864,47.913,49.122,34.829,92.8,1:01:43.143,131864,0,0,23
2016,19_Circuit of the Americas,Circuit of the Americas,circuit-of-the-americas,2016-09-17,201609171135_Race,97,26,1,Michael Marsal,2:11.334,47.573,48.908,34.853,93.2,1:03:54.477,131334,0,0,23
2016,19_Circuit of the Americas,Circuit of the Americas,circuit-of-the-americas,2016-09-17,201609171135_Race,97,27,1,Michael Marsal,2:11.870,48.292,49.137,34.441,92.8,1:06:06.347,131870,0,0,23
2016,19_Circuit of the Americas,Circuit of the Americas,circuit-of-the-americas,2016-09-17,201609171135_Race,97,28,1,Michael Marsal,2:10.799,47.508,48.717,34.574,93.5,1:08:17.146,130799,0,0,23
2016,19_Circuit of the Americas,Circuit of the Americas,circuit-of-the-americas,2016-09-17,201609171135_Race,97,29,1,Michael Marsal,2:10.655,47.166,48.858,34.631,93.7,1:10:27.801,130655,0,0,23
2016,19_Circuit of the Americas,Circuit of the Americas,circuit-of-the-americas,2016-09-17,201609171135_Race,97,30,1,Michael Marsal,2:11.664,47.572,49.371,34.721,92.9,1:12:39.465,131664,0,0,23
2016,19_Circuit of the Americas,Circuit of the Americas,circuit-of-the-americas,2016-09-17,201609171135_Race,97,31,1,Michael Marsal,2:12.370,47.725,49.985,34.660,92.4,1:14:51.835,132370,0,0,23
2016,19_Circuit of the Americas,Circuit of the Americas,circuit-of-the-americas,2016-09-17,201609171135_Race,97,32,1,Michael Marsal,2:11.623,48.050,49.124,34.449,93.0,1:17:03.458,131623,0,0,23
2016,19_Circuit of the Americas,Circuit of the Americas,circuit-of-the-americas,2016-09-17,201609171135_Race,97,33,1,Michael Marsal,2:11.874,47.779,49.428,34.667,92.8,1:19:15.332,131874,0,0,23
2016,19_Circuit of the Americas,Circuit of the Americas,circuit-of-the-americas,2016-09-17,201609171135_Race,97,34,1,Michael Marsal,3:01.376,48.009,1:37.437,35.930,67.4,1:22:16.708,181376,0,0,23
2016,19_Circuit of the Americas,Circuit of the Americas,circuit-of-the-americas,2016-09-17,201609171135_Race,97,35,1,Michael Marsal,2:12.620,48.478,49.391,34.751,92.2,1:24:29.328,132620,0,0,23
2016,19_Circuit of the Americas,Circuit of the Americas,circuit-of-the-americas,2016-09-17,201609171135_Race,97,36,1,Michael Marsal,2:15.097,49.492,50.078,35.527,90.5,1:26:44.425,135097,0,0,23
2016,19_Circuit of the Americas,Circuit of the Americas,circuit-of-the-americas,2016-09-17,201609171135_Race,97,37,1,Michael Marsal,2:12.077,48.278,49.040,34.759,92.6,1:28:56.502,132077,0,0,23
2016,19_Circuit of the Americas,Circuit of the Americas,circuit-of-the-americas,2016-09-17,201609171135_Race,97,38,1,Michael Marsal,2:12.994,48.109,49.435,35.450,92.0,1:31:09.496,132994,0,0,23
2016,19_Circuit of the Americas,Circuit of the Americas,circuit-of-the-americas,2016-09-17,201609171135_Race,97,39,1,Michael Marsal,2:14.075,49.404,49.576,35.095,91.2,1:33:23.571,134075,0,0,23
2016,19_Circuit of the Americas,Circuit of the Americas,circuit-of-the-americas,2016-09-17,201609171135_Race,97,40,1,Michael Marsal,2:13.016,48.643,49.565,34.808,92.0,1:35:36.587,133016,0,0,23
2016,19_Circuit of the Americas,Circuit of the Americas,circuit-of-the-americas,2016-09-17,201609171135_Race,97,41,1,Michael Marsal,3:04.384,49.098,51.597,1:23.689,66.3,1:38:40.971,184384,0,1,23
2016,19_Circuit of the Americas,Circuit of the Americas,circuit-of-the-americas,2016-09-17,201609171135_Race,97,42,2,Markus Palttala,2:21.758,57.568,49.571,34.619,86.3,1:41:02.729,141758,0,0,23
2016,19_Circuit of the Americas,Circuit of the Americas,circuit-of-the-americas,2016-09-17,201609171135_Race,97,43,2,Markus Palttala,2:10.063,47.176,48.556,34.331,94.1,1:43:12.792,130063,0,0,23
2016,19_Circuit of the Americas,Circuit of the Americas,circuit-of-the-americas,2016-09-17,201609171135_Race,97,44,2,Markus Palttala,2:11.353,47.909,49.084,34.360,93.2,1:45:24.145,131353,0,0,23
2016,19_Circuit of the Americas,Circuit of the Americas,circuit-of-the-americas,2016-09-17,201609171135_Race,97,45,2,Markus Palttala,2:09.953,46.940,48.621,34.392,94.1,1:47:34.098,129953,0,0,23
2016,19_Circuit of the Americas,Circuit of the Americas,circuit-of-the-americas,2016-09-17,201609171135_Race,97,46,2,Markus Palttala,2:10.705,47.104,49.111,34.490,93.6,1:49:44.803,130705,0,0,23
2016,19_Circuit of the Americas,Circuit of the Americas,circuit-of-the-americas,2016-09-17,201609171135_Race,97,47,2,Markus Palttala,2:12.095,47.928,49.478,34.689,92.6,1:51:56.898,132095,0,0,23
2016,19_Circuit of the Americas,Circuit of the Americas,circuit-of-the-americas,2016-09-17,201609171135_Race,97,48,2,Markus Palttala,2:11.726,47.733,49.332,34.661,92.8,1:54:08.624,131726,0,0,23
2016,19_Circuit of the Americas,Circuit of the Americas,circuit-of-the-americas,2016-09-17,201609171135_Race,97,49,2,Markus Palttala,2:11.708,47.831,48.960,34.917,92.9,1:56:20.332,131708,0,0,23
2016,19_Circuit of the Americas,Circuit of the Americas,circuit-of-the-americas,2016-09-17,201609171135_Race,97,50,2,Markus Palttala,2:11.282,47.743,49.142,34.397,93.2,1:58:31.614,131282,0,0,23
2016,19_Circuit of the Americas,Circuit of the Americas,circuit-of-the-americas,2016-09-17,201609171135_Race,97,51,2,Markus Palttala,2:11.486,47.429,49.385,34.672,93.0,2:00:43.100,131486,0,0,23
2016,19_Circuit of the Americas,Circuit of the Americas,circuit-of-the-americas,2016-09-17,201609171135_Race,97,52,2,Markus Palttala,2:13.390,48.769,49.576,35.045,91.7,2:02:56.490,133390,0,0,23
2016,19_Circuit of the Americas,Circuit of the Americas,circuit-of-the-americas,2016-09-17,201609171135_Race,97,53,2,Markus Palttala,2:12.585,49.067,48.930,34.588,92.3,2:05:09.075,132585,0,0,23
2016,19_Circuit of the Americas,Circuit of the Americas,circuit-of-the-americas,2016-09-17,201609171135_Race,97,54,2,Markus Palttala,2:12.726,48.780,49.334,34.612,92.2,2:07:21.801,132726,0,0,23
2016,19_Circuit of the Americas,Circuit of the Americas,circuit-of-the-americas,2016-09-17,201609171135_Race,97,55,2,Markus Palttala,2:11.403,47.447,49.358,34.598,93.1,2:09:33.204,131403,0,0,23
2016,19_Circuit of the Americas,Circuit of the Americas,circuit-of-the-americas,2016-09-17,201609171135_Race,97,56,2,Markus Palttala,2:12.190,48.250,49.403,34.537,92.5,2:11:45.394,132190,0,0,23
2016,19_Circuit of the Americas,Circuit of the Americas,circuit-of-the-americas,2016-09-17,201609171135_Race,97,57,2,Markus Palttala,2:12.700,47.983,49.815,34.902,92.2,2:13:58.094,132700,0,0,23
2016,19_Circuit of the Americas,Circuit of the Americas,circuit-of-the-americas,2016-09-17,201609171135_Race,97,58,2,Markus Palttala,2:15.154,48.963,49.275,36.916,90.5,2:16:13.248,135154,0,0,23
2016,19_Circuit of the Americas,Circuit of the Americas,circuit-of-the-americas,2016-09-17,201609171135_Race,100,1,1,John Edwards,2:36.488,1:14.929,48.176,33.383,78.2,2:36.488,,,0,23
2016,19_Circuit of the Americas,Circuit of the Americas,circuit-of-the-americas,2016-09-17,201609171135_Race,100,2,1,John Edwards,2:06.472,45.776,47.484,33.212,96.8,4:42.960,126472,0,0,23
2016,19_Circuit of the Americas,Circuit of the Americas,circuit-of-the-americas,2016-09-17,201609171135_Race,100,3,1,John Edwards,2:06.461,45.623,47.377,33.461,96.8,6:49.421,126461,0,0,23
2016,19_Circuit of the Americas,Circuit of the Americas,circuit-of-the-americas,2016-09-17,201609171135_Race,100,4,1,John Edwards,2:06.571,45.762,47.452,33.357,96.6,8:55.992,126571,0,0,23
2016,19_Circuit of the Americas,Circuit of the Americas,circuit-of-the-americas,2016-09-17,201609171135_Race,100,5,1,John Edwards,2:06.311,45.755,47.364,33.192,96.9,11:02.303,126311,0,0,23
2016,19_Circuit of the Americas,Circuit of the Americas,circuit-of-the-americas,2016-09-17,201609171135_Race,100,6,1,John Edwards,2:06.853,45.974,47.575,33.304,96.4,13:09.156,126853,0,0,23
2016,19_Circuit of the Americas,Circuit of the Americas,circuit-of-the-americas,2016-09-17,201609171135_Race,100,7,1,John Edwards,2:06.669,45.920,47.563,33.186,96.6,15:15.825,126669,0,0,23
2016,19_Circuit of the Americas,Circuit of the Americas,circuit-of-the-americas,2016-09-17,201609171135_Race,100,8,1,John Edwards,2:06.618,45.870,47.518,33.230,96.6,17:22.443,126618,0,0,23
2016,19_Circuit of the Americas,Circuit of the Americas,circuit-of-the-americas,2016-09-17,201609171135_Race,100,9,1,John Edwards,2:06.264,45.609,47.504,33.151,96.9,19:28.707,126264,0,0,23
2016,19_Circuit of the Americas,Circuit of the Americas,circuit-of-the-americas,2016-09-17,201609171135_Race,100,10,1,John Edwards,2:06.415,45.753,47.566,33.096,96.8,21:35.122,126415,0,0,23
2016,19_Circuit of the Americas,Circuit of the Americas,circuit-of-the-americas,2016-09-17,201609171135_Race,100,11,1,John Edwards,2:06.762,45.818,47.759,33.185,96.5,23:41.884,126762,0,0,23
2016,19_Circuit of the Americas,Circuit of the Americas,circuit-of-the-americas,2016-09-17,201609171135_Race,100,12,1,John Edwards,2:06.733,45.826,47.694,33.213,96.5,25:48.617,126733,0,0,23
2016,19_Circuit of the Americas,Circuit of the Americas,circuit-of-the-americas,2016-09-17,201609171135_Race,100,13,1,John Edwards,2:07.426,46.033,48.076,33.317,96.0,27:56.043,127426,0,0,23
2016,19_Circuit of the Americas,Circuit of the Americas,circuit-of-the-americas,2016-09-17,201609171135_Race,100,14,1,John Edwards,2:06.976,46.035,47.710,33.231,96.3,30:03.019,126976,0,0,23
2016,19_Circuit of the Americas,Circuit of the Americas,circuit-of-the-americas,2016-09-17,201609171135_Race,100,15,1,John Edwards,2:07.274,46.108,47.965,33.201,96.1,32:10.293,127274,0,0,23
2016,19_Circuit of the Americas,Circuit of the Americas,circuit-of-the-americas,2016-09-17,201609171135_Race,100,16,1,John Edwards,2:07.429,46.043,48.061,33.325,96.0,34:17.722,127429,0,0,23
2016,19_Circuit of the Americas,Circuit of the Americas,circuit-of-the-americas,2016-09-17,201609171135_Race,100,17,1,John Edwards,2:38.072,47.517,59.701,50.854,77.4,36:55.794,158072,0,0,23
2016,19_Circuit of the Americas,Circuit of the Americas,circuit-of-the-americas,2016-09-17,201609171135_Race,100,18,1,John Edwards,2:35.629,1:11.663,49.737,34.229,78.6,39:31.423,155629,0,0,23
2016,19_Circuit of the Americas,Circuit of the Americas,circuit-of-the-americas,2016-09-17,201609171135_Race,100,19,1,John Edwards,2:08.969,46.846,48.394,33.729,94.8,41:40.392,128969,0,0,23
2016,19_Circuit of the Americas,Circuit of the Americas,circuit-of-the-americas,2016-09-17,201609171135_Race,100,20,1,John Edwards,3:20.380,52.238,1:12.566,1:15.576,61.0,45:00.772,200380,0,1,23
2016,19_Circuit of the Americas,Circuit of the Americas,circuit-of-the-americas,2016-09-17,201609171135_Race,100,21,1,John Edwards,3:01.505,58.189,1:16.325,46.991,67.4,48:02.277,181505,0,0,23
2016,19_Circuit of the Americas,Circuit of the Americas,circuit-of-the-americas,2016-09-17,201609171135_Race,100,22,1,John Edwards,2:57.938,1:06.905,1:16.414,34.619,68.7,51:00.215,177938,0,0,23
2016,19_Circuit of the Americas,Circuit of the Americas,circuit-of-the-americas,2016-09-17,201609171135_Race,100,23,1,John Edwards,2:17.701,46.936,49.350,41.415,88.9,53:17.916,137701,0,0,23
2016,19_Circuit of the Americas,Circuit of the Americas,circuit-of-the-americas,2016-09-17,201609171135_Race,100,24,1,John Edwards,3:23.278,1:03.227,1:28.802,51.249,60.2,56:41.194,203278,0,0,23
2016,19_Circuit of the Americas,Circuit of the Americas,circuit-of-the-americas,2016-09-17,201609171135_Race,100,25,1,John Edwards,2:53.917,1:03.831,1:15.971,34.115,70.4,59:35.111,173917,0,0,23
2016,19_Circuit of the Americas,Circuit of the Americas,circuit-of-the-americas,2016-09-17,201609171135_Race,100,26,1,John Edwards,2:09.958,47.241,48.752,33.965,94.1,1:01:45.069,129958,0,0,23
2016,19_Circuit of the Americas,Circuit of the Americas,circuit-of-the-americas,2016-09-17,201609171135_Race,100,27,1,John Edwards,2:08.192,46.684,48.071,33.437,95.5,1:03:53.261,128192,0,0,23
2016,19_Circuit of the Americas,Circuit of the Americas,circuit-of-the-americas,2016-09-17,201609171135_Race,100,28,1,John Edwards,2:06.448,45.600,47.846,33.002,96.8,1:05:59.709,126448,0,0,23
2016,19_Circuit of the Americas,Circuit of the Americas,circuit-of-the-americas,2016-09-17,201609171135_Race,100,29,1,John Edwards,2:06.530,46.066,47.430,33.034,96.7,1:08:06.239,126530,0,0,23
2016,19_Circuit of the Americas,Circuit of the Americas,circuit-of-the-americas,2016-09-17,201609171135_Race,100,30,1,John Edwards,2:05.734,45.371,47.311,33.052,97.3,1:10:11.973,125734,0,0,23
2016,19_Circuit of the Americas,Circuit of the Americas,circuit-of-the-americas,2016-09-17,201609171135_Race,100,31,1,John Edwards,2:06.078,45.406,47.530,33.142,97.0,1:12:18.051,126078,0,0,23
2016,19_Circuit of the Americas,Circuit of the Americas,circuit-of-the-americas,2016-09-17,201609171135_Race,100,32,1,John Edwards,2:06.589,45.581,47.662,33.346,96.6,1:14:24.640,126589,0,0,23
2016,19_Circuit of the Americas,Circuit of the Americas,circuit-of-the-americas,2016-09-17,201609171135_Race,100,33,1,John Edwards,2:07.321,45.816,48.154,33.351,96.1,1:16:31.961,127321,0,0,23
2016,19_Circuit of the Americas,Circuit of the Americas,circuit-of-the-americas,2016-09-17,201609171135_Race,100,34,1,John Edwards,2:06.162,45.541,47.444,33.177,96.9,1:18:38.123,126162,0,0,23
2016,19_Circuit of the Americas,Circuit of the Americas,circuit-of-the-americas,2016-09-17,201609171135_Race,100,35,1,John Edwards,2:06.024,45.451,47.421,33.152,97.1,1:20:44.147,126024,0,0,23
2016,19_Circuit of the Americas,Circuit of the Americas,circuit-of-the-americas,2016-09-17,201609171135_Race,100,36,1,John Edwards,2:06.014,45.517,47.390,33.107,97.1,1:22:50.161,126014,0,0,23
2016,19_Circuit of the Americas,Circuit of the Americas,circuit-of-the-americas,2016-09-17,201609171135_Race,100,37,1,John Edwards,2:07.387,45.854,47.605,33.928,96.0,1:24:57.548,127387,0,0,23
2016,19_Circuit of the Americas,Circuit of the Americas,circuit-of-the-americas,2016-09-17,201609171135_Race,100,38,1,John Edwards,2:06.723,45.959,47.484,33.280,96.5,1:27:04.271,126723,0,0,23
2016,19_Circuit of the Americas,Circuit of the Americas,circuit-of-the-americas,2016-09-17,201609171135_Race,100,39,1,John Edwards,2:06.515,45.680,47.589,33.246,96.7,1:29:10.786,126515,0,0,23
2016,19_Circuit of the Americas,Circuit of the Americas,circuit-of-the-americas,2016-09-17,201609171135_Race,100,40,1,John Edwards,2:06.953,45.630,47.858,33.465,96.4,1:31:17.739,126953,0,0,23
2016,19_Circuit of the Americas,Circuit of the Americas,circuit-of-the-americas,2016-09-17,201609171135_Race,100,41,1,John Edwards,2:07.118,45.986,47.622,33.510,96.3,1:33:24.857,127118,0,0,23
2016,19_Circuit of the Americas,Circuit of the Americas,circuit-of-the-americas,2016-09-17,201609171135_Race,100,42,1,John Edwards,2:07.703,46.555,47.951,33.197,95.8,1:35:32.560,127703,0,0,23
2016,19_Circuit of the Americas,Circuit of the Americas,circuit-of-the-americas,2016-09-17,201609171135_Race,100,43,1,John Edwards,2:06.678,45.621,47.725,33.332,96.6,1:37:39.238,126678,0,0,23
2016,19_Circuit of the Americas,Circuit of the Americas,circuit-of-the-americas,2016-09-17,201609171135_Race,100,44,1,John Edwards,2:07.196,45.698,48.102,33.396,96.2,1:39:46.434,127196,0,0,23
2016,19_Circuit of the Americas,Circuit of the Americas,circuit-of-the-americas,2016-09-17,201609171135_Race,100,45,1,John Edwards,2:07.353,45.706,48.152,33.495,96.1,1:41:53.787,127353,0,0,23
2016,19_Circuit of the Americas,Circuit of the Americas,circuit-of-the-americas,2016-09-17,201609171135_Race,100,46,1,John Edwards,2:07.926,46.318,48.072,33.536,95.6,1:44:01.713,127926,0,0,23
2016,19_Circuit of the Americas,Circuit of the Americas,circuit-of-the-americas,2016-09-17,201609171135_Race,100,47,1,John Edwards,2:08.000,46.306,48.202,33.492,95.6,1:46:09.713,128000,0,0,23
2016,19_Circuit of the Americas,Circuit of the Americas,circuit-of-the-americas,2016-09-17,201609171135_Race,100,48,1,John Edwards,2:07.490,45.778,48.218,33.494,96.0,1:48:17.203,127490,0,0,23
2016,19_Circuit of the Americas,Circuit of the Americas,circuit-of-the-americas,2016-09-17,201609171135_Race,100,49,1,John Edwards,2:49.750,45.955,48.157,1:15.638,72.0,1:51:06.953,169750,0,1,23
2016,19_Circuit of the Americas,Circuit of the Americas,circuit-of-the-americas,2016-09-17,201609171135_Race,100,50,2,Lucas Luhr,2:19.469,57.236,48.556,33.677,87.7,1:53:26.422,139469,0,0,23
2016,19_Circuit of the Americas,Circuit of the Americas,circuit-of-the-americas,2016-09-17,201609171135_Race,100,51,2,Lucas Luhr,2:07.331,46.071,47.730,33.530,96.1,1:55:33.753,127331,0,0,23
2016,19_Circuit of the Americas,Circuit of the Americas,circuit-of-the-americas,2016-09-17,201609171135_Race,100,52,2,Lucas Luhr,2:07.296,45.678,47.716,33.902,96.1,1:57:41.049,127296,0,0,23
2016,19_Circuit of the Americas,Circuit of the Americas,circuit-of-the-americas,2016-09-17,201609171135_Race,100,53,2,Lucas Luhr,2:07.243,45.722,47.975,33.546,96.1,1:59:48.292,127243,0,0,23
2016,19_Circuit of the Americas,Circuit of the Americas,circuit-of-the-americas,2016-09-17,201609171135_Race,100,54,2,Lucas Luhr,2:08.828,47.108,47.902,33.818,95.0,2:01:57.120,128828,0,0,23
2016,19_Circuit of the Americas,Circuit of the Americas,circuit-of-the-americas,2016-09-17,201609171135_Race,100,55,2,Lucas Luhr,2:07.319,45.912,47.819,33.588,96.1,2:04:04.439,127319,0,0,23
2016,19_Circuit of the Americas,Circuit of the Americas,circuit-of-the-americas,2016-09-17,201609171135_Race,100,56,2,Lucas Luhr,2:09.670,46.893,48.814,33.963,94.3,2:06:14.109,129670,0,0,23
2016,19_Circuit of the Americas,Circuit of the Americas,circuit-of-the-americas,2016-09-17,201609171135_Race,100,57,2,Lucas Luhr,2:07.905,46.373,48.079,33.453,95.6,2:08:22.014,127905,0,0,23
2016,19_Circuit of the Americas,Circuit of the Americas,circuit-of-the-americas,2016-09-17,201609171135_Race,100,58,2,Lucas Luhr,2:07.508,45.850,48.194,33.464,96.0,2:10:29.522,127508,0,0,23
2016,19_Circuit of the Americas,Circuit of the Americas,circuit-of-the-americas,2016-09-17,201609171135_Race,100,59,2,Lucas Luhr,2:08.380,45.970,48.328,34.082,95.3,2:12:37.902,128380,0,0,23
2016,19_Circuit of the Americas,Circuit of the Americas,circuit-of-the-americas,2016-09-17,201609171135_Race,100,60,2,Lucas Luhr,2:09.125,46.329,48.323,34.473,94.8,2:14:47.027,129125,0,0,23
2016,19_Circuit of the Americas,Circuit of the Americas,circuit-of-the-americas,2016-09-17,201609171135_Race,100,61,2,Lucas Luhr,2:11.404,47.899,49.264,34.241,93.1,2:16:58.431,131404,0,0,23
2016,19_Circuit of the Americas,Circuit of the Americas,circuit-of-the-americas,2016-09-17,201609171135_Race,100,62,2,Lucas Luhr,2:08.116,46.264,48.006,33.846,95.5,2:19:06.547,128116,0,0,23
2016,19_Circuit of the Americas,Circuit of the Americas,circuit-of-the-americas,2016-09-17,201609171135_Race,100,63,2,Lucas Luhr,2:08.534,46.382,48.427,33.725,95.2,2:21:15.081,128534,0,0,23
2016,19_Circuit of the Americas,Circuit of the Americas,circuit-of-the-americas,2016-09-17,201609171135_Race,100,64,2,Lucas Luhr,2:08.956,47.125,48.165,33.666,94.9,2:23:24.037,128956,0,0,23
2016,19_Circuit of the Americas,Circuit of the Americas,circuit-of-the-americas,2016-09-17,201609171135_Race,100,65,2,Lucas Luhr,2:08.047,46.293,48.168,33.586,95.5,2:25:32.084,128047,0,0,23
2016,19_Circuit of the Americas,Circuit of the Americas,circuit-of-the-americas,2016-09-17,201609171135_Race,100,66,2,Lucas Luhr,2:09.718,46.879,49.053,33.786,94.3,2:27:41.802,129718,0,0,23
2016,19_Circuit of the Americas,Circuit of the Americas,circuit-of-the-americas,2016-09-17,201609171135_Race,100,67,2,Lucas Luhr,2:09.231,46.769,48.742,33.720,94.6,2:29:51.033,129231,0,0,23
2016,19_Circuit of the Americas,Circuit of the Americas,circuit-of-the-americas,2016-09-17,201609171135_Race,100,68,2,Lucas Luhr,2:09.227,46.216,49.223,33.788,94.6,2:32:00.260,129227,0,0,23
2016,19_Circuit of the Americas,Circuit of the Americas,circuit-of-the-americas,2016-09-17,201609171135_Race,100,69,2,Lucas Luhr,2:08.446,46.239,48.105,34.102,95.3,2:34:08.706,128446,0,0,23
2016,19_Circuit of the Americas,Circuit of the Americas,circuit-of-the-americas,2016-09-17,201609171135_Race,100,70,2,Lucas Luhr,2:09.058,47.160,48.208,33.690,94.8,2:36:17.764,129058,0,0,24
2016,19_Circuit of the Americas,Circuit of the Americas,circuit-of-the-americas,2016-09-17,201609171135_Race,100,71,2,Lucas Luhr,2:09.518,46.237,49.121,34.160,94.5,2:38:27.282,129518,0,0,24
2016,19_Circuit of the Americas,Circuit of the Americas,circuit-of-the-americas,2016-09-17,201609171135_Race,100,72,2,Lucas Luhr,2:09.138,47.044,48.333,33.761,94.7,2:40:36.420,129138,0,0,24
2016,19_Circuit of the Americas,Circuit of the Americas,circuit-of-the-americas,2016-09-17,201609171135_Race,100,73,2,Lucas Luhr,2:09.424,47.202,48.494,33.728,94.5,2:42:45.844,129424,0,0,24
2016,19_Circuit of the Americas,Circuit of the Americas,circuit-of-the-americas,2016-09-17,201609171135_Race,911,1,1,Patrick Pilet,2:31.364,1:10.460,47.726,33.178,80.8,2:31.364,,,0,24
2016,19_Circuit of the Americas,Circuit of the Americas,circuit-of-the-americas,2016-09-17,201609171135_Race,911,2,1,Patrick Pilet,2:06.136,45.613,47.433,33.090,97.0,4:37.500,126136,0,0,24
2016,19_Circuit of the Americas,Circuit of the Americas,circuit-of-the-americas,2016-09-17,201609171135_Race,911,3,1,Patrick Pilet,2:05.328,45.272,47.132,32.924,97.6,6:42.828,125328,0,0,24
2016,19_Circuit of the Americas,Circuit of the Americas,circuit-of-the-americas,2016-09-17,201609171135_Race,911,4,1,Patrick Pilet,2:05.625,45.365,47.239,33.021,97.4,8:48.453,125625,0,0,24
2016,19_Circuit of the Americas,Circuit of the Americas,circuit-of-the-americas,2016-09-17,201609171135_Race,911,5,1,Patrick Pilet,2:05.612,45.347,47.256,33.009,97.4,10:54.065,125612,0,0,24
2016,19_Circuit of the Americas,Circuit of the Americas,circuit-of-the-americas,2016-09-17,201609171135_Race,911,6,1,Patrick Pilet,2:06.264,46.028,47.127,33.109,96.9,13:00.329,126264,0,0,24
2016,19_Circuit of the Americas,Circuit of the Americas,circuit-of-the-americas,2016-09-17,201609171135_Race,911,7,1,Patrick Pilet,2:05.995,45.581,47.470,32.944,97.1,15:06.324,125995,0,0,24
2016,19_Circuit of the Americas,Circuit of the Americas,circuit-of-the-americas,2016-09-17,201609171135_Race,911,8,1,Patrick Pilet,2:05.816,45.473,47.287,33.056,97.3,17:12.140,125816,0,0,24
2016,19_Circuit of the Americas,Circuit of the Americas,circuit-of-the-americas,2016-09-17,201609171135_Race,911,9,1,Patrick Pilet,2:05.733,45.387,47.478,32.868,97.3,19:17.873,125733,0,0,24
2016,19_Circuit of the Americas,Circuit of the Americas,circuit-of-the-americas,2016-09-17,201609171135_Race,911,10,1,Patrick Pilet,2:06.005,45.673,47.406,32.926,97.1,21:23.878,126005,0,0,24
2016,19_Circuit of the Americas,Circuit of the Americas,circuit-of-the-americas,2016-09-17,201609171135_Race,911,11,1,Patrick Pilet,2:06.462,45.628,47.763,33.071,96.8,23:30.340,126462,0,0,24
2016,19_Circuit of the Americas,Circuit of the Americas,circuit-of-the-americas,2016-09-17,201609171135_Race,911,12,1,Patrick Pilet,2:06.112,45.553,47.572,32.987,97.0,25:36.452,126112,0,0,24
2016,19_Circuit of the Americas,Circuit of the Americas,circuit-of-the-americas,2016-09-17,201609171135_Race,911,13,1,Patrick Pilet,2:06.567,45.928,47.706,32.933,96.6,27:43.019,126567,0,0,24
2016,19_Circuit of the Americas,Circuit of the Americas,circuit-of-the-americas,2016-09-17,201609171135_Race,911,14,1,Patrick Pilet,2:06.259,45.647,47.497,33.115,96.9,29:49.278,126259,0,0,24
2016,19_Circuit of the Americas,Circuit of the Americas,circuit-of-the-americas,2016-09-17,201609171135_Race,911,15,1,Patrick Pilet,2:06.450,45.664,47.771,33.015,96.8,31:55.728,126450,0,0,24
2016,19_Circuit of the Americas,Circuit of the Americas,circuit-of-the-americas,2016-09-17,201609171135_Race,911,16,1,Patrick Pilet,2:06.640,45.783,47.771,33.086,96.6,34:02.368,126640,0,0,24
2016,19_Circuit of the Americas,Circuit of the Americas,circuit-of-the-americas,2016-09-17,201609171135_Race,911,17,1,Patrick Pilet,2:17.668,46.049,55.893,35.726,88.9,36:20.036,137668,0,0,24
2016,19_Circuit of the Americas,Circuit of the Americas,circuit-of-the-americas,2016-09-17,201609171135_Race,911,18,1,Patrick Pilet,2:16.331,51.518,50.010,34.803,89.7,38:36.367,136331,0,0,24
2016,19_Circuit of the Americas,Circuit of the Americas,circuit-of-the-americas,2016-09-17,201609171135_Race,911,19,1,Patrick Pilet,2:15.266,49.633,50.462,35.171,90.4,40:51.633,135266,0,0,24
2016,19_Circuit of the Americas,Circuit of the Americas,circuit-of-the-americas,2016-09-17,201609171135_Race,911,20,1,Patrick Pilet,3:45.879,1:05.310,1:20.727,1:19.842,54.1,44:37.512,225879,0,1,24
2016,19_Circuit of the Americas,Circuit of the Americas,circuit-of-the-americas,2016-09-17,201609171135_Race,911,21,2,Nick Tandy,3:11.317,1:02.946,1:19.802,48.569,64.0,47:48.829,191317,0,0,24
2016,19_Circuit of the Americas,Circuit of the Americas,circuit-of-the-americas,2016-09-17,201609171135_Race,911,22,2,Nick Tandy,2:56.864,1:07.264,1:15.339,34.261,69.2,50:45.693,176864,0,0,24
2016,19_Circuit of the Americas,Circuit of the Americas,circuit-of-the-americas,2016-09-17,201609171135_Race,911,23,2,Nick Tandy,2:17.275,46.622,49.497,41.156,89.1,53:02.968,137275,0,0,24
2016,19_Circuit of the Americas,Circuit of the Americas,circuit-of-the-americas,2016-09-17,201609171135_Race,911,24,2,Nick Tandy,3:23.357,1:06.065,1:25.214,52.078,60.2,56:26.325,203357,0,0,24
2016,19_Circuit of the Americas,Circuit of the Americas,circuit-of-the-americas,2016-09-17,201609171135_Race,911,25,2,Nick Tandy,2:52.965,1:03.702,1:16.011,33.252,70.7,59:19.290,172965,0,0,24
2016,19_Circuit of the Americas,Circuit of the Americas,circuit-of-the-americas,2016-09-17,201609171135_Race,911,26,2,Nick Tandy,2:06.994,45.711,47.967,33.316,96.3,1:01:26.284,126994,0,0,24
2016,19_Circuit of the Americas,Circuit of the Americas,circuit-of-the-americas,2016-09-17,201609171135_Race,911,27,2,Nick Tandy,2:05.839,45.292,47.324,33.223,97.2,1:03:32.123,125839,0,0,24
2016,19_Circuit of the Americas,Circuit of the Americas,circuit-of-the-americas,2016-09-17,201609171135_Race,911,28,2,Nick Tandy,2:05.159,45.055,47.254,32.850,97.8,1:05:37.282,125159,0,0,24
2016,19_Circuit of the Americas,Circuit of the Americas,circuit-of-the-americas,2016-09-17,201609171135_Race,911,29,2,Nick Tandy,2:05.297,45.197,47.265,32.835,97.6,1:07:42.579,125297,0,0,24
2016,19_Circuit of the Americas,Circuit of the Americas,circuit-of-the-americas,2016-09-17,201609171135_Race,911,30,2,Nick Tandy,2:05.858,45.124,47.788,32.946,97.2,1:09:48.437,125858,0,0,24
2016,19_Circuit of the Americas,Circuit of the Americas,circuit-of-the-americas,2016-09-17,201609171135_Race,911,31,2,Nick Tandy,2:05.995,45.218,47.575,33.202,97.1,1:11:54.432,125995,0,0,24
2016,19_Circuit of the Americas,Circuit of the Americas,circuit-of-the-americas,2016-09-17,201609171135_Race,911,32,2,Nick Tandy,2:06.014,45.554,47.441,33.019,97.1,1:14:00.446,126014,0,0,24
2016,19_Circuit of the Americas,Circuit of the Americas,circuit-of-the-americas,2016-09-17,201609171135_Race,911,33,2,Nick Tandy,2:06.427,46.073,47.428,32.926,96.8,1:16:06.873,126427,0,0,24
2016,19_Circuit of the Americas,Circuit of the Americas,circuit-of-the-americas,2016-09-17,201609171135_Race,911,34,2,Nick Tandy,2:05.852,45.229,47.552,33.071,97.2,1:18:12.725,125852,0,0,24
2016,19_Circuit of the Americas,Circuit of the Americas,circuit-of-the-americas,2016-09-17,201609171135_Race,911,35,2,Nick Tandy,2:05.719,45.395,47.328,32.996,97.3,1:20:18.444,125719,0,0,24
2016,19_Circuit of the Americas,Circuit of the Americas,circuit-of-the-americas,2016-09-17,201609171135_Race,911,36,2,Nick Tandy,2:06.150,45.401,47.698,33.051,97.0,1:22:24.594,126150,0,0,24
2016,19_Circuit of the Americas,Circuit of the Americas,circuit-of-the-americas,2016-09-17,201609171135_Race,911,37,2,Nick Tandy,2:08.836,46.545,49.031,33.260,95.0,1:24:33.430,128836,0,0,24
2016,19_Circuit of the Americas,Circuit of the Americas,circuit-of-the-americas,2016-09-17,201609171135_Race,911,38,2,Nick Tandy,2:06.771,45.684,47.928,33.159,96.5,1:26:40.201,126771,0,0,24
2016,19_Circuit of the Americas,Circuit of the Americas,circuit-of-the-americas,2016-09-17,201609171135_Race,911,39,2,Nick Tandy,2:06.130,45.485,47.513,33.132,97.0,1:28:46.331,126130,0,0,24
2016,19_Circuit of the Americas,Circuit of the Americas,circuit-of-the-americas,2016-09-17,201609171135_Race,911,40,2,Nick Tandy,2:07.041,45.709,47.994,33.338,96.3,1:30:53.372,127041,0,0,24
2016,19_Circuit of the Americas,Circuit of the Americas,circuit-of-the-americas,2016-09-17,201609171135_Race,911,41,2,Nick Tandy,2:06.976,45.515,48.032,33.429,96.3,1:33:00.348,126976,0,0,24
2016,19_Circuit of the Americas,Circuit of the Americas,circuit-of-the-americas,2016-09-17,201609171135_Race,911,42,2,Nick Tandy,2:06.880,45.616,47.833,33.431,96.4,1:35:07.228,126880,0,0,24
2016,19_Circuit of the Americas,Circuit of the Americas,circuit-of-the-americas,2016-09-17,201609171135_Race,911,43,2,Nick Tandy,2:07.039,45.847,47.872,33.320,96.3,1:37:14.267,127039,0,0,24
2016,19_Circuit of the Americas,Circuit of the Americas,circuit-of-the-americas,2016-09-17,201609171135_Race,911,44,2,Nick Tandy,2:07.156,45.667,47.969,33.520,96.2,1:39:21.423,127156,0,0,24
2016,19_Circuit of the Americas,Circuit of the Americas,circuit-of-the-americas,2016-09-17,201609171135_Race,911,45,2,Nick Tandy,2:07.128,45.672,48.031,33.425,96.2,1:41:28.551,127128,0,0,24
2016,19_Circuit of the Americas,Circuit of the Americas,circuit-of-the-americas,2016-09-17,201609171135_Race,911,46,2,Nick Tandy,2:50.316,46.498,48.577,1:15.241,71.8,1:44:18.867,170316,0,1,24
2016,19_Circuit of the Americas,Circuit of the Americas,circuit-of-the-americas,2016-09-17,201609171135_Race,911,47,2,Nick Tandy,2:16.252,55.289,47.786,33.177,89.8,1:46:35.119,136252,0,0,24
2016,19_Circuit of the Americas,Circuit of the Americas,circuit-of-the-americas,2016-09-17,201609171135_Race,911,48,2,Nick Tandy,2:05.789,45.239,47.436,33.114,97.3,1:48:40.908,125789,0,0,24
2016,19_Circuit of the Americas,Circuit of the Americas,circuit-of-the-americas,2016-09-17,201609171135_Race,911,49,2,Nick Tandy,2:05.639,44.956,47.320,33.363,97.4,1:50:46.547,125639,0,0,24
2016,19_Circuit of the Americas,Circuit of the Americas,circuit-of-the-americas,2016-09-17,201609171135_Race,911,50,2,Nick Tandy,2:05.960,45.470,47.522,32.968,97.1,1:52:52.507,125960,0,0,24
2016,19_Circuit of the Americas,Circuit of the Americas,circuit-of-the-americas,2016-09-17,201609171135_Race,911,51,2,Nick Tandy,2:06.428,45.475,47.758,33.195,96.8,1:54:58.935,126428,0,0,24
2016,19_Circuit of the Americas,Circuit of the Americas,circuit-of-the-americas,2016-09-17,201609171135_Race,911,52,2,Nick Tandy,2:06.234,45.626,47.681,32.927,96.9,1:57:05.169,126234,0,0,24
2016,19_Circuit of the Americas,Circuit of the Americas,circuit-of-the-americas,2016-09-17,201609171135_Race,911,53,2,Nick Tandy,2:06.629,45.753,47.526,33.350,96.6,1:59:11.798,126629,0,0,24
2016,19_Circuit of the Americas,Circuit of the Americas,circuit-of-the-americas,2016-09-17,201609171135_Race,911,54,2,Nick Tandy,2:06.444,45.577,47.624,33.243,96.8,2:01:18.242,126444,0,0,24
2016,19_Circuit of the Americas,Circuit of the Americas,circuit-of-the-americas,2016-09-17,201609171135_Race,911,55,2,Nick Tandy,2:06.388,45.668,47.659,33.061,96.8,2:03:24.630,126388,0,0,24
2016,19_Circuit of the Americas,Circuit of the Americas,circuit-of-the-americas,2016-09-17,201609171135_Race,911,56,2,Nick Tandy,2:06.392,45.613,47.618,33.161,96.8,2:05:31.022,126392,0,0,24
2016,19_Circuit of the Americas,Circuit of the Americas,circuit-of-the-americas,2016-09-17,201609171135_Race,911,57,2,Nick Tandy,2:06.598,45.513,47.752,33.333,96.6,2:07:37.620,126598,0,0,24
2016,19_Circuit of the Americas,Circuit of the Americas,circuit-of-the-americas,2016-09-17,201609171135_Race,911,58,2,Nick Tandy,2:06.989,45.536,47.540,33.913,96.3,2:09:44.609,126989,0,0,24
2016,19_Circuit of the Americas,Circuit of the Americas,circuit-of-the-americas,2016-09-17,201609171135_Race,911,59,2,Nick Tandy,2:07.399,45.811,47.948,33.640,96.0,2:11:52.008,127399,0,0,24
2016,19_Circuit of the Americas,Circuit of the Americas,circuit-of-the-americas,2016-09-17,201609171135_Race,911,60,2,Nick Tandy,2:07.175,45.762,47.778,33.635,96.2,2:13:59.183,127175,0,0,24
2016,19_Circuit of the Americas,Circuit of the Americas,circuit-of-the-americas,2016-09-17,201609171135_Race,911,61,2,Nick Tandy,2:07.490,46.360,47.774,33.356,96.0,2:16:06.673,127490,0,0,24
2016,19_Circuit of the Americas,Circuit of the Americas,circuit-of-the-americas,2016-09-17,201609171135_Race,911,62,2,Nick Tandy,2:07.404,46.247,47.846,33.311,96.0,2:18:14.077,127404,0,0,24
2016,19_Circuit of the Americas,Circuit of the Americas,circuit-of-the-americas,2016-09-17,201609171135_Race,911,63,2,Nick Tandy,2:07.392,45.923,47.982,33.487,96.0,2:20:21.469,127392,0,0,24
2016,19_Circuit of the Americas,Circuit of the Americas,circuit-of-the-americas,2016-09-17,201609171135_Race,911,64,2,Nick Tandy,2:07.558,45.988,48.157,33.413,95.9,2:22:29.027,127558,0,0,24
2016,19_Circuit of the Americas,Circuit of the Americas,circuit-of-the-americas,2016-09-17,201609171135_Race,911,65,2,Nick Tandy,2:07.861,46.293,47.759,33.809,95.7,2:24:36.888,127861,0,0,24
2016,19_Circuit of the Americas,Circuit of the Americas,circuit-of-the-americas,2016-09-17,201609171135_Race,911,66,2,Nick Tandy,2:09.732,47.368,48.657,33.707,94.3,2:26:46.620,129732,0,0,24
2016,19_Circuit of the Americas,Circuit of the Americas,circuit-of-the-americas,2016-09-17,201609171135_Race,911,67,2,Nick Tandy,2:08.100,46.508,48.030,33.562,95.5,2:28:54.720,128100,0,0,24
2016,19_Circuit of the Americas,Circuit of the Americas,circuit-of-the-americas,2016-09-17,201609171135_Race,911,68,2,Nick Tandy,2:07.756,45.993,48.065,33.698,95.8,2:31:02.476,127756,0,0,24
2016,19_Circuit of the Americas,Circuit of the Americas,circuit-of-the-americas,2016-09-17,201609171135_Race,911,69,2,Nick Tandy,2:08.970,46.543,48.426,34.001,94.8,2:33:11.446,128970,0,0,24
2016,19_Circuit of the Americas,Circuit of the Americas,circuit-of-the-americas,2016-09-17,201609171135_Race,911,70,2,Nick Tandy,2:08.387,46.400,48.190,33.797,95.3,2:35:19.833,128387,0,0,24
2016,19_Circuit of the Americas,Circuit of the Americas,circuit-of-the-americas,2016-09-17,201609171135_Race,911,71,2,Nick Tandy,2:09.256,46.809,48.855,33.592,94.6,2:37:29.089,129256,0,0,24
2016,19_Circuit of the Americas,Circuit of the Americas,circuit-of-the-americas,2016-09-17,201609171135_Race,911,72,2,Nick Tandy,2:08.212,45.993,48.589,33.630,95.4,2:39:37.301,128212,0,0,24
2016,19_Circuit of the Americas,Circuit of the Americas,circuit-of-the-americas,2016-09-17,201609171135_Race,911,73,2,Nick Tandy,2:07.855,45.844,48.630,33.381,95.7,2:41:45.156,127855,0,0,24
2016,19_Circuit of the Americas,Circuit of the Americas,circuit-of-the-americas,2016-09-17,201609171135_Race,911,74,2,Nick Tandy,2:07.674,46.077,48.011,33.586,95.8,2:43:52.830,127674,0,0,24
2016,19_Circuit of the Americas,Circuit of the Americas,circuit-of-the-americas,2016-09-17,201609171135_Race,912,1,2,Frederic Makowiecki,2:32.260,1:11.001,47.975,33.284,80.4,2:32.260,,,0,24
2016,19_Circuit of the Americas,Circuit of the Americas,circuit-of-the-americas,2016-09-17,201609171135_Race,912,2,2,Frederic Makowiecki,2:06.200,45.555,47.592,33.053,96.9,4:38.460,126200,0,0,24
2016,19_Circuit of the Americas,Circuit of the Americas,circuit-of-the-americas,2016-09-17,201609171135_Race,912,3,2,Frederic Makowiecki,2:05.952,45.467,47.460,33.025,97.1,6:44.412,125952,0,0,24
2016,19_Circuit of the Americas,Circuit of the Americas,circuit-of-the-americas,2016-09-17,201609171135_Race,912,4,2,Frederic Makowiecki,2:05.755,45.406,47.352,32.997,97.3,8:50.167,125755,0,0,24
2016,19_Circuit of the Americas,Circuit of the Americas,circuit-of-the-americas,2016-09-17,201609171135_Race,912,5,2,Frederic Makowiecki,2:05.921,45.517,47.508,32.896,97.1,10:56.088,125921,0,0,24
2016,19_Circuit of the Americas,Circuit of the Americas,circuit-of-the-americas,2016-09-17,201609171135_Race,912,6,2,Frederic Makowiecki,2:05.895,45.598,47.381,32.916,97.2,13:01.983,125895,0,0,24
2016,19_Circuit of the Americas,Circuit of the Americas,circuit-of-the-americas,2016-09-17,201609171135_Race,912,7,2,Frederic Makowiecki,2:05.831,45.403,47.417,33.011,97.2,15:07.814,125831,0,0,24
2016,19_Circuit of the Americas,Circuit of the Americas,circuit-of-the-americas,2016-09-17,201609171135_Race,912,8,2,Frederic Makowiecki,2:05.987,45.475,47.518,32.994,97.1,17:13.801,125987,0,0,24
2016,19_Circuit of the Americas,Circuit of the Americas,circuit-of-the-americas,2016-09-17,201609171135_Race,912,9,2,Frederic Makowiecki,2:06.255,45.577,47.724,32.954,96.9,19:20.056,126255,0,0,24
2016,19_Circuit of the Americas,Circuit of the Americas,circuit-of-the-americas,2016-09-17,201609171135_Race,912,10,2,Frederic Makowiecki,2:05.964,45.395,47.570,32.999,97.1,21:26.020,125964,0,0,24
2016,19_Circuit of the Americas,Circuit of the Americas,circuit-of-the-americas,2016-09-17,201609171135_Race,912,11,2,Frederic Makowiecki,2:06.719,45.900,47.699,33.120,96.5,23:32.739,126719,0,0,24
2016,19_Circuit of the Americas,Circuit of the Americas,circuit-of-the-americas,2016-09-17,201609171135_Race,912,12,2,Frederic Makowiecki,2:06.338,45.611,47.756,32.971,96.8,25:39.077,126338,0,0,24
2016,19_Circuit of the Americas,Circuit of the Americas,circuit-of-the-americas,2016-09-17,201609171135_Race,912,13,2,Frederic Makowiecki,2:06.122,45.497,47.631,32.994,97.0,27:45.199,126122,0,0,24
2016,19_Circuit of the Americas,Circuit of the Americas,circuit-of-the-americas,2016-09-17,201609171135_Race,912,14,2,Frederic Makowiecki,2:06.266,45.651,47.702,32.913,96.9,29:51.465,126266,0,0,24
2016,19_Circuit of the Americas,Circuit of the Americas,circuit-of-the-americas,2016-09-17,201609171135_Race,912,15,2,Frederic Makowiecki,2:06.593,45.754,47.687,33.152,96.6,31:58.058,126593,0,0,24
2016,19_Circuit of the Americas,Circuit of the Americas,circuit-of-the-americas,2016-09-17,201609171135_Race,912,16,2,Frederic Makowiecki,2:06.706,45.694,47.844,33.168,96.6,34:04.764,126706,0,0,24
2016,19_Circuit of the Americas,Circuit of the Americas,circuit-of-the-americas,2016-09-17,201609171135_Race,912,17,2,Frederic Makowiecki,2:17.002,45.749,55.339,35.914,89.3,36:21.766,137002,0,0,24
2016,19_Circuit of the Americas,Circuit of the Americas,circuit-of-the-americas,2016-09-17,201609171135_Race,912,18,2,Frederic Makowiecki,2:16.374,50.886,50.739,34.749,89.7,38:38.140,136374,0,0,24
2016,19_Circuit of the Americas,Circuit of the Americas,circuit-of-the-americas,2016-09-17,201609171135_Race,912,19,2,Frederic Makowiecki,2:15.106,48.922,51.137,35.047,90.5,40:53.246,135106,0,0,24
2016,19_Circuit of the Americas,Circuit of the Americas,circuit-of-the-americas,2016-09-17,201609171135_Race,912,20,2,Frederic Makowiecki,3:45.250,1:04.125,1:20.788,1:20.337,54.3,44:38.496,225250,0,1,24
2016,19_Circuit of the Americas,Circuit of the Americas,circuit-of-the-americas,2016-09-17,201609171135_Race,912,21,1,Earl Bamber,3:12.217,1:03.413,1:19.907,48.897,63.6,47:50.713,192217,0,0,24
2016,19_Circuit of the Americas,Circuit of the Americas,circuit-of-the-americas,2016-09-17,201609171135_Race,912,22,1,Earl Bamber,2:57.011,1:06.935,1:16.232,33.844,69.1,50:47.724,177011,0,0,24
2016,19_Circuit of the Americas,Circuit of the Americas,circuit-of-the-americas,2016-09-17,201609171135_Race,912,23,1,Earl Bamber,2:16.519,45.963,48.640,41.916,89.6,53:04.243,136519,0,0,24
2016,19_Circuit of the Americas,Circuit of the Americas,circuit-of-the-americas,2016-09-17,201609171135_Race,912,24,1,Earl Bamber,3:23.586,1:05.681,1:24.948,52.957,60.1,56:27.829,203586,0,0,24
2016,19_Circuit of the Americas,Circuit of the Americas,circuit-of-the-americas,2016-09-17,201609171135_Race,912,25,1,Earl Bamber,2:52.637,1:03.690,1:15.739,33.208,70.8,59:20.466,172637,0,0,24
2016,19_Circuit of the Americas,Circuit of the Americas,circuit-of-the-americas,2016-09-17,201609171135_Race,912,26,1,Earl Bamber,2:06.880,45.549,47.950,33.381,96.4,1:01:27.346,126880,0,0,24
2016,19_Circuit of the Americas,Circuit of the Americas,circuit-of-the-americas,2016-09-17,201609171135_Race,912,27,1,Earl Bamber,2:05.766,45.340,47.351,33.075,97.3,1:03:33.112,125766,0,0,24
2016,19_Circuit of the Americas,Circuit of the Americas,circuit-of-the-americas,2016-09-17,201609171135_Race,912,28,1,Earl Bamber,2:05.581,45.320,47.315,32.946,97.4,1:05:38.693,125581,0,0,24
2016,19_Circuit of the Americas,Circuit of the Americas,circuit-of-the-americas,2016-09-17,201609171135_Race,912,29,1,Earl Bamber,2:05.611,45.286,47.441,32.884,97.4,1:07:44.304,125611,0,0,24
2016,19_Circuit of the Americas,Circuit of the Americas,circuit-of-the-americas,2016-09-17,201609171135_Race,912,30,1,Earl Bamber,2:06.060,45.190,47.697,33.173,97.1,1:09:50.364,126060,0,0,24
2016,19_Circuit of the Americas,Circuit of the Americas,circuit-of-the-americas,2016-09-17,201609171135_Race,912,31,1,Earl Bamber,2:05.886,45.367,47.586,32.933,97.2,1:11:56.250,125886,0,0,24
2016,19_Circuit of the Americas,Circuit of the Americas,circuit-of-the-americas,2016-09-17,201609171135_Race,912,32,1,Earl Bamber,2:05.876,45.330,47.588,32.958,97.2,1:14:02.126,125876,0,0,24
2016,19_Circuit of the Americas,Circuit of the Americas,circuit-of-the-americas,2016-09-17,201609171135_Race,912,33,1,Earl Bamber,2:05.974,45.382,47.546,33.046,97.1,1:16:08.100,125974,0,0,25
2016,19_Circuit of the Americas,Circuit of the Americas,circuit-of-the-americas,2016-09-17,201609171135_Race,912,34,1,Earl Bamber,2:06.085,45.489,47.497,33.099,97.0,1:18:14.185,126085,0,0,25
2016,19_Circuit of the Americas,Circuit of the Americas,circuit-of-the-americas,2016-09-17,201609171135_Race,912,35,1,Earl Bamber,2:05.651,45.180,47.438,33.033,97.4,1:20:19.836,125651,0,0,25
2016,19_Circuit of the Americas,Circuit of the Americas,circuit-of-the-americas,2016-09-17,201609171135_Race,912,36,1,Earl Bamber,2:06.129,45.398,47.588,33.143,97.0,1:22:25.965,126129,0,0,25
2016,19_Circuit of the Americas,Circuit of the Americas,circuit-of-the-americas,2016-09-17,201609171135_Race,912,37,1,Earl Bamber,2:07.907,45.663,48.971,33.273,95.6,1:24:33.872,127907,0,0,25
2016,19_Circuit of the Americas,Circuit of the Americas,circuit-of-the-americas,2016-09-17,201609171135_Race,912,38,1,Earl Bamber,2:07.024,45.763,48.134,33.127,96.3,1:26:40.896,127024,0,0,25
2016,19_Circuit of the Americas,Circuit of the Americas,circuit-of-the-americas,2016-09-17,201609171135_Race,912,39,1,Earl Bamber,2:06.246,45.563,47.570,33.113,96.9,1:28:47.142,126246,0,0,25
2016,19_Circuit of the Americas,Circuit of the Americas,circuit-of-the-americas,2016-09-17,201609171135_Race,912,40,1,Earl Bamber,2:06.584,45.330,47.853,33.401,96.6,1:30:53.726,126584,0,0,25
2016,19_Circuit of the Americas,Circuit of the Americas,circuit-of-the-americas,2016-09-17,201609171135_Race,912,41,1,Earl Bamber,2:07.065,45.878,47.825,33.362,96.3,1:33:00.791,127065,0,0,25
2016,19_Circuit of the Americas,Circuit of the Americas,circuit-of-the-americas,2016-09-17,201609171135_Race,912,42,1,Earl Bamber,2:07.673,45.946,48.401,33.326,95.8,1:35:08.464,127673,0,0,25
2016,19_Circuit of the Americas,Circuit of the Americas,circuit-of-the-americas,2016-09-17,201609171135_Race,912,43,1,Earl Bamber,2:06.970,45.736,47.721,33.513,96.3,1:37:15.434,126970,0,0,25
2016,19_Circuit of the Americas,Circuit of the Americas,circuit-of-the-americas,2016-09-17,201609171135_Race,912,44,1,Earl Bamber,2:07.410,46.353,47.778,33.279,96.0,1:39:22.844,127410,0,0,25
2016,19_Circuit of the Americas,Circuit of the Americas,circuit-of-the-americas,2016-09-17,201609171135_Race,912,45,1,Earl Bamber,2:07.894,45.639,48.655,33.600,95.6,1:41:30.738,127894,0,0,25
2016,19_Circuit of the Americas,Circuit of the Americas,circuit-of-the-americas,2016-09-17,201609171135_Race,912,46,1,Earl Bamber,2:48.926,45.999,48.028,1:14.899,72.4,1:44:19.664,168926,0,1,25
2016,19_Circuit of the Americas,Circuit of the Americas,circuit-of-the-americas,2016-09-17,201609171135_Race,912,47,1,Earl Bamber,2:15.790,54.724,47.950,33.116,90.1,1:46:35.454,135790,0,0,25
2016,19_Circuit of the Americas,Circuit of the Americas,circuit-of-the-americas,2016-09-17,201609171135_Race,912,48,1,Earl Bamber,2:06.691,45.467,47.651,33.573,96.6,1:48:42.145,126691,0,0,25
2016,19_Circuit of the Americas,Circuit of the Americas,circuit-of-the-americas,2016-09-17,201609171135_Race,912,49,1,Earl Bamber,2:05.724,45.341,47.499,32.884,97.3,1:50:47.869,125724,0,0,25
2016,19_Circuit of the Americas,Circuit of the Americas,circuit-of-the-americas,2016-09-17,201609171135_Race,912,50,1,Earl Bamber,2:07.113,46.207,47.830,33.076,96.3,1:52:54.982,127113,0,0,25
2016,19_Circuit of the Americas,Circuit of the Americas,circuit-of-the-americas,2016-09-17,201609171135_Race,912,51,1,Earl Bamber,2:06.141,45.545,47.447,33.149,97.0,1:55:01.123,126141,0,0,25
2016,19_Circuit of the Americas,Circuit of the Americas,circuit-of-the-americas,2016-09-17,201609171135_Race,912,52,1,Earl Bamber,2:07.261,45.745,47.728,33.788,96.1,1:57:08.384,127261,0,0,25
2016,19_Circuit of the Americas,Circuit of the Americas,circuit-of-the-americas,2016-09-17,201609171135_Race,912,53,1,Earl Bamber,2:07.113,46.368,47.691,33.054,96.3,1:59:15.497,127113,0,0,25
2016,19_Circuit of the Americas,Circuit of the Americas,circuit-of-the-americas,2016-09-17,201609171135_Race,912,54,1,Earl Bamber,2:05.848,45.338,47.458,33.052,97.2,2:01:21.345,125848,0,0,25
2016,19_Circuit of the Americas,Circuit of the Americas,circuit-of-the-americas,2016-09-17,201609171135_Race,912,55,1,Earl Bamber,2:06.145,45.558,47.346,33.241,97.0,2:03:27.490,126145,0,0,25
2016,19_Circuit of the Americas,Circuit of the Americas,circuit-of-the-americas,2016-09-17,201609171135_Race,912,56,1,Earl Bamber,2:05.989,45.360,47.465,33.164,97.1,2:05:33.479,125989,0,0,25
2016,19_Circuit of the Americas,Circuit of the Americas,circuit-of-the-americas,2016-09-17,201609171135_Race,912,57,1,Earl Bamber,2:06.903,46.325,47.550,33.028,96.4,2:07:40.382,126903,0,0,25
2016,19_Circuit of the Americas,Circuit of the Americas,circuit-of-the-americas,2016-09-17,201609171135_Race,912,58,1,Earl Bamber,2:06.609,45.997,47.547,33.065,96.6,2:09:46.991,126609,0,0,25
2016,19_Circuit of the Americas,Circuit of the Americas,circuit-of-the-americas,2016-09-17,201609171135_Race,912,59,1,Earl Bamber,2:06.172,45.453,47.632,33.087,96.9,2:11:53.163,126172,0,0,25
2016,19_Circuit of the Americas,Circuit of the Americas,circuit-of-the-americas,2016-09-17,201609171135_Race,912,60,1,Earl Bamber,2:06.529,45.621,47.608,33.300,96.7,2:13:59.692,126529,0,0,25
2016,19_Circuit of the Americas,Circuit of the Americas,circuit-of-the-americas,2016-09-17,201609171135_Race,912,61,1,Earl Bamber,2:07.500,46.271,47.816,33.413,96.0,2:16:07.192,127500,0,0,25
2016,19_Circuit of the Americas,Circuit of the Americas,circuit-of-the-americas,2016-09-17,201609171135_Race,912,62,1,Earl Bamber,2:07.607,46.290,47.913,33.404,95.9,2:18:14.799,127607,0,0,25
2016,19_Circuit of the Americas,Circuit of the Americas,circuit-of-the-americas,2016-09-17,201609171135_Race,912,63,1,Earl Bamber,2:07.342,45.934,47.904,33.504,96.1,2:20:22.141,127342,0,0,25
2016,19_Circuit of the Americas,Circuit of the Americas,circuit-of-the-americas,2016-09-17,201609171135_Race,912,64,1,Earl Bamber,2:07.808,46.214,48.132,33.462,95.7,2:22:29.949,127808,0,0,25
2016,19_Circuit of the Americas,Circuit of the Americas,circuit-of-the-americas,2016-09-17,201609171135_Race,912,65,1,Earl Bamber,2:06.974,45.881,47.768,33.325,96.3,2:24:36.923,126974,0,0,25
2016,19_Circuit of the Americas,Circuit of the Americas,circuit-of-the-americas,2016-09-17,201609171135_Race,912,66,1,Earl Bamber,2:07.384,46.363,47.721,33.300,96.0,2:26:44.307,127384,0,0,25
2016,19_Circuit of the Americas,Circuit of the Americas,circuit-of-the-americas,2016-09-17,201609171135_Race,912,67,1,Earl Bamber,2:07.034,45.760,47.925,33.349,96.3,2:28:51.341,127034,0,0,25
2016,19_Circuit of the Americas,Circuit of the Americas,circuit-of-the-americas,2016-09-17,201609171135_Race,912,68,1,Earl Bamber,2:07.336,45.851,47.738,33.747,96.1,2:30:58.677,127336,0,0,25
2016,19_Circuit of the Americas,Circuit of the Americas,circuit-of-the-americas,2016-09-17,201609171135_Race,912,69,1,Earl Bamber,2:07.472,45.885,48.135,33.452,96.0,2:33:06.149,127472,0,0,25
2016,19_Circuit of the Americas,Circuit of the Americas,circuit-of-the-americas,2016-09-17,201609171135_Race,912,70,1,Earl Bamber,2:07.417,45.974,47.939,33.504,96.0,2:35:13.566,127417,0,0,25
2016,19_Circuit of the Americas,Circuit of the Americas,circuit-of-the-americas,2016-09-17,201609171135_Race,912,71,1,Earl Bamber,2:08.255,46.718,48.104,33.433,95.4,2:37:21.821,128255,0,0,25
2016,19_Circuit of the Americas,Circuit of the Americas,circuit-of-the-americas,2016-09-17,201609171135_Race,912,72,1,Earl Bamber,2:07.626,45.950,48.033,33.643,95.8,2:39:29.447,127626,0,0,25
2016,19_Circuit of the Americas,Circuit of the Americas,circuit-of-the-americas,2016-09-17,201609171135_Race,912,73,1,Earl Bamber,2:07.900,46.065,48.231,33.604,95.6,2:41:37.347,127900,0,0,25
2016,19_Circuit of the Americas,Circuit of the Americas,circuit-of-the-americas,2016-09-17,201609171135_Race,912,74,1,Earl Bamber,2:09.084,46.611,48.307,34.166,94.8,2:43:46.431,129084,0,0,25
