year,event_code,event_name,track_slug,race_date,session_directory,car_number,car_metadata,stop_number,in_time,in_driver,out_time,out_driver,pit_time,cumulative_pit_time,source_report,source_page,source_column
2022,05_Sebring International Raceway,Sebring International Raceway,sebring-international-raceway,2022-03-19,202203191010_Race,01,Cadillac Racing | Cadillac DPi DPi,1,10:12:47.587,S. Bourdais,10:15:27.114,S. Bourdais,2:39.527,2:39.527,20_Pit Stops Time Cards_Race.PDF,1,1
2022,05_Sebring International Raceway,Sebring International Raceway,sebring-international-raceway,2022-03-19,202203191010_Race,01,Cadillac Racing | Cadillac DPi DPi,2,10:56:52.531,S. Bourdais,10:58:42.640,S. Bourdais,1:50.109,4:29.636,20_Pit Stops Time Cards_Race.PDF,1,1
2022,05_Sebring International Raceway,Sebring International Raceway,sebring-international-raceway,2022-03-19,202203191010_Race,01,Cadillac Racing | Cadillac DPi DPi,3,11:34:00.980,S. Bourdais,11:39:17.740,R. Hunter-Reay,5:16.760,9:46.396,20_Pit Stops Time Cards_Race.PDF,1,1
2022,05_Sebring International Raceway,Sebring International Raceway,sebring-international-raceway,2022-03-19,202203191010_Race,01,Cadillac Racing | Cadillac DPi DPi,4,11:41:35.143,R. Hunter-Reay,11:47:36.268,R. Hunter-Reay,6:01.125,15:47.521,20_Pit Stops Time Cards_Race.PDF,1,1
2022,05_Sebring International Raceway,Sebring International Raceway,sebring-international-raceway,2022-03-19,202203191010_Race,01,Cadillac Racing | Cadillac DPi DPi,5,11:51:54.935,R. Hunter-Reay,12:43:28.056,R. Hunter-Reay,51:33.121,1:07:20.642,20_Pit Stops Time Cards_Race.PDF,1,1
2022,05_Sebring International Raceway,Sebring International Raceway,sebring-international-raceway,2022-03-19,202203191010_Race,01,Cadillac Racing | Cadillac DPi DPi,6,13:11:09.751,R. Hunter-Reay,13:12:03.821,R. Hunter-Reay,54.070,1:08:14.712,20_Pit Stops Time Cards_Race.PDF,1,1
2022,05_Sebring International Raceway,Sebring International Raceway,sebring-international-raceway,2022-03-19,202203191010_Race,01,Cadillac Racing | Cadillac DPi DPi,7,13:54:26.816,R. Hunter-Reay,13:55:34.793,R. Hunter-Reay,1:07.977,1:09:22.689,20_Pit Stops Time Cards_Race.PDF,1,1
2022,05_Sebring International Raceway,Sebring International Raceway,sebring-international-raceway,2022-03-19,202203191010_Race,01,Cadillac Racing | Cadillac DPi DPi,8,14:44:12.542,R. Hunter-Reay,14:45:18.065,R. van der Zande,1:05.523,1:10:28.212,20_Pit Stops Time Cards_Race.PDF,1,1
2022,05_Sebring International Raceway,Sebring International Raceway,sebring-international-raceway,2022-03-19,202203191010_Race,01,Cadillac Racing | Cadillac DPi DPi,9,15:23:41.618,R. van der Zande,15:24:47.733,R. van der Zande,1:06.115,1:11:34.327,20_Pit Stops Time Cards_Race.PDF,1,1
2022,05_Sebring International Raceway,Sebring International Raceway,sebring-international-raceway,2022-03-19,202203191010_Race,01,Cadillac Racing | Cadillac DPi DPi,10,15:53:42.590,R. van der Zande,15:54:43.184,R. van der Zande,1:00.594,1:12:34.921,20_Pit Stops Time Cards_Race.PDF,1,1
2022,05_Sebring International Raceway,Sebring International Raceway,sebring-international-raceway,2022-03-19,202203191010_Race,01,Cadillac Racing | Cadillac DPi DPi,11,16:30:33.138,R. van der Zande,16:31:31.796,R. van der Zande,58.658,1:13:33.579,20_Pit Stops Time Cards_Race.PDF,1,1
2022,05_Sebring International Raceway,Sebring International Raceway,sebring-international-raceway,2022-03-19,202203191010_Race,01,Cadillac Racing | Cadillac DPi DPi,12,17:25:29.947,R. van der Zande,17:26:35.561,S. Bourdais,1:05.614,1:14:39.193,20_Pit Stops Time Cards_Race.PDF,1,1
2022,05_Sebring International Raceway,Sebring International Raceway,sebring-international-raceway,2022-03-19,202203191010_Race,01,Cadillac Racing | Cadillac DPi DPi,13,18:05:38.238,S. Bourdais,18:06:39.073,S. Bourdais,1:00.835,1:15:40.028,20_Pit Stops Time Cards_Race.PDF,1,1
2022,05_Sebring International Raceway,Sebring International Raceway,sebring-international-raceway,2022-03-19,202203191010_Race,01,Cadillac Racing | Cadillac DPi DPi,14,18:45:00.358,S. Bourdais,18:46:07.167,S. Bourdais,1:06.809,1:16:46.837,20_Pit Stops Time Cards_Race.PDF,1,1
2022,05_Sebring International Raceway,Sebring International Raceway,sebring-international-raceway,2022-03-19,202203191010_Race,01,Cadillac Racing | Cadillac DPi DPi,15,19:26:07.953,S. Bourdais,19:27:14.779,R. Hunter-Reay,1:06.826,1:17:53.663,20_Pit Stops Time Cards_Race.PDF,1,1
2022,05_Sebring International Raceway,Sebring International Raceway,sebring-international-raceway,2022-03-19,202203191010_Race,01,Cadillac Racing | Cadillac DPi DPi,16,19:34:41.148,R. Hunter-Reay,19:58:29.912,R. Hunter-Reay,23:48.764,1:41:42.427,20_Pit Stops Time Cards_Race.PDF,1,1
2022,05_Sebring International Raceway,Sebring International Raceway,sebring-international-raceway,2022-03-19,202203191010_Race,01,Cadillac Racing | Cadillac DPi DPi,17,20:37:13.397,R. Hunter-Reay,20:38:20.053,R. Hunter-Reay,1:06.656,1:42:49.083,20_Pit Stops Time Cards_Race.PDF,1,1
2022,05_Sebring International Raceway,Sebring International Raceway,sebring-international-raceway,2022-03-19,202203191010_Race,01,Cadillac Racing | Cadillac DPi DPi,18,21:15:06.934,R. Hunter-Reay,21:16:12.557,R. van der Zande,1:05.623,1:43:54.706,20_Pit Stops Time Cards_Race.PDF,1,1
2022,05_Sebring International Raceway,Sebring International Raceway,sebring-international-raceway,2022-03-19,202203191010_Race,01,Cadillac Racing | Cadillac DPi DPi,19,21:33:02.103,R. van der Zande,21:34:13.745,R. van der Zande,1:11.642,1:45:06.348,20_Pit Stops Time Cards_Race.PDF,1,1
2022,05_Sebring International Raceway,Sebring International Raceway,sebring-international-raceway,2022-03-19,202203191010_Race,1,19 R. van der Zande R. van der Zande 1:11.642 | Paul Miller Racing | BMW M4 GT3 GTD,1,11:08:58.223,M. Snow,11:10:14.682,B. Sellers,1:16.459,1:16.459,20_Pit Stops Time Cards_Race.PDF,1,1
2022,05_Sebring International Raceway,Sebring International Raceway,sebring-international-raceway,2022-03-19,202203191010_Race,1,19 R. van der Zande R. van der Zande 1:11.642 | Paul Miller Racing | BMW M4 GT3 GTD,2,12:11:54.953,B. Sellers,12:13:15.816,E. Johansson,1:20.863,2:37.322,20_Pit Stops Time Cards_Race.PDF,1,1
2022,05_Sebring International Raceway,Sebring International Raceway,sebring-international-raceway,2022-03-19,202203191010_Race,1,19 R. van der Zande R. van der Zande 1:11.642 | Paul Miller Racing | BMW M4 GT3 GTD,3,12:58:32.125,E. Johansson,15:34:37.317,E. Johansson,2:36:05.192,2:38:42.514,20_Pit Stops Time Cards_Race.PDF,1,1
2022,05_Sebring International Raceway,Sebring International Raceway,sebring-international-raceway,2022-03-19,202203191010_Race,1,19 R. van der Zande R. van der Zande 1:11.642 | Paul Miller Racing | BMW M4 GT3 GTD,4,16:25:36.651,E. Johansson,16:26:39.231,E. Johansson,1:02.580,2:39:45.094,20_Pit Stops Time Cards_Race.PDF,1,1
2022,05_Sebring International Raceway,Sebring International Raceway,sebring-international-raceway,2022-03-19,202203191010_Race,1,19 R. van der Zande R. van der Zande 1:11.642 | Paul Miller Racing | BMW M4 GT3 GTD,5,17:29:29.771,E. Johansson,17:30:41.511,M. Snow,1:11.740,2:40:56.834,20_Pit Stops Time Cards_Race.PDF,1,1
2022,05_Sebring International Raceway,Sebring International Raceway,sebring-international-raceway,2022-03-19,202203191010_Race,1,19 R. van der Zande R. van der Zande 1:11.642 | Paul Miller Racing | BMW M4 GT3 GTD,6,18:36:39.549,M. Snow,18:37:54.906,B. Sellers,1:15.357,2:42:12.191,20_Pit Stops Time Cards_Race.PDF,1,1
2022,05_Sebring International Raceway,Sebring International Raceway,sebring-international-raceway,2022-03-19,202203191010_Race,1,19 R. van der Zande R. van der Zande 1:11.642 | Paul Miller Racing | BMW M4 GT3 GTD,7,19:39:45.786,B. Sellers,19:41:02.939,M. Snow,1:17.153,2:43:29.344,20_Pit Stops Time Cards_Race.PDF,1,1
2022,05_Sebring International Raceway,Sebring International Raceway,sebring-international-raceway,2022-03-19,202203191010_Race,1,19 R. van der Zande R. van der Zande 1:11.642 | Paul Miller Racing | BMW M4 GT3 GTD,8,20:41:33.172,M. Snow,20:43:57.469,B. Sellers,2:24.297,2:45:53.641,20_Pit Stops Time Cards_Race.PDF,1,1
2022,05_Sebring International Raceway,Sebring International Raceway,sebring-international-raceway,2022-03-19,202203191010_Race,1,19 R. van der Zande R. van der Zande 1:11.642 | Paul Miller Racing | BMW M4 GT3 GTD,9,21:25:37.382,B. Sellers,21:26:44.382,B. Sellers,1:07.000,2:47:00.641,20_Pit Stops Time Cards_Race.PDF,1,1
2022,05_Sebring International Raceway,Sebring International Raceway,sebring-international-raceway,2022-03-19,202203191010_Race,02,9 B. Sellers B. Sellers 1:07.000 | Cadillac Racing | Cadillac DPi DPi,1,10:44:01.674,A. Lynn,10:44:34.109,A. Lynn,32.435,32.435,20_Pit Stops Time Cards_Race.PDF,1,1
2022,05_Sebring International Raceway,Sebring International Raceway,sebring-international-raceway,2022-03-19,202203191010_Race,02,9 B. Sellers B. Sellers 1:07.000 | Cadillac Racing | Cadillac DPi DPi,2,10:50:07.860,A. Lynn,10:51:14.256,A. Lynn,1:06.396,1:38.831,20_Pit Stops Time Cards_Race.PDF,1,1
2022,05_Sebring International Raceway,Sebring International Raceway,sebring-international-raceway,2022-03-19,202203191010_Race,02,9 B. Sellers B. Sellers 1:07.000 | Cadillac Racing | Cadillac DPi DPi,3,11:31:43.692,A. Lynn,11:32:52.381,N. Jani,1:08.689,2:47.520,20_Pit Stops Time Cards_Race.PDF,1,1
2022,05_Sebring International Raceway,Sebring International Raceway,sebring-international-raceway,2022-03-19,202203191010_Race,02,9 B. Sellers B. Sellers 1:07.000 | Cadillac Racing | Cadillac DPi DPi,4,12:11:29.747,N. Jani,12:12:43.901,N. Jani,1:14.154,4:01.674,20_Pit Stops Time Cards_Race.PDF,1,1
2022,05_Sebring International Raceway,Sebring International Raceway,sebring-international-raceway,2022-03-19,202203191010_Race,02,9 B. Sellers B. Sellers 1:07.000 | Cadillac Racing | Cadillac DPi DPi,5,12:51:13.773,N. Jani,12:52:22.266,E. Bamber,1:08.493,5:10.167,20_Pit Stops Time Cards_Race.PDF,1,1
2022,05_Sebring International Raceway,Sebring International Raceway,sebring-international-raceway,2022-03-19,202203191010_Race,02,9 B. Sellers B. Sellers 1:07.000 | Cadillac Racing | Cadillac DPi DPi,6,13:03:51.705,E. Bamber,13:04:59.935,E. Bamber,1:08.230,6:18.397,20_Pit Stops Time Cards_Race.PDF,1,1
2022,05_Sebring International Raceway,Sebring International Raceway,sebring-international-raceway,2022-03-19,202203191010_Race,02,9 B. Sellers B. Sellers 1:07.000 | Cadillac Racing | Cadillac DPi DPi,7,13:47:58.688,E. Bamber,13:49:09.739,E. Bamber,1:11.051,7:29.448,20_Pit Stops Time Cards_Race.PDF,1,1
2022,05_Sebring International Raceway,Sebring International Raceway,sebring-international-raceway,2022-03-19,202203191010_Race,02,9 B. Sellers B. Sellers 1:07.000 | Cadillac Racing | Cadillac DPi DPi,8,14:40:19.593,E. Bamber,14:41:23.069,A. Lynn,1:03.476,8:32.924,20_Pit Stops Time Cards_Race.PDF,1,1
2022,05_Sebring International Raceway,Sebring International Raceway,sebring-international-raceway,2022-03-19,202203191010_Race,02,9 B. Sellers B. Sellers 1:07.000 | Cadillac Racing | Cadillac DPi DPi,9,15:21:33.158,A. Lynn,15:22:39.721,A. Lynn,1:06.563,9:39.487,20_Pit Stops Time Cards_Race.PDF,1,1
2022,05_Sebring International Raceway,Sebring International Raceway,sebring-international-raceway,2022-03-19,202203191010_Race,02,9 B. Sellers B. Sellers 1:07.000 | Cadillac Racing | Cadillac DPi DPi,10,15:45:15.777,A. Lynn,15:46:38.312,A. Lynn,1:22.535,11:02.022,20_Pit Stops Time Cards_Race.PDF,1,1
2022,05_Sebring International Raceway,Sebring International Raceway,sebring-international-raceway,2022-03-19,202203191010_Race,02,9 B. Sellers B. Sellers 1:07.000 | Cadillac Racing | Cadillac DPi DPi,11,16:21:17.377,A. Lynn,16:22:32.147,N. Jani,1:14.770,12:16.792,20_Pit Stops Time Cards_Race.PDF,1,1
2022,05_Sebring International Raceway,Sebring International Raceway,sebring-international-raceway,2022-03-19,202203191010_Race,02,9 B. Sellers B. Sellers 1:07.000 | Cadillac Racing | Cadillac DPi DPi,12,17:17:26.665,N. Jani,17:18:30.149,N. Jani,1:03.484,13:20.276,20_Pit Stops Time Cards_Race.PDF,1,1
2022,05_Sebring International Raceway,Sebring International Raceway,sebring-international-raceway,2022-03-19,202203191010_Race,02,9 B. Sellers B. Sellers 1:07.000 | Cadillac Racing | Cadillac DPi DPi,13,18:07:33.045,N. Jani,18:08:36.630,E. Bamber,1:03.585,14:23.861,20_Pit Stops Time Cards_Race.PDF,1,1
2022,05_Sebring International Raceway,Sebring International Raceway,sebring-international-raceway,2022-03-19,202203191010_Race,02,9 B. Sellers B. Sellers 1:07.000 | Cadillac Racing | Cadillac DPi DPi,14,18:48:34.566,E. Bamber,18:49:40.159,E. Bamber,1:05.593,15:29.454,20_Pit Stops Time Cards_Race.PDF,1,1
2022,05_Sebring International Raceway,Sebring International Raceway,sebring-international-raceway,2022-03-19,202203191010_Race,02,9 B. Sellers B. Sellers 1:07.000 | Cadillac Racing | Cadillac DPi DPi,15,19:29:33.381,E. Bamber,19:30:40.719,A. Lynn,1:07.338,16:36.792,20_Pit Stops Time Cards_Race.PDF,1,1
2022,05_Sebring International Raceway,Sebring International Raceway,sebring-international-raceway,2022-03-19,202203191010_Race,02,9 B. Sellers B. Sellers 1:07.000 | Cadillac Racing | Cadillac DPi DPi,16,20:11:07.897,A. Lynn,20:12:14.059,A. Lynn,1:06.162,17:42.954,20_Pit Stops Time Cards_Race.PDF,1,1
2022,05_Sebring International Raceway,Sebring International Raceway,sebring-international-raceway,2022-03-19,202203191010_Race,02,9 B. Sellers B. Sellers 1:07.000 | Cadillac Racing | Cadillac DPi DPi,17,20:54:46.636,A. Lynn,20:55:53.554,E. Bamber,1:06.918,18:49.872,20_Pit Stops Time Cards_Race.PDF,1,1
2022,05_Sebring International Raceway,Sebring International Raceway,sebring-international-raceway,2022-03-19,202203191010_Race,02,9 B. Sellers B. Sellers 1:07.000 | Cadillac Racing | Cadillac DPi DPi,18,20:57:45.767,E. Bamber,20:58:18.292,E. Bamber,32.525,19:22.397,20_Pit Stops Time Cards_Race.PDF,1,1
2022,05_Sebring International Raceway,Sebring International Raceway,sebring-international-raceway,2022-03-19,202203191010_Race,02,9 B. Sellers B. Sellers 1:07.000 | Cadillac Racing | Cadillac DPi DPi,19,21:33:01.355,E. Bamber,21:34:04.962,E. Bamber,1:03.607,20:26.004,20_Pit Stops Time Cards_Race.PDF,1,1
2022,05_Sebring International Raceway,Sebring International Raceway,sebring-international-raceway,2022-03-19,202203191010_Race,3,Corvette Racing | Chevrolet Corvette C8.R GTD GTDPRO,1,11:10:49.392,A. Garcia,11:12:06.441,A. Garcia,1:17.049,1:17.049,20_Pit Stops Time Cards_Race.PDF,1,2
2022,05_Sebring International Raceway,Sebring International Raceway,sebring-international-raceway,2022-03-19,202203191010_Race,3,Corvette Racing | Chevrolet Corvette C8.R GTD GTDPRO,2,12:13:29.474,A. Garcia,12:14:47.796,J. Taylor,1:18.322,2:35.371,20_Pit Stops Time Cards_Race.PDF,1,2
2022,05_Sebring International Raceway,Sebring International Raceway,sebring-international-raceway,2022-03-19,202203191010_Race,3,Corvette Racing | Chevrolet Corvette C8.R GTD GTDPRO,3,13:07:22.628,J. Taylor,13:08:36.738,J. Taylor,1:14.110,3:49.481,20_Pit Stops Time Cards_Race.PDF,1,2
2022,05_Sebring International Raceway,Sebring International Raceway,sebring-international-raceway,2022-03-19,202203191010_Race,3,Corvette Racing | Chevrolet Corvette C8.R GTD GTDPRO,4,13:51:40.058,J. Taylor,13:52:46.225,J. Taylor,1:06.167,4:55.648,20_Pit Stops Time Cards_Race.PDF,1,2
2022,05_Sebring International Raceway,Sebring International Raceway,sebring-international-raceway,2022-03-19,202203191010_Race,3,Corvette Racing | Chevrolet Corvette C8.R GTD GTDPRO,5,15:08:45.516,J. Taylor,15:10:02.932,N. Catsburg,1:17.416,6:13.064,20_Pit Stops Time Cards_Race.PDF,1,2
2022,05_Sebring International Raceway,Sebring International Raceway,sebring-international-raceway,2022-03-19,202203191010_Race,3,Corvette Racing | Chevrolet Corvette C8.R GTD GTDPRO,6,15:49:03.813,N. Catsburg,15:50:06.798,N. Catsburg,1:02.985,7:16.049,20_Pit Stops Time Cards_Race.PDF,1,2
2022,05_Sebring International Raceway,Sebring International Raceway,sebring-international-raceway,2022-03-19,202203191010_Race,3,Corvette Racing | Chevrolet Corvette C8.R GTD GTDPRO,7,16:25:31.895,N. Catsburg,16:26:33.405,N. Catsburg,1:01.510,8:17.559,20_Pit Stops Time Cards_Race.PDF,1,2
2022,05_Sebring International Raceway,Sebring International Raceway,sebring-international-raceway,2022-03-19,202203191010_Race,3,Corvette Racing | Chevrolet Corvette C8.R GTD GTDPRO,8,17:28:58.720,N. Catsburg,17:30:04.276,N. Catsburg,1:05.556,9:23.115,20_Pit Stops Time Cards_Race.PDF,1,2
2022,05_Sebring International Raceway,Sebring International Raceway,sebring-international-raceway,2022-03-19,202203191010_Race,3,Corvette Racing | Chevrolet Corvette C8.R GTD GTDPRO,9,18:31:45.343,N. Catsburg,18:33:02.896,J. Taylor,1:17.553,10:40.668,20_Pit Stops Time Cards_Race.PDF,1,2
2022,05_Sebring International Raceway,Sebring International Raceway,sebring-international-raceway,2022-03-19,202203191010_Race,3,Corvette Racing | Chevrolet Corvette C8.R GTD GTDPRO,10,19:36:32.847,J. Taylor,19:37:50.570,A. Garcia,1:17.723,11:58.391,20_Pit Stops Time Cards_Race.PDF,1,2
2022,05_Sebring International Raceway,Sebring International Raceway,sebring-international-raceway,2022-03-19,202203191010_Race,3,Corvette Racing | Chevrolet Corvette C8.R GTD GTDPRO,11,20:33:19.941,A. Garcia,20:34:33.566,A. Garcia,1:13.625,13:12.016,20_Pit Stops Time Cards_Race.PDF,1,2
2022,05_Sebring International Raceway,Sebring International Raceway,sebring-international-raceway,2022-03-19,202203191010_Race,3,Corvette Racing | Chevrolet Corvette C8.R GTD GTDPRO,12,21:19:34.949,A. Garcia,21:20:38.622,A. Garcia,1:03.673,14:15.689,20_Pit Stops Time Cards_Race.PDF,1,2
2022,05_Sebring International Raceway,Sebring International Raceway,sebring-international-raceway,2022-03-19,202203191010_Race,5,12 A. Garcia A. Garcia 1:03.673 14:15.689 | JDC Miller MotorSports | Cadillac DPi DPi,1,10:27:38.545,T. Vautier,10:28:38.816,T. Vautier,1:00.271,1:00.271,20_Pit Stops Time Cards_Race.PDF,1,2
2022,05_Sebring International Raceway,Sebring International Raceway,sebring-international-raceway,2022-03-19,202203191010_Race,5,12 A. Garcia A. Garcia 1:03.673 14:15.689 | JDC Miller MotorSports | Cadillac DPi DPi,2,11:09:06.752,T. Vautier,11:10:12.466,T. Vautier,1:05.714,2:05.985,20_Pit Stops Time Cards_Race.PDF,1,2
2022,05_Sebring International Raceway,Sebring International Raceway,sebring-international-raceway,2022-03-19,202203191010_Race,5,12 A. Garcia A. Garcia 1:03.673 14:15.689 | JDC Miller MotorSports | Cadillac DPi DPi,3,11:50:37.824,T. Vautier,11:51:44.555,R. Westbrook,1:06.731,3:12.716,20_Pit Stops Time Cards_Race.PDF,1,2
2022,05_Sebring International Raceway,Sebring International Raceway,sebring-international-raceway,2022-03-19,202203191010_Race,5,12 A. Garcia A. Garcia 1:03.673 14:15.689 | JDC Miller MotorSports | Cadillac DPi DPi,4,12:31:57.385,R. Westbrook,12:33:03.168,R. Westbrook,1:05.783,4:18.499,20_Pit Stops Time Cards_Race.PDF,1,2
2022,05_Sebring International Raceway,Sebring International Raceway,sebring-international-raceway,2022-03-19,202203191010_Race,5,12 A. Garcia A. Garcia 1:03.673 14:15.689 | JDC Miller MotorSports | Cadillac DPi DPi,5,13:03:39.706,R. Westbrook,13:04:58.202,R. Westbrook,1:18.496,5:36.995,20_Pit Stops Time Cards_Race.PDF,1,2
2022,05_Sebring International Raceway,Sebring International Raceway,sebring-international-raceway,2022-03-19,202203191010_Race,5,12 A. Garcia A. Garcia 1:03.673 14:15.689 | JDC Miller MotorSports | Cadillac DPi DPi,6,13:47:58.148,R. Westbrook,13:49:06.751,L. Duval,1:08.603,6:45.598,20_Pit Stops Time Cards_Race.PDF,1,2
2022,05_Sebring International Raceway,Sebring International Raceway,sebring-international-raceway,2022-03-19,202203191010_Race,5,12 A. Garcia A. Garcia 1:03.673 14:15.689 | JDC Miller MotorSports | Cadillac DPi DPi,7,14:45:51.328,L. Duval,14:46:55.912,L. Duval,1:04.584,7:50.182,20_Pit Stops Time Cards_Race.PDF,1,2
2022,05_Sebring International Raceway,Sebring International Raceway,sebring-international-raceway,2022-03-19,202203191010_Race,5,12 A. Garcia A. Garcia 1:03.673 14:15.689 | JDC Miller MotorSports | Cadillac DPi DPi,8,15:12:30.566,L. Duval,15:13:31.443,T. Vautier,1:00.877,8:51.059,20_Pit Stops Time Cards_Race.PDF,1,2
2022,05_Sebring International Raceway,Sebring International Raceway,sebring-international-raceway,2022-03-19,202203191010_Race,5,12 A. Garcia A. Garcia 1:03.673 14:15.689 | JDC Miller MotorSports | Cadillac DPi DPi,9,15:45:14.992,T. Vautier,15:46:37.137,T. Vautier,1:22.145,10:13.204,20_Pit Stops Time Cards_Race.PDF,1,2
2022,05_Sebring International Raceway,Sebring International Raceway,sebring-international-raceway,2022-03-19,202203191010_Race,5,12 A. Garcia A. Garcia 1:03.673 14:15.689 | JDC Miller MotorSports | Cadillac DPi DPi,10,16:21:18.115,T. Vautier,16:22:27.345,T. Vautier,1:09.230,11:22.434,20_Pit Stops Time Cards_Race.PDF,1,2
2022,05_Sebring International Raceway,Sebring International Raceway,sebring-international-raceway,2022-03-19,202203191010_Race,5,12 A. Garcia A. Garcia 1:03.673 14:15.689 | JDC Miller MotorSports | Cadillac DPi DPi,11,17:15:36.729,T. Vautier,17:16:40.603,R. Westbrook,1:03.874,12:26.308,20_Pit Stops Time Cards_Race.PDF,1,2
2022,05_Sebring International Raceway,Sebring International Raceway,sebring-international-raceway,2022-03-19,202203191010_Race,5,12 A. Garcia A. Garcia 1:03.673 14:15.689 | JDC Miller MotorSports | Cadillac DPi DPi,12,17:32:43.950,R. Westbrook,17:33:38.322,R. Westbrook,54.372,13:20.680,20_Pit Stops Time Cards_Race.PDF,1,2
2022,05_Sebring International Raceway,Sebring International Raceway,sebring-international-raceway,2022-03-19,202203191010_Race,5,12 A. Garcia A. Garcia 1:03.673 14:15.689 | JDC Miller MotorSports | Cadillac DPi DPi,13,18:14:46.519,R. Westbrook,18:15:51.590,R. Westbrook,1:05.071,14:25.751,20_Pit Stops Time Cards_Race.PDF,1,2
2022,05_Sebring International Raceway,Sebring International Raceway,sebring-international-raceway,2022-03-19,202203191010_Race,5,12 A. Garcia A. Garcia 1:03.673 14:15.689 | JDC Miller MotorSports | Cadillac DPi DPi,14,18:50:43.233,R. Westbrook,18:51:47.413,L. Duval,1:04.180,15:29.931,20_Pit Stops Time Cards_Race.PDF,1,2
2022,05_Sebring International Raceway,Sebring International Raceway,sebring-international-raceway,2022-03-19,202203191010_Race,5,12 A. Garcia A. Garcia 1:03.673 14:15.689 | JDC Miller MotorSports | Cadillac DPi DPi,15,19:31:59.688,L. Duval,19:33:05.407,L. Duval,1:05.719,16:35.650,20_Pit Stops Time Cards_Race.PDF,1,2
2022,05_Sebring International Raceway,Sebring International Raceway,sebring-international-raceway,2022-03-19,202203191010_Race,5,12 A. Garcia A. Garcia 1:03.673 14:15.689 | JDC Miller MotorSports | Cadillac DPi DPi,16,20:13:33.644,L. Duval,20:14:39.218,T. Vautier,1:05.574,17:41.224,20_Pit Stops Time Cards_Race.PDF,1,2
2022,05_Sebring International Raceway,Sebring International Raceway,sebring-international-raceway,2022-03-19,202203191010_Race,5,12 A. Garcia A. Garcia 1:03.673 14:15.689 | JDC Miller MotorSports | Cadillac DPi DPi,17,20:55:08.253,T. Vautier,20:56:16.920,R. Westbrook,1:08.667,18:49.891,20_Pit Stops Time Cards_Race.PDF,1,2
2022,05_Sebring International Raceway,Sebring International Raceway,sebring-international-raceway,2022-03-19,202203191010_Race,5,12 A. Garcia A. Garcia 1:03.673 14:15.689 | JDC Miller MotorSports | Cadillac DPi DPi,18,21:31:13.889,R. Westbrook,21:32:18.983,T. Vautier,1:05.094,19:54.985,20_Pit Stops Time Cards_Race.PDF,1,2
2022,05_Sebring International Raceway,Sebring International Raceway,sebring-international-raceway,2022-03-19,202203191010_Race,6,18 R. Westbrook T. Vautier 1:05.094 19:54.985 | Muehlner Motorsports America | Duqueine D08 LMP3,1,11:03:26.778,H. Gottsacker,11:04:50.415,A. Udell,1:23.637,1:23.637,20_Pit Stops Time Cards_Race.PDF,1,2
2022,05_Sebring International Raceway,Sebring International Raceway,sebring-international-raceway,2022-03-19,202203191010_Race,6,18 R. Westbrook T. Vautier 1:05.094 19:54.985 | Muehlner Motorsports America | Duqueine D08 LMP3,2,12:05:54.783,A. Udell,12:07:40.750,A. Udell,1:45.967,3:09.604,20_Pit Stops Time Cards_Race.PDF,1,2
2022,05_Sebring International Raceway,Sebring International Raceway,sebring-international-raceway,2022-03-19,202203191010_Race,6,18 R. Westbrook T. Vautier 1:05.094 19:54.985 | Muehlner Motorsports America | Duqueine D08 LMP3,3,12:58:39.530,A. Udell,14:35:07.979,U. de Wilde,1:36:28.449,1:39:38.053,20_Pit Stops Time Cards_Race.PDF,1,2
2022,05_Sebring International Raceway,Sebring International Raceway,sebring-international-raceway,2022-03-19,202203191010_Race,6,18 R. Westbrook T. Vautier 1:05.094 19:54.985 | Muehlner Motorsports America | Duqueine D08 LMP3,4,15:35:27.860,U. de Wilde,15:37:09.300,H. Gottsacker,1:41.440,1:41:19.493,20_Pit Stops Time Cards_Race.PDF,1,2
2022,05_Sebring International Raceway,Sebring International Raceway,sebring-international-raceway,2022-03-19,202203191010_Race,6,18 R. Westbrook T. Vautier 1:05.094 19:54.985 | Muehlner Motorsports America | Duqueine D08 LMP3,5,15:59:38.383,H. Gottsacker,16:06:31.197,H. Gottsacker,6:52.814,1:48:12.307,20_Pit Stops Time Cards_Race.PDF,1,2
2022,05_Sebring International Raceway,Sebring International Raceway,sebring-international-raceway,2022-03-19,202203191010_Race,6,18 R. Westbrook T. Vautier 1:05.094 19:54.985 | Muehlner Motorsports America | Duqueine D08 LMP3,6,16:28:59.215,H. Gottsacker,16:30:06.151,H. Gottsacker,1:06.936,1:49:19.243,20_Pit Stops Time Cards_Race.PDF,1,2
2022,05_Sebring International Raceway,Sebring International Raceway,sebring-international-raceway,2022-03-19,202203191010_Race,7,6 H. Gottsacker H. Gottsacker 1:06.936 | Forty7 Motorsports | Duqueine D08 LMP3,1,10:39:40.591,A. Mantella,10:40:41.043,A. Mantella,1:00.452,1:00.452,20_Pit Stops Time Cards_Race.PDF,1,2
2022,05_Sebring International Raceway,Sebring International Raceway,sebring-international-raceway,2022-03-19,202203191010_Race,7,6 H. Gottsacker H. Gottsacker 1:06.936 | Forty7 Motorsports | Duqueine D08 LMP3,2,11:42:26.664,A. Mantella,11:43:49.607,M. Bell,1:22.943,2:23.395,20_Pit Stops Time Cards_Race.PDF,1,2
2022,05_Sebring International Raceway,Sebring International Raceway,sebring-international-raceway,2022-03-19,202203191010_Race,7,6 H. Gottsacker H. Gottsacker 1:06.936 | Forty7 Motorsports | Duqueine D08 LMP3,3,12:43:53.014,M. Bell,12:45:13.821,M. Bell,1:20.807,3:44.202,20_Pit Stops Time Cards_Race.PDF,1,2
2022,05_Sebring International Raceway,Sebring International Raceway,sebring-international-raceway,2022-03-19,202203191010_Race,7,6 H. Gottsacker H. Gottsacker 1:06.936 | Forty7 Motorsports | Duqueine D08 LMP3,4,13:04:21.957,M. Bell,13:05:10.115,M. Bell,48.158,4:32.360,20_Pit Stops Time Cards_Race.PDF,1,2
2022,05_Sebring International Raceway,Sebring International Raceway,sebring-international-raceway,2022-03-19,202203191010_Race,7,6 H. Gottsacker H. Gottsacker 1:06.936 | Forty7 Motorsports | Duqueine D08 LMP3,5,13:48:47.931,M. Bell,13:50:14.299,M. Kvamme,1:26.368,5:58.728,20_Pit Stops Time Cards_Race.PDF,1,2
2022,05_Sebring International Raceway,Sebring International Raceway,sebring-international-raceway,2022-03-19,202203191010_Race,7,6 H. Gottsacker H. Gottsacker 1:06.936 | Forty7 Motorsports | Duqueine D08 LMP3,6,14:36:10.508,M. Kvamme,15:09:22.935,M. Kvamme,33:12.427,39:11.155,20_Pit Stops Time Cards_Race.PDF,1,2
2022,05_Sebring International Raceway,Sebring International Raceway,sebring-international-raceway,2022-03-19,202203191010_Race,7,6 H. Gottsacker H. Gottsacker 1:06.936 | Forty7 Motorsports | Duqueine D08 LMP3,7,15:46:16.718,M. Kvamme,15:48:00.845,A. Mantella,1:44.127,40:55.282,20_Pit Stops Time Cards_Race.PDF,1,2
2022,05_Sebring International Raceway,Sebring International Raceway,sebring-international-raceway,2022-03-19,202203191010_Race,7,6 H. Gottsacker H. Gottsacker 1:06.936 | Forty7 Motorsports | Duqueine D08 LMP3,8,16:15:34.352,A. Mantella,17:13:55.229,A. Mantella,58:20.877,1:39:16.159,20_Pit Stops Time Cards_Race.PDF,1,2
2022,05_Sebring International Raceway,Sebring International Raceway,sebring-international-raceway,2022-03-19,202203191010_Race,7,6 H. Gottsacker H. Gottsacker 1:06.936 | Forty7 Motorsports | Duqueine D08 LMP3,9,17:46:59.089,A. Mantella,17:49:20.502,M. Kvamme,2:21.413,1:41:37.572,20_Pit Stops Time Cards_Race.PDF,2,1
2022,05_Sebring International Raceway,Sebring International Raceway,sebring-international-raceway,2022-03-19,202203191010_Race,7,6 H. Gottsacker H. Gottsacker 1:06.936 | Forty7 Motorsports | Duqueine D08 LMP3,10,18:49:40.199,M. Kvamme,18:50:58.965,M. Bell,1:18.766,1:42:56.338,20_Pit Stops Time Cards_Race.PDF,2,1
2022,05_Sebring International Raceway,Sebring International Raceway,sebring-international-raceway,2022-03-19,202203191010_Race,8,10 M. Kvamme M. Bell 1:18.766 | Tower Motorsport | ORECA LMP2 07 LMP2,1,10:23:27.988,J. Farano,10:25:05.491,J. Farano,1:37.503,1:37.503,20_Pit Stops Time Cards_Race.PDF,2,1
2022,05_Sebring International Raceway,Sebring International Raceway,sebring-international-raceway,2022-03-19,202203191010_Race,8,10 M. Kvamme M. Bell 1:18.766 | Tower Motorsport | ORECA LMP2 07 LMP2,2,11:06:01.672,J. Farano,11:07:14.452,R. Pinto de Andrade,1:12.780,2:50.283,20_Pit Stops Time Cards_Race.PDF,2,1
2022,05_Sebring International Raceway,Sebring International Raceway,sebring-international-raceway,2022-03-19,202203191010_Race,8,10 M. Kvamme M. Bell 1:18.766 | Tower Motorsport | ORECA LMP2 07 LMP2,3,11:44:57.304,R. Pinto de Andrade,11:46:13.331,J. Farano,1:16.027,4:06.310,20_Pit Stops Time Cards_Race.PDF,2,1
2022,05_Sebring International Raceway,Sebring International Raceway,sebring-international-raceway,2022-03-19,202203191010_Race,8,10 M. Kvamme M. Bell 1:18.766 | Tower Motorsport | ORECA LMP2 07 LMP2,4,12:21:10.584,J. Farano,12:21:42.676,J. Farano,32.092,4:38.402,20_Pit Stops Time Cards_Race.PDF,2,1
2022,05_Sebring International Raceway,Sebring International Raceway,sebring-international-raceway,2022-03-19,202203191010_Race,8,10 M. Kvamme M. Bell 1:18.766 | Tower Motorsport | ORECA LMP2 07 LMP2,5,12:27:34.415,J. Farano,12:28:44.812,J. Farano,1:10.397,5:48.799,20_Pit Stops Time Cards_Race.PDF,2,1
2022,05_Sebring International Raceway,Sebring International Raceway,sebring-international-raceway,2022-03-19,202203191010_Race,8,10 M. Kvamme M. Bell 1:18.766 | Tower Motorsport | ORECA LMP2 07 LMP2,6,12:32:36.104,J. Farano,12:33:08.264,J. Farano,32.160,6:20.959,20_Pit Stops Time Cards_Race.PDF,2,1
2022,05_Sebring International Raceway,Sebring International Raceway,sebring-international-raceway,2022-03-19,202203191010_Race,8,10 M. Kvamme M. Bell 1:18.766 | Tower Motorsport | ORECA LMP2 07 LMP2,7,13:11:18.307,J. Farano,13:12:31.142,R. Pinto de Andrade,1:12.835,7:33.794,20_Pit Stops Time Cards_Race.PDF,2,1
2022,05_Sebring International Raceway,Sebring International Raceway,sebring-international-raceway,2022-03-19,202203191010_Race,8,10 M. Kvamme M. Bell 1:18.766 | Tower Motorsport | ORECA LMP2 07 LMP2,8,13:48:07.377,R. Pinto de Andrade,13:49:13.005,R. Pinto de Andrade,1:05.628,8:39.422,20_Pit Stops Time Cards_Race.PDF,2,1
2022,05_Sebring International Raceway,Sebring International Raceway,sebring-international-raceway,2022-03-19,202203191010_Race,8,10 M. Kvamme M. Bell 1:18.766 | Tower Motorsport | ORECA LMP2 07 LMP2,9,16:50:16.696,L. Deletraz,16:51:15.949,L. Deletraz,59.253,9:38.675,20_Pit Stops Time Cards_Race.PDF,2,1
2022,05_Sebring International Raceway,Sebring International Raceway,sebring-international-raceway,2022-03-19,202203191010_Race,8,10 M. Kvamme M. Bell 1:18.766 | Tower Motorsport | ORECA LMP2 07 LMP2,10,17:25:28.963,L. Deletraz,17:26:48.525,J. Farano,1:19.562,10:58.237,20_Pit Stops Time Cards_Race.PDF,2,1
2022,05_Sebring International Raceway,Sebring International Raceway,sebring-international-raceway,2022-03-19,202203191010_Race,8,10 M. Kvamme M. Bell 1:18.766 | Tower Motorsport | ORECA LMP2 07 LMP2,11,17:32:53.330,J. Farano,17:33:40.276,J. Farano,46.946,11:45.183,20_Pit Stops Time Cards_Race.PDF,2,1
2022,05_Sebring International Raceway,Sebring International Raceway,sebring-international-raceway,2022-03-19,202203191010_Race,8,10 M. Kvamme M. Bell 1:18.766 | Tower Motorsport | ORECA LMP2 07 LMP2,12,18:13:23.464,J. Farano,18:14:32.717,L. Deletraz,1:09.253,12:54.436,20_Pit Stops Time Cards_Race.PDF,2,1
2022,05_Sebring International Raceway,Sebring International Raceway,sebring-international-raceway,2022-03-19,202203191010_Race,8,10 M. Kvamme M. Bell 1:18.766 | Tower Motorsport | ORECA LMP2 07 LMP2,13,18:54:14.795,L. Deletraz,18:55:28.191,L. Deletraz,1:13.396,14:07.832,20_Pit Stops Time Cards_Race.PDF,2,1
2022,05_Sebring International Raceway,Sebring International Raceway,sebring-international-raceway,2022-03-19,202203191010_Race,8,10 M. Kvamme M. Bell 1:18.766 | Tower Motorsport | ORECA LMP2 07 LMP2,14,19:34:27.493,L. Deletraz,19:35:41.446,R. Pinto de Andrade,1:13.953,15:21.785,20_Pit Stops Time Cards_Race.PDF,2,1
2022,05_Sebring International Raceway,Sebring International Raceway,sebring-international-raceway,2022-03-19,202203191010_Race,9,14 L. Deletraz R. Pinto de Andrade 1:13.953 15:21.785 | Pfaff Motorsports | Porsche 911 GT3R GTDPRO,1,11:06:55.557,M. Campbell,11:08:12.281,F. Nasr,1:16.724,1:16.724,20_Pit Stops Time Cards_Race.PDF,2,1
2022,05_Sebring International Raceway,Sebring International Raceway,sebring-international-raceway,2022-03-19,202203191010_Race,9,14 L. Deletraz R. Pinto de Andrade 1:13.953 15:21.785 | Pfaff Motorsports | Porsche 911 GT3R GTDPRO,2,12:08:18.885,F. Nasr,12:09:36.321,F. Nasr,1:17.436,2:34.160,20_Pit Stops Time Cards_Race.PDF,2,1
2022,05_Sebring International Raceway,Sebring International Raceway,sebring-international-raceway,2022-03-19,202203191010_Race,9,14 L. Deletraz R. Pinto de Andrade 1:13.953 15:21.785 | Pfaff Motorsports | Porsche 911 GT3R GTDPRO,3,13:07:43.001,F. Nasr,13:08:54.107,M. Jaminet,1:11.106,3:45.266,20_Pit Stops Time Cards_Race.PDF,2,1
2022,05_Sebring International Raceway,Sebring International Raceway,sebring-international-raceway,2022-03-19,202203191010_Race,9,14 L. Deletraz R. Pinto de Andrade 1:13.953 15:21.785 | Pfaff Motorsports | Porsche 911 GT3R GTDPRO,4,13:51:44.916,M. Jaminet,13:52:50.050,M. Jaminet,1:05.134,4:50.400,20_Pit Stops Time Cards_Race.PDF,2,1
2022,05_Sebring International Raceway,Sebring International Raceway,sebring-international-raceway,2022-03-19,202203191010_Race,9,14 L. Deletraz R. Pinto de Andrade 1:13.953 15:21.785 | Pfaff Motorsports | Porsche 911 GT3R GTDPRO,5,15:03:16.766,M. Jaminet,15:04:32.496,F. Nasr,1:15.730,6:06.130,20_Pit Stops Time Cards_Race.PDF,2,1
2022,05_Sebring International Raceway,Sebring International Raceway,sebring-international-raceway,2022-03-19,202203191010_Race,9,14 L. Deletraz R. Pinto de Andrade 1:13.953 15:21.785 | Pfaff Motorsports | Porsche 911 GT3R GTDPRO,6,15:35:24.767,F. Nasr,15:36:23.695,F. Nasr,58.928,7:05.058,20_Pit Stops Time Cards_Race.PDF,2,1
2022,05_Sebring International Raceway,Sebring International Raceway,sebring-international-raceway,2022-03-19,202203191010_Race,9,14 L. Deletraz R. Pinto de Andrade 1:13.953 15:21.785 | Pfaff Motorsports | Porsche 911 GT3R GTDPRO,7,15:49:26.042,F. Nasr,15:50:08.853,F. Nasr,42.811,7:47.869,20_Pit Stops Time Cards_Race.PDF,2,1
2022,05_Sebring International Raceway,Sebring International Raceway,sebring-international-raceway,2022-03-19,202203191010_Race,9,14 L. Deletraz R. Pinto de Andrade 1:13.953 15:21.785 | Pfaff Motorsports | Porsche 911 GT3R GTDPRO,8,16:25:33.214,F. Nasr,16:26:36.666,M. Campbell,1:03.452,8:51.321,20_Pit Stops Time Cards_Race.PDF,2,1
2022,05_Sebring International Raceway,Sebring International Raceway,sebring-international-raceway,2022-03-19,202203191010_Race,9,14 L. Deletraz R. Pinto de Andrade 1:13.953 15:21.785 | Pfaff Motorsports | Porsche 911 GT3R GTDPRO,9,17:17:03.203,M. Campbell,17:18:05.890,M. Campbell,1:02.687,9:54.008,20_Pit Stops Time Cards_Race.PDF,2,1
2022,05_Sebring International Raceway,Sebring International Raceway,sebring-international-raceway,2022-03-19,202203191010_Race,9,14 L. Deletraz R. Pinto de Andrade 1:13.953 15:21.785 | Pfaff Motorsports | Porsche 911 GT3R GTDPRO,10,17:29:16.892,M. Campbell,17:29:57.968,M. Campbell,41.076,10:35.084,20_Pit Stops Time Cards_Race.PDF,2,1
2022,05_Sebring International Raceway,Sebring International Raceway,sebring-international-raceway,2022-03-19,202203191010_Race,9,14 L. Deletraz R. Pinto de Andrade 1:13.953 15:21.785 | Pfaff Motorsports | Porsche 911 GT3R GTDPRO,11,18:32:10.652,M. Campbell,18:33:26.293,M. Jaminet,1:15.641,11:50.725,20_Pit Stops Time Cards_Race.PDF,2,1
2022,05_Sebring International Raceway,Sebring International Raceway,sebring-international-raceway,2022-03-19,202203191010_Race,9,14 L. Deletraz R. Pinto de Andrade 1:13.953 15:21.785 | Pfaff Motorsports | Porsche 911 GT3R GTDPRO,12,19:06:26.329,M. Jaminet,19:07:26.542,M. Jaminet,1:00.213,12:50.938,20_Pit Stops Time Cards_Race.PDF,2,1
2022,05_Sebring International Raceway,Sebring International Raceway,sebring-international-raceway,2022-03-19,202203191010_Race,9,14 L. Deletraz R. Pinto de Andrade 1:13.953 15:21.785 | Pfaff Motorsports | Porsche 911 GT3R GTDPRO,13,19:54:46.029,M. Jaminet,19:55:48.271,M. Jaminet,1:02.242,13:53.180,20_Pit Stops Time Cards_Race.PDF,2,1
2022,05_Sebring International Raceway,Sebring International Raceway,sebring-international-raceway,2022-03-19,202203191010_Race,9,14 L. Deletraz R. Pinto de Andrade 1:13.953 15:21.785 | Pfaff Motorsports | Porsche 911 GT3R GTDPRO,14,20:39:05.917,M. Jaminet,20:40:20.474,M. Campbell,1:14.557,15:07.737,20_Pit Stops Time Cards_Race.PDF,2,1
2022,05_Sebring International Raceway,Sebring International Raceway,sebring-international-raceway,2022-03-19,202203191010_Race,9,14 L. Deletraz R. Pinto de Andrade 1:13.953 15:21.785 | Pfaff Motorsports | Porsche 911 GT3R GTDPRO,15,21:33:52.322,M. Campbell,21:34:54.274,M. Campbell,1:01.952,16:09.689,20_Pit Stops Time Cards_Race.PDF,2,1
2022,05_Sebring International Raceway,Sebring International Raceway,sebring-international-raceway,2022-03-19,202203191010_Race,10,15 M. Campbell M. Campbell 1:01.952 16:09.689 | Konica Minolta Acura ARX-05 | Acura DPi DPi,1,10:38:23.436,R. Taylor,10:39:21.942,R. Taylor,58.506,58.506,20_Pit Stops Time Cards_Race.PDF,2,1
2022,05_Sebring International Raceway,Sebring International Raceway,sebring-international-raceway,2022-03-19,202203191010_Race,10,15 M. Campbell M. Campbell 1:01.952 16:09.689 | Konica Minolta Acura ARX-05 | Acura DPi DPi,2,11:19:50.519,R. Taylor,11:20:55.008,R. Taylor,1:04.489,2:02.995,20_Pit Stops Time Cards_Race.PDF,2,1
2022,05_Sebring International Raceway,Sebring International Raceway,sebring-international-raceway,2022-03-19,202203191010_Race,10,15 M. Campbell M. Campbell 1:01.952 16:09.689 | Konica Minolta Acura ARX-05 | Acura DPi DPi,3,12:01:17.660,R. Taylor,12:02:26.377,W. Stevens,1:08.717,3:11.712,20_Pit Stops Time Cards_Race.PDF,2,1
2022,05_Sebring International Raceway,Sebring International Raceway,sebring-international-raceway,2022-03-19,202203191010_Race,10,15 M. Campbell M. Campbell 1:01.952 16:09.689 | Konica Minolta Acura ARX-05 | Acura DPi DPi,4,12:42:44.444,W. Stevens,12:43:49.675,W. Stevens,1:05.231,4:16.943,20_Pit Stops Time Cards_Race.PDF,2,1
2022,05_Sebring International Raceway,Sebring International Raceway,sebring-international-raceway,2022-03-19,202203191010_Race,10,15 M. Campbell M. Campbell 1:01.952 16:09.689 | Konica Minolta Acura ARX-05 | Acura DPi DPi,5,13:03:38.962,W. Stevens,13:04:55.053,W. Stevens,1:16.091,5:33.034,20_Pit Stops Time Cards_Race.PDF,2,1
2022,05_Sebring International Raceway,Sebring International Raceway,sebring-international-raceway,2022-03-19,202203191010_Race,10,15 M. Campbell M. Campbell 1:01.952 16:09.689 | Konica Minolta Acura ARX-05 | Acura DPi DPi,6,13:48:00.125,W. Stevens,13:49:10.943,F. Albuquerque,1:10.818,6:43.852,20_Pit Stops Time Cards_Race.PDF,2,1
2022,05_Sebring International Raceway,Sebring International Raceway,sebring-international-raceway,2022-03-19,202203191010_Race,10,15 M. Campbell M. Campbell 1:01.952 16:09.689 | Konica Minolta Acura ARX-05 | Acura DPi DPi,7,14:47:48.815,F. Albuquerque,14:48:53.057,F. Albuquerque,1:04.242,7:48.094,20_Pit Stops Time Cards_Race.PDF,2,1
2022,05_Sebring International Raceway,Sebring International Raceway,sebring-international-raceway,2022-03-19,202203191010_Race,10,15 M. Campbell M. Campbell 1:01.952 16:09.689 | Konica Minolta Acura ARX-05 | Acura DPi DPi,8,15:27:19.441,F. Albuquerque,15:28:22.760,R. Taylor,1:03.319,8:51.413,20_Pit Stops Time Cards_Race.PDF,2,1
2022,05_Sebring International Raceway,Sebring International Raceway,sebring-international-raceway,2022-03-19,202203191010_Race,10,15 M. Campbell M. Campbell 1:01.952 16:09.689 | Konica Minolta Acura ARX-05 | Acura DPi DPi,9,15:45:18.702,R. Taylor,15:46:33.475,R. Taylor,1:14.773,10:06.186,20_Pit Stops Time Cards_Race.PDF,2,1
2022,05_Sebring International Raceway,Sebring International Raceway,sebring-international-raceway,2022-03-19,202203191010_Race,10,15 M. Campbell M. Campbell 1:01.952 16:09.689 | Konica Minolta Acura ARX-05 | Acura DPi DPi,10,16:21:16.638,R. Taylor,16:22:23.255,R. Taylor,1:06.617,11:12.803,20_Pit Stops Time Cards_Race.PDF,2,1
2022,05_Sebring International Raceway,Sebring International Raceway,sebring-international-raceway,2022-03-19,202203191010_Race,10,15 M. Campbell M. Campbell 1:01.952 16:09.689 | Konica Minolta Acura ARX-05 | Acura DPi DPi,11,17:17:18.623,R. Taylor,17:18:20.620,W. Stevens,1:01.997,12:14.800,20_Pit Stops Time Cards_Race.PDF,2,1
2022,05_Sebring International Raceway,Sebring International Raceway,sebring-international-raceway,2022-03-19,202203191010_Race,10,15 M. Campbell M. Campbell 1:01.952 16:09.689 | Konica Minolta Acura ARX-05 | Acura DPi DPi,12,18:12:56.935,W. Stevens,18:14:01.270,W. Stevens,1:04.335,13:19.135,20_Pit Stops Time Cards_Race.PDF,2,1
2022,05_Sebring International Raceway,Sebring International Raceway,sebring-international-raceway,2022-03-19,202203191010_Race,10,15 M. Campbell M. Campbell 1:01.952 16:09.689 | Konica Minolta Acura ARX-05 | Acura DPi DPi,13,18:17:43.423,W. Stevens,18:18:15.776,W. Stevens,32.353,13:51.488,20_Pit Stops Time Cards_Race.PDF,2,1
2022,05_Sebring International Raceway,Sebring International Raceway,sebring-international-raceway,2022-03-19,202203191010_Race,10,15 M. Campbell M. Campbell 1:01.952 16:09.689 | Konica Minolta Acura ARX-05 | Acura DPi DPi,14,18:51:29.401,W. Stevens,18:52:32.494,F. Albuquerque,1:03.093,14:54.581,20_Pit Stops Time Cards_Race.PDF,2,1
2022,05_Sebring International Raceway,Sebring International Raceway,sebring-international-raceway,2022-03-19,202203191010_Race,10,15 M. Campbell M. Campbell 1:01.952 16:09.689 | Konica Minolta Acura ARX-05 | Acura DPi DPi,15,19:32:56.616,F. Albuquerque,19:34:02.296,F. Albuquerque,1:05.680,16:00.261,20_Pit Stops Time Cards_Race.PDF,2,1
2022,05_Sebring International Raceway,Sebring International Raceway,sebring-international-raceway,2022-03-19,202203191010_Race,10,15 M. Campbell M. Campbell 1:01.952 16:09.689 | Konica Minolta Acura ARX-05 | Acura DPi DPi,16,20:14:28.147,F. Albuquerque,20:15:34.711,R. Taylor,1:06.564,17:06.825,20_Pit Stops Time Cards_Race.PDF,2,1
2022,05_Sebring International Raceway,Sebring International Raceway,sebring-international-raceway,2022-03-19,202203191010_Race,10,15 M. Campbell M. Campbell 1:01.952 16:09.689 | Konica Minolta Acura ARX-05 | Acura DPi DPi,17,20:55:53.020,R. Taylor,20:56:58.600,R. Taylor,1:05.580,18:12.405,20_Pit Stops Time Cards_Race.PDF,2,2
2022,05_Sebring International Raceway,Sebring International Raceway,sebring-international-raceway,2022-03-19,202203191010_Race,10,15 M. Campbell M. Campbell 1:01.952 16:09.689 | Konica Minolta Acura ARX-05 | Acura DPi DPi,18,21:31:36.142,R. Taylor,21:32:39.480,R. Taylor,1:03.338,19:15.743,20_Pit Stops Time Cards_Race.PDF,2,2
2022,05_Sebring International Raceway,Sebring International Raceway,sebring-international-raceway,2022-03-19,202203191010_Race,11,18 R. Taylor R. Taylor 1:03.338 19:15.743 | PR1 Mathiasen Motorsports | ORECA LMP2 07 LMP2,1,10:46:00.057,S. Thomas,10:47:10.824,S. Thomas,1:10.767,1:10.767,20_Pit Stops Time Cards_Race.PDF,2,2
2022,05_Sebring International Raceway,Sebring International Raceway,sebring-international-raceway,2022-03-19,202203191010_Race,11,18 R. Taylor R. Taylor 1:03.338 19:15.743 | PR1 Mathiasen Motorsports | ORECA LMP2 07 LMP2,2,11:25:35.901,S. Thomas,11:27:00.324,J. Pierson,1:24.423,2:35.190,20_Pit Stops Time Cards_Race.PDF,2,2
2022,05_Sebring International Raceway,Sebring International Raceway,sebring-international-raceway,2022-03-19,202203191010_Race,11,18 R. Taylor R. Taylor 1:03.338 19:15.743 | PR1 Mathiasen Motorsports | ORECA LMP2 07 LMP2,3,11:59:11.290,J. Pierson,12:00:28.189,J. Pierson,1:16.899,3:52.089,20_Pit Stops Time Cards_Race.PDF,2,2
2022,05_Sebring International Raceway,Sebring International Raceway,sebring-international-raceway,2022-03-19,202203191010_Race,11,18 R. Taylor R. Taylor 1:03.338 19:15.743 | PR1 Mathiasen Motorsports | ORECA LMP2 07 LMP2,4,12:06:08.833,J. Pierson,12:06:41.700,J. Pierson,32.867,4:24.956,20_Pit Stops Time Cards_Race.PDF,2,2
2022,05_Sebring International Raceway,Sebring International Raceway,sebring-international-raceway,2022-03-19,202203191010_Race,11,18 R. Taylor R. Taylor 1:03.338 19:15.743 | PR1 Mathiasen Motorsports | ORECA LMP2 07 LMP2,5,12:38:25.768,J. Pierson,12:39:43.961,S. Thomas,1:18.193,5:43.149,20_Pit Stops Time Cards_Race.PDF,2,2
2022,05_Sebring International Raceway,Sebring International Raceway,sebring-international-raceway,2022-03-19,202203191010_Race,11,18 R. Taylor R. Taylor 1:03.338 19:15.743 | PR1 Mathiasen Motorsports | ORECA LMP2 07 LMP2,6,13:11:15.785,S. Thomas,13:12:40.345,S. Thomas,1:24.560,7:07.709,20_Pit Stops Time Cards_Race.PDF,2,2
2022,05_Sebring International Raceway,Sebring International Raceway,sebring-international-raceway,2022-03-19,202203191010_Race,11,18 R. Taylor R. Taylor 1:03.338 19:15.743 | PR1 Mathiasen Motorsports | ORECA LMP2 07 LMP2,7,13:48:34.123,S. Thomas,13:49:38.210,S. Thomas,1:04.087,8:11.796,20_Pit Stops Time Cards_Race.PDF,2,2
2022,05_Sebring International Raceway,Sebring International Raceway,sebring-international-raceway,2022-03-19,202203191010_Race,11,18 R. Taylor R. Taylor 1:03.338 19:15.743 | PR1 Mathiasen Motorsports | ORECA LMP2 07 LMP2,8,14:38:57.940,S. Thomas,14:40:08.984,J. Bomarito,1:11.044,9:22.840,20_Pit Stops Time Cards_Race.PDF,2,2
2022,05_Sebring International Raceway,Sebring International Raceway,sebring-international-raceway,2022-03-19,202203191010_Race,11,18 R. Taylor R. Taylor 1:03.338 19:15.743 | PR1 Mathiasen Motorsports | ORECA LMP2 07 LMP2,9,15:16:09.303,J. Bomarito,15:17:25.187,J. Bomarito,1:15.884,10:38.724,20_Pit Stops Time Cards_Race.PDF,2,2
2022,05_Sebring International Raceway,Sebring International Raceway,sebring-international-raceway,2022-03-19,202203191010_Race,11,18 R. Taylor R. Taylor 1:03.338 19:15.743 | PR1 Mathiasen Motorsports | ORECA LMP2 07 LMP2,10,15:45:20.366,J. Bomarito,15:46:39.694,J. Pierson,1:19.328,11:58.052,20_Pit Stops Time Cards_Race.PDF,2,2
2022,05_Sebring International Raceway,Sebring International Raceway,sebring-international-raceway,2022-03-19,202203191010_Race,11,18 R. Taylor R. Taylor 1:03.338 19:15.743 | PR1 Mathiasen Motorsports | ORECA LMP2 07 LMP2,11,15:58:38.435,J. Pierson,15:59:11.304,J. Pierson,32.869,12:30.921,20_Pit Stops Time Cards_Race.PDF,2,2
2022,05_Sebring International Raceway,Sebring International Raceway,sebring-international-raceway,2022-03-19,202203191010_Race,11,18 R. Taylor R. Taylor 1:03.338 19:15.743 | PR1 Mathiasen Motorsports | ORECA LMP2 07 LMP2,12,16:31:05.064,J. Pierson,16:32:10.986,J. Pierson,1:05.922,13:36.843,20_Pit Stops Time Cards_Race.PDF,2,2
2022,05_Sebring International Raceway,Sebring International Raceway,sebring-international-raceway,2022-03-19,202203191010_Race,11,18 R. Taylor R. Taylor 1:03.338 19:15.743 | PR1 Mathiasen Motorsports | ORECA LMP2 07 LMP2,13,17:18:22.884,J. Pierson,17:19:05.040,J. Pierson,42.156,14:18.999,20_Pit Stops Time Cards_Race.PDF,2,2
2022,05_Sebring International Raceway,Sebring International Raceway,sebring-international-raceway,2022-03-19,202203191010_Race,11,18 R. Taylor R. Taylor 1:03.338 19:15.743 | PR1 Mathiasen Motorsports | ORECA LMP2 07 LMP2,14,17:25:10.712,J. Pierson,17:26:22.018,J. Bomarito,1:11.306,15:30.305,20_Pit Stops Time Cards_Race.PDF,2,2
2022,05_Sebring International Raceway,Sebring International Raceway,sebring-international-raceway,2022-03-19,202203191010_Race,11,18 R. Taylor R. Taylor 1:03.338 19:15.743 | PR1 Mathiasen Motorsports | ORECA LMP2 07 LMP2,15,17:32:51.559,J. Bomarito,17:33:37.232,J. Bomarito,45.673,16:15.978,20_Pit Stops Time Cards_Race.PDF,2,2
2022,05_Sebring International Raceway,Sebring International Raceway,sebring-international-raceway,2022-03-19,202203191010_Race,11,18 R. Taylor R. Taylor 1:03.338 19:15.743 | PR1 Mathiasen Motorsports | ORECA LMP2 07 LMP2,16,18:08:20.420,J. Bomarito,18:09:32.364,J. Bomarito,1:11.944,17:27.922,20_Pit Stops Time Cards_Race.PDF,2,2
2022,05_Sebring International Raceway,Sebring International Raceway,sebring-international-raceway,2022-03-19,202203191010_Race,11,18 R. Taylor R. Taylor 1:03.338 19:15.743 | PR1 Mathiasen Motorsports | ORECA LMP2 07 LMP2,17,18:45:21.526,J. Bomarito,18:46:36.150,J. Pierson,1:14.624,18:42.546,20_Pit Stops Time Cards_Race.PDF,2,2
2022,05_Sebring International Raceway,Sebring International Raceway,sebring-international-raceway,2022-03-19,202203191010_Race,11,18 R. Taylor R. Taylor 1:03.338 19:15.743 | PR1 Mathiasen Motorsports | ORECA LMP2 07 LMP2,18,19:22:25.447,J. Pierson,19:23:35.878,J. Bomarito,1:10.431,19:52.977,20_Pit Stops Time Cards_Race.PDF,2,2
2022,05_Sebring International Raceway,Sebring International Raceway,sebring-international-raceway,2022-03-19,202203191010_Race,11,18 R. Taylor R. Taylor 1:03.338 19:15.743 | PR1 Mathiasen Motorsports | ORECA LMP2 07 LMP2,19,19:59:27.333,J. Bomarito,20:00:40.483,J. Pierson,1:13.150,21:06.127,20_Pit Stops Time Cards_Race.PDF,2,2
2022,05_Sebring International Raceway,Sebring International Raceway,sebring-international-raceway,2022-03-19,202203191010_Race,11,18 R. Taylor R. Taylor 1:03.338 19:15.743 | PR1 Mathiasen Motorsports | ORECA LMP2 07 LMP2,20,20:34:54.575,J. Pierson,20:36:03.577,J. Pierson,1:09.002,22:15.129,20_Pit Stops Time Cards_Race.PDF,2,2
2022,05_Sebring International Raceway,Sebring International Raceway,sebring-international-raceway,2022-03-19,202203191010_Race,11,18 R. Taylor R. Taylor 1:03.338 19:15.743 | PR1 Mathiasen Motorsports | ORECA LMP2 07 LMP2,21,21:06:17.795,J. Pierson,21:07:27.800,J. Bomarito,1:10.005,23:25.134,20_Pit Stops Time Cards_Race.PDF,2,2
2022,05_Sebring International Raceway,Sebring International Raceway,sebring-international-raceway,2022-03-19,202203191010_Race,11,18 R. Taylor R. Taylor 1:03.338 19:15.743 | PR1 Mathiasen Motorsports | ORECA LMP2 07 LMP2,22,21:37:46.801,J. Bomarito,21:38:52.073,J. Bomarito,1:05.272,24:30.406,20_Pit Stops Time Cards_Race.PDF,2,2
2022,05_Sebring International Raceway,Sebring International Raceway,sebring-international-raceway,2022-03-19,202203191010_Race,12,22 J. Bomarito J. Bomarito 1:05.272 24:30.406 | VasserSullivan | Lexus RC F GT3 GTD,1,10:38:33.612,F. Montecalvo,10:39:30.552,F. Montecalvo,56.940,56.940,20_Pit Stops Time Cards_Race.PDF,2,2
2022,05_Sebring International Raceway,Sebring International Raceway,sebring-international-raceway,2022-03-19,202203191010_Race,12,22 J. Bomarito J. Bomarito 1:05.272 24:30.406 | VasserSullivan | Lexus RC F GT3 GTD,2,11:39:23.467,F. Montecalvo,11:40:39.043,F. Montecalvo,1:15.576,2:12.516,20_Pit Stops Time Cards_Race.PDF,2,2
2022,05_Sebring International Raceway,Sebring International Raceway,sebring-international-raceway,2022-03-19,202203191010_Race,12,22 J. Bomarito J. Bomarito 1:05.272 24:30.406 | VasserSullivan | Lexus RC F GT3 GTD,3,12:42:48.544,F. Montecalvo,12:44:06.711,R. Heistand,1:18.167,3:30.683,20_Pit Stops Time Cards_Race.PDF,2,2
2022,05_Sebring International Raceway,Sebring International Raceway,sebring-international-raceway,2022-03-19,202203191010_Race,12,22 J. Bomarito J. Bomarito 1:05.272 24:30.406 | VasserSullivan | Lexus RC F GT3 GTD,4,13:12:51.030,R. Heistand,13:13:41.086,R. Heistand,50.056,4:20.739,20_Pit Stops Time Cards_Race.PDF,2,2
2022,05_Sebring International Raceway,Sebring International Raceway,sebring-international-raceway,2022-03-19,202203191010_Race,12,22 J. Bomarito J. Bomarito 1:05.272 24:30.406 | VasserSullivan | Lexus RC F GT3 GTD,5,13:51:52.516,R. Heistand,13:53:14.332,R. Heistand,1:21.816,5:42.555,20_Pit Stops Time Cards_Race.PDF,2,2
2022,05_Sebring International Raceway,Sebring International Raceway,sebring-international-raceway,2022-03-19,202203191010_Race,12,22 J. Bomarito J. Bomarito 1:05.272 24:30.406 | VasserSullivan | Lexus RC F GT3 GTD,6,13:57:08.349,R. Heistand,13:58:16.978,R. Heistand,1:08.629,6:51.184,20_Pit Stops Time Cards_Race.PDF,2,2
2022,05_Sebring International Raceway,Sebring International Raceway,sebring-international-raceway,2022-03-19,202203191010_Race,12,22 J. Bomarito J. Bomarito 1:05.272 24:30.406 | VasserSullivan | Lexus RC F GT3 GTD,7,15:09:16.104,R. Heistand,15:10:33.762,S. Andrews,1:17.658,8:08.842,20_Pit Stops Time Cards_Race.PDF,2,2
2022,05_Sebring International Raceway,Sebring International Raceway,sebring-international-raceway,2022-03-19,202203191010_Race,12,22 J. Bomarito J. Bomarito 1:05.272 24:30.406 | VasserSullivan | Lexus RC F GT3 GTD,8,15:49:13.543,S. Andrews,15:50:30.151,S. Andrews,1:16.608,9:25.450,20_Pit Stops Time Cards_Race.PDF,2,2
2022,05_Sebring International Raceway,Sebring International Raceway,sebring-international-raceway,2022-03-19,202203191010_Race,12,22 J. Bomarito J. Bomarito 1:05.272 24:30.406 | VasserSullivan | Lexus RC F GT3 GTD,9,16:25:39.423,S. Andrews,16:26:46.158,S. Andrews,1:06.735,10:32.185,20_Pit Stops Time Cards_Race.PDF,2,2
2022,05_Sebring International Raceway,Sebring International Raceway,sebring-international-raceway,2022-03-19,202203191010_Race,12,22 J. Bomarito J. Bomarito 1:05.272 24:30.406 | VasserSullivan | Lexus RC F GT3 GTD,10,17:29:06.346,S. Andrews,17:30:12.244,F. Montecalvo,1:05.898,11:38.083,20_Pit Stops Time Cards_Race.PDF,2,2
2022,05_Sebring International Raceway,Sebring International Raceway,sebring-international-raceway,2022-03-19,202203191010_Race,12,22 J. Bomarito J. Bomarito 1:05.272 24:30.406 | VasserSullivan | Lexus RC F GT3 GTD,11,18:34:24.102,F. Montecalvo,18:35:43.582,R. Heistand,1:19.480,12:57.563,20_Pit Stops Time Cards_Race.PDF,2,2
2022,05_Sebring International Raceway,Sebring International Raceway,sebring-international-raceway,2022-03-19,202203191010_Race,12,22 J. Bomarito J. Bomarito 1:05.272 24:30.406 | VasserSullivan | Lexus RC F GT3 GTD,12,19:35:29.399,R. Heistand,19:36:46.665,R. Heistand,1:17.266,14:14.829,20_Pit Stops Time Cards_Race.PDF,2,2
2022,05_Sebring International Raceway,Sebring International Raceway,sebring-international-raceway,2022-03-19,202203191010_Race,12,22 J. Bomarito J. Bomarito 1:05.272 24:30.406 | VasserSullivan | Lexus RC F GT3 GTD,13,20:20:14.218,R. Heistand,20:21:31.322,S. Andrews,1:17.104,15:31.933,20_Pit Stops Time Cards_Race.PDF,2,2
2022,05_Sebring International Raceway,Sebring International Raceway,sebring-international-raceway,2022-03-19,202203191010_Race,12,22 J. Bomarito J. Bomarito 1:05.272 24:30.406 | VasserSullivan | Lexus RC F GT3 GTD,14,20:38:10.613,S. Andrews,20:39:44.657,S. Andrews,1:34.044,17:05.977,20_Pit Stops Time Cards_Race.PDF,2,2
2022,05_Sebring International Raceway,Sebring International Raceway,sebring-international-raceway,2022-03-19,202203191010_Race,12,22 J. Bomarito J. Bomarito 1:05.272 24:30.406 | VasserSullivan | Lexus RC F GT3 GTD,15,21:00:42.589,S. Andrews,21:02:08.142,S. Andrews,1:25.553,18:31.530,20_Pit Stops Time Cards_Race.PDF,2,2
2022,05_Sebring International Raceway,Sebring International Raceway,sebring-international-raceway,2022-03-19,202203191010_Race,12,22 J. Bomarito J. Bomarito 1:05.272 24:30.406 | VasserSullivan | Lexus RC F GT3 GTD,16,21:08:27.262,S. Andrews,21:08:59.986,S. Andrews,32.724,19:04.254,20_Pit Stops Time Cards_Race.PDF,2,2
2022,05_Sebring International Raceway,Sebring International Raceway,sebring-international-raceway,2022-03-19,202203191010_Race,12,22 J. Bomarito J. Bomarito 1:05.272 24:30.406 | VasserSullivan | Lexus RC F GT3 GTD,17,21:19:31.828,S. Andrews,21:20:37.676,S. Andrews,1:05.848,20:10.102,20_Pit Stops Time Cards_Race.PDF,2,2
2022,05_Sebring International Raceway,Sebring International Raceway,sebring-international-raceway,2022-03-19,202203191010_Race,13,17 S. Andrews S. Andrews 1:05.848 20:10.102 | AWA | Duqueine D08 LMP3,1,10:41:58.985,O. Fidani,10:43:18.442,O. Fidani,1:19.457,1:19.457,20_Pit Stops Time Cards_Race.PDF,2,2
2022,05_Sebring International Raceway,Sebring International Raceway,sebring-international-raceway,2022-03-19,202203191010_Race,13,17 S. Andrews S. Andrews 1:05.848 20:10.102 | AWA | Duqueine D08 LMP3,2,11:16:31.351,O. Fidani,11:17:46.478,K. Wittmer,1:15.127,2:34.584,20_Pit Stops Time Cards_Race.PDF,2,2
2022,05_Sebring International Raceway,Sebring International Raceway,sebring-international-raceway,2022-03-19,202203191010_Race,13,17 S. Andrews S. Andrews 1:05.848 20:10.102 | AWA | Duqueine D08 LMP3,3,12:18:45.374,K. Wittmer,12:20:08.685,L. Kern,1:23.311,3:57.895,20_Pit Stops Time Cards_Race.PDF,2,2
2022,05_Sebring International Raceway,Sebring International Raceway,sebring-international-raceway,2022-03-19,202203191010_Race,13,17 S. Andrews S. Andrews 1:05.848 20:10.102 | AWA | Duqueine D08 LMP3,4,13:03:56.312,L. Kern,13:05:04.881,L. Kern,1:08.569,5:06.464,20_Pit Stops Time Cards_Race.PDF,2,2
2022,05_Sebring International Raceway,Sebring International Raceway,sebring-international-raceway,2022-03-19,202203191010_Race,13,17 S. Andrews S. Andrews 1:05.848 20:10.102 | AWA | Duqueine D08 LMP3,5,13:14:59.074,L. Kern,13:15:49.850,L. Kern,50.776,5:57.240,20_Pit Stops Time Cards_Race.PDF,2,2
2022,05_Sebring International Raceway,Sebring International Raceway,sebring-international-raceway,2022-03-19,202203191010_Race,13,17 S. Andrews S. Andrews 1:05.848 20:10.102 | AWA | Duqueine D08 LMP3,6,13:54:44.395,L. Kern,13:56:24.798,O. Fidani,1:40.403,7:37.643,20_Pit Stops Time Cards_Race.PDF,2,2
2022,05_Sebring International Raceway,Sebring International Raceway,sebring-international-raceway,2022-03-19,202203191010_Race,13,17 S. Andrews S. Andrews 1:05.848 20:10.102 | AWA | Duqueine D08 LMP3,7,15:09:39.876,O. Fidani,15:11:00.544,K. Wittmer,1:20.668,8:58.311,20_Pit Stops Time Cards_Race.PDF,3,1
2022,05_Sebring International Raceway,Sebring International Raceway,sebring-international-raceway,2022-03-19,202203191010_Race,13,17 S. Andrews S. Andrews 1:05.848 20:10.102 | AWA | Duqueine D08 LMP3,8,16:31:10.344,K. Wittmer,16:35:14.486,O. Fidani,4:04.142,13:02.453,20_Pit Stops Time Cards_Race.PDF,3,1
2022,05_Sebring International Raceway,Sebring International Raceway,sebring-international-raceway,2022-03-19,202203191010_Race,13,17 S. Andrews S. Andrews 1:05.848 20:10.102 | AWA | Duqueine D08 LMP3,9,16:39:05.753,O. Fidani,16:56:06.540,O. Fidani,17:00.787,30:03.240,20_Pit Stops Time Cards_Race.PDF,3,1
2022,05_Sebring International Raceway,Sebring International Raceway,sebring-international-raceway,2022-03-19,202203191010_Race,13,17 S. Andrews S. Andrews 1:05.848 20:10.102 | AWA | Duqueine D08 LMP3,10,18:01:34.017,O. Fidani,18:02:51.443,L. Kern,1:17.426,31:20.666,20_Pit Stops Time Cards_Race.PDF,3,1
2022,05_Sebring International Raceway,Sebring International Raceway,sebring-international-raceway,2022-03-19,202203191010_Race,13,17 S. Andrews S. Andrews 1:05.848 20:10.102 | AWA | Duqueine D08 LMP3,11,19:04:01.800,L. Kern,19:06:02.915,K. Wittmer,2:01.115,33:21.781,20_Pit Stops Time Cards_Race.PDF,3,1
2022,05_Sebring International Raceway,Sebring International Raceway,sebring-international-raceway,2022-03-19,202203191010_Race,13,17 S. Andrews S. Andrews 1:05.848 20:10.102 | AWA | Duqueine D08 LMP3,12,20:07:18.167,K. Wittmer,20:08:40.103,K. Wittmer,1:21.936,34:43.717,20_Pit Stops Time Cards_Race.PDF,3,1
2022,05_Sebring International Raceway,Sebring International Raceway,sebring-international-raceway,2022-03-19,202203191010_Race,13,17 S. Andrews S. Andrews 1:05.848 20:10.102 | AWA | Duqueine D08 LMP3,13,21:10:37.769,K. Wittmer,21:12:35.705,L. Kern,1:57.936,36:41.653,20_Pit Stops Time Cards_Race.PDF,3,1
2022,05_Sebring International Raceway,Sebring International Raceway,sebring-international-raceway,2022-03-19,202203191010_Race,14,13 K. Wittmer L. Kern 1:57.936 36:41.653 | VasserSullivan | Lexus RC F GT3 GTDPRO,1,11:09:01.853,A. Telitz,11:10:19.358,A. Telitz,1:17.505,1:17.505,20_Pit Stops Time Cards_Race.PDF,3,1
2022,05_Sebring International Raceway,Sebring International Raceway,sebring-international-raceway,2022-03-19,202203191010_Race,14,13 K. Wittmer L. Kern 1:57.936 36:41.653 | VasserSullivan | Lexus RC F GT3 GTDPRO,2,12:11:52.210,A. Telitz,12:13:10.523,B. Barnicoat,1:18.313,2:35.818,20_Pit Stops Time Cards_Race.PDF,3,1
2022,05_Sebring International Raceway,Sebring International Raceway,sebring-international-raceway,2022-03-19,202203191010_Race,14,13 K. Wittmer L. Kern 1:57.936 36:41.653 | VasserSullivan | Lexus RC F GT3 GTDPRO,3,13:07:25.366,B. Barnicoat,13:08:39.253,B. Barnicoat,1:13.887,3:49.705,20_Pit Stops Time Cards_Race.PDF,3,1
2022,05_Sebring International Raceway,Sebring International Raceway,sebring-international-raceway,2022-03-19,202203191010_Race,14,13 K. Wittmer L. Kern 1:57.936 36:41.653 | VasserSullivan | Lexus RC F GT3 GTDPRO,4,13:51:42.711,B. Barnicoat,13:52:47.945,B. Barnicoat,1:05.234,4:54.939,20_Pit Stops Time Cards_Race.PDF,3,1
2022,05_Sebring International Raceway,Sebring International Raceway,sebring-international-raceway,2022-03-19,202203191010_Race,14,13 K. Wittmer L. Kern 1:57.936 36:41.653 | VasserSullivan | Lexus RC F GT3 GTDPRO,5,15:05:04.575,B. Barnicoat,15:06:22.037,J. Hawksworth,1:17.462,6:12.401,20_Pit Stops Time Cards_Race.PDF,3,1
2022,05_Sebring International Raceway,Sebring International Raceway,sebring-international-raceway,2022-03-19,202203191010_Race,14,13 K. Wittmer L. Kern 1:57.936 36:41.653 | VasserSullivan | Lexus RC F GT3 GTDPRO,6,15:49:09.936,J. Hawksworth,15:50:12.851,J. Hawksworth,1:02.915,7:15.316,20_Pit Stops Time Cards_Race.PDF,3,1
2022,05_Sebring International Raceway,Sebring International Raceway,sebring-international-raceway,2022-03-19,202203191010_Race,14,13 K. Wittmer L. Kern 1:57.936 36:41.653 | VasserSullivan | Lexus RC F GT3 GTDPRO,7,17:12:53.541,J. Hawksworth,17:14:10.327,A. Telitz,1:16.786,8:32.102,20_Pit Stops Time Cards_Race.PDF,3,1
2022,05_Sebring International Raceway,Sebring International Raceway,sebring-international-raceway,2022-03-19,202203191010_Race,14,13 K. Wittmer L. Kern 1:57.936 36:41.653 | VasserSullivan | Lexus RC F GT3 GTDPRO,8,17:29:19.725,A. Telitz,17:30:04.843,A. Telitz,45.118,9:17.220,20_Pit Stops Time Cards_Race.PDF,3,1
2022,05_Sebring International Raceway,Sebring International Raceway,sebring-international-raceway,2022-03-19,202203191010_Race,14,13 K. Wittmer L. Kern 1:57.936 36:41.653 | VasserSullivan | Lexus RC F GT3 GTDPRO,9,18:34:08.158,A. Telitz,18:35:25.278,B. Barnicoat,1:17.120,10:34.340,20_Pit Stops Time Cards_Race.PDF,3,1
2022,05_Sebring International Raceway,Sebring International Raceway,sebring-international-raceway,2022-03-19,202203191010_Race,14,13 K. Wittmer L. Kern 1:57.936 36:41.653 | VasserSullivan | Lexus RC F GT3 GTDPRO,10,19:34:57.757,B. Barnicoat,19:36:07.039,J. Hawksworth,1:09.282,11:43.622,20_Pit Stops Time Cards_Race.PDF,3,1
2022,05_Sebring International Raceway,Sebring International Raceway,sebring-international-raceway,2022-03-19,202203191010_Race,14,13 K. Wittmer L. Kern 1:57.936 36:41.653 | VasserSullivan | Lexus RC F GT3 GTDPRO,11,20:25:25.329,J. Hawksworth,20:26:43.859,J. Hawksworth,1:18.530,13:02.152,20_Pit Stops Time Cards_Race.PDF,3,1
2022,05_Sebring International Raceway,Sebring International Raceway,sebring-international-raceway,2022-03-19,202203191010_Race,14,13 K. Wittmer L. Kern 1:57.936 36:41.653 | VasserSullivan | Lexus RC F GT3 GTDPRO,12,21:18:13.222,J. Hawksworth,21:19:18.676,A. Telitz,1:05.454,14:07.606,20_Pit Stops Time Cards_Race.PDF,3,1
2022,05_Sebring International Raceway,Sebring International Raceway,sebring-international-raceway,2022-03-19,202203191010_Race,16,12 J. Hawksworth A. Telitz 1:05.454 14:07.606 | Wright Motorsports | Porsche 911 GT3R GTD,1,10:20:01.451,Z. Robichon,10:21:53.563,Z. Robichon,1:52.112,1:52.112,20_Pit Stops Time Cards_Race.PDF,3,1
2022,05_Sebring International Raceway,Sebring International Raceway,sebring-international-raceway,2022-03-19,202203191010_Race,16,12 J. Hawksworth A. Telitz 1:05.454 14:07.606 | Wright Motorsports | Porsche 911 GT3R GTD,2,10:24:21.437,Z. Robichon,10:59:19.843,Z. Robichon,34:58.406,36:50.518,20_Pit Stops Time Cards_Race.PDF,3,1
2022,05_Sebring International Raceway,Sebring International Raceway,sebring-international-raceway,2022-03-19,202203191010_Race,16,12 J. Hawksworth A. Telitz 1:05.454 14:07.606 | Wright Motorsports | Porsche 911 GT3R GTD,3,11:57:20.338,Z. Robichon,11:59:33.560,R. Hardwick,2:13.222,39:03.740,20_Pit Stops Time Cards_Race.PDF,3,1
2022,05_Sebring International Raceway,Sebring International Raceway,sebring-international-raceway,2022-03-19,202203191010_Race,16,12 J. Hawksworth A. Telitz 1:05.454 14:07.606 | Wright Motorsports | Porsche 911 GT3R GTD,4,13:12:53.512,R. Hardwick,13:14:28.109,J. Heylen,1:34.597,40:38.337,20_Pit Stops Time Cards_Race.PDF,3,1
2022,05_Sebring International Raceway,Sebring International Raceway,sebring-international-raceway,2022-03-19,202203191010_Race,16,12 J. Hawksworth A. Telitz 1:05.454 14:07.606 | Wright Motorsports | Porsche 911 GT3R GTD,5,13:55:23.450,J. Heylen,13:56:31.347,R. Hardwick,1:07.897,41:46.234,20_Pit Stops Time Cards_Race.PDF,3,1
2022,05_Sebring International Raceway,Sebring International Raceway,sebring-international-raceway,2022-03-19,202203191010_Race,16,12 J. Hawksworth A. Telitz 1:05.454 14:07.606 | Wright Motorsports | Porsche 911 GT3R GTD,6,15:07:42.742,R. Hardwick,15:08:58.622,Z. Robichon,1:15.880,43:02.114,20_Pit Stops Time Cards_Race.PDF,3,1
2022,05_Sebring International Raceway,Sebring International Raceway,sebring-international-raceway,2022-03-19,202203191010_Race,16,12 J. Hawksworth A. Telitz 1:05.454 14:07.606 | Wright Motorsports | Porsche 911 GT3R GTD,7,15:54:13.013,Z. Robichon,15:55:16.548,Z. Robichon,1:03.535,44:05.649,20_Pit Stops Time Cards_Race.PDF,3,1
2022,05_Sebring International Raceway,Sebring International Raceway,sebring-international-raceway,2022-03-19,202203191010_Race,16,12 J. Hawksworth A. Telitz 1:05.454 14:07.606 | Wright Motorsports | Porsche 911 GT3R GTD,8,16:31:03.136,Z. Robichon,16:32:17.937,R. Hardwick,1:14.801,45:20.450,20_Pit Stops Time Cards_Race.PDF,3,1
2022,05_Sebring International Raceway,Sebring International Raceway,sebring-international-raceway,2022-03-19,202203191010_Race,16,12 J. Hawksworth A. Telitz 1:05.454 14:07.606 | Wright Motorsports | Porsche 911 GT3R GTD,9,17:17:32.231,R. Hardwick,17:18:36.726,J. Heylen,1:04.495,46:24.945,20_Pit Stops Time Cards_Race.PDF,3,1
2022,05_Sebring International Raceway,Sebring International Raceway,sebring-international-raceway,2022-03-19,202203191010_Race,16,12 J. Hawksworth A. Telitz 1:05.454 14:07.606 | Wright Motorsports | Porsche 911 GT3R GTD,10,17:34:08.920,J. Heylen,17:34:53.516,J. Heylen,44.596,47:09.541,20_Pit Stops Time Cards_Race.PDF,3,1
2022,05_Sebring International Raceway,Sebring International Raceway,sebring-international-raceway,2022-03-19,202203191010_Race,16,12 J. Hawksworth A. Telitz 1:05.454 14:07.606 | Wright Motorsports | Porsche 911 GT3R GTD,11,18:26:28.477,J. Heylen,18:27:01.214,J. Heylen,32.737,47:42.278,20_Pit Stops Time Cards_Race.PDF,3,1
2022,05_Sebring International Raceway,Sebring International Raceway,sebring-international-raceway,2022-03-19,202203191010_Race,16,12 J. Hawksworth A. Telitz 1:05.454 14:07.606 | Wright Motorsports | Porsche 911 GT3R GTD,12,18:33:11.739,J. Heylen,18:34:28.448,Z. Robichon,1:16.709,48:58.987,20_Pit Stops Time Cards_Race.PDF,3,1
2022,05_Sebring International Raceway,Sebring International Raceway,sebring-international-raceway,2022-03-19,202203191010_Race,16,12 J. Hawksworth A. Telitz 1:05.454 14:07.606 | Wright Motorsports | Porsche 911 GT3R GTD,13,19:30:19.027,Z. Robichon,19:31:32.754,J. Heylen,1:13.727,50:12.714,20_Pit Stops Time Cards_Race.PDF,3,1
2022,05_Sebring International Raceway,Sebring International Raceway,sebring-international-raceway,2022-03-19,202203191010_Race,16,12 J. Hawksworth A. Telitz 1:05.454 14:07.606 | Wright Motorsports | Porsche 911 GT3R GTD,14,20:27:25.612,J. Heylen,20:28:41.243,Z. Robichon,1:15.631,51:28.345,20_Pit Stops Time Cards_Race.PDF,3,1
2022,05_Sebring International Raceway,Sebring International Raceway,sebring-international-raceway,2022-03-19,202203191010_Race,16,12 J. Hawksworth A. Telitz 1:05.454 14:07.606 | Wright Motorsports | Porsche 911 GT3R GTD,15,21:18:09.659,Z. Robichon,21:19:20.546,J. Heylen,1:10.887,52:39.232,20_Pit Stops Time Cards_Race.PDF,3,1
2022,05_Sebring International Raceway,Sebring International Raceway,sebring-international-raceway,2022-03-19,202203191010_Race,18,15 Z. Robichon J. Heylen 1:10.887 52:39.232 | Era Motorsport | ORECA LMP2 07 LMP2,1,10:47:32.629,D. Merriman,10:48:43.420,D. Merriman,1:10.791,1:10.791,20_Pit Stops Time Cards_Race.PDF,3,1
2022,05_Sebring International Raceway,Sebring International Raceway,sebring-international-raceway,2022-03-19,202203191010_Race,18,15 Z. Robichon J. Heylen 1:10.887 52:39.232 | Era Motorsport | ORECA LMP2 07 LMP2,2,11:29:21.724,D. Merriman,11:30:53.465,R. Dalziel,1:31.741,2:42.532,20_Pit Stops Time Cards_Race.PDF,3,1
2022,05_Sebring International Raceway,Sebring International Raceway,sebring-international-raceway,2022-03-19,202203191010_Race,18,15 Z. Robichon J. Heylen 1:10.887 52:39.232 | Era Motorsport | ORECA LMP2 07 LMP2,3,12:08:24.170,R. Dalziel,12:09:39.335,R. Dalziel,1:15.165,3:57.697,20_Pit Stops Time Cards_Race.PDF,3,1
2022,05_Sebring International Raceway,Sebring International Raceway,sebring-international-raceway,2022-03-19,202203191010_Race,18,15 Z. Robichon J. Heylen 1:10.887 52:39.232 | Era Motorsport | ORECA LMP2 07 LMP2,4,12:47:05.470,R. Dalziel,12:48:32.253,D. Merriman,1:26.783,5:24.480,20_Pit Stops Time Cards_Race.PDF,3,1
2022,05_Sebring International Raceway,Sebring International Raceway,sebring-international-raceway,2022-03-19,202203191010_Race,18,15 Z. Robichon J. Heylen 1:10.887 52:39.232 | Era Motorsport | ORECA LMP2 07 LMP2,5,13:14:56.104,D. Merriman,13:15:44.426,D. Merriman,48.322,6:12.802,20_Pit Stops Time Cards_Race.PDF,3,1
2022,05_Sebring International Raceway,Sebring International Raceway,sebring-international-raceway,2022-03-19,202203191010_Race,18,15 Z. Robichon J. Heylen 1:10.887 52:39.232 | Era Motorsport | ORECA LMP2 07 LMP2,6,13:55:27.800,D. Merriman,13:56:40.324,D. Merriman,1:12.524,7:25.326,20_Pit Stops Time Cards_Race.PDF,3,1
2022,05_Sebring International Raceway,Sebring International Raceway,sebring-international-raceway,2022-03-19,202203191010_Race,18,15 Z. Robichon J. Heylen 1:10.887 52:39.232 | Era Motorsport | ORECA LMP2 07 LMP2,7,14:33:35.623,D. Merriman,14:34:45.253,K. Tilley,1:09.630,8:34.956,20_Pit Stops Time Cards_Race.PDF,3,1
2022,05_Sebring International Raceway,Sebring International Raceway,sebring-international-raceway,2022-03-19,202203191010_Race,18,15 Z. Robichon J. Heylen 1:10.887 52:39.232 | Era Motorsport | ORECA LMP2 07 LMP2,8,15:14:36.599,K. Tilley,15:15:46.659,K. Tilley,1:10.060,9:45.016,20_Pit Stops Time Cards_Race.PDF,3,1
2022,05_Sebring International Raceway,Sebring International Raceway,sebring-international-raceway,2022-03-19,202203191010_Race,18,15 Z. Robichon J. Heylen 1:10.887 52:39.232 | Era Motorsport | ORECA LMP2 07 LMP2,9,15:45:32.419,K. Tilley,15:46:42.187,R. Dalziel,1:09.768,10:54.784,20_Pit Stops Time Cards_Race.PDF,3,1
2022,05_Sebring International Raceway,Sebring International Raceway,sebring-international-raceway,2022-03-19,202203191010_Race,18,15 Z. Robichon J. Heylen 1:10.887 52:39.232 | Era Motorsport | ORECA LMP2 07 LMP2,10,16:22:17.837,R. Dalziel,16:23:20.003,R. Dalziel,1:02.166,11:56.950,20_Pit Stops Time Cards_Race.PDF,3,1
2022,05_Sebring International Raceway,Sebring International Raceway,sebring-international-raceway,2022-03-19,202203191010_Race,18,15 Z. Robichon J. Heylen 1:10.887 52:39.232 | Era Motorsport | ORECA LMP2 07 LMP2,11,17:16:08.756,R. Dalziel,17:17:19.507,K. Tilley,1:10.751,13:07.701,20_Pit Stops Time Cards_Race.PDF,3,1
2022,05_Sebring International Raceway,Sebring International Raceway,sebring-international-raceway,2022-03-19,202203191010_Race,18,15 Z. Robichon J. Heylen 1:10.887 52:39.232 | Era Motorsport | ORECA LMP2 07 LMP2,12,17:25:24.586,K. Tilley,17:26:08.453,K. Tilley,43.867,13:51.568,20_Pit Stops Time Cards_Race.PDF,3,1
2022,05_Sebring International Raceway,Sebring International Raceway,sebring-international-raceway,2022-03-19,202203191010_Race,18,15 Z. Robichon J. Heylen 1:10.887 52:39.232 | Era Motorsport | ORECA LMP2 07 LMP2,13,18:12:20.913,K. Tilley,18:13:34.908,K. Tilley,1:13.995,15:05.563,20_Pit Stops Time Cards_Race.PDF,3,1
2022,05_Sebring International Raceway,Sebring International Raceway,sebring-international-raceway,2022-03-19,202203191010_Race,18,15 Z. Robichon J. Heylen 1:10.887 52:39.232 | Era Motorsport | ORECA LMP2 07 LMP2,14,18:51:41.353,K. Tilley,18:52:50.482,R. Dalziel,1:09.129,16:14.692,20_Pit Stops Time Cards_Race.PDF,3,2
2022,05_Sebring International Raceway,Sebring International Raceway,sebring-international-raceway,2022-03-19,202203191010_Race,18,15 Z. Robichon J. Heylen 1:10.887 52:39.232 | Era Motorsport | ORECA LMP2 07 LMP2,15,19:30:00.756,R. Dalziel,19:31:11.343,R. Dalziel,1:10.587,17:25.279,20_Pit Stops Time Cards_Race.PDF,3,2
2022,05_Sebring International Raceway,Sebring International Raceway,sebring-international-raceway,2022-03-19,202203191010_Race,18,15 Z. Robichon J. Heylen 1:10.887 52:39.232 | Era Motorsport | ORECA LMP2 07 LMP2,16,19:36:54.410,R. Dalziel,19:37:38.987,R. Dalziel,44.577,18:09.856,20_Pit Stops Time Cards_Race.PDF,3,2
2022,05_Sebring International Raceway,Sebring International Raceway,sebring-international-raceway,2022-03-19,202203191010_Race,18,15 Z. Robichon J. Heylen 1:10.887 52:39.232 | Era Motorsport | ORECA LMP2 07 LMP2,17,20:15:08.241,R. Dalziel,20:16:19.047,K. Tilley,1:10.806,19:20.662,20_Pit Stops Time Cards_Race.PDF,3,2
2022,05_Sebring International Raceway,Sebring International Raceway,sebring-international-raceway,2022-03-19,202203191010_Race,18,15 Z. Robichon J. Heylen 1:10.887 52:39.232 | Era Motorsport | ORECA LMP2 07 LMP2,18,20:54:29.732,K. Tilley,20:55:40.128,R. Dalziel,1:10.396,20:31.058,20_Pit Stops Time Cards_Race.PDF,3,2
2022,05_Sebring International Raceway,Sebring International Raceway,sebring-international-raceway,2022-03-19,202203191010_Race,18,15 Z. Robichon J. Heylen 1:10.887 52:39.232 | Era Motorsport | ORECA LMP2 07 LMP2,19,21:32:59.101,R. Dalziel,21:34:11.420,R. Dalziel,1:12.319,21:43.377,20_Pit Stops Time Cards_Race.PDF,3,2
2022,05_Sebring International Raceway,Sebring International Raceway,sebring-international-raceway,2022-03-19,202203191010_Race,20,19 R. Dalziel R. Dalziel 1:12.319 21:43.377 | High Class Racing | ORECA LMP2 07 LMP2,1,10:26:21.896,D. Andersen,10:26:54.814,D. Andersen,32.918,32.918,20_Pit Stops Time Cards_Race.PDF,3,2
2022,05_Sebring International Raceway,Sebring International Raceway,sebring-international-raceway,2022-03-19,202203191010_Race,20,19 R. Dalziel R. Dalziel 1:12.319 21:43.377 | High Class Racing | ORECA LMP2 07 LMP2,2,10:48:08.849,D. Andersen,10:49:39.481,D. Andersen,1:30.632,2:03.550,20_Pit Stops Time Cards_Race.PDF,3,2
2022,05_Sebring International Raceway,Sebring International Raceway,sebring-international-raceway,2022-03-19,202203191010_Race,20,19 R. Dalziel R. Dalziel 1:12.319 21:43.377 | High Class Racing | ORECA LMP2 07 LMP2,3,11:30:22.664,D. Andersen,11:31:40.021,D. Andersen,1:17.357,3:20.907,20_Pit Stops Time Cards_Race.PDF,3,2
2022,05_Sebring International Raceway,Sebring International Raceway,sebring-international-raceway,2022-03-19,202203191010_Race,20,19 R. Dalziel R. Dalziel 1:12.319 21:43.377 | High Class Racing | ORECA LMP2 07 LMP2,4,12:12:10.272,D. Andersen,12:13:57.430,F. Scherer,1:47.158,5:08.065,20_Pit Stops Time Cards_Race.PDF,3,2
2022,05_Sebring International Raceway,Sebring International Raceway,sebring-international-raceway,2022-03-19,202203191010_Race,20,19 R. Dalziel R. Dalziel 1:12.319 21:43.377 | High Class Racing | ORECA LMP2 07 LMP2,5,12:53:39.245,F. Scherer,12:54:23.861,F. Scherer,44.616,5:52.681,20_Pit Stops Time Cards_Race.PDF,3,2
2022,05_Sebring International Raceway,Sebring International Raceway,sebring-international-raceway,2022-03-19,202203191010_Race,20,19 R. Dalziel R. Dalziel 1:12.319 21:43.377 | High Class Racing | ORECA LMP2 07 LMP2,6,13:04:39.764,F. Scherer,13:05:47.862,F. Scherer,1:08.098,7:00.779,20_Pit Stops Time Cards_Race.PDF,3,2
2022,05_Sebring International Raceway,Sebring International Raceway,sebring-international-raceway,2022-03-19,202203191010_Race,20,19 R. Dalziel R. Dalziel 1:12.319 21:43.377 | High Class Racing | ORECA LMP2 07 LMP2,7,13:11:25.353,F. Scherer,13:12:30.403,F. Scherer,1:05.050,8:05.829,20_Pit Stops Time Cards_Race.PDF,3,2
2022,05_Sebring International Raceway,Sebring International Raceway,sebring-international-raceway,2022-03-19,202203191010_Race,20,19 R. Dalziel R. Dalziel 1:12.319 21:43.377 | High Class Racing | ORECA LMP2 07 LMP2,8,13:48:04.498,F. Scherer,13:49:17.150,D. Andersen,1:12.652,9:18.481,20_Pit Stops Time Cards_Race.PDF,3,2
2022,05_Sebring International Raceway,Sebring International Raceway,sebring-international-raceway,2022-03-19,202203191010_Race,20,19 R. Dalziel R. Dalziel 1:12.319 21:43.377 | High Class Racing | ORECA LMP2 07 LMP2,9,14:17:27.498,D. Andersen,14:18:34.079,D. Andersen,1:06.581,10:25.062,20_Pit Stops Time Cards_Race.PDF,3,2
2022,05_Sebring International Raceway,Sebring International Raceway,sebring-international-raceway,2022-03-19,202203191010_Race,20,19 R. Dalziel R. Dalziel 1:12.319 21:43.377 | High Class Racing | ORECA LMP2 07 LMP2,10,14:41:11.098,D. Andersen,14:42:47.897,D. Andersen,1:36.799,12:01.861,20_Pit Stops Time Cards_Race.PDF,3,2
2022,05_Sebring International Raceway,Sebring International Raceway,sebring-international-raceway,2022-03-19,202203191010_Race,20,19 R. Dalziel R. Dalziel 1:12.319 21:43.377 | High Class Racing | ORECA LMP2 07 LMP2,11,14:56:25.868,D. Andersen,14:57:36.105,A. Fjordbach,1:10.237,13:12.098,20_Pit Stops Time Cards_Race.PDF,3,2
2022,05_Sebring International Raceway,Sebring International Raceway,sebring-international-raceway,2022-03-19,202203191010_Race,20,19 R. Dalziel R. Dalziel 1:12.319 21:43.377 | High Class Racing | ORECA LMP2 07 LMP2,12,15:38:04.366,A. Fjordbach,15:38:47.474,A. Fjordbach,43.108,13:55.206,20_Pit Stops Time Cards_Race.PDF,3,2
2022,05_Sebring International Raceway,Sebring International Raceway,sebring-international-raceway,2022-03-19,202203191010_Race,20,19 R. Dalziel R. Dalziel 1:12.319 21:43.377 | High Class Racing | ORECA LMP2 07 LMP2,13,15:45:23.124,A. Fjordbach,15:46:43.280,A. Fjordbach,1:20.156,15:15.362,20_Pit Stops Time Cards_Race.PDF,3,2
2022,05_Sebring International Raceway,Sebring International Raceway,sebring-international-raceway,2022-03-19,202203191010_Race,20,19 R. Dalziel R. Dalziel 1:12.319 21:43.377 | High Class Racing | ORECA LMP2 07 LMP2,14,15:52:51.917,A. Fjordbach,15:53:52.491,A. Fjordbach,1:00.574,16:15.936,20_Pit Stops Time Cards_Race.PDF,3,2
2022,05_Sebring International Raceway,Sebring International Raceway,sebring-international-raceway,2022-03-19,202203191010_Race,20,19 R. Dalziel R. Dalziel 1:12.319 21:43.377 | High Class Racing | ORECA LMP2 07 LMP2,15,16:08:29.764,A. Fjordbach,16:09:49.611,F. Scherer,1:19.847,17:35.783,20_Pit Stops Time Cards_Race.PDF,3,2
2022,05_Sebring International Raceway,Sebring International Raceway,sebring-international-raceway,2022-03-19,202203191010_Race,20,19 R. Dalziel R. Dalziel 1:12.319 21:43.377 | High Class Racing | ORECA LMP2 07 LMP2,16,17:10:43.375,F. Scherer,17:11:54.701,F. Scherer,1:11.326,18:47.109,20_Pit Stops Time Cards_Race.PDF,3,2
2022,05_Sebring International Raceway,Sebring International Raceway,sebring-international-raceway,2022-03-19,202203191010_Race,20,19 R. Dalziel R. Dalziel 1:12.319 21:43.377 | High Class Racing | ORECA LMP2 07 LMP2,17,18:04:27.763,F. Scherer,18:05:38.081,A. Fjordbach,1:10.318,19:57.427,20_Pit Stops Time Cards_Race.PDF,3,2
2022,05_Sebring International Raceway,Sebring International Raceway,sebring-international-raceway,2022-03-19,202203191010_Race,20,19 R. Dalziel R. Dalziel 1:12.319 21:43.377 | High Class Racing | ORECA LMP2 07 LMP2,18,18:28:55.438,A. Fjordbach,18:31:26.909,A. Fjordbach,2:31.471,22:28.898,20_Pit Stops Time Cards_Race.PDF,3,2
2022,05_Sebring International Raceway,Sebring International Raceway,sebring-international-raceway,2022-03-19,202203191010_Race,20,19 R. Dalziel R. Dalziel 1:12.319 21:43.377 | High Class Racing | ORECA LMP2 07 LMP2,19,19:09:21.003,A. Fjordbach,19:10:36.909,A. Fjordbach,1:15.906,23:44.804,20_Pit Stops Time Cards_Race.PDF,3,2
2022,05_Sebring International Raceway,Sebring International Raceway,sebring-international-raceway,2022-03-19,202203191010_Race,20,19 R. Dalziel R. Dalziel 1:12.319 21:43.377 | High Class Racing | ORECA LMP2 07 LMP2,20,19:50:30.440,A. Fjordbach,19:51:42.613,F. Scherer,1:12.173,24:56.977,20_Pit Stops Time Cards_Race.PDF,3,2
2022,05_Sebring International Raceway,Sebring International Raceway,sebring-international-raceway,2022-03-19,202203191010_Race,20,19 R. Dalziel R. Dalziel 1:12.319 21:43.377 | High Class Racing | ORECA LMP2 07 LMP2,21,20:31:24.639,F. Scherer,20:32:35.283,F. Scherer,1:10.644,26:07.621,20_Pit Stops Time Cards_Race.PDF,3,2
2022,05_Sebring International Raceway,Sebring International Raceway,sebring-international-raceway,2022-03-19,202203191010_Race,20,19 R. Dalziel R. Dalziel 1:12.319 21:43.377 | High Class Racing | ORECA LMP2 07 LMP2,22,21:12:09.894,F. Scherer,21:13:23.201,A. Fjordbach,1:13.307,27:20.928,20_Pit Stops Time Cards_Race.PDF,3,2
2022,05_Sebring International Raceway,Sebring International Raceway,sebring-international-raceway,2022-03-19,202203191010_Race,20,19 R. Dalziel R. Dalziel 1:12.319 21:43.377 | High Class Racing | ORECA LMP2 07 LMP2,23,21:53:16.387,A. Fjordbach,21:54:12.677,A. Fjordbach,56.290,28:17.218,20_Pit Stops Time Cards_Race.PDF,3,2
2022,05_Sebring International Raceway,Sebring International Raceway,sebring-international-raceway,2022-03-19,202203191010_Race,21,23 A. Fjordbach A. Fjordbach 56.290 28:17.218 | AF CORSE | Ferrari 488 GT3 GTD,1,11:07:06.125,S. Mann,11:08:29.963,L. Perez Companc,1:23.838,1:23.838,20_Pit Stops Time Cards_Race.PDF,3,2
2022,05_Sebring International Raceway,Sebring International Raceway,sebring-international-raceway,2022-03-19,202203191010_Race,21,23 A. Fjordbach A. Fjordbach 56.290 28:17.218 | AF CORSE | Ferrari 488 GT3 GTD,2,12:06:37.172,L. Perez Companc,12:07:58.325,T. Vilander,1:21.153,2:44.991,20_Pit Stops Time Cards_Race.PDF,3,2
2022,05_Sebring International Raceway,Sebring International Raceway,sebring-international-raceway,2022-03-19,202203191010_Race,21,23 A. Fjordbach A. Fjordbach 56.290 28:17.218 | AF CORSE | Ferrari 488 GT3 GTD,3,13:07:43.939,T. Vilander,13:09:00.455,S. Mann,1:16.516,4:01.507,20_Pit Stops Time Cards_Race.PDF,3,2
2022,05_Sebring International Raceway,Sebring International Raceway,sebring-international-raceway,2022-03-19,202203191010_Race,21,23 A. Fjordbach A. Fjordbach 56.290 28:17.218 | AF CORSE | Ferrari 488 GT3 GTD,4,13:51:46.248,S. Mann,13:53:04.229,L. Perez Companc,1:17.981,5:19.488,20_Pit Stops Time Cards_Race.PDF,3,2
2022,05_Sebring International Raceway,Sebring International Raceway,sebring-international-raceway,2022-03-19,202203191010_Race,21,23 A. Fjordbach A. Fjordbach 56.290 28:17.218 | AF CORSE | Ferrari 488 GT3 GTD,5,15:05:05.966,L. Perez Companc,15:06:25.233,T. Vilander,1:19.267,6:38.755,20_Pit Stops Time Cards_Race.PDF,3,2
2022,05_Sebring International Raceway,Sebring International Raceway,sebring-international-raceway,2022-03-19,202203191010_Race,21,23 A. Fjordbach A. Fjordbach 56.290 28:17.218 | AF CORSE | Ferrari 488 GT3 GTD,6,15:49:11.279,T. Vilander,15:50:25.893,S. Mann,1:14.614,7:53.369,20_Pit Stops Time Cards_Race.PDF,3,2
2022,05_Sebring International Raceway,Sebring International Raceway,sebring-international-raceway,2022-03-19,202203191010_Race,21,23 A. Fjordbach A. Fjordbach 56.290 28:17.218 | AF CORSE | Ferrari 488 GT3 GTD,7,16:25:38.508,S. Mann,16:26:59.306,L. Perez Companc,1:20.798,9:14.167,20_Pit Stops Time Cards_Race.PDF,3,2
2022,05_Sebring International Raceway,Sebring International Raceway,sebring-international-raceway,2022-03-19,202203191010_Race,21,23 A. Fjordbach A. Fjordbach 56.290 28:17.218 | AF CORSE | Ferrari 488 GT3 GTD,8,17:29:09.662,L. Perez Companc,17:30:26.346,T. Vilander,1:16.684,10:30.851,20_Pit Stops Time Cards_Race.PDF,3,2
2022,05_Sebring International Raceway,Sebring International Raceway,sebring-international-raceway,2022-03-19,202203191010_Race,21,23 A. Fjordbach A. Fjordbach 56.290 28:17.218 | AF CORSE | Ferrari 488 GT3 GTD,9,18:32:06.740,T. Vilander,18:33:31.126,S. Mann,1:24.386,11:55.237,20_Pit Stops Time Cards_Race.PDF,3,2
2022,05_Sebring International Raceway,Sebring International Raceway,sebring-international-raceway,2022-03-19,202203191010_Race,21,23 A. Fjordbach A. Fjordbach 56.290 28:17.218 | AF CORSE | Ferrari 488 GT3 GTD,10,19:33:20.118,S. Mann,19:34:38.282,T. Vilander,1:18.164,13:13.401,20_Pit Stops Time Cards_Race.PDF,3,2
2022,05_Sebring International Raceway,Sebring International Raceway,sebring-international-raceway,2022-03-19,202203191010_Race,21,23 A. Fjordbach A. Fjordbach 56.290 28:17.218 | AF CORSE | Ferrari 488 GT3 GTD,11,20:32:18.180,T. Vilander,20:33:38.821,S. Mann,1:20.641,14:34.042,20_Pit Stops Time Cards_Race.PDF,3,2
2022,05_Sebring International Raceway,Sebring International Raceway,sebring-international-raceway,2022-03-19,202203191010_Race,21,23 A. Fjordbach A. Fjordbach 56.290 28:17.218 | AF CORSE | Ferrari 488 GT3 GTD,12,21:15:02.412,S. Mann,21:16:09.823,T. Vilander,1:07.411,15:41.453,20_Pit Stops Time Cards_Race.PDF,3,2
2022,05_Sebring International Raceway,Sebring International Raceway,sebring-international-raceway,2022-03-19,202203191010_Race,22,12 S. Mann T. Vilander 1:07.411 15:41.453 | United Autosports | ORECA LMP2 07 LMP2,1,10:47:00.672,J. McGuire,10:48:17.451,J. McGuire,1:16.779,1:16.779,20_Pit Stops Time Cards_Race.PDF,3,2
2022,05_Sebring International Raceway,Sebring International Raceway,sebring-international-raceway,2022-03-19,202203191010_Race,22,12 S. Mann T. Vilander 1:07.411 15:41.453 | United Autosports | ORECA LMP2 07 LMP2,2,11:27:30.902,J. McGuire,11:28:52.089,D. Tappy,1:21.187,2:37.966,20_Pit Stops Time Cards_Race.PDF,3,2
2022,05_Sebring International Raceway,Sebring International Raceway,sebring-international-raceway,2022-03-19,202203191010_Race,22,12 S. Mann T. Vilander 1:07.411 15:41.453 | United Autosports | ORECA LMP2 07 LMP2,3,12:06:54.152,D. Tappy,12:08:16.328,D. Tappy,1:22.176,4:00.142,20_Pit Stops Time Cards_Race.PDF,3,2
2022,05_Sebring International Raceway,Sebring International Raceway,sebring-international-raceway,2022-03-19,202203191010_Race,22,12 S. Mann T. Vilander 1:07.411 15:41.453 | United Autosports | ORECA LMP2 07 LMP2,4,12:45:57.959,D. Tappy,12:47:20.203,J. McGuire,1:22.244,5:22.386,20_Pit Stops Time Cards_Race.PDF,3,2
2022,05_Sebring International Raceway,Sebring International Raceway,sebring-international-raceway,2022-03-19,202203191010_Race,22,12 S. Mann T. Vilander 1:07.411 15:41.453 | United Autosports | ORECA LMP2 07 LMP2,5,13:11:17.044,J. McGuire,13:12:12.870,J. McGuire,55.826,6:18.212,20_Pit Stops Time Cards_Race.PDF,3,2
2022,05_Sebring International Raceway,Sebring International Raceway,sebring-international-raceway,2022-03-19,202203191010_Race,22,12 S. Mann T. Vilander 1:07.411 15:41.453 | United Autosports | ORECA LMP2 07 LMP2,6,13:48:42.809,J. McGuire,13:49:50.646,J. McGuire,1:07.837,7:26.049,20_Pit Stops Time Cards_Race.PDF,3,2
2022,05_Sebring International Raceway,Sebring International Raceway,sebring-international-raceway,2022-03-19,202203191010_Race,22,12 S. Mann T. Vilander 1:07.411 15:41.453 | United Autosports | ORECA LMP2 07 LMP2,7,14:35:23.779,J. McGuire,14:36:42.762,G. Smith,1:18.983,8:45.032,20_Pit Stops Time Cards_Race.PDF,4,1
2022,05_Sebring International Raceway,Sebring International Raceway,sebring-international-raceway,2022-03-19,202203191010_Race,22,12 S. Mann T. Vilander 1:07.411 15:41.453 | United Autosports | ORECA LMP2 07 LMP2,8,15:14:27.299,G. Smith,15:15:40.898,G. Smith,1:13.599,9:58.631,20_Pit Stops Time Cards_Race.PDF,4,1
2022,05_Sebring International Raceway,Sebring International Raceway,sebring-international-raceway,2022-03-19,202203191010_Race,22,12 S. Mann T. Vilander 1:07.411 15:41.453 | United Autosports | ORECA LMP2 07 LMP2,9,15:45:22.549,G. Smith,15:46:46.669,D. Tappy,1:24.120,11:22.751,20_Pit Stops Time Cards_Race.PDF,4,1
2022,05_Sebring International Raceway,Sebring International Raceway,sebring-international-raceway,2022-03-19,202203191010_Race,22,12 S. Mann T. Vilander 1:07.411 15:41.453 | United Autosports | ORECA LMP2 07 LMP2,10,16:30:45.051,D. Tappy,16:31:54.827,D. Tappy,1:09.776,12:32.527,20_Pit Stops Time Cards_Race.PDF,4,1
2022,05_Sebring International Raceway,Sebring International Raceway,sebring-international-raceway,2022-03-19,202203191010_Race,22,12 S. Mann T. Vilander 1:07.411 15:41.453 | United Autosports | ORECA LMP2 07 LMP2,11,17:16:25.328,D. Tappy,17:17:45.238,G. Smith,1:19.910,13:52.437,20_Pit Stops Time Cards_Race.PDF,4,1
2022,05_Sebring International Raceway,Sebring International Raceway,sebring-international-raceway,2022-03-19,202203191010_Race,22,12 S. Mann T. Vilander 1:07.411 15:41.453 | United Autosports | ORECA LMP2 07 LMP2,12,18:08:02.569,G. Smith,18:09:06.035,G. Smith,1:03.466,14:55.903,20_Pit Stops Time Cards_Race.PDF,4,1
2022,05_Sebring International Raceway,Sebring International Raceway,sebring-international-raceway,2022-03-19,202203191010_Race,22,12 S. Mann T. Vilander 1:07.411 15:41.453 | United Autosports | ORECA LMP2 07 LMP2,13,18:33:23.777,G. Smith,18:34:37.244,G. Smith,1:13.467,16:09.370,20_Pit Stops Time Cards_Race.PDF,4,1
2022,05_Sebring International Raceway,Sebring International Raceway,sebring-international-raceway,2022-03-19,202203191010_Race,22,12 S. Mann T. Vilander 1:07.411 15:41.453 | United Autosports | ORECA LMP2 07 LMP2,14,19:13:54.343,G. Smith,19:15:12.969,D. Tappy,1:18.626,17:27.996,20_Pit Stops Time Cards_Race.PDF,4,1
2022,05_Sebring International Raceway,Sebring International Raceway,sebring-international-raceway,2022-03-19,202203191010_Race,22,12 S. Mann T. Vilander 1:07.411 15:41.453 | United Autosports | ORECA LMP2 07 LMP2,15,19:52:57.122,D. Tappy,19:54:12.954,D. Tappy,1:15.832,18:43.828,20_Pit Stops Time Cards_Race.PDF,4,1
2022,05_Sebring International Raceway,Sebring International Raceway,sebring-international-raceway,2022-03-19,202203191010_Race,22,12 S. Mann T. Vilander 1:07.411 15:41.453 | United Autosports | ORECA LMP2 07 LMP2,16,20:32:16.129,D. Tappy,20:33:35.051,G. Smith,1:18.922,20:02.750,20_Pit Stops Time Cards_Race.PDF,4,1
2022,05_Sebring International Raceway,Sebring International Raceway,sebring-international-raceway,2022-03-19,202203191010_Race,22,12 S. Mann T. Vilander 1:07.411 15:41.453 | United Autosports | ORECA LMP2 07 LMP2,17,21:13:33.646,G. Smith,21:14:50.010,G. Smith,1:16.364,21:19.114,20_Pit Stops Time Cards_Race.PDF,4,1
2022,05_Sebring International Raceway,Sebring International Raceway,sebring-international-raceway,2022-03-19,202203191010_Race,22,12 S. Mann T. Vilander 1:07.411 15:41.453 | United Autosports | ORECA LMP2 07 LMP2,18,21:54:32.563,G. Smith,21:55:38.257,G. Smith,1:05.694,22:24.808,20_Pit Stops Time Cards_Race.PDF,4,1
2022,05_Sebring International Raceway,Sebring International Raceway,sebring-international-raceway,2022-03-19,202203191010_Race,23,18 G. Smith G. Smith 1:05.694 22:24.808 | Heart of Racing Team | Aston Martin Vantage GT3 GTDPRO,1,10:18:01.267,A. Riberas,12:50:27.590,A. Riberas,2:32:26.323,2:32:26.323,20_Pit Stops Time Cards_Race.PDF,4,1
2022,05_Sebring International Raceway,Sebring International Raceway,sebring-international-raceway,2022-03-19,202203191010_Race,23,18 G. Smith G. Smith 1:05.694 22:24.808 | Heart of Racing Team | Aston Martin Vantage GT3 GTDPRO,2,13:12:55.481,A. Riberas,13:13:57.419,A. Riberas,1:01.938,2:33:28.261,20_Pit Stops Time Cards_Race.PDF,4,1
2022,05_Sebring International Raceway,Sebring International Raceway,sebring-international-raceway,2022-03-19,202203191010_Race,23,18 G. Smith G. Smith 1:05.694 22:24.808 | Heart of Racing Team | Aston Martin Vantage GT3 GTDPRO,3,14:29:43.416,A. Riberas,14:31:12.738,M. Martin,1:29.322,2:34:57.583,20_Pit Stops Time Cards_Race.PDF,4,1
2022,05_Sebring International Raceway,Sebring International Raceway,sebring-international-raceway,2022-03-19,202203191010_Race,23,18 G. Smith G. Smith 1:05.694 22:24.808 | Heart of Racing Team | Aston Martin Vantage GT3 GTDPRO,4,15:30:58.010,M. Martin,15:32:14.525,R. Gunn,1:16.515,2:36:14.098,20_Pit Stops Time Cards_Race.PDF,4,1
2022,05_Sebring International Raceway,Sebring International Raceway,sebring-international-raceway,2022-03-19,202203191010_Race,23,18 G. Smith G. Smith 1:05.694 22:24.808 | Heart of Racing Team | Aston Martin Vantage GT3 GTDPRO,5,16:29:44.480,R. Gunn,16:30:52.892,R. Gunn,1:08.412,2:37:22.510,20_Pit Stops Time Cards_Race.PDF,4,1
2022,05_Sebring International Raceway,Sebring International Raceway,sebring-international-raceway,2022-03-19,202203191010_Race,23,18 G. Smith G. Smith 1:05.694 22:24.808 | Heart of Racing Team | Aston Martin Vantage GT3 GTDPRO,6,17:33:57.669,R. Gunn,17:35:13.044,A. Riberas,1:15.375,2:38:37.885,20_Pit Stops Time Cards_Race.PDF,4,1
2022,05_Sebring International Raceway,Sebring International Raceway,sebring-international-raceway,2022-03-19,202203191010_Race,23,18 G. Smith G. Smith 1:05.694 22:24.808 | Heart of Racing Team | Aston Martin Vantage GT3 GTDPRO,7,17:47:48.662,A. Riberas,17:50:08.062,A. Riberas,2:19.400,2:40:57.285,20_Pit Stops Time Cards_Race.PDF,4,1
2022,05_Sebring International Raceway,Sebring International Raceway,sebring-international-raceway,2022-03-19,202203191010_Race,23,18 G. Smith G. Smith 1:05.694 22:24.808 | Heart of Racing Team | Aston Martin Vantage GT3 GTDPRO,8,18:37:48.729,A. Riberas,18:39:05.805,M. Martin,1:17.076,2:42:14.361,20_Pit Stops Time Cards_Race.PDF,4,1
2022,05_Sebring International Raceway,Sebring International Raceway,sebring-international-raceway,2022-03-19,202203191010_Race,23,18 G. Smith G. Smith 1:05.694 22:24.808 | Heart of Racing Team | Aston Martin Vantage GT3 GTDPRO,9,19:36:48.853,M. Martin,19:38:13.305,R. Gunn,1:24.452,2:43:38.813,20_Pit Stops Time Cards_Race.PDF,4,1
2022,05_Sebring International Raceway,Sebring International Raceway,sebring-international-raceway,2022-03-19,202203191010_Race,23,18 G. Smith G. Smith 1:05.694 22:24.808 | Heart of Racing Team | Aston Martin Vantage GT3 GTDPRO,10,20:23:32.123,R. Gunn,20:24:57.049,R. Gunn,1:24.926,2:45:03.739,20_Pit Stops Time Cards_Race.PDF,4,1
2022,05_Sebring International Raceway,Sebring International Raceway,sebring-international-raceway,2022-03-19,202203191010_Race,23,18 G. Smith G. Smith 1:05.694 22:24.808 | Heart of Racing Team | Aston Martin Vantage GT3 GTDPRO,11,21:14:25.121,R. Gunn,21:15:44.327,A. Riberas,1:19.206,2:46:22.945,20_Pit Stops Time Cards_Race.PDF,4,1
2022,05_Sebring International Raceway,Sebring International Raceway,sebring-international-raceway,2022-03-19,202203191010_Race,24,11 R. Gunn A. Riberas 1:19.206 | BMW M Team RLL | BMW M4 GT3 GTDPRO,1,11:08:49.423,N. Yelloly,11:10:13.845,N. Yelloly,1:24.422,1:24.422,20_Pit Stops Time Cards_Race.PDF,4,1
2022,05_Sebring International Raceway,Sebring International Raceway,sebring-international-raceway,2022-03-19,202203191010_Race,24,11 R. Gunn A. Riberas 1:19.206 | BMW M Team RLL | BMW M4 GT3 GTDPRO,2,12:11:32.157,N. Yelloly,12:12:55.698,M. Wittmann,1:23.541,2:47.963,20_Pit Stops Time Cards_Race.PDF,4,1
2022,05_Sebring International Raceway,Sebring International Raceway,sebring-international-raceway,2022-03-19,202203191010_Race,24,11 R. Gunn A. Riberas 1:19.206 | BMW M Team RLL | BMW M4 GT3 GTDPRO,3,13:07:24.058,M. Wittmann,13:08:38.613,M. Wittmann,1:14.555,4:02.518,20_Pit Stops Time Cards_Race.PDF,4,1
2022,05_Sebring International Raceway,Sebring International Raceway,sebring-international-raceway,2022-03-19,202203191010_Race,24,11 R. Gunn A. Riberas 1:19.206 | BMW M Team RLL | BMW M4 GT3 GTDPRO,4,13:51:41.698,M. Wittmann,13:52:48.797,M. Wittmann,1:07.099,5:09.617,20_Pit Stops Time Cards_Race.PDF,4,1
2022,05_Sebring International Raceway,Sebring International Raceway,sebring-international-raceway,2022-03-19,202203191010_Race,24,11 R. Gunn A. Riberas 1:19.206 | BMW M Team RLL | BMW M4 GT3 GTDPRO,5,15:04:44.740,M. Wittmann,15:06:01.679,P. Eng,1:16.939,6:26.556,20_Pit Stops Time Cards_Race.PDF,4,1
2022,05_Sebring International Raceway,Sebring International Raceway,sebring-international-raceway,2022-03-19,202203191010_Race,24,11 R. Gunn A. Riberas 1:19.206 | BMW M Team RLL | BMW M4 GT3 GTDPRO,6,15:49:03.030,P. Eng,15:50:04.729,P. Eng,1:01.699,7:28.255,20_Pit Stops Time Cards_Race.PDF,4,1
2022,05_Sebring International Raceway,Sebring International Raceway,sebring-international-raceway,2022-03-19,202203191010_Race,24,11 R. Gunn A. Riberas 1:19.206 | BMW M Team RLL | BMW M4 GT3 GTDPRO,7,16:25:30.690,P. Eng,16:26:34.483,P. Eng,1:03.793,8:32.048,20_Pit Stops Time Cards_Race.PDF,4,1
2022,05_Sebring International Raceway,Sebring International Raceway,sebring-international-raceway,2022-03-19,202203191010_Race,24,11 R. Gunn A. Riberas 1:19.206 | BMW M Team RLL | BMW M4 GT3 GTDPRO,8,17:28:59.222,P. Eng,17:30:06.815,N. Yelloly,1:07.593,9:39.641,20_Pit Stops Time Cards_Race.PDF,4,1
2022,05_Sebring International Raceway,Sebring International Raceway,sebring-international-raceway,2022-03-19,202203191010_Race,24,11 R. Gunn A. Riberas 1:19.206 | BMW M Team RLL | BMW M4 GT3 GTDPRO,9,18:33:52.816,N. Yelloly,18:35:11.246,M. Wittmann,1:18.430,10:58.071,20_Pit Stops Time Cards_Race.PDF,4,1
2022,05_Sebring International Raceway,Sebring International Raceway,sebring-international-raceway,2022-03-19,202203191010_Race,24,11 R. Gunn A. Riberas 1:19.206 | BMW M Team RLL | BMW M4 GT3 GTDPRO,10,19:36:38.501,M. Wittmann,19:38:02.933,P. Eng,1:24.432,12:22.503,20_Pit Stops Time Cards_Race.PDF,4,1
2022,05_Sebring International Raceway,Sebring International Raceway,sebring-international-raceway,2022-03-19,202203191010_Race,24,11 R. Gunn A. Riberas 1:19.206 | BMW M Team RLL | BMW M4 GT3 GTDPRO,11,20:39:33.258,P. Eng,20:40:48.964,P. Eng,1:15.706,13:38.209,20_Pit Stops Time Cards_Race.PDF,4,1
2022,05_Sebring International Raceway,Sebring International Raceway,sebring-international-raceway,2022-03-19,202203191010_Race,24,11 R. Gunn A. Riberas 1:19.206 | BMW M Team RLL | BMW M4 GT3 GTDPRO,12,20:51:05.679,P. Eng,20:51:53.176,P. Eng,47.497,14:25.706,20_Pit Stops Time Cards_Race.PDF,4,1
2022,05_Sebring International Raceway,Sebring International Raceway,sebring-international-raceway,2022-03-19,202203191010_Race,24,11 R. Gunn A. Riberas 1:19.206 | BMW M Team RLL | BMW M4 GT3 GTDPRO,13,21:12:27.976,P. Eng,21:13:32.960,P. Eng,1:04.984,15:30.690,20_Pit Stops Time Cards_Race.PDF,4,1
2022,05_Sebring International Raceway,Sebring International Raceway,sebring-international-raceway,2022-03-19,202203191010_Race,25,13 P. Eng P. Eng 1:04.984 15:30.690 | BMW M Team RLL | BMW M4 GT3 GTDPRO,1,11:10:56.105,A. Farfus,11:12:15.624,A. Farfus,1:19.519,1:19.519,20_Pit Stops Time Cards_Race.PDF,4,1
2022,05_Sebring International Raceway,Sebring International Raceway,sebring-international-raceway,2022-03-19,202203191010_Race,25,13 P. Eng P. Eng 1:04.984 15:30.690 | BMW M Team RLL | BMW M4 GT3 GTDPRO,2,12:07:39.579,A. Farfus,13:34:56.888,J. Edwards,1:27:17.309,1:28:36.828,20_Pit Stops Time Cards_Race.PDF,4,1
2022,05_Sebring International Raceway,Sebring International Raceway,sebring-international-raceway,2022-03-19,202203191010_Race,25,13 P. Eng P. Eng 1:04.984 15:30.690 | BMW M Team RLL | BMW M4 GT3 GTDPRO,3,13:56:39.100,J. Edwards,13:57:24.551,J. Edwards,45.451,1:29:22.279,20_Pit Stops Time Cards_Race.PDF,4,1
2022,05_Sebring International Raceway,Sebring International Raceway,sebring-international-raceway,2022-03-19,202203191010_Race,25,13 P. Eng P. Eng 1:04.984 15:30.690 | BMW M Team RLL | BMW M4 GT3 GTDPRO,4,15:02:58.429,J. Edwards,15:04:16.206,C. De Phillippi,1:17.777,1:30:40.056,20_Pit Stops Time Cards_Race.PDF,4,1
2022,05_Sebring International Raceway,Sebring International Raceway,sebring-international-raceway,2022-03-19,202203191010_Race,25,13 P. Eng P. Eng 1:04.984 15:30.690 | BMW M Team RLL | BMW M4 GT3 GTDPRO,5,15:39:15.208,C. De Phillippi,17:22:32.368,A. Farfus,1:43:17.160,3:13:57.216,20_Pit Stops Time Cards_Race.PDF,4,1
2022,05_Sebring International Raceway,Sebring International Raceway,sebring-international-raceway,2022-03-19,202203191010_Race,25,13 P. Eng P. Eng 1:04.984 15:30.690 | BMW M Team RLL | BMW M4 GT3 GTDPRO,6,17:32:09.075,A. Farfus,17:33:33.805,A. Farfus,1:24.730,3:15:21.946,20_Pit Stops Time Cards_Race.PDF,4,1
2022,05_Sebring International Raceway,Sebring International Raceway,sebring-international-raceway,2022-03-19,202203191010_Race,25,13 P. Eng P. Eng 1:04.984 15:30.690 | BMW M Team RLL | BMW M4 GT3 GTDPRO,7,18:13:44.389,A. Farfus,18:14:46.693,J. Edwards,1:02.304,3:16:24.250,20_Pit Stops Time Cards_Race.PDF,4,1
2022,05_Sebring International Raceway,Sebring International Raceway,sebring-international-raceway,2022-03-19,202203191010_Race,25,13 P. Eng P. Eng 1:04.984 15:30.690 | BMW M Team RLL | BMW M4 GT3 GTDPRO,8,19:12:14.709,J. Edwards,19:13:29.542,J. Edwards,1:14.833,3:17:39.083,20_Pit Stops Time Cards_Race.PDF,4,1
2022,05_Sebring International Raceway,Sebring International Raceway,sebring-international-raceway,2022-03-19,202203191010_Race,25,13 P. Eng P. Eng 1:04.984 15:30.690 | BMW M Team RLL | BMW M4 GT3 GTDPRO,9,20:13:05.062,J. Edwards,20:14:23.349,C. De Phillippi,1:18.287,3:18:57.370,20_Pit Stops Time Cards_Race.PDF,4,1
2022,05_Sebring International Raceway,Sebring International Raceway,sebring-international-raceway,2022-03-19,202203191010_Race,25,13 P. Eng P. Eng 1:04.984 15:30.690 | BMW M Team RLL | BMW M4 GT3 GTDPRO,10,21:07:55.048,C. De Phillippi,21:10:57.314,C. De Phillippi,3:02.266,3:21:59.636,20_Pit Stops Time Cards_Race.PDF,4,1
2022,05_Sebring International Raceway,Sebring International Raceway,sebring-international-raceway,2022-03-19,202203191010_Race,27,Heart of Racing Team | Aston Martin Vantage GT3 GTD,1,11:09:39.370,I. James,11:10:56.976,I. James,1:17.606,1:17.606,20_Pit Stops Time Cards_Race.PDF,4,2
2022,05_Sebring International Raceway,Sebring International Raceway,sebring-international-raceway,2022-03-19,202203191010_Race,27,Heart of Racing Team | Aston Martin Vantage GT3 GTD,2,12:11:11.503,I. James,12:12:30.183,R. De Angelis,1:18.680,2:36.286,20_Pit Stops Time Cards_Race.PDF,4,2
2022,05_Sebring International Raceway,Sebring International Raceway,sebring-international-raceway,2022-03-19,202203191010_Race,27,Heart of Racing Team | Aston Martin Vantage GT3 GTD,3,12:24:54.090,R. De Angelis,13:12:01.362,R. De Angelis,47:07.272,49:43.558,20_Pit Stops Time Cards_Race.PDF,4,2
2022,05_Sebring International Raceway,Sebring International Raceway,sebring-international-raceway,2022-03-19,202203191010_Race,27,Heart of Racing Team | Aston Martin Vantage GT3 GTD,4,13:55:21.967,R. De Angelis,13:56:42.949,R. De Angelis,1:20.982,51:04.540,20_Pit Stops Time Cards_Race.PDF,4,2
2022,05_Sebring International Raceway,Sebring International Raceway,sebring-international-raceway,2022-03-19,202203191010_Race,27,Heart of Racing Team | Aston Martin Vantage GT3 GTD,5,15:07:00.483,R. De Angelis,15:08:18.304,T. Gamble,1:17.821,52:22.361,20_Pit Stops Time Cards_Race.PDF,4,2
2022,05_Sebring International Raceway,Sebring International Raceway,sebring-international-raceway,2022-03-19,202203191010_Race,27,Heart of Racing Team | Aston Martin Vantage GT3 GTD,6,15:54:10.317,T. Gamble,17:49:21.701,T. Gamble,1:55:11.384,2:47:33.745,20_Pit Stops Time Cards_Race.PDF,4,2
2022,05_Sebring International Raceway,Sebring International Raceway,sebring-international-raceway,2022-03-19,202203191010_Race,27,Heart of Racing Team | Aston Martin Vantage GT3 GTD,7,18:47:21.438,T. Gamble,18:48:40.138,I. James,1:18.700,2:48:52.445,20_Pit Stops Time Cards_Race.PDF,4,2
2022,05_Sebring International Raceway,Sebring International Raceway,sebring-international-raceway,2022-03-19,202203191010_Race,27,Heart of Racing Team | Aston Martin Vantage GT3 GTD,8,19:49:10.053,I. James,19:50:28.963,T. Gamble,1:18.910,2:50:11.355,20_Pit Stops Time Cards_Race.PDF,4,2
2022,05_Sebring International Raceway,Sebring International Raceway,sebring-international-raceway,2022-03-19,202203191010_Race,27,Heart of Racing Team | Aston Martin Vantage GT3 GTD,9,20:50:36.979,T. Gamble,20:51:57.214,R. De Angelis,1:20.235,2:51:31.590,20_Pit Stops Time Cards_Race.PDF,4,2
2022,05_Sebring International Raceway,Sebring International Raceway,sebring-international-raceway,2022-03-19,202203191010_Race,27,Heart of Racing Team | Aston Martin Vantage GT3 GTD,10,21:49:48.769,R. De Angelis,21:50:52.040,R. De Angelis,1:03.271,2:52:34.861,20_Pit Stops Time Cards_Race.PDF,4,2
2022,05_Sebring International Raceway,Sebring International Raceway,sebring-international-raceway,2022-03-19,202203191010_Race,28,10 R. De Angelis R. De Angelis 1:03.271 | Alegra Motorsports | Mercedes-AMG GT3 GTD,1,11:05:04.884,M. de Quesada,11:06:19.378,M. Goetz,1:14.494,1:14.494,20_Pit Stops Time Cards_Race.PDF,4,2
2022,05_Sebring International Raceway,Sebring International Raceway,sebring-international-raceway,2022-03-19,202203191010_Race,28,10 R. De Angelis R. De Angelis 1:03.271 | Alegra Motorsports | Mercedes-AMG GT3 GTD,2,12:01:43.549,M. Goetz,12:02:56.568,D. Morad,1:13.019,2:27.513,20_Pit Stops Time Cards_Race.PDF,4,2
2022,05_Sebring International Raceway,Sebring International Raceway,sebring-international-raceway,2022-03-19,202203191010_Race,28,10 R. De Angelis R. De Angelis 1:03.271 | Alegra Motorsports | Mercedes-AMG GT3 GTD,3,13:07:26.507,D. Morad,13:08:40.925,M. de Quesada,1:14.418,3:41.931,20_Pit Stops Time Cards_Race.PDF,4,2
2022,05_Sebring International Raceway,Sebring International Raceway,sebring-international-raceway,2022-03-19,202203191010_Race,28,10 R. De Angelis R. De Angelis 1:03.271 | Alegra Motorsports | Mercedes-AMG GT3 GTD,4,14:31:41.301,M. de Quesada,14:32:55.203,M. Goetz,1:13.902,4:55.833,20_Pit Stops Time Cards_Race.PDF,4,2
2022,05_Sebring International Raceway,Sebring International Raceway,sebring-international-raceway,2022-03-19,202203191010_Race,28,10 R. De Angelis R. De Angelis 1:03.271 | Alegra Motorsports | Mercedes-AMG GT3 GTD,5,15:30:30.817,M. Goetz,15:31:45.493,D. Morad,1:14.676,6:10.509,20_Pit Stops Time Cards_Race.PDF,4,2
2022,05_Sebring International Raceway,Sebring International Raceway,sebring-international-raceway,2022-03-19,202203191010_Race,28,10 R. De Angelis R. De Angelis 1:03.271 | Alegra Motorsports | Mercedes-AMG GT3 GTD,6,15:49:26.874,D. Morad,15:50:16.263,D. Morad,49.389,6:59.898,20_Pit Stops Time Cards_Race.PDF,4,2
2022,05_Sebring International Raceway,Sebring International Raceway,sebring-international-raceway,2022-03-19,202203191010_Race,28,10 R. De Angelis R. De Angelis 1:03.271 | Alegra Motorsports | Mercedes-AMG GT3 GTD,7,16:25:36.154,D. Morad,16:26:37.423,D. Morad,1:01.269,8:01.167,20_Pit Stops Time Cards_Race.PDF,4,2
2022,05_Sebring International Raceway,Sebring International Raceway,sebring-international-raceway,2022-03-19,202203191010_Race,28,10 R. De Angelis R. De Angelis 1:03.271 | Alegra Motorsports | Mercedes-AMG GT3 GTD,8,17:29:03.108,D. Morad,17:30:08.854,M. de Quesada,1:05.746,9:06.913,20_Pit Stops Time Cards_Race.PDF,4,2
2022,05_Sebring International Raceway,Sebring International Raceway,sebring-international-raceway,2022-03-19,202203191010_Race,28,10 R. De Angelis R. De Angelis 1:03.271 | Alegra Motorsports | Mercedes-AMG GT3 GTD,9,18:30:10.512,M. de Quesada,18:31:28.890,M. Goetz,1:18.378,10:25.291,20_Pit Stops Time Cards_Race.PDF,4,2
2022,05_Sebring International Raceway,Sebring International Raceway,sebring-international-raceway,2022-03-19,202203191010_Race,28,10 R. De Angelis R. De Angelis 1:03.271 | Alegra Motorsports | Mercedes-AMG GT3 GTD,10,19:27:02.892,M. Goetz,19:28:17.021,M. Goetz,1:14.129,11:39.420,20_Pit Stops Time Cards_Race.PDF,4,2
2022,05_Sebring International Raceway,Sebring International Raceway,sebring-international-raceway,2022-03-19,202203191010_Race,28,10 R. De Angelis R. De Angelis 1:03.271 | Alegra Motorsports | Mercedes-AMG GT3 GTD,11,20:17:46.329,M. Goetz,20:18:57.315,D. Morad,1:10.986,12:50.406,20_Pit Stops Time Cards_Race.PDF,4,2
2022,05_Sebring International Raceway,Sebring International Raceway,sebring-international-raceway,2022-03-19,202203191010_Race,28,10 R. De Angelis R. De Angelis 1:03.271 | Alegra Motorsports | Mercedes-AMG GT3 GTD,12,20:35:31.303,D. Morad,20:37:48.117,D. Morad,2:16.814,15:07.220,20_Pit Stops Time Cards_Race.PDF,4,2
2022,05_Sebring International Raceway,Sebring International Raceway,sebring-international-raceway,2022-03-19,202203191010_Race,28,10 R. De Angelis R. De Angelis 1:03.271 | Alegra Motorsports | Mercedes-AMG GT3 GTD,13,20:40:06.817,D. Morad,21:07:39.699,D. Morad,27:32.882,42:40.102,20_Pit Stops Time Cards_Race.PDF,4,2
2022,05_Sebring International Raceway,Sebring International Raceway,sebring-international-raceway,2022-03-19,202203191010_Race,28,10 R. De Angelis R. De Angelis 1:03.271 | Alegra Motorsports | Mercedes-AMG GT3 GTD,14,22:05:53.667,D. Morad,22:06:37.785,D. Morad,44.118,43:24.220,20_Pit Stops Time Cards_Race.PDF,4,2
2022,05_Sebring International Raceway,Sebring International Raceway,sebring-international-raceway,2022-03-19,202203191010_Race,29,14 D. Morad D. Morad 44.118 43:24.220 | Racing Team Nederland | ORECA LMP2 07 LMP2,1,10:43:46.199,F. Van Eerd,10:44:57.016,F. Van Eerd,1:10.817,1:10.817,20_Pit Stops Time Cards_Race.PDF,4,2
2022,05_Sebring International Raceway,Sebring International Raceway,sebring-international-raceway,2022-03-19,202203191010_Race,29,14 D. Morad D. Morad 44.118 43:24.220 | Racing Team Nederland | ORECA LMP2 07 LMP2,2,11:21:51.068,F. Van Eerd,11:23:01.184,D. Murry,1:10.116,2:20.933,20_Pit Stops Time Cards_Race.PDF,4,2
2022,05_Sebring International Raceway,Sebring International Raceway,sebring-international-raceway,2022-03-19,202203191010_Race,29,14 D. Morad D. Morad 44.118 43:24.220 | Racing Team Nederland | ORECA LMP2 07 LMP2,3,12:00:09.595,D. Murry,12:01:21.036,D. Murry,1:11.441,3:32.374,20_Pit Stops Time Cards_Race.PDF,4,2
2022,05_Sebring International Raceway,Sebring International Raceway,sebring-international-raceway,2022-03-19,202203191010_Race,29,14 D. Morad D. Morad 44.118 43:24.220 | Racing Team Nederland | ORECA LMP2 07 LMP2,4,12:38:22.622,D. Murry,12:39:33.469,G. van der Garde,1:10.847,4:43.221,20_Pit Stops Time Cards_Race.PDF,4,2
2022,05_Sebring International Raceway,Sebring International Raceway,sebring-international-raceway,2022-03-19,202203191010_Race,29,14 D. Morad D. Morad 44.118 43:24.220 | Racing Team Nederland | ORECA LMP2 07 LMP2,5,13:34:47.716,G. van der Garde,13:35:58.002,G. van der Garde,1:10.286,5:53.507,20_Pit Stops Time Cards_Race.PDF,4,2
2022,05_Sebring International Raceway,Sebring International Raceway,sebring-international-raceway,2022-03-19,202203191010_Race,29,14 D. Morad D. Morad 44.118 43:24.220 | Racing Team Nederland | ORECA LMP2 07 LMP2,6,14:36:49.544,G. van der Garde,14:37:59.607,F. Van Eerd,1:10.063,7:03.570,20_Pit Stops Time Cards_Race.PDF,4,2
2022,05_Sebring International Raceway,Sebring International Raceway,sebring-international-raceway,2022-03-19,202203191010_Race,29,14 D. Morad D. Morad 44.118 43:24.220 | Racing Team Nederland | ORECA LMP2 07 LMP2,7,15:16:54.369,F. Van Eerd,15:18:04.539,F. Van Eerd,1:10.170,8:13.740,20_Pit Stops Time Cards_Race.PDF,4,2
2022,05_Sebring International Raceway,Sebring International Raceway,sebring-international-raceway,2022-03-19,202203191010_Race,29,14 D. Morad D. Morad 44.118 43:24.220 | Racing Team Nederland | ORECA LMP2 07 LMP2,8,16:12:31.420,F. Van Eerd,16:13:40.858,D. Murry,1:09.438,9:23.178,20_Pit Stops Time Cards_Race.PDF,4,2
2022,05_Sebring International Raceway,Sebring International Raceway,sebring-international-raceway,2022-03-19,202203191010_Race,29,14 D. Morad D. Morad 44.118 43:24.220 | Racing Team Nederland | ORECA LMP2 07 LMP2,9,17:12:22.467,D. Murry,17:13:33.063,D. Murry,1:10.596,10:33.774,20_Pit Stops Time Cards_Race.PDF,4,2
2022,05_Sebring International Raceway,Sebring International Raceway,sebring-international-raceway,2022-03-19,202203191010_Race,29,14 D. Morad D. Morad 44.118 43:24.220 | Racing Team Nederland | ORECA LMP2 07 LMP2,10,18:04:01.929,D. Murry,18:05:18.883,G. van der Garde,1:16.954,11:50.728,20_Pit Stops Time Cards_Race.PDF,4,2
2022,05_Sebring International Raceway,Sebring International Raceway,sebring-international-raceway,2022-03-19,202203191010_Race,29,14 D. Morad D. Morad 44.118 43:24.220 | Racing Team Nederland | ORECA LMP2 07 LMP2,11,18:42:07.986,G. van der Garde,18:43:18.299,G. van der Garde,1:10.313,13:01.041,20_Pit Stops Time Cards_Race.PDF,4,2
2022,05_Sebring International Raceway,Sebring International Raceway,sebring-international-raceway,2022-03-19,202203191010_Race,29,14 D. Morad D. Morad 44.118 43:24.220 | Racing Team Nederland | ORECA LMP2 07 LMP2,12,19:20:06.569,G. van der Garde,19:21:17.268,F. Van Eerd,1:10.699,14:11.740,20_Pit Stops Time Cards_Race.PDF,4,2
2022,05_Sebring International Raceway,Sebring International Raceway,sebring-international-raceway,2022-03-19,202203191010_Race,29,14 D. Morad D. Morad 44.118 43:24.220 | Racing Team Nederland | ORECA LMP2 07 LMP2,13,19:40:45.443,F. Van Eerd,19:41:42.539,D. Murry,57.096,15:08.836,20_Pit Stops Time Cards_Race.PDF,4,2
2022,05_Sebring International Raceway,Sebring International Raceway,sebring-international-raceway,2022-03-19,202203191010_Race,29,14 D. Morad D. Morad 44.118 43:24.220 | Racing Team Nederland | ORECA LMP2 07 LMP2,14,20:19:02.585,D. Murry,20:20:14.858,G. van der Garde,1:12.273,16:21.109,20_Pit Stops Time Cards_Race.PDF,4,2
2022,05_Sebring International Raceway,Sebring International Raceway,sebring-international-raceway,2022-03-19,202203191010_Race,29,14 D. Morad D. Morad 44.118 43:24.220 | Racing Team Nederland | ORECA LMP2 07 LMP2,15,20:57:30.767,G. van der Garde,20:58:42.121,G. van der Garde,1:11.354,17:32.463,20_Pit Stops Time Cards_Race.PDF,4,2
2022,05_Sebring International Raceway,Sebring International Raceway,sebring-international-raceway,2022-03-19,202203191010_Race,29,14 D. Morad D. Morad 44.118 43:24.220 | Racing Team Nederland | ORECA LMP2 07 LMP2,16,21:35:56.023,G. van der Garde,21:37:07.458,G. van der Garde,1:11.435,18:43.898,20_Pit Stops Time Cards_Race.PDF,4,2
2022,05_Sebring International Raceway,Sebring International Raceway,sebring-international-raceway,2022-03-19,202203191010_Race,30,16 G. van der Garde G. van der Garde 1:11.435 18:43.898 | Jr III Racing | Ligier JS P320 LMP3,1,11:08:24.692,A. Balogh,11:09:43.736,A. Balogh,1:19.044,1:19.044,20_Pit Stops Time Cards_Race.PDF,4,2
2022,05_Sebring International Raceway,Sebring International Raceway,sebring-international-raceway,2022-03-19,202203191010_Race,30,16 G. van der Garde G. van der Garde 1:11.435 18:43.898 | Jr III Racing | Ligier JS P320 LMP3,2,12:09:37.316,A. Balogh,12:10:54.873,A. Balogh,1:17.557,2:36.601,20_Pit Stops Time Cards_Race.PDF,4,2
2022,05_Sebring International Raceway,Sebring International Raceway,sebring-international-raceway,2022-03-19,202203191010_Race,30,16 G. van der Garde G. van der Garde 1:11.435 18:43.898 | Jr III Racing | Ligier JS P320 LMP3,3,13:15:21.568,A. Balogh,13:16:48.797,D. Dickerson,1:27.229,4:03.830,20_Pit Stops Time Cards_Race.PDF,4,2
2022,05_Sebring International Raceway,Sebring International Raceway,sebring-international-raceway,2022-03-19,202203191010_Race,30,16 G. van der Garde G. van der Garde 1:11.435 18:43.898 | Jr III Racing | Ligier JS P320 LMP3,4,14:29:34.841,D. Dickerson,14:30:49.801,D. Dickerson,1:14.960,5:18.790,20_Pit Stops Time Cards_Race.PDF,4,2
2022,05_Sebring International Raceway,Sebring International Raceway,sebring-international-raceway,2022-03-19,202203191010_Race,30,16 G. van der Garde G. van der Garde 1:11.435 18:43.898 | Jr III Racing | Ligier JS P320 LMP3,5,15:28:59.466,D. Dickerson,15:30:18.913,D. Dickerson,1:19.447,6:38.237,20_Pit Stops Time Cards_Race.PDF,5,1
2022,05_Sebring International Raceway,Sebring International Raceway,sebring-international-raceway,2022-03-19,202203191010_Race,30,16 G. van der Garde G. van der Garde 1:11.435 18:43.898 | Jr III Racing | Ligier JS P320 LMP3,6,15:46:07.160,D. Dickerson,15:46:55.054,D. Dickerson,47.894,7:26.131,20_Pit Stops Time Cards_Race.PDF,5,1
2022,05_Sebring International Raceway,Sebring International Raceway,sebring-international-raceway,2022-03-19,202203191010_Race,30,16 G. van der Garde G. van der Garde 1:11.435 18:43.898 | Jr III Racing | Ligier JS P320 LMP3,7,16:21:53.767,D. Dickerson,16:23:14.247,G. Grist,1:20.480,8:46.611,20_Pit Stops Time Cards_Race.PDF,5,1
2022,05_Sebring International Raceway,Sebring International Raceway,sebring-international-raceway,2022-03-19,202203191010_Race,30,16 G. van der Garde G. van der Garde 1:11.435 18:43.898 | Jr III Racing | Ligier JS P320 LMP3,8,17:25:34.544,G. Grist,17:26:40.911,G. Grist,1:06.367,9:52.978,20_Pit Stops Time Cards_Race.PDF,5,1
2022,05_Sebring International Raceway,Sebring International Raceway,sebring-international-raceway,2022-03-19,202203191010_Race,30,16 G. van der Garde G. van der Garde 1:11.435 18:43.898 | Jr III Racing | Ligier JS P320 LMP3,9,18:32:14.641,G. Grist,18:33:37.968,D. Dickerson,1:23.327,11:16.305,20_Pit Stops Time Cards_Race.PDF,5,1
2022,05_Sebring International Raceway,Sebring International Raceway,sebring-international-raceway,2022-03-19,202203191010_Race,30,16 G. van der Garde G. van der Garde 1:11.435 18:43.898 | Jr III Racing | Ligier JS P320 LMP3,10,19:31:47.064,D. Dickerson,19:33:03.291,D. Dickerson,1:16.227,12:32.532,20_Pit Stops Time Cards_Race.PDF,5,1
2022,05_Sebring International Raceway,Sebring International Raceway,sebring-international-raceway,2022-03-19,202203191010_Race,30,16 G. van der Garde G. van der Garde 1:11.435 18:43.898 | Jr III Racing | Ligier JS P320 LMP3,11,20:29:23.537,D. Dickerson,20:30:43.365,G. Grist,1:19.828,13:52.360,20_Pit Stops Time Cards_Race.PDF,5,1
2022,05_Sebring International Raceway,Sebring International Raceway,sebring-international-raceway,2022-03-19,202203191010_Race,30,16 G. van der Garde G. van der Garde 1:11.435 18:43.898 | Jr III Racing | Ligier JS P320 LMP3,12,21:28:42.915,G. Grist,21:29:47.639,G. Grist,1:04.724,14:57.084,20_Pit Stops Time Cards_Race.PDF,5,1
2022,05_Sebring International Raceway,Sebring International Raceway,sebring-international-raceway,2022-03-19,202203191010_Race,31,12 G. Grist G. Grist 1:04.724 14:57.084 | Whelen Engineering Racing | Cadillac DPi DPi,1,10:49:24.377,P. Derani,10:50:31.364,P. Derani,1:06.987,1:06.987,20_Pit Stops Time Cards_Race.PDF,5,1
2022,05_Sebring International Raceway,Sebring International Raceway,sebring-international-raceway,2022-03-19,202203191010_Race,31,12 G. Grist G. Grist 1:04.724 14:57.084 | Whelen Engineering Racing | Cadillac DPi DPi,2,11:30:45.565,P. Derani,11:31:52.459,T. Nunez,1:06.894,2:13.881,20_Pit Stops Time Cards_Race.PDF,5,1
2022,05_Sebring International Raceway,Sebring International Raceway,sebring-international-raceway,2022-03-19,202203191010_Race,31,12 G. Grist G. Grist 1:04.724 14:57.084 | Whelen Engineering Racing | Cadillac DPi DPi,3,12:12:19.550,T. Nunez,12:13:27.605,T. Nunez,1:08.055,3:21.936,20_Pit Stops Time Cards_Race.PDF,5,1
2022,05_Sebring International Raceway,Sebring International Raceway,sebring-international-raceway,2022-03-19,202203191010_Race,31,12 G. Grist G. Grist 1:04.724 14:57.084 | Whelen Engineering Racing | Cadillac DPi DPi,4,12:51:57.798,T. Nunez,12:53:04.653,M. Conway,1:06.855,4:28.791,20_Pit Stops Time Cards_Race.PDF,5,1
2022,05_Sebring International Raceway,Sebring International Raceway,sebring-international-raceway,2022-03-19,202203191010_Race,31,12 G. Grist G. Grist 1:04.724 14:57.084 | Whelen Engineering Racing | Cadillac DPi DPi,5,13:47:57.610,M. Conway,13:49:04.096,M. Conway,1:06.486,5:35.277,20_Pit Stops Time Cards_Race.PDF,5,1
2022,05_Sebring International Raceway,Sebring International Raceway,sebring-international-raceway,2022-03-19,202203191010_Race,31,12 G. Grist G. Grist 1:04.724 14:57.084 | Whelen Engineering Racing | Cadillac DPi DPi,6,14:38:24.005,M. Conway,14:39:30.205,P. Derani,1:06.200,6:41.477,20_Pit Stops Time Cards_Race.PDF,5,1
2022,05_Sebring International Raceway,Sebring International Raceway,sebring-international-raceway,2022-03-19,202203191010_Race,31,12 G. Grist G. Grist 1:04.724 14:57.084 | Whelen Engineering Racing | Cadillac DPi DPi,7,15:19:42.396,P. Derani,15:20:49.984,P. Derani,1:07.588,7:49.065,20_Pit Stops Time Cards_Race.PDF,5,1
2022,05_Sebring International Raceway,Sebring International Raceway,sebring-international-raceway,2022-03-19,202203191010_Race,31,12 G. Grist G. Grist 1:04.724 14:57.084 | Whelen Engineering Racing | Cadillac DPi DPi,8,15:45:16.476,P. Derani,15:46:30.310,P. Derani,1:13.834,9:02.899,20_Pit Stops Time Cards_Race.PDF,5,1
2022,05_Sebring International Raceway,Sebring International Raceway,sebring-international-raceway,2022-03-19,202203191010_Race,31,12 G. Grist G. Grist 1:04.724 14:57.084 | Whelen Engineering Racing | Cadillac DPi DPi,9,16:21:15.445,P. Derani,16:22:29.909,T. Nunez,1:14.464,10:17.363,20_Pit Stops Time Cards_Race.PDF,5,1
2022,05_Sebring International Raceway,Sebring International Raceway,sebring-international-raceway,2022-03-19,202203191010_Race,31,12 G. Grist G. Grist 1:04.724 14:57.084 | Whelen Engineering Racing | Cadillac DPi DPi,10,17:17:32.849,T. Nunez,17:18:37.516,T. Nunez,1:04.667,11:22.030,20_Pit Stops Time Cards_Race.PDF,5,1
2022,05_Sebring International Raceway,Sebring International Raceway,sebring-international-raceway,2022-03-19,202203191010_Race,31,12 G. Grist G. Grist 1:04.724 14:57.084 | Whelen Engineering Racing | Cadillac DPi DPi,11,17:32:43.423,T. Nunez,17:33:35.624,T. Nunez,52.201,12:14.231,20_Pit Stops Time Cards_Race.PDF,5,1
2022,05_Sebring International Raceway,Sebring International Raceway,sebring-international-raceway,2022-03-19,202203191010_Race,31,12 G. Grist G. Grist 1:04.724 14:57.084 | Whelen Engineering Racing | Cadillac DPi DPi,12,18:13:06.562,T. Nunez,18:14:13.703,M. Conway,1:07.141,13:21.372,20_Pit Stops Time Cards_Race.PDF,5,1
2022,05_Sebring International Raceway,Sebring International Raceway,sebring-international-raceway,2022-03-19,202203191010_Race,31,12 G. Grist G. Grist 1:04.724 14:57.084 | Whelen Engineering Racing | Cadillac DPi DPi,13,18:51:01.367,M. Conway,18:52:07.327,P. Derani,1:05.960,14:27.332,20_Pit Stops Time Cards_Race.PDF,5,1
2022,05_Sebring International Raceway,Sebring International Raceway,sebring-international-raceway,2022-03-19,202203191010_Race,31,12 G. Grist G. Grist 1:04.724 14:57.084 | Whelen Engineering Racing | Cadillac DPi DPi,14,19:28:34.664,P. Derani,19:29:39.644,P. Derani,1:04.980,15:32.312,20_Pit Stops Time Cards_Race.PDF,5,1
2022,05_Sebring International Raceway,Sebring International Raceway,sebring-international-raceway,2022-03-19,202203191010_Race,31,12 G. Grist G. Grist 1:04.724 14:57.084 | Whelen Engineering Racing | Cadillac DPi DPi,15,20:08:24.313,P. Derani,20:09:44.619,M. Conway,1:20.306,16:52.618,20_Pit Stops Time Cards_Race.PDF,5,1
2022,05_Sebring International Raceway,Sebring International Raceway,sebring-international-raceway,2022-03-19,202203191010_Race,31,12 G. Grist G. Grist 1:04.724 14:57.084 | Whelen Engineering Racing | Cadillac DPi DPi,16,20:50:01.745,M. Conway,20:51:09.115,T. Nunez,1:07.370,17:59.988,20_Pit Stops Time Cards_Race.PDF,5,1
2022,05_Sebring International Raceway,Sebring International Raceway,sebring-international-raceway,2022-03-19,202203191010_Race,31,12 G. Grist G. Grist 1:04.724 14:57.084 | Whelen Engineering Racing | Cadillac DPi DPi,17,21:31:21.771,T. Nunez,21:32:28.917,P. Derani,1:07.146,19:07.134,20_Pit Stops Time Cards_Race.PDF,5,1
2022,05_Sebring International Raceway,Sebring International Raceway,sebring-international-raceway,2022-03-19,202203191010_Race,32,17 T. Nunez P. Derani 1:07.146 19:07.134 | Gilbert Korthoff Motorsports | Mercedes-AMG GT3 GTD,1,10:13:36.043,M. Skeen,10:14:08.630,M. Skeen,32.587,32.587,20_Pit Stops Time Cards_Race.PDF,5,1
2022,05_Sebring International Raceway,Sebring International Raceway,sebring-international-raceway,2022-03-19,202203191010_Race,32,17 T. Nunez P. Derani 1:07.146 19:07.134 | Gilbert Korthoff Motorsports | Mercedes-AMG GT3 GTD,2,11:07:49.595,M. Skeen,11:09:12.044,M. Skeen,1:22.449,1:55.036,20_Pit Stops Time Cards_Race.PDF,5,1
2022,05_Sebring International Raceway,Sebring International Raceway,sebring-international-raceway,2022-03-19,202203191010_Race,32,17 T. Nunez P. Derani 1:07.146 19:07.134 | Gilbert Korthoff Motorsports | Mercedes-AMG GT3 GTD,3,11:23:36.738,M. Skeen,11:24:09.339,M. Skeen,32.601,2:27.637,20_Pit Stops Time Cards_Race.PDF,5,1
2022,05_Sebring International Raceway,Sebring International Raceway,sebring-international-raceway,2022-03-19,202203191010_Race,32,17 T. Nunez P. Derani 1:07.146 19:07.134 | Gilbert Korthoff Motorsports | Mercedes-AMG GT3 GTD,4,12:07:27.268,M. Skeen,12:08:55.671,S. McAleer,1:28.403,3:56.040,20_Pit Stops Time Cards_Race.PDF,5,1
2022,05_Sebring International Raceway,Sebring International Raceway,sebring-international-raceway,2022-03-19,202203191010_Race,32,17 T. Nunez P. Derani 1:07.146 19:07.134 | Gilbert Korthoff Motorsports | Mercedes-AMG GT3 GTD,5,13:12:52.822,S. McAleer,13:14:16.568,S. McAleer,1:23.746,5:19.786,20_Pit Stops Time Cards_Race.PDF,5,1
2022,05_Sebring International Raceway,Sebring International Raceway,sebring-international-raceway,2022-03-19,202203191010_Race,32,17 T. Nunez P. Derani 1:07.146 19:07.134 | Gilbert Korthoff Motorsports | Mercedes-AMG GT3 GTD,6,13:51:54.546,S. McAleer,13:53:10.420,D. Juncadella,1:15.874,6:35.660,20_Pit Stops Time Cards_Race.PDF,5,1
2022,05_Sebring International Raceway,Sebring International Raceway,sebring-international-raceway,2022-03-19,202203191010_Race,32,17 T. Nunez P. Derani 1:07.146 19:07.134 | Gilbert Korthoff Motorsports | Mercedes-AMG GT3 GTD,7,15:00:31.252,D. Juncadella,15:01:50.571,D. Juncadella,1:19.319,7:54.979,20_Pit Stops Time Cards_Race.PDF,5,1
2022,05_Sebring International Raceway,Sebring International Raceway,sebring-international-raceway,2022-03-19,202203191010_Race,32,17 T. Nunez P. Derani 1:07.146 19:07.134 | Gilbert Korthoff Motorsports | Mercedes-AMG GT3 GTD,8,15:49:02.444,D. Juncadella,15:50:13.396,M. Skeen,1:10.952,9:05.931,20_Pit Stops Time Cards_Race.PDF,5,1
2022,05_Sebring International Raceway,Sebring International Raceway,sebring-international-raceway,2022-03-19,202203191010_Race,32,17 T. Nunez P. Derani 1:07.146 19:07.134 | Gilbert Korthoff Motorsports | Mercedes-AMG GT3 GTD,9,16:25:32.608,M. Skeen,16:26:39.872,M. Skeen,1:07.264,10:13.195,20_Pit Stops Time Cards_Race.PDF,5,1
2022,05_Sebring International Raceway,Sebring International Raceway,sebring-international-raceway,2022-03-19,202203191010_Race,32,17 T. Nunez P. Derani 1:07.146 19:07.134 | Gilbert Korthoff Motorsports | Mercedes-AMG GT3 GTD,10,17:29:05.420,M. Skeen,17:30:22.093,S. McAleer,1:16.673,11:29.868,20_Pit Stops Time Cards_Race.PDF,5,1
2022,05_Sebring International Raceway,Sebring International Raceway,sebring-international-raceway,2022-03-19,202203191010_Race,32,17 T. Nunez P. Derani 1:07.146 19:07.134 | Gilbert Korthoff Motorsports | Mercedes-AMG GT3 GTD,11,18:32:30.661,S. McAleer,18:33:53.266,S. McAleer,1:22.605,12:52.473,20_Pit Stops Time Cards_Race.PDF,5,1
2022,05_Sebring International Raceway,Sebring International Raceway,sebring-international-raceway,2022-03-19,202203191010_Race,32,17 T. Nunez P. Derani 1:07.146 19:07.134 | Gilbert Korthoff Motorsports | Mercedes-AMG GT3 GTD,12,19:31:26.025,S. McAleer,19:32:48.680,D. Juncadella,1:22.655,14:15.128,20_Pit Stops Time Cards_Race.PDF,5,1
2022,05_Sebring International Raceway,Sebring International Raceway,sebring-international-raceway,2022-03-19,202203191010_Race,32,17 T. Nunez P. Derani 1:07.146 19:07.134 | Gilbert Korthoff Motorsports | Mercedes-AMG GT3 GTD,13,20:20:02.565,D. Juncadella,20:21:16.519,D. Juncadella,1:13.954,15:29.082,20_Pit Stops Time Cards_Race.PDF,5,1
2022,05_Sebring International Raceway,Sebring International Raceway,sebring-international-raceway,2022-03-19,202203191010_Race,32,17 T. Nunez P. Derani 1:07.146 19:07.134 | Gilbert Korthoff Motorsports | Mercedes-AMG GT3 GTD,14,21:08:30.574,D. Juncadella,21:09:45.183,D. Juncadella,1:14.609,16:43.691,20_Pit Stops Time Cards_Race.PDF,5,1
2022,05_Sebring International Raceway,Sebring International Raceway,sebring-international-raceway,2022-03-19,202203191010_Race,33,14 D. Juncadella D. Juncadella 1:14.609 16:43.691 | Sean Creech Motorsport | Ligier JS P320 LMP3,1,11:11:20.192,L. Willsey,11:12:42.709,L. Willsey,1:22.517,1:22.517,20_Pit Stops Time Cards_Race.PDF,5,1
2022,05_Sebring International Raceway,Sebring International Raceway,sebring-international-raceway,2022-03-19,202203191010_Race,33,14 D. Juncadella D. Juncadella 1:14.609 16:43.691 | Sean Creech Motorsport | Ligier JS P320 LMP3,2,12:15:26.965,L. Willsey,12:17:10.781,J. Barbosa,1:43.816,3:06.333,20_Pit Stops Time Cards_Race.PDF,5,1
2022,05_Sebring International Raceway,Sebring International Raceway,sebring-international-raceway,2022-03-19,202203191010_Race,33,14 D. Juncadella D. Juncadella 1:14.609 16:43.691 | Sean Creech Motorsport | Ligier JS P320 LMP3,3,13:12:57.184,J. Barbosa,13:14:07.200,J. Barbosa,1:10.016,4:16.349,20_Pit Stops Time Cards_Race.PDF,5,1
2022,05_Sebring International Raceway,Sebring International Raceway,sebring-international-raceway,2022-03-19,202203191010_Race,33,14 D. Juncadella D. Juncadella 1:14.609 16:43.691 | Sean Creech Motorsport | Ligier JS P320 LMP3,4,13:48:50.013,J. Barbosa,13:50:15.600,M. Jakobsen,1:25.587,5:41.936,20_Pit Stops Time Cards_Race.PDF,5,1
2022,05_Sebring International Raceway,Sebring International Raceway,sebring-international-raceway,2022-03-19,202203191010_Race,33,14 D. Juncadella D. Juncadella 1:14.609 16:43.691 | Sean Creech Motorsport | Ligier JS P320 LMP3,5,15:01:07.008,M. Jakobsen,15:02:31.029,L. Willsey,1:24.021,7:05.957,20_Pit Stops Time Cards_Race.PDF,5,1
2022,05_Sebring International Raceway,Sebring International Raceway,sebring-international-raceway,2022-03-19,202203191010_Race,33,14 D. Juncadella D. Juncadella 1:14.609 16:43.691 | Sean Creech Motorsport | Ligier JS P320 LMP3,6,16:00:51.401,L. Willsey,16:02:33.726,J. Barbosa,1:42.325,8:48.282,20_Pit Stops Time Cards_Race.PDF,5,1
2022,05_Sebring International Raceway,Sebring International Raceway,sebring-international-raceway,2022-03-19,202203191010_Race,33,14 D. Juncadella D. Juncadella 1:14.609 16:43.691 | Sean Creech Motorsport | Ligier JS P320 LMP3,7,16:04:35.178,J. Barbosa,16:05:08.012,J. Barbosa,32.834,9:21.116,20_Pit Stops Time Cards_Race.PDF,5,1
2022,05_Sebring International Raceway,Sebring International Raceway,sebring-international-raceway,2022-03-19,202203191010_Race,33,14 D. Juncadella D. Juncadella 1:14.609 16:43.691 | Sean Creech Motorsport | Ligier JS P320 LMP3,8,16:31:08.437,J. Barbosa,16:32:20.148,J. Barbosa,1:11.711,10:32.827,20_Pit Stops Time Cards_Race.PDF,5,1
2022,05_Sebring International Raceway,Sebring International Raceway,sebring-international-raceway,2022-03-19,202203191010_Race,33,14 D. Juncadella D. Juncadella 1:14.609 16:43.691 | Sean Creech Motorsport | Ligier JS P320 LMP3,9,17:25:35.813,J. Barbosa,17:26:49.999,M. Jakobsen,1:14.186,11:47.013,20_Pit Stops Time Cards_Race.PDF,5,2
2022,05_Sebring International Raceway,Sebring International Raceway,sebring-international-raceway,2022-03-19,202203191010_Race,33,14 D. Juncadella D. Juncadella 1:14.609 16:43.691 | Sean Creech Motorsport | Ligier JS P320 LMP3,10,18:30:02.668,M. Jakobsen,18:31:21.783,M. Jakobsen,1:19.115,13:06.128,20_Pit Stops Time Cards_Race.PDF,5,2
2022,05_Sebring International Raceway,Sebring International Raceway,sebring-international-raceway,2022-03-19,202203191010_Race,33,14 D. Juncadella D. Juncadella 1:14.609 16:43.691 | Sean Creech Motorsport | Ligier JS P320 LMP3,11,19:28:53.276,M. Jakobsen,19:30:12.926,J. Barbosa,1:19.650,14:25.778,20_Pit Stops Time Cards_Race.PDF,5,2
2022,05_Sebring International Raceway,Sebring International Raceway,sebring-international-raceway,2022-03-19,202203191010_Race,33,14 D. Juncadella D. Juncadella 1:14.609 16:43.691 | Sean Creech Motorsport | Ligier JS P320 LMP3,12,20:28:32.698,J. Barbosa,20:29:52.835,J. Barbosa,1:20.137,15:45.915,20_Pit Stops Time Cards_Race.PDF,5,2
2022,05_Sebring International Raceway,Sebring International Raceway,sebring-international-raceway,2022-03-19,202203191010_Race,33,14 D. Juncadella D. Juncadella 1:14.609 16:43.691 | Sean Creech Motorsport | Ligier JS P320 LMP3,13,21:16:06.279,J. Barbosa,21:17:29.773,M. Jakobsen,1:23.494,17:09.409,20_Pit Stops Time Cards_Race.PDF,5,2
2022,05_Sebring International Raceway,Sebring International Raceway,sebring-international-raceway,2022-03-19,202203191010_Race,36,13 J. Barbosa M. Jakobsen 1:23.494 17:09.409 | Andretti Autosport | Ligier JS P320 LMP3,1,10:10:47.959,J. Andretti,10:20:01.380,J. Andretti,9:13.421,9:13.421,20_Pit Stops Time Cards_Race.PDF,5,2
2022,05_Sebring International Raceway,Sebring International Raceway,sebring-international-raceway,2022-03-19,202203191010_Race,38,1 J. Andretti J. Andretti 9:13.421 9:13.421 | Performance Tech Motorsports | Ligier JS P320 LMP3,1,11:07:33.942,D. Goldburg,11:08:52.585,D. Goldburg,1:18.643,1:18.643,20_Pit Stops Time Cards_Race.PDF,5,2
2022,05_Sebring International Raceway,Sebring International Raceway,sebring-international-raceway,2022-03-19,202203191010_Race,38,1 J. Andretti J. Andretti 9:13.421 9:13.421 | Performance Tech Motorsports | Ligier JS P320 LMP3,2,12:08:02.175,D. Goldburg,12:09:21.307,C. Shields,1:19.132,2:37.775,20_Pit Stops Time Cards_Race.PDF,5,2
2022,05_Sebring International Raceway,Sebring International Raceway,sebring-international-raceway,2022-03-19,202203191010_Race,38,1 J. Andretti J. Andretti 9:13.421 9:13.421 | Performance Tech Motorsports | Ligier JS P320 LMP3,3,13:03:40.565,C. Shields,13:05:02.676,C. Shields,1:22.111,3:59.886,20_Pit Stops Time Cards_Race.PDF,5,2
2022,05_Sebring International Raceway,Sebring International Raceway,sebring-international-raceway,2022-03-19,202203191010_Race,38,1 J. Andretti J. Andretti 9:13.421 9:13.421 | Performance Tech Motorsports | Ligier JS P320 LMP3,4,13:48:47.362,C. Shields,13:49:40.689,C. Shields,53.327,4:53.213,20_Pit Stops Time Cards_Race.PDF,5,2
2022,05_Sebring International Raceway,Sebring International Raceway,sebring-international-raceway,2022-03-19,202203191010_Race,38,1 J. Andretti J. Andretti 9:13.421 9:13.421 | Performance Tech Motorsports | Ligier JS P320 LMP3,5,14:55:28.788,C. Shields,14:56:46.904,R. Lindh,1:18.116,6:11.329,20_Pit Stops Time Cards_Race.PDF,5,2
2022,05_Sebring International Raceway,Sebring International Raceway,sebring-international-raceway,2022-03-19,202203191010_Race,38,1 J. Andretti J. Andretti 9:13.421 9:13.421 | Performance Tech Motorsports | Ligier JS P320 LMP3,6,15:45:36.351,R. Lindh,15:47:34.702,D. Goldburg,1:58.351,8:09.680,20_Pit Stops Time Cards_Race.PDF,5,2
2022,05_Sebring International Raceway,Sebring International Raceway,sebring-international-raceway,2022-03-19,202203191010_Race,38,1 J. Andretti J. Andretti 9:13.421 9:13.421 | Performance Tech Motorsports | Ligier JS P320 LMP3,7,16:02:15.459,D. Goldburg,16:15:56.018,D. Goldburg,13:40.559,21:50.239,20_Pit Stops Time Cards_Race.PDF,5,2
2022,05_Sebring International Raceway,Sebring International Raceway,sebring-international-raceway,2022-03-19,202203191010_Race,38,1 J. Andretti J. Andretti 9:13.421 9:13.421 | Performance Tech Motorsports | Ligier JS P320 LMP3,8,16:31:12.181,D. Goldburg,16:32:28.500,D. Goldburg,1:16.319,23:06.558,20_Pit Stops Time Cards_Race.PDF,5,2
2022,05_Sebring International Raceway,Sebring International Raceway,sebring-international-raceway,2022-03-19,202203191010_Race,38,1 J. Andretti J. Andretti 9:13.421 9:13.421 | Performance Tech Motorsports | Ligier JS P320 LMP3,9,17:34:07.271,D. Goldburg,17:35:33.923,R. Lindh,1:26.652,24:33.210,20_Pit Stops Time Cards_Race.PDF,5,2
2022,05_Sebring International Raceway,Sebring International Raceway,sebring-international-raceway,2022-03-19,202203191010_Race,38,1 J. Andretti J. Andretti 9:13.421 9:13.421 | Performance Tech Motorsports | Ligier JS P320 LMP3,10,18:33:37.326,R. Lindh,18:34:57.435,R. Lindh,1:20.109,25:53.319,20_Pit Stops Time Cards_Race.PDF,5,2
2022,05_Sebring International Raceway,Sebring International Raceway,sebring-international-raceway,2022-03-19,202203191010_Race,38,1 J. Andretti J. Andretti 9:13.421 9:13.421 | Performance Tech Motorsports | Ligier JS P320 LMP3,11,18:51:22.934,R. Lindh,18:52:49.407,R. Lindh,1:26.473,27:19.792,20_Pit Stops Time Cards_Race.PDF,5,2
2022,05_Sebring International Raceway,Sebring International Raceway,sebring-international-raceway,2022-03-19,202203191010_Race,38,1 J. Andretti J. Andretti 9:13.421 9:13.421 | Performance Tech Motorsports | Ligier JS P320 LMP3,12,19:36:50.329,R. Lindh,19:38:12.455,C. Shields,1:22.126,28:41.918,20_Pit Stops Time Cards_Race.PDF,5,2
2022,05_Sebring International Raceway,Sebring International Raceway,sebring-international-raceway,2022-03-19,202203191010_Race,38,1 J. Andretti J. Andretti 9:13.421 9:13.421 | Performance Tech Motorsports | Ligier JS P320 LMP3,13,20:36:53.637,C. Shields,20:38:31.348,R. Lindh,1:37.711,30:19.629,20_Pit Stops Time Cards_Race.PDF,5,2
2022,05_Sebring International Raceway,Sebring International Raceway,sebring-international-raceway,2022-03-19,202203191010_Race,38,1 J. Andretti J. Andretti 9:13.421 9:13.421 | Performance Tech Motorsports | Ligier JS P320 LMP3,14,21:22:51.740,R. Lindh,21:23:58.851,R. Lindh,1:07.111,31:26.740,20_Pit Stops Time Cards_Race.PDF,5,2
2022,05_Sebring International Raceway,Sebring International Raceway,sebring-international-raceway,2022-03-19,202203191010_Race,39,14 R. Lindh R. Lindh 1:07.111 31:26.740 | CarBahn with Peregrine Racing | Lamborghini Huracan GT3 GTD,1,11:07:42.737,R. Megennis,11:09:03.192,R. Megennis,1:20.455,1:20.455,20_Pit Stops Time Cards_Race.PDF,5,2
2022,05_Sebring International Raceway,Sebring International Raceway,sebring-international-raceway,2022-03-19,202203191010_Race,39,14 R. Lindh R. Lindh 1:07.111 31:26.740 | CarBahn with Peregrine Racing | Lamborghini Huracan GT3 GTD,2,11:40:22.882,R. Megennis,12:45:02.810,C. Lewis,1:04:39.928,1:06:00.383,20_Pit Stops Time Cards_Race.PDF,5,2
2022,05_Sebring International Raceway,Sebring International Raceway,sebring-international-raceway,2022-03-19,202203191010_Race,39,14 R. Lindh R. Lindh 1:07.111 31:26.740 | CarBahn with Peregrine Racing | Lamborghini Huracan GT3 GTD,3,13:12:58.148,C. Lewis,13:14:00.210,C. Lewis,1:02.062,1:07:02.445,20_Pit Stops Time Cards_Race.PDF,5,2
2022,05_Sebring International Raceway,Sebring International Raceway,sebring-international-raceway,2022-03-19,202203191010_Race,39,14 R. Lindh R. Lindh 1:07.111 31:26.740 | CarBahn with Peregrine Racing | Lamborghini Huracan GT3 GTD,4,13:55:24.259,C. Lewis,13:56:34.963,C. Lewis,1:10.704,1:08:13.149,20_Pit Stops Time Cards_Race.PDF,5,2
2022,05_Sebring International Raceway,Sebring International Raceway,sebring-international-raceway,2022-03-19,202203191010_Race,39,14 R. Lindh R. Lindh 1:07.111 31:26.740 | CarBahn with Peregrine Racing | Lamborghini Huracan GT3 GTD,5,14:12:55.566,C. Lewis,14:14:32.462,C. Lewis,1:36.896,1:09:50.045,20_Pit Stops Time Cards_Race.PDF,5,2
2022,05_Sebring International Raceway,Sebring International Raceway,sebring-international-raceway,2022-03-19,202203191010_Race,39,14 R. Lindh R. Lindh 1:07.111 31:26.740 | CarBahn with Peregrine Racing | Lamborghini Huracan GT3 GTD,6,14:42:22.033,C. Lewis,14:43:59.341,C. Lewis,1:37.308,1:11:27.353,20_Pit Stops Time Cards_Race.PDF,5,2
2022,05_Sebring International Raceway,Sebring International Raceway,sebring-international-raceway,2022-03-19,202203191010_Race,39,14 R. Lindh R. Lindh 1:07.111 31:26.740 | CarBahn with Peregrine Racing | Lamborghini Huracan GT3 GTD,7,14:54:15.292,C. Lewis,14:55:22.937,J. Westphal,1:07.645,1:12:34.998,20_Pit Stops Time Cards_Race.PDF,5,2
2022,05_Sebring International Raceway,Sebring International Raceway,sebring-international-raceway,2022-03-19,202203191010_Race,39,14 R. Lindh R. Lindh 1:07.111 31:26.740 | CarBahn with Peregrine Racing | Lamborghini Huracan GT3 GTD,8,15:07:49.101,J. Westphal,15:09:00.654,J. Westphal,1:11.553,1:13:46.551,20_Pit Stops Time Cards_Race.PDF,5,2
2022,05_Sebring International Raceway,Sebring International Raceway,sebring-international-raceway,2022-03-19,202203191010_Race,39,14 R. Lindh R. Lindh 1:07.111 31:26.740 | CarBahn with Peregrine Racing | Lamborghini Huracan GT3 GTD,9,15:19:20.168,J. Westphal,15:20:22.152,J. Westphal,1:01.984,1:14:48.535,20_Pit Stops Time Cards_Race.PDF,5,2
2022,05_Sebring International Raceway,Sebring International Raceway,sebring-international-raceway,2022-03-19,202203191010_Race,39,14 R. Lindh R. Lindh 1:07.111 31:26.740 | CarBahn with Peregrine Racing | Lamborghini Huracan GT3 GTD,10,15:28:35.542,J. Westphal,15:29:39.355,J. Westphal,1:03.813,1:15:52.348,20_Pit Stops Time Cards_Race.PDF,5,2
2022,05_Sebring International Raceway,Sebring International Raceway,sebring-international-raceway,2022-03-19,202203191010_Race,39,14 R. Lindh R. Lindh 1:07.111 31:26.740 | CarBahn with Peregrine Racing | Lamborghini Huracan GT3 GTD,11,15:33:45.123,J. Westphal,15:34:53.711,J. Westphal,1:08.588,1:17:00.936,20_Pit Stops Time Cards_Race.PDF,5,2
2022,05_Sebring International Raceway,Sebring International Raceway,sebring-international-raceway,2022-03-19,202203191010_Race,39,14 R. Lindh R. Lindh 1:07.111 31:26.740 | CarBahn with Peregrine Racing | Lamborghini Huracan GT3 GTD,12,15:54:05.795,J. Westphal,15:55:09.160,J. Westphal,1:03.365,1:18:04.301,20_Pit Stops Time Cards_Race.PDF,5,2
2022,05_Sebring International Raceway,Sebring International Raceway,sebring-international-raceway,2022-03-19,202203191010_Race,39,14 R. Lindh R. Lindh 1:07.111 31:26.740 | CarBahn with Peregrine Racing | Lamborghini Huracan GT3 GTD,13,16:09:41.993,J. Westphal,16:11:45.279,J. Westphal,2:03.286,1:20:07.587,20_Pit Stops Time Cards_Race.PDF,5,2
2022,05_Sebring International Raceway,Sebring International Raceway,sebring-international-raceway,2022-03-19,202203191010_Race,39,14 R. Lindh R. Lindh 1:07.111 31:26.740 | CarBahn with Peregrine Racing | Lamborghini Huracan GT3 GTD,14,16:58:43.091,J. Westphal,17:01:04.576,J. Westphal,2:21.485,1:22:29.072,20_Pit Stops Time Cards_Race.PDF,5,2
2022,05_Sebring International Raceway,Sebring International Raceway,sebring-international-raceway,2022-03-19,202203191010_Race,39,14 R. Lindh R. Lindh 1:07.111 31:26.740 | CarBahn with Peregrine Racing | Lamborghini Huracan GT3 GTD,15,17:34:00.584,J. Westphal,17:35:20.080,R. Megennis,1:19.496,1:23:48.568,20_Pit Stops Time Cards_Race.PDF,5,2
2022,05_Sebring International Raceway,Sebring International Raceway,sebring-international-raceway,2022-03-19,202203191010_Race,39,14 R. Lindh R. Lindh 1:07.111 31:26.740 | CarBahn with Peregrine Racing | Lamborghini Huracan GT3 GTD,16,18:33:44.233,R. Megennis,18:35:52.667,R. Megennis,2:08.434,1:25:57.002,20_Pit Stops Time Cards_Race.PDF,5,2
2022,05_Sebring International Raceway,Sebring International Raceway,sebring-international-raceway,2022-03-19,202203191010_Race,39,14 R. Lindh R. Lindh 1:07.111 31:26.740 | CarBahn with Peregrine Racing | Lamborghini Huracan GT3 GTD,17,18:40:14.094,R. Megennis,18:41:17.876,R. Megennis,1:03.782,1:27:00.784,20_Pit Stops Time Cards_Race.PDF,5,2
2022,05_Sebring International Raceway,Sebring International Raceway,sebring-international-raceway,2022-03-19,202203191010_Race,39,14 R. Lindh R. Lindh 1:07.111 31:26.740 | CarBahn with Peregrine Racing | Lamborghini Huracan GT3 GTD,18,19:20:45.509,R. Megennis,19:21:55.357,C. Lewis,1:09.848,1:28:10.632,20_Pit Stops Time Cards_Race.PDF,5,2
2022,05_Sebring International Raceway,Sebring International Raceway,sebring-international-raceway,2022-03-19,202203191010_Race,39,14 R. Lindh R. Lindh 1:07.111 31:26.740 | CarBahn with Peregrine Racing | Lamborghini Huracan GT3 GTD,19,20:17:38.090,C. Lewis,20:18:57.879,C. Lewis,1:19.789,1:29:30.421,20_Pit Stops Time Cards_Race.PDF,5,2
2022,05_Sebring International Raceway,Sebring International Raceway,sebring-international-raceway,2022-03-19,202203191010_Race,39,14 R. Lindh R. Lindh 1:07.111 31:26.740 | CarBahn with Peregrine Racing | Lamborghini Huracan GT3 GTD,20,21:16:58.054,C. Lewis,21:18:17.996,J. Westphal,1:19.942,1:30:50.363,20_Pit Stops Time Cards_Race.PDF,5,2
2022,05_Sebring International Raceway,Sebring International Raceway,sebring-international-raceway,2022-03-19,202203191010_Race,40,20 C. Lewis J. Westphal 1:19.942 | FastMD Racing | Duqueine D08 LMP3,1,11:05:46.200,M. Hanratty,11:07:32.986,T. Archer,1:46.786,1:46.786,20_Pit Stops Time Cards_Race.PDF,5,2
2022,05_Sebring International Raceway,Sebring International Raceway,sebring-international-raceway,2022-03-19,202203191010_Race,40,20 C. Lewis J. Westphal 1:19.942 | FastMD Racing | Duqueine D08 LMP3,2,12:09:39.738,T. Archer,12:11:05.586,J. Vance,1:25.848,3:12.634,20_Pit Stops Time Cards_Race.PDF,5,2
2022,05_Sebring International Raceway,Sebring International Raceway,sebring-international-raceway,2022-03-19,202203191010_Race,40,20 C. Lewis J. Westphal 1:19.942 | FastMD Racing | Duqueine D08 LMP3,3,13:03:49.211,J. Vance,13:05:37.032,T. Archer,1:47.821,5:00.455,20_Pit Stops Time Cards_Race.PDF,5,2
2022,05_Sebring International Raceway,Sebring International Raceway,sebring-international-raceway,2022-03-19,202203191010_Race,40,20 C. Lewis J. Westphal 1:19.942 | FastMD Racing | Duqueine D08 LMP3,4,13:49:04.349,T. Archer,13:50:07.697,T. Archer,1:03.348,6:03.803,20_Pit Stops Time Cards_Race.PDF,5,2
2022,05_Sebring International Raceway,Sebring International Raceway,sebring-international-raceway,2022-03-19,202203191010_Race,40,20 C. Lewis J. Westphal 1:19.942 | FastMD Racing | Duqueine D08 LMP3,5,14:30:06.472,T. Archer,14:31:46.234,M. Hanratty,1:39.762,7:43.565,20_Pit Stops Time Cards_Race.PDF,6,1
2022,05_Sebring International Raceway,Sebring International Raceway,sebring-international-raceway,2022-03-19,202203191010_Race,40,20 C. Lewis J. Westphal 1:19.942 | FastMD Racing | Duqueine D08 LMP3,6,15:32:15.747,M. Hanratty,15:33:47.062,T. Archer,1:31.315,9:14.880,20_Pit Stops Time Cards_Race.PDF,6,1
2022,05_Sebring International Raceway,Sebring International Raceway,sebring-international-raceway,2022-03-19,202203191010_Race,40,20 C. Lewis J. Westphal 1:19.942 | FastMD Racing | Duqueine D08 LMP3,7,16:13:59.981,T. Archer,16:15:17.382,J. Vance,1:17.401,10:32.281,20_Pit Stops Time Cards_Race.PDF,6,1
2022,05_Sebring International Raceway,Sebring International Raceway,sebring-international-raceway,2022-03-19,202203191010_Race,40,20 C. Lewis J. Westphal 1:19.942 | FastMD Racing | Duqueine D08 LMP3,8,17:26:27.666,J. Vance,17:27:39.366,J. Vance,1:11.700,11:43.981,20_Pit Stops Time Cards_Race.PDF,6,1
2022,05_Sebring International Raceway,Sebring International Raceway,sebring-international-raceway,2022-03-19,202203191010_Race,40,20 C. Lewis J. Westphal 1:19.942 | FastMD Racing | Duqueine D08 LMP3,9,18:27:36.304,J. Vance,18:28:52.831,M. Hanratty,1:16.527,13:00.508,20_Pit Stops Time Cards_Race.PDF,6,1
2022,05_Sebring International Raceway,Sebring International Raceway,sebring-international-raceway,2022-03-19,202203191010_Race,40,20 C. Lewis J. Westphal 1:19.942 | FastMD Racing | Duqueine D08 LMP3,10,18:43:44.686,M. Hanratty,19:52:38.656,M. Hanratty,1:08:53.970,1:21:54.478,20_Pit Stops Time Cards_Race.PDF,6,1
2022,05_Sebring International Raceway,Sebring International Raceway,sebring-international-raceway,2022-03-19,202203191010_Race,40,20 C. Lewis J. Westphal 1:19.942 | FastMD Racing | Duqueine D08 LMP3,11,20:24:31.992,M. Hanratty,21:12:55.263,J. Vance,48:23.271,2:10:17.749,20_Pit Stops Time Cards_Race.PDF,6,1
2022,05_Sebring International Raceway,Sebring International Raceway,sebring-international-raceway,2022-03-19,202203191010_Race,40,20 C. Lewis J. Westphal 1:19.942 | FastMD Racing | Duqueine D08 LMP3,12,21:38:59.853,J. Vance,21:41:55.601,M. Hanratty,2:55.748,2:13:13.497,20_Pit Stops Time Cards_Race.PDF,6,1
2022,05_Sebring International Raceway,Sebring International Raceway,sebring-international-raceway,2022-03-19,202203191010_Race,40,20 C. Lewis J. Westphal 1:19.942 | FastMD Racing | Duqueine D08 LMP3,13,22:07:06.369,M. Hanratty,22:10:31.333,J. Vance,3:24.964,2:16:38.461,20_Pit Stops Time Cards_Race.PDF,6,1
2022,05_Sebring International Raceway,Sebring International Raceway,sebring-international-raceway,2022-03-19,202203191010_Race,42,13 M. Hanratty J. Vance 3:24.964 | NTE/SSR | Lamborghini Huracan GT3 GTD,1,11:08:45.612,D. Yount,11:10:06.845,J. Conwright,1:21.233,1:21.233,20_Pit Stops Time Cards_Race.PDF,6,1
2022,05_Sebring International Raceway,Sebring International Raceway,sebring-international-raceway,2022-03-19,202203191010_Race,42,13 M. Hanratty J. Vance 3:24.964 | NTE/SSR | Lamborghini Huracan GT3 GTD,2,12:10:00.443,J. Conwright,12:11:22.419,D. Yount,1:21.976,2:43.209,20_Pit Stops Time Cards_Race.PDF,6,1
2022,05_Sebring International Raceway,Sebring International Raceway,sebring-international-raceway,2022-03-19,202203191010_Race,42,13 M. Hanratty J. Vance 3:24.964 | NTE/SSR | Lamborghini Huracan GT3 GTD,3,13:12:59.704,D. Yount,13:14:22.952,M. Llarena,1:23.248,4:06.457,20_Pit Stops Time Cards_Race.PDF,6,1
2022,05_Sebring International Raceway,Sebring International Raceway,sebring-international-raceway,2022-03-19,202203191010_Race,42,13 M. Hanratty J. Vance 3:24.964 | NTE/SSR | Lamborghini Huracan GT3 GTD,4,13:52:02.722,M. Llarena,13:53:05.006,M. Llarena,1:02.284,5:08.741,20_Pit Stops Time Cards_Race.PDF,6,1
2022,05_Sebring International Raceway,Sebring International Raceway,sebring-international-raceway,2022-03-19,202203191010_Race,44,4 M. Llarena M. Llarena 1:02.284 5:08.741 | Magnus Racing | Aston Martin Vantage GT3 GTD,1,11:12:16.754,J. Potter,11:13:35.408,J. Potter,1:18.654,1:18.654,20_Pit Stops Time Cards_Race.PDF,6,1
2022,05_Sebring International Raceway,Sebring International Raceway,sebring-international-raceway,2022-03-19,202203191010_Race,44,4 M. Llarena M. Llarena 1:02.284 5:08.741 | Magnus Racing | Aston Martin Vantage GT3 GTD,2,12:14:40.392,J. Potter,12:15:58.613,A. Lally,1:18.221,2:36.875,20_Pit Stops Time Cards_Race.PDF,6,1
2022,05_Sebring International Raceway,Sebring International Raceway,sebring-international-raceway,2022-03-19,202203191010_Race,44,4 M. Llarena M. Llarena 1:02.284 5:08.741 | Magnus Racing | Aston Martin Vantage GT3 GTD,3,13:12:56.028,A. Lally,13:14:05.609,A. Lally,1:09.581,3:46.456,20_Pit Stops Time Cards_Race.PDF,6,1
2022,05_Sebring International Raceway,Sebring International Raceway,sebring-international-raceway,2022-03-19,202203191010_Race,44,4 M. Llarena M. Llarena 1:02.284 5:08.741 | Magnus Racing | Aston Martin Vantage GT3 GTD,4,13:51:52.080,A. Lally,13:53:11.735,J. Potter,1:19.655,5:06.111,20_Pit Stops Time Cards_Race.PDF,6,1
2022,05_Sebring International Raceway,Sebring International Raceway,sebring-international-raceway,2022-03-19,202203191010_Race,44,4 M. Llarena M. Llarena 1:02.284 5:08.741 | Magnus Racing | Aston Martin Vantage GT3 GTD,5,14:54:59.970,J. Potter,14:56:14.075,S. Pumpelly,1:14.105,6:20.216,20_Pit Stops Time Cards_Race.PDF,6,1
2022,05_Sebring International Raceway,Sebring International Raceway,sebring-international-raceway,2022-03-19,202203191010_Race,44,4 M. Llarena M. Llarena 1:02.284 5:08.741 | Magnus Racing | Aston Martin Vantage GT3 GTD,6,15:49:18.265,S. Pumpelly,15:50:27.931,S. Pumpelly,1:09.666,7:29.882,20_Pit Stops Time Cards_Race.PDF,6,1
2022,05_Sebring International Raceway,Sebring International Raceway,sebring-international-raceway,2022-03-19,202203191010_Race,44,4 M. Llarena M. Llarena 1:02.284 5:08.741 | Magnus Racing | Aston Martin Vantage GT3 GTD,7,16:25:37.235,S. Pumpelly,16:26:45.038,S. Pumpelly,1:07.803,8:37.685,20_Pit Stops Time Cards_Race.PDF,6,1
2022,05_Sebring International Raceway,Sebring International Raceway,sebring-international-raceway,2022-03-19,202203191010_Race,44,4 M. Llarena M. Llarena 1:02.284 5:08.741 | Magnus Racing | Aston Martin Vantage GT3 GTD,8,17:29:04.521,S. Pumpelly,17:30:16.823,A. Lally,1:12.302,9:49.987,20_Pit Stops Time Cards_Race.PDF,6,1
2022,05_Sebring International Raceway,Sebring International Raceway,sebring-international-raceway,2022-03-19,202203191010_Race,44,4 M. Llarena M. Llarena 1:02.284 5:08.741 | Magnus Racing | Aston Martin Vantage GT3 GTD,9,18:30:37.187,A. Lally,18:31:58.187,A. Lally,1:21.000,11:10.987,20_Pit Stops Time Cards_Race.PDF,6,1
2022,05_Sebring International Raceway,Sebring International Raceway,sebring-international-raceway,2022-03-19,202203191010_Race,44,4 M. Llarena M. Llarena 1:02.284 5:08.741 | Magnus Racing | Aston Martin Vantage GT3 GTD,10,19:32:03.360,A. Lally,19:33:22.469,S. Pumpelly,1:19.109,12:30.096,20_Pit Stops Time Cards_Race.PDF,6,1
2022,05_Sebring International Raceway,Sebring International Raceway,sebring-international-raceway,2022-03-19,202203191010_Race,44,4 M. Llarena M. Llarena 1:02.284 5:08.741 | Magnus Racing | Aston Martin Vantage GT3 GTD,11,20:32:25.779,S. Pumpelly,20:33:57.442,A. Lally,1:31.663,14:01.759,20_Pit Stops Time Cards_Race.PDF,6,1
2022,05_Sebring International Raceway,Sebring International Raceway,sebring-international-raceway,2022-03-19,202203191010_Race,44,4 M. Llarena M. Llarena 1:02.284 5:08.741 | Magnus Racing | Aston Martin Vantage GT3 GTD,12,21:34:23.572,A. Lally,21:35:29.346,A. Lally,1:05.774,15:07.533,20_Pit Stops Time Cards_Race.PDF,6,1
2022,05_Sebring International Raceway,Sebring International Raceway,sebring-international-raceway,2022-03-19,202203191010_Race,44,4 M. Llarena M. Llarena 1:02.284 5:08.741 | Magnus Racing | Aston Martin Vantage GT3 GTD,13,21:56:06.445,A. Lally,21:56:53.745,A. Lally,47.300,15:54.833,20_Pit Stops Time Cards_Race.PDF,6,1
2022,05_Sebring International Raceway,Sebring International Raceway,sebring-international-raceway,2022-03-19,202203191010_Race,47,13 A. Lally A. Lally 47.300 15:54.833 | Cetilar Racing | Ferrari 488 GT3 GTD,1,11:04:57.152,G. Sernagiotto,11:06:17.690,R. Lacorte,1:20.538,1:20.538,20_Pit Stops Time Cards_Race.PDF,6,1
2022,05_Sebring International Raceway,Sebring International Raceway,sebring-international-raceway,2022-03-19,202203191010_Race,47,13 A. Lally A. Lally 47.300 15:54.833 | Cetilar Racing | Ferrari 488 GT3 GTD,2,12:07:14.108,R. Lacorte,12:08:32.240,A. Fuoco,1:18.132,2:38.670,20_Pit Stops Time Cards_Race.PDF,6,1
2022,05_Sebring International Raceway,Sebring International Raceway,sebring-international-raceway,2022-03-19,202203191010_Race,47,13 A. Lally A. Lally 47.300 15:54.833 | Cetilar Racing | Ferrari 488 GT3 GTD,3,13:07:51.269,A. Fuoco,13:09:07.034,R. Lacorte,1:15.765,3:54.435,20_Pit Stops Time Cards_Race.PDF,6,1
2022,05_Sebring International Raceway,Sebring International Raceway,sebring-international-raceway,2022-03-19,202203191010_Race,47,13 A. Lally A. Lally 47.300 15:54.833 | Cetilar Racing | Ferrari 488 GT3 GTD,4,13:51:56.277,R. Lacorte,13:53:19.755,R. Lacorte,1:23.478,5:17.913,20_Pit Stops Time Cards_Race.PDF,6,1
2022,05_Sebring International Raceway,Sebring International Raceway,sebring-international-raceway,2022-03-19,202203191010_Race,47,13 A. Lally A. Lally 47.300 15:54.833 | Cetilar Racing | Ferrari 488 GT3 GTD,5,14:40:26.724,R. Lacorte,14:41:00.038,R. Lacorte,33.314,5:51.227,20_Pit Stops Time Cards_Race.PDF,6,1
2022,05_Sebring International Raceway,Sebring International Raceway,sebring-international-raceway,2022-03-19,202203191010_Race,47,13 A. Lally A. Lally 47.300 15:54.833 | Cetilar Racing | Ferrari 488 GT3 GTD,6,15:08:16.756,R. Lacorte,15:09:40.729,G. Sernagiotto,1:23.973,7:15.200,20_Pit Stops Time Cards_Race.PDF,6,1
2022,05_Sebring International Raceway,Sebring International Raceway,sebring-international-raceway,2022-03-19,202203191010_Race,47,13 A. Lally A. Lally 47.300 15:54.833 | Cetilar Racing | Ferrari 488 GT3 GTD,7,15:13:46.504,G. Sernagiotto,15:14:19.374,G. Sernagiotto,32.870,7:48.070,20_Pit Stops Time Cards_Race.PDF,6,1
2022,05_Sebring International Raceway,Sebring International Raceway,sebring-international-raceway,2022-03-19,202203191010_Race,47,13 A. Lally A. Lally 47.300 15:54.833 | Cetilar Racing | Ferrari 488 GT3 GTD,8,15:37:54.002,G. Sernagiotto,15:38:52.489,G. Sernagiotto,58.487,8:46.557,20_Pit Stops Time Cards_Race.PDF,6,1
2022,05_Sebring International Raceway,Sebring International Raceway,sebring-international-raceway,2022-03-19,202203191010_Race,47,13 A. Lally A. Lally 47.300 15:54.833 | Cetilar Racing | Ferrari 488 GT3 GTD,9,15:52:48.762,G. Sernagiotto,15:53:53.846,G. Sernagiotto,1:05.084,9:51.641,20_Pit Stops Time Cards_Race.PDF,6,1
2022,05_Sebring International Raceway,Sebring International Raceway,sebring-international-raceway,2022-03-19,202203191010_Race,47,13 A. Lally A. Lally 47.300 15:54.833 | Cetilar Racing | Ferrari 488 GT3 GTD,10,16:31:02.599,G. Sernagiotto,16:32:18.742,A. Fuoco,1:16.143,11:07.784,20_Pit Stops Time Cards_Race.PDF,6,1
2022,05_Sebring International Raceway,Sebring International Raceway,sebring-international-raceway,2022-03-19,202203191010_Race,47,13 A. Lally A. Lally 47.300 15:54.833 | Cetilar Racing | Ferrari 488 GT3 GTD,11,17:17:06.707,A. Fuoco,17:17:39.453,A. Fuoco,32.746,11:40.530,20_Pit Stops Time Cards_Race.PDF,6,1
2022,05_Sebring International Raceway,Sebring International Raceway,sebring-international-raceway,2022-03-19,202203191010_Race,47,13 A. Lally A. Lally 47.300 15:54.833 | Cetilar Racing | Ferrari 488 GT3 GTD,12,17:29:13.765,A. Fuoco,17:30:31.138,R. Lacorte,1:17.373,12:57.903,20_Pit Stops Time Cards_Race.PDF,6,1
2022,05_Sebring International Raceway,Sebring International Raceway,sebring-international-raceway,2022-03-19,202203191010_Race,47,13 A. Lally A. Lally 47.300 15:54.833 | Cetilar Racing | Ferrari 488 GT3 GTD,13,17:33:13.673,R. Lacorte,17:34:26.024,G. Sernagiotto,1:12.351,14:10.254,20_Pit Stops Time Cards_Race.PDF,6,1
2022,05_Sebring International Raceway,Sebring International Raceway,sebring-international-raceway,2022-03-19,202203191010_Race,47,13 A. Lally A. Lally 47.300 15:54.833 | Cetilar Racing | Ferrari 488 GT3 GTD,14,18:34:38.861,G. Sernagiotto,18:35:53.909,A. Fuoco,1:15.048,15:25.302,20_Pit Stops Time Cards_Race.PDF,6,1
2022,05_Sebring International Raceway,Sebring International Raceway,sebring-international-raceway,2022-03-19,202203191010_Race,47,13 A. Lally A. Lally 47.300 15:54.833 | Cetilar Racing | Ferrari 488 GT3 GTD,15,19:35:09.795,A. Fuoco,19:36:27.008,G. Sernagiotto,1:17.213,16:42.515,20_Pit Stops Time Cards_Race.PDF,6,1
2022,05_Sebring International Raceway,Sebring International Raceway,sebring-international-raceway,2022-03-19,202203191010_Race,47,13 A. Lally A. Lally 47.300 15:54.833 | Cetilar Racing | Ferrari 488 GT3 GTD,16,20:21:52.926,G. Sernagiotto,20:23:03.285,A. Fuoco,1:10.359,17:52.874,20_Pit Stops Time Cards_Race.PDF,6,1
2022,05_Sebring International Raceway,Sebring International Raceway,sebring-international-raceway,2022-03-19,202203191010_Race,47,13 A. Lally A. Lally 47.300 15:54.833 | Cetilar Racing | Ferrari 488 GT3 GTD,17,21:14:07.796,A. Fuoco,21:15:19.118,A. Fuoco,1:11.322,19:04.196,20_Pit Stops Time Cards_Race.PDF,6,1
2022,05_Sebring International Raceway,Sebring International Raceway,sebring-international-raceway,2022-03-19,202203191010_Race,48,17 A. Fuoco A. Fuoco 1:11.322 19:04.196 | Ally Cadillac | Cadillac DPi DPi,1,10:47:42.759,M. Rockenfeller,10:48:48.966,M. Rockenfeller,1:06.207,1:06.207,20_Pit Stops Time Cards_Race.PDF,6,1
2022,05_Sebring International Raceway,Sebring International Raceway,sebring-international-raceway,2022-03-19,202203191010_Race,48,17 A. Fuoco A. Fuoco 1:11.322 19:04.196 | Ally Cadillac | Cadillac DPi DPi,2,11:27:12.021,M. Rockenfeller,11:28:19.150,J. Lopez,1:07.129,2:13.336,20_Pit Stops Time Cards_Race.PDF,6,2
2022,05_Sebring International Raceway,Sebring International Raceway,sebring-international-raceway,2022-03-19,202203191010_Race,48,17 A. Fuoco A. Fuoco 1:11.322 19:04.196 | Ally Cadillac | Cadillac DPi DPi,3,12:06:52.429,J. Lopez,12:07:56.942,J. Lopez,1:04.513,3:17.849,20_Pit Stops Time Cards_Race.PDF,6,2
2022,05_Sebring International Raceway,Sebring International Raceway,sebring-international-raceway,2022-03-19,202203191010_Race,48,17 A. Fuoco A. Fuoco 1:11.322 19:04.196 | Ally Cadillac | Cadillac DPi DPi,4,12:46:08.483,J. Lopez,12:47:33.173,J. Lopez,1:24.690,4:42.539,20_Pit Stops Time Cards_Race.PDF,6,2
2022,05_Sebring International Raceway,Sebring International Raceway,sebring-international-raceway,2022-03-19,202203191010_Race,48,17 A. Fuoco A. Fuoco 1:11.322 19:04.196 | Ally Cadillac | Cadillac DPi DPi,5,12:49:23.888,J. Lopez,12:49:56.511,K. Kobayashi,32.623,5:15.162,20_Pit Stops Time Cards_Race.PDF,6,2
2022,05_Sebring International Raceway,Sebring International Raceway,sebring-international-raceway,2022-03-19,202203191010_Race,48,17 A. Fuoco A. Fuoco 1:11.322 19:04.196 | Ally Cadillac | Cadillac DPi DPi,6,12:51:44.873,K. Kobayashi,12:52:17.500,K. Kobayashi,32.627,5:47.789,20_Pit Stops Time Cards_Race.PDF,6,2
2022,05_Sebring International Raceway,Sebring International Raceway,sebring-international-raceway,2022-03-19,202203191010_Race,48,17 A. Fuoco A. Fuoco 1:11.322 19:04.196 | Ally Cadillac | Cadillac DPi DPi,7,13:03:41.631,K. Kobayashi,13:05:06.944,K. Kobayashi,1:25.313,7:13.102,20_Pit Stops Time Cards_Race.PDF,6,2
2022,05_Sebring International Raceway,Sebring International Raceway,sebring-international-raceway,2022-03-19,202203191010_Race,48,17 A. Fuoco A. Fuoco 1:11.322 19:04.196 | Ally Cadillac | Cadillac DPi DPi,8,13:48:00.586,K. Kobayashi,13:49:05.356,K. Kobayashi,1:04.770,8:17.872,20_Pit Stops Time Cards_Race.PDF,6,2
2022,05_Sebring International Raceway,Sebring International Raceway,sebring-international-raceway,2022-03-19,202203191010_Race,48,17 A. Fuoco A. Fuoco 1:11.322 19:04.196 | Ally Cadillac | Cadillac DPi DPi,9,14:44:03.559,K. Kobayashi,14:45:08.136,M. Rockenfeller,1:04.577,9:22.449,20_Pit Stops Time Cards_Race.PDF,6,2
2022,05_Sebring International Raceway,Sebring International Raceway,sebring-international-raceway,2022-03-19,202203191010_Race,48,17 A. Fuoco A. Fuoco 1:11.322 19:04.196 | Ally Cadillac | Cadillac DPi DPi,10,15:23:33.185,M. Rockenfeller,15:24:39.072,M. Rockenfeller,1:05.887,10:28.336,20_Pit Stops Time Cards_Race.PDF,6,2
2022,05_Sebring International Raceway,Sebring International Raceway,sebring-international-raceway,2022-03-19,202203191010_Race,48,17 A. Fuoco A. Fuoco 1:11.322 19:04.196 | Ally Cadillac | Cadillac DPi DPi,11,15:45:16.984,M. Rockenfeller,15:46:31.223,M. Rockenfeller,1:14.239,11:42.575,20_Pit Stops Time Cards_Race.PDF,6,2
2022,05_Sebring International Raceway,Sebring International Raceway,sebring-international-raceway,2022-03-19,202203191010_Race,48,17 A. Fuoco A. Fuoco 1:11.322 19:04.196 | Ally Cadillac | Cadillac DPi DPi,12,16:21:16.052,M. Rockenfeller,16:22:28.803,J. Lopez,1:12.751,12:55.326,20_Pit Stops Time Cards_Race.PDF,6,2
2022,05_Sebring International Raceway,Sebring International Raceway,sebring-international-raceway,2022-03-19,202203191010_Race,48,17 A. Fuoco A. Fuoco 1:11.322 19:04.196 | Ally Cadillac | Cadillac DPi DPi,13,17:15:34.529,J. Lopez,17:16:36.889,J. Lopez,1:02.360,13:57.686,20_Pit Stops Time Cards_Race.PDF,6,2
2022,05_Sebring International Raceway,Sebring International Raceway,sebring-international-raceway,2022-03-19,202203191010_Race,48,17 A. Fuoco A. Fuoco 1:11.322 19:04.196 | Ally Cadillac | Cadillac DPi DPi,14,17:49:06.675,J. Lopez,17:50:06.080,K. Kobayashi,59.405,14:57.091,20_Pit Stops Time Cards_Race.PDF,6,2
2022,05_Sebring International Raceway,Sebring International Raceway,sebring-international-raceway,2022-03-19,202203191010_Race,48,17 A. Fuoco A. Fuoco 1:11.322 19:04.196 | Ally Cadillac | Cadillac DPi DPi,15,18:28:25.023,K. Kobayashi,18:29:30.760,K. Kobayashi,1:05.737,16:02.828,20_Pit Stops Time Cards_Race.PDF,6,2
2022,05_Sebring International Raceway,Sebring International Raceway,sebring-international-raceway,2022-03-19,202203191010_Race,48,17 A. Fuoco A. Fuoco 1:11.322 19:04.196 | Ally Cadillac | Cadillac DPi DPi,16,19:07:50.597,K. Kobayashi,19:08:57.217,M. Rockenfeller,1:06.620,17:09.448,20_Pit Stops Time Cards_Race.PDF,6,2
2022,05_Sebring International Raceway,Sebring International Raceway,sebring-international-raceway,2022-03-19,202203191010_Race,48,17 A. Fuoco A. Fuoco 1:11.322 19:04.196 | Ally Cadillac | Cadillac DPi DPi,17,19:47:22.645,M. Rockenfeller,19:48:28.631,M. Rockenfeller,1:05.986,18:15.434,20_Pit Stops Time Cards_Race.PDF,6,2
2022,05_Sebring International Raceway,Sebring International Raceway,sebring-international-raceway,2022-03-19,202203191010_Race,48,17 A. Fuoco A. Fuoco 1:11.322 19:04.196 | Ally Cadillac | Cadillac DPi DPi,18,20:01:25.747,M. Rockenfeller,20:12:09.101,J. Lopez,10:43.354,28:58.788,20_Pit Stops Time Cards_Race.PDF,6,2
2022,05_Sebring International Raceway,Sebring International Raceway,sebring-international-raceway,2022-03-19,202203191010_Race,48,17 A. Fuoco A. Fuoco 1:11.322 19:04.196 | Ally Cadillac | Cadillac DPi DPi,19,20:50:37.818,J. Lopez,20:51:45.705,J. Lopez,1:07.887,30:06.675,20_Pit Stops Time Cards_Race.PDF,6,2
2022,05_Sebring International Raceway,Sebring International Raceway,sebring-international-raceway,2022-03-19,202203191010_Race,48,17 A. Fuoco A. Fuoco 1:11.322 19:04.196 | Ally Cadillac | Cadillac DPi DPi,20,21:28:18.667,J. Lopez,21:29:24.501,K. Kobayashi,1:05.834,31:12.509,20_Pit Stops Time Cards_Race.PDF,6,2
2022,05_Sebring International Raceway,Sebring International Raceway,sebring-international-raceway,2022-03-19,202203191010_Race,48,17 A. Fuoco A. Fuoco 1:11.322 19:04.196 | Ally Cadillac | Cadillac DPi DPi,21,22:04:09.196,K. Kobayashi,22:05:08.632,K. Kobayashi,59.436,32:11.945,20_Pit Stops Time Cards_Race.PDF,6,2
2022,05_Sebring International Raceway,Sebring International Raceway,sebring-international-raceway,2022-03-19,202203191010_Race,52,21 K. Kobayashi K. Kobayashi 59.436 32:11.945 | PR1 Mathiasen Motorsports | ORECA LMP2 07 LMP2,1,10:46:58.145,B. Keating,10:48:10.118,B. Keating,1:11.973,1:11.973,20_Pit Stops Time Cards_Race.PDF,6,2
2022,05_Sebring International Raceway,Sebring International Raceway,sebring-international-raceway,2022-03-19,202203191010_Race,52,21 K. Kobayashi K. Kobayashi 59.436 32:11.945 | PR1 Mathiasen Motorsports | ORECA LMP2 07 LMP2,2,11:26:05.395,B. Keating,11:27:19.344,B. Keating,1:13.949,2:25.922,20_Pit Stops Time Cards_Race.PDF,6,2
2022,05_Sebring International Raceway,Sebring International Raceway,sebring-international-raceway,2022-03-19,202203191010_Race,52,21 K. Kobayashi K. Kobayashi 59.436 32:11.945 | PR1 Mathiasen Motorsports | ORECA LMP2 07 LMP2,3,12:07:20.920,B. Keating,12:08:33.156,S. Huffaker,1:12.236,3:38.158,20_Pit Stops Time Cards_Race.PDF,6,2
2022,05_Sebring International Raceway,Sebring International Raceway,sebring-international-raceway,2022-03-19,202203191010_Race,52,21 K. Kobayashi K. Kobayashi 59.436 32:11.945 | PR1 Mathiasen Motorsports | ORECA LMP2 07 LMP2,4,12:45:58.488,S. Huffaker,12:47:11.224,S. Huffaker,1:12.736,4:50.894,20_Pit Stops Time Cards_Race.PDF,6,2
2022,05_Sebring International Raceway,Sebring International Raceway,sebring-international-raceway,2022-03-19,202203191010_Race,52,21 K. Kobayashi K. Kobayashi 59.436 32:11.945 | PR1 Mathiasen Motorsports | ORECA LMP2 07 LMP2,5,13:04:17.471,S. Huffaker,13:05:09.632,S. Huffaker,52.161,5:43.055,20_Pit Stops Time Cards_Race.PDF,6,2
2022,05_Sebring International Raceway,Sebring International Raceway,sebring-international-raceway,2022-03-19,202203191010_Race,52,21 K. Kobayashi K. Kobayashi 59.436 32:11.945 | PR1 Mathiasen Motorsports | ORECA LMP2 07 LMP2,6,13:55:21.115,S. Huffaker,13:56:39.343,B. Keating,1:18.228,7:01.283,20_Pit Stops Time Cards_Race.PDF,6,2
2022,05_Sebring International Raceway,Sebring International Raceway,sebring-international-raceway,2022-03-19,202203191010_Race,52,21 K. Kobayashi K. Kobayashi 59.436 32:11.945 | PR1 Mathiasen Motorsports | ORECA LMP2 07 LMP2,7,14:44:32.419,B. Keating,14:45:42.322,B. Keating,1:09.903,8:11.186,20_Pit Stops Time Cards_Race.PDF,6,2
2022,05_Sebring International Raceway,Sebring International Raceway,sebring-international-raceway,2022-03-19,202203191010_Race,52,21 K. Kobayashi K. Kobayashi 59.436 32:11.945 | PR1 Mathiasen Motorsports | ORECA LMP2 07 LMP2,8,15:08:20.837,B. Keating,15:09:28.282,M. Jensen,1:07.445,9:18.631,20_Pit Stops Time Cards_Race.PDF,6,2
2022,05_Sebring International Raceway,Sebring International Raceway,sebring-international-raceway,2022-03-19,202203191010_Race,52,21 K. Kobayashi K. Kobayashi 59.436 32:11.945 | PR1 Mathiasen Motorsports | ORECA LMP2 07 LMP2,9,15:52:43.782,M. Jensen,15:53:51.243,M. Jensen,1:07.461,10:26.092,20_Pit Stops Time Cards_Race.PDF,6,2
2022,05_Sebring International Raceway,Sebring International Raceway,sebring-international-raceway,2022-03-19,202203191010_Race,52,21 K. Kobayashi K. Kobayashi 59.436 32:11.945 | PR1 Mathiasen Motorsports | ORECA LMP2 07 LMP2,10,16:21:25.435,M. Jensen,16:22:33.942,M. Jensen,1:08.507,11:34.599,20_Pit Stops Time Cards_Race.PDF,6,2
2022,05_Sebring International Raceway,Sebring International Raceway,sebring-international-raceway,2022-03-19,202203191010_Race,52,21 K. Kobayashi K. Kobayashi 59.436 32:11.945 | PR1 Mathiasen Motorsports | ORECA LMP2 07 LMP2,11,17:15:58.940,M. Jensen,17:17:09.016,S. Huffaker,1:10.076,12:44.675,20_Pit Stops Time Cards_Race.PDF,6,2
2022,05_Sebring International Raceway,Sebring International Raceway,sebring-international-raceway,2022-03-19,202203191010_Race,52,21 K. Kobayashi K. Kobayashi 59.436 32:11.945 | PR1 Mathiasen Motorsports | ORECA LMP2 07 LMP2,12,18:07:59.810,S. Huffaker,18:09:09.661,S. Huffaker,1:09.851,13:54.526,20_Pit Stops Time Cards_Race.PDF,6,2
2022,05_Sebring International Raceway,Sebring International Raceway,sebring-international-raceway,2022-03-19,202203191010_Race,52,21 K. Kobayashi K. Kobayashi 59.436 32:11.945 | PR1 Mathiasen Motorsports | ORECA LMP2 07 LMP2,13,18:46:21.114,S. Huffaker,18:47:30.995,M. Jensen,1:09.881,15:04.407,20_Pit Stops Time Cards_Race.PDF,6,2
2022,05_Sebring International Raceway,Sebring International Raceway,sebring-international-raceway,2022-03-19,202203191010_Race,52,21 K. Kobayashi K. Kobayashi 59.436 32:11.945 | PR1 Mathiasen Motorsports | ORECA LMP2 07 LMP2,14,19:24:32.615,M. Jensen,19:25:43.415,S. Huffaker,1:10.800,16:15.207,20_Pit Stops Time Cards_Race.PDF,6,2
2022,05_Sebring International Raceway,Sebring International Raceway,sebring-international-raceway,2022-03-19,202203191010_Race,52,21 K. Kobayashi K. Kobayashi 59.436 32:11.945 | PR1 Mathiasen Motorsports | ORECA LMP2 07 LMP2,15,20:05:05.568,S. Huffaker,20:06:16.980,S. Huffaker,1:11.412,17:26.619,20_Pit Stops Time Cards_Race.PDF,6,2
2022,05_Sebring International Raceway,Sebring International Raceway,sebring-international-raceway,2022-03-19,202203191010_Race,52,21 K. Kobayashi K. Kobayashi 59.436 32:11.945 | PR1 Mathiasen Motorsports | ORECA LMP2 07 LMP2,16,20:45:33.006,S. Huffaker,20:46:44.290,M. Jensen,1:11.284,18:37.903,20_Pit Stops Time Cards_Race.PDF,6,2
2022,05_Sebring International Raceway,Sebring International Raceway,sebring-international-raceway,2022-03-19,202203191010_Race,52,21 K. Kobayashi K. Kobayashi 59.436 32:11.945 | PR1 Mathiasen Motorsports | ORECA LMP2 07 LMP2,17,21:23:57.115,M. Jensen,21:25:07.338,M. Jensen,1:10.223,19:48.126,20_Pit Stops Time Cards_Race.PDF,6,2
2022,05_Sebring International Raceway,Sebring International Raceway,sebring-international-raceway,2022-03-19,202203191010_Race,52,21 K. Kobayashi K. Kobayashi 59.436 32:11.945 | PR1 Mathiasen Motorsports | ORECA LMP2 07 LMP2,18,21:51:21.257,M. Jensen,21:52:14.174,M. Jensen,52.917,20:41.043,20_Pit Stops Time Cards_Race.PDF,6,2
2022,05_Sebring International Raceway,Sebring International Raceway,sebring-international-raceway,2022-03-19,202203191010_Race,54,18 M. Jensen M. Jensen 52.917 20:41.043 | CORE Autosport | Ligier JS P320 LMP3,1,11:10:13.751,G. Kurtz,11:11:33.225,J. Bennett,1:19.474,1:19.474,20_Pit Stops Time Cards_Race.PDF,6,2
2022,05_Sebring International Raceway,Sebring International Raceway,sebring-international-raceway,2022-03-19,202203191010_Race,54,18 M. Jensen M. Jensen 52.917 20:41.043 | CORE Autosport | Ligier JS P320 LMP3,2,12:12:54.997,J. Bennett,12:14:11.867,C. Braun,1:16.870,2:36.344,20_Pit Stops Time Cards_Race.PDF,6,2
2022,05_Sebring International Raceway,Sebring International Raceway,sebring-international-raceway,2022-03-19,202203191010_Race,54,18 M. Jensen M. Jensen 52.917 20:41.043 | CORE Autosport | Ligier JS P320 LMP3,3,13:03:44.785,C. Braun,13:05:03.471,C. Braun,1:18.686,3:55.030,20_Pit Stops Time Cards_Race.PDF,6,2
2022,05_Sebring International Raceway,Sebring International Raceway,sebring-international-raceway,2022-03-19,202203191010_Race,54,18 M. Jensen M. Jensen 52.917 20:41.043 | CORE Autosport | Ligier JS P320 LMP3,4,13:48:46.483,C. Braun,13:50:05.726,G. Kurtz,1:19.243,5:14.273,20_Pit Stops Time Cards_Race.PDF,6,2
2022,05_Sebring International Raceway,Sebring International Raceway,sebring-international-raceway,2022-03-19,202203191010_Race,54,18 M. Jensen M. Jensen 52.917 20:41.043 | CORE Autosport | Ligier JS P320 LMP3,5,15:03:59.789,G. Kurtz,15:05:16.462,G. Kurtz,1:16.673,6:30.946,20_Pit Stops Time Cards_Race.PDF,6,2
2022,05_Sebring International Raceway,Sebring International Raceway,sebring-international-raceway,2022-03-19,202203191010_Race,54,18 M. Jensen M. Jensen 52.917 20:41.043 | CORE Autosport | Ligier JS P320 LMP3,6,15:52:50.311,G. Kurtz,15:54:01.497,J. Bennett,1:11.186,7:42.132,20_Pit Stops Time Cards_Race.PDF,6,2
2022,05_Sebring International Raceway,Sebring International Raceway,sebring-international-raceway,2022-03-19,202203191010_Race,54,18 M. Jensen M. Jensen 52.917 20:41.043 | CORE Autosport | Ligier JS P320 LMP3,7,16:22:17.006,J. Bennett,16:25:28.482,J. Bennett,3:11.476,10:53.608,20_Pit Stops Time Cards_Race.PDF,6,2
2022,05_Sebring International Raceway,Sebring International Raceway,sebring-international-raceway,2022-03-19,202203191010_Race,54,18 M. Jensen M. Jensen 52.917 20:41.043 | CORE Autosport | Ligier JS P320 LMP3,8,16:36:00.412,J. Bennett,16:36:33.207,J. Bennett,32.795,11:26.403,20_Pit Stops Time Cards_Race.PDF,6,2
2022,05_Sebring International Raceway,Sebring International Raceway,sebring-international-raceway,2022-03-19,202203191010_Race,54,18 M. Jensen M. Jensen 52.917 20:41.043 | CORE Autosport | Ligier JS P320 LMP3,9,17:32:55.902,J. Bennett,17:34:17.088,J. Bennett,1:21.186,12:47.589,20_Pit Stops Time Cards_Race.PDF,6,2
2022,05_Sebring International Raceway,Sebring International Raceway,sebring-international-raceway,2022-03-19,202203191010_Race,54,18 M. Jensen M. Jensen 52.917 20:41.043 | CORE Autosport | Ligier JS P320 LMP3,10,17:42:39.540,J. Bennett,17:58:05.009,J. Bennett,15:25.469,28:13.058,20_Pit Stops Time Cards_Race.PDF,6,2
2022,05_Sebring International Raceway,Sebring International Raceway,sebring-international-raceway,2022-03-19,202203191010_Race,54,18 M. Jensen M. Jensen 52.917 20:41.043 | CORE Autosport | Ligier JS P320 LMP3,11,18:00:16.271,J. Bennett,18:00:49.150,J. Bennett,32.879,28:45.937,20_Pit Stops Time Cards_Race.PDF,6,2
2022,05_Sebring International Raceway,Sebring International Raceway,sebring-international-raceway,2022-03-19,202203191010_Race,54,18 M. Jensen M. Jensen 52.917 20:41.043 | CORE Autosport | Ligier JS P320 LMP3,12,18:37:47.666,J. Bennett,18:39:01.834,C. Braun,1:14.168,30:00.105,20_Pit Stops Time Cards_Race.PDF,6,2
2022,05_Sebring International Raceway,Sebring International Raceway,sebring-international-raceway,2022-03-19,202203191010_Race,54,18 M. Jensen M. Jensen 52.917 20:41.043 | CORE Autosport | Ligier JS P320 LMP3,13,19:38:39.695,C. Braun,19:41:47.218,G. Kurtz,3:07.523,33:07.628,20_Pit Stops Time Cards_Race.PDF,7,1
2022,05_Sebring International Raceway,Sebring International Raceway,sebring-international-raceway,2022-03-19,202203191010_Race,54,18 M. Jensen M. Jensen 52.917 20:41.043 | CORE Autosport | Ligier JS P320 LMP3,14,20:25:06.062,G. Kurtz,20:40:47.108,C. Braun,15:41.046,48:48.674,20_Pit Stops Time Cards_Race.PDF,7,1
2022,05_Sebring International Raceway,Sebring International Raceway,sebring-international-raceway,2022-03-19,202203191010_Race,54,18 M. Jensen M. Jensen 52.917 20:41.043 | CORE Autosport | Ligier JS P320 LMP3,15,20:46:50.375,C. Braun,20:47:55.529,C. Braun,1:05.154,49:53.828,20_Pit Stops Time Cards_Race.PDF,7,1
2022,05_Sebring International Raceway,Sebring International Raceway,sebring-international-raceway,2022-03-19,202203191010_Race,54,18 M. Jensen M. Jensen 52.917 20:41.043 | CORE Autosport | Ligier JS P320 LMP3,16,21:15:59.119,C. Braun,21:17:05.618,C. Braun,1:06.499,51:00.327,20_Pit Stops Time Cards_Race.PDF,7,1
2022,05_Sebring International Raceway,Sebring International Raceway,sebring-international-raceway,2022-03-19,202203191010_Race,57,16 C. Braun C. Braun 1:06.499 51:00.327 | Winward Racing | Mercedes-AMG GT3 GTD,1,10:38:30.367,R. Ward,10:39:42.059,R. Ward,1:11.692,1:11.692,20_Pit Stops Time Cards_Race.PDF,7,1
2022,05_Sebring International Raceway,Sebring International Raceway,sebring-international-raceway,2022-03-19,202203191010_Race,57,16 C. Braun C. Braun 1:06.499 51:00.327 | Winward Racing | Mercedes-AMG GT3 GTD,2,11:35:05.593,R. Ward,11:36:23.844,M. Dienst,1:18.251,2:29.943,20_Pit Stops Time Cards_Race.PDF,7,1
2022,05_Sebring International Raceway,Sebring International Raceway,sebring-international-raceway,2022-03-19,202203191010_Race,57,16 C. Braun C. Braun 1:06.499 51:00.327 | Winward Racing | Mercedes-AMG GT3 GTD,3,12:33:58.382,M. Dienst,12:35:14.614,M. Dienst,1:16.232,3:46.175,20_Pit Stops Time Cards_Race.PDF,7,1
2022,05_Sebring International Raceway,Sebring International Raceway,sebring-international-raceway,2022-03-19,202203191010_Race,57,16 C. Braun C. Braun 1:06.499 51:00.327 | Winward Racing | Mercedes-AMG GT3 GTD,4,13:07:55.533,M. Dienst,13:08:51.266,M. Dienst,55.733,4:41.908,20_Pit Stops Time Cards_Race.PDF,7,1
2022,05_Sebring International Raceway,Sebring International Raceway,sebring-international-raceway,2022-03-19,202203191010_Race,57,16 C. Braun C. Braun 1:06.499 51:00.327 | Winward Racing | Mercedes-AMG GT3 GTD,5,13:51:44.102,M. Dienst,13:53:12.531,R. Ward,1:28.429,6:10.337,20_Pit Stops Time Cards_Race.PDF,7,1
2022,05_Sebring International Raceway,Sebring International Raceway,sebring-international-raceway,2022-03-19,202203191010_Race,57,16 C. Braun C. Braun 1:06.499 51:00.327 | Winward Racing | Mercedes-AMG GT3 GTD,6,14:58:26.028,R. Ward,14:59:48.170,R. Ward,1:22.142,7:32.479,20_Pit Stops Time Cards_Race.PDF,7,1
2022,05_Sebring International Raceway,Sebring International Raceway,sebring-international-raceway,2022-03-19,202203191010_Race,57,16 C. Braun C. Braun 1:06.499 51:00.327 | Winward Racing | Mercedes-AMG GT3 GTD,7,15:49:05.060,R. Ward,15:50:14.696,P. Ellis,1:09.636,8:42.115,20_Pit Stops Time Cards_Race.PDF,7,1
2022,05_Sebring International Raceway,Sebring International Raceway,sebring-international-raceway,2022-03-19,202203191010_Race,57,16 C. Braun C. Braun 1:06.499 51:00.327 | Winward Racing | Mercedes-AMG GT3 GTD,8,16:25:33.809,P. Ellis,16:26:35.931,P. Ellis,1:02.122,9:44.237,20_Pit Stops Time Cards_Race.PDF,7,1
2022,05_Sebring International Raceway,Sebring International Raceway,sebring-international-raceway,2022-03-19,202203191010_Race,57,16 C. Braun C. Braun 1:06.499 51:00.327 | Winward Racing | Mercedes-AMG GT3 GTD,9,17:13:00.820,P. Ellis,17:34:02.282,M. Dienst,21:01.462,30:45.699,20_Pit Stops Time Cards_Race.PDF,7,1
2022,05_Sebring International Raceway,Sebring International Raceway,sebring-international-raceway,2022-03-19,202203191010_Race,57,16 C. Braun C. Braun 1:06.499 51:00.327 | Winward Racing | Mercedes-AMG GT3 GTD,10,17:38:42.486,M. Dienst,18:35:23.269,M. Dienst,56:40.783,1:27:26.482,20_Pit Stops Time Cards_Race.PDF,7,1
2022,05_Sebring International Raceway,Sebring International Raceway,sebring-international-raceway,2022-03-19,202203191010_Race,57,16 C. Braun C. Braun 1:06.499 51:00.327 | Winward Racing | Mercedes-AMG GT3 GTD,11,19:32:47.643,M. Dienst,19:34:05.027,M. Dienst,1:17.384,1:28:43.866,20_Pit Stops Time Cards_Race.PDF,7,1
2022,05_Sebring International Raceway,Sebring International Raceway,sebring-international-raceway,2022-03-19,202203191010_Race,57,16 C. Braun C. Braun 1:06.499 51:00.327 | Winward Racing | Mercedes-AMG GT3 GTD,12,20:13:07.496,M. Dienst,20:14:18.488,P. Ellis,1:10.992,1:29:54.858,20_Pit Stops Time Cards_Race.PDF,7,1
2022,05_Sebring International Raceway,Sebring International Raceway,sebring-international-raceway,2022-03-19,202203191010_Race,57,16 C. Braun C. Braun 1:06.499 51:00.327 | Winward Racing | Mercedes-AMG GT3 GTD,13,21:14:10.068,P. Ellis,21:15:32.279,P. Ellis,1:22.211,1:31:17.069,20_Pit Stops Time Cards_Race.PDF,7,1
2022,05_Sebring International Raceway,Sebring International Raceway,sebring-international-raceway,2022-03-19,202203191010_Race,59,13 P. Ellis P. Ellis 1:22.211 | Crucial Motorsports | McLaren 720S GT3 GTD,1,11:03:25.475,J. Miller,11:04:42.328,P. Holton,1:16.853,1:16.853,20_Pit Stops Time Cards_Race.PDF,7,1
2022,05_Sebring International Raceway,Sebring International Raceway,sebring-international-raceway,2022-03-19,202203191010_Race,59,13 P. Ellis P. Ellis 1:22.211 | Crucial Motorsports | McLaren 720S GT3 GTD,2,12:02:45.181,P. Holton,12:04:03.889,P. Gallagher,1:18.708,2:35.561,20_Pit Stops Time Cards_Race.PDF,7,1
2022,05_Sebring International Raceway,Sebring International Raceway,sebring-international-raceway,2022-03-19,202203191010_Race,59,13 P. Ellis P. Ellis 1:22.211 | Crucial Motorsports | McLaren 720S GT3 GTD,3,12:06:07.509,P. Gallagher,12:06:39.937,P. Gallagher,32.428,3:07.989,20_Pit Stops Time Cards_Race.PDF,7,1
2022,05_Sebring International Raceway,Sebring International Raceway,sebring-international-raceway,2022-03-19,202203191010_Race,59,13 P. Ellis P. Ellis 1:22.211 | Crucial Motorsports | McLaren 720S GT3 GTD,4,13:07:58.242,P. Gallagher,13:09:18.175,J. Miller,1:19.933,4:27.922,20_Pit Stops Time Cards_Race.PDF,7,1
2022,05_Sebring International Raceway,Sebring International Raceway,sebring-international-raceway,2022-03-19,202203191010_Race,59,13 P. Ellis P. Ellis 1:22.211 | Crucial Motorsports | McLaren 720S GT3 GTD,5,13:51:49.470,J. Miller,13:52:51.506,J. Miller,1:02.036,5:29.958,20_Pit Stops Time Cards_Race.PDF,7,1
2022,05_Sebring International Raceway,Sebring International Raceway,sebring-international-raceway,2022-03-19,202203191010_Race,59,13 P. Ellis P. Ellis 1:22.211 | Crucial Motorsports | McLaren 720S GT3 GTD,6,14:06:29.617,J. Miller,14:07:14.072,J. Miller,44.455,6:14.413,20_Pit Stops Time Cards_Race.PDF,7,1
2022,05_Sebring International Raceway,Sebring International Raceway,sebring-international-raceway,2022-03-19,202203191010_Race,59,13 P. Ellis P. Ellis 1:22.211 | Crucial Motorsports | McLaren 720S GT3 GTD,7,14:11:20.184,J. Miller,14:11:52.509,J. Miller,32.325,6:46.738,20_Pit Stops Time Cards_Race.PDF,7,1
2022,05_Sebring International Raceway,Sebring International Raceway,sebring-international-raceway,2022-03-19,202203191010_Race,59,13 P. Ellis P. Ellis 1:22.211 | Crucial Motorsports | McLaren 720S GT3 GTD,8,14:59:13.651,J. Miller,15:00:28.299,P. Holton,1:14.648,8:01.386,20_Pit Stops Time Cards_Race.PDF,7,1
2022,05_Sebring International Raceway,Sebring International Raceway,sebring-international-raceway,2022-03-19,202203191010_Race,59,13 P. Ellis P. Ellis 1:22.211 | Crucial Motorsports | McLaren 720S GT3 GTD,9,15:49:17.272,P. Holton,15:51:32.737,P. Gallagher,2:15.465,10:16.851,20_Pit Stops Time Cards_Race.PDF,7,1
2022,05_Sebring International Raceway,Sebring International Raceway,sebring-international-raceway,2022-03-19,202203191010_Race,59,13 P. Ellis P. Ellis 1:22.211 | Crucial Motorsports | McLaren 720S GT3 GTD,10,16:25:40.425,P. Gallagher,16:26:44.004,P. Gallagher,1:03.579,11:20.430,20_Pit Stops Time Cards_Race.PDF,7,1
2022,05_Sebring International Raceway,Sebring International Raceway,sebring-international-raceway,2022-03-19,202203191010_Race,59,13 P. Ellis P. Ellis 1:22.211 | Crucial Motorsports | McLaren 720S GT3 GTD,11,16:34:04.508,P. Gallagher,17:26:45.216,P. Gallagher,52:40.708,1:04:01.138,20_Pit Stops Time Cards_Race.PDF,7,1
2022,05_Sebring International Raceway,Sebring International Raceway,sebring-international-raceway,2022-03-19,202203191010_Race,59,13 P. Ellis P. Ellis 1:22.211 | Crucial Motorsports | McLaren 720S GT3 GTD,12,18:12:00.486,P. Gallagher,18:13:23.206,J. Miller,1:22.720,1:05:23.858,20_Pit Stops Time Cards_Race.PDF,7,1
2022,05_Sebring International Raceway,Sebring International Raceway,sebring-international-raceway,2022-03-19,202203191010_Race,59,13 P. Ellis P. Ellis 1:22.211 | Crucial Motorsports | McLaren 720S GT3 GTD,13,19:09:35.253,J. Miller,19:10:56.836,P. Holton,1:21.583,1:06:45.441,20_Pit Stops Time Cards_Race.PDF,7,1
2022,05_Sebring International Raceway,Sebring International Raceway,sebring-international-raceway,2022-03-19,202203191010_Race,59,13 P. Ellis P. Ellis 1:22.211 | Crucial Motorsports | McLaren 720S GT3 GTD,14,20:09:14.148,P. Holton,20:10:30.061,P. Gallagher,1:15.913,1:08:01.354,20_Pit Stops Time Cards_Race.PDF,7,1
2022,05_Sebring International Raceway,Sebring International Raceway,sebring-international-raceway,2022-03-19,202203191010_Race,59,13 P. Ellis P. Ellis 1:22.211 | Crucial Motorsports | McLaren 720S GT3 GTD,15,21:09:33.359,P. Gallagher,21:11:01.673,P. Holton,1:28.314,1:09:29.668,20_Pit Stops Time Cards_Race.PDF,7,1
2022,05_Sebring International Raceway,Sebring International Raceway,sebring-international-raceway,2022-03-19,202203191010_Race,60,15 P. Gallagher P. Holton 1:28.314 | Meyer Shank Racing W/Curb-Agajanian | Acura DPi DPi,1,10:47:41.486,T. Blomqvist,10:48:47.847,T. Blomqvist,1:06.361,1:06.361,20_Pit Stops Time Cards_Race.PDF,7,1
2022,05_Sebring International Raceway,Sebring International Raceway,sebring-international-raceway,2022-03-19,202203191010_Race,60,15 P. Gallagher P. Holton 1:28.314 | Meyer Shank Racing W/Curb-Agajanian | Acura DPi DPi,2,11:29:09.542,T. Blomqvist,11:30:16.675,O. Jarvis,1:07.133,2:13.494,20_Pit Stops Time Cards_Race.PDF,7,1
2022,05_Sebring International Raceway,Sebring International Raceway,sebring-international-raceway,2022-03-19,202203191010_Race,60,15 P. Gallagher P. Holton 1:28.314 | Meyer Shank Racing W/Curb-Agajanian | Acura DPi DPi,3,12:09:07.824,O. Jarvis,12:10:13.897,O. Jarvis,1:06.073,3:19.567,20_Pit Stops Time Cards_Race.PDF,7,1
2022,05_Sebring International Raceway,Sebring International Raceway,sebring-international-raceway,2022-03-19,202203191010_Race,60,15 P. Gallagher P. Holton 1:28.314 | Meyer Shank Racing W/Curb-Agajanian | Acura DPi DPi,4,12:48:43.642,O. Jarvis,12:49:50.827,S. Vandorne,1:07.185,4:26.752,20_Pit Stops Time Cards_Race.PDF,7,1
2022,05_Sebring International Raceway,Sebring International Raceway,sebring-international-raceway,2022-03-19,202203191010_Race,60,15 P. Gallagher P. Holton 1:28.314 | Meyer Shank Racing W/Curb-Agajanian | Acura DPi DPi,5,13:03:41.223,S. Vandorne,13:04:53.524,S. Vandorne,1:12.301,5:39.053,20_Pit Stops Time Cards_Race.PDF,7,1
2022,05_Sebring International Raceway,Sebring International Raceway,sebring-international-raceway,2022-03-19,202203191010_Race,60,15 P. Gallagher P. Holton 1:28.314 | Meyer Shank Racing W/Curb-Agajanian | Acura DPi DPi,6,13:47:59.378,S. Vandorne,13:49:08.305,S. Vandorne,1:08.927,6:47.980,20_Pit Stops Time Cards_Race.PDF,7,1
2022,05_Sebring International Raceway,Sebring International Raceway,sebring-international-raceway,2022-03-19,202203191010_Race,60,15 P. Gallagher P. Holton 1:28.314 | Meyer Shank Racing W/Curb-Agajanian | Acura DPi DPi,7,14:47:52.037,S. Vandorne,14:48:57.177,T. Blomqvist,1:05.140,7:53.120,20_Pit Stops Time Cards_Race.PDF,7,1
2022,05_Sebring International Raceway,Sebring International Raceway,sebring-international-raceway,2022-03-19,202203191010_Race,60,15 P. Gallagher P. Holton 1:28.314 | Meyer Shank Racing W/Curb-Agajanian | Acura DPi DPi,8,15:29:12.135,T. Blomqvist,15:30:17.227,T. Blomqvist,1:05.092,8:58.212,20_Pit Stops Time Cards_Race.PDF,7,1
2022,05_Sebring International Raceway,Sebring International Raceway,sebring-international-raceway,2022-03-19,202203191010_Race,60,15 P. Gallagher P. Holton 1:28.314 | Meyer Shank Racing W/Curb-Agajanian | Acura DPi DPi,9,15:45:19.300,T. Blomqvist,15:46:35.981,T. Blomqvist,1:16.681,10:14.893,20_Pit Stops Time Cards_Race.PDF,7,1
2022,05_Sebring International Raceway,Sebring International Raceway,sebring-international-raceway,2022-03-19,202203191010_Race,60,15 P. Gallagher P. Holton 1:28.314 | Meyer Shank Racing W/Curb-Agajanian | Acura DPi DPi,10,15:52:45.078,T. Blomqvist,15:53:55.746,T. Blomqvist,1:10.668,11:25.561,20_Pit Stops Time Cards_Race.PDF,7,1
2022,05_Sebring International Raceway,Sebring International Raceway,sebring-international-raceway,2022-03-19,202203191010_Race,60,15 P. Gallagher P. Holton 1:28.314 | Meyer Shank Racing W/Curb-Agajanian | Acura DPi DPi,11,16:21:18.573,T. Blomqvist,16:22:25.628,T. Blomqvist,1:07.055,12:32.616,20_Pit Stops Time Cards_Race.PDF,7,1
2022,05_Sebring International Raceway,Sebring International Raceway,sebring-international-raceway,2022-03-19,202203191010_Race,60,15 P. Gallagher P. Holton 1:28.314 | Meyer Shank Racing W/Curb-Agajanian | Acura DPi DPi,12,17:17:22.931,T. Blomqvist,17:18:27.354,O. Jarvis,1:04.423,13:37.039,20_Pit Stops Time Cards_Race.PDF,7,1
2022,05_Sebring International Raceway,Sebring International Raceway,sebring-international-raceway,2022-03-19,202203191010_Race,60,15 P. Gallagher P. Holton 1:28.314 | Meyer Shank Racing W/Curb-Agajanian | Acura DPi DPi,13,18:11:10.570,O. Jarvis,18:12:15.633,O. Jarvis,1:05.063,14:42.102,20_Pit Stops Time Cards_Race.PDF,7,1
2022,05_Sebring International Raceway,Sebring International Raceway,sebring-international-raceway,2022-03-19,202203191010_Race,60,15 P. Gallagher P. Holton 1:28.314 | Meyer Shank Racing W/Curb-Agajanian | Acura DPi DPi,14,18:50:50.297,O. Jarvis,18:51:55.388,S. Vandorne,1:05.091,15:47.193,20_Pit Stops Time Cards_Race.PDF,7,1
2022,05_Sebring International Raceway,Sebring International Raceway,sebring-international-raceway,2022-03-19,202203191010_Race,60,15 P. Gallagher P. Holton 1:28.314 | Meyer Shank Racing W/Curb-Agajanian | Acura DPi DPi,15,19:32:14.002,S. Vandorne,19:33:18.826,S. Vandorne,1:04.824,16:52.017,20_Pit Stops Time Cards_Race.PDF,7,1
2022,05_Sebring International Raceway,Sebring International Raceway,sebring-international-raceway,2022-03-19,202203191010_Race,60,15 P. Gallagher P. Holton 1:28.314 | Meyer Shank Racing W/Curb-Agajanian | Acura DPi DPi,16,20:13:58.338,S. Vandorne,20:15:05.331,T. Blomqvist,1:06.993,17:59.010,20_Pit Stops Time Cards_Race.PDF,7,2
2022,05_Sebring International Raceway,Sebring International Raceway,sebring-international-raceway,2022-03-19,202203191010_Race,60,15 P. Gallagher P. Holton 1:28.314 | Meyer Shank Racing W/Curb-Agajanian | Acura DPi DPi,17,20:55:35.167,T. Blomqvist,20:56:41.947,T. Blomqvist,1:06.780,19:05.790,20_Pit Stops Time Cards_Race.PDF,7,2
2022,05_Sebring International Raceway,Sebring International Raceway,sebring-international-raceway,2022-03-19,202203191010_Race,60,15 P. Gallagher P. Holton 1:28.314 | Meyer Shank Racing W/Curb-Agajanian | Acura DPi DPi,18,21:33:22.952,T. Blomqvist,21:34:27.539,T. Blomqvist,1:04.587,20:10.377,20_Pit Stops Time Cards_Race.PDF,7,2
2022,05_Sebring International Raceway,Sebring International Raceway,sebring-international-raceway,2022-03-19,202203191010_Race,62,18 T. Blomqvist T. Blomqvist 1:04.587 20:10.377 | Risi Competizione | Ferrari 488 GT3 GTDPRO,1,11:04:40.284,D. Serra,11:05:55.334,D. Rigon,1:15.050,1:15.050,20_Pit Stops Time Cards_Race.PDF,7,2
2022,05_Sebring International Raceway,Sebring International Raceway,sebring-international-raceway,2022-03-19,202203191010_Race,62,18 T. Blomqvist T. Blomqvist 1:04.587 20:10.377 | Risi Competizione | Ferrari 488 GT3 GTDPRO,2,12:05:23.620,D. Rigon,12:06:43.317,E. Cheever,1:19.697,2:34.747,20_Pit Stops Time Cards_Race.PDF,7,2
2022,05_Sebring International Raceway,Sebring International Raceway,sebring-international-raceway,2022-03-19,202203191010_Race,62,18 T. Blomqvist T. Blomqvist 1:04.587 20:10.377 | Risi Competizione | Ferrari 488 GT3 GTDPRO,3,12:27:39.157,E. Cheever,12:43:59.979,E. Cheever,16:20.822,18:55.569,20_Pit Stops Time Cards_Race.PDF,7,2
2022,05_Sebring International Raceway,Sebring International Raceway,sebring-international-raceway,2022-03-19,202203191010_Race,62,18 T. Blomqvist T. Blomqvist 1:04.587 20:10.377 | Risi Competizione | Ferrari 488 GT3 GTDPRO,4,13:10:29.147,E. Cheever,13:11:17.712,E. Cheever,48.565,19:44.134,20_Pit Stops Time Cards_Race.PDF,7,2
2022,05_Sebring International Raceway,Sebring International Raceway,sebring-international-raceway,2022-03-19,202203191010_Race,62,18 T. Blomqvist T. Blomqvist 1:04.587 20:10.377 | Risi Competizione | Ferrari 488 GT3 GTDPRO,5,13:56:41.485,E. Cheever,13:57:50.133,D. Serra,1:08.648,20:52.782,20_Pit Stops Time Cards_Race.PDF,7,2
2022,05_Sebring International Raceway,Sebring International Raceway,sebring-international-raceway,2022-03-19,202203191010_Race,62,18 T. Blomqvist T. Blomqvist 1:04.587 20:10.377 | Risi Competizione | Ferrari 488 GT3 GTDPRO,6,15:03:01.737,D. Serra,15:04:18.264,D. Rigon,1:16.527,22:09.309,20_Pit Stops Time Cards_Race.PDF,7,2
2022,05_Sebring International Raceway,Sebring International Raceway,sebring-international-raceway,2022-03-19,202203191010_Race,62,18 T. Blomqvist T. Blomqvist 1:04.587 20:10.377 | Risi Competizione | Ferrari 488 GT3 GTDPRO,7,15:54:07.951,D. Rigon,15:55:14.560,E. Cheever,1:06.609,23:15.918,20_Pit Stops Time Cards_Race.PDF,7,2
2022,05_Sebring International Raceway,Sebring International Raceway,sebring-international-raceway,2022-03-19,202203191010_Race,62,18 T. Blomqvist T. Blomqvist 1:04.587 20:10.377 | Risi Competizione | Ferrari 488 GT3 GTDPRO,8,17:12:54.699,E. Cheever,17:14:09.681,D. Serra,1:14.982,24:30.900,20_Pit Stops Time Cards_Race.PDF,7,2
2022,05_Sebring International Raceway,Sebring International Raceway,sebring-international-raceway,2022-03-19,202203191010_Race,62,18 T. Blomqvist T. Blomqvist 1:04.587 20:10.377 | Risi Competizione | Ferrari 488 GT3 GTDPRO,9,17:34:04.872,D. Serra,17:34:52.202,D. Serra,47.330,25:18.230,20_Pit Stops Time Cards_Race.PDF,7,2
2022,05_Sebring International Raceway,Sebring International Raceway,sebring-international-raceway,2022-03-19,202203191010_Race,62,18 T. Blomqvist T. Blomqvist 1:04.587 20:10.377 | Risi Competizione | Ferrari 488 GT3 GTDPRO,10,18:32:27.212,D. Serra,18:33:43.791,D. Rigon,1:16.579,26:34.809,20_Pit Stops Time Cards_Race.PDF,7,2
2022,05_Sebring International Raceway,Sebring International Raceway,sebring-international-raceway,2022-03-19,202203191010_Race,62,18 T. Blomqvist T. Blomqvist 1:04.587 20:10.377 | Risi Competizione | Ferrari 488 GT3 GTDPRO,11,19:31:07.749,D. Rigon,19:32:23.891,E. Cheever,1:16.142,27:50.951,20_Pit Stops Time Cards_Race.PDF,7,2
2022,05_Sebring International Raceway,Sebring International Raceway,sebring-international-raceway,2022-03-19,202203191010_Race,62,18 T. Blomqvist T. Blomqvist 1:04.587 20:10.377 | Risi Competizione | Ferrari 488 GT3 GTDPRO,12,20:30:00.918,E. Cheever,20:31:19.458,D. Serra,1:18.540,29:09.491,20_Pit Stops Time Cards_Race.PDF,7,2
2022,05_Sebring International Raceway,Sebring International Raceway,sebring-international-raceway,2022-03-19,202203191010_Race,62,18 T. Blomqvist T. Blomqvist 1:04.587 20:10.377 | Risi Competizione | Ferrari 488 GT3 GTDPRO,13,21:28:44.325,D. Serra,21:30:01.309,D. Rigon,1:16.984,30:26.475,20_Pit Stops Time Cards_Race.PDF,7,2
2022,05_Sebring International Raceway,Sebring International Raceway,sebring-international-raceway,2022-03-19,202203191010_Race,63,13 D. Serra D. Rigon 1:16.984 30:26.475 | TR3 Racing | Lamborghini Huracan GT3 GTDPRO,1,11:08:44.640,M. Bortolotti,11:10:01.857,M. Mapelli,1:17.217,1:17.217,20_Pit Stops Time Cards_Race.PDF,7,2
2022,05_Sebring International Raceway,Sebring International Raceway,sebring-international-raceway,2022-03-19,202203191010_Race,63,13 D. Serra D. Rigon 1:16.984 30:26.475 | TR3 Racing | Lamborghini Huracan GT3 GTDPRO,2,12:09:26.880,M. Mapelli,12:10:43.247,A. Caldarelli,1:16.367,2:33.584,20_Pit Stops Time Cards_Race.PDF,7,2
2022,05_Sebring International Raceway,Sebring International Raceway,sebring-international-raceway,2022-03-19,202203191010_Race,63,13 D. Serra D. Rigon 1:16.984 30:26.475 | TR3 Racing | Lamborghini Huracan GT3 GTDPRO,3,13:07:23.360,A. Caldarelli,13:08:37.605,M. Mapelli,1:14.245,3:47.829,20_Pit Stops Time Cards_Race.PDF,7,2
2022,05_Sebring International Raceway,Sebring International Raceway,sebring-international-raceway,2022-03-19,202203191010_Race,63,13 D. Serra D. Rigon 1:16.984 30:26.475 | TR3 Racing | Lamborghini Huracan GT3 GTDPRO,4,13:51:40.721,M. Mapelli,13:52:47.157,M. Mapelli,1:06.436,4:54.265,20_Pit Stops Time Cards_Race.PDF,7,2
2022,05_Sebring International Raceway,Sebring International Raceway,sebring-international-raceway,2022-03-19,202203191010_Race,63,13 D. Serra D. Rigon 1:16.984 30:26.475 | TR3 Racing | Lamborghini Huracan GT3 GTDPRO,5,15:02:58.011,M. Mapelli,15:05:02.933,A. Caldarelli,2:04.922,6:59.187,20_Pit Stops Time Cards_Race.PDF,7,2
2022,05_Sebring International Raceway,Sebring International Raceway,sebring-international-raceway,2022-03-19,202203191010_Race,63,13 D. Serra D. Rigon 1:16.984 30:26.475 | TR3 Racing | Lamborghini Huracan GT3 GTDPRO,6,15:13:16.480,A. Caldarelli,15:13:49.511,A. Caldarelli,33.031,7:32.218,20_Pit Stops Time Cards_Race.PDF,7,2
2022,05_Sebring International Raceway,Sebring International Raceway,sebring-international-raceway,2022-03-19,202203191010_Race,63,13 D. Serra D. Rigon 1:16.984 30:26.475 | TR3 Racing | Lamborghini Huracan GT3 GTDPRO,7,15:49:25.433,A. Caldarelli,15:50:29.098,A. Caldarelli,1:03.665,8:35.883,20_Pit Stops Time Cards_Race.PDF,7,2
2022,05_Sebring International Raceway,Sebring International Raceway,sebring-international-raceway,2022-03-19,202203191010_Race,63,13 D. Serra D. Rigon 1:16.984 30:26.475 | TR3 Racing | Lamborghini Huracan GT3 GTDPRO,8,16:25:34.470,A. Caldarelli,16:26:42.079,M. Bortolotti,1:07.609,9:43.492,20_Pit Stops Time Cards_Race.PDF,7,2
2022,05_Sebring International Raceway,Sebring International Raceway,sebring-international-raceway,2022-03-19,202203191010_Race,63,13 D. Serra D. Rigon 1:16.984 30:26.475 | TR3 Racing | Lamborghini Huracan GT3 GTDPRO,9,17:28:59.769,M. Bortolotti,17:30:05.667,A. Caldarelli,1:05.898,10:49.390,20_Pit Stops Time Cards_Race.PDF,7,2
2022,05_Sebring International Raceway,Sebring International Raceway,sebring-international-raceway,2022-03-19,202203191010_Race,63,13 D. Serra D. Rigon 1:16.984 30:26.475 | TR3 Racing | Lamborghini Huracan GT3 GTDPRO,10,18:31:58.798,A. Caldarelli,18:33:15.557,M. Mapelli,1:16.759,12:06.149,20_Pit Stops Time Cards_Race.PDF,7,2
2022,05_Sebring International Raceway,Sebring International Raceway,sebring-international-raceway,2022-03-19,202203191010_Race,63,13 D. Serra D. Rigon 1:16.984 30:26.475 | TR3 Racing | Lamborghini Huracan GT3 GTDPRO,11,19:30:36.265,M. Mapelli,19:31:52.454,A. Caldarelli,1:16.189,13:22.338,20_Pit Stops Time Cards_Race.PDF,7,2
2022,05_Sebring International Raceway,Sebring International Raceway,sebring-international-raceway,2022-03-19,202203191010_Race,63,13 D. Serra D. Rigon 1:16.984 30:26.475 | TR3 Racing | Lamborghini Huracan GT3 GTDPRO,12,20:23:14.152,A. Caldarelli,20:24:29.336,M. Bortolotti,1:15.184,14:37.522,20_Pit Stops Time Cards_Race.PDF,7,2
2022,05_Sebring International Raceway,Sebring International Raceway,sebring-international-raceway,2022-03-19,202203191010_Race,63,13 D. Serra D. Rigon 1:16.984 30:26.475 | TR3 Racing | Lamborghini Huracan GT3 GTDPRO,13,21:15:37.422,M. Bortolotti,21:16:50.702,M. Bortolotti,1:13.280,15:50.802,20_Pit Stops Time Cards_Race.PDF,7,2
2022,05_Sebring International Raceway,Sebring International Raceway,sebring-international-raceway,2022-03-19,202203191010_Race,66,13 M. Bortolotti M. Bortolotti 1:13.280 15:50.802 | Gradient Racing | Acura NSX GT3 GTD,1,11:05:19.002,T. Bechtolsheimer,11:06:35.814,T. Bechtolsheimer,1:16.812,1:16.812,20_Pit Stops Time Cards_Race.PDF,7,2
2022,05_Sebring International Raceway,Sebring International Raceway,sebring-international-raceway,2022-03-19,202203191010_Race,66,13 M. Bortolotti M. Bortolotti 1:13.280 15:50.802 | Gradient Racing | Acura NSX GT3 GTD,2,12:04:39.340,T. Bechtolsheimer,12:06:00.060,K. Simpson,1:20.720,2:37.532,20_Pit Stops Time Cards_Race.PDF,7,2
2022,05_Sebring International Raceway,Sebring International Raceway,sebring-international-raceway,2022-03-19,202203191010_Race,66,13 M. Bortolotti M. Bortolotti 1:13.280 15:50.802 | Gradient Racing | Acura NSX GT3 GTD,3,13:07:49.785,K. Simpson,13:09:05.432,K. Simpson,1:15.647,3:53.179,20_Pit Stops Time Cards_Race.PDF,7,2
2022,05_Sebring International Raceway,Sebring International Raceway,sebring-international-raceway,2022-03-19,202203191010_Race,66,13 M. Bortolotti M. Bortolotti 1:13.280 15:50.802 | Gradient Racing | Acura NSX GT3 GTD,4,15:02:41.801,M. Farnbacher,15:03:57.837,M. Farnbacher,1:16.036,5:09.215,20_Pit Stops Time Cards_Race.PDF,7,2
2022,05_Sebring International Raceway,Sebring International Raceway,sebring-international-raceway,2022-03-19,202203191010_Race,66,13 M. Bortolotti M. Bortolotti 1:13.280 15:50.802 | Gradient Racing | Acura NSX GT3 GTD,5,15:54:06.535,M. Farnbacher,15:55:15.481,T. Bechtolsheimer,1:08.946,6:18.161,20_Pit Stops Time Cards_Race.PDF,7,2
2022,05_Sebring International Raceway,Sebring International Raceway,sebring-international-raceway,2022-03-19,202203191010_Race,66,13 M. Bortolotti M. Bortolotti 1:13.280 15:50.802 | Gradient Racing | Acura NSX GT3 GTD,6,16:31:03.835,T. Bechtolsheimer,16:32:01.176,T. Bechtolsheimer,57.341,7:15.502,20_Pit Stops Time Cards_Race.PDF,7,2
2022,05_Sebring International Raceway,Sebring International Raceway,sebring-international-raceway,2022-03-19,202203191010_Race,66,13 M. Bortolotti M. Bortolotti 1:13.280 15:50.802 | Gradient Racing | Acura NSX GT3 GTD,7,17:33:59.646,T. Bechtolsheimer,17:35:38.589,K. Simpson,1:38.943,8:54.445,20_Pit Stops Time Cards_Race.PDF,7,2
2022,05_Sebring International Raceway,Sebring International Raceway,sebring-international-raceway,2022-03-19,202203191010_Race,66,13 M. Bortolotti M. Bortolotti 1:13.280 15:50.802 | Gradient Racing | Acura NSX GT3 GTD,8,18:35:31.433,K. Simpson,18:36:50.584,M. Farnbacher,1:19.151,10:13.596,20_Pit Stops Time Cards_Race.PDF,7,2
2022,05_Sebring International Raceway,Sebring International Raceway,sebring-international-raceway,2022-03-19,202203191010_Race,66,13 M. Bortolotti M. Bortolotti 1:13.280 15:50.802 | Gradient Racing | Acura NSX GT3 GTD,9,19:34:12.711,M. Farnbacher,19:35:31.767,K. Simpson,1:19.056,11:32.652,20_Pit Stops Time Cards_Race.PDF,7,2
2022,05_Sebring International Raceway,Sebring International Raceway,sebring-international-raceway,2022-03-19,202203191010_Race,66,13 M. Bortolotti M. Bortolotti 1:13.280 15:50.802 | Gradient Racing | Acura NSX GT3 GTD,10,20:33:40.247,K. Simpson,20:34:58.870,M. Farnbacher,1:18.623,12:51.275,20_Pit Stops Time Cards_Race.PDF,7,2
2022,05_Sebring International Raceway,Sebring International Raceway,sebring-international-raceway,2022-03-19,202203191010_Race,66,13 M. Bortolotti M. Bortolotti 1:13.280 15:50.802 | Gradient Racing | Acura NSX GT3 GTD,11,21:18:13.947,M. Farnbacher,21:19:22.729,M. Farnbacher,1:08.782,14:00.057,20_Pit Stops Time Cards_Race.PDF,7,2
2022,05_Sebring International Raceway,Sebring International Raceway,sebring-international-raceway,2022-03-19,202203191010_Race,70,11 M. Farnbacher M. Farnbacher 1:08.782 14:00.057 | inception racing | McLaren 720S GT3 GTD,1,10:24:10.527,B. Iribe,10:25:03.226,B. Iribe,52.699,52.699,20_Pit Stops Time Cards_Race.PDF,7,2
2022,05_Sebring International Raceway,Sebring International Raceway,sebring-international-raceway,2022-03-19,202203191010_Race,70,11 M. Farnbacher M. Farnbacher 1:08.782 14:00.057 | inception racing | McLaren 720S GT3 GTD,2,11:08:55.651,B. Iribe,11:10:31.178,O. Millroy,1:35.527,2:28.226,20_Pit Stops Time Cards_Race.PDF,7,2
2022,05_Sebring International Raceway,Sebring International Raceway,sebring-international-raceway,2022-03-19,202203191010_Race,70,11 M. Farnbacher M. Farnbacher 1:08.782 14:00.057 | inception racing | McLaren 720S GT3 GTD,3,12:08:15.738,O. Millroy,12:09:34.391,J. Pepper,1:18.653,3:46.879,20_Pit Stops Time Cards_Race.PDF,7,2
2022,05_Sebring International Raceway,Sebring International Raceway,sebring-international-raceway,2022-03-19,202203191010_Race,70,11 M. Farnbacher M. Farnbacher 1:08.782 14:00.057 | inception racing | McLaren 720S GT3 GTD,4,13:10:35.538,J. Pepper,13:11:58.630,B. Iribe,1:23.092,5:09.971,20_Pit Stops Time Cards_Race.PDF,7,2
2022,05_Sebring International Raceway,Sebring International Raceway,sebring-international-raceway,2022-03-19,202203191010_Race,70,11 M. Farnbacher M. Farnbacher 1:08.782 14:00.057 | inception racing | McLaren 720S GT3 GTD,5,13:55:22.700,B. Iribe,13:56:32.002,B. Iribe,1:09.302,6:19.273,20_Pit Stops Time Cards_Race.PDF,8,1
2022,05_Sebring International Raceway,Sebring International Raceway,sebring-international-raceway,2022-03-19,202203191010_Race,70,11 M. Farnbacher M. Farnbacher 1:08.782 14:00.057 | inception racing | McLaren 720S GT3 GTD,6,14:14:58.934,B. Iribe,14:15:31.371,B. Iribe,32.437,6:51.710,20_Pit Stops Time Cards_Race.PDF,8,1
2022,05_Sebring International Raceway,Sebring International Raceway,sebring-international-raceway,2022-03-19,202203191010_Race,70,11 M. Farnbacher M. Farnbacher 1:08.782 14:00.057 | inception racing | McLaren 720S GT3 GTD,7,15:07:40.975,B. Iribe,15:09:03.128,O. Millroy,1:22.153,8:13.863,20_Pit Stops Time Cards_Race.PDF,8,1
2022,05_Sebring International Raceway,Sebring International Raceway,sebring-international-raceway,2022-03-19,202203191010_Race,70,11 M. Farnbacher M. Farnbacher 1:08.782 14:00.057 | inception racing | McLaren 720S GT3 GTD,8,15:54:12.334,O. Millroy,15:55:25.357,O. Millroy,1:13.023,9:26.886,20_Pit Stops Time Cards_Race.PDF,8,1
2022,05_Sebring International Raceway,Sebring International Raceway,sebring-international-raceway,2022-03-19,202203191010_Race,70,11 M. Farnbacher M. Farnbacher 1:08.782 14:00.057 | inception racing | McLaren 720S GT3 GTD,9,16:25:52.225,O. Millroy,16:26:55.733,J. Pepper,1:03.508,10:30.394,20_Pit Stops Time Cards_Race.PDF,8,1
2022,05_Sebring International Raceway,Sebring International Raceway,sebring-international-raceway,2022-03-19,202203191010_Race,70,11 M. Farnbacher M. Farnbacher 1:08.782 14:00.057 | inception racing | McLaren 720S GT3 GTD,10,17:29:03.601,J. Pepper,17:30:02.820,J. Pepper,59.219,11:29.613,20_Pit Stops Time Cards_Race.PDF,8,1
2022,05_Sebring International Raceway,Sebring International Raceway,sebring-international-raceway,2022-03-19,202203191010_Race,70,11 M. Farnbacher M. Farnbacher 1:08.782 14:00.057 | inception racing | McLaren 720S GT3 GTD,11,18:23:53.881,J. Pepper,18:25:14.777,B. Iribe,1:20.896,12:50.509,20_Pit Stops Time Cards_Race.PDF,8,1
2022,05_Sebring International Raceway,Sebring International Raceway,sebring-international-raceway,2022-03-19,202203191010_Race,70,11 M. Farnbacher M. Farnbacher 1:08.782 14:00.057 | inception racing | McLaren 720S GT3 GTD,12,18:31:31.430,B. Iribe,18:32:03.849,B. Iribe,32.419,13:22.928,20_Pit Stops Time Cards_Race.PDF,8,1
2022,05_Sebring International Raceway,Sebring International Raceway,sebring-international-raceway,2022-03-19,202203191010_Race,70,11 M. Farnbacher M. Farnbacher 1:08.782 14:00.057 | inception racing | McLaren 720S GT3 GTD,13,19:07:17.805,B. Iribe,19:08:34.350,O. Millroy,1:16.545,14:39.473,20_Pit Stops Time Cards_Race.PDF,8,1
2022,05_Sebring International Raceway,Sebring International Raceway,sebring-international-raceway,2022-03-19,202203191010_Race,70,11 M. Farnbacher M. Farnbacher 1:08.782 14:00.057 | inception racing | McLaren 720S GT3 GTD,14,20:00:10.227,O. Millroy,20:01:28.472,O. Millroy,1:18.245,15:57.718,20_Pit Stops Time Cards_Race.PDF,8,1
2022,05_Sebring International Raceway,Sebring International Raceway,sebring-international-raceway,2022-03-19,202203191010_Race,70,11 M. Farnbacher M. Farnbacher 1:08.782 14:00.057 | inception racing | McLaren 720S GT3 GTD,15,20:59:23.661,O. Millroy,21:00:43.250,J. Pepper,1:19.589,17:17.307,20_Pit Stops Time Cards_Race.PDF,8,1
2022,05_Sebring International Raceway,Sebring International Raceway,sebring-international-raceway,2022-03-19,202203191010_Race,70,11 M. Farnbacher M. Farnbacher 1:08.782 14:00.057 | inception racing | McLaren 720S GT3 GTD,16,21:58:18.591,J. Pepper,21:59:10.852,J. Pepper,52.261,18:09.568,20_Pit Stops Time Cards_Race.PDF,8,1
2022,05_Sebring International Raceway,Sebring International Raceway,sebring-international-raceway,2022-03-19,202203191010_Race,74,16 J. Pepper J. Pepper 52.261 18:09.568 | Riley Motorsports | Ligier JS P320 LMP3,1,11:12:06.311,G. Robinson,11:13:23.293,G. Robinson,1:16.982,1:16.982,20_Pit Stops Time Cards_Race.PDF,8,1
2022,05_Sebring International Raceway,Sebring International Raceway,sebring-international-raceway,2022-03-19,202203191010_Race,74,16 J. Pepper J. Pepper 52.261 18:09.568 | Riley Motorsports | Ligier JS P320 LMP3,2,12:16:42.455,G. Robinson,12:18:00.426,K. van Berlo,1:17.971,2:34.953,20_Pit Stops Time Cards_Race.PDF,8,1
2022,05_Sebring International Raceway,Sebring International Raceway,sebring-international-raceway,2022-03-19,202203191010_Race,74,16 J. Pepper J. Pepper 52.261 18:09.568 | Riley Motorsports | Ligier JS P320 LMP3,3,13:03:43.847,K. van Berlo,13:05:00.829,K. van Berlo,1:16.982,3:51.935,20_Pit Stops Time Cards_Race.PDF,8,1
2022,05_Sebring International Raceway,Sebring International Raceway,sebring-international-raceway,2022-03-19,202203191010_Race,74,16 J. Pepper J. Pepper 52.261 18:09.568 | Riley Motorsports | Ligier JS P320 LMP3,4,13:48:44.997,K. van Berlo,13:50:57.451,G. Robinson,2:12.454,6:04.389,20_Pit Stops Time Cards_Race.PDF,8,1
2022,05_Sebring International Raceway,Sebring International Raceway,sebring-international-raceway,2022-03-19,202203191010_Race,74,16 J. Pepper J. Pepper 52.261 18:09.568 | Riley Motorsports | Ligier JS P320 LMP3,5,15:00:27.076,G. Robinson,15:01:41.040,F. Fraga,1:13.964,7:18.353,20_Pit Stops Time Cards_Race.PDF,8,1
2022,05_Sebring International Raceway,Sebring International Raceway,sebring-international-raceway,2022-03-19,202203191010_Race,74,16 J. Pepper J. Pepper 52.261 18:09.568 | Riley Motorsports | Ligier JS P320 LMP3,6,15:45:52.514,F. Fraga,15:46:57.831,F. Fraga,1:05.317,8:23.670,20_Pit Stops Time Cards_Race.PDF,8,1
2022,05_Sebring International Raceway,Sebring International Raceway,sebring-international-raceway,2022-03-19,202203191010_Race,74,16 J. Pepper J. Pepper 52.261 18:09.568 | Riley Motorsports | Ligier JS P320 LMP3,7,16:21:52.315,F. Fraga,16:22:54.801,F. Fraga,1:02.486,9:26.156,20_Pit Stops Time Cards_Race.PDF,8,1
2022,05_Sebring International Raceway,Sebring International Raceway,sebring-international-raceway,2022-03-19,202203191010_Race,74,16 J. Pepper J. Pepper 52.261 18:09.568 | Riley Motorsports | Ligier JS P320 LMP3,8,17:25:33.750,F. Fraga,17:26:43.328,K. van Berlo,1:09.578,10:35.734,20_Pit Stops Time Cards_Race.PDF,8,1
2022,05_Sebring International Raceway,Sebring International Raceway,sebring-international-raceway,2022-03-19,202203191010_Race,74,16 J. Pepper J. Pepper 52.261 18:09.568 | Riley Motorsports | Ligier JS P320 LMP3,9,18:32:24.605,K. van Berlo,18:33:44.451,K. van Berlo,1:19.846,11:55.580,20_Pit Stops Time Cards_Race.PDF,8,1
2022,05_Sebring International Raceway,Sebring International Raceway,sebring-international-raceway,2022-03-19,202203191010_Race,74,16 J. Pepper J. Pepper 52.261 18:09.568 | Riley Motorsports | Ligier JS P320 LMP3,10,18:47:47.783,K. van Berlo,19:12:33.601,K. van Berlo,24:45.818,36:41.398,20_Pit Stops Time Cards_Race.PDF,8,1
2022,05_Sebring International Raceway,Sebring International Raceway,sebring-international-raceway,2022-03-19,202203191010_Race,79,10 K. van Berlo K. van Berlo 24:45.818 36:41.398 | WeatherTech Racing | Porsche 911 GT3R GTDPRO,1,11:04:59.912,J. Andlauer,11:06:18.060,J. Andlauer,1:18.148,1:18.148,20_Pit Stops Time Cards_Race.PDF,8,1
2022,05_Sebring International Raceway,Sebring International Raceway,sebring-international-raceway,2022-03-19,202203191010_Race,79,10 K. van Berlo K. van Berlo 24:45.818 36:41.398 | WeatherTech Racing | Porsche 911 GT3R GTDPRO,2,12:04:04.591,J. Andlauer,12:05:22.037,A. Picariello,1:17.446,2:35.594,20_Pit Stops Time Cards_Race.PDF,8,1
2022,05_Sebring International Raceway,Sebring International Raceway,sebring-international-raceway,2022-03-19,202203191010_Race,79,10 K. van Berlo K. van Berlo 24:45.818 36:41.398 | WeatherTech Racing | Porsche 911 GT3R GTDPRO,3,13:07:42.329,A. Picariello,13:08:57.051,A. Picariello,1:14.722,3:50.316,20_Pit Stops Time Cards_Race.PDF,8,1
2022,05_Sebring International Raceway,Sebring International Raceway,sebring-international-raceway,2022-03-19,202203191010_Race,79,10 K. van Berlo K. van Berlo 24:45.818 36:41.398 | WeatherTech Racing | Porsche 911 GT3R GTDPRO,4,13:51:44.511,A. Picariello,13:52:53.388,C. MacNeil,1:08.877,4:59.193,20_Pit Stops Time Cards_Race.PDF,8,1
2022,05_Sebring International Raceway,Sebring International Raceway,sebring-international-raceway,2022-03-19,202203191010_Race,79,10 K. van Berlo K. van Berlo 24:45.818 36:41.398 | WeatherTech Racing | Porsche 911 GT3R GTDPRO,5,14:59:43.252,C. MacNeil,15:00:59.350,C. MacNeil,1:16.098,6:15.291,20_Pit Stops Time Cards_Race.PDF,8,1
2022,05_Sebring International Raceway,Sebring International Raceway,sebring-international-raceway,2022-03-19,202203191010_Race,79,10 K. van Berlo K. van Berlo 24:45.818 36:41.398 | WeatherTech Racing | Porsche 911 GT3R GTDPRO,6,15:32:47.399,C. MacNeil,15:33:54.207,J. Andlauer,1:06.808,7:22.099,20_Pit Stops Time Cards_Race.PDF,8,1
2022,05_Sebring International Raceway,Sebring International Raceway,sebring-international-raceway,2022-03-19,202203191010_Race,79,10 K. van Berlo K. van Berlo 24:45.818 36:41.398 | WeatherTech Racing | Porsche 911 GT3R GTDPRO,7,15:54:13.523,J. Andlauer,15:54:59.642,J. Andlauer,46.119,8:08.218,20_Pit Stops Time Cards_Race.PDF,8,1
2022,05_Sebring International Raceway,Sebring International Raceway,sebring-international-raceway,2022-03-19,202203191010_Race,79,10 K. van Berlo K. van Berlo 24:45.818 36:41.398 | WeatherTech Racing | Porsche 911 GT3R GTDPRO,8,16:25:41.115,J. Andlauer,16:26:42.583,J. Andlauer,1:01.468,9:09.686,20_Pit Stops Time Cards_Race.PDF,8,1
2022,05_Sebring International Raceway,Sebring International Raceway,sebring-international-raceway,2022-03-19,202203191010_Race,79,10 K. van Berlo K. van Berlo 24:45.818 36:41.398 | WeatherTech Racing | Porsche 911 GT3R GTDPRO,9,17:29:02.323,J. Andlauer,17:30:09.617,A. Picariello,1:07.294,10:16.980,20_Pit Stops Time Cards_Race.PDF,8,1
2022,05_Sebring International Raceway,Sebring International Raceway,sebring-international-raceway,2022-03-19,202203191010_Race,79,10 K. van Berlo K. van Berlo 24:45.818 36:41.398 | WeatherTech Racing | Porsche 911 GT3R GTDPRO,10,18:32:33.375,A. Picariello,18:33:53.881,A. Picariello,1:20.506,11:37.486,20_Pit Stops Time Cards_Race.PDF,8,1
2022,05_Sebring International Raceway,Sebring International Raceway,sebring-international-raceway,2022-03-19,202203191010_Race,79,10 K. van Berlo K. van Berlo 24:45.818 36:41.398 | WeatherTech Racing | Porsche 911 GT3R GTDPRO,11,19:31:35.879,A. Picariello,19:32:52.454,J. Andlauer,1:16.575,12:54.061,20_Pit Stops Time Cards_Race.PDF,8,1
2022,05_Sebring International Raceway,Sebring International Raceway,sebring-international-raceway,2022-03-19,202203191010_Race,79,10 K. van Berlo K. van Berlo 24:45.818 36:41.398 | WeatherTech Racing | Porsche 911 GT3R GTDPRO,12,20:30:34.445,J. Andlauer,20:31:52.483,J. Andlauer,1:18.038,14:12.099,20_Pit Stops Time Cards_Race.PDF,8,1
2022,05_Sebring International Raceway,Sebring International Raceway,sebring-international-raceway,2022-03-19,202203191010_Race,79,10 K. van Berlo K. van Berlo 24:45.818 36:41.398 | WeatherTech Racing | Porsche 911 GT3R GTDPRO,13,21:17:13.988,J. Andlauer,21:18:23.495,J. Andlauer,1:09.507,15:21.606,20_Pit Stops Time Cards_Race.PDF,8,1
2022,05_Sebring International Raceway,Sebring International Raceway,sebring-international-raceway,2022-03-19,202203191010_Race,81,13 J. Andlauer J. Andlauer 1:09.507 15:21.606 | DragonSpeed USA | ORECA LMP2 07 LMP2,1,10:49:17.896,H. Hedman,10:50:33.450,H. Hedman,1:15.554,1:15.554,20_Pit Stops Time Cards_Race.PDF,8,1
2022,05_Sebring International Raceway,Sebring International Raceway,sebring-international-raceway,2022-03-19,202203191010_Race,81,13 J. Andlauer J. Andlauer 1:09.507 15:21.606 | DragonSpeed USA | ORECA LMP2 07 LMP2,2,11:30:59.346,H. Hedman,11:32:12.985,S. Montoya,1:13.639,2:29.193,20_Pit Stops Time Cards_Race.PDF,8,1
2022,05_Sebring International Raceway,Sebring International Raceway,sebring-international-raceway,2022-03-19,202203191010_Race,81,13 J. Andlauer J. Andlauer 1:09.507 15:21.606 | DragonSpeed USA | ORECA LMP2 07 LMP2,3,12:09:13.864,S. Montoya,12:10:26.114,S. Montoya,1:12.250,3:41.443,20_Pit Stops Time Cards_Race.PDF,8,1
2022,05_Sebring International Raceway,Sebring International Raceway,sebring-international-raceway,2022-03-19,202203191010_Race,81,13 J. Andlauer J. Andlauer 1:09.507 15:21.606 | DragonSpeed USA | ORECA LMP2 07 LMP2,4,12:47:20.746,S. Montoya,12:48:36.161,J. Montoya,1:15.415,4:56.858,20_Pit Stops Time Cards_Race.PDF,8,1
2022,05_Sebring International Raceway,Sebring International Raceway,sebring-international-raceway,2022-03-19,202203191010_Race,93,4 S. Montoya J. Montoya 1:15.415 4:56.858 | Racers Edge Motorsports with WTR | Acura NSX GT3 GTDPRO,1,11:07:03.476,K. Marcelli,11:08:32.577,A. Harrison,1:29.101,1:29.101,20_Pit Stops Time Cards_Race.PDF,8,1
2022,05_Sebring International Raceway,Sebring International Raceway,sebring-international-raceway,2022-03-19,202203191010_Race,93,4 S. Montoya J. Montoya 1:15.415 4:56.858 | Racers Edge Motorsports with WTR | Acura NSX GT3 GTDPRO,2,12:07:01.927,A. Harrison,12:08:27.453,T. Long,1:25.526,2:54.627,20_Pit Stops Time Cards_Race.PDF,8,1
2022,05_Sebring International Raceway,Sebring International Raceway,sebring-international-raceway,2022-03-19,202203191010_Race,93,4 S. Montoya J. Montoya 1:15.415 4:56.858 | Racers Edge Motorsports with WTR | Acura NSX GT3 GTDPRO,3,13:12:54.417,T. Long,13:14:11.596,A. Harrison,1:17.179,4:11.806,20_Pit Stops Time Cards_Race.PDF,8,1
2022,05_Sebring International Raceway,Sebring International Raceway,sebring-international-raceway,2022-03-19,202203191010_Race,93,4 S. Montoya J. Montoya 1:15.415 4:56.858 | Racers Edge Motorsports with WTR | Acura NSX GT3 GTDPRO,4,13:51:59.584,A. Harrison,13:54:00.915,A. Harrison,2:01.331,6:13.137,20_Pit Stops Time Cards_Race.PDF,8,1
2022,05_Sebring International Raceway,Sebring International Raceway,sebring-international-raceway,2022-03-19,202203191010_Race,93,4 S. Montoya J. Montoya 1:15.415 4:56.858 | Racers Edge Motorsports with WTR | Acura NSX GT3 GTDPRO,5,14:55:10.176,A. Harrison,14:56:30.718,T. Long,1:20.542,7:33.679,20_Pit Stops Time Cards_Race.PDF,8,1
2022,05_Sebring International Raceway,Sebring International Raceway,sebring-international-raceway,2022-03-19,202203191010_Race,93,4 S. Montoya J. Montoya 1:15.415 4:56.858 | Racers Edge Motorsports with WTR | Acura NSX GT3 GTDPRO,6,15:49:24.232,T. Long,15:50:59.210,K. Marcelli,1:34.978,9:08.657,20_Pit Stops Time Cards_Race.PDF,8,2
2022,05_Sebring International Raceway,Sebring International Raceway,sebring-international-raceway,2022-03-19,202203191010_Race,93,4 S. Montoya J. Montoya 1:15.415 4:56.858 | Racers Edge Motorsports with WTR | Acura NSX GT3 GTDPRO,7,16:25:37.828,K. Marcelli,16:26:47.149,K. Marcelli,1:09.321,10:17.978,20_Pit Stops Time Cards_Race.PDF,8,2
2022,05_Sebring International Raceway,Sebring International Raceway,sebring-international-raceway,2022-03-19,202203191010_Race,93,4 S. Montoya J. Montoya 1:15.415 4:56.858 | Racers Edge Motorsports with WTR | Acura NSX GT3 GTDPRO,8,17:29:10.434,K. Marcelli,17:30:31.605,A. Harrison,1:21.171,11:39.149,20_Pit Stops Time Cards_Race.PDF,8,2
2022,05_Sebring International Raceway,Sebring International Raceway,sebring-international-raceway,2022-03-19,202203191010_Race,93,4 S. Montoya J. Montoya 1:15.415 4:56.858 | Racers Edge Motorsports with WTR | Acura NSX GT3 GTDPRO,9,18:33:03.569,A. Harrison,18:34:26.021,T. Long,1:22.452,13:01.601,20_Pit Stops Time Cards_Race.PDF,8,2
2022,05_Sebring International Raceway,Sebring International Raceway,sebring-international-raceway,2022-03-19,202203191010_Race,93,4 S. Montoya J. Montoya 1:15.415 4:56.858 | Racers Edge Motorsports with WTR | Acura NSX GT3 GTDPRO,10,19:35:24.525,T. Long,19:36:50.397,T. Long,1:25.872,14:27.473,20_Pit Stops Time Cards_Race.PDF,8,2
2022,05_Sebring International Raceway,Sebring International Raceway,sebring-international-raceway,2022-03-19,202203191010_Race,93,4 S. Montoya J. Montoya 1:15.415 4:56.858 | Racers Edge Motorsports with WTR | Acura NSX GT3 GTDPRO,11,20:25:10.077,T. Long,20:26:31.239,K. Marcelli,1:21.162,15:48.635,20_Pit Stops Time Cards_Race.PDF,8,2
2022,05_Sebring International Raceway,Sebring International Raceway,sebring-international-raceway,2022-03-19,202203191010_Race,93,4 S. Montoya J. Montoya 1:15.415 4:56.858 | Racers Edge Motorsports with WTR | Acura NSX GT3 GTDPRO,12,21:20:19.056,K. Marcelli,21:21:51.124,K. Marcelli,1:32.068,17:20.703,20_Pit Stops Time Cards_Race.PDF,8,2
2022,05_Sebring International Raceway,Sebring International Raceway,sebring-international-raceway,2022-03-19,202203191010_Race,96,12 K. Marcelli K. Marcelli 1:32.068 17:20.703 | Turner Motorsport | BMW M4 GT3 GTD,1,11:04:46.944,R. Foley,11:06:08.392,M. Dinan,1:21.448,1:21.448,20_Pit Stops Time Cards_Race.PDF,8,2
2022,05_Sebring International Raceway,Sebring International Raceway,sebring-international-raceway,2022-03-19,202203191010_Race,96,12 K. Marcelli K. Marcelli 1:32.068 17:20.703 | Turner Motorsport | BMW M4 GT3 GTD,2,12:06:16.752,M. Dinan,12:07:43.329,M. Dinan,1:26.577,2:48.025,20_Pit Stops Time Cards_Race.PDF,8,2
2022,05_Sebring International Raceway,Sebring International Raceway,sebring-international-raceway,2022-03-19,202203191010_Race,96,12 K. Marcelli K. Marcelli 1:32.068 17:20.703 | Turner Motorsport | BMW M4 GT3 GTD,3,13:07:53.977,M. Dinan,13:09:12.783,B. Auberlen,1:18.806,4:06.831,20_Pit Stops Time Cards_Race.PDF,8,2
2022,05_Sebring International Raceway,Sebring International Raceway,sebring-international-raceway,2022-03-19,202203191010_Race,96,12 K. Marcelli K. Marcelli 1:32.068 17:20.703 | Turner Motorsport | BMW M4 GT3 GTD,4,13:51:47.590,B. Auberlen,13:52:55.217,M. Dinan,1:07.627,5:14.458,20_Pit Stops Time Cards_Race.PDF,8,2
2022,05_Sebring International Raceway,Sebring International Raceway,sebring-international-raceway,2022-03-19,202203191010_Race,96,12 K. Marcelli K. Marcelli 1:32.068 17:20.703 | Turner Motorsport | BMW M4 GT3 GTD,5,14:56:58.395,M. Dinan,14:58:10.608,R. Foley,1:12.213,6:26.671,20_Pit Stops Time Cards_Race.PDF,8,2
2022,05_Sebring International Raceway,Sebring International Raceway,sebring-international-raceway,2022-03-19,202203191010_Race,96,12 K. Marcelli K. Marcelli 1:32.068 17:20.703 | Turner Motorsport | BMW M4 GT3 GTD,6,15:49:12.850,R. Foley,15:50:21.124,B. Auberlen,1:08.274,7:34.945,20_Pit Stops Time Cards_Race.PDF,8,2
2022,05_Sebring International Raceway,Sebring International Raceway,sebring-international-raceway,2022-03-19,202203191010_Race,96,12 K. Marcelli K. Marcelli 1:32.068 17:20.703 | Turner Motorsport | BMW M4 GT3 GTD,7,16:25:35.407,B. Auberlen,16:26:38.286,B. Auberlen,1:02.879,8:37.824,20_Pit Stops Time Cards_Race.PDF,8,2
2022,05_Sebring International Raceway,Sebring International Raceway,sebring-international-raceway,2022-03-19,202203191010_Race,96,12 K. Marcelli K. Marcelli 1:32.068 17:20.703 | Turner Motorsport | BMW M4 GT3 GTD,8,17:29:11.474,B. Auberlen,17:30:18.967,R. Foley,1:07.493,9:45.317,20_Pit Stops Time Cards_Race.PDF,8,2
2022,05_Sebring International Raceway,Sebring International Raceway,sebring-international-raceway,2022-03-19,202203191010_Race,96,12 K. Marcelli K. Marcelli 1:32.068 17:20.703 | Turner Motorsport | BMW M4 GT3 GTD,9,18:26:11.178,R. Foley,18:27:22.809,B. Auberlen,1:11.631,10:56.948,20_Pit Stops Time Cards_Race.PDF,8,2
2022,05_Sebring International Raceway,Sebring International Raceway,sebring-international-raceway,2022-03-19,202203191010_Race,96,12 K. Marcelli K. Marcelli 1:32.068 17:20.703 | Turner Motorsport | BMW M4 GT3 GTD,10,19:26:59.652,B. Auberlen,19:28:16.235,R. Foley,1:16.583,12:13.531,20_Pit Stops Time Cards_Race.PDF,8,2
2022,05_Sebring International Raceway,Sebring International Raceway,sebring-international-raceway,2022-03-19,202203191010_Race,96,12 K. Marcelli K. Marcelli 1:32.068 17:20.703 | Turner Motorsport | BMW M4 GT3 GTD,11,20:13:32.444,R. Foley,20:14:40.532,B. Auberlen,1:08.088,13:21.619,20_Pit Stops Time Cards_Race.PDF,8,2
2022,05_Sebring International Raceway,Sebring International Raceway,sebring-international-raceway,2022-03-19,202203191010_Race,96,12 K. Marcelli K. Marcelli 1:32.068 17:20.703 | Turner Motorsport | BMW M4 GT3 GTD,12,21:12:18.497,B. Auberlen,21:13:33.697,B. Auberlen,1:15.200,14:36.819,20_Pit Stops Time Cards_Race.PDF,8,2
2022,05_Sebring International Raceway,Sebring International Raceway,sebring-international-raceway,2022-03-19,202203191010_Race,96,12 K. Marcelli K. Marcelli 1:32.068 17:20.703 | Turner Motorsport | BMW M4 GT3 GTD,13,21:38:15.435,B. Auberlen,21:39:23.848,R. Foley,1:08.413,15:45.232,20_Pit Stops Time Cards_Race.PDF,8,2
2022,05_Sebring International Raceway,Sebring International Raceway,sebring-international-raceway,2022-03-19,202203191010_Race,97,13 B. Auberlen R. Foley 1:08.413 15:45.232 | WeatherTech Racing | Mercedes-AMG GT3 GTDPRO,1,11:05:44.263,C. MacNeil,11:07:03.250,C. MacNeil,1:18.987,1:18.987,20_Pit Stops Time Cards_Race.PDF,8,2
2022,05_Sebring International Raceway,Sebring International Raceway,sebring-international-raceway,2022-03-19,202203191010_Race,97,13 B. Auberlen R. Foley 1:08.413 15:45.232 | WeatherTech Racing | Mercedes-AMG GT3 GTDPRO,2,11:19:28.297,C. MacNeil,11:20:01.808,C. MacNeil,33.511,1:52.498,20_Pit Stops Time Cards_Race.PDF,8,2
2022,05_Sebring International Raceway,Sebring International Raceway,sebring-international-raceway,2022-03-19,202203191010_Race,97,13 B. Auberlen R. Foley 1:08.413 15:45.232 | WeatherTech Racing | Mercedes-AMG GT3 GTDPRO,3,11:59:32.912,C. MacNeil,12:00:46.973,J. Gounon,1:14.061,3:06.559,20_Pit Stops Time Cards_Race.PDF,8,2
2022,05_Sebring International Raceway,Sebring International Raceway,sebring-international-raceway,2022-03-19,202203191010_Race,97,13 B. Auberlen R. Foley 1:08.413 15:45.232 | WeatherTech Racing | Mercedes-AMG GT3 GTDPRO,4,13:12:49.068,J. Gounon,13:14:08.242,M. Engel,1:19.174,4:25.733,20_Pit Stops Time Cards_Race.PDF,8,2
2022,05_Sebring International Raceway,Sebring International Raceway,sebring-international-raceway,2022-03-19,202203191010_Race,97,13 B. Auberlen R. Foley 1:08.413 15:45.232 | WeatherTech Racing | Mercedes-AMG GT3 GTDPRO,5,13:51:50.355,M. Engel,13:52:54.223,M. Engel,1:03.868,5:29.601,20_Pit Stops Time Cards_Race.PDF,8,2
2022,05_Sebring International Raceway,Sebring International Raceway,sebring-international-raceway,2022-03-19,202203191010_Race,97,13 B. Auberlen R. Foley 1:08.413 15:45.232 | WeatherTech Racing | Mercedes-AMG GT3 GTDPRO,6,15:00:39.933,M. Engel,15:01:53.321,J. Gounon,1:13.388,6:42.989,20_Pit Stops Time Cards_Race.PDF,8,2
2022,05_Sebring International Raceway,Sebring International Raceway,sebring-international-raceway,2022-03-19,202203191010_Race,97,13 B. Auberlen R. Foley 1:08.413 15:45.232 | WeatherTech Racing | Mercedes-AMG GT3 GTDPRO,7,15:48:59.918,J. Gounon,15:50:05.836,J. Gounon,1:05.918,7:48.907,20_Pit Stops Time Cards_Race.PDF,8,2
2022,05_Sebring International Raceway,Sebring International Raceway,sebring-international-raceway,2022-03-19,202203191010_Race,97,13 B. Auberlen R. Foley 1:08.413 15:45.232 | WeatherTech Racing | Mercedes-AMG GT3 GTDPRO,8,16:25:31.243,J. Gounon,16:26:40.783,J. Gounon,1:09.540,8:58.447,20_Pit Stops Time Cards_Race.PDF,8,2
2022,05_Sebring International Raceway,Sebring International Raceway,sebring-international-raceway,2022-03-19,202203191010_Race,97,13 B. Auberlen R. Foley 1:08.413 15:45.232 | WeatherTech Racing | Mercedes-AMG GT3 GTDPRO,9,17:29:00.494,J. Gounon,17:30:10.851,M. Engel,1:10.357,10:08.804,20_Pit Stops Time Cards_Race.PDF,8,2
2022,05_Sebring International Raceway,Sebring International Raceway,sebring-international-raceway,2022-03-19,202203191010_Race,97,13 B. Auberlen R. Foley 1:08.413 15:45.232 | WeatherTech Racing | Mercedes-AMG GT3 GTDPRO,10,18:34:15.311,M. Engel,18:35:31.658,M. Engel,1:16.347,11:25.151,20_Pit Stops Time Cards_Race.PDF,8,2
2022,05_Sebring International Raceway,Sebring International Raceway,sebring-international-raceway,2022-03-19,202203191010_Race,97,13 B. Auberlen R. Foley 1:08.413 15:45.232 | WeatherTech Racing | Mercedes-AMG GT3 GTDPRO,11,19:32:55.382,M. Engel,19:34:08.591,M. Engel,1:13.209,12:38.360,20_Pit Stops Time Cards_Race.PDF,8,2
2022,05_Sebring International Raceway,Sebring International Raceway,sebring-international-raceway,2022-03-19,202203191010_Race,97,13 B. Auberlen R. Foley 1:08.413 15:45.232 | WeatherTech Racing | Mercedes-AMG GT3 GTDPRO,12,20:21:25.113,M. Engel,20:22:35.543,J. Gounon,1:10.430,13:48.790,20_Pit Stops Time Cards_Race.PDF,8,2
2022,05_Sebring International Raceway,Sebring International Raceway,sebring-international-raceway,2022-03-19,202203191010_Race,97,13 B. Auberlen R. Foley 1:08.413 15:45.232 | WeatherTech Racing | Mercedes-AMG GT3 GTDPRO,13,21:16:09.721,J. Gounon,21:17:19.303,J. Gounon,1:09.582,14:58.372,20_Pit Stops Time Cards_Race.PDF,8,2
2022,05_Sebring International Raceway,Sebring International Raceway,sebring-international-raceway,2022-03-19,202203191010_Race,99,13 J. Gounon J. Gounon 1:09.582 14:58.372 | Team Hardpoint | Porsche 911 GT3R GTD,1,10:38:49.677,R. Ferriol,10:39:57.072,R. Ferriol,1:07.395,1:07.395,20_Pit Stops Time Cards_Race.PDF,8,2
2022,05_Sebring International Raceway,Sebring International Raceway,sebring-international-raceway,2022-03-19,202203191010_Race,99,13 J. Gounon J. Gounon 1:09.582 14:58.372 | Team Hardpoint | Porsche 911 GT3R GTD,2,11:38:36.063,R. Ferriol,11:40:25.468,S. Wilson,1:49.405,2:56.800,20_Pit Stops Time Cards_Race.PDF,8,2
2022,05_Sebring International Raceway,Sebring International Raceway,sebring-international-raceway,2022-03-19,202203191010_Race,99,13 J. Gounon J. Gounon 1:09.582 14:58.372 | Team Hardpoint | Porsche 911 GT3R GTD,3,12:39:33.618,S. Wilson,12:40:50.199,S. Wilson,1:16.581,4:13.381,20_Pit Stops Time Cards_Race.PDF,8,2
2022,05_Sebring International Raceway,Sebring International Raceway,sebring-international-raceway,2022-03-19,202203191010_Race,99,13 J. Gounon J. Gounon 1:09.582 14:58.372 | Team Hardpoint | Porsche 911 GT3R GTD,4,13:14:57.011,S. Wilson,13:16:09.388,S. Wilson,1:12.377,5:25.758,20_Pit Stops Time Cards_Race.PDF,8,2
2022,05_Sebring International Raceway,Sebring International Raceway,sebring-international-raceway,2022-03-19,202203191010_Race,99,13 J. Gounon J. Gounon 1:09.582 14:58.372 | Team Hardpoint | Porsche 911 GT3R GTD,5,13:55:25.183,S. Wilson,13:57:01.859,K. Legge,1:36.676,7:02.434,20_Pit Stops Time Cards_Race.PDF,8,2
2022,05_Sebring International Raceway,Sebring International Raceway,sebring-international-raceway,2022-03-19,202203191010_Race,99,13 J. Gounon J. Gounon 1:09.582 14:58.372 | Team Hardpoint | Porsche 911 GT3R GTD,6,15:05:24.938,K. Legge,15:06:39.928,K. Legge,1:14.990,8:17.424,20_Pit Stops Time Cards_Race.PDF,8,2
2022,05_Sebring International Raceway,Sebring International Raceway,sebring-international-raceway,2022-03-19,202203191010_Race,99,13 J. Gounon J. Gounon 1:09.582 14:58.372 | Team Hardpoint | Porsche 911 GT3R GTD,7,16:13:35.902,K. Legge,16:14:52.412,R. Ferriol,1:16.510,9:33.934,20_Pit Stops Time Cards_Race.PDF,8,2
2022,05_Sebring International Raceway,Sebring International Raceway,sebring-international-raceway,2022-03-19,202203191010_Race,99,13 J. Gounon J. Gounon 1:09.582 14:58.372 | Team Hardpoint | Porsche 911 GT3R GTD,8,16:31:07.162,R. Ferriol,16:31:51.970,R. Ferriol,44.808,10:18.742,20_Pit Stops Time Cards_Race.PDF,8,2
2022,05_Sebring International Raceway,Sebring International Raceway,sebring-international-raceway,2022-03-19,202203191010_Race,99,13 J. Gounon J. Gounon 1:09.582 14:58.372 | Team Hardpoint | Porsche 911 GT3R GTD,9,17:29:15.450,R. Ferriol,17:30:21.003,R. Ferriol,1:05.553,11:24.295,20_Pit Stops Time Cards_Race.PDF,8,2
2022,05_Sebring International Raceway,Sebring International Raceway,sebring-international-raceway,2022-03-19,202203191010_Race,99,13 J. Gounon J. Gounon 1:09.582 14:58.372 | Team Hardpoint | Porsche 911 GT3R GTD,10,18:30:40.487,R. Ferriol,18:32:15.963,S. Wilson,1:35.476,12:59.771,20_Pit Stops Time Cards_Race.PDF,8,2
2022,05_Sebring International Raceway,Sebring International Raceway,sebring-international-raceway,2022-03-19,202203191010_Race,99,13 J. Gounon J. Gounon 1:09.582 14:58.372 | Team Hardpoint | Porsche 911 GT3R GTD,11,19:31:00.268,S. Wilson,19:32:17.104,K. Legge,1:16.836,14:16.607,20_Pit Stops Time Cards_Race.PDF,8,2
2022,05_Sebring International Raceway,Sebring International Raceway,sebring-international-raceway,2022-03-19,202203191010_Race,99,13 J. Gounon J. Gounon 1:09.582 14:58.372 | Team Hardpoint | Porsche 911 GT3R GTD,12,20:31:01.947,K. Legge,20:32:18.149,K. Legge,1:16.202,15:32.809,20_Pit Stops Time Cards_Race.PDF,8,2
2022,05_Sebring International Raceway,Sebring International Raceway,sebring-international-raceway,2022-03-19,202203191010_Race,99,13 J. Gounon J. Gounon 1:09.582 14:58.372 | Team Hardpoint | Porsche 911 GT3R GTD,13,21:18:15.859,K. Legge,21:19:29.991,K. Legge,1:14.132,16:46.941,20_Pit Stops Time Cards_Race.PDF,8,2
