year,event_code,event_name,track_slug,race_date,session_directory,car_number,lap_number,driver_number,driver_name,lap_time,sector_1,sector_2,sector_3,speed_mph,elapsed_time,elapsed_delta_ms,elapsed_lap_time_difference_ms,pit_lane_crossing,source_page
2017,06_Long Beach Street Circuit,Long Beach Street Circuit,long-beach-street-circuit,2017-04-08,201704081305_Race,2,1,1,Scott Sharp,1:23.083,28.597,30.118,24.368,85.2,1:23.083,,,0,1
2017,06_Long Beach Street Circuit,Long Beach Street Circuit,long-beach-street-circuit,2017-04-08,201704081305_Race,2,2,1,Scott Sharp,1:54.704,30.189,52.997,31.518,61.7,3:17.787,114704,0,0,1
2017,06_Long Beach Street Circuit,Long Beach Street Circuit,long-beach-street-circuit,2017-04-08,201704081305_Race,2,3,1,Scott Sharp,2:16.144,43.640,52.345,40.159,52.0,5:33.931,136144,0,0,1
2017,06_Long Beach Street Circuit,Long Beach Street Circuit,long-beach-street-circuit,2017-04-08,201704081305_Race,2,4,1,Scott Sharp,2:08.624,45.602,48.658,34.364,55.0,7:42.555,128624,0,0,1
2017,06_Long Beach Street Circuit,Long Beach Street Circuit,long-beach-street-circuit,2017-04-08,201704081305_Race,2,5,1,Scott Sharp,2:06.632,44.915,44.555,37.162,55.9,9:49.187,126632,0,0,1
2017,06_Long Beach Street Circuit,Long Beach Street Circuit,long-beach-street-circuit,2017-04-08,201704081305_Race,2,6,1,Scott Sharp,2:11.774,44.447,55.025,32.302,53.7,12:00.961,131774,0,0,1
2017,06_Long Beach Street Circuit,Long Beach Street Circuit,long-beach-street-circuit,2017-04-08,201704081305_Race,2,7,1,Scott Sharp,1:18.340,25.941,29.438,22.961,90.4,13:19.301,78340,0,0,1
2017,06_Long Beach Street Circuit,Long Beach Street Circuit,long-beach-street-circuit,2017-04-08,201704081305_Race,2,8,1,Scott Sharp,1:16.580,25.022,28.699,22.859,92.5,14:35.881,76580,0,0,1
2017,06_Long Beach Street Circuit,Long Beach Street Circuit,long-beach-street-circuit,2017-04-08,201704081305_Race,2,9,1,Scott Sharp,1:16.806,25.163,28.949,22.694,92.2,15:52.687,76806,0,0,1
2017,06_Long Beach Street Circuit,Long Beach Street Circuit,long-beach-street-circuit,2017-04-08,201704081305_Race,2,10,1,Scott Sharp,1:16.001,24.838,28.462,22.701,93.2,17:08.688,76001,0,0,1
2017,06_Long Beach Street Circuit,Long Beach Street Circuit,long-beach-street-circuit,2017-04-08,201704081305_Race,2,11,1,Scott Sharp,1:39.188,30.043,39.353,29.792,71.4,18:47.876,99188,0,0,1
2017,06_Long Beach Street Circuit,Long Beach Street Circuit,long-beach-street-circuit,2017-04-08,201704081305_Race,2,12,1,Scott Sharp,2:10.478,40.078,47.126,43.274,54.3,20:58.354,130478,0,1,1
2017,06_Long Beach Street Circuit,Long Beach Street Circuit,long-beach-street-circuit,2017-04-08,201704081305_Race,2,13,2,Ryan Dalziel,2:34.004,1:32.478,36.554,24.972,45.9,23:32.358,154004,0,0,1
2017,06_Long Beach Street Circuit,Long Beach Street Circuit,long-beach-street-circuit,2017-04-08,201704081305_Race,2,14,2,Ryan Dalziel,1:36.081,27.808,40.157,28.116,73.7,25:08.439,96081,0,0,1
2017,06_Long Beach Street Circuit,Long Beach Street Circuit,long-beach-street-circuit,2017-04-08,201704081305_Race,2,15,2,Ryan Dalziel,1:24.358,28.944,31.423,23.991,84.0,26:32.797,84358,0,0,1
2017,06_Long Beach Street Circuit,Long Beach Street Circuit,long-beach-street-circuit,2017-04-08,201704081305_Race,2,16,2,Ryan Dalziel,1:18.321,26.294,29.174,22.853,90.4,27:51.118,78321,0,0,1
2017,06_Long Beach Street Circuit,Long Beach Street Circuit,long-beach-street-circuit,2017-04-08,201704081305_Race,2,17,2,Ryan Dalziel,1:18.468,26.415,29.223,22.830,90.2,29:09.586,78468,0,0,1
2017,06_Long Beach Street Circuit,Long Beach Street Circuit,long-beach-street-circuit,2017-04-08,201704081305_Race,2,18,2,Ryan Dalziel,1:18.479,26.062,29.181,23.236,90.2,30:28.065,78479,0,0,1
2017,06_Long Beach Street Circuit,Long Beach Street Circuit,long-beach-street-circuit,2017-04-08,201704081305_Race,2,19,2,Ryan Dalziel,1:16.043,24.698,28.586,22.759,93.1,31:44.108,76043,0,0,1
2017,06_Long Beach Street Circuit,Long Beach Street Circuit,long-beach-street-circuit,2017-04-08,201704081305_Race,2,20,2,Ryan Dalziel,1:18.401,26.223,29.499,22.679,90.3,33:02.509,78401,0,0,1
2017,06_Long Beach Street Circuit,Long Beach Street Circuit,long-beach-street-circuit,2017-04-08,201704081305_Race,2,21,2,Ryan Dalziel,1:23.426,27.165,28.825,27.436,84.9,34:25.935,83426,0,0,1
2017,06_Long Beach Street Circuit,Long Beach Street Circuit,long-beach-street-circuit,2017-04-08,201704081305_Race,2,22,2,Ryan Dalziel,1:31.136,32.343,32.544,26.249,77.7,35:57.071,91136,0,0,1
2017,06_Long Beach Street Circuit,Long Beach Street Circuit,long-beach-street-circuit,2017-04-08,201704081305_Race,2,23,2,Ryan Dalziel,2:05.779,32.031,48.272,45.476,56.3,38:02.850,125779,0,0,1
2017,06_Long Beach Street Circuit,Long Beach Street Circuit,long-beach-street-circuit,2017-04-08,201704081305_Race,2,24,2,Ryan Dalziel,2:03.529,43.473,48.756,31.300,57.3,40:06.379,123529,0,0,1
2017,06_Long Beach Street Circuit,Long Beach Street Circuit,long-beach-street-circuit,2017-04-08,201704081305_Race,2,25,2,Ryan Dalziel,1:17.554,25.720,28.965,22.869,91.3,41:23.933,77554,0,0,1
2017,06_Long Beach Street Circuit,Long Beach Street Circuit,long-beach-street-circuit,2017-04-08,201704081305_Race,2,26,2,Ryan Dalziel,1:19.863,26.318,30.025,23.520,88.7,42:43.796,79863,0,0,1
2017,06_Long Beach Street Circuit,Long Beach Street Circuit,long-beach-street-circuit,2017-04-08,201704081305_Race,2,27,2,Ryan Dalziel,1:19.739,26.827,29.735,23.177,88.8,44:03.535,79739,0,0,1
2017,06_Long Beach Street Circuit,Long Beach Street Circuit,long-beach-street-circuit,2017-04-08,201704081305_Race,2,28,2,Ryan Dalziel,1:16.562,24.982,29.082,22.498,92.5,45:20.097,76562,0,0,1
2017,06_Long Beach Street Circuit,Long Beach Street Circuit,long-beach-street-circuit,2017-04-08,201704081305_Race,2,29,2,Ryan Dalziel,1:15.423,24.639,28.269,22.515,93.9,46:35.520,75423,0,0,1
2017,06_Long Beach Street Circuit,Long Beach Street Circuit,long-beach-street-circuit,2017-04-08,201704081305_Race,2,30,2,Ryan Dalziel,1:15.704,24.835,28.171,22.698,93.5,47:51.224,75704,0,0,1
2017,06_Long Beach Street Circuit,Long Beach Street Circuit,long-beach-street-circuit,2017-04-08,201704081305_Race,2,31,2,Ryan Dalziel,1:27.491,25.053,28.369,34.069,80.9,49:18.715,87491,0,0,1
2017,06_Long Beach Street Circuit,Long Beach Street Circuit,long-beach-street-circuit,2017-04-08,201704081305_Race,2,32,2,Ryan Dalziel,1:50.951,29.522,38.858,42.571,63.8,51:09.666,110951,0,0,1
2017,06_Long Beach Street Circuit,Long Beach Street Circuit,long-beach-street-circuit,2017-04-08,201704081305_Race,2,33,2,Ryan Dalziel,2:27.959,48.374,55.133,44.452,47.9,53:37.625,147959,0,0,1
2017,06_Long Beach Street Circuit,Long Beach Street Circuit,long-beach-street-circuit,2017-04-08,201704081305_Race,2,34,2,Ryan Dalziel,2:36.960,52.656,55.302,49.002,45.1,56:14.585,156960,0,1,1
2017,06_Long Beach Street Circuit,Long Beach Street Circuit,long-beach-street-circuit,2017-04-08,201704081305_Race,2,35,2,Ryan Dalziel,2:34.250,1:16.768,44.793,32.689,45.9,58:48.835,154250,0,0,1
2017,06_Long Beach Street Circuit,Long Beach Street Circuit,long-beach-street-circuit,2017-04-08,201704081305_Race,2,36,2,Ryan Dalziel,2:14.966,44.902,50.529,39.535,52.5,1:01:03.801,134966,0,0,1
2017,06_Long Beach Street Circuit,Long Beach Street Circuit,long-beach-street-circuit,2017-04-08,201704081305_Race,2,37,2,Ryan Dalziel,1:49.006,40.372,44.603,24.031,64.9,1:02:52.807,109006,0,0,1
2017,06_Long Beach Street Circuit,Long Beach Street Circuit,long-beach-street-circuit,2017-04-08,201704081305_Race,2,38,2,Ryan Dalziel,1:19.354,26.266,29.387,23.701,89.2,1:04:12.161,79354,0,0,1
2017,06_Long Beach Street Circuit,Long Beach Street Circuit,long-beach-street-circuit,2017-04-08,201704081305_Race,2,39,2,Ryan Dalziel,1:19.007,26.108,29.236,23.663,89.6,1:05:31.168,79007,0,0,1
2017,06_Long Beach Street Circuit,Long Beach Street Circuit,long-beach-street-circuit,2017-04-08,201704081305_Race,2,40,2,Ryan Dalziel,1:17.161,25.524,28.872,22.765,91.8,1:06:48.329,77161,0,0,1
2017,06_Long Beach Street Circuit,Long Beach Street Circuit,long-beach-street-circuit,2017-04-08,201704081305_Race,2,41,2,Ryan Dalziel,1:16.506,25.401,28.833,22.272,92.5,1:08:04.835,76506,0,0,1
2017,06_Long Beach Street Circuit,Long Beach Street Circuit,long-beach-street-circuit,2017-04-08,201704081305_Race,2,42,2,Ryan Dalziel,1:15.817,24.649,28.273,22.895,93.4,1:09:20.652,75817,0,0,1
2017,06_Long Beach Street Circuit,Long Beach Street Circuit,long-beach-street-circuit,2017-04-08,201704081305_Race,2,43,2,Ryan Dalziel,2:04.299,36.596,50.881,36.822,56.9,1:11:24.951,124299,0,0,1
2017,06_Long Beach Street Circuit,Long Beach Street Circuit,long-beach-street-circuit,2017-04-08,201704081305_Race,2,44,2,Ryan Dalziel,2:19.156,47.844,53.242,38.070,50.8,1:13:44.107,139156,0,0,1
2017,06_Long Beach Street Circuit,Long Beach Street Circuit,long-beach-street-circuit,2017-04-08,201704081305_Race,2,45,2,Ryan Dalziel,2:13.253,45.758,50.137,37.358,53.1,1:15:57.360,133253,0,0,1
2017,06_Long Beach Street Circuit,Long Beach Street Circuit,long-beach-street-circuit,2017-04-08,201704081305_Race,2,46,2,Ryan Dalziel,2:19.437,45.544,50.662,43.231,50.8,1:18:16.797,139437,0,0,1
2017,06_Long Beach Street Circuit,Long Beach Street Circuit,long-beach-street-circuit,2017-04-08,201704081305_Race,2,47,2,Ryan Dalziel,2:06.894,50.176,47.510,29.208,55.8,1:20:23.691,126894,0,0,1
2017,06_Long Beach Street Circuit,Long Beach Street Circuit,long-beach-street-circuit,2017-04-08,201704081305_Race,2,48,2,Ryan Dalziel,1:16.645,25.289,28.656,22.700,92.4,1:21:40.336,76645,0,0,1
2017,06_Long Beach Street Circuit,Long Beach Street Circuit,long-beach-street-circuit,2017-04-08,201704081305_Race,2,49,2,Ryan Dalziel,1:16.439,24.648,29.152,22.639,92.7,1:22:56.775,76439,0,0,1
2017,06_Long Beach Street Circuit,Long Beach Street Circuit,long-beach-street-circuit,2017-04-08,201704081305_Race,2,50,2,Ryan Dalziel,1:15.228,24.611,28.214,22.403,94.1,1:24:12.003,75228,0,0,1
2017,06_Long Beach Street Circuit,Long Beach Street Circuit,long-beach-street-circuit,2017-04-08,201704081305_Race,2,51,2,Ryan Dalziel,1:14.659,24.433,28.001,22.225,94.8,1:25:26.662,74659,0,0,1
2017,06_Long Beach Street Circuit,Long Beach Street Circuit,long-beach-street-circuit,2017-04-08,201704081305_Race,2,52,2,Ryan Dalziel,1:14.652,24.434,27.960,22.258,94.8,1:26:41.314,74652,0,0,1
2017,06_Long Beach Street Circuit,Long Beach Street Circuit,long-beach-street-circuit,2017-04-08,201704081305_Race,2,53,2,Ryan Dalziel,1:16.076,25.105,28.794,22.177,93.1,1:27:57.390,76076,0,0,1
2017,06_Long Beach Street Circuit,Long Beach Street Circuit,long-beach-street-circuit,2017-04-08,201704081305_Race,2,54,2,Ryan Dalziel,1:14.794,24.563,28.064,22.167,94.6,1:29:12.184,74794,0,0,1
2017,06_Long Beach Street Circuit,Long Beach Street Circuit,long-beach-street-circuit,2017-04-08,201704081305_Race,2,55,2,Ryan Dalziel,1:14.573,24.497,27.919,22.157,95.0,1:30:26.757,74573,0,0,1
2017,06_Long Beach Street Circuit,Long Beach Street Circuit,long-beach-street-circuit,2017-04-08,201704081305_Race,2,56,2,Ryan Dalziel,1:14.367,24.433,27.879,22.055,95.2,1:31:41.124,74367,0,0,1
2017,06_Long Beach Street Circuit,Long Beach Street Circuit,long-beach-street-circuit,2017-04-08,201704081305_Race,2,57,2,Ryan Dalziel,1:14.537,24.305,28.044,22.188,95.0,1:32:55.661,74537,0,0,1
2017,06_Long Beach Street Circuit,Long Beach Street Circuit,long-beach-street-circuit,2017-04-08,201704081305_Race,2,58,2,Ryan Dalziel,1:18.870,25.730,28.946,24.194,89.8,1:34:14.531,78870,0,0,1
2017,06_Long Beach Street Circuit,Long Beach Street Circuit,long-beach-street-circuit,2017-04-08,201704081305_Race,2,59,2,Ryan Dalziel,1:19.321,26.291,29.178,23.852,89.2,1:35:33.852,79321,0,0,1
2017,06_Long Beach Street Circuit,Long Beach Street Circuit,long-beach-street-circuit,2017-04-08,201704081305_Race,2,60,2,Ryan Dalziel,1:18.886,25.259,28.855,24.772,89.7,1:36:52.738,78886,0,0,1
2017,06_Long Beach Street Circuit,Long Beach Street Circuit,long-beach-street-circuit,2017-04-08,201704081305_Race,2,61,2,Ryan Dalziel,1:17.865,26.391,29.065,22.409,90.9,1:38:10.603,77865,0,0,1
2017,06_Long Beach Street Circuit,Long Beach Street Circuit,long-beach-street-circuit,2017-04-08,201704081305_Race,2,62,2,Ryan Dalziel,1:16.008,24.779,28.479,22.750,93.2,1:39:26.611,76008,0,0,1
2017,06_Long Beach Street Circuit,Long Beach Street Circuit,long-beach-street-circuit,2017-04-08,201704081305_Race,2,63,2,Ryan Dalziel,1:17.219,24.988,29.515,22.716,91.7,1:40:43.830,77219,0,0,1
2017,06_Long Beach Street Circuit,Long Beach Street Circuit,long-beach-street-circuit,2017-04-08,201704081305_Race,3,1,1,Jan Magnussen,1:32.040,31.775,35.951,24.314,76.9,1:32.040,,,0,1
2017,06_Long Beach Street Circuit,Long Beach Street Circuit,long-beach-street-circuit,2017-04-08,201704081305_Race,3,2,1,Jan Magnussen,1:55.674,32.864,51.206,31.604,61.2,3:27.714,115674,0,0,1
2017,06_Long Beach Street Circuit,Long Beach Street Circuit,long-beach-street-circuit,2017-04-08,201704081305_Race,3,3,1,Jan Magnussen,2:19.194,44.237,53.833,41.124,50.8,5:46.908,139194,0,0,1
2017,06_Long Beach Street Circuit,Long Beach Street Circuit,long-beach-street-circuit,2017-04-08,201704081305_Race,3,4,1,Jan Magnussen,2:08.733,42.981,52.290,33.462,55.0,7:55.641,128733,0,0,1
2017,06_Long Beach Street Circuit,Long Beach Street Circuit,long-beach-street-circuit,2017-04-08,201704081305_Race,3,5,1,Jan Magnussen,2:05.217,43.836,43.686,37.695,56.6,10:00.858,125217,0,0,1
2017,06_Long Beach Street Circuit,Long Beach Street Circuit,long-beach-street-circuit,2017-04-08,201704081305_Race,3,6,1,Jan Magnussen,2:06.393,43.147,53.763,29.483,56.0,12:07.251,126393,0,0,1
2017,06_Long Beach Street Circuit,Long Beach Street Circuit,long-beach-street-circuit,2017-04-08,201704081305_Race,3,7,1,Jan Magnussen,1:22.795,26.959,30.817,25.019,85.5,13:30.046,82795,0,0,1
2017,06_Long Beach Street Circuit,Long Beach Street Circuit,long-beach-street-circuit,2017-04-08,201704081305_Race,3,8,1,Jan Magnussen,1:19.856,26.581,29.955,23.320,88.7,14:49.902,79856,0,0,1
2017,06_Long Beach Street Circuit,Long Beach Street Circuit,long-beach-street-circuit,2017-04-08,201704081305_Race,3,9,1,Jan Magnussen,1:19.095,25.991,29.986,23.118,89.6,16:08.997,79095,0,0,1
2017,06_Long Beach Street Circuit,Long Beach Street Circuit,long-beach-street-circuit,2017-04-08,201704081305_Race,3,10,1,Jan Magnussen,1:19.110,25.958,29.654,23.498,89.5,17:28.107,79110,0,0,1
2017,06_Long Beach Street Circuit,Long Beach Street Circuit,long-beach-street-circuit,2017-04-08,201704081305_Race,3,11,1,Jan Magnussen,1:35.727,31.561,34.756,29.410,74.0,19:03.834,95727,0,0,1
2017,06_Long Beach Street Circuit,Long Beach Street Circuit,long-beach-street-circuit,2017-04-08,201704081305_Race,3,12,1,Jan Magnussen,1:56.629,33.622,46.480,36.527,60.7,21:00.463,116629,0,0,1
2017,06_Long Beach Street Circuit,Long Beach Street Circuit,long-beach-street-circuit,2017-04-08,201704081305_Race,3,13,1,Jan Magnussen,2:11.270,43.750,44.218,43.302,53.9,23:11.733,131270,0,1,1
2017,06_Long Beach Street Circuit,Long Beach Street Circuit,long-beach-street-circuit,2017-04-08,201704081305_Race,3,14,2,Antonio Garcia,2:15.925,1:20.200,31.669,24.056,52.1,25:27.658,135925,0,0,1
2017,06_Long Beach Street Circuit,Long Beach Street Circuit,long-beach-street-circuit,2017-04-08,201704081305_Race,3,15,2,Antonio Garcia,1:20.259,26.564,30.192,23.503,88.2,26:47.917,80259,0,0,1
2017,06_Long Beach Street Circuit,Long Beach Street Circuit,long-beach-street-circuit,2017-04-08,201704081305_Race,3,16,2,Antonio Garcia,1:19.531,26.324,29.973,23.234,89.1,28:07.448,79531,0,0,1
2017,06_Long Beach Street Circuit,Long Beach Street Circuit,long-beach-street-circuit,2017-04-08,201704081305_Race,3,17,2,Antonio Garcia,1:18.848,26.035,29.736,23.077,89.8,29:26.296,78848,0,0,1
2017,06_Long Beach Street Circuit,Long Beach Street Circuit,long-beach-street-circuit,2017-04-08,201704081305_Race,3,18,2,Antonio Garcia,1:18.648,25.923,29.734,22.991,90.0,30:44.944,78648,0,0,1
2017,06_Long Beach Street Circuit,Long Beach Street Circuit,long-beach-street-circuit,2017-04-08,201704081305_Race,3,19,2,Antonio Garcia,1:18.522,25.932,29.644,22.946,90.2,32:03.466,78522,0,0,1
2017,06_Long Beach Street Circuit,Long Beach Street Circuit,long-beach-street-circuit,2017-04-08,201704081305_Race,3,20,2,Antonio Garcia,1:19.355,25.943,29.697,23.715,89.2,33:22.821,79355,0,0,1
2017,06_Long Beach Street Circuit,Long Beach Street Circuit,long-beach-street-circuit,2017-04-08,201704081305_Race,3,21,2,Antonio Garcia,1:30.985,26.641,35.944,28.400,77.8,34:53.806,90985,0,0,1
2017,06_Long Beach Street Circuit,Long Beach Street Circuit,long-beach-street-circuit,2017-04-08,201704081305_Race,3,22,2,Antonio Garcia,1:32.381,31.367,35.073,25.941,76.6,36:26.187,92381,0,0,1
2017,06_Long Beach Street Circuit,Long Beach Street Circuit,long-beach-street-circuit,2017-04-08,201704081305_Race,3,23,2,Antonio Garcia,1:51.927,30.126,39.566,42.235,63.3,38:18.114,111927,0,0,1
2017,06_Long Beach Street Circuit,Long Beach Street Circuit,long-beach-street-circuit,2017-04-08,201704081305_Race,3,24,2,Antonio Garcia,1:56.213,47.757,41.064,27.392,60.9,40:14.327,116213,0,0,1
2017,06_Long Beach Street Circuit,Long Beach Street Circuit,long-beach-street-circuit,2017-04-08,201704081305_Race,3,25,2,Antonio Garcia,1:24.580,27.001,31.523,26.056,83.7,41:38.907,84580,0,0,1
2017,06_Long Beach Street Circuit,Long Beach Street Circuit,long-beach-street-circuit,2017-04-08,201704081305_Race,3,26,2,Antonio Garcia,1:19.648,26.301,29.957,23.390,88.9,42:58.555,79648,0,0,1
2017,06_Long Beach Street Circuit,Long Beach Street Circuit,long-beach-street-circuit,2017-04-08,201704081305_Race,3,27,2,Antonio Garcia,1:21.317,26.396,30.100,24.821,87.1,44:19.872,81317,0,0,1
2017,06_Long Beach Street Circuit,Long Beach Street Circuit,long-beach-street-circuit,2017-04-08,201704081305_Race,3,28,2,Antonio Garcia,1:21.089,26.542,30.789,23.758,87.3,45:40.961,81089,0,0,1
2017,06_Long Beach Street Circuit,Long Beach Street Circuit,long-beach-street-circuit,2017-04-08,201704081305_Race,3,29,2,Antonio Garcia,1:20.398,26.788,30.448,23.162,88.1,47:01.359,80398,0,0,1
2017,06_Long Beach Street Circuit,Long Beach Street Circuit,long-beach-street-circuit,2017-04-08,201704081305_Race,3,30,2,Antonio Garcia,1:20.881,26.130,31.455,23.296,87.6,48:22.240,80881,0,0,1
2017,06_Long Beach Street Circuit,Long Beach Street Circuit,long-beach-street-circuit,2017-04-08,201704081305_Race,3,31,2,Antonio Garcia,1:39.817,26.162,35.546,38.109,70.9,50:02.057,99817,0,0,1
2017,06_Long Beach Street Circuit,Long Beach Street Circuit,long-beach-street-circuit,2017-04-08,201704081305_Race,3,32,2,Antonio Garcia,1:46.002,38.685,39.723,27.594,66.8,51:48.059,106002,0,0,1
2017,06_Long Beach Street Circuit,Long Beach Street Circuit,long-beach-street-circuit,2017-04-08,201704081305_Race,3,33,2,Antonio Garcia,2:02.513,32.669,44.311,45.533,57.8,53:50.572,122513,0,0,1
2017,06_Long Beach Street Circuit,Long Beach Street Circuit,long-beach-street-circuit,2017-04-08,201704081305_Race,3,34,2,Antonio Garcia,2:24.997,47.995,54.565,42.437,48.8,56:15.569,144997,0,0,1
2017,06_Long Beach Street Circuit,Long Beach Street Circuit,long-beach-street-circuit,2017-04-08,201704081305_Race,3,35,2,Antonio Garcia,2:09.389,48.876,45.707,34.806,54.7,58:24.958,129389,0,0,1
2017,06_Long Beach Street Circuit,Long Beach Street Circuit,long-beach-street-circuit,2017-04-08,201704081305_Race,3,36,2,Antonio Garcia,2:12.653,47.075,47.443,38.135,53.4,1:00:37.611,132653,0,0,1
2017,06_Long Beach Street Circuit,Long Beach Street Circuit,long-beach-street-circuit,2017-04-08,201704081305_Race,3,37,2,Antonio Garcia,2:01.906,47.158,45.477,29.271,58.0,1:02:39.517,121906,0,0,1
2017,06_Long Beach Street Circuit,Long Beach Street Circuit,long-beach-street-circuit,2017-04-08,201704081305_Race,3,38,2,Antonio Garcia,1:20.848,26.896,30.375,23.577,87.6,1:04:00.365,80848,0,0,1
2017,06_Long Beach Street Circuit,Long Beach Street Circuit,long-beach-street-circuit,2017-04-08,201704081305_Race,3,39,2,Antonio Garcia,1:19.892,26.442,30.031,23.419,88.6,1:05:20.257,79892,0,0,1
2017,06_Long Beach Street Circuit,Long Beach Street Circuit,long-beach-street-circuit,2017-04-08,201704081305_Race,3,40,2,Antonio Garcia,1:19.401,26.246,29.863,23.292,89.2,1:06:39.658,79401,0,0,1
2017,06_Long Beach Street Circuit,Long Beach Street Circuit,long-beach-street-circuit,2017-04-08,201704081305_Race,3,41,2,Antonio Garcia,1:19.128,26.189,29.804,23.135,89.5,1:07:58.786,79128,0,0,1
2017,06_Long Beach Street Circuit,Long Beach Street Circuit,long-beach-street-circuit,2017-04-08,201704081305_Race,3,42,2,Antonio Garcia,1:20.284,26.088,29.753,24.443,88.2,1:09:19.070,80284,0,0,1
2017,06_Long Beach Street Circuit,Long Beach Street Circuit,long-beach-street-circuit,2017-04-08,201704081305_Race,3,43,2,Antonio Garcia,2:04.413,36.020,51.548,36.845,56.9,1:11:23.483,124413,0,0,1
2017,06_Long Beach Street Circuit,Long Beach Street Circuit,long-beach-street-circuit,2017-04-08,201704081305_Race,3,44,2,Antonio Garcia,2:18.564,48.057,52.253,38.254,51.1,1:13:42.047,138564,0,0,1
2017,06_Long Beach Street Circuit,Long Beach Street Circuit,long-beach-street-circuit,2017-04-08,201704081305_Race,3,45,2,Antonio Garcia,2:13.270,46.148,49.239,37.883,53.1,1:15:55.317,133270,0,0,1
2017,06_Long Beach Street Circuit,Long Beach Street Circuit,long-beach-street-circuit,2017-04-08,201704081305_Race,3,46,2,Antonio Garcia,2:19.288,45.473,51.050,42.765,50.8,1:18:14.605,139288,0,0,1
2017,06_Long Beach Street Circuit,Long Beach Street Circuit,long-beach-street-circuit,2017-04-08,201704081305_Race,3,47,2,Antonio Garcia,2:08.458,50.480,47.681,30.297,55.1,1:20:23.063,128458,0,0,1
2017,06_Long Beach Street Circuit,Long Beach Street Circuit,long-beach-street-circuit,2017-04-08,201704081305_Race,3,48,2,Antonio Garcia,1:20.581,26.758,30.184,23.639,87.9,1:21:43.644,80581,0,0,1
2017,06_Long Beach Street Circuit,Long Beach Street Circuit,long-beach-street-circuit,2017-04-08,201704081305_Race,3,49,2,Antonio Garcia,1:19.398,26.370,29.777,23.251,89.2,1:23:03.042,79398,0,0,2
2017,06_Long Beach Street Circuit,Long Beach Street Circuit,long-beach-street-circuit,2017-04-08,201704081305_Race,3,50,2,Antonio Garcia,1:19.732,26.082,30.357,23.293,88.8,1:24:22.774,79732,0,0,2
2017,06_Long Beach Street Circuit,Long Beach Street Circuit,long-beach-street-circuit,2017-04-08,201704081305_Race,3,51,2,Antonio Garcia,1:19.259,26.401,29.779,23.079,89.4,1:25:42.033,79259,0,0,2
2017,06_Long Beach Street Circuit,Long Beach Street Circuit,long-beach-street-circuit,2017-04-08,201704081305_Race,3,52,2,Antonio Garcia,1:19.419,26.122,29.910,23.387,89.2,1:27:01.452,79419,0,0,2
2017,06_Long Beach Street Circuit,Long Beach Street Circuit,long-beach-street-circuit,2017-04-08,201704081305_Race,3,53,2,Antonio Garcia,1:20.361,26.237,30.828,23.296,88.1,1:28:21.813,80361,0,0,2
2017,06_Long Beach Street Circuit,Long Beach Street Circuit,long-beach-street-circuit,2017-04-08,201704081305_Race,3,54,2,Antonio Garcia,1:18.732,25.975,29.714,23.043,89.9,1:29:40.545,78732,0,0,2
2017,06_Long Beach Street Circuit,Long Beach Street Circuit,long-beach-street-circuit,2017-04-08,201704081305_Race,3,55,2,Antonio Garcia,1:18.723,26.045,29.678,23.000,89.9,1:30:59.268,78723,0,0,2
2017,06_Long Beach Street Circuit,Long Beach Street Circuit,long-beach-street-circuit,2017-04-08,201704081305_Race,3,56,2,Antonio Garcia,1:18.764,25.966,29.732,23.066,89.9,1:32:18.032,78764,0,0,2
2017,06_Long Beach Street Circuit,Long Beach Street Circuit,long-beach-street-circuit,2017-04-08,201704081305_Race,3,57,2,Antonio Garcia,1:18.947,25.997,29.756,23.194,89.7,1:33:36.979,78947,0,0,2
2017,06_Long Beach Street Circuit,Long Beach Street Circuit,long-beach-street-circuit,2017-04-08,201704081305_Race,3,58,2,Antonio Garcia,1:19.296,26.009,29.904,23.383,89.3,1:34:56.275,79296,0,0,2
2017,06_Long Beach Street Circuit,Long Beach Street Circuit,long-beach-street-circuit,2017-04-08,201704081305_Race,3,59,2,Antonio Garcia,1:19.231,26.113,29.800,23.318,89.4,1:36:15.506,79231,0,0,2
2017,06_Long Beach Street Circuit,Long Beach Street Circuit,long-beach-street-circuit,2017-04-08,201704081305_Race,3,60,2,Antonio Garcia,1:19.357,26.184,30.023,23.150,89.2,1:37:34.863,79357,0,0,2
2017,06_Long Beach Street Circuit,Long Beach Street Circuit,long-beach-street-circuit,2017-04-08,201704081305_Race,3,61,2,Antonio Garcia,1:19.127,26.056,30.016,23.055,89.5,1:38:53.990,79127,0,0,2
2017,06_Long Beach Street Circuit,Long Beach Street Circuit,long-beach-street-circuit,2017-04-08,201704081305_Race,3,62,2,Antonio Garcia,1:19.702,26.033,30.091,23.578,88.9,1:40:13.692,79702,0,0,2
2017,06_Long Beach Street Circuit,Long Beach Street Circuit,long-beach-street-circuit,2017-04-08,201704081305_Race,3,63,2,Antonio Garcia,1:48.798,26.029,30.007,52.762,65.1,1:42:02.490,108798,0,0,2
2017,06_Long Beach Street Circuit,Long Beach Street Circuit,long-beach-street-circuit,2017-04-08,201704081305_Race,4,1,1,Oliver Gavin,1:28.452,33.008,31.513,23.931,80.0,1:28.452,,,0,2
2017,06_Long Beach Street Circuit,Long Beach Street Circuit,long-beach-street-circuit,2017-04-08,201704081305_Race,4,2,1,Oliver Gavin,1:54.201,30.787,52.281,31.133,62.0,3:22.653,114201,0,0,2
2017,06_Long Beach Street Circuit,Long Beach Street Circuit,long-beach-street-circuit,2017-04-08,201704081305_Race,4,3,1,Oliver Gavin,2:17.852,43.040,54.477,40.335,51.3,5:40.505,137852,0,0,2
2017,06_Long Beach Street Circuit,Long Beach Street Circuit,long-beach-street-circuit,2017-04-08,201704081305_Race,4,4,1,Oliver Gavin,2:08.458,44.218,51.090,33.150,55.1,7:48.963,128458,0,0,2
2017,06_Long Beach Street Circuit,Long Beach Street Circuit,long-beach-street-circuit,2017-04-08,201704081305_Race,4,5,1,Oliver Gavin,2:07.125,43.248,46.203,37.674,55.7,9:56.088,127125,0,0,2
2017,06_Long Beach Street Circuit,Long Beach Street Circuit,long-beach-street-circuit,2017-04-08,201704081305_Race,4,6,1,Oliver Gavin,2:08.048,41.823,54.160,32.065,55.3,12:04.136,128048,0,0,2
2017,06_Long Beach Street Circuit,Long Beach Street Circuit,long-beach-street-circuit,2017-04-08,201704081305_Race,4,7,1,Oliver Gavin,1:20.649,26.753,30.196,23.700,87.8,13:24.785,80649,0,0,2
2017,06_Long Beach Street Circuit,Long Beach Street Circuit,long-beach-street-circuit,2017-04-08,201704081305_Race,4,8,1,Oliver Gavin,1:19.407,26.240,29.913,23.254,89.2,14:44.192,79407,0,0,2
2017,06_Long Beach Street Circuit,Long Beach Street Circuit,long-beach-street-circuit,2017-04-08,201704081305_Race,4,9,1,Oliver Gavin,1:18.858,25.988,29.747,23.123,89.8,16:03.050,78858,0,0,2
2017,06_Long Beach Street Circuit,Long Beach Street Circuit,long-beach-street-circuit,2017-04-08,201704081305_Race,4,10,1,Oliver Gavin,1:21.245,25.870,29.711,25.664,87.1,17:24.295,81245,0,0,2
2017,06_Long Beach Street Circuit,Long Beach Street Circuit,long-beach-street-circuit,2017-04-08,201704081305_Race,4,11,1,Oliver Gavin,1:37.126,32.178,35.865,29.083,72.9,19:01.421,97126,0,0,2
2017,06_Long Beach Street Circuit,Long Beach Street Circuit,long-beach-street-circuit,2017-04-08,201704081305_Race,4,12,1,Oliver Gavin,1:56.012,32.817,46.904,36.291,61.0,20:57.433,116012,0,0,2
2017,06_Long Beach Street Circuit,Long Beach Street Circuit,long-beach-street-circuit,2017-04-08,201704081305_Race,4,13,1,Oliver Gavin,2:06.642,44.065,44.943,37.634,55.9,23:04.075,126642,0,0,2
2017,06_Long Beach Street Circuit,Long Beach Street Circuit,long-beach-street-circuit,2017-04-08,201704081305_Race,4,14,1,Oliver Gavin,1:58.476,41.152,46.113,31.211,59.7,25:02.551,118476,0,0,2
2017,06_Long Beach Street Circuit,Long Beach Street Circuit,long-beach-street-circuit,2017-04-08,201704081305_Race,4,15,1,Oliver Gavin,1:20.299,26.621,30.134,23.544,88.2,26:22.850,80299,0,0,2
2017,06_Long Beach Street Circuit,Long Beach Street Circuit,long-beach-street-circuit,2017-04-08,201704081305_Race,4,16,1,Oliver Gavin,1:18.785,25.824,29.781,23.180,89.9,27:41.635,78785,0,0,2
2017,06_Long Beach Street Circuit,Long Beach Street Circuit,long-beach-street-circuit,2017-04-08,201704081305_Race,4,17,1,Oliver Gavin,1:18.704,25.766,29.717,23.221,90.0,29:00.339,78704,0,0,2
2017,06_Long Beach Street Circuit,Long Beach Street Circuit,long-beach-street-circuit,2017-04-08,201704081305_Race,4,18,1,Oliver Gavin,1:18.544,25.786,29.665,23.093,90.2,30:18.883,78544,0,0,2
2017,06_Long Beach Street Circuit,Long Beach Street Circuit,long-beach-street-circuit,2017-04-08,201704081305_Race,4,19,1,Oliver Gavin,1:20.209,25.890,30.925,23.394,88.3,31:39.092,80209,0,0,2
2017,06_Long Beach Street Circuit,Long Beach Street Circuit,long-beach-street-circuit,2017-04-08,201704081305_Race,4,20,1,Oliver Gavin,1:22.385,26.592,31.500,24.293,85.9,33:01.477,82385,0,0,2
2017,06_Long Beach Street Circuit,Long Beach Street Circuit,long-beach-street-circuit,2017-04-08,201704081305_Race,4,21,1,Oliver Gavin,1:23.784,26.248,29.958,27.578,84.5,34:25.261,83784,0,0,2
2017,06_Long Beach Street Circuit,Long Beach Street Circuit,long-beach-street-circuit,2017-04-08,201704081305_Race,4,22,1,Oliver Gavin,1:31.421,32.003,33.222,26.196,77.4,35:56.682,91421,0,0,2
2017,06_Long Beach Street Circuit,Long Beach Street Circuit,long-beach-street-circuit,2017-04-08,201704081305_Race,4,23,1,Oliver Gavin,2:05.111,31.794,48.024,45.293,56.6,38:01.793,125111,0,0,2
2017,06_Long Beach Street Circuit,Long Beach Street Circuit,long-beach-street-circuit,2017-04-08,201704081305_Race,4,24,1,Oliver Gavin,2:04.412,42.985,49.642,31.785,56.9,40:06.205,124412,0,0,2
2017,06_Long Beach Street Circuit,Long Beach Street Circuit,long-beach-street-circuit,2017-04-08,201704081305_Race,4,25,1,Oliver Gavin,1:21.623,26.830,31.043,23.750,86.8,41:27.828,81623,0,0,2
2017,06_Long Beach Street Circuit,Long Beach Street Circuit,long-beach-street-circuit,2017-04-08,201704081305_Race,4,26,1,Oliver Gavin,1:32.198,25.952,29.773,36.473,76.8,43:00.026,92198,0,1,2
2017,06_Long Beach Street Circuit,Long Beach Street Circuit,long-beach-street-circuit,2017-04-08,201704081305_Race,4,27,2,Tommy Milner,2:06.414,1:12.611,30.475,23.328,56.0,45:06.440,126414,0,0,2
2017,06_Long Beach Street Circuit,Long Beach Street Circuit,long-beach-street-circuit,2017-04-08,201704081305_Race,4,28,2,Tommy Milner,1:19.551,26.359,29.851,23.341,89.0,46:25.991,79551,0,0,2
2017,06_Long Beach Street Circuit,Long Beach Street Circuit,long-beach-street-circuit,2017-04-08,201704081305_Race,4,29,2,Tommy Milner,1:20.392,26.135,30.842,23.415,88.1,47:46.383,80392,0,0,2
2017,06_Long Beach Street Circuit,Long Beach Street Circuit,long-beach-street-circuit,2017-04-08,201704081305_Race,4,30,2,Tommy Milner,1:51.623,25.809,29.673,56.141,63.4,49:38.006,111623,0,0,2
2017,06_Long Beach Street Circuit,Long Beach Street Circuit,long-beach-street-circuit,2017-04-08,201704081305_Race,4,31,2,Tommy Milner,1:37.636,27.333,35.215,35.088,72.5,51:15.642,97636,0,0,2
2017,06_Long Beach Street Circuit,Long Beach Street Circuit,long-beach-street-circuit,2017-04-08,201704081305_Race,4,32,2,Tommy Milner,2:02.117,46.958,49.622,25.537,58.0,53:17.759,122117,0,0,2
2017,06_Long Beach Street Circuit,Long Beach Street Circuit,long-beach-street-circuit,2017-04-08,201704081305_Race,4,33,2,Tommy Milner,1:23.634,27.560,31.440,24.634,84.6,54:41.393,83634,0,0,2
2017,06_Long Beach Street Circuit,Long Beach Street Circuit,long-beach-street-circuit,2017-04-08,201704081305_Race,4,34,2,Tommy Milner,1:42.951,27.023,35.852,40.076,68.8,56:24.344,102951,0,0,2
2017,06_Long Beach Street Circuit,Long Beach Street Circuit,long-beach-street-circuit,2017-04-08,201704081305_Race,4,35,2,Tommy Milner,2:10.455,48.482,49.063,32.910,54.3,58:34.799,130455,0,0,2
2017,06_Long Beach Street Circuit,Long Beach Street Circuit,long-beach-street-circuit,2017-04-08,201704081305_Race,4,36,2,Tommy Milner,2:11.085,45.123,49.061,36.901,54.0,1:00:45.884,131085,0,0,2
2017,06_Long Beach Street Circuit,Long Beach Street Circuit,long-beach-street-circuit,2017-04-08,201704081305_Race,4,37,2,Tommy Milner,1:59.482,45.953,45.722,27.807,59.2,1:02:45.366,119482,0,0,2
2017,06_Long Beach Street Circuit,Long Beach Street Circuit,long-beach-street-circuit,2017-04-08,201704081305_Race,4,38,2,Tommy Milner,1:21.636,26.841,30.943,23.852,86.8,1:04:07.002,81636,0,0,2
2017,06_Long Beach Street Circuit,Long Beach Street Circuit,long-beach-street-circuit,2017-04-08,201704081305_Race,4,39,2,Tommy Milner,1:20.025,26.383,30.371,23.271,88.5,1:05:27.027,80025,0,0,2
2017,06_Long Beach Street Circuit,Long Beach Street Circuit,long-beach-street-circuit,2017-04-08,201704081305_Race,4,40,2,Tommy Milner,1:20.275,26.037,30.385,23.853,88.2,1:06:47.302,80275,0,0,2
2017,06_Long Beach Street Circuit,Long Beach Street Circuit,long-beach-street-circuit,2017-04-08,201704081305_Race,4,41,2,Tommy Milner,1:18.583,25.851,29.602,23.130,90.1,1:08:05.885,78583,0,0,2
2017,06_Long Beach Street Circuit,Long Beach Street Circuit,long-beach-street-circuit,2017-04-08,201704081305_Race,4,42,2,Tommy Milner,1:18.758,25.731,29.633,23.394,89.9,1:09:24.643,78758,0,0,2
2017,06_Long Beach Street Circuit,Long Beach Street Circuit,long-beach-street-circuit,2017-04-08,201704081305_Race,4,43,2,Tommy Milner,2:01.431,33.206,51.363,36.862,58.3,1:11:26.074,121431,0,0,2
2017,06_Long Beach Street Circuit,Long Beach Street Circuit,long-beach-street-circuit,2017-04-08,201704081305_Race,4,44,2,Tommy Milner,2:19.014,47.648,53.386,37.980,50.9,1:13:45.088,139014,0,0,2
2017,06_Long Beach Street Circuit,Long Beach Street Circuit,long-beach-street-circuit,2017-04-08,201704081305_Race,4,45,2,Tommy Milner,2:13.241,45.525,50.458,37.258,53.1,1:15:58.329,133241,0,0,2
2017,06_Long Beach Street Circuit,Long Beach Street Circuit,long-beach-street-circuit,2017-04-08,201704081305_Race,4,46,2,Tommy Milner,2:19.243,45.616,50.598,43.029,50.8,1:18:17.572,139243,0,0,2
2017,06_Long Beach Street Circuit,Long Beach Street Circuit,long-beach-street-circuit,2017-04-08,201704081305_Race,4,47,2,Tommy Milner,2:07.420,50.365,47.262,29.793,55.6,1:20:24.992,127420,0,0,2
2017,06_Long Beach Street Circuit,Long Beach Street Circuit,long-beach-street-circuit,2017-04-08,201704081305_Race,4,48,2,Tommy Milner,1:20.286,26.285,30.476,23.525,88.2,1:21:45.278,80286,0,0,2
2017,06_Long Beach Street Circuit,Long Beach Street Circuit,long-beach-street-circuit,2017-04-08,201704081305_Race,4,49,2,Tommy Milner,1:19.821,26.022,29.661,24.138,88.7,1:23:05.099,79821,0,0,2
2017,06_Long Beach Street Circuit,Long Beach Street Circuit,long-beach-street-circuit,2017-04-08,201704081305_Race,4,50,2,Tommy Milner,1:19.350,25.892,29.837,23.621,89.2,1:24:24.449,79350,0,0,2
2017,06_Long Beach Street Circuit,Long Beach Street Circuit,long-beach-street-circuit,2017-04-08,201704081305_Race,4,51,2,Tommy Milner,1:18.669,25.929,29.615,23.125,90.0,1:25:43.118,78669,0,0,2
2017,06_Long Beach Street Circuit,Long Beach Street Circuit,long-beach-street-circuit,2017-04-08,201704081305_Race,4,52,2,Tommy Milner,1:19.415,25.856,29.701,23.858,89.2,1:27:02.533,79415,0,0,2
2017,06_Long Beach Street Circuit,Long Beach Street Circuit,long-beach-street-circuit,2017-04-08,201704081305_Race,4,53,2,Tommy Milner,1:20.227,25.930,31.006,23.291,88.2,1:28:22.760,80227,0,0,2
2017,06_Long Beach Street Circuit,Long Beach Street Circuit,long-beach-street-circuit,2017-04-08,201704081305_Race,4,54,2,Tommy Milner,1:18.506,25.742,29.677,23.087,90.2,1:29:41.266,78506,0,0,2
2017,06_Long Beach Street Circuit,Long Beach Street Circuit,long-beach-street-circuit,2017-04-08,201704081305_Race,4,55,2,Tommy Milner,1:18.576,25.953,29.590,23.033,90.1,1:30:59.842,78576,0,0,2
2017,06_Long Beach Street Circuit,Long Beach Street Circuit,long-beach-street-circuit,2017-04-08,201704081305_Race,4,56,2,Tommy Milner,1:18.805,25.934,29.676,23.195,89.9,1:32:18.647,78805,0,0,2
2017,06_Long Beach Street Circuit,Long Beach Street Circuit,long-beach-street-circuit,2017-04-08,201704081305_Race,4,57,2,Tommy Milner,1:19.134,25.962,29.703,23.469,89.5,1:33:37.781,79134,0,0,2
2017,06_Long Beach Street Circuit,Long Beach Street Circuit,long-beach-street-circuit,2017-04-08,201704081305_Race,4,58,2,Tommy Milner,1:19.122,26.293,29.798,23.031,89.5,1:34:56.903,79122,0,0,2
2017,06_Long Beach Street Circuit,Long Beach Street Circuit,long-beach-street-circuit,2017-04-08,201704081305_Race,4,59,2,Tommy Milner,1:19.573,25.978,29.858,23.737,89.0,1:36:16.476,79573,0,0,2
2017,06_Long Beach Street Circuit,Long Beach Street Circuit,long-beach-street-circuit,2017-04-08,201704081305_Race,4,60,2,Tommy Milner,1:18.771,25.753,29.800,23.218,89.9,1:37:35.247,78771,0,0,2
2017,06_Long Beach Street Circuit,Long Beach Street Circuit,long-beach-street-circuit,2017-04-08,201704081305_Race,4,61,2,Tommy Milner,1:19.243,26.110,29.925,23.208,89.4,1:38:54.490,79243,0,0,2
2017,06_Long Beach Street Circuit,Long Beach Street Circuit,long-beach-street-circuit,2017-04-08,201704081305_Race,4,62,2,Tommy Milner,1:19.715,25.928,29.950,23.837,88.8,1:40:14.205,79715,0,0,2
2017,06_Long Beach Street Circuit,Long Beach Street Circuit,long-beach-street-circuit,2017-04-08,201704081305_Race,4,63,2,Tommy Milner,1:32.675,25.972,29.899,36.804,76.4,1:41:46.880,92675,0,0,2
2017,06_Long Beach Street Circuit,Long Beach Street Circuit,long-beach-street-circuit,2017-04-08,201704081305_Race,5,1,2,Christian Fittipaldi,1:19.258,27.154,29.230,22.874,89.4,1:19.258,,,0,2
2017,06_Long Beach Street Circuit,Long Beach Street Circuit,long-beach-street-circuit,2017-04-08,201704081305_Race,5,2,2,Christian Fittipaldi,1:54.812,30.442,52.509,31.861,61.7,3:14.070,114812,0,0,2
2017,06_Long Beach Street Circuit,Long Beach Street Circuit,long-beach-street-circuit,2017-04-08,201704081305_Race,5,3,2,Christian Fittipaldi,2:15.575,44.434,51.754,39.387,52.2,5:29.645,135575,0,0,2
2017,06_Long Beach Street Circuit,Long Beach Street Circuit,long-beach-street-circuit,2017-04-08,201704081305_Race,5,4,2,Christian Fittipaldi,2:08.437,45.211,49.243,33.983,55.1,7:38.082,128437,0,0,2
2017,06_Long Beach Street Circuit,Long Beach Street Circuit,long-beach-street-circuit,2017-04-08,201704081305_Race,5,5,2,Christian Fittipaldi,2:06.035,43.889,47.359,34.787,56.2,9:44.117,126035,0,0,2
2017,06_Long Beach Street Circuit,Long Beach Street Circuit,long-beach-street-circuit,2017-04-08,201704081305_Race,5,6,2,Christian Fittipaldi,2:14.248,45.651,56.278,32.319,52.7,11:58.365,134248,0,0,2
2017,06_Long Beach Street Circuit,Long Beach Street Circuit,long-beach-street-circuit,2017-04-08,201704081305_Race,5,7,2,Christian Fittipaldi,1:17.434,25.432,28.938,23.064,91.4,13:15.799,77434,0,0,2
2017,06_Long Beach Street Circuit,Long Beach Street Circuit,long-beach-street-circuit,2017-04-08,201704081305_Race,5,8,2,Christian Fittipaldi,1:16.677,25.071,28.821,22.785,92.3,14:32.476,76677,0,0,2
2017,06_Long Beach Street Circuit,Long Beach Street Circuit,long-beach-street-circuit,2017-04-08,201704081305_Race,5,9,2,Christian Fittipaldi,1:16.109,24.937,28.748,22.424,93.0,15:48.585,76109,0,0,2
2017,06_Long Beach Street Circuit,Long Beach Street Circuit,long-beach-street-circuit,2017-04-08,201704081305_Race,5,10,2,Christian Fittipaldi,1:15.749,24.929,28.376,22.444,93.5,17:04.334,75749,0,0,2
2017,06_Long Beach Street Circuit,Long Beach Street Circuit,long-beach-street-circuit,2017-04-08,201704081305_Race,5,11,2,Christian Fittipaldi,1:39.816,31.133,39.310,29.373,70.9,18:44.150,99816,0,0,2
2017,06_Long Beach Street Circuit,Long Beach Street Circuit,long-beach-street-circuit,2017-04-08,201704081305_Race,5,12,2,Christian Fittipaldi,2:04.439,41.360,47.297,35.782,56.9,20:48.589,124439,0,0,2
2017,06_Long Beach Street Circuit,Long Beach Street Circuit,long-beach-street-circuit,2017-04-08,201704081305_Race,5,13,2,Christian Fittipaldi,2:07.333,45.877,46.333,35.123,55.6,22:55.922,127333,0,0,2
2017,06_Long Beach Street Circuit,Long Beach Street Circuit,long-beach-street-circuit,2017-04-08,201704081305_Race,5,14,2,Christian Fittipaldi,2:02.230,43.023,45.498,33.709,57.9,24:58.152,122230,0,0,2
2017,06_Long Beach Street Circuit,Long Beach Street Circuit,long-beach-street-circuit,2017-04-08,201704081305_Race,5,15,2,Christian Fittipaldi,1:18.358,26.388,29.105,22.865,90.4,26:16.510,78358,0,0,2
2017,06_Long Beach Street Circuit,Long Beach Street Circuit,long-beach-street-circuit,2017-04-08,201704081305_Race,5,16,2,Christian Fittipaldi,1:16.038,24.938,28.648,22.452,93.1,27:32.548,76038,0,0,2
2017,06_Long Beach Street Circuit,Long Beach Street Circuit,long-beach-street-circuit,2017-04-08,201704081305_Race,5,17,2,Christian Fittipaldi,1:17.015,25.015,28.700,23.300,91.9,28:49.563,77015,0,0,2
2017,06_Long Beach Street Circuit,Long Beach Street Circuit,long-beach-street-circuit,2017-04-08,201704081305_Race,5,18,2,Christian Fittipaldi,1:17.222,25.563,29.292,22.367,91.7,30:06.785,77222,0,0,2
2017,06_Long Beach Street Circuit,Long Beach Street Circuit,long-beach-street-circuit,2017-04-08,201704081305_Race,5,19,2,Christian Fittipaldi,1:15.646,24.679,28.328,22.639,93.6,31:22.431,75646,0,0,2
2017,06_Long Beach Street Circuit,Long Beach Street Circuit,long-beach-street-circuit,2017-04-08,201704081305_Race,5,20,2,Christian Fittipaldi,1:15.192,24.821,28.211,22.160,94.1,32:37.623,75192,0,0,2
2017,06_Long Beach Street Circuit,Long Beach Street Circuit,long-beach-street-circuit,2017-04-08,201704081305_Race,5,21,2,Christian Fittipaldi,1:56.950,24.596,28.792,1:03.562,60.5,34:34.573,116950,0,1,2
2017,06_Long Beach Street Circuit,Long Beach Street Circuit,long-beach-street-circuit,2017-04-08,201704081305_Race,5,22,1,Joao Barbosa,2:42.202,1:36.031,37.608,28.563,43.6,37:16.775,162202,0,0,2
2017,06_Long Beach Street Circuit,Long Beach Street Circuit,long-beach-street-circuit,2017-04-08,201704081305_Race,5,23,1,Joao Barbosa,1:35.324,32.990,34.838,27.496,74.3,38:52.099,95324,0,0,2
2017,06_Long Beach Street Circuit,Long Beach Street Circuit,long-beach-street-circuit,2017-04-08,201704081305_Race,5,24,1,Joao Barbosa,1:47.769,34.066,33.700,40.003,65.7,40:39.868,107769,0,1,2
2017,06_Long Beach Street Circuit,Long Beach Street Circuit,long-beach-street-circuit,2017-04-08,201704081305_Race,5,25,1,Joao Barbosa,3:13.563,2:20.588,30.020,22.955,36.5,43:53.431,193563,0,0,2
2017,06_Long Beach Street Circuit,Long Beach Street Circuit,long-beach-street-circuit,2017-04-08,201704081305_Race,5,26,1,Joao Barbosa,1:34.565,27.827,29.590,37.148,74.9,45:27.996,94565,0,1,2
2017,06_Long Beach Street Circuit,Long Beach Street Circuit,long-beach-street-circuit,2017-04-08,201704081305_Race,5,27,1,Joao Barbosa,2:52.766,1:58.129,30.985,23.652,41.0,48:20.762,172766,0,0,2
2017,06_Long Beach Street Circuit,Long Beach Street Circuit,long-beach-street-circuit,2017-04-08,201704081305_Race,5,28,1,Joao Barbosa,1:34.387,25.907,32.804,35.676,75.0,49:55.149,94387,0,0,2
2017,06_Long Beach Street Circuit,Long Beach Street Circuit,long-beach-street-circuit,2017-04-08,201704081305_Race,5,29,1,Joao Barbosa,1:35.562,32.413,32.432,30.717,74.1,51:30.711,95562,0,0,2
2017,06_Long Beach Street Circuit,Long Beach Street Circuit,long-beach-street-circuit,2017-04-08,201704081305_Race,5,30,1,Joao Barbosa,2:17.322,44.450,47.289,45.583,51.5,53:48.033,137322,0,0,2
2017,06_Long Beach Street Circuit,Long Beach Street Circuit,long-beach-street-circuit,2017-04-08,201704081305_Race,5,31,1,Joao Barbosa,2:25.228,49.075,54.434,41.719,48.7,56:13.261,145228,0,0,2
2017,06_Long Beach Street Circuit,Long Beach Street Circuit,long-beach-street-circuit,2017-04-08,201704081305_Race,5,32,1,Joao Barbosa,2:09.547,47.759,43.997,37.791,54.6,58:22.808,129547,0,0,2
2017,06_Long Beach Street Circuit,Long Beach Street Circuit,long-beach-street-circuit,2017-04-08,201704081305_Race,5,33,1,Joao Barbosa,2:12.564,47.075,47.164,38.325,53.4,1:00:35.372,132564,0,0,3
2017,06_Long Beach Street Circuit,Long Beach Street Circuit,long-beach-street-circuit,2017-04-08,201704081305_Race,5,34,1,Joao Barbosa,2:03.320,47.571,46.067,29.682,57.4,1:02:38.692,123320,0,0,3
2017,06_Long Beach Street Circuit,Long Beach Street Circuit,long-beach-street-circuit,2017-04-08,201704081305_Race,5,35,1,Joao Barbosa,1:19.209,26.322,29.587,23.300,89.4,1:03:57.901,79209,0,0,3
2017,06_Long Beach Street Circuit,Long Beach Street Circuit,long-beach-street-circuit,2017-04-08,201704081305_Race,5,36,1,Joao Barbosa,1:18.027,25.717,29.004,23.306,90.7,1:05:15.928,78027,0,0,3
2017,06_Long Beach Street Circuit,Long Beach Street Circuit,long-beach-street-circuit,2017-04-08,201704081305_Race,5,37,1,Joao Barbosa,1:17.371,25.608,28.871,22.892,91.5,1:06:33.299,77371,0,0,3
2017,06_Long Beach Street Circuit,Long Beach Street Circuit,long-beach-street-circuit,2017-04-08,201704081305_Race,5,38,1,Joao Barbosa,1:16.780,25.322,28.838,22.620,92.2,1:07:50.079,76780,0,0,3
2017,06_Long Beach Street Circuit,Long Beach Street Circuit,long-beach-street-circuit,2017-04-08,201704081305_Race,5,39,1,Joao Barbosa,1:15.744,24.818,28.493,22.433,93.5,1:09:05.823,75744,0,0,3
2017,06_Long Beach Street Circuit,Long Beach Street Circuit,long-beach-street-circuit,2017-04-08,201704081305_Race,5,40,1,Joao Barbosa,1:36.401,30.951,37.478,27.972,73.5,1:10:42.224,96401,0,0,3
2017,06_Long Beach Street Circuit,Long Beach Street Circuit,long-beach-street-circuit,2017-04-08,201704081305_Race,5,41,1,Joao Barbosa,1:43.675,33.706,40.564,29.405,68.3,1:12:25.899,103675,0,0,3
2017,06_Long Beach Street Circuit,Long Beach Street Circuit,long-beach-street-circuit,2017-04-08,201704081305_Race,5,42,1,Joao Barbosa,1:56.827,36.070,44.265,36.492,60.6,1:14:22.726,116827,0,0,3
2017,06_Long Beach Street Circuit,Long Beach Street Circuit,long-beach-street-circuit,2017-04-08,201704081305_Race,5,43,1,Joao Barbosa,2:13.142,48.941,45.592,38.609,53.1,1:16:35.868,133142,0,0,3
2017,06_Long Beach Street Circuit,Long Beach Street Circuit,long-beach-street-circuit,2017-04-08,201704081305_Race,5,44,1,Joao Barbosa,2:13.571,46.488,42.933,44.150,53.0,1:18:49.439,133571,0,0,3
2017,06_Long Beach Street Circuit,Long Beach Street Circuit,long-beach-street-circuit,2017-04-08,201704081305_Race,5,45,1,Joao Barbosa,1:51.056,47.419,38.857,24.780,63.8,1:20:40.495,111056,0,0,3
2017,06_Long Beach Street Circuit,Long Beach Street Circuit,long-beach-street-circuit,2017-04-08,201704081305_Race,5,46,1,Joao Barbosa,1:20.472,26.375,29.716,24.381,88.0,1:22:00.967,80472,0,0,3
2017,06_Long Beach Street Circuit,Long Beach Street Circuit,long-beach-street-circuit,2017-04-08,201704081305_Race,5,47,1,Joao Barbosa,1:19.795,25.808,30.108,23.879,88.7,1:23:20.762,79795,0,0,3
2017,06_Long Beach Street Circuit,Long Beach Street Circuit,long-beach-street-circuit,2017-04-08,201704081305_Race,5,48,1,Joao Barbosa,1:19.557,25.822,30.025,23.710,89.0,1:24:40.319,79557,0,0,3
2017,06_Long Beach Street Circuit,Long Beach Street Circuit,long-beach-street-circuit,2017-04-08,201704081305_Race,5,49,1,Joao Barbosa,1:18.114,26.047,29.057,23.010,90.7,1:25:58.433,78114,0,0,3
2017,06_Long Beach Street Circuit,Long Beach Street Circuit,long-beach-street-circuit,2017-04-08,201704081305_Race,5,50,1,Joao Barbosa,1:17.779,25.682,29.083,23.014,91.0,1:27:16.212,77779,0,0,3
2017,06_Long Beach Street Circuit,Long Beach Street Circuit,long-beach-street-circuit,2017-04-08,201704081305_Race,5,51,1,Joao Barbosa,1:17.690,26.115,29.000,22.575,91.2,1:28:33.902,77690,0,0,3
2017,06_Long Beach Street Circuit,Long Beach Street Circuit,long-beach-street-circuit,2017-04-08,201704081305_Race,5,52,1,Joao Barbosa,1:16.954,25.321,29.228,22.405,92.0,1:29:50.856,76954,0,0,3
2017,06_Long Beach Street Circuit,Long Beach Street Circuit,long-beach-street-circuit,2017-04-08,201704081305_Race,5,53,1,Joao Barbosa,1:17.134,25.112,28.961,23.061,91.8,1:31:07.990,77134,0,0,3
2017,06_Long Beach Street Circuit,Long Beach Street Circuit,long-beach-street-circuit,2017-04-08,201704081305_Race,5,54,1,Joao Barbosa,1:16.064,25.080,28.441,22.543,93.1,1:32:24.054,76064,0,0,3
2017,06_Long Beach Street Circuit,Long Beach Street Circuit,long-beach-street-circuit,2017-04-08,201704081305_Race,5,55,1,Joao Barbosa,1:17.008,25.089,29.055,22.864,92.0,1:33:41.062,77008,0,0,3
2017,06_Long Beach Street Circuit,Long Beach Street Circuit,long-beach-street-circuit,2017-04-08,201704081305_Race,5,56,1,Joao Barbosa,1:16.628,25.064,28.604,22.960,92.4,1:34:57.690,76628,0,0,3
2017,06_Long Beach Street Circuit,Long Beach Street Circuit,long-beach-street-circuit,2017-04-08,201704081305_Race,5,57,1,Joao Barbosa,1:17.804,25.648,29.226,22.930,91.0,1:36:15.494,77804,0,0,3
2017,06_Long Beach Street Circuit,Long Beach Street Circuit,long-beach-street-circuit,2017-04-08,201704081305_Race,5,58,1,Joao Barbosa,1:16.019,24.941,28.561,22.517,93.2,1:37:31.513,76019,0,0,3
2017,06_Long Beach Street Circuit,Long Beach Street Circuit,long-beach-street-circuit,2017-04-08,201704081305_Race,5,59,1,Joao Barbosa,1:15.974,24.860,28.691,22.423,93.2,1:38:47.487,75974,0,0,3
2017,06_Long Beach Street Circuit,Long Beach Street Circuit,long-beach-street-circuit,2017-04-08,201704081305_Race,5,60,1,Joao Barbosa,1:17.856,24.963,28.534,24.359,90.9,1:40:05.343,77856,0,0,3
2017,06_Long Beach Street Circuit,Long Beach Street Circuit,long-beach-street-circuit,2017-04-08,201704081305_Race,5,61,1,Joao Barbosa,1:41.193,25.991,29.426,45.776,70.0,1:41:46.536,101193,0,0,3
2017,06_Long Beach Street Circuit,Long Beach Street Circuit,long-beach-street-circuit,2017-04-08,201704081305_Race,10,1,1,Ricky Taylor,1:17.864,25.910,29.151,22.803,90.9,1:17.864,,,0,3
2017,06_Long Beach Street Circuit,Long Beach Street Circuit,long-beach-street-circuit,2017-04-08,201704081305_Race,10,2,1,Ricky Taylor,1:54.679,30.140,50.381,34.158,61.7,3:12.543,114679,0,0,3
2017,06_Long Beach Street Circuit,Long Beach Street Circuit,long-beach-street-circuit,2017-04-08,201704081305_Race,10,3,1,Ricky Taylor,2:13.477,43.181,51.753,38.543,53.0,5:26.020,133477,0,0,3
2017,06_Long Beach Street Circuit,Long Beach Street Circuit,long-beach-street-circuit,2017-04-08,201704081305_Race,10,4,1,Ricky Taylor,2:09.823,46.136,48.346,35.341,54.5,7:35.843,129823,0,0,3
2017,06_Long Beach Street Circuit,Long Beach Street Circuit,long-beach-street-circuit,2017-04-08,201704081305_Race,10,5,1,Ricky Taylor,2:06.223,43.381,47.971,34.871,56.1,9:42.066,126223,0,0,3
2017,06_Long Beach Street Circuit,Long Beach Street Circuit,long-beach-street-circuit,2017-04-08,201704081305_Race,10,6,1,Ricky Taylor,2:15.114,45.262,56.806,33.046,52.4,11:57.180,135114,0,0,3
2017,06_Long Beach Street Circuit,Long Beach Street Circuit,long-beach-street-circuit,2017-04-08,201704081305_Race,10,7,1,Ricky Taylor,1:17.471,25.523,28.864,23.084,91.4,13:14.651,77471,0,0,3
2017,06_Long Beach Street Circuit,Long Beach Street Circuit,long-beach-street-circuit,2017-04-08,201704081305_Race,10,8,1,Ricky Taylor,1:16.429,25.273,28.569,22.587,92.7,14:31.080,76429,0,0,3
2017,06_Long Beach Street Circuit,Long Beach Street Circuit,long-beach-street-circuit,2017-04-08,201704081305_Race,10,9,1,Ricky Taylor,1:15.939,24.850,28.412,22.677,93.2,15:47.019,75939,0,0,3
2017,06_Long Beach Street Circuit,Long Beach Street Circuit,long-beach-street-circuit,2017-04-08,201704081305_Race,10,10,1,Ricky Taylor,1:15.962,24.920,28.498,22.544,93.2,17:02.981,75962,0,0,3
2017,06_Long Beach Street Circuit,Long Beach Street Circuit,long-beach-street-circuit,2017-04-08,201704081305_Race,10,11,1,Ricky Taylor,1:38.925,30.589,38.177,30.159,71.6,18:41.906,98925,0,0,3
2017,06_Long Beach Street Circuit,Long Beach Street Circuit,long-beach-street-circuit,2017-04-08,201704081305_Race,10,12,1,Ricky Taylor,2:04.847,41.101,47.626,36.120,56.7,20:46.753,124847,0,0,3
2017,06_Long Beach Street Circuit,Long Beach Street Circuit,long-beach-street-circuit,2017-04-08,201704081305_Race,10,13,1,Ricky Taylor,2:07.310,44.943,46.355,36.012,55.6,22:54.063,127310,0,0,3
2017,06_Long Beach Street Circuit,Long Beach Street Circuit,long-beach-street-circuit,2017-04-08,201704081305_Race,10,14,1,Ricky Taylor,2:03.700,42.457,46.199,35.044,57.2,24:57.763,123700,0,0,3
2017,06_Long Beach Street Circuit,Long Beach Street Circuit,long-beach-street-circuit,2017-04-08,201704081305_Race,10,15,1,Ricky Taylor,1:17.320,25.827,28.625,22.868,91.6,26:15.083,77320,0,0,3
2017,06_Long Beach Street Circuit,Long Beach Street Circuit,long-beach-street-circuit,2017-04-08,201704081305_Race,10,16,1,Ricky Taylor,1:15.931,24.847,28.481,22.603,93.3,27:31.014,75931,0,0,3
2017,06_Long Beach Street Circuit,Long Beach Street Circuit,long-beach-street-circuit,2017-04-08,201704081305_Race,10,17,1,Ricky Taylor,1:16.195,24.889,28.625,22.681,92.9,28:47.209,76195,0,0,3
2017,06_Long Beach Street Circuit,Long Beach Street Circuit,long-beach-street-circuit,2017-04-08,201704081305_Race,10,18,1,Ricky Taylor,1:15.998,25.160,28.577,22.261,93.2,30:03.207,75998,0,0,3
2017,06_Long Beach Street Circuit,Long Beach Street Circuit,long-beach-street-circuit,2017-04-08,201704081305_Race,10,19,1,Ricky Taylor,1:15.862,24.752,28.649,22.461,93.3,31:19.069,75862,0,0,3
2017,06_Long Beach Street Circuit,Long Beach Street Circuit,long-beach-street-circuit,2017-04-08,201704081305_Race,10,20,1,Ricky Taylor,1:15.324,24.562,28.425,22.337,94.0,32:34.393,75324,0,0,3
2017,06_Long Beach Street Circuit,Long Beach Street Circuit,long-beach-street-circuit,2017-04-08,201704081305_Race,10,21,1,Ricky Taylor,1:16.040,24.750,28.405,22.885,93.1,33:50.433,76040,0,0,3
2017,06_Long Beach Street Circuit,Long Beach Street Circuit,long-beach-street-circuit,2017-04-08,201704081305_Race,10,22,1,Ricky Taylor,1:44.853,30.263,40.002,34.588,67.5,35:35.286,104853,0,0,3
2017,06_Long Beach Street Circuit,Long Beach Street Circuit,long-beach-street-circuit,2017-04-08,201704081305_Race,10,23,1,Ricky Taylor,2:15.296,42.350,50.466,42.480,52.3,37:50.582,135296,0,0,3
2017,06_Long Beach Street Circuit,Long Beach Street Circuit,long-beach-street-circuit,2017-04-08,201704081305_Race,10,24,1,Ricky Taylor,2:10.613,45.234,50.577,34.802,54.2,40:01.195,130613,0,0,3
2017,06_Long Beach Street Circuit,Long Beach Street Circuit,long-beach-street-circuit,2017-04-08,201704081305_Race,10,25,1,Ricky Taylor,1:16.944,25.329,28.846,22.769,92.0,41:18.139,76944,0,0,3
2017,06_Long Beach Street Circuit,Long Beach Street Circuit,long-beach-street-circuit,2017-04-08,201704081305_Race,10,26,1,Ricky Taylor,1:16.974,25.098,29.117,22.759,92.0,42:35.113,76974,0,0,3
2017,06_Long Beach Street Circuit,Long Beach Street Circuit,long-beach-street-circuit,2017-04-08,201704081305_Race,10,27,1,Ricky Taylor,1:17.162,25.616,28.993,22.553,91.8,43:52.275,77162,0,0,3
2017,06_Long Beach Street Circuit,Long Beach Street Circuit,long-beach-street-circuit,2017-04-08,201704081305_Race,10,28,1,Ricky Taylor,1:15.675,24.787,28.385,22.503,93.6,45:07.950,75675,0,0,3
2017,06_Long Beach Street Circuit,Long Beach Street Circuit,long-beach-street-circuit,2017-04-08,201704081305_Race,10,29,1,Ricky Taylor,1:18.161,26.462,29.033,22.666,90.6,46:26.111,78161,0,0,3
2017,06_Long Beach Street Circuit,Long Beach Street Circuit,long-beach-street-circuit,2017-04-08,201704081305_Race,10,30,1,Ricky Taylor,1:15.772,24.891,28.495,22.386,93.5,47:41.883,75772,0,0,3
2017,06_Long Beach Street Circuit,Long Beach Street Circuit,long-beach-street-circuit,2017-04-08,201704081305_Race,10,31,1,Ricky Taylor,1:16.602,24.675,28.296,23.631,92.4,48:58.485,76602,0,0,3
2017,06_Long Beach Street Circuit,Long Beach Street Circuit,long-beach-street-circuit,2017-04-08,201704081305_Race,10,32,1,Ricky Taylor,2:08.310,34.473,51.774,42.063,55.2,51:06.795,128310,0,0,3
2017,06_Long Beach Street Circuit,Long Beach Street Circuit,long-beach-street-circuit,2017-04-08,201704081305_Race,10,33,1,Ricky Taylor,2:27.858,48.177,55.708,43.973,47.9,53:34.653,147858,0,0,3
2017,06_Long Beach Street Circuit,Long Beach Street Circuit,long-beach-street-circuit,2017-04-08,201704081305_Race,10,34,1,Ricky Taylor,2:37.826,52.769,56.087,48.970,44.8,56:12.479,157826,0,1,3
2017,06_Long Beach Street Circuit,Long Beach Street Circuit,long-beach-street-circuit,2017-04-08,201704081305_Race,10,35,2,Jordan Taylor,2:39.879,1:26.846,41.096,31.937,44.3,58:52.358,159879,0,0,3
2017,06_Long Beach Street Circuit,Long Beach Street Circuit,long-beach-street-circuit,2017-04-08,201704081305_Race,10,36,2,Jordan Taylor,2:13.964,42.633,50.451,40.880,52.8,1:01:06.322,133964,0,0,3
2017,06_Long Beach Street Circuit,Long Beach Street Circuit,long-beach-street-circuit,2017-04-08,201704081305_Race,10,37,2,Jordan Taylor,1:47.577,39.505,44.723,23.349,65.8,1:02:53.899,107577,0,0,3
2017,06_Long Beach Street Circuit,Long Beach Street Circuit,long-beach-street-circuit,2017-04-08,201704081305_Race,10,38,2,Jordan Taylor,1:19.490,26.129,29.467,23.894,89.1,1:04:13.389,79490,0,0,3
2017,06_Long Beach Street Circuit,Long Beach Street Circuit,long-beach-street-circuit,2017-04-08,201704081305_Race,10,39,2,Jordan Taylor,1:20.083,26.039,29.516,24.528,88.4,1:05:33.472,80083,0,0,3
2017,06_Long Beach Street Circuit,Long Beach Street Circuit,long-beach-street-circuit,2017-04-08,201704081305_Race,10,40,2,Jordan Taylor,1:18.436,25.797,29.431,23.208,90.3,1:06:51.908,78436,0,0,3
2017,06_Long Beach Street Circuit,Long Beach Street Circuit,long-beach-street-circuit,2017-04-08,201704081305_Race,10,41,2,Jordan Taylor,1:16.980,24.970,29.288,22.722,92.0,1:08:08.888,76980,0,0,3
2017,06_Long Beach Street Circuit,Long Beach Street Circuit,long-beach-street-circuit,2017-04-08,201704081305_Race,10,42,2,Jordan Taylor,1:17.063,24.430,28.122,24.511,91.9,1:09:25.951,77063,0,0,3
2017,06_Long Beach Street Circuit,Long Beach Street Circuit,long-beach-street-circuit,2017-04-08,201704081305_Race,10,43,2,Jordan Taylor,2:01.854,33.146,51.435,37.273,58.1,1:11:27.805,121854,0,0,3
2017,06_Long Beach Street Circuit,Long Beach Street Circuit,long-beach-street-circuit,2017-04-08,201704081305_Race,10,44,2,Jordan Taylor,2:18.410,47.251,53.669,37.490,51.2,1:13:46.215,138410,0,0,3
2017,06_Long Beach Street Circuit,Long Beach Street Circuit,long-beach-street-circuit,2017-04-08,201704081305_Race,10,45,2,Jordan Taylor,2:13.116,45.213,50.629,37.274,53.2,1:15:59.331,133116,0,0,3
2017,06_Long Beach Street Circuit,Long Beach Street Circuit,long-beach-street-circuit,2017-04-08,201704081305_Race,10,46,2,Jordan Taylor,2:19.852,45.322,51.386,43.144,50.6,1:18:19.183,139852,0,0,3
2017,06_Long Beach Street Circuit,Long Beach Street Circuit,long-beach-street-circuit,2017-04-08,201704081305_Race,10,47,2,Jordan Taylor,2:05.800,49.808,47.058,28.934,56.2,1:20:24.983,125800,0,0,3
2017,06_Long Beach Street Circuit,Long Beach Street Circuit,long-beach-street-circuit,2017-04-08,201704081305_Race,10,48,2,Jordan Taylor,1:17.520,25.729,28.995,22.796,91.4,1:21:42.503,77520,0,0,3
2017,06_Long Beach Street Circuit,Long Beach Street Circuit,long-beach-street-circuit,2017-04-08,201704081305_Race,10,49,2,Jordan Taylor,1:15.207,24.710,28.119,22.378,94.1,1:22:57.710,75207,0,0,3
2017,06_Long Beach Street Circuit,Long Beach Street Circuit,long-beach-street-circuit,2017-04-08,201704081305_Race,10,50,2,Jordan Taylor,1:14.966,24.555,28.053,22.358,94.5,1:24:12.676,74966,0,0,3
2017,06_Long Beach Street Circuit,Long Beach Street Circuit,long-beach-street-circuit,2017-04-08,201704081305_Race,10,51,2,Jordan Taylor,1:14.936,24.552,28.064,22.320,94.5,1:25:27.612,74936,0,0,3
2017,06_Long Beach Street Circuit,Long Beach Street Circuit,long-beach-street-circuit,2017-04-08,201704081305_Race,10,52,2,Jordan Taylor,1:14.750,24.329,28.194,22.227,94.7,1:26:42.362,74750,0,0,3
2017,06_Long Beach Street Circuit,Long Beach Street Circuit,long-beach-street-circuit,2017-04-08,201704081305_Race,10,53,2,Jordan Taylor,1:15.616,24.413,28.738,22.465,93.7,1:27:57.978,75616,0,0,3
2017,06_Long Beach Street Circuit,Long Beach Street Circuit,long-beach-street-circuit,2017-04-08,201704081305_Race,10,54,2,Jordan Taylor,1:14.901,24.428,28.228,22.245,94.5,1:29:12.879,74901,0,0,3
2017,06_Long Beach Street Circuit,Long Beach Street Circuit,long-beach-street-circuit,2017-04-08,201704081305_Race,10,55,2,Jordan Taylor,1:14.527,24.326,28.000,22.201,95.0,1:30:27.406,74527,0,0,3
2017,06_Long Beach Street Circuit,Long Beach Street Circuit,long-beach-street-circuit,2017-04-08,201704081305_Race,10,56,2,Jordan Taylor,1:14.864,24.450,28.227,22.187,94.6,1:31:42.270,74864,0,0,3
2017,06_Long Beach Street Circuit,Long Beach Street Circuit,long-beach-street-circuit,2017-04-08,201704081305_Race,10,57,2,Jordan Taylor,1:14.692,24.506,28.045,22.141,94.8,1:32:56.962,74692,0,0,3
2017,06_Long Beach Street Circuit,Long Beach Street Circuit,long-beach-street-circuit,2017-04-08,201704081305_Race,10,58,2,Jordan Taylor,1:17.959,24.680,29.341,23.938,90.9,1:34:14.921,77959,0,0,3
2017,06_Long Beach Street Circuit,Long Beach Street Circuit,long-beach-street-circuit,2017-04-08,201704081305_Race,10,59,2,Jordan Taylor,1:18.739,25.450,29.407,23.882,89.9,1:35:33.660,78739,0,0,3
2017,06_Long Beach Street Circuit,Long Beach Street Circuit,long-beach-street-circuit,2017-04-08,201704081305_Race,10,60,2,Jordan Taylor,1:16.243,24.857,28.741,22.645,92.8,1:36:49.903,76243,0,0,3
2017,06_Long Beach Street Circuit,Long Beach Street Circuit,long-beach-street-circuit,2017-04-08,201704081305_Race,10,61,2,Jordan Taylor,1:14.949,24.360,28.181,22.408,94.5,1:38:04.852,74949,0,0,3
2017,06_Long Beach Street Circuit,Long Beach Street Circuit,long-beach-street-circuit,2017-04-08,201704081305_Race,10,62,2,Jordan Taylor,1:16.520,25.292,28.685,22.543,92.5,1:39:21.372,76520,0,0,3
2017,06_Long Beach Street Circuit,Long Beach Street Circuit,long-beach-street-circuit,2017-04-08,201704081305_Race,10,63,2,Jordan Taylor,1:16.109,24.889,28.414,22.806,93.0,1:40:37.481,76109,0,0,3
2017,06_Long Beach Street Circuit,Long Beach Street Circuit,long-beach-street-circuit,2017-04-08,201704081305_Race,14,1,1,Scott Pruett,1:51.453,53.560,31.839,26.054,63.5,1:51.453,,,0,3
2017,06_Long Beach Street Circuit,Long Beach Street Circuit,long-beach-street-circuit,2017-04-08,201704081305_Race,14,2,1,Scott Pruett,1:54.323,35.918,45.674,32.731,61.9,3:45.776,114323,0,0,3
2017,06_Long Beach Street Circuit,Long Beach Street Circuit,long-beach-street-circuit,2017-04-08,201704081305_Race,14,3,1,Scott Pruett,2:18.089,43.946,54.998,39.145,51.3,6:03.865,138089,0,0,3
2017,06_Long Beach Street Circuit,Long Beach Street Circuit,long-beach-street-circuit,2017-04-08,201704081305_Race,14,4,1,Scott Pruett,2:10.036,47.683,47.666,34.687,54.4,8:13.901,130036,0,0,3
2017,06_Long Beach Street Circuit,Long Beach Street Circuit,long-beach-street-circuit,2017-04-08,201704081305_Race,14,5,1,Scott Pruett,2:05.465,43.101,38.859,43.505,56.4,10:19.366,125465,0,0,3
2017,06_Long Beach Street Circuit,Long Beach Street Circuit,long-beach-street-circuit,2017-04-08,201704081305_Race,14,6,1,Scott Pruett,1:54.431,41.101,45.015,28.315,61.8,12:13.797,114431,0,0,3
2017,06_Long Beach Street Circuit,Long Beach Street Circuit,long-beach-street-circuit,2017-04-08,201704081305_Race,14,7,1,Scott Pruett,1:24.573,28.686,31.390,24.497,83.7,13:38.370,84573,0,0,3
2017,06_Long Beach Street Circuit,Long Beach Street Circuit,long-beach-street-circuit,2017-04-08,201704081305_Race,14,8,1,Scott Pruett,1:22.726,27.295,31.095,24.336,85.6,15:01.096,82726,0,0,3
2017,06_Long Beach Street Circuit,Long Beach Street Circuit,long-beach-street-circuit,2017-04-08,201704081305_Race,14,9,1,Scott Pruett,1:21.993,26.876,30.917,24.200,86.4,16:23.089,81993,0,0,3
2017,06_Long Beach Street Circuit,Long Beach Street Circuit,long-beach-street-circuit,2017-04-08,201704081305_Race,14,10,1,Scott Pruett,1:27.581,26.942,31.073,29.566,80.9,17:50.670,87581,0,0,3
2017,06_Long Beach Street Circuit,Long Beach Street Circuit,long-beach-street-circuit,2017-04-08,201704081305_Race,14,11,1,Scott Pruett,1:37.981,35.492,35.824,26.665,72.3,19:28.651,97981,0,0,3
2017,06_Long Beach Street Circuit,Long Beach Street Circuit,long-beach-street-circuit,2017-04-08,201704081305_Race,14,12,1,Scott Pruett,1:46.316,30.510,42.251,33.555,66.6,21:14.967,106316,0,0,3
2017,06_Long Beach Street Circuit,Long Beach Street Circuit,long-beach-street-circuit,2017-04-08,201704081305_Race,14,13,1,Scott Pruett,2:10.784,46.526,39.031,45.227,54.1,23:25.751,130784,0,1,3
2017,06_Long Beach Street Circuit,Long Beach Street Circuit,long-beach-street-circuit,2017-04-08,201704081305_Race,14,14,1,Scott Pruett,2:11.426,1:12.902,33.771,24.753,53.9,25:37.177,131426,0,0,3
2017,06_Long Beach Street Circuit,Long Beach Street Circuit,long-beach-street-circuit,2017-04-08,201704081305_Race,14,15,1,Scott Pruett,1:23.086,27.091,31.035,24.960,85.2,27:00.263,83086,0,0,3
2017,06_Long Beach Street Circuit,Long Beach Street Circuit,long-beach-street-circuit,2017-04-08,201704081305_Race,14,16,1,Scott Pruett,1:22.095,26.967,30.784,24.344,86.3,28:22.358,82095,0,0,3
2017,06_Long Beach Street Circuit,Long Beach Street Circuit,long-beach-street-circuit,2017-04-08,201704081305_Race,14,17,1,Scott Pruett,1:21.749,26.909,30.710,24.130,86.6,29:44.107,81749,0,0,3
2017,06_Long Beach Street Circuit,Long Beach Street Circuit,long-beach-street-circuit,2017-04-08,201704081305_Race,14,18,1,Scott Pruett,1:21.619,26.908,30.628,24.083,86.8,31:05.726,81619,0,0,3
2017,06_Long Beach Street Circuit,Long Beach Street Circuit,long-beach-street-circuit,2017-04-08,201704081305_Race,14,19,1,Scott Pruett,1:21.653,26.895,30.662,24.096,86.7,32:27.379,81653,0,0,4
2017,06_Long Beach Street Circuit,Long Beach Street Circuit,long-beach-street-circuit,2017-04-08,201704081305_Race,14,20,1,Scott Pruett,1:21.634,26.862,30.677,24.095,86.8,33:49.013,81634,0,0,4
2017,06_Long Beach Street Circuit,Long Beach Street Circuit,long-beach-street-circuit,2017-04-08,201704081305_Race,14,21,1,Scott Pruett,1:24.363,27.383,31.962,25.018,84.0,35:13.376,84363,0,0,4
2017,06_Long Beach Street Circuit,Long Beach Street Circuit,long-beach-street-circuit,2017-04-08,201704081305_Race,14,22,1,Scott Pruett,1:24.376,27.520,31.593,25.263,83.9,36:37.752,84376,0,0,4
2017,06_Long Beach Street Circuit,Long Beach Street Circuit,long-beach-street-circuit,2017-04-08,201704081305_Race,14,23,1,Scott Pruett,1:45.144,31.257,35.808,38.079,67.3,38:22.896,105144,0,0,4
2017,06_Long Beach Street Circuit,Long Beach Street Circuit,long-beach-street-circuit,2017-04-08,201704081305_Race,14,24,1,Scott Pruett,1:54.049,48.943,39.336,25.770,62.1,40:16.945,114049,0,0,4
2017,06_Long Beach Street Circuit,Long Beach Street Circuit,long-beach-street-circuit,2017-04-08,201704081305_Race,14,25,1,Scott Pruett,1:38.269,28.090,31.198,38.981,72.0,41:55.214,98269,0,1,4
2017,06_Long Beach Street Circuit,Long Beach Street Circuit,long-beach-street-circuit,2017-04-08,201704081305_Race,14,26,2,Sage Karam,2:31.288,1:34.007,32.551,24.730,46.8,44:26.502,151288,0,0,4
2017,06_Long Beach Street Circuit,Long Beach Street Circuit,long-beach-street-circuit,2017-04-08,201704081305_Race,14,27,2,Sage Karam,1:23.539,27.669,31.490,24.380,84.8,45:50.041,83539,0,0,4
2017,06_Long Beach Street Circuit,Long Beach Street Circuit,long-beach-street-circuit,2017-04-08,201704081305_Race,14,28,2,Sage Karam,1:21.827,26.757,30.960,24.110,86.5,47:11.868,81827,0,0,4
2017,06_Long Beach Street Circuit,Long Beach Street Circuit,long-beach-street-circuit,2017-04-08,201704081305_Race,14,29,2,Sage Karam,1:23.027,26.710,31.011,25.306,85.3,48:34.895,83027,0,0,4
2017,06_Long Beach Street Circuit,Long Beach Street Circuit,long-beach-street-circuit,2017-04-08,201704081305_Race,14,30,2,Sage Karam,1:41.208,26.989,33.291,40.928,70.0,50:16.103,101208,0,0,4
2017,06_Long Beach Street Circuit,Long Beach Street Circuit,long-beach-street-circuit,2017-04-08,201704081305_Race,14,31,2,Sage Karam,1:46.182,33.493,40.626,32.063,66.7,52:02.285,106182,0,0,4
2017,06_Long Beach Street Circuit,Long Beach Street Circuit,long-beach-street-circuit,2017-04-08,201704081305_Race,14,32,2,Sage Karam,1:39.675,30.447,34.102,35.126,71.0,53:41.960,99675,0,0,4
2017,06_Long Beach Street Circuit,Long Beach Street Circuit,long-beach-street-circuit,2017-04-08,201704081305_Race,14,33,2,Sage Karam,1:24.385,28.858,31.302,24.225,83.9,55:06.345,84385,0,0,4
2017,06_Long Beach Street Circuit,Long Beach Street Circuit,long-beach-street-circuit,2017-04-08,201704081305_Race,14,34,2,Sage Karam,1:27.596,26.636,31.019,29.941,80.9,56:33.941,87596,0,0,4
2017,06_Long Beach Street Circuit,Long Beach Street Circuit,long-beach-street-circuit,2017-04-08,201704081305_Race,14,35,2,Sage Karam,2:12.009,50.202,48.685,33.122,53.6,58:45.950,132009,0,0,4
2017,06_Long Beach Street Circuit,Long Beach Street Circuit,long-beach-street-circuit,2017-04-08,201704081305_Race,14,36,2,Sage Karam,2:13.143,44.229,50.997,37.917,53.1,1:00:59.093,133143,0,0,4
2017,06_Long Beach Street Circuit,Long Beach Street Circuit,long-beach-street-circuit,2017-04-08,201704081305_Race,14,37,2,Sage Karam,1:52.486,42.277,45.023,25.186,63.0,1:02:51.579,112486,0,0,4
2017,06_Long Beach Street Circuit,Long Beach Street Circuit,long-beach-street-circuit,2017-04-08,201704081305_Race,14,38,2,Sage Karam,1:23.503,26.653,31.179,25.671,84.8,1:04:15.082,83503,0,0,4
2017,06_Long Beach Street Circuit,Long Beach Street Circuit,long-beach-street-circuit,2017-04-08,201704081305_Race,14,39,2,Sage Karam,1:23.582,27.474,31.420,24.688,84.7,1:05:38.664,83582,0,0,4
2017,06_Long Beach Street Circuit,Long Beach Street Circuit,long-beach-street-circuit,2017-04-08,201704081305_Race,14,40,2,Sage Karam,1:22.403,26.867,31.332,24.204,85.9,1:07:01.067,82403,0,0,4
2017,06_Long Beach Street Circuit,Long Beach Street Circuit,long-beach-street-circuit,2017-04-08,201704081305_Race,14,41,2,Sage Karam,1:21.578,26.523,30.917,24.138,86.8,1:08:22.645,81578,0,0,4
2017,06_Long Beach Street Circuit,Long Beach Street Circuit,long-beach-street-circuit,2017-04-08,201704081305_Race,14,42,2,Sage Karam,1:26.767,26.388,31.787,28.592,81.6,1:09:49.412,86767,0,0,4
2017,06_Long Beach Street Circuit,Long Beach Street Circuit,long-beach-street-circuit,2017-04-08,201704081305_Race,14,43,2,Sage Karam,1:59.771,32.227,53.664,33.880,59.1,1:11:49.183,119771,0,0,4
2017,06_Long Beach Street Circuit,Long Beach Street Circuit,long-beach-street-circuit,2017-04-08,201704081305_Race,14,44,2,Sage Karam,2:21.522,47.033,58.727,35.762,50.0,1:14:10.705,141522,0,0,4
2017,06_Long Beach Street Circuit,Long Beach Street Circuit,long-beach-street-circuit,2017-04-08,201704081305_Race,14,45,2,Sage Karam,2:13.656,45.438,50.836,37.382,53.0,1:16:24.361,133656,0,0,4
2017,06_Long Beach Street Circuit,Long Beach Street Circuit,long-beach-street-circuit,2017-04-08,201704081305_Race,14,46,2,Sage Karam,2:18.887,47.834,46.315,44.738,51.0,1:18:43.248,138887,0,0,4
2017,06_Long Beach Street Circuit,Long Beach Street Circuit,long-beach-street-circuit,2017-04-08,201704081305_Race,14,47,2,Sage Karam,1:53.566,45.411,42.669,25.486,62.3,1:20:36.814,113566,0,0,4
2017,06_Long Beach Street Circuit,Long Beach Street Circuit,long-beach-street-circuit,2017-04-08,201704081305_Race,14,48,2,Sage Karam,1:21.838,26.620,30.862,24.356,86.5,1:21:58.652,81838,0,0,4
2017,06_Long Beach Street Circuit,Long Beach Street Circuit,long-beach-street-circuit,2017-04-08,201704081305_Race,14,49,2,Sage Karam,1:21.569,26.694,30.792,24.083,86.8,1:23:20.221,81569,0,0,4
2017,06_Long Beach Street Circuit,Long Beach Street Circuit,long-beach-street-circuit,2017-04-08,201704081305_Race,14,50,2,Sage Karam,1:21.977,27.174,30.766,24.037,86.4,1:24:42.198,81977,0,0,4
2017,06_Long Beach Street Circuit,Long Beach Street Circuit,long-beach-street-circuit,2017-04-08,201704081305_Race,14,51,2,Sage Karam,1:21.037,26.426,30.680,23.931,87.4,1:26:03.235,81037,0,0,4
2017,06_Long Beach Street Circuit,Long Beach Street Circuit,long-beach-street-circuit,2017-04-08,201704081305_Race,14,52,2,Sage Karam,1:21.357,26.472,30.784,24.101,87.0,1:27:24.592,81357,0,0,4
2017,06_Long Beach Street Circuit,Long Beach Street Circuit,long-beach-street-circuit,2017-04-08,201704081305_Race,14,53,2,Sage Karam,1:22.249,26.517,31.102,24.630,86.1,1:28:46.841,82249,0,0,4
2017,06_Long Beach Street Circuit,Long Beach Street Circuit,long-beach-street-circuit,2017-04-08,201704081305_Race,14,54,2,Sage Karam,1:21.647,26.617,30.780,24.250,86.7,1:30:08.488,81647,0,0,4
2017,06_Long Beach Street Circuit,Long Beach Street Circuit,long-beach-street-circuit,2017-04-08,201704081305_Race,14,55,2,Sage Karam,1:21.421,26.529,30.849,24.043,86.9,1:31:29.909,81421,0,0,4
2017,06_Long Beach Street Circuit,Long Beach Street Circuit,long-beach-street-circuit,2017-04-08,201704081305_Race,14,56,2,Sage Karam,1:21.461,26.553,30.853,24.055,86.9,1:32:51.370,81461,0,0,4
2017,06_Long Beach Street Circuit,Long Beach Street Circuit,long-beach-street-circuit,2017-04-08,201704081305_Race,14,57,2,Sage Karam,1:22.950,26.660,31.832,24.458,85.4,1:34:14.320,82950,0,0,4
2017,06_Long Beach Street Circuit,Long Beach Street Circuit,long-beach-street-circuit,2017-04-08,201704081305_Race,14,58,2,Sage Karam,1:23.229,27.756,31.193,24.280,85.1,1:35:37.549,83229,0,0,4
2017,06_Long Beach Street Circuit,Long Beach Street Circuit,long-beach-street-circuit,2017-04-08,201704081305_Race,14,59,2,Sage Karam,1:22.622,26.996,31.408,24.218,85.7,1:37:00.171,82622,0,0,4
2017,06_Long Beach Street Circuit,Long Beach Street Circuit,long-beach-street-circuit,2017-04-08,201704081305_Race,14,60,2,Sage Karam,1:24.564,27.807,32.288,24.469,83.7,1:38:24.735,84564,0,0,4
2017,06_Long Beach Street Circuit,Long Beach Street Circuit,long-beach-street-circuit,2017-04-08,201704081305_Race,14,61,2,Sage Karam,1:23.585,27.758,31.271,24.556,84.7,1:39:48.320,83585,0,0,4
2017,06_Long Beach Street Circuit,Long Beach Street Circuit,long-beach-street-circuit,2017-04-08,201704081305_Race,14,62,2,Sage Karam,1:24.531,27.273,31.237,26.021,83.8,1:41:12.851,84531,0,0,4
2017,06_Long Beach Street Circuit,Long Beach Street Circuit,long-beach-street-circuit,2017-04-08,201704081305_Race,15,1,2,Jack Hawksworth,1:31.668,34.886,32.202,24.580,77.2,1:31.668,,,0,4
2017,06_Long Beach Street Circuit,Long Beach Street Circuit,long-beach-street-circuit,2017-04-08,201704081305_Race,15,2,2,Jack Hawksworth,1:55.465,32.554,51.122,31.789,61.3,3:27.133,115465,0,0,4
2017,06_Long Beach Street Circuit,Long Beach Street Circuit,long-beach-street-circuit,2017-04-08,201704081305_Race,15,3,2,Jack Hawksworth,2:18.352,43.977,53.383,40.992,51.2,5:45.485,138352,0,0,4
2017,06_Long Beach Street Circuit,Long Beach Street Circuit,long-beach-street-circuit,2017-04-08,201704081305_Race,15,4,2,Jack Hawksworth,2:08.783,43.057,52.314,33.412,54.9,7:54.268,128783,0,0,4
2017,06_Long Beach Street Circuit,Long Beach Street Circuit,long-beach-street-circuit,2017-04-08,201704081305_Race,15,5,2,Jack Hawksworth,2:05.845,42.630,45.447,37.768,56.2,10:00.113,125845,0,0,4
2017,06_Long Beach Street Circuit,Long Beach Street Circuit,long-beach-street-circuit,2017-04-08,201704081305_Race,15,6,2,Jack Hawksworth,2:06.792,42.287,54.563,29.942,55.8,12:06.905,126792,0,0,4
2017,06_Long Beach Street Circuit,Long Beach Street Circuit,long-beach-street-circuit,2017-04-08,201704081305_Race,15,7,2,Jack Hawksworth,1:22.997,26.910,31.055,25.032,85.3,13:29.902,82997,0,0,4
2017,06_Long Beach Street Circuit,Long Beach Street Circuit,long-beach-street-circuit,2017-04-08,201704081305_Race,15,8,2,Jack Hawksworth,1:22.001,27.419,30.684,23.898,86.3,14:51.903,82001,0,0,4
2017,06_Long Beach Street Circuit,Long Beach Street Circuit,long-beach-street-circuit,2017-04-08,201704081305_Race,15,9,2,Jack Hawksworth,1:20.670,26.388,30.474,23.808,87.7,16:12.573,80670,0,0,4
2017,06_Long Beach Street Circuit,Long Beach Street Circuit,long-beach-street-circuit,2017-04-08,201704081305_Race,15,10,2,Jack Hawksworth,1:21.813,26.155,30.474,25.184,86.6,17:34.386,81813,0,0,4
2017,06_Long Beach Street Circuit,Long Beach Street Circuit,long-beach-street-circuit,2017-04-08,201704081305_Race,15,11,2,Jack Hawksworth,1:32.490,30.017,32.861,29.612,76.6,19:06.876,92490,0,0,4
2017,06_Long Beach Street Circuit,Long Beach Street Circuit,long-beach-street-circuit,2017-04-08,201704081305_Race,15,12,2,Jack Hawksworth,1:55.302,35.395,44.476,35.431,61.4,21:02.178,115302,0,0,4
2017,06_Long Beach Street Circuit,Long Beach Street Circuit,long-beach-street-circuit,2017-04-08,201704081305_Race,15,13,2,Jack Hawksworth,2:04.115,45.512,42.984,35.619,57.1,23:06.293,124115,0,0,4
2017,06_Long Beach Street Circuit,Long Beach Street Circuit,long-beach-street-circuit,2017-04-08,201704081305_Race,15,14,2,Jack Hawksworth,1:58.101,40.506,46.496,31.099,59.9,25:04.394,118101,0,0,4
2017,06_Long Beach Street Circuit,Long Beach Street Circuit,long-beach-street-circuit,2017-04-08,201704081305_Race,15,15,2,Jack Hawksworth,1:21.712,26.801,30.815,24.096,86.6,26:26.106,81712,0,0,4
2017,06_Long Beach Street Circuit,Long Beach Street Circuit,long-beach-street-circuit,2017-04-08,201704081305_Race,15,16,2,Jack Hawksworth,1:20.748,26.364,30.573,23.811,87.7,27:46.854,80748,0,0,4
2017,06_Long Beach Street Circuit,Long Beach Street Circuit,long-beach-street-circuit,2017-04-08,201704081305_Race,15,17,2,Jack Hawksworth,1:21.010,26.469,30.674,23.867,87.4,29:07.864,81010,0,0,4
2017,06_Long Beach Street Circuit,Long Beach Street Circuit,long-beach-street-circuit,2017-04-08,201704081305_Race,15,18,2,Jack Hawksworth,1:21.825,26.550,31.424,23.851,86.5,30:29.689,81825,0,0,4
2017,06_Long Beach Street Circuit,Long Beach Street Circuit,long-beach-street-circuit,2017-04-08,201704081305_Race,15,19,2,Jack Hawksworth,1:20.644,26.190,30.550,23.904,87.8,31:50.333,80644,0,0,4
2017,06_Long Beach Street Circuit,Long Beach Street Circuit,long-beach-street-circuit,2017-04-08,201704081305_Race,15,20,2,Jack Hawksworth,1:20.594,26.226,30.479,23.889,87.9,33:10.927,80594,0,0,4
2017,06_Long Beach Street Circuit,Long Beach Street Circuit,long-beach-street-circuit,2017-04-08,201704081305_Race,15,21,2,Jack Hawksworth,1:24.018,26.335,31.141,26.542,84.3,34:34.945,84018,0,0,4
2017,06_Long Beach Street Circuit,Long Beach Street Circuit,long-beach-street-circuit,2017-04-08,201704081305_Race,15,22,2,Jack Hawksworth,1:28.438,29.367,33.216,25.855,80.0,36:03.383,88438,0,0,4
2017,06_Long Beach Street Circuit,Long Beach Street Circuit,long-beach-street-circuit,2017-04-08,201704081305_Race,15,23,2,Jack Hawksworth,2:03.137,30.885,45.808,46.444,57.5,38:06.520,123137,0,0,4
2017,06_Long Beach Street Circuit,Long Beach Street Circuit,long-beach-street-circuit,2017-04-08,201704081305_Race,15,24,2,Jack Hawksworth,2:02.758,43.646,47.823,31.289,57.7,40:09.278,122758,0,0,4
2017,06_Long Beach Street Circuit,Long Beach Street Circuit,long-beach-street-circuit,2017-04-08,201704081305_Race,15,25,2,Jack Hawksworth,1:21.390,26.709,30.736,23.945,87.0,41:30.668,81390,0,0,4
2017,06_Long Beach Street Circuit,Long Beach Street Circuit,long-beach-street-circuit,2017-04-08,201704081305_Race,15,26,2,Jack Hawksworth,1:20.775,26.366,30.419,23.990,87.7,42:51.443,80775,0,0,4
2017,06_Long Beach Street Circuit,Long Beach Street Circuit,long-beach-street-circuit,2017-04-08,201704081305_Race,15,27,2,Jack Hawksworth,1:21.102,26.327,30.660,24.115,87.3,44:12.545,81102,0,0,4
2017,06_Long Beach Street Circuit,Long Beach Street Circuit,long-beach-street-circuit,2017-04-08,201704081305_Race,15,28,2,Jack Hawksworth,1:34.682,27.018,30.981,36.683,74.8,45:47.227,94682,0,1,4
2017,06_Long Beach Street Circuit,Long Beach Street Circuit,long-beach-street-circuit,2017-04-08,201704081305_Race,15,29,1,Robert Alon,2:37.568,1:38.742,33.963,24.863,44.9,48:24.795,157568,0,0,4
2017,06_Long Beach Street Circuit,Long Beach Street Circuit,long-beach-street-circuit,2017-04-08,201704081305_Race,15,30,1,Robert Alon,1:40.771,27.170,36.046,37.555,70.2,50:05.566,100771,0,0,4
2017,06_Long Beach Street Circuit,Long Beach Street Circuit,long-beach-street-circuit,2017-04-08,201704081305_Race,15,31,1,Robert Alon,1:49.809,38.744,39.978,31.087,64.4,51:55.375,109809,0,0,4
2017,06_Long Beach Street Circuit,Long Beach Street Circuit,long-beach-street-circuit,2017-04-08,201704081305_Race,15,32,1,Robert Alon,1:41.506,31.085,38.314,32.107,69.7,53:36.881,101506,0,0,4
2017,06_Long Beach Street Circuit,Long Beach Street Circuit,long-beach-street-circuit,2017-04-08,201704081305_Race,15,33,1,Robert Alon,1:24.171,28.159,31.314,24.698,84.1,55:01.052,84171,0,0,4
2017,06_Long Beach Street Circuit,Long Beach Street Circuit,long-beach-street-circuit,2017-04-08,201704081305_Race,15,34,1,Robert Alon,1:29.744,27.125,31.050,31.569,78.9,56:30.796,89744,0,0,4
2017,06_Long Beach Street Circuit,Long Beach Street Circuit,long-beach-street-circuit,2017-04-08,201704081305_Race,15,35,1,Robert Alon,2:10.663,50.354,47.581,32.728,54.2,58:41.459,130663,0,0,4
2017,06_Long Beach Street Circuit,Long Beach Street Circuit,long-beach-street-circuit,2017-04-08,201704081305_Race,15,36,1,Robert Alon,2:13.339,45.616,50.117,37.606,53.1,1:00:54.798,133339,0,0,4
2017,06_Long Beach Street Circuit,Long Beach Street Circuit,long-beach-street-circuit,2017-04-08,201704081305_Race,15,37,1,Robert Alon,1:54.204,43.472,45.773,24.959,62.0,1:02:49.002,114204,0,0,4
2017,06_Long Beach Street Circuit,Long Beach Street Circuit,long-beach-street-circuit,2017-04-08,201704081305_Race,15,38,1,Robert Alon,1:22.279,26.864,31.134,24.281,86.1,1:04:11.281,82279,0,0,4
2017,06_Long Beach Street Circuit,Long Beach Street Circuit,long-beach-street-circuit,2017-04-08,201704081305_Race,15,39,1,Robert Alon,1:23.797,26.653,31.446,25.698,84.5,1:05:35.078,83797,0,0,4
2017,06_Long Beach Street Circuit,Long Beach Street Circuit,long-beach-street-circuit,2017-04-08,201704081305_Race,15,40,1,Robert Alon,1:22.208,26.775,31.164,24.269,86.1,1:06:57.286,82208,0,0,4
2017,06_Long Beach Street Circuit,Long Beach Street Circuit,long-beach-street-circuit,2017-04-08,201704081305_Race,15,41,1,Robert Alon,1:21.173,26.481,30.621,24.071,87.3,1:08:18.459,81173,0,0,4
2017,06_Long Beach Street Circuit,Long Beach Street Circuit,long-beach-street-circuit,2017-04-08,201704081305_Race,15,42,1,Robert Alon,1:26.602,26.626,31.289,28.687,81.8,1:09:45.061,86602,0,0,4
2017,06_Long Beach Street Circuit,Long Beach Street Circuit,long-beach-street-circuit,2017-04-08,201704081305_Race,15,43,1,Robert Alon,2:01.084,32.861,53.423,34.800,58.5,1:11:46.145,121084,0,0,4
2017,06_Long Beach Street Circuit,Long Beach Street Circuit,long-beach-street-circuit,2017-04-08,201704081305_Race,15,44,1,Robert Alon,2:21.091,46.077,58.514,36.500,50.2,1:14:07.236,141091,0,0,4
2017,06_Long Beach Street Circuit,Long Beach Street Circuit,long-beach-street-circuit,2017-04-08,201704081305_Race,15,45,1,Robert Alon,2:13.042,45.227,50.878,36.937,53.2,1:16:20.278,133042,0,0,4
2017,06_Long Beach Street Circuit,Long Beach Street Circuit,long-beach-street-circuit,2017-04-08,201704081305_Race,15,46,1,Robert Alon,2:19.107,47.081,47.838,44.188,50.9,1:18:39.385,139107,0,0,4
2017,06_Long Beach Street Circuit,Long Beach Street Circuit,long-beach-street-circuit,2017-04-08,201704081305_Race,15,47,1,Robert Alon,1:55.561,45.747,43.866,25.948,61.3,1:20:34.946,115561,0,0,4
2017,06_Long Beach Street Circuit,Long Beach Street Circuit,long-beach-street-circuit,2017-04-08,201704081305_Race,15,48,1,Robert Alon,1:22.077,26.781,30.978,24.318,86.3,1:21:57.023,82077,0,0,4
2017,06_Long Beach Street Circuit,Long Beach Street Circuit,long-beach-street-circuit,2017-04-08,201704081305_Race,15,49,1,Robert Alon,1:21.401,26.497,30.842,24.062,87.0,1:23:18.424,81401,0,0,4
2017,06_Long Beach Street Circuit,Long Beach Street Circuit,long-beach-street-circuit,2017-04-08,201704081305_Race,15,50,1,Robert Alon,1:21.084,26.452,30.609,24.023,87.3,1:24:39.508,81084,0,0,4
2017,06_Long Beach Street Circuit,Long Beach Street Circuit,long-beach-street-circuit,2017-04-08,201704081305_Race,15,51,1,Robert Alon,1:21.540,26.480,31.054,24.006,86.8,1:26:01.048,81540,0,0,4
2017,06_Long Beach Street Circuit,Long Beach Street Circuit,long-beach-street-circuit,2017-04-08,201704081305_Race,15,52,1,Robert Alon,1:20.826,26.304,30.568,23.954,87.6,1:27:21.874,80826,0,0,4
2017,06_Long Beach Street Circuit,Long Beach Street Circuit,long-beach-street-circuit,2017-04-08,201704081305_Race,15,53,1,Robert Alon,1:20.817,26.338,30.561,23.918,87.6,1:28:42.691,80817,0,0,4
2017,06_Long Beach Street Circuit,Long Beach Street Circuit,long-beach-street-circuit,2017-04-08,201704081305_Race,15,54,1,Robert Alon,1:21.585,26.420,30.620,24.545,86.8,1:30:04.276,81585,0,0,4
2017,06_Long Beach Street Circuit,Long Beach Street Circuit,long-beach-street-circuit,2017-04-08,201704081305_Race,15,55,1,Robert Alon,1:21.216,26.482,30.724,24.010,87.2,1:31:25.492,81216,0,0,4
2017,06_Long Beach Street Circuit,Long Beach Street Circuit,long-beach-street-circuit,2017-04-08,201704081305_Race,15,56,1,Robert Alon,1:22.519,27.393,31.127,23.999,85.8,1:32:48.011,82519,0,0,4
2017,06_Long Beach Street Circuit,Long Beach Street Circuit,long-beach-street-circuit,2017-04-08,201704081305_Race,15,57,1,Robert Alon,1:24.958,26.482,31.252,27.224,83.3,1:34:12.969,84958,0,0,4
2017,06_Long Beach Street Circuit,Long Beach Street Circuit,long-beach-street-circuit,2017-04-08,201704081305_Race,15,58,1,Robert Alon,1:23.120,27.233,31.647,24.240,85.2,1:35:36.089,83120,0,0,4
2017,06_Long Beach Street Circuit,Long Beach Street Circuit,long-beach-street-circuit,2017-04-08,201704081305_Race,15,59,1,Robert Alon,1:21.766,26.359,30.872,24.535,86.6,1:36:57.855,81766,0,0,4
2017,06_Long Beach Street Circuit,Long Beach Street Circuit,long-beach-street-circuit,2017-04-08,201704081305_Race,15,60,1,Robert Alon,1:23.643,28.023,31.186,24.434,84.6,1:38:21.498,83643,0,0,4
2017,06_Long Beach Street Circuit,Long Beach Street Circuit,long-beach-street-circuit,2017-04-08,201704081305_Race,15,61,1,Robert Alon,1:21.869,26.526,30.961,24.382,86.5,1:39:43.367,81869,0,0,4
2017,06_Long Beach Street Circuit,Long Beach Street Circuit,long-beach-street-circuit,2017-04-08,201704081305_Race,16,1,2,Corey Lewis,1:33.592,35.815,32.760,25.017,75.6,1:33.592,,,0,4
2017,06_Long Beach Street Circuit,Long Beach Street Circuit,long-beach-street-circuit,2017-04-08,201704081305_Race,16,2,2,Corey Lewis,1:58.578,34.269,51.723,32.586,59.7,3:32.170,118578,0,0,4
2017,06_Long Beach Street Circuit,Long Beach Street Circuit,long-beach-street-circuit,2017-04-08,201704081305_Race,16,3,2,Corey Lewis,2:16.906,42.620,53.234,41.052,51.7,5:49.076,136906,0,0,4
2017,06_Long Beach Street Circuit,Long Beach Street Circuit,long-beach-street-circuit,2017-04-08,201704081305_Race,16,4,2,Corey Lewis,2:09.842,43.744,51.587,34.511,54.5,7:58.918,129842,0,0,4
2017,06_Long Beach Street Circuit,Long Beach Street Circuit,long-beach-street-circuit,2017-04-08,201704081305_Race,16,5,2,Corey Lewis,2:04.275,42.604,43.896,37.775,56.9,10:03.193,124275,0,0,4
2017,06_Long Beach Street Circuit,Long Beach Street Circuit,long-beach-street-circuit,2017-04-08,201704081305_Race,16,6,2,Corey Lewis,2:05.702,45.075,51.164,29.463,56.3,12:08.895,125702,0,0,5
2017,06_Long Beach Street Circuit,Long Beach Street Circuit,long-beach-street-circuit,2017-04-08,201704081305_Race,16,7,2,Corey Lewis,1:22.600,26.721,30.762,25.117,85.7,13:31.495,82600,0,0,5
2017,06_Long Beach Street Circuit,Long Beach Street Circuit,long-beach-street-circuit,2017-04-08,201704081305_Race,16,8,2,Corey Lewis,1:21.520,26.767,30.788,23.965,86.9,14:53.015,81520,0,0,5
2017,06_Long Beach Street Circuit,Long Beach Street Circuit,long-beach-street-circuit,2017-04-08,201704081305_Race,16,9,2,Corey Lewis,1:20.988,26.422,30.671,23.895,87.4,16:14.003,80988,0,0,5
2017,06_Long Beach Street Circuit,Long Beach Street Circuit,long-beach-street-circuit,2017-04-08,201704081305_Race,16,10,2,Corey Lewis,1:25.085,26.397,31.498,27.190,83.2,17:39.088,85085,0,0,5
2017,06_Long Beach Street Circuit,Long Beach Street Circuit,long-beach-street-circuit,2017-04-08,201704081305_Race,16,11,2,Corey Lewis,1:32.312,30.513,34.498,27.301,76.7,19:11.400,92312,0,0,5
2017,06_Long Beach Street Circuit,Long Beach Street Circuit,long-beach-street-circuit,2017-04-08,201704081305_Race,16,12,2,Corey Lewis,1:53.471,34.805,43.837,34.829,62.4,21:04.871,113471,0,0,5
2017,06_Long Beach Street Circuit,Long Beach Street Circuit,long-beach-street-circuit,2017-04-08,201704081305_Race,16,13,2,Corey Lewis,2:03.593,48.088,40.365,35.140,57.3,23:08.464,123593,0,0,5
2017,06_Long Beach Street Circuit,Long Beach Street Circuit,long-beach-street-circuit,2017-04-08,201704081305_Race,16,14,2,Corey Lewis,1:57.562,41.598,45.282,30.682,60.2,25:06.026,117562,0,0,5
2017,06_Long Beach Street Circuit,Long Beach Street Circuit,long-beach-street-circuit,2017-04-08,201704081305_Race,16,15,2,Corey Lewis,1:21.320,26.875,30.610,23.835,87.1,26:27.346,81320,0,0,5
2017,06_Long Beach Street Circuit,Long Beach Street Circuit,long-beach-street-circuit,2017-04-08,201704081305_Race,16,16,2,Corey Lewis,1:21.006,26.593,30.609,23.804,87.4,27:48.352,81006,0,0,5
2017,06_Long Beach Street Circuit,Long Beach Street Circuit,long-beach-street-circuit,2017-04-08,201704081305_Race,16,17,2,Corey Lewis,1:20.691,26.335,30.565,23.791,87.7,29:09.043,80691,0,0,5
2017,06_Long Beach Street Circuit,Long Beach Street Circuit,long-beach-street-circuit,2017-04-08,201704081305_Race,16,18,2,Corey Lewis,1:21.881,27.221,30.718,23.942,86.4,30:30.924,81881,0,0,5
2017,06_Long Beach Street Circuit,Long Beach Street Circuit,long-beach-street-circuit,2017-04-08,201704081305_Race,16,19,2,Corey Lewis,1:20.728,26.340,30.531,23.857,87.7,31:51.652,80728,0,0,5
2017,06_Long Beach Street Circuit,Long Beach Street Circuit,long-beach-street-circuit,2017-04-08,201704081305_Race,16,20,2,Corey Lewis,1:20.592,26.356,30.586,23.650,87.9,33:12.244,80592,0,0,5
2017,06_Long Beach Street Circuit,Long Beach Street Circuit,long-beach-street-circuit,2017-04-08,201704081305_Race,16,21,2,Corey Lewis,1:25.662,26.322,31.808,27.532,82.7,34:37.906,85662,0,0,5
2017,06_Long Beach Street Circuit,Long Beach Street Circuit,long-beach-street-circuit,2017-04-08,201704081305_Race,16,22,2,Corey Lewis,1:30.637,30.270,34.397,25.970,78.1,36:08.543,90637,0,0,5
2017,06_Long Beach Street Circuit,Long Beach Street Circuit,long-beach-street-circuit,2017-04-08,201704081305_Race,16,23,2,Corey Lewis,2:01.915,29.071,46.802,46.042,58.0,38:10.458,121915,0,0,5
2017,06_Long Beach Street Circuit,Long Beach Street Circuit,long-beach-street-circuit,2017-04-08,201704081305_Race,16,24,2,Corey Lewis,2:01.255,43.442,47.517,30.296,58.4,40:11.713,121255,0,0,5
2017,06_Long Beach Street Circuit,Long Beach Street Circuit,long-beach-street-circuit,2017-04-08,201704081305_Race,16,25,2,Corey Lewis,1:22.891,27.165,31.845,23.881,85.5,41:34.604,82891,0,0,5
2017,06_Long Beach Street Circuit,Long Beach Street Circuit,long-beach-street-circuit,2017-04-08,201704081305_Race,16,26,2,Corey Lewis,1:21.065,26.233,30.720,24.112,87.4,42:55.669,81065,0,0,5
2017,06_Long Beach Street Circuit,Long Beach Street Circuit,long-beach-street-circuit,2017-04-08,201704081305_Race,16,27,2,Corey Lewis,1:36.165,27.300,31.151,37.714,73.6,44:31.834,96165,0,1,5
2017,06_Long Beach Street Circuit,Long Beach Street Circuit,long-beach-street-circuit,2017-04-08,201704081305_Race,16,28,1,Jeroen Mul,2:13.663,1:18.704,30.889,24.070,53.0,46:45.497,133663,0,0,5
2017,06_Long Beach Street Circuit,Long Beach Street Circuit,long-beach-street-circuit,2017-04-08,201704081305_Race,16,29,1,Jeroen Mul,1:20.875,26.368,30.681,23.826,87.6,48:06.372,80875,0,0,5
2017,06_Long Beach Street Circuit,Long Beach Street Circuit,long-beach-street-circuit,2017-04-08,201704081305_Race,16,30,1,Jeroen Mul,1:26.119,26.394,30.642,29.083,82.2,49:32.491,86119,0,0,5
2017,06_Long Beach Street Circuit,Long Beach Street Circuit,long-beach-street-circuit,2017-04-08,201704081305_Race,16,31,1,Jeroen Mul,1:42.389,31.383,35.909,35.097,69.2,51:14.880,102389,0,0,5
2017,06_Long Beach Street Circuit,Long Beach Street Circuit,long-beach-street-circuit,2017-04-08,201704081305_Race,16,32,1,Jeroen Mul,2:02.378,47.191,49.687,25.500,57.9,53:17.258,122378,0,0,5
2017,06_Long Beach Street Circuit,Long Beach Street Circuit,long-beach-street-circuit,2017-04-08,201704081305_Race,16,33,1,Jeroen Mul,1:23.167,27.527,31.392,24.248,85.1,54:40.425,83167,0,0,5
2017,06_Long Beach Street Circuit,Long Beach Street Circuit,long-beach-street-circuit,2017-04-08,201704081305_Race,16,34,1,Jeroen Mul,1:42.791,26.904,35.816,40.071,68.9,56:23.216,102791,0,0,5
2017,06_Long Beach Street Circuit,Long Beach Street Circuit,long-beach-street-circuit,2017-04-08,201704081305_Race,16,35,1,Jeroen Mul,2:10.694,48.880,48.700,33.114,54.1,58:33.910,130694,0,0,5
2017,06_Long Beach Street Circuit,Long Beach Street Circuit,long-beach-street-circuit,2017-04-08,201704081305_Race,16,36,1,Jeroen Mul,2:11.094,45.171,48.625,37.298,54.0,1:00:45.004,131094,0,0,5
2017,06_Long Beach Street Circuit,Long Beach Street Circuit,long-beach-street-circuit,2017-04-08,201704081305_Race,16,37,1,Jeroen Mul,1:59.997,46.005,45.706,28.286,59.0,1:02:45.001,119997,0,0,5
2017,06_Long Beach Street Circuit,Long Beach Street Circuit,long-beach-street-circuit,2017-04-08,201704081305_Race,16,38,1,Jeroen Mul,1:23.322,26.912,32.267,24.143,85.0,1:04:08.323,83322,0,0,5
2017,06_Long Beach Street Circuit,Long Beach Street Circuit,long-beach-street-circuit,2017-04-08,201704081305_Race,16,39,1,Jeroen Mul,1:23.130,27.282,31.608,24.240,85.2,1:05:31.453,83130,0,0,5
2017,06_Long Beach Street Circuit,Long Beach Street Circuit,long-beach-street-circuit,2017-04-08,201704081305_Race,16,40,1,Jeroen Mul,1:22.024,26.592,31.176,24.256,86.3,1:06:53.477,82024,0,0,5
2017,06_Long Beach Street Circuit,Long Beach Street Circuit,long-beach-street-circuit,2017-04-08,201704081305_Race,16,41,1,Jeroen Mul,1:22.445,26.722,30.985,24.738,85.9,1:08:15.922,82445,0,0,5
2017,06_Long Beach Street Circuit,Long Beach Street Circuit,long-beach-street-circuit,2017-04-08,201704081305_Race,16,42,1,Jeroen Mul,1:25.055,26.297,31.303,27.455,83.3,1:09:40.977,85055,0,0,5
2017,06_Long Beach Street Circuit,Long Beach Street Circuit,long-beach-street-circuit,2017-04-08,201704081305_Race,16,43,1,Jeroen Mul,2:02.301,33.009,53.999,35.293,57.9,1:11:43.278,122301,0,0,5
2017,06_Long Beach Street Circuit,Long Beach Street Circuit,long-beach-street-circuit,2017-04-08,201704081305_Race,16,44,1,Jeroen Mul,2:20.501,45.847,56.758,37.896,50.4,1:14:03.779,140501,0,0,5
2017,06_Long Beach Street Circuit,Long Beach Street Circuit,long-beach-street-circuit,2017-04-08,201704081305_Race,16,45,1,Jeroen Mul,2:12.432,45.329,51.048,36.055,53.5,1:16:16.211,132432,0,0,5
2017,06_Long Beach Street Circuit,Long Beach Street Circuit,long-beach-street-circuit,2017-04-08,201704081305_Race,16,46,1,Jeroen Mul,2:19.573,46.922,48.507,44.144,50.7,1:18:35.784,139573,0,0,5
2017,06_Long Beach Street Circuit,Long Beach Street Circuit,long-beach-street-circuit,2017-04-08,201704081305_Race,16,47,1,Jeroen Mul,1:56.740,45.004,44.649,27.087,60.7,1:20:32.524,116740,0,0,5
2017,06_Long Beach Street Circuit,Long Beach Street Circuit,long-beach-street-circuit,2017-04-08,201704081305_Race,16,48,1,Jeroen Mul,1:22.174,27.049,30.776,24.349,86.2,1:21:54.698,82174,0,0,5
2017,06_Long Beach Street Circuit,Long Beach Street Circuit,long-beach-street-circuit,2017-04-08,201704081305_Race,16,49,1,Jeroen Mul,1:21.877,26.853,30.873,24.151,86.5,1:23:16.575,81877,0,0,5
2017,06_Long Beach Street Circuit,Long Beach Street Circuit,long-beach-street-circuit,2017-04-08,201704081305_Race,16,50,1,Jeroen Mul,1:20.750,26.286,30.595,23.869,87.7,1:24:37.325,80750,0,0,5
2017,06_Long Beach Street Circuit,Long Beach Street Circuit,long-beach-street-circuit,2017-04-08,201704081305_Race,16,51,1,Jeroen Mul,1:20.799,26.345,30.560,23.894,87.6,1:25:58.124,80799,0,0,5
2017,06_Long Beach Street Circuit,Long Beach Street Circuit,long-beach-street-circuit,2017-04-08,201704081305_Race,16,52,1,Jeroen Mul,1:21.320,26.688,30.662,23.970,87.1,1:27:19.444,81320,0,0,5
2017,06_Long Beach Street Circuit,Long Beach Street Circuit,long-beach-street-circuit,2017-04-08,201704081305_Race,16,53,1,Jeroen Mul,1:21.153,26.456,30.811,23.886,87.3,1:28:40.597,81153,0,0,5
2017,06_Long Beach Street Circuit,Long Beach Street Circuit,long-beach-street-circuit,2017-04-08,201704081305_Race,16,54,1,Jeroen Mul,1:21.768,26.747,30.953,24.068,86.6,1:30:02.365,81768,0,0,5
2017,06_Long Beach Street Circuit,Long Beach Street Circuit,long-beach-street-circuit,2017-04-08,201704081305_Race,16,55,1,Jeroen Mul,1:21.494,26.372,30.631,24.491,86.9,1:31:23.859,81494,0,0,5
2017,06_Long Beach Street Circuit,Long Beach Street Circuit,long-beach-street-circuit,2017-04-08,201704081305_Race,16,56,1,Jeroen Mul,1:22.298,27.498,30.894,23.906,86.0,1:32:46.157,82298,0,0,5
2017,06_Long Beach Street Circuit,Long Beach Street Circuit,long-beach-street-circuit,2017-04-08,201704081305_Race,16,57,1,Jeroen Mul,1:21.562,26.672,30.744,24.146,86.8,1:34:07.719,81562,0,0,5
2017,06_Long Beach Street Circuit,Long Beach Street Circuit,long-beach-street-circuit,2017-04-08,201704081305_Race,16,58,1,Jeroen Mul,1:21.473,26.409,30.737,24.327,86.9,1:35:29.192,81473,0,0,5
2017,06_Long Beach Street Circuit,Long Beach Street Circuit,long-beach-street-circuit,2017-04-08,201704081305_Race,16,59,1,Jeroen Mul,1:22.745,26.407,30.926,25.412,85.6,1:36:51.937,82745,0,0,5
2017,06_Long Beach Street Circuit,Long Beach Street Circuit,long-beach-street-circuit,2017-04-08,201704081305_Race,16,60,1,Jeroen Mul,1:22.891,26.963,31.766,24.162,85.5,1:38:14.828,82891,0,0,5
2017,06_Long Beach Street Circuit,Long Beach Street Circuit,long-beach-street-circuit,2017-04-08,201704081305_Race,16,61,1,Jeroen Mul,1:50.667,27.373,31.253,52.041,64.0,1:40:05.495,110667,0,0,5
2017,06_Long Beach Street Circuit,Long Beach Street Circuit,long-beach-street-circuit,2017-04-08,201704081305_Race,16,62,1,Jeroen Mul,1:41.776,26.833,31.236,43.707,69.5,1:41:47.271,101776,0,0,5
2017,06_Long Beach Street Circuit,Long Beach Street Circuit,long-beach-street-circuit,2017-04-08,201704081305_Race,22,1,1,Ed Brown,2:28.523,31.000,1:24.913,32.610,47.7,2:28.523,,,0,5
2017,06_Long Beach Street Circuit,Long Beach Street Circuit,long-beach-street-circuit,2017-04-08,201704081305_Race,22,2,1,Ed Brown,2:14.638,37.977,50.572,46.089,52.6,4:43.161,134638,0,1,5
2017,06_Long Beach Street Circuit,Long Beach Street Circuit,long-beach-street-circuit,2017-04-08,201704081305_Race,24,1,1,John Edwards,1:28.952,33.322,31.818,23.812,79.6,1:28.952,,,0,5
2017,06_Long Beach Street Circuit,Long Beach Street Circuit,long-beach-street-circuit,2017-04-08,201704081305_Race,24,2,1,John Edwards,1:54.282,30.914,52.159,31.209,62.0,3:23.234,114282,0,0,5
2017,06_Long Beach Street Circuit,Long Beach Street Circuit,long-beach-street-circuit,2017-04-08,201704081305_Race,24,3,1,John Edwards,2:18.756,43.429,54.187,41.140,51.0,5:41.990,138756,0,0,5
2017,06_Long Beach Street Circuit,Long Beach Street Circuit,long-beach-street-circuit,2017-04-08,201704081305_Race,24,4,1,John Edwards,2:07.650,43.423,51.540,32.687,55.4,7:49.640,127650,0,0,5
2017,06_Long Beach Street Circuit,Long Beach Street Circuit,long-beach-street-circuit,2017-04-08,201704081305_Race,24,5,1,John Edwards,2:07.061,43.189,46.219,37.653,55.7,9:56.701,127061,0,0,5
2017,06_Long Beach Street Circuit,Long Beach Street Circuit,long-beach-street-circuit,2017-04-08,201704081305_Race,24,6,1,John Edwards,2:07.970,41.918,54.865,31.187,55.3,12:04.671,127970,0,0,5
2017,06_Long Beach Street Circuit,Long Beach Street Circuit,long-beach-street-circuit,2017-04-08,201704081305_Race,24,7,1,John Edwards,1:20.635,26.643,30.351,23.641,87.8,13:25.306,80635,0,0,5
2017,06_Long Beach Street Circuit,Long Beach Street Circuit,long-beach-street-circuit,2017-04-08,201704081305_Race,24,8,1,John Edwards,1:19.520,26.149,30.027,23.344,89.1,14:44.826,79520,0,0,5
2017,06_Long Beach Street Circuit,Long Beach Street Circuit,long-beach-street-circuit,2017-04-08,201704081305_Race,24,9,1,John Edwards,1:19.086,25.966,29.902,23.218,89.6,16:03.912,79086,0,0,5
2017,06_Long Beach Street Circuit,Long Beach Street Circuit,long-beach-street-circuit,2017-04-08,201704081305_Race,24,10,1,John Edwards,1:20.879,25.900,29.983,24.996,87.6,17:24.791,80879,0,0,5
2017,06_Long Beach Street Circuit,Long Beach Street Circuit,long-beach-street-circuit,2017-04-08,201704081305_Race,24,11,1,John Edwards,1:37.338,32.602,35.630,29.106,72.7,19:02.129,97338,0,0,5
2017,06_Long Beach Street Circuit,Long Beach Street Circuit,long-beach-street-circuit,2017-04-08,201704081305_Race,24,12,1,John Edwards,1:56.443,32.570,47.457,36.416,60.8,20:58.572,116443,0,0,5
2017,06_Long Beach Street Circuit,Long Beach Street Circuit,long-beach-street-circuit,2017-04-08,201704081305_Race,24,13,1,John Edwards,2:11.491,43.851,44.584,43.056,53.8,23:10.063,131491,0,1,5
2017,06_Long Beach Street Circuit,Long Beach Street Circuit,long-beach-street-circuit,2017-04-08,201704081305_Race,24,14,2,Martin Tomczyk,2:14.746,1:18.915,31.754,24.077,52.5,25:24.809,134746,0,0,5
2017,06_Long Beach Street Circuit,Long Beach Street Circuit,long-beach-street-circuit,2017-04-08,201704081305_Race,24,15,2,Martin Tomczyk,1:20.114,26.291,30.240,23.583,88.4,26:44.923,80114,0,0,5
2017,06_Long Beach Street Circuit,Long Beach Street Circuit,long-beach-street-circuit,2017-04-08,201704081305_Race,24,16,2,Martin Tomczyk,1:19.809,26.251,30.197,23.361,88.7,28:04.732,79809,0,0,5
2017,06_Long Beach Street Circuit,Long Beach Street Circuit,long-beach-street-circuit,2017-04-08,201704081305_Race,24,17,2,Martin Tomczyk,1:19.158,25.953,29.956,23.249,89.4,29:23.890,79158,0,0,5
2017,06_Long Beach Street Circuit,Long Beach Street Circuit,long-beach-street-circuit,2017-04-08,201704081305_Race,24,18,2,Martin Tomczyk,1:18.996,25.883,29.977,23.136,89.6,30:42.886,78996,0,0,5
2017,06_Long Beach Street Circuit,Long Beach Street Circuit,long-beach-street-circuit,2017-04-08,201704081305_Race,24,19,2,Martin Tomczyk,1:18.941,25.732,30.021,23.188,89.7,32:01.827,78941,0,0,5
2017,06_Long Beach Street Circuit,Long Beach Street Circuit,long-beach-street-circuit,2017-04-08,201704081305_Race,24,20,2,Martin Tomczyk,1:19.602,25.859,30.130,23.613,88.9,33:21.429,79602,0,0,5
2017,06_Long Beach Street Circuit,Long Beach Street Circuit,long-beach-street-circuit,2017-04-08,201704081305_Race,24,21,2,Martin Tomczyk,1:25.083,25.788,32.844,26.451,83.2,34:46.512,85083,0,0,5
2017,06_Long Beach Street Circuit,Long Beach Street Circuit,long-beach-street-circuit,2017-04-08,201704081305_Race,24,22,2,Martin Tomczyk,1:31.248,30.384,34.440,26.424,77.6,36:17.760,91248,0,0,5
2017,06_Long Beach Street Circuit,Long Beach Street Circuit,long-beach-street-circuit,2017-04-08,201704081305_Race,24,23,2,Martin Tomczyk,1:57.733,28.506,43.808,45.419,60.1,38:15.493,117733,0,0,5
2017,06_Long Beach Street Circuit,Long Beach Street Circuit,long-beach-street-circuit,2017-04-08,201704081305_Race,24,24,2,Martin Tomczyk,1:57.669,45.359,44.668,27.642,60.2,40:13.162,117669,0,0,5
2017,06_Long Beach Street Circuit,Long Beach Street Circuit,long-beach-street-circuit,2017-04-08,201704081305_Race,24,25,2,Martin Tomczyk,1:22.493,27.071,31.777,23.645,85.8,41:35.655,82493,0,0,5
2017,06_Long Beach Street Circuit,Long Beach Street Circuit,long-beach-street-circuit,2017-04-08,201704081305_Race,24,26,2,Martin Tomczyk,1:19.327,25.869,29.997,23.461,89.2,42:54.982,79327,0,0,5
2017,06_Long Beach Street Circuit,Long Beach Street Circuit,long-beach-street-circuit,2017-04-08,201704081305_Race,24,27,2,Martin Tomczyk,1:19.883,26.086,30.252,23.545,88.6,44:14.865,79883,0,0,5
2017,06_Long Beach Street Circuit,Long Beach Street Circuit,long-beach-street-circuit,2017-04-08,201704081305_Race,24,28,2,Martin Tomczyk,1:20.336,25.908,30.158,24.270,88.1,45:35.201,80336,0,0,5
2017,06_Long Beach Street Circuit,Long Beach Street Circuit,long-beach-street-circuit,2017-04-08,201704081305_Race,24,29,2,Martin Tomczyk,1:21.002,26.696,30.435,23.871,87.4,46:56.203,81002,0,0,5
2017,06_Long Beach Street Circuit,Long Beach Street Circuit,long-beach-street-circuit,2017-04-08,201704081305_Race,24,30,2,Martin Tomczyk,1:20.693,26.922,30.217,23.554,87.7,48:16.896,80693,0,0,5
2017,06_Long Beach Street Circuit,Long Beach Street Circuit,long-beach-street-circuit,2017-04-08,201704081305_Race,24,31,2,Martin Tomczyk,1:30.217,26.342,32.620,31.255,78.5,49:47.113,90217,0,0,5
2017,06_Long Beach Street Circuit,Long Beach Street Circuit,long-beach-street-circuit,2017-04-08,201704081305_Race,24,32,2,Martin Tomczyk,1:34.881,29.129,32.233,33.519,74.6,51:21.994,94881,0,0,5
2017,06_Long Beach Street Circuit,Long Beach Street Circuit,long-beach-street-circuit,2017-04-08,201704081305_Race,24,33,2,Martin Tomczyk,2:19.582,47.346,48.595,43.641,50.7,53:41.576,139582,0,0,5
2017,06_Long Beach Street Circuit,Long Beach Street Circuit,long-beach-street-circuit,2017-04-08,201704081305_Race,24,34,2,Martin Tomczyk,2:26.525,53.184,55.123,38.218,48.3,56:08.101,146525,0,0,5
2017,06_Long Beach Street Circuit,Long Beach Street Circuit,long-beach-street-circuit,2017-04-08,201704081305_Race,24,35,2,Martin Tomczyk,2:11.911,47.631,47.219,37.061,53.6,58:20.012,131911,0,0,5
2017,06_Long Beach Street Circuit,Long Beach Street Circuit,long-beach-street-circuit,2017-04-08,201704081305_Race,24,36,2,Martin Tomczyk,2:13.775,47.608,48.388,37.779,52.9,1:00:33.787,133775,0,0,5
2017,06_Long Beach Street Circuit,Long Beach Street Circuit,long-beach-street-circuit,2017-04-08,201704081305_Race,24,37,2,Martin Tomczyk,2:04.442,46.247,47.462,30.733,56.9,1:02:38.229,124442,0,0,5
2017,06_Long Beach Street Circuit,Long Beach Street Circuit,long-beach-street-circuit,2017-04-08,201704081305_Race,24,38,2,Martin Tomczyk,1:21.329,27.375,30.388,23.566,87.1,1:03:59.558,81329,0,0,5
2017,06_Long Beach Street Circuit,Long Beach Street Circuit,long-beach-street-circuit,2017-04-08,201704081305_Race,24,39,2,Martin Tomczyk,1:19.383,26.107,29.880,23.396,89.2,1:05:18.941,79383,0,0,5
2017,06_Long Beach Street Circuit,Long Beach Street Circuit,long-beach-street-circuit,2017-04-08,201704081305_Race,24,40,2,Martin Tomczyk,1:19.303,26.097,29.794,23.412,89.3,1:06:38.244,79303,0,0,5
2017,06_Long Beach Street Circuit,Long Beach Street Circuit,long-beach-street-circuit,2017-04-08,201704081305_Race,24,41,2,Martin Tomczyk,1:19.248,25.960,29.904,23.384,89.4,1:07:57.492,79248,0,0,5
2017,06_Long Beach Street Circuit,Long Beach Street Circuit,long-beach-street-circuit,2017-04-08,201704081305_Race,24,42,2,Martin Tomczyk,1:19.414,25.903,29.951,23.560,89.2,1:09:16.906,79414,0,0,5
2017,06_Long Beach Street Circuit,Long Beach Street Circuit,long-beach-street-circuit,2017-04-08,201704081305_Race,24,43,2,Martin Tomczyk,2:05.581,37.201,51.005,37.375,56.4,1:11:22.487,125581,0,0,5
2017,06_Long Beach Street Circuit,Long Beach Street Circuit,long-beach-street-circuit,2017-04-08,201704081305_Race,24,44,2,Martin Tomczyk,2:17.694,48.081,51.773,37.840,51.4,1:13:40.181,137694,0,0,5
2017,06_Long Beach Street Circuit,Long Beach Street Circuit,long-beach-street-circuit,2017-04-08,201704081305_Race,24,45,2,Martin Tomczyk,2:12.948,46.603,48.792,37.553,53.3,1:15:53.129,132948,0,0,5
2017,06_Long Beach Street Circuit,Long Beach Street Circuit,long-beach-street-circuit,2017-04-08,201704081305_Race,24,46,2,Martin Tomczyk,2:19.526,46.310,51.141,42.075,50.7,1:18:12.655,139526,0,0,5
2017,06_Long Beach Street Circuit,Long Beach Street Circuit,long-beach-street-circuit,2017-04-08,201704081305_Race,24,47,2,Martin Tomczyk,2:09.736,51.521,47.848,30.367,54.6,1:20:22.391,129736,0,0,5
2017,06_Long Beach Street Circuit,Long Beach Street Circuit,long-beach-street-circuit,2017-04-08,201704081305_Race,24,48,2,Martin Tomczyk,1:20.161,26.209,30.331,23.621,88.3,1:21:42.552,80161,0,0,5
2017,06_Long Beach Street Circuit,Long Beach Street Circuit,long-beach-street-circuit,2017-04-08,201704081305_Race,24,49,2,Martin Tomczyk,1:19.695,26.203,30.208,23.284,88.9,1:23:02.247,79695,0,0,5
2017,06_Long Beach Street Circuit,Long Beach Street Circuit,long-beach-street-circuit,2017-04-08,201704081305_Race,24,50,2,Martin Tomczyk,1:19.406,25.886,29.990,23.530,89.2,1:24:21.653,79406,0,0,6
2017,06_Long Beach Street Circuit,Long Beach Street Circuit,long-beach-street-circuit,2017-04-08,201704081305_Race,24,51,2,Martin Tomczyk,1:19.976,26.023,30.595,23.358,88.6,1:25:41.629,79976,0,0,6
2017,06_Long Beach Street Circuit,Long Beach Street Circuit,long-beach-street-circuit,2017-04-08,201704081305_Race,24,52,2,Martin Tomczyk,1:19.617,25.993,30.161,23.463,88.9,1:27:01.246,79617,0,0,6
2017,06_Long Beach Street Circuit,Long Beach Street Circuit,long-beach-street-circuit,2017-04-08,201704081305_Race,24,53,2,Martin Tomczyk,1:47.830,26.082,56.783,24.965,65.6,1:28:49.076,107830,0,0,6
2017,06_Long Beach Street Circuit,Long Beach Street Circuit,long-beach-street-circuit,2017-04-08,201704081305_Race,24,54,2,Martin Tomczyk,1:20.788,26.738,30.472,23.578,87.6,1:30:09.864,80788,0,0,6
2017,06_Long Beach Street Circuit,Long Beach Street Circuit,long-beach-street-circuit,2017-04-08,201704081305_Race,24,55,2,Martin Tomczyk,1:20.851,26.553,30.422,23.876,87.6,1:31:30.715,80851,0,0,6
2017,06_Long Beach Street Circuit,Long Beach Street Circuit,long-beach-street-circuit,2017-04-08,201704081305_Race,24,56,2,Martin Tomczyk,1:21.356,26.667,30.569,24.120,87.0,1:32:52.071,81356,0,0,6
2017,06_Long Beach Street Circuit,Long Beach Street Circuit,long-beach-street-circuit,2017-04-08,201704081305_Race,24,57,2,Martin Tomczyk,1:20.843,26.343,30.736,23.764,87.6,1:34:12.914,80843,0,0,6
2017,06_Long Beach Street Circuit,Long Beach Street Circuit,long-beach-street-circuit,2017-04-08,201704081305_Race,24,58,2,Martin Tomczyk,1:21.959,26.595,30.675,24.689,86.4,1:35:34.873,81959,0,0,6
2017,06_Long Beach Street Circuit,Long Beach Street Circuit,long-beach-street-circuit,2017-04-08,201704081305_Race,24,59,2,Martin Tomczyk,1:20.783,26.331,30.624,23.828,87.6,1:36:55.656,80783,0,0,6
2017,06_Long Beach Street Circuit,Long Beach Street Circuit,long-beach-street-circuit,2017-04-08,201704081305_Race,24,60,2,Martin Tomczyk,1:21.082,26.369,30.636,24.077,87.3,1:38:16.738,81082,0,0,6
2017,06_Long Beach Street Circuit,Long Beach Street Circuit,long-beach-street-circuit,2017-04-08,201704081305_Race,24,61,2,Martin Tomczyk,1:23.248,27.492,30.980,24.776,85.1,1:39:39.986,83248,0,0,6
2017,06_Long Beach Street Circuit,Long Beach Street Circuit,long-beach-street-circuit,2017-04-08,201704081305_Race,24,62,2,Martin Tomczyk,1:20.996,26.431,30.726,23.839,87.4,1:41:00.982,80996,0,0,6
2017,06_Long Beach Street Circuit,Long Beach Street Circuit,long-beach-street-circuit,2017-04-08,201704081305_Race,25,1,1,Bill Auberlen,1:27.593,32.555,31.310,23.728,80.9,1:27.593,,,0,6
2017,06_Long Beach Street Circuit,Long Beach Street Circuit,long-beach-street-circuit,2017-04-08,201704081305_Race,25,2,1,Bill Auberlen,1:52.933,29.557,52.110,31.266,62.7,3:20.526,112933,0,0,6
2017,06_Long Beach Street Circuit,Long Beach Street Circuit,long-beach-street-circuit,2017-04-08,201704081305_Race,25,3,1,Bill Auberlen,2:17.343,43.360,53.090,40.893,51.5,5:37.869,137343,0,0,6
2017,06_Long Beach Street Circuit,Long Beach Street Circuit,long-beach-street-circuit,2017-04-08,201704081305_Race,25,4,1,Bill Auberlen,2:07.809,44.077,50.806,32.926,55.4,7:45.678,127809,0,0,6
2017,06_Long Beach Street Circuit,Long Beach Street Circuit,long-beach-street-circuit,2017-04-08,201704081305_Race,25,5,1,Bill Auberlen,2:06.155,44.295,45.882,35.978,56.1,9:51.833,126155,0,0,6
2017,06_Long Beach Street Circuit,Long Beach Street Circuit,long-beach-street-circuit,2017-04-08,201704081305_Race,25,6,1,Bill Auberlen,2:11.968,44.548,55.056,32.364,53.6,12:03.801,131968,0,0,6
2017,06_Long Beach Street Circuit,Long Beach Street Circuit,long-beach-street-circuit,2017-04-08,201704081305_Race,25,7,1,Bill Auberlen,1:20.320,26.580,30.315,23.425,88.2,13:24.121,80320,0,0,6
2017,06_Long Beach Street Circuit,Long Beach Street Circuit,long-beach-street-circuit,2017-04-08,201704081305_Race,25,8,1,Bill Auberlen,1:19.119,25.958,29.786,23.375,89.5,14:43.240,79119,0,0,6
2017,06_Long Beach Street Circuit,Long Beach Street Circuit,long-beach-street-circuit,2017-04-08,201704081305_Race,25,9,1,Bill Auberlen,1:18.975,25.946,29.759,23.270,89.7,16:02.215,78975,0,0,6
2017,06_Long Beach Street Circuit,Long Beach Street Circuit,long-beach-street-circuit,2017-04-08,201704081305_Race,25,10,1,Bill Auberlen,1:18.377,25.695,29.691,22.991,90.4,17:20.592,78377,0,0,6
2017,06_Long Beach Street Circuit,Long Beach Street Circuit,long-beach-street-circuit,2017-04-08,201704081305_Race,25,11,1,Bill Auberlen,1:35.174,30.750,35.740,28.684,74.4,18:55.766,95174,0,0,6
2017,06_Long Beach Street Circuit,Long Beach Street Circuit,long-beach-street-circuit,2017-04-08,201704081305_Race,25,12,1,Bill Auberlen,1:59.001,34.995,47.800,36.206,59.5,20:54.767,119001,0,0,6
2017,06_Long Beach Street Circuit,Long Beach Street Circuit,long-beach-street-circuit,2017-04-08,201704081305_Race,25,13,1,Bill Auberlen,2:08.342,45.093,46.080,37.169,55.1,23:03.109,128342,0,0,6
2017,06_Long Beach Street Circuit,Long Beach Street Circuit,long-beach-street-circuit,2017-04-08,201704081305_Race,25,14,1,Bill Auberlen,1:58.936,40.013,46.991,31.932,59.5,25:02.045,118936,0,0,6
2017,06_Long Beach Street Circuit,Long Beach Street Circuit,long-beach-street-circuit,2017-04-08,201704081305_Race,25,15,1,Bill Auberlen,1:19.838,26.393,30.086,23.359,88.7,26:21.883,79838,0,0,6
2017,06_Long Beach Street Circuit,Long Beach Street Circuit,long-beach-street-circuit,2017-04-08,201704081305_Race,25,16,1,Bill Auberlen,1:18.696,25.784,29.723,23.189,90.0,27:40.579,78696,0,0,6
2017,06_Long Beach Street Circuit,Long Beach Street Circuit,long-beach-street-circuit,2017-04-08,201704081305_Race,25,17,1,Bill Auberlen,1:18.709,25.787,29.784,23.138,90.0,28:59.288,78709,0,0,6
2017,06_Long Beach Street Circuit,Long Beach Street Circuit,long-beach-street-circuit,2017-04-08,201704081305_Race,25,18,1,Bill Auberlen,1:18.655,25.663,29.830,23.162,90.0,30:17.943,78655,0,0,6
2017,06_Long Beach Street Circuit,Long Beach Street Circuit,long-beach-street-circuit,2017-04-08,201704081305_Race,25,19,1,Bill Auberlen,1:20.587,26.422,30.983,23.182,87.9,31:38.530,80587,0,0,6
2017,06_Long Beach Street Circuit,Long Beach Street Circuit,long-beach-street-circuit,2017-04-08,201704081305_Race,25,20,1,Bill Auberlen,1:22.619,26.896,31.259,24.464,85.7,33:01.149,82619,0,0,6
2017,06_Long Beach Street Circuit,Long Beach Street Circuit,long-beach-street-circuit,2017-04-08,201704081305_Race,25,21,1,Bill Auberlen,1:21.230,26.191,29.796,25.243,87.2,34:22.379,81230,0,0,6
2017,06_Long Beach Street Circuit,Long Beach Street Circuit,long-beach-street-circuit,2017-04-08,201704081305_Race,25,22,1,Bill Auberlen,1:29.570,26.942,33.817,28.811,79.1,35:51.949,89570,0,0,6
2017,06_Long Beach Street Circuit,Long Beach Street Circuit,long-beach-street-circuit,2017-04-08,201704081305_Race,25,23,1,Bill Auberlen,2:07.119,34.550,48.806,43.763,55.7,37:59.068,127119,0,0,6
2017,06_Long Beach Street Circuit,Long Beach Street Circuit,long-beach-street-circuit,2017-04-08,201704081305_Race,25,24,1,Bill Auberlen,2:06.756,44.204,49.169,33.383,55.9,40:05.824,126756,0,0,6
2017,06_Long Beach Street Circuit,Long Beach Street Circuit,long-beach-street-circuit,2017-04-08,201704081305_Race,25,25,1,Bill Auberlen,1:32.818,26.917,30.142,35.759,76.3,41:38.642,92818,0,1,6
2017,06_Long Beach Street Circuit,Long Beach Street Circuit,long-beach-street-circuit,2017-04-08,201704081305_Race,25,26,2,Alexander Sims,2:08.982,1:14.241,30.927,23.814,54.9,43:47.624,128982,0,0,6
2017,06_Long Beach Street Circuit,Long Beach Street Circuit,long-beach-street-circuit,2017-04-08,201704081305_Race,25,27,2,Alexander Sims,1:19.787,26.388,30.095,23.304,88.7,45:07.411,79787,0,0,6
2017,06_Long Beach Street Circuit,Long Beach Street Circuit,long-beach-street-circuit,2017-04-08,201704081305_Race,25,28,2,Alexander Sims,1:22.922,27.334,31.441,24.147,85.4,46:30.333,82922,0,0,6
2017,06_Long Beach Street Circuit,Long Beach Street Circuit,long-beach-street-circuit,2017-04-08,201704081305_Race,25,29,2,Alexander Sims,1:20.891,26.913,29.993,23.985,87.6,47:51.224,80891,0,0,6
2017,06_Long Beach Street Circuit,Long Beach Street Circuit,long-beach-street-circuit,2017-04-08,201704081305_Race,25,30,2,Alexander Sims,1:47.190,26.908,29.987,50.295,66.1,49:38.414,107190,0,0,6
2017,06_Long Beach Street Circuit,Long Beach Street Circuit,long-beach-street-circuit,2017-04-08,201704081305_Race,25,31,2,Alexander Sims,1:38.426,27.692,34.932,35.802,71.9,51:16.840,98426,0,0,6
2017,06_Long Beach Street Circuit,Long Beach Street Circuit,long-beach-street-circuit,2017-04-08,201704081305_Race,25,32,2,Alexander Sims,2:01.774,46.706,49.299,25.769,58.1,53:18.614,121774,0,0,6
2017,06_Long Beach Street Circuit,Long Beach Street Circuit,long-beach-street-circuit,2017-04-08,201704081305_Race,25,33,2,Alexander Sims,1:23.622,27.762,31.147,24.713,84.7,54:42.236,83622,0,0,6
2017,06_Long Beach Street Circuit,Long Beach Street Circuit,long-beach-street-circuit,2017-04-08,201704081305_Race,25,34,2,Alexander Sims,1:43.017,26.988,35.911,40.118,68.7,56:25.253,103017,0,0,6
2017,06_Long Beach Street Circuit,Long Beach Street Circuit,long-beach-street-circuit,2017-04-08,201704081305_Race,25,35,2,Alexander Sims,2:10.369,48.560,48.952,32.857,54.3,58:35.622,130369,0,0,6
2017,06_Long Beach Street Circuit,Long Beach Street Circuit,long-beach-street-circuit,2017-04-08,201704081305_Race,25,36,2,Alexander Sims,2:10.902,45.211,48.842,36.849,54.1,1:00:46.524,130902,0,0,6
2017,06_Long Beach Street Circuit,Long Beach Street Circuit,long-beach-street-circuit,2017-04-08,201704081305_Race,25,37,2,Alexander Sims,1:59.534,46.297,45.270,27.967,59.2,1:02:46.058,119534,0,0,6
2017,06_Long Beach Street Circuit,Long Beach Street Circuit,long-beach-street-circuit,2017-04-08,201704081305_Race,25,38,2,Alexander Sims,1:21.489,26.525,30.932,24.032,86.9,1:04:07.547,81489,0,0,6
2017,06_Long Beach Street Circuit,Long Beach Street Circuit,long-beach-street-circuit,2017-04-08,201704081305_Race,25,39,2,Alexander Sims,1:20.350,26.349,30.424,23.577,88.1,1:05:27.897,80350,0,0,6
2017,06_Long Beach Street Circuit,Long Beach Street Circuit,long-beach-street-circuit,2017-04-08,201704081305_Race,25,40,2,Alexander Sims,1:20.541,26.061,29.755,24.725,87.9,1:06:48.438,80541,0,0,6
2017,06_Long Beach Street Circuit,Long Beach Street Circuit,long-beach-street-circuit,2017-04-08,201704081305_Race,25,41,2,Alexander Sims,1:22.012,26.879,31.182,23.951,86.3,1:08:10.450,82012,0,0,6
2017,06_Long Beach Street Circuit,Long Beach Street Circuit,long-beach-street-circuit,2017-04-08,201704081305_Race,25,42,2,Alexander Sims,1:20.703,25.938,30.194,24.571,87.7,1:09:31.153,80703,0,0,6
2017,06_Long Beach Street Circuit,Long Beach Street Circuit,long-beach-street-circuit,2017-04-08,201704081305_Race,25,43,2,Alexander Sims,1:59.193,30.114,51.976,37.103,59.4,1:11:30.346,119193,0,0,6
2017,06_Long Beach Street Circuit,Long Beach Street Circuit,long-beach-street-circuit,2017-04-08,201704081305_Race,25,44,2,Alexander Sims,2:18.793,47.117,54.644,37.032,51.0,1:13:49.139,138793,0,0,6
2017,06_Long Beach Street Circuit,Long Beach Street Circuit,long-beach-street-circuit,2017-04-08,201704081305_Race,25,45,2,Alexander Sims,2:13.190,44.744,51.860,36.586,53.1,1:16:02.329,133190,0,0,6
2017,06_Long Beach Street Circuit,Long Beach Street Circuit,long-beach-street-circuit,2017-04-08,201704081305_Race,25,46,2,Alexander Sims,2:19.864,44.955,51.652,43.257,50.6,1:18:22.193,139864,0,0,6
2017,06_Long Beach Street Circuit,Long Beach Street Circuit,long-beach-street-circuit,2017-04-08,201704081305_Race,25,47,2,Alexander Sims,2:05.087,48.919,46.926,29.242,56.6,1:20:27.280,125087,0,0,6
2017,06_Long Beach Street Circuit,Long Beach Street Circuit,long-beach-street-circuit,2017-04-08,201704081305_Race,25,48,2,Alexander Sims,1:21.396,26.195,30.970,24.231,87.0,1:21:48.676,81396,0,0,6
2017,06_Long Beach Street Circuit,Long Beach Street Circuit,long-beach-street-circuit,2017-04-08,201704081305_Race,25,49,2,Alexander Sims,1:19.001,25.955,29.738,23.308,89.6,1:23:07.677,79001,0,0,6
2017,06_Long Beach Street Circuit,Long Beach Street Circuit,long-beach-street-circuit,2017-04-08,201704081305_Race,25,50,2,Alexander Sims,1:18.988,26.012,29.821,23.155,89.6,1:24:26.665,78988,0,0,6
2017,06_Long Beach Street Circuit,Long Beach Street Circuit,long-beach-street-circuit,2017-04-08,201704081305_Race,25,51,2,Alexander Sims,1:18.915,25.822,29.917,23.176,89.7,1:25:45.580,78915,0,0,6
2017,06_Long Beach Street Circuit,Long Beach Street Circuit,long-beach-street-circuit,2017-04-08,201704081305_Race,25,52,2,Alexander Sims,1:18.801,25.918,29.793,23.090,89.9,1:27:04.381,78801,0,0,6
2017,06_Long Beach Street Circuit,Long Beach Street Circuit,long-beach-street-circuit,2017-04-08,201704081305_Race,25,53,2,Alexander Sims,1:19.870,25.917,29.963,23.990,88.7,1:28:24.251,79870,0,0,6
2017,06_Long Beach Street Circuit,Long Beach Street Circuit,long-beach-street-circuit,2017-04-08,201704081305_Race,25,54,2,Alexander Sims,1:19.457,26.159,29.841,23.457,89.1,1:29:43.708,79457,0,0,6
2017,06_Long Beach Street Circuit,Long Beach Street Circuit,long-beach-street-circuit,2017-04-08,201704081305_Race,25,55,2,Alexander Sims,1:19.689,26.714,29.904,23.071,88.9,1:31:03.397,79689,0,0,6
2017,06_Long Beach Street Circuit,Long Beach Street Circuit,long-beach-street-circuit,2017-04-08,201704081305_Race,25,56,2,Alexander Sims,1:18.987,25.959,29.906,23.122,89.7,1:32:22.384,78987,0,0,6
2017,06_Long Beach Street Circuit,Long Beach Street Circuit,long-beach-street-circuit,2017-04-08,201704081305_Race,25,57,2,Alexander Sims,1:19.776,26.022,30.061,23.693,88.7,1:33:42.160,79776,0,0,6
2017,06_Long Beach Street Circuit,Long Beach Street Circuit,long-beach-street-circuit,2017-04-08,201704081305_Race,25,58,2,Alexander Sims,1:19.119,26.031,29.947,23.141,89.5,1:35:01.279,79119,0,0,6
2017,06_Long Beach Street Circuit,Long Beach Street Circuit,long-beach-street-circuit,2017-04-08,201704081305_Race,25,59,2,Alexander Sims,1:19.211,25.913,30.043,23.255,89.4,1:36:20.490,79211,0,0,6
2017,06_Long Beach Street Circuit,Long Beach Street Circuit,long-beach-street-circuit,2017-04-08,201704081305_Race,25,60,2,Alexander Sims,1:19.268,26.090,29.883,23.295,89.3,1:37:39.758,79268,0,0,6
2017,06_Long Beach Street Circuit,Long Beach Street Circuit,long-beach-street-circuit,2017-04-08,201704081305_Race,25,61,2,Alexander Sims,1:19.918,26.153,30.121,23.644,88.6,1:38:59.676,79918,0,0,6
2017,06_Long Beach Street Circuit,Long Beach Street Circuit,long-beach-street-circuit,2017-04-08,201704081305_Race,25,62,2,Alexander Sims,1:19.986,26.073,30.247,23.666,88.5,1:40:19.662,79986,0,0,6
2017,06_Long Beach Street Circuit,Long Beach Street Circuit,long-beach-street-circuit,2017-04-08,201704081305_Race,25,63,2,Alexander Sims,1:32.057,26.246,30.238,35.573,76.9,1:41:51.719,92057,0,0,6
2017,06_Long Beach Street Circuit,Long Beach Street Circuit,long-beach-street-circuit,2017-04-08,201704081305_Race,28,1,1,Daniel Morad,1:32.853,35.361,32.173,25.319,76.3,1:32.853,,,0,6
2017,06_Long Beach Street Circuit,Long Beach Street Circuit,long-beach-street-circuit,2017-04-08,201704081305_Race,28,2,1,Daniel Morad,1:57.153,34.358,50.990,31.805,60.4,3:30.006,117153,0,0,6
2017,06_Long Beach Street Circuit,Long Beach Street Circuit,long-beach-street-circuit,2017-04-08,201704081305_Race,28,3,1,Daniel Morad,2:17.739,43.603,53.201,40.935,51.4,5:47.745,137739,0,0,6
2017,06_Long Beach Street Circuit,Long Beach Street Circuit,long-beach-street-circuit,2017-04-08,201704081305_Race,28,4,1,Daniel Morad,2:08.931,43.655,51.582,33.694,54.9,7:56.676,128931,0,0,6
2017,06_Long Beach Street Circuit,Long Beach Street Circuit,long-beach-street-circuit,2017-04-08,201704081305_Race,28,5,1,Daniel Morad,2:05.172,43.750,43.731,37.691,56.6,10:01.848,125172,0,0,6
2017,06_Long Beach Street Circuit,Long Beach Street Circuit,long-beach-street-circuit,2017-04-08,201704081305_Race,28,6,1,Daniel Morad,2:06.261,43.752,53.119,29.390,56.1,12:08.109,126261,0,0,6
2017,06_Long Beach Street Circuit,Long Beach Street Circuit,long-beach-street-circuit,2017-04-08,201704081305_Race,28,7,1,Daniel Morad,1:23.024,26.825,30.743,25.456,85.3,13:31.133,83024,0,0,6
2017,06_Long Beach Street Circuit,Long Beach Street Circuit,long-beach-street-circuit,2017-04-08,201704081305_Race,28,8,1,Daniel Morad,1:21.336,26.648,30.824,23.864,87.1,14:52.469,81336,0,0,6
2017,06_Long Beach Street Circuit,Long Beach Street Circuit,long-beach-street-circuit,2017-04-08,201704081305_Race,28,9,1,Daniel Morad,1:20.921,26.466,30.620,23.835,87.5,16:13.390,80921,0,0,6
2017,06_Long Beach Street Circuit,Long Beach Street Circuit,long-beach-street-circuit,2017-04-08,201704081305_Race,28,10,1,Daniel Morad,1:23.078,26.452,30.597,26.029,85.2,17:36.468,83078,0,0,6
2017,06_Long Beach Street Circuit,Long Beach Street Circuit,long-beach-street-circuit,2017-04-08,201704081305_Race,28,11,1,Daniel Morad,1:32.824,30.316,34.904,27.604,76.3,19:09.292,92824,0,0,6
2017,06_Long Beach Street Circuit,Long Beach Street Circuit,long-beach-street-circuit,2017-04-08,201704081305_Race,28,12,1,Daniel Morad,1:53.917,34.702,43.936,35.279,62.1,21:03.209,113917,0,0,6
2017,06_Long Beach Street Circuit,Long Beach Street Circuit,long-beach-street-circuit,2017-04-08,201704081305_Race,28,13,1,Daniel Morad,2:04.393,46.706,41.919,35.768,56.9,23:07.602,124393,0,0,6
2017,06_Long Beach Street Circuit,Long Beach Street Circuit,long-beach-street-circuit,2017-04-08,201704081305_Race,28,14,1,Daniel Morad,1:57.633,41.396,45.550,30.687,60.2,25:05.235,117633,0,0,6
2017,06_Long Beach Street Circuit,Long Beach Street Circuit,long-beach-street-circuit,2017-04-08,201704081305_Race,28,15,1,Daniel Morad,1:21.300,26.814,30.651,23.835,87.1,26:26.535,81300,0,0,6
2017,06_Long Beach Street Circuit,Long Beach Street Circuit,long-beach-street-circuit,2017-04-08,201704081305_Race,28,16,1,Daniel Morad,1:20.992,26.523,30.575,23.894,87.4,27:47.527,80992,0,0,6
2017,06_Long Beach Street Circuit,Long Beach Street Circuit,long-beach-street-circuit,2017-04-08,201704081305_Race,28,17,1,Daniel Morad,1:20.854,26.508,30.530,23.816,87.6,29:08.381,80854,0,0,6
2017,06_Long Beach Street Circuit,Long Beach Street Circuit,long-beach-street-circuit,2017-04-08,201704081305_Race,28,18,1,Daniel Morad,1:22.021,26.986,31.147,23.888,86.3,30:30.402,82021,0,0,6
2017,06_Long Beach Street Circuit,Long Beach Street Circuit,long-beach-street-circuit,2017-04-08,201704081305_Race,28,19,1,Daniel Morad,1:20.700,26.384,30.601,23.715,87.7,31:51.102,80700,0,0,6
2017,06_Long Beach Street Circuit,Long Beach Street Circuit,long-beach-street-circuit,2017-04-08,201704081305_Race,28,20,1,Daniel Morad,1:20.597,26.184,30.729,23.684,87.9,33:11.699,80597,0,0,6
2017,06_Long Beach Street Circuit,Long Beach Street Circuit,long-beach-street-circuit,2017-04-08,201704081305_Race,28,21,1,Daniel Morad,1:24.886,26.349,31.056,27.481,83.4,34:36.585,84886,0,0,6
2017,06_Long Beach Street Circuit,Long Beach Street Circuit,long-beach-street-circuit,2017-04-08,201704081305_Race,28,22,1,Daniel Morad,1:29.152,30.671,33.663,24.818,79.4,36:05.737,89152,0,0,6
2017,06_Long Beach Street Circuit,Long Beach Street Circuit,long-beach-street-circuit,2017-04-08,201704081305_Race,28,23,1,Daniel Morad,2:03.195,30.563,46.712,45.920,57.5,38:08.932,123195,0,0,6
2017,06_Long Beach Street Circuit,Long Beach Street Circuit,long-beach-street-circuit,2017-04-08,201704081305_Race,28,24,1,Daniel Morad,2:14.549,44.404,47.360,42.785,52.6,40:23.481,134549,0,1,6
2017,06_Long Beach Street Circuit,Long Beach Street Circuit,long-beach-street-circuit,2017-04-08,201704081305_Race,28,25,2,Michael Christensen,2:24.478,1:26.132,33.406,24.940,49.0,42:47.959,144478,0,0,6
2017,06_Long Beach Street Circuit,Long Beach Street Circuit,long-beach-street-circuit,2017-04-08,201704081305_Race,28,26,2,Michael Christensen,1:23.276,27.243,31.724,24.309,85.0,44:11.235,83276,0,0,6
2017,06_Long Beach Street Circuit,Long Beach Street Circuit,long-beach-street-circuit,2017-04-08,201704081305_Race,28,27,2,Michael Christensen,1:22.477,27.322,31.069,24.086,85.8,45:33.712,82477,0,0,6
2017,06_Long Beach Street Circuit,Long Beach Street Circuit,long-beach-street-circuit,2017-04-08,201704081305_Race,28,28,2,Michael Christensen,1:22.210,27.412,30.713,24.085,86.1,46:55.922,82210,0,0,6
2017,06_Long Beach Street Circuit,Long Beach Street Circuit,long-beach-street-circuit,2017-04-08,201704081305_Race,28,29,2,Michael Christensen,1:22.263,27.881,30.599,23.783,86.1,48:18.185,82263,0,0,6
2017,06_Long Beach Street Circuit,Long Beach Street Circuit,long-beach-street-circuit,2017-04-08,201704081305_Race,28,30,2,Michael Christensen,1:32.039,26.309,33.051,32.679,76.9,49:50.224,92039,0,0,6
2017,06_Long Beach Street Circuit,Long Beach Street Circuit,long-beach-street-circuit,2017-04-08,201704081305_Race,28,31,2,Michael Christensen,1:33.933,29.763,31.719,32.451,75.4,51:24.157,93933,0,0,6
2017,06_Long Beach Street Circuit,Long Beach Street Circuit,long-beach-street-circuit,2017-04-08,201704081305_Race,28,32,2,Michael Christensen,2:18.745,47.329,48.207,43.209,51.0,53:42.902,138745,0,0,6
2017,06_Long Beach Street Circuit,Long Beach Street Circuit,long-beach-street-circuit,2017-04-08,201704081305_Race,28,33,2,Michael Christensen,1:46.612,48.830,33.382,24.400,66.4,55:29.514,106612,0,0,6
2017,06_Long Beach Street Circuit,Long Beach Street Circuit,long-beach-street-circuit,2017-04-08,201704081305_Race,28,34,2,Michael Christensen,1:21.695,26.644,30.878,24.173,86.7,56:51.209,81695,0,0,6
2017,06_Long Beach Street Circuit,Long Beach Street Circuit,long-beach-street-circuit,2017-04-08,201704081305_Race,28,35,2,Michael Christensen,1:56.575,35.355,47.987,33.233,60.7,58:47.784,116575,0,0,7
2017,06_Long Beach Street Circuit,Long Beach Street Circuit,long-beach-street-circuit,2017-04-08,201704081305_Race,28,36,2,Michael Christensen,2:14.277,44.431,50.594,39.252,52.7,1:01:02.061,134277,0,0,7
2017,06_Long Beach Street Circuit,Long Beach Street Circuit,long-beach-street-circuit,2017-04-08,201704081305_Race,28,37,2,Michael Christensen,1:50.543,40.948,44.670,24.925,64.0,1:02:52.604,110543,0,0,7
2017,06_Long Beach Street Circuit,Long Beach Street Circuit,long-beach-street-circuit,2017-04-08,201704081305_Race,28,38,2,Michael Christensen,1:36.888,26.969,31.551,38.368,73.1,1:04:29.492,96888,0,1,7
2017,06_Long Beach Street Circuit,Long Beach Street Circuit,long-beach-street-circuit,2017-04-08,201704081305_Race,28,39,2,Michael Christensen,1:46.006,51.275,30.877,23.854,66.8,1:06:15.498,106006,0,0,7
2017,06_Long Beach Street Circuit,Long Beach Street Circuit,long-beach-street-circuit,2017-04-08,201704081305_Race,28,40,2,Michael Christensen,1:21.494,26.455,30.742,24.297,86.9,1:07:36.992,81494,0,0,7
2017,06_Long Beach Street Circuit,Long Beach Street Circuit,long-beach-street-circuit,2017-04-08,201704081305_Race,28,41,2,Michael Christensen,1:32.574,26.406,30.658,35.510,76.5,1:09:09.566,92574,0,1,7
2017,06_Long Beach Street Circuit,Long Beach Street Circuit,long-beach-street-circuit,2017-04-08,201704081305_Race,28,42,2,Michael Christensen,2:23.166,53.496,52.400,37.270,49.4,1:11:32.732,143166,0,0,7
2017,06_Long Beach Street Circuit,Long Beach Street Circuit,long-beach-street-circuit,2017-04-08,201704081305_Race,28,43,2,Michael Christensen,2:18.104,45.739,54.982,37.383,51.3,1:13:50.836,138104,0,0,7
2017,06_Long Beach Street Circuit,Long Beach Street Circuit,long-beach-street-circuit,2017-04-08,201704081305_Race,28,44,2,Michael Christensen,2:13.249,43.663,52.909,36.677,53.1,1:16:04.085,133249,0,0,7
2017,06_Long Beach Street Circuit,Long Beach Street Circuit,long-beach-street-circuit,2017-04-08,201704081305_Race,28,45,2,Michael Christensen,2:19.722,44.162,52.100,43.460,50.7,1:18:23.807,139722,0,0,7
2017,06_Long Beach Street Circuit,Long Beach Street Circuit,long-beach-street-circuit,2017-04-08,201704081305_Race,28,46,2,Michael Christensen,2:04.259,48.365,46.775,29.119,57.0,1:20:28.066,124259,0,0,7
2017,06_Long Beach Street Circuit,Long Beach Street Circuit,long-beach-street-circuit,2017-04-08,201704081305_Race,28,47,2,Michael Christensen,1:21.726,26.819,31.022,23.885,86.6,1:21:49.792,81726,0,0,7
2017,06_Long Beach Street Circuit,Long Beach Street Circuit,long-beach-street-circuit,2017-04-08,201704081305_Race,28,48,2,Michael Christensen,1:20.355,26.245,30.584,23.526,88.1,1:23:10.147,80355,0,0,7
2017,06_Long Beach Street Circuit,Long Beach Street Circuit,long-beach-street-circuit,2017-04-08,201704081305_Race,28,49,2,Michael Christensen,1:20.619,26.277,30.640,23.702,87.8,1:24:30.766,80619,0,0,7
2017,06_Long Beach Street Circuit,Long Beach Street Circuit,long-beach-street-circuit,2017-04-08,201704081305_Race,28,50,2,Michael Christensen,1:20.244,26.112,30.475,23.657,88.2,1:25:51.010,80244,0,0,7
2017,06_Long Beach Street Circuit,Long Beach Street Circuit,long-beach-street-circuit,2017-04-08,201704081305_Race,28,51,2,Michael Christensen,1:21.152,26.711,30.786,23.655,87.3,1:27:12.162,81152,0,0,7
2017,06_Long Beach Street Circuit,Long Beach Street Circuit,long-beach-street-circuit,2017-04-08,201704081305_Race,28,52,2,Michael Christensen,1:20.531,26.193,30.563,23.775,87.9,1:28:32.693,80531,0,0,7
2017,06_Long Beach Street Circuit,Long Beach Street Circuit,long-beach-street-circuit,2017-04-08,201704081305_Race,28,53,2,Michael Christensen,1:20.882,26.195,30.942,23.745,87.6,1:29:53.575,80882,0,0,7
2017,06_Long Beach Street Circuit,Long Beach Street Circuit,long-beach-street-circuit,2017-04-08,201704081305_Race,28,54,2,Michael Christensen,1:20.698,26.358,30.673,23.667,87.7,1:31:14.273,80698,0,0,7
2017,06_Long Beach Street Circuit,Long Beach Street Circuit,long-beach-street-circuit,2017-04-08,201704081305_Race,28,55,2,Michael Christensen,1:20.758,26.257,30.743,23.758,87.7,1:32:35.031,80758,0,0,7
2017,06_Long Beach Street Circuit,Long Beach Street Circuit,long-beach-street-circuit,2017-04-08,201704081305_Race,28,56,2,Michael Christensen,1:20.694,26.354,30.694,23.646,87.7,1:33:55.725,80694,0,0,7
2017,06_Long Beach Street Circuit,Long Beach Street Circuit,long-beach-street-circuit,2017-04-08,201704081305_Race,28,57,2,Michael Christensen,1:20.299,26.230,30.438,23.631,88.2,1:35:16.024,80299,0,0,7
2017,06_Long Beach Street Circuit,Long Beach Street Circuit,long-beach-street-circuit,2017-04-08,201704081305_Race,28,58,2,Michael Christensen,1:20.447,26.263,30.515,23.669,88.0,1:36:36.471,80447,0,0,7
2017,06_Long Beach Street Circuit,Long Beach Street Circuit,long-beach-street-circuit,2017-04-08,201704081305_Race,28,59,2,Michael Christensen,1:20.730,26.424,30.585,23.721,87.7,1:37:57.201,80730,0,0,7
2017,06_Long Beach Street Circuit,Long Beach Street Circuit,long-beach-street-circuit,2017-04-08,201704081305_Race,28,60,2,Michael Christensen,1:20.583,26.382,30.545,23.656,87.9,1:39:17.784,80583,0,0,7
2017,06_Long Beach Street Circuit,Long Beach Street Circuit,long-beach-street-circuit,2017-04-08,201704081305_Race,28,61,2,Michael Christensen,1:21.269,26.223,30.685,24.361,87.1,1:40:39.053,81269,0,0,7
2017,06_Long Beach Street Circuit,Long Beach Street Circuit,long-beach-street-circuit,2017-04-08,201704081305_Race,31,1,2,Eric Curran,1:20.465,27.604,29.530,23.331,88.0,1:20.465,,,0,7
2017,06_Long Beach Street Circuit,Long Beach Street Circuit,long-beach-street-circuit,2017-04-08,201704081305_Race,31,2,2,Eric Curran,1:54.383,30.978,51.908,31.497,61.9,3:14.848,114383,0,0,7
2017,06_Long Beach Street Circuit,Long Beach Street Circuit,long-beach-street-circuit,2017-04-08,201704081305_Race,31,3,2,Eric Curran,2:16.189,44.413,52.252,39.524,52.0,5:31.037,136189,0,0,7
2017,06_Long Beach Street Circuit,Long Beach Street Circuit,long-beach-street-circuit,2017-04-08,201704081305_Race,31,4,2,Eric Curran,2:08.820,45.106,49.351,34.363,54.9,7:39.857,128820,0,0,7
2017,06_Long Beach Street Circuit,Long Beach Street Circuit,long-beach-street-circuit,2017-04-08,201704081305_Race,31,5,2,Eric Curran,2:05.259,43.652,46.862,34.745,56.5,9:45.116,125259,0,0,7
2017,06_Long Beach Street Circuit,Long Beach Street Circuit,long-beach-street-circuit,2017-04-08,201704081305_Race,31,6,2,Eric Curran,2:13.979,45.543,56.274,32.162,52.8,11:59.095,133979,0,0,7
2017,06_Long Beach Street Circuit,Long Beach Street Circuit,long-beach-street-circuit,2017-04-08,201704081305_Race,31,7,2,Eric Curran,1:18.617,25.898,29.133,23.586,90.0,13:17.712,78617,0,0,7
2017,06_Long Beach Street Circuit,Long Beach Street Circuit,long-beach-street-circuit,2017-04-08,201704081305_Race,31,8,2,Eric Curran,1:17.626,25.873,28.957,22.796,91.2,14:35.338,77626,0,0,7
2017,06_Long Beach Street Circuit,Long Beach Street Circuit,long-beach-street-circuit,2017-04-08,201704081305_Race,31,9,2,Eric Curran,1:16.310,25.135,28.415,22.760,92.8,15:51.648,76310,0,0,7
2017,06_Long Beach Street Circuit,Long Beach Street Circuit,long-beach-street-circuit,2017-04-08,201704081305_Race,31,10,2,Eric Curran,1:16.007,24.957,28.485,22.565,93.2,17:07.655,76007,0,0,7
2017,06_Long Beach Street Circuit,Long Beach Street Circuit,long-beach-street-circuit,2017-04-08,201704081305_Race,31,11,2,Eric Curran,1:39.265,30.341,38.917,30.007,71.3,18:46.920,99265,0,0,7
2017,06_Long Beach Street Circuit,Long Beach Street Circuit,long-beach-street-circuit,2017-04-08,201704081305_Race,31,12,2,Eric Curran,2:04.557,40.188,47.282,37.087,56.8,20:51.477,124557,0,0,7
2017,06_Long Beach Street Circuit,Long Beach Street Circuit,long-beach-street-circuit,2017-04-08,201704081305_Race,31,13,2,Eric Curran,2:07.776,45.619,45.704,36.453,55.4,22:59.253,127776,0,0,7
2017,06_Long Beach Street Circuit,Long Beach Street Circuit,long-beach-street-circuit,2017-04-08,201704081305_Race,31,14,2,Eric Curran,1:59.846,41.484,46.365,31.997,59.0,24:59.099,119846,0,0,7
2017,06_Long Beach Street Circuit,Long Beach Street Circuit,long-beach-street-circuit,2017-04-08,201704081305_Race,31,15,2,Eric Curran,1:18.667,26.250,29.251,23.166,90.0,26:17.766,78667,0,0,7
2017,06_Long Beach Street Circuit,Long Beach Street Circuit,long-beach-street-circuit,2017-04-08,201704081305_Race,31,16,2,Eric Curran,1:16.460,25.063,28.685,22.712,92.6,27:34.226,76460,0,0,7
2017,06_Long Beach Street Circuit,Long Beach Street Circuit,long-beach-street-circuit,2017-04-08,201704081305_Race,31,17,2,Eric Curran,1:16.572,24.862,28.441,23.269,92.5,28:50.798,76572,0,0,7
2017,06_Long Beach Street Circuit,Long Beach Street Circuit,long-beach-street-circuit,2017-04-08,201704081305_Race,31,18,2,Eric Curran,1:18.186,25.635,29.730,22.821,90.5,30:08.984,78186,0,0,7
2017,06_Long Beach Street Circuit,Long Beach Street Circuit,long-beach-street-circuit,2017-04-08,201704081305_Race,31,19,2,Eric Curran,1:16.096,25.051,28.487,22.558,93.0,31:25.080,76096,0,0,7
2017,06_Long Beach Street Circuit,Long Beach Street Circuit,long-beach-street-circuit,2017-04-08,201704081305_Race,31,20,2,Eric Curran,1:16.761,25.145,29.107,22.509,92.2,32:41.841,76761,0,0,7
2017,06_Long Beach Street Circuit,Long Beach Street Circuit,long-beach-street-circuit,2017-04-08,201704081305_Race,31,21,2,Eric Curran,1:15.540,24.669,28.367,22.504,93.7,33:57.381,75540,0,0,7
2017,06_Long Beach Street Circuit,Long Beach Street Circuit,long-beach-street-circuit,2017-04-08,201704081305_Race,31,22,2,Eric Curran,1:41.869,29.338,38.867,33.664,69.5,35:39.250,101869,0,0,7
2017,06_Long Beach Street Circuit,Long Beach Street Circuit,long-beach-street-circuit,2017-04-08,201704081305_Race,31,23,2,Eric Curran,2:15.643,43.569,48.443,43.631,52.2,37:54.893,135643,0,0,7
2017,06_Long Beach Street Circuit,Long Beach Street Circuit,long-beach-street-circuit,2017-04-08,201704081305_Race,31,24,2,Eric Curran,2:07.968,45.284,49.207,33.477,55.3,40:02.861,127968,0,0,7
2017,06_Long Beach Street Circuit,Long Beach Street Circuit,long-beach-street-circuit,2017-04-08,201704081305_Race,31,25,2,Eric Curran,1:17.625,25.725,28.952,22.948,91.2,41:20.486,77625,0,0,7
2017,06_Long Beach Street Circuit,Long Beach Street Circuit,long-beach-street-circuit,2017-04-08,201704081305_Race,31,26,2,Eric Curran,1:16.725,25.025,28.669,23.031,92.3,42:37.211,76725,0,0,7
2017,06_Long Beach Street Circuit,Long Beach Street Circuit,long-beach-street-circuit,2017-04-08,201704081305_Race,31,27,2,Eric Curran,1:17.534,25.061,29.300,23.173,91.4,43:54.745,77534,0,0,7
2017,06_Long Beach Street Circuit,Long Beach Street Circuit,long-beach-street-circuit,2017-04-08,201704081305_Race,31,28,2,Eric Curran,1:16.141,25.297,28.451,22.393,93.0,45:10.886,76141,0,0,7
2017,06_Long Beach Street Circuit,Long Beach Street Circuit,long-beach-street-circuit,2017-04-08,201704081305_Race,31,29,2,Eric Curran,1:17.148,25.042,29.104,23.002,91.8,46:28.034,77148,0,0,7
2017,06_Long Beach Street Circuit,Long Beach Street Circuit,long-beach-street-circuit,2017-04-08,201704081305_Race,31,30,2,Eric Curran,1:16.388,24.922,28.966,22.500,92.7,47:44.422,76388,0,0,7
2017,06_Long Beach Street Circuit,Long Beach Street Circuit,long-beach-street-circuit,2017-04-08,201704081305_Race,31,31,2,Eric Curran,1:33.450,24.579,28.305,40.566,75.8,49:17.872,93450,0,0,7
2017,06_Long Beach Street Circuit,Long Beach Street Circuit,long-beach-street-circuit,2017-04-08,201704081305_Race,31,32,2,Eric Curran,1:50.725,29.594,38.538,42.593,64.0,51:08.597,110725,0,0,7
2017,06_Long Beach Street Circuit,Long Beach Street Circuit,long-beach-street-circuit,2017-04-08,201704081305_Race,31,33,2,Eric Curran,2:27.793,48.582,55.042,44.169,47.9,53:36.390,147793,0,0,7
2017,06_Long Beach Street Circuit,Long Beach Street Circuit,long-beach-street-circuit,2017-04-08,201704081305_Race,31,34,2,Eric Curran,2:37.549,52.932,55.455,49.162,44.9,56:13.939,157549,0,1,7
2017,06_Long Beach Street Circuit,Long Beach Street Circuit,long-beach-street-circuit,2017-04-08,201704081305_Race,31,35,1,Dane Cameron,2:39.522,1:27.017,41.008,31.497,44.4,58:53.461,159522,0,0,7
2017,06_Long Beach Street Circuit,Long Beach Street Circuit,long-beach-street-circuit,2017-04-08,201704081305_Race,31,36,1,Dane Cameron,2:15.052,42.981,51.853,40.218,52.4,1:01:08.513,135052,0,0,7
2017,06_Long Beach Street Circuit,Long Beach Street Circuit,long-beach-street-circuit,2017-04-08,201704081305_Race,31,37,1,Dane Cameron,1:46.134,40.661,41.903,23.570,66.7,1:02:54.647,106134,0,0,7
2017,06_Long Beach Street Circuit,Long Beach Street Circuit,long-beach-street-circuit,2017-04-08,201704081305_Race,31,38,1,Dane Cameron,1:19.170,25.650,29.341,24.179,89.4,1:04:13.817,79170,0,0,7
2017,06_Long Beach Street Circuit,Long Beach Street Circuit,long-beach-street-circuit,2017-04-08,201704081305_Race,31,39,1,Dane Cameron,1:19.853,26.091,29.175,24.587,88.7,1:05:33.670,79853,0,0,7
2017,06_Long Beach Street Circuit,Long Beach Street Circuit,long-beach-street-circuit,2017-04-08,201704081305_Race,31,40,1,Dane Cameron,1:17.349,25.286,28.917,23.146,91.5,1:06:51.019,77349,0,0,7
2017,06_Long Beach Street Circuit,Long Beach Street Circuit,long-beach-street-circuit,2017-04-08,201704081305_Race,31,41,1,Dane Cameron,1:18.328,25.508,29.958,22.862,90.4,1:08:09.347,78328,0,0,7
2017,06_Long Beach Street Circuit,Long Beach Street Circuit,long-beach-street-circuit,2017-04-08,201704081305_Race,33,1,1,Ben Keating,1:34.695,38.745,31.510,24.440,74.8,1:34.695,,,0,7
2017,06_Long Beach Street Circuit,Long Beach Street Circuit,long-beach-street-circuit,2017-04-08,201704081305_Race,33,2,1,Ben Keating,1:59.372,36.336,50.194,32.842,59.3,3:34.067,119372,0,0,7
2017,06_Long Beach Street Circuit,Long Beach Street Circuit,long-beach-street-circuit,2017-04-08,201704081305_Race,33,3,1,Ben Keating,2:18.046,42.854,54.279,40.913,51.3,5:52.113,138046,0,0,7
2017,06_Long Beach Street Circuit,Long Beach Street Circuit,long-beach-street-circuit,2017-04-08,201704081305_Race,33,4,1,Ben Keating,2:10.074,44.283,50.614,35.177,54.4,8:02.187,130074,0,0,7
2017,06_Long Beach Street Circuit,Long Beach Street Circuit,long-beach-street-circuit,2017-04-08,201704081305_Race,33,5,1,Ben Keating,2:05.601,41.377,44.280,39.944,56.4,10:07.788,125601,0,0,7
2017,06_Long Beach Street Circuit,Long Beach Street Circuit,long-beach-street-circuit,2017-04-08,201704081305_Race,33,6,1,Ben Keating,2:03.196,43.413,49.716,30.067,57.5,12:10.984,123196,0,0,7
2017,06_Long Beach Street Circuit,Long Beach Street Circuit,long-beach-street-circuit,2017-04-08,201704081305_Race,33,7,1,Ben Keating,1:22.214,27.085,31.056,24.073,86.1,13:33.198,82214,0,0,7
2017,06_Long Beach Street Circuit,Long Beach Street Circuit,long-beach-street-circuit,2017-04-08,201704081305_Race,33,8,1,Ben Keating,1:22.379,26.762,30.905,24.712,85.9,14:55.577,82379,0,0,7
2017,06_Long Beach Street Circuit,Long Beach Street Circuit,long-beach-street-circuit,2017-04-08,201704081305_Race,33,9,1,Ben Keating,1:22.274,27.015,30.792,24.467,86.1,16:17.851,82274,0,0,7
2017,06_Long Beach Street Circuit,Long Beach Street Circuit,long-beach-street-circuit,2017-04-08,201704081305_Race,33,10,1,Ben Keating,1:24.989,26.604,30.638,27.747,83.3,17:42.840,84989,0,0,7
2017,06_Long Beach Street Circuit,Long Beach Street Circuit,long-beach-street-circuit,2017-04-08,201704081305_Race,33,11,1,Ben Keating,1:34.445,35.091,33.645,25.709,74.9,19:17.285,94445,0,0,7
2017,06_Long Beach Street Circuit,Long Beach Street Circuit,long-beach-street-circuit,2017-04-08,201704081305_Race,33,12,1,Ben Keating,1:51.142,34.574,41.677,34.891,63.7,21:08.427,111142,0,0,7
2017,06_Long Beach Street Circuit,Long Beach Street Circuit,long-beach-street-circuit,2017-04-08,201704081305_Race,33,13,1,Ben Keating,2:10.659,48.660,39.721,42.278,54.2,23:19.086,130659,0,1,7
2017,06_Long Beach Street Circuit,Long Beach Street Circuit,long-beach-street-circuit,2017-04-08,201704081305_Race,33,14,1,Ben Keating,2:21.207,1:22.830,33.044,25.333,50.1,25:40.293,141207,0,0,7
2017,06_Long Beach Street Circuit,Long Beach Street Circuit,long-beach-street-circuit,2017-04-08,201704081305_Race,33,15,1,Ben Keating,1:22.556,27.058,31.196,24.302,85.8,27:02.849,82556,0,0,7
2017,06_Long Beach Street Circuit,Long Beach Street Circuit,long-beach-street-circuit,2017-04-08,201704081305_Race,33,16,1,Ben Keating,1:21.992,26.801,30.667,24.524,86.4,28:24.841,81992,0,0,7
2017,06_Long Beach Street Circuit,Long Beach Street Circuit,long-beach-street-circuit,2017-04-08,201704081305_Race,33,17,1,Ben Keating,1:21.429,26.658,30.654,24.117,86.9,29:46.270,81429,0,0,7
2017,06_Long Beach Street Circuit,Long Beach Street Circuit,long-beach-street-circuit,2017-04-08,201704081305_Race,33,18,1,Ben Keating,1:21.287,26.820,30.762,23.705,87.1,31:07.557,81287,0,0,7
2017,06_Long Beach Street Circuit,Long Beach Street Circuit,long-beach-street-circuit,2017-04-08,201704081305_Race,33,19,1,Ben Keating,1:21.437,26.625,30.572,24.240,86.9,32:28.994,81437,0,0,7
2017,06_Long Beach Street Circuit,Long Beach Street Circuit,long-beach-street-circuit,2017-04-08,201704081305_Race,33,20,1,Ben Keating,1:21.194,26.824,30.613,23.757,87.2,33:50.188,81194,0,0,7
2017,06_Long Beach Street Circuit,Long Beach Street Circuit,long-beach-street-circuit,2017-04-08,201704081305_Race,33,21,1,Ben Keating,1:45.604,31.269,40.208,34.127,67.1,35:35.792,105604,0,0,7
2017,06_Long Beach Street Circuit,Long Beach Street Circuit,long-beach-street-circuit,2017-04-08,201704081305_Race,33,22,1,Ben Keating,1:57.888,42.512,48.947,26.429,60.0,37:33.680,117888,0,0,7
2017,06_Long Beach Street Circuit,Long Beach Street Circuit,long-beach-street-circuit,2017-04-08,201704081305_Race,33,23,1,Ben Keating,1:23.002,27.494,31.138,24.370,85.3,38:56.682,83002,0,0,7
2017,06_Long Beach Street Circuit,Long Beach Street Circuit,long-beach-street-circuit,2017-04-08,201704081305_Race,33,24,1,Ben Keating,1:28.478,30.125,33.847,24.506,80.0,40:25.160,88478,0,0,7
2017,06_Long Beach Street Circuit,Long Beach Street Circuit,long-beach-street-circuit,2017-04-08,201704081305_Race,33,25,1,Ben Keating,1:21.234,26.698,30.687,23.849,87.2,41:46.394,81234,0,0,7
2017,06_Long Beach Street Circuit,Long Beach Street Circuit,long-beach-street-circuit,2017-04-08,201704081305_Race,33,26,1,Ben Keating,1:35.773,27.611,32.170,35.992,74.0,43:22.167,95773,0,1,7
2017,06_Long Beach Street Circuit,Long Beach Street Circuit,long-beach-street-circuit,2017-04-08,201704081305_Race,33,27,2,Jeroen Bleekemolen,2:09.884,1:14.237,31.096,24.551,54.5,45:32.051,129884,0,0,7
2017,06_Long Beach Street Circuit,Long Beach Street Circuit,long-beach-street-circuit,2017-04-08,201704081305_Race,33,28,2,Jeroen Bleekemolen,1:21.376,26.817,30.548,24.011,87.0,46:53.427,81376,0,0,7
2017,06_Long Beach Street Circuit,Long Beach Street Circuit,long-beach-street-circuit,2017-04-08,201704081305_Race,33,29,2,Jeroen Bleekemolen,1:21.607,26.820,30.737,24.050,86.8,48:15.034,81607,0,0,7
2017,06_Long Beach Street Circuit,Long Beach Street Circuit,long-beach-street-circuit,2017-04-08,201704081305_Race,33,30,2,Jeroen Bleekemolen,1:27.875,26.805,31.153,29.917,80.6,49:42.909,87875,0,0,7
2017,06_Long Beach Street Circuit,Long Beach Street Circuit,long-beach-street-circuit,2017-04-08,201704081305_Race,33,31,2,Jeroen Bleekemolen,1:36.124,28.086,33.311,34.727,73.6,51:19.033,96124,0,0,7
2017,06_Long Beach Street Circuit,Long Beach Street Circuit,long-beach-street-circuit,2017-04-08,201704081305_Race,33,32,2,Jeroen Bleekemolen,2:01.751,47.550,48.117,26.084,58.1,53:20.784,121751,0,0,7
2017,06_Long Beach Street Circuit,Long Beach Street Circuit,long-beach-street-circuit,2017-04-08,201704081305_Race,33,33,2,Jeroen Bleekemolen,1:23.871,28.105,31.360,24.406,84.4,54:44.655,83871,0,0,7
2017,06_Long Beach Street Circuit,Long Beach Street Circuit,long-beach-street-circuit,2017-04-08,201704081305_Race,33,34,2,Jeroen Bleekemolen,1:41.558,27.412,34.917,39.229,69.7,56:26.213,101558,0,0,7
2017,06_Long Beach Street Circuit,Long Beach Street Circuit,long-beach-street-circuit,2017-04-08,201704081305_Race,33,35,2,Jeroen Bleekemolen,2:10.645,49.251,48.734,32.660,54.2,58:36.858,130645,0,0,7
2017,06_Long Beach Street Circuit,Long Beach Street Circuit,long-beach-street-circuit,2017-04-08,201704081305_Race,33,36,2,Jeroen Bleekemolen,2:11.289,45.382,49.450,36.457,53.9,1:00:48.147,131289,0,0,7
2017,06_Long Beach Street Circuit,Long Beach Street Circuit,long-beach-street-circuit,2017-04-08,201704081305_Race,33,37,2,Jeroen Bleekemolen,1:58.639,46.274,45.234,27.131,59.7,1:02:46.786,118639,0,0,7
2017,06_Long Beach Street Circuit,Long Beach Street Circuit,long-beach-street-circuit,2017-04-08,201704081305_Race,33,38,2,Jeroen Bleekemolen,1:22.058,26.969,30.826,24.263,86.3,1:04:08.844,82058,0,0,7
2017,06_Long Beach Street Circuit,Long Beach Street Circuit,long-beach-street-circuit,2017-04-08,201704081305_Race,33,39,2,Jeroen Bleekemolen,1:21.914,27.204,30.755,23.955,86.4,1:05:30.758,81914,0,0,7
2017,06_Long Beach Street Circuit,Long Beach Street Circuit,long-beach-street-circuit,2017-04-08,201704081305_Race,33,40,2,Jeroen Bleekemolen,1:22.251,26.980,30.552,24.719,86.1,1:06:53.009,82251,0,0,7
2017,06_Long Beach Street Circuit,Long Beach Street Circuit,long-beach-street-circuit,2017-04-08,201704081305_Race,33,41,2,Jeroen Bleekemolen,1:21.782,26.873,30.572,24.337,86.6,1:08:14.791,81782,0,0,7
2017,06_Long Beach Street Circuit,Long Beach Street Circuit,long-beach-street-circuit,2017-04-08,201704081305_Race,33,42,2,Jeroen Bleekemolen,1:24.590,26.818,31.155,26.617,83.7,1:09:39.381,84590,0,0,7
2017,06_Long Beach Street Circuit,Long Beach Street Circuit,long-beach-street-circuit,2017-04-08,201704081305_Race,33,43,2,Jeroen Bleekemolen,2:00.267,32.770,53.603,33.894,58.9,1:11:39.648,120267,0,0,8
2017,06_Long Beach Street Circuit,Long Beach Street Circuit,long-beach-street-circuit,2017-04-08,201704081305_Race,33,44,2,Jeroen Bleekemolen,2:20.516,47.566,56.017,36.933,50.3,1:14:00.164,140516,0,0,8
2017,06_Long Beach Street Circuit,Long Beach Street Circuit,long-beach-street-circuit,2017-04-08,201704081305_Race,33,45,2,Jeroen Bleekemolen,2:13.664,46.834,51.398,35.432,53.0,1:16:13.828,133664,0,0,8
2017,06_Long Beach Street Circuit,Long Beach Street Circuit,long-beach-street-circuit,2017-04-08,201704081305_Race,33,46,2,Jeroen Bleekemolen,2:19.209,48.115,46.637,44.457,50.8,1:18:33.037,139209,0,0,8
2017,06_Long Beach Street Circuit,Long Beach Street Circuit,long-beach-street-circuit,2017-04-08,201704081305_Race,33,47,2,Jeroen Bleekemolen,1:59.035,47.265,44.276,27.494,59.5,1:20:32.072,119035,0,0,8
2017,06_Long Beach Street Circuit,Long Beach Street Circuit,long-beach-street-circuit,2017-04-08,201704081305_Race,33,48,2,Jeroen Bleekemolen,1:21.906,27.161,30.588,24.157,86.4,1:21:53.978,81906,0,0,8
2017,06_Long Beach Street Circuit,Long Beach Street Circuit,long-beach-street-circuit,2017-04-08,201704081305_Race,33,49,2,Jeroen Bleekemolen,1:21.740,26.746,30.879,24.115,86.6,1:23:15.718,81740,0,0,8
2017,06_Long Beach Street Circuit,Long Beach Street Circuit,long-beach-street-circuit,2017-04-08,201704081305_Race,33,50,2,Jeroen Bleekemolen,1:20.837,26.477,30.488,23.872,87.6,1:24:36.555,80837,0,0,8
2017,06_Long Beach Street Circuit,Long Beach Street Circuit,long-beach-street-circuit,2017-04-08,201704081305_Race,33,51,2,Jeroen Bleekemolen,1:20.774,26.494,30.511,23.769,87.7,1:25:57.329,80774,0,0,8
2017,06_Long Beach Street Circuit,Long Beach Street Circuit,long-beach-street-circuit,2017-04-08,201704081305_Race,33,52,2,Jeroen Bleekemolen,1:21.282,26.514,31.006,23.762,87.1,1:27:18.611,81282,0,0,8
2017,06_Long Beach Street Circuit,Long Beach Street Circuit,long-beach-street-circuit,2017-04-08,201704081305_Race,33,53,2,Jeroen Bleekemolen,1:20.927,26.532,30.628,23.767,87.5,1:28:39.538,80927,0,0,8
2017,06_Long Beach Street Circuit,Long Beach Street Circuit,long-beach-street-circuit,2017-04-08,201704081305_Race,33,54,2,Jeroen Bleekemolen,1:21.022,26.541,30.590,23.891,87.4,1:30:00.560,81022,0,0,8
2017,06_Long Beach Street Circuit,Long Beach Street Circuit,long-beach-street-circuit,2017-04-08,201704081305_Race,33,55,2,Jeroen Bleekemolen,1:21.007,26.563,30.520,23.924,87.4,1:31:21.567,81007,0,0,8
2017,06_Long Beach Street Circuit,Long Beach Street Circuit,long-beach-street-circuit,2017-04-08,201704081305_Race,33,56,2,Jeroen Bleekemolen,1:20.250,26.376,30.192,23.682,88.2,1:32:41.817,80250,0,0,8
2017,06_Long Beach Street Circuit,Long Beach Street Circuit,long-beach-street-circuit,2017-04-08,201704081305_Race,33,57,2,Jeroen Bleekemolen,1:21.559,26.681,30.697,24.181,86.8,1:34:03.376,81559,0,0,8
2017,06_Long Beach Street Circuit,Long Beach Street Circuit,long-beach-street-circuit,2017-04-08,201704081305_Race,33,58,2,Jeroen Bleekemolen,1:20.379,26.331,30.335,23.713,88.1,1:35:23.755,80379,0,0,8
2017,06_Long Beach Street Circuit,Long Beach Street Circuit,long-beach-street-circuit,2017-04-08,201704081305_Race,33,59,2,Jeroen Bleekemolen,1:20.375,26.312,30.248,23.815,88.1,1:36:44.130,80375,0,0,8
2017,06_Long Beach Street Circuit,Long Beach Street Circuit,long-beach-street-circuit,2017-04-08,201704081305_Race,33,60,2,Jeroen Bleekemolen,1:20.586,26.293,30.342,23.951,87.9,1:38:04.716,80586,0,0,8
2017,06_Long Beach Street Circuit,Long Beach Street Circuit,long-beach-street-circuit,2017-04-08,201704081305_Race,33,61,2,Jeroen Bleekemolen,1:22.017,26.954,30.869,24.194,86.3,1:39:26.733,82017,0,0,8
2017,06_Long Beach Street Circuit,Long Beach Street Circuit,long-beach-street-circuit,2017-04-08,201704081305_Race,33,62,2,Jeroen Bleekemolen,1:23.058,27.005,31.178,24.875,85.3,1:40:49.791,83058,0,0,8
2017,06_Long Beach Street Circuit,Long Beach Street Circuit,long-beach-street-circuit,2017-04-08,201704081305_Race,48,1,1,Bryan Sellers,1:31.177,33.966,32.445,24.766,77.7,1:31.177,,,0,8
2017,06_Long Beach Street Circuit,Long Beach Street Circuit,long-beach-street-circuit,2017-04-08,201704081305_Race,48,2,1,Bryan Sellers,1:55.014,32.115,51.098,31.801,61.5,3:26.191,115014,0,0,8
2017,06_Long Beach Street Circuit,Long Beach Street Circuit,long-beach-street-circuit,2017-04-08,201704081305_Race,48,3,1,Bryan Sellers,2:18.320,44.042,53.066,41.212,51.2,5:44.511,138320,0,0,8
2017,06_Long Beach Street Circuit,Long Beach Street Circuit,long-beach-street-circuit,2017-04-08,201704081305_Race,48,4,1,Bryan Sellers,2:07.919,43.291,51.430,33.198,55.3,7:52.430,127919,0,0,8
2017,06_Long Beach Street Circuit,Long Beach Street Circuit,long-beach-street-circuit,2017-04-08,201704081305_Race,48,5,1,Bryan Sellers,2:06.623,43.192,45.909,37.522,55.9,9:59.053,126623,0,0,8
2017,06_Long Beach Street Circuit,Long Beach Street Circuit,long-beach-street-circuit,2017-04-08,201704081305_Race,48,6,1,Bryan Sellers,2:07.366,41.463,55.837,30.066,55.6,12:06.419,127366,0,0,8
2017,06_Long Beach Street Circuit,Long Beach Street Circuit,long-beach-street-circuit,2017-04-08,201704081305_Race,48,7,1,Bryan Sellers,1:21.586,26.759,30.839,23.988,86.8,13:28.005,81586,0,0,8
2017,06_Long Beach Street Circuit,Long Beach Street Circuit,long-beach-street-circuit,2017-04-08,201704081305_Race,48,8,1,Bryan Sellers,1:20.970,26.296,30.648,24.026,87.4,14:48.975,80970,0,0,8
2017,06_Long Beach Street Circuit,Long Beach Street Circuit,long-beach-street-circuit,2017-04-08,201704081305_Race,48,9,1,Bryan Sellers,1:21.654,26.247,31.485,23.922,86.7,16:10.629,81654,0,0,8
2017,06_Long Beach Street Circuit,Long Beach Street Circuit,long-beach-street-circuit,2017-04-08,201704081305_Race,48,10,1,Bryan Sellers,1:20.746,26.317,30.604,23.825,87.7,17:31.375,80746,0,0,8
2017,06_Long Beach Street Circuit,Long Beach Street Circuit,long-beach-street-circuit,2017-04-08,201704081305_Race,48,11,1,Bryan Sellers,1:33.874,30.936,33.443,29.495,75.4,19:05.249,93874,0,0,8
2017,06_Long Beach Street Circuit,Long Beach Street Circuit,long-beach-street-circuit,2017-04-08,201704081305_Race,48,12,1,Bryan Sellers,1:55.928,35.124,44.447,36.357,61.1,21:01.177,115928,0,0,8
2017,06_Long Beach Street Circuit,Long Beach Street Circuit,long-beach-street-circuit,2017-04-08,201704081305_Race,48,13,1,Bryan Sellers,2:03.973,44.779,43.532,35.662,57.1,23:05.150,123973,0,0,8
2017,06_Long Beach Street Circuit,Long Beach Street Circuit,long-beach-street-circuit,2017-04-08,201704081305_Race,48,14,1,Bryan Sellers,1:58.493,40.639,46.744,31.110,59.7,25:03.643,118493,0,0,8
2017,06_Long Beach Street Circuit,Long Beach Street Circuit,long-beach-street-circuit,2017-04-08,201704081305_Race,48,15,1,Bryan Sellers,1:21.684,26.755,31.020,23.909,86.7,26:25.327,81684,0,0,8
2017,06_Long Beach Street Circuit,Long Beach Street Circuit,long-beach-street-circuit,2017-04-08,201704081305_Race,48,16,1,Bryan Sellers,1:20.920,26.295,30.727,23.898,87.5,27:46.247,80920,0,0,8
2017,06_Long Beach Street Circuit,Long Beach Street Circuit,long-beach-street-circuit,2017-04-08,201704081305_Race,48,17,1,Bryan Sellers,1:20.740,26.399,30.572,23.769,87.7,29:06.987,80740,0,0,8
2017,06_Long Beach Street Circuit,Long Beach Street Circuit,long-beach-street-circuit,2017-04-08,201704081305_Race,48,18,1,Bryan Sellers,1:21.167,26.292,30.758,24.117,87.3,30:28.154,81167,0,0,8
2017,06_Long Beach Street Circuit,Long Beach Street Circuit,long-beach-street-circuit,2017-04-08,201704081305_Race,48,19,1,Bryan Sellers,1:20.501,26.305,30.628,23.568,87.9,31:48.655,80501,0,0,8
2017,06_Long Beach Street Circuit,Long Beach Street Circuit,long-beach-street-circuit,2017-04-08,201704081305_Race,48,20,1,Bryan Sellers,1:20.512,26.099,30.574,23.839,87.9,33:09.167,80512,0,0,8
2017,06_Long Beach Street Circuit,Long Beach Street Circuit,long-beach-street-circuit,2017-04-08,201704081305_Race,48,21,1,Bryan Sellers,1:24.521,26.556,31.594,26.371,83.8,34:33.688,84521,0,0,8
2017,06_Long Beach Street Circuit,Long Beach Street Circuit,long-beach-street-circuit,2017-04-08,201704081305_Race,48,22,1,Bryan Sellers,1:28.458,28.991,33.803,25.664,80.0,36:02.146,88458,0,0,8
2017,06_Long Beach Street Circuit,Long Beach Street Circuit,long-beach-street-circuit,2017-04-08,201704081305_Race,48,23,1,Bryan Sellers,2:02.648,30.982,45.436,46.230,57.7,38:04.794,122648,0,0,8
2017,06_Long Beach Street Circuit,Long Beach Street Circuit,long-beach-street-circuit,2017-04-08,201704081305_Race,48,24,1,Bryan Sellers,2:15.800,43.904,47.885,44.011,52.1,40:20.594,135800,0,1,8
2017,06_Long Beach Street Circuit,Long Beach Street Circuit,long-beach-street-circuit,2017-04-08,201704081305_Race,48,25,2,Madison Snow,2:18.370,1:20.178,33.273,24.919,51.2,42:38.964,138370,0,0,8
2017,06_Long Beach Street Circuit,Long Beach Street Circuit,long-beach-street-circuit,2017-04-08,201704081305_Race,48,26,2,Madison Snow,1:22.472,27.099,31.155,24.218,85.9,44:01.436,82472,0,0,8
2017,06_Long Beach Street Circuit,Long Beach Street Circuit,long-beach-street-circuit,2017-04-08,201704081305_Race,48,27,2,Madison Snow,1:21.598,26.493,31.109,23.996,86.8,45:23.034,81598,0,0,8
2017,06_Long Beach Street Circuit,Long Beach Street Circuit,long-beach-street-circuit,2017-04-08,201704081305_Race,48,28,2,Madison Snow,1:33.006,26.143,30.746,36.117,76.1,46:56.040,93006,0,1,8
2017,06_Long Beach Street Circuit,Long Beach Street Circuit,long-beach-street-circuit,2017-04-08,201704081305_Race,48,29,2,Madison Snow,3:08.529,1:54.384,36.836,37.309,37.5,50:04.569,188529,0,0,8
2017,06_Long Beach Street Circuit,Long Beach Street Circuit,long-beach-street-circuit,2017-04-08,201704081305_Race,48,30,2,Madison Snow,1:48.487,38.612,39.764,30.111,65.3,51:53.056,108487,0,0,8
2017,06_Long Beach Street Circuit,Long Beach Street Circuit,long-beach-street-circuit,2017-04-08,201704081305_Race,48,31,2,Madison Snow,1:42.345,30.458,40.616,31.271,69.2,53:35.401,102345,0,0,8
2017,06_Long Beach Street Circuit,Long Beach Street Circuit,long-beach-street-circuit,2017-04-08,201704081305_Race,48,32,2,Madison Snow,1:24.157,28.539,31.145,24.473,84.1,54:59.558,84157,0,0,8
2017,06_Long Beach Street Circuit,Long Beach Street Circuit,long-beach-street-circuit,2017-04-08,201704081305_Race,48,33,2,Madison Snow,1:30.548,26.644,31.949,31.955,78.2,56:30.106,90548,0,0,8
2017,06_Long Beach Street Circuit,Long Beach Street Circuit,long-beach-street-circuit,2017-04-08,201704081305_Race,48,34,2,Madison Snow,2:10.487,50.100,47.539,32.848,54.3,58:40.593,130487,0,0,8
2017,06_Long Beach Street Circuit,Long Beach Street Circuit,long-beach-street-circuit,2017-04-08,201704081305_Race,48,35,2,Madison Snow,2:13.208,45.651,50.065,37.492,53.1,1:00:53.801,133208,0,0,8
2017,06_Long Beach Street Circuit,Long Beach Street Circuit,long-beach-street-circuit,2017-04-08,201704081305_Race,48,36,2,Madison Snow,1:54.593,43.877,45.319,25.397,61.8,1:02:48.394,114593,0,0,8
2017,06_Long Beach Street Circuit,Long Beach Street Circuit,long-beach-street-circuit,2017-04-08,201704081305_Race,48,37,2,Madison Snow,1:22.116,26.827,31.101,24.188,86.3,1:04:10.510,82116,0,0,8
2017,06_Long Beach Street Circuit,Long Beach Street Circuit,long-beach-street-circuit,2017-04-08,201704081305_Race,48,38,2,Madison Snow,1:23.771,26.948,31.097,25.726,84.5,1:05:34.281,83771,0,0,8
2017,06_Long Beach Street Circuit,Long Beach Street Circuit,long-beach-street-circuit,2017-04-08,201704081305_Race,48,39,2,Madison Snow,1:52.968,34.521,37.344,41.103,62.6,1:07:27.249,112968,0,1,8
2017,06_Long Beach Street Circuit,Long Beach Street Circuit,long-beach-street-circuit,2017-04-08,201704081305_Race,48,40,2,Madison Snow,15:06.757,,32.243,24.735,7.8,1:22:34.006,906757,0,0,8
2017,06_Long Beach Street Circuit,Long Beach Street Circuit,long-beach-street-circuit,2017-04-08,201704081305_Race,48,41,2,Madison Snow,1:22.703,27.328,31.211,24.164,85.6,1:23:56.709,82703,0,0,8
2017,06_Long Beach Street Circuit,Long Beach Street Circuit,long-beach-street-circuit,2017-04-08,201704081305_Race,48,42,2,Madison Snow,1:21.958,27.036,30.764,24.158,86.4,1:25:18.667,81958,0,0,8
2017,06_Long Beach Street Circuit,Long Beach Street Circuit,long-beach-street-circuit,2017-04-08,201704081305_Race,48,43,2,Madison Snow,1:21.138,26.479,30.656,24.003,87.3,1:26:39.805,81138,0,0,8
2017,06_Long Beach Street Circuit,Long Beach Street Circuit,long-beach-street-circuit,2017-04-08,201704081305_Race,48,44,2,Madison Snow,1:21.800,26.248,31.354,24.198,86.6,1:28:01.605,81800,0,0,8
2017,06_Long Beach Street Circuit,Long Beach Street Circuit,long-beach-street-circuit,2017-04-08,201704081305_Race,48,45,2,Madison Snow,1:23.403,27.746,30.583,25.074,84.9,1:29:25.008,83403,0,0,8
2017,06_Long Beach Street Circuit,Long Beach Street Circuit,long-beach-street-circuit,2017-04-08,201704081305_Race,48,46,2,Madison Snow,1:23.644,27.975,31.524,24.145,84.6,1:30:48.652,83644,0,0,8
2017,06_Long Beach Street Circuit,Long Beach Street Circuit,long-beach-street-circuit,2017-04-08,201704081305_Race,48,47,2,Madison Snow,1:21.831,26.540,31.166,24.125,86.5,1:32:10.483,81831,0,0,8
2017,06_Long Beach Street Circuit,Long Beach Street Circuit,long-beach-street-circuit,2017-04-08,201704081305_Race,48,48,2,Madison Snow,1:21.150,26.466,30.734,23.950,87.3,1:33:31.633,81150,0,0,8
2017,06_Long Beach Street Circuit,Long Beach Street Circuit,long-beach-street-circuit,2017-04-08,201704081305_Race,48,49,2,Madison Snow,1:21.255,26.241,31.032,23.982,87.1,1:34:52.888,81255,0,0,8
2017,06_Long Beach Street Circuit,Long Beach Street Circuit,long-beach-street-circuit,2017-04-08,201704081305_Race,48,50,2,Madison Snow,1:34.726,26.611,31.380,36.735,74.8,1:36:27.614,94726,0,1,8
2017,06_Long Beach Street Circuit,Long Beach Street Circuit,long-beach-street-circuit,2017-04-08,201704081305_Race,48,51,2,Madison Snow,1:55.261,59.383,31.786,24.092,61.4,1:38:22.875,115261,0,0,8
2017,06_Long Beach Street Circuit,Long Beach Street Circuit,long-beach-street-circuit,2017-04-08,201704081305_Race,48,52,2,Madison Snow,1:22.686,26.629,30.792,25.265,85.6,1:39:45.561,82686,0,0,8
2017,06_Long Beach Street Circuit,Long Beach Street Circuit,long-beach-street-circuit,2017-04-08,201704081305_Race,48,53,2,Madison Snow,1:23.466,26.832,30.996,25.638,84.8,1:41:09.027,83466,0,0,8
2017,06_Long Beach Street Circuit,Long Beach Street Circuit,long-beach-street-circuit,2017-04-08,201704081305_Race,50,1,1,Cooper MacNeil,2:00.710,1:00.348,31.731,28.631,58.7,2:00.710,,,0,8
2017,06_Long Beach Street Circuit,Long Beach Street Circuit,long-beach-street-circuit,2017-04-08,201704081305_Race,50,2,1,Cooper MacNeil,1:47.927,30.410,46.561,30.956,65.6,3:48.637,107927,0,0,8
2017,06_Long Beach Street Circuit,Long Beach Street Circuit,long-beach-street-circuit,2017-04-08,201704081305_Race,50,3,1,Cooper MacNeil,2:18.472,45.085,56.008,37.379,51.1,6:07.109,138472,0,0,8
2017,06_Long Beach Street Circuit,Long Beach Street Circuit,long-beach-street-circuit,2017-04-08,201704081305_Race,50,4,1,Cooper MacNeil,2:10.253,46.697,49.114,34.442,54.3,8:17.362,130253,0,0,8
2017,06_Long Beach Street Circuit,Long Beach Street Circuit,long-beach-street-circuit,2017-04-08,201704081305_Race,50,5,1,Cooper MacNeil,2:06.695,42.661,40.525,43.509,55.9,10:24.057,126695,0,0,8
2017,06_Long Beach Street Circuit,Long Beach Street Circuit,long-beach-street-circuit,2017-04-08,201704081305_Race,50,6,1,Cooper MacNeil,1:51.398,40.716,42.277,28.405,63.6,12:15.455,111398,0,0,8
2017,06_Long Beach Street Circuit,Long Beach Street Circuit,long-beach-street-circuit,2017-04-08,201704081305_Race,50,7,1,Cooper MacNeil,1:26.619,28.174,32.871,25.574,81.7,13:42.074,86619,0,0,8
2017,06_Long Beach Street Circuit,Long Beach Street Circuit,long-beach-street-circuit,2017-04-08,201704081305_Race,50,8,1,Cooper MacNeil,1:22.821,27.288,31.526,24.007,85.5,15:04.895,82821,0,0,8
2017,06_Long Beach Street Circuit,Long Beach Street Circuit,long-beach-street-circuit,2017-04-08,201704081305_Race,50,9,1,Cooper MacNeil,1:21.631,26.720,30.963,23.948,86.8,16:26.526,81631,0,0,8
2017,06_Long Beach Street Circuit,Long Beach Street Circuit,long-beach-street-circuit,2017-04-08,201704081305_Race,50,10,1,Cooper MacNeil,1:26.676,26.901,31.719,28.056,81.7,17:53.202,86676,0,0,8
2017,06_Long Beach Street Circuit,Long Beach Street Circuit,long-beach-street-circuit,2017-04-08,201704081305_Race,50,11,1,Cooper MacNeil,1:39.700,35.645,37.755,26.300,71.0,19:32.902,99700,0,0,8
2017,06_Long Beach Street Circuit,Long Beach Street Circuit,long-beach-street-circuit,2017-04-08,201704081305_Race,50,12,1,Cooper MacNeil,1:44.462,30.627,40.273,33.562,67.7,21:17.364,104462,0,0,8
2017,06_Long Beach Street Circuit,Long Beach Street Circuit,long-beach-street-circuit,2017-04-08,201704081305_Race,50,13,1,Cooper MacNeil,2:10.057,47.066,38.892,44.099,54.4,23:27.421,130057,0,1,8
2017,06_Long Beach Street Circuit,Long Beach Street Circuit,long-beach-street-circuit,2017-04-08,201704081305_Race,50,14,2,Gunnar Jeannette,2:19.859,1:21.901,32.885,25.073,50.6,25:47.280,139859,0,0,8
2017,06_Long Beach Street Circuit,Long Beach Street Circuit,long-beach-street-circuit,2017-04-08,201704081305_Race,50,15,2,Gunnar Jeannette,1:22.099,27.005,31.007,24.087,86.3,27:09.379,82099,0,0,8
2017,06_Long Beach Street Circuit,Long Beach Street Circuit,long-beach-street-circuit,2017-04-08,201704081305_Race,50,16,2,Gunnar Jeannette,1:21.356,26.673,30.691,23.992,87.0,28:30.735,81356,0,0,8
2017,06_Long Beach Street Circuit,Long Beach Street Circuit,long-beach-street-circuit,2017-04-08,201704081305_Race,50,17,2,Gunnar Jeannette,1:20.962,26.435,30.653,23.874,87.4,29:51.697,80962,0,0,8
2017,06_Long Beach Street Circuit,Long Beach Street Circuit,long-beach-street-circuit,2017-04-08,201704081305_Race,50,18,2,Gunnar Jeannette,1:21.138,26.582,30.669,23.887,87.3,31:12.835,81138,0,0,8
2017,06_Long Beach Street Circuit,Long Beach Street Circuit,long-beach-street-circuit,2017-04-08,201704081305_Race,50,19,2,Gunnar Jeannette,1:20.852,26.343,30.541,23.968,87.6,32:33.687,80852,0,0,8
2017,06_Long Beach Street Circuit,Long Beach Street Circuit,long-beach-street-circuit,2017-04-08,201704081305_Race,50,20,2,Gunnar Jeannette,1:22.211,26.569,30.838,24.804,86.1,33:55.898,82211,0,0,8
2017,06_Long Beach Street Circuit,Long Beach Street Circuit,long-beach-street-circuit,2017-04-08,201704081305_Race,50,21,2,Gunnar Jeannette,1:40.905,27.519,39.492,33.894,70.2,35:36.803,100905,0,0,8
2017,06_Long Beach Street Circuit,Long Beach Street Circuit,long-beach-street-circuit,2017-04-08,201704081305_Race,50,22,2,Gunnar Jeannette,1:58.120,42.879,47.898,27.343,59.9,37:34.923,118120,0,0,8
2017,06_Long Beach Street Circuit,Long Beach Street Circuit,long-beach-street-circuit,2017-04-08,201704081305_Race,50,23,2,Gunnar Jeannette,1:23.494,27.010,31.313,25.171,84.8,38:58.417,83494,0,0,8
2017,06_Long Beach Street Circuit,Long Beach Street Circuit,long-beach-street-circuit,2017-04-08,201704081305_Race,50,24,2,Gunnar Jeannette,1:27.504,28.803,33.801,24.900,80.9,40:25.921,87504,0,0,8
2017,06_Long Beach Street Circuit,Long Beach Street Circuit,long-beach-street-circuit,2017-04-08,201704081305_Race,50,25,2,Gunnar Jeannette,1:21.434,26.503,30.959,23.972,86.9,41:47.355,81434,0,0,8
2017,06_Long Beach Street Circuit,Long Beach Street Circuit,long-beach-street-circuit,2017-04-08,201704081305_Race,50,26,2,Gunnar Jeannette,1:23.704,27.010,32.299,24.395,84.6,43:11.059,83704,0,0,8
2017,06_Long Beach Street Circuit,Long Beach Street Circuit,long-beach-street-circuit,2017-04-08,201704081305_Race,50,27,2,Gunnar Jeannette,1:21.328,26.472,30.813,24.043,87.1,44:32.387,81328,0,0,8
2017,06_Long Beach Street Circuit,Long Beach Street Circuit,long-beach-street-circuit,2017-04-08,201704081305_Race,50,28,2,Gunnar Jeannette,1:20.611,26.329,30.558,23.724,87.8,45:52.998,80611,0,0,8
2017,06_Long Beach Street Circuit,Long Beach Street Circuit,long-beach-street-circuit,2017-04-08,201704081305_Race,50,29,2,Gunnar Jeannette,1:20.464,26.330,30.392,23.742,88.0,47:13.462,80464,0,0,8
2017,06_Long Beach Street Circuit,Long Beach Street Circuit,long-beach-street-circuit,2017-04-08,201704081305_Race,50,30,2,Gunnar Jeannette,1:21.644,26.420,30.555,24.669,86.8,48:35.106,81644,0,0,8
2017,06_Long Beach Street Circuit,Long Beach Street Circuit,long-beach-street-circuit,2017-04-08,201704081305_Race,50,31,2,Gunnar Jeannette,1:45.368,27.279,37.110,40.979,67.2,50:20.474,105368,0,0,8
2017,06_Long Beach Street Circuit,Long Beach Street Circuit,long-beach-street-circuit,2017-04-08,201704081305_Race,50,32,2,Gunnar Jeannette,1:49.418,33.454,42.886,33.078,64.7,52:09.892,109418,0,0,8
2017,06_Long Beach Street Circuit,Long Beach Street Circuit,long-beach-street-circuit,2017-04-08,201704081305_Race,50,33,2,Gunnar Jeannette,1:45.540,33.108,39.400,33.032,67.1,53:55.432,105540,0,0,8
2017,06_Long Beach Street Circuit,Long Beach Street Circuit,long-beach-street-circuit,2017-04-08,201704081305_Race,50,34,2,Gunnar Jeannette,2:23.941,48.301,54.738,40.902,49.2,56:19.373,143941,0,0,8
2017,06_Long Beach Street Circuit,Long Beach Street Circuit,long-beach-street-circuit,2017-04-08,201704081305_Race,50,35,2,Gunnar Jeannette,2:11.114,48.643,48.315,34.156,54.0,58:30.487,131114,0,0,8
2017,06_Long Beach Street Circuit,Long Beach Street Circuit,long-beach-street-circuit,2017-04-08,201704081305_Race,50,36,2,Gunnar Jeannette,2:11.402,45.373,47.710,38.319,53.9,1:00:41.889,131402,0,0,8
2017,06_Long Beach Street Circuit,Long Beach Street Circuit,long-beach-street-circuit,2017-04-08,201704081305_Race,50,37,2,Gunnar Jeannette,2:00.880,45.821,45.942,29.117,58.5,1:02:42.769,120880,0,0,8
2017,06_Long Beach Street Circuit,Long Beach Street Circuit,long-beach-street-circuit,2017-04-08,201704081305_Race,50,38,2,Gunnar Jeannette,1:21.725,26.773,30.877,24.075,86.6,1:04:04.494,81725,0,0,9
2017,06_Long Beach Street Circuit,Long Beach Street Circuit,long-beach-street-circuit,2017-04-08,201704081305_Race,50,39,2,Gunnar Jeannette,1:21.294,26.645,30.693,23.956,87.1,1:05:25.788,81294,0,0,9
2017,06_Long Beach Street Circuit,Long Beach Street Circuit,long-beach-street-circuit,2017-04-08,201704081305_Race,50,40,2,Gunnar Jeannette,1:21.650,26.451,30.823,24.376,86.7,1:06:47.438,81650,0,0,9
2017,06_Long Beach Street Circuit,Long Beach Street Circuit,long-beach-street-circuit,2017-04-08,201704081305_Race,50,41,2,Gunnar Jeannette,1:24.071,27.305,31.711,25.055,84.2,1:08:11.509,84071,0,0,9
2017,06_Long Beach Street Circuit,Long Beach Street Circuit,long-beach-street-circuit,2017-04-08,201704081305_Race,50,42,2,Gunnar Jeannette,1:25.277,26.571,30.839,27.867,83.0,1:09:36.786,85277,0,0,9
2017,06_Long Beach Street Circuit,Long Beach Street Circuit,long-beach-street-circuit,2017-04-08,201704081305_Race,50,43,2,Gunnar Jeannette,1:58.840,31.881,51.496,35.463,59.5,1:11:35.626,118840,0,0,9
2017,06_Long Beach Street Circuit,Long Beach Street Circuit,long-beach-street-circuit,2017-04-08,201704081305_Race,50,44,2,Gunnar Jeannette,2:20.096,46.555,56.249,37.292,50.5,1:13:55.722,140096,0,0,9
2017,06_Long Beach Street Circuit,Long Beach Street Circuit,long-beach-street-circuit,2017-04-08,201704081305_Race,50,45,2,Gunnar Jeannette,2:13.078,47.205,50.050,35.823,53.2,1:16:08.800,133078,0,0,9
2017,06_Long Beach Street Circuit,Long Beach Street Circuit,long-beach-street-circuit,2017-04-08,201704081305_Race,50,46,2,Gunnar Jeannette,2:19.369,48.668,46.090,44.611,50.8,1:18:28.169,139369,0,0,9
2017,06_Long Beach Street Circuit,Long Beach Street Circuit,long-beach-street-circuit,2017-04-08,201704081305_Race,50,47,2,Gunnar Jeannette,2:01.941,46.298,46.256,29.387,58.0,1:20:30.110,121941,0,0,9
2017,06_Long Beach Street Circuit,Long Beach Street Circuit,long-beach-street-circuit,2017-04-08,201704081305_Race,50,48,2,Gunnar Jeannette,1:21.541,26.830,30.621,24.090,86.8,1:21:51.651,81541,0,0,9
2017,06_Long Beach Street Circuit,Long Beach Street Circuit,long-beach-street-circuit,2017-04-08,201704081305_Race,50,49,2,Gunnar Jeannette,1:21.181,26.518,30.420,24.243,87.3,1:23:12.832,81181,0,0,9
2017,06_Long Beach Street Circuit,Long Beach Street Circuit,long-beach-street-circuit,2017-04-08,201704081305_Race,50,50,2,Gunnar Jeannette,1:21.202,26.574,30.628,24.000,87.2,1:24:34.034,81202,0,0,9
2017,06_Long Beach Street Circuit,Long Beach Street Circuit,long-beach-street-circuit,2017-04-08,201704081305_Race,50,51,2,Gunnar Jeannette,1:20.728,26.606,30.340,23.782,87.7,1:25:54.762,80728,0,0,9
2017,06_Long Beach Street Circuit,Long Beach Street Circuit,long-beach-street-circuit,2017-04-08,201704081305_Race,50,52,2,Gunnar Jeannette,1:20.569,26.364,30.275,23.930,87.9,1:27:15.331,80569,0,0,9
2017,06_Long Beach Street Circuit,Long Beach Street Circuit,long-beach-street-circuit,2017-04-08,201704081305_Race,50,53,2,Gunnar Jeannette,1:21.494,26.664,30.923,23.907,86.9,1:28:36.825,81494,0,0,9
2017,06_Long Beach Street Circuit,Long Beach Street Circuit,long-beach-street-circuit,2017-04-08,201704081305_Race,50,54,2,Gunnar Jeannette,1:20.441,26.345,30.308,23.788,88.0,1:29:57.266,80441,0,0,9
2017,06_Long Beach Street Circuit,Long Beach Street Circuit,long-beach-street-circuit,2017-04-08,201704081305_Race,50,55,2,Gunnar Jeannette,1:20.435,26.324,30.336,23.775,88.1,1:31:17.701,80435,0,0,9
2017,06_Long Beach Street Circuit,Long Beach Street Circuit,long-beach-street-circuit,2017-04-08,201704081305_Race,50,56,2,Gunnar Jeannette,1:20.257,26.297,30.295,23.665,88.2,1:32:37.958,80257,0,0,9
2017,06_Long Beach Street Circuit,Long Beach Street Circuit,long-beach-street-circuit,2017-04-08,201704081305_Race,50,57,2,Gunnar Jeannette,1:20.387,26.283,30.271,23.833,88.1,1:33:58.345,80387,0,0,9
2017,06_Long Beach Street Circuit,Long Beach Street Circuit,long-beach-street-circuit,2017-04-08,201704081305_Race,50,58,2,Gunnar Jeannette,1:20.568,26.252,30.539,23.777,87.9,1:35:18.913,80568,0,0,9
2017,06_Long Beach Street Circuit,Long Beach Street Circuit,long-beach-street-circuit,2017-04-08,201704081305_Race,50,59,2,Gunnar Jeannette,1:20.648,26.501,30.349,23.798,87.8,1:36:39.561,80648,0,0,9
2017,06_Long Beach Street Circuit,Long Beach Street Circuit,long-beach-street-circuit,2017-04-08,201704081305_Race,50,60,2,Gunnar Jeannette,1:20.611,26.382,30.470,23.759,87.8,1:38:00.172,80611,0,0,9
2017,06_Long Beach Street Circuit,Long Beach Street Circuit,long-beach-street-circuit,2017-04-08,201704081305_Race,50,61,2,Gunnar Jeannette,1:20.549,26.360,30.393,23.796,87.9,1:39:20.721,80549,0,0,9
2017,06_Long Beach Street Circuit,Long Beach Street Circuit,long-beach-street-circuit,2017-04-08,201704081305_Race,50,62,2,Gunnar Jeannette,1:21.578,26.920,30.634,24.024,86.8,1:40:42.299,81578,0,0,9
2017,06_Long Beach Street Circuit,Long Beach Street Circuit,long-beach-street-circuit,2017-04-08,201704081305_Race,52,1,2,Will Owen,1:23.982,29.435,30.081,24.466,84.3,1:23.982,,,0,9
2017,06_Long Beach Street Circuit,Long Beach Street Circuit,long-beach-street-circuit,2017-04-08,201704081305_Race,52,2,2,Will Owen,1:54.482,30.092,52.975,31.415,61.8,3:18.464,114482,0,0,9
2017,06_Long Beach Street Circuit,Long Beach Street Circuit,long-beach-street-circuit,2017-04-08,201704081305_Race,52,3,2,Will Owen,2:16.526,43.621,52.453,40.452,51.8,5:34.990,136526,0,0,9
2017,06_Long Beach Street Circuit,Long Beach Street Circuit,long-beach-street-circuit,2017-04-08,201704081305_Race,52,4,2,Will Owen,2:08.512,45.172,49.126,34.214,55.1,7:43.502,128512,0,0,9
2017,06_Long Beach Street Circuit,Long Beach Street Circuit,long-beach-street-circuit,2017-04-08,201704081305_Race,52,5,2,Will Owen,2:06.465,44.659,45.117,36.689,56.0,9:49.967,126465,0,0,9
2017,06_Long Beach Street Circuit,Long Beach Street Circuit,long-beach-street-circuit,2017-04-08,201704081305_Race,52,6,2,Will Owen,2:11.900,44.406,55.254,32.240,53.6,12:01.867,131900,0,0,9
2017,06_Long Beach Street Circuit,Long Beach Street Circuit,long-beach-street-circuit,2017-04-08,201704081305_Race,52,7,2,Will Owen,1:19.726,26.743,29.489,23.494,88.8,13:21.593,79726,0,0,9
2017,06_Long Beach Street Circuit,Long Beach Street Circuit,long-beach-street-circuit,2017-04-08,201704081305_Race,52,8,2,Will Owen,1:17.929,25.784,29.130,23.015,90.9,14:39.522,77929,0,0,9
2017,06_Long Beach Street Circuit,Long Beach Street Circuit,long-beach-street-circuit,2017-04-08,201704081305_Race,52,9,2,Will Owen,1:17.684,25.263,29.144,23.277,91.2,15:57.206,77684,0,0,9
2017,06_Long Beach Street Circuit,Long Beach Street Circuit,long-beach-street-circuit,2017-04-08,201704081305_Race,52,10,2,Will Owen,1:17.683,25.224,29.143,23.316,91.2,17:14.889,77683,0,0,9
2017,06_Long Beach Street Circuit,Long Beach Street Circuit,long-beach-street-circuit,2017-04-08,201704081305_Race,52,11,2,Will Owen,1:33.724,26.287,37.411,30.026,75.6,18:48.613,93724,0,0,9
2017,06_Long Beach Street Circuit,Long Beach Street Circuit,long-beach-street-circuit,2017-04-08,201704081305_Race,52,12,2,Will Owen,2:04.047,40.091,47.035,36.921,57.1,20:52.660,124047,0,0,9
2017,06_Long Beach Street Circuit,Long Beach Street Circuit,long-beach-street-circuit,2017-04-08,201704081305_Race,52,13,2,Will Owen,2:07.733,45.384,45.725,36.624,55.4,23:00.393,127733,0,0,9
2017,06_Long Beach Street Circuit,Long Beach Street Circuit,long-beach-street-circuit,2017-04-08,201704081305_Race,52,14,2,Will Owen,1:59.945,41.023,46.230,32.692,59.0,25:00.338,119945,0,0,9
2017,06_Long Beach Street Circuit,Long Beach Street Circuit,long-beach-street-circuit,2017-04-08,201704081305_Race,52,15,2,Will Owen,1:19.069,26.310,29.285,23.474,89.6,26:19.407,79069,0,0,9
2017,06_Long Beach Street Circuit,Long Beach Street Circuit,long-beach-street-circuit,2017-04-08,201704081305_Race,52,16,2,Will Owen,1:17.223,25.274,28.818,23.131,91.7,27:36.630,77223,0,0,9
2017,06_Long Beach Street Circuit,Long Beach Street Circuit,long-beach-street-circuit,2017-04-08,201704081305_Race,52,17,2,Will Owen,1:16.984,25.117,28.863,23.004,92.0,28:53.614,76984,0,0,9
2017,06_Long Beach Street Circuit,Long Beach Street Circuit,long-beach-street-circuit,2017-04-08,201704081305_Race,52,18,2,Will Owen,1:19.785,25.386,29.489,24.910,88.7,30:13.399,79785,0,0,9
2017,06_Long Beach Street Circuit,Long Beach Street Circuit,long-beach-street-circuit,2017-04-08,201704081305_Race,52,19,2,Will Owen,1:17.140,25.225,28.924,22.991,91.8,31:30.539,77140,0,0,9
2017,06_Long Beach Street Circuit,Long Beach Street Circuit,long-beach-street-circuit,2017-04-08,201704081305_Race,52,20,2,Will Owen,1:17.353,25.192,29.059,23.102,91.5,32:47.892,77353,0,0,9
2017,06_Long Beach Street Circuit,Long Beach Street Circuit,long-beach-street-circuit,2017-04-08,201704081305_Race,52,21,2,Will Owen,1:19.484,25.273,30.349,23.862,89.1,34:07.376,79484,0,0,9
2017,06_Long Beach Street Circuit,Long Beach Street Circuit,long-beach-street-circuit,2017-04-08,201704081305_Race,52,22,2,Will Owen,1:32.795,27.282,33.460,32.053,76.3,35:40.171,92795,0,0,9
2017,06_Long Beach Street Circuit,Long Beach Street Circuit,long-beach-street-circuit,2017-04-08,201704081305_Race,52,23,2,Will Owen,2:15.716,43.538,48.965,43.213,52.1,37:55.887,135716,0,0,9
2017,06_Long Beach Street Circuit,Long Beach Street Circuit,long-beach-street-circuit,2017-04-08,201704081305_Race,52,24,2,Will Owen,2:08.103,44.999,49.077,34.027,55.3,40:03.990,128103,0,0,9
2017,06_Long Beach Street Circuit,Long Beach Street Circuit,long-beach-street-circuit,2017-04-08,201704081305_Race,52,25,2,Will Owen,1:18.843,26.002,29.224,23.617,89.8,41:22.833,78843,0,0,9
2017,06_Long Beach Street Circuit,Long Beach Street Circuit,long-beach-street-circuit,2017-04-08,201704081305_Race,52,26,2,Will Owen,1:20.804,27.078,30.207,23.519,87.6,42:43.637,80804,0,0,9
2017,06_Long Beach Street Circuit,Long Beach Street Circuit,long-beach-street-circuit,2017-04-08,201704081305_Race,52,27,2,Will Owen,1:19.755,26.656,29.920,23.179,88.8,44:03.392,79755,0,0,9
2017,06_Long Beach Street Circuit,Long Beach Street Circuit,long-beach-street-circuit,2017-04-08,201704081305_Race,52,28,2,Will Owen,1:41.893,48.783,29.441,23.669,69.5,45:45.285,101893,0,0,9
2017,06_Long Beach Street Circuit,Long Beach Street Circuit,long-beach-street-circuit,2017-04-08,201704081305_Race,52,29,2,Will Owen,1:19.873,25.482,29.963,24.428,88.7,47:05.158,79873,0,0,9
2017,06_Long Beach Street Circuit,Long Beach Street Circuit,long-beach-street-circuit,2017-04-08,201704081305_Race,52,30,2,Will Owen,1:22.328,25.695,29.665,26.968,86.0,48:27.486,82328,0,0,9
2017,06_Long Beach Street Circuit,Long Beach Street Circuit,long-beach-street-circuit,2017-04-08,201704081305_Race,52,31,2,Will Owen,1:40.909,26.091,35.657,39.161,70.2,50:08.395,100909,0,0,9
2017,06_Long Beach Street Circuit,Long Beach Street Circuit,long-beach-street-circuit,2017-04-08,201704081305_Race,52,32,2,Will Owen,1:47.956,36.908,39.966,31.082,65.6,51:56.351,107956,0,0,9
2017,06_Long Beach Street Circuit,Long Beach Street Circuit,long-beach-street-circuit,2017-04-08,201704081305_Race,52,33,2,Will Owen,1:55.823,31.034,40.661,44.128,61.1,53:52.174,115823,0,0,9
2017,06_Long Beach Street Circuit,Long Beach Street Circuit,long-beach-street-circuit,2017-04-08,201704081305_Race,52,34,2,Will Owen,2:31.772,48.505,54.064,49.203,46.6,56:23.946,151772,0,1,9
2017,06_Long Beach Street Circuit,Long Beach Street Circuit,long-beach-street-circuit,2017-04-08,201704081305_Race,52,35,1,Tom Kimber-Smith,2:51.441,1:53.039,32.733,25.669,41.3,59:15.387,171441,0,0,9
2017,06_Long Beach Street Circuit,Long Beach Street Circuit,long-beach-street-circuit,2017-04-08,201704081305_Race,52,36,1,Tom Kimber-Smith,1:58.187,31.056,45.690,41.441,59.9,1:01:13.574,118187,0,0,9
2017,06_Long Beach Street Circuit,Long Beach Street Circuit,long-beach-street-circuit,2017-04-08,201704081305_Race,52,37,1,Tom Kimber-Smith,1:43.818,39.954,39.182,24.682,68.2,1:02:57.392,103818,0,0,9
2017,06_Long Beach Street Circuit,Long Beach Street Circuit,long-beach-street-circuit,2017-04-08,201704081305_Race,52,38,1,Tom Kimber-Smith,1:20.143,25.551,29.108,25.484,88.4,1:04:17.535,80143,0,0,9
2017,06_Long Beach Street Circuit,Long Beach Street Circuit,long-beach-street-circuit,2017-04-08,201704081305_Race,52,39,1,Tom Kimber-Smith,1:22.205,25.959,30.779,25.467,86.1,1:05:39.740,82205,0,0,9
2017,06_Long Beach Street Circuit,Long Beach Street Circuit,long-beach-street-circuit,2017-04-08,201704081305_Race,52,40,1,Tom Kimber-Smith,1:20.038,26.422,29.835,23.781,88.5,1:06:59.778,80038,0,0,9
2017,06_Long Beach Street Circuit,Long Beach Street Circuit,long-beach-street-circuit,2017-04-08,201704081305_Race,52,41,1,Tom Kimber-Smith,1:18.908,25.823,29.679,23.406,89.7,1:08:18.686,78908,0,0,9
2017,06_Long Beach Street Circuit,Long Beach Street Circuit,long-beach-street-circuit,2017-04-08,201704081305_Race,52,42,1,Tom Kimber-Smith,1:25.356,25.351,31.511,28.494,83.0,1:09:44.042,85356,0,0,9
2017,06_Long Beach Street Circuit,Long Beach Street Circuit,long-beach-street-circuit,2017-04-08,201704081305_Race,52,43,1,Tom Kimber-Smith,2:01.143,33.041,53.191,34.911,58.4,1:11:45.185,121143,0,0,9
2017,06_Long Beach Street Circuit,Long Beach Street Circuit,long-beach-street-circuit,2017-04-08,201704081305_Race,52,44,1,Tom Kimber-Smith,2:20.895,46.152,57.597,37.146,50.2,1:14:06.080,140895,0,0,9
2017,06_Long Beach Street Circuit,Long Beach Street Circuit,long-beach-street-circuit,2017-04-08,201704081305_Race,52,45,1,Tom Kimber-Smith,2:13.249,45.225,50.902,37.122,53.1,1:16:19.329,133249,0,0,9
2017,06_Long Beach Street Circuit,Long Beach Street Circuit,long-beach-street-circuit,2017-04-08,201704081305_Race,52,46,1,Tom Kimber-Smith,2:18.742,46.226,48.297,44.219,51.0,1:18:38.071,138742,0,0,9
2017,06_Long Beach Street Circuit,Long Beach Street Circuit,long-beach-street-circuit,2017-04-08,201704081305_Race,52,47,1,Tom Kimber-Smith,1:55.655,46.370,43.669,25.616,61.2,1:20:33.726,115655,0,0,9
2017,06_Long Beach Street Circuit,Long Beach Street Circuit,long-beach-street-circuit,2017-04-08,201704081305_Race,52,48,1,Tom Kimber-Smith,1:21.148,26.768,30.258,24.122,87.3,1:21:54.874,81148,0,0,9
2017,06_Long Beach Street Circuit,Long Beach Street Circuit,long-beach-street-circuit,2017-04-08,201704081305_Race,52,49,1,Tom Kimber-Smith,1:19.902,26.243,30.050,23.609,88.6,1:23:14.776,79902,0,0,9
2017,06_Long Beach Street Circuit,Long Beach Street Circuit,long-beach-street-circuit,2017-04-08,201704081305_Race,52,50,1,Tom Kimber-Smith,1:19.569,25.518,30.143,23.908,89.0,1:24:34.345,79569,0,0,9
2017,06_Long Beach Street Circuit,Long Beach Street Circuit,long-beach-street-circuit,2017-04-08,201704081305_Race,52,51,1,Tom Kimber-Smith,1:17.232,25.214,28.641,23.377,91.7,1:25:51.577,77232,0,0,9
2017,06_Long Beach Street Circuit,Long Beach Street Circuit,long-beach-street-circuit,2017-04-08,201704081305_Race,52,52,1,Tom Kimber-Smith,1:17.057,25.258,28.751,23.048,91.9,1:27:08.634,77057,0,0,9
2017,06_Long Beach Street Circuit,Long Beach Street Circuit,long-beach-street-circuit,2017-04-08,201704081305_Race,52,53,1,Tom Kimber-Smith,1:17.266,25.342,28.841,23.083,91.7,1:28:25.900,77266,0,0,9
2017,06_Long Beach Street Circuit,Long Beach Street Circuit,long-beach-street-circuit,2017-04-08,201704081305_Race,52,54,1,Tom Kimber-Smith,1:18.409,25.387,29.153,23.869,90.3,1:29:44.309,78409,0,0,9
2017,06_Long Beach Street Circuit,Long Beach Street Circuit,long-beach-street-circuit,2017-04-08,201704081305_Race,52,55,1,Tom Kimber-Smith,1:17.418,25.438,29.141,22.839,91.5,1:31:01.727,77418,0,0,9
2017,06_Long Beach Street Circuit,Long Beach Street Circuit,long-beach-street-circuit,2017-04-08,201704081305_Race,52,56,1,Tom Kimber-Smith,1:17.865,25.697,29.129,23.039,90.9,1:32:19.592,77865,0,0,9
2017,06_Long Beach Street Circuit,Long Beach Street Circuit,long-beach-street-circuit,2017-04-08,201704081305_Race,52,57,1,Tom Kimber-Smith,1:18.647,25.583,29.225,23.839,90.0,1:33:38.239,78647,0,0,9
2017,06_Long Beach Street Circuit,Long Beach Street Circuit,long-beach-street-circuit,2017-04-08,201704081305_Race,52,58,1,Tom Kimber-Smith,1:17.507,25.301,29.273,22.933,91.4,1:34:55.746,77507,0,0,9
2017,06_Long Beach Street Circuit,Long Beach Street Circuit,long-beach-street-circuit,2017-04-08,201704081305_Race,52,59,1,Tom Kimber-Smith,1:16.310,24.972,28.573,22.765,92.8,1:36:12.056,76310,0,0,9
2017,06_Long Beach Street Circuit,Long Beach Street Circuit,long-beach-street-circuit,2017-04-08,201704081305_Race,52,60,1,Tom Kimber-Smith,1:16.042,24.844,28.439,22.759,93.1,1:37:28.098,76042,0,0,9
2017,06_Long Beach Street Circuit,Long Beach Street Circuit,long-beach-street-circuit,2017-04-08,201704081305_Race,52,61,1,Tom Kimber-Smith,1:16.395,24.954,28.594,22.847,92.7,1:38:44.493,76395,0,0,9
2017,06_Long Beach Street Circuit,Long Beach Street Circuit,long-beach-street-circuit,2017-04-08,201704081305_Race,52,62,1,Tom Kimber-Smith,1:18.173,24.892,28.762,24.519,90.6,1:40:02.666,78173,0,0,9
2017,06_Long Beach Street Circuit,Long Beach Street Circuit,long-beach-street-circuit,2017-04-08,201704081305_Race,52,63,1,Tom Kimber-Smith,1:40.556,24.837,28.698,47.021,70.4,1:41:43.222,100556,0,0,9
2017,06_Long Beach Street Circuit,Long Beach Street Circuit,long-beach-street-circuit,2017-04-08,201704081305_Race,54,1,1,Jonathan Bennett,1:52.486,52.802,32.529,27.155,63.0,1:52.486,,,0,9
2017,06_Long Beach Street Circuit,Long Beach Street Circuit,long-beach-street-circuit,2017-04-08,201704081305_Race,54,2,1,Jonathan Bennett,1:53.960,36.836,44.900,32.224,62.1,3:46.446,113960,0,0,9
2017,06_Long Beach Street Circuit,Long Beach Street Circuit,long-beach-street-circuit,2017-04-08,201704081305_Race,54,3,1,Jonathan Bennett,2:18.370,45.019,54.389,38.962,51.2,6:04.816,138370,0,0,9
2017,06_Long Beach Street Circuit,Long Beach Street Circuit,long-beach-street-circuit,2017-04-08,201704081305_Race,54,4,1,Jonathan Bennett,2:09.830,47.311,47.959,34.560,54.5,8:14.646,129830,0,0,9
2017,06_Long Beach Street Circuit,Long Beach Street Circuit,long-beach-street-circuit,2017-04-08,201704081305_Race,54,5,1,Jonathan Bennett,2:06.405,43.577,39.199,43.629,56.0,10:21.051,126405,0,0,9
2017,06_Long Beach Street Circuit,Long Beach Street Circuit,long-beach-street-circuit,2017-04-08,201704081305_Race,54,6,1,Jonathan Bennett,1:54.140,42.716,42.423,29.001,62.0,12:15.191,114140,0,0,9
2017,06_Long Beach Street Circuit,Long Beach Street Circuit,long-beach-street-circuit,2017-04-08,201704081305_Race,54,7,1,Jonathan Bennett,1:26.625,28.113,33.140,25.372,81.7,13:41.816,86625,0,0,9
2017,06_Long Beach Street Circuit,Long Beach Street Circuit,long-beach-street-circuit,2017-04-08,201704081305_Race,54,8,1,Jonathan Bennett,1:25.272,27.234,31.784,26.254,83.0,15:07.088,85272,0,0,9
2017,06_Long Beach Street Circuit,Long Beach Street Circuit,long-beach-street-circuit,2017-04-08,201704081305_Race,54,9,1,Jonathan Bennett,1:24.436,27.412,31.744,25.280,83.8,16:31.524,84436,0,0,9
2017,06_Long Beach Street Circuit,Long Beach Street Circuit,long-beach-street-circuit,2017-04-08,201704081305_Race,54,10,1,Jonathan Bennett,1:25.769,27.344,32.505,25.920,82.5,17:57.293,85769,0,0,9
2017,06_Long Beach Street Circuit,Long Beach Street Circuit,long-beach-street-circuit,2017-04-08,201704081305_Race,54,11,1,Jonathan Bennett,1:38.695,33.510,38.198,26.987,71.7,19:35.988,98695,0,0,9
2017,06_Long Beach Street Circuit,Long Beach Street Circuit,long-beach-street-circuit,2017-04-08,201704081305_Race,54,12,1,Jonathan Bennett,1:43.488,30.567,40.317,32.604,68.4,21:19.476,103488,0,0,9
2017,06_Long Beach Street Circuit,Long Beach Street Circuit,long-beach-street-circuit,2017-04-08,201704081305_Race,54,13,1,Jonathan Bennett,2:11.521,47.345,38.053,46.123,53.8,23:30.997,131521,0,1,9
2017,06_Long Beach Street Circuit,Long Beach Street Circuit,long-beach-street-circuit,2017-04-08,201704081305_Race,54,14,1,Jonathan Bennett,2:29.740,1:30.156,33.782,25.802,47.2,26:00.737,149740,0,0,9
2017,06_Long Beach Street Circuit,Long Beach Street Circuit,long-beach-street-circuit,2017-04-08,201704081305_Race,54,15,1,Jonathan Bennett,1:25.218,27.980,32.124,25.114,83.1,27:25.955,85218,0,0,9
2017,06_Long Beach Street Circuit,Long Beach Street Circuit,long-beach-street-circuit,2017-04-08,201704081305_Race,54,16,1,Jonathan Bennett,1:25.072,27.344,31.738,25.990,83.2,28:51.027,85072,0,0,9
2017,06_Long Beach Street Circuit,Long Beach Street Circuit,long-beach-street-circuit,2017-04-08,201704081305_Race,54,17,1,Jonathan Bennett,1:25.523,27.542,32.581,25.400,82.8,30:16.550,85523,0,0,9
2017,06_Long Beach Street Circuit,Long Beach Street Circuit,long-beach-street-circuit,2017-04-08,201704081305_Race,54,18,1,Jonathan Bennett,1:25.836,27.678,32.752,25.406,82.5,31:42.386,85836,0,0,9
2017,06_Long Beach Street Circuit,Long Beach Street Circuit,long-beach-street-circuit,2017-04-08,201704081305_Race,54,19,1,Jonathan Bennett,1:25.606,27.490,32.952,25.164,82.7,33:07.992,85606,0,0,9
2017,06_Long Beach Street Circuit,Long Beach Street Circuit,long-beach-street-circuit,2017-04-08,201704081305_Race,54,20,1,Jonathan Bennett,1:27.500,27.478,33.065,26.957,80.9,34:35.492,87500,0,0,9
2017,06_Long Beach Street Circuit,Long Beach Street Circuit,long-beach-street-circuit,2017-04-08,201704081305_Race,54,21,1,Jonathan Bennett,1:29.407,30.233,33.208,25.966,79.2,36:04.899,89407,0,0,9
2017,06_Long Beach Street Circuit,Long Beach Street Circuit,long-beach-street-circuit,2017-04-08,201704081305_Race,54,22,1,Jonathan Bennett,2:02.886,30.409,45.551,46.926,57.6,38:07.785,122886,0,0,9
2017,06_Long Beach Street Circuit,Long Beach Street Circuit,long-beach-street-circuit,2017-04-08,201704081305_Race,54,23,1,Jonathan Bennett,2:02.622,43.733,48.160,30.729,57.7,40:10.407,122622,0,0,10
2017,06_Long Beach Street Circuit,Long Beach Street Circuit,long-beach-street-circuit,2017-04-08,201704081305_Race,54,24,1,Jonathan Bennett,1:40.685,28.019,33.931,38.735,70.3,41:51.092,100685,0,1,10
2017,06_Long Beach Street Circuit,Long Beach Street Circuit,long-beach-street-circuit,2017-04-08,201704081305_Race,54,25,2,Colin Braun,2:27.932,1:31.602,31.195,25.135,47.9,44:19.024,147932,0,0,10
2017,06_Long Beach Street Circuit,Long Beach Street Circuit,long-beach-street-circuit,2017-04-08,201704081305_Race,54,26,2,Colin Braun,1:24.335,26.949,31.360,26.026,84.0,45:43.359,84335,0,0,10
2017,06_Long Beach Street Circuit,Long Beach Street Circuit,long-beach-street-circuit,2017-04-08,201704081305_Race,54,27,2,Colin Braun,1:22.793,26.674,30.934,25.185,85.5,47:06.152,82793,0,0,10
2017,06_Long Beach Street Circuit,Long Beach Street Circuit,long-beach-street-circuit,2017-04-08,201704081305_Race,54,28,2,Colin Braun,1:22.727,26.547,30.765,25.415,85.6,48:28.879,82727,0,0,10
2017,06_Long Beach Street Circuit,Long Beach Street Circuit,long-beach-street-circuit,2017-04-08,201704081305_Race,54,29,2,Colin Braun,1:45.723,26.736,37.246,41.741,66.9,50:14.602,105723,0,0,10
2017,06_Long Beach Street Circuit,Long Beach Street Circuit,long-beach-street-circuit,2017-04-08,201704081305_Race,54,30,2,Colin Braun,1:46.737,33.657,41.014,32.066,66.3,52:01.339,106737,0,0,10
2017,06_Long Beach Street Circuit,Long Beach Street Circuit,long-beach-street-circuit,2017-04-08,201704081305_Race,54,31,2,Colin Braun,1:38.308,29.815,34.952,33.541,72.0,53:39.647,98308,0,0,10
2017,06_Long Beach Street Circuit,Long Beach Street Circuit,long-beach-street-circuit,2017-04-08,201704081305_Race,54,32,2,Colin Braun,1:23.827,28.003,31.253,24.571,84.5,55:03.474,83827,0,0,10
2017,06_Long Beach Street Circuit,Long Beach Street Circuit,long-beach-street-circuit,2017-04-08,201704081305_Race,54,33,2,Colin Braun,1:29.514,27.453,31.149,30.912,79.1,56:32.988,89514,0,0,10
2017,06_Long Beach Street Circuit,Long Beach Street Circuit,long-beach-street-circuit,2017-04-08,201704081305_Race,54,34,2,Colin Braun,2:12.160,50.205,48.392,33.563,53.6,58:45.148,132160,0,0,10
2017,06_Long Beach Street Circuit,Long Beach Street Circuit,long-beach-street-circuit,2017-04-08,201704081305_Race,54,35,2,Colin Braun,2:13.106,44.230,50.921,37.955,53.2,1:00:58.254,133106,0,0,10
2017,06_Long Beach Street Circuit,Long Beach Street Circuit,long-beach-street-circuit,2017-04-08,201704081305_Race,54,36,2,Colin Braun,1:52.678,42.559,45.300,24.819,62.8,1:02:50.932,112678,0,0,10
2017,06_Long Beach Street Circuit,Long Beach Street Circuit,long-beach-street-circuit,2017-04-08,201704081305_Race,54,37,2,Colin Braun,1:22.536,26.669,30.986,24.881,85.8,1:04:13.468,82536,0,0,10
2017,06_Long Beach Street Circuit,Long Beach Street Circuit,long-beach-street-circuit,2017-04-08,201704081305_Race,54,38,2,Colin Braun,1:24.077,27.393,31.665,25.019,84.2,1:05:37.545,84077,0,0,10
2017,06_Long Beach Street Circuit,Long Beach Street Circuit,long-beach-street-circuit,2017-04-08,201704081305_Race,54,39,2,Colin Braun,1:22.064,26.899,30.850,24.315,86.3,1:06:59.609,82064,0,0,10
2017,06_Long Beach Street Circuit,Long Beach Street Circuit,long-beach-street-circuit,2017-04-08,201704081305_Race,54,40,2,Colin Braun,1:21.678,26.688,30.917,24.073,86.7,1:08:21.287,81678,0,0,10
2017,06_Long Beach Street Circuit,Long Beach Street Circuit,long-beach-street-circuit,2017-04-08,201704081305_Race,54,41,2,Colin Braun,1:26.826,26.570,31.587,28.669,81.5,1:09:48.113,86826,0,0,10
2017,06_Long Beach Street Circuit,Long Beach Street Circuit,long-beach-street-circuit,2017-04-08,201704081305_Race,54,42,2,Colin Braun,2:00.273,32.835,53.262,34.176,58.9,1:11:48.386,120273,0,0,10
2017,06_Long Beach Street Circuit,Long Beach Street Circuit,long-beach-street-circuit,2017-04-08,201704081305_Race,54,43,2,Colin Braun,2:21.491,47.136,58.450,35.905,50.0,1:14:09.877,141491,0,0,10
2017,06_Long Beach Street Circuit,Long Beach Street Circuit,long-beach-street-circuit,2017-04-08,201704081305_Race,54,44,2,Colin Braun,2:13.510,45.597,50.673,37.240,53.0,1:16:23.387,133510,0,0,10
2017,06_Long Beach Street Circuit,Long Beach Street Circuit,long-beach-street-circuit,2017-04-08,201704081305_Race,54,45,2,Colin Braun,2:18.898,46.489,47.836,44.573,51.0,1:18:42.285,138898,0,0,10
2017,06_Long Beach Street Circuit,Long Beach Street Circuit,long-beach-street-circuit,2017-04-08,201704081305_Race,54,46,2,Colin Braun,1:54.789,45.687,42.981,26.121,61.7,1:20:37.074,114789,0,0,10
2017,06_Long Beach Street Circuit,Long Beach Street Circuit,long-beach-street-circuit,2017-04-08,201704081305_Race,54,47,2,Colin Braun,1:22.026,26.912,30.987,24.127,86.3,1:21:59.100,82026,0,0,10
2017,06_Long Beach Street Circuit,Long Beach Street Circuit,long-beach-street-circuit,2017-04-08,201704081305_Race,54,48,2,Colin Braun,1:21.824,26.654,30.918,24.252,86.5,1:23:20.924,81824,0,0,10
2017,06_Long Beach Street Circuit,Long Beach Street Circuit,long-beach-street-circuit,2017-04-08,201704081305_Race,54,49,2,Colin Braun,1:21.953,26.802,31.018,24.133,86.4,1:24:42.877,81953,0,0,10
2017,06_Long Beach Street Circuit,Long Beach Street Circuit,long-beach-street-circuit,2017-04-08,201704081305_Race,54,50,2,Colin Braun,1:21.244,26.505,30.719,24.020,87.1,1:26:04.121,81244,0,0,10
2017,06_Long Beach Street Circuit,Long Beach Street Circuit,long-beach-street-circuit,2017-04-08,201704081305_Race,54,51,2,Colin Braun,1:22.262,26.567,31.209,24.486,86.1,1:27:26.383,82262,0,0,10
2017,06_Long Beach Street Circuit,Long Beach Street Circuit,long-beach-street-circuit,2017-04-08,201704081305_Race,54,52,2,Colin Braun,1:20.920,26.419,30.478,24.023,87.5,1:28:47.303,80920,0,0,10
2017,06_Long Beach Street Circuit,Long Beach Street Circuit,long-beach-street-circuit,2017-04-08,201704081305_Race,54,53,2,Colin Braun,1:21.622,26.530,30.957,24.135,86.8,1:30:08.925,81622,0,0,10
2017,06_Long Beach Street Circuit,Long Beach Street Circuit,long-beach-street-circuit,2017-04-08,201704081305_Race,54,54,2,Colin Braun,1:24.160,29.378,30.782,24.000,84.1,1:31:33.085,84160,0,0,10
2017,06_Long Beach Street Circuit,Long Beach Street Circuit,long-beach-street-circuit,2017-04-08,201704081305_Race,54,55,2,Colin Braun,1:21.306,26.468,30.735,24.103,87.1,1:32:54.391,81306,0,0,10
2017,06_Long Beach Street Circuit,Long Beach Street Circuit,long-beach-street-circuit,2017-04-08,201704081305_Race,54,56,2,Colin Braun,1:22.228,26.578,31.232,24.418,86.1,1:34:16.619,82228,0,0,10
2017,06_Long Beach Street Circuit,Long Beach Street Circuit,long-beach-street-circuit,2017-04-08,201704081305_Race,54,57,2,Colin Braun,1:22.444,26.712,31.142,24.590,85.9,1:35:39.063,82444,0,0,10
2017,06_Long Beach Street Circuit,Long Beach Street Circuit,long-beach-street-circuit,2017-04-08,201704081305_Race,54,58,2,Colin Braun,1:21.920,26.829,30.826,24.265,86.4,1:37:00.983,81920,0,0,10
2017,06_Long Beach Street Circuit,Long Beach Street Circuit,long-beach-street-circuit,2017-04-08,201704081305_Race,54,59,2,Colin Braun,1:24.259,27.434,32.489,24.336,84.0,1:38:25.242,84259,0,0,10
2017,06_Long Beach Street Circuit,Long Beach Street Circuit,long-beach-street-circuit,2017-04-08,201704081305_Race,54,60,2,Colin Braun,1:23.731,28.019,31.185,24.527,84.6,1:39:48.973,83731,0,0,10
2017,06_Long Beach Street Circuit,Long Beach Street Circuit,long-beach-street-circuit,2017-04-08,201704081305_Race,54,61,2,Colin Braun,1:24.565,27.262,31.182,26.121,83.7,1:41:13.538,84565,0,0,10
2017,06_Long Beach Street Circuit,Long Beach Street Circuit,long-beach-street-circuit,2017-04-08,201704081305_Race,55,1,1,Tristan Nunez,1:18.521,26.548,29.082,22.891,90.2,1:18.521,,,0,10
2017,06_Long Beach Street Circuit,Long Beach Street Circuit,long-beach-street-circuit,2017-04-08,201704081305_Race,55,2,1,Tristan Nunez,1:54.559,30.126,50.725,33.708,61.8,3:13.080,114559,0,0,10
2017,06_Long Beach Street Circuit,Long Beach Street Circuit,long-beach-street-circuit,2017-04-08,201704081305_Race,55,3,1,Tristan Nunez,2:14.375,43.899,51.393,39.083,52.7,5:27.455,134375,0,0,10
2017,06_Long Beach Street Circuit,Long Beach Street Circuit,long-beach-street-circuit,2017-04-08,201704081305_Race,55,4,1,Tristan Nunez,2:09.366,45.624,48.692,35.050,54.7,7:36.821,129366,0,0,10
2017,06_Long Beach Street Circuit,Long Beach Street Circuit,long-beach-street-circuit,2017-04-08,201704081305_Race,55,5,1,Tristan Nunez,2:06.154,43.413,47.994,34.747,56.1,9:42.975,126154,0,0,10
2017,06_Long Beach Street Circuit,Long Beach Street Circuit,long-beach-street-circuit,2017-04-08,201704081305_Race,55,6,1,Tristan Nunez,2:14.581,45.553,56.090,32.938,52.6,11:57.556,134581,0,0,10
2017,06_Long Beach Street Circuit,Long Beach Street Circuit,long-beach-street-circuit,2017-04-08,201704081305_Race,55,7,1,Tristan Nunez,1:17.621,25.551,28.800,23.270,91.2,13:15.177,77621,0,0,10
2017,06_Long Beach Street Circuit,Long Beach Street Circuit,long-beach-street-circuit,2017-04-08,201704081305_Race,55,8,1,Tristan Nunez,1:16.634,25.159,28.621,22.854,92.4,14:31.811,76634,0,0,10
2017,06_Long Beach Street Circuit,Long Beach Street Circuit,long-beach-street-circuit,2017-04-08,201704081305_Race,55,9,1,Tristan Nunez,1:16.293,24.957,28.668,22.668,92.8,15:48.104,76293,0,0,10
2017,06_Long Beach Street Circuit,Long Beach Street Circuit,long-beach-street-circuit,2017-04-08,201704081305_Race,55,10,1,Tristan Nunez,1:15.569,24.807,28.312,22.450,93.7,17:03.673,75569,0,0,10
2017,06_Long Beach Street Circuit,Long Beach Street Circuit,long-beach-street-circuit,2017-04-08,201704081305_Race,55,11,1,Tristan Nunez,1:38.967,30.733,38.746,29.488,71.5,18:42.640,98967,0,0,10
2017,06_Long Beach Street Circuit,Long Beach Street Circuit,long-beach-street-circuit,2017-04-08,201704081305_Race,55,12,1,Tristan Nunez,2:04.665,41.041,47.583,36.041,56.8,20:47.305,124665,0,0,10
2017,06_Long Beach Street Circuit,Long Beach Street Circuit,long-beach-street-circuit,2017-04-08,201704081305_Race,55,13,1,Tristan Nunez,2:07.351,45.296,46.364,35.691,55.6,22:54.656,127351,0,0,10
2017,06_Long Beach Street Circuit,Long Beach Street Circuit,long-beach-street-circuit,2017-04-08,201704081305_Race,55,14,1,Tristan Nunez,2:03.323,42.611,46.347,34.365,57.4,24:57.979,123323,0,0,10
2017,06_Long Beach Street Circuit,Long Beach Street Circuit,long-beach-street-circuit,2017-04-08,201704081305_Race,55,15,1,Tristan Nunez,1:17.694,25.981,28.876,22.837,91.2,26:15.673,77694,0,0,10
2017,06_Long Beach Street Circuit,Long Beach Street Circuit,long-beach-street-circuit,2017-04-08,201704081305_Race,55,16,1,Tristan Nunez,1:16.116,24.915,28.572,22.629,93.0,27:31.789,76116,0,0,10
2017,06_Long Beach Street Circuit,Long Beach Street Circuit,long-beach-street-circuit,2017-04-08,201704081305_Race,55,17,1,Tristan Nunez,1:15.867,24.903,28.394,22.570,93.3,28:47.656,75867,0,0,10
2017,06_Long Beach Street Circuit,Long Beach Street Circuit,long-beach-street-circuit,2017-04-08,201704081305_Race,55,18,1,Tristan Nunez,1:17.266,26.357,28.450,22.459,91.7,30:04.922,77266,0,0,10
2017,06_Long Beach Street Circuit,Long Beach Street Circuit,long-beach-street-circuit,2017-04-08,201704081305_Race,55,19,1,Tristan Nunez,1:15.667,24.803,28.452,22.412,93.6,31:20.589,75667,0,0,10
2017,06_Long Beach Street Circuit,Long Beach Street Circuit,long-beach-street-circuit,2017-04-08,201704081305_Race,55,20,1,Tristan Nunez,1:15.636,24.786,28.407,22.443,93.6,32:36.225,75636,0,0,10
2017,06_Long Beach Street Circuit,Long Beach Street Circuit,long-beach-street-circuit,2017-04-08,201704081305_Race,55,21,1,Tristan Nunez,1:16.058,24.844,28.512,22.702,93.1,33:52.283,76058,0,0,10
2017,06_Long Beach Street Circuit,Long Beach Street Circuit,long-beach-street-circuit,2017-04-08,201704081305_Race,55,22,1,Tristan Nunez,1:44.103,30.406,39.761,33.936,68.0,35:36.386,104103,0,0,10
2017,06_Long Beach Street Circuit,Long Beach Street Circuit,long-beach-street-circuit,2017-04-08,201704081305_Race,55,23,1,Tristan Nunez,2:15.007,42.571,49.802,42.634,52.5,37:51.393,135007,0,0,10
2017,06_Long Beach Street Circuit,Long Beach Street Circuit,long-beach-street-circuit,2017-04-08,201704081305_Race,55,24,1,Tristan Nunez,2:10.598,45.484,50.595,34.519,54.2,40:01.991,130598,0,0,10
2017,06_Long Beach Street Circuit,Long Beach Street Circuit,long-beach-street-circuit,2017-04-08,201704081305_Race,55,25,1,Tristan Nunez,1:17.126,25.417,29.159,22.550,91.8,41:19.117,77126,0,0,10
2017,06_Long Beach Street Circuit,Long Beach Street Circuit,long-beach-street-circuit,2017-04-08,201704081305_Race,55,26,1,Tristan Nunez,1:16.453,24.899,28.825,22.729,92.6,42:35.570,76453,0,0,10
2017,06_Long Beach Street Circuit,Long Beach Street Circuit,long-beach-street-circuit,2017-04-08,201704081305_Race,55,27,1,Tristan Nunez,1:18.366,25.427,29.720,23.219,90.4,43:53.936,78366,0,0,10
2017,06_Long Beach Street Circuit,Long Beach Street Circuit,long-beach-street-circuit,2017-04-08,201704081305_Race,55,28,1,Tristan Nunez,1:15.366,24.762,28.377,22.227,94.0,45:09.302,75366,0,0,10
2017,06_Long Beach Street Circuit,Long Beach Street Circuit,long-beach-street-circuit,2017-04-08,201704081305_Race,55,29,1,Tristan Nunez,1:17.842,25.732,29.527,22.583,91.0,46:27.144,77842,0,0,10
2017,06_Long Beach Street Circuit,Long Beach Street Circuit,long-beach-street-circuit,2017-04-08,201704081305_Race,55,30,1,Tristan Nunez,1:16.422,25.263,28.709,22.450,92.7,47:43.566,76422,0,0,10
2017,06_Long Beach Street Circuit,Long Beach Street Circuit,long-beach-street-circuit,2017-04-08,201704081305_Race,55,31,1,Tristan Nunez,1:27.062,24.655,28.369,34.038,81.3,49:10.628,87062,0,0,10
2017,06_Long Beach Street Circuit,Long Beach Street Circuit,long-beach-street-circuit,2017-04-08,201704081305_Race,55,32,1,Tristan Nunez,1:56.834,27.230,47.420,42.184,60.6,51:07.462,116834,0,0,10
2017,06_Long Beach Street Circuit,Long Beach Street Circuit,long-beach-street-circuit,2017-04-08,201704081305_Race,55,33,1,Tristan Nunez,2:27.724,48.538,55.217,43.969,47.9,53:35.186,147724,0,0,10
2017,06_Long Beach Street Circuit,Long Beach Street Circuit,long-beach-street-circuit,2017-04-08,201704081305_Race,55,34,1,Tristan Nunez,2:38.046,52.991,55.819,49.236,44.8,56:13.232,158046,0,1,10
2017,06_Long Beach Street Circuit,Long Beach Street Circuit,long-beach-street-circuit,2017-04-08,201704081305_Race,55,35,2,Jonathan Bomarito,2:41.134,1:32.402,38.334,30.398,43.9,58:54.366,161134,0,0,10
2017,06_Long Beach Street Circuit,Long Beach Street Circuit,long-beach-street-circuit,2017-04-08,201704081305_Race,55,36,2,Jonathan Bomarito,2:14.961,43.047,51.893,40.021,52.5,1:01:09.327,134961,0,0,10
2017,06_Long Beach Street Circuit,Long Beach Street Circuit,long-beach-street-circuit,2017-04-08,201704081305_Race,55,37,2,Jonathan Bomarito,1:46.372,40.706,41.631,24.035,66.6,1:02:55.699,106372,0,0,10
2017,06_Long Beach Street Circuit,Long Beach Street Circuit,long-beach-street-circuit,2017-04-08,201704081305_Race,55,38,2,Jonathan Bomarito,1:19.924,25.683,29.250,24.991,88.6,1:04:15.623,79924,0,0,10
2017,06_Long Beach Street Circuit,Long Beach Street Circuit,long-beach-street-circuit,2017-04-08,201704081305_Race,55,39,2,Jonathan Bomarito,1:19.377,25.601,29.559,24.217,89.2,1:05:35.000,79377,0,0,10
2017,06_Long Beach Street Circuit,Long Beach Street Circuit,long-beach-street-circuit,2017-04-08,201704081305_Race,55,40,2,Jonathan Bomarito,1:18.392,25.790,29.001,23.601,90.3,1:06:53.392,78392,0,0,10
2017,06_Long Beach Street Circuit,Long Beach Street Circuit,long-beach-street-circuit,2017-04-08,201704081305_Race,55,41,2,Jonathan Bomarito,1:18.554,25.399,28.884,24.271,90.1,1:08:11.946,78554,0,0,10
2017,06_Long Beach Street Circuit,Long Beach Street Circuit,long-beach-street-circuit,2017-04-08,201704081305_Race,55,42,2,Jonathan Bomarito,1:18.232,25.086,29.282,23.864,90.5,1:09:30.178,78232,0,0,10
2017,06_Long Beach Street Circuit,Long Beach Street Circuit,long-beach-street-circuit,2017-04-08,201704081305_Race,55,43,2,Jonathan Bomarito,1:59.233,30.349,51.862,37.022,59.4,1:11:29.411,119233,0,0,10
2017,06_Long Beach Street Circuit,Long Beach Street Circuit,long-beach-street-circuit,2017-04-08,201704081305_Race,55,44,2,Jonathan Bomarito,2:18.699,47.323,54.245,37.131,51.0,1:13:48.110,138699,0,0,10
2017,06_Long Beach Street Circuit,Long Beach Street Circuit,long-beach-street-circuit,2017-04-08,201704081305_Race,55,45,2,Jonathan Bomarito,2:13.561,44.901,51.862,36.798,53.0,1:16:01.671,133561,0,0,10
2017,06_Long Beach Street Circuit,Long Beach Street Circuit,long-beach-street-circuit,2017-04-08,201704081305_Race,55,46,2,Jonathan Bomarito,2:19.905,44.795,51.508,43.602,50.6,1:18:21.576,139905,0,0,10
2017,06_Long Beach Street Circuit,Long Beach Street Circuit,long-beach-street-circuit,2017-04-08,201704081305_Race,55,47,2,Jonathan Bomarito,2:04.594,48.862,47.044,28.688,56.8,1:20:26.170,124594,0,0,10
2017,06_Long Beach Street Circuit,Long Beach Street Circuit,long-beach-street-circuit,2017-04-08,201704081305_Race,55,48,2,Jonathan Bomarito,1:17.735,25.466,29.023,23.246,91.1,1:21:43.905,77735,0,0,10
2017,06_Long Beach Street Circuit,Long Beach Street Circuit,long-beach-street-circuit,2017-04-08,201704081305_Race,55,49,2,Jonathan Bomarito,1:16.607,25.218,28.807,22.582,92.4,1:23:00.512,76607,0,0,10
2017,06_Long Beach Street Circuit,Long Beach Street Circuit,long-beach-street-circuit,2017-04-08,201704081305_Race,55,50,2,Jonathan Bomarito,1:15.829,24.910,28.487,22.432,93.4,1:24:16.341,75829,0,0,10
2017,06_Long Beach Street Circuit,Long Beach Street Circuit,long-beach-street-circuit,2017-04-08,201704081305_Race,55,51,2,Jonathan Bomarito,1:15.844,25.049,28.438,22.357,93.3,1:25:32.185,75844,0,0,10
2017,06_Long Beach Street Circuit,Long Beach Street Circuit,long-beach-street-circuit,2017-04-08,201704081305_Race,55,52,2,Jonathan Bomarito,1:15.220,24.737,28.205,22.278,94.1,1:26:47.405,75220,0,0,10
2017,06_Long Beach Street Circuit,Long Beach Street Circuit,long-beach-street-circuit,2017-04-08,201704081305_Race,55,53,2,Jonathan Bomarito,1:15.436,24.998,28.234,22.204,93.8,1:28:02.841,75436,0,0,10
2017,06_Long Beach Street Circuit,Long Beach Street Circuit,long-beach-street-circuit,2017-04-08,201704081305_Race,55,54,2,Jonathan Bomarito,1:15.337,24.985,28.185,22.167,94.0,1:29:18.178,75337,0,0,10
2017,06_Long Beach Street Circuit,Long Beach Street Circuit,long-beach-street-circuit,2017-04-08,201704081305_Race,55,55,2,Jonathan Bomarito,1:16.100,24.590,28.054,23.456,93.0,1:30:34.278,76100,0,0,10
2017,06_Long Beach Street Circuit,Long Beach Street Circuit,long-beach-street-circuit,2017-04-08,201704081305_Race,55,56,2,Jonathan Bomarito,1:15.567,24.799,28.412,22.356,93.7,1:31:49.845,75567,0,0,10
2017,06_Long Beach Street Circuit,Long Beach Street Circuit,long-beach-street-circuit,2017-04-08,201704081305_Race,55,57,2,Jonathan Bomarito,1:15.488,24.823,28.300,22.365,93.8,1:33:05.333,75488,0,0,10
2017,06_Long Beach Street Circuit,Long Beach Street Circuit,long-beach-street-circuit,2017-04-08,201704081305_Race,55,58,2,Jonathan Bomarito,1:15.565,24.753,28.415,22.397,93.7,1:34:20.898,75565,0,0,10
2017,06_Long Beach Street Circuit,Long Beach Street Circuit,long-beach-street-circuit,2017-04-08,201704081305_Race,55,59,2,Jonathan Bomarito,1:16.955,24.758,28.523,23.674,92.0,1:35:37.853,76955,0,0,10
2017,06_Long Beach Street Circuit,Long Beach Street Circuit,long-beach-street-circuit,2017-04-08,201704081305_Race,55,60,2,Jonathan Bomarito,1:18.635,25.562,29.485,23.588,90.0,1:36:56.488,78635,0,0,10
2017,06_Long Beach Street Circuit,Long Beach Street Circuit,long-beach-street-circuit,2017-04-08,201704081305_Race,55,61,2,Jonathan Bomarito,1:19.133,26.623,29.320,23.190,89.5,1:38:15.621,79133,0,0,10
2017,06_Long Beach Street Circuit,Long Beach Street Circuit,long-beach-street-circuit,2017-04-08,201704081305_Race,55,62,2,Jonathan Bomarito,1:19.360,26.876,29.254,23.230,89.2,1:39:34.981,79360,0,0,10
2017,06_Long Beach Street Circuit,Long Beach Street Circuit,long-beach-street-circuit,2017-04-08,201704081305_Race,55,63,2,Jonathan Bomarito,1:18.235,25.579,29.536,23.120,90.5,1:40:53.216,78235,0,0,10
2017,06_Long Beach Street Circuit,Long Beach Street Circuit,long-beach-street-circuit,2017-04-08,201704081305_Race,57,1,1,Lawson Aschenbach,1:34.106,36.313,32.392,25.401,75.3,1:34.106,,,0,10
2017,06_Long Beach Street Circuit,Long Beach Street Circuit,long-beach-street-circuit,2017-04-08,201704081305_Race,57,2,1,Lawson Aschenbach,1:59.166,34.471,51.893,32.802,59.4,3:33.272,119166,0,0,10
2017,06_Long Beach Street Circuit,Long Beach Street Circuit,long-beach-street-circuit,2017-04-08,201704081305_Race,57,3,1,Lawson Aschenbach,2:17.646,42.141,55.018,40.487,51.4,5:50.918,137646,0,0,10
2017,06_Long Beach Street Circuit,Long Beach Street Circuit,long-beach-street-circuit,2017-04-08,201704081305_Race,57,4,1,Lawson Aschenbach,2:10.204,43.283,51.975,34.946,54.4,8:01.122,130204,0,0,10
2017,06_Long Beach Street Circuit,Long Beach Street Circuit,long-beach-street-circuit,2017-04-08,201704081305_Race,57,5,1,Lawson Aschenbach,2:05.852,40.956,45.105,39.791,56.2,10:06.974,125852,0,0,10
2017,06_Long Beach Street Circuit,Long Beach Street Circuit,long-beach-street-circuit,2017-04-08,201704081305_Race,57,6,1,Lawson Aschenbach,2:05.150,43.106,49.804,32.240,56.6,12:12.124,125150,0,0,10
2017,06_Long Beach Street Circuit,Long Beach Street Circuit,long-beach-street-circuit,2017-04-08,201704081305_Race,57,7,1,Lawson Aschenbach,1:25.308,28.490,31.212,25.606,83.0,13:37.432,85308,0,0,10
2017,06_Long Beach Street Circuit,Long Beach Street Circuit,long-beach-street-circuit,2017-04-08,201704081305_Race,57,8,1,Lawson Aschenbach,1:22.847,27.636,31.112,24.099,85.5,15:00.279,82847,0,0,10
2017,06_Long Beach Street Circuit,Long Beach Street Circuit,long-beach-street-circuit,2017-04-08,201704081305_Race,57,9,1,Lawson Aschenbach,1:21.778,26.463,31.355,23.960,86.6,16:22.057,81778,0,0,11
2017,06_Long Beach Street Circuit,Long Beach Street Circuit,long-beach-street-circuit,2017-04-08,201704081305_Race,57,10,1,Lawson Aschenbach,1:26.522,27.205,31.160,28.157,81.8,17:48.579,86522,0,0,11
2017,06_Long Beach Street Circuit,Long Beach Street Circuit,long-beach-street-circuit,2017-04-08,201704081305_Race,57,11,1,Lawson Aschenbach,1:37.411,36.043,36.205,25.163,72.7,19:25.990,97411,0,0,11
2017,06_Long Beach Street Circuit,Long Beach Street Circuit,long-beach-street-circuit,2017-04-08,201704081305_Race,57,12,1,Lawson Aschenbach,1:47.607,30.665,43.225,33.717,65.8,21:13.597,107607,0,0,11
2017,06_Long Beach Street Circuit,Long Beach Street Circuit,long-beach-street-circuit,2017-04-08,201704081305_Race,57,13,1,Lawson Aschenbach,2:11.488,46.974,39.465,45.049,53.8,23:25.085,131488,0,1,11
2017,06_Long Beach Street Circuit,Long Beach Street Circuit,long-beach-street-circuit,2017-04-08,201704081305_Race,57,14,2,Andrew Davis,3:57.189,2:56.992,33.645,26.552,29.8,27:22.274,237189,0,0,11
2017,06_Long Beach Street Circuit,Long Beach Street Circuit,long-beach-street-circuit,2017-04-08,201704081305_Race,57,15,2,Andrew Davis,1:24.722,27.858,31.816,25.048,83.6,28:46.996,84722,0,0,11
2017,06_Long Beach Street Circuit,Long Beach Street Circuit,long-beach-street-circuit,2017-04-08,201704081305_Race,57,16,2,Andrew Davis,1:26.302,27.991,33.031,25.280,82.0,30:13.298,86302,0,0,11
2017,06_Long Beach Street Circuit,Long Beach Street Circuit,long-beach-street-circuit,2017-04-08,201704081305_Race,57,17,2,Andrew Davis,1:24.505,27.477,31.441,25.587,83.8,31:37.803,84505,0,0,11
2017,06_Long Beach Street Circuit,Long Beach Street Circuit,long-beach-street-circuit,2017-04-08,201704081305_Race,57,18,2,Andrew Davis,1:24.650,27.353,32.971,24.326,83.6,33:02.453,84650,0,0,11
2017,06_Long Beach Street Circuit,Long Beach Street Circuit,long-beach-street-circuit,2017-04-08,201704081305_Race,57,19,2,Andrew Davis,1:26.008,28.098,31.148,26.762,82.3,34:28.461,86008,0,0,11
2017,06_Long Beach Street Circuit,Long Beach Street Circuit,long-beach-street-circuit,2017-04-08,201704081305_Race,57,20,2,Andrew Davis,1:30.997,32.096,32.698,26.203,77.8,35:59.458,90997,0,0,11
2017,06_Long Beach Street Circuit,Long Beach Street Circuit,long-beach-street-circuit,2017-04-08,201704081305_Race,57,21,2,Andrew Davis,1:40.550,32.165,40.627,27.758,70.4,37:40.008,100550,0,0,11
2017,06_Long Beach Street Circuit,Long Beach Street Circuit,long-beach-street-circuit,2017-04-08,201704081305_Race,57,22,2,Andrew Davis,1:23.897,27.828,31.254,24.815,84.4,39:03.905,83897,0,0,11
2017,06_Long Beach Street Circuit,Long Beach Street Circuit,long-beach-street-circuit,2017-04-08,201704081305_Race,57,23,2,Andrew Davis,1:24.742,27.680,32.214,24.848,83.5,40:28.647,84742,0,0,11
2017,06_Long Beach Street Circuit,Long Beach Street Circuit,long-beach-street-circuit,2017-04-08,201704081305_Race,57,24,2,Andrew Davis,1:24.135,28.008,31.753,24.374,84.1,41:52.782,84135,0,0,11
2017,06_Long Beach Street Circuit,Long Beach Street Circuit,long-beach-street-circuit,2017-04-08,201704081305_Race,57,25,2,Andrew Davis,1:21.769,26.540,30.883,24.346,86.6,43:14.551,81769,0,0,11
2017,06_Long Beach Street Circuit,Long Beach Street Circuit,long-beach-street-circuit,2017-04-08,201704081305_Race,57,26,2,Andrew Davis,1:21.500,26.705,30.825,23.970,86.9,44:36.051,81500,0,0,11
2017,06_Long Beach Street Circuit,Long Beach Street Circuit,long-beach-street-circuit,2017-04-08,201704081305_Race,57,27,2,Andrew Davis,1:21.355,26.558,30.909,23.888,87.0,45:57.406,81355,0,0,11
2017,06_Long Beach Street Circuit,Long Beach Street Circuit,long-beach-street-circuit,2017-04-08,201704081305_Race,57,28,2,Andrew Davis,1:21.493,26.556,31.009,23.928,86.9,47:18.899,81493,0,0,11
2017,06_Long Beach Street Circuit,Long Beach Street Circuit,long-beach-street-circuit,2017-04-08,201704081305_Race,57,29,2,Andrew Davis,1:22.744,26.640,30.731,25.373,85.6,48:41.643,82744,0,0,11
2017,06_Long Beach Street Circuit,Long Beach Street Circuit,long-beach-street-circuit,2017-04-08,201704081305_Race,57,30,2,Andrew Davis,1:39.823,26.828,32.889,40.106,70.9,50:21.466,99823,0,0,11
2017,06_Long Beach Street Circuit,Long Beach Street Circuit,long-beach-street-circuit,2017-04-08,201704081305_Race,57,31,2,Andrew Davis,1:48.867,33.364,42.770,32.733,65.0,52:10.333,108867,0,0,11
2017,06_Long Beach Street Circuit,Long Beach Street Circuit,long-beach-street-circuit,2017-04-08,201704081305_Race,57,32,2,Andrew Davis,1:45.794,33.400,39.126,33.268,66.9,53:56.127,105794,0,0,11
2017,06_Long Beach Street Circuit,Long Beach Street Circuit,long-beach-street-circuit,2017-04-08,201704081305_Race,57,33,2,Andrew Davis,2:24.105,48.305,55.067,40.733,49.1,56:20.232,144105,0,0,11
2017,06_Long Beach Street Circuit,Long Beach Street Circuit,long-beach-street-circuit,2017-04-08,201704081305_Race,57,34,2,Andrew Davis,2:10.670,48.573,48.358,33.739,54.2,58:30.902,130670,0,0,11
2017,06_Long Beach Street Circuit,Long Beach Street Circuit,long-beach-street-circuit,2017-04-08,201704081305_Race,57,35,2,Andrew Davis,2:11.903,45.519,48.474,37.910,53.6,1:00:42.805,131903,0,0,11
2017,06_Long Beach Street Circuit,Long Beach Street Circuit,long-beach-street-circuit,2017-04-08,201704081305_Race,57,36,2,Andrew Davis,2:00.755,45.922,46.224,28.609,58.6,1:02:43.560,120755,0,0,11
2017,06_Long Beach Street Circuit,Long Beach Street Circuit,long-beach-street-circuit,2017-04-08,201704081305_Race,57,37,2,Andrew Davis,1:24.760,28.088,31.175,25.497,83.5,1:04:08.320,84760,0,0,11
2017,06_Long Beach Street Circuit,Long Beach Street Circuit,long-beach-street-circuit,2017-04-08,201704081305_Race,57,38,2,Andrew Davis,1:21.626,26.945,30.826,23.855,86.8,1:05:29.946,81626,0,0,11
2017,06_Long Beach Street Circuit,Long Beach Street Circuit,long-beach-street-circuit,2017-04-08,201704081305_Race,57,39,2,Andrew Davis,1:22.053,26.437,31.082,24.534,86.3,1:06:51.999,82053,0,0,11
2017,06_Long Beach Street Circuit,Long Beach Street Circuit,long-beach-street-circuit,2017-04-08,201704081305_Race,57,40,2,Andrew Davis,1:21.586,26.524,30.869,24.193,86.8,1:08:13.585,81586,0,0,11
2017,06_Long Beach Street Circuit,Long Beach Street Circuit,long-beach-street-circuit,2017-04-08,201704081305_Race,57,41,2,Andrew Davis,1:24.744,26.714,31.332,26.698,83.5,1:09:38.329,84744,0,0,11
2017,06_Long Beach Street Circuit,Long Beach Street Circuit,long-beach-street-circuit,2017-04-08,201704081305_Race,57,42,2,Andrew Davis,2:00.297,32.817,53.301,34.179,58.9,1:11:38.626,120297,0,0,11
2017,06_Long Beach Street Circuit,Long Beach Street Circuit,long-beach-street-circuit,2017-04-08,201704081305_Race,57,43,2,Andrew Davis,2:20.053,47.274,56.510,36.269,50.5,1:13:58.679,140053,0,0,11
2017,06_Long Beach Street Circuit,Long Beach Street Circuit,long-beach-street-circuit,2017-04-08,201704081305_Race,57,44,2,Andrew Davis,2:13.882,47.203,51.641,35.038,52.9,1:16:12.561,133882,0,0,11
2017,06_Long Beach Street Circuit,Long Beach Street Circuit,long-beach-street-circuit,2017-04-08,201704081305_Race,57,45,2,Andrew Davis,2:19.118,48.570,45.533,45.015,50.9,1:18:31.679,139118,0,0,11
2017,06_Long Beach Street Circuit,Long Beach Street Circuit,long-beach-street-circuit,2017-04-08,201704081305_Race,57,46,2,Andrew Davis,2:00.058,46.953,45.346,27.759,59.0,1:20:31.737,120058,0,0,11
2017,06_Long Beach Street Circuit,Long Beach Street Circuit,long-beach-street-circuit,2017-04-08,201704081305_Race,57,47,2,Andrew Davis,1:21.612,26.801,30.864,23.947,86.8,1:21:53.349,81612,0,0,11
2017,06_Long Beach Street Circuit,Long Beach Street Circuit,long-beach-street-circuit,2017-04-08,201704081305_Race,57,48,2,Andrew Davis,1:21.229,26.354,30.808,24.067,87.2,1:23:14.578,81229,0,0,11
2017,06_Long Beach Street Circuit,Long Beach Street Circuit,long-beach-street-circuit,2017-04-08,201704081305_Race,57,49,2,Andrew Davis,1:21.201,26.529,30.674,23.998,87.2,1:24:35.779,81201,0,0,11
2017,06_Long Beach Street Circuit,Long Beach Street Circuit,long-beach-street-circuit,2017-04-08,201704081305_Race,57,50,2,Andrew Davis,1:20.740,26.371,30.688,23.681,87.7,1:25:56.519,80740,0,0,11
2017,06_Long Beach Street Circuit,Long Beach Street Circuit,long-beach-street-circuit,2017-04-08,201704081305_Race,57,51,2,Andrew Davis,1:21.131,26.381,30.748,24.002,87.3,1:27:17.650,81131,0,0,11
2017,06_Long Beach Street Circuit,Long Beach Street Circuit,long-beach-street-circuit,2017-04-08,201704081305_Race,57,52,2,Andrew Davis,1:20.843,26.335,30.706,23.802,87.6,1:28:38.493,80843,0,0,11
2017,06_Long Beach Street Circuit,Long Beach Street Circuit,long-beach-street-circuit,2017-04-08,201704081305_Race,57,53,2,Andrew Davis,1:20.811,26.382,30.653,23.776,87.6,1:29:59.304,80811,0,0,11
2017,06_Long Beach Street Circuit,Long Beach Street Circuit,long-beach-street-circuit,2017-04-08,201704081305_Race,57,54,2,Andrew Davis,1:20.814,26.370,30.814,23.630,87.6,1:31:20.118,80814,0,0,11
2017,06_Long Beach Street Circuit,Long Beach Street Circuit,long-beach-street-circuit,2017-04-08,201704081305_Race,57,55,2,Andrew Davis,1:20.661,26.398,30.622,23.641,87.8,1:32:40.779,80661,0,0,11
2017,06_Long Beach Street Circuit,Long Beach Street Circuit,long-beach-street-circuit,2017-04-08,201704081305_Race,57,56,2,Andrew Davis,1:20.616,26.310,30.570,23.736,87.8,1:34:01.395,80616,0,0,11
2017,06_Long Beach Street Circuit,Long Beach Street Circuit,long-beach-street-circuit,2017-04-08,201704081305_Race,57,57,2,Andrew Davis,1:20.546,26.279,30.682,23.585,87.9,1:35:21.941,80546,0,0,11
2017,06_Long Beach Street Circuit,Long Beach Street Circuit,long-beach-street-circuit,2017-04-08,201704081305_Race,57,58,2,Andrew Davis,1:20.899,26.237,30.839,23.823,87.5,1:36:42.840,80899,0,0,11
2017,06_Long Beach Street Circuit,Long Beach Street Circuit,long-beach-street-circuit,2017-04-08,201704081305_Race,57,59,2,Andrew Davis,1:20.527,26.188,30.737,23.602,87.9,1:38:03.367,80527,0,0,11
2017,06_Long Beach Street Circuit,Long Beach Street Circuit,long-beach-street-circuit,2017-04-08,201704081305_Race,57,60,2,Andrew Davis,1:21.390,26.537,30.981,23.872,87.0,1:39:24.757,81390,0,0,11
2017,06_Long Beach Street Circuit,Long Beach Street Circuit,long-beach-street-circuit,2017-04-08,201704081305_Race,57,61,2,Andrew Davis,1:22.090,26.367,31.595,24.128,86.3,1:40:46.847,82090,0,0,11
2017,06_Long Beach Street Circuit,Long Beach Street Circuit,long-beach-street-circuit,2017-04-08,201704081305_Race,63,1,1,Christina Nielsen,1:48.852,49.018,32.071,27.763,65.0,1:48.852,,,0,11
2017,06_Long Beach Street Circuit,Long Beach Street Circuit,long-beach-street-circuit,2017-04-08,201704081305_Race,63,2,1,Christina Nielsen,1:53.233,34.727,45.131,33.375,62.5,3:42.085,113233,0,0,11
2017,06_Long Beach Street Circuit,Long Beach Street Circuit,long-beach-street-circuit,2017-04-08,201704081305_Race,63,3,1,Christina Nielsen,2:17.007,41.746,55.520,39.741,51.6,5:59.092,137007,0,0,11
2017,06_Long Beach Street Circuit,Long Beach Street Circuit,long-beach-street-circuit,2017-04-08,201704081305_Race,63,4,1,Christina Nielsen,2:09.804,43.435,51.496,34.873,54.5,8:08.896,129804,0,0,11
2017,06_Long Beach Street Circuit,Long Beach Street Circuit,long-beach-street-circuit,2017-04-08,201704081305_Race,63,5,1,Christina Nielsen,2:05.106,42.509,40.795,41.802,56.6,10:14.002,125106,0,0,11
2017,06_Long Beach Street Circuit,Long Beach Street Circuit,long-beach-street-circuit,2017-04-08,201704081305_Race,63,6,1,Christina Nielsen,1:58.391,43.030,47.009,28.352,59.8,12:12.393,118391,0,0,11
2017,06_Long Beach Street Circuit,Long Beach Street Circuit,long-beach-street-circuit,2017-04-08,201704081305_Race,63,7,1,Christina Nielsen,1:26.215,27.874,31.194,27.147,82.1,13:38.608,86215,0,0,11
2017,06_Long Beach Street Circuit,Long Beach Street Circuit,long-beach-street-circuit,2017-04-08,201704081305_Race,63,8,1,Christina Nielsen,1:23.055,27.853,30.858,24.344,85.3,15:01.663,83055,0,0,11
2017,06_Long Beach Street Circuit,Long Beach Street Circuit,long-beach-street-circuit,2017-04-08,201704081305_Race,63,9,1,Christina Nielsen,1:21.974,26.927,30.787,24.260,86.4,16:23.637,81974,0,0,11
2017,06_Long Beach Street Circuit,Long Beach Street Circuit,long-beach-street-circuit,2017-04-08,201704081305_Race,63,10,1,Christina Nielsen,1:27.502,27.077,31.216,29.209,80.9,17:51.139,87502,0,0,11
2017,06_Long Beach Street Circuit,Long Beach Street Circuit,long-beach-street-circuit,2017-04-08,201704081305_Race,63,11,1,Christina Nielsen,1:39.019,36.239,35.646,27.134,71.5,19:30.158,99019,0,0,11
2017,06_Long Beach Street Circuit,Long Beach Street Circuit,long-beach-street-circuit,2017-04-08,201704081305_Race,63,12,1,Christina Nielsen,1:45.388,30.029,42.081,33.278,67.2,21:15.546,105388,0,0,11
2017,06_Long Beach Street Circuit,Long Beach Street Circuit,long-beach-street-circuit,2017-04-08,201704081305_Race,63,13,1,Christina Nielsen,1:58.898,47.149,39.048,32.701,59.5,23:14.444,118898,0,0,11
2017,06_Long Beach Street Circuit,Long Beach Street Circuit,long-beach-street-circuit,2017-04-08,201704081305_Race,63,14,1,Christina Nielsen,1:53.832,40.730,42.546,30.556,62.2,25:08.276,113832,0,0,11
2017,06_Long Beach Street Circuit,Long Beach Street Circuit,long-beach-street-circuit,2017-04-08,201704081305_Race,63,15,1,Christina Nielsen,1:27.033,28.418,33.223,25.392,81.3,26:35.309,87033,0,0,11
2017,06_Long Beach Street Circuit,Long Beach Street Circuit,long-beach-street-circuit,2017-04-08,201704081305_Race,63,16,1,Christina Nielsen,1:22.054,27.003,30.882,24.169,86.3,27:57.363,82054,0,0,11
2017,06_Long Beach Street Circuit,Long Beach Street Circuit,long-beach-street-circuit,2017-04-08,201704081305_Race,63,17,1,Christina Nielsen,1:21.430,26.739,30.696,23.995,86.9,29:18.793,81430,0,0,11
2017,06_Long Beach Street Circuit,Long Beach Street Circuit,long-beach-street-circuit,2017-04-08,201704081305_Race,63,18,1,Christina Nielsen,1:21.132,26.631,30.517,23.984,87.3,30:39.925,81132,0,0,11
2017,06_Long Beach Street Circuit,Long Beach Street Circuit,long-beach-street-circuit,2017-04-08,201704081305_Race,63,19,1,Christina Nielsen,1:20.657,26.492,30.418,23.747,87.8,32:00.582,80657,0,0,11
2017,06_Long Beach Street Circuit,Long Beach Street Circuit,long-beach-street-circuit,2017-04-08,201704081305_Race,63,20,1,Christina Nielsen,1:22.035,26.442,30.597,24.996,86.3,33:22.617,82035,0,0,11
2017,06_Long Beach Street Circuit,Long Beach Street Circuit,long-beach-street-circuit,2017-04-08,201704081305_Race,63,21,1,Christina Nielsen,1:25.362,26.604,32.082,26.676,83.0,34:47.979,85362,0,0,11
2017,06_Long Beach Street Circuit,Long Beach Street Circuit,long-beach-street-circuit,2017-04-08,201704081305_Race,63,22,1,Christina Nielsen,1:30.448,30.209,33.900,26.339,78.3,36:18.427,90448,0,0,11
2017,06_Long Beach Street Circuit,Long Beach Street Circuit,long-beach-street-circuit,2017-04-08,201704081305_Race,63,23,1,Christina Nielsen,1:57.888,29.342,43.424,45.122,60.0,38:16.315,117888,0,0,11
2017,06_Long Beach Street Circuit,Long Beach Street Circuit,long-beach-street-circuit,2017-04-08,201704081305_Race,63,24,1,Christina Nielsen,1:57.537,45.369,44.879,27.289,60.2,40:13.852,117537,0,0,11
2017,06_Long Beach Street Circuit,Long Beach Street Circuit,long-beach-street-circuit,2017-04-08,201704081305_Race,63,25,1,Christina Nielsen,1:40.122,27.148,31.708,41.266,70.7,41:53.974,100122,0,1,11
2017,06_Long Beach Street Circuit,Long Beach Street Circuit,long-beach-street-circuit,2017-04-08,201704081305_Race,63,26,2,Alessandro Balzan,2:16.909,1:19.858,32.112,24.939,51.7,44:10.883,136909,0,0,11
2017,06_Long Beach Street Circuit,Long Beach Street Circuit,long-beach-street-circuit,2017-04-08,201704081305_Race,63,27,2,Alessandro Balzan,1:22.579,27.339,31.111,24.129,85.8,45:33.462,82579,0,0,11
2017,06_Long Beach Street Circuit,Long Beach Street Circuit,long-beach-street-circuit,2017-04-08,201704081305_Race,63,28,2,Alessandro Balzan,1:22.093,27.358,30.678,24.057,86.3,46:55.555,82093,0,0,11
2017,06_Long Beach Street Circuit,Long Beach Street Circuit,long-beach-street-circuit,2017-04-08,201704081305_Race,63,29,2,Alessandro Balzan,1:21.091,26.645,30.615,23.831,87.3,48:16.646,81091,0,0,11
2017,06_Long Beach Street Circuit,Long Beach Street Circuit,long-beach-street-circuit,2017-04-08,201704081305_Race,63,30,2,Alessandro Balzan,1:32.181,27.185,32.927,32.069,76.8,49:48.827,92181,0,0,11
2017,06_Long Beach Street Circuit,Long Beach Street Circuit,long-beach-street-circuit,2017-04-08,201704081305_Race,63,31,2,Alessandro Balzan,1:34.004,30.200,31.681,32.123,75.3,51:22.831,94004,0,0,11
2017,06_Long Beach Street Circuit,Long Beach Street Circuit,long-beach-street-circuit,2017-04-08,201704081305_Race,63,32,2,Alessandro Balzan,2:00.592,47.658,45.230,27.704,58.7,53:23.423,120592,0,0,11
2017,06_Long Beach Street Circuit,Long Beach Street Circuit,long-beach-street-circuit,2017-04-08,201704081305_Race,63,33,2,Alessandro Balzan,1:24.019,28.154,31.402,24.463,84.3,54:47.442,84019,0,0,11
2017,06_Long Beach Street Circuit,Long Beach Street Circuit,long-beach-street-circuit,2017-04-08,201704081305_Race,63,34,2,Alessandro Balzan,1:41.271,27.318,34.482,39.471,69.9,56:28.713,101271,0,0,11
2017,06_Long Beach Street Circuit,Long Beach Street Circuit,long-beach-street-circuit,2017-04-08,201704081305_Race,63,35,2,Alessandro Balzan,2:10.417,50.126,48.139,32.152,54.3,58:39.130,130417,0,0,11
2017,06_Long Beach Street Circuit,Long Beach Street Circuit,long-beach-street-circuit,2017-04-08,201704081305_Race,63,36,2,Alessandro Balzan,2:14.137,45.398,50.285,38.454,52.8,1:00:53.267,134137,0,0,11
2017,06_Long Beach Street Circuit,Long Beach Street Circuit,long-beach-street-circuit,2017-04-08,201704081305_Race,63,37,2,Alessandro Balzan,1:54.461,43.400,45.368,25.693,61.8,1:02:47.728,114461,0,0,11
2017,06_Long Beach Street Circuit,Long Beach Street Circuit,long-beach-street-circuit,2017-04-08,201704081305_Race,63,38,2,Alessandro Balzan,1:22.009,26.872,30.746,24.391,86.3,1:04:09.737,82009,0,0,11
2017,06_Long Beach Street Circuit,Long Beach Street Circuit,long-beach-street-circuit,2017-04-08,201704081305_Race,63,39,2,Alessandro Balzan,1:22.648,27.079,30.906,24.663,85.7,1:05:32.385,82648,0,0,11
2017,06_Long Beach Street Circuit,Long Beach Street Circuit,long-beach-street-circuit,2017-04-08,201704081305_Race,63,40,2,Alessandro Balzan,1:22.251,26.390,31.320,24.541,86.1,1:06:54.636,82251,0,0,11
2017,06_Long Beach Street Circuit,Long Beach Street Circuit,long-beach-street-circuit,2017-04-08,201704081305_Race,63,41,2,Alessandro Balzan,1:21.723,26.550,30.801,24.372,86.6,1:08:16.359,81723,0,0,11
2017,06_Long Beach Street Circuit,Long Beach Street Circuit,long-beach-street-circuit,2017-04-08,201704081305_Race,63,42,2,Alessandro Balzan,1:23.732,26.414,30.710,26.608,84.6,1:09:40.091,83732,0,0,11
2017,06_Long Beach Street Circuit,Long Beach Street Circuit,long-beach-street-circuit,2017-04-08,201704081305_Race,63,43,2,Alessandro Balzan,2:02.467,32.905,54.221,35.341,57.8,1:11:42.558,122467,0,0,11
2017,06_Long Beach Street Circuit,Long Beach Street Circuit,long-beach-street-circuit,2017-04-08,201704081305_Race,63,44,2,Alessandro Balzan,2:20.628,45.673,57.008,37.947,50.3,1:14:03.186,140628,0,0,11
2017,06_Long Beach Street Circuit,Long Beach Street Circuit,long-beach-street-circuit,2017-04-08,201704081305_Race,63,45,2,Alessandro Balzan,2:12.440,45.107,51.139,36.194,53.5,1:16:15.626,132440,0,0,11
2017,06_Long Beach Street Circuit,Long Beach Street Circuit,long-beach-street-circuit,2017-04-08,201704081305_Race,63,46,2,Alessandro Balzan,2:19.624,47.021,48.317,44.286,50.7,1:18:35.250,139624,0,0,11
2017,06_Long Beach Street Circuit,Long Beach Street Circuit,long-beach-street-circuit,2017-04-08,201704081305_Race,63,47,2,Alessandro Balzan,1:57.624,46.862,45.198,25.564,60.2,1:20:32.874,117624,0,0,11
2017,06_Long Beach Street Circuit,Long Beach Street Circuit,long-beach-street-circuit,2017-04-08,201704081305_Race,63,48,2,Alessandro Balzan,1:22.824,27.319,30.754,24.751,85.5,1:21:55.698,82824,0,0,11
2017,06_Long Beach Street Circuit,Long Beach Street Circuit,long-beach-street-circuit,2017-04-08,201704081305_Race,63,49,2,Alessandro Balzan,1:21.193,26.565,30.465,24.163,87.2,1:23:16.891,81193,0,0,11
2017,06_Long Beach Street Circuit,Long Beach Street Circuit,long-beach-street-circuit,2017-04-08,201704081305_Race,63,50,2,Alessandro Balzan,1:20.735,26.527,30.504,23.704,87.7,1:24:37.626,80735,0,0,11
2017,06_Long Beach Street Circuit,Long Beach Street Circuit,long-beach-street-circuit,2017-04-08,201704081305_Race,63,51,2,Alessandro Balzan,1:20.893,26.574,30.514,23.805,87.6,1:25:58.519,80893,0,0,11
2017,06_Long Beach Street Circuit,Long Beach Street Circuit,long-beach-street-circuit,2017-04-08,201704081305_Race,63,52,2,Alessandro Balzan,1:21.312,26.853,30.530,23.929,87.1,1:27:19.831,81312,0,0,11
2017,06_Long Beach Street Circuit,Long Beach Street Circuit,long-beach-street-circuit,2017-04-08,201704081305_Race,63,53,2,Alessandro Balzan,1:20.953,26.585,30.591,23.777,87.4,1:28:40.784,80953,0,0,11
2017,06_Long Beach Street Circuit,Long Beach Street Circuit,long-beach-street-circuit,2017-04-08,201704081305_Race,63,54,2,Alessandro Balzan,1:22.077,27.009,30.665,24.403,86.3,1:30:02.861,82077,0,0,11
2017,06_Long Beach Street Circuit,Long Beach Street Circuit,long-beach-street-circuit,2017-04-08,201704081305_Race,63,55,2,Alessandro Balzan,1:20.870,26.482,30.246,24.142,87.6,1:31:23.731,80870,0,0,11
2017,06_Long Beach Street Circuit,Long Beach Street Circuit,long-beach-street-circuit,2017-04-08,201704081305_Race,63,56,2,Alessandro Balzan,1:22.654,28.090,30.758,23.806,85.6,1:32:46.385,82654,0,0,11
2017,06_Long Beach Street Circuit,Long Beach Street Circuit,long-beach-street-circuit,2017-04-08,201704081305_Race,63,57,2,Alessandro Balzan,1:21.701,26.836,30.495,24.370,86.7,1:34:08.086,81701,0,0,11
2017,06_Long Beach Street Circuit,Long Beach Street Circuit,long-beach-street-circuit,2017-04-08,201704081305_Race,63,58,2,Alessandro Balzan,1:21.707,26.558,30.346,24.803,86.6,1:35:29.793,81707,0,0,11
2017,06_Long Beach Street Circuit,Long Beach Street Circuit,long-beach-street-circuit,2017-04-08,201704081305_Race,63,59,2,Alessandro Balzan,1:21.627,26.545,30.289,24.793,86.8,1:36:51.420,81627,0,0,11
2017,06_Long Beach Street Circuit,Long Beach Street Circuit,long-beach-street-circuit,2017-04-08,201704081305_Race,63,60,2,Alessandro Balzan,1:21.173,26.512,30.662,23.999,87.3,1:38:12.593,81173,0,0,11
2017,06_Long Beach Street Circuit,Long Beach Street Circuit,long-beach-street-circuit,2017-04-08,201704081305_Race,63,61,2,Alessandro Balzan,1:22.480,26.963,31.200,24.317,85.8,1:39:35.073,82480,0,0,11
2017,06_Long Beach Street Circuit,Long Beach Street Circuit,long-beach-street-circuit,2017-04-08,201704081305_Race,63,62,2,Alessandro Balzan,1:23.674,27.488,31.598,24.588,84.6,1:40:58.747,83674,0,0,12
2017,06_Long Beach Street Circuit,Long Beach Street Circuit,long-beach-street-circuit,2017-04-08,201704081305_Race,66,1,2,Joey Hand,1:47.984,31.413,49.796,26.775,65.6,1:47.984,,,0,12
2017,06_Long Beach Street Circuit,Long Beach Street Circuit,long-beach-street-circuit,2017-04-08,201704081305_Race,66,2,2,Joey Hand,1:53.247,33.986,45.690,33.571,62.5,3:41.231,113247,0,0,12
2017,06_Long Beach Street Circuit,Long Beach Street Circuit,long-beach-street-circuit,2017-04-08,201704081305_Race,66,3,2,Joey Hand,2:17.039,41.766,55.099,40.174,51.6,5:58.270,137039,0,0,12
2017,06_Long Beach Street Circuit,Long Beach Street Circuit,long-beach-street-circuit,2017-04-08,201704081305_Race,66,4,2,Joey Hand,2:09.747,43.226,51.671,34.850,54.6,8:08.017,129747,0,0,12
2017,06_Long Beach Street Circuit,Long Beach Street Circuit,long-beach-street-circuit,2017-04-08,201704081305_Race,66,5,2,Joey Hand,2:04.427,42.297,40.761,41.369,56.9,10:12.444,124427,0,0,12
2017,06_Long Beach Street Circuit,Long Beach Street Circuit,long-beach-street-circuit,2017-04-08,201704081305_Race,66,6,2,Joey Hand,1:59.755,43.250,47.731,28.774,59.1,12:12.199,119755,0,0,12
2017,06_Long Beach Street Circuit,Long Beach Street Circuit,long-beach-street-circuit,2017-04-08,201704081305_Race,66,7,2,Joey Hand,1:22.047,27.111,30.751,24.185,86.3,13:34.246,82047,0,0,12
2017,06_Long Beach Street Circuit,Long Beach Street Circuit,long-beach-street-circuit,2017-04-08,201704081305_Race,66,8,2,Joey Hand,1:20.307,26.492,30.234,23.581,88.2,14:54.553,80307,0,0,12
2017,06_Long Beach Street Circuit,Long Beach Street Circuit,long-beach-street-circuit,2017-04-08,201704081305_Race,66,9,2,Joey Hand,1:20.203,26.130,30.486,23.587,88.3,16:14.756,80203,0,0,12
2017,06_Long Beach Street Circuit,Long Beach Street Circuit,long-beach-street-circuit,2017-04-08,201704081305_Race,66,10,2,Joey Hand,1:22.336,25.942,30.589,25.805,86.0,17:37.092,82336,0,0,12
2017,06_Long Beach Street Circuit,Long Beach Street Circuit,long-beach-street-circuit,2017-04-08,201704081305_Race,66,11,2,Joey Hand,1:33.080,30.246,35.188,27.646,76.1,19:10.172,93080,0,0,12
2017,06_Long Beach Street Circuit,Long Beach Street Circuit,long-beach-street-circuit,2017-04-08,201704081305_Race,66,12,2,Joey Hand,1:53.910,35.056,43.616,35.238,62.1,21:04.082,113910,0,0,12
2017,06_Long Beach Street Circuit,Long Beach Street Circuit,long-beach-street-circuit,2017-04-08,201704081305_Race,66,13,2,Joey Hand,2:11.796,47.410,40.879,43.507,53.7,23:15.878,131796,0,1,12
2017,06_Long Beach Street Circuit,Long Beach Street Circuit,long-beach-street-circuit,2017-04-08,201704081305_Race,66,14,1,Dirk Mueller,2:19.830,1:22.461,33.366,24.003,50.6,25:35.708,139830,0,0,12
2017,06_Long Beach Street Circuit,Long Beach Street Circuit,long-beach-street-circuit,2017-04-08,201704081305_Race,66,15,1,Dirk Mueller,1:21.596,26.519,31.124,23.953,86.8,26:57.304,81596,0,0,12
2017,06_Long Beach Street Circuit,Long Beach Street Circuit,long-beach-street-circuit,2017-04-08,201704081305_Race,66,16,1,Dirk Mueller,1:19.596,26.233,29.976,23.387,88.9,28:16.900,79596,0,0,12
2017,06_Long Beach Street Circuit,Long Beach Street Circuit,long-beach-street-circuit,2017-04-08,201704081305_Race,66,17,1,Dirk Mueller,1:19.486,26.158,29.973,23.355,89.1,29:36.386,79486,0,0,12
2017,06_Long Beach Street Circuit,Long Beach Street Circuit,long-beach-street-circuit,2017-04-08,201704081305_Race,66,18,1,Dirk Mueller,1:19.447,26.197,29.914,23.336,89.1,30:55.833,79447,0,0,12
2017,06_Long Beach Street Circuit,Long Beach Street Circuit,long-beach-street-circuit,2017-04-08,201704081305_Race,66,19,1,Dirk Mueller,1:19.202,26.014,29.845,23.343,89.4,32:15.035,79202,0,0,12
2017,06_Long Beach Street Circuit,Long Beach Street Circuit,long-beach-street-circuit,2017-04-08,201704081305_Race,66,20,1,Dirk Mueller,1:19.173,26.030,29.772,23.371,89.4,33:34.208,79173,0,0,12
2017,06_Long Beach Street Circuit,Long Beach Street Circuit,long-beach-street-circuit,2017-04-08,201704081305_Race,66,21,1,Dirk Mueller,1:26.172,25.997,33.313,26.862,82.2,35:00.380,86172,0,0,12
2017,06_Long Beach Street Circuit,Long Beach Street Circuit,long-beach-street-circuit,2017-04-08,201704081305_Race,66,22,1,Dirk Mueller,1:31.828,30.040,34.389,27.399,77.1,36:32.208,91828,0,0,12
2017,06_Long Beach Street Circuit,Long Beach Street Circuit,long-beach-street-circuit,2017-04-08,201704081305_Race,66,23,1,Dirk Mueller,1:48.085,29.491,38.751,39.843,65.5,38:20.293,108085,0,0,12
2017,06_Long Beach Street Circuit,Long Beach Street Circuit,long-beach-street-circuit,2017-04-08,201704081305_Race,66,24,1,Dirk Mueller,1:55.172,48.420,40.491,26.261,61.5,40:15.465,115172,0,0,12
2017,06_Long Beach Street Circuit,Long Beach Street Circuit,long-beach-street-circuit,2017-04-08,201704081305_Race,66,25,1,Dirk Mueller,1:24.765,26.689,31.132,26.944,83.5,41:40.230,84765,0,0,12
2017,06_Long Beach Street Circuit,Long Beach Street Circuit,long-beach-street-circuit,2017-04-08,201704081305_Race,66,26,1,Dirk Mueller,1:19.882,26.478,29.934,23.470,88.6,43:00.112,79882,0,0,12
2017,06_Long Beach Street Circuit,Long Beach Street Circuit,long-beach-street-circuit,2017-04-08,201704081305_Race,66,27,1,Dirk Mueller,1:20.856,26.645,30.029,24.182,87.6,44:20.968,80856,0,0,12
2017,06_Long Beach Street Circuit,Long Beach Street Circuit,long-beach-street-circuit,2017-04-08,201704081305_Race,66,28,1,Dirk Mueller,1:21.179,26.356,30.536,24.287,87.3,45:42.147,81179,0,0,12
2017,06_Long Beach Street Circuit,Long Beach Street Circuit,long-beach-street-circuit,2017-04-08,201704081305_Race,66,29,1,Dirk Mueller,1:20.820,26.361,31.058,23.401,87.6,47:02.967,80820,0,0,12
2017,06_Long Beach Street Circuit,Long Beach Street Circuit,long-beach-street-circuit,2017-04-08,201704081305_Race,66,30,1,Dirk Mueller,3:39.991,26.042,31.212,2:42.737,32.1,50:42.958,219991,0,0,12
2017,06_Long Beach Street Circuit,Long Beach Street Circuit,long-beach-street-circuit,2017-04-08,201704081305_Race,66,31,1,Dirk Mueller,1:35.846,33.760,34.369,27.717,73.9,52:18.804,95846,0,0,12
2017,06_Long Beach Street Circuit,Long Beach Street Circuit,long-beach-street-circuit,2017-04-08,201704081305_Race,66,32,1,Dirk Mueller,1:38.578,33.651,35.266,29.661,71.8,53:57.382,98578,0,0,12
2017,06_Long Beach Street Circuit,Long Beach Street Circuit,long-beach-street-circuit,2017-04-08,201704081305_Race,66,33,1,Dirk Mueller,2:24.556,48.841,55.384,40.331,49.0,56:21.938,144556,0,0,12
2017,06_Long Beach Street Circuit,Long Beach Street Circuit,long-beach-street-circuit,2017-04-08,201704081305_Race,66,34,1,Dirk Mueller,2:19.468,48.586,48.486,42.396,50.8,58:41.406,139468,0,1,12
2017,06_Long Beach Street Circuit,Long Beach Street Circuit,long-beach-street-circuit,2017-04-08,201704081305_Race,66,35,1,Dirk Mueller,3:06.852,2:10.612,31.459,24.781,37.9,1:01:48.258,186852,0,0,12
2017,06_Long Beach Street Circuit,Long Beach Street Circuit,long-beach-street-circuit,2017-04-08,201704081305_Race,66,36,1,Dirk Mueller,1:20.745,27.053,30.104,23.588,87.7,1:03:09.003,80745,0,0,12
2017,06_Long Beach Street Circuit,Long Beach Street Circuit,long-beach-street-circuit,2017-04-08,201704081305_Race,66,37,1,Dirk Mueller,1:18.988,25.962,29.735,23.291,89.6,1:04:27.991,78988,0,0,12
2017,06_Long Beach Street Circuit,Long Beach Street Circuit,long-beach-street-circuit,2017-04-08,201704081305_Race,66,38,1,Dirk Mueller,1:18.207,25.660,29.429,23.118,90.5,1:05:46.198,78207,0,0,12
2017,06_Long Beach Street Circuit,Long Beach Street Circuit,long-beach-street-circuit,2017-04-08,201704081305_Race,66,39,1,Dirk Mueller,1:20.383,25.944,30.228,24.211,88.1,1:07:06.581,80383,0,0,12
2017,06_Long Beach Street Circuit,Long Beach Street Circuit,long-beach-street-circuit,2017-04-08,201704081305_Race,66,40,1,Dirk Mueller,1:21.201,26.886,30.362,23.953,87.2,1:08:27.782,81201,0,0,12
2017,06_Long Beach Street Circuit,Long Beach Street Circuit,long-beach-street-circuit,2017-04-08,201704081305_Race,66,41,1,Dirk Mueller,1:24.565,26.284,31.913,26.368,83.7,1:09:52.347,84565,0,0,12
2017,06_Long Beach Street Circuit,Long Beach Street Circuit,long-beach-street-circuit,2017-04-08,201704081305_Race,66,42,1,Dirk Mueller,1:58.839,32.541,52.762,33.536,59.5,1:11:51.186,118839,0,0,12
2017,06_Long Beach Street Circuit,Long Beach Street Circuit,long-beach-street-circuit,2017-04-08,201704081305_Race,66,43,1,Dirk Mueller,2:22.850,46.969,59.873,36.008,49.5,1:14:14.036,142850,0,0,12
2017,06_Long Beach Street Circuit,Long Beach Street Circuit,long-beach-street-circuit,2017-04-08,201704081305_Race,66,44,1,Dirk Mueller,2:12.945,48.362,47.228,37.355,53.3,1:16:26.981,132945,0,0,12
2017,06_Long Beach Street Circuit,Long Beach Street Circuit,long-beach-street-circuit,2017-04-08,201704081305_Race,66,45,1,Dirk Mueller,2:18.656,48.776,45.070,44.810,51.0,1:18:45.637,138656,0,0,12
2017,06_Long Beach Street Circuit,Long Beach Street Circuit,long-beach-street-circuit,2017-04-08,201704081305_Race,66,46,1,Dirk Mueller,1:52.623,45.185,42.948,24.490,62.8,1:20:38.260,112623,0,0,12
2017,06_Long Beach Street Circuit,Long Beach Street Circuit,long-beach-street-circuit,2017-04-08,201704081305_Race,66,47,1,Dirk Mueller,1:22.086,26.654,30.969,24.463,86.3,1:22:00.346,82086,0,0,12
2017,06_Long Beach Street Circuit,Long Beach Street Circuit,long-beach-street-circuit,2017-04-08,201704081305_Race,66,48,1,Dirk Mueller,1:22.005,27.124,30.544,24.337,86.3,1:23:22.351,82005,0,0,12
2017,06_Long Beach Street Circuit,Long Beach Street Circuit,long-beach-street-circuit,2017-04-08,201704081305_Race,66,49,1,Dirk Mueller,1:21.457,26.268,30.726,24.463,86.9,1:24:43.808,81457,0,0,12
2017,06_Long Beach Street Circuit,Long Beach Street Circuit,long-beach-street-circuit,2017-04-08,201704081305_Race,66,50,1,Dirk Mueller,1:20.585,26.230,30.630,23.725,87.9,1:26:04.393,80585,0,0,12
2017,06_Long Beach Street Circuit,Long Beach Street Circuit,long-beach-street-circuit,2017-04-08,201704081305_Race,66,51,1,Dirk Mueller,1:20.455,26.507,30.119,23.829,88.0,1:27:24.848,80455,0,0,12
2017,06_Long Beach Street Circuit,Long Beach Street Circuit,long-beach-street-circuit,2017-04-08,201704081305_Race,66,52,1,Dirk Mueller,1:20.468,26.510,30.356,23.602,88.0,1:28:45.316,80468,0,0,12
2017,06_Long Beach Street Circuit,Long Beach Street Circuit,long-beach-street-circuit,2017-04-08,201704081305_Race,66,53,1,Dirk Mueller,1:20.220,26.121,30.078,24.021,88.2,1:30:05.536,80220,0,0,12
2017,06_Long Beach Street Circuit,Long Beach Street Circuit,long-beach-street-circuit,2017-04-08,201704081305_Race,66,54,1,Dirk Mueller,1:20.596,26.668,30.245,23.683,87.9,1:31:26.132,80596,0,0,12
2017,06_Long Beach Street Circuit,Long Beach Street Circuit,long-beach-street-circuit,2017-04-08,201704081305_Race,66,55,1,Dirk Mueller,1:22.238,27.058,31.082,24.098,86.1,1:32:48.370,82238,0,0,12
2017,06_Long Beach Street Circuit,Long Beach Street Circuit,long-beach-street-circuit,2017-04-08,201704081305_Race,66,56,1,Dirk Mueller,1:22.516,26.456,31.071,24.989,85.8,1:34:10.886,82516,0,0,12
2017,06_Long Beach Street Circuit,Long Beach Street Circuit,long-beach-street-circuit,2017-04-08,201704081305_Race,66,57,1,Dirk Mueller,1:20.806,26.804,30.302,23.700,87.6,1:35:31.692,80806,0,0,12
2017,06_Long Beach Street Circuit,Long Beach Street Circuit,long-beach-street-circuit,2017-04-08,201704081305_Race,66,58,1,Dirk Mueller,1:22.345,26.364,31.557,24.424,86.0,1:36:54.037,82345,0,0,12
2017,06_Long Beach Street Circuit,Long Beach Street Circuit,long-beach-street-circuit,2017-04-08,201704081305_Race,66,59,1,Dirk Mueller,1:21.672,26.542,30.767,24.363,86.7,1:38:15.709,81672,0,0,12
2017,06_Long Beach Street Circuit,Long Beach Street Circuit,long-beach-street-circuit,2017-04-08,201704081305_Race,66,60,1,Dirk Mueller,1:25.252,27.710,32.597,24.945,83.0,1:39:40.961,85252,0,0,12
2017,06_Long Beach Street Circuit,Long Beach Street Circuit,long-beach-street-circuit,2017-04-08,201704081305_Race,66,61,1,Dirk Mueller,1:22.967,27.211,30.813,24.943,85.3,1:41:03.928,82967,0,0,12
2017,06_Long Beach Street Circuit,Long Beach Street Circuit,long-beach-street-circuit,2017-04-08,201704081305_Race,67,1,2,Richard Westbrook,1:31.027,34.321,32.195,24.511,77.8,1:31.027,,,0,12
2017,06_Long Beach Street Circuit,Long Beach Street Circuit,long-beach-street-circuit,2017-04-08,201704081305_Race,67,2,2,Richard Westbrook,1:54.076,30.598,51.794,31.684,62.0,3:25.103,114076,0,0,12
2017,06_Long Beach Street Circuit,Long Beach Street Circuit,long-beach-street-circuit,2017-04-08,201704081305_Race,67,3,2,Richard Westbrook,2:18.527,43.425,53.956,41.146,51.1,5:43.630,138527,0,0,12
2017,06_Long Beach Street Circuit,Long Beach Street Circuit,long-beach-street-circuit,2017-04-08,201704081305_Race,67,4,2,Richard Westbrook,2:07.292,42.877,51.485,32.930,55.6,7:50.922,127292,0,0,12
2017,06_Long Beach Street Circuit,Long Beach Street Circuit,long-beach-street-circuit,2017-04-08,201704081305_Race,67,5,2,Richard Westbrook,2:07.380,42.887,47.079,37.414,55.6,9:58.302,127380,0,0,12
2017,06_Long Beach Street Circuit,Long Beach Street Circuit,long-beach-street-circuit,2017-04-08,201704081305_Race,67,6,2,Richard Westbrook,2:07.320,41.346,55.084,30.890,55.6,12:05.622,127320,0,0,12
2017,06_Long Beach Street Circuit,Long Beach Street Circuit,long-beach-street-circuit,2017-04-08,201704081305_Race,67,7,2,Richard Westbrook,1:21.219,26.687,30.517,24.015,87.2,13:26.841,81219,0,0,12
2017,06_Long Beach Street Circuit,Long Beach Street Circuit,long-beach-street-circuit,2017-04-08,201704081305_Race,67,8,2,Richard Westbrook,1:20.438,26.318,30.417,23.703,88.0,14:47.279,80438,0,0,12
2017,06_Long Beach Street Circuit,Long Beach Street Circuit,long-beach-street-circuit,2017-04-08,201704081305_Race,67,9,2,Richard Westbrook,1:19.784,26.101,30.172,23.511,88.7,16:07.063,79784,0,0,12
2017,06_Long Beach Street Circuit,Long Beach Street Circuit,long-beach-street-circuit,2017-04-08,201704081305_Race,67,10,2,Richard Westbrook,1:20.073,26.082,30.022,23.969,88.4,17:27.136,80073,0,0,12
2017,06_Long Beach Street Circuit,Long Beach Street Circuit,long-beach-street-circuit,2017-04-08,201704081305_Race,67,11,2,Richard Westbrook,1:36.060,31.539,35.092,29.429,73.7,19:03.196,96060,0,0,12
2017,06_Long Beach Street Circuit,Long Beach Street Circuit,long-beach-street-circuit,2017-04-08,201704081305_Race,67,12,2,Richard Westbrook,1:56.537,32.777,47.252,36.508,60.7,20:59.733,116537,0,0,12
2017,06_Long Beach Street Circuit,Long Beach Street Circuit,long-beach-street-circuit,2017-04-08,201704081305_Race,67,13,2,Richard Westbrook,2:11.252,43.522,44.661,43.069,53.9,23:10.985,131252,0,1,12
2017,06_Long Beach Street Circuit,Long Beach Street Circuit,long-beach-street-circuit,2017-04-08,201704081305_Race,67,14,1,Ryan Briscoe,2:21.011,1:23.578,32.967,24.466,50.2,25:31.996,141011,0,0,12
2017,06_Long Beach Street Circuit,Long Beach Street Circuit,long-beach-street-circuit,2017-04-08,201704081305_Race,67,15,1,Ryan Briscoe,1:20.979,27.129,30.235,23.615,87.4,26:52.975,80979,0,0,12
2017,06_Long Beach Street Circuit,Long Beach Street Circuit,long-beach-street-circuit,2017-04-08,201704081305_Race,67,16,1,Ryan Briscoe,1:20.186,26.573,30.250,23.363,88.3,28:13.161,80186,0,0,12
2017,06_Long Beach Street Circuit,Long Beach Street Circuit,long-beach-street-circuit,2017-04-08,201704081305_Race,67,17,1,Ryan Briscoe,1:19.709,26.230,30.211,23.268,88.8,29:32.870,79709,0,0,12
2017,06_Long Beach Street Circuit,Long Beach Street Circuit,long-beach-street-circuit,2017-04-08,201704081305_Race,67,18,1,Ryan Briscoe,1:19.869,26.742,29.946,23.181,88.7,30:52.739,79869,0,0,12
2017,06_Long Beach Street Circuit,Long Beach Street Circuit,long-beach-street-circuit,2017-04-08,201704081305_Race,67,19,1,Ryan Briscoe,1:19.536,26.302,30.118,23.116,89.1,32:12.275,79536,0,0,12
2017,06_Long Beach Street Circuit,Long Beach Street Circuit,long-beach-street-circuit,2017-04-08,201704081305_Race,67,20,1,Ryan Briscoe,1:19.283,26.153,29.890,23.240,89.3,33:31.558,79283,0,0,12
2017,06_Long Beach Street Circuit,Long Beach Street Circuit,long-beach-street-circuit,2017-04-08,201704081305_Race,67,21,1,Ryan Briscoe,1:25.632,26.107,32.727,26.798,82.7,34:57.190,85632,0,0,12
2017,06_Long Beach Street Circuit,Long Beach Street Circuit,long-beach-street-circuit,2017-04-08,201704081305_Race,67,22,1,Ryan Briscoe,1:32.290,30.185,35.067,27.038,76.7,36:29.480,92290,0,0,12
2017,06_Long Beach Street Circuit,Long Beach Street Circuit,long-beach-street-circuit,2017-04-08,201704081305_Race,67,23,1,Ryan Briscoe,1:49.224,30.625,36.781,41.818,64.8,38:18.704,109224,0,0,12
2017,06_Long Beach Street Circuit,Long Beach Street Circuit,long-beach-street-circuit,2017-04-08,201704081305_Race,67,24,1,Ryan Briscoe,1:56.123,48.122,40.697,27.304,61.0,40:14.827,116123,0,0,12
2017,06_Long Beach Street Circuit,Long Beach Street Circuit,long-beach-street-circuit,2017-04-08,201704081305_Race,67,25,1,Ryan Briscoe,1:24.723,26.870,31.395,26.458,83.6,41:39.550,84723,0,0,12
2017,06_Long Beach Street Circuit,Long Beach Street Circuit,long-beach-street-circuit,2017-04-08,201704081305_Race,67,26,1,Ryan Briscoe,1:19.951,26.397,30.010,23.544,88.6,42:59.501,79951,0,0,12
2017,06_Long Beach Street Circuit,Long Beach Street Circuit,long-beach-street-circuit,2017-04-08,201704081305_Race,67,27,1,Ryan Briscoe,1:20.889,26.314,29.961,24.614,87.6,44:20.390,80889,0,0,12
2017,06_Long Beach Street Circuit,Long Beach Street Circuit,long-beach-street-circuit,2017-04-08,201704081305_Race,67,28,1,Ryan Briscoe,1:21.189,26.455,30.529,24.205,87.2,45:41.579,81189,0,0,12
2017,06_Long Beach Street Circuit,Long Beach Street Circuit,long-beach-street-circuit,2017-04-08,201704081305_Race,67,29,1,Ryan Briscoe,1:20.318,26.542,30.387,23.389,88.2,47:01.897,80318,0,0,12
2017,06_Long Beach Street Circuit,Long Beach Street Circuit,long-beach-street-circuit,2017-04-08,201704081305_Race,67,30,1,Ryan Briscoe,1:21.122,26.153,31.536,23.433,87.3,48:23.019,81122,0,0,12
2017,06_Long Beach Street Circuit,Long Beach Street Circuit,long-beach-street-circuit,2017-04-08,201704081305_Race,67,31,1,Ryan Briscoe,1:39.533,25.952,35.844,37.737,71.2,50:02.552,99533,0,0,12
2017,06_Long Beach Street Circuit,Long Beach Street Circuit,long-beach-street-circuit,2017-04-08,201704081305_Race,67,32,1,Ryan Briscoe,1:45.768,38.683,39.734,27.351,66.9,51:48.320,105768,0,0,12
2017,06_Long Beach Street Circuit,Long Beach Street Circuit,long-beach-street-circuit,2017-04-08,201704081305_Race,67,33,1,Ryan Briscoe,2:02.806,32.891,44.446,45.469,57.6,53:51.126,122806,0,0,12
2017,06_Long Beach Street Circuit,Long Beach Street Circuit,long-beach-street-circuit,2017-04-08,201704081305_Race,67,34,1,Ryan Briscoe,2:25.062,48.479,54.468,42.115,48.8,56:16.188,145062,0,0,12
2017,06_Long Beach Street Circuit,Long Beach Street Circuit,long-beach-street-circuit,2017-04-08,201704081305_Race,67,35,1,Ryan Briscoe,2:09.408,49.278,45.526,34.604,54.7,58:25.596,129408,0,0,12
2017,06_Long Beach Street Circuit,Long Beach Street Circuit,long-beach-street-circuit,2017-04-08,201704081305_Race,67,36,1,Ryan Briscoe,2:12.473,47.486,47.176,37.811,53.5,1:00:38.069,132473,0,0,12
2017,06_Long Beach Street Circuit,Long Beach Street Circuit,long-beach-street-circuit,2017-04-08,201704081305_Race,67,37,1,Ryan Briscoe,2:02.302,47.253,45.680,29.369,57.9,1:02:40.371,122302,0,0,12
2017,06_Long Beach Street Circuit,Long Beach Street Circuit,long-beach-street-circuit,2017-04-08,201704081305_Race,67,38,1,Ryan Briscoe,1:21.717,26.666,31.151,23.900,86.6,1:04:02.088,81717,0,0,12
2017,06_Long Beach Street Circuit,Long Beach Street Circuit,long-beach-street-circuit,2017-04-08,201704081305_Race,67,39,1,Ryan Briscoe,1:19.723,26.322,29.919,23.482,88.8,1:05:21.811,79723,0,0,12
2017,06_Long Beach Street Circuit,Long Beach Street Circuit,long-beach-street-circuit,2017-04-08,201704081305_Race,67,40,1,Ryan Briscoe,1:19.005,26.087,29.610,23.308,89.6,1:06:40.816,79005,0,0,12
2017,06_Long Beach Street Circuit,Long Beach Street Circuit,long-beach-street-circuit,2017-04-08,201704081305_Race,67,41,1,Ryan Briscoe,1:18.775,25.956,29.703,23.116,89.9,1:07:59.591,78775,0,0,12
2017,06_Long Beach Street Circuit,Long Beach Street Circuit,long-beach-street-circuit,2017-04-08,201704081305_Race,67,42,1,Ryan Briscoe,1:19.787,25.905,29.683,24.199,88.7,1:09:19.378,79787,0,0,12
2017,06_Long Beach Street Circuit,Long Beach Street Circuit,long-beach-street-circuit,2017-04-08,201704081305_Race,67,43,1,Ryan Briscoe,2:04.596,36.272,51.705,36.619,56.8,1:11:23.974,124596,0,0,12
2017,06_Long Beach Street Circuit,Long Beach Street Circuit,long-beach-street-circuit,2017-04-08,201704081305_Race,67,44,1,Ryan Briscoe,2:19.256,48.102,52.643,38.511,50.8,1:13:43.230,139256,0,0,12
2017,06_Long Beach Street Circuit,Long Beach Street Circuit,long-beach-street-circuit,2017-04-08,201704081305_Race,67,45,1,Ryan Briscoe,2:12.977,45.602,49.581,37.794,53.2,1:15:56.207,132977,0,0,12
2017,06_Long Beach Street Circuit,Long Beach Street Circuit,long-beach-street-circuit,2017-04-08,201704081305_Race,67,46,1,Ryan Briscoe,2:19.632,45.603,50.793,43.236,50.7,1:18:15.839,139632,0,0,12
2017,06_Long Beach Street Circuit,Long Beach Street Circuit,long-beach-street-circuit,2017-04-08,201704081305_Race,67,47,1,Ryan Briscoe,2:07.914,50.021,47.641,30.252,55.3,1:20:23.753,127914,0,0,12
2017,06_Long Beach Street Circuit,Long Beach Street Circuit,long-beach-street-circuit,2017-04-08,201704081305_Race,67,48,1,Ryan Briscoe,1:21.085,26.599,30.408,24.078,87.3,1:21:44.838,81085,0,0,12
2017,06_Long Beach Street Circuit,Long Beach Street Circuit,long-beach-street-circuit,2017-04-08,201704081305_Race,67,49,1,Ryan Briscoe,1:18.933,25.960,29.835,23.138,89.7,1:23:03.771,78933,0,0,13
2017,06_Long Beach Street Circuit,Long Beach Street Circuit,long-beach-street-circuit,2017-04-08,201704081305_Race,67,50,1,Ryan Briscoe,1:20.283,26.414,29.908,23.961,88.2,1:24:24.054,80283,0,0,13
2017,06_Long Beach Street Circuit,Long Beach Street Circuit,long-beach-street-circuit,2017-04-08,201704081305_Race,67,51,1,Ryan Briscoe,1:18.690,25.857,29.663,23.170,90.0,1:25:42.744,78690,0,0,13
2017,06_Long Beach Street Circuit,Long Beach Street Circuit,long-beach-street-circuit,2017-04-08,201704081305_Race,67,52,1,Ryan Briscoe,1:19.320,25.812,29.946,23.562,89.2,1:27:02.064,79320,0,0,13
2017,06_Long Beach Street Circuit,Long Beach Street Circuit,long-beach-street-circuit,2017-04-08,201704081305_Race,67,53,1,Ryan Briscoe,1:21.309,26.070,31.326,23.913,87.1,1:28:23.373,81309,0,0,13
2017,06_Long Beach Street Circuit,Long Beach Street Circuit,long-beach-street-circuit,2017-04-08,201704081305_Race,67,54,1,Ryan Briscoe,1:18.891,25.903,29.853,23.135,89.7,1:29:42.264,78891,0,0,13
2017,06_Long Beach Street Circuit,Long Beach Street Circuit,long-beach-street-circuit,2017-04-08,201704081305_Race,67,55,1,Ryan Briscoe,1:18.662,25.760,29.738,23.164,90.0,1:31:00.926,78662,0,0,13
2017,06_Long Beach Street Circuit,Long Beach Street Circuit,long-beach-street-circuit,2017-04-08,201704081305_Race,67,56,1,Ryan Briscoe,1:19.163,25.919,29.896,23.348,89.4,1:32:20.089,79163,0,0,13
2017,06_Long Beach Street Circuit,Long Beach Street Circuit,long-beach-street-circuit,2017-04-08,201704081305_Race,67,57,1,Ryan Briscoe,1:18.739,25.862,29.721,23.156,89.9,1:33:38.828,78739,0,0,13
2017,06_Long Beach Street Circuit,Long Beach Street Circuit,long-beach-street-circuit,2017-04-08,201704081305_Race,67,58,1,Ryan Briscoe,1:18.677,25.866,29.637,23.174,90.0,1:34:57.505,78677,0,0,13
2017,06_Long Beach Street Circuit,Long Beach Street Circuit,long-beach-street-circuit,2017-04-08,201704081305_Race,67,59,1,Ryan Briscoe,1:19.636,26.349,29.993,23.294,88.9,1:36:17.141,79636,0,0,13
2017,06_Long Beach Street Circuit,Long Beach Street Circuit,long-beach-street-circuit,2017-04-08,201704081305_Race,67,60,1,Ryan Briscoe,1:18.810,25.762,29.875,23.173,89.9,1:37:35.951,78810,0,0,13
2017,06_Long Beach Street Circuit,Long Beach Street Circuit,long-beach-street-circuit,2017-04-08,201704081305_Race,67,61,1,Ryan Briscoe,1:18.980,25.991,29.802,23.187,89.7,1:38:54.931,78980,0,0,13
2017,06_Long Beach Street Circuit,Long Beach Street Circuit,long-beach-street-circuit,2017-04-08,201704081305_Race,67,62,1,Ryan Briscoe,1:19.693,25.911,29.945,23.837,88.9,1:40:14.624,79693,0,0,13
2017,06_Long Beach Street Circuit,Long Beach Street Circuit,long-beach-street-circuit,2017-04-08,201704081305_Race,67,63,1,Ryan Briscoe,1:34.086,25.974,29.875,38.237,75.3,1:41:48.710,94086,0,0,13
2017,06_Long Beach Street Circuit,Long Beach Street Circuit,long-beach-street-circuit,2017-04-08,201704081305_Race,70,1,1,Tom Long,1:22.349,28.945,29.903,23.501,86.0,1:22.349,,,0,13
2017,06_Long Beach Street Circuit,Long Beach Street Circuit,long-beach-street-circuit,2017-04-08,201704081305_Race,70,2,1,Tom Long,1:53.292,29.634,51.976,31.682,62.5,3:15.641,113292,0,0,13
2017,06_Long Beach Street Circuit,Long Beach Street Circuit,long-beach-street-circuit,2017-04-08,201704081305_Race,70,3,1,Tom Long,2:16.183,44.475,52.144,39.564,52.0,5:31.824,136183,0,0,13
2017,06_Long Beach Street Circuit,Long Beach Street Circuit,long-beach-street-circuit,2017-04-08,201704081305_Race,70,4,1,Tom Long,2:08.758,46.002,48.629,34.127,55.0,7:40.582,128758,0,0,13
2017,06_Long Beach Street Circuit,Long Beach Street Circuit,long-beach-street-circuit,2017-04-08,201704081305_Race,70,5,1,Tom Long,2:05.520,45.122,45.697,34.701,56.4,9:46.102,125520,0,0,13
2017,06_Long Beach Street Circuit,Long Beach Street Circuit,long-beach-street-circuit,2017-04-08,201704081305_Race,70,6,1,Tom Long,2:13.337,45.624,55.884,31.829,53.1,11:59.439,133337,0,0,13
2017,06_Long Beach Street Circuit,Long Beach Street Circuit,long-beach-street-circuit,2017-04-08,201704081305_Race,70,7,1,Tom Long,1:18.404,26.091,29.024,23.289,90.3,13:17.843,78404,0,0,13
2017,06_Long Beach Street Circuit,Long Beach Street Circuit,long-beach-street-circuit,2017-04-08,201704081305_Race,70,8,1,Tom Long,1:16.669,25.252,28.772,22.645,92.3,14:34.512,76669,0,0,13
2017,06_Long Beach Street Circuit,Long Beach Street Circuit,long-beach-street-circuit,2017-04-08,201704081305_Race,70,9,1,Tom Long,1:15.868,25.075,28.476,22.317,93.3,15:50.380,75868,0,0,13
2017,06_Long Beach Street Circuit,Long Beach Street Circuit,long-beach-street-circuit,2017-04-08,201704081305_Race,70,10,1,Tom Long,1:15.907,24.994,28.552,22.361,93.3,17:06.287,75907,0,0,13
2017,06_Long Beach Street Circuit,Long Beach Street Circuit,long-beach-street-circuit,2017-04-08,201704081305_Race,70,11,1,Tom Long,1:39.293,30.418,39.246,29.629,71.3,18:45.580,99293,0,0,13
2017,06_Long Beach Street Circuit,Long Beach Street Circuit,long-beach-street-circuit,2017-04-08,201704081305_Race,70,12,1,Tom Long,2:04.904,40.781,47.097,37.026,56.7,20:50.484,124904,0,0,13
2017,06_Long Beach Street Circuit,Long Beach Street Circuit,long-beach-street-circuit,2017-04-08,201704081305_Race,70,13,1,Tom Long,2:06.143,45.927,45.040,35.176,56.1,22:56.627,126143,0,0,13
2017,06_Long Beach Street Circuit,Long Beach Street Circuit,long-beach-street-circuit,2017-04-08,201704081305_Race,70,14,1,Tom Long,2:01.917,43.305,46.197,32.415,58.0,24:58.544,121917,0,0,13
2017,06_Long Beach Street Circuit,Long Beach Street Circuit,long-beach-street-circuit,2017-04-08,201704081305_Race,70,15,1,Tom Long,1:18.508,26.357,29.366,22.785,90.2,26:17.052,78508,0,0,13
2017,06_Long Beach Street Circuit,Long Beach Street Circuit,long-beach-street-circuit,2017-04-08,201704081305_Race,70,16,1,Tom Long,1:16.345,25.074,28.755,22.516,92.7,27:33.397,76345,0,0,13
2017,06_Long Beach Street Circuit,Long Beach Street Circuit,long-beach-street-circuit,2017-04-08,201704081305_Race,70,17,1,Tom Long,1:17.202,25.069,28.519,23.614,91.7,28:50.599,77202,0,0,13
2017,06_Long Beach Street Circuit,Long Beach Street Circuit,long-beach-street-circuit,2017-04-08,201704081305_Race,70,18,1,Tom Long,1:17.942,25.419,29.941,22.582,90.9,30:08.541,77942,0,0,13
2017,06_Long Beach Street Circuit,Long Beach Street Circuit,long-beach-street-circuit,2017-04-08,201704081305_Race,70,19,1,Tom Long,1:15.971,25.070,28.532,22.369,93.2,31:24.512,75971,0,0,13
2017,06_Long Beach Street Circuit,Long Beach Street Circuit,long-beach-street-circuit,2017-04-08,201704081305_Race,70,20,1,Tom Long,1:16.278,25.247,28.788,22.243,92.8,32:40.790,76278,0,0,13
2017,06_Long Beach Street Circuit,Long Beach Street Circuit,long-beach-street-circuit,2017-04-08,201704081305_Race,70,21,1,Tom Long,1:15.781,24.807,28.583,22.391,93.5,33:56.571,75781,0,0,13
2017,06_Long Beach Street Circuit,Long Beach Street Circuit,long-beach-street-circuit,2017-04-08,201704081305_Race,70,22,1,Tom Long,1:41.697,28.083,39.664,33.950,69.6,35:38.268,101697,0,0,13
2017,06_Long Beach Street Circuit,Long Beach Street Circuit,long-beach-street-circuit,2017-04-08,201704081305_Race,70,23,1,Tom Long,2:15.189,43.228,48.220,43.741,52.3,37:53.457,135189,0,0,13
2017,06_Long Beach Street Circuit,Long Beach Street Circuit,long-beach-street-circuit,2017-04-08,201704081305_Race,70,24,1,Tom Long,2:08.890,44.754,50.230,33.906,54.9,40:02.347,128890,0,0,13
2017,06_Long Beach Street Circuit,Long Beach Street Circuit,long-beach-street-circuit,2017-04-08,201704081305_Race,70,25,1,Tom Long,1:17.513,25.766,29.035,22.712,91.4,41:19.860,77513,0,0,13
2017,06_Long Beach Street Circuit,Long Beach Street Circuit,long-beach-street-circuit,2017-04-08,201704081305_Race,70,26,1,Tom Long,1:16.492,25.168,28.786,22.538,92.6,42:36.352,76492,0,0,13
2017,06_Long Beach Street Circuit,Long Beach Street Circuit,long-beach-street-circuit,2017-04-08,201704081305_Race,70,27,1,Tom Long,1:18.178,25.380,29.766,23.032,90.5,43:54.530,78178,0,0,13
2017,06_Long Beach Street Circuit,Long Beach Street Circuit,long-beach-street-circuit,2017-04-08,201704081305_Race,70,28,1,Tom Long,1:15.718,25.015,28.425,22.278,93.5,45:10.248,75718,0,0,13
2017,06_Long Beach Street Circuit,Long Beach Street Circuit,long-beach-street-circuit,2017-04-08,201704081305_Race,70,29,1,Tom Long,1:18.817,25.193,29.954,23.670,89.9,46:29.065,78817,0,0,13
2017,06_Long Beach Street Circuit,Long Beach Street Circuit,long-beach-street-circuit,2017-04-08,201704081305_Race,70,30,1,Tom Long,1:16.296,24.995,28.876,22.425,92.8,47:45.361,76296,0,0,13
2017,06_Long Beach Street Circuit,Long Beach Street Circuit,long-beach-street-circuit,2017-04-08,201704081305_Race,70,31,1,Tom Long,1:35.241,24.752,28.485,42.004,74.3,49:20.602,95241,0,0,13
2017,06_Long Beach Street Circuit,Long Beach Street Circuit,long-beach-street-circuit,2017-04-08,201704081305_Race,70,32,1,Tom Long,1:50.071,28.120,39.060,42.891,64.3,51:10.673,110071,0,0,13
2017,06_Long Beach Street Circuit,Long Beach Street Circuit,long-beach-street-circuit,2017-04-08,201704081305_Race,70,33,1,Tom Long,2:28.071,48.484,55.058,44.529,47.8,53:38.744,148071,0,0,13
2017,06_Long Beach Street Circuit,Long Beach Street Circuit,long-beach-street-circuit,2017-04-08,201704081305_Race,70,34,1,Tom Long,2:36.790,52.972,54.764,49.054,45.1,56:15.534,156790,0,1,13
2017,06_Long Beach Street Circuit,Long Beach Street Circuit,long-beach-street-circuit,2017-04-08,201704081305_Race,70,35,2,Joel Miller,4:59.404,3:36.695,41.564,41.145,23.6,1:01:14.938,299404,0,0,13
2017,06_Long Beach Street Circuit,Long Beach Street Circuit,long-beach-street-circuit,2017-04-08,201704081305_Race,70,36,2,Joel Miller,1:43.170,42.146,36.948,24.076,68.6,1:02:58.108,103170,0,0,13
2017,06_Long Beach Street Circuit,Long Beach Street Circuit,long-beach-street-circuit,2017-04-08,201704081305_Race,70,37,2,Joel Miller,1:19.977,25.803,29.129,25.045,88.6,1:04:18.085,79977,0,0,13
2017,06_Long Beach Street Circuit,Long Beach Street Circuit,long-beach-street-circuit,2017-04-08,201704081305_Race,70,38,2,Joel Miller,1:19.504,25.645,30.057,23.802,89.1,1:05:37.589,79504,0,0,13
2017,06_Long Beach Street Circuit,Long Beach Street Circuit,long-beach-street-circuit,2017-04-08,201704081305_Race,70,39,2,Joel Miller,1:18.339,25.578,29.510,23.251,90.4,1:06:55.928,78339,0,0,13
2017,06_Long Beach Street Circuit,Long Beach Street Circuit,long-beach-street-circuit,2017-04-08,201704081305_Race,70,40,2,Joel Miller,1:19.018,25.503,29.358,24.157,89.6,1:08:14.946,79018,0,0,13
2017,06_Long Beach Street Circuit,Long Beach Street Circuit,long-beach-street-circuit,2017-04-08,201704081305_Race,70,41,2,Joel Miller,1:22.260,25.605,29.291,27.364,86.1,1:09:37.206,82260,0,0,13
2017,06_Long Beach Street Circuit,Long Beach Street Circuit,long-beach-street-circuit,2017-04-08,201704081305_Race,70,42,2,Joel Miller,1:59.827,32.387,51.844,35.596,59.1,1:11:37.033,119827,0,0,13
2017,06_Long Beach Street Circuit,Long Beach Street Circuit,long-beach-street-circuit,2017-04-08,201704081305_Race,70,43,2,Joel Miller,2:19.574,46.799,55.742,37.033,50.7,1:13:56.607,139574,0,0,13
2017,06_Long Beach Street Circuit,Long Beach Street Circuit,long-beach-street-circuit,2017-04-08,201704081305_Race,70,44,2,Joel Miller,2:13.068,47.001,50.829,35.238,53.2,1:16:09.675,133068,0,0,13
2017,06_Long Beach Street Circuit,Long Beach Street Circuit,long-beach-street-circuit,2017-04-08,201704081305_Race,70,45,2,Joel Miller,2:20.156,48.949,45.716,45.491,50.5,1:18:29.831,140156,0,0,13
2017,06_Long Beach Street Circuit,Long Beach Street Circuit,long-beach-street-circuit,2017-04-08,201704081305_Race,70,46,2,Joel Miller,1:59.957,45.843,45.870,28.244,59.0,1:20:29.788,119957,0,0,13
2017,06_Long Beach Street Circuit,Long Beach Street Circuit,long-beach-street-circuit,2017-04-08,201704081305_Race,70,47,2,Joel Miller,1:17.837,25.567,29.131,23.139,91.0,1:21:47.625,77837,0,0,13
2017,06_Long Beach Street Circuit,Long Beach Street Circuit,long-beach-street-circuit,2017-04-08,201704081305_Race,70,48,2,Joel Miller,1:17.455,25.488,28.993,22.974,91.4,1:23:05.080,77455,0,0,13
2017,06_Long Beach Street Circuit,Long Beach Street Circuit,long-beach-street-circuit,2017-04-08,201704081305_Race,70,49,2,Joel Miller,1:18.046,25.538,29.242,23.266,90.7,1:24:23.126,78046,0,0,13
2017,06_Long Beach Street Circuit,Long Beach Street Circuit,long-beach-street-circuit,2017-04-08,201704081305_Race,70,50,2,Joel Miller,1:17.141,25.201,29.216,22.724,91.8,1:25:40.267,77141,0,0,13
2017,06_Long Beach Street Circuit,Long Beach Street Circuit,long-beach-street-circuit,2017-04-08,201704081305_Race,70,51,2,Joel Miller,1:15.546,24.923,28.249,22.374,93.7,1:26:55.813,75546,0,0,13
2017,06_Long Beach Street Circuit,Long Beach Street Circuit,long-beach-street-circuit,2017-04-08,201704081305_Race,70,52,2,Joel Miller,1:15.569,24.777,28.436,22.356,93.7,1:28:11.382,75569,0,0,13
2017,06_Long Beach Street Circuit,Long Beach Street Circuit,long-beach-street-circuit,2017-04-08,201704081305_Race,70,53,2,Joel Miller,1:15.138,24.590,28.191,22.357,94.2,1:29:26.520,75138,0,0,13
2017,06_Long Beach Street Circuit,Long Beach Street Circuit,long-beach-street-circuit,2017-04-08,201704081305_Race,70,54,2,Joel Miller,1:16.458,25.686,28.360,22.412,92.6,1:30:42.978,76458,0,0,13
2017,06_Long Beach Street Circuit,Long Beach Street Circuit,long-beach-street-circuit,2017-04-08,201704081305_Race,70,55,2,Joel Miller,1:15.093,24.740,28.196,22.157,94.3,1:31:58.071,75093,0,0,13
2017,06_Long Beach Street Circuit,Long Beach Street Circuit,long-beach-street-circuit,2017-04-08,201704081305_Race,70,56,2,Joel Miller,1:15.159,24.575,28.130,22.454,94.2,1:33:13.230,75159,0,0,13
2017,06_Long Beach Street Circuit,Long Beach Street Circuit,long-beach-street-circuit,2017-04-08,201704081305_Race,70,57,2,Joel Miller,1:15.538,24.804,28.306,22.428,93.7,1:34:28.768,75538,0,0,13
2017,06_Long Beach Street Circuit,Long Beach Street Circuit,long-beach-street-circuit,2017-04-08,201704081305_Race,70,58,2,Joel Miller,1:15.315,24.631,28.329,22.355,94.0,1:35:44.083,75315,0,0,13
2017,06_Long Beach Street Circuit,Long Beach Street Circuit,long-beach-street-circuit,2017-04-08,201704081305_Race,70,59,2,Joel Miller,1:16.866,24.953,28.516,23.397,92.1,1:37:00.949,76866,0,0,13
2017,06_Long Beach Street Circuit,Long Beach Street Circuit,long-beach-street-circuit,2017-04-08,201704081305_Race,70,60,2,Joel Miller,1:19.199,26.378,29.869,22.952,89.4,1:38:20.148,79199,0,0,13
2017,06_Long Beach Street Circuit,Long Beach Street Circuit,long-beach-street-circuit,2017-04-08,201704081305_Race,70,61,2,Joel Miller,1:50.474,25.414,30.269,54.791,64.1,1:40:10.622,110474,0,0,13
2017,06_Long Beach Street Circuit,Long Beach Street Circuit,long-beach-street-circuit,2017-04-08,201704081305_Race,70,62,2,Joel Miller,1:42.338,27.172,32.473,42.693,69.2,1:41:52.960,102338,0,0,13
2017,06_Long Beach Street Circuit,Long Beach Street Circuit,long-beach-street-circuit,2017-04-08,201704081305_Race,73,1,1,Patrick Lindsey,2:08.434,1:09.091,32.803,26.540,55.1,2:08.434,,,0,13
2017,06_Long Beach Street Circuit,Long Beach Street Circuit,long-beach-street-circuit,2017-04-08,201704081305_Race,73,2,1,Patrick Lindsey,1:42.464,29.081,42.445,30.938,69.1,3:50.898,102464,0,0,13
2017,06_Long Beach Street Circuit,Long Beach Street Circuit,long-beach-street-circuit,2017-04-08,201704081305_Race,73,3,1,Patrick Lindsey,2:17.742,45.054,56.679,36.009,51.4,6:08.640,137742,0,0,13
2017,06_Long Beach Street Circuit,Long Beach Street Circuit,long-beach-street-circuit,2017-04-08,201704081305_Race,73,4,1,Patrick Lindsey,2:12.530,48.056,49.034,35.440,53.4,8:21.170,132530,0,0,13
2017,06_Long Beach Street Circuit,Long Beach Street Circuit,long-beach-street-circuit,2017-04-08,201704081305_Race,73,5,1,Patrick Lindsey,2:05.155,41.463,41.218,42.474,56.6,10:26.325,125155,0,0,13
2017,06_Long Beach Street Circuit,Long Beach Street Circuit,long-beach-street-circuit,2017-04-08,201704081305_Race,73,6,1,Patrick Lindsey,1:50.198,40.659,41.062,28.477,64.3,12:16.523,110198,0,0,13
2017,06_Long Beach Street Circuit,Long Beach Street Circuit,long-beach-street-circuit,2017-04-08,201704081305_Race,73,7,1,Patrick Lindsey,1:24.148,27.414,32.396,24.338,84.1,13:40.671,84148,0,0,13
2017,06_Long Beach Street Circuit,Long Beach Street Circuit,long-beach-street-circuit,2017-04-08,201704081305_Race,73,8,1,Patrick Lindsey,1:21.631,26.728,30.963,23.940,86.8,15:02.302,81631,0,0,13
2017,06_Long Beach Street Circuit,Long Beach Street Circuit,long-beach-street-circuit,2017-04-08,201704081305_Race,73,9,1,Patrick Lindsey,1:21.851,26.699,30.663,24.489,86.5,16:24.153,81851,0,0,13
2017,06_Long Beach Street Circuit,Long Beach Street Circuit,long-beach-street-circuit,2017-04-08,201704081305_Race,73,10,1,Patrick Lindsey,1:28.296,26.830,31.678,29.788,80.2,17:52.449,88296,0,0,13
2017,06_Long Beach Street Circuit,Long Beach Street Circuit,long-beach-street-circuit,2017-04-08,201704081305_Race,73,11,1,Patrick Lindsey,1:40.036,35.581,37.667,26.788,70.8,19:32.485,100036,0,0,13
2017,06_Long Beach Street Circuit,Long Beach Street Circuit,long-beach-street-circuit,2017-04-08,201704081305_Race,73,12,1,Patrick Lindsey,1:43.932,29.451,41.079,33.402,68.1,21:16.417,103932,0,0,13
2017,06_Long Beach Street Circuit,Long Beach Street Circuit,long-beach-street-circuit,2017-04-08,201704081305_Race,73,13,1,Patrick Lindsey,2:00.441,47.305,38.811,34.325,58.8,23:16.858,120441,0,0,13
2017,06_Long Beach Street Circuit,Long Beach Street Circuit,long-beach-street-circuit,2017-04-08,201704081305_Race,73,14,1,Patrick Lindsey,1:51.333,39.129,42.915,29.289,63.6,25:08.191,111333,0,0,13
2017,06_Long Beach Street Circuit,Long Beach Street Circuit,long-beach-street-circuit,2017-04-08,201704081305_Race,73,15,1,Patrick Lindsey,1:24.169,27.659,31.350,25.160,84.1,26:32.360,84169,0,0,13
2017,06_Long Beach Street Circuit,Long Beach Street Circuit,long-beach-street-circuit,2017-04-08,201704081305_Race,73,16,1,Patrick Lindsey,1:22.357,27.239,30.984,24.134,85.9,27:54.717,82357,0,0,13
2017,06_Long Beach Street Circuit,Long Beach Street Circuit,long-beach-street-circuit,2017-04-08,201704081305_Race,73,17,1,Patrick Lindsey,1:21.223,26.610,30.547,24.066,87.2,29:15.940,81223,0,0,13
2017,06_Long Beach Street Circuit,Long Beach Street Circuit,long-beach-street-circuit,2017-04-08,201704081305_Race,73,18,1,Patrick Lindsey,1:21.600,26.802,30.767,24.031,86.8,30:37.540,81600,0,0,13
2017,06_Long Beach Street Circuit,Long Beach Street Circuit,long-beach-street-circuit,2017-04-08,201704081305_Race,73,19,1,Patrick Lindsey,1:21.016,26.561,30.568,23.887,87.4,31:58.556,81016,0,0,13
2017,06_Long Beach Street Circuit,Long Beach Street Circuit,long-beach-street-circuit,2017-04-08,201704081305_Race,73,20,1,Patrick Lindsey,1:20.751,26.424,30.616,23.711,87.7,33:19.307,80751,0,0,13
2017,06_Long Beach Street Circuit,Long Beach Street Circuit,long-beach-street-circuit,2017-04-08,201704081305_Race,73,21,1,Patrick Lindsey,1:25.362,26.636,32.180,26.546,83.0,34:44.669,85362,0,0,13
2017,06_Long Beach Street Circuit,Long Beach Street Circuit,long-beach-street-circuit,2017-04-08,201704081305_Race,73,22,1,Patrick Lindsey,1:29.838,29.546,34.094,26.198,78.8,36:14.507,89838,0,0,13
2017,06_Long Beach Street Circuit,Long Beach Street Circuit,long-beach-street-circuit,2017-04-08,201704081305_Race,73,23,1,Patrick Lindsey,2:00.103,29.799,44.615,45.689,58.9,38:14.610,120103,0,0,13
2017,06_Long Beach Street Circuit,Long Beach Street Circuit,long-beach-street-circuit,2017-04-08,201704081305_Race,73,24,1,Patrick Lindsey,1:57.848,44.258,46.198,27.392,60.1,40:12.458,117848,0,0,13
2017,06_Long Beach Street Circuit,Long Beach Street Circuit,long-beach-street-circuit,2017-04-08,201704081305_Race,73,25,1,Patrick Lindsey,1:35.200,27.026,31.924,36.250,74.4,41:47.658,95200,0,1,13
2017,06_Long Beach Street Circuit,Long Beach Street Circuit,long-beach-street-circuit,2017-04-08,201704081305_Race,73,26,2,Joerg Bergmeister,2:22.613,1:25.498,32.498,24.617,49.6,44:10.271,142613,0,0,13
2017,06_Long Beach Street Circuit,Long Beach Street Circuit,long-beach-street-circuit,2017-04-08,201704081305_Race,73,27,2,Joerg Bergmeister,1:22.812,27.656,31.033,24.123,85.5,45:33.083,82812,0,0,13
2017,06_Long Beach Street Circuit,Long Beach Street Circuit,long-beach-street-circuit,2017-04-08,201704081305_Race,73,28,2,Joerg Bergmeister,1:21.808,26.887,30.931,23.990,86.6,46:54.891,81808,0,0,13
2017,06_Long Beach Street Circuit,Long Beach Street Circuit,long-beach-street-circuit,2017-04-08,201704081305_Race,73,29,2,Joerg Bergmeister,1:21.313,26.710,30.702,23.901,87.1,48:16.204,81313,0,0,13
2017,06_Long Beach Street Circuit,Long Beach Street Circuit,long-beach-street-circuit,2017-04-08,201704081305_Race,73,30,2,Joerg Bergmeister,1:28.914,26.691,32.458,29.765,79.6,49:45.118,88914,0,0,13
2017,06_Long Beach Street Circuit,Long Beach Street Circuit,long-beach-street-circuit,2017-04-08,201704081305_Race,73,31,2,Joerg Bergmeister,1:35.266,28.586,32.414,34.266,74.3,51:20.384,95266,0,0,13
2017,06_Long Beach Street Circuit,Long Beach Street Circuit,long-beach-street-circuit,2017-04-08,201704081305_Race,73,32,2,Joerg Bergmeister,2:01.378,48.149,46.623,26.606,58.3,53:21.762,121378,0,0,13
2017,06_Long Beach Street Circuit,Long Beach Street Circuit,long-beach-street-circuit,2017-04-08,201704081305_Race,73,33,2,Joerg Bergmeister,1:24.724,28.011,31.833,24.880,83.6,54:46.486,84724,0,0,13
2017,06_Long Beach Street Circuit,Long Beach Street Circuit,long-beach-street-circuit,2017-04-08,201704081305_Race,73,34,2,Joerg Bergmeister,1:40.806,26.972,34.622,39.212,70.2,56:27.292,100806,0,0,14
2017,06_Long Beach Street Circuit,Long Beach Street Circuit,long-beach-street-circuit,2017-04-08,201704081305_Race,73,35,2,Joerg Bergmeister,2:10.665,50.993,47.450,32.222,54.2,58:37.957,130665,0,0,14
2017,06_Long Beach Street Circuit,Long Beach Street Circuit,long-beach-street-circuit,2017-04-08,201704081305_Race,73,36,2,Joerg Bergmeister,2:11.530,45.091,50.011,36.428,53.8,1:00:49.487,131530,0,0,14
2017,06_Long Beach Street Circuit,Long Beach Street Circuit,long-beach-street-circuit,2017-04-08,201704081305_Race,73,37,2,Joerg Bergmeister,1:57.841,45.474,45.219,27.148,60.1,1:02:47.328,117841,0,0,14
2017,06_Long Beach Street Circuit,Long Beach Street Circuit,long-beach-street-circuit,2017-04-08,201704081305_Race,73,38,2,Joerg Bergmeister,1:21.941,26.820,30.882,24.239,86.4,1:04:09.269,81941,0,0,14
2017,06_Long Beach Street Circuit,Long Beach Street Circuit,long-beach-street-circuit,2017-04-08,201704081305_Race,73,39,2,Joerg Bergmeister,1:24.394,27.136,31.038,26.220,83.9,1:05:33.663,84394,0,0,14
2017,06_Long Beach Street Circuit,Long Beach Street Circuit,long-beach-street-circuit,2017-04-08,201704081305_Race,73,40,2,Joerg Bergmeister,1:22.381,26.836,30.807,24.738,85.9,1:06:56.044,82381,0,0,14
2017,06_Long Beach Street Circuit,Long Beach Street Circuit,long-beach-street-circuit,2017-04-08,201704081305_Race,73,41,2,Joerg Bergmeister,1:20.916,26.537,30.554,23.825,87.5,1:08:16.960,80916,0,0,14
2017,06_Long Beach Street Circuit,Long Beach Street Circuit,long-beach-street-circuit,2017-04-08,201704081305_Race,73,42,2,Joerg Bergmeister,1:25.823,26.551,30.950,28.322,82.5,1:09:42.783,85823,0,0,14
2017,06_Long Beach Street Circuit,Long Beach Street Circuit,long-beach-street-circuit,2017-04-08,201704081305_Race,73,43,2,Joerg Bergmeister,2:01.701,32.320,53.624,35.757,58.2,1:11:44.484,121701,0,0,14
2017,06_Long Beach Street Circuit,Long Beach Street Circuit,long-beach-street-circuit,2017-04-08,201704081305_Race,73,44,2,Joerg Bergmeister,2:20.541,45.443,57.144,37.954,50.3,1:14:05.025,140541,0,0,14
2017,06_Long Beach Street Circuit,Long Beach Street Circuit,long-beach-street-circuit,2017-04-08,201704081305_Race,73,45,2,Joerg Bergmeister,2:12.375,44.536,51.652,36.187,53.5,1:16:17.400,132375,0,0,14
2017,06_Long Beach Street Circuit,Long Beach Street Circuit,long-beach-street-circuit,2017-04-08,201704081305_Race,73,46,2,Joerg Bergmeister,2:19.504,46.505,48.799,44.200,50.7,1:18:36.904,139504,0,0,14
2017,06_Long Beach Street Circuit,Long Beach Street Circuit,long-beach-street-circuit,2017-04-08,201704081305_Race,73,47,2,Joerg Bergmeister,1:56.500,45.602,45.279,25.619,60.8,1:20:33.404,116500,0,0,14
2017,06_Long Beach Street Circuit,Long Beach Street Circuit,long-beach-street-circuit,2017-04-08,201704081305_Race,73,48,2,Joerg Bergmeister,1:22.693,27.545,30.850,24.298,85.6,1:21:56.097,82693,0,0,14
2017,06_Long Beach Street Circuit,Long Beach Street Circuit,long-beach-street-circuit,2017-04-08,201704081305_Race,73,49,2,Joerg Bergmeister,1:21.299,26.620,30.579,24.100,87.1,1:23:17.396,81299,0,0,14
2017,06_Long Beach Street Circuit,Long Beach Street Circuit,long-beach-street-circuit,2017-04-08,201704081305_Race,73,50,2,Joerg Bergmeister,1:20.824,26.525,30.536,23.763,87.6,1:24:38.220,80824,0,0,14
2017,06_Long Beach Street Circuit,Long Beach Street Circuit,long-beach-street-circuit,2017-04-08,201704081305_Race,73,51,2,Joerg Bergmeister,1:21.767,26.690,30.640,24.437,86.6,1:25:59.987,81767,0,0,14
2017,06_Long Beach Street Circuit,Long Beach Street Circuit,long-beach-street-circuit,2017-04-08,201704081305_Race,73,52,2,Joerg Bergmeister,1:20.507,26.268,30.459,23.780,87.9,1:27:20.494,80507,0,0,14
2017,06_Long Beach Street Circuit,Long Beach Street Circuit,long-beach-street-circuit,2017-04-08,201704081305_Race,73,53,2,Joerg Bergmeister,1:21.050,26.403,30.696,23.951,87.4,1:28:41.544,81050,0,0,14
2017,06_Long Beach Street Circuit,Long Beach Street Circuit,long-beach-street-circuit,2017-04-08,201704081305_Race,73,54,2,Joerg Bergmeister,1:21.800,26.570,30.732,24.498,86.6,1:30:03.344,81800,0,0,14
2017,06_Long Beach Street Circuit,Long Beach Street Circuit,long-beach-street-circuit,2017-04-08,201704081305_Race,73,55,2,Joerg Bergmeister,1:21.085,26.550,30.710,23.825,87.3,1:31:24.429,81085,0,0,14
2017,06_Long Beach Street Circuit,Long Beach Street Circuit,long-beach-street-circuit,2017-04-08,201704081305_Race,73,56,2,Joerg Bergmeister,1:22.649,27.895,30.839,23.915,85.7,1:32:47.078,82649,0,0,14
2017,06_Long Beach Street Circuit,Long Beach Street Circuit,long-beach-street-circuit,2017-04-08,201704081305_Race,73,57,2,Joerg Bergmeister,1:21.523,26.662,30.775,24.086,86.9,1:34:08.601,81523,0,0,14
2017,06_Long Beach Street Circuit,Long Beach Street Circuit,long-beach-street-circuit,2017-04-08,201704081305_Race,73,58,2,Joerg Bergmeister,1:21.394,26.612,30.562,24.220,87.0,1:35:29.995,81394,0,0,14
2017,06_Long Beach Street Circuit,Long Beach Street Circuit,long-beach-street-circuit,2017-04-08,201704081305_Race,73,59,2,Joerg Bergmeister,1:23.002,26.751,30.663,25.588,85.3,1:36:52.997,83002,0,0,14
2017,06_Long Beach Street Circuit,Long Beach Street Circuit,long-beach-street-circuit,2017-04-08,201704081305_Race,73,60,2,Joerg Bergmeister,1:22.030,27.075,30.811,24.144,86.3,1:38:15.027,82030,0,0,14
2017,06_Long Beach Street Circuit,Long Beach Street Circuit,long-beach-street-circuit,2017-04-08,201704081305_Race,73,61,2,Joerg Bergmeister,1:24.759,28.036,30.706,26.017,83.5,1:39:39.786,84759,0,0,14
2017,06_Long Beach Street Circuit,Long Beach Street Circuit,long-beach-street-circuit,2017-04-08,201704081305_Race,73,62,2,Joerg Bergmeister,1:22.905,27.767,30.834,24.304,85.4,1:41:02.691,82905,0,0,14
2017,06_Long Beach Street Circuit,Long Beach Street Circuit,long-beach-street-circuit,2017-04-08,201704081305_Race,75,1,1,Boris Said,1:47.379,47.852,32.805,26.722,65.9,1:47.379,,,0,14
2017,06_Long Beach Street Circuit,Long Beach Street Circuit,long-beach-street-circuit,2017-04-08,201704081305_Race,75,2,1,Boris Said,1:52.396,32.650,46.455,33.291,63.0,3:39.775,112396,0,0,14
2017,06_Long Beach Street Circuit,Long Beach Street Circuit,long-beach-street-circuit,2017-04-08,201704081305_Race,75,3,1,Boris Said,2:17.581,42.180,54.899,40.502,51.5,5:57.356,137581,0,0,14
2017,06_Long Beach Street Circuit,Long Beach Street Circuit,long-beach-street-circuit,2017-04-08,201704081305_Race,75,4,1,Boris Said,2:09.089,43.164,51.160,34.765,54.8,8:06.445,129089,0,0,14
2017,06_Long Beach Street Circuit,Long Beach Street Circuit,long-beach-street-circuit,2017-04-08,201704081305_Race,75,5,1,Boris Said,2:04.689,41.887,41.888,40.914,56.7,10:11.134,124689,0,0,14
2017,06_Long Beach Street Circuit,Long Beach Street Circuit,long-beach-street-circuit,2017-04-08,201704081305_Race,75,6,1,Boris Said,2:00.620,43.195,48.451,28.974,58.7,12:11.754,120620,0,0,14
2017,06_Long Beach Street Circuit,Long Beach Street Circuit,long-beach-street-circuit,2017-04-08,201704081305_Race,75,7,1,Boris Said,1:23.595,27.357,32.005,24.233,84.7,13:35.349,83595,0,0,14
2017,06_Long Beach Street Circuit,Long Beach Street Circuit,long-beach-street-circuit,2017-04-08,201704081305_Race,75,8,1,Boris Said,1:22.092,26.882,31.072,24.138,86.3,14:57.441,82092,0,0,14
2017,06_Long Beach Street Circuit,Long Beach Street Circuit,long-beach-street-circuit,2017-04-08,201704081305_Race,75,9,1,Boris Said,1:22.105,27.228,31.013,23.864,86.3,16:19.546,82105,0,0,14
2017,06_Long Beach Street Circuit,Long Beach Street Circuit,long-beach-street-circuit,2017-04-08,201704081305_Race,75,10,1,Boris Said,1:26.860,27.000,31.176,28.684,81.5,17:46.406,86860,0,0,14
2017,06_Long Beach Street Circuit,Long Beach Street Circuit,long-beach-street-circuit,2017-04-08,201704081305_Race,75,11,1,Boris Said,1:36.051,36.125,34.217,25.709,73.7,19:22.457,96051,0,0,14
2017,06_Long Beach Street Circuit,Long Beach Street Circuit,long-beach-street-circuit,2017-04-08,201704081305_Race,75,12,1,Boris Said,1:48.203,31.993,40.835,35.375,65.4,21:10.660,108203,0,0,14
2017,06_Long Beach Street Circuit,Long Beach Street Circuit,long-beach-street-circuit,2017-04-08,201704081305_Race,75,13,1,Boris Said,2:01.151,47.844,40.040,33.267,58.4,23:11.811,121151,0,0,14
2017,06_Long Beach Street Circuit,Long Beach Street Circuit,long-beach-street-circuit,2017-04-08,201704081305_Race,75,14,1,Boris Said,1:56.102,42.311,43.130,30.661,61.0,25:07.913,116102,0,0,14
2017,06_Long Beach Street Circuit,Long Beach Street Circuit,long-beach-street-circuit,2017-04-08,201704081305_Race,75,15,1,Boris Said,1:23.593,27.530,31.681,24.382,84.7,26:31.506,83593,0,0,14
2017,06_Long Beach Street Circuit,Long Beach Street Circuit,long-beach-street-circuit,2017-04-08,201704081305_Race,75,16,1,Boris Said,1:22.494,27.290,31.215,23.989,85.8,27:54.000,82494,0,0,14
2017,06_Long Beach Street Circuit,Long Beach Street Circuit,long-beach-street-circuit,2017-04-08,201704081305_Race,75,17,1,Boris Said,1:21.541,26.781,30.860,23.900,86.8,29:15.541,81541,0,0,14
2017,06_Long Beach Street Circuit,Long Beach Street Circuit,long-beach-street-circuit,2017-04-08,201704081305_Race,75,18,1,Boris Said,1:21.286,26.701,30.833,23.752,87.1,30:36.827,81286,0,0,14
2017,06_Long Beach Street Circuit,Long Beach Street Circuit,long-beach-street-circuit,2017-04-08,201704081305_Race,75,19,1,Boris Said,1:21.043,26.591,30.701,23.751,87.4,31:57.870,81043,0,0,14
2017,06_Long Beach Street Circuit,Long Beach Street Circuit,long-beach-street-circuit,2017-04-08,201704081305_Race,75,20,1,Boris Said,1:21.075,26.538,30.611,23.926,87.3,33:18.945,81075,0,0,14
2017,06_Long Beach Street Circuit,Long Beach Street Circuit,long-beach-street-circuit,2017-04-08,201704081305_Race,75,21,1,Boris Said,1:24.088,26.616,31.916,25.556,84.2,34:43.033,84088,0,0,14
2017,06_Long Beach Street Circuit,Long Beach Street Circuit,long-beach-street-circuit,2017-04-08,201704081305_Race,75,22,1,Boris Said,1:29.873,30.509,33.541,25.823,78.8,36:12.906,89873,0,0,14
2017,06_Long Beach Street Circuit,Long Beach Street Circuit,long-beach-street-circuit,2017-04-08,201704081305_Race,75,23,1,Boris Said,2:01.002,29.469,45.682,45.851,58.5,38:13.908,121002,0,0,14
2017,06_Long Beach Street Circuit,Long Beach Street Circuit,long-beach-street-circuit,2017-04-08,201704081305_Race,75,24,1,Boris Said,2:11.753,44.381,46.017,41.355,53.7,40:25.661,131753,0,1,14
2017,06_Long Beach Street Circuit,Long Beach Street Circuit,long-beach-street-circuit,2017-04-08,201704081305_Race,75,25,2,Tristan Vautier,2:44.425,1:48.103,32.096,24.226,43.0,43:10.086,164425,0,0,14
2017,06_Long Beach Street Circuit,Long Beach Street Circuit,long-beach-street-circuit,2017-04-08,201704081305_Race,75,26,2,Tristan Vautier,1:34.280,26.781,30.980,36.519,75.1,44:44.366,94280,0,1,14
2017,06_Long Beach Street Circuit,Long Beach Street Circuit,long-beach-street-circuit,2017-04-08,201704081305_Race,75,27,2,Tristan Vautier,2:49.031,1:54.096,31.112,23.823,41.9,47:33.397,169031,0,0,14
2017,06_Long Beach Street Circuit,Long Beach Street Circuit,long-beach-street-circuit,2017-04-08,201704081305_Race,75,28,2,Tristan Vautier,1:23.043,26.688,30.853,25.502,85.3,48:56.440,83043,0,0,14
2017,06_Long Beach Street Circuit,Long Beach Street Circuit,long-beach-street-circuit,2017-04-08,201704081305_Race,75,29,2,Tristan Vautier,1:30.725,27.759,31.538,31.428,78.1,50:27.165,90725,0,0,14
2017,06_Long Beach Street Circuit,Long Beach Street Circuit,long-beach-street-circuit,2017-04-08,201704081305_Race,75,30,2,Tristan Vautier,1:43.959,29.341,42.900,31.718,68.1,52:11.124,103959,0,0,14
2017,06_Long Beach Street Circuit,Long Beach Street Circuit,long-beach-street-circuit,2017-04-08,201704081305_Race,75,31,2,Tristan Vautier,1:45.556,33.146,39.273,33.137,67.1,53:56.680,105556,0,0,14
2017,06_Long Beach Street Circuit,Long Beach Street Circuit,long-beach-street-circuit,2017-04-08,201704081305_Race,75,32,2,Tristan Vautier,2:24.274,48.667,55.029,40.578,49.0,56:20.954,144274,0,0,14
2017,06_Long Beach Street Circuit,Long Beach Street Circuit,long-beach-street-circuit,2017-04-08,201704081305_Race,75,33,2,Tristan Vautier,2:10.516,48.863,48.257,33.396,54.3,58:31.470,130516,0,0,14
2017,06_Long Beach Street Circuit,Long Beach Street Circuit,long-beach-street-circuit,2017-04-08,201704081305_Race,75,34,2,Tristan Vautier,2:11.881,45.622,48.593,37.666,53.7,1:00:43.351,131881,0,0,14
2017,06_Long Beach Street Circuit,Long Beach Street Circuit,long-beach-street-circuit,2017-04-08,201704081305_Race,75,35,2,Tristan Vautier,2:00.409,46.102,45.967,28.340,58.8,1:02:43.760,120409,0,0,14
2017,06_Long Beach Street Circuit,Long Beach Street Circuit,long-beach-street-circuit,2017-04-08,201704081305_Race,75,36,2,Tristan Vautier,1:22.702,26.793,31.290,24.619,85.6,1:04:06.462,82702,0,0,14
2017,06_Long Beach Street Circuit,Long Beach Street Circuit,long-beach-street-circuit,2017-04-08,201704081305_Race,75,37,2,Tristan Vautier,1:22.281,26.685,31.074,24.522,86.1,1:05:28.743,82281,0,0,14
2017,06_Long Beach Street Circuit,Long Beach Street Circuit,long-beach-street-circuit,2017-04-08,201704081305_Race,75,38,2,Tristan Vautier,1:21.034,26.513,30.567,23.954,87.4,1:06:49.777,81034,0,0,14
2017,06_Long Beach Street Circuit,Long Beach Street Circuit,long-beach-street-circuit,2017-04-08,201704081305_Race,75,39,2,Tristan Vautier,1:22.094,26.588,31.091,24.415,86.3,1:08:11.871,82094,0,0,14
2017,06_Long Beach Street Circuit,Long Beach Street Circuit,long-beach-street-circuit,2017-04-08,201704081305_Race,75,40,2,Tristan Vautier,1:25.802,26.645,31.498,27.659,82.5,1:09:37.673,85802,0,0,14
2017,06_Long Beach Street Circuit,Long Beach Street Circuit,long-beach-street-circuit,2017-04-08,201704081305_Race,75,41,2,Tristan Vautier,1:59.945,32.360,52.568,35.017,59.0,1:11:37.618,119945,0,0,14
2017,06_Long Beach Street Circuit,Long Beach Street Circuit,long-beach-street-circuit,2017-04-08,201704081305_Race,75,42,2,Tristan Vautier,2:19.846,46.781,56.116,36.949,50.6,1:13:57.464,139846,0,0,14
2017,06_Long Beach Street Circuit,Long Beach Street Circuit,long-beach-street-circuit,2017-04-08,201704081305_Race,75,43,2,Tristan Vautier,2:13.309,47.226,50.968,35.115,53.1,1:16:10.773,133309,0,0,14
2017,06_Long Beach Street Circuit,Long Beach Street Circuit,long-beach-street-circuit,2017-04-08,201704081305_Race,75,44,2,Tristan Vautier,2:19.836,48.775,45.857,45.204,50.6,1:18:30.609,139836,0,0,14
2017,06_Long Beach Street Circuit,Long Beach Street Circuit,long-beach-street-circuit,2017-04-08,201704081305_Race,75,45,2,Tristan Vautier,2:00.376,46.457,45.102,28.817,58.8,1:20:30.985,120376,0,0,14
2017,06_Long Beach Street Circuit,Long Beach Street Circuit,long-beach-street-circuit,2017-04-08,201704081305_Race,75,46,2,Tristan Vautier,1:21.100,26.697,30.584,23.819,87.3,1:21:52.085,81100,0,0,14
2017,06_Long Beach Street Circuit,Long Beach Street Circuit,long-beach-street-circuit,2017-04-08,201704081305_Race,75,47,2,Tristan Vautier,1:21.170,26.613,30.549,24.008,87.3,1:23:13.255,81170,0,0,14
2017,06_Long Beach Street Circuit,Long Beach Street Circuit,long-beach-street-circuit,2017-04-08,201704081305_Race,75,48,2,Tristan Vautier,1:21.827,26.664,30.800,24.363,86.5,1:24:35.082,81827,0,0,14
2017,06_Long Beach Street Circuit,Long Beach Street Circuit,long-beach-street-circuit,2017-04-08,201704081305_Race,75,49,2,Tristan Vautier,1:20.571,26.512,30.479,23.580,87.9,1:25:55.653,80571,0,0,14
2017,06_Long Beach Street Circuit,Long Beach Street Circuit,long-beach-street-circuit,2017-04-08,201704081305_Race,75,50,2,Tristan Vautier,1:20.206,26.380,30.304,23.522,88.3,1:27:15.859,80206,0,0,14
2017,06_Long Beach Street Circuit,Long Beach Street Circuit,long-beach-street-circuit,2017-04-08,201704081305_Race,75,51,2,Tristan Vautier,1:21.378,27.082,30.679,23.617,87.0,1:28:37.237,81378,0,0,14
2017,06_Long Beach Street Circuit,Long Beach Street Circuit,long-beach-street-circuit,2017-04-08,201704081305_Race,75,52,2,Tristan Vautier,1:20.823,26.444,30.582,23.797,87.6,1:29:58.060,80823,0,0,14
2017,06_Long Beach Street Circuit,Long Beach Street Circuit,long-beach-street-circuit,2017-04-08,201704081305_Race,75,53,2,Tristan Vautier,1:20.404,26.415,30.394,23.595,88.1,1:31:18.464,80404,0,0,14
2017,06_Long Beach Street Circuit,Long Beach Street Circuit,long-beach-street-circuit,2017-04-08,201704081305_Race,75,54,2,Tristan Vautier,1:20.539,26.557,30.359,23.623,87.9,1:32:39.003,80539,0,0,14
2017,06_Long Beach Street Circuit,Long Beach Street Circuit,long-beach-street-circuit,2017-04-08,201704081305_Race,75,55,2,Tristan Vautier,1:20.341,26.367,30.232,23.742,88.1,1:33:59.344,80341,0,0,14
2017,06_Long Beach Street Circuit,Long Beach Street Circuit,long-beach-street-circuit,2017-04-08,201704081305_Race,75,56,2,Tristan Vautier,1:20.413,26.340,30.529,23.544,88.1,1:35:19.757,80413,0,0,14
2017,06_Long Beach Street Circuit,Long Beach Street Circuit,long-beach-street-circuit,2017-04-08,201704081305_Race,75,57,2,Tristan Vautier,1:20.731,26.540,30.523,23.668,87.7,1:36:40.488,80731,0,0,14
2017,06_Long Beach Street Circuit,Long Beach Street Circuit,long-beach-street-circuit,2017-04-08,201704081305_Race,75,58,2,Tristan Vautier,1:20.324,26.328,30.335,23.661,88.1,1:38:00.812,80324,0,0,14
2017,06_Long Beach Street Circuit,Long Beach Street Circuit,long-beach-street-circuit,2017-04-08,201704081305_Race,75,59,2,Tristan Vautier,1:20.661,26.449,30.510,23.702,87.8,1:39:21.473,80661,0,0,14
2017,06_Long Beach Street Circuit,Long Beach Street Circuit,long-beach-street-circuit,2017-04-08,201704081305_Race,75,60,2,Tristan Vautier,1:21.825,26.647,30.771,24.407,86.5,1:40:43.298,81825,0,0,14
2017,06_Long Beach Street Circuit,Long Beach Street Circuit,long-beach-street-circuit,2017-04-08,201704081305_Race,85,1,2,Misha Goikhberg,1:22.105,28.219,30.321,23.565,86.3,1:22.105,,,0,14
2017,06_Long Beach Street Circuit,Long Beach Street Circuit,long-beach-street-circuit,2017-04-08,201704081305_Race,85,2,2,Misha Goikhberg,1:54.063,29.862,52.561,31.640,62.1,3:16.168,114063,0,0,14
2017,06_Long Beach Street Circuit,Long Beach Street Circuit,long-beach-street-circuit,2017-04-08,201704081305_Race,85,3,2,Misha Goikhberg,2:16.697,44.478,52.331,39.888,51.8,5:32.865,136697,0,0,14
2017,06_Long Beach Street Circuit,Long Beach Street Circuit,long-beach-street-circuit,2017-04-08,201704081305_Race,85,4,2,Misha Goikhberg,2:08.418,45.692,48.688,34.038,55.1,7:41.283,128418,0,0,14
2017,06_Long Beach Street Circuit,Long Beach Street Circuit,long-beach-street-circuit,2017-04-08,201704081305_Race,85,5,2,Misha Goikhberg,2:06.155,44.933,45.815,35.407,56.1,9:47.438,126155,0,0,14
2017,06_Long Beach Street Circuit,Long Beach Street Circuit,long-beach-street-circuit,2017-04-08,201704081305_Race,85,6,2,Misha Goikhberg,2:12.991,45.023,55.781,32.187,53.2,12:00.429,132991,0,0,14
2017,06_Long Beach Street Circuit,Long Beach Street Circuit,long-beach-street-circuit,2017-04-08,201704081305_Race,85,7,2,Misha Goikhberg,2:14.597,25.898,29.105,1:19.594,52.6,14:15.026,134597,0,0,14
2017,06_Long Beach Street Circuit,Long Beach Street Circuit,long-beach-street-circuit,2017-04-08,201704081305_Race,85,8,2,Misha Goikhberg,1:19.117,26.540,29.380,23.197,89.5,15:34.143,79117,0,0,14
2017,06_Long Beach Street Circuit,Long Beach Street Circuit,long-beach-street-circuit,2017-04-08,201704081305_Race,85,9,2,Misha Goikhberg,1:17.594,25.326,28.931,23.337,91.2,16:51.737,77594,0,0,14
2017,06_Long Beach Street Circuit,Long Beach Street Circuit,long-beach-street-circuit,2017-04-08,201704081305_Race,85,10,2,Misha Goikhberg,1:21.020,25.419,30.748,24.853,87.4,18:12.757,81020,0,0,14
2017,06_Long Beach Street Circuit,Long Beach Street Circuit,long-beach-street-circuit,2017-04-08,201704081305_Race,85,11,2,Misha Goikhberg,1:29.645,26.189,36.709,26.747,79.0,19:42.402,89645,0,0,14
2017,06_Long Beach Street Circuit,Long Beach Street Circuit,long-beach-street-circuit,2017-04-08,201704081305_Race,85,12,2,Misha Goikhberg,1:48.241,27.626,37.774,42.841,65.4,21:30.643,108241,0,1,14
2017,06_Long Beach Street Circuit,Long Beach Street Circuit,long-beach-street-circuit,2017-04-08,201704081305_Race,85,13,2,Misha Goikhberg,2:07.216,1:10.284,32.177,24.755,55.6,23:37.859,127216,0,0,14
2017,06_Long Beach Street Circuit,Long Beach Street Circuit,long-beach-street-circuit,2017-04-08,201704081305_Race,85,14,2,Misha Goikhberg,1:31.369,26.194,37.677,27.498,77.5,25:09.228,91369,0,0,14
2017,06_Long Beach Street Circuit,Long Beach Street Circuit,long-beach-street-circuit,2017-04-08,201704081305_Race,85,15,2,Misha Goikhberg,1:23.157,27.664,31.441,24.052,85.1,26:32.385,83157,0,0,14
2017,06_Long Beach Street Circuit,Long Beach Street Circuit,long-beach-street-circuit,2017-04-08,201704081305_Race,85,16,2,Misha Goikhberg,1:17.924,25.460,28.923,23.541,90.9,27:50.309,77924,0,0,14
2017,06_Long Beach Street Circuit,Long Beach Street Circuit,long-beach-street-circuit,2017-04-08,201704081305_Race,85,17,2,Misha Goikhberg,1:18.772,25.978,29.685,23.109,89.9,29:09.081,78772,0,0,14
2017,06_Long Beach Street Circuit,Long Beach Street Circuit,long-beach-street-circuit,2017-04-08,201704081305_Race,85,18,2,Misha Goikhberg,1:17.940,25.690,29.247,23.003,90.9,30:27.021,77940,0,0,14
2017,06_Long Beach Street Circuit,Long Beach Street Circuit,long-beach-street-circuit,2017-04-08,201704081305_Race,85,19,2,Misha Goikhberg,1:16.946,25.086,28.751,23.109,92.0,31:43.967,76946,0,0,14
2017,06_Long Beach Street Circuit,Long Beach Street Circuit,long-beach-street-circuit,2017-04-08,201704081305_Race,85,20,2,Misha Goikhberg,1:19.738,26.094,30.558,23.086,88.8,33:03.705,79738,0,0,14
2017,06_Long Beach Street Circuit,Long Beach Street Circuit,long-beach-street-circuit,2017-04-08,201704081305_Race,85,21,2,Misha Goikhberg,1:22.761,26.312,29.458,26.991,85.6,34:26.466,82761,0,0,14
2017,06_Long Beach Street Circuit,Long Beach Street Circuit,long-beach-street-circuit,2017-04-08,201704081305_Race,85,22,2,Misha Goikhberg,1:31.216,32.364,32.422,26.430,77.6,35:57.682,91216,0,0,15
2017,06_Long Beach Street Circuit,Long Beach Street Circuit,long-beach-street-circuit,2017-04-08,201704081305_Race,85,23,2,Misha Goikhberg,2:05.902,31.958,48.337,45.607,56.2,38:03.584,125902,0,0,15
2017,06_Long Beach Street Circuit,Long Beach Street Circuit,long-beach-street-circuit,2017-04-08,201704081305_Race,85,24,2,Misha Goikhberg,2:03.994,43.423,48.751,31.820,57.1,40:07.578,123994,0,0,15
2017,06_Long Beach Street Circuit,Long Beach Street Circuit,long-beach-street-circuit,2017-04-08,201704081305_Race,85,25,2,Misha Goikhberg,1:18.720,26.069,29.304,23.347,89.9,41:26.298,78720,0,0,15
2017,06_Long Beach Street Circuit,Long Beach Street Circuit,long-beach-street-circuit,2017-04-08,201704081305_Race,85,26,2,Misha Goikhberg,1:18.539,25.041,30.363,23.135,90.2,42:44.837,78539,0,0,15
2017,06_Long Beach Street Circuit,Long Beach Street Circuit,long-beach-street-circuit,2017-04-08,201704081305_Race,85,27,2,Misha Goikhberg,1:19.517,26.049,29.822,23.646,89.1,44:04.354,79517,0,0,15
2017,06_Long Beach Street Circuit,Long Beach Street Circuit,long-beach-street-circuit,2017-04-08,201704081305_Race,85,28,2,Misha Goikhberg,1:17.276,25.115,29.149,23.012,91.6,45:21.630,77276,0,0,15
2017,06_Long Beach Street Circuit,Long Beach Street Circuit,long-beach-street-circuit,2017-04-08,201704081305_Race,85,29,2,Misha Goikhberg,1:16.733,24.940,28.687,23.106,92.3,46:38.363,76733,0,0,15
2017,06_Long Beach Street Circuit,Long Beach Street Circuit,long-beach-street-circuit,2017-04-08,201704081305_Race,85,30,2,Misha Goikhberg,1:16.971,25.108,28.886,22.977,92.0,47:55.334,76971,0,0,15
2017,06_Long Beach Street Circuit,Long Beach Street Circuit,long-beach-street-circuit,2017-04-08,201704081305_Race,85,31,2,Misha Goikhberg,1:31.404,25.260,28.737,37.407,77.4,49:26.738,91404,0,0,15
2017,06_Long Beach Street Circuit,Long Beach Street Circuit,long-beach-street-circuit,2017-04-08,201704081305_Race,85,32,2,Misha Goikhberg,1:46.364,27.882,34.772,43.710,66.6,51:13.102,106364,0,0,15
2017,06_Long Beach Street Circuit,Long Beach Street Circuit,long-beach-street-circuit,2017-04-08,201704081305_Race,85,33,2,Misha Goikhberg,2:26.409,47.903,53.979,44.527,48.4,53:39.511,146409,0,0,15
2017,06_Long Beach Street Circuit,Long Beach Street Circuit,long-beach-street-circuit,2017-04-08,201704081305_Race,85,34,2,Misha Goikhberg,2:36.876,52.898,54.730,49.248,45.1,56:16.387,156876,0,1,15
2017,06_Long Beach Street Circuit,Long Beach Street Circuit,long-beach-street-circuit,2017-04-08,201704081305_Race,85,35,1,Stephen Simpson,2:39.544,1:39.059,33.871,26.614,44.4,58:55.931,159544,0,0,15
2017,06_Long Beach Street Circuit,Long Beach Street Circuit,long-beach-street-circuit,2017-04-08,201704081305_Race,85,36,1,Stephen Simpson,2:16.422,43.474,51.744,41.204,51.9,1:01:12.353,136422,0,0,15
2017,06_Long Beach Street Circuit,Long Beach Street Circuit,long-beach-street-circuit,2017-04-08,201704081305_Race,85,37,1,Stephen Simpson,1:44.213,39.640,40.285,24.288,67.9,1:02:56.566,104213,0,0,15
2017,06_Long Beach Street Circuit,Long Beach Street Circuit,long-beach-street-circuit,2017-04-08,201704081305_Race,85,38,1,Stephen Simpson,1:19.453,25.667,29.129,24.657,89.1,1:04:16.019,79453,0,0,15
2017,06_Long Beach Street Circuit,Long Beach Street Circuit,long-beach-street-circuit,2017-04-08,201704081305_Race,85,39,1,Stephen Simpson,1:20.107,25.648,30.139,24.320,88.4,1:05:36.126,80107,0,0,15
2017,06_Long Beach Street Circuit,Long Beach Street Circuit,long-beach-street-circuit,2017-04-08,201704081305_Race,85,40,1,Stephen Simpson,1:18.633,26.087,29.253,23.293,90.0,1:06:54.759,78633,0,0,15
2017,06_Long Beach Street Circuit,Long Beach Street Circuit,long-beach-street-circuit,2017-04-08,201704081305_Race,85,41,1,Stephen Simpson,1:18.969,25.832,29.423,23.714,89.7,1:08:13.728,78969,0,0,15
2017,06_Long Beach Street Circuit,Long Beach Street Circuit,long-beach-street-circuit,2017-04-08,201704081305_Race,85,42,1,Stephen Simpson,1:19.968,25.351,29.566,25.051,88.6,1:09:33.696,79968,0,0,15
2017,06_Long Beach Street Circuit,Long Beach Street Circuit,long-beach-street-circuit,2017-04-08,201704081305_Race,85,43,1,Stephen Simpson,2:00.691,30.378,53.935,36.378,58.7,1:11:34.387,120691,0,0,15
2017,06_Long Beach Street Circuit,Long Beach Street Circuit,long-beach-street-circuit,2017-04-08,201704081305_Race,85,44,1,Stephen Simpson,2:18.762,45.852,55.799,37.111,51.0,1:13:53.149,138762,0,0,15
2017,06_Long Beach Street Circuit,Long Beach Street Circuit,long-beach-street-circuit,2017-04-08,201704081305_Race,85,45,1,Stephen Simpson,2:12.665,43.319,52.480,36.866,53.3,1:16:05.814,132665,0,0,15
2017,06_Long Beach Street Circuit,Long Beach Street Circuit,long-beach-street-circuit,2017-04-08,201704081305_Race,85,46,1,Stephen Simpson,2:19.753,44.241,52.171,43.341,50.7,1:18:25.567,139753,0,0,15
2017,06_Long Beach Street Circuit,Long Beach Street Circuit,long-beach-street-circuit,2017-04-08,201704081305_Race,85,47,1,Stephen Simpson,2:02.813,47.721,46.360,28.732,57.6,1:20:28.380,122813,0,0,15
2017,06_Long Beach Street Circuit,Long Beach Street Circuit,long-beach-street-circuit,2017-04-08,201704081305_Race,85,48,1,Stephen Simpson,1:18.302,25.784,29.209,23.309,90.4,1:21:46.682,78302,0,0,15
2017,06_Long Beach Street Circuit,Long Beach Street Circuit,long-beach-street-circuit,2017-04-08,201704081305_Race,85,49,1,Stephen Simpson,1:17.376,25.268,29.126,22.982,91.5,1:23:04.058,77376,0,0,15
2017,06_Long Beach Street Circuit,Long Beach Street Circuit,long-beach-street-circuit,2017-04-08,201704081305_Race,85,50,1,Stephen Simpson,1:17.860,25.578,28.814,23.468,90.9,1:24:21.918,77860,0,0,15
2017,06_Long Beach Street Circuit,Long Beach Street Circuit,long-beach-street-circuit,2017-04-08,201704081305_Race,85,51,1,Stephen Simpson,1:15.639,24.765,28.334,22.540,93.6,1:25:37.557,75639,0,0,15
2017,06_Long Beach Street Circuit,Long Beach Street Circuit,long-beach-street-circuit,2017-04-08,201704081305_Race,85,52,1,Stephen Simpson,1:15.277,24.682,28.263,22.332,94.1,1:26:52.834,75277,0,0,15
2017,06_Long Beach Street Circuit,Long Beach Street Circuit,long-beach-street-circuit,2017-04-08,201704081305_Race,85,53,1,Stephen Simpson,1:14.994,24.400,28.256,22.338,94.4,1:28:07.828,74994,0,0,15
2017,06_Long Beach Street Circuit,Long Beach Street Circuit,long-beach-street-circuit,2017-04-08,201704081305_Race,85,54,1,Stephen Simpson,1:15.566,24.506,28.110,22.950,93.7,1:29:23.394,75566,0,0,15
2017,06_Long Beach Street Circuit,Long Beach Street Circuit,long-beach-street-circuit,2017-04-08,201704081305_Race,85,55,1,Stephen Simpson,1:14.750,24.427,28.181,22.142,94.7,1:30:38.144,74750,0,0,15
2017,06_Long Beach Street Circuit,Long Beach Street Circuit,long-beach-street-circuit,2017-04-08,201704081305_Race,85,56,1,Stephen Simpson,1:14.509,24.445,28.001,22.063,95.0,1:31:52.653,74509,0,0,15
2017,06_Long Beach Street Circuit,Long Beach Street Circuit,long-beach-street-circuit,2017-04-08,201704081305_Race,85,57,1,Stephen Simpson,1:14.779,24.530,28.068,22.181,94.7,1:33:07.432,74779,0,0,15
2017,06_Long Beach Street Circuit,Long Beach Street Circuit,long-beach-street-circuit,2017-04-08,201704081305_Race,85,58,1,Stephen Simpson,1:15.122,24.400,28.411,22.311,94.3,1:34:22.554,75122,0,0,15
2017,06_Long Beach Street Circuit,Long Beach Street Circuit,long-beach-street-circuit,2017-04-08,201704081305_Race,85,59,1,Stephen Simpson,1:16.576,24.665,28.416,23.495,92.5,1:35:39.130,76576,0,0,15
2017,06_Long Beach Street Circuit,Long Beach Street Circuit,long-beach-street-circuit,2017-04-08,201704081305_Race,85,60,1,Stephen Simpson,1:18.711,25.927,29.328,23.456,90.0,1:36:57.841,78711,0,0,15
2017,06_Long Beach Street Circuit,Long Beach Street Circuit,long-beach-street-circuit,2017-04-08,201704081305_Race,85,61,1,Stephen Simpson,1:19.141,25.642,29.466,24.033,89.5,1:38:16.982,79141,0,0,15
2017,06_Long Beach Street Circuit,Long Beach Street Circuit,long-beach-street-circuit,2017-04-08,201704081305_Race,85,62,1,Stephen Simpson,1:19.588,26.620,29.848,23.120,89.0,1:39:36.570,79588,0,0,15
2017,06_Long Beach Street Circuit,Long Beach Street Circuit,long-beach-street-circuit,2017-04-08,201704081305_Race,85,63,1,Stephen Simpson,1:19.087,26.134,29.128,23.825,89.6,1:40:55.657,79087,0,0,15
2017,06_Long Beach Street Circuit,Long Beach Street Circuit,long-beach-street-circuit,2017-04-08,201704081305_Race,86,1,2,Oswaldo Negri Jr.,1:49.671,50.006,31.865,27.800,64.6,1:49.671,,,0,15
2017,06_Long Beach Street Circuit,Long Beach Street Circuit,long-beach-street-circuit,2017-04-08,201704081305_Race,86,2,2,Oswaldo Negri Jr.,1:54.696,36.624,45.464,32.608,61.7,3:44.367,114696,0,0,15
2017,06_Long Beach Street Circuit,Long Beach Street Circuit,long-beach-street-circuit,2017-04-08,201704081305_Race,86,3,2,Oswaldo Negri Jr.,2:17.691,44.379,53.589,39.723,51.4,6:02.058,137691,0,0,15
2017,06_Long Beach Street Circuit,Long Beach Street Circuit,long-beach-street-circuit,2017-04-08,201704081305_Race,86,4,2,Oswaldo Negri Jr.,2:08.929,47.346,48.292,33.291,54.9,8:10.987,128929,0,0,15
2017,06_Long Beach Street Circuit,Long Beach Street Circuit,long-beach-street-circuit,2017-04-08,201704081305_Race,86,5,2,Oswaldo Negri Jr.,2:06.390,43.921,39.547,42.922,56.0,10:17.377,126390,0,0,15
2017,06_Long Beach Street Circuit,Long Beach Street Circuit,long-beach-street-circuit,2017-04-08,201704081305_Race,86,6,2,Oswaldo Negri Jr.,1:56.286,42.122,45.299,28.865,60.9,12:13.663,116286,0,0,15
2017,06_Long Beach Street Circuit,Long Beach Street Circuit,long-beach-street-circuit,2017-04-08,201704081305_Race,86,7,2,Oswaldo Negri Jr.,1:23.683,27.575,31.185,24.923,84.6,13:37.346,83683,0,0,15
2017,06_Long Beach Street Circuit,Long Beach Street Circuit,long-beach-street-circuit,2017-04-08,201704081305_Race,86,8,2,Oswaldo Negri Jr.,1:22.443,27.362,30.916,24.165,85.9,14:59.789,82443,0,0,15
2017,06_Long Beach Street Circuit,Long Beach Street Circuit,long-beach-street-circuit,2017-04-08,201704081305_Race,86,9,2,Oswaldo Negri Jr.,1:22.247,26.600,30.947,24.700,86.1,16:22.036,82247,0,0,15
2017,06_Long Beach Street Circuit,Long Beach Street Circuit,long-beach-street-circuit,2017-04-08,201704081305_Race,86,10,2,Oswaldo Negri Jr.,1:25.787,26.978,31.100,27.709,82.5,17:47.823,85787,0,0,15
2017,06_Long Beach Street Circuit,Long Beach Street Circuit,long-beach-street-circuit,2017-04-08,201704081305_Race,86,11,2,Oswaldo Negri Jr.,1:37.399,36.377,35.622,25.400,72.7,19:25.222,97399,0,0,15
2017,06_Long Beach Street Circuit,Long Beach Street Circuit,long-beach-street-circuit,2017-04-08,201704081305_Race,86,12,2,Oswaldo Negri Jr.,1:47.275,30.944,43.074,33.257,66.0,21:12.497,107275,0,0,15
2017,06_Long Beach Street Circuit,Long Beach Street Circuit,long-beach-street-circuit,2017-04-08,201704081305_Race,86,13,2,Oswaldo Negri Jr.,2:11.064,47.544,39.405,44.115,54.0,23:23.561,131064,0,1,15
2017,06_Long Beach Street Circuit,Long Beach Street Circuit,long-beach-street-circuit,2017-04-08,201704081305_Race,86,14,2,Oswaldo Negri Jr.,2:29.932,1:32.394,32.664,24.874,47.2,25:53.493,149932,0,0,15
2017,06_Long Beach Street Circuit,Long Beach Street Circuit,long-beach-street-circuit,2017-04-08,201704081305_Race,86,15,2,Oswaldo Negri Jr.,1:23.683,27.851,31.392,24.440,84.6,27:17.176,83683,0,0,15
2017,06_Long Beach Street Circuit,Long Beach Street Circuit,long-beach-street-circuit,2017-04-08,201704081305_Race,86,16,2,Oswaldo Negri Jr.,1:21.777,26.768,30.965,24.044,86.6,28:38.953,81777,0,0,15
2017,06_Long Beach Street Circuit,Long Beach Street Circuit,long-beach-street-circuit,2017-04-08,201704081305_Race,86,17,2,Oswaldo Negri Jr.,1:21.441,26.652,30.778,24.011,86.9,30:00.394,81441,0,0,15
2017,06_Long Beach Street Circuit,Long Beach Street Circuit,long-beach-street-circuit,2017-04-08,201704081305_Race,86,18,2,Oswaldo Negri Jr.,1:22.210,26.728,31.466,24.016,86.1,31:22.604,82210,0,0,15
2017,06_Long Beach Street Circuit,Long Beach Street Circuit,long-beach-street-circuit,2017-04-08,201704081305_Race,86,19,2,Oswaldo Negri Jr.,1:22.894,26.911,31.823,24.160,85.4,32:45.498,82894,0,0,15
2017,06_Long Beach Street Circuit,Long Beach Street Circuit,long-beach-street-circuit,2017-04-08,201704081305_Race,86,20,2,Oswaldo Negri Jr.,1:23.433,26.763,32.515,24.155,84.9,34:08.931,83433,0,0,15
2017,06_Long Beach Street Circuit,Long Beach Street Circuit,long-beach-street-circuit,2017-04-08,201704081305_Race,86,21,2,Oswaldo Negri Jr.,1:31.986,28.675,32.653,30.658,77.0,35:40.917,91986,0,0,15
2017,06_Long Beach Street Circuit,Long Beach Street Circuit,long-beach-street-circuit,2017-04-08,201704081305_Race,86,22,2,Oswaldo Negri Jr.,1:54.755,43.632,44.357,26.766,61.7,37:35.672,114755,0,0,15
2017,06_Long Beach Street Circuit,Long Beach Street Circuit,long-beach-street-circuit,2017-04-08,201704081305_Race,86,23,2,Oswaldo Negri Jr.,1:24.537,27.491,31.635,25.411,83.8,39:00.209,84537,0,0,15
2017,06_Long Beach Street Circuit,Long Beach Street Circuit,long-beach-street-circuit,2017-04-08,201704081305_Race,86,24,2,Oswaldo Negri Jr.,1:26.331,27.898,33.363,25.070,82.0,40:26.540,86331,0,0,15
2017,06_Long Beach Street Circuit,Long Beach Street Circuit,long-beach-street-circuit,2017-04-08,201704081305_Race,86,25,2,Oswaldo Negri Jr.,1:21.838,26.777,31.006,24.055,86.5,41:48.378,81838,0,0,15
2017,06_Long Beach Street Circuit,Long Beach Street Circuit,long-beach-street-circuit,2017-04-08,201704081305_Race,86,26,2,Oswaldo Negri Jr.,1:34.973,26.738,31.707,36.528,74.6,43:23.351,94973,0,1,15
2017,06_Long Beach Street Circuit,Long Beach Street Circuit,long-beach-street-circuit,2017-04-08,201704081305_Race,86,27,1,Jeff Segal,2:17.407,1:21.214,31.942,24.251,51.5,45:40.758,137407,0,0,15
2017,06_Long Beach Street Circuit,Long Beach Street Circuit,long-beach-street-circuit,2017-04-08,201704081305_Race,86,28,1,Jeff Segal,1:23.872,26.826,32.697,24.349,84.4,47:04.630,83872,0,0,15
2017,06_Long Beach Street Circuit,Long Beach Street Circuit,long-beach-street-circuit,2017-04-08,201704081305_Race,86,29,1,Jeff Segal,1:23.682,26.926,31.069,25.687,84.6,48:28.312,83682,0,0,15
2017,06_Long Beach Street Circuit,Long Beach Street Circuit,long-beach-street-circuit,2017-04-08,201704081305_Race,86,30,1,Jeff Segal,1:44.739,26.757,37.179,40.803,67.6,50:13.051,104739,0,0,15
2017,06_Long Beach Street Circuit,Long Beach Street Circuit,long-beach-street-circuit,2017-04-08,201704081305_Race,86,31,1,Jeff Segal,1:46.325,34.530,39.959,31.836,66.6,51:59.376,106325,0,0,15
2017,06_Long Beach Street Circuit,Long Beach Street Circuit,long-beach-street-circuit,2017-04-08,201704081305_Race,86,32,1,Jeff Segal,1:39.261,30.957,35.352,32.952,71.3,53:38.637,99261,0,0,15
2017,06_Long Beach Street Circuit,Long Beach Street Circuit,long-beach-street-circuit,2017-04-08,201704081305_Race,86,33,1,Jeff Segal,1:24.278,27.885,31.512,24.881,84.0,55:02.915,84278,0,0,15
2017,06_Long Beach Street Circuit,Long Beach Street Circuit,long-beach-street-circuit,2017-04-08,201704081305_Race,86,34,1,Jeff Segal,1:29.333,27.188,30.865,31.280,79.2,56:32.248,89333,0,0,15
2017,06_Long Beach Street Circuit,Long Beach Street Circuit,long-beach-street-circuit,2017-04-08,201704081305_Race,86,35,1,Jeff Segal,2:11.802,50.361,48.189,33.252,53.7,58:44.050,131802,0,0,15
2017,06_Long Beach Street Circuit,Long Beach Street Circuit,long-beach-street-circuit,2017-04-08,201704081305_Race,86,36,1,Jeff Segal,2:13.338,44.744,50.806,37.788,53.1,1:00:57.388,133338,0,0,15
2017,06_Long Beach Street Circuit,Long Beach Street Circuit,long-beach-street-circuit,2017-04-08,201704081305_Race,86,37,1,Jeff Segal,1:52.951,42.733,45.330,24.888,62.6,1:02:50.339,112951,0,0,15
2017,06_Long Beach Street Circuit,Long Beach Street Circuit,long-beach-street-circuit,2017-04-08,201704081305_Race,86,38,1,Jeff Segal,1:22.042,26.651,30.941,24.450,86.3,1:04:12.381,82042,0,0,15
2017,06_Long Beach Street Circuit,Long Beach Street Circuit,long-beach-street-circuit,2017-04-08,201704081305_Race,86,39,1,Jeff Segal,1:24.723,28.148,31.580,24.995,83.6,1:05:37.104,84723,0,0,15
2017,06_Long Beach Street Circuit,Long Beach Street Circuit,long-beach-street-circuit,2017-04-08,201704081305_Race,86,40,1,Jeff Segal,1:21.619,27.013,30.612,23.994,86.8,1:06:58.723,81619,0,0,15
2017,06_Long Beach Street Circuit,Long Beach Street Circuit,long-beach-street-circuit,2017-04-08,201704081305_Race,86,41,1,Jeff Segal,1:21.760,26.528,31.146,24.086,86.6,1:08:20.483,81760,0,0,15
2017,06_Long Beach Street Circuit,Long Beach Street Circuit,long-beach-street-circuit,2017-04-08,201704081305_Race,86,42,1,Jeff Segal,1:26.224,26.446,31.665,28.113,82.1,1:09:46.707,86224,0,0,15
2017,06_Long Beach Street Circuit,Long Beach Street Circuit,long-beach-street-circuit,2017-04-08,201704081305_Race,86,43,1,Jeff Segal,2:00.948,33.287,53.271,34.390,58.5,1:11:47.655,120948,0,0,15
2017,06_Long Beach Street Circuit,Long Beach Street Circuit,long-beach-street-circuit,2017-04-08,201704081305_Race,86,44,1,Jeff Segal,2:21.413,46.580,58.597,36.236,50.0,1:14:09.068,141413,0,0,15
2017,06_Long Beach Street Circuit,Long Beach Street Circuit,long-beach-street-circuit,2017-04-08,201704081305_Race,86,45,1,Jeff Segal,2:13.677,45.022,51.250,37.405,53.0,1:16:22.745,133677,0,0,15
2017,06_Long Beach Street Circuit,Long Beach Street Circuit,long-beach-street-circuit,2017-04-08,201704081305_Race,86,46,1,Jeff Segal,2:18.540,45.765,48.497,44.278,51.1,1:18:41.285,138540,0,0,15
2017,06_Long Beach Street Circuit,Long Beach Street Circuit,long-beach-street-circuit,2017-04-08,201704081305_Race,86,47,1,Jeff Segal,1:54.722,45.813,43.181,25.728,61.7,1:20:36.007,114722,0,0,15
2017,06_Long Beach Street Circuit,Long Beach Street Circuit,long-beach-street-circuit,2017-04-08,201704081305_Race,86,48,1,Jeff Segal,1:22.096,26.886,30.823,24.387,86.3,1:21:58.103,82096,0,0,15
2017,06_Long Beach Street Circuit,Long Beach Street Circuit,long-beach-street-circuit,2017-04-08,201704081305_Race,86,49,1,Jeff Segal,1:21.317,26.693,30.667,23.957,87.1,1:23:19.420,81317,0,0,15
2017,06_Long Beach Street Circuit,Long Beach Street Circuit,long-beach-street-circuit,2017-04-08,201704081305_Race,86,50,1,Jeff Segal,1:21.939,26.691,30.987,24.261,86.4,1:24:41.359,81939,0,0,15
2017,06_Long Beach Street Circuit,Long Beach Street Circuit,long-beach-street-circuit,2017-04-08,201704081305_Race,86,51,1,Jeff Segal,1:20.909,26.395,30.578,23.936,87.5,1:26:02.268,80909,0,0,15
2017,06_Long Beach Street Circuit,Long Beach Street Circuit,long-beach-street-circuit,2017-04-08,201704081305_Race,86,52,1,Jeff Segal,1:21.014,26.406,30.705,23.903,87.4,1:27:23.282,81014,0,0,15
2017,06_Long Beach Street Circuit,Long Beach Street Circuit,long-beach-street-circuit,2017-04-08,201704081305_Race,86,53,1,Jeff Segal,1:21.289,26.479,30.724,24.086,87.1,1:28:44.571,81289,0,0,15
2017,06_Long Beach Street Circuit,Long Beach Street Circuit,long-beach-street-circuit,2017-04-08,201704081305_Race,86,54,1,Jeff Segal,1:22.281,26.471,31.620,24.190,86.1,1:30:06.852,82281,0,0,15
2017,06_Long Beach Street Circuit,Long Beach Street Circuit,long-beach-street-circuit,2017-04-08,201704081305_Race,86,55,1,Jeff Segal,1:21.347,26.573,30.806,23.968,87.1,1:31:28.199,81347,0,0,15
2017,06_Long Beach Street Circuit,Long Beach Street Circuit,long-beach-street-circuit,2017-04-08,201704081305_Race,86,56,1,Jeff Segal,1:21.848,26.663,30.839,24.346,86.5,1:32:50.047,81848,0,0,15
2017,06_Long Beach Street Circuit,Long Beach Street Circuit,long-beach-street-circuit,2017-04-08,201704081305_Race,86,57,1,Jeff Segal,1:22.150,26.693,30.928,24.529,86.2,1:34:12.197,82150,0,0,15
2017,06_Long Beach Street Circuit,Long Beach Street Circuit,long-beach-street-circuit,2017-04-08,201704081305_Race,86,58,1,Jeff Segal,1:22.987,26.917,30.962,25.108,85.3,1:35:35.184,82987,0,0,15
2017,06_Long Beach Street Circuit,Long Beach Street Circuit,long-beach-street-circuit,2017-04-08,201704081305_Race,86,59,1,Jeff Segal,1:21.624,26.506,30.801,24.317,86.8,1:36:56.808,81624,0,0,15
2017,06_Long Beach Street Circuit,Long Beach Street Circuit,long-beach-street-circuit,2017-04-08,201704081305_Race,86,60,1,Jeff Segal,1:22.783,27.665,30.983,24.135,85.5,1:38:19.591,82783,0,0,15
2017,06_Long Beach Street Circuit,Long Beach Street Circuit,long-beach-street-circuit,2017-04-08,201704081305_Race,86,61,1,Jeff Segal,1:22.375,26.664,30.954,24.757,85.9,1:39:41.966,82375,0,0,15
2017,06_Long Beach Street Circuit,Long Beach Street Circuit,long-beach-street-circuit,2017-04-08,201704081305_Race,93,1,2,Katherine Legge,1:40.575,44.148,32.013,24.414,70.4,1:40.575,,,0,15
2017,06_Long Beach Street Circuit,Long Beach Street Circuit,long-beach-street-circuit,2017-04-08,201704081305_Race,93,2,2,Katherine Legge,1:58.203,36.858,47.964,33.381,59.9,3:38.778,118203,0,0,15
2017,06_Long Beach Street Circuit,Long Beach Street Circuit,long-beach-street-circuit,2017-04-08,201704081305_Race,93,3,2,Katherine Legge,2:17.509,42.214,54.672,40.623,51.5,5:56.287,137509,0,0,15
2017,06_Long Beach Street Circuit,Long Beach Street Circuit,long-beach-street-circuit,2017-04-08,201704081305_Race,93,4,2,Katherine Legge,2:09.226,43.298,51.289,34.639,54.8,8:05.513,129226,0,0,15
2017,06_Long Beach Street Circuit,Long Beach Street Circuit,long-beach-street-circuit,2017-04-08,201704081305_Race,93,5,2,Katherine Legge,2:03.785,41.176,42.196,40.413,57.2,10:09.298,123785,0,0,15
2017,06_Long Beach Street Circuit,Long Beach Street Circuit,long-beach-street-circuit,2017-04-08,201704081305_Race,93,6,2,Katherine Legge,2:02.078,44.242,48.372,29.464,58.0,12:11.376,122078,0,0,15
2017,06_Long Beach Street Circuit,Long Beach Street Circuit,long-beach-street-circuit,2017-04-08,201704081305_Race,93,7,2,Katherine Legge,1:22.537,27.113,31.051,24.373,85.8,13:33.913,82537,0,0,15
2017,06_Long Beach Street Circuit,Long Beach Street Circuit,long-beach-street-circuit,2017-04-08,201704081305_Race,93,8,2,Katherine Legge,1:22.282,26.597,31.524,24.161,86.1,14:56.195,82282,0,0,16
2017,06_Long Beach Street Circuit,Long Beach Street Circuit,long-beach-street-circuit,2017-04-08,201704081305_Race,93,9,2,Katherine Legge,1:22.278,26.893,31.330,24.055,86.1,16:18.473,82278,0,0,16
2017,06_Long Beach Street Circuit,Long Beach Street Circuit,long-beach-street-circuit,2017-04-08,201704081305_Race,93,10,2,Katherine Legge,1:26.495,26.592,31.788,28.115,81.8,17:44.968,86495,0,0,16
2017,06_Long Beach Street Circuit,Long Beach Street Circuit,long-beach-street-circuit,2017-04-08,201704081305_Race,93,11,2,Katherine Legge,1:36.555,36.810,33.990,25.755,73.3,19:21.523,96555,0,0,16
2017,06_Long Beach Street Circuit,Long Beach Street Circuit,long-beach-street-circuit,2017-04-08,201704081305_Race,93,12,2,Katherine Legge,1:48.239,32.160,40.768,35.311,65.4,21:09.762,108239,0,0,16
2017,06_Long Beach Street Circuit,Long Beach Street Circuit,long-beach-street-circuit,2017-04-08,201704081305_Race,93,13,2,Katherine Legge,2:01.330,48.067,40.051,33.212,58.4,23:11.092,121330,0,0,16
2017,06_Long Beach Street Circuit,Long Beach Street Circuit,long-beach-street-circuit,2017-04-08,201704081305_Race,93,14,2,Katherine Legge,1:56.138,42.212,43.418,30.508,61.0,25:07.230,116138,0,0,16
2017,06_Long Beach Street Circuit,Long Beach Street Circuit,long-beach-street-circuit,2017-04-08,201704081305_Race,93,15,2,Katherine Legge,1:21.813,26.878,30.984,23.951,86.6,26:29.043,81813,0,0,16
2017,06_Long Beach Street Circuit,Long Beach Street Circuit,long-beach-street-circuit,2017-04-08,201704081305_Race,93,16,2,Katherine Legge,1:21.203,26.575,30.621,24.007,87.2,27:50.246,81203,0,0,16
2017,06_Long Beach Street Circuit,Long Beach Street Circuit,long-beach-street-circuit,2017-04-08,201704081305_Race,93,17,2,Katherine Legge,1:21.862,26.874,31.043,23.945,86.5,29:12.108,81862,0,0,16
2017,06_Long Beach Street Circuit,Long Beach Street Circuit,long-beach-street-circuit,2017-04-08,201704081305_Race,93,18,2,Katherine Legge,1:20.876,26.290,30.800,23.786,87.6,30:32.984,80876,0,0,16
2017,06_Long Beach Street Circuit,Long Beach Street Circuit,long-beach-street-circuit,2017-04-08,201704081305_Race,93,19,2,Katherine Legge,1:20.926,26.355,30.738,23.833,87.5,31:53.910,80926,0,0,16
2017,06_Long Beach Street Circuit,Long Beach Street Circuit,long-beach-street-circuit,2017-04-08,201704081305_Race,93,20,2,Katherine Legge,1:20.435,26.301,30.414,23.720,88.1,33:14.345,80435,0,0,16
2017,06_Long Beach Street Circuit,Long Beach Street Circuit,long-beach-street-circuit,2017-04-08,201704081305_Race,93,21,2,Katherine Legge,1:27.023,26.413,33.135,27.475,81.3,34:41.368,87023,0,0,16
2017,06_Long Beach Street Circuit,Long Beach Street Circuit,long-beach-street-circuit,2017-04-08,201704081305_Race,93,22,2,Katherine Legge,1:30.234,30.952,33.656,25.626,78.5,36:11.602,90234,0,0,16
2017,06_Long Beach Street Circuit,Long Beach Street Circuit,long-beach-street-circuit,2017-04-08,201704081305_Race,93,23,2,Katherine Legge,2:01.451,29.789,45.771,45.891,58.3,38:13.053,121451,0,0,16
2017,06_Long Beach Street Circuit,Long Beach Street Circuit,long-beach-street-circuit,2017-04-08,201704081305_Race,93,24,2,Katherine Legge,1:59.613,44.435,45.263,29.915,59.2,40:12.666,119613,0,0,16
2017,06_Long Beach Street Circuit,Long Beach Street Circuit,long-beach-street-circuit,2017-04-08,201704081305_Race,93,25,2,Katherine Legge,1:39.243,27.302,32.554,39.387,71.3,41:51.909,99243,0,1,16
2017,06_Long Beach Street Circuit,Long Beach Street Circuit,long-beach-street-circuit,2017-04-08,201704081305_Race,93,26,1,Andy Lally,2:15.601,1:18.297,32.923,24.381,52.2,44:07.510,135601,0,0,16
2017,06_Long Beach Street Circuit,Long Beach Street Circuit,long-beach-street-circuit,2017-04-08,201704081305_Race,93,27,1,Andy Lally,1:22.400,27.061,31.098,24.241,85.9,45:29.910,82400,0,0,16
2017,06_Long Beach Street Circuit,Long Beach Street Circuit,long-beach-street-circuit,2017-04-08,201704081305_Race,93,28,1,Andy Lally,1:22.513,27.071,31.159,24.283,85.8,46:52.423,82513,0,0,16
2017,06_Long Beach Street Circuit,Long Beach Street Circuit,long-beach-street-circuit,2017-04-08,201704081305_Race,93,29,1,Andy Lally,1:21.981,26.878,31.109,23.994,86.4,48:14.404,81981,0,0,16
2017,06_Long Beach Street Circuit,Long Beach Street Circuit,long-beach-street-circuit,2017-04-08,201704081305_Race,93,30,1,Andy Lally,1:25.791,26.838,31.176,27.777,82.5,49:40.195,85791,0,0,16
2017,06_Long Beach Street Circuit,Long Beach Street Circuit,long-beach-street-circuit,2017-04-08,201704081305_Race,93,31,1,Andy Lally,1:37.643,29.050,33.760,34.833,72.5,51:17.838,97643,0,0,16
2017,06_Long Beach Street Circuit,Long Beach Street Circuit,long-beach-street-circuit,2017-04-08,201704081305_Race,93,32,1,Andy Lally,2:22.811,47.470,50.999,44.342,49.5,53:40.649,142811,0,0,16
2017,06_Long Beach Street Circuit,Long Beach Street Circuit,long-beach-street-circuit,2017-04-08,201704081305_Race,93,33,1,Andy Lally,2:25.999,52.896,54.389,38.714,48.5,56:06.648,145999,0,0,16
2017,06_Long Beach Street Circuit,Long Beach Street Circuit,long-beach-street-circuit,2017-04-08,201704081305_Race,93,34,1,Andy Lally,2:12.506,47.417,47.826,37.263,53.4,58:19.154,132506,0,0,16
2017,06_Long Beach Street Circuit,Long Beach Street Circuit,long-beach-street-circuit,2017-04-08,201704081305_Race,93,35,1,Andy Lally,1:52.702,46.714,40.789,25.199,62.8,1:00:11.856,112702,0,0,16
2017,06_Long Beach Street Circuit,Long Beach Street Circuit,long-beach-street-circuit,2017-04-08,201704081305_Race,93,36,1,Andy Lally,1:23.807,27.829,31.328,24.650,84.5,1:01:35.663,83807,0,0,16
2017,06_Long Beach Street Circuit,Long Beach Street Circuit,long-beach-street-circuit,2017-04-08,201704081305_Race,93,37,1,Andy Lally,1:24.386,28.443,31.493,24.450,83.9,1:03:00.049,84386,0,0,16
2017,06_Long Beach Street Circuit,Long Beach Street Circuit,long-beach-street-circuit,2017-04-08,201704081305_Race,93,38,1,Andy Lally,1:22.180,26.812,30.988,24.380,86.1,1:04:22.229,82180,0,0,16
2017,06_Long Beach Street Circuit,Long Beach Street Circuit,long-beach-street-circuit,2017-04-08,201704081305_Race,93,39,1,Andy Lally,1:21.620,26.707,30.838,24.075,86.8,1:05:43.849,81620,0,0,16
2017,06_Long Beach Street Circuit,Long Beach Street Circuit,long-beach-street-circuit,2017-04-08,201704081305_Race,93,40,1,Andy Lally,1:22.397,26.922,31.348,24.127,85.9,1:07:06.246,82397,0,0,16
2017,06_Long Beach Street Circuit,Long Beach Street Circuit,long-beach-street-circuit,2017-04-08,201704081305_Race,93,41,1,Andy Lally,1:22.432,26.973,31.403,24.056,85.9,1:08:28.678,82432,0,0,16
2017,06_Long Beach Street Circuit,Long Beach Street Circuit,long-beach-street-circuit,2017-04-08,201704081305_Race,93,42,1,Andy Lally,1:25.282,26.831,32.000,26.451,83.0,1:09:53.960,85282,0,0,16
2017,06_Long Beach Street Circuit,Long Beach Street Circuit,long-beach-street-circuit,2017-04-08,201704081305_Race,93,43,1,Andy Lally,1:57.898,31.938,52.908,33.052,60.0,1:11:51.858,117898,0,0,16
2017,06_Long Beach Street Circuit,Long Beach Street Circuit,long-beach-street-circuit,2017-04-08,201704081305_Race,93,44,1,Andy Lally,2:22.922,47.207,59.884,35.831,49.5,1:14:14.780,142922,0,0,16
2017,06_Long Beach Street Circuit,Long Beach Street Circuit,long-beach-street-circuit,2017-04-08,201704081305_Race,93,45,1,Andy Lally,2:13.741,48.093,47.791,37.857,53.0,1:16:28.521,133741,0,0,16
2017,06_Long Beach Street Circuit,Long Beach Street Circuit,long-beach-street-circuit,2017-04-08,201704081305_Race,93,46,1,Andy Lally,2:18.072,47.850,45.131,45.091,51.3,1:18:46.593,138072,0,0,16
2017,06_Long Beach Street Circuit,Long Beach Street Circuit,long-beach-street-circuit,2017-04-08,201704081305_Race,93,47,1,Andy Lally,1:52.167,45.696,41.698,24.773,63.1,1:20:38.760,112167,0,0,16
2017,06_Long Beach Street Circuit,Long Beach Street Circuit,long-beach-street-circuit,2017-04-08,201704081305_Race,93,48,1,Andy Lally,1:23.134,26.917,31.064,25.153,85.2,1:22:01.894,83134,0,0,16
2017,06_Long Beach Street Circuit,Long Beach Street Circuit,long-beach-street-circuit,2017-04-08,201704081305_Race,93,49,1,Andy Lally,1:21.670,26.907,30.777,23.986,86.7,1:23:23.564,81670,0,0,16
2017,06_Long Beach Street Circuit,Long Beach Street Circuit,long-beach-street-circuit,2017-04-08,201704081305_Race,93,50,1,Andy Lally,1:21.577,26.848,30.662,24.067,86.8,1:24:45.141,81577,0,0,16
2017,06_Long Beach Street Circuit,Long Beach Street Circuit,long-beach-street-circuit,2017-04-08,201704081305_Race,93,51,1,Andy Lally,1:21.531,26.547,30.885,24.099,86.8,1:26:06.672,81531,0,0,16
2017,06_Long Beach Street Circuit,Long Beach Street Circuit,long-beach-street-circuit,2017-04-08,201704081305_Race,93,52,1,Andy Lally,1:21.154,26.687,30.562,23.905,87.3,1:27:27.826,81154,0,0,16
2017,06_Long Beach Street Circuit,Long Beach Street Circuit,long-beach-street-circuit,2017-04-08,201704081305_Race,93,53,1,Andy Lally,1:21.584,26.586,30.897,24.101,86.8,1:28:49.410,81584,0,0,16
2017,06_Long Beach Street Circuit,Long Beach Street Circuit,long-beach-street-circuit,2017-04-08,201704081305_Race,93,54,1,Andy Lally,1:21.445,26.881,30.692,23.872,86.9,1:30:10.855,81445,0,0,16
2017,06_Long Beach Street Circuit,Long Beach Street Circuit,long-beach-street-circuit,2017-04-08,201704081305_Race,93,55,1,Andy Lally,1:21.021,26.577,30.629,23.815,87.4,1:31:31.876,81021,0,0,16
2017,06_Long Beach Street Circuit,Long Beach Street Circuit,long-beach-street-circuit,2017-04-08,201704081305_Race,93,56,1,Andy Lally,1:21.567,26.647,30.951,23.969,86.8,1:32:53.443,81567,0,0,16
2017,06_Long Beach Street Circuit,Long Beach Street Circuit,long-beach-street-circuit,2017-04-08,201704081305_Race,93,57,1,Andy Lally,1:22.502,26.659,31.358,24.485,85.8,1:34:15.945,82502,0,0,16
2017,06_Long Beach Street Circuit,Long Beach Street Circuit,long-beach-street-circuit,2017-04-08,201704081305_Race,93,58,1,Andy Lally,1:21.921,26.835,30.935,24.151,86.4,1:35:37.866,81921,0,0,16
2017,06_Long Beach Street Circuit,Long Beach Street Circuit,long-beach-street-circuit,2017-04-08,201704081305_Race,93,59,1,Andy Lally,1:22.655,27.064,31.378,24.213,85.6,1:37:00.521,82655,0,0,16
2017,06_Long Beach Street Circuit,Long Beach Street Circuit,long-beach-street-circuit,2017-04-08,201704081305_Race,93,60,1,Andy Lally,1:24.279,27.594,32.341,24.344,84.0,1:38:24.800,84279,0,0,16
2017,06_Long Beach Street Circuit,Long Beach Street Circuit,long-beach-street-circuit,2017-04-08,201704081305_Race,93,61,1,Andy Lally,1:23.603,28.145,31.099,24.359,84.7,1:39:48.403,83603,0,0,16
2017,06_Long Beach Street Circuit,Long Beach Street Circuit,long-beach-street-circuit,2017-04-08,201704081305_Race,93,62,1,Andy Lally,1:24.701,27.470,31.366,25.865,83.6,1:41:13.104,84701,0,0,16
2017,06_Long Beach Street Circuit,Long Beach Street Circuit,long-beach-street-circuit,2017-04-08,201704081305_Race,96,1,1,Bret Curtis,2:01.783,1:01.574,32.407,27.802,58.1,2:01.783,,,0,16
2017,06_Long Beach Street Circuit,Long Beach Street Circuit,long-beach-street-circuit,2017-04-08,201704081305_Race,96,2,1,Bret Curtis,1:48.203,30.888,46.456,30.859,65.4,3:49.986,108203,0,0,16
2017,06_Long Beach Street Circuit,Long Beach Street Circuit,long-beach-street-circuit,2017-04-08,201704081305_Race,96,3,1,Bret Curtis,2:17.758,45.345,56.689,35.724,51.4,6:07.744,137758,0,0,16
2017,06_Long Beach Street Circuit,Long Beach Street Circuit,long-beach-street-circuit,2017-04-08,201704081305_Race,96,4,1,Bret Curtis,2:11.154,48.304,47.924,34.926,53.9,8:18.898,131154,0,0,16
2017,06_Long Beach Street Circuit,Long Beach Street Circuit,long-beach-street-circuit,2017-04-08,201704081305_Race,96,5,1,Bret Curtis,2:05.893,42.303,41.508,42.082,56.2,10:24.791,125893,0,0,16
2017,06_Long Beach Street Circuit,Long Beach Street Circuit,long-beach-street-circuit,2017-04-08,201704081305_Race,96,6,1,Bret Curtis,1:51.501,40.884,41.862,28.755,63.5,12:16.292,111501,0,0,16
2017,06_Long Beach Street Circuit,Long Beach Street Circuit,long-beach-street-circuit,2017-04-08,201704081305_Race,96,7,1,Bret Curtis,1:26.410,28.433,32.168,25.809,82.0,13:42.702,86410,0,0,16
2017,06_Long Beach Street Circuit,Long Beach Street Circuit,long-beach-street-circuit,2017-04-08,201704081305_Race,96,8,1,Bret Curtis,1:23.730,27.440,31.444,24.846,84.6,15:06.432,83730,0,0,16
2017,06_Long Beach Street Circuit,Long Beach Street Circuit,long-beach-street-circuit,2017-04-08,201704081305_Race,96,9,1,Bret Curtis,1:23.549,27.449,31.363,24.737,84.8,16:29.981,83549,0,0,16
2017,06_Long Beach Street Circuit,Long Beach Street Circuit,long-beach-street-circuit,2017-04-08,201704081305_Race,96,10,1,Bret Curtis,1:25.371,27.279,31.994,26.098,83.0,17:55.352,85371,0,0,16
2017,06_Long Beach Street Circuit,Long Beach Street Circuit,long-beach-street-circuit,2017-04-08,201704081305_Race,96,11,1,Bret Curtis,1:39.097,34.459,38.010,26.628,71.5,19:34.449,99097,0,0,16
2017,06_Long Beach Street Circuit,Long Beach Street Circuit,long-beach-street-circuit,2017-04-08,201704081305_Race,96,12,1,Bret Curtis,1:43.773,30.582,40.229,32.962,68.2,21:18.222,103773,0,0,16
2017,06_Long Beach Street Circuit,Long Beach Street Circuit,long-beach-street-circuit,2017-04-08,201704081305_Race,96,13,1,Bret Curtis,2:10.816,47.640,37.871,45.305,54.1,23:29.038,130816,0,1,16
2017,06_Long Beach Street Circuit,Long Beach Street Circuit,long-beach-street-circuit,2017-04-08,201704081305_Race,96,14,1,Bret Curtis,2:25.920,1:25.519,34.461,25.940,48.5,25:54.958,145920,0,0,16
2017,06_Long Beach Street Circuit,Long Beach Street Circuit,long-beach-street-circuit,2017-04-08,201704081305_Race,96,15,1,Bret Curtis,1:26.509,28.532,32.410,25.567,81.8,27:21.467,86509,0,0,16
2017,06_Long Beach Street Circuit,Long Beach Street Circuit,long-beach-street-circuit,2017-04-08,201704081305_Race,96,16,1,Bret Curtis,1:24.957,28.225,31.781,24.951,83.3,28:46.424,84957,0,0,16
2017,06_Long Beach Street Circuit,Long Beach Street Circuit,long-beach-street-circuit,2017-04-08,201704081305_Race,96,17,1,Bret Curtis,1:26.384,28.296,33.011,25.077,82.0,30:12.808,86384,0,0,16
2017,06_Long Beach Street Circuit,Long Beach Street Circuit,long-beach-street-circuit,2017-04-08,201704081305_Race,96,18,1,Bret Curtis,1:24.006,27.538,31.449,25.019,84.3,31:36.814,84006,0,0,16
2017,06_Long Beach Street Circuit,Long Beach Street Circuit,long-beach-street-circuit,2017-04-08,201704081305_Race,96,19,1,Bret Curtis,1:24.206,28.023,31.484,24.699,84.1,33:01.020,84206,0,0,16
2017,06_Long Beach Street Circuit,Long Beach Street Circuit,long-beach-street-circuit,2017-04-08,201704081305_Race,96,20,1,Bret Curtis,1:26.773,28.278,32.011,26.484,81.6,34:27.793,86773,0,0,16
2017,06_Long Beach Street Circuit,Long Beach Street Circuit,long-beach-street-circuit,2017-04-08,201704081305_Race,96,21,1,Bret Curtis,1:30.899,32.150,32.772,25.977,77.9,35:58.692,90899,0,0,16
2017,06_Long Beach Street Circuit,Long Beach Street Circuit,long-beach-street-circuit,2017-04-08,201704081305_Race,96,22,1,Bret Curtis,1:39.321,31.820,40.534,26.967,71.3,37:38.013,99321,0,0,16
2017,06_Long Beach Street Circuit,Long Beach Street Circuit,long-beach-street-circuit,2017-04-08,201704081305_Race,96,23,1,Bret Curtis,1:24.993,27.999,31.786,25.208,83.3,39:03.006,84993,0,0,16
2017,06_Long Beach Street Circuit,Long Beach Street Circuit,long-beach-street-circuit,2017-04-08,201704081305_Race,96,24,1,Bret Curtis,1:25.302,28.101,32.377,24.824,83.0,40:28.308,85302,0,0,16
2017,06_Long Beach Street Circuit,Long Beach Street Circuit,long-beach-street-circuit,2017-04-08,201704081305_Race,96,25,1,Bret Curtis,1:38.026,28.109,31.717,38.200,72.2,42:06.334,98026,0,1,16
2017,06_Long Beach Street Circuit,Long Beach Street Circuit,long-beach-street-circuit,2017-04-08,201704081305_Race,96,26,2,Jens Klingmann,2:09.872,1:13.872,31.086,24.914,54.5,44:16.206,129872,0,0,16
2017,06_Long Beach Street Circuit,Long Beach Street Circuit,long-beach-street-circuit,2017-04-08,201704081305_Race,96,27,2,Jens Klingmann,1:22.308,26.638,31.120,24.550,86.0,45:38.514,82308,0,0,16
2017,06_Long Beach Street Circuit,Long Beach Street Circuit,long-beach-street-circuit,2017-04-08,201704081305_Race,96,28,2,Jens Klingmann,1:21.476,26.445,30.679,24.352,86.9,46:59.990,81476,0,0,16
2017,06_Long Beach Street Circuit,Long Beach Street Circuit,long-beach-street-circuit,2017-04-08,201704081305_Race,96,29,2,Jens Klingmann,1:27.187,26.730,33.385,27.072,81.2,48:27.177,87187,0,0,16
2017,06_Long Beach Street Circuit,Long Beach Street Circuit,long-beach-street-circuit,2017-04-08,201704081305_Race,96,30,2,Jens Klingmann,1:45.123,27.407,36.616,41.100,67.4,50:12.300,105123,0,0,16
2017,06_Long Beach Street Circuit,Long Beach Street Circuit,long-beach-street-circuit,2017-04-08,201704081305_Race,96,31,2,Jens Klingmann,1:46.209,34.512,39.850,31.847,66.7,51:58.509,106209,0,0,16
2017,06_Long Beach Street Circuit,Long Beach Street Circuit,long-beach-street-circuit,2017-04-08,201704081305_Race,96,32,2,Jens Klingmann,1:39.204,31.055,35.638,32.511,71.3,53:37.713,99204,0,0,16
2017,06_Long Beach Street Circuit,Long Beach Street Circuit,long-beach-street-circuit,2017-04-08,201704081305_Race,96,33,2,Jens Klingmann,1:24.855,28.324,31.382,25.149,83.5,55:02.568,84855,0,0,16
2017,06_Long Beach Street Circuit,Long Beach Street Circuit,long-beach-street-circuit,2017-04-08,201704081305_Race,96,34,2,Jens Klingmann,1:29.108,26.896,30.896,31.316,79.5,56:31.676,89108,0,0,16
2017,06_Long Beach Street Circuit,Long Beach Street Circuit,long-beach-street-circuit,2017-04-08,201704081305_Race,96,35,2,Jens Klingmann,2:11.659,50.309,48.147,33.203,53.8,58:43.335,131659,0,0,16
2017,06_Long Beach Street Circuit,Long Beach Street Circuit,long-beach-street-circuit,2017-04-08,201704081305_Race,96,36,2,Jens Klingmann,2:13.049,44.551,50.802,37.696,53.2,1:00:56.384,133049,0,0,16
2017,06_Long Beach Street Circuit,Long Beach Street Circuit,long-beach-street-circuit,2017-04-08,201704081305_Race,96,37,2,Jens Klingmann,1:53.527,42.840,45.662,25.025,62.3,1:02:49.911,113527,0,0,16
2017,06_Long Beach Street Circuit,Long Beach Street Circuit,long-beach-street-circuit,2017-04-08,201704081305_Race,96,38,2,Jens Klingmann,1:22.072,26.572,31.068,24.432,86.3,1:04:11.983,82072,0,0,16
2017,06_Long Beach Street Circuit,Long Beach Street Circuit,long-beach-street-circuit,2017-04-08,201704081305_Race,96,39,2,Jens Klingmann,1:24.280,27.058,31.560,25.662,84.0,1:05:36.263,84280,0,0,16
2017,06_Long Beach Street Circuit,Long Beach Street Circuit,long-beach-street-circuit,2017-04-08,201704081305_Race,96,40,2,Jens Klingmann,1:22.067,26.683,31.021,24.363,86.3,1:06:58.330,82067,0,0,16
2017,06_Long Beach Street Circuit,Long Beach Street Circuit,long-beach-street-circuit,2017-04-08,201704081305_Race,96,41,2,Jens Klingmann,1:21.577,26.400,30.663,24.514,86.8,1:08:19.907,81577,0,0,16
2017,06_Long Beach Street Circuit,Long Beach Street Circuit,long-beach-street-circuit,2017-04-08,201704081305_Race,96,42,2,Jens Klingmann,1:26.119,26.458,31.661,28.000,82.2,1:09:46.026,86119,0,0,16
2017,06_Long Beach Street Circuit,Long Beach Street Circuit,long-beach-street-circuit,2017-04-08,201704081305_Race,96,43,2,Jens Klingmann,2:00.895,33.134,53.264,34.497,58.5,1:11:46.921,120895,0,0,16
2017,06_Long Beach Street Circuit,Long Beach Street Circuit,long-beach-street-circuit,2017-04-08,201704081305_Race,96,44,2,Jens Klingmann,2:21.070,46.168,58.649,36.253,50.2,1:14:07.991,141070,0,0,16
2017,06_Long Beach Street Circuit,Long Beach Street Circuit,long-beach-street-circuit,2017-04-08,201704081305_Race,96,45,2,Jens Klingmann,2:13.840,45.405,50.722,37.713,52.9,1:16:21.831,133840,0,0,16
2017,06_Long Beach Street Circuit,Long Beach Street Circuit,long-beach-street-circuit,2017-04-08,201704081305_Race,96,46,2,Jens Klingmann,2:18.886,46.147,48.065,44.674,51.0,1:18:40.717,138886,0,0,16
2017,06_Long Beach Street Circuit,Long Beach Street Circuit,long-beach-street-circuit,2017-04-08,201704081305_Race,96,47,2,Jens Klingmann,1:55.127,45.710,43.395,26.022,61.5,1:20:35.844,115127,0,0,16
2017,06_Long Beach Street Circuit,Long Beach Street Circuit,long-beach-street-circuit,2017-04-08,201704081305_Race,96,48,2,Jens Klingmann,1:21.881,26.592,30.790,24.499,86.4,1:21:57.725,81881,0,0,16
2017,06_Long Beach Street Circuit,Long Beach Street Circuit,long-beach-street-circuit,2017-04-08,201704081305_Race,96,49,2,Jens Klingmann,1:21.434,26.600,30.744,24.090,86.9,1:23:19.159,81434,0,0,16
2017,06_Long Beach Street Circuit,Long Beach Street Circuit,long-beach-street-circuit,2017-04-08,201704081305_Race,96,50,2,Jens Klingmann,1:21.398,26.524,30.712,24.162,87.0,1:24:40.557,81398,0,0,16
2017,06_Long Beach Street Circuit,Long Beach Street Circuit,long-beach-street-circuit,2017-04-08,201704081305_Race,96,51,2,Jens Klingmann,1:21.280,26.678,30.563,24.039,87.1,1:26:01.837,81280,0,0,16
2017,06_Long Beach Street Circuit,Long Beach Street Circuit,long-beach-street-circuit,2017-04-08,201704081305_Race,96,52,2,Jens Klingmann,1:20.994,26.465,30.542,23.987,87.4,1:27:22.831,80994,0,0,16
2017,06_Long Beach Street Circuit,Long Beach Street Circuit,long-beach-street-circuit,2017-04-08,201704081305_Race,96,53,2,Jens Klingmann,1:21.204,26.594,30.591,24.019,87.2,1:28:44.035,81204,0,0,16
2017,06_Long Beach Street Circuit,Long Beach Street Circuit,long-beach-street-circuit,2017-04-08,201704081305_Race,96,54,2,Jens Klingmann,1:21.304,26.538,30.711,24.055,87.1,1:30:05.339,81304,0,0,16
2017,06_Long Beach Street Circuit,Long Beach Street Circuit,long-beach-street-circuit,2017-04-08,201704081305_Race,96,55,2,Jens Klingmann,1:22.254,26.579,31.064,24.611,86.1,1:31:27.593,82254,0,0,16
2017,06_Long Beach Street Circuit,Long Beach Street Circuit,long-beach-street-circuit,2017-04-08,201704081305_Race,96,56,2,Jens Klingmann,1:22.177,26.784,30.939,24.454,86.1,1:32:49.770,82177,0,0,16
2017,06_Long Beach Street Circuit,Long Beach Street Circuit,long-beach-street-circuit,2017-04-08,201704081305_Race,96,57,2,Jens Klingmann,1:22.181,26.565,30.767,24.849,86.1,1:34:11.951,82181,0,0,16
2017,06_Long Beach Street Circuit,Long Beach Street Circuit,long-beach-street-circuit,2017-04-08,201704081305_Race,96,58,2,Jens Klingmann,1:21.749,26.758,30.717,24.274,86.6,1:35:33.700,81749,0,0,16
2017,06_Long Beach Street Circuit,Long Beach Street Circuit,long-beach-street-circuit,2017-04-08,201704081305_Race,96,59,2,Jens Klingmann,1:21.810,26.741,30.724,24.345,86.6,1:36:55.510,81810,0,0,16
2017,06_Long Beach Street Circuit,Long Beach Street Circuit,long-beach-street-circuit,2017-04-08,201704081305_Race,96,60,2,Jens Klingmann,1:22.832,27.210,31.463,24.159,85.5,1:38:18.342,82832,0,0,17
2017,06_Long Beach Street Circuit,Long Beach Street Circuit,long-beach-street-circuit,2017-04-08,201704081305_Race,96,61,2,Jens Klingmann,1:23.263,26.741,31.745,24.777,85.0,1:39:41.605,83263,0,0,17
2017,06_Long Beach Street Circuit,Long Beach Street Circuit,long-beach-street-circuit,2017-04-08,201704081305_Race,911,1,1,Patrick Pilet,1:59.544,1:01.045,31.075,27.424,59.2,1:59.544,,,0,17
2017,06_Long Beach Street Circuit,Long Beach Street Circuit,long-beach-street-circuit,2017-04-08,201704081305_Race,911,2,1,Patrick Pilet,1:47.650,30.517,45.632,31.501,65.8,3:47.194,107650,0,0,17
2017,06_Long Beach Street Circuit,Long Beach Street Circuit,long-beach-street-circuit,2017-04-08,201704081305_Race,911,3,1,Patrick Pilet,2:18.803,45.441,54.475,38.887,51.0,6:05.997,138803,0,0,17
2017,06_Long Beach Street Circuit,Long Beach Street Circuit,long-beach-street-circuit,2017-04-08,201704081305_Race,911,4,1,Patrick Pilet,2:10.243,47.192,47.904,35.147,54.3,8:16.240,130243,0,0,17
2017,06_Long Beach Street Circuit,Long Beach Street Circuit,long-beach-street-circuit,2017-04-08,201704081305_Race,911,5,1,Patrick Pilet,2:06.906,43.013,39.831,44.062,55.7,10:23.146,126906,0,0,17
2017,06_Long Beach Street Circuit,Long Beach Street Circuit,long-beach-street-circuit,2017-04-08,201704081305_Race,911,6,1,Patrick Pilet,1:51.486,40.930,42.333,28.223,63.5,12:14.632,111486,0,0,17
2017,06_Long Beach Street Circuit,Long Beach Street Circuit,long-beach-street-circuit,2017-04-08,201704081305_Race,911,7,1,Patrick Pilet,1:22.778,27.523,30.409,24.846,85.5,13:37.410,82778,0,0,17
2017,06_Long Beach Street Circuit,Long Beach Street Circuit,long-beach-street-circuit,2017-04-08,201704081305_Race,911,8,1,Patrick Pilet,1:20.171,26.198,30.057,23.916,88.3,14:57.581,80171,0,0,17
2017,06_Long Beach Street Circuit,Long Beach Street Circuit,long-beach-street-circuit,2017-04-08,201704081305_Race,911,9,1,Patrick Pilet,1:19.376,26.011,30.009,23.356,89.2,16:16.957,79376,0,0,17
2017,06_Long Beach Street Circuit,Long Beach Street Circuit,long-beach-street-circuit,2017-04-08,201704081305_Race,911,10,1,Patrick Pilet,1:23.727,26.259,30.105,27.363,84.6,17:40.684,83727,0,0,17
2017,06_Long Beach Street Circuit,Long Beach Street Circuit,long-beach-street-circuit,2017-04-08,201704081305_Race,911,11,1,Patrick Pilet,1:31.473,30.639,33.294,27.540,77.4,19:12.157,91473,0,0,17
2017,06_Long Beach Street Circuit,Long Beach Street Circuit,long-beach-street-circuit,2017-04-08,201704081305_Race,911,12,1,Patrick Pilet,1:53.862,34.653,44.073,35.136,62.1,21:06.019,113862,0,0,17
2017,06_Long Beach Street Circuit,Long Beach Street Circuit,long-beach-street-circuit,2017-04-08,201704081305_Race,911,13,1,Patrick Pilet,2:11.758,47.892,39.977,43.889,53.7,23:17.777,131758,0,1,17
2017,06_Long Beach Street Circuit,Long Beach Street Circuit,long-beach-street-circuit,2017-04-08,201704081305_Race,911,14,2,Dirk Werner,2:19.834,1:22.511,33.055,24.268,50.6,25:37.611,139834,0,0,17
2017,06_Long Beach Street Circuit,Long Beach Street Circuit,long-beach-street-circuit,2017-04-08,201704081305_Race,911,15,2,Dirk Werner,1:21.788,27.030,30.867,23.891,86.6,26:59.399,81788,0,0,17
2017,06_Long Beach Street Circuit,Long Beach Street Circuit,long-beach-street-circuit,2017-04-08,201704081305_Race,911,16,2,Dirk Werner,1:20.642,26.437,30.332,23.873,87.8,28:20.041,80642,0,0,17
2017,06_Long Beach Street Circuit,Long Beach Street Circuit,long-beach-street-circuit,2017-04-08,201704081305_Race,911,17,2,Dirk Werner,1:19.649,26.130,30.079,23.440,88.9,29:39.690,79649,0,0,17
2017,06_Long Beach Street Circuit,Long Beach Street Circuit,long-beach-street-circuit,2017-04-08,201704081305_Race,911,18,2,Dirk Werner,1:19.231,26.044,29.854,23.333,89.4,30:58.921,79231,0,0,17
2017,06_Long Beach Street Circuit,Long Beach Street Circuit,long-beach-street-circuit,2017-04-08,201704081305_Race,911,19,2,Dirk Werner,1:18.790,25.851,29.705,23.234,89.9,32:17.711,78790,0,0,17
2017,06_Long Beach Street Circuit,Long Beach Street Circuit,long-beach-street-circuit,2017-04-08,201704081305_Race,911,20,2,Dirk Werner,1:19.209,25.942,29.899,23.368,89.4,33:36.920,79209,0,0,17
2017,06_Long Beach Street Circuit,Long Beach Street Circuit,long-beach-street-circuit,2017-04-08,201704081305_Race,911,21,2,Dirk Werner,1:27.566,25.967,34.900,26.699,80.9,35:04.486,87566,0,0,17
2017,06_Long Beach Street Circuit,Long Beach Street Circuit,long-beach-street-circuit,2017-04-08,201704081305_Race,911,22,2,Dirk Werner,1:32.741,29.557,35.208,27.976,76.3,36:37.227,92741,0,0,17
2017,06_Long Beach Street Circuit,Long Beach Street Circuit,long-beach-street-circuit,2017-04-08,201704081305_Race,911,23,2,Dirk Werner,1:44.236,30.003,36.775,37.458,67.9,38:21.463,104236,0,0,17
2017,06_Long Beach Street Circuit,Long Beach Street Circuit,long-beach-street-circuit,2017-04-08,201704081305_Race,911,24,2,Dirk Werner,1:54.329,48.468,39.777,26.084,61.9,40:15.792,114329,0,0,17
2017,06_Long Beach Street Circuit,Long Beach Street Circuit,long-beach-street-circuit,2017-04-08,201704081305_Race,911,25,2,Dirk Werner,1:24.537,26.774,30.829,26.934,83.8,41:40.329,84537,0,0,17
2017,06_Long Beach Street Circuit,Long Beach Street Circuit,long-beach-street-circuit,2017-04-08,201704081305_Race,911,26,2,Dirk Werner,1:20.672,26.877,30.020,23.775,87.7,43:01.001,80672,0,0,17
2017,06_Long Beach Street Circuit,Long Beach Street Circuit,long-beach-street-circuit,2017-04-08,201704081305_Race,911,27,2,Dirk Werner,1:21.140,27.368,30.062,23.710,87.3,44:22.141,81140,0,0,17
2017,06_Long Beach Street Circuit,Long Beach Street Circuit,long-beach-street-circuit,2017-04-08,201704081305_Race,911,28,2,Dirk Werner,1:20.536,26.299,29.934,24.303,87.9,45:42.677,80536,0,0,17
2017,06_Long Beach Street Circuit,Long Beach Street Circuit,long-beach-street-circuit,2017-04-08,201704081305_Race,911,29,2,Dirk Werner,1:20.727,26.291,30.914,23.522,87.7,47:03.404,80727,0,0,17
2017,06_Long Beach Street Circuit,Long Beach Street Circuit,long-beach-street-circuit,2017-04-08,201704081305_Race,911,30,2,Dirk Werner,1:23.312,26.101,30.866,26.345,85.0,48:26.716,83312,0,0,17
2017,06_Long Beach Street Circuit,Long Beach Street Circuit,long-beach-street-circuit,2017-04-08,201704081305_Race,911,31,2,Dirk Werner,1:42.485,27.336,35.891,39.258,69.1,50:09.201,102485,0,0,17
2017,06_Long Beach Street Circuit,Long Beach Street Circuit,long-beach-street-circuit,2017-04-08,201704081305_Race,911,32,2,Dirk Werner,1:48.020,36.741,40.085,31.194,65.6,51:57.221,108020,0,0,17
2017,06_Long Beach Street Circuit,Long Beach Street Circuit,long-beach-street-circuit,2017-04-08,201704081305_Race,911,33,2,Dirk Werner,1:56.928,31.262,40.272,45.394,60.5,53:54.149,116928,0,0,17
2017,06_Long Beach Street Circuit,Long Beach Street Circuit,long-beach-street-circuit,2017-04-08,201704081305_Race,911,34,2,Dirk Werner,2:23.706,48.035,53.867,41.804,49.2,56:17.855,143706,0,0,17
2017,06_Long Beach Street Circuit,Long Beach Street Circuit,long-beach-street-circuit,2017-04-08,201704081305_Race,911,35,2,Dirk Werner,2:09.369,48.601,46.328,34.440,54.7,58:27.224,129369,0,0,17
2017,06_Long Beach Street Circuit,Long Beach Street Circuit,long-beach-street-circuit,2017-04-08,201704081305_Race,911,36,2,Dirk Werner,2:12.812,46.977,47.255,38.580,53.3,1:00:40.036,132812,0,0,17
2017,06_Long Beach Street Circuit,Long Beach Street Circuit,long-beach-street-circuit,2017-04-08,201704081305_Race,911,37,2,Dirk Werner,2:00.655,46.523,45.174,28.958,58.7,1:02:40.691,120655,0,0,17
2017,06_Long Beach Street Circuit,Long Beach Street Circuit,long-beach-street-circuit,2017-04-08,201704081305_Race,911,38,2,Dirk Werner,1:20.758,26.749,30.346,23.663,87.7,1:04:01.449,80758,0,0,17
2017,06_Long Beach Street Circuit,Long Beach Street Circuit,long-beach-street-circuit,2017-04-08,201704081305_Race,911,39,2,Dirk Werner,1:31.708,26.238,29.963,35.507,77.2,1:05:33.157,91708,0,1,17
2017,06_Long Beach Street Circuit,Long Beach Street Circuit,long-beach-street-circuit,2017-04-08,201704081305_Race,911,40,2,Dirk Werner,1:45.342,50.800,30.672,23.870,67.2,1:07:18.499,105342,0,0,17
2017,06_Long Beach Street Circuit,Long Beach Street Circuit,long-beach-street-circuit,2017-04-08,201704081305_Race,911,41,2,Dirk Werner,1:19.538,26.172,29.840,23.526,89.1,1:08:38.037,79538,0,0,17
2017,06_Long Beach Street Circuit,Long Beach Street Circuit,long-beach-street-circuit,2017-04-08,201704081305_Race,911,42,2,Dirk Werner,1:25.435,26.076,32.189,27.170,82.9,1:10:03.472,85435,0,0,17
2017,06_Long Beach Street Circuit,Long Beach Street Circuit,long-beach-street-circuit,2017-04-08,201704081305_Race,911,43,2,Dirk Werner,1:49.725,28.644,48.153,32.928,64.5,1:11:53.197,109725,0,0,17
2017,06_Long Beach Street Circuit,Long Beach Street Circuit,long-beach-street-circuit,2017-04-08,201704081305_Race,911,44,2,Dirk Werner,2:22.641,47.826,59.756,35.059,49.6,1:14:15.838,142641,0,0,17
2017,06_Long Beach Street Circuit,Long Beach Street Circuit,long-beach-street-circuit,2017-04-08,201704081305_Race,911,45,2,Dirk Werner,2:13.527,48.089,47.994,37.444,53.0,1:16:29.365,133527,0,0,17
2017,06_Long Beach Street Circuit,Long Beach Street Circuit,long-beach-street-circuit,2017-04-08,201704081305_Race,911,46,2,Dirk Werner,2:18.203,47.817,45.621,44.765,51.2,1:18:47.568,138203,0,0,17
2017,06_Long Beach Street Circuit,Long Beach Street Circuit,long-beach-street-circuit,2017-04-08,201704081305_Race,911,47,2,Dirk Werner,1:51.582,45.247,41.456,24.879,63.5,1:20:39.150,111582,0,0,17
2017,06_Long Beach Street Circuit,Long Beach Street Circuit,long-beach-street-circuit,2017-04-08,201704081305_Race,911,48,2,Dirk Werner,1:21.579,26.816,30.401,24.362,86.8,1:22:00.729,81579,0,0,17
2017,06_Long Beach Street Circuit,Long Beach Street Circuit,long-beach-street-circuit,2017-04-08,201704081305_Race,911,49,2,Dirk Werner,1:22.003,27.136,30.363,24.504,86.3,1:23:22.732,82003,0,0,17
2017,06_Long Beach Street Circuit,Long Beach Street Circuit,long-beach-street-circuit,2017-04-08,201704081305_Race,911,50,2,Dirk Werner,1:21.435,26.378,30.389,24.668,86.9,1:24:44.167,81435,0,0,17
2017,06_Long Beach Street Circuit,Long Beach Street Circuit,long-beach-street-circuit,2017-04-08,201704081305_Race,911,51,2,Dirk Werner,1:20.903,26.304,30.660,23.939,87.5,1:26:05.070,80903,0,0,17
2017,06_Long Beach Street Circuit,Long Beach Street Circuit,long-beach-street-circuit,2017-04-08,201704081305_Race,911,52,2,Dirk Werner,1:20.645,26.296,30.613,23.736,87.8,1:27:25.715,80645,0,0,17
2017,06_Long Beach Street Circuit,Long Beach Street Circuit,long-beach-street-circuit,2017-04-08,201704081305_Race,911,53,2,Dirk Werner,1:20.102,26.118,30.493,23.491,88.4,1:28:45.817,80102,0,0,17
2017,06_Long Beach Street Circuit,Long Beach Street Circuit,long-beach-street-circuit,2017-04-08,201704081305_Race,911,54,2,Dirk Werner,1:20.155,26.227,30.320,23.608,88.3,1:30:05.972,80155,0,0,17
2017,06_Long Beach Street Circuit,Long Beach Street Circuit,long-beach-street-circuit,2017-04-08,201704081305_Race,911,55,2,Dirk Werner,1:20.575,26.626,30.475,23.474,87.9,1:31:26.547,80575,0,0,17
2017,06_Long Beach Street Circuit,Long Beach Street Circuit,long-beach-street-circuit,2017-04-08,201704081305_Race,911,56,2,Dirk Werner,1:22.244,27.026,30.839,24.379,86.1,1:32:48.791,82244,0,0,17
2017,06_Long Beach Street Circuit,Long Beach Street Circuit,long-beach-street-circuit,2017-04-08,201704081305_Race,911,57,2,Dirk Werner,1:21.373,26.509,30.721,24.143,87.0,1:34:10.164,81373,0,0,17
2017,06_Long Beach Street Circuit,Long Beach Street Circuit,long-beach-street-circuit,2017-04-08,201704081305_Race,911,58,2,Dirk Werner,1:20.239,26.143,30.015,24.081,88.2,1:35:30.403,80239,0,0,17
2017,06_Long Beach Street Circuit,Long Beach Street Circuit,long-beach-street-circuit,2017-04-08,201704081305_Race,911,59,2,Dirk Werner,1:21.678,26.773,30.375,24.530,86.7,1:36:52.081,81678,0,0,17
2017,06_Long Beach Street Circuit,Long Beach Street Circuit,long-beach-street-circuit,2017-04-08,201704081305_Race,911,60,2,Dirk Werner,1:21.474,27.356,30.531,23.587,86.9,1:38:13.555,81474,0,0,17
2017,06_Long Beach Street Circuit,Long Beach Street Circuit,long-beach-street-circuit,2017-04-08,201704081305_Race,911,61,2,Dirk Werner,1:20.244,26.340,30.421,23.483,88.2,1:39:33.799,80244,0,0,17
2017,06_Long Beach Street Circuit,Long Beach Street Circuit,long-beach-street-circuit,2017-04-08,201704081305_Race,911,62,2,Dirk Werner,1:21.348,26.425,31.075,23.848,87.1,1:40:55.147,81348,0,0,17
2017,06_Long Beach Street Circuit,Long Beach Street Circuit,long-beach-street-circuit,2017-04-08,201704081305_Race,912,1,2,Laurens Vanthoor,1:27.168,32.065,31.296,23.807,81.2,1:27.168,,,0,17
2017,06_Long Beach Street Circuit,Long Beach Street Circuit,long-beach-street-circuit,2017-04-08,201704081305_Race,912,2,2,Laurens Vanthoor,1:52.357,29.185,51.975,31.197,63.0,3:19.525,112357,0,0,17
2017,06_Long Beach Street Circuit,Long Beach Street Circuit,long-beach-street-circuit,2017-04-08,201704081305_Race,912,3,2,Laurens Vanthoor,2:16.746,43.652,52.646,40.448,51.8,5:36.271,136746,0,0,17
2017,06_Long Beach Street Circuit,Long Beach Street Circuit,long-beach-street-circuit,2017-04-08,201704081305_Race,912,4,2,Laurens Vanthoor,2:08.295,44.770,50.579,32.946,55.2,7:44.566,128295,0,0,17
2017,06_Long Beach Street Circuit,Long Beach Street Circuit,long-beach-street-circuit,2017-04-08,201704081305_Race,912,5,2,Laurens Vanthoor,2:06.362,44.635,45.870,35.857,56.0,9:50.928,126362,0,0,17
2017,06_Long Beach Street Circuit,Long Beach Street Circuit,long-beach-street-circuit,2017-04-08,201704081305_Race,912,6,2,Laurens Vanthoor,2:12.210,44.588,55.174,32.448,53.5,12:03.138,132210,0,0,17
2017,06_Long Beach Street Circuit,Long Beach Street Circuit,long-beach-street-circuit,2017-04-08,201704081305_Race,912,7,2,Laurens Vanthoor,1:19.877,26.221,30.161,23.495,88.6,13:23.015,79877,0,0,17
2017,06_Long Beach Street Circuit,Long Beach Street Circuit,long-beach-street-circuit,2017-04-08,201704081305_Race,912,8,2,Laurens Vanthoor,1:19.002,25.803,29.807,23.392,89.6,14:42.017,79002,0,0,17
2017,06_Long Beach Street Circuit,Long Beach Street Circuit,long-beach-street-circuit,2017-04-08,201704081305_Race,912,9,2,Laurens Vanthoor,1:18.925,25.966,29.656,23.303,89.7,16:00.942,78925,0,0,17
2017,06_Long Beach Street Circuit,Long Beach Street Circuit,long-beach-street-circuit,2017-04-08,201704081305_Race,912,10,2,Laurens Vanthoor,1:18.514,25.776,29.630,23.108,90.2,17:19.456,78514,0,0,17
2017,06_Long Beach Street Circuit,Long Beach Street Circuit,long-beach-street-circuit,2017-04-08,201704081305_Race,912,11,2,Laurens Vanthoor,1:35.558,31.292,35.849,28.417,74.1,18:55.014,95558,0,0,17
2017,06_Long Beach Street Circuit,Long Beach Street Circuit,long-beach-street-circuit,2017-04-08,201704081305_Race,912,12,2,Laurens Vanthoor,1:58.508,34.820,47.679,36.009,59.7,20:53.522,118508,0,0,17
2017,06_Long Beach Street Circuit,Long Beach Street Circuit,long-beach-street-circuit,2017-04-08,201704081305_Race,912,13,2,Laurens Vanthoor,2:08.003,45.500,45.807,36.696,55.3,23:01.525,128003,0,0,17
2017,06_Long Beach Street Circuit,Long Beach Street Circuit,long-beach-street-circuit,2017-04-08,201704081305_Race,912,14,2,Laurens Vanthoor,1:59.856,40.727,46.584,32.545,59.0,25:01.381,119856,0,0,17
2017,06_Long Beach Street Circuit,Long Beach Street Circuit,long-beach-street-circuit,2017-04-08,201704081305_Race,912,15,2,Laurens Vanthoor,1:19.504,26.117,29.918,23.469,89.1,26:20.885,79504,0,0,17
2017,06_Long Beach Street Circuit,Long Beach Street Circuit,long-beach-street-circuit,2017-04-08,201704081305_Race,912,16,2,Laurens Vanthoor,1:18.765,25.762,29.865,23.138,89.9,27:39.650,78765,0,0,17
2017,06_Long Beach Street Circuit,Long Beach Street Circuit,long-beach-street-circuit,2017-04-08,201704081305_Race,912,17,2,Laurens Vanthoor,1:18.288,25.690,29.561,23.037,90.4,28:57.938,78288,0,0,17
2017,06_Long Beach Street Circuit,Long Beach Street Circuit,long-beach-street-circuit,2017-04-08,201704081305_Race,912,18,2,Laurens Vanthoor,1:18.535,25.635,29.736,23.164,90.2,30:16.473,78535,0,0,17
2017,06_Long Beach Street Circuit,Long Beach Street Circuit,long-beach-street-circuit,2017-04-08,201704081305_Race,912,19,2,Laurens Vanthoor,1:20.421,25.808,29.926,24.687,88.1,31:36.894,80421,0,0,17
2017,06_Long Beach Street Circuit,Long Beach Street Circuit,long-beach-street-circuit,2017-04-08,201704081305_Race,912,20,2,Laurens Vanthoor,1:18.501,25.889,29.609,23.003,90.2,32:55.395,78501,0,0,17
2017,06_Long Beach Street Circuit,Long Beach Street Circuit,long-beach-street-circuit,2017-04-08,201704081305_Race,912,21,2,Laurens Vanthoor,1:19.433,25.721,29.499,24.213,89.1,34:14.828,79433,0,0,17
2017,06_Long Beach Street Circuit,Long Beach Street Circuit,long-beach-street-circuit,2017-04-08,201704081305_Race,912,22,2,Laurens Vanthoor,1:36.310,31.832,35.844,28.634,73.5,35:51.138,96310,0,0,17
2017,06_Long Beach Street Circuit,Long Beach Street Circuit,long-beach-street-circuit,2017-04-08,201704081305_Race,912,23,2,Laurens Vanthoor,2:05.911,34.450,48.566,42.895,56.2,37:57.049,125911,0,0,17
2017,06_Long Beach Street Circuit,Long Beach Street Circuit,long-beach-street-circuit,2017-04-08,201704081305_Race,912,24,2,Laurens Vanthoor,2:08.068,44.723,49.955,33.390,55.3,40:05.117,128068,0,0,17
2017,06_Long Beach Street Circuit,Long Beach Street Circuit,long-beach-street-circuit,2017-04-08,201704081305_Race,912,25,2,Laurens Vanthoor,1:19.758,26.208,29.907,23.643,88.8,41:24.875,79758,0,0,17
2017,06_Long Beach Street Circuit,Long Beach Street Circuit,long-beach-street-circuit,2017-04-08,201704081305_Race,912,26,2,Laurens Vanthoor,1:20.822,25.940,31.172,23.710,87.6,42:45.697,80822,0,0,17
2017,06_Long Beach Street Circuit,Long Beach Street Circuit,long-beach-street-circuit,2017-04-08,201704081305_Race,912,27,2,Laurens Vanthoor,1:34.045,27.750,30.862,35.433,75.3,44:19.742,94045,0,1,17
2017,06_Long Beach Street Circuit,Long Beach Street Circuit,long-beach-street-circuit,2017-04-08,201704081305_Race,912,28,1,Kevin Estre,2:10.428,1:14.388,30.775,25.265,54.3,46:30.170,130428,0,0,17
2017,06_Long Beach Street Circuit,Long Beach Street Circuit,long-beach-street-circuit,2017-04-08,201704081305_Race,912,29,1,Kevin Estre,1:20.777,26.664,30.241,23.872,87.7,47:50.947,80777,0,0,17
2017,06_Long Beach Street Circuit,Long Beach Street Circuit,long-beach-street-circuit,2017-04-08,201704081305_Race,912,30,1,Kevin Estre,1:28.805,26.663,30.117,32.025,79.7,49:19.752,88805,0,0,17
2017,06_Long Beach Street Circuit,Long Beach Street Circuit,long-beach-street-circuit,2017-04-08,201704081305_Race,912,31,1,Kevin Estre,1:52.213,30.931,37.901,43.381,63.1,51:11.965,112213,0,0,17
2017,06_Long Beach Street Circuit,Long Beach Street Circuit,long-beach-street-circuit,2017-04-08,201704081305_Race,912,32,1,Kevin Estre,2:03.551,48.208,50.382,24.961,57.3,53:15.516,123551,0,0,17
2017,06_Long Beach Street Circuit,Long Beach Street Circuit,long-beach-street-circuit,2017-04-08,201704081305_Race,912,33,1,Kevin Estre,1:22.584,27.917,30.974,23.693,85.8,54:38.100,82584,0,0,17
2017,06_Long Beach Street Circuit,Long Beach Street Circuit,long-beach-street-circuit,2017-04-08,201704081305_Race,912,34,1,Kevin Estre,1:44.375,26.550,37.695,40.130,67.8,56:22.475,104375,0,0,17
2017,06_Long Beach Street Circuit,Long Beach Street Circuit,long-beach-street-circuit,2017-04-08,201704081305_Race,912,35,1,Kevin Estre,2:09.578,48.730,48.488,32.360,54.6,58:32.053,129578,0,0,17
2017,06_Long Beach Street Circuit,Long Beach Street Circuit,long-beach-street-circuit,2017-04-08,201704081305_Race,912,36,1,Kevin Estre,2:12.102,45.775,48.463,37.864,53.6,1:00:44.155,132102,0,0,17
2017,06_Long Beach Street Circuit,Long Beach Street Circuit,long-beach-street-circuit,2017-04-08,201704081305_Race,912,37,1,Kevin Estre,2:00.117,46.040,45.841,28.236,58.9,1:02:44.272,120117,0,0,17
2017,06_Long Beach Street Circuit,Long Beach Street Circuit,long-beach-street-circuit,2017-04-08,201704081305_Race,912,38,1,Kevin Estre,1:21.656,26.522,30.538,24.596,86.7,1:04:05.928,81656,0,0,17
2017,06_Long Beach Street Circuit,Long Beach Street Circuit,long-beach-street-circuit,2017-04-08,201704081305_Race,912,39,1,Kevin Estre,1:20.509,26.039,30.834,23.636,87.9,1:05:26.437,80509,0,0,17
2017,06_Long Beach Street Circuit,Long Beach Street Circuit,long-beach-street-circuit,2017-04-08,201704081305_Race,912,40,1,Kevin Estre,1:21.355,26.173,31.135,24.047,87.0,1:06:47.792,81355,0,0,17
2017,06_Long Beach Street Circuit,Long Beach Street Circuit,long-beach-street-circuit,2017-04-08,201704081305_Race,912,41,1,Kevin Estre,1:21.260,27.104,30.425,23.731,87.1,1:08:09.052,81260,0,0,17
2017,06_Long Beach Street Circuit,Long Beach Street Circuit,long-beach-street-circuit,2017-04-08,201704081305_Race,912,42,1,Kevin Estre,1:20.582,26.154,30.357,24.071,87.9,1:09:29.634,80582,0,0,17
2017,06_Long Beach Street Circuit,Long Beach Street Circuit,long-beach-street-circuit,2017-04-08,201704081305_Race,912,43,1,Kevin Estre,1:58.876,30.022,51.415,37.439,59.5,1:11:28.510,118876,0,0,17
2017,06_Long Beach Street Circuit,Long Beach Street Circuit,long-beach-street-circuit,2017-04-08,201704081305_Race,912,44,1,Kevin Estre,2:18.212,47.249,53.642,37.321,51.2,1:13:46.722,138212,0,0,17
2017,06_Long Beach Street Circuit,Long Beach Street Circuit,long-beach-street-circuit,2017-04-08,201704081305_Race,912,45,1,Kevin Estre,2:13.184,45.245,50.905,37.034,53.1,1:15:59.906,133184,0,0,17
2017,06_Long Beach Street Circuit,Long Beach Street Circuit,long-beach-street-circuit,2017-04-08,201704081305_Race,912,46,1,Kevin Estre,2:19.800,45.323,51.648,42.829,50.7,1:18:19.706,139800,0,0,17
2017,06_Long Beach Street Circuit,Long Beach Street Circuit,long-beach-street-circuit,2017-04-08,201704081305_Race,912,47,1,Kevin Estre,2:06.329,49.832,47.167,29.330,56.1,1:20:26.035,126329,0,0,18
2017,06_Long Beach Street Circuit,Long Beach Street Circuit,long-beach-street-circuit,2017-04-08,201704081305_Race,912,48,1,Kevin Estre,1:19.985,26.291,30.193,23.501,88.6,1:21:46.020,79985,0,0,18
2017,06_Long Beach Street Circuit,Long Beach Street Circuit,long-beach-street-circuit,2017-04-08,201704081305_Race,912,49,1,Kevin Estre,1:20.053,26.441,29.972,23.640,88.4,1:23:06.073,80053,0,0,18
2017,06_Long Beach Street Circuit,Long Beach Street Circuit,long-beach-street-circuit,2017-04-08,201704081305_Race,912,50,1,Kevin Estre,1:19.194,25.843,30.032,23.319,89.4,1:24:25.267,79194,0,0,18
2017,06_Long Beach Street Circuit,Long Beach Street Circuit,long-beach-street-circuit,2017-04-08,201704081305_Race,912,51,1,Kevin Estre,1:19.049,25.883,29.905,23.261,89.6,1:25:44.316,79049,0,0,18
2017,06_Long Beach Street Circuit,Long Beach Street Circuit,long-beach-street-circuit,2017-04-08,201704081305_Race,912,52,1,Kevin Estre,1:19.096,25.832,29.967,23.297,89.6,1:27:03.412,79096,0,0,18
2017,06_Long Beach Street Circuit,Long Beach Street Circuit,long-beach-street-circuit,2017-04-08,201704081305_Race,912,53,1,Kevin Estre,1:20.374,25.765,30.442,24.167,88.1,1:28:23.786,80374,0,0,18
2017,06_Long Beach Street Circuit,Long Beach Street Circuit,long-beach-street-circuit,2017-04-08,201704081305_Race,912,54,1,Kevin Estre,1:19.296,26.013,30.076,23.207,89.3,1:29:43.082,79296,0,0,18
2017,06_Long Beach Street Circuit,Long Beach Street Circuit,long-beach-street-circuit,2017-04-08,201704081305_Race,912,55,1,Kevin Estre,1:19.384,25.932,30.164,23.288,89.2,1:31:02.466,79384,0,0,18
2017,06_Long Beach Street Circuit,Long Beach Street Circuit,long-beach-street-circuit,2017-04-08,201704081305_Race,912,56,1,Kevin Estre,1:19.185,25.897,29.930,23.358,89.4,1:32:21.651,79185,0,0,18
2017,06_Long Beach Street Circuit,Long Beach Street Circuit,long-beach-street-circuit,2017-04-08,201704081305_Race,912,57,1,Kevin Estre,1:19.621,25.838,30.035,23.748,88.9,1:33:41.272,79621,0,0,18
2017,06_Long Beach Street Circuit,Long Beach Street Circuit,long-beach-street-circuit,2017-04-08,201704081305_Race,912,58,1,Kevin Estre,1:19.297,25.987,30.077,23.233,89.3,1:35:00.569,79297,0,0,18
2017,06_Long Beach Street Circuit,Long Beach Street Circuit,long-beach-street-circuit,2017-04-08,201704081305_Race,912,59,1,Kevin Estre,1:19.249,25.804,30.055,23.390,89.4,1:36:19.818,79249,0,0,18
2017,06_Long Beach Street Circuit,Long Beach Street Circuit,long-beach-street-circuit,2017-04-08,201704081305_Race,912,60,1,Kevin Estre,1:19.530,25.955,30.185,23.390,89.1,1:37:39.348,79530,0,0,18
2017,06_Long Beach Street Circuit,Long Beach Street Circuit,long-beach-street-circuit,2017-04-08,201704081305_Race,912,61,1,Kevin Estre,1:19.637,26.048,30.228,23.361,88.9,1:38:58.985,79637,0,0,18
2017,06_Long Beach Street Circuit,Long Beach Street Circuit,long-beach-street-circuit,2017-04-08,201704081305_Race,912,62,1,Kevin Estre,1:19.944,26.009,30.206,23.729,88.6,1:40:18.929,79944,0,0,18
2017,06_Long Beach Street Circuit,Long Beach Street Circuit,long-beach-street-circuit,2017-04-08,201704081305_Race,912,63,1,Kevin Estre,1:30.425,25.944,30.227,34.254,78.3,1:41:49.354,90425,0,0,18
2017,06_Long Beach Street Circuit,Long Beach Street Circuit,long-beach-street-circuit,2017-04-08,201704081305_Race,991,1,2,Jan Heylen,1:39.473,42.965,31.863,24.645,71.2,1:39.473,,,0,18
2017,06_Long Beach Street Circuit,Long Beach Street Circuit,long-beach-street-circuit,2017-04-08,201704081305_Race,991,2,2,Jan Heylen,1:57.686,36.245,47.617,33.824,60.2,3:37.159,117686,0,0,18
2017,06_Long Beach Street Circuit,Long Beach Street Circuit,long-beach-street-circuit,2017-04-08,201704081305_Race,991,3,2,Jan Heylen,2:17.004,42.000,53.669,41.335,51.6,5:54.163,137004,0,0,18
2017,06_Long Beach Street Circuit,Long Beach Street Circuit,long-beach-street-circuit,2017-04-08,201704081305_Race,991,4,2,Jan Heylen,2:09.389,44.259,50.026,35.104,54.7,8:03.552,129389,0,0,18
2017,06_Long Beach Street Circuit,Long Beach Street Circuit,long-beach-street-circuit,2017-04-08,201704081305_Race,991,5,2,Jan Heylen,2:05.191,41.759,42.822,40.610,56.6,10:08.743,125191,0,0,18
2017,06_Long Beach Street Circuit,Long Beach Street Circuit,long-beach-street-circuit,2017-04-08,201704081305_Race,991,6,2,Jan Heylen,2:01.804,44.304,48.258,29.242,58.1,12:10.547,121804,0,0,18
2017,06_Long Beach Street Circuit,Long Beach Street Circuit,long-beach-street-circuit,2017-04-08,201704081305_Race,991,7,2,Jan Heylen,1:21.923,26.961,30.822,24.140,86.4,13:32.470,81923,0,0,18
2017,06_Long Beach Street Circuit,Long Beach Street Circuit,long-beach-street-circuit,2017-04-08,201704081305_Race,991,8,2,Jan Heylen,1:21.337,26.739,30.705,23.893,87.1,14:53.807,81337,0,0,18
2017,06_Long Beach Street Circuit,Long Beach Street Circuit,long-beach-street-circuit,2017-04-08,201704081305_Race,991,9,2,Jan Heylen,1:22.542,26.685,31.907,23.950,85.8,16:16.349,82542,0,0,18
2017,06_Long Beach Street Circuit,Long Beach Street Circuit,long-beach-street-circuit,2017-04-08,201704081305_Race,991,10,2,Jan Heylen,1:25.905,26.653,31.123,28.129,82.4,17:42.254,85905,0,0,18
2017,06_Long Beach Street Circuit,Long Beach Street Circuit,long-beach-street-circuit,2017-04-08,201704081305_Race,991,11,2,Jan Heylen,1:33.218,34.577,32.593,26.048,75.9,19:15.472,93218,0,0,18
2017,06_Long Beach Street Circuit,Long Beach Street Circuit,long-beach-street-circuit,2017-04-08,201704081305_Race,991,12,2,Jan Heylen,1:52.382,35.154,41.900,35.328,63.0,21:07.854,112382,0,0,18
2017,06_Long Beach Street Circuit,Long Beach Street Circuit,long-beach-street-circuit,2017-04-08,201704081305_Race,991,13,2,Jan Heylen,2:01.813,48.453,39.763,33.597,58.1,23:09.667,121813,0,0,18
2017,06_Long Beach Street Circuit,Long Beach Street Circuit,long-beach-street-circuit,2017-04-08,201704081305_Race,991,14,2,Jan Heylen,1:56.632,42.781,43.561,30.290,60.7,25:06.299,116632,0,0,18
2017,06_Long Beach Street Circuit,Long Beach Street Circuit,long-beach-street-circuit,2017-04-08,201704081305_Race,991,15,2,Jan Heylen,1:21.514,27.045,30.695,23.774,86.9,26:27.813,81514,0,0,18
2017,06_Long Beach Street Circuit,Long Beach Street Circuit,long-beach-street-circuit,2017-04-08,201704081305_Race,991,16,2,Jan Heylen,1:21.378,26.658,30.898,23.822,87.0,27:49.191,81378,0,0,18
2017,06_Long Beach Street Circuit,Long Beach Street Circuit,long-beach-street-circuit,2017-04-08,201704081305_Race,991,17,2,Jan Heylen,1:21.835,26.724,31.147,23.964,86.5,29:11.026,81835,0,0,18
2017,06_Long Beach Street Circuit,Long Beach Street Circuit,long-beach-street-circuit,2017-04-08,201704081305_Race,991,18,2,Jan Heylen,1:21.055,26.516,30.657,23.882,87.4,30:32.081,81055,0,0,18
2017,06_Long Beach Street Circuit,Long Beach Street Circuit,long-beach-street-circuit,2017-04-08,201704081305_Race,991,19,2,Jan Heylen,1:20.660,26.391,30.538,23.731,87.8,31:52.741,80660,0,0,18
2017,06_Long Beach Street Circuit,Long Beach Street Circuit,long-beach-street-circuit,2017-04-08,201704081305_Race,991,20,2,Jan Heylen,1:20.779,26.371,30.512,23.896,87.6,33:13.520,80779,0,0,18
2017,06_Long Beach Street Circuit,Long Beach Street Circuit,long-beach-street-circuit,2017-04-08,201704081305_Race,991,21,2,Jan Heylen,1:25.269,26.411,31.568,27.290,83.0,34:38.789,85269,0,0,18
2017,06_Long Beach Street Circuit,Long Beach Street Circuit,long-beach-street-circuit,2017-04-08,201704081305_Race,991,22,2,Jan Heylen,1:31.086,31.464,33.795,25.827,77.7,36:09.875,91086,0,0,18
2017,06_Long Beach Street Circuit,Long Beach Street Circuit,long-beach-street-circuit,2017-04-08,201704081305_Race,991,23,2,Jan Heylen,2:01.676,29.314,46.930,45.432,58.2,38:11.551,121676,0,0,18
2017,06_Long Beach Street Circuit,Long Beach Street Circuit,long-beach-street-circuit,2017-04-08,201704081305_Race,991,24,2,Jan Heylen,1:59.937,44.801,45.697,29.439,59.0,40:11.488,119937,0,0,18
2017,06_Long Beach Street Circuit,Long Beach Street Circuit,long-beach-street-circuit,2017-04-08,201704081305_Race,991,25,2,Jan Heylen,1:34.319,27.138,31.379,35.802,75.1,41:45.807,94319,0,1,18
2017,06_Long Beach Street Circuit,Long Beach Street Circuit,long-beach-street-circuit,2017-04-08,201704081305_Race,991,26,1,Wolf Henzler,2:26.165,1:28.552,32.466,25.147,48.4,44:11.972,146165,0,0,18
2017,06_Long Beach Street Circuit,Long Beach Street Circuit,long-beach-street-circuit,2017-04-08,201704081305_Race,991,27,1,Wolf Henzler,1:22.493,27.038,31.145,24.310,85.8,45:34.465,82493,0,0,18
2017,06_Long Beach Street Circuit,Long Beach Street Circuit,long-beach-street-circuit,2017-04-08,201704081305_Race,991,28,1,Wolf Henzler,1:22.681,27.080,31.390,24.211,85.6,46:57.146,82681,0,0,18
2017,06_Long Beach Street Circuit,Long Beach Street Circuit,long-beach-street-circuit,2017-04-08,201704081305_Race,991,29,1,Wolf Henzler,1:23.112,28.254,30.859,23.999,85.2,48:20.258,83112,0,0,18
2017,06_Long Beach Street Circuit,Long Beach Street Circuit,long-beach-street-circuit,2017-04-08,201704081305_Race,991,30,1,Wolf Henzler,1:35.520,27.091,32.549,35.880,74.1,49:55.778,95520,0,0,18
2017,06_Long Beach Street Circuit,Long Beach Street Circuit,long-beach-street-circuit,2017-04-08,201704081305_Race,991,31,1,Wolf Henzler,1:35.165,32.164,32.660,30.341,74.4,51:30.943,95165,0,0,18
2017,06_Long Beach Street Circuit,Long Beach Street Circuit,long-beach-street-circuit,2017-04-08,201704081305_Race,991,32,1,Wolf Henzler,2:17.194,44.712,47.157,45.325,51.6,53:48.137,137194,0,0,18
2017,06_Long Beach Street Circuit,Long Beach Street Circuit,long-beach-street-circuit,2017-04-08,201704081305_Race,991,33,1,Wolf Henzler,1:27.498,30.797,31.881,24.820,80.9,55:15.635,87498,0,0,18
2017,06_Long Beach Street Circuit,Long Beach Street Circuit,long-beach-street-circuit,2017-04-08,201704081305_Race,991,34,1,Wolf Henzler,1:23.736,27.497,31.526,24.713,84.6,56:39.371,83736,0,0,18
2017,06_Long Beach Street Circuit,Long Beach Street Circuit,long-beach-street-circuit,2017-04-08,201704081305_Race,991,35,1,Wolf Henzler,2:07.476,45.400,49.088,32.988,55.5,58:46.847,127476,0,0,18
2017,06_Long Beach Street Circuit,Long Beach Street Circuit,long-beach-street-circuit,2017-04-08,201704081305_Race,991,36,1,Wolf Henzler,2:13.376,44.161,50.993,38.222,53.1,1:01:00.223,133376,0,0,18
2017,06_Long Beach Street Circuit,Long Beach Street Circuit,long-beach-street-circuit,2017-04-08,201704081305_Race,991,37,1,Wolf Henzler,1:51.652,41.847,44.812,24.993,63.4,1:02:51.875,111652,0,0,18
2017,06_Long Beach Street Circuit,Long Beach Street Circuit,long-beach-street-circuit,2017-04-08,201704081305_Race,991,38,1,Wolf Henzler,1:24.350,26.784,31.045,26.521,84.0,1:04:16.225,84350,0,0,18
2017,06_Long Beach Street Circuit,Long Beach Street Circuit,long-beach-street-circuit,2017-04-08,201704081305_Race,991,39,1,Wolf Henzler,1:22.912,26.769,31.206,24.937,85.4,1:05:39.137,82912,0,0,18
2017,06_Long Beach Street Circuit,Long Beach Street Circuit,long-beach-street-circuit,2017-04-08,201704081305_Race,991,40,1,Wolf Henzler,1:22.615,27.666,30.800,24.149,85.7,1:07:01.752,82615,0,0,18
2017,06_Long Beach Street Circuit,Long Beach Street Circuit,long-beach-street-circuit,2017-04-08,201704081305_Race,991,41,1,Wolf Henzler,1:21.131,26.414,30.739,23.978,87.3,1:08:22.883,81131,0,0,18
2017,06_Long Beach Street Circuit,Long Beach Street Circuit,long-beach-street-circuit,2017-04-08,201704081305_Race,991,42,1,Wolf Henzler,1:27.355,26.568,32.625,28.162,81.0,1:09:50.238,87355,0,0,18
2017,06_Long Beach Street Circuit,Long Beach Street Circuit,long-beach-street-circuit,2017-04-08,201704081305_Race,991,43,1,Wolf Henzler,1:59.830,32.108,54.051,33.671,59.1,1:11:50.068,119830,0,0,18
2017,06_Long Beach Street Circuit,Long Beach Street Circuit,long-beach-street-circuit,2017-04-08,201704081305_Race,991,44,1,Wolf Henzler,2:22.232,46.946,59.164,36.122,49.8,1:14:12.300,142232,0,0,18
2017,06_Long Beach Street Circuit,Long Beach Street Circuit,long-beach-street-circuit,2017-04-08,201704081305_Race,991,45,1,Wolf Henzler,2:13.177,44.866,51.220,37.091,53.1,1:16:25.477,133177,0,0,18
2017,06_Long Beach Street Circuit,Long Beach Street Circuit,long-beach-street-circuit,2017-04-08,201704081305_Race,991,46,1,Wolf Henzler,2:18.790,47.409,46.284,45.097,51.0,1:18:44.267,138790,0,0,18
2017,06_Long Beach Street Circuit,Long Beach Street Circuit,long-beach-street-circuit,2017-04-08,201704081305_Race,991,47,1,Wolf Henzler,1:52.840,44.924,42.532,25.384,62.7,1:20:37.107,112840,0,0,18
2017,06_Long Beach Street Circuit,Long Beach Street Circuit,long-beach-street-circuit,2017-04-08,201704081305_Race,991,48,1,Wolf Henzler,1:22.481,27.169,31.113,24.199,85.8,1:21:59.588,82481,0,0,18
2017,06_Long Beach Street Circuit,Long Beach Street Circuit,long-beach-street-circuit,2017-04-08,201704081305_Race,991,49,1,Wolf Henzler,1:22.312,26.623,30.876,24.813,86.0,1:23:21.900,82312,0,0,18
2017,06_Long Beach Street Circuit,Long Beach Street Circuit,long-beach-street-circuit,2017-04-08,201704081305_Race,991,50,1,Wolf Henzler,1:21.319,26.384,30.895,24.040,87.1,1:24:43.219,81319,0,0,18
2017,06_Long Beach Street Circuit,Long Beach Street Circuit,long-beach-street-circuit,2017-04-08,201704081305_Race,991,51,1,Wolf Henzler,1:23.003,26.585,32.447,23.971,85.3,1:26:06.222,83003,0,0,18
2017,06_Long Beach Street Circuit,Long Beach Street Circuit,long-beach-street-circuit,2017-04-08,201704081305_Race,991,52,1,Wolf Henzler,1:21.108,26.368,30.603,24.137,87.3,1:27:27.330,81108,0,0,18
2017,06_Long Beach Street Circuit,Long Beach Street Circuit,long-beach-street-circuit,2017-04-08,201704081305_Race,991,53,1,Wolf Henzler,1:20.996,26.490,30.534,23.972,87.4,1:28:48.326,80996,0,0,18
2017,06_Long Beach Street Circuit,Long Beach Street Circuit,long-beach-street-circuit,2017-04-08,201704081305_Race,991,54,1,Wolf Henzler,1:20.882,26.354,30.612,23.916,87.6,1:30:09.208,80882,0,0,18
2017,06_Long Beach Street Circuit,Long Beach Street Circuit,long-beach-street-circuit,2017-04-08,201704081305_Race,991,55,1,Wolf Henzler,1:21.160,26.732,30.588,23.840,87.3,1:31:30.368,81160,0,0,18
2017,06_Long Beach Street Circuit,Long Beach Street Circuit,long-beach-street-circuit,2017-04-08,201704081305_Race,991,56,1,Wolf Henzler,1:21.376,26.582,30.747,24.047,87.0,1:32:51.744,81376,0,0,18
2017,06_Long Beach Street Circuit,Long Beach Street Circuit,long-beach-street-circuit,2017-04-08,201704081305_Race,991,57,1,Wolf Henzler,1:22.684,27.242,30.842,24.600,85.6,1:34:14.428,82684,0,0,18
2017,06_Long Beach Street Circuit,Long Beach Street Circuit,long-beach-street-circuit,2017-04-08,201704081305_Race,991,58,1,Wolf Henzler,1:22.186,27.210,30.988,23.988,86.1,1:35:36.614,82186,0,0,18
2017,06_Long Beach Street Circuit,Long Beach Street Circuit,long-beach-street-circuit,2017-04-08,201704081305_Race,991,59,1,Wolf Henzler,1:22.120,26.538,31.209,24.373,86.2,1:36:58.734,82120,0,0,18
2017,06_Long Beach Street Circuit,Long Beach Street Circuit,long-beach-street-circuit,2017-04-08,201704081305_Race,991,60,1,Wolf Henzler,1:23.270,27.581,31.121,24.568,85.0,1:38:22.004,83270,0,0,18
2017,06_Long Beach Street Circuit,Long Beach Street Circuit,long-beach-street-circuit,2017-04-08,201704081305_Race,991,61,1,Wolf Henzler,1:23.002,26.549,31.019,25.434,85.3,1:39:45.006,83002,0,0,18
2017,06_Long Beach Street Circuit,Long Beach Street Circuit,long-beach-street-circuit,2017-04-08,201704081305_Race,991,62,1,Wolf Henzler,1:23.010,26.844,30.846,25.320,85.3,1:41:08.016,83010,0,0,18
