year,event_code,event_name,track_slug,race_date,session_directory,car_number,car_metadata,stop_number,in_time,in_driver,out_time,out_driver,pit_time,cumulative_pit_time,source_report,source_page,source_column
2023,07_Sebring International Raceway,Sebring International Raceway,sebring-international-raceway,2023-03-18,202303181010_Race,01,Cadillac Racing | Cadillac V-Series R GTP,1,11:09:24.774,S. Bourdais,11:10:40.158,S. Bourdais,1:15.384,1:15.384,20_Pit Stops Time Cards_Race.PDF,1,1
2023,07_Sebring International Raceway,Sebring International Raceway,sebring-international-raceway,2023-03-18,202303181010_Race,01,Cadillac Racing | Cadillac V-Series R GTP,2,12:21:01.742,S. Bourdais,12:22:14.905,S. Dixon,1:13.163,2:28.547,20_Pit Stops Time Cards_Race.PDF,1,1
2023,07_Sebring International Raceway,Sebring International Raceway,sebring-international-raceway,2023-03-18,202303181010_Race,01,Cadillac Racing | Cadillac V-Series R GTP,3,13:20:37.915,S. Dixon,13:21:53.320,S. Dixon,1:15.405,3:43.952,20_Pit Stops Time Cards_Race.PDF,1,1
2023,07_Sebring International Raceway,Sebring International Raceway,sebring-international-raceway,2023-03-18,202303181010_Race,01,Cadillac Racing | Cadillac V-Series R GTP,4,14:17:46.729,S. Dixon,14:19:02.700,R. van der Zande,1:15.971,4:59.923,20_Pit Stops Time Cards_Race.PDF,1,1
2023,07_Sebring International Raceway,Sebring International Raceway,sebring-international-raceway,2023-03-18,202303181010_Race,01,Cadillac Racing | Cadillac V-Series R GTP,5,15:05:06.829,R. van der Zande,15:06:13.464,R. van der Zande,1:06.635,6:06.558,20_Pit Stops Time Cards_Race.PDF,1,1
2023,07_Sebring International Raceway,Sebring International Raceway,sebring-international-raceway,2023-03-18,202303181010_Race,01,Cadillac Racing | Cadillac V-Series R GTP,6,16:14:46.300,R. van der Zande,16:16:00.896,R. van der Zande,1:14.596,7:21.154,20_Pit Stops Time Cards_Race.PDF,1,1
2023,07_Sebring International Raceway,Sebring International Raceway,sebring-international-raceway,2023-03-18,202303181010_Race,01,Cadillac Racing | Cadillac V-Series R GTP,7,16:29:47.355,R. van der Zande,16:30:40.611,R. van der Zande,53.256,8:14.410,20_Pit Stops Time Cards_Race.PDF,1,1
2023,07_Sebring International Raceway,Sebring International Raceway,sebring-international-raceway,2023-03-18,202303181010_Race,01,Cadillac Racing | Cadillac V-Series R GTP,8,17:16:47.672,R. van der Zande,17:18:06.176,S. Bourdais,1:18.504,9:32.914,20_Pit Stops Time Cards_Race.PDF,1,1
2023,07_Sebring International Raceway,Sebring International Raceway,sebring-international-raceway,2023-03-18,202303181010_Race,01,Cadillac Racing | Cadillac V-Series R GTP,9,17:24:22.643,S. Bourdais,17:25:19.896,S. Bourdais,57.253,10:30.167,20_Pit Stops Time Cards_Race.PDF,1,1
2023,07_Sebring International Raceway,Sebring International Raceway,sebring-international-raceway,2023-03-18,202303181010_Race,01,Cadillac Racing | Cadillac V-Series R GTP,10,18:12:26.032,S. Bourdais,18:13:30.691,S. Bourdais,1:04.659,11:34.826,20_Pit Stops Time Cards_Race.PDF,1,1
2023,07_Sebring International Raceway,Sebring International Raceway,sebring-international-raceway,2023-03-18,202303181010_Race,1,10 S. Bourdais S. Bourdais 1:04.659 11:34.826 | Paul Miller Racing | BMW M4 GT3 GTD,1,11:13:06.973,M. Snow,11:14:23.469,B. Sellers,1:16.496,1:16.496,20_Pit Stops Time Cards_Race.PDF,1,1
2023,07_Sebring International Raceway,Sebring International Raceway,sebring-international-raceway,2023-03-18,202303181010_Race,1,10 S. Bourdais S. Bourdais 1:04.659 11:34.826 | Paul Miller Racing | BMW M4 GT3 GTD,2,11:27:43.210,B. Sellers,11:28:23.076,B. Sellers,39.866,1:56.362,20_Pit Stops Time Cards_Race.PDF,1,1
2023,07_Sebring International Raceway,Sebring International Raceway,sebring-international-raceway,2023-03-18,202303181010_Race,1,10 S. Bourdais S. Bourdais 1:04.659 11:34.826 | Paul Miller Racing | BMW M4 GT3 GTD,3,12:24:57.285,B. Sellers,12:26:02.440,C. Lewis,1:05.155,3:01.517,20_Pit Stops Time Cards_Race.PDF,1,1
2023,07_Sebring International Raceway,Sebring International Raceway,sebring-international-raceway,2023-03-18,202303181010_Race,1,10 S. Bourdais S. Bourdais 1:04.659 11:34.826 | Paul Miller Racing | BMW M4 GT3 GTD,4,13:31:54.507,C. Lewis,13:33:11.090,C. Lewis,1:16.583,4:18.100,20_Pit Stops Time Cards_Race.PDF,1,1
2023,07_Sebring International Raceway,Sebring International Raceway,sebring-international-raceway,2023-03-18,202303181010_Race,1,10 S. Bourdais S. Bourdais 1:04.659 11:34.826 | Paul Miller Racing | BMW M4 GT3 GTD,5,14:33:12.065,C. Lewis,14:34:27.884,B. Sellers,1:15.819,5:33.919,20_Pit Stops Time Cards_Race.PDF,1,1
2023,07_Sebring International Raceway,Sebring International Raceway,sebring-international-raceway,2023-03-18,202303181010_Race,1,10 S. Bourdais S. Bourdais 1:04.659 11:34.826 | Paul Miller Racing | BMW M4 GT3 GTD,6,15:08:51.956,B. Sellers,15:09:51.392,M. Snow,59.436,6:33.355,20_Pit Stops Time Cards_Race.PDF,1,1
2023,07_Sebring International Raceway,Sebring International Raceway,sebring-international-raceway,2023-03-18,202303181010_Race,1,10 S. Bourdais S. Bourdais 1:04.659 11:34.826 | Paul Miller Racing | BMW M4 GT3 GTD,7,16:18:37.517,M. Snow,16:19:53.537,C. Lewis,1:16.020,7:49.375,20_Pit Stops Time Cards_Race.PDF,1,1
2023,07_Sebring International Raceway,Sebring International Raceway,sebring-international-raceway,2023-03-18,202303181010_Race,1,10 S. Bourdais S. Bourdais 1:04.659 11:34.826 | Paul Miller Racing | BMW M4 GT3 GTD,8,17:20:29.063,C. Lewis,17:21:50.223,M. Snow,1:21.160,9:10.535,20_Pit Stops Time Cards_Race.PDF,1,1
2023,07_Sebring International Raceway,Sebring International Raceway,sebring-international-raceway,2023-03-18,202303181010_Race,1,10 S. Bourdais S. Bourdais 1:04.659 11:34.826 | Paul Miller Racing | BMW M4 GT3 GTD,9,18:16:13.626,M. Snow,18:17:20.185,B. Sellers,1:06.559,10:17.094,20_Pit Stops Time Cards_Race.PDF,1,1
2023,07_Sebring International Raceway,Sebring International Raceway,sebring-international-raceway,2023-03-18,202303181010_Race,1,10 S. Bourdais S. Bourdais 1:04.659 11:34.826 | Paul Miller Racing | BMW M4 GT3 GTD,10,19:19:49.815,B. Sellers,19:21:05.895,B. Sellers,1:16.080,11:33.174,20_Pit Stops Time Cards_Race.PDF,1,1
2023,07_Sebring International Raceway,Sebring International Raceway,sebring-international-raceway,2023-03-18,202303181010_Race,1,10 S. Bourdais S. Bourdais 1:04.659 11:34.826 | Paul Miller Racing | BMW M4 GT3 GTD,11,20:21:10.010,B. Sellers,20:22:26.662,M. Snow,1:16.652,12:49.826,20_Pit Stops Time Cards_Race.PDF,1,1
2023,07_Sebring International Raceway,Sebring International Raceway,sebring-international-raceway,2023-03-18,202303181010_Race,3,11 B. Sellers M. Snow 1:16.652 12:49.826 | Corvette Racing | Chevrolet Corvette C8.R GTD GTDPRO,1,11:19:37.758,A. Garcia,11:21:00.140,A. Garcia,1:22.382,1:22.382,20_Pit Stops Time Cards_Race.PDF,1,1
2023,07_Sebring International Raceway,Sebring International Raceway,sebring-international-raceway,2023-03-18,202303181010_Race,3,11 B. Sellers M. Snow 1:16.652 12:49.826 | Corvette Racing | Chevrolet Corvette C8.R GTD GTDPRO,2,11:27:51.816,A. Garcia,11:29:02.640,A. Garcia,1:10.824,2:33.206,20_Pit Stops Time Cards_Race.PDF,1,1
2023,07_Sebring International Raceway,Sebring International Raceway,sebring-international-raceway,2023-03-18,202303181010_Race,3,11 B. Sellers M. Snow 1:16.652 12:49.826 | Corvette Racing | Chevrolet Corvette C8.R GTD GTDPRO,3,11:32:01.902,A. Garcia,11:32:41.035,A. Garcia,39.133,3:12.339,20_Pit Stops Time Cards_Race.PDF,1,1
2023,07_Sebring International Raceway,Sebring International Raceway,sebring-international-raceway,2023-03-18,202303181010_Race,3,11 B. Sellers M. Snow 1:16.652 12:49.826 | Corvette Racing | Chevrolet Corvette C8.R GTD GTDPRO,4,12:24:57.869,A. Garcia,12:25:58.606,J. Taylor,1:00.737,4:13.076,20_Pit Stops Time Cards_Race.PDF,1,1
2023,07_Sebring International Raceway,Sebring International Raceway,sebring-international-raceway,2023-03-18,202303181010_Race,3,11 B. Sellers M. Snow 1:16.652 12:49.826 | Corvette Racing | Chevrolet Corvette C8.R GTD GTDPRO,5,13:13:01.167,J. Taylor,13:14:05.659,J. Taylor,1:04.492,5:17.568,20_Pit Stops Time Cards_Race.PDF,1,1
2023,07_Sebring International Raceway,Sebring International Raceway,sebring-international-raceway,2023-03-18,202303181010_Race,3,11 B. Sellers M. Snow 1:16.652 12:49.826 | Corvette Racing | Chevrolet Corvette C8.R GTD GTDPRO,6,14:15:47.195,J. Taylor,14:17:03.651,J. Taylor,1:16.456,6:34.024,20_Pit Stops Time Cards_Race.PDF,1,1
2023,07_Sebring International Raceway,Sebring International Raceway,sebring-international-raceway,2023-03-18,202303181010_Race,3,11 B. Sellers M. Snow 1:16.652 12:49.826 | Corvette Racing | Chevrolet Corvette C8.R GTD GTDPRO,7,15:09:06.497,J. Taylor,15:10:13.804,T. Milner,1:07.307,7:41.331,20_Pit Stops Time Cards_Race.PDF,1,1
2023,07_Sebring International Raceway,Sebring International Raceway,sebring-international-raceway,2023-03-18,202303181010_Race,3,11 B. Sellers M. Snow 1:16.652 12:49.826 | Corvette Racing | Chevrolet Corvette C8.R GTD GTDPRO,8,16:22:32.562,T. Milner,16:23:48.560,T. Milner,1:15.998,8:57.329,20_Pit Stops Time Cards_Race.PDF,1,1
2023,07_Sebring International Raceway,Sebring International Raceway,sebring-international-raceway,2023-03-18,202303181010_Race,3,11 B. Sellers M. Snow 1:16.652 12:49.826 | Corvette Racing | Chevrolet Corvette C8.R GTD GTDPRO,9,17:20:27.749,T. Milner,17:21:47.215,T. Milner,1:19.466,10:16.795,20_Pit Stops Time Cards_Race.PDF,1,1
2023,07_Sebring International Raceway,Sebring International Raceway,sebring-international-raceway,2023-03-18,202303181010_Race,3,11 B. Sellers M. Snow 1:16.652 12:49.826 | Corvette Racing | Chevrolet Corvette C8.R GTD GTDPRO,10,18:16:12.526,T. Milner,18:21:07.972,J. Taylor,4:55.446,15:12.241,20_Pit Stops Time Cards_Race.PDF,1,1
2023,07_Sebring International Raceway,Sebring International Raceway,sebring-international-raceway,2023-03-18,202303181010_Race,3,11 B. Sellers M. Snow 1:16.652 12:49.826 | Corvette Racing | Chevrolet Corvette C8.R GTD GTDPRO,11,19:13:15.550,J. Taylor,19:14:23.372,J. Taylor,1:07.822,16:20.063,20_Pit Stops Time Cards_Race.PDF,1,1
2023,07_Sebring International Raceway,Sebring International Raceway,sebring-international-raceway,2023-03-18,202303181010_Race,3,11 B. Sellers M. Snow 1:16.652 12:49.826 | Corvette Racing | Chevrolet Corvette C8.R GTD GTDPRO,12,20:09:41.396,J. Taylor,20:10:53.325,A. Garcia,1:11.929,17:31.992,20_Pit Stops Time Cards_Race.PDF,1,1
2023,07_Sebring International Raceway,Sebring International Raceway,sebring-international-raceway,2023-03-18,202303181010_Race,3,11 B. Sellers M. Snow 1:16.652 12:49.826 | Corvette Racing | Chevrolet Corvette C8.R GTD GTDPRO,13,20:46:02.595,A. Garcia,20:47:23.391,A. Garcia,1:20.796,18:52.788,20_Pit Stops Time Cards_Race.PDF,1,1
2023,07_Sebring International Raceway,Sebring International Raceway,sebring-international-raceway,2023-03-18,202303181010_Race,3,11 B. Sellers M. Snow 1:16.652 12:49.826 | Corvette Racing | Chevrolet Corvette C8.R GTD GTDPRO,14,21:14:45.374,A. Garcia,21:15:30.764,A. Garcia,45.390,19:38.178,20_Pit Stops Time Cards_Race.PDF,1,1
2023,07_Sebring International Raceway,Sebring International Raceway,sebring-international-raceway,2023-03-18,202303181010_Race,04,14 A. Garcia A. Garcia 45.390 19:38.178 | Crowdstrike Racing by APR | ORECA LMP2 07 LMP2,1,10:58:17.415,G. Kurtz,10:59:32.736,G. Kurtz,1:15.321,1:15.321,20_Pit Stops Time Cards_Race.PDF,1,1
2023,07_Sebring International Raceway,Sebring International Raceway,sebring-international-raceway,2023-03-18,202303181010_Race,04,14 A. Garcia A. Garcia 45.390 19:38.178 | Crowdstrike Racing by APR | ORECA LMP2 07 LMP2,2,11:09:19.380,G. Kurtz,11:09:52.287,G. Kurtz,32.907,1:48.228,20_Pit Stops Time Cards_Race.PDF,1,1
2023,07_Sebring International Raceway,Sebring International Raceway,sebring-international-raceway,2023-03-18,202303181010_Race,04,14 A. Garcia A. Garcia 45.390 19:38.178 | Crowdstrike Racing by APR | ORECA LMP2 07 LMP2,3,11:24:25.764,G. Kurtz,11:25:32.555,G. Kurtz,1:06.791,2:55.019,20_Pit Stops Time Cards_Race.PDF,1,1
2023,07_Sebring International Raceway,Sebring International Raceway,sebring-international-raceway,2023-03-18,202303181010_Race,04,14 A. Garcia A. Garcia 45.390 19:38.178 | Crowdstrike Racing by APR | ORECA LMP2 07 LMP2,4,12:31:12.098,G. Kurtz,12:32:20.931,N. Siegel,1:08.833,4:03.852,20_Pit Stops Time Cards_Race.PDF,1,1
2023,07_Sebring International Raceway,Sebring International Raceway,sebring-international-raceway,2023-03-18,202303181010_Race,04,14 A. Garcia A. Garcia 45.390 19:38.178 | Crowdstrike Racing by APR | ORECA LMP2 07 LMP2,5,13:10:55.932,N. Siegel,13:12:14.008,N. Siegel,1:18.076,5:21.928,20_Pit Stops Time Cards_Race.PDF,1,1
2023,07_Sebring International Raceway,Sebring International Raceway,sebring-international-raceway,2023-03-18,202303181010_Race,04,14 A. Garcia A. Garcia 45.390 19:38.178 | Crowdstrike Racing by APR | ORECA LMP2 07 LMP2,6,13:57:49.116,N. Siegel,13:59:10.658,G. Kurtz,1:21.542,6:43.470,20_Pit Stops Time Cards_Race.PDF,1,1
2023,07_Sebring International Raceway,Sebring International Raceway,sebring-international-raceway,2023-03-18,202303181010_Race,04,14 A. Garcia A. Garcia 45.390 19:38.178 | Crowdstrike Racing by APR | ORECA LMP2 07 LMP2,7,14:42:46.749,G. Kurtz,14:44:03.320,B. Hanley,1:16.571,8:00.041,20_Pit Stops Time Cards_Race.PDF,1,1
2023,07_Sebring International Raceway,Sebring International Raceway,sebring-international-raceway,2023-03-18,202303181010_Race,04,14 A. Garcia A. Garcia 45.390 19:38.178 | Crowdstrike Racing by APR | ORECA LMP2 07 LMP2,8,15:06:54.988,B. Hanley,15:07:56.944,B. Hanley,1:01.956,9:01.997,20_Pit Stops Time Cards_Race.PDF,1,1
2023,07_Sebring International Raceway,Sebring International Raceway,sebring-international-raceway,2023-03-18,202303181010_Race,04,14 A. Garcia A. Garcia 45.390 19:38.178 | Crowdstrike Racing by APR | ORECA LMP2 07 LMP2,9,16:02:41.207,B. Hanley,16:03:59.438,B. Hanley,1:18.231,10:20.228,20_Pit Stops Time Cards_Race.PDF,1,1
2023,07_Sebring International Raceway,Sebring International Raceway,sebring-international-raceway,2023-03-18,202303181010_Race,04,14 A. Garcia A. Garcia 45.390 19:38.178 | Crowdstrike Racing by APR | ORECA LMP2 07 LMP2,10,16:30:22.292,B. Hanley,16:31:29.362,N. Siegel,1:07.070,11:27.298,20_Pit Stops Time Cards_Race.PDF,1,2
2023,07_Sebring International Raceway,Sebring International Raceway,sebring-international-raceway,2023-03-18,202303181010_Race,04,14 A. Garcia A. Garcia 45.390 19:38.178 | Crowdstrike Racing by APR | ORECA LMP2 07 LMP2,11,17:16:48.490,N. Siegel,17:18:07.401,N. Siegel,1:18.911,12:46.209,20_Pit Stops Time Cards_Race.PDF,1,2
2023,07_Sebring International Raceway,Sebring International Raceway,sebring-international-raceway,2023-03-18,202303181010_Race,04,14 A. Garcia A. Garcia 45.390 19:38.178 | Crowdstrike Racing by APR | ORECA LMP2 07 LMP2,12,18:12:29.784,N. Siegel,18:13:44.340,B. Hanley,1:14.556,14:00.765,20_Pit Stops Time Cards_Race.PDF,1,2
2023,07_Sebring International Raceway,Sebring International Raceway,sebring-international-raceway,2023-03-18,202303181010_Race,04,14 A. Garcia A. Garcia 45.390 19:38.178 | Crowdstrike Racing by APR | ORECA LMP2 07 LMP2,13,19:03:28.356,B. Hanley,19:04:46.083,B. Hanley,1:17.727,15:18.492,20_Pit Stops Time Cards_Race.PDF,1,2
2023,07_Sebring International Raceway,Sebring International Raceway,sebring-international-raceway,2023-03-18,202303181010_Race,04,14 A. Garcia A. Garcia 45.390 19:38.178 | Crowdstrike Racing by APR | ORECA LMP2 07 LMP2,14,19:50:04.937,B. Hanley,19:51:24.035,N. Siegel,1:19.098,16:37.590,20_Pit Stops Time Cards_Race.PDF,1,2
2023,07_Sebring International Raceway,Sebring International Raceway,sebring-international-raceway,2023-03-18,202303181010_Race,04,14 A. Garcia A. Garcia 45.390 19:38.178 | Crowdstrike Racing by APR | ORECA LMP2 07 LMP2,15,20:29:27.443,N. Siegel,20:30:40.656,N. Siegel,1:13.213,17:50.803,20_Pit Stops Time Cards_Race.PDF,1,2
2023,07_Sebring International Raceway,Sebring International Raceway,sebring-international-raceway,2023-03-18,202303181010_Race,04,14 A. Garcia A. Garcia 45.390 19:38.178 | Crowdstrike Racing by APR | ORECA LMP2 07 LMP2,16,21:26:53.528,N. Siegel,21:28:14.359,N. Siegel,1:20.831,19:11.634,20_Pit Stops Time Cards_Race.PDF,1,2
2023,07_Sebring International Raceway,Sebring International Raceway,sebring-international-raceway,2023-03-18,202303181010_Race,4,16 N. Siegel N. Siegel 1:20.831 19:11.634 | Ave Motorsports | Ligier JS P320 LMP3,1,11:08:34.284,T. Kasemets,11:10:07.885,S. Lucas,1:33.601,1:33.601,20_Pit Stops Time Cards_Race.PDF,1,2
2023,07_Sebring International Raceway,Sebring International Raceway,sebring-international-raceway,2023-03-18,202303181010_Race,4,16 N. Siegel N. Siegel 1:20.831 19:11.634 | Ave Motorsports | Ligier JS P320 LMP3,2,12:21:47.228,S. Lucas,12:23:42.732,S. Lucas,1:55.504,3:29.105,20_Pit Stops Time Cards_Race.PDF,1,2
2023,07_Sebring International Raceway,Sebring International Raceway,sebring-international-raceway,2023-03-18,202303181010_Race,4,16 N. Siegel N. Siegel 1:20.831 19:11.634 | Ave Motorsports | Ligier JS P320 LMP3,3,13:24:14.470,S. Lucas,13:25:53.556,T. Estep,1:39.086,5:08.191,20_Pit Stops Time Cards_Race.PDF,1,2
2023,07_Sebring International Raceway,Sebring International Raceway,sebring-international-raceway,2023-03-18,202303181010_Race,4,16 N. Siegel N. Siegel 1:20.831 19:11.634 | Ave Motorsports | Ligier JS P320 LMP3,4,14:21:35.836,T. Estep,14:22:52.859,T. Estep,1:17.023,6:25.214,20_Pit Stops Time Cards_Race.PDF,1,2
2023,07_Sebring International Raceway,Sebring International Raceway,sebring-international-raceway,2023-03-18,202303181010_Race,4,16 N. Siegel N. Siegel 1:20.831 19:11.634 | Ave Motorsports | Ligier JS P320 LMP3,5,15:12:42.691,T. Estep,15:14:01.671,T. Kasemets,1:18.980,7:44.194,20_Pit Stops Time Cards_Race.PDF,1,2
2023,07_Sebring International Raceway,Sebring International Raceway,sebring-international-raceway,2023-03-18,202303181010_Race,4,16 N. Siegel N. Siegel 1:20.831 19:11.634 | Ave Motorsports | Ligier JS P320 LMP3,6,16:18:41.441,T. Kasemets,16:20:00.529,T. Kasemets,1:19.088,9:03.282,20_Pit Stops Time Cards_Race.PDF,1,2
2023,07_Sebring International Raceway,Sebring International Raceway,sebring-international-raceway,2023-03-18,202303181010_Race,4,16 N. Siegel N. Siegel 1:20.831 19:11.634 | Ave Motorsports | Ligier JS P320 LMP3,7,16:30:08.394,T. Kasemets,16:32:52.095,T. Kasemets,2:43.701,11:46.983,20_Pit Stops Time Cards_Race.PDF,1,2
2023,07_Sebring International Raceway,Sebring International Raceway,sebring-international-raceway,2023-03-18,202303181010_Race,4,16 N. Siegel N. Siegel 1:20.831 19:11.634 | Ave Motorsports | Ligier JS P320 LMP3,8,17:31:35.584,T. Kasemets,17:33:08.581,S. Lucas,1:32.997,13:19.980,20_Pit Stops Time Cards_Race.PDF,1,2
2023,07_Sebring International Raceway,Sebring International Raceway,sebring-international-raceway,2023-03-18,202303181010_Race,4,16 N. Siegel N. Siegel 1:20.831 19:11.634 | Ave Motorsports | Ligier JS P320 LMP3,9,18:40:44.379,S. Lucas,18:41:58.127,S. Lucas,1:13.748,14:33.728,20_Pit Stops Time Cards_Race.PDF,1,2
2023,07_Sebring International Raceway,Sebring International Raceway,sebring-international-raceway,2023-03-18,202303181010_Race,4,16 N. Siegel N. Siegel 1:20.831 19:11.634 | Ave Motorsports | Ligier JS P320 LMP3,10,19:36:03.270,S. Lucas,19:37:38.056,T. Estep,1:34.786,16:08.514,20_Pit Stops Time Cards_Race.PDF,1,2
2023,07_Sebring International Raceway,Sebring International Raceway,sebring-international-raceway,2023-03-18,202303181010_Race,4,16 N. Siegel N. Siegel 1:20.831 19:11.634 | Ave Motorsports | Ligier JS P320 LMP3,11,20:42:15.603,T. Estep,20:43:34.485,T. Estep,1:18.882,17:27.396,20_Pit Stops Time Cards_Race.PDF,1,2
2023,07_Sebring International Raceway,Sebring International Raceway,sebring-international-raceway,2023-03-18,202303181010_Race,4,16 N. Siegel N. Siegel 1:20.831 19:11.634 | Ave Motorsports | Ligier JS P320 LMP3,12,21:27:03.222,T. Estep,21:29:09.398,S. Lucas,2:06.176,19:33.572,20_Pit Stops Time Cards_Race.PDF,1,2
2023,07_Sebring International Raceway,Sebring International Raceway,sebring-international-raceway,2023-03-18,202303181010_Race,4,16 N. Siegel N. Siegel 1:20.831 19:11.634 | Ave Motorsports | Ligier JS P320 LMP3,13,22:06:43.613,S. Lucas,22:07:17.198,S. Lucas,33.585,20:07.157,20_Pit Stops Time Cards_Race.PDF,1,2
2023,07_Sebring International Raceway,Sebring International Raceway,sebring-international-raceway,2023-03-18,202303181010_Race,6,13 S. Lucas S. Lucas 33.585 20:07.157 | Porsche Penske Motorsports | Porsche 963 GTP,1,11:09:39.337,M. Jaminet,11:10:55.653,M. Jaminet,1:16.316,1:16.316,20_Pit Stops Time Cards_Race.PDF,1,2
2023,07_Sebring International Raceway,Sebring International Raceway,sebring-international-raceway,2023-03-18,202303181010_Race,6,13 S. Lucas S. Lucas 33.585 20:07.157 | Porsche Penske Motorsports | Porsche 963 GTP,2,11:31:05.263,M. Jaminet,11:32:06.422,M. Jaminet,1:01.159,2:17.475,20_Pit Stops Time Cards_Race.PDF,1,2
2023,07_Sebring International Raceway,Sebring International Raceway,sebring-international-raceway,2023-03-18,202303181010_Race,6,13 S. Lucas S. Lucas 33.585 20:07.157 | Porsche Penske Motorsports | Porsche 963 GTP,3,12:21:07.152,M. Jaminet,12:23:31.125,N. Tandy,2:23.973,4:41.448,20_Pit Stops Time Cards_Race.PDF,1,2
2023,07_Sebring International Raceway,Sebring International Raceway,sebring-international-raceway,2023-03-18,202303181010_Race,6,13 S. Lucas S. Lucas 33.585 20:07.157 | Porsche Penske Motorsports | Porsche 963 GTP,4,12:29:00.518,N. Tandy,12:29:45.914,N. Tandy,45.396,5:26.844,20_Pit Stops Time Cards_Race.PDF,1,2
2023,07_Sebring International Raceway,Sebring International Raceway,sebring-international-raceway,2023-03-18,202303181010_Race,6,13 S. Lucas S. Lucas 33.585 20:07.157 | Porsche Penske Motorsports | Porsche 963 GTP,5,13:11:46.014,N. Tandy,13:13:08.388,N. Tandy,1:22.374,6:49.218,20_Pit Stops Time Cards_Race.PDF,1,2
2023,07_Sebring International Raceway,Sebring International Raceway,sebring-international-raceway,2023-03-18,202303181010_Race,6,13 S. Lucas S. Lucas 33.585 20:07.157 | Porsche Penske Motorsports | Porsche 963 GTP,6,13:53:20.341,N. Tandy,13:54:57.858,N. Tandy,1:37.517,8:26.735,20_Pit Stops Time Cards_Race.PDF,1,2
2023,07_Sebring International Raceway,Sebring International Raceway,sebring-international-raceway,2023-03-18,202303181010_Race,6,13 S. Lucas S. Lucas 33.585 20:07.157 | Porsche Penske Motorsports | Porsche 963 GTP,7,14:09:58.710,N. Tandy,14:11:14.691,D. Cameron,1:15.981,9:42.716,20_Pit Stops Time Cards_Race.PDF,1,2
2023,07_Sebring International Raceway,Sebring International Raceway,sebring-international-raceway,2023-03-18,202303181010_Race,6,13 S. Lucas S. Lucas 33.585 20:07.157 | Porsche Penske Motorsports | Porsche 963 GTP,8,15:14:37.952,D. Cameron,15:15:54.504,D. Cameron,1:16.552,10:59.268,20_Pit Stops Time Cards_Race.PDF,1,2
2023,07_Sebring International Raceway,Sebring International Raceway,sebring-international-raceway,2023-03-18,202303181010_Race,6,13 S. Lucas S. Lucas 33.585 20:07.157 | Porsche Penske Motorsports | Porsche 963 GTP,9,15:23:15.982,D. Cameron,15:24:26.860,D. Cameron,1:10.878,12:10.146,20_Pit Stops Time Cards_Race.PDF,1,2
2023,07_Sebring International Raceway,Sebring International Raceway,sebring-international-raceway,2023-03-18,202303181010_Race,6,13 S. Lucas S. Lucas 33.585 20:07.157 | Porsche Penske Motorsports | Porsche 963 GTP,10,16:15:04.396,D. Cameron,16:16:19.082,D. Cameron,1:14.686,13:24.832,20_Pit Stops Time Cards_Race.PDF,1,2
2023,07_Sebring International Raceway,Sebring International Raceway,sebring-international-raceway,2023-03-18,202303181010_Race,6,13 S. Lucas S. Lucas 33.585 20:07.157 | Porsche Penske Motorsports | Porsche 963 GTP,11,16:29:52.179,D. Cameron,16:30:43.394,D. Cameron,51.215,14:16.047,20_Pit Stops Time Cards_Race.PDF,1,2
2023,07_Sebring International Raceway,Sebring International Raceway,sebring-international-raceway,2023-03-18,202303181010_Race,6,13 S. Lucas S. Lucas 33.585 20:07.157 | Porsche Penske Motorsports | Porsche 963 GTP,12,17:16:45.069,D. Cameron,17:19:06.885,M. Jaminet,2:21.816,16:37.863,20_Pit Stops Time Cards_Race.PDF,1,2
2023,07_Sebring International Raceway,Sebring International Raceway,sebring-international-raceway,2023-03-18,202303181010_Race,6,13 S. Lucas S. Lucas 33.585 20:07.157 | Porsche Penske Motorsports | Porsche 963 GTP,13,17:24:35.404,M. Jaminet,17:26:10.448,M. Jaminet,1:35.044,18:12.907,20_Pit Stops Time Cards_Race.PDF,1,2
2023,07_Sebring International Raceway,Sebring International Raceway,sebring-international-raceway,2023-03-18,202303181010_Race,6,13 S. Lucas S. Lucas 33.585 20:07.157 | Porsche Penske Motorsports | Porsche 963 GTP,14,18:12:27.108,M. Jaminet,18:13:39.191,M. Jaminet,1:12.083,19:24.990,20_Pit Stops Time Cards_Race.PDF,1,2
2023,07_Sebring International Raceway,Sebring International Raceway,sebring-international-raceway,2023-03-18,202303181010_Race,6,13 S. Lucas S. Lucas 33.585 20:07.157 | Porsche Penske Motorsports | Porsche 963 GTP,15,18:33:06.102,M. Jaminet,18:33:38.612,M. Jaminet,32.510,19:57.500,20_Pit Stops Time Cards_Race.PDF,1,2
2023,07_Sebring International Raceway,Sebring International Raceway,sebring-international-raceway,2023-03-18,202303181010_Race,6,13 S. Lucas S. Lucas 33.585 20:07.157 | Porsche Penske Motorsports | Porsche 963 GTP,16,19:12:28.224,M. Jaminet,19:13:48.639,N. Tandy,1:20.415,21:17.915,20_Pit Stops Time Cards_Race.PDF,1,2
2023,07_Sebring International Raceway,Sebring International Raceway,sebring-international-raceway,2023-03-18,202303181010_Race,6,13 S. Lucas S. Lucas 33.585 20:07.157 | Porsche Penske Motorsports | Porsche 963 GTP,17,20:04:05.346,N. Tandy,20:05:20.804,N. Tandy,1:15.458,22:33.373,20_Pit Stops Time Cards_Race.PDF,1,2
2023,07_Sebring International Raceway,Sebring International Raceway,sebring-international-raceway,2023-03-18,202303181010_Race,6,13 S. Lucas S. Lucas 33.585 20:07.157 | Porsche Penske Motorsports | Porsche 963 GTP,18,20:41:46.332,N. Tandy,20:42:55.938,M. Jaminet,1:09.606,23:42.979,20_Pit Stops Time Cards_Race.PDF,1,2
2023,07_Sebring International Raceway,Sebring International Raceway,sebring-international-raceway,2023-03-18,202303181010_Race,6,13 S. Lucas S. Lucas 33.585 20:07.157 | Porsche Penske Motorsports | Porsche 963 GTP,19,21:26:51.636,M. Jaminet,21:28:10.769,M. Jaminet,1:19.133,25:02.112,20_Pit Stops Time Cards_Race.PDF,1,2
2023,07_Sebring International Raceway,Sebring International Raceway,sebring-international-raceway,2023-03-18,202303181010_Race,7,19 M. Jaminet M. Jaminet 1:19.133 25:02.112 | Porsche Penske Motorsports | Porsche 963 GTP,1,11:11:31.749,M. Campbell,11:12:48.164,M. Campbell,1:16.415,1:16.415,20_Pit Stops Time Cards_Race.PDF,1,2
2023,07_Sebring International Raceway,Sebring International Raceway,sebring-international-raceway,2023-03-18,202303181010_Race,7,19 M. Jaminet M. Jaminet 1:19.133 25:02.112 | Porsche Penske Motorsports | Porsche 963 GTP,2,12:21:08.293,M. Campbell,12:22:22.366,F. Nasr,1:14.073,2:30.488,20_Pit Stops Time Cards_Race.PDF,1,2
2023,07_Sebring International Raceway,Sebring International Raceway,sebring-international-raceway,2023-03-18,202303181010_Race,7,19 M. Jaminet M. Jaminet 1:19.133 25:02.112 | Porsche Penske Motorsports | Porsche 963 GTP,3,12:28:50.438,F. Nasr,12:29:43.805,F. Nasr,53.367,3:23.855,20_Pit Stops Time Cards_Race.PDF,1,2
2023,07_Sebring International Raceway,Sebring International Raceway,sebring-international-raceway,2023-03-18,202303181010_Race,7,19 M. Jaminet M. Jaminet 1:19.133 25:02.112 | Porsche Penske Motorsports | Porsche 963 GTP,4,13:24:42.061,F. Nasr,13:26:03.009,F. Nasr,1:20.948,4:44.803,20_Pit Stops Time Cards_Race.PDF,1,2
2023,07_Sebring International Raceway,Sebring International Raceway,sebring-international-raceway,2023-03-18,202303181010_Race,7,19 M. Jaminet M. Jaminet 1:19.133 25:02.112 | Porsche Penske Motorsports | Porsche 963 GTP,5,14:18:36.688,F. Nasr,14:19:53.178,M. Christensen,1:16.490,6:01.293,20_Pit Stops Time Cards_Race.PDF,1,2
2023,07_Sebring International Raceway,Sebring International Raceway,sebring-international-raceway,2023-03-18,202303181010_Race,7,19 M. Jaminet M. Jaminet 1:19.133 25:02.112 | Porsche Penske Motorsports | Porsche 963 GTP,6,14:32:58.744,M. Christensen,14:35:21.774,M. Christensen,2:23.030,8:24.323,20_Pit Stops Time Cards_Race.PDF,1,2
2023,07_Sebring International Raceway,Sebring International Raceway,sebring-international-raceway,2023-03-18,202303181010_Race,7,19 M. Jaminet M. Jaminet 1:19.133 25:02.112 | Porsche Penske Motorsports | Porsche 963 GTP,7,15:14:03.586,M. Christensen,15:15:03.945,M. Christensen,1:00.359,9:24.682,20_Pit Stops Time Cards_Race.PDF,1,2
2023,07_Sebring International Raceway,Sebring International Raceway,sebring-international-raceway,2023-03-18,202303181010_Race,7,19 M. Jaminet M. Jaminet 1:19.133 25:02.112 | Porsche Penske Motorsports | Porsche 963 GTP,8,16:08:12.162,M. Christensen,16:09:24.769,M. Campbell,1:12.607,10:37.289,20_Pit Stops Time Cards_Race.PDF,1,2
2023,07_Sebring International Raceway,Sebring International Raceway,sebring-international-raceway,2023-03-18,202303181010_Race,7,19 M. Jaminet M. Jaminet 1:19.133 25:02.112 | Porsche Penske Motorsports | Porsche 963 GTP,9,16:30:16.323,M. Campbell,16:32:12.538,M. Campbell,1:56.215,12:33.504,20_Pit Stops Time Cards_Race.PDF,2,1
2023,07_Sebring International Raceway,Sebring International Raceway,sebring-international-raceway,2023-03-18,202303181010_Race,7,19 M. Jaminet M. Jaminet 1:19.133 25:02.112 | Porsche Penske Motorsports | Porsche 963 GTP,10,17:16:45.979,M. Campbell,17:18:01.190,M. Campbell,1:15.211,13:48.715,20_Pit Stops Time Cards_Race.PDF,2,1
2023,07_Sebring International Raceway,Sebring International Raceway,sebring-international-raceway,2023-03-18,202303181010_Race,7,19 M. Jaminet M. Jaminet 1:19.133 25:02.112 | Porsche Penske Motorsports | Porsche 963 GTP,11,18:12:25.540,M. Campbell,18:13:32.105,F. Nasr,1:06.565,14:55.280,20_Pit Stops Time Cards_Race.PDF,2,1
2023,07_Sebring International Raceway,Sebring International Raceway,sebring-international-raceway,2023-03-18,202303181010_Race,7,19 M. Jaminet M. Jaminet 1:19.133 25:02.112 | Porsche Penske Motorsports | Porsche 963 GTP,12,19:11:51.527,F. Nasr,19:13:06.577,F. Nasr,1:15.050,16:10.330,20_Pit Stops Time Cards_Race.PDF,2,1
2023,07_Sebring International Raceway,Sebring International Raceway,sebring-international-raceway,2023-03-18,202303181010_Race,7,19 M. Jaminet M. Jaminet 1:19.133 25:02.112 | Porsche Penske Motorsports | Porsche 963 GTP,13,20:06:39.522,F. Nasr,20:07:57.716,F. Nasr,1:18.194,17:28.524,20_Pit Stops Time Cards_Race.PDF,2,1
2023,07_Sebring International Raceway,Sebring International Raceway,sebring-international-raceway,2023-03-18,202303181010_Race,7,19 M. Jaminet M. Jaminet 1:19.133 25:02.112 | Porsche Penske Motorsports | Porsche 963 GTP,14,20:28:23.451,F. Nasr,20:29:16.176,F. Nasr,52.725,18:21.249,20_Pit Stops Time Cards_Race.PDF,2,1
2023,07_Sebring International Raceway,Sebring International Raceway,sebring-international-raceway,2023-03-18,202303181010_Race,7,19 M. Jaminet M. Jaminet 1:19.133 25:02.112 | Porsche Penske Motorsports | Porsche 963 GTP,15,20:41:47.037,F. Nasr,20:42:49.538,F. Nasr,1:02.501,19:23.750,20_Pit Stops Time Cards_Race.PDF,2,1
2023,07_Sebring International Raceway,Sebring International Raceway,sebring-international-raceway,2023-03-18,202303181010_Race,7,19 M. Jaminet M. Jaminet 1:19.133 25:02.112 | Porsche Penske Motorsports | Porsche 963 GTP,16,21:17:56.026,F. Nasr,21:18:28.617,F. Nasr,32.591,19:56.341,20_Pit Stops Time Cards_Race.PDF,2,1
2023,07_Sebring International Raceway,Sebring International Raceway,sebring-international-raceway,2023-03-18,202303181010_Race,7,19 M. Jaminet M. Jaminet 1:19.133 25:02.112 | Porsche Penske Motorsports | Porsche 963 GTP,17,21:34:57.215,F. Nasr,21:36:03.066,F. Nasr,1:05.851,21:02.192,20_Pit Stops Time Cards_Race.PDF,2,1
2023,07_Sebring International Raceway,Sebring International Raceway,sebring-international-raceway,2023-03-18,202303181010_Race,8,17 F. Nasr F. Nasr 1:05.851 21:02.192 | Tower Motorsports | ORECA LMP2 07 LMP2,1,10:58:40.197,J. Farano,10:59:55.900,J. Farano,1:15.703,1:15.703,20_Pit Stops Time Cards_Race.PDF,2,1
2023,07_Sebring International Raceway,Sebring International Raceway,sebring-international-raceway,2023-03-18,202303181010_Race,8,17 F. Nasr F. Nasr 1:05.851 21:02.192 | Tower Motorsports | ORECA LMP2 07 LMP2,2,11:23:58.609,J. Farano,11:24:56.870,J. Farano,58.261,2:13.964,20_Pit Stops Time Cards_Race.PDF,2,1
2023,07_Sebring International Raceway,Sebring International Raceway,sebring-international-raceway,2023-03-18,202303181010_Race,8,17 F. Nasr F. Nasr 1:05.851 21:02.192 | Tower Motorsports | ORECA LMP2 07 LMP2,3,12:28:41.049,J. Farano,12:29:57.147,J. Farano,1:16.098,3:30.062,20_Pit Stops Time Cards_Race.PDF,2,1
2023,07_Sebring International Raceway,Sebring International Raceway,sebring-international-raceway,2023-03-18,202303181010_Race,8,17 F. Nasr F. Nasr 1:05.851 21:02.192 | Tower Motorsports | ORECA LMP2 07 LMP2,4,13:16:03.652,J. Farano,13:17:20.753,K. Simpson,1:17.101,4:47.163,20_Pit Stops Time Cards_Race.PDF,2,1
2023,07_Sebring International Raceway,Sebring International Raceway,sebring-international-raceway,2023-03-18,202303181010_Race,8,17 F. Nasr F. Nasr 1:05.851 21:02.192 | Tower Motorsports | ORECA LMP2 07 LMP2,5,14:01:30.186,K. Simpson,14:02:46.502,K. Simpson,1:16.316,6:03.479,20_Pit Stops Time Cards_Race.PDF,2,1
2023,07_Sebring International Raceway,Sebring International Raceway,sebring-international-raceway,2023-03-18,202303181010_Race,8,17 F. Nasr F. Nasr 1:05.851 21:02.192 | Tower Motorsports | ORECA LMP2 07 LMP2,6,14:48:51.638,K. Simpson,14:50:11.475,S. McLaughlin,1:19.837,7:23.316,20_Pit Stops Time Cards_Race.PDF,2,1
2023,07_Sebring International Raceway,Sebring International Raceway,sebring-international-raceway,2023-03-18,202303181010_Race,8,17 F. Nasr F. Nasr 1:05.851 21:02.192 | Tower Motorsports | ORECA LMP2 07 LMP2,7,15:06:57.344,S. McLaughlin,15:07:47.072,S. McLaughlin,49.728,8:13.044,20_Pit Stops Time Cards_Race.PDF,2,1
2023,07_Sebring International Raceway,Sebring International Raceway,sebring-international-raceway,2023-03-18,202303181010_Race,8,17 F. Nasr F. Nasr 1:05.851 21:02.192 | Tower Motorsports | ORECA LMP2 07 LMP2,8,15:16:14.361,S. McLaughlin,15:17:09.690,S. McLaughlin,55.329,9:08.373,20_Pit Stops Time Cards_Race.PDF,2,1
2023,07_Sebring International Raceway,Sebring International Raceway,sebring-international-raceway,2023-03-18,202303181010_Race,8,17 F. Nasr F. Nasr 1:05.851 21:02.192 | Tower Motorsports | ORECA LMP2 07 LMP2,9,16:06:49.080,S. McLaughlin,16:08:06.283,K. Simpson,1:17.203,10:25.576,20_Pit Stops Time Cards_Race.PDF,2,1
2023,07_Sebring International Raceway,Sebring International Raceway,sebring-international-raceway,2023-03-18,202303181010_Race,8,17 F. Nasr F. Nasr 1:05.851 21:02.192 | Tower Motorsports | ORECA LMP2 07 LMP2,10,16:31:25.470,K. Simpson,16:33:02.864,K. Simpson,1:37.394,12:02.970,20_Pit Stops Time Cards_Race.PDF,2,1
2023,07_Sebring International Raceway,Sebring International Raceway,sebring-international-raceway,2023-03-18,202303181010_Race,8,17 F. Nasr F. Nasr 1:05.851 21:02.192 | Tower Motorsports | ORECA LMP2 07 LMP2,11,17:16:53.243,K. Simpson,17:18:08.638,S. McLaughlin,1:15.395,13:18.365,20_Pit Stops Time Cards_Race.PDF,2,1
2023,07_Sebring International Raceway,Sebring International Raceway,sebring-international-raceway,2023-03-18,202303181010_Race,8,17 F. Nasr F. Nasr 1:05.851 21:02.192 | Tower Motorsports | ORECA LMP2 07 LMP2,12,18:19:56.681,S. McLaughlin,18:21:09.520,S. McLaughlin,1:12.839,14:31.204,20_Pit Stops Time Cards_Race.PDF,2,1
2023,07_Sebring International Raceway,Sebring International Raceway,sebring-international-raceway,2023-03-18,202303181010_Race,8,17 F. Nasr F. Nasr 1:05.851 21:02.192 | Tower Motorsports | ORECA LMP2 07 LMP2,13,19:07:30.263,S. McLaughlin,19:08:47.104,K. Simpson,1:16.841,15:48.045,20_Pit Stops Time Cards_Race.PDF,2,1
2023,07_Sebring International Raceway,Sebring International Raceway,sebring-international-raceway,2023-03-18,202303181010_Race,8,17 F. Nasr F. Nasr 1:05.851 21:02.192 | Tower Motorsports | ORECA LMP2 07 LMP2,14,19:54:18.347,K. Simpson,19:55:35.719,K. Simpson,1:17.372,17:05.417,20_Pit Stops Time Cards_Race.PDF,2,1
2023,07_Sebring International Raceway,Sebring International Raceway,sebring-international-raceway,2023-03-18,202303181010_Race,8,17 F. Nasr F. Nasr 1:05.851 21:02.192 | Tower Motorsports | ORECA LMP2 07 LMP2,15,20:41:54.809,K. Simpson,20:43:05.924,S. McLaughlin,1:11.115,18:16.532,20_Pit Stops Time Cards_Race.PDF,2,1
2023,07_Sebring International Raceway,Sebring International Raceway,sebring-international-raceway,2023-03-18,202303181010_Race,8,17 F. Nasr F. Nasr 1:05.851 21:02.192 | Tower Motorsports | ORECA LMP2 07 LMP2,16,21:18:04.378,S. McLaughlin,21:18:56.642,S. McLaughlin,52.264,19:08.796,20_Pit Stops Time Cards_Race.PDF,2,1
2023,07_Sebring International Raceway,Sebring International Raceway,sebring-international-raceway,2023-03-18,202303181010_Race,9,16 S. McLaughlin S. McLaughlin 52.264 19:08.796 | Pfaff Motorsports | Porsche 911 GT3 R (992) GTDPRO,1,10:40:17.805,K. Bachler,10:41:11.583,K. Bachler,53.778,53.778,20_Pit Stops Time Cards_Race.PDF,2,1
2023,07_Sebring International Raceway,Sebring International Raceway,sebring-international-raceway,2023-03-18,202303181010_Race,9,16 S. McLaughlin S. McLaughlin 52.264 19:08.796 | Pfaff Motorsports | Porsche 911 GT3 R (992) GTDPRO,2,11:27:43.862,K. Bachler,11:28:45.683,K. Bachler,1:01.821,1:55.599,20_Pit Stops Time Cards_Race.PDF,2,1
2023,07_Sebring International Raceway,Sebring International Raceway,sebring-international-raceway,2023-03-18,202303181010_Race,9,16 S. McLaughlin S. McLaughlin 52.264 19:08.796 | Pfaff Motorsports | Porsche 911 GT3 R (992) GTDPRO,3,12:25:00.215,K. Bachler,12:26:03.607,L. Vanthoor,1:03.392,2:58.991,20_Pit Stops Time Cards_Race.PDF,2,1
2023,07_Sebring International Raceway,Sebring International Raceway,sebring-international-raceway,2023-03-18,202303181010_Race,9,16 S. McLaughlin S. McLaughlin 52.264 19:08.796 | Pfaff Motorsports | Porsche 911 GT3 R (992) GTDPRO,4,13:13:17.981,L. Vanthoor,13:14:20.946,L. Vanthoor,1:02.965,4:01.956,20_Pit Stops Time Cards_Race.PDF,2,1
2023,07_Sebring International Raceway,Sebring International Raceway,sebring-international-raceway,2023-03-18,202303181010_Race,9,16 S. McLaughlin S. McLaughlin 52.264 19:08.796 | Pfaff Motorsports | Porsche 911 GT3 R (992) GTDPRO,5,14:18:22.757,L. Vanthoor,14:19:37.038,P. Pilet,1:14.281,5:16.237,20_Pit Stops Time Cards_Race.PDF,2,1
2023,07_Sebring International Raceway,Sebring International Raceway,sebring-international-raceway,2023-03-18,202303181010_Race,9,16 S. McLaughlin S. McLaughlin 52.264 19:08.796 | Pfaff Motorsports | Porsche 911 GT3 R (992) GTDPRO,6,15:09:27.656,P. Pilet,15:10:32.054,P. Pilet,1:04.398,6:20.635,20_Pit Stops Time Cards_Race.PDF,2,1
2023,07_Sebring International Raceway,Sebring International Raceway,sebring-international-raceway,2023-03-18,202303181010_Race,9,16 S. McLaughlin S. McLaughlin 52.264 19:08.796 | Pfaff Motorsports | Porsche 911 GT3 R (992) GTDPRO,7,16:34:08.006,P. Pilet,16:35:23.580,K. Bachler,1:15.574,7:36.209,20_Pit Stops Time Cards_Race.PDF,2,1
2023,07_Sebring International Raceway,Sebring International Raceway,sebring-international-raceway,2023-03-18,202303181010_Race,9,16 S. McLaughlin S. McLaughlin 52.264 19:08.796 | Pfaff Motorsports | Porsche 911 GT3 R (992) GTDPRO,8,17:20:38.939,K. Bachler,17:21:51.371,K. Bachler,1:12.432,8:48.641,20_Pit Stops Time Cards_Race.PDF,2,1
2023,07_Sebring International Raceway,Sebring International Raceway,sebring-international-raceway,2023-03-18,202303181010_Race,9,16 S. McLaughlin S. McLaughlin 52.264 19:08.796 | Pfaff Motorsports | Porsche 911 GT3 R (992) GTDPRO,9,18:03:55.209,K. Bachler,18:04:53.362,L. Vanthoor,58.153,9:46.794,20_Pit Stops Time Cards_Race.PDF,2,1
2023,07_Sebring International Raceway,Sebring International Raceway,sebring-international-raceway,2023-03-18,202303181010_Race,9,16 S. McLaughlin S. McLaughlin 52.264 19:08.796 | Pfaff Motorsports | Porsche 911 GT3 R (992) GTDPRO,10,19:21:21.630,L. Vanthoor,19:22:37.768,L. Vanthoor,1:16.138,11:02.932,20_Pit Stops Time Cards_Race.PDF,2,1
2023,07_Sebring International Raceway,Sebring International Raceway,sebring-international-raceway,2023-03-18,202303181010_Race,9,16 S. McLaughlin S. McLaughlin 52.264 19:08.796 | Pfaff Motorsports | Porsche 911 GT3 R (992) GTDPRO,11,20:18:03.907,L. Vanthoor,20:19:13.834,P. Pilet,1:09.927,12:12.859,20_Pit Stops Time Cards_Race.PDF,2,1
2023,07_Sebring International Raceway,Sebring International Raceway,sebring-international-raceway,2023-03-18,202303181010_Race,10,11 L. Vanthoor P. Pilet 1:09.927 12:12.859 | Konica Minolta Acura ARX-06 | Acura ARX-06 GTP,1,11:09:35.575,R. Taylor,11:10:53.087,R. Taylor,1:17.512,1:17.512,20_Pit Stops Time Cards_Race.PDF,2,1
2023,07_Sebring International Raceway,Sebring International Raceway,sebring-international-raceway,2023-03-18,202303181010_Race,10,11 L. Vanthoor P. Pilet 1:09.927 12:12.859 | Konica Minolta Acura ARX-06 | Acura ARX-06 GTP,2,12:21:02.856,R. Taylor,12:22:12.943,R. Taylor,1:10.087,2:27.599,20_Pit Stops Time Cards_Race.PDF,2,1
2023,07_Sebring International Raceway,Sebring International Raceway,sebring-international-raceway,2023-03-18,202303181010_Race,10,11 L. Vanthoor P. Pilet 1:09.927 12:12.859 | Konica Minolta Acura ARX-06 | Acura ARX-06 GTP,3,13:19:14.761,R. Taylor,13:20:29.049,L. Deletraz,1:14.288,3:41.887,20_Pit Stops Time Cards_Race.PDF,2,1
2023,07_Sebring International Raceway,Sebring International Raceway,sebring-international-raceway,2023-03-18,202303181010_Race,10,11 L. Vanthoor P. Pilet 1:09.927 12:12.859 | Konica Minolta Acura ARX-06 | Acura ARX-06 GTP,4,14:14:34.893,L. Deletraz,14:15:52.119,L. Deletraz,1:17.226,4:59.113,20_Pit Stops Time Cards_Race.PDF,2,1
2023,07_Sebring International Raceway,Sebring International Raceway,sebring-international-raceway,2023-03-18,202303181010_Race,10,11 L. Vanthoor P. Pilet 1:09.927 12:12.859 | Konica Minolta Acura ARX-06 | Acura ARX-06 GTP,5,14:59:36.139,L. Deletraz,15:00:46.565,F. Albuquerque,1:10.426,6:09.539,20_Pit Stops Time Cards_Race.PDF,2,1
2023,07_Sebring International Raceway,Sebring International Raceway,sebring-international-raceway,2023-03-18,202303181010_Race,10,11 L. Vanthoor P. Pilet 1:09.927 12:12.859 | Konica Minolta Acura ARX-06 | Acura ARX-06 GTP,6,16:12:50.311,F. Albuquerque,16:14:07.585,F. Albuquerque,1:17.274,7:26.813,20_Pit Stops Time Cards_Race.PDF,2,1
2023,07_Sebring International Raceway,Sebring International Raceway,sebring-international-raceway,2023-03-18,202303181010_Race,10,11 L. Vanthoor P. Pilet 1:09.927 12:12.859 | Konica Minolta Acura ARX-06 | Acura ARX-06 GTP,7,16:29:45.742,F. Albuquerque,16:30:37.765,F. Albuquerque,52.023,8:18.836,20_Pit Stops Time Cards_Race.PDF,2,1
2023,07_Sebring International Raceway,Sebring International Raceway,sebring-international-raceway,2023-03-18,202303181010_Race,10,11 L. Vanthoor P. Pilet 1:09.927 12:12.859 | Konica Minolta Acura ARX-06 | Acura ARX-06 GTP,8,17:16:43.635,F. Albuquerque,17:17:59.954,R. Taylor,1:16.319,9:35.155,20_Pit Stops Time Cards_Race.PDF,2,1
2023,07_Sebring International Raceway,Sebring International Raceway,sebring-international-raceway,2023-03-18,202303181010_Race,10,11 L. Vanthoor P. Pilet 1:09.927 12:12.859 | Konica Minolta Acura ARX-06 | Acura ARX-06 GTP,9,17:42:48.146,R. Taylor,17:43:21.332,R. Taylor,33.186,10:08.341,20_Pit Stops Time Cards_Race.PDF,2,1
2023,07_Sebring International Raceway,Sebring International Raceway,sebring-international-raceway,2023-03-18,202303181010_Race,10,11 L. Vanthoor P. Pilet 1:09.927 12:12.859 | Konica Minolta Acura ARX-06 | Acura ARX-06 GTP,10,18:12:30.342,R. Taylor,18:13:38.163,R. Taylor,1:07.821,11:16.162,20_Pit Stops Time Cards_Race.PDF,2,1
2023,07_Sebring International Raceway,Sebring International Raceway,sebring-international-raceway,2023-03-18,202303181010_Race,10,11 L. Vanthoor P. Pilet 1:09.927 12:12.859 | Konica Minolta Acura ARX-06 | Acura ARX-06 GTP,11,19:09:41.662,R. Taylor,19:10:56.976,L. Deletraz,1:15.314,12:31.476,20_Pit Stops Time Cards_Race.PDF,2,1
2023,07_Sebring International Raceway,Sebring International Raceway,sebring-international-raceway,2023-03-18,202303181010_Race,10,11 L. Vanthoor P. Pilet 1:09.927 12:12.859 | Konica Minolta Acura ARX-06 | Acura ARX-06 GTP,12,20:02:36.433,L. Deletraz,20:03:54.530,F. Albuquerque,1:18.097,13:49.573,20_Pit Stops Time Cards_Race.PDF,2,2
2023,07_Sebring International Raceway,Sebring International Raceway,sebring-international-raceway,2023-03-18,202303181010_Race,10,11 L. Vanthoor P. Pilet 1:09.927 12:12.859 | Konica Minolta Acura ARX-06 | Acura ARX-06 GTP,13,20:27:55.619,F. Albuquerque,20:28:53.357,F. Albuquerque,57.738,14:47.311,20_Pit Stops Time Cards_Race.PDF,2,2
2023,07_Sebring International Raceway,Sebring International Raceway,sebring-international-raceway,2023-03-18,202303181010_Race,10,11 L. Vanthoor P. Pilet 1:09.927 12:12.859 | Konica Minolta Acura ARX-06 | Acura ARX-06 GTP,14,21:26:51.245,F. Albuquerque,21:28:12.355,F. Albuquerque,1:21.110,16:08.421,20_Pit Stops Time Cards_Race.PDF,2,2
2023,07_Sebring International Raceway,Sebring International Raceway,sebring-international-raceway,2023-03-18,202303181010_Race,11,14 F. Albuquerque F. Albuquerque 1:21.110 16:08.421 | TDS Racing | ORECA LMP2 07 LMP2,1,10:58:21.549,S. Thomas,10:59:37.124,S. Thomas,1:15.575,1:15.575,20_Pit Stops Time Cards_Race.PDF,2,2
2023,07_Sebring International Raceway,Sebring International Raceway,sebring-international-raceway,2023-03-18,202303181010_Race,11,14 F. Albuquerque F. Albuquerque 1:21.110 16:08.421 | TDS Racing | ORECA LMP2 07 LMP2,2,11:01:35.006,S. Thomas,11:02:07.389,S. Thomas,32.383,1:47.958,20_Pit Stops Time Cards_Race.PDF,2,2
2023,07_Sebring International Raceway,Sebring International Raceway,sebring-international-raceway,2023-03-18,202303181010_Race,11,14 F. Albuquerque F. Albuquerque 1:21.110 16:08.421 | TDS Racing | ORECA LMP2 07 LMP2,3,12:01:52.448,S. Thomas,12:03:06.663,S. Thomas,1:14.215,3:02.173,20_Pit Stops Time Cards_Race.PDF,2,2
2023,07_Sebring International Raceway,Sebring International Raceway,sebring-international-raceway,2023-03-18,202303181010_Race,11,14 F. Albuquerque F. Albuquerque 1:21.110 16:08.421 | TDS Racing | ORECA LMP2 07 LMP2,4,12:36:01.234,S. Thomas,12:36:36.317,S. Thomas,35.083,3:37.256,20_Pit Stops Time Cards_Race.PDF,2,2
2023,07_Sebring International Raceway,Sebring International Raceway,sebring-international-raceway,2023-03-18,202303181010_Race,11,14 F. Albuquerque F. Albuquerque 1:21.110 16:08.421 | TDS Racing | ORECA LMP2 07 LMP2,5,13:04:03.750,S. Thomas,13:05:19.616,M. Jensen,1:15.866,4:53.122,20_Pit Stops Time Cards_Race.PDF,2,2
2023,07_Sebring International Raceway,Sebring International Raceway,sebring-international-raceway,2023-03-18,202303181010_Race,11,14 F. Albuquerque F. Albuquerque 1:21.110 16:08.421 | TDS Racing | ORECA LMP2 07 LMP2,6,13:48:47.796,M. Jensen,13:50:03.961,M. Jensen,1:16.165,6:09.287,20_Pit Stops Time Cards_Race.PDF,2,2
2023,07_Sebring International Raceway,Sebring International Raceway,sebring-international-raceway,2023-03-18,202303181010_Race,11,14 F. Albuquerque F. Albuquerque 1:21.110 16:08.421 | TDS Racing | ORECA LMP2 07 LMP2,7,14:33:34.932,M. Jensen,14:37:32.220,S. Thomas,3:57.288,10:06.575,20_Pit Stops Time Cards_Race.PDF,2,2
2023,07_Sebring International Raceway,Sebring International Raceway,sebring-international-raceway,2023-03-18,202303181010_Race,11,14 F. Albuquerque F. Albuquerque 1:21.110 16:08.421 | TDS Racing | ORECA LMP2 07 LMP2,8,14:59:23.847,S. Thomas,15:00:57.161,S. Huffaker,1:33.314,11:39.889,20_Pit Stops Time Cards_Race.PDF,2,2
2023,07_Sebring International Raceway,Sebring International Raceway,sebring-international-raceway,2023-03-18,202303181010_Race,11,14 F. Albuquerque F. Albuquerque 1:21.110 16:08.421 | TDS Racing | ORECA LMP2 07 LMP2,9,16:00:45.048,S. Huffaker,16:02:03.528,M. Jensen,1:18.480,12:58.369,20_Pit Stops Time Cards_Race.PDF,2,2
2023,07_Sebring International Raceway,Sebring International Raceway,sebring-international-raceway,2023-03-18,202303181010_Race,11,14 F. Albuquerque F. Albuquerque 1:21.110 16:08.421 | TDS Racing | ORECA LMP2 07 LMP2,10,16:37:44.810,M. Jensen,16:38:47.199,M. Jensen,1:02.389,14:00.758,20_Pit Stops Time Cards_Race.PDF,2,2
2023,07_Sebring International Raceway,Sebring International Raceway,sebring-international-raceway,2023-03-18,202303181010_Race,11,14 F. Albuquerque F. Albuquerque 1:21.110 16:08.421 | TDS Racing | ORECA LMP2 07 LMP2,11,17:24:08.281,M. Jensen,17:25:22.432,S. Huffaker,1:14.151,15:14.909,20_Pit Stops Time Cards_Race.PDF,2,2
2023,07_Sebring International Raceway,Sebring International Raceway,sebring-international-raceway,2023-03-18,202303181010_Race,11,14 F. Albuquerque F. Albuquerque 1:21.110 16:08.421 | TDS Racing | ORECA LMP2 07 LMP2,12,18:04:06.583,S. Huffaker,18:05:16.559,S. Huffaker,1:09.976,16:24.885,20_Pit Stops Time Cards_Race.PDF,2,2
2023,07_Sebring International Raceway,Sebring International Raceway,sebring-international-raceway,2023-03-18,202303181010_Race,11,14 F. Albuquerque F. Albuquerque 1:21.110 16:08.421 | TDS Racing | ORECA LMP2 07 LMP2,13,18:59:35.608,S. Huffaker,19:00:50.805,M. Jensen,1:15.197,17:40.082,20_Pit Stops Time Cards_Race.PDF,2,2
2023,07_Sebring International Raceway,Sebring International Raceway,sebring-international-raceway,2023-03-18,202303181010_Race,11,14 F. Albuquerque F. Albuquerque 1:21.110 16:08.421 | TDS Racing | ORECA LMP2 07 LMP2,14,19:43:55.816,M. Jensen,19:45:12.062,M. Jensen,1:16.246,18:56.328,20_Pit Stops Time Cards_Race.PDF,2,2
2023,07_Sebring International Raceway,Sebring International Raceway,sebring-international-raceway,2023-03-18,202303181010_Race,11,14 F. Albuquerque F. Albuquerque 1:21.110 16:08.421 | TDS Racing | ORECA LMP2 07 LMP2,15,20:28:26.971,M. Jensen,20:29:46.825,S. Huffaker,1:19.854,20:16.182,20_Pit Stops Time Cards_Race.PDF,2,2
2023,07_Sebring International Raceway,Sebring International Raceway,sebring-international-raceway,2023-03-18,202303181010_Race,11,14 F. Albuquerque F. Albuquerque 1:21.110 16:08.421 | TDS Racing | ORECA LMP2 07 LMP2,16,21:26:54.090,S. Huffaker,21:28:16.179,M. Jensen,1:22.089,21:38.271,20_Pit Stops Time Cards_Race.PDF,2,2
2023,07_Sebring International Raceway,Sebring International Raceway,sebring-international-raceway,2023-03-18,202303181010_Race,12,16 S. Huffaker M. Jensen 1:22.089 21:38.271 | VasserSullivan | Lexus RC F GT3 GTD,1,11:27:25.353,A. Telitz,11:28:44.065,F. Montecalvo,1:18.712,1:18.712,20_Pit Stops Time Cards_Race.PDF,2,2
2023,07_Sebring International Raceway,Sebring International Raceway,sebring-international-raceway,2023-03-18,202303181010_Race,12,16 S. Huffaker M. Jensen 1:22.089 21:38.271 | VasserSullivan | Lexus RC F GT3 GTD,2,12:25:03.749,F. Montecalvo,12:26:06.812,F. Montecalvo,1:03.063,2:21.775,20_Pit Stops Time Cards_Race.PDF,2,2
2023,07_Sebring International Raceway,Sebring International Raceway,sebring-international-raceway,2023-03-18,202303181010_Race,12,16 S. Huffaker M. Jensen 1:22.089 21:38.271 | VasserSullivan | Lexus RC F GT3 GTD,3,12:40:21.069,F. Montecalvo,12:40:53.632,F. Montecalvo,32.563,2:54.338,20_Pit Stops Time Cards_Race.PDF,2,2
2023,07_Sebring International Raceway,Sebring International Raceway,sebring-international-raceway,2023-03-18,202303181010_Race,12,16 S. Huffaker M. Jensen 1:22.089 21:38.271 | VasserSullivan | Lexus RC F GT3 GTD,4,13:32:53.679,F. Montecalvo,13:34:11.952,P. Thompson,1:18.273,4:12.611,20_Pit Stops Time Cards_Race.PDF,2,2
2023,07_Sebring International Raceway,Sebring International Raceway,sebring-international-raceway,2023-03-18,202303181010_Race,12,16 S. Huffaker M. Jensen 1:22.089 21:38.271 | VasserSullivan | Lexus RC F GT3 GTD,5,14:34:27.751,P. Thompson,14:35:46.406,P. Thompson,1:18.655,5:31.266,20_Pit Stops Time Cards_Race.PDF,2,2
2023,07_Sebring International Raceway,Sebring International Raceway,sebring-international-raceway,2023-03-18,202303181010_Race,12,16 S. Huffaker M. Jensen 1:22.089 21:38.271 | VasserSullivan | Lexus RC F GT3 GTD,6,15:09:17.443,P. Thompson,15:10:17.700,P. Thompson,1:00.257,6:31.523,20_Pit Stops Time Cards_Race.PDF,2,2
2023,07_Sebring International Raceway,Sebring International Raceway,sebring-international-raceway,2023-03-18,202303181010_Race,12,16 S. Huffaker M. Jensen 1:22.089 21:38.271 | VasserSullivan | Lexus RC F GT3 GTD,7,16:10:39.834,P. Thompson,16:11:52.628,A. Telitz,1:12.794,7:44.317,20_Pit Stops Time Cards_Race.PDF,2,2
2023,07_Sebring International Raceway,Sebring International Raceway,sebring-international-raceway,2023-03-18,202303181010_Race,12,16 S. Huffaker M. Jensen 1:22.089 21:38.271 | VasserSullivan | Lexus RC F GT3 GTD,8,17:20:30.067,A. Telitz,17:22:02.357,F. Montecalvo,1:32.290,9:16.607,20_Pit Stops Time Cards_Race.PDF,2,2
2023,07_Sebring International Raceway,Sebring International Raceway,sebring-international-raceway,2023-03-18,202303181010_Race,12,16 S. Huffaker M. Jensen 1:22.089 21:38.271 | VasserSullivan | Lexus RC F GT3 GTD,9,18:16:18.557,F. Montecalvo,18:17:12.069,F. Montecalvo,53.512,10:10.119,20_Pit Stops Time Cards_Race.PDF,2,2
2023,07_Sebring International Raceway,Sebring International Raceway,sebring-international-raceway,2023-03-18,202303181010_Race,12,16 S. Huffaker M. Jensen 1:22.089 21:38.271 | VasserSullivan | Lexus RC F GT3 GTD,10,19:09:33.749,F. Montecalvo,19:10:49.179,P. Thompson,1:15.430,11:25.549,20_Pit Stops Time Cards_Race.PDF,2,2
2023,07_Sebring International Raceway,Sebring International Raceway,sebring-international-raceway,2023-03-18,202303181010_Race,12,16 S. Huffaker M. Jensen 1:22.089 21:38.271 | VasserSullivan | Lexus RC F GT3 GTD,11,20:10:55.440,P. Thompson,20:12:12.637,A. Telitz,1:17.197,12:42.746,20_Pit Stops Time Cards_Race.PDF,2,2
2023,07_Sebring International Raceway,Sebring International Raceway,sebring-international-raceway,2023-03-18,202303181010_Race,12,16 S. Huffaker M. Jensen 1:22.089 21:38.271 | VasserSullivan | Lexus RC F GT3 GTD,12,20:28:47.624,A. Telitz,20:29:35.794,A. Telitz,48.170,13:30.916,20_Pit Stops Time Cards_Race.PDF,2,2
2023,07_Sebring International Raceway,Sebring International Raceway,sebring-international-raceway,2023-03-18,202303181010_Race,12,16 S. Huffaker M. Jensen 1:22.089 21:38.271 | VasserSullivan | Lexus RC F GT3 GTD,13,20:46:03.733,A. Telitz,20:46:52.848,A. Telitz,49.115,14:20.031,20_Pit Stops Time Cards_Race.PDF,2,2
2023,07_Sebring International Raceway,Sebring International Raceway,sebring-international-raceway,2023-03-18,202303181010_Race,13,13 A. Telitz A. Telitz 49.115 14:20.031 | AWA | Duqueine D08 LMP3,1,11:24:33.739,O. Fidani,11:26:01.208,M. Bell,1:27.469,1:27.469,20_Pit Stops Time Cards_Race.PDF,2,2
2023,07_Sebring International Raceway,Sebring International Raceway,sebring-international-raceway,2023-03-18,202303181010_Race,13,13 A. Telitz A. Telitz 49.115 14:20.031 | AWA | Duqueine D08 LMP3,2,12:21:04.988,M. Bell,12:22:16.771,M. Bell,1:11.783,2:39.252,20_Pit Stops Time Cards_Race.PDF,2,2
2023,07_Sebring International Raceway,Sebring International Raceway,sebring-international-raceway,2023-03-18,202303181010_Race,13,13 A. Telitz A. Telitz 49.115 14:20.031 | AWA | Duqueine D08 LMP3,3,12:38:02.779,M. Bell,12:38:35.471,M. Bell,32.692,3:11.944,20_Pit Stops Time Cards_Race.PDF,2,2
2023,07_Sebring International Raceway,Sebring International Raceway,sebring-international-raceway,2023-03-18,202303181010_Race,13,13 A. Telitz A. Telitz 49.115 14:20.031 | AWA | Duqueine D08 LMP3,4,13:24:34.619,M. Bell,13:25:54.588,O. Fidani,1:19.969,4:31.913,20_Pit Stops Time Cards_Race.PDF,2,2
2023,07_Sebring International Raceway,Sebring International Raceway,sebring-international-raceway,2023-03-18,202303181010_Race,13,13 A. Telitz A. Telitz 49.115 14:20.031 | AWA | Duqueine D08 LMP3,5,14:27:50.785,O. Fidani,14:29:11.146,L. Kern,1:20.361,5:52.274,20_Pit Stops Time Cards_Race.PDF,2,2
2023,07_Sebring International Raceway,Sebring International Raceway,sebring-international-raceway,2023-03-18,202303181010_Race,13,13 A. Telitz A. Telitz 49.115 14:20.031 | AWA | Duqueine D08 LMP3,6,15:06:56.478,L. Kern,15:08:09.173,L. Kern,1:12.695,7:04.969,20_Pit Stops Time Cards_Race.PDF,2,2
2023,07_Sebring International Raceway,Sebring International Raceway,sebring-international-raceway,2023-03-18,202303181010_Race,13,13 A. Telitz A. Telitz 49.115 14:20.031 | AWA | Duqueine D08 LMP3,7,16:17:00.773,L. Kern,16:18:25.086,O. Fidani,1:24.313,8:29.282,20_Pit Stops Time Cards_Race.PDF,2,2
2023,07_Sebring International Raceway,Sebring International Raceway,sebring-international-raceway,2023-03-18,202303181010_Race,13,13 A. Telitz A. Telitz 49.115 14:20.031 | AWA | Duqueine D08 LMP3,8,16:30:20.240,O. Fidani,16:32:37.398,O. Fidani,2:17.158,10:46.440,20_Pit Stops Time Cards_Race.PDF,2,2
2023,07_Sebring International Raceway,Sebring International Raceway,sebring-international-raceway,2023-03-18,202303181010_Race,13,13 A. Telitz A. Telitz 49.115 14:20.031 | AWA | Duqueine D08 LMP3,9,17:17:45.554,O. Fidani,17:18:53.105,M. Bell,1:07.551,11:53.991,20_Pit Stops Time Cards_Race.PDF,2,2
2023,07_Sebring International Raceway,Sebring International Raceway,sebring-international-raceway,2023-03-18,202303181010_Race,13,13 A. Telitz A. Telitz 49.115 14:20.031 | AWA | Duqueine D08 LMP3,10,18:13:08.992,M. Bell,18:14:14.286,M. Bell,1:05.294,12:59.285,20_Pit Stops Time Cards_Race.PDF,2,2
2023,07_Sebring International Raceway,Sebring International Raceway,sebring-international-raceway,2023-03-18,202303181010_Race,13,13 A. Telitz A. Telitz 49.115 14:20.031 | AWA | Duqueine D08 LMP3,11,18:27:53.017,M. Bell,18:28:25.692,M. Bell,32.675,13:31.960,20_Pit Stops Time Cards_Race.PDF,2,2
2023,07_Sebring International Raceway,Sebring International Raceway,sebring-international-raceway,2023-03-18,202303181010_Race,13,13 A. Telitz A. Telitz 49.115 14:20.031 | AWA | Duqueine D08 LMP3,12,19:18:08.934,M. Bell,19:19:42.456,L. Kern,1:33.522,15:05.482,20_Pit Stops Time Cards_Race.PDF,2,2
2023,07_Sebring International Raceway,Sebring International Raceway,sebring-international-raceway,2023-03-18,202303181010_Race,13,13 A. Telitz A. Telitz 49.115 14:20.031 | AWA | Duqueine D08 LMP3,13,20:08:19.909,L. Kern,20:10:47.269,L. Kern,2:27.360,17:32.842,20_Pit Stops Time Cards_Race.PDF,2,2
2023,07_Sebring International Raceway,Sebring International Raceway,sebring-international-raceway,2023-03-18,202303181010_Race,13,13 A. Telitz A. Telitz 49.115 14:20.031 | AWA | Duqueine D08 LMP3,14,20:19:22.032,L. Kern,20:20:35.404,L. Kern,1:13.372,18:46.214,20_Pit Stops Time Cards_Race.PDF,2,2
2023,07_Sebring International Raceway,Sebring International Raceway,sebring-international-raceway,2023-03-18,202303181010_Race,13,13 A. Telitz A. Telitz 49.115 14:20.031 | AWA | Duqueine D08 LMP3,15,20:50:56.653,L. Kern,20:52:02.565,M. Bell,1:05.912,19:52.126,20_Pit Stops Time Cards_Race.PDF,2,2
2023,07_Sebring International Raceway,Sebring International Raceway,sebring-international-raceway,2023-03-18,202303181010_Race,13,13 A. Telitz A. Telitz 49.115 14:20.031 | AWA | Duqueine D08 LMP3,16,21:18:28.778,M. Bell,21:19:19.608,M. Bell,50.830,20:42.956,20_Pit Stops Time Cards_Race.PDF,3,1
2023,07_Sebring International Raceway,Sebring International Raceway,sebring-international-raceway,2023-03-18,202303181010_Race,14,16 M. Bell M. Bell 50.830 20:42.956 | Vasser Sullivan | Lexus RC F GT3 GTDPRO,1,11:15:31.691,J. Hawksworth,11:16:17.490,J. Hawksworth,45.799,45.799,20_Pit Stops Time Cards_Race.PDF,3,1
2023,07_Sebring International Raceway,Sebring International Raceway,sebring-international-raceway,2023-03-18,202303181010_Race,14,16 M. Bell M. Bell 50.830 20:42.956 | Vasser Sullivan | Lexus RC F GT3 GTDPRO,2,11:27:29.090,J. Hawksworth,11:28:47.730,J. Hawksworth,1:18.640,2:04.439,20_Pit Stops Time Cards_Race.PDF,3,1
2023,07_Sebring International Raceway,Sebring International Raceway,sebring-international-raceway,2023-03-18,202303181010_Race,14,16 M. Bell M. Bell 50.830 20:42.956 | Vasser Sullivan | Lexus RC F GT3 GTDPRO,3,11:31:53.975,J. Hawksworth,11:32:33.380,K. Kirkwood,39.405,2:43.844,20_Pit Stops Time Cards_Race.PDF,3,1
2023,07_Sebring International Raceway,Sebring International Raceway,sebring-international-raceway,2023-03-18,202303181010_Race,14,16 M. Bell M. Bell 50.830 20:42.956 | Vasser Sullivan | Lexus RC F GT3 GTDPRO,4,12:25:18.004,K. Kirkwood,12:26:28.909,K. Kirkwood,1:10.905,3:54.749,20_Pit Stops Time Cards_Race.PDF,3,1
2023,07_Sebring International Raceway,Sebring International Raceway,sebring-international-raceway,2023-03-18,202303181010_Race,14,16 M. Bell M. Bell 50.830 20:42.956 | Vasser Sullivan | Lexus RC F GT3 GTDPRO,5,13:13:31.685,K. Kirkwood,13:14:37.918,B. Barnicoat,1:06.233,5:00.982,20_Pit Stops Time Cards_Race.PDF,3,1
2023,07_Sebring International Raceway,Sebring International Raceway,sebring-international-raceway,2023-03-18,202303181010_Race,14,16 M. Bell M. Bell 50.830 20:42.956 | Vasser Sullivan | Lexus RC F GT3 GTDPRO,6,14:14:22.366,B. Barnicoat,14:15:39.267,B. Barnicoat,1:16.901,6:17.883,20_Pit Stops Time Cards_Race.PDF,3,1
2023,07_Sebring International Raceway,Sebring International Raceway,sebring-international-raceway,2023-03-18,202303181010_Race,14,16 M. Bell M. Bell 50.830 20:42.956 | Vasser Sullivan | Lexus RC F GT3 GTDPRO,7,15:09:28.443,B. Barnicoat,15:10:42.706,J. Hawksworth,1:14.263,7:32.146,20_Pit Stops Time Cards_Race.PDF,3,1
2023,07_Sebring International Raceway,Sebring International Raceway,sebring-international-raceway,2023-03-18,202303181010_Race,14,16 M. Bell M. Bell 50.830 20:42.956 | Vasser Sullivan | Lexus RC F GT3 GTDPRO,8,16:18:41.896,J. Hawksworth,16:19:57.979,J. Hawksworth,1:16.083,8:48.229,20_Pit Stops Time Cards_Race.PDF,3,1
2023,07_Sebring International Raceway,Sebring International Raceway,sebring-international-raceway,2023-03-18,202303181010_Race,14,16 M. Bell M. Bell 50.830 20:42.956 | Vasser Sullivan | Lexus RC F GT3 GTDPRO,9,17:20:33.086,J. Hawksworth,17:22:03.743,K. Kirkwood,1:30.657,10:18.886,20_Pit Stops Time Cards_Race.PDF,3,1
2023,07_Sebring International Raceway,Sebring International Raceway,sebring-international-raceway,2023-03-18,202303181010_Race,14,16 M. Bell M. Bell 50.830 20:42.956 | Vasser Sullivan | Lexus RC F GT3 GTDPRO,10,18:03:57.356,K. Kirkwood,18:04:54.984,B. Barnicoat,57.628,11:16.514,20_Pit Stops Time Cards_Race.PDF,3,1
2023,07_Sebring International Raceway,Sebring International Raceway,sebring-international-raceway,2023-03-18,202303181010_Race,14,16 M. Bell M. Bell 50.830 20:42.956 | Vasser Sullivan | Lexus RC F GT3 GTDPRO,11,19:15:19.754,B. Barnicoat,19:16:36.152,B. Barnicoat,1:16.398,12:32.912,20_Pit Stops Time Cards_Race.PDF,3,1
2023,07_Sebring International Raceway,Sebring International Raceway,sebring-international-raceway,2023-03-18,202303181010_Race,14,16 M. Bell M. Bell 50.830 20:42.956 | Vasser Sullivan | Lexus RC F GT3 GTDPRO,12,20:14:15.873,B. Barnicoat,20:15:33.122,J. Hawksworth,1:17.249,13:50.161,20_Pit Stops Time Cards_Race.PDF,3,1
2023,07_Sebring International Raceway,Sebring International Raceway,sebring-international-raceway,2023-03-18,202303181010_Race,14,16 M. Bell M. Bell 50.830 20:42.956 | Vasser Sullivan | Lexus RC F GT3 GTDPRO,13,20:45:48.092,J. Hawksworth,20:46:48.983,J. Hawksworth,1:00.891,14:51.052,20_Pit Stops Time Cards_Race.PDF,3,1
2023,07_Sebring International Raceway,Sebring International Raceway,sebring-international-raceway,2023-03-18,202303181010_Race,16,13 J. Hawksworth J. Hawksworth 1:00.891 14:51.052 | Wright Motorsports | Porsche 911 GT3 R (992) GTD,1,10:40:06.202,J. Heylen,10:41:23.140,R. Hardwick,1:16.938,1:16.938,20_Pit Stops Time Cards_Race.PDF,3,1
2023,07_Sebring International Raceway,Sebring International Raceway,sebring-international-raceway,2023-03-18,202303181010_Race,16,13 J. Hawksworth J. Hawksworth 1:00.891 14:51.052 | Wright Motorsports | Porsche 911 GT3 R (992) GTD,2,11:27:54.901,R. Hardwick,11:28:55.355,R. Hardwick,1:00.454,2:17.392,20_Pit Stops Time Cards_Race.PDF,3,1
2023,07_Sebring International Raceway,Sebring International Raceway,sebring-international-raceway,2023-03-18,202303181010_Race,16,13 J. Hawksworth J. Hawksworth 1:00.891 14:51.052 | Wright Motorsports | Porsche 911 GT3 R (992) GTD,3,12:25:06.483,R. Hardwick,12:26:09.882,R. Hardwick,1:03.399,3:20.791,20_Pit Stops Time Cards_Race.PDF,3,1
2023,07_Sebring International Raceway,Sebring International Raceway,sebring-international-raceway,2023-03-18,202303181010_Race,16,13 J. Hawksworth J. Hawksworth 1:00.891 14:51.052 | Wright Motorsports | Porsche 911 GT3 R (992) GTD,4,13:15:41.254,R. Hardwick,13:16:48.313,Z. Robichon,1:07.059,4:27.850,20_Pit Stops Time Cards_Race.PDF,3,1
2023,07_Sebring International Raceway,Sebring International Raceway,sebring-international-raceway,2023-03-18,202303181010_Race,16,13 J. Hawksworth J. Hawksworth 1:00.891 14:51.052 | Wright Motorsports | Porsche 911 GT3 R (992) GTD,5,14:18:43.491,Z. Robichon,14:19:58.202,R. Hardwick,1:14.711,5:42.561,20_Pit Stops Time Cards_Race.PDF,3,1
2023,07_Sebring International Raceway,Sebring International Raceway,sebring-international-raceway,2023-03-18,202303181010_Race,16,13 J. Hawksworth J. Hawksworth 1:00.891 14:51.052 | Wright Motorsports | Porsche 911 GT3 R (992) GTD,6,15:08:57.200,R. Hardwick,15:10:03.373,J. Heylen,1:06.173,6:48.734,20_Pit Stops Time Cards_Race.PDF,3,1
2023,07_Sebring International Raceway,Sebring International Raceway,sebring-international-raceway,2023-03-18,202303181010_Race,16,13 J. Hawksworth J. Hawksworth 1:00.891 14:51.052 | Wright Motorsports | Porsche 911 GT3 R (992) GTD,7,16:22:49.204,J. Heylen,16:24:05.094,Z. Robichon,1:15.890,8:04.624,20_Pit Stops Time Cards_Race.PDF,3,1
2023,07_Sebring International Raceway,Sebring International Raceway,sebring-international-raceway,2023-03-18,202303181010_Race,16,13 J. Hawksworth J. Hawksworth 1:00.891 14:51.052 | Wright Motorsports | Porsche 911 GT3 R (992) GTD,8,17:20:29.535,Z. Robichon,17:21:47.956,Z. Robichon,1:18.421,9:23.045,20_Pit Stops Time Cards_Race.PDF,3,1
2023,07_Sebring International Raceway,Sebring International Raceway,sebring-international-raceway,2023-03-18,202303181010_Race,16,13 J. Hawksworth J. Hawksworth 1:00.891 14:51.052 | Wright Motorsports | Porsche 911 GT3 R (992) GTD,9,18:16:21.729,Z. Robichon,18:19:23.379,J. Heylen,3:01.650,12:24.695,20_Pit Stops Time Cards_Race.PDF,3,1
2023,07_Sebring International Raceway,Sebring International Raceway,sebring-international-raceway,2023-03-18,202303181010_Race,16,13 J. Hawksworth J. Hawksworth 1:00.891 14:51.052 | Wright Motorsports | Porsche 911 GT3 R (992) GTD,10,18:21:38.963,J. Heylen,18:22:21.235,J. Heylen,42.272,13:06.967,20_Pit Stops Time Cards_Race.PDF,3,1
2023,07_Sebring International Raceway,Sebring International Raceway,sebring-international-raceway,2023-03-18,202303181010_Race,16,13 J. Hawksworth J. Hawksworth 1:00.891 14:51.052 | Wright Motorsports | Porsche 911 GT3 R (992) GTD,11,19:03:33.279,J. Heylen,19:04:38.324,Z. Robichon,1:05.045,14:12.012,20_Pit Stops Time Cards_Race.PDF,3,1
2023,07_Sebring International Raceway,Sebring International Raceway,sebring-international-raceway,2023-03-18,202303181010_Race,16,13 J. Hawksworth J. Hawksworth 1:00.891 14:51.052 | Wright Motorsports | Porsche 911 GT3 R (992) GTD,12,19:45:59.457,Z. Robichon,19:47:11.672,J. Heylen,1:12.215,15:24.227,20_Pit Stops Time Cards_Race.PDF,3,1
2023,07_Sebring International Raceway,Sebring International Raceway,sebring-international-raceway,2023-03-18,202303181010_Race,16,13 J. Hawksworth J. Hawksworth 1:00.891 14:51.052 | Wright Motorsports | Porsche 911 GT3 R (992) GTD,13,20:28:31.652,J. Heylen,20:29:36.965,J. Heylen,1:05.313,16:29.540,20_Pit Stops Time Cards_Race.PDF,3,1
2023,07_Sebring International Raceway,Sebring International Raceway,sebring-international-raceway,2023-03-18,202303181010_Race,16,13 J. Hawksworth J. Hawksworth 1:00.891 14:51.052 | Wright Motorsports | Porsche 911 GT3 R (992) GTD,14,20:46:04.667,J. Heylen,20:46:55.889,J. Heylen,51.222,17:20.762,20_Pit Stops Time Cards_Race.PDF,3,1
2023,07_Sebring International Raceway,Sebring International Raceway,sebring-international-raceway,2023-03-18,202303181010_Race,17,14 J. Heylen J. Heylen 51.222 17:20.762 | AWA | Duqueine D08 LMP3,1,10:23:27.170,A. Mantella,10:23:59.990,A. Mantella,32.820,32.820,20_Pit Stops Time Cards_Race.PDF,3,1
2023,07_Sebring International Raceway,Sebring International Raceway,sebring-international-raceway,2023-03-18,202303181010_Race,17,14 J. Heylen J. Heylen 51.222 17:20.762 | AWA | Duqueine D08 LMP3,2,11:22:15.307,A. Mantella,11:36:58.452,A. Mantella,14:43.145,15:15.965,20_Pit Stops Time Cards_Race.PDF,3,1
2023,07_Sebring International Raceway,Sebring International Raceway,sebring-international-raceway,2023-03-18,202303181010_Race,17,14 J. Heylen J. Heylen 51.222 17:20.762 | AWA | Duqueine D08 LMP3,3,12:30:36.424,A. Mantella,12:31:52.297,A. Mantella,1:15.873,16:31.838,20_Pit Stops Time Cards_Race.PDF,3,1
2023,07_Sebring International Raceway,Sebring International Raceway,sebring-international-raceway,2023-03-18,202303181010_Race,17,14 J. Heylen J. Heylen 51.222 17:20.762 | AWA | Duqueine D08 LMP3,4,13:28:09.847,A. Mantella,13:29:39.518,W. Boyd,1:29.671,18:01.509,20_Pit Stops Time Cards_Race.PDF,3,1
2023,07_Sebring International Raceway,Sebring International Raceway,sebring-international-raceway,2023-03-18,202303181010_Race,17,14 J. Heylen J. Heylen 51.222 17:20.762 | AWA | Duqueine D08 LMP3,5,13:31:53.729,W. Boyd,13:33:08.603,W. Boyd,1:14.874,19:16.383,20_Pit Stops Time Cards_Race.PDF,3,1
2023,07_Sebring International Raceway,Sebring International Raceway,sebring-international-raceway,2023-03-18,202303181010_Race,17,14 J. Heylen J. Heylen 51.222 17:20.762 | AWA | Duqueine D08 LMP3,6,14:29:21.698,W. Boyd,14:30:47.278,W. Boyd,1:25.580,20:41.963,20_Pit Stops Time Cards_Race.PDF,3,1
2023,07_Sebring International Raceway,Sebring International Raceway,sebring-international-raceway,2023-03-18,202303181010_Race,17,14 J. Heylen J. Heylen 51.222 17:20.762 | AWA | Duqueine D08 LMP3,7,15:16:09.064,W. Boyd,15:19:02.891,N. Varrone,2:53.827,23:35.790,20_Pit Stops Time Cards_Race.PDF,3,1
2023,07_Sebring International Raceway,Sebring International Raceway,sebring-international-raceway,2023-03-18,202303181010_Race,17,14 J. Heylen J. Heylen 51.222 17:20.762 | AWA | Duqueine D08 LMP3,8,16:20:40.845,N. Varrone,16:22:04.904,N. Varrone,1:24.059,24:59.849,20_Pit Stops Time Cards_Race.PDF,3,1
2023,07_Sebring International Raceway,Sebring International Raceway,sebring-international-raceway,2023-03-18,202303181010_Race,17,14 J. Heylen J. Heylen 51.222 17:20.762 | AWA | Duqueine D08 LMP3,9,17:26:18.713,N. Varrone,17:27:35.437,W. Boyd,1:16.724,26:16.573,20_Pit Stops Time Cards_Race.PDF,3,1
2023,07_Sebring International Raceway,Sebring International Raceway,sebring-international-raceway,2023-03-18,202303181010_Race,17,14 J. Heylen J. Heylen 51.222 17:20.762 | AWA | Duqueine D08 LMP3,10,18:20:08.186,W. Boyd,18:21:21.904,W. Boyd,1:13.718,27:30.291,20_Pit Stops Time Cards_Race.PDF,3,1
2023,07_Sebring International Raceway,Sebring International Raceway,sebring-international-raceway,2023-03-18,202303181010_Race,17,14 J. Heylen J. Heylen 51.222 17:20.762 | AWA | Duqueine D08 LMP3,11,19:17:28.503,W. Boyd,19:21:00.615,N. Varrone,3:32.112,31:02.403,20_Pit Stops Time Cards_Race.PDF,3,1
2023,07_Sebring International Raceway,Sebring International Raceway,sebring-international-raceway,2023-03-18,202303181010_Race,17,14 J. Heylen J. Heylen 51.222 17:20.762 | AWA | Duqueine D08 LMP3,12,20:18:32.231,N. Varrone,20:19:49.358,N. Varrone,1:17.127,32:19.530,20_Pit Stops Time Cards_Race.PDF,3,1
2023,07_Sebring International Raceway,Sebring International Raceway,sebring-international-raceway,2023-03-18,202303181010_Race,17,14 J. Heylen J. Heylen 51.222 17:20.762 | AWA | Duqueine D08 LMP3,13,21:14:28.255,N. Varrone,21:15:44.057,W. Boyd,1:15.802,33:35.332,20_Pit Stops Time Cards_Race.PDF,3,1
2023,07_Sebring International Raceway,Sebring International Raceway,sebring-international-raceway,2023-03-18,202303181010_Race,18,13 N. Varrone W. Boyd 1:15.802 33:35.332 | Era Motorsport | ORECA LMP2 07 LMP2,1,10:29:48.965,D. Merriman,10:30:21.566,D. Merriman,32.601,32.601,20_Pit Stops Time Cards_Race.PDF,3,1
2023,07_Sebring International Raceway,Sebring International Raceway,sebring-international-raceway,2023-03-18,202303181010_Race,18,13 N. Varrone W. Boyd 1:15.802 33:35.332 | Era Motorsport | ORECA LMP2 07 LMP2,2,10:59:58.361,D. Merriman,11:01:13.512,D. Merriman,1:15.151,1:47.752,20_Pit Stops Time Cards_Race.PDF,3,1
2023,07_Sebring International Raceway,Sebring International Raceway,sebring-international-raceway,2023-03-18,202303181010_Race,18,13 N. Varrone W. Boyd 1:15.802 33:35.332 | Era Motorsport | ORECA LMP2 07 LMP2,3,11:23:47.064,D. Merriman,11:24:52.946,D. Merriman,1:05.882,2:53.634,20_Pit Stops Time Cards_Race.PDF,3,1
2023,07_Sebring International Raceway,Sebring International Raceway,sebring-international-raceway,2023-03-18,202303181010_Race,18,13 N. Varrone W. Boyd 1:15.802 33:35.332 | Era Motorsport | ORECA LMP2 07 LMP2,4,11:31:24.268,D. Merriman,11:32:25.645,D. Merriman,1:01.377,3:55.011,20_Pit Stops Time Cards_Race.PDF,3,2
2023,07_Sebring International Raceway,Sebring International Raceway,sebring-international-raceway,2023-03-18,202303181010_Race,18,13 N. Varrone W. Boyd 1:15.802 33:35.332 | Era Motorsport | ORECA LMP2 07 LMP2,5,11:41:03.829,D. Merriman,11:41:36.418,D. Merriman,32.589,4:27.600,20_Pit Stops Time Cards_Race.PDF,3,2
2023,07_Sebring International Raceway,Sebring International Raceway,sebring-international-raceway,2023-03-18,202303181010_Race,18,13 N. Varrone W. Boyd 1:15.802 33:35.332 | Era Motorsport | ORECA LMP2 07 LMP2,6,12:22:08.313,D. Merriman,12:23:22.222,R. Dalziel,1:13.909,5:41.509,20_Pit Stops Time Cards_Race.PDF,3,2
2023,07_Sebring International Raceway,Sebring International Raceway,sebring-international-raceway,2023-03-18,202303181010_Race,18,13 N. Varrone W. Boyd 1:15.802 33:35.332 | Era Motorsport | ORECA LMP2 07 LMP2,7,12:41:52.169,R. Dalziel,12:42:24.806,R. Dalziel,32.637,6:14.146,20_Pit Stops Time Cards_Race.PDF,3,2
2023,07_Sebring International Raceway,Sebring International Raceway,sebring-international-raceway,2023-03-18,202303181010_Race,18,13 N. Varrone W. Boyd 1:15.802 33:35.332 | Era Motorsport | ORECA LMP2 07 LMP2,8,13:13:11.675,R. Dalziel,13:14:37.361,D. Merriman,1:25.686,7:39.832,20_Pit Stops Time Cards_Race.PDF,3,2
2023,07_Sebring International Raceway,Sebring International Raceway,sebring-international-raceway,2023-03-18,202303181010_Race,18,13 N. Varrone W. Boyd 1:15.802 33:35.332 | Era Motorsport | ORECA LMP2 07 LMP2,9,13:58:04.394,D. Merriman,13:58:50.896,D. Merriman,46.502,8:26.334,20_Pit Stops Time Cards_Race.PDF,3,2
2023,07_Sebring International Raceway,Sebring International Raceway,sebring-international-raceway,2023-03-18,202303181010_Race,18,13 N. Varrone W. Boyd 1:15.802 33:35.332 | Era Motorsport | ORECA LMP2 07 LMP2,10,14:12:37.703,D. Merriman,14:13:55.210,C. Rasmussen,1:17.507,9:43.841,20_Pit Stops Time Cards_Race.PDF,3,2
2023,07_Sebring International Raceway,Sebring International Raceway,sebring-international-raceway,2023-03-18,202303181010_Race,18,13 N. Varrone W. Boyd 1:15.802 33:35.332 | Era Motorsport | ORECA LMP2 07 LMP2,11,14:55:34.786,C. Rasmussen,14:56:50.677,C. Rasmussen,1:15.891,10:59.732,20_Pit Stops Time Cards_Race.PDF,3,2
2023,07_Sebring International Raceway,Sebring International Raceway,sebring-international-raceway,2023-03-18,202303181010_Race,18,13 N. Varrone W. Boyd 1:15.802 33:35.332 | Era Motorsport | ORECA LMP2 07 LMP2,12,15:57:01.148,C. Rasmussen,15:58:18.484,R. Dalziel,1:17.336,12:17.068,20_Pit Stops Time Cards_Race.PDF,3,2
2023,07_Sebring International Raceway,Sebring International Raceway,sebring-international-raceway,2023-03-18,202303181010_Race,18,13 N. Varrone W. Boyd 1:15.802 33:35.332 | Era Motorsport | ORECA LMP2 07 LMP2,13,16:30:26.446,R. Dalziel,16:31:30.062,R. Dalziel,1:03.616,13:20.684,20_Pit Stops Time Cards_Race.PDF,3,2
2023,07_Sebring International Raceway,Sebring International Raceway,sebring-international-raceway,2023-03-18,202303181010_Race,18,13 N. Varrone W. Boyd 1:15.802 33:35.332 | Era Motorsport | ORECA LMP2 07 LMP2,14,17:03:37.773,R. Dalziel,17:04:40.191,C. Rasmussen,1:02.418,14:23.102,20_Pit Stops Time Cards_Race.PDF,3,2
2023,07_Sebring International Raceway,Sebring International Raceway,sebring-international-raceway,2023-03-18,202303181010_Race,18,13 N. Varrone W. Boyd 1:15.802 33:35.332 | Era Motorsport | ORECA LMP2 07 LMP2,15,17:58:00.410,C. Rasmussen,17:59:10.251,C. Rasmussen,1:09.841,15:32.943,20_Pit Stops Time Cards_Race.PDF,3,2
2023,07_Sebring International Raceway,Sebring International Raceway,sebring-international-raceway,2023-03-18,202303181010_Race,18,13 N. Varrone W. Boyd 1:15.802 33:35.332 | Era Motorsport | ORECA LMP2 07 LMP2,16,18:31:21.700,C. Rasmussen,18:31:54.336,C. Rasmussen,32.636,16:05.579,20_Pit Stops Time Cards_Race.PDF,3,2
2023,07_Sebring International Raceway,Sebring International Raceway,sebring-international-raceway,2023-03-18,202303181010_Race,18,13 N. Varrone W. Boyd 1:15.802 33:35.332 | Era Motorsport | ORECA LMP2 07 LMP2,17,18:46:49.550,C. Rasmussen,18:47:59.349,R. Dalziel,1:09.799,17:15.378,20_Pit Stops Time Cards_Race.PDF,3,2
2023,07_Sebring International Raceway,Sebring International Raceway,sebring-international-raceway,2023-03-18,202303181010_Race,18,13 N. Varrone W. Boyd 1:15.802 33:35.332 | Era Motorsport | ORECA LMP2 07 LMP2,18,19:29:43.853,R. Dalziel,19:30:59.944,R. Dalziel,1:16.091,18:31.469,20_Pit Stops Time Cards_Race.PDF,3,2
2023,07_Sebring International Raceway,Sebring International Raceway,sebring-international-raceway,2023-03-18,202303181010_Race,18,13 N. Varrone W. Boyd 1:15.802 33:35.332 | Era Motorsport | ORECA LMP2 07 LMP2,19,20:12:53.563,R. Dalziel,20:14:10.510,C. Rasmussen,1:16.947,19:48.416,20_Pit Stops Time Cards_Race.PDF,3,2
2023,07_Sebring International Raceway,Sebring International Raceway,sebring-international-raceway,2023-03-18,202303181010_Race,18,13 N. Varrone W. Boyd 1:15.802 33:35.332 | Era Motorsport | ORECA LMP2 07 LMP2,20,20:49:39.339,C. Rasmussen,20:50:39.736,C. Rasmussen,1:00.397,20:48.813,20_Pit Stops Time Cards_Race.PDF,3,2
2023,07_Sebring International Raceway,Sebring International Raceway,sebring-international-raceway,2023-03-18,202303181010_Race,18,13 N. Varrone W. Boyd 1:15.802 33:35.332 | Era Motorsport | ORECA LMP2 07 LMP2,21,21:35:40.950,C. Rasmussen,21:36:42.732,C. Rasmussen,1:01.782,21:50.595,20_Pit Stops Time Cards_Race.PDF,3,2
2023,07_Sebring International Raceway,Sebring International Raceway,sebring-international-raceway,2023-03-18,202303181010_Race,20,21 C. Rasmussen C. Rasmussen 1:01.782 21:50.595 | High Class Racing | ORECA LMP2 07 LMP2,1,10:57:07.188,D. Andersen,10:58:24.377,D. Andersen,1:17.189,1:17.189,20_Pit Stops Time Cards_Race.PDF,3,2
2023,07_Sebring International Raceway,Sebring International Raceway,sebring-international-raceway,2023-03-18,202303181010_Race,20,21 C. Rasmussen C. Rasmussen 1:01.782 21:50.595 | High Class Racing | ORECA LMP2 07 LMP2,2,11:24:20.993,D. Andersen,11:25:22.796,D. Andersen,1:01.803,2:18.992,20_Pit Stops Time Cards_Race.PDF,3,2
2023,07_Sebring International Raceway,Sebring International Raceway,sebring-international-raceway,2023-03-18,202303181010_Race,20,21 C. Rasmussen C. Rasmussen 1:01.782 21:50.595 | High Class Racing | ORECA LMP2 07 LMP2,3,12:21:27.805,D. Andersen,12:22:44.882,D. Andersen,1:17.077,3:36.069,20_Pit Stops Time Cards_Race.PDF,3,2
2023,07_Sebring International Raceway,Sebring International Raceway,sebring-international-raceway,2023-03-18,202303181010_Race,20,21 C. Rasmussen C. Rasmussen 1:01.782 21:50.595 | High Class Racing | ORECA LMP2 07 LMP2,4,13:15:53.848,D. Andersen,13:17:11.281,E. Jones,1:17.433,4:53.502,20_Pit Stops Time Cards_Race.PDF,3,2
2023,07_Sebring International Raceway,Sebring International Raceway,sebring-international-raceway,2023-03-18,202303181010_Race,20,21 C. Rasmussen C. Rasmussen 1:01.782 21:50.595 | High Class Racing | ORECA LMP2 07 LMP2,5,14:00:58.941,E. Jones,14:02:17.944,E. Jones,1:19.003,6:12.505,20_Pit Stops Time Cards_Race.PDF,3,2
2023,07_Sebring International Raceway,Sebring International Raceway,sebring-international-raceway,2023-03-18,202303181010_Race,20,21 C. Rasmussen C. Rasmussen 1:01.782 21:50.595 | High Class Racing | ORECA LMP2 07 LMP2,6,14:46:01.802,E. Jones,14:47:21.471,E. Jones,1:19.669,7:32.174,20_Pit Stops Time Cards_Race.PDF,3,2
2023,07_Sebring International Raceway,Sebring International Raceway,sebring-international-raceway,2023-03-18,202303181010_Race,20,21 C. Rasmussen C. Rasmussen 1:01.782 21:50.595 | High Class Racing | ORECA LMP2 07 LMP2,7,15:12:36.808,E. Jones,15:13:49.886,A. Fjordbach,1:13.078,8:45.252,20_Pit Stops Time Cards_Race.PDF,3,2
2023,07_Sebring International Raceway,Sebring International Raceway,sebring-international-raceway,2023-03-18,202303181010_Race,20,21 C. Rasmussen C. Rasmussen 1:01.782 21:50.595 | High Class Racing | ORECA LMP2 07 LMP2,8,15:28:47.639,A. Fjordbach,15:29:20.262,A. Fjordbach,32.623,9:17.875,20_Pit Stops Time Cards_Race.PDF,3,2
2023,07_Sebring International Raceway,Sebring International Raceway,sebring-international-raceway,2023-03-18,202303181010_Race,20,21 C. Rasmussen C. Rasmussen 1:01.782 21:50.595 | High Class Racing | ORECA LMP2 07 LMP2,9,16:06:03.030,A. Fjordbach,16:07:28.071,A. Fjordbach,1:25.041,10:42.916,20_Pit Stops Time Cards_Race.PDF,3,2
2023,07_Sebring International Raceway,Sebring International Raceway,sebring-international-raceway,2023-03-18,202303181010_Race,20,21 C. Rasmussen C. Rasmussen 1:01.782 21:50.595 | High Class Racing | ORECA LMP2 07 LMP2,10,16:39:05.279,A. Fjordbach,16:40:10.126,A. Fjordbach,1:04.847,11:47.763,20_Pit Stops Time Cards_Race.PDF,3,2
2023,07_Sebring International Raceway,Sebring International Raceway,sebring-international-raceway,2023-03-18,202303181010_Race,20,21 C. Rasmussen C. Rasmussen 1:01.782 21:50.595 | High Class Racing | ORECA LMP2 07 LMP2,11,17:17:25.113,A. Fjordbach,17:18:36.037,E. Jones,1:10.924,12:58.687,20_Pit Stops Time Cards_Race.PDF,3,2
2023,07_Sebring International Raceway,Sebring International Raceway,sebring-international-raceway,2023-03-18,202303181010_Race,20,21 C. Rasmussen C. Rasmussen 1:01.782 21:50.595 | High Class Racing | ORECA LMP2 07 LMP2,12,18:12:31.195,E. Jones,18:13:45.953,E. Jones,1:14.758,14:13.445,20_Pit Stops Time Cards_Race.PDF,3,2
2023,07_Sebring International Raceway,Sebring International Raceway,sebring-international-raceway,2023-03-18,202303181010_Race,20,21 C. Rasmussen C. Rasmussen 1:01.782 21:50.595 | High Class Racing | ORECA LMP2 07 LMP2,13,18:58:06.628,E. Jones,18:59:18.873,E. Jones,1:12.245,15:25.690,20_Pit Stops Time Cards_Race.PDF,3,2
2023,07_Sebring International Raceway,Sebring International Raceway,sebring-international-raceway,2023-03-18,202303181010_Race,20,21 C. Rasmussen C. Rasmussen 1:01.782 21:50.595 | High Class Racing | ORECA LMP2 07 LMP2,14,19:03:12.994,E. Jones,19:04:32.297,E. Jones,1:19.303,16:44.993,20_Pit Stops Time Cards_Race.PDF,3,2
2023,07_Sebring International Raceway,Sebring International Raceway,sebring-international-raceway,2023-03-18,202303181010_Race,20,21 C. Rasmussen C. Rasmussen 1:01.782 21:50.595 | High Class Racing | ORECA LMP2 07 LMP2,15,19:06:29.974,E. Jones,19:07:14.969,A. Fjordbach,44.995,17:29.988,20_Pit Stops Time Cards_Race.PDF,3,2
2023,07_Sebring International Raceway,Sebring International Raceway,sebring-international-raceway,2023-03-18,202303181010_Race,20,21 C. Rasmussen C. Rasmussen 1:01.782 21:50.595 | High Class Racing | ORECA LMP2 07 LMP2,16,19:13:01.425,A. Fjordbach,19:13:34.041,A. Fjordbach,32.616,18:02.604,20_Pit Stops Time Cards_Race.PDF,3,2
2023,07_Sebring International Raceway,Sebring International Raceway,sebring-international-raceway,2023-03-18,202303181010_Race,20,21 C. Rasmussen C. Rasmussen 1:01.782 21:50.595 | High Class Racing | ORECA LMP2 07 LMP2,17,19:49:58.488,A. Fjordbach,19:51:17.572,A. Fjordbach,1:19.084,19:21.688,20_Pit Stops Time Cards_Race.PDF,3,2
2023,07_Sebring International Raceway,Sebring International Raceway,sebring-international-raceway,2023-03-18,202303181010_Race,20,21 C. Rasmussen C. Rasmussen 1:01.782 21:50.595 | High Class Racing | ORECA LMP2 07 LMP2,18,20:14:44.162,A. Fjordbach,20:16:04.638,E. Jones,1:20.476,20:42.164,20_Pit Stops Time Cards_Race.PDF,3,2
2023,07_Sebring International Raceway,Sebring International Raceway,sebring-international-raceway,2023-03-18,202303181010_Race,20,21 C. Rasmussen C. Rasmussen 1:01.782 21:50.595 | High Class Racing | ORECA LMP2 07 LMP2,19,20:49:44.757,E. Jones,20:51:01.233,E. Jones,1:16.476,21:58.640,20_Pit Stops Time Cards_Race.PDF,3,2
2023,07_Sebring International Raceway,Sebring International Raceway,sebring-international-raceway,2023-03-18,202303181010_Race,20,21 C. Rasmussen C. Rasmussen 1:01.782 21:50.595 | High Class Racing | ORECA LMP2 07 LMP2,20,21:35:42.244,E. Jones,21:36:48.205,E. Jones,1:05.961,23:04.601,20_Pit Stops Time Cards_Race.PDF,3,2
2023,07_Sebring International Raceway,Sebring International Raceway,sebring-international-raceway,2023-03-18,202303181010_Race,21,20 E. Jones E. Jones 1:05.961 23:04.601 | AF Corse | Ferrari 296 GT3 GTD,1,11:27:33.578,S. Mann,11:28:58.986,F. Castellacci,1:25.408,1:25.408,20_Pit Stops Time Cards_Race.PDF,3,2
2023,07_Sebring International Raceway,Sebring International Raceway,sebring-international-raceway,2023-03-18,202303181010_Race,21,20 E. Jones E. Jones 1:05.961 23:04.601 | AF Corse | Ferrari 296 GT3 GTD,2,12:25:12.324,F. Castellacci,12:26:25.103,F. Castellacci,1:12.779,2:38.187,20_Pit Stops Time Cards_Race.PDF,3,2
2023,07_Sebring International Raceway,Sebring International Raceway,sebring-international-raceway,2023-03-18,202303181010_Race,21,20 E. Jones E. Jones 1:05.961 23:04.601 | AF Corse | Ferrari 296 GT3 GTD,3,13:34:51.523,F. Castellacci,13:36:11.491,M. Molina,1:19.968,3:58.155,20_Pit Stops Time Cards_Race.PDF,3,2
2023,07_Sebring International Raceway,Sebring International Raceway,sebring-international-raceway,2023-03-18,202303181010_Race,21,20 E. Jones E. Jones 1:05.961 23:04.601 | AF Corse | Ferrari 296 GT3 GTD,4,14:32:29.927,M. Molina,14:51:19.305,F. Castellacci,18:49.378,22:47.533,20_Pit Stops Time Cards_Race.PDF,3,2
2023,07_Sebring International Raceway,Sebring International Raceway,sebring-international-raceway,2023-03-18,202303181010_Race,21,20 E. Jones E. Jones 1:05.961 23:04.601 | AF Corse | Ferrari 296 GT3 GTD,5,15:16:46.763,F. Castellacci,15:18:33.315,F. Castellacci,1:46.552,24:34.085,20_Pit Stops Time Cards_Race.PDF,3,2
2023,07_Sebring International Raceway,Sebring International Raceway,sebring-international-raceway,2023-03-18,202303181010_Race,21,20 E. Jones E. Jones 1:05.961 23:04.601 | AF Corse | Ferrari 296 GT3 GTD,6,16:23:23.186,F. Castellacci,16:25:00.665,M. Molina,1:37.479,26:11.564,20_Pit Stops Time Cards_Race.PDF,3,2
2023,07_Sebring International Raceway,Sebring International Raceway,sebring-international-raceway,2023-03-18,202303181010_Race,21,20 E. Jones E. Jones 1:05.961 23:04.601 | AF Corse | Ferrari 296 GT3 GTD,7,17:26:16.651,M. Molina,17:27:21.951,M. Molina,1:05.300,27:16.864,20_Pit Stops Time Cards_Race.PDF,3,2
2023,07_Sebring International Raceway,Sebring International Raceway,sebring-international-raceway,2023-03-18,202303181010_Race,21,20 E. Jones E. Jones 1:05.961 23:04.601 | AF Corse | Ferrari 296 GT3 GTD,8,18:21:49.300,M. Molina,18:23:00.260,S. Mann,1:10.960,28:27.824,20_Pit Stops Time Cards_Race.PDF,3,2
2023,07_Sebring International Raceway,Sebring International Raceway,sebring-international-raceway,2023-03-18,202303181010_Race,21,20 E. Jones E. Jones 1:05.961 23:04.601 | AF Corse | Ferrari 296 GT3 GTD,9,19:23:19.274,S. Mann,19:24:36.554,S. Mann,1:17.280,29:45.104,20_Pit Stops Time Cards_Race.PDF,3,2
2023,07_Sebring International Raceway,Sebring International Raceway,sebring-international-raceway,2023-03-18,202303181010_Race,21,20 E. Jones E. Jones 1:05.961 23:04.601 | AF Corse | Ferrari 296 GT3 GTD,10,20:12:27.164,S. Mann,20:13:40.306,M. Molina,1:13.142,30:58.246,20_Pit Stops Time Cards_Race.PDF,3,2
2023,07_Sebring International Raceway,Sebring International Raceway,sebring-international-raceway,2023-03-18,202303181010_Race,21,20 E. Jones E. Jones 1:05.961 23:04.601 | AF Corse | Ferrari 296 GT3 GTD,11,21:14:41.097,M. Molina,21:15:47.067,M. Molina,1:05.970,32:04.216,20_Pit Stops Time Cards_Race.PDF,3,2
2023,07_Sebring International Raceway,Sebring International Raceway,sebring-international-raceway,2023-03-18,202303181010_Race,023,Triarsi Competizione | Ferrari 296 GT3 GTD,1,11:09:00.867,A. Rovera,11:13:31.557,C. Scardina,4:30.690,4:30.690,20_Pit Stops Time Cards_Race.PDF,4,1
2023,07_Sebring International Raceway,Sebring International Raceway,sebring-international-raceway,2023-03-18,202303181010_Race,023,Triarsi Competizione | Ferrari 296 GT3 GTD,2,11:35:38.706,C. Scardina,11:36:26.066,C. Scardina,47.360,5:18.050,20_Pit Stops Time Cards_Race.PDF,4,1
2023,07_Sebring International Raceway,Sebring International Raceway,sebring-international-raceway,2023-03-18,202303181010_Race,023,Triarsi Competizione | Ferrari 296 GT3 GTD,3,12:02:00.231,C. Scardina,13:08:23.305,C. Scardina,1:06:23.074,1:11:41.124,20_Pit Stops Time Cards_Race.PDF,4,1
2023,07_Sebring International Raceway,Sebring International Raceway,sebring-international-raceway,2023-03-18,202303181010_Race,023,Triarsi Competizione | Ferrari 296 GT3 GTD,4,14:11:01.265,C. Scardina,14:12:42.184,O. Triarsi,1:40.919,1:13:22.043,20_Pit Stops Time Cards_Race.PDF,4,1
2023,07_Sebring International Raceway,Sebring International Raceway,sebring-international-raceway,2023-03-18,202303181010_Race,23,4 C. Scardina O. Triarsi 1:40.919 | Heart of Racing Team | Aston Martin Vantage GT3 GTDPRO,1,11:15:47.136,A. Riberas,11:16:29.798,A. Riberas,42.662,42.662,20_Pit Stops Time Cards_Race.PDF,4,1
2023,07_Sebring International Raceway,Sebring International Raceway,sebring-international-raceway,2023-03-18,202303181010_Race,23,4 C. Scardina O. Triarsi 1:40.919 | Heart of Racing Team | Aston Martin Vantage GT3 GTDPRO,2,11:27:34.226,A. Riberas,11:28:48.538,A. Riberas,1:14.312,1:56.974,20_Pit Stops Time Cards_Race.PDF,4,1
2023,07_Sebring International Raceway,Sebring International Raceway,sebring-international-raceway,2023-03-18,202303181010_Race,23,4 C. Scardina O. Triarsi 1:40.919 | Heart of Racing Team | Aston Martin Vantage GT3 GTDPRO,3,11:31:54.776,A. Riberas,11:32:27.615,A. Riberas,32.839,2:29.813,20_Pit Stops Time Cards_Race.PDF,4,1
2023,07_Sebring International Raceway,Sebring International Raceway,sebring-international-raceway,2023-03-18,202303181010_Race,23,4 C. Scardina O. Triarsi 1:40.919 | Heart of Racing Team | Aston Martin Vantage GT3 GTDPRO,4,11:47:11.233,A. Riberas,11:47:43.878,A. Riberas,32.645,3:02.458,20_Pit Stops Time Cards_Race.PDF,4,1
2023,07_Sebring International Raceway,Sebring International Raceway,sebring-international-raceway,2023-03-18,202303181010_Race,23,4 C. Scardina O. Triarsi 1:40.919 | Heart of Racing Team | Aston Martin Vantage GT3 GTDPRO,5,11:53:52.917,A. Riberas,11:54:44.361,A. Riberas,51.444,3:53.902,20_Pit Stops Time Cards_Race.PDF,4,1
2023,07_Sebring International Raceway,Sebring International Raceway,sebring-international-raceway,2023-03-18,202303181010_Race,23,4 C. Scardina O. Triarsi 1:40.919 | Heart of Racing Team | Aston Martin Vantage GT3 GTDPRO,6,12:25:22.463,A. Riberas,12:26:45.722,R. Gunn,1:23.259,5:17.161,20_Pit Stops Time Cards_Race.PDF,4,1
2023,07_Sebring International Raceway,Sebring International Raceway,sebring-international-raceway,2023-03-18,202303181010_Race,23,4 C. Scardina O. Triarsi 1:40.919 | Heart of Racing Team | Aston Martin Vantage GT3 GTDPRO,7,12:38:26.887,R. Gunn,12:38:59.571,R. Gunn,32.684,5:49.845,20_Pit Stops Time Cards_Race.PDF,4,1
2023,07_Sebring International Raceway,Sebring International Raceway,sebring-international-raceway,2023-03-18,202303181010_Race,23,4 C. Scardina O. Triarsi 1:40.919 | Heart of Racing Team | Aston Martin Vantage GT3 GTDPRO,8,13:18:01.871,R. Gunn,13:19:13.037,R. Gunn,1:11.166,7:01.011,20_Pit Stops Time Cards_Race.PDF,4,1
2023,07_Sebring International Raceway,Sebring International Raceway,sebring-international-raceway,2023-03-18,202303181010_Race,23,4 C. Scardina O. Triarsi 1:40.919 | Heart of Racing Team | Aston Martin Vantage GT3 GTDPRO,9,13:29:42.849,R. Gunn,13:48:09.966,R. Gunn,18:27.117,25:28.128,20_Pit Stops Time Cards_Race.PDF,4,1
2023,07_Sebring International Raceway,Sebring International Raceway,sebring-international-raceway,2023-03-18,202303181010_Race,23,4 C. Scardina O. Triarsi 1:40.919 | Heart of Racing Team | Aston Martin Vantage GT3 GTDPRO,10,14:48:06.646,R. Gunn,14:49:38.083,D. Pittard,1:31.437,26:59.565,20_Pit Stops Time Cards_Race.PDF,4,1
2023,07_Sebring International Raceway,Sebring International Raceway,sebring-international-raceway,2023-03-18,202303181010_Race,23,4 C. Scardina O. Triarsi 1:40.919 | Heart of Racing Team | Aston Martin Vantage GT3 GTDPRO,11,15:14:58.942,D. Pittard,15:15:50.970,D. Pittard,52.028,27:51.593,20_Pit Stops Time Cards_Race.PDF,4,1
2023,07_Sebring International Raceway,Sebring International Raceway,sebring-international-raceway,2023-03-18,202303181010_Race,23,4 C. Scardina O. Triarsi 1:40.919 | Heart of Racing Team | Aston Martin Vantage GT3 GTDPRO,12,16:21:00.445,D. Pittard,16:22:16.061,D. Pittard,1:15.616,29:07.209,20_Pit Stops Time Cards_Race.PDF,4,1
2023,07_Sebring International Raceway,Sebring International Raceway,sebring-international-raceway,2023-03-18,202303181010_Race,23,4 C. Scardina O. Triarsi 1:40.919 | Heart of Racing Team | Aston Martin Vantage GT3 GTDPRO,13,16:46:55.664,D. Pittard,16:47:28.390,D. Pittard,32.726,29:39.935,20_Pit Stops Time Cards_Race.PDF,4,1
2023,07_Sebring International Raceway,Sebring International Raceway,sebring-international-raceway,2023-03-18,202303181010_Race,23,4 C. Scardina O. Triarsi 1:40.919 | Heart of Racing Team | Aston Martin Vantage GT3 GTDPRO,14,17:28:36.594,D. Pittard,17:30:18.315,A. Riberas,1:41.721,31:21.656,20_Pit Stops Time Cards_Race.PDF,4,1
2023,07_Sebring International Raceway,Sebring International Raceway,sebring-international-raceway,2023-03-18,202303181010_Race,23,4 C. Scardina O. Triarsi 1:40.919 | Heart of Racing Team | Aston Martin Vantage GT3 GTDPRO,15,18:21:52.974,A. Riberas,18:22:56.360,A. Riberas,1:03.386,32:25.042,20_Pit Stops Time Cards_Race.PDF,4,1
2023,07_Sebring International Raceway,Sebring International Raceway,sebring-international-raceway,2023-03-18,202303181010_Race,23,4 C. Scardina O. Triarsi 1:40.919 | Heart of Racing Team | Aston Martin Vantage GT3 GTDPRO,16,19:20:43.064,A. Riberas,19:22:03.380,R. Gunn,1:20.316,33:45.358,20_Pit Stops Time Cards_Race.PDF,4,1
2023,07_Sebring International Raceway,Sebring International Raceway,sebring-international-raceway,2023-03-18,202303181010_Race,23,4 C. Scardina O. Triarsi 1:40.919 | Heart of Racing Team | Aston Martin Vantage GT3 GTDPRO,17,20:19:35.971,R. Gunn,20:20:54.797,R. Gunn,1:18.826,35:04.184,20_Pit Stops Time Cards_Race.PDF,4,1
2023,07_Sebring International Raceway,Sebring International Raceway,sebring-international-raceway,2023-03-18,202303181010_Race,23,4 C. Scardina O. Triarsi 1:40.919 | Heart of Racing Team | Aston Martin Vantage GT3 GTDPRO,18,21:35:11.820,R. Gunn,21:36:20.125,D. Pittard,1:08.305,36:12.489,20_Pit Stops Time Cards_Race.PDF,4,1
2023,07_Sebring International Raceway,Sebring International Raceway,sebring-international-raceway,2023-03-18,202303181010_Race,24,18 R. Gunn D. Pittard 1:08.305 36:12.489 | BMW M Team RLL | BMW M Hybrid V8 GTP,1,11:07:52.169,A. Farfus,11:09:09.527,A. Farfus,1:17.358,1:17.358,20_Pit Stops Time Cards_Race.PDF,4,1
2023,07_Sebring International Raceway,Sebring International Raceway,sebring-international-raceway,2023-03-18,202303181010_Race,24,18 R. Gunn D. Pittard 1:08.305 36:12.489 | BMW M Team RLL | BMW M Hybrid V8 GTP,2,11:23:43.267,A. Farfus,11:24:50.696,A. Farfus,1:07.429,2:24.787,20_Pit Stops Time Cards_Race.PDF,4,1
2023,07_Sebring International Raceway,Sebring International Raceway,sebring-international-raceway,2023-03-18,202303181010_Race,24,18 R. Gunn D. Pittard 1:08.305 36:12.489 | BMW M Team RLL | BMW M Hybrid V8 GTP,3,12:21:03.965,A. Farfus,12:22:20.981,P. Eng,1:17.016,3:41.803,20_Pit Stops Time Cards_Race.PDF,4,1
2023,07_Sebring International Raceway,Sebring International Raceway,sebring-international-raceway,2023-03-18,202303181010_Race,24,18 R. Gunn D. Pittard 1:08.305 36:12.489 | BMW M Team RLL | BMW M Hybrid V8 GTP,4,13:24:41.219,P. Eng,13:25:57.220,P. Eng,1:16.001,4:57.804,20_Pit Stops Time Cards_Race.PDF,4,1
2023,07_Sebring International Raceway,Sebring International Raceway,sebring-international-raceway,2023-03-18,202303181010_Race,24,18 R. Gunn D. Pittard 1:08.305 36:12.489 | BMW M Team RLL | BMW M Hybrid V8 GTP,5,14:00:58.172,P. Eng,14:02:06.260,M. Wittmann,1:08.088,6:05.892,20_Pit Stops Time Cards_Race.PDF,4,1
2023,07_Sebring International Raceway,Sebring International Raceway,sebring-international-raceway,2023-03-18,202303181010_Race,24,18 R. Gunn D. Pittard 1:08.305 36:12.489 | BMW M Team RLL | BMW M Hybrid V8 GTP,6,14:54:45.150,M. Wittmann,14:56:02.747,M. Wittmann,1:17.597,7:23.489,20_Pit Stops Time Cards_Race.PDF,4,1
2023,07_Sebring International Raceway,Sebring International Raceway,sebring-international-raceway,2023-03-18,202303181010_Race,24,18 R. Gunn D. Pittard 1:08.305 36:12.489 | BMW M Team RLL | BMW M Hybrid V8 GTP,7,15:14:23.435,M. Wittmann,15:15:08.132,M. Wittmann,44.697,8:08.186,20_Pit Stops Time Cards_Race.PDF,4,1
2023,07_Sebring International Raceway,Sebring International Raceway,sebring-international-raceway,2023-03-18,202303181010_Race,24,18 R. Gunn D. Pittard 1:08.305 36:12.489 | BMW M Team RLL | BMW M Hybrid V8 GTP,8,16:08:34.617,M. Wittmann,16:09:48.061,A. Farfus,1:13.444,9:21.630,20_Pit Stops Time Cards_Race.PDF,4,1
2023,07_Sebring International Raceway,Sebring International Raceway,sebring-international-raceway,2023-03-18,202303181010_Race,25,8 M. Wittmann A. Farfus 1:13.444 9:21.630 | BMW M Team RLL | BMW M Hybrid V8 GTP,1,11:09:50.819,C. De Phillippi,11:11:09.031,C. De Phillippi,1:18.212,1:18.212,20_Pit Stops Time Cards_Race.PDF,4,1
2023,07_Sebring International Raceway,Sebring International Raceway,sebring-international-raceway,2023-03-18,202303181010_Race,25,8 M. Wittmann A. Farfus 1:13.444 9:21.630 | BMW M Team RLL | BMW M Hybrid V8 GTP,2,11:31:06.960,C. De Phillippi,11:32:08.383,C. De Phillippi,1:01.423,2:19.635,20_Pit Stops Time Cards_Race.PDF,4,1
2023,07_Sebring International Raceway,Sebring International Raceway,sebring-international-raceway,2023-03-18,202303181010_Race,25,8 M. Wittmann A. Farfus 1:13.444 9:21.630 | BMW M Team RLL | BMW M Hybrid V8 GTP,3,12:21:05.526,C. De Phillippi,12:22:19.888,N. Yelloly,1:14.362,3:33.997,20_Pit Stops Time Cards_Race.PDF,4,1
2023,07_Sebring International Raceway,Sebring International Raceway,sebring-international-raceway,2023-03-18,202303181010_Race,25,8 M. Wittmann A. Farfus 1:13.444 9:21.630 | BMW M Team RLL | BMW M Hybrid V8 GTP,4,12:28:48.725,N. Yelloly,12:29:53.682,N. Yelloly,1:04.957,4:38.954,20_Pit Stops Time Cards_Race.PDF,4,1
2023,07_Sebring International Raceway,Sebring International Raceway,sebring-international-raceway,2023-03-18,202303181010_Race,25,8 M. Wittmann A. Farfus 1:13.444 9:21.630 | BMW M Team RLL | BMW M Hybrid V8 GTP,5,13:22:51.675,N. Yelloly,13:24:08.095,N. Yelloly,1:16.420,5:55.374,20_Pit Stops Time Cards_Race.PDF,4,1
2023,07_Sebring International Raceway,Sebring International Raceway,sebring-international-raceway,2023-03-18,202303181010_Race,25,8 M. Wittmann A. Farfus 1:13.444 9:21.630 | BMW M Team RLL | BMW M Hybrid V8 GTP,6,14:17:36.941,N. Yelloly,14:18:54.883,S. van der Linde,1:17.942,7:13.316,20_Pit Stops Time Cards_Race.PDF,4,1
2023,07_Sebring International Raceway,Sebring International Raceway,sebring-international-raceway,2023-03-18,202303181010_Race,25,8 M. Wittmann A. Farfus 1:13.444 9:21.630 | BMW M Team RLL | BMW M Hybrid V8 GTP,7,15:05:21.115,S. van der Linde,15:06:32.306,S. van der Linde,1:11.191,8:24.507,20_Pit Stops Time Cards_Race.PDF,4,1
2023,07_Sebring International Raceway,Sebring International Raceway,sebring-international-raceway,2023-03-18,202303181010_Race,25,8 M. Wittmann A. Farfus 1:13.444 9:21.630 | BMW M Team RLL | BMW M Hybrid V8 GTP,8,16:13:10.481,S. van der Linde,16:14:28.577,C. De Phillippi,1:18.096,9:42.603,20_Pit Stops Time Cards_Race.PDF,4,1
2023,07_Sebring International Raceway,Sebring International Raceway,sebring-international-raceway,2023-03-18,202303181010_Race,25,8 M. Wittmann A. Farfus 1:13.444 9:21.630 | BMW M Team RLL | BMW M Hybrid V8 GTP,9,16:29:52.922,C. De Phillippi,16:30:45.230,C. De Phillippi,52.308,10:34.911,20_Pit Stops Time Cards_Race.PDF,4,1
2023,07_Sebring International Raceway,Sebring International Raceway,sebring-international-raceway,2023-03-18,202303181010_Race,25,8 M. Wittmann A. Farfus 1:13.444 9:21.630 | BMW M Team RLL | BMW M Hybrid V8 GTP,10,17:16:47.207,C. De Phillippi,17:18:04.044,C. De Phillippi,1:16.837,11:51.748,20_Pit Stops Time Cards_Race.PDF,4,1
2023,07_Sebring International Raceway,Sebring International Raceway,sebring-international-raceway,2023-03-18,202303181010_Race,25,8 M. Wittmann A. Farfus 1:13.444 9:21.630 | BMW M Team RLL | BMW M Hybrid V8 GTP,11,18:12:27.749,C. De Phillippi,18:13:53.322,C. De Phillippi,1:25.573,13:17.321,20_Pit Stops Time Cards_Race.PDF,4,1
2023,07_Sebring International Raceway,Sebring International Raceway,sebring-international-raceway,2023-03-18,202303181010_Race,25,8 M. Wittmann A. Farfus 1:13.444 9:21.630 | BMW M Team RLL | BMW M Hybrid V8 GTP,12,18:20:18.702,C. De Phillippi,18:21:24.612,S. van der Linde,1:05.910,14:23.231,20_Pit Stops Time Cards_Race.PDF,4,1
2023,07_Sebring International Raceway,Sebring International Raceway,sebring-international-raceway,2023-03-18,202303181010_Race,25,8 M. Wittmann A. Farfus 1:13.444 9:21.630 | BMW M Team RLL | BMW M Hybrid V8 GTP,13,19:13:49.493,S. van der Linde,19:15:09.909,S. van der Linde,1:20.416,15:43.647,20_Pit Stops Time Cards_Race.PDF,4,1
2023,07_Sebring International Raceway,Sebring International Raceway,sebring-international-raceway,2023-03-18,202303181010_Race,25,8 M. Wittmann A. Farfus 1:13.444 9:21.630 | BMW M Team RLL | BMW M Hybrid V8 GTP,14,19:48:20.317,S. van der Linde,19:49:28.298,S. van der Linde,1:07.981,16:51.628,20_Pit Stops Time Cards_Race.PDF,4,1
2023,07_Sebring International Raceway,Sebring International Raceway,sebring-international-raceway,2023-03-18,202303181010_Race,25,8 M. Wittmann A. Farfus 1:13.444 9:21.630 | BMW M Team RLL | BMW M Hybrid V8 GTP,15,20:41:43.966,S. van der Linde,20:47:18.578,N. Yelloly,5:34.612,22:26.240,20_Pit Stops Time Cards_Race.PDF,4,2
2023,07_Sebring International Raceway,Sebring International Raceway,sebring-international-raceway,2023-03-18,202303181010_Race,25,8 M. Wittmann A. Farfus 1:13.444 9:21.630 | BMW M Team RLL | BMW M Hybrid V8 GTP,16,21:33:37.381,N. Yelloly,21:34:33.490,N. Yelloly,56.109,23:22.349,20_Pit Stops Time Cards_Race.PDF,4,2
2023,07_Sebring International Raceway,Sebring International Raceway,sebring-international-raceway,2023-03-18,202303181010_Race,27,16 N. Yelloly N. Yelloly 56.109 23:22.349 | Heart of Racing Team | Aston Martin Vantage GT3 GTD,1,11:16:20.309,I. James,11:17:03.028,I. James,42.719,42.719,20_Pit Stops Time Cards_Race.PDF,4,2
2023,07_Sebring International Raceway,Sebring International Raceway,sebring-international-raceway,2023-03-18,202303181010_Race,27,16 N. Yelloly N. Yelloly 56.109 23:22.349 | Heart of Racing Team | Aston Martin Vantage GT3 GTD,2,11:27:44.795,I. James,11:28:58.228,I. James,1:13.433,1:56.152,20_Pit Stops Time Cards_Race.PDF,4,2
2023,07_Sebring International Raceway,Sebring International Raceway,sebring-international-raceway,2023-03-18,202303181010_Race,27,16 N. Yelloly N. Yelloly 56.109 23:22.349 | Heart of Racing Team | Aston Martin Vantage GT3 GTD,3,11:31:58.381,I. James,11:32:31.630,I. James,33.249,2:29.401,20_Pit Stops Time Cards_Race.PDF,4,2
2023,07_Sebring International Raceway,Sebring International Raceway,sebring-international-raceway,2023-03-18,202303181010_Race,27,16 N. Yelloly N. Yelloly 56.109 23:22.349 | Heart of Racing Team | Aston Martin Vantage GT3 GTD,4,12:25:11.101,I. James,12:26:18.741,I. James,1:07.640,3:37.041,20_Pit Stops Time Cards_Race.PDF,4,2
2023,07_Sebring International Raceway,Sebring International Raceway,sebring-international-raceway,2023-03-18,202303181010_Race,27,16 N. Yelloly N. Yelloly 56.109 23:22.349 | Heart of Racing Team | Aston Martin Vantage GT3 GTD,5,13:15:44.034,I. James,13:17:09.213,M. Sorensen,1:25.179,5:02.220,20_Pit Stops Time Cards_Race.PDF,4,2
2023,07_Sebring International Raceway,Sebring International Raceway,sebring-international-raceway,2023-03-18,202303181010_Race,27,16 N. Yelloly N. Yelloly 56.109 23:22.349 | Heart of Racing Team | Aston Martin Vantage GT3 GTD,6,14:16:57.687,M. Sorensen,14:18:13.432,R. De Angelis,1:15.745,6:17.965,20_Pit Stops Time Cards_Race.PDF,4,2
2023,07_Sebring International Raceway,Sebring International Raceway,sebring-international-raceway,2023-03-18,202303181010_Race,27,16 N. Yelloly N. Yelloly 56.109 23:22.349 | Heart of Racing Team | Aston Martin Vantage GT3 GTD,7,15:08:53.015,R. De Angelis,15:10:00.279,R. De Angelis,1:07.264,7:25.229,20_Pit Stops Time Cards_Race.PDF,4,2
2023,07_Sebring International Raceway,Sebring International Raceway,sebring-international-raceway,2023-03-18,202303181010_Race,27,16 N. Yelloly N. Yelloly 56.109 23:22.349 | Heart of Racing Team | Aston Martin Vantage GT3 GTD,8,16:14:17.509,R. De Angelis,16:15:32.823,M. Sorensen,1:15.314,8:40.543,20_Pit Stops Time Cards_Race.PDF,4,2
2023,07_Sebring International Raceway,Sebring International Raceway,sebring-international-raceway,2023-03-18,202303181010_Race,27,16 N. Yelloly N. Yelloly 56.109 23:22.349 | Heart of Racing Team | Aston Martin Vantage GT3 GTD,9,17:20:27.232,M. Sorensen,17:21:52.608,R. De Angelis,1:25.376,10:05.919,20_Pit Stops Time Cards_Race.PDF,4,2
2023,07_Sebring International Raceway,Sebring International Raceway,sebring-international-raceway,2023-03-18,202303181010_Race,27,16 N. Yelloly N. Yelloly 56.109 23:22.349 | Heart of Racing Team | Aston Martin Vantage GT3 GTD,10,18:16:16.575,R. De Angelis,18:17:21.131,R. De Angelis,1:04.556,11:10.475,20_Pit Stops Time Cards_Race.PDF,4,2
2023,07_Sebring International Raceway,Sebring International Raceway,sebring-international-raceway,2023-03-18,202303181010_Race,27,16 N. Yelloly N. Yelloly 56.109 23:22.349 | Heart of Racing Team | Aston Martin Vantage GT3 GTD,11,19:19:32.190,R. De Angelis,19:20:50.847,M. Sorensen,1:18.657,12:29.132,20_Pit Stops Time Cards_Race.PDF,4,2
2023,07_Sebring International Raceway,Sebring International Raceway,sebring-international-raceway,2023-03-18,202303181010_Race,27,16 N. Yelloly N. Yelloly 56.109 23:22.349 | Heart of Racing Team | Aston Martin Vantage GT3 GTD,12,20:18:25.681,M. Sorensen,20:19:42.132,M. Sorensen,1:16.451,13:45.583,20_Pit Stops Time Cards_Race.PDF,4,2
2023,07_Sebring International Raceway,Sebring International Raceway,sebring-international-raceway,2023-03-18,202303181010_Race,27,16 N. Yelloly N. Yelloly 56.109 23:22.349 | Heart of Racing Team | Aston Martin Vantage GT3 GTD,13,21:16:42.854,M. Sorensen,21:17:42.572,M. Sorensen,59.718,14:45.301,20_Pit Stops Time Cards_Race.PDF,4,2
2023,07_Sebring International Raceway,Sebring International Raceway,sebring-international-raceway,2023-03-18,202303181010_Race,30,13 M. Sorensen M. Sorensen 59.718 14:45.301 | Jr III Racing | Ligier JS P320 LMP3,1,11:10:43.626,A. Balogh,11:12:01.933,A. Balogh,1:18.307,1:18.307,20_Pit Stops Time Cards_Race.PDF,4,2
2023,07_Sebring International Raceway,Sebring International Raceway,sebring-international-raceway,2023-03-18,202303181010_Race,30,13 M. Sorensen M. Sorensen 59.718 14:45.301 | Jr III Racing | Ligier JS P320 LMP3,2,11:24:46.126,A. Balogh,11:25:34.791,A. Balogh,48.665,2:06.972,20_Pit Stops Time Cards_Race.PDF,4,2
2023,07_Sebring International Raceway,Sebring International Raceway,sebring-international-raceway,2023-03-18,202303181010_Race,30,13 M. Sorensen M. Sorensen 59.718 14:45.301 | Jr III Racing | Ligier JS P320 LMP3,3,12:21:11.574,A. Balogh,12:22:27.256,A. Balogh,1:15.682,3:22.654,20_Pit Stops Time Cards_Race.PDF,4,2
2023,07_Sebring International Raceway,Sebring International Raceway,sebring-international-raceway,2023-03-18,202303181010_Race,30,13 M. Sorensen M. Sorensen 59.718 14:45.301 | Jr III Racing | Ligier JS P320 LMP3,4,13:17:13.118,A. Balogh,13:18:34.903,G. Grist,1:21.785,4:44.439,20_Pit Stops Time Cards_Race.PDF,4,2
2023,07_Sebring International Raceway,Sebring International Raceway,sebring-international-raceway,2023-03-18,202303181010_Race,30,13 M. Sorensen M. Sorensen 59.718 14:45.301 | Jr III Racing | Ligier JS P320 LMP3,5,14:15:05.245,G. Grist,14:16:21.499,D. Dickerson,1:16.254,6:00.693,20_Pit Stops Time Cards_Race.PDF,4,2
2023,07_Sebring International Raceway,Sebring International Raceway,sebring-international-raceway,2023-03-18,202303181010_Race,30,13 M. Sorensen M. Sorensen 59.718 14:45.301 | Jr III Racing | Ligier JS P320 LMP3,6,15:05:36.478,D. Dickerson,15:06:46.607,D. Dickerson,1:10.129,7:10.822,20_Pit Stops Time Cards_Race.PDF,4,2
2023,07_Sebring International Raceway,Sebring International Raceway,sebring-international-raceway,2023-03-18,202303181010_Race,30,13 M. Sorensen M. Sorensen 59.718 14:45.301 | Jr III Racing | Ligier JS P320 LMP3,7,16:02:27.926,D. Dickerson,16:03:48.433,G. Grist,1:20.507,8:31.329,20_Pit Stops Time Cards_Race.PDF,4,2
2023,07_Sebring International Raceway,Sebring International Raceway,sebring-international-raceway,2023-03-18,202303181010_Race,30,13 M. Sorensen M. Sorensen 59.718 14:45.301 | Jr III Racing | Ligier JS P320 LMP3,8,17:17:30.453,G. Grist,17:18:45.610,G. Grist,1:15.157,9:46.486,20_Pit Stops Time Cards_Race.PDF,4,2
2023,07_Sebring International Raceway,Sebring International Raceway,sebring-international-raceway,2023-03-18,202303181010_Race,30,13 M. Sorensen M. Sorensen 59.718 14:45.301 | Jr III Racing | Ligier JS P320 LMP3,9,18:13:02.894,G. Grist,18:14:13.548,D. Dickerson,1:10.654,10:57.140,20_Pit Stops Time Cards_Race.PDF,4,2
2023,07_Sebring International Raceway,Sebring International Raceway,sebring-international-raceway,2023-03-18,202303181010_Race,30,13 M. Sorensen M. Sorensen 59.718 14:45.301 | Jr III Racing | Ligier JS P320 LMP3,10,19:15:18.579,D. Dickerson,19:16:34.627,D. Dickerson,1:16.048,12:13.188,20_Pit Stops Time Cards_Race.PDF,4,2
2023,07_Sebring International Raceway,Sebring International Raceway,sebring-international-raceway,2023-03-18,202303181010_Race,30,13 M. Sorensen M. Sorensen 59.718 14:45.301 | Jr III Racing | Ligier JS P320 LMP3,11,20:16:28.929,D. Dickerson,20:17:49.258,G. Grist,1:20.329,13:33.517,20_Pit Stops Time Cards_Race.PDF,4,2
2023,07_Sebring International Raceway,Sebring International Raceway,sebring-international-raceway,2023-03-18,202303181010_Race,30,13 M. Sorensen M. Sorensen 59.718 14:45.301 | Jr III Racing | Ligier JS P320 LMP3,12,20:41:53.626,G. Grist,20:42:53.893,G. Grist,1:00.267,14:33.784,20_Pit Stops Time Cards_Race.PDF,4,2
2023,07_Sebring International Raceway,Sebring International Raceway,sebring-international-raceway,2023-03-18,202303181010_Race,30,13 M. Sorensen M. Sorensen 59.718 14:45.301 | Jr III Racing | Ligier JS P320 LMP3,13,20:58:11.032,G. Grist,21:00:57.159,G. Grist,2:46.127,17:19.911,20_Pit Stops Time Cards_Race.PDF,4,2
2023,07_Sebring International Raceway,Sebring International Raceway,sebring-international-raceway,2023-03-18,202303181010_Race,31,13 G. Grist G. Grist 2:46.127 17:19.911 | Whelen Engineering Racing Cadillac | Cadillac V-Series R GTP,1,11:07:33.300,P. Derani,11:08:50.824,P. Derani,1:17.524,1:17.524,20_Pit Stops Time Cards_Race.PDF,4,2
2023,07_Sebring International Raceway,Sebring International Raceway,sebring-international-raceway,2023-03-18,202303181010_Race,31,13 G. Grist G. Grist 2:46.127 17:19.911 | Whelen Engineering Racing Cadillac | Cadillac V-Series R GTP,2,12:17:26.612,P. Derani,12:18:43.642,P. Derani,1:17.030,2:34.554,20_Pit Stops Time Cards_Race.PDF,4,2
2023,07_Sebring International Raceway,Sebring International Raceway,sebring-international-raceway,2023-03-18,202303181010_Race,31,13 G. Grist G. Grist 2:46.127 17:19.911 | Whelen Engineering Racing Cadillac | Cadillac V-Series R GTP,3,12:21:22.848,P. Derani,12:23:17.991,A. Sims,1:55.143,4:29.697,20_Pit Stops Time Cards_Race.PDF,4,2
2023,07_Sebring International Raceway,Sebring International Raceway,sebring-international-raceway,2023-03-18,202303181010_Race,31,13 G. Grist G. Grist 2:46.127 17:19.911 | Whelen Engineering Racing Cadillac | Cadillac V-Series R GTP,4,12:32:21.915,A. Sims,12:34:30.043,A. Sims,2:08.128,6:37.825,20_Pit Stops Time Cards_Race.PDF,4,2
2023,07_Sebring International Raceway,Sebring International Raceway,sebring-international-raceway,2023-03-18,202303181010_Race,31,13 G. Grist G. Grist 2:46.127 17:19.911 | Whelen Engineering Racing Cadillac | Cadillac V-Series R GTP,5,12:40:16.852,A. Sims,12:41:01.313,A. Sims,44.461,7:22.286,20_Pit Stops Time Cards_Race.PDF,4,2
2023,07_Sebring International Raceway,Sebring International Raceway,sebring-international-raceway,2023-03-18,202303181010_Race,31,13 G. Grist G. Grist 2:46.127 17:19.911 | Whelen Engineering Racing Cadillac | Cadillac V-Series R GTP,6,13:27:26.929,A. Sims,13:28:45.215,A. Sims,1:18.286,8:40.572,20_Pit Stops Time Cards_Race.PDF,4,2
2023,07_Sebring International Raceway,Sebring International Raceway,sebring-international-raceway,2023-03-18,202303181010_Race,31,13 G. Grist G. Grist 2:46.127 17:19.911 | Whelen Engineering Racing Cadillac | Cadillac V-Series R GTP,7,14:15:10.875,A. Sims,14:16:38.751,J. Aitken,1:27.876,10:08.448,20_Pit Stops Time Cards_Race.PDF,4,2
2023,07_Sebring International Raceway,Sebring International Raceway,sebring-international-raceway,2023-03-18,202303181010_Race,31,13 G. Grist G. Grist 2:46.127 17:19.911 | Whelen Engineering Racing Cadillac | Cadillac V-Series R GTP,8,15:05:11.372,J. Aitken,15:06:25.429,J. Aitken,1:14.057,11:22.505,20_Pit Stops Time Cards_Race.PDF,4,2
2023,07_Sebring International Raceway,Sebring International Raceway,sebring-international-raceway,2023-03-18,202303181010_Race,31,13 G. Grist G. Grist 2:46.127 17:19.911 | Whelen Engineering Racing Cadillac | Cadillac V-Series R GTP,9,16:12:54.096,J. Aitken,16:14:12.470,P. Derani,1:18.374,12:40.879,20_Pit Stops Time Cards_Race.PDF,4,2
2023,07_Sebring International Raceway,Sebring International Raceway,sebring-international-raceway,2023-03-18,202303181010_Race,31,13 G. Grist G. Grist 2:46.127 17:19.911 | Whelen Engineering Racing Cadillac | Cadillac V-Series R GTP,10,16:29:46.691,P. Derani,16:30:41.907,P. Derani,55.216,13:36.095,20_Pit Stops Time Cards_Race.PDF,4,2
2023,07_Sebring International Raceway,Sebring International Raceway,sebring-international-raceway,2023-03-18,202303181010_Race,31,13 G. Grist G. Grist 2:46.127 17:19.911 | Whelen Engineering Racing Cadillac | Cadillac V-Series R GTP,11,17:16:44.473,P. Derani,17:17:56.448,P. Derani,1:11.975,14:48.070,20_Pit Stops Time Cards_Race.PDF,4,2
2023,07_Sebring International Raceway,Sebring International Raceway,sebring-international-raceway,2023-03-18,202303181010_Race,31,13 G. Grist G. Grist 2:46.127 17:19.911 | Whelen Engineering Racing Cadillac | Cadillac V-Series R GTP,12,18:12:25.030,P. Derani,18:13:29.460,P. Derani,1:04.430,15:52.500,20_Pit Stops Time Cards_Race.PDF,4,2
2023,07_Sebring International Raceway,Sebring International Raceway,sebring-international-raceway,2023-03-18,202303181010_Race,31,13 G. Grist G. Grist 2:46.127 17:19.911 | Whelen Engineering Racing Cadillac | Cadillac V-Series R GTP,13,19:06:18.078,P. Derani,19:07:39.875,A. Sims,1:21.797,17:14.297,20_Pit Stops Time Cards_Race.PDF,4,2
2023,07_Sebring International Raceway,Sebring International Raceway,sebring-international-raceway,2023-03-18,202303181010_Race,31,13 G. Grist G. Grist 2:46.127 17:19.911 | Whelen Engineering Racing Cadillac | Cadillac V-Series R GTP,14,19:50:11.074,A. Sims,19:51:46.366,A. Sims,1:35.292,18:49.589,20_Pit Stops Time Cards_Race.PDF,4,2
2023,07_Sebring International Raceway,Sebring International Raceway,sebring-international-raceway,2023-03-18,202303181010_Race,31,13 G. Grist G. Grist 2:46.127 17:19.911 | Whelen Engineering Racing Cadillac | Cadillac V-Series R GTP,15,20:28:56.932,A. Sims,20:30:08.277,J. Aitken,1:11.345,20:00.934,20_Pit Stops Time Cards_Race.PDF,4,2
2023,07_Sebring International Raceway,Sebring International Raceway,sebring-international-raceway,2023-03-18,202303181010_Race,31,13 G. Grist G. Grist 2:46.127 17:19.911 | Whelen Engineering Racing Cadillac | Cadillac V-Series R GTP,16,20:41:59.364,J. Aitken,20:42:51.602,J. Aitken,52.238,20:53.172,20_Pit Stops Time Cards_Race.PDF,4,2
2023,07_Sebring International Raceway,Sebring International Raceway,sebring-international-raceway,2023-03-18,202303181010_Race,31,13 G. Grist G. Grist 2:46.127 17:19.911 | Whelen Engineering Racing Cadillac | Cadillac V-Series R GTP,17,21:17:56.846,J. Aitken,21:19:07.420,J. Aitken,1:10.574,22:03.746,20_Pit Stops Time Cards_Race.PDF,4,2
2023,07_Sebring International Raceway,Sebring International Raceway,sebring-international-raceway,2023-03-18,202303181010_Race,32,Team Korthoff Motorsports | Mercedes-AMG GT3 GTD,1,11:12:58.442,M. Grenier,11:14:14.947,K. Koch,1:16.505,1:16.505,20_Pit Stops Time Cards_Race.PDF,5,1
2023,07_Sebring International Raceway,Sebring International Raceway,sebring-international-raceway,2023-03-18,202303181010_Race,32,Team Korthoff Motorsports | Mercedes-AMG GT3 GTD,2,12:24:53.729,K. Koch,12:26:01.303,K. Koch,1:07.574,2:24.079,20_Pit Stops Time Cards_Race.PDF,5,1
2023,07_Sebring International Raceway,Sebring International Raceway,sebring-international-raceway,2023-03-18,202303181010_Race,32,Team Korthoff Motorsports | Mercedes-AMG GT3 GTD,3,13:17:15.961,K. Koch,13:18:24.355,M. Skeen,1:08.394,3:32.473,20_Pit Stops Time Cards_Race.PDF,5,1
2023,07_Sebring International Raceway,Sebring International Raceway,sebring-international-raceway,2023-03-18,202303181010_Race,32,Team Korthoff Motorsports | Mercedes-AMG GT3 GTD,4,14:16:17.821,M. Skeen,14:17:33.235,M. Skeen,1:15.414,4:47.887,20_Pit Stops Time Cards_Race.PDF,5,1
2023,07_Sebring International Raceway,Sebring International Raceway,sebring-international-raceway,2023-03-18,202303181010_Race,32,Team Korthoff Motorsports | Mercedes-AMG GT3 GTD,5,15:08:51.529,M. Skeen,15:09:58.148,M. Grenier,1:06.619,5:54.506,20_Pit Stops Time Cards_Race.PDF,5,1
2023,07_Sebring International Raceway,Sebring International Raceway,sebring-international-raceway,2023-03-18,202303181010_Race,32,Team Korthoff Motorsports | Mercedes-AMG GT3 GTD,6,16:18:13.395,M. Grenier,16:19:27.797,M. Grenier,1:14.402,7:08.908,20_Pit Stops Time Cards_Race.PDF,5,1
2023,07_Sebring International Raceway,Sebring International Raceway,sebring-international-raceway,2023-03-18,202303181010_Race,32,Team Korthoff Motorsports | Mercedes-AMG GT3 GTD,7,16:48:54.743,M. Grenier,16:49:27.350,M. Grenier,32.607,7:41.515,20_Pit Stops Time Cards_Race.PDF,5,1
2023,07_Sebring International Raceway,Sebring International Raceway,sebring-international-raceway,2023-03-18,202303181010_Race,32,Team Korthoff Motorsports | Mercedes-AMG GT3 GTD,8,17:20:47.668,M. Grenier,17:22:12.801,K. Koch,1:25.133,9:06.648,20_Pit Stops Time Cards_Race.PDF,5,1
2023,07_Sebring International Raceway,Sebring International Raceway,sebring-international-raceway,2023-03-18,202303181010_Race,32,Team Korthoff Motorsports | Mercedes-AMG GT3 GTD,9,18:16:16.178,K. Koch,18:17:22.564,K. Koch,1:06.386,10:13.034,20_Pit Stops Time Cards_Race.PDF,5,1
2023,07_Sebring International Raceway,Sebring International Raceway,sebring-international-raceway,2023-03-18,202303181010_Race,32,Team Korthoff Motorsports | Mercedes-AMG GT3 GTD,10,19:21:31.883,K. Koch,19:22:48.906,M. Skeen,1:17.023,11:30.057,20_Pit Stops Time Cards_Race.PDF,5,1
2023,07_Sebring International Raceway,Sebring International Raceway,sebring-international-raceway,2023-03-18,202303181010_Race,32,Team Korthoff Motorsports | Mercedes-AMG GT3 GTD,11,20:22:32.659,M. Skeen,20:23:50.821,M. Skeen,1:18.162,12:48.219,20_Pit Stops Time Cards_Race.PDF,5,1
2023,07_Sebring International Raceway,Sebring International Raceway,sebring-international-raceway,2023-03-18,202303181010_Race,32,Team Korthoff Motorsports | Mercedes-AMG GT3 GTD,12,20:45:48.971,M. Skeen,20:46:54.881,M. Grenier,1:05.910,13:54.129,20_Pit Stops Time Cards_Race.PDF,5,1
2023,07_Sebring International Raceway,Sebring International Raceway,sebring-international-raceway,2023-03-18,202303181010_Race,32,Team Korthoff Motorsports | Mercedes-AMG GT3 GTD,13,21:14:43.898,M. Grenier,21:15:31.535,M. Grenier,47.637,14:41.766,20_Pit Stops Time Cards_Race.PDF,5,1
2023,07_Sebring International Raceway,Sebring International Raceway,sebring-international-raceway,2023-03-18,202303181010_Race,32,Team Korthoff Motorsports | Mercedes-AMG GT3 GTD,14,21:51:42.832,M. Grenier,21:52:15.361,M. Grenier,32.529,15:14.295,20_Pit Stops Time Cards_Race.PDF,5,1
2023,07_Sebring International Raceway,Sebring International Raceway,sebring-international-raceway,2023-03-18,202303181010_Race,33,14 M. Grenier M. Grenier 32.529 15:14.295 | Sean Creech Motorsport | Ligier JS P320 LMP3,1,10:14:30.028,L. Willsey,10:17:13.134,L. Willsey,2:43.106,2:43.106,20_Pit Stops Time Cards_Race.PDF,5,1
2023,07_Sebring International Raceway,Sebring International Raceway,sebring-international-raceway,2023-03-18,202303181010_Race,33,14 M. Grenier M. Grenier 32.529 15:14.295 | Sean Creech Motorsport | Ligier JS P320 LMP3,2,10:21:35.067,L. Willsey,10:22:09.921,L. Willsey,34.854,3:17.960,20_Pit Stops Time Cards_Race.PDF,5,1
2023,07_Sebring International Raceway,Sebring International Raceway,sebring-international-raceway,2023-03-18,202303181010_Race,33,14 M. Grenier M. Grenier 32.529 15:14.295 | Sean Creech Motorsport | Ligier JS P320 LMP3,3,10:24:22.941,L. Willsey,10:26:01.553,L. Willsey,1:38.612,4:56.572,20_Pit Stops Time Cards_Race.PDF,5,1
2023,07_Sebring International Raceway,Sebring International Raceway,sebring-international-raceway,2023-03-18,202303181010_Race,33,14 M. Grenier M. Grenier 32.529 15:14.295 | Sean Creech Motorsport | Ligier JS P320 LMP3,4,11:24:45.049,L. Willsey,11:26:15.162,J. Barbosa,1:30.113,6:26.685,20_Pit Stops Time Cards_Race.PDF,5,1
2023,07_Sebring International Raceway,Sebring International Raceway,sebring-international-raceway,2023-03-18,202303181010_Race,33,14 M. Grenier M. Grenier 32.529 15:14.295 | Sean Creech Motorsport | Ligier JS P320 LMP3,5,12:30:20.410,J. Barbosa,12:33:34.148,J. Barbosa,3:13.738,9:40.423,20_Pit Stops Time Cards_Race.PDF,5,1
2023,07_Sebring International Raceway,Sebring International Raceway,sebring-international-raceway,2023-03-18,202303181010_Race,33,14 M. Grenier M. Grenier 32.529 15:14.295 | Sean Creech Motorsport | Ligier JS P320 LMP3,6,13:28:00.586,J. Barbosa,14:23:03.928,L. Willsey,55:03.342,1:04:43.765,20_Pit Stops Time Cards_Race.PDF,5,1
2023,07_Sebring International Raceway,Sebring International Raceway,sebring-international-raceway,2023-03-18,202303181010_Race,33,14 M. Grenier M. Grenier 32.529 15:14.295 | Sean Creech Motorsport | Ligier JS P320 LMP3,7,15:06:24.315,L. Willsey,15:07:34.380,L. Willsey,1:10.065,1:05:53.830,20_Pit Stops Time Cards_Race.PDF,5,1
2023,07_Sebring International Raceway,Sebring International Raceway,sebring-international-raceway,2023-03-18,202303181010_Race,33,14 M. Grenier M. Grenier 32.529 15:14.295 | Sean Creech Motorsport | Ligier JS P320 LMP3,8,16:14:06.191,L. Willsey,16:15:28.365,N. Pino,1:22.174,1:07:16.004,20_Pit Stops Time Cards_Race.PDF,5,1
2023,07_Sebring International Raceway,Sebring International Raceway,sebring-international-raceway,2023-03-18,202303181010_Race,33,14 M. Grenier M. Grenier 32.529 15:14.295 | Sean Creech Motorsport | Ligier JS P320 LMP3,9,16:30:57.529,N. Pino,16:31:44.940,N. Pino,47.411,1:08:03.415,20_Pit Stops Time Cards_Race.PDF,5,1
2023,07_Sebring International Raceway,Sebring International Raceway,sebring-international-raceway,2023-03-18,202303181010_Race,33,14 M. Grenier M. Grenier 32.529 15:14.295 | Sean Creech Motorsport | Ligier JS P320 LMP3,10,17:26:19.727,N. Pino,17:27:24.957,N. Pino,1:05.230,1:09:08.645,20_Pit Stops Time Cards_Race.PDF,5,1
2023,07_Sebring International Raceway,Sebring International Raceway,sebring-international-raceway,2023-03-18,202303181010_Race,33,14 M. Grenier M. Grenier 32.529 15:14.295 | Sean Creech Motorsport | Ligier JS P320 LMP3,11,18:20:07.097,N. Pino,18:21:14.907,J. Barbosa,1:07.810,1:10:16.455,20_Pit Stops Time Cards_Race.PDF,5,1
2023,07_Sebring International Raceway,Sebring International Raceway,sebring-international-raceway,2023-03-18,202303181010_Race,33,14 M. Grenier M. Grenier 32.529 15:14.295 | Sean Creech Motorsport | Ligier JS P320 LMP3,12,19:17:22.236,J. Barbosa,19:18:41.791,L. Willsey,1:19.555,1:11:36.010,20_Pit Stops Time Cards_Race.PDF,5,1
2023,07_Sebring International Raceway,Sebring International Raceway,sebring-international-raceway,2023-03-18,202303181010_Race,33,14 M. Grenier M. Grenier 32.529 15:14.295 | Sean Creech Motorsport | Ligier JS P320 LMP3,13,19:51:37.103,L. Willsey,19:52:56.751,N. Pino,1:19.648,1:12:55.658,20_Pit Stops Time Cards_Race.PDF,5,1
2023,07_Sebring International Raceway,Sebring International Raceway,sebring-international-raceway,2023-03-18,202303181010_Race,33,14 M. Grenier M. Grenier 32.529 15:14.295 | Sean Creech Motorsport | Ligier JS P320 LMP3,14,20:42:17.524,N. Pino,20:43:30.198,N. Pino,1:12.674,1:14:08.332,20_Pit Stops Time Cards_Race.PDF,5,1
2023,07_Sebring International Raceway,Sebring International Raceway,sebring-international-raceway,2023-03-18,202303181010_Race,33,14 M. Grenier M. Grenier 32.529 15:14.295 | Sean Creech Motorsport | Ligier JS P320 LMP3,15,21:27:02.752,N. Pino,21:28:19.117,J. Barbosa,1:16.365,1:15:24.697,20_Pit Stops Time Cards_Race.PDF,5,1
2023,07_Sebring International Raceway,Sebring International Raceway,sebring-international-raceway,2023-03-18,202303181010_Race,35,15 N. Pino J. Barbosa 1:16.365 | TDS Racing | ORECA LMP2 07 LMP2,1,10:56:09.911,F. Heriau,10:57:22.960,F. Heriau,1:13.049,1:13.049,20_Pit Stops Time Cards_Race.PDF,5,1
2023,07_Sebring International Raceway,Sebring International Raceway,sebring-international-raceway,2023-03-18,202303181010_Race,35,15 N. Pino J. Barbosa 1:16.365 | TDS Racing | ORECA LMP2 07 LMP2,2,11:10:57.434,F. Heriau,11:11:29.500,F. Heriau,32.066,1:45.115,20_Pit Stops Time Cards_Race.PDF,5,1
2023,07_Sebring International Raceway,Sebring International Raceway,sebring-international-raceway,2023-03-18,202303181010_Race,35,15 N. Pino J. Barbosa 1:16.365 | TDS Racing | ORECA LMP2 07 LMP2,3,11:40:33.577,F. Heriau,11:41:05.742,F. Heriau,32.165,2:17.280,20_Pit Stops Time Cards_Race.PDF,5,1
2023,07_Sebring International Raceway,Sebring International Raceway,sebring-international-raceway,2023-03-18,202303181010_Race,35,15 N. Pino J. Barbosa 1:16.365 | TDS Racing | ORECA LMP2 07 LMP2,4,12:01:17.182,F. Heriau,12:02:34.030,J. Pierson,1:16.848,3:34.128,20_Pit Stops Time Cards_Race.PDF,5,1
2023,07_Sebring International Raceway,Sebring International Raceway,sebring-international-raceway,2023-03-18,202303181010_Race,35,15 N. Pino J. Barbosa 1:16.365 | TDS Racing | ORECA LMP2 07 LMP2,5,13:02:32.636,J. Pierson,13:03:47.977,J. Pierson,1:15.341,4:49.469,20_Pit Stops Time Cards_Race.PDF,5,1
2023,07_Sebring International Raceway,Sebring International Raceway,sebring-international-raceway,2023-03-18,202303181010_Race,35,15 N. Pino J. Barbosa 1:16.365 | TDS Racing | ORECA LMP2 07 LMP2,6,13:47:35.906,J. Pierson,13:48:52.625,G. van der Garde,1:16.719,6:06.188,20_Pit Stops Time Cards_Race.PDF,5,1
2023,07_Sebring International Raceway,Sebring International Raceway,sebring-international-raceway,2023-03-18,202303181010_Race,35,15 N. Pino J. Barbosa 1:16.365 | TDS Racing | ORECA LMP2 07 LMP2,7,14:31:08.522,G. van der Garde,14:32:24.683,F. Heriau,1:16.161,7:22.349,20_Pit Stops Time Cards_Race.PDF,5,1
2023,07_Sebring International Raceway,Sebring International Raceway,sebring-international-raceway,2023-03-18,202303181010_Race,36,7 G. van der Garde F. Heriau 1:16.161 7:22.349 | Andretti Autosport | Ligier JS P320 LMP3,1,11:11:14.161,G. van Berlo,11:12:37.259,J. Andretti,1:23.098,1:23.098,20_Pit Stops Time Cards_Race.PDF,5,1
2023,07_Sebring International Raceway,Sebring International Raceway,sebring-international-raceway,2023-03-18,202303181010_Race,36,7 G. van der Garde F. Heriau 1:16.161 7:22.349 | Andretti Autosport | Ligier JS P320 LMP3,2,12:21:06.688,J. Andretti,12:22:24.178,J. Andretti,1:17.490,2:40.588,20_Pit Stops Time Cards_Race.PDF,5,1
2023,07_Sebring International Raceway,Sebring International Raceway,sebring-international-raceway,2023-03-18,202303181010_Race,36,7 G. van der Garde F. Heriau 1:16.161 7:22.349 | Andretti Autosport | Ligier JS P320 LMP3,3,13:30:53.260,J. Andretti,13:32:10.101,J. Andretti,1:16.841,3:57.429,20_Pit Stops Time Cards_Race.PDF,5,1
2023,07_Sebring International Raceway,Sebring International Raceway,sebring-international-raceway,2023-03-18,202303181010_Race,36,7 G. van der Garde F. Heriau 1:16.161 7:22.349 | Andretti Autosport | Ligier JS P320 LMP3,4,14:30:42.280,J. Andretti,14:31:58.377,G. Chaves,1:16.097,5:13.526,20_Pit Stops Time Cards_Race.PDF,5,1
2023,07_Sebring International Raceway,Sebring International Raceway,sebring-international-raceway,2023-03-18,202303181010_Race,36,7 G. van der Garde F. Heriau 1:16.161 7:22.349 | Andretti Autosport | Ligier JS P320 LMP3,5,15:05:23.653,G. Chaves,15:06:24.263,G. Chaves,1:00.610,6:14.136,20_Pit Stops Time Cards_Race.PDF,5,1
2023,07_Sebring International Raceway,Sebring International Raceway,sebring-international-raceway,2023-03-18,202303181010_Race,36,7 G. van der Garde F. Heriau 1:16.161 7:22.349 | Andretti Autosport | Ligier JS P320 LMP3,6,16:14:22.518,G. Chaves,16:15:37.977,G. Chaves,1:15.459,7:29.595,20_Pit Stops Time Cards_Race.PDF,5,1
2023,07_Sebring International Raceway,Sebring International Raceway,sebring-international-raceway,2023-03-18,202303181010_Race,36,7 G. van der Garde F. Heriau 1:16.161 7:22.349 | Andretti Autosport | Ligier JS P320 LMP3,7,17:17:29.535,G. Chaves,17:18:37.790,G. van Berlo,1:08.255,8:37.850,20_Pit Stops Time Cards_Race.PDF,5,1
2023,07_Sebring International Raceway,Sebring International Raceway,sebring-international-raceway,2023-03-18,202303181010_Race,36,7 G. van der Garde F. Heriau 1:16.161 7:22.349 | Andretti Autosport | Ligier JS P320 LMP3,8,18:13:07.573,G. van Berlo,18:16:23.219,G. van Berlo,3:15.646,11:53.496,20_Pit Stops Time Cards_Race.PDF,5,1
2023,07_Sebring International Raceway,Sebring International Raceway,sebring-international-raceway,2023-03-18,202303181010_Race,36,7 G. van der Garde F. Heriau 1:16.161 7:22.349 | Andretti Autosport | Ligier JS P320 LMP3,9,18:25:54.723,G. van Berlo,18:26:27.361,G. van Berlo,32.638,12:26.134,20_Pit Stops Time Cards_Race.PDF,5,2
2023,07_Sebring International Raceway,Sebring International Raceway,sebring-international-raceway,2023-03-18,202303181010_Race,36,7 G. van der Garde F. Heriau 1:16.161 7:22.349 | Andretti Autosport | Ligier JS P320 LMP3,10,18:28:24.921,G. van Berlo,18:28:57.583,G. van Berlo,32.662,12:58.796,20_Pit Stops Time Cards_Race.PDF,5,2
2023,07_Sebring International Raceway,Sebring International Raceway,sebring-international-raceway,2023-03-18,202303181010_Race,38,10 G. van Berlo G. van Berlo 32.662 12:58.796 | Performance Tech Motorsports | Ligier JS P320 LMP3,1,11:24:16.317,C. Allen,11:25:46.248,R. Mau,1:29.931,1:29.931,20_Pit Stops Time Cards_Race.PDF,5,2
2023,07_Sebring International Raceway,Sebring International Raceway,sebring-international-raceway,2023-03-18,202303181010_Race,38,10 G. van Berlo G. van Berlo 32.662 12:58.796 | Performance Tech Motorsports | Ligier JS P320 LMP3,2,12:30:29.071,R. Mau,12:31:59.617,T. Nunez,1:30.546,3:00.477,20_Pit Stops Time Cards_Race.PDF,5,2
2023,07_Sebring International Raceway,Sebring International Raceway,sebring-international-raceway,2023-03-18,202303181010_Race,38,10 G. van Berlo G. van Berlo 32.662 12:58.796 | Performance Tech Motorsports | Ligier JS P320 LMP3,3,13:33:18.560,T. Nunez,13:34:52.086,C. Allen,1:33.526,4:34.003,20_Pit Stops Time Cards_Race.PDF,5,2
2023,07_Sebring International Raceway,Sebring International Raceway,sebring-international-raceway,2023-03-18,202303181010_Race,38,10 G. van Berlo G. van Berlo 32.662 12:58.796 | Performance Tech Motorsports | Ligier JS P320 LMP3,4,13:58:53.443,C. Allen,14:03:11.942,R. Mau,4:18.499,8:52.502,20_Pit Stops Time Cards_Race.PDF,5,2
2023,07_Sebring International Raceway,Sebring International Raceway,sebring-international-raceway,2023-03-18,202303181010_Race,38,10 G. van Berlo G. van Berlo 32.662 12:58.796 | Performance Tech Motorsports | Ligier JS P320 LMP3,5,14:09:39.893,R. Mau,14:10:13.425,R. Mau,33.532,9:26.034,20_Pit Stops Time Cards_Race.PDF,5,2
2023,07_Sebring International Raceway,Sebring International Raceway,sebring-international-raceway,2023-03-18,202303181010_Race,38,10 G. van Berlo G. van Berlo 32.662 12:58.796 | Performance Tech Motorsports | Ligier JS P320 LMP3,6,15:16:08.303,R. Mau,15:17:25.974,T. Nunez,1:17.671,10:43.705,20_Pit Stops Time Cards_Race.PDF,5,2
2023,07_Sebring International Raceway,Sebring International Raceway,sebring-international-raceway,2023-03-18,202303181010_Race,38,10 G. van Berlo G. van Berlo 32.662 12:58.796 | Performance Tech Motorsports | Ligier JS P320 LMP3,7,16:23:01.920,T. Nunez,16:24:28.257,R. Mau,1:26.337,12:10.042,20_Pit Stops Time Cards_Race.PDF,5,2
2023,07_Sebring International Raceway,Sebring International Raceway,sebring-international-raceway,2023-03-18,202303181010_Race,38,10 G. van Berlo G. van Berlo 32.662 12:58.796 | Performance Tech Motorsports | Ligier JS P320 LMP3,8,17:16:02.671,R. Mau,17:20:38.250,C. Allen,4:35.579,16:45.621,20_Pit Stops Time Cards_Race.PDF,5,2
2023,07_Sebring International Raceway,Sebring International Raceway,sebring-international-raceway,2023-03-18,202303181010_Race,38,10 G. van Berlo G. van Berlo 32.662 12:58.796 | Performance Tech Motorsports | Ligier JS P320 LMP3,9,17:25:10.017,C. Allen,17:25:42.720,C. Allen,32.703,17:18.324,20_Pit Stops Time Cards_Race.PDF,5,2
2023,07_Sebring International Raceway,Sebring International Raceway,sebring-international-raceway,2023-03-18,202303181010_Race,38,10 G. van Berlo G. van Berlo 32.662 12:58.796 | Performance Tech Motorsports | Ligier JS P320 LMP3,10,17:47:15.527,C. Allen,17:48:53.468,C. Allen,1:37.941,18:56.265,20_Pit Stops Time Cards_Race.PDF,5,2
2023,07_Sebring International Raceway,Sebring International Raceway,sebring-international-raceway,2023-03-18,202303181010_Race,38,10 G. van Berlo G. van Berlo 32.662 12:58.796 | Performance Tech Motorsports | Ligier JS P320 LMP3,11,17:50:59.287,C. Allen,17:52:36.949,C. Allen,1:37.662,20:33.927,20_Pit Stops Time Cards_Race.PDF,5,2
2023,07_Sebring International Raceway,Sebring International Raceway,sebring-international-raceway,2023-03-18,202303181010_Race,38,10 G. van Berlo G. van Berlo 32.662 12:58.796 | Performance Tech Motorsports | Ligier JS P320 LMP3,12,18:20:03.269,C. Allen,18:38:37.675,C. Allen,18:34.406,39:08.333,20_Pit Stops Time Cards_Race.PDF,5,2
2023,07_Sebring International Raceway,Sebring International Raceway,sebring-international-raceway,2023-03-18,202303181010_Race,38,10 G. van Berlo G. van Berlo 32.662 12:58.796 | Performance Tech Motorsports | Ligier JS P320 LMP3,13,19:38:01.439,C. Allen,19:39:40.405,T. Nunez,1:38.966,40:47.299,20_Pit Stops Time Cards_Race.PDF,5,2
2023,07_Sebring International Raceway,Sebring International Raceway,sebring-international-raceway,2023-03-18,202303181010_Race,38,10 G. van Berlo G. van Berlo 32.662 12:58.796 | Performance Tech Motorsports | Ligier JS P320 LMP3,14,20:42:01.724,T. Nunez,20:43:16.315,T. Nunez,1:14.591,42:01.890,20_Pit Stops Time Cards_Race.PDF,5,2
2023,07_Sebring International Raceway,Sebring International Raceway,sebring-international-raceway,2023-03-18,202303181010_Race,38,10 G. van Berlo G. van Berlo 32.662 12:58.796 | Performance Tech Motorsports | Ligier JS P320 LMP3,15,21:14:31.098,T. Nunez,21:15:16.823,T. Nunez,45.725,42:47.615,20_Pit Stops Time Cards_Race.PDF,5,2
2023,07_Sebring International Raceway,Sebring International Raceway,sebring-international-raceway,2023-03-18,202303181010_Race,38,10 G. van Berlo G. van Berlo 32.662 12:58.796 | Performance Tech Motorsports | Ligier JS P320 LMP3,16,21:27:36.814,T. Nunez,21:28:50.408,T. Nunez,1:13.594,44:01.209,20_Pit Stops Time Cards_Race.PDF,5,2
2023,07_Sebring International Raceway,Sebring International Raceway,sebring-international-raceway,2023-03-18,202303181010_Race,44,16 T. Nunez T. Nunez 1:13.594 44:01.209 | Magnus Racing | Aston Martin Vantage GT3 GTD,1,11:11:39.537,J. Potter,11:12:54.972,J. Potter,1:15.435,1:15.435,20_Pit Stops Time Cards_Race.PDF,5,2
2023,07_Sebring International Raceway,Sebring International Raceway,sebring-international-raceway,2023-03-18,202303181010_Race,44,16 T. Nunez T. Nunez 1:13.594 44:01.209 | Magnus Racing | Aston Martin Vantage GT3 GTD,2,11:27:57.013,J. Potter,11:28:39.606,J. Potter,42.593,1:58.028,20_Pit Stops Time Cards_Race.PDF,5,2
2023,07_Sebring International Raceway,Sebring International Raceway,sebring-international-raceway,2023-03-18,202303181010_Race,44,16 T. Nunez T. Nunez 1:13.594 44:01.209 | Magnus Racing | Aston Martin Vantage GT3 GTD,3,12:25:04.577,J. Potter,12:26:11.441,J. Potter,1:06.864,3:04.892,20_Pit Stops Time Cards_Race.PDF,5,2
2023,07_Sebring International Raceway,Sebring International Raceway,sebring-international-raceway,2023-03-18,202303181010_Race,44,16 T. Nunez T. Nunez 1:13.594 44:01.209 | Magnus Racing | Aston Martin Vantage GT3 GTD,4,13:32:52.710,J. Potter,13:34:11.135,S. Pumpelly,1:18.425,4:23.317,20_Pit Stops Time Cards_Race.PDF,5,2
2023,07_Sebring International Raceway,Sebring International Raceway,sebring-international-raceway,2023-03-18,202303181010_Race,44,16 T. Nunez T. Nunez 1:13.594 44:01.209 | Magnus Racing | Aston Martin Vantage GT3 GTD,5,14:36:08.883,S. Pumpelly,14:37:28.472,A. Lally,1:19.589,5:42.906,20_Pit Stops Time Cards_Race.PDF,5,2
2023,07_Sebring International Raceway,Sebring International Raceway,sebring-international-raceway,2023-03-18,202303181010_Race,44,16 T. Nunez T. Nunez 1:13.594 44:01.209 | Magnus Racing | Aston Martin Vantage GT3 GTD,6,15:09:00.641,A. Lally,15:10:02.105,A. Lally,1:01.464,6:44.370,20_Pit Stops Time Cards_Race.PDF,5,2
2023,07_Sebring International Raceway,Sebring International Raceway,sebring-international-raceway,2023-03-18,202303181010_Race,44,16 T. Nunez T. Nunez 1:13.594 44:01.209 | Magnus Racing | Aston Martin Vantage GT3 GTD,7,16:20:41.778,A. Lally,16:22:00.675,S. Pumpelly,1:18.897,8:03.267,20_Pit Stops Time Cards_Race.PDF,5,2
2023,07_Sebring International Raceway,Sebring International Raceway,sebring-international-raceway,2023-03-18,202303181010_Race,44,16 T. Nunez T. Nunez 1:13.594 44:01.209 | Magnus Racing | Aston Martin Vantage GT3 GTD,8,17:20:30.604,S. Pumpelly,17:22:01.070,A. Lally,1:30.466,9:33.733,20_Pit Stops Time Cards_Race.PDF,5,2
2023,07_Sebring International Raceway,Sebring International Raceway,sebring-international-raceway,2023-03-18,202303181010_Race,44,16 T. Nunez T. Nunez 1:13.594 44:01.209 | Magnus Racing | Aston Martin Vantage GT3 GTD,9,18:16:15.484,A. Lally,18:17:32.037,S. Pumpelly,1:16.553,10:50.286,20_Pit Stops Time Cards_Race.PDF,5,2
2023,07_Sebring International Raceway,Sebring International Raceway,sebring-international-raceway,2023-03-18,202303181010_Race,44,16 T. Nunez T. Nunez 1:13.594 44:01.209 | Magnus Racing | Aston Martin Vantage GT3 GTD,10,19:21:55.813,S. Pumpelly,19:23:11.902,S. Pumpelly,1:16.089,12:06.375,20_Pit Stops Time Cards_Race.PDF,5,2
2023,07_Sebring International Raceway,Sebring International Raceway,sebring-international-raceway,2023-03-18,202303181010_Race,44,16 T. Nunez T. Nunez 1:13.594 44:01.209 | Magnus Racing | Aston Martin Vantage GT3 GTD,11,20:21:11.367,S. Pumpelly,20:22:29.874,A. Lally,1:18.507,13:24.882,20_Pit Stops Time Cards_Race.PDF,5,2
2023,07_Sebring International Raceway,Sebring International Raceway,sebring-international-raceway,2023-03-18,202303181010_Race,44,16 T. Nunez T. Nunez 1:13.594 44:01.209 | Magnus Racing | Aston Martin Vantage GT3 GTD,12,20:45:54.568,A. Lally,20:47:00.578,A. Lally,1:06.010,14:30.892,20_Pit Stops Time Cards_Race.PDF,5,2
2023,07_Sebring International Raceway,Sebring International Raceway,sebring-international-raceway,2023-03-18,202303181010_Race,44,16 T. Nunez T. Nunez 1:13.594 44:01.209 | Magnus Racing | Aston Martin Vantage GT3 GTD,13,21:47:56.748,A. Lally,21:48:52.417,A. Lally,55.669,15:26.561,20_Pit Stops Time Cards_Race.PDF,5,2
2023,07_Sebring International Raceway,Sebring International Raceway,sebring-international-raceway,2023-03-18,202303181010_Race,47,13 A. Lally A. Lally 55.669 15:26.561 | CETILAR RACING | Ferrari 296 GT3 GTD,1,11:09:23.070,G. Sernagiotto,11:10:47.037,R. Lacorte,1:23.967,1:23.967,20_Pit Stops Time Cards_Race.PDF,5,2
2023,07_Sebring International Raceway,Sebring International Raceway,sebring-international-raceway,2023-03-18,202303181010_Race,47,13 A. Lally A. Lally 55.669 15:26.561 | CETILAR RACING | Ferrari 296 GT3 GTD,2,12:25:13.710,R. Lacorte,12:26:32.430,G. Sernagiotto,1:18.720,2:42.687,20_Pit Stops Time Cards_Race.PDF,5,2
2023,07_Sebring International Raceway,Sebring International Raceway,sebring-international-raceway,2023-03-18,202303181010_Race,47,13 A. Lally A. Lally 55.669 15:26.561 | CETILAR RACING | Ferrari 296 GT3 GTD,3,13:28:42.586,G. Sernagiotto,13:29:57.700,A. Fuoco,1:15.114,3:57.801,20_Pit Stops Time Cards_Race.PDF,5,2
2023,07_Sebring International Raceway,Sebring International Raceway,sebring-international-raceway,2023-03-18,202303181010_Race,47,13 A. Lally A. Lally 55.669 15:26.561 | CETILAR RACING | Ferrari 296 GT3 GTD,4,14:25:38.657,A. Fuoco,14:26:55.277,R. Lacorte,1:16.620,5:14.421,20_Pit Stops Time Cards_Race.PDF,5,2
2023,07_Sebring International Raceway,Sebring International Raceway,sebring-international-raceway,2023-03-18,202303181010_Race,47,13 A. Lally A. Lally 55.669 15:26.561 | CETILAR RACING | Ferrari 296 GT3 GTD,5,15:12:32.673,R. Lacorte,15:13:40.448,G. Sernagiotto,1:07.775,6:22.196,20_Pit Stops Time Cards_Race.PDF,5,2
2023,07_Sebring International Raceway,Sebring International Raceway,sebring-international-raceway,2023-03-18,202303181010_Race,47,13 A. Lally A. Lally 55.669 15:26.561 | CETILAR RACING | Ferrari 296 GT3 GTD,6,16:16:56.033,G. Sernagiotto,16:18:11.424,A. Fuoco,1:15.391,7:37.587,20_Pit Stops Time Cards_Race.PDF,5,2
2023,07_Sebring International Raceway,Sebring International Raceway,sebring-international-raceway,2023-03-18,202303181010_Race,47,13 A. Lally A. Lally 55.669 15:26.561 | CETILAR RACING | Ferrari 296 GT3 GTD,7,17:20:32.546,A. Fuoco,17:22:04.970,R. Lacorte,1:32.424,9:10.011,20_Pit Stops Time Cards_Race.PDF,5,2
2023,07_Sebring International Raceway,Sebring International Raceway,sebring-international-raceway,2023-03-18,202303181010_Race,47,13 A. Lally A. Lally 55.669 15:26.561 | CETILAR RACING | Ferrari 296 GT3 GTD,8,18:23:56.159,R. Lacorte,18:25:05.595,A. Fuoco,1:09.436,10:19.447,20_Pit Stops Time Cards_Race.PDF,5,2
2023,07_Sebring International Raceway,Sebring International Raceway,sebring-international-raceway,2023-03-18,202303181010_Race,47,13 A. Lally A. Lally 55.669 15:26.561 | CETILAR RACING | Ferrari 296 GT3 GTD,9,19:20:41.107,A. Fuoco,19:21:57.131,G. Sernagiotto,1:16.024,11:35.471,20_Pit Stops Time Cards_Race.PDF,5,2
2023,07_Sebring International Raceway,Sebring International Raceway,sebring-international-raceway,2023-03-18,202303181010_Race,47,13 A. Lally A. Lally 55.669 15:26.561 | CETILAR RACING | Ferrari 296 GT3 GTD,10,20:05:39.764,G. Sernagiotto,20:08:05.137,G. Sernagiotto,2:25.373,14:00.844,20_Pit Stops Time Cards_Race.PDF,5,2
2023,07_Sebring International Raceway,Sebring International Raceway,sebring-international-raceway,2023-03-18,202303181010_Race,47,13 A. Lally A. Lally 55.669 15:26.561 | CETILAR RACING | Ferrari 296 GT3 GTD,11,20:10:48.180,G. Sernagiotto,20:29:32.930,A. Fuoco,18:44.750,32:45.594,20_Pit Stops Time Cards_Race.PDF,5,2
2023,07_Sebring International Raceway,Sebring International Raceway,sebring-international-raceway,2023-03-18,202303181010_Race,47,13 A. Lally A. Lally 55.669 15:26.561 | CETILAR RACING | Ferrari 296 GT3 GTD,12,21:16:48.466,A. Fuoco,21:17:47.704,A. Fuoco,59.238,33:44.832,20_Pit Stops Time Cards_Race.PDF,5,2
2023,07_Sebring International Raceway,Sebring International Raceway,sebring-international-raceway,2023-03-18,202303181010_Race,47,13 A. Lally A. Lally 55.669 15:26.561 | CETILAR RACING | Ferrari 296 GT3 GTD,13,21:45:45.046,A. Fuoco,21:47:38.448,A. Fuoco,1:53.402,35:38.234,20_Pit Stops Time Cards_Race.PDF,5,2
2023,07_Sebring International Raceway,Sebring International Raceway,sebring-international-raceway,2023-03-18,202303181010_Race,51,13 A. Fuoco A. Fuoco 1:53.402 35:38.234 | Rick Ware Racing | ORECA LMP2 07 LMP2,1,10:56:37.095,E. Lux,10:57:54.360,E. Lux,1:17.265,1:17.265,20_Pit Stops Time Cards_Race.PDF,6,1
2023,07_Sebring International Raceway,Sebring International Raceway,sebring-international-raceway,2023-03-18,202303181010_Race,51,13 A. Fuoco A. Fuoco 1:53.402 35:38.234 | Rick Ware Racing | ORECA LMP2 07 LMP2,2,11:59:55.335,E. Lux,12:01:14.407,E. Lux,1:19.072,2:36.337,20_Pit Stops Time Cards_Race.PDF,6,1
2023,07_Sebring International Raceway,Sebring International Raceway,sebring-international-raceway,2023-03-18,202303181010_Race,51,13 A. Fuoco A. Fuoco 1:53.402 35:38.234 | Rick Ware Racing | ORECA LMP2 07 LMP2,3,12:21:53.260,E. Lux,12:22:56.710,E. Lux,1:03.450,3:39.787,20_Pit Stops Time Cards_Race.PDF,6,1
2023,07_Sebring International Raceway,Sebring International Raceway,sebring-international-raceway,2023-03-18,202303181010_Race,51,13 A. Fuoco A. Fuoco 1:53.402 35:38.234 | Rick Ware Racing | ORECA LMP2 07 LMP2,4,12:32:36.299,E. Lux,12:33:37.796,E. Lux,1:01.497,4:41.284,20_Pit Stops Time Cards_Race.PDF,6,1
2023,07_Sebring International Raceway,Sebring International Raceway,sebring-international-raceway,2023-03-18,202303181010_Race,51,13 A. Fuoco A. Fuoco 1:53.402 35:38.234 | Rick Ware Racing | ORECA LMP2 07 LMP2,5,13:17:32.388,E. Lux,13:18:49.978,P. Fittipaldi,1:17.590,5:58.874,20_Pit Stops Time Cards_Race.PDF,6,1
2023,07_Sebring International Raceway,Sebring International Raceway,sebring-international-raceway,2023-03-18,202303181010_Race,51,13 A. Fuoco A. Fuoco 1:53.402 35:38.234 | Rick Ware Racing | ORECA LMP2 07 LMP2,6,14:02:52.190,P. Fittipaldi,14:04:09.893,P. Fittipaldi,1:17.703,7:16.577,20_Pit Stops Time Cards_Race.PDF,6,1
2023,07_Sebring International Raceway,Sebring International Raceway,sebring-international-raceway,2023-03-18,202303181010_Race,51,13 A. Fuoco A. Fuoco 1:53.402 35:38.234 | Rick Ware Racing | ORECA LMP2 07 LMP2,7,14:48:21.743,P. Fittipaldi,14:49:44.164,D. Defrancesco,1:22.421,8:38.998,20_Pit Stops Time Cards_Race.PDF,6,1
2023,07_Sebring International Raceway,Sebring International Raceway,sebring-international-raceway,2023-03-18,202303181010_Race,51,13 A. Fuoco A. Fuoco 1:53.402 35:38.234 | Rick Ware Racing | ORECA LMP2 07 LMP2,8,15:43:55.241,D. Defrancesco,15:45:11.206,D. Defrancesco,1:15.965,9:54.963,20_Pit Stops Time Cards_Race.PDF,6,1
2023,07_Sebring International Raceway,Sebring International Raceway,sebring-international-raceway,2023-03-18,202303181010_Race,51,13 A. Fuoco A. Fuoco 1:53.402 35:38.234 | Rick Ware Racing | ORECA LMP2 07 LMP2,9,16:23:51.590,D. Defrancesco,16:25:06.546,P. Fittipaldi,1:14.956,11:09.919,20_Pit Stops Time Cards_Race.PDF,6,1
2023,07_Sebring International Raceway,Sebring International Raceway,sebring-international-raceway,2023-03-18,202303181010_Race,51,13 A. Fuoco A. Fuoco 1:53.402 35:38.234 | Rick Ware Racing | ORECA LMP2 07 LMP2,10,17:17:08.513,P. Fittipaldi,17:18:18.601,P. Fittipaldi,1:10.088,12:20.007,20_Pit Stops Time Cards_Race.PDF,6,1
2023,07_Sebring International Raceway,Sebring International Raceway,sebring-international-raceway,2023-03-18,202303181010_Race,51,13 A. Fuoco A. Fuoco 1:53.402 35:38.234 | Rick Ware Racing | ORECA LMP2 07 LMP2,11,17:42:56.922,P. Fittipaldi,17:43:29.782,P. Fittipaldi,32.860,12:52.867,20_Pit Stops Time Cards_Race.PDF,6,1
2023,07_Sebring International Raceway,Sebring International Raceway,sebring-international-raceway,2023-03-18,202303181010_Race,51,13 A. Fuoco A. Fuoco 1:53.402 35:38.234 | Rick Ware Racing | ORECA LMP2 07 LMP2,12,18:13:01.932,P. Fittipaldi,18:14:12.026,D. Defrancesco,1:10.094,14:02.961,20_Pit Stops Time Cards_Race.PDF,6,1
2023,07_Sebring International Raceway,Sebring International Raceway,sebring-international-raceway,2023-03-18,202303181010_Race,51,13 A. Fuoco A. Fuoco 1:53.402 35:38.234 | Rick Ware Racing | ORECA LMP2 07 LMP2,13,19:00:18.019,D. Defrancesco,19:01:33.024,D. Defrancesco,1:15.005,15:17.966,20_Pit Stops Time Cards_Race.PDF,6,1
2023,07_Sebring International Raceway,Sebring International Raceway,sebring-international-raceway,2023-03-18,202303181010_Race,51,13 A. Fuoco A. Fuoco 1:53.402 35:38.234 | Rick Ware Racing | ORECA LMP2 07 LMP2,14,19:43:58.156,D. Defrancesco,19:45:16.090,P. Fittipaldi,1:17.934,16:35.900,20_Pit Stops Time Cards_Race.PDF,6,1
2023,07_Sebring International Raceway,Sebring International Raceway,sebring-international-raceway,2023-03-18,202303181010_Race,51,13 A. Fuoco A. Fuoco 1:53.402 35:38.234 | Rick Ware Racing | ORECA LMP2 07 LMP2,15,20:27:32.731,P. Fittipaldi,20:28:48.387,P. Fittipaldi,1:15.656,17:51.556,20_Pit Stops Time Cards_Race.PDF,6,1
2023,07_Sebring International Raceway,Sebring International Raceway,sebring-international-raceway,2023-03-18,202303181010_Race,51,13 A. Fuoco A. Fuoco 1:53.402 35:38.234 | Rick Ware Racing | ORECA LMP2 07 LMP2,16,20:42:10.638,P. Fittipaldi,20:43:13.261,P. Fittipaldi,1:02.623,18:54.179,20_Pit Stops Time Cards_Race.PDF,6,1
2023,07_Sebring International Raceway,Sebring International Raceway,sebring-international-raceway,2023-03-18,202303181010_Race,52,16 P. Fittipaldi P. Fittipaldi 1:02.623 18:54.179 | PR1 Mathiasen Motorsports | ORECA LMP2 07 LMP2,1,10:58:03.160,B. Keating,10:59:18.650,B. Keating,1:15.490,1:15.490,20_Pit Stops Time Cards_Race.PDF,6,1
2023,07_Sebring International Raceway,Sebring International Raceway,sebring-international-raceway,2023-03-18,202303181010_Race,52,16 P. Fittipaldi P. Fittipaldi 1:02.623 18:54.179 | PR1 Mathiasen Motorsports | ORECA LMP2 07 LMP2,2,12:01:49.227,B. Keating,12:03:04.246,B. Keating,1:15.019,2:30.509,20_Pit Stops Time Cards_Race.PDF,6,1
2023,07_Sebring International Raceway,Sebring International Raceway,sebring-international-raceway,2023-03-18,202303181010_Race,52,16 P. Fittipaldi P. Fittipaldi 1:02.623 18:54.179 | PR1 Mathiasen Motorsports | ORECA LMP2 07 LMP2,3,12:32:28.146,B. Keating,12:33:39.325,B. Keating,1:11.179,3:41.688,20_Pit Stops Time Cards_Race.PDF,6,1
2023,07_Sebring International Raceway,Sebring International Raceway,sebring-international-raceway,2023-03-18,202303181010_Race,52,16 P. Fittipaldi P. Fittipaldi 1:02.623 18:54.179 | PR1 Mathiasen Motorsports | ORECA LMP2 07 LMP2,4,13:18:59.123,B. Keating,13:20:15.499,A. Quinn,1:16.376,4:58.064,20_Pit Stops Time Cards_Race.PDF,6,1
2023,07_Sebring International Raceway,Sebring International Raceway,sebring-international-raceway,2023-03-18,202303181010_Race,52,16 P. Fittipaldi P. Fittipaldi 1:02.623 18:54.179 | PR1 Mathiasen Motorsports | ORECA LMP2 07 LMP2,5,13:50:54.524,A. Quinn,13:51:58.281,A. Quinn,1:03.757,6:01.821,20_Pit Stops Time Cards_Race.PDF,6,1
2023,07_Sebring International Raceway,Sebring International Raceway,sebring-international-raceway,2023-03-18,202303181010_Race,52,16 P. Fittipaldi P. Fittipaldi 1:02.623 18:54.179 | PR1 Mathiasen Motorsports | ORECA LMP2 07 LMP2,6,14:36:06.960,A. Quinn,14:37:23.055,P. Chatin,1:16.095,7:17.916,20_Pit Stops Time Cards_Race.PDF,6,1
2023,07_Sebring International Raceway,Sebring International Raceway,sebring-international-raceway,2023-03-18,202303181010_Race,52,16 P. Fittipaldi P. Fittipaldi 1:02.623 18:54.179 | PR1 Mathiasen Motorsports | ORECA LMP2 07 LMP2,7,15:19:49.166,P. Chatin,15:20:52.552,P. Chatin,1:03.386,8:21.302,20_Pit Stops Time Cards_Race.PDF,6,1
2023,07_Sebring International Raceway,Sebring International Raceway,sebring-international-raceway,2023-03-18,202303181010_Race,52,16 P. Fittipaldi P. Fittipaldi 1:02.623 18:54.179 | PR1 Mathiasen Motorsports | ORECA LMP2 07 LMP2,8,16:08:44.563,P. Chatin,16:10:01.527,A. Quinn,1:16.964,9:38.266,20_Pit Stops Time Cards_Race.PDF,6,1
2023,07_Sebring International Raceway,Sebring International Raceway,sebring-international-raceway,2023-03-18,202303181010_Race,52,16 P. Fittipaldi P. Fittipaldi 1:02.623 18:54.179 | PR1 Mathiasen Motorsports | ORECA LMP2 07 LMP2,9,16:30:55.910,A. Quinn,16:32:03.895,A. Quinn,1:07.985,10:46.251,20_Pit Stops Time Cards_Race.PDF,6,1
2023,07_Sebring International Raceway,Sebring International Raceway,sebring-international-raceway,2023-03-18,202303181010_Race,52,16 P. Fittipaldi P. Fittipaldi 1:02.623 18:54.179 | PR1 Mathiasen Motorsports | ORECA LMP2 07 LMP2,10,17:27:49.471,A. Quinn,17:28:57.505,P. Chatin,1:08.034,11:54.285,20_Pit Stops Time Cards_Race.PDF,6,1
2023,07_Sebring International Raceway,Sebring International Raceway,sebring-international-raceway,2023-03-18,202303181010_Race,52,16 P. Fittipaldi P. Fittipaldi 1:02.623 18:54.179 | PR1 Mathiasen Motorsports | ORECA LMP2 07 LMP2,11,18:23:49.430,P. Chatin,18:24:56.096,P. Chatin,1:06.666,13:00.951,20_Pit Stops Time Cards_Race.PDF,6,1
2023,07_Sebring International Raceway,Sebring International Raceway,sebring-international-raceway,2023-03-18,202303181010_Race,52,16 P. Fittipaldi P. Fittipaldi 1:02.623 18:54.179 | PR1 Mathiasen Motorsports | ORECA LMP2 07 LMP2,12,19:08:38.346,P. Chatin,19:09:54.401,A. Quinn,1:16.055,14:17.006,20_Pit Stops Time Cards_Race.PDF,6,1
2023,07_Sebring International Raceway,Sebring International Raceway,sebring-international-raceway,2023-03-18,202303181010_Race,52,16 P. Fittipaldi P. Fittipaldi 1:02.623 18:54.179 | PR1 Mathiasen Motorsports | ORECA LMP2 07 LMP2,13,19:53:35.890,A. Quinn,19:54:52.753,A. Quinn,1:16.863,15:33.869,20_Pit Stops Time Cards_Race.PDF,6,1
2023,07_Sebring International Raceway,Sebring International Raceway,sebring-international-raceway,2023-03-18,202303181010_Race,52,16 P. Fittipaldi P. Fittipaldi 1:02.623 18:54.179 | PR1 Mathiasen Motorsports | ORECA LMP2 07 LMP2,14,20:42:16.385,A. Quinn,20:43:31.037,P. Chatin,1:14.652,16:48.521,20_Pit Stops Time Cards_Race.PDF,6,1
2023,07_Sebring International Raceway,Sebring International Raceway,sebring-international-raceway,2023-03-18,202303181010_Race,52,16 P. Fittipaldi P. Fittipaldi 1:02.623 18:54.179 | PR1 Mathiasen Motorsports | ORECA LMP2 07 LMP2,15,21:26:55.586,P. Chatin,21:28:13.327,P. Chatin,1:17.741,18:06.262,20_Pit Stops Time Cards_Race.PDF,6,1
2023,07_Sebring International Raceway,Sebring International Raceway,sebring-international-raceway,2023-03-18,202303181010_Race,57,15 P. Chatin P. Chatin 1:17.741 18:06.262 | Winward Racing | Mercedes-AMG GT3 GTD,1,11:10:52.044,P. Ellis,11:12:08.119,R. Ward,1:16.075,1:16.075,20_Pit Stops Time Cards_Race.PDF,6,1
2023,07_Sebring International Raceway,Sebring International Raceway,sebring-international-raceway,2023-03-18,202303181010_Race,57,15 P. Chatin P. Chatin 1:17.741 18:06.262 | Winward Racing | Mercedes-AMG GT3 GTD,2,11:27:47.261,R. Ward,11:28:47.026,R. Ward,59.765,2:15.840,20_Pit Stops Time Cards_Race.PDF,6,1
2023,07_Sebring International Raceway,Sebring International Raceway,sebring-international-raceway,2023-03-18,202303181010_Race,57,15 P. Chatin P. Chatin 1:17.741 18:06.262 | Winward Racing | Mercedes-AMG GT3 GTD,3,12:25:00.975,R. Ward,12:26:06.082,R. Ward,1:05.107,3:20.947,20_Pit Stops Time Cards_Race.PDF,6,1
2023,07_Sebring International Raceway,Sebring International Raceway,sebring-international-raceway,2023-03-18,202303181010_Race,57,15 P. Chatin P. Chatin 1:17.741 18:06.262 | Winward Racing | Mercedes-AMG GT3 GTD,4,13:29:50.939,R. Ward,13:31:15.655,I. Dontje,1:24.716,4:45.663,20_Pit Stops Time Cards_Race.PDF,6,1
2023,07_Sebring International Raceway,Sebring International Raceway,sebring-international-raceway,2023-03-18,202303181010_Race,57,15 P. Chatin P. Chatin 1:17.741 18:06.262 | Winward Racing | Mercedes-AMG GT3 GTD,5,14:29:04.411,I. Dontje,14:30:18.808,I. Dontje,1:14.397,6:00.060,20_Pit Stops Time Cards_Race.PDF,6,1
2023,07_Sebring International Raceway,Sebring International Raceway,sebring-international-raceway,2023-03-18,202303181010_Race,57,15 P. Chatin P. Chatin 1:17.741 18:06.262 | Winward Racing | Mercedes-AMG GT3 GTD,6,14:36:30.141,I. Dontje,14:37:02.776,I. Dontje,32.635,6:32.695,20_Pit Stops Time Cards_Race.PDF,6,1
2023,07_Sebring International Raceway,Sebring International Raceway,sebring-international-raceway,2023-03-18,202303181010_Race,57,15 P. Chatin P. Chatin 1:17.741 18:06.262 | Winward Racing | Mercedes-AMG GT3 GTD,7,15:08:54.085,I. Dontje,15:09:53.976,I. Dontje,59.891,7:32.586,20_Pit Stops Time Cards_Race.PDF,6,1
2023,07_Sebring International Raceway,Sebring International Raceway,sebring-international-raceway,2023-03-18,202303181010_Race,57,15 P. Chatin P. Chatin 1:17.741 18:06.262 | Winward Racing | Mercedes-AMG GT3 GTD,8,16:16:08.875,I. Dontje,16:17:23.191,R. Ward,1:14.316,8:46.902,20_Pit Stops Time Cards_Race.PDF,6,1
2023,07_Sebring International Raceway,Sebring International Raceway,sebring-international-raceway,2023-03-18,202303181010_Race,57,15 P. Chatin P. Chatin 1:17.741 18:06.262 | Winward Racing | Mercedes-AMG GT3 GTD,9,17:20:31.940,R. Ward,17:21:57.547,P. Ellis,1:25.607,10:12.509,20_Pit Stops Time Cards_Race.PDF,6,1
2023,07_Sebring International Raceway,Sebring International Raceway,sebring-international-raceway,2023-03-18,202303181010_Race,60,9 R. Ward P. Ellis 1:25.607 10:12.509 | Meyer Shank Racing w/ Curb Agajanian | Acura ARX-06 GTP,1,11:11:26.123,T. Blomqvist,11:12:43.460,T. Blomqvist,1:17.337,1:17.337,20_Pit Stops Time Cards_Race.PDF,6,1
2023,07_Sebring International Raceway,Sebring International Raceway,sebring-international-raceway,2023-03-18,202303181010_Race,60,9 R. Ward P. Ellis 1:25.607 10:12.509 | Meyer Shank Racing w/ Curb Agajanian | Acura ARX-06 GTP,2,12:21:02.289,T. Blomqvist,12:22:15.959,H. Castroneves,1:13.670,2:31.007,20_Pit Stops Time Cards_Race.PDF,6,1
2023,07_Sebring International Raceway,Sebring International Raceway,sebring-international-raceway,2023-03-18,202303181010_Race,60,9 R. Ward P. Ellis 1:25.607 10:12.509 | Meyer Shank Racing w/ Curb Agajanian | Acura ARX-06 GTP,3,13:29:03.497,H. Castroneves,13:30:20.395,H. Castroneves,1:16.898,3:47.905,20_Pit Stops Time Cards_Race.PDF,6,1
2023,07_Sebring International Raceway,Sebring International Raceway,sebring-international-raceway,2023-03-18,202303181010_Race,60,9 R. Ward P. Ellis 1:25.607 10:12.509 | Meyer Shank Racing w/ Curb Agajanian | Acura ARX-06 GTP,4,14:26:20.162,H. Castroneves,14:27:36.755,C. Braun,1:16.593,5:04.498,20_Pit Stops Time Cards_Race.PDF,6,1
2023,07_Sebring International Raceway,Sebring International Raceway,sebring-international-raceway,2023-03-18,202303181010_Race,60,9 R. Ward P. Ellis 1:25.607 10:12.509 | Meyer Shank Racing w/ Curb Agajanian | Acura ARX-06 GTP,5,15:05:25.445,C. Braun,15:08:06.733,C. Braun,2:41.288,7:45.786,20_Pit Stops Time Cards_Race.PDF,6,1
2023,07_Sebring International Raceway,Sebring International Raceway,sebring-international-raceway,2023-03-18,202303181010_Race,60,9 R. Ward P. Ellis 1:25.607 10:12.509 | Meyer Shank Racing w/ Curb Agajanian | Acura ARX-06 GTP,6,16:15:06.528,C. Braun,16:16:25.026,T. Blomqvist,1:18.498,9:04.284,20_Pit Stops Time Cards_Race.PDF,6,1
2023,07_Sebring International Raceway,Sebring International Raceway,sebring-international-raceway,2023-03-18,202303181010_Race,60,9 R. Ward P. Ellis 1:25.607 10:12.509 | Meyer Shank Racing w/ Curb Agajanian | Acura ARX-06 GTP,7,16:29:56.544,T. Blomqvist,16:30:50.011,T. Blomqvist,53.467,9:57.751,20_Pit Stops Time Cards_Race.PDF,6,1
2023,07_Sebring International Raceway,Sebring International Raceway,sebring-international-raceway,2023-03-18,202303181010_Race,60,9 R. Ward P. Ellis 1:25.607 10:12.509 | Meyer Shank Racing w/ Curb Agajanian | Acura ARX-06 GTP,8,16:37:34.309,T. Blomqvist,16:38:15.278,T. Blomqvist,40.969,10:38.720,20_Pit Stops Time Cards_Race.PDF,6,2
2023,07_Sebring International Raceway,Sebring International Raceway,sebring-international-raceway,2023-03-18,202303181010_Race,60,9 R. Ward P. Ellis 1:25.607 10:12.509 | Meyer Shank Racing w/ Curb Agajanian | Acura ARX-06 GTP,9,17:16:46.634,T. Blomqvist,17:18:03.153,H. Castroneves,1:16.519,11:55.239,20_Pit Stops Time Cards_Race.PDF,6,2
2023,07_Sebring International Raceway,Sebring International Raceway,sebring-international-raceway,2023-03-18,202303181010_Race,60,9 R. Ward P. Ellis 1:25.607 10:12.509 | Meyer Shank Racing w/ Curb Agajanian | Acura ARX-06 GTP,10,18:12:26.790,H. Castroneves,18:13:43.089,C. Braun,1:16.299,13:11.538,20_Pit Stops Time Cards_Race.PDF,6,2
2023,07_Sebring International Raceway,Sebring International Raceway,sebring-international-raceway,2023-03-18,202303181010_Race,60,9 R. Ward P. Ellis 1:25.607 10:12.509 | Meyer Shank Racing w/ Curb Agajanian | Acura ARX-06 GTP,11,18:20:15.688,C. Braun,18:21:05.218,C. Braun,49.530,14:01.068,20_Pit Stops Time Cards_Race.PDF,6,2
2023,07_Sebring International Raceway,Sebring International Raceway,sebring-international-raceway,2023-03-18,202303181010_Race,60,9 R. Ward P. Ellis 1:25.607 10:12.509 | Meyer Shank Racing w/ Curb Agajanian | Acura ARX-06 GTP,12,19:15:34.557,C. Braun,19:16:52.655,C. Braun,1:18.098,15:19.166,20_Pit Stops Time Cards_Race.PDF,6,2
2023,07_Sebring International Raceway,Sebring International Raceway,sebring-international-raceway,2023-03-18,202303181010_Race,60,9 R. Ward P. Ellis 1:25.607 10:12.509 | Meyer Shank Racing w/ Curb Agajanian | Acura ARX-06 GTP,13,20:08:47.518,C. Braun,20:10:05.048,T. Blomqvist,1:17.530,16:36.696,20_Pit Stops Time Cards_Race.PDF,6,2
2023,07_Sebring International Raceway,Sebring International Raceway,sebring-international-raceway,2023-03-18,202303181010_Race,60,9 R. Ward P. Ellis 1:25.607 10:12.509 | Meyer Shank Racing w/ Curb Agajanian | Acura ARX-06 GTP,14,20:24:56.746,T. Blomqvist,21:28:09.809,T. Blomqvist,1:03:13.063,1:19:49.759,20_Pit Stops Time Cards_Race.PDF,6,2
2023,07_Sebring International Raceway,Sebring International Raceway,sebring-international-raceway,2023-03-18,202303181010_Race,60,9 R. Ward P. Ellis 1:25.607 10:12.509 | Meyer Shank Racing w/ Curb Agajanian | Acura ARX-06 GTP,15,21:34:58.229,T. Blomqvist,21:35:59.841,T. Blomqvist,1:01.612,1:20:51.371,20_Pit Stops Time Cards_Race.PDF,6,2
2023,07_Sebring International Raceway,Sebring International Raceway,sebring-international-raceway,2023-03-18,202303181010_Race,60,9 R. Ward P. Ellis 1:25.607 10:12.509 | Meyer Shank Racing w/ Curb Agajanian | Acura ARX-06 GTP,16,21:50:06.138,T. Blomqvist,21:50:51.120,T. Blomqvist,44.982,1:21:36.353,20_Pit Stops Time Cards_Race.PDF,6,2
2023,07_Sebring International Raceway,Sebring International Raceway,sebring-international-raceway,2023-03-18,202303181010_Race,62,16 T. Blomqvist T. Blomqvist 44.982 | Risi Competizione | Ferrari 296 GT3 GTDPRO,1,11:27:25.982,D. Serra,11:28:45.025,D. Rigon,1:19.043,1:19.043,20_Pit Stops Time Cards_Race.PDF,6,2
2023,07_Sebring International Raceway,Sebring International Raceway,sebring-international-raceway,2023-03-18,202303181010_Race,62,16 T. Blomqvist T. Blomqvist 44.982 | Risi Competizione | Ferrari 296 GT3 GTDPRO,2,12:24:58.773,D. Rigon,12:26:08.024,D. Rigon,1:09.251,2:28.294,20_Pit Stops Time Cards_Race.PDF,6,2
2023,07_Sebring International Raceway,Sebring International Raceway,sebring-international-raceway,2023-03-18,202303181010_Race,62,16 T. Blomqvist T. Blomqvist 44.982 | Risi Competizione | Ferrari 296 GT3 GTDPRO,3,13:36:02.415,D. Rigon,13:37:22.686,G. Casagrande,1:20.271,3:48.565,20_Pit Stops Time Cards_Race.PDF,6,2
2023,07_Sebring International Raceway,Sebring International Raceway,sebring-international-raceway,2023-03-18,202303181010_Race,62,16 T. Blomqvist T. Blomqvist 44.982 | Risi Competizione | Ferrari 296 GT3 GTDPRO,4,14:39:22.348,G. Casagrande,14:40:41.569,D. Serra,1:19.221,5:07.786,20_Pit Stops Time Cards_Race.PDF,6,2
2023,07_Sebring International Raceway,Sebring International Raceway,sebring-international-raceway,2023-03-18,202303181010_Race,62,16 T. Blomqvist T. Blomqvist 44.982 | Risi Competizione | Ferrari 296 GT3 GTDPRO,5,15:09:29.103,D. Serra,15:10:30.485,D. Serra,1:01.382,6:09.168,20_Pit Stops Time Cards_Race.PDF,6,2
2023,07_Sebring International Raceway,Sebring International Raceway,sebring-international-raceway,2023-03-18,202303181010_Race,62,16 T. Blomqvist T. Blomqvist 44.982 | Risi Competizione | Ferrari 296 GT3 GTDPRO,6,16:20:31.143,D. Serra,16:21:50.622,D. Rigon,1:19.479,7:28.647,20_Pit Stops Time Cards_Race.PDF,6,2
2023,07_Sebring International Raceway,Sebring International Raceway,sebring-international-raceway,2023-03-18,202303181010_Race,62,16 T. Blomqvist T. Blomqvist 44.982 | Risi Competizione | Ferrari 296 GT3 GTDPRO,7,17:20:31.233,D. Rigon,17:21:55.395,D. Rigon,1:24.162,8:52.809,20_Pit Stops Time Cards_Race.PDF,6,2
2023,07_Sebring International Raceway,Sebring International Raceway,sebring-international-raceway,2023-03-18,202303181010_Race,62,16 T. Blomqvist T. Blomqvist 44.982 | Risi Competizione | Ferrari 296 GT3 GTDPRO,8,18:16:14.253,D. Rigon,18:17:40.531,D. Serra,1:26.278,10:19.087,20_Pit Stops Time Cards_Race.PDF,6,2
2023,07_Sebring International Raceway,Sebring International Raceway,sebring-international-raceway,2023-03-18,202303181010_Race,62,16 T. Blomqvist T. Blomqvist 44.982 | Risi Competizione | Ferrari 296 GT3 GTDPRO,9,19:23:51.015,D. Serra,19:25:12.412,D. Rigon,1:21.397,11:40.484,20_Pit Stops Time Cards_Race.PDF,6,2
2023,07_Sebring International Raceway,Sebring International Raceway,sebring-international-raceway,2023-03-18,202303181010_Race,62,16 T. Blomqvist T. Blomqvist 44.982 | Risi Competizione | Ferrari 296 GT3 GTDPRO,10,20:26:56.401,D. Rigon,20:28:33.923,D. Serra,1:37.522,13:18.006,20_Pit Stops Time Cards_Race.PDF,6,2
2023,07_Sebring International Raceway,Sebring International Raceway,sebring-international-raceway,2023-03-18,202303181010_Race,62,16 T. Blomqvist T. Blomqvist 44.982 | Risi Competizione | Ferrari 296 GT3 GTDPRO,11,21:14:39.214,D. Serra,21:15:42.134,D. Serra,1:02.920,14:20.926,20_Pit Stops Time Cards_Race.PDF,6,2
2023,07_Sebring International Raceway,Sebring International Raceway,sebring-international-raceway,2023-03-18,202303181010_Race,63,11 D. Serra D. Serra 1:02.920 14:20.926 | Iron Lynx | Lamborghini Huracan GT3 EVO2 GTDPRO,1,11:13:11.154,F. Perera,11:14:28.424,F. Perera,1:17.270,1:17.270,20_Pit Stops Time Cards_Race.PDF,6,2
2023,07_Sebring International Raceway,Sebring International Raceway,sebring-international-raceway,2023-03-18,202303181010_Race,63,11 D. Serra D. Serra 1:02.920 14:20.926 | Iron Lynx | Lamborghini Huracan GT3 EVO2 GTDPRO,2,11:27:46.028,F. Perera,11:28:26.326,F. Perera,40.298,1:57.568,20_Pit Stops Time Cards_Race.PDF,6,2
2023,07_Sebring International Raceway,Sebring International Raceway,sebring-international-raceway,2023-03-18,202303181010_Race,63,11 D. Serra D. Serra 1:02.920 14:20.926 | Iron Lynx | Lamborghini Huracan GT3 EVO2 GTDPRO,3,11:40:50.436,F. Perera,11:42:23.788,F. Perera,1:33.352,3:30.920,20_Pit Stops Time Cards_Race.PDF,6,2
2023,07_Sebring International Raceway,Sebring International Raceway,sebring-international-raceway,2023-03-18,202303181010_Race,63,11 D. Serra D. Serra 1:02.920 14:20.926 | Iron Lynx | Lamborghini Huracan GT3 EVO2 GTDPRO,4,12:25:23.456,F. Perera,12:26:31.270,R. Grosjean,1:07.814,4:38.734,20_Pit Stops Time Cards_Race.PDF,6,2
2023,07_Sebring International Raceway,Sebring International Raceway,sebring-international-raceway,2023-03-18,202303181010_Race,63,11 D. Serra D. Serra 1:02.920 14:20.926 | Iron Lynx | Lamborghini Huracan GT3 EVO2 GTDPRO,5,13:34:25.845,R. Grosjean,13:35:43.458,J. Pepper,1:17.613,5:56.347,20_Pit Stops Time Cards_Race.PDF,6,2
2023,07_Sebring International Raceway,Sebring International Raceway,sebring-international-raceway,2023-03-18,202303181010_Race,63,11 D. Serra D. Serra 1:02.920 14:20.926 | Iron Lynx | Lamborghini Huracan GT3 EVO2 GTDPRO,6,14:37:48.805,J. Pepper,14:39:06.589,F. Perera,1:17.784,7:14.131,20_Pit Stops Time Cards_Race.PDF,6,2
2023,07_Sebring International Raceway,Sebring International Raceway,sebring-international-raceway,2023-03-18,202303181010_Race,63,11 D. Serra D. Serra 1:02.920 14:20.926 | Iron Lynx | Lamborghini Huracan GT3 EVO2 GTDPRO,7,15:09:31.307,F. Perera,15:10:28.108,F. Perera,56.801,8:10.932,20_Pit Stops Time Cards_Race.PDF,6,2
2023,07_Sebring International Raceway,Sebring International Raceway,sebring-international-raceway,2023-03-18,202303181010_Race,63,11 D. Serra D. Serra 1:02.920 14:20.926 | Iron Lynx | Lamborghini Huracan GT3 EVO2 GTDPRO,8,15:47:47.496,F. Perera,15:48:19.839,F. Perera,32.343,8:43.275,20_Pit Stops Time Cards_Race.PDF,6,2
2023,07_Sebring International Raceway,Sebring International Raceway,sebring-international-raceway,2023-03-18,202303181010_Race,63,11 D. Serra D. Serra 1:02.920 14:20.926 | Iron Lynx | Lamborghini Huracan GT3 EVO2 GTDPRO,9,16:15:17.560,F. Perera,16:16:32.975,R. Grosjean,1:15.415,9:58.690,20_Pit Stops Time Cards_Race.PDF,6,2
2023,07_Sebring International Raceway,Sebring International Raceway,sebring-international-raceway,2023-03-18,202303181010_Race,63,11 D. Serra D. Serra 1:02.920 14:20.926 | Iron Lynx | Lamborghini Huracan GT3 EVO2 GTDPRO,10,16:34:25.933,R. Grosjean,16:35:12.124,R. Grosjean,46.191,10:44.881,20_Pit Stops Time Cards_Race.PDF,6,2
2023,07_Sebring International Raceway,Sebring International Raceway,sebring-international-raceway,2023-03-18,202303181010_Race,63,11 D. Serra D. Serra 1:02.920 14:20.926 | Iron Lynx | Lamborghini Huracan GT3 EVO2 GTDPRO,11,17:20:49.509,R. Grosjean,17:22:09.642,J. Pepper,1:20.133,12:05.014,20_Pit Stops Time Cards_Race.PDF,6,2
2023,07_Sebring International Raceway,Sebring International Raceway,sebring-international-raceway,2023-03-18,202303181010_Race,63,11 D. Serra D. Serra 1:02.920 14:20.926 | Iron Lynx | Lamborghini Huracan GT3 EVO2 GTDPRO,12,18:16:17.138,J. Pepper,18:17:30.305,R. Grosjean,1:13.167,13:18.181,20_Pit Stops Time Cards_Race.PDF,6,2
2023,07_Sebring International Raceway,Sebring International Raceway,sebring-international-raceway,2023-03-18,202303181010_Race,63,11 D. Serra D. Serra 1:02.920 14:20.926 | Iron Lynx | Lamborghini Huracan GT3 EVO2 GTDPRO,13,19:24:09.794,R. Grosjean,19:25:26.406,F. Perera,1:16.612,14:34.793,20_Pit Stops Time Cards_Race.PDF,6,2
2023,07_Sebring International Raceway,Sebring International Raceway,sebring-international-raceway,2023-03-18,202303181010_Race,63,11 D. Serra D. Serra 1:02.920 14:20.926 | Iron Lynx | Lamborghini Huracan GT3 EVO2 GTDPRO,14,20:25:40.253,F. Perera,20:26:55.706,J. Pepper,1:15.453,15:50.246,20_Pit Stops Time Cards_Race.PDF,6,2
2023,07_Sebring International Raceway,Sebring International Raceway,sebring-international-raceway,2023-03-18,202303181010_Race,63,11 D. Serra D. Serra 1:02.920 14:20.926 | Iron Lynx | Lamborghini Huracan GT3 EVO2 GTDPRO,15,20:45:57.835,J. Pepper,20:46:50.182,J. Pepper,52.347,16:42.593,20_Pit Stops Time Cards_Race.PDF,6,2
2023,07_Sebring International Raceway,Sebring International Raceway,sebring-international-raceway,2023-03-18,202303181010_Race,63,11 D. Serra D. Serra 1:02.920 14:20.926 | Iron Lynx | Lamborghini Huracan GT3 EVO2 GTDPRO,16,21:12:37.766,J. Pepper,21:13:28.351,J. Pepper,50.585,17:33.178,20_Pit Stops Time Cards_Race.PDF,6,2
2023,07_Sebring International Raceway,Sebring International Raceway,sebring-international-raceway,2023-03-18,202303181010_Race,66,16 J. Pepper J. Pepper 50.585 17:33.178 | Gradient Racing | Acura NSX GT3 GTD,1,11:27:42.023,S. Monk,11:28:59.569,S. Monk,1:17.546,1:17.546,20_Pit Stops Time Cards_Race.PDF,6,2
2023,07_Sebring International Raceway,Sebring International Raceway,sebring-international-raceway,2023-03-18,202303181010_Race,66,16 J. Pepper J. Pepper 50.585 17:33.178 | Gradient Racing | Acura NSX GT3 GTD,2,12:25:12.691,S. Monk,12:26:22.870,M. Miller,1:10.179,2:27.725,20_Pit Stops Time Cards_Race.PDF,6,2
2023,07_Sebring International Raceway,Sebring International Raceway,sebring-international-raceway,2023-03-18,202303181010_Race,66,16 J. Pepper J. Pepper 50.585 17:33.178 | Gradient Racing | Acura NSX GT3 GTD,3,13:36:56.152,M. Miller,13:38:29.236,K. Legge,1:33.084,4:00.809,20_Pit Stops Time Cards_Race.PDF,6,2
2023,07_Sebring International Raceway,Sebring International Raceway,sebring-international-raceway,2023-03-18,202303181010_Race,66,16 J. Pepper J. Pepper 50.585 17:33.178 | Gradient Racing | Acura NSX GT3 GTD,4,14:43:47.604,K. Legge,14:45:06.863,M. Miller,1:19.259,5:20.068,20_Pit Stops Time Cards_Race.PDF,6,2
2023,07_Sebring International Raceway,Sebring International Raceway,sebring-international-raceway,2023-03-18,202303181010_Race,66,16 J. Pepper J. Pepper 50.585 17:33.178 | Gradient Racing | Acura NSX GT3 GTD,5,15:16:47.391,M. Miller,15:17:40.367,M. Miller,52.976,6:13.044,20_Pit Stops Time Cards_Race.PDF,6,2
2023,07_Sebring International Raceway,Sebring International Raceway,sebring-international-raceway,2023-03-18,202303181010_Race,66,16 J. Pepper J. Pepper 50.585 17:33.178 | Gradient Racing | Acura NSX GT3 GTD,6,16:33:35.332,M. Miller,16:34:53.508,S. Monk,1:18.176,7:31.220,20_Pit Stops Time Cards_Race.PDF,6,2
2023,07_Sebring International Raceway,Sebring International Raceway,sebring-international-raceway,2023-03-18,202303181010_Race,66,16 J. Pepper J. Pepper 50.585 17:33.178 | Gradient Racing | Acura NSX GT3 GTD,7,17:20:52.129,S. Monk,17:22:11.470,S. Monk,1:19.341,8:50.561,20_Pit Stops Time Cards_Race.PDF,6,2
2023,07_Sebring International Raceway,Sebring International Raceway,sebring-international-raceway,2023-03-18,202303181010_Race,66,16 J. Pepper J. Pepper 50.585 17:33.178 | Gradient Racing | Acura NSX GT3 GTD,8,18:16:25.507,S. Monk,18:17:36.362,K. Legge,1:10.855,10:01.416,20_Pit Stops Time Cards_Race.PDF,6,2
2023,07_Sebring International Raceway,Sebring International Raceway,sebring-international-raceway,2023-03-18,202303181010_Race,66,16 J. Pepper J. Pepper 50.585 17:33.178 | Gradient Racing | Acura NSX GT3 GTD,9,18:26:08.421,K. Legge,18:28:06.666,K. Legge,1:58.245,11:59.661,20_Pit Stops Time Cards_Race.PDF,6,2
2023,07_Sebring International Raceway,Sebring International Raceway,sebring-international-raceway,2023-03-18,202303181010_Race,66,16 J. Pepper J. Pepper 50.585 17:33.178 | Gradient Racing | Acura NSX GT3 GTD,10,19:27:02.463,K. Legge,19:28:20.179,M. Miller,1:17.716,13:17.377,20_Pit Stops Time Cards_Race.PDF,6,2
2023,07_Sebring International Raceway,Sebring International Raceway,sebring-international-raceway,2023-03-18,202303181010_Race,66,16 J. Pepper J. Pepper 50.585 17:33.178 | Gradient Racing | Acura NSX GT3 GTD,11,20:21:10.851,M. Miller,20:24:37.944,K. Legge,3:27.093,16:44.470,20_Pit Stops Time Cards_Race.PDF,6,2
2023,07_Sebring International Raceway,Sebring International Raceway,sebring-international-raceway,2023-03-18,202303181010_Race,70,Inception Racing | McLaren 720S GT3 EVO GTD,1,11:11:53.150,B. Iribe,11:13:08.714,B. Iribe,1:15.564,1:15.564,20_Pit Stops Time Cards_Race.PDF,7,1
2023,07_Sebring International Raceway,Sebring International Raceway,sebring-international-raceway,2023-03-18,202303181010_Race,70,Inception Racing | McLaren 720S GT3 EVO GTD,2,11:16:12.243,B. Iribe,11:17:13.330,B. Iribe,1:01.087,2:16.651,20_Pit Stops Time Cards_Race.PDF,7,1
2023,07_Sebring International Raceway,Sebring International Raceway,sebring-international-raceway,2023-03-18,202303181010_Race,70,Inception Racing | McLaren 720S GT3 EVO GTD,3,11:31:16.110,B. Iribe,11:32:10.504,B. Iribe,54.394,3:11.045,20_Pit Stops Time Cards_Race.PDF,7,1
2023,07_Sebring International Raceway,Sebring International Raceway,sebring-international-raceway,2023-03-18,202303181010_Race,70,Inception Racing | McLaren 720S GT3 EVO GTD,4,12:30:32.143,B. Iribe,12:31:42.333,O. Millroy,1:10.190,4:21.235,20_Pit Stops Time Cards_Race.PDF,7,1
2023,07_Sebring International Raceway,Sebring International Raceway,sebring-international-raceway,2023-03-18,202303181010_Race,70,Inception Racing | McLaren 720S GT3 EVO GTD,5,13:11:50.206,O. Millroy,13:12:54.347,F. Schandorff,1:04.141,5:25.376,20_Pit Stops Time Cards_Race.PDF,7,1
2023,07_Sebring International Raceway,Sebring International Raceway,sebring-international-raceway,2023-03-18,202303181010_Race,70,Inception Racing | McLaren 720S GT3 EVO GTD,6,13:52:09.932,F. Schandorff,13:53:20.652,B. Iribe,1:10.720,6:36.096,20_Pit Stops Time Cards_Race.PDF,7,1
2023,07_Sebring International Raceway,Sebring International Raceway,sebring-international-raceway,2023-03-18,202303181010_Race,70,Inception Racing | McLaren 720S GT3 EVO GTD,7,14:22:35.221,B. Iribe,14:23:17.531,B. Iribe,42.310,7:18.406,20_Pit Stops Time Cards_Race.PDF,7,1
2023,07_Sebring International Raceway,Sebring International Raceway,sebring-international-raceway,2023-03-18,202303181010_Race,70,Inception Racing | McLaren 720S GT3 EVO GTD,8,14:58:48.300,B. Iribe,15:00:05.298,F. Schandorff,1:16.998,8:35.404,20_Pit Stops Time Cards_Race.PDF,7,1
2023,07_Sebring International Raceway,Sebring International Raceway,sebring-international-raceway,2023-03-18,202303181010_Race,70,Inception Racing | McLaren 720S GT3 EVO GTD,9,15:14:24.494,F. Schandorff,15:15:09.730,F. Schandorff,45.236,9:20.640,20_Pit Stops Time Cards_Race.PDF,7,1
2023,07_Sebring International Raceway,Sebring International Raceway,sebring-international-raceway,2023-03-18,202303181010_Race,70,Inception Racing | McLaren 720S GT3 EVO GTD,10,16:18:53.277,F. Schandorff,16:20:10.080,O. Millroy,1:16.803,10:37.443,20_Pit Stops Time Cards_Race.PDF,7,1
2023,07_Sebring International Raceway,Sebring International Raceway,sebring-international-raceway,2023-03-18,202303181010_Race,70,Inception Racing | McLaren 720S GT3 EVO GTD,11,16:51:52.543,O. Millroy,16:52:39.080,O. Millroy,46.537,11:23.980,20_Pit Stops Time Cards_Race.PDF,7,1
2023,07_Sebring International Raceway,Sebring International Raceway,sebring-international-raceway,2023-03-18,202303181010_Race,70,Inception Racing | McLaren 720S GT3 EVO GTD,12,17:21:01.905,O. Millroy,17:23:19.453,F. Schandorff,2:17.548,13:41.528,20_Pit Stops Time Cards_Race.PDF,7,1
2023,07_Sebring International Raceway,Sebring International Raceway,sebring-international-raceway,2023-03-18,202303181010_Race,70,Inception Racing | McLaren 720S GT3 EVO GTD,13,18:16:18.102,F. Schandorff,18:17:25.522,O. Millroy,1:07.420,14:48.948,20_Pit Stops Time Cards_Race.PDF,7,1
2023,07_Sebring International Raceway,Sebring International Raceway,sebring-international-raceway,2023-03-18,202303181010_Race,70,Inception Racing | McLaren 720S GT3 EVO GTD,14,19:15:42.098,O. Millroy,19:16:55.343,O. Millroy,1:13.245,16:02.193,20_Pit Stops Time Cards_Race.PDF,7,1
2023,07_Sebring International Raceway,Sebring International Raceway,sebring-international-raceway,2023-03-18,202303181010_Race,70,Inception Racing | McLaren 720S GT3 EVO GTD,15,20:14:44.948,O. Millroy,20:16:00.666,F. Schandorff,1:15.718,17:17.911,20_Pit Stops Time Cards_Race.PDF,7,1
2023,07_Sebring International Raceway,Sebring International Raceway,sebring-international-raceway,2023-03-18,202303181010_Race,70,Inception Racing | McLaren 720S GT3 EVO GTD,16,20:45:49.703,F. Schandorff,20:46:51.703,F. Schandorff,1:02.000,18:19.911,20_Pit Stops Time Cards_Race.PDF,7,1
2023,07_Sebring International Raceway,Sebring International Raceway,sebring-international-raceway,2023-03-18,202303181010_Race,74,16 F. Schandorff F. Schandorff 1:02.000 18:19.911 | Riley | Ligier JS P320 LMP3,1,11:24:13.375,G. Robinson,11:25:30.511,G. Robinson,1:17.136,1:17.136,20_Pit Stops Time Cards_Race.PDF,7,1
2023,07_Sebring International Raceway,Sebring International Raceway,sebring-international-raceway,2023-03-18,202303181010_Race,74,16 F. Schandorff F. Schandorff 1:02.000 18:19.911 | Riley | Ligier JS P320 LMP3,2,12:21:10.196,G. Robinson,12:22:18.279,G. Robinson,1:08.083,2:25.219,20_Pit Stops Time Cards_Race.PDF,7,1
2023,07_Sebring International Raceway,Sebring International Raceway,sebring-international-raceway,2023-03-18,202303181010_Race,74,16 F. Schandorff F. Schandorff 1:02.000 18:19.911 | Riley | Ligier JS P320 LMP3,3,12:48:24.069,G. Robinson,12:49:32.484,G. Robinson,1:08.415,3:33.634,20_Pit Stops Time Cards_Race.PDF,7,1
2023,07_Sebring International Raceway,Sebring International Raceway,sebring-international-raceway,2023-03-18,202303181010_Race,74,16 F. Schandorff F. Schandorff 1:02.000 18:19.911 | Riley | Ligier JS P320 LMP3,4,13:42:42.832,G. Robinson,13:43:55.804,J. Burdon,1:12.972,4:46.606,20_Pit Stops Time Cards_Race.PDF,7,1
2023,07_Sebring International Raceway,Sebring International Raceway,sebring-international-raceway,2023-03-18,202303181010_Race,74,16 F. Schandorff F. Schandorff 1:02.000 18:19.911 | Riley | Ligier JS P320 LMP3,5,14:41:49.680,J. Burdon,14:43:29.359,J. Burdon,1:39.679,6:26.285,20_Pit Stops Time Cards_Race.PDF,7,1
2023,07_Sebring International Raceway,Sebring International Raceway,sebring-international-raceway,2023-03-18,202303181010_Race,74,16 F. Schandorff F. Schandorff 1:02.000 18:19.911 | Riley | Ligier JS P320 LMP3,6,15:06:53.817,J. Burdon,15:07:46.053,J. Burdon,52.236,7:18.521,20_Pit Stops Time Cards_Race.PDF,7,1
2023,07_Sebring International Raceway,Sebring International Raceway,sebring-international-raceway,2023-03-18,202303181010_Race,74,16 F. Schandorff F. Schandorff 1:02.000 18:19.911 | Riley | Ligier JS P320 LMP3,7,15:12:50.802,J. Burdon,15:14:47.231,J. Burdon,1:56.429,9:14.950,20_Pit Stops Time Cards_Race.PDF,7,1
2023,07_Sebring International Raceway,Sebring International Raceway,sebring-international-raceway,2023-03-18,202303181010_Race,74,16 F. Schandorff F. Schandorff 1:02.000 18:19.911 | Riley | Ligier JS P320 LMP3,8,16:18:35.352,J. Burdon,16:19:51.468,F. Fraga,1:16.116,10:31.066,20_Pit Stops Time Cards_Race.PDF,7,1
2023,07_Sebring International Raceway,Sebring International Raceway,sebring-international-raceway,2023-03-18,202303181010_Race,74,16 F. Schandorff F. Schandorff 1:02.000 18:19.911 | Riley | Ligier JS P320 LMP3,9,16:29:55.946,F. Fraga,16:30:44.493,F. Fraga,48.547,11:19.613,20_Pit Stops Time Cards_Race.PDF,7,1
2023,07_Sebring International Raceway,Sebring International Raceway,sebring-international-raceway,2023-03-18,202303181010_Race,74,16 F. Schandorff F. Schandorff 1:02.000 18:19.911 | Riley | Ligier JS P320 LMP3,10,17:17:32.535,F. Fraga,17:18:34.660,F. Fraga,1:02.125,12:21.738,20_Pit Stops Time Cards_Race.PDF,7,1
2023,07_Sebring International Raceway,Sebring International Raceway,sebring-international-raceway,2023-03-18,202303181010_Race,74,16 F. Schandorff F. Schandorff 1:02.000 18:19.911 | Riley | Ligier JS P320 LMP3,11,18:23:50.050,F. Fraga,18:25:02.632,J. Burdon,1:12.582,13:34.320,20_Pit Stops Time Cards_Race.PDF,7,1
2023,07_Sebring International Raceway,Sebring International Raceway,sebring-international-raceway,2023-03-18,202303181010_Race,74,16 F. Schandorff F. Schandorff 1:02.000 18:19.911 | Riley | Ligier JS P320 LMP3,12,19:22:40.019,J. Burdon,19:23:57.403,J. Burdon,1:17.384,14:51.704,20_Pit Stops Time Cards_Race.PDF,7,1
2023,07_Sebring International Raceway,Sebring International Raceway,sebring-international-raceway,2023-03-18,202303181010_Race,74,16 F. Schandorff F. Schandorff 1:02.000 18:19.911 | Riley | Ligier JS P320 LMP3,13,20:22:00.497,J. Burdon,20:23:19.640,F. Fraga,1:19.143,16:10.847,20_Pit Stops Time Cards_Race.PDF,7,1
2023,07_Sebring International Raceway,Sebring International Raceway,sebring-international-raceway,2023-03-18,202303181010_Race,74,16 F. Schandorff F. Schandorff 1:02.000 18:19.911 | Riley | Ligier JS P320 LMP3,14,20:42:18.230,F. Fraga,20:43:19.068,F. Fraga,1:00.838,17:11.685,20_Pit Stops Time Cards_Race.PDF,7,1
2023,07_Sebring International Raceway,Sebring International Raceway,sebring-international-raceway,2023-03-18,202303181010_Race,77,14 F. Fraga F. Fraga 1:00.838 17:11.685 | Wright Motorsports | Porsche 911 GT3 R (992) GTD,1,11:27:41.506,A. Brynjolfsson,11:29:00.502,A. Brynjolfsson,1:18.996,1:18.996,20_Pit Stops Time Cards_Race.PDF,7,1
2023,07_Sebring International Raceway,Sebring International Raceway,sebring-international-raceway,2023-03-18,202303181010_Race,77,14 F. Fraga F. Fraga 1:00.838 17:11.685 | Wright Motorsports | Porsche 911 GT3 R (992) GTD,2,11:51:25.708,A. Brynjolfsson,11:51:58.701,A. Brynjolfsson,32.993,1:51.989,20_Pit Stops Time Cards_Race.PDF,7,1
2023,07_Sebring International Raceway,Sebring International Raceway,sebring-international-raceway,2023-03-18,202303181010_Race,77,14 F. Fraga F. Fraga 1:00.838 17:11.685 | Wright Motorsports | Porsche 911 GT3 R (992) GTD,3,12:25:21.765,A. Brynjolfsson,12:26:27.911,T. Hindman,1:06.146,2:58.135,20_Pit Stops Time Cards_Race.PDF,7,1
2023,07_Sebring International Raceway,Sebring International Raceway,sebring-international-raceway,2023-03-18,202303181010_Race,77,14 F. Fraga F. Fraga 1:00.838 17:11.685 | Wright Motorsports | Porsche 911 GT3 R (992) GTD,4,13:32:14.943,T. Hindman,13:33:32.347,M. Root,1:17.404,4:15.539,20_Pit Stops Time Cards_Race.PDF,7,1
2023,07_Sebring International Raceway,Sebring International Raceway,sebring-international-raceway,2023-03-18,202303181010_Race,77,14 F. Fraga F. Fraga 1:00.838 17:11.685 | Wright Motorsports | Porsche 911 GT3 R (992) GTD,5,14:35:53.437,M. Root,14:37:30.588,A. Brynjolfsson,1:37.151,5:52.690,20_Pit Stops Time Cards_Race.PDF,7,1
2023,07_Sebring International Raceway,Sebring International Raceway,sebring-international-raceway,2023-03-18,202303181010_Race,77,14 F. Fraga F. Fraga 1:00.838 17:11.685 | Wright Motorsports | Porsche 911 GT3 R (992) GTD,6,15:09:21.263,A. Brynjolfsson,15:10:21.394,A. Brynjolfsson,1:00.131,6:52.821,20_Pit Stops Time Cards_Race.PDF,7,1
2023,07_Sebring International Raceway,Sebring International Raceway,sebring-international-raceway,2023-03-18,202303181010_Race,77,14 F. Fraga F. Fraga 1:00.838 17:11.685 | Wright Motorsports | Porsche 911 GT3 R (992) GTD,7,16:13:19.887,A. Brynjolfsson,16:14:31.451,T. Hindman,1:11.564,8:04.385,20_Pit Stops Time Cards_Race.PDF,7,1
2023,07_Sebring International Raceway,Sebring International Raceway,sebring-international-raceway,2023-03-18,202303181010_Race,77,14 F. Fraga F. Fraga 1:00.838 17:11.685 | Wright Motorsports | Porsche 911 GT3 R (992) GTD,8,16:33:49.812,T. Hindman,16:34:44.461,M. Root,54.649,8:59.034,20_Pit Stops Time Cards_Race.PDF,7,1
2023,07_Sebring International Raceway,Sebring International Raceway,sebring-international-raceway,2023-03-18,202303181010_Race,77,14 F. Fraga F. Fraga 1:00.838 17:11.685 | Wright Motorsports | Porsche 911 GT3 R (992) GTD,9,17:20:40.698,M. Root,17:22:00.185,M. Root,1:19.487,10:18.521,20_Pit Stops Time Cards_Race.PDF,7,1
2023,07_Sebring International Raceway,Sebring International Raceway,sebring-international-raceway,2023-03-18,202303181010_Race,77,14 F. Fraga F. Fraga 1:00.838 17:11.685 | Wright Motorsports | Porsche 911 GT3 R (992) GTD,10,18:16:19.122,M. Root,18:17:26.922,T. Hindman,1:07.800,11:26.321,20_Pit Stops Time Cards_Race.PDF,7,1
2023,07_Sebring International Raceway,Sebring International Raceway,sebring-international-raceway,2023-03-18,202303181010_Race,77,14 F. Fraga F. Fraga 1:00.838 17:11.685 | Wright Motorsports | Porsche 911 GT3 R (992) GTD,11,19:19:50.643,T. Hindman,19:21:06.567,M. Root,1:15.924,12:42.245,20_Pit Stops Time Cards_Race.PDF,7,1
2023,07_Sebring International Raceway,Sebring International Raceway,sebring-international-raceway,2023-03-18,202303181010_Race,77,14 F. Fraga F. Fraga 1:00.838 17:11.685 | Wright Motorsports | Porsche 911 GT3 R (992) GTD,12,20:15:06.795,M. Root,20:16:19.246,T. Hindman,1:12.451,13:54.696,20_Pit Stops Time Cards_Race.PDF,7,1
2023,07_Sebring International Raceway,Sebring International Raceway,sebring-international-raceway,2023-03-18,202303181010_Race,77,14 F. Fraga F. Fraga 1:00.838 17:11.685 | Wright Motorsports | Porsche 911 GT3 R (992) GTD,13,21:14:41.650,T. Hindman,21:15:44.920,T. Hindman,1:03.270,14:57.966,20_Pit Stops Time Cards_Race.PDF,7,1
2023,07_Sebring International Raceway,Sebring International Raceway,sebring-international-raceway,2023-03-18,202303181010_Race,78,13 T. Hindman T. Hindman 1:03.270 14:57.966 | Forte Racing Powered by USRT | Lamborghini Huracan GT3 EVO2 GTD,1,11:13:09.796,L. Spinelli,11:14:27.844,M. Goikhberg,1:18.048,1:18.048,20_Pit Stops Time Cards_Race.PDF,7,1
2023,07_Sebring International Raceway,Sebring International Raceway,sebring-international-raceway,2023-03-18,202303181010_Race,78,13 T. Hindman T. Hindman 1:03.270 14:57.966 | Forte Racing Powered by USRT | Lamborghini Huracan GT3 EVO2 GTD,2,11:40:51.159,M. Goikhberg,11:42:24.818,M. Goikhberg,1:33.659,2:51.707,20_Pit Stops Time Cards_Race.PDF,7,2
2023,07_Sebring International Raceway,Sebring International Raceway,sebring-international-raceway,2023-03-18,202303181010_Race,78,13 T. Hindman T. Hindman 1:03.270 14:57.966 | Forte Racing Powered by USRT | Lamborghini Huracan GT3 EVO2 GTD,3,12:25:24.021,M. Goikhberg,12:26:32.047,M. Goikhberg,1:08.026,3:59.733,20_Pit Stops Time Cards_Race.PDF,7,2
2023,07_Sebring International Raceway,Sebring International Raceway,sebring-international-raceway,2023-03-18,202303181010_Race,78,13 T. Hindman T. Hindman 1:03.270 14:57.966 | Forte Racing Powered by USRT | Lamborghini Huracan GT3 EVO2 GTD,4,13:32:46.924,M. Goikhberg,13:34:04.270,B. Hites,1:17.346,5:17.079,20_Pit Stops Time Cards_Race.PDF,7,2
2023,07_Sebring International Raceway,Sebring International Raceway,sebring-international-raceway,2023-03-18,202303181010_Race,78,13 T. Hindman T. Hindman 1:03.270 14:57.966 | Forte Racing Powered by USRT | Lamborghini Huracan GT3 EVO2 GTD,5,14:34:31.608,B. Hites,14:35:47.758,B. Hites,1:16.150,6:33.229,20_Pit Stops Time Cards_Race.PDF,7,2
2023,07_Sebring International Raceway,Sebring International Raceway,sebring-international-raceway,2023-03-18,202303181010_Race,78,13 T. Hindman T. Hindman 1:03.270 14:57.966 | Forte Racing Powered by USRT | Lamborghini Huracan GT3 EVO2 GTD,6,15:09:29.874,B. Hites,15:10:39.310,B. Hites,1:09.436,7:42.665,20_Pit Stops Time Cards_Race.PDF,7,2
2023,07_Sebring International Raceway,Sebring International Raceway,sebring-international-raceway,2023-03-18,202303181010_Race,78,13 T. Hindman T. Hindman 1:03.270 14:57.966 | Forte Racing Powered by USRT | Lamborghini Huracan GT3 EVO2 GTD,7,16:10:51.002,B. Hites,16:12:05.688,L. Spinelli,1:14.686,8:57.351,20_Pit Stops Time Cards_Race.PDF,7,2
2023,07_Sebring International Raceway,Sebring International Raceway,sebring-international-raceway,2023-03-18,202303181010_Race,78,13 T. Hindman T. Hindman 1:03.270 14:57.966 | Forte Racing Powered by USRT | Lamborghini Huracan GT3 EVO2 GTD,8,16:33:47.958,L. Spinelli,16:34:42.407,L. Spinelli,54.449,9:51.800,20_Pit Stops Time Cards_Race.PDF,7,2
2023,07_Sebring International Raceway,Sebring International Raceway,sebring-international-raceway,2023-03-18,202303181010_Race,78,13 T. Hindman T. Hindman 1:03.270 14:57.966 | Forte Racing Powered by USRT | Lamborghini Huracan GT3 EVO2 GTD,9,17:20:36.309,L. Spinelli,17:22:08.259,M. Goikhberg,1:31.950,11:23.750,20_Pit Stops Time Cards_Race.PDF,7,2
2023,07_Sebring International Raceway,Sebring International Raceway,sebring-international-raceway,2023-03-18,202303181010_Race,78,13 T. Hindman T. Hindman 1:03.270 14:57.966 | Forte Racing Powered by USRT | Lamborghini Huracan GT3 EVO2 GTD,10,18:16:22.629,M. Goikhberg,18:17:38.456,L. Spinelli,1:15.827,12:39.577,20_Pit Stops Time Cards_Race.PDF,7,2
2023,07_Sebring International Raceway,Sebring International Raceway,sebring-international-raceway,2023-03-18,202303181010_Race,78,13 T. Hindman T. Hindman 1:03.270 14:57.966 | Forte Racing Powered by USRT | Lamborghini Huracan GT3 EVO2 GTD,11,19:15:51.671,L. Spinelli,19:17:07.249,B. Hites,1:15.578,13:55.155,20_Pit Stops Time Cards_Race.PDF,7,2
2023,07_Sebring International Raceway,Sebring International Raceway,sebring-international-raceway,2023-03-18,202303181010_Race,78,13 T. Hindman T. Hindman 1:03.270 14:57.966 | Forte Racing Powered by USRT | Lamborghini Huracan GT3 EVO2 GTD,12,20:19:35.420,B. Hites,20:20:54.353,L. Spinelli,1:18.933,15:14.088,20_Pit Stops Time Cards_Race.PDF,7,2
2023,07_Sebring International Raceway,Sebring International Raceway,sebring-international-raceway,2023-03-18,202303181010_Race,78,13 T. Hindman T. Hindman 1:03.270 14:57.966 | Forte Racing Powered by USRT | Lamborghini Huracan GT3 EVO2 GTD,13,21:12:36.223,L. Spinelli,21:13:29.390,L. Spinelli,53.167,16:07.255,20_Pit Stops Time Cards_Race.PDF,7,2
2023,07_Sebring International Raceway,Sebring International Raceway,sebring-international-raceway,2023-03-18,202303181010_Race,79,13 L. Spinelli L. Spinelli 53.167 16:07.255 | WeatherTech Racing | Mercedes-AMG GT3 GTDPRO,1,10:56:40.418,D. Juncadella,10:57:49.134,D. Juncadella,1:08.716,1:08.716,20_Pit Stops Time Cards_Race.PDF,7,2
2023,07_Sebring International Raceway,Sebring International Raceway,sebring-international-raceway,2023-03-18,202303181010_Race,79,13 L. Spinelli L. Spinelli 53.167 16:07.255 | WeatherTech Racing | Mercedes-AMG GT3 GTDPRO,2,11:27:48.025,D. Juncadella,11:28:38.003,D. Juncadella,49.978,1:58.694,20_Pit Stops Time Cards_Race.PDF,7,2
2023,07_Sebring International Raceway,Sebring International Raceway,sebring-international-raceway,2023-03-18,202303181010_Race,79,13 L. Spinelli L. Spinelli 53.167 16:07.255 | WeatherTech Racing | Mercedes-AMG GT3 GTDPRO,3,12:24:56.683,D. Juncadella,12:26:00.723,M. Engel,1:04.040,3:02.734,20_Pit Stops Time Cards_Race.PDF,7,2
2023,07_Sebring International Raceway,Sebring International Raceway,sebring-international-raceway,2023-03-18,202303181010_Race,79,13 L. Spinelli L. Spinelli 53.167 16:07.255 | WeatherTech Racing | Mercedes-AMG GT3 GTDPRO,4,13:15:07.302,M. Engel,13:16:14.986,M. Engel,1:07.684,4:10.418,20_Pit Stops Time Cards_Race.PDF,7,2
2023,07_Sebring International Raceway,Sebring International Raceway,sebring-international-raceway,2023-03-18,202303181010_Race,79,13 L. Spinelli L. Spinelli 53.167 16:07.255 | WeatherTech Racing | Mercedes-AMG GT3 GTDPRO,5,14:15:48.597,M. Engel,14:17:06.566,J. Gounon,1:17.969,5:28.387,20_Pit Stops Time Cards_Race.PDF,7,2
2023,07_Sebring International Raceway,Sebring International Raceway,sebring-international-raceway,2023-03-18,202303181010_Race,79,13 L. Spinelli L. Spinelli 53.167 16:07.255 | WeatherTech Racing | Mercedes-AMG GT3 GTDPRO,6,15:09:11.119,J. Gounon,15:10:18.615,J. Gounon,1:07.496,6:35.883,20_Pit Stops Time Cards_Race.PDF,7,2
2023,07_Sebring International Raceway,Sebring International Raceway,sebring-international-raceway,2023-03-18,202303181010_Race,79,13 L. Spinelli L. Spinelli 53.167 16:07.255 | WeatherTech Racing | Mercedes-AMG GT3 GTDPRO,7,16:20:29.834,J. Gounon,16:21:47.217,D. Juncadella,1:17.383,7:53.266,20_Pit Stops Time Cards_Race.PDF,7,2
2023,07_Sebring International Raceway,Sebring International Raceway,sebring-international-raceway,2023-03-18,202303181010_Race,79,13 L. Spinelli L. Spinelli 53.167 16:07.255 | WeatherTech Racing | Mercedes-AMG GT3 GTDPRO,8,16:34:20.174,D. Juncadella,16:35:03.217,D. Juncadella,43.043,8:36.309,20_Pit Stops Time Cards_Race.PDF,7,2
2023,07_Sebring International Raceway,Sebring International Raceway,sebring-international-raceway,2023-03-18,202303181010_Race,79,13 L. Spinelli L. Spinelli 53.167 16:07.255 | WeatherTech Racing | Mercedes-AMG GT3 GTDPRO,9,17:20:33.766,D. Juncadella,17:21:49.383,M. Engel,1:15.617,9:51.926,20_Pit Stops Time Cards_Race.PDF,7,2
2023,07_Sebring International Raceway,Sebring International Raceway,sebring-international-raceway,2023-03-18,202303181010_Race,79,13 L. Spinelli L. Spinelli 53.167 16:07.255 | WeatherTech Racing | Mercedes-AMG GT3 GTDPRO,10,18:16:13.072,M. Engel,18:17:24.307,M. Engel,1:11.235,11:03.161,20_Pit Stops Time Cards_Race.PDF,7,2
2023,07_Sebring International Raceway,Sebring International Raceway,sebring-international-raceway,2023-03-18,202303181010_Race,79,13 L. Spinelli L. Spinelli 53.167 16:07.255 | WeatherTech Racing | Mercedes-AMG GT3 GTDPRO,11,19:17:20.905,M. Engel,19:18:34.332,J. Gounon,1:13.427,12:16.588,20_Pit Stops Time Cards_Race.PDF,7,2
2023,07_Sebring International Raceway,Sebring International Raceway,sebring-international-raceway,2023-03-18,202303181010_Race,79,13 L. Spinelli L. Spinelli 53.167 16:07.255 | WeatherTech Racing | Mercedes-AMG GT3 GTDPRO,12,20:16:04.565,J. Gounon,20:17:17.890,D. Juncadella,1:13.325,13:29.913,20_Pit Stops Time Cards_Race.PDF,7,2
2023,07_Sebring International Raceway,Sebring International Raceway,sebring-international-raceway,2023-03-18,202303181010_Race,79,13 L. Spinelli L. Spinelli 53.167 16:07.255 | WeatherTech Racing | Mercedes-AMG GT3 GTDPRO,13,21:16:41.777,D. Juncadella,21:17:41.441,D. Juncadella,59.664,14:29.577,20_Pit Stops Time Cards_Race.PDF,7,2
2023,07_Sebring International Raceway,Sebring International Raceway,sebring-international-raceway,2023-03-18,202303181010_Race,80,13 D. Juncadella D. Juncadella 59.664 14:29.577 | AO Racing | Porsche 911 GT3 R (992) GTD,1,11:16:38.807,P. Hyett,11:17:24.292,P. Hyett,45.485,45.485,20_Pit Stops Time Cards_Race.PDF,7,2
2023,07_Sebring International Raceway,Sebring International Raceway,sebring-international-raceway,2023-03-18,202303181010_Race,80,13 D. Juncadella D. Juncadella 59.664 14:29.577 | AO Racing | Porsche 911 GT3 R (992) GTD,2,11:27:50.250,P. Hyett,11:29:05.039,G. Jeannette,1:14.789,2:00.274,20_Pit Stops Time Cards_Race.PDF,7,2
2023,07_Sebring International Raceway,Sebring International Raceway,sebring-international-raceway,2023-03-18,202303181010_Race,80,13 D. Juncadella D. Juncadella 59.664 14:29.577 | AO Racing | Porsche 911 GT3 R (992) GTD,3,11:32:02.765,G. Jeannette,11:32:42.088,G. Jeannette,39.323,2:39.597,20_Pit Stops Time Cards_Race.PDF,7,2
2023,07_Sebring International Raceway,Sebring International Raceway,sebring-international-raceway,2023-03-18,202303181010_Race,80,13 D. Juncadella D. Juncadella 59.664 14:29.577 | AO Racing | Porsche 911 GT3 R (992) GTD,4,12:25:05.343,G. Jeannette,12:26:16.032,P. Hyett,1:10.689,3:50.286,20_Pit Stops Time Cards_Race.PDF,7,2
2023,07_Sebring International Raceway,Sebring International Raceway,sebring-international-raceway,2023-03-18,202303181010_Race,80,13 D. Juncadella D. Juncadella 59.664 14:29.577 | AO Racing | Porsche 911 GT3 R (992) GTD,5,13:27:12.542,P. Hyett,13:40:06.673,S. Priaulx,12:54.131,16:44.417,20_Pit Stops Time Cards_Race.PDF,7,2
2023,07_Sebring International Raceway,Sebring International Raceway,sebring-international-raceway,2023-03-18,202303181010_Race,80,13 D. Juncadella D. Juncadella 59.664 14:29.577 | AO Racing | Porsche 911 GT3 R (992) GTD,6,14:42:19.468,S. Priaulx,14:43:37.573,P. Hyett,1:18.105,18:02.522,20_Pit Stops Time Cards_Race.PDF,7,2
2023,07_Sebring International Raceway,Sebring International Raceway,sebring-international-raceway,2023-03-18,202303181010_Race,80,13 D. Juncadella D. Juncadella 59.664 14:29.577 | AO Racing | Porsche 911 GT3 R (992) GTD,7,15:26:52.723,P. Hyett,15:28:02.770,G. Jeannette,1:10.047,19:12.569,20_Pit Stops Time Cards_Race.PDF,7,2
2023,07_Sebring International Raceway,Sebring International Raceway,sebring-international-raceway,2023-03-18,202303181010_Race,80,13 D. Juncadella D. Juncadella 59.664 14:29.577 | AO Racing | Porsche 911 GT3 R (992) GTD,8,16:33:34.783,G. Jeannette,16:34:54.665,P. Hyett,1:19.882,20:32.451,20_Pit Stops Time Cards_Race.PDF,7,2
2023,07_Sebring International Raceway,Sebring International Raceway,sebring-international-raceway,2023-03-18,202303181010_Race,80,13 D. Juncadella D. Juncadella 59.664 14:29.577 | AO Racing | Porsche 911 GT3 R (992) GTD,9,16:37:56.721,P. Hyett,16:39:08.500,G. Jeannette,1:11.779,21:44.230,20_Pit Stops Time Cards_Race.PDF,7,2
2023,07_Sebring International Raceway,Sebring International Raceway,sebring-international-raceway,2023-03-18,202303181010_Race,80,13 D. Juncadella D. Juncadella 59.664 14:29.577 | AO Racing | Porsche 911 GT3 R (992) GTD,10,17:26:17.625,G. Jeannette,17:27:42.939,S. Priaulx,1:25.314,23:09.544,20_Pit Stops Time Cards_Race.PDF,7,2
2023,07_Sebring International Raceway,Sebring International Raceway,sebring-international-raceway,2023-03-18,202303181010_Race,80,13 D. Juncadella D. Juncadella 59.664 14:29.577 | AO Racing | Porsche 911 GT3 R (992) GTD,11,18:21:50.248,S. Priaulx,18:22:57.572,S. Priaulx,1:07.324,24:16.868,20_Pit Stops Time Cards_Race.PDF,7,2
2023,07_Sebring International Raceway,Sebring International Raceway,sebring-international-raceway,2023-03-18,202303181010_Race,80,13 D. Juncadella D. Juncadella 59.664 14:29.577 | AO Racing | Porsche 911 GT3 R (992) GTD,12,18:45:57.627,S. Priaulx,18:47:47.419,S. Priaulx,1:49.792,26:06.660,20_Pit Stops Time Cards_Race.PDF,7,2
2023,07_Sebring International Raceway,Sebring International Raceway,sebring-international-raceway,2023-03-18,202303181010_Race,80,13 D. Juncadella D. Juncadella 59.664 14:29.577 | AO Racing | Porsche 911 GT3 R (992) GTD,13,18:50:14.205,S. Priaulx,19:12:12.096,G. Jeannette,21:57.891,48:04.551,20_Pit Stops Time Cards_Race.PDF,7,2
2023,07_Sebring International Raceway,Sebring International Raceway,sebring-international-raceway,2023-03-18,202303181010_Race,80,13 D. Juncadella D. Juncadella 59.664 14:29.577 | AO Racing | Porsche 911 GT3 R (992) GTD,14,20:14:31.450,G. Jeannette,20:16:10.637,S. Priaulx,1:39.187,49:43.738,20_Pit Stops Time Cards_Race.PDF,7,2
2023,07_Sebring International Raceway,Sebring International Raceway,sebring-international-raceway,2023-03-18,202303181010_Race,80,13 D. Juncadella D. Juncadella 59.664 14:29.577 | AO Racing | Porsche 911 GT3 R (992) GTD,15,20:49:34.653,S. Priaulx,20:50:34.031,S. Priaulx,59.378,50:43.116,20_Pit Stops Time Cards_Race.PDF,7,2
2023,07_Sebring International Raceway,Sebring International Raceway,sebring-international-raceway,2023-03-18,202303181010_Race,80,13 D. Juncadella D. Juncadella 59.664 14:29.577 | AO Racing | Porsche 911 GT3 R (992) GTD,16,21:12:42.194,S. Priaulx,21:13:27.665,S. Priaulx,45.471,51:28.587,20_Pit Stops Time Cards_Race.PDF,7,2
2023,07_Sebring International Raceway,Sebring International Raceway,sebring-international-raceway,2023-03-18,202303181010_Race,80,13 D. Juncadella D. Juncadella 59.664 14:29.577 | AO Racing | Porsche 911 GT3 R (992) GTD,17,22:06:56.373,S. Priaulx,22:07:29.221,S. Priaulx,32.848,52:01.435,20_Pit Stops Time Cards_Race.PDF,7,2
2023,07_Sebring International Raceway,Sebring International Raceway,sebring-international-raceway,2023-03-18,202303181010_Race,83,17 S. Priaulx S. Priaulx 32.848 52:01.435 | Iron Dames | Lamborghini Huracan GT3 EVO2 GTD,1,11:23:57.200,M. Gatting,11:24:54.172,M. Gatting,56.972,56.972,20_Pit Stops Time Cards_Race.PDF,7,2
2023,07_Sebring International Raceway,Sebring International Raceway,sebring-international-raceway,2023-03-18,202303181010_Race,83,17 S. Priaulx S. Priaulx 32.848 52:01.435 | Iron Dames | Lamborghini Huracan GT3 EVO2 GTD,2,11:28:08.239,M. Gatting,11:29:26.229,S. Bovy,1:17.990,2:14.962,20_Pit Stops Time Cards_Race.PDF,7,2
2023,07_Sebring International Raceway,Sebring International Raceway,sebring-international-raceway,2023-03-18,202303181010_Race,83,17 S. Priaulx S. Priaulx 32.848 52:01.435 | Iron Dames | Lamborghini Huracan GT3 EVO2 GTD,3,11:32:05.327,S. Bovy,11:32:48.609,S. Bovy,43.282,2:58.244,20_Pit Stops Time Cards_Race.PDF,7,2
2023,07_Sebring International Raceway,Sebring International Raceway,sebring-international-raceway,2023-03-18,202303181010_Race,83,17 S. Priaulx S. Priaulx 32.848 52:01.435 | Iron Dames | Lamborghini Huracan GT3 EVO2 GTD,4,12:25:15.837,S. Bovy,12:26:45.004,S. Bovy,1:29.167,4:27.411,20_Pit Stops Time Cards_Race.PDF,7,2
2023,07_Sebring International Raceway,Sebring International Raceway,sebring-international-raceway,2023-03-18,202303181010_Race,83,17 S. Priaulx S. Priaulx 32.848 52:01.435 | Iron Dames | Lamborghini Huracan GT3 EVO2 GTD,5,12:29:30.101,S. Bovy,12:30:16.005,S. Bovy,45.904,5:13.315,20_Pit Stops Time Cards_Race.PDF,7,2
2023,07_Sebring International Raceway,Sebring International Raceway,sebring-international-raceway,2023-03-18,202303181010_Race,83,17 S. Priaulx S. Priaulx 32.848 52:01.435 | Iron Dames | Lamborghini Huracan GT3 EVO2 GTD,6,13:37:16.454,S. Bovy,13:38:37.946,R. Frey,1:21.492,6:34.807,20_Pit Stops Time Cards_Race.PDF,8,1
2023,07_Sebring International Raceway,Sebring International Raceway,sebring-international-raceway,2023-03-18,202303181010_Race,83,17 S. Priaulx S. Priaulx 32.848 52:01.435 | Iron Dames | Lamborghini Huracan GT3 EVO2 GTD,7,14:43:34.648,R. Frey,14:44:55.613,M. Gatting,1:20.965,7:55.772,20_Pit Stops Time Cards_Race.PDF,8,1
2023,07_Sebring International Raceway,Sebring International Raceway,sebring-international-raceway,2023-03-18,202303181010_Race,83,17 S. Priaulx S. Priaulx 32.848 52:01.435 | Iron Dames | Lamborghini Huracan GT3 EVO2 GTD,8,15:14:21.281,M. Gatting,15:15:22.821,M. Gatting,1:01.540,8:57.312,20_Pit Stops Time Cards_Race.PDF,8,1
2023,07_Sebring International Raceway,Sebring International Raceway,sebring-international-raceway,2023-03-18,202303181010_Race,83,17 S. Priaulx S. Priaulx 32.848 52:01.435 | Iron Dames | Lamborghini Huracan GT3 EVO2 GTD,9,15:17:30.940,M. Gatting,15:18:11.365,M. Gatting,40.425,9:37.737,20_Pit Stops Time Cards_Race.PDF,8,1
2023,07_Sebring International Raceway,Sebring International Raceway,sebring-international-raceway,2023-03-18,202303181010_Race,83,17 S. Priaulx S. Priaulx 32.848 52:01.435 | Iron Dames | Lamborghini Huracan GT3 EVO2 GTD,10,15:20:20.954,M. Gatting,15:21:01.495,M. Gatting,40.541,10:18.278,20_Pit Stops Time Cards_Race.PDF,8,1
2023,07_Sebring International Raceway,Sebring International Raceway,sebring-international-raceway,2023-03-18,202303181010_Race,83,17 S. Priaulx S. Priaulx 32.848 52:01.435 | Iron Dames | Lamborghini Huracan GT3 EVO2 GTD,11,15:24:08.179,M. Gatting,15:24:47.497,M. Gatting,39.318,10:57.596,20_Pit Stops Time Cards_Race.PDF,8,1
2023,07_Sebring International Raceway,Sebring International Raceway,sebring-international-raceway,2023-03-18,202303181010_Race,83,17 S. Priaulx S. Priaulx 32.848 52:01.435 | Iron Dames | Lamborghini Huracan GT3 EVO2 GTD,12,16:33:31.502,M. Gatting,16:34:51.562,S. Bovy,1:20.060,12:17.656,20_Pit Stops Time Cards_Race.PDF,8,1
2023,07_Sebring International Raceway,Sebring International Raceway,sebring-international-raceway,2023-03-18,202303181010_Race,83,17 S. Priaulx S. Priaulx 32.848 52:01.435 | Iron Dames | Lamborghini Huracan GT3 EVO2 GTD,13,17:20:51.337,S. Bovy,17:22:13.937,S. Bovy,1:22.600,13:40.256,20_Pit Stops Time Cards_Race.PDF,8,1
2023,07_Sebring International Raceway,Sebring International Raceway,sebring-international-raceway,2023-03-18,202303181010_Race,83,17 S. Priaulx S. Priaulx 32.848 52:01.435 | Iron Dames | Lamborghini Huracan GT3 EVO2 GTD,14,17:25:06.220,S. Bovy,17:25:48.068,S. Bovy,41.848,14:22.104,20_Pit Stops Time Cards_Race.PDF,8,1
2023,07_Sebring International Raceway,Sebring International Raceway,sebring-international-raceway,2023-03-18,202303181010_Race,83,17 S. Priaulx S. Priaulx 32.848 52:01.435 | Iron Dames | Lamborghini Huracan GT3 EVO2 GTD,15,17:28:34.648,S. Bovy,17:29:14.542,S. Bovy,39.894,15:01.998,20_Pit Stops Time Cards_Race.PDF,8,1
2023,07_Sebring International Raceway,Sebring International Raceway,sebring-international-raceway,2023-03-18,202303181010_Race,83,17 S. Priaulx S. Priaulx 32.848 52:01.435 | Iron Dames | Lamborghini Huracan GT3 EVO2 GTD,16,18:16:25.058,S. Bovy,18:17:35.472,R. Frey,1:10.414,16:12.412,20_Pit Stops Time Cards_Race.PDF,8,1
2023,07_Sebring International Raceway,Sebring International Raceway,sebring-international-raceway,2023-03-18,202303181010_Race,83,17 S. Priaulx S. Priaulx 32.848 52:01.435 | Iron Dames | Lamborghini Huracan GT3 EVO2 GTD,17,18:20:42.206,R. Frey,18:23:01.323,R. Frey,2:19.117,18:31.529,20_Pit Stops Time Cards_Race.PDF,8,1
2023,07_Sebring International Raceway,Sebring International Raceway,sebring-international-raceway,2023-03-18,202303181010_Race,83,17 S. Priaulx S. Priaulx 32.848 52:01.435 | Iron Dames | Lamborghini Huracan GT3 EVO2 GTD,18,19:25:25.784,R. Frey,19:26:43.491,M. Gatting,1:17.707,19:49.236,20_Pit Stops Time Cards_Race.PDF,8,1
2023,07_Sebring International Raceway,Sebring International Raceway,sebring-international-raceway,2023-03-18,202303181010_Race,83,17 S. Priaulx S. Priaulx 32.848 52:01.435 | Iron Dames | Lamborghini Huracan GT3 EVO2 GTD,19,20:29:34.702,M. Gatting,20:30:53.617,R. Frey,1:18.915,21:08.151,20_Pit Stops Time Cards_Race.PDF,8,1
2023,07_Sebring International Raceway,Sebring International Raceway,sebring-international-raceway,2023-03-18,202303181010_Race,83,17 S. Priaulx S. Priaulx 32.848 52:01.435 | Iron Dames | Lamborghini Huracan GT3 EVO2 GTD,20,21:16:57.127,R. Frey,21:17:57.454,R. Frey,1:00.327,22:08.478,20_Pit Stops Time Cards_Race.PDF,8,1
2023,07_Sebring International Raceway,Sebring International Raceway,sebring-international-raceway,2023-03-18,202303181010_Race,85,20 R. Frey R. Frey 1:00.327 22:08.478 | JDC Miller MotorSports | Duqueine D08 LMP3,1,11:09:23.983,D. Goldburg,11:10:44.976,D. Goldburg,1:20.993,1:20.993,20_Pit Stops Time Cards_Race.PDF,8,1
2023,07_Sebring International Raceway,Sebring International Raceway,sebring-international-raceway,2023-03-18,202303181010_Race,85,20 R. Frey R. Frey 1:00.327 22:08.478 | JDC Miller MotorSports | Duqueine D08 LMP3,2,12:21:09.440,D. Goldburg,12:22:25.992,T. Bechtolsheimer,1:16.552,2:37.545,20_Pit Stops Time Cards_Race.PDF,8,1
2023,07_Sebring International Raceway,Sebring International Raceway,sebring-international-raceway,2023-03-18,202303181010_Race,85,20 R. Frey R. Frey 1:00.327 22:08.478 | JDC Miller MotorSports | Duqueine D08 LMP3,3,13:12:36.676,T. Bechtolsheimer,13:13:52.034,T. Bechtolsheimer,1:15.358,3:52.903,20_Pit Stops Time Cards_Race.PDF,8,1
2023,07_Sebring International Raceway,Sebring International Raceway,sebring-international-raceway,2023-03-18,202303181010_Race,85,20 R. Frey R. Frey 1:00.327 22:08.478 | JDC Miller MotorSports | Duqueine D08 LMP3,4,14:10:46.886,T. Bechtolsheimer,14:12:09.248,T. van der Helm,1:22.362,5:15.265,20_Pit Stops Time Cards_Race.PDF,8,1
2023,07_Sebring International Raceway,Sebring International Raceway,sebring-international-raceway,2023-03-18,202303181010_Race,85,20 R. Frey R. Frey 1:00.327 22:08.478 | JDC Miller MotorSports | Duqueine D08 LMP3,5,15:06:53.272,T. van der Helm,15:08:20.046,T. van der Helm,1:26.774,6:42.039,20_Pit Stops Time Cards_Race.PDF,8,1
2023,07_Sebring International Raceway,Sebring International Raceway,sebring-international-raceway,2023-03-18,202303181010_Race,85,20 R. Frey R. Frey 1:00.327 22:08.478 | JDC Miller MotorSports | Duqueine D08 LMP3,6,16:14:53.816,T. van der Helm,16:16:11.897,D. Goldburg,1:18.081,8:00.120,20_Pit Stops Time Cards_Race.PDF,8,1
2023,07_Sebring International Raceway,Sebring International Raceway,sebring-international-raceway,2023-03-18,202303181010_Race,85,20 R. Frey R. Frey 1:00.327 22:08.478 | JDC Miller MotorSports | Duqueine D08 LMP3,7,17:17:41.606,D. Goldburg,17:18:55.112,T. Bechtolsheimer,1:13.506,9:13.626,20_Pit Stops Time Cards_Race.PDF,8,1
2023,07_Sebring International Raceway,Sebring International Raceway,sebring-international-raceway,2023-03-18,202303181010_Race,85,20 R. Frey R. Frey 1:00.327 22:08.478 | JDC Miller MotorSports | Duqueine D08 LMP3,8,18:13:16.409,T. Bechtolsheimer,18:14:26.673,T. Bechtolsheimer,1:10.264,10:23.890,20_Pit Stops Time Cards_Race.PDF,8,1
2023,07_Sebring International Raceway,Sebring International Raceway,sebring-international-raceway,2023-03-18,202303181010_Race,85,20 R. Frey R. Frey 1:00.327 22:08.478 | JDC Miller MotorSports | Duqueine D08 LMP3,9,19:16:29.646,T. Bechtolsheimer,19:17:49.067,D. Goldburg,1:19.421,11:43.311,20_Pit Stops Time Cards_Race.PDF,8,1
2023,07_Sebring International Raceway,Sebring International Raceway,sebring-international-raceway,2023-03-18,202303181010_Race,85,20 R. Frey R. Frey 1:00.327 22:08.478 | JDC Miller MotorSports | Duqueine D08 LMP3,10,20:06:15.558,D. Goldburg,20:11:32.256,T. van der Helm,5:16.698,17:00.009,20_Pit Stops Time Cards_Race.PDF,8,1
2023,07_Sebring International Raceway,Sebring International Raceway,sebring-international-raceway,2023-03-18,202303181010_Race,85,20 R. Frey R. Frey 1:00.327 22:08.478 | JDC Miller MotorSports | Duqueine D08 LMP3,11,20:51:05.204,T. van der Helm,20:52:07.908,T. van der Helm,1:02.704,18:02.713,20_Pit Stops Time Cards_Race.PDF,8,1
2023,07_Sebring International Raceway,Sebring International Raceway,sebring-international-raceway,2023-03-18,202303181010_Race,85,20 R. Frey R. Frey 1:00.327 22:08.478 | JDC Miller MotorSports | Duqueine D08 LMP3,12,21:16:30.887,T. van der Helm,21:17:20.209,T. van der Helm,49.322,18:52.035,20_Pit Stops Time Cards_Race.PDF,8,1
2023,07_Sebring International Raceway,Sebring International Raceway,sebring-international-raceway,2023-03-18,202303181010_Race,91,12 T. van der Helm T. van der Helm 49.322 18:52.035 | Kellymoss with Riley | Porsche 911 GT3 R (992) GTD,1,11:11:37.589,A. Metni,11:12:53.345,A. Metni,1:15.756,1:15.756,20_Pit Stops Time Cards_Race.PDF,8,1
2023,07_Sebring International Raceway,Sebring International Raceway,sebring-international-raceway,2023-03-18,202303181010_Race,91,12 T. van der Helm T. van der Helm 49.322 18:52.035 | Kellymoss with Riley | Porsche 911 GT3 R (992) GTD,2,11:27:56.242,A. Metni,11:28:43.183,A. Metni,46.941,2:02.697,20_Pit Stops Time Cards_Race.PDF,8,1
2023,07_Sebring International Raceway,Sebring International Raceway,sebring-international-raceway,2023-03-18,202303181010_Race,91,12 T. van der Helm T. van der Helm 49.322 18:52.035 | Kellymoss with Riley | Porsche 911 GT3 R (992) GTD,3,12:25:09.736,A. Metni,12:26:17.218,K. van Berlo,1:07.482,3:10.179,20_Pit Stops Time Cards_Race.PDF,8,1
2023,07_Sebring International Raceway,Sebring International Raceway,sebring-international-raceway,2023-03-18,202303181010_Race,91,12 T. van der Helm T. van der Helm 49.322 18:52.035 | Kellymoss with Riley | Porsche 911 GT3 R (992) GTD,4,13:34:06.062,K. van Berlo,13:35:26.360,J. Evans,1:20.298,4:30.477,20_Pit Stops Time Cards_Race.PDF,8,1
2023,07_Sebring International Raceway,Sebring International Raceway,sebring-international-raceway,2023-03-18,202303181010_Race,91,12 T. van der Helm T. van der Helm 49.322 18:52.035 | Kellymoss with Riley | Porsche 911 GT3 R (992) GTD,5,14:39:31.155,J. Evans,14:41:04.784,A. Metni,1:33.629,6:04.106,20_Pit Stops Time Cards_Race.PDF,8,1
2023,07_Sebring International Raceway,Sebring International Raceway,sebring-international-raceway,2023-03-18,202303181010_Race,91,12 T. van der Helm T. van der Helm 49.322 18:52.035 | Kellymoss with Riley | Porsche 911 GT3 R (992) GTD,6,15:31:15.384,A. Metni,15:35:58.043,A. Metni,4:42.659,10:46.765,20_Pit Stops Time Cards_Race.PDF,8,1
2023,07_Sebring International Raceway,Sebring International Raceway,sebring-international-raceway,2023-03-18,202303181010_Race,91,12 T. van der Helm T. van der Helm 49.322 18:52.035 | Kellymoss with Riley | Porsche 911 GT3 R (992) GTD,7,15:40:18.469,A. Metni,15:41:27.311,K. van Berlo,1:08.842,11:55.607,20_Pit Stops Time Cards_Race.PDF,8,1
2023,07_Sebring International Raceway,Sebring International Raceway,sebring-international-raceway,2023-03-18,202303181010_Race,91,12 T. van der Helm T. van der Helm 49.322 18:52.035 | Kellymoss with Riley | Porsche 911 GT3 R (992) GTD,8,16:33:49.006,K. van Berlo,16:34:57.744,K. van Berlo,1:08.738,13:04.345,20_Pit Stops Time Cards_Race.PDF,8,1
2023,07_Sebring International Raceway,Sebring International Raceway,sebring-international-raceway,2023-03-18,202303181010_Race,91,12 T. van der Helm T. van der Helm 49.322 18:52.035 | Kellymoss with Riley | Porsche 911 GT3 R (992) GTD,9,16:41:35.977,K. van Berlo,16:42:30.876,K. van Berlo,54.899,13:59.244,20_Pit Stops Time Cards_Race.PDF,8,1
2023,07_Sebring International Raceway,Sebring International Raceway,sebring-international-raceway,2023-03-18,202303181010_Race,91,12 T. van der Helm T. van der Helm 49.322 18:52.035 | Kellymoss with Riley | Porsche 911 GT3 R (992) GTD,10,17:26:22.414,K. van Berlo,17:27:28.031,J. Evans,1:05.617,15:04.861,20_Pit Stops Time Cards_Race.PDF,8,1
2023,07_Sebring International Raceway,Sebring International Raceway,sebring-international-raceway,2023-03-18,202303181010_Race,91,12 T. van der Helm T. van der Helm 49.322 18:52.035 | Kellymoss with Riley | Porsche 911 GT3 R (992) GTD,11,18:16:19.816,J. Evans,18:18:53.270,J. Evans,2:33.454,17:38.315,20_Pit Stops Time Cards_Race.PDF,8,1
2023,07_Sebring International Raceway,Sebring International Raceway,sebring-international-raceway,2023-03-18,202303181010_Race,91,12 T. van der Helm T. van der Helm 49.322 18:52.035 | Kellymoss with Riley | Porsche 911 GT3 R (992) GTD,12,19:24:00.397,J. Evans,19:25:17.569,J. Evans,1:17.172,18:55.487,20_Pit Stops Time Cards_Race.PDF,8,1
2023,07_Sebring International Raceway,Sebring International Raceway,sebring-international-raceway,2023-03-18,202303181010_Race,91,12 T. van der Helm T. van der Helm 49.322 18:52.035 | Kellymoss with Riley | Porsche 911 GT3 R (992) GTD,13,20:12:55.290,J. Evans,20:14:04.955,K. van Berlo,1:09.665,20:05.152,20_Pit Stops Time Cards_Race.PDF,8,1
2023,07_Sebring International Raceway,Sebring International Raceway,sebring-international-raceway,2023-03-18,202303181010_Race,91,12 T. van der Helm T. van der Helm 49.322 18:52.035 | Kellymoss with Riley | Porsche 911 GT3 R (992) GTD,14,21:12:35.079,K. van Berlo,21:13:40.323,K. van Berlo,1:05.244,21:10.396,20_Pit Stops Time Cards_Race.PDF,8,1
2023,07_Sebring International Raceway,Sebring International Raceway,sebring-international-raceway,2023-03-18,202303181010_Race,92,14 K. van Berlo K. van Berlo 1:05.244 21:10.396 | Kellymoss with Riley | Porsche 911 GT3 R (992) GTD,1,10:23:40.593,D. Brule,10:24:13.535,D. Brule,32.942,32.942,20_Pit Stops Time Cards_Race.PDF,8,1
2023,07_Sebring International Raceway,Sebring International Raceway,sebring-international-raceway,2023-03-18,202303181010_Race,92,14 K. van Berlo K. van Berlo 1:05.244 21:10.396 | Kellymoss with Riley | Porsche 911 GT3 R (992) GTD,2,11:28:07.461,D. Brule,11:29:36.475,J. Andlauer,1:29.014,2:01.956,20_Pit Stops Time Cards_Race.PDF,8,1
2023,07_Sebring International Raceway,Sebring International Raceway,sebring-international-raceway,2023-03-18,202303181010_Race,92,14 K. van Berlo K. van Berlo 1:05.244 21:10.396 | Kellymoss with Riley | Porsche 911 GT3 R (992) GTD,3,11:32:06.470,J. Andlauer,11:33:09.429,J. Andlauer,1:02.959,3:04.915,20_Pit Stops Time Cards_Race.PDF,8,1
2023,07_Sebring International Raceway,Sebring International Raceway,sebring-international-raceway,2023-03-18,202303181010_Race,92,14 K. van Berlo K. van Berlo 1:05.244 21:10.396 | Kellymoss with Riley | Porsche 911 GT3 R (992) GTD,4,11:35:37.856,J. Andlauer,11:36:20.766,J. Andlauer,42.910,3:47.825,20_Pit Stops Time Cards_Race.PDF,8,1
2023,07_Sebring International Raceway,Sebring International Raceway,sebring-international-raceway,2023-03-18,202303181010_Race,92,14 K. van Berlo K. van Berlo 1:05.244 21:10.396 | Kellymoss with Riley | Porsche 911 GT3 R (992) GTD,5,12:25:05.947,J. Andlauer,12:26:49.632,D. Brule,1:43.685,5:31.510,20_Pit Stops Time Cards_Race.PDF,8,1
2023,07_Sebring International Raceway,Sebring International Raceway,sebring-international-raceway,2023-03-18,202303181010_Race,92,14 K. van Berlo K. van Berlo 1:05.244 21:10.396 | Kellymoss with Riley | Porsche 911 GT3 R (992) GTD,6,12:29:36.866,D. Brule,12:30:30.657,D. Brule,53.791,6:25.301,20_Pit Stops Time Cards_Race.PDF,8,1
2023,07_Sebring International Raceway,Sebring International Raceway,sebring-international-raceway,2023-03-18,202303181010_Race,92,14 K. van Berlo K. van Berlo 1:05.244 21:10.396 | Kellymoss with Riley | Porsche 911 GT3 R (992) GTD,7,13:38:07.746,D. Brule,13:39:25.046,A. Udell,1:17.300,7:42.601,20_Pit Stops Time Cards_Race.PDF,8,2
2023,07_Sebring International Raceway,Sebring International Raceway,sebring-international-raceway,2023-03-18,202303181010_Race,92,14 K. van Berlo K. van Berlo 1:05.244 21:10.396 | Kellymoss with Riley | Porsche 911 GT3 R (992) GTD,8,14:43:49.549,A. Udell,14:45:07.664,D. Brule,1:18.115,9:00.716,20_Pit Stops Time Cards_Race.PDF,8,2
2023,07_Sebring International Raceway,Sebring International Raceway,sebring-international-raceway,2023-03-18,202303181010_Race,92,14 K. van Berlo K. van Berlo 1:05.244 21:10.396 | Kellymoss with Riley | Porsche 911 GT3 R (992) GTD,9,15:19:48.411,D. Brule,15:21:22.149,J. Andlauer,1:33.738,10:34.454,20_Pit Stops Time Cards_Race.PDF,8,2
2023,07_Sebring International Raceway,Sebring International Raceway,sebring-international-raceway,2023-03-18,202303181010_Race,92,14 K. van Berlo K. van Berlo 1:05.244 21:10.396 | Kellymoss with Riley | Porsche 911 GT3 R (992) GTD,10,15:24:08.740,J. Andlauer,15:24:51.901,J. Andlauer,43.161,11:17.615,20_Pit Stops Time Cards_Race.PDF,8,2
2023,07_Sebring International Raceway,Sebring International Raceway,sebring-international-raceway,2023-03-18,202303181010_Race,92,14 K. van Berlo K. van Berlo 1:05.244 21:10.396 | Kellymoss with Riley | Porsche 911 GT3 R (992) GTD,11,16:34:09.202,J. Andlauer,16:35:35.144,J. Andlauer,1:25.942,12:43.557,20_Pit Stops Time Cards_Race.PDF,8,2
2023,07_Sebring International Raceway,Sebring International Raceway,sebring-international-raceway,2023-03-18,202303181010_Race,92,14 K. van Berlo K. van Berlo 1:05.244 21:10.396 | Kellymoss with Riley | Porsche 911 GT3 R (992) GTD,12,16:38:06.993,J. Andlauer,16:39:05.828,J. Andlauer,58.835,13:42.392,20_Pit Stops Time Cards_Race.PDF,8,2
2023,07_Sebring International Raceway,Sebring International Raceway,sebring-international-raceway,2023-03-18,202303181010_Race,92,14 K. van Berlo K. van Berlo 1:05.244 21:10.396 | Kellymoss with Riley | Porsche 911 GT3 R (992) GTD,13,16:41:43.062,J. Andlauer,16:42:25.392,J. Andlauer,42.330,14:24.722,20_Pit Stops Time Cards_Race.PDF,8,2
2023,07_Sebring International Raceway,Sebring International Raceway,sebring-international-raceway,2023-03-18,202303181010_Race,92,14 K. van Berlo K. van Berlo 1:05.244 21:10.396 | Kellymoss with Riley | Porsche 911 GT3 R (992) GTD,14,17:20:37.129,J. Andlauer,17:22:15.376,A. Udell,1:38.247,16:02.969,20_Pit Stops Time Cards_Race.PDF,8,2
2023,07_Sebring International Raceway,Sebring International Raceway,sebring-international-raceway,2023-03-18,202303181010_Race,92,14 K. van Berlo K. van Berlo 1:05.244 21:10.396 | Kellymoss with Riley | Porsche 911 GT3 R (992) GTD,15,17:25:07.094,A. Udell,17:25:50.332,A. Udell,43.238,16:46.207,20_Pit Stops Time Cards_Race.PDF,8,2
2023,07_Sebring International Raceway,Sebring International Raceway,sebring-international-raceway,2023-03-18,202303181010_Race,92,14 K. van Berlo K. van Berlo 1:05.244 21:10.396 | Kellymoss with Riley | Porsche 911 GT3 R (992) GTD,16,17:28:35.776,A. Udell,17:29:24.561,A. Udell,48.785,17:34.992,20_Pit Stops Time Cards_Race.PDF,8,2
2023,07_Sebring International Raceway,Sebring International Raceway,sebring-international-raceway,2023-03-18,202303181010_Race,92,14 K. van Berlo K. van Berlo 1:05.244 21:10.396 | Kellymoss with Riley | Porsche 911 GT3 R (992) GTD,17,18:16:20.576,A. Udell,18:17:26.019,A. Udell,1:05.443,18:40.435,20_Pit Stops Time Cards_Race.PDF,8,2
2023,07_Sebring International Raceway,Sebring International Raceway,sebring-international-raceway,2023-03-18,202303181010_Race,92,14 K. van Berlo K. van Berlo 1:05.244 21:10.396 | Kellymoss with Riley | Porsche 911 GT3 R (992) GTD,18,19:26:02.693,A. Udell,19:27:18.736,A. Udell,1:16.043,19:56.478,20_Pit Stops Time Cards_Race.PDF,8,2
2023,07_Sebring International Raceway,Sebring International Raceway,sebring-international-raceway,2023-03-18,202303181010_Race,92,14 K. van Berlo K. van Berlo 1:05.244 21:10.396 | Kellymoss with Riley | Porsche 911 GT3 R (992) GTD,19,20:12:59.633,A. Udell,20:14:16.722,J. Andlauer,1:17.089,21:13.567,20_Pit Stops Time Cards_Race.PDF,8,2
2023,07_Sebring International Raceway,Sebring International Raceway,sebring-international-raceway,2023-03-18,202303181010_Race,92,14 K. van Berlo K. van Berlo 1:05.244 21:10.396 | Kellymoss with Riley | Porsche 911 GT3 R (992) GTD,20,20:45:54.999,J. Andlauer,20:46:59.204,J. Andlauer,1:04.205,22:17.772,20_Pit Stops Time Cards_Race.PDF,8,2
2023,07_Sebring International Raceway,Sebring International Raceway,sebring-international-raceway,2023-03-18,202303181010_Race,92,14 K. van Berlo K. van Berlo 1:05.244 21:10.396 | Kellymoss with Riley | Porsche 911 GT3 R (992) GTD,21,20:50:08.659,J. Andlauer,20:51:06.206,J. Andlauer,57.547,23:15.319,20_Pit Stops Time Cards_Race.PDF,8,2
2023,07_Sebring International Raceway,Sebring International Raceway,sebring-international-raceway,2023-03-18,202303181010_Race,93,21 J. Andlauer J. Andlauer 57.547 23:15.319 | Racers Edge Motorsports with WTR | Acura NSX GT3 GTD,1,11:27:24.665,K. Marcelli,11:28:42.202,A. Harrison,1:17.537,1:17.537,20_Pit Stops Time Cards_Race.PDF,8,2
2023,07_Sebring International Raceway,Sebring International Raceway,sebring-international-raceway,2023-03-18,202303181010_Race,93,21 J. Andlauer J. Andlauer 57.547 23:15.319 | Racers Edge Motorsports with WTR | Acura NSX GT3 GTD,2,12:25:02.693,A. Harrison,12:26:12.622,D. Formal,1:09.929,2:27.466,20_Pit Stops Time Cards_Race.PDF,8,2
2023,07_Sebring International Raceway,Sebring International Raceway,sebring-international-raceway,2023-03-18,202303181010_Race,93,21 J. Andlauer J. Andlauer 57.547 23:15.319 | Racers Edge Motorsports with WTR | Acura NSX GT3 GTD,3,13:34:13.739,D. Formal,13:35:33.040,A. Harrison,1:19.301,3:46.767,20_Pit Stops Time Cards_Race.PDF,8,2
2023,07_Sebring International Raceway,Sebring International Raceway,sebring-international-raceway,2023-03-18,202303181010_Race,93,21 J. Andlauer J. Andlauer 57.547 23:15.319 | Racers Edge Motorsports with WTR | Acura NSX GT3 GTD,4,14:40:21.505,A. Harrison,14:41:39.518,D. Formal,1:18.013,5:04.780,20_Pit Stops Time Cards_Race.PDF,8,2
2023,07_Sebring International Raceway,Sebring International Raceway,sebring-international-raceway,2023-03-18,202303181010_Race,93,21 J. Andlauer J. Andlauer 57.547 23:15.319 | Racers Edge Motorsports with WTR | Acura NSX GT3 GTD,5,15:09:05.937,D. Formal,15:09:57.132,D. Formal,51.195,5:55.975,20_Pit Stops Time Cards_Race.PDF,8,2
2023,07_Sebring International Raceway,Sebring International Raceway,sebring-international-raceway,2023-03-18,202303181010_Race,93,21 J. Andlauer J. Andlauer 57.547 23:15.319 | Racers Edge Motorsports with WTR | Acura NSX GT3 GTD,6,16:23:06.345,D. Formal,16:24:23.341,K. Marcelli,1:16.996,7:12.971,20_Pit Stops Time Cards_Race.PDF,8,2
2023,07_Sebring International Raceway,Sebring International Raceway,sebring-international-raceway,2023-03-18,202303181010_Race,93,21 J. Andlauer J. Andlauer 57.547 23:15.319 | Racers Edge Motorsports with WTR | Acura NSX GT3 GTD,7,17:20:34.892,K. Marcelli,17:22:01.500,A. Harrison,1:26.608,8:39.579,20_Pit Stops Time Cards_Race.PDF,8,2
2023,07_Sebring International Raceway,Sebring International Raceway,sebring-international-raceway,2023-03-18,202303181010_Race,95,7 K. Marcelli A. Harrison 1:26.608 8:39.579 | Turner Motorsport | BMW M4 GT3 GTDPRO,1,11:06:58.431,B. Auberlen,11:08:12.603,C. Hull,1:14.172,1:14.172,20_Pit Stops Time Cards_Race.PDF,8,2
2023,07_Sebring International Raceway,Sebring International Raceway,sebring-international-raceway,2023-03-18,202303181010_Race,95,7 K. Marcelli A. Harrison 1:26.608 8:39.579 | Turner Motorsport | BMW M4 GT3 GTDPRO,2,12:25:07.382,C. Hull,12:26:57.826,J. Edwards,1:50.444,3:04.616,20_Pit Stops Time Cards_Race.PDF,8,2
2023,07_Sebring International Raceway,Sebring International Raceway,sebring-international-raceway,2023-03-18,202303181010_Race,95,7 K. Marcelli A. Harrison 1:26.608 8:39.579 | Turner Motorsport | BMW M4 GT3 GTDPRO,3,13:13:43.119,J. Edwards,13:15:14.271,J. Edwards,1:31.152,4:35.768,20_Pit Stops Time Cards_Race.PDF,8,2
2023,07_Sebring International Raceway,Sebring International Raceway,sebring-international-raceway,2023-03-18,202303181010_Race,95,7 K. Marcelli A. Harrison 1:26.608 8:39.579 | Turner Motorsport | BMW M4 GT3 GTDPRO,4,14:13:09.294,J. Edwards,14:14:27.721,B. Auberlen,1:18.427,5:54.195,20_Pit Stops Time Cards_Race.PDF,8,2
2023,07_Sebring International Raceway,Sebring International Raceway,sebring-international-raceway,2023-03-18,202303181010_Race,95,7 K. Marcelli A. Harrison 1:26.608 8:39.579 | Turner Motorsport | BMW M4 GT3 GTDPRO,5,15:09:35.443,B. Auberlen,15:10:46.859,C. Hull,1:11.416,7:05.611,20_Pit Stops Time Cards_Race.PDF,8,2
2023,07_Sebring International Raceway,Sebring International Raceway,sebring-international-raceway,2023-03-18,202303181010_Race,95,7 K. Marcelli A. Harrison 1:26.608 8:39.579 | Turner Motorsport | BMW M4 GT3 GTDPRO,6,16:17:04.278,C. Hull,16:18:17.628,J. Edwards,1:13.350,8:18.961,20_Pit Stops Time Cards_Race.PDF,8,2
2023,07_Sebring International Raceway,Sebring International Raceway,sebring-international-raceway,2023-03-18,202303181010_Race,95,7 K. Marcelli A. Harrison 1:26.608 8:39.579 | Turner Motorsport | BMW M4 GT3 GTDPRO,7,17:20:34.173,J. Edwards,17:21:59.169,B. Auberlen,1:24.996,9:43.957,20_Pit Stops Time Cards_Race.PDF,8,2
2023,07_Sebring International Raceway,Sebring International Raceway,sebring-international-raceway,2023-03-18,202303181010_Race,95,7 K. Marcelli A. Harrison 1:26.608 8:39.579 | Turner Motorsport | BMW M4 GT3 GTDPRO,8,18:16:15.119,B. Auberlen,18:17:29.569,J. Edwards,1:14.450,10:58.407,20_Pit Stops Time Cards_Race.PDF,8,2
2023,07_Sebring International Raceway,Sebring International Raceway,sebring-international-raceway,2023-03-18,202303181010_Race,95,7 K. Marcelli A. Harrison 1:26.608 8:39.579 | Turner Motorsport | BMW M4 GT3 GTDPRO,9,19:20:00.262,J. Edwards,19:21:15.781,J. Edwards,1:15.519,12:13.926,20_Pit Stops Time Cards_Race.PDF,8,2
2023,07_Sebring International Raceway,Sebring International Raceway,sebring-international-raceway,2023-03-18,202303181010_Race,95,7 K. Marcelli A. Harrison 1:26.608 8:39.579 | Turner Motorsport | BMW M4 GT3 GTDPRO,10,20:13:14.247,J. Edwards,20:14:26.598,B. Auberlen,1:12.351,13:26.277,20_Pit Stops Time Cards_Race.PDF,8,2
2023,07_Sebring International Raceway,Sebring International Raceway,sebring-international-raceway,2023-03-18,202303181010_Race,95,7 K. Marcelli A. Harrison 1:26.608 8:39.579 | Turner Motorsport | BMW M4 GT3 GTDPRO,11,20:29:02.697,B. Auberlen,20:29:57.074,B. Auberlen,54.377,14:20.654,20_Pit Stops Time Cards_Race.PDF,8,2
2023,07_Sebring International Raceway,Sebring International Raceway,sebring-international-raceway,2023-03-18,202303181010_Race,95,7 K. Marcelli A. Harrison 1:26.608 8:39.579 | Turner Motorsport | BMW M4 GT3 GTDPRO,12,22:06:52.756,B. Auberlen,22:07:25.597,B. Auberlen,32.841,14:53.495,20_Pit Stops Time Cards_Race.PDF,8,2
2023,07_Sebring International Raceway,Sebring International Raceway,sebring-international-raceway,2023-03-18,202303181010_Race,96,12 B. Auberlen B. Auberlen 32.841 14:53.495 | Turner Motorsport | BMW M4 GT3 GTD,1,11:11:07.350,P. Gallagher,11:12:22.726,M. Dinan,1:15.376,1:15.376,20_Pit Stops Time Cards_Race.PDF,8,2
2023,07_Sebring International Raceway,Sebring International Raceway,sebring-international-raceway,2023-03-18,202303181010_Race,96,12 B. Auberlen B. Auberlen 32.841 14:53.495 | Turner Motorsport | BMW M4 GT3 GTD,2,12:24:59.479,M. Dinan,12:26:13.957,M. Dinan,1:14.478,2:29.854,20_Pit Stops Time Cards_Race.PDF,8,2
2023,07_Sebring International Raceway,Sebring International Raceway,sebring-international-raceway,2023-03-18,202303181010_Race,96,12 B. Auberlen B. Auberlen 32.841 14:53.495 | Turner Motorsport | BMW M4 GT3 GTD,3,13:13:31.214,M. Dinan,13:14:45.091,R. Foley,1:13.877,3:43.731,20_Pit Stops Time Cards_Race.PDF,8,2
2023,07_Sebring International Raceway,Sebring International Raceway,sebring-international-raceway,2023-03-18,202303181010_Race,96,12 B. Auberlen B. Auberlen 32.841 14:53.495 | Turner Motorsport | BMW M4 GT3 GTD,4,14:16:41.157,R. Foley,14:17:59.699,R. Foley,1:18.542,5:02.273,20_Pit Stops Time Cards_Race.PDF,8,2
2023,07_Sebring International Raceway,Sebring International Raceway,sebring-international-raceway,2023-03-18,202303181010_Race,96,12 B. Auberlen B. Auberlen 32.841 14:53.495 | Turner Motorsport | BMW M4 GT3 GTD,5,15:08:52.538,R. Foley,15:10:05.005,P. Gallagher,1:12.467,6:14.740,20_Pit Stops Time Cards_Race.PDF,8,2
2023,07_Sebring International Raceway,Sebring International Raceway,sebring-international-raceway,2023-03-18,202303181010_Race,96,12 B. Auberlen B. Auberlen 32.841 14:53.495 | Turner Motorsport | BMW M4 GT3 GTD,6,16:18:52.613,P. Gallagher,16:20:07.890,M. Dinan,1:15.277,7:30.017,20_Pit Stops Time Cards_Race.PDF,8,2
2023,07_Sebring International Raceway,Sebring International Raceway,sebring-international-raceway,2023-03-18,202303181010_Race,96,12 B. Auberlen B. Auberlen 32.841 14:53.495 | Turner Motorsport | BMW M4 GT3 GTD,7,16:33:42.186,M. Dinan,16:36:09.731,M. Dinan,2:27.545,9:57.562,20_Pit Stops Time Cards_Race.PDF,8,2
2023,07_Sebring International Raceway,Sebring International Raceway,sebring-international-raceway,2023-03-18,202303181010_Race,96,12 B. Auberlen B. Auberlen 32.841 14:53.495 | Turner Motorsport | BMW M4 GT3 GTD,8,17:24:09.132,M. Dinan,17:25:24.308,R. Foley,1:15.176,11:12.738,20_Pit Stops Time Cards_Race.PDF,8,2
2023,07_Sebring International Raceway,Sebring International Raceway,sebring-international-raceway,2023-03-18,202303181010_Race,96,12 B. Auberlen B. Auberlen 32.841 14:53.495 | Turner Motorsport | BMW M4 GT3 GTD,9,18:16:17.594,R. Foley,18:17:28.889,P. Gallagher,1:11.295,12:24.033,20_Pit Stops Time Cards_Race.PDF,8,2
2023,07_Sebring International Raceway,Sebring International Raceway,sebring-international-raceway,2023-03-18,202303181010_Race,96,12 B. Auberlen B. Auberlen 32.841 14:53.495 | Turner Motorsport | BMW M4 GT3 GTD,10,19:22:01.906,P. Gallagher,19:23:19.374,P. Gallagher,1:17.468,13:41.501,20_Pit Stops Time Cards_Race.PDF,8,2
2023,07_Sebring International Raceway,Sebring International Raceway,sebring-international-raceway,2023-03-18,202303181010_Race,96,12 B. Auberlen B. Auberlen 32.841 14:53.495 | Turner Motorsport | BMW M4 GT3 GTD,11,20:11:07.773,P. Gallagher,20:12:19.090,R. Foley,1:11.317,14:52.818,20_Pit Stops Time Cards_Race.PDF,8,2
2023,07_Sebring International Raceway,Sebring International Raceway,sebring-international-raceway,2023-03-18,202303181010_Race,96,12 B. Auberlen B. Auberlen 32.841 14:53.495 | Turner Motorsport | BMW M4 GT3 GTD,12,20:28:50.097,R. Foley,20:29:40.890,R. Foley,50.793,15:43.611,20_Pit Stops Time Cards_Race.PDF,8,2
