year,event_code,event_name,track_slug,race_date,session_directory,race_lap,car_lap_number,position,car_number,lap_time,gap,gap_seconds,gap_laps,source_page,source_column
2023,17_Road America,Road America,road-america,2023-08-06,202308061010_Race,1,1,1,7,4:01.278,0.000,0.000,,1,1
2023,17_Road America,Road America,road-america,2023-08-06,202308061010_Race,1,1,2,01,4:01.417,0.139,0.139,,1,1
2023,17_Road America,Road America,road-america,2023-08-06,202308061010_Race,1,1,3,10,4:01.558,0.280,0.280,,1,1
2023,17_Road America,Road America,road-america,2023-08-06,202308061010_Race,1,1,4,60,4:01.607,0.329,0.329,,1,1
2023,17_Road America,Road America,road-america,2023-08-06,202308061010_Race,1,1,5,6,4:01.782,0.504,0.504,,1,1
2023,17_Road America,Road America,road-america,2023-08-06,202308061010_Race,1,1,6,24,4:01.838,0.560,0.560,,1,1
2023,17_Road America,Road America,road-america,2023-08-06,202308061010_Race,1,1,7,5,4:02.142,0.864,0.864,,1,1
2023,17_Road America,Road America,road-america,2023-08-06,202308061010_Race,1,1,8,31,4:02.240,0.962,0.962,,1,1
2023,17_Road America,Road America,road-america,2023-08-06,202308061010_Race,1,1,9,59,4:02.630,1.352,1.352,,1,1
2023,17_Road America,Road America,road-america,2023-08-06,202308061010_Race,1,1,10,04,4:03.431,2.153,2.153,,1,1
2023,17_Road America,Road America,road-america,2023-08-06,202308061010_Race,1,1,11,8,4:03.644,2.366,2.366,,1,1
2023,17_Road America,Road America,road-america,2023-08-06,202308061010_Race,1,1,12,52,4:03.836,2.558,2.558,,1,1
2023,17_Road America,Road America,road-america,2023-08-06,202308061010_Race,1,1,13,11,4:03.949,2.671,2.671,,1,1
2023,17_Road America,Road America,road-america,2023-08-06,202308061010_Race,1,1,14,18,4:04.184,2.906,2.906,,1,1
2023,17_Road America,Road America,road-america,2023-08-06,202308061010_Race,1,1,15,20,4:04.399,3.121,3.121,,1,1
2023,17_Road America,Road America,road-america,2023-08-06,202308061010_Race,1,1,16,35,4:04.498,3.220,3.220,,1,1
2023,17_Road America,Road America,road-america,2023-08-06,202308061010_Race,1,1,17,33,4:04.676,3.398,3.398,,1,1
2023,17_Road America,Road America,road-america,2023-08-06,202308061010_Race,1,1,18,29,4:04.751,3.473,3.473,,1,1
2023,17_Road America,Road America,road-america,2023-08-06,202308061010_Race,1,1,19,74,4:05.390,4.112,4.112,,1,1
2023,17_Road America,Road America,road-america,2023-08-06,202308061010_Race,1,1,20,17,4:10.016,8.738,8.738,,1,1
2023,17_Road America,Road America,road-america,2023-08-06,202308061010_Race,1,1,21,4,4:10.053,8.775,8.775,,1,1
2023,17_Road America,Road America,road-america,2023-08-06,202308061010_Race,1,1,22,85,4:10.537,9.259,9.259,,1,1
2023,17_Road America,Road America,road-america,2023-08-06,202308061010_Race,1,1,23,30,4:11.143,9.865,9.865,,1,1
2023,17_Road America,Road America,road-america,2023-08-06,202308061010_Race,1,1,24,13,4:25.204,23.926,23.926,,1,1
2023,17_Road America,Road America,road-america,2023-08-06,202308061010_Race,1,1,25,23,4:32.443,31.165,31.165,,1,1
2023,17_Road America,Road America,road-america,2023-08-06,202308061010_Race,1,1,26,3,4:32.709,31.431,31.431,,1,1
2023,17_Road America,Road America,road-america,2023-08-06,202308061010_Race,1,1,27,79,4:32.777,31.499,31.499,,1,1
2023,17_Road America,Road America,road-america,2023-08-06,202308061010_Race,1,1,28,1,4:32.834,31.556,31.556,,1,1
2023,17_Road America,Road America,road-america,2023-08-06,202308061010_Race,1,1,29,14,4:33.053,31.775,31.775,,1,1
2023,17_Road America,Road America,road-america,2023-08-06,202308061010_Race,1,1,30,70,4:33.255,31.977,31.977,,1,1
2023,17_Road America,Road America,road-america,2023-08-06,202308061010_Race,1,1,31,9,4:33.342,32.064,32.064,,1,1
2023,17_Road America,Road America,road-america,2023-08-06,202308061010_Race,1,1,32,12,4:33.510,32.232,32.232,,1,1
2023,17_Road America,Road America,road-america,2023-08-06,202308061010_Race,1,1,33,27,4:33.715,32.437,32.437,,1,1
2023,17_Road America,Road America,road-america,2023-08-06,202308061010_Race,1,1,34,32,4:33.788,32.510,32.510,,1,1
2023,17_Road America,Road America,road-america,2023-08-06,202308061010_Race,1,1,35,96,4:33.909,32.631,32.631,,1,1
2023,17_Road America,Road America,road-america,2023-08-06,202308061010_Race,1,1,36,78,4:34.157,32.879,32.879,,1,1
2023,17_Road America,Road America,road-america,2023-08-06,202308061010_Race,1,1,37,57,4:34.391,33.113,33.113,,1,1
2023,17_Road America,Road America,road-america,2023-08-06,202308061010_Race,1,1,38,97,4:34.555,33.277,33.277,,1,1
2023,17_Road America,Road America,road-america,2023-08-06,202308061010_Race,1,1,39,93,4:34.728,33.450,33.450,,1,1
2023,17_Road America,Road America,road-america,2023-08-06,202308061010_Race,1,1,40,66,4:34.832,33.554,33.554,,1,1
2023,17_Road America,Road America,road-america,2023-08-06,202308061010_Race,1,1,41,91,4:35.484,34.206,34.206,,1,1
2023,17_Road America,Road America,road-america,2023-08-06,202308061010_Race,1,1,42,80,4:35.492,34.214,34.214,,1,1
2023,17_Road America,Road America,road-america,2023-08-06,202308061010_Race,1,1,43,77,4:35.784,34.506,34.506,,1,1
2023,17_Road America,Road America,road-america,2023-08-06,202308061010_Race,1,1,44,25,4:35.929,34.651,34.651,,1,1
2023,17_Road America,Road America,road-america,2023-08-06,202308061010_Race,1,1,45,92,4:36.177,34.899,34.899,,1,1
2023,17_Road America,Road America,road-america,2023-08-06,202308061010_Race,2,2,1,7,1:56.245,,,,1,1
2023,17_Road America,Road America,road-america,2023-08-06,202308061010_Race,2,2,2,01,1:57.780,1.674,1.674,,1,1
2023,17_Road America,Road America,road-america,2023-08-06,202308061010_Race,2,2,3,60,1:58.187,2.271,2.271,,1,1
2023,17_Road America,Road America,road-america,2023-08-06,202308061010_Race,2,2,4,6,1:58.496,2.755,2.755,,1,1
2023,17_Road America,Road America,road-america,2023-08-06,202308061010_Race,2,2,5,10,2:01.450,5.485,5.485,,1,1
2023,17_Road America,Road America,road-america,2023-08-06,202308061010_Race,2,2,6,24,2:01.887,6.202,6.202,,1,1
2023,17_Road America,Road America,road-america,2023-08-06,202308061010_Race,2,2,7,5,2:01.983,6.602,6.602,,1,1
2023,17_Road America,Road America,road-america,2023-08-06,202308061010_Race,2,2,8,31,2:02.490,7.207,7.207,,1,1
2023,17_Road America,Road America,road-america,2023-08-06,202308061010_Race,2,2,9,59,2:04.137,9.244,9.244,,1,1
2023,17_Road America,Road America,road-america,2023-08-06,202308061010_Race,2,2,10,8,2:04.944,11.065,11.065,,1,1
2023,17_Road America,Road America,road-america,2023-08-06,202308061010_Race,2,2,11,52,2:05.265,11.578,11.578,,1,2
2023,17_Road America,Road America,road-america,2023-08-06,202308061010_Race,2,2,12,04,2:06.514,12.422,12.422,,1,2
2023,17_Road America,Road America,road-america,2023-08-06,202308061010_Race,2,2,13,11,2:06.201,12.627,12.627,,1,2
2023,17_Road America,Road America,road-america,2023-08-06,202308061010_Race,2,2,14,20,2:06.414,13.290,13.290,,1,2
2023,17_Road America,Road America,road-america,2023-08-06,202308061010_Race,2,2,15,18,2:07.344,14.005,14.005,,1,2
2023,17_Road America,Road America,road-america,2023-08-06,202308061010_Race,2,2,16,35,2:07.458,14.433,14.433,,1,2
2023,17_Road America,Road America,road-america,2023-08-06,202308061010_Race,2,2,17,33,2:07.979,15.132,15.132,,1,2
2023,17_Road America,Road America,road-america,2023-08-06,202308061010_Race,2,2,18,74,2:07.898,15.765,15.765,,1,2
2023,17_Road America,Road America,road-america,2023-08-06,202308061010_Race,2,2,19,29,2:08.841,16.069,16.069,,1,2
2023,17_Road America,Road America,road-america,2023-08-06,202308061010_Race,2,2,20,4,2:05.582,18.112,18.112,,1,2
2023,17_Road America,Road America,road-america,2023-08-06,202308061010_Race,2,2,21,17,2:07.123,19.616,19.616,,1,2
2023,17_Road America,Road America,road-america,2023-08-06,202308061010_Race,2,2,22,30,2:08.088,21.708,21.708,,1,2
2023,17_Road America,Road America,road-america,2023-08-06,202308061010_Race,2,2,23,23,2:07.573,42.493,42.493,,1,2
2023,17_Road America,Road America,road-america,2023-08-06,202308061010_Race,2,2,24,3,2:07.942,43.128,43.128,,1,2
2023,17_Road America,Road America,road-america,2023-08-06,202308061010_Race,2,2,25,79,2:08.526,43.780,43.780,,1,2
2023,17_Road America,Road America,road-america,2023-08-06,202308061010_Race,2,2,26,14,2:08.732,44.262,44.262,,1,2
2023,17_Road America,Road America,road-america,2023-08-06,202308061010_Race,2,2,27,25,2:06.058,44.464,44.464,,1,2
2023,17_Road America,Road America,road-america,2023-08-06,202308061010_Race,2,2,28,9,2:08.871,44.690,44.690,,1,2
2023,17_Road America,Road America,road-america,2023-08-06,202308061010_Race,2,2,29,1,2:09.654,44.965,44.965,,1,2
2023,17_Road America,Road America,road-america,2023-08-06,202308061010_Race,2,2,30,70,2:09.906,45.638,45.638,,1,2
2023,17_Road America,Road America,road-america,2023-08-06,202308061010_Race,2,2,31,32,2:10.335,46.600,46.600,,1,2
2023,17_Road America,Road America,road-america,2023-08-06,202308061010_Race,2,2,32,12,2:10.836,46.823,46.823,,1,2
2023,17_Road America,Road America,road-america,2023-08-06,202308061010_Race,2,2,33,27,2:11.042,47.234,47.234,,1,2
2023,17_Road America,Road America,road-america,2023-08-06,202308061010_Race,2,2,34,96,2:11.726,48.112,48.112,,1,2
2023,17_Road America,Road America,road-america,2023-08-06,202308061010_Race,2,2,35,78,2:11.497,48.131,48.131,,1,2
2023,17_Road America,Road America,road-america,2023-08-06,202308061010_Race,2,2,36,57,2:11.727,48.595,48.595,,1,2
2023,17_Road America,Road America,road-america,2023-08-06,202308061010_Race,2,2,37,66,2:12.135,49.444,49.444,,1,2
2023,17_Road America,Road America,road-america,2023-08-06,202308061010_Race,2,2,38,93,2:12.869,50.074,50.074,,1,2
2023,17_Road America,Road America,road-america,2023-08-06,202308061010_Race,2,2,39,91,2:12.615,50.576,50.576,,1,2
2023,17_Road America,Road America,road-america,2023-08-06,202308061010_Race,2,2,40,97,2:13.956,50.988,50.988,,1,2
2023,17_Road America,Road America,road-america,2023-08-06,202308061010_Race,2,2,41,80,2:13.823,51.792,51.792,,1,2
2023,17_Road America,Road America,road-america,2023-08-06,202308061010_Race,2,2,42,77,2:14.106,52.367,52.367,,1,2
2023,17_Road America,Road America,road-america,2023-08-06,202308061010_Race,2,2,43,92,2:14.567,53.221,53.221,,1,2
2023,17_Road America,Road America,road-america,2023-08-06,202308061010_Race,2,2,44,13,2:52.359,1:20.040,80.040,,1,2
2023,17_Road America,Road America,road-america,2023-08-06,202308061010_Race,3,3,1,7,1:51.316,,,,1,2
2023,17_Road America,Road America,road-america,2023-08-06,202308061010_Race,3,3,2,01,1:51.580,1.938,1.938,,1,2
2023,17_Road America,Road America,road-america,2023-08-06,202308061010_Race,3,3,3,60,1:51.815,2.770,2.770,,1,2
2023,17_Road America,Road America,road-america,2023-08-06,202308061010_Race,3,3,4,6,1:52.415,3.854,3.854,,1,2
2023,17_Road America,Road America,road-america,2023-08-06,202308061010_Race,3,2,5,85,3:45.221,1 Lap,,1,1,2
2023,17_Road America,Road America,road-america,2023-08-06,202308061010_Race,3,3,6,10,1:53.301,7.470,7.470,,1,2
2023,17_Road America,Road America,road-america,2023-08-06,202308061010_Race,3,3,7,24,1:53.237,8.123,8.123,,1,2
2023,17_Road America,Road America,road-america,2023-08-06,202308061010_Race,3,3,8,5,1:53.512,8.798,8.798,,1,2
2023,17_Road America,Road America,road-america,2023-08-06,202308061010_Race,3,3,9,31,1:53.737,9.628,9.628,,1,2
2023,17_Road America,Road America,road-america,2023-08-06,202308061010_Race,3,3,10,59,1:55.214,13.142,13.142,,1,2
2023,17_Road America,Road America,road-america,2023-08-06,202308061010_Race,3,3,11,52,1:57.182,17.444,17.444,,1,2
2023,17_Road America,Road America,road-america,2023-08-06,202308061010_Race,3,3,12,8,1:59.803,19.552,19.552,,1,2
2023,17_Road America,Road America,road-america,2023-08-06,202308061010_Race,3,3,13,04,1:58.808,19.914,19.914,,1,2
2023,17_Road America,Road America,road-america,2023-08-06,202308061010_Race,3,3,14,11,1:59.116,20.427,20.427,,1,2
2023,17_Road America,Road America,road-america,2023-08-06,202308061010_Race,3,3,15,20,1:59.095,21.069,21.069,,1,2
2023,17_Road America,Road America,road-america,2023-08-06,202308061010_Race,3,3,16,18,1:59.948,22.637,22.637,,1,2
2023,17_Road America,Road America,road-america,2023-08-06,202308061010_Race,3,3,17,35,2:00.043,23.160,23.160,,1,2
2023,17_Road America,Road America,road-america,2023-08-06,202308061010_Race,3,3,18,33,2:00.867,24.683,24.683,,1,2
2023,17_Road America,Road America,road-america,2023-08-06,202308061010_Race,3,3,19,74,2:01.774,26.223,26.223,,1,2
2023,17_Road America,Road America,road-america,2023-08-06,202308061010_Race,3,3,20,29,2:01.716,26.469,26.469,,1,2
2023,17_Road America,Road America,road-america,2023-08-06,202308061010_Race,3,3,21,4,2:02.444,29.240,29.240,,1,2
2023,17_Road America,Road America,road-america,2023-08-06,202308061010_Race,3,3,22,17,2:04.721,33.021,33.021,,1,2
2023,17_Road America,Road America,road-america,2023-08-06,202308061010_Race,3,3,23,30,2:03.021,33.413,33.413,,1,2
2023,17_Road America,Road America,road-america,2023-08-06,202308061010_Race,3,3,24,23,2:06.207,57.384,57.384,,1,3
2023,17_Road America,Road America,road-america,2023-08-06,202308061010_Race,3,3,25,3,2:05.970,57.782,57.782,,1,3
2023,17_Road America,Road America,road-america,2023-08-06,202308061010_Race,3,3,26,79,2:06.773,59.237,59.237,,1,3
2023,17_Road America,Road America,road-america,2023-08-06,202308061010_Race,3,3,27,14,2:06.802,59.748,59.748,,1,3
2023,17_Road America,Road America,road-america,2023-08-06,202308061010_Race,3,3,28,9,2:07.069,1:00.443,60.443,,1,3
2023,17_Road America,Road America,road-america,2023-08-06,202308061010_Race,3,3,29,1,2:07.266,1:00.915,60.915,,1,3
2023,17_Road America,Road America,road-america,2023-08-06,202308061010_Race,3,3,30,70,2:07.239,1:01.561,61.561,,1,3
2023,17_Road America,Road America,road-america,2023-08-06,202308061010_Race,3,3,31,32,2:07.352,1:02.636,62.636,,1,3
2023,17_Road America,Road America,road-america,2023-08-06,202308061010_Race,3,3,32,27,2:07.366,1:03.284,63.284,,1,3
2023,17_Road America,Road America,road-america,2023-08-06,202308061010_Race,3,3,33,12,2:08.394,1:03.901,63.901,,1,3
2023,17_Road America,Road America,road-america,2023-08-06,202308061010_Race,3,3,34,96,2:07.464,1:04.260,64.260,,1,3
2023,17_Road America,Road America,road-america,2023-08-06,202308061010_Race,3,3,35,78,2:08.491,1:05.306,65.306,,1,3
2023,17_Road America,Road America,road-america,2023-08-06,202308061010_Race,3,3,36,57,2:08.604,1:05.883,65.883,,1,3
2023,17_Road America,Road America,road-america,2023-08-06,202308061010_Race,3,3,37,66,2:08.591,1:06.719,66.719,,1,3
2023,17_Road America,Road America,road-america,2023-08-06,202308061010_Race,3,3,38,93,2:08.361,1:07.119,67.119,,1,3
2023,17_Road America,Road America,road-america,2023-08-06,202308061010_Race,3,3,39,91,2:08.591,1:07.851,67.851,,1,3
2023,17_Road America,Road America,road-america,2023-08-06,202308061010_Race,3,3,40,97,2:08.570,1:08.242,68.242,,1,3
2023,17_Road America,Road America,road-america,2023-08-06,202308061010_Race,3,3,41,80,2:08.918,1:09.394,69.394,,1,3
2023,17_Road America,Road America,road-america,2023-08-06,202308061010_Race,3,3,42,77,2:09.342,1:10.393,70.393,,1,3
2023,17_Road America,Road America,road-america,2023-08-06,202308061010_Race,3,3,43,92,2:09.021,1:10.926,70.926,,1,3
2023,17_Road America,Road America,road-america,2023-08-06,202308061010_Race,3,3,44,13,2:11.452,1:40.176,100.176,,1,3
2023,17_Road America,Road America,road-america,2023-08-06,202308061010_Race,4,4,1,7,2:05.001,,,,1,3
2023,17_Road America,Road America,road-america,2023-08-06,202308061010_Race,4,4,2,01,2:04.997,1.934,1.934,,1,3
2023,17_Road America,Road America,road-america,2023-08-06,202308061010_Race,4,4,3,60,2:06.012,3.781,3.781,,1,3
2023,17_Road America,Road America,road-america,2023-08-06,202308061010_Race,4,4,4,6,2:07.167,6.020,6.020,,1,3
2023,17_Road America,Road America,road-america,2023-08-06,202308061010_Race,4,4,5,10,2:05.807,8.276,8.276,,1,3
2023,17_Road America,Road America,road-america,2023-08-06,202308061010_Race,4,4,6,24,2:05.663,8.785,8.785,,1,3
2023,17_Road America,Road America,road-america,2023-08-06,202308061010_Race,4,4,7,5,2:06.695,10.492,10.492,,1,3
2023,17_Road America,Road America,road-america,2023-08-06,202308061010_Race,4,4,8,31,2:08.477,13.104,13.104,,1,3
2023,17_Road America,Road America,road-america,2023-08-06,202308061010_Race,4,4,9,59,2:06.829,14.970,14.970,,1,3
2023,17_Road America,Road America,road-america,2023-08-06,202308061010_Race,4,4,10,52,2:15.841,28.284,28.284,,1,3
2023,17_Road America,Road America,road-america,2023-08-06,202308061010_Race,4,4,11,8,2:28.471,43.022,43.022,,1,3
2023,17_Road America,Road America,road-america,2023-08-06,202308061010_Race,4,4,12,04,2:28.445,43.358,43.358,,1,3
2023,17_Road America,Road America,road-america,2023-08-06,202308061010_Race,4,4,13,11,2:28.799,44.225,44.225,,1,3
2023,17_Road America,Road America,road-america,2023-08-06,202308061010_Race,4,4,14,20,2:29.130,45.198,45.198,,1,3
2023,17_Road America,Road America,road-america,2023-08-06,202308061010_Race,4,4,15,18,2:28.293,45.929,45.929,,1,3
2023,17_Road America,Road America,road-america,2023-08-06,202308061010_Race,4,4,16,35,2:28.422,46.581,46.581,,1,3
2023,17_Road America,Road America,road-america,2023-08-06,202308061010_Race,4,4,17,33,2:28.951,48.633,48.633,,1,3
2023,17_Road America,Road America,road-america,2023-08-06,202308061010_Race,4,4,18,29,2:27.781,49.249,49.249,,1,3
2023,17_Road America,Road America,road-america,2023-08-06,202308061010_Race,4,4,19,74,2:29.302,50.524,50.524,,1,3
2023,17_Road America,Road America,road-america,2023-08-06,202308061010_Race,4,3,20,85,2:49.268,1 Lap,,1,1,3
2023,17_Road America,Road America,road-america,2023-08-06,202308061010_Race,4,4,21,4,2:27.487,51.726,51.726,,1,3
2023,17_Road America,Road America,road-america,2023-08-06,202308061010_Race,4,4,22,17,2:24.883,52.903,52.903,,1,3
2023,17_Road America,Road America,road-america,2023-08-06,202308061010_Race,4,4,23,30,2:25.240,53.652,53.652,,1,3
2023,17_Road America,Road America,road-america,2023-08-06,202308061010_Race,4,4,24,23,2:51.850,1:44.233,104.233,,1,3
2023,17_Road America,Road America,road-america,2023-08-06,202308061010_Race,4,4,25,3,2:53.915,1:46.696,106.696,,1,3
2023,17_Road America,Road America,road-america,2023-08-06,202308061010_Race,4,4,26,79,2:54.418,1:48.654,108.654,,1,3
2023,17_Road America,Road America,road-america,2023-08-06,202308061010_Race,4,4,27,14,2:54.665,1:49.412,109.412,,1,3
2023,17_Road America,Road America,road-america,2023-08-06,202308061010_Race,4,4,28,9,2:56.208,1:51.650,111.650,,1,3
2023,17_Road America,Road America,road-america,2023-08-06,202308061010_Race,4,4,29,1,2:56.883,1:52.797,112.797,,1,3
2023,17_Road America,Road America,road-america,2023-08-06,202308061010_Race,4,4,30,70,2:56.946,1:53.506,113.506,,1,3
2023,17_Road America,Road America,road-america,2023-08-06,202308061010_Race,4,4,31,32,2:57.530,1:55.165,115.165,,1,3
2023,17_Road America,Road America,road-america,2023-08-06,202308061010_Race,4,4,32,27,2:57.467,1:55.750,115.750,,1,3
2023,17_Road America,Road America,road-america,2023-08-06,202308061010_Race,4,4,33,12,2:58.724,1:57.624,117.624,,1,3
2023,17_Road America,Road America,road-america,2023-08-06,202308061010_Race,4,4,34,96,2:59.116,1:58.375,118.375,,1,3
2023,17_Road America,Road America,road-america,2023-08-06,202308061010_Race,4,4,35,78,2:58.465,1:58.770,118.770,,1,3
2023,17_Road America,Road America,road-america,2023-08-06,202308061010_Race,4,4,36,57,2:58.303,1:59.185,119.185,,1,3
2023,17_Road America,Road America,road-america,2023-08-06,202308061010_Race,4,4,37,66,2:58.104,1:59.822,119.822,,1,4
2023,17_Road America,Road America,road-america,2023-08-06,202308061010_Race,4,4,38,93,2:58.073,2:00.191,120.191,,1,4
2023,17_Road America,Road America,road-america,2023-08-06,202308061010_Race,4,4,39,91,2:58.198,2:01.048,121.048,,1,4
2023,17_Road America,Road America,road-america,2023-08-06,202308061010_Race,4,4,40,97,2:59.232,2:02.473,122.473,,1,4
2023,17_Road America,Road America,road-america,2023-08-06,202308061010_Race,4,4,41,80,2:58.801,2:03.194,123.194,,1,4
2023,17_Road America,Road America,road-america,2023-08-06,202308061010_Race,4,4,42,77,2:59.193,2:04.585,124.585,,1,4
2023,17_Road America,Road America,road-america,2023-08-06,202308061010_Race,4,4,43,92,2:59.711,2:05.636,125.636,,1,4
2023,17_Road America,Road America,road-america,2023-08-06,202308061010_Race,4,4,44,13,2:32.126,2:07.301,127.301,,1,4
2023,17_Road America,Road America,road-america,2023-08-06,202308061010_Race,5,5,1,7,4:20.599,,,,1,4
2023,17_Road America,Road America,road-america,2023-08-06,202308061010_Race,5,5,2,01,4:19.864,1.199,1.199,,1,4
2023,17_Road America,Road America,road-america,2023-08-06,202308061010_Race,5,5,3,60,4:18.816,1.998,1.998,,1,4
2023,17_Road America,Road America,road-america,2023-08-06,202308061010_Race,5,5,4,6,4:17.705,3.126,3.126,,1,4
2023,17_Road America,Road America,road-america,2023-08-06,202308061010_Race,5,5,5,10,4:16.500,4.177,4.177,,1,4
2023,17_Road America,Road America,road-america,2023-08-06,202308061010_Race,5,5,6,24,4:17.129,5.315,5.315,,1,4
2023,17_Road America,Road America,road-america,2023-08-06,202308061010_Race,5,5,7,5,4:17.058,6.951,6.951,,1,4
2023,17_Road America,Road America,road-america,2023-08-06,202308061010_Race,5,5,8,31,4:18.987,11.492,11.492,,1,4
2023,17_Road America,Road America,road-america,2023-08-06,202308061010_Race,5,5,9,59,4:19.478,13.849,13.849,,1,4
2023,17_Road America,Road America,road-america,2023-08-06,202308061010_Race,5,5,10,52,4:08.193,15.878,15.878,,1,4
2023,17_Road America,Road America,road-america,2023-08-06,202308061010_Race,5,5,11,8,3:54.901,17.324,17.324,,1,4
2023,17_Road America,Road America,road-america,2023-08-06,202308061010_Race,5,5,12,04,3:55.225,17.984,17.984,,1,4
2023,17_Road America,Road America,road-america,2023-08-06,202308061010_Race,5,5,13,11,3:56.690,20.316,20.316,,1,4
2023,17_Road America,Road America,road-america,2023-08-06,202308061010_Race,5,5,14,20,3:56.380,20.979,20.979,,1,4
2023,17_Road America,Road America,road-america,2023-08-06,202308061010_Race,5,5,15,18,3:56.945,22.275,22.275,,1,4
2023,17_Road America,Road America,road-america,2023-08-06,202308061010_Race,5,5,16,35,3:57.120,23.102,23.102,,1,4
2023,17_Road America,Road America,road-america,2023-08-06,202308061010_Race,5,5,17,33,3:56.887,24.921,24.921,,1,4
2023,17_Road America,Road America,road-america,2023-08-06,202308061010_Race,5,5,18,29,3:57.302,25.952,25.952,,1,4
2023,17_Road America,Road America,road-america,2023-08-06,202308061010_Race,5,5,19,74,3:57.117,27.042,27.042,,1,4
2023,17_Road America,Road America,road-america,2023-08-06,202308061010_Race,5,4,20,85,3:57.749,1 Lap,,1,1,4
2023,17_Road America,Road America,road-america,2023-08-06,202308061010_Race,5,5,21,4,3:57.760,28.887,28.887,,1,4
2023,17_Road America,Road America,road-america,2023-08-06,202308061010_Race,5,5,22,17,3:57.459,29.763,29.763,,1,4
2023,17_Road America,Road America,road-america,2023-08-06,202308061010_Race,5,5,23,30,3:57.428,30.481,30.481,,1,4
2023,17_Road America,Road America,road-america,2023-08-06,202308061010_Race,5,5,24,23,3:08.453,32.087,32.087,,1,4
2023,17_Road America,Road America,road-america,2023-08-06,202308061010_Race,5,5,25,3,3:07.009,33.106,33.106,,1,4
2023,17_Road America,Road America,road-america,2023-08-06,202308061010_Race,5,5,26,79,3:06.205,34.260,34.260,,1,4
2023,17_Road America,Road America,road-america,2023-08-06,202308061010_Race,5,5,27,14,3:06.529,35.342,35.342,,1,4
2023,17_Road America,Road America,road-america,2023-08-06,202308061010_Race,5,5,28,9,3:05.040,36.091,36.091,,1,4
2023,17_Road America,Road America,road-america,2023-08-06,202308061010_Race,5,5,29,1,3:05.138,37.336,37.336,,1,4
2023,17_Road America,Road America,road-america,2023-08-06,202308061010_Race,5,5,30,70,3:05.811,38.718,38.718,,1,4
2023,17_Road America,Road America,road-america,2023-08-06,202308061010_Race,5,5,31,32,3:05.399,39.965,39.965,,1,4
2023,17_Road America,Road America,road-america,2023-08-06,202308061010_Race,5,5,32,27,3:05.297,40.448,40.448,,1,4
2023,17_Road America,Road America,road-america,2023-08-06,202308061010_Race,5,5,33,12,3:04.315,41.340,41.340,,1,4
2023,17_Road America,Road America,road-america,2023-08-06,202308061010_Race,5,5,34,96,3:04.637,42.413,42.413,,1,4
2023,17_Road America,Road America,road-america,2023-08-06,202308061010_Race,5,5,35,78,3:04.874,43.045,43.045,,1,4
2023,17_Road America,Road America,road-america,2023-08-06,202308061010_Race,5,5,36,57,3:05.136,43.722,43.722,,1,4
2023,17_Road America,Road America,road-america,2023-08-06,202308061010_Race,5,5,37,66,3:05.301,44.524,44.524,,1,4
2023,17_Road America,Road America,road-america,2023-08-06,202308061010_Race,5,5,38,93,3:05.833,45.425,45.425,,1,4
2023,17_Road America,Road America,road-america,2023-08-06,202308061010_Race,5,5,39,91,3:06.428,46.877,46.877,,1,4
2023,17_Road America,Road America,road-america,2023-08-06,202308061010_Race,5,5,40,97,3:06.211,48.085,48.085,,1,4
2023,17_Road America,Road America,road-america,2023-08-06,202308061010_Race,5,5,41,80,3:06.319,48.914,48.914,,1,4
2023,17_Road America,Road America,road-america,2023-08-06,202308061010_Race,5,5,42,77,3:05.503,49.489,49.489,,1,4
2023,17_Road America,Road America,road-america,2023-08-06,202308061010_Race,5,5,43,92,3:05.892,50.929,50.929,,1,4
2023,17_Road America,Road America,road-america,2023-08-06,202308061010_Race,5,5,44,13,3:05.800,52.502,52.502,,1,4
2023,17_Road America,Road America,road-america,2023-08-06,202308061010_Race,6,6,1,7,4:04.786,,,,1,4
2023,17_Road America,Road America,road-america,2023-08-06,202308061010_Race,6,6,2,01,4:04.945,1.358,1.358,,1,4
2023,17_Road America,Road America,road-america,2023-08-06,202308061010_Race,6,6,3,60,4:04.716,1.928,1.928,,1,4
2023,17_Road America,Road America,road-america,2023-08-06,202308061010_Race,6,6,4,6,4:04.878,3.218,3.218,,1,5
2023,17_Road America,Road America,road-america,2023-08-06,202308061010_Race,6,6,5,10,4:06.678,6.069,6.069,,1,5
2023,17_Road America,Road America,road-america,2023-08-06,202308061010_Race,6,6,6,24,4:06.084,6.613,6.613,,1,5
2023,17_Road America,Road America,road-america,2023-08-06,202308061010_Race,6,6,7,5,4:05.953,8.118,8.118,,1,5
2023,17_Road America,Road America,road-america,2023-08-06,202308061010_Race,6,6,8,31,4:03.246,9.952,9.952,,1,5
2023,17_Road America,Road America,road-america,2023-08-06,202308061010_Race,6,6,9,59,4:04.484,13.547,13.547,,1,5
2023,17_Road America,Road America,road-america,2023-08-06,202308061010_Race,6,6,10,52,4:03.133,14.225,14.225,,1,5
2023,17_Road America,Road America,road-america,2023-08-06,202308061010_Race,6,6,11,8,4:02.453,14.991,14.991,,1,5
2023,17_Road America,Road America,road-america,2023-08-06,202308061010_Race,6,6,12,04,4:02.953,16.151,16.151,,1,5
2023,17_Road America,Road America,road-america,2023-08-06,202308061010_Race,6,6,13,11,4:03.694,19.224,19.224,,1,5
2023,17_Road America,Road America,road-america,2023-08-06,202308061010_Race,6,6,14,20,4:03.682,19.875,19.875,,1,5
2023,17_Road America,Road America,road-america,2023-08-06,202308061010_Race,6,6,15,18,4:03.510,20.999,20.999,,1,5
2023,17_Road America,Road America,road-america,2023-08-06,202308061010_Race,6,6,16,35,4:03.697,22.013,22.013,,1,5
2023,17_Road America,Road America,road-america,2023-08-06,202308061010_Race,6,6,17,33,4:03.766,23.901,23.901,,1,5
2023,17_Road America,Road America,road-america,2023-08-06,202308061010_Race,6,6,18,29,4:03.609,24.775,24.775,,1,5
2023,17_Road America,Road America,road-america,2023-08-06,202308061010_Race,6,6,19,74,4:03.476,25.732,25.732,,1,5
2023,17_Road America,Road America,road-america,2023-08-06,202308061010_Race,6,5,20,85,4:03.738,1 Lap,,1,1,5
2023,17_Road America,Road America,road-america,2023-08-06,202308061010_Race,6,6,21,4,4:03.762,27.863,27.863,,1,5
2023,17_Road America,Road America,road-america,2023-08-06,202308061010_Race,6,6,22,17,4:04.018,28.995,28.995,,1,5
2023,17_Road America,Road America,road-america,2023-08-06,202308061010_Race,6,6,23,30,4:04.157,29.852,29.852,,1,5
2023,17_Road America,Road America,road-america,2023-08-06,202308061010_Race,6,6,24,23,4:03.922,31.223,31.223,,1,5
2023,17_Road America,Road America,road-america,2023-08-06,202308061010_Race,6,6,25,3,4:05.058,33.378,33.378,,1,5
2023,17_Road America,Road America,road-america,2023-08-06,202308061010_Race,6,6,26,79,4:04.797,34.271,34.271,,1,5
2023,17_Road America,Road America,road-america,2023-08-06,202308061010_Race,6,6,27,14,4:05.585,36.141,36.141,,1,5
2023,17_Road America,Road America,road-america,2023-08-06,202308061010_Race,6,6,28,9,4:05.797,37.102,37.102,,1,5
2023,17_Road America,Road America,road-america,2023-08-06,202308061010_Race,6,6,29,1,4:05.701,38.251,38.251,,1,5
2023,17_Road America,Road America,road-america,2023-08-06,202308061010_Race,6,6,30,70,4:05.862,39.794,39.794,,1,5
2023,17_Road America,Road America,road-america,2023-08-06,202308061010_Race,6,6,31,32,4:06.433,41.612,41.612,,1,5
2023,17_Road America,Road America,road-america,2023-08-06,202308061010_Race,6,6,32,27,4:06.750,42.412,42.412,,1,5
2023,17_Road America,Road America,road-america,2023-08-06,202308061010_Race,6,6,33,12,4:07.851,44.405,44.405,,1,5
2023,17_Road America,Road America,road-america,2023-08-06,202308061010_Race,6,6,34,96,4:08.038,45.665,45.665,,1,5
2023,17_Road America,Road America,road-america,2023-08-06,202308061010_Race,6,6,35,78,4:08.589,46.848,46.848,,1,5
2023,17_Road America,Road America,road-america,2023-08-06,202308061010_Race,6,6,36,57,4:08.789,47.725,47.725,,1,5
2023,17_Road America,Road America,road-america,2023-08-06,202308061010_Race,6,6,37,13,4:00.482,48.198,48.198,,1,5
2023,17_Road America,Road America,road-america,2023-08-06,202308061010_Race,6,6,38,66,4:08.502,48.240,48.240,,1,5
2023,17_Road America,Road America,road-america,2023-08-06,202308061010_Race,6,6,39,93,4:08.127,48.766,48.766,,1,5
2023,17_Road America,Road America,road-america,2023-08-06,202308061010_Race,6,6,40,91,4:07.539,49.630,49.630,,1,5
2023,17_Road America,Road America,road-america,2023-08-06,202308061010_Race,6,6,41,97,4:07.300,50.599,50.599,,1,5
2023,17_Road America,Road America,road-america,2023-08-06,202308061010_Race,6,6,42,80,4:07.600,51.728,51.728,,1,5
2023,17_Road America,Road America,road-america,2023-08-06,202308061010_Race,6,6,43,77,4:08.419,53.122,53.122,,1,5
2023,17_Road America,Road America,road-america,2023-08-06,202308061010_Race,6,6,44,92,4:09.308,55.451,55.451,,1,5
2023,17_Road America,Road America,road-america,2023-08-06,202308061010_Race,7,7,1,7,3:47.400,,,,1,5
2023,17_Road America,Road America,road-america,2023-08-06,202308061010_Race,7,7,2,01,3:46.652,0.610,0.610,,1,5
2023,17_Road America,Road America,road-america,2023-08-06,202308061010_Race,7,7,3,60,3:46.859,1.387,1.387,,1,5
2023,17_Road America,Road America,road-america,2023-08-06,202308061010_Race,7,7,4,6,3:45.585,1.403,1.403,,1,5
2023,17_Road America,Road America,road-america,2023-08-06,202308061010_Race,7,7,5,10,3:43.338,2.007,2.007,,1,5
2023,17_Road America,Road America,road-america,2023-08-06,202308061010_Race,7,7,6,24,3:43.246,2.459,2.459,,1,5
2023,17_Road America,Road America,road-america,2023-08-06,202308061010_Race,7,7,7,5,3:42.059,2.777,2.777,,1,5
2023,17_Road America,Road America,road-america,2023-08-06,202308061010_Race,7,7,8,31,3:40.889,3.441,3.441,,1,5
2023,17_Road America,Road America,road-america,2023-08-06,202308061010_Race,7,7,9,59,3:38.234,4.381,4.381,,1,5
2023,17_Road America,Road America,road-america,2023-08-06,202308061010_Race,7,7,10,52,3:38.430,5.255,5.255,,1,5
2023,17_Road America,Road America,road-america,2023-08-06,202308061010_Race,7,7,11,8,3:39.132,6.723,6.723,,1,5
2023,17_Road America,Road America,road-america,2023-08-06,202308061010_Race,7,7,12,04,3:39.128,7.879,7.879,,1,5
2023,17_Road America,Road America,road-america,2023-08-06,202308061010_Race,7,7,13,11,3:36.201,8.025,8.025,,1,5
2023,17_Road America,Road America,road-america,2023-08-06,202308061010_Race,7,7,14,20,3:36.179,8.654,8.654,,1,5
2023,17_Road America,Road America,road-america,2023-08-06,202308061010_Race,7,7,15,18,3:35.484,9.083,9.083,,1,5
2023,17_Road America,Road America,road-america,2023-08-06,202308061010_Race,7,7,16,35,3:34.789,9.402,9.402,,1,5
2023,17_Road America,Road America,road-america,2023-08-06,202308061010_Race,7,7,17,33,3:33.875,10.376,10.376,,2,1
2023,17_Road America,Road America,road-america,2023-08-06,202308061010_Race,7,7,18,74,3:32.746,11.078,11.078,,2,1
2023,17_Road America,Road America,road-america,2023-08-06,202308061010_Race,7,7,19,29,3:34.111,11.486,11.486,,2,1
2023,17_Road America,Road America,road-america,2023-08-06,202308061010_Race,7,7,20,4,3:32.205,12.668,12.668,,2,1
2023,17_Road America,Road America,road-america,2023-08-06,202308061010_Race,7,6,21,85,3:33.147,1 Lap,,1,2,1
2023,17_Road America,Road America,road-america,2023-08-06,202308061010_Race,7,7,22,17,3:31.763,13.358,13.358,,2,1
2023,17_Road America,Road America,road-america,2023-08-06,202308061010_Race,7,7,23,30,3:31.013,13.465,13.465,,2,1
2023,17_Road America,Road America,road-america,2023-08-06,202308061010_Race,7,7,24,13,3:12.784,13.582,13.582,,2,1
2023,17_Road America,Road America,road-america,2023-08-06,202308061010_Race,7,7,25,23,3:34.190,18.013,18.013,,2,1
2023,17_Road America,Road America,road-america,2023-08-06,202308061010_Race,7,7,26,3,3:32.575,18.553,18.553,,2,1
2023,17_Road America,Road America,road-america,2023-08-06,202308061010_Race,7,7,27,79,3:32.369,19.240,19.240,,2,1
2023,17_Road America,Road America,road-america,2023-08-06,202308061010_Race,7,7,28,14,3:30.733,19.474,19.474,,2,1
2023,17_Road America,Road America,road-america,2023-08-06,202308061010_Race,7,7,29,9,3:30.314,20.016,20.016,,2,1
2023,17_Road America,Road America,road-america,2023-08-06,202308061010_Race,7,7,30,1,3:29.724,20.575,20.575,,2,1
2023,17_Road America,Road America,road-america,2023-08-06,202308061010_Race,7,7,31,70,3:28.840,21.234,21.234,,2,1
2023,17_Road America,Road America,road-america,2023-08-06,202308061010_Race,7,7,32,32,3:27.965,22.177,22.177,,2,1
2023,17_Road America,Road America,road-america,2023-08-06,202308061010_Race,7,7,33,27,3:27.510,22.522,22.522,,2,1
2023,17_Road America,Road America,road-america,2023-08-06,202308061010_Race,7,7,34,12,3:26.570,23.575,23.575,,2,1
2023,17_Road America,Road America,road-america,2023-08-06,202308061010_Race,7,7,35,96,3:26.209,24.474,24.474,,2,1
2023,17_Road America,Road America,road-america,2023-08-06,202308061010_Race,7,7,36,78,3:25.658,25.106,25.106,,2,1
2023,17_Road America,Road America,road-america,2023-08-06,202308061010_Race,7,7,37,57,3:24.881,25.206,25.206,,2,1
2023,17_Road America,Road America,road-america,2023-08-06,202308061010_Race,7,7,38,66,3:25.178,26.018,26.018,,2,1
2023,17_Road America,Road America,road-america,2023-08-06,202308061010_Race,7,7,39,93,3:25.027,26.393,26.393,,2,1
2023,17_Road America,Road America,road-america,2023-08-06,202308061010_Race,7,7,40,91,3:24.626,26.856,26.856,,2,1
2023,17_Road America,Road America,road-america,2023-08-06,202308061010_Race,7,7,41,97,3:23.869,27.068,27.068,,2,1
2023,17_Road America,Road America,road-america,2023-08-06,202308061010_Race,7,7,42,80,3:23.529,27.857,27.857,,2,1
2023,17_Road America,Road America,road-america,2023-08-06,202308061010_Race,7,7,43,77,3:22.734,28.456,28.456,,2,1
2023,17_Road America,Road America,road-america,2023-08-06,202308061010_Race,7,7,44,92,3:20.687,28.738,28.738,,2,1
2023,17_Road America,Road America,road-america,2023-08-06,202308061010_Race,8,8,1,7,1:52.911,,,,2,1
2023,17_Road America,Road America,road-america,2023-08-06,202308061010_Race,8,8,2,01,1:54.155,1.854,1.854,,2,1
2023,17_Road America,Road America,road-america,2023-08-06,202308061010_Race,8,8,3,60,1:53.928,2.404,2.404,,2,1
2023,17_Road America,Road America,road-america,2023-08-06,202308061010_Race,8,8,4,6,1:54.743,3.235,3.235,,2,1
2023,17_Road America,Road America,road-america,2023-08-06,202308061010_Race,8,8,5,10,1:58.469,7.565,7.565,,2,1
2023,17_Road America,Road America,road-america,2023-08-06,202308061010_Race,8,8,6,5,1:58.265,8.131,8.131,,2,1
2023,17_Road America,Road America,road-america,2023-08-06,202308061010_Race,8,8,7,31,1:58.180,8.710,8.710,,2,1
2023,17_Road America,Road America,road-america,2023-08-06,202308061010_Race,8,8,8,59,1:58.090,9.560,9.560,,2,1
2023,17_Road America,Road America,road-america,2023-08-06,202308061010_Race,8,8,9,24,2:01.250,10.798,10.798,,2,1
2023,17_Road America,Road America,road-america,2023-08-06,202308061010_Race,8,8,10,52,1:59.923,12.267,12.267,,2,1
2023,17_Road America,Road America,road-america,2023-08-06,202308061010_Race,8,8,11,11,2:00.496,15.610,15.610,,2,1
2023,17_Road America,Road America,road-america,2023-08-06,202308061010_Race,8,8,12,8,2:02.527,16.339,16.339,,2,1
2023,17_Road America,Road America,road-america,2023-08-06,202308061010_Race,8,8,13,04,2:01.968,16.936,16.936,,2,1
2023,17_Road America,Road America,road-america,2023-08-06,202308061010_Race,8,8,14,20,2:01.856,17.599,17.599,,2,1
2023,17_Road America,Road America,road-america,2023-08-06,202308061010_Race,8,8,15,35,2:01.454,17.945,17.945,,2,1
2023,17_Road America,Road America,road-america,2023-08-06,202308061010_Race,8,8,16,18,2:02.852,19.024,19.024,,2,1
2023,17_Road America,Road America,road-america,2023-08-06,202308061010_Race,8,8,17,33,2:02.542,20.007,20.007,,2,1
2023,17_Road America,Road America,road-america,2023-08-06,202308061010_Race,8,8,18,74,2:02.664,20.831,20.831,,2,1
2023,17_Road America,Road America,road-america,2023-08-06,202308061010_Race,8,8,19,29,2:02.501,21.076,21.076,,2,1
2023,17_Road America,Road America,road-america,2023-08-06,202308061010_Race,8,8,20,4,2:03.129,22.886,22.886,,2,1
2023,17_Road America,Road America,road-america,2023-08-06,202308061010_Race,8,7,21,85,2:04.029,1 Lap,,1,2,1
2023,17_Road America,Road America,road-america,2023-08-06,202308061010_Race,8,8,22,30,2:04.009,24.563,24.563,,2,1
2023,17_Road America,Road America,road-america,2023-08-06,202308061010_Race,8,8,23,17,2:05.668,26.115,26.115,,2,1
2023,17_Road America,Road America,road-america,2023-08-06,202308061010_Race,8,8,24,13,2:05.757,26.428,26.428,,2,1
2023,17_Road America,Road America,road-america,2023-08-06,202308061010_Race,8,8,25,23,2:06.113,31.215,31.215,,2,1
2023,17_Road America,Road America,road-america,2023-08-06,202308061010_Race,8,8,26,3,2:05.808,31.450,31.450,,2,1
2023,17_Road America,Road America,road-america,2023-08-06,202308061010_Race,8,8,27,79,2:06.306,32.635,32.635,,2,1
2023,17_Road America,Road America,road-america,2023-08-06,202308061010_Race,8,8,28,14,2:06.953,33.516,33.516,,2,1
2023,17_Road America,Road America,road-america,2023-08-06,202308061010_Race,8,8,29,9,2:06.902,34.007,34.007,,2,1
2023,17_Road America,Road America,road-america,2023-08-06,202308061010_Race,8,8,30,1,2:06.518,34.182,34.182,,2,2
2023,17_Road America,Road America,road-america,2023-08-06,202308061010_Race,8,8,31,70,2:06.475,34.798,34.798,,2,2
2023,17_Road America,Road America,road-america,2023-08-06,202308061010_Race,8,8,32,32,2:06.542,35.808,35.808,,2,2
2023,17_Road America,Road America,road-america,2023-08-06,202308061010_Race,8,8,33,27,2:06.712,36.323,36.323,,2,2
2023,17_Road America,Road America,road-america,2023-08-06,202308061010_Race,8,8,34,12,2:06.200,36.864,36.864,,2,2
2023,17_Road America,Road America,road-america,2023-08-06,202308061010_Race,8,8,35,96,2:05.862,37.425,37.425,,2,2
2023,17_Road America,Road America,road-america,2023-08-06,202308061010_Race,8,8,36,78,2:07.420,39.615,39.615,,2,2
2023,17_Road America,Road America,road-america,2023-08-06,202308061010_Race,8,8,37,66,2:07.209,40.316,40.316,,2,2
2023,17_Road America,Road America,road-america,2023-08-06,202308061010_Race,8,8,38,57,2:08.522,40.817,40.817,,2,2
2023,17_Road America,Road America,road-america,2023-08-06,202308061010_Race,8,8,39,93,2:07.902,41.384,41.384,,2,2
2023,17_Road America,Road America,road-america,2023-08-06,202308061010_Race,8,8,40,91,2:07.973,41.918,41.918,,2,2
2023,17_Road America,Road America,road-america,2023-08-06,202308061010_Race,8,8,41,97,2:08.058,42.215,42.215,,2,2
2023,17_Road America,Road America,road-america,2023-08-06,202308061010_Race,8,8,42,80,2:08.124,43.070,43.070,,2,2
2023,17_Road America,Road America,road-america,2023-08-06,202308061010_Race,8,8,43,77,2:08.323,43.868,43.868,,2,2
2023,17_Road America,Road America,road-america,2023-08-06,202308061010_Race,8,8,44,92,2:08.752,44.579,44.579,,2,2
2023,17_Road America,Road America,road-america,2023-08-06,202308061010_Race,9,9,1,7,1:50.360,,,,2,2
2023,17_Road America,Road America,road-america,2023-08-06,202308061010_Race,9,9,2,01,1:50.450,1.944,1.944,,2,2
2023,17_Road America,Road America,road-america,2023-08-06,202308061010_Race,9,9,3,60,1:50.970,3.014,3.014,,2,2
2023,17_Road America,Road America,road-america,2023-08-06,202308061010_Race,9,9,4,6,1:51.036,3.911,3.911,,2,2
2023,17_Road America,Road America,road-america,2023-08-06,202308061010_Race,9,9,5,10,1:52.028,9.233,9.233,,2,2
2023,17_Road America,Road America,road-america,2023-08-06,202308061010_Race,9,9,6,5,1:52.141,9.912,9.912,,2,2
2023,17_Road America,Road America,road-america,2023-08-06,202308061010_Race,9,9,7,31,1:52.133,10.483,10.483,,2,2
2023,17_Road America,Road America,road-america,2023-08-06,202308061010_Race,9,9,8,59,1:52.750,11.950,11.950,,2,2
2023,17_Road America,Road America,road-america,2023-08-06,202308061010_Race,9,9,9,24,1:51.806,12.244,12.244,,2,2
2023,17_Road America,Road America,road-america,2023-08-06,202308061010_Race,9,9,10,52,1:55.803,17.710,17.710,,2,2
2023,17_Road America,Road America,road-america,2023-08-06,202308061010_Race,9,9,11,11,1:56.184,21.434,21.434,,2,2
2023,17_Road America,Road America,road-america,2023-08-06,202308061010_Race,9,9,12,8,1:58.555,24.534,24.534,,2,2
2023,17_Road America,Road America,road-america,2023-08-06,202308061010_Race,9,9,13,04,1:58.281,24.857,24.857,,2,2
2023,17_Road America,Road America,road-america,2023-08-06,202308061010_Race,9,9,14,20,1:58.359,25.598,25.598,,2,2
2023,17_Road America,Road America,road-america,2023-08-06,202308061010_Race,9,9,15,35,1:58.144,25.729,25.729,,2,2
2023,17_Road America,Road America,road-america,2023-08-06,202308061010_Race,9,9,16,18,1:58.858,27.522,27.522,,2,2
2023,17_Road America,Road America,road-america,2023-08-06,202308061010_Race,9,9,17,33,2:01.589,31.236,31.236,,2,2
2023,17_Road America,Road America,road-america,2023-08-06,202308061010_Race,9,9,18,74,2:01.383,31.854,31.854,,2,2
2023,17_Road America,Road America,road-america,2023-08-06,202308061010_Race,9,9,19,29,2:01.368,32.084,32.084,,2,2
2023,17_Road America,Road America,road-america,2023-08-06,202308061010_Race,9,9,20,4,2:02.269,34.795,34.795,,2,2
2023,17_Road America,Road America,road-america,2023-08-06,202308061010_Race,9,8,21,85,2:02.987,1 Lap,,1,2,2
2023,17_Road America,Road America,road-america,2023-08-06,202308061010_Race,9,9,22,13,2:03.798,39.866,39.866,,2,2
2023,17_Road America,Road America,road-america,2023-08-06,202308061010_Race,9,9,23,17,2:04.572,40.327,40.327,,2,2
2023,17_Road America,Road America,road-america,2023-08-06,202308061010_Race,9,9,24,23,2:04.940,45.795,45.795,,2,2
2023,17_Road America,Road America,road-america,2023-08-06,202308061010_Race,9,9,25,3,2:05.248,46.338,46.338,,2,2
2023,17_Road America,Road America,road-america,2023-08-06,202308061010_Race,9,9,26,79,2:05.299,47.574,47.574,,2,2
2023,17_Road America,Road America,road-america,2023-08-06,202308061010_Race,9,9,27,14,2:05.839,48.995,48.995,,2,2
2023,17_Road America,Road America,road-america,2023-08-06,202308061010_Race,9,9,28,9,2:05.945,49.592,49.592,,2,2
2023,17_Road America,Road America,road-america,2023-08-06,202308061010_Race,9,9,29,1,2:05.865,49.687,49.687,,2,2
2023,17_Road America,Road America,road-america,2023-08-06,202308061010_Race,9,9,30,70,2:05.894,50.332,50.332,,2,2
2023,17_Road America,Road America,road-america,2023-08-06,202308061010_Race,9,9,31,32,2:06.024,51.472,51.472,,2,2
2023,17_Road America,Road America,road-america,2023-08-06,202308061010_Race,9,9,32,27,2:05.928,51.891,51.891,,2,2
2023,17_Road America,Road America,road-america,2023-08-06,202308061010_Race,9,9,33,12,2:05.908,52.412,52.412,,2,2
2023,17_Road America,Road America,road-america,2023-08-06,202308061010_Race,9,9,34,96,2:05.620,52.685,52.685,,2,2
2023,17_Road America,Road America,road-america,2023-08-06,202308061010_Race,9,9,35,30,2:19.924,54.127,54.127,,2,2
2023,17_Road America,Road America,road-america,2023-08-06,202308061010_Race,9,9,36,78,2:06.492,55.747,55.747,,2,2
2023,17_Road America,Road America,road-america,2023-08-06,202308061010_Race,9,9,37,66,2:07.089,57.045,57.045,,2,2
2023,17_Road America,Road America,road-america,2023-08-06,202308061010_Race,9,9,38,57,2:07.038,57.495,57.495,,2,2
2023,17_Road America,Road America,road-america,2023-08-06,202308061010_Race,9,9,39,93,2:07.042,58.066,58.066,,2,2
2023,17_Road America,Road America,road-america,2023-08-06,202308061010_Race,9,9,40,91,2:07.024,58.582,58.582,,2,2
2023,17_Road America,Road America,road-america,2023-08-06,202308061010_Race,9,9,41,97,2:07.560,59.415,59.415,,2,2
2023,17_Road America,Road America,road-america,2023-08-06,202308061010_Race,9,9,42,80,2:08.126,1:00.836,60.836,,2,2
2023,17_Road America,Road America,road-america,2023-08-06,202308061010_Race,9,9,43,77,2:08.207,1:01.715,61.715,,2,3
2023,17_Road America,Road America,road-america,2023-08-06,202308061010_Race,9,9,44,92,2:08.454,1:02.673,62.673,,2,3
2023,17_Road America,Road America,road-america,2023-08-06,202308061010_Race,10,10,1,7,1:49.962,,,,2,3
2023,17_Road America,Road America,road-america,2023-08-06,202308061010_Race,10,10,2,01,1:50.440,2.422,2.422,,2,3
2023,17_Road America,Road America,road-america,2023-08-06,202308061010_Race,10,10,3,60,1:50.502,3.554,3.554,,2,3
2023,17_Road America,Road America,road-america,2023-08-06,202308061010_Race,10,10,4,6,1:50.344,4.293,4.293,,2,3
2023,17_Road America,Road America,road-america,2023-08-06,202308061010_Race,10,10,5,10,1:50.818,10.089,10.089,,2,3
2023,17_Road America,Road America,road-america,2023-08-06,202308061010_Race,10,10,6,5,1:50.640,10.590,10.590,,2,3
2023,17_Road America,Road America,road-america,2023-08-06,202308061010_Race,10,10,7,31,1:50.966,11.487,11.487,,2,3
2023,17_Road America,Road America,road-america,2023-08-06,202308061010_Race,10,10,8,59,1:51.306,13.294,13.294,,2,3
2023,17_Road America,Road America,road-america,2023-08-06,202308061010_Race,10,10,9,24,1:51.361,13.643,13.643,,2,3
2023,17_Road America,Road America,road-america,2023-08-06,202308061010_Race,10,10,10,52,1:55.193,22.941,22.941,,2,3
2023,17_Road America,Road America,road-america,2023-08-06,202308061010_Race,10,10,11,11,1:55.389,26.861,26.861,,2,3
2023,17_Road America,Road America,road-america,2023-08-06,202308061010_Race,10,10,12,8,1:56.309,30.881,30.881,,2,3
2023,17_Road America,Road America,road-america,2023-08-06,202308061010_Race,10,10,13,04,1:56.277,31.172,31.172,,2,3
2023,17_Road America,Road America,road-america,2023-08-06,202308061010_Race,10,10,14,20,1:56.883,32.519,32.519,,2,3
2023,17_Road America,Road America,road-america,2023-08-06,202308061010_Race,10,10,15,35,1:57.943,33.710,33.710,,2,3
2023,17_Road America,Road America,road-america,2023-08-06,202308061010_Race,10,10,16,18,1:57.930,35.490,35.490,,2,3
2023,17_Road America,Road America,road-america,2023-08-06,202308061010_Race,10,10,17,33,2:00.366,41.640,41.640,,2,3
2023,17_Road America,Road America,road-america,2023-08-06,202308061010_Race,10,10,18,74,2:01.376,43.268,43.268,,2,3
2023,17_Road America,Road America,road-america,2023-08-06,202308061010_Race,10,10,19,29,2:01.339,43.461,43.461,,2,3
2023,17_Road America,Road America,road-america,2023-08-06,202308061010_Race,10,10,20,4,2:01.987,46.820,46.820,,2,3
2023,17_Road America,Road America,road-america,2023-08-06,202308061010_Race,10,9,21,85,2:03.669,1 Lap,,1,2,3
2023,17_Road America,Road America,road-america,2023-08-06,202308061010_Race,10,10,22,13,2:00.934,50.838,50.838,,2,3
2023,17_Road America,Road America,road-america,2023-08-06,202308061010_Race,10,10,23,17,2:03.683,54.048,54.048,,2,3
2023,17_Road America,Road America,road-america,2023-08-06,202308061010_Race,10,10,24,23,2:05.064,1:00.897,60.897,,2,3
2023,17_Road America,Road America,road-america,2023-08-06,202308061010_Race,10,10,25,3,2:05.145,1:01.521,61.521,,2,3
2023,17_Road America,Road America,road-america,2023-08-06,202308061010_Race,10,10,26,79,2:04.894,1:02.506,62.506,,2,3
2023,17_Road America,Road America,road-america,2023-08-06,202308061010_Race,10,10,27,14,2:05.546,1:04.579,64.579,,2,3
2023,17_Road America,Road America,road-america,2023-08-06,202308061010_Race,10,10,28,9,2:05.681,1:05.311,65.311,,2,3
2023,17_Road America,Road America,road-america,2023-08-06,202308061010_Race,10,10,29,1,2:05.732,1:05.457,65.457,,2,3
2023,17_Road America,Road America,road-america,2023-08-06,202308061010_Race,10,10,30,70,2:05.823,1:06.193,66.193,,2,3
2023,17_Road America,Road America,road-america,2023-08-06,202308061010_Race,10,10,31,32,2:05.966,1:07.476,67.476,,2,3
2023,17_Road America,Road America,road-america,2023-08-06,202308061010_Race,10,10,32,27,2:05.787,1:07.716,67.716,,2,3
2023,17_Road America,Road America,road-america,2023-08-06,202308061010_Race,10,10,33,12,2:06.000,1:08.450,68.450,,2,3
2023,17_Road America,Road America,road-america,2023-08-06,202308061010_Race,10,10,34,96,2:05.897,1:08.620,68.620,,2,3
2023,17_Road America,Road America,road-america,2023-08-06,202308061010_Race,10,10,35,78,2:06.493,1:12.278,72.278,,2,3
2023,17_Road America,Road America,road-america,2023-08-06,202308061010_Race,10,10,36,66,2:06.583,1:13.666,73.666,,2,3
2023,17_Road America,Road America,road-america,2023-08-06,202308061010_Race,10,10,37,57,2:06.699,1:14.232,74.232,,2,3
2023,17_Road America,Road America,road-america,2023-08-06,202308061010_Race,10,10,38,93,2:06.925,1:15.029,75.029,,2,3
2023,17_Road America,Road America,road-america,2023-08-06,202308061010_Race,10,10,39,91,2:06.901,1:15.521,75.521,,2,3
2023,17_Road America,Road America,road-america,2023-08-06,202308061010_Race,10,10,40,97,2:06.654,1:16.107,76.107,,2,3
2023,17_Road America,Road America,road-america,2023-08-06,202308061010_Race,10,10,41,80,2:07.016,1:17.890,77.890,,2,3
2023,17_Road America,Road America,road-america,2023-08-06,202308061010_Race,10,10,42,77,2:07.807,1:19.560,79.560,,2,3
2023,17_Road America,Road America,road-america,2023-08-06,202308061010_Race,10,10,43,92,2:08.748,1:21.459,81.459,,2,3
2023,17_Road America,Road America,road-america,2023-08-06,202308061010_Race,10,10,44,30,2:22.779,1:26.944,86.944,,2,3
2023,17_Road America,Road America,road-america,2023-08-06,202308061010_Race,11,11,1,7,1:49.871,,,,2,3
2023,17_Road America,Road America,road-america,2023-08-06,202308061010_Race,11,11,2,01,1:50.464,3.015,3.015,,2,3
2023,17_Road America,Road America,road-america,2023-08-06,202308061010_Race,11,11,3,60,1:50.580,4.263,4.263,,2,3
2023,17_Road America,Road America,road-america,2023-08-06,202308061010_Race,11,11,4,6,1:50.634,5.056,5.056,,2,3
2023,17_Road America,Road America,road-america,2023-08-06,202308061010_Race,11,11,5,10,1:50.405,10.623,10.623,,2,3
2023,17_Road America,Road America,road-america,2023-08-06,202308061010_Race,11,11,6,5,1:50.646,11.365,11.365,,2,3
2023,17_Road America,Road America,road-america,2023-08-06,202308061010_Race,11,11,7,31,1:50.721,12.337,12.337,,2,3
2023,17_Road America,Road America,road-america,2023-08-06,202308061010_Race,11,11,8,24,1:51.004,14.776,14.776,,2,3
2023,17_Road America,Road America,road-america,2023-08-06,202308061010_Race,11,11,9,59,1:52.418,15.841,15.841,,2,3
2023,17_Road America,Road America,road-america,2023-08-06,202308061010_Race,11,11,10,52,1:55.347,28.417,28.417,,2,4
2023,17_Road America,Road America,road-america,2023-08-06,202308061010_Race,11,11,11,11,1:55.044,32.034,32.034,,2,4
2023,17_Road America,Road America,road-america,2023-08-06,202308061010_Race,11,11,12,8,1:56.391,37.401,37.401,,2,4
2023,17_Road America,Road America,road-america,2023-08-06,202308061010_Race,11,11,13,04,1:56.673,37.974,37.974,,2,4
2023,17_Road America,Road America,road-america,2023-08-06,202308061010_Race,11,11,14,20,1:56.016,38.664,38.664,,2,4
2023,17_Road America,Road America,road-america,2023-08-06,202308061010_Race,11,11,15,35,1:56.440,40.279,40.279,,2,4
2023,17_Road America,Road America,road-america,2023-08-06,202308061010_Race,11,11,16,18,1:58.449,44.068,44.068,,2,4
2023,17_Road America,Road America,road-america,2023-08-06,202308061010_Race,11,11,17,33,1:59.684,51.453,51.453,,2,4
2023,17_Road America,Road America,road-america,2023-08-06,202308061010_Race,11,11,18,29,1:59.986,53.576,53.576,,2,4
2023,17_Road America,Road America,road-america,2023-08-06,202308061010_Race,11,11,19,74,2:01.725,55.122,55.122,,2,4
2023,17_Road America,Road America,road-america,2023-08-06,202308061010_Race,11,11,20,4,2:02.168,59.117,59.117,,2,4
2023,17_Road America,Road America,road-america,2023-08-06,202308061010_Race,11,10,21,85,2:03.646,1 Lap,,1,2,4
2023,17_Road America,Road America,road-america,2023-08-06,202308061010_Race,11,11,22,13,2:03.463,1:04.430,64.430,,2,4
2023,17_Road America,Road America,road-america,2023-08-06,202308061010_Race,11,11,23,17,2:03.260,1:07.437,67.437,,2,4
2023,17_Road America,Road America,road-america,2023-08-06,202308061010_Race,11,11,24,23,2:04.959,1:15.985,75.985,,2,4
2023,17_Road America,Road America,road-america,2023-08-06,202308061010_Race,11,11,25,3,2:05.005,1:16.655,76.655,,2,4
2023,17_Road America,Road America,road-america,2023-08-06,202308061010_Race,11,11,26,79,2:04.926,1:17.561,77.561,,2,4
2023,17_Road America,Road America,road-america,2023-08-06,202308061010_Race,11,11,27,14,2:05.378,1:20.086,80.086,,2,4
2023,17_Road America,Road America,road-america,2023-08-06,202308061010_Race,11,11,28,9,2:05.272,1:20.712,80.712,,2,4
2023,17_Road America,Road America,road-america,2023-08-06,202308061010_Race,11,11,29,1,2:05.415,1:21.001,81.001,,2,4
2023,17_Road America,Road America,road-america,2023-08-06,202308061010_Race,11,11,30,70,2:05.410,1:21.732,81.732,,2,4
2023,17_Road America,Road America,road-america,2023-08-06,202308061010_Race,11,11,31,32,2:06.310,1:23.915,83.915,,2,4
2023,17_Road America,Road America,road-america,2023-08-06,202308061010_Race,11,11,32,27,2:06.473,1:24.318,84.318,,2,4
2023,17_Road America,Road America,road-america,2023-08-06,202308061010_Race,11,11,33,96,2:06.249,1:24.998,84.998,,2,4
2023,17_Road America,Road America,road-america,2023-08-06,202308061010_Race,11,11,34,12,2:08.277,1:26.856,86.856,,2,4
2023,17_Road America,Road America,road-america,2023-08-06,202308061010_Race,11,11,35,78,2:05.879,1:28.286,88.286,,2,4
2023,17_Road America,Road America,road-america,2023-08-06,202308061010_Race,11,11,36,66,2:06.384,1:30.179,90.179,,2,4
2023,17_Road America,Road America,road-america,2023-08-06,202308061010_Race,11,11,37,57,2:06.411,1:30.772,90.772,,2,4
2023,17_Road America,Road America,road-america,2023-08-06,202308061010_Race,11,11,38,93,2:07.104,1:32.262,92.262,,2,4
2023,17_Road America,Road America,road-america,2023-08-06,202308061010_Race,11,11,39,91,2:07.089,1:32.739,92.739,,2,4
2023,17_Road America,Road America,road-america,2023-08-06,202308061010_Race,11,11,40,97,2:06.935,1:33.171,93.171,,2,4
2023,17_Road America,Road America,road-america,2023-08-06,202308061010_Race,11,11,41,80,2:07.687,1:35.706,95.706,,2,4
2023,17_Road America,Road America,road-america,2023-08-06,202308061010_Race,11,11,42,77,2:08.309,1:37.998,97.998,,2,4
2023,17_Road America,Road America,road-america,2023-08-06,202308061010_Race,11,11,43,30,2:02.432,1:39.505,99.505,,2,4
2023,17_Road America,Road America,road-america,2023-08-06,202308061010_Race,11,11,44,92,2:10.646,1:42.234,102.234,,2,4
2023,17_Road America,Road America,road-america,2023-08-06,202308061010_Race,12,12,1,7,1:49.996,,,,2,4
2023,17_Road America,Road America,road-america,2023-08-06,202308061010_Race,12,12,2,01,1:50.894,3.913,3.913,,2,4
2023,17_Road America,Road America,road-america,2023-08-06,202308061010_Race,12,12,3,60,1:50.594,4.861,4.861,,2,4
2023,17_Road America,Road America,road-america,2023-08-06,202308061010_Race,12,12,4,6,1:50.513,5.573,5.573,,2,4
2023,17_Road America,Road America,road-america,2023-08-06,202308061010_Race,12,12,5,10,1:50.892,11.519,11.519,,2,4
2023,17_Road America,Road America,road-america,2023-08-06,202308061010_Race,12,12,6,5,1:50.679,12.048,12.048,,2,4
2023,17_Road America,Road America,road-america,2023-08-06,202308061010_Race,12,12,7,31,1:50.614,12.955,12.955,,2,4
2023,17_Road America,Road America,road-america,2023-08-06,202308061010_Race,12,12,8,24,1:49.923,14.703,14.703,,2,4
2023,17_Road America,Road America,road-america,2023-08-06,202308061010_Race,12,12,9,59,1:52.124,17.969,17.969,,2,4
2023,17_Road America,Road America,road-america,2023-08-06,202308061010_Race,12,12,10,52,1:54.867,33.288,33.288,,2,4
2023,17_Road America,Road America,road-america,2023-08-06,202308061010_Race,12,12,11,11,1:55.249,37.287,37.287,,2,4
2023,17_Road America,Road America,road-america,2023-08-06,202308061010_Race,12,12,12,8,1:56.855,44.260,44.260,,2,4
2023,17_Road America,Road America,road-america,2023-08-06,202308061010_Race,12,12,13,04,1:56.597,44.575,44.575,,2,4
2023,17_Road America,Road America,road-america,2023-08-06,202308061010_Race,12,12,14,20,1:56.634,45.302,45.302,,2,4
2023,17_Road America,Road America,road-america,2023-08-06,202308061010_Race,12,12,15,35,1:56.372,46.655,46.655,,2,4
2023,17_Road America,Road America,road-america,2023-08-06,202308061010_Race,12,12,16,18,1:57.382,51.454,51.454,,2,4
2023,17_Road America,Road America,road-america,2023-08-06,202308061010_Race,12,12,17,33,1:59.110,1:00.567,60.567,,2,4
2023,17_Road America,Road America,road-america,2023-08-06,202308061010_Race,12,12,18,29,1:59.551,1:03.131,63.131,,2,4
2023,17_Road America,Road America,road-america,2023-08-06,202308061010_Race,12,12,19,74,2:00.916,1:06.042,66.042,,2,4
2023,17_Road America,Road America,road-america,2023-08-06,202308061010_Race,12,12,20,4,2:02.113,1:11.234,71.234,,2,4
2023,17_Road America,Road America,road-america,2023-08-06,202308061010_Race,12,12,21,13,2:01.071,1:15.505,75.505,,2,4
2023,17_Road America,Road America,road-america,2023-08-06,202308061010_Race,12,11,22,85,2:05.040,1 Lap,,1,2,4
2023,17_Road America,Road America,road-america,2023-08-06,202308061010_Race,12,12,23,17,2:02.917,1:20.358,80.358,,2,5
2023,17_Road America,Road America,road-america,2023-08-06,202308061010_Race,12,12,24,23,2:05.560,1:31.549,91.549,,2,5
2023,17_Road America,Road America,road-america,2023-08-06,202308061010_Race,12,12,25,3,2:05.150,1:31.809,91.809,,2,5
2023,17_Road America,Road America,road-america,2023-08-06,202308061010_Race,12,12,26,14,2:05.534,1:35.624,95.624,,2,5
2023,17_Road America,Road America,road-america,2023-08-06,202308061010_Race,12,12,27,9,2:05.413,1:36.129,96.129,,2,5
2023,17_Road America,Road America,road-america,2023-08-06,202308061010_Race,12,12,28,1,2:05.400,1:36.405,96.405,,2,5
2023,17_Road America,Road America,road-america,2023-08-06,202308061010_Race,12,12,29,70,2:05.362,1:37.098,97.098,,2,5
2023,17_Road America,Road America,road-america,2023-08-06,202308061010_Race,12,12,30,32,2:05.802,1:39.721,99.721,,2,5
2023,17_Road America,Road America,road-america,2023-08-06,202308061010_Race,12,12,31,27,2:06.125,1:40.447,100.447,,2,5
2023,17_Road America,Road America,road-america,2023-08-06,202308061010_Race,12,12,32,96,2:05.833,1:40.835,100.835,,2,5
2023,17_Road America,Road America,road-america,2023-08-06,202308061010_Race,12,12,33,12,2:05.656,1:42.516,102.516,,2,5
2023,17_Road America,Road America,road-america,2023-08-06,202308061010_Race,12,12,34,78,2:06.021,1:44.311,104.311,,2,5
2023,17_Road America,Road America,road-america,2023-08-06,202308061010_Race,12,12,35,66,2:06.375,1:46.558,106.558,,2,5
2023,17_Road America,Road America,road-america,2023-08-06,202308061010_Race,12,12,36,57,2:06.415,1:47.191,107.191,,2,5
2023,17_Road America,Road America,road-america,2023-08-06,202308061010_Race,12,12,37,79,2:19.689,1:47.254,107.254,,2,5
2023,17_Road America,Road America,road-america,2023-08-06,202308061010_Race,12,12,38,93,2:06.067,1:48.333,108.333,,2,5
2023,17_Road America,Road America,road-america,2023-08-06,202308061010_Race,12,12,39,91,2:06.855,1:49.598,109.598,,2,5
2023,17_Road America,Road America,road-america,2023-08-06,202308061010_Race,12,12,40,97,2:06.905,1:50.080,110.080,,2,5
2023,17_Road America,Road America,road-america,2023-08-06,202308061010_Race,13,13,1,7,1:51.952,,,,2,5
2023,17_Road America,Road America,road-america,2023-08-06,202308061010_Race,13,12,2,30,2:03.328,1 Lap,,1,2,5
2023,17_Road America,Road America,road-america,2023-08-06,202308061010_Race,13,12,3,80,2:09.220,1 Lap,,1,2,5
2023,17_Road America,Road America,road-america,2023-08-06,202308061010_Race,13,13,4,01,1:51.728,3.689,3.689,,2,5
2023,17_Road America,Road America,road-america,2023-08-06,202308061010_Race,13,13,5,60,1:51.648,4.557,4.557,,2,5
2023,17_Road America,Road America,road-america,2023-08-06,202308061010_Race,13,13,6,6,1:51.429,5.050,5.050,,2,5
2023,17_Road America,Road America,road-america,2023-08-06,202308061010_Race,13,12,7,77,2:09.042,1 Lap,,1,2,5
2023,17_Road America,Road America,road-america,2023-08-06,202308061010_Race,13,12,8,92,2:09.874,1 Lap,,1,2,5
2023,17_Road America,Road America,road-america,2023-08-06,202308061010_Race,13,13,9,10,1:51.073,10.640,10.640,,2,5
2023,17_Road America,Road America,road-america,2023-08-06,202308061010_Race,13,13,10,5,1:50.980,11.076,11.076,,2,5
2023,17_Road America,Road America,road-america,2023-08-06,202308061010_Race,13,13,11,31,1:50.751,11.754,11.754,,2,5
2023,17_Road America,Road America,road-america,2023-08-06,202308061010_Race,13,13,12,24,1:50.410,13.161,13.161,,2,5
2023,17_Road America,Road America,road-america,2023-08-06,202308061010_Race,13,13,13,59,1:52.221,18.238,18.238,,2,5
2023,17_Road America,Road America,road-america,2023-08-06,202308061010_Race,13,13,14,52,1:55.229,36.565,36.565,,2,5
2023,17_Road America,Road America,road-america,2023-08-06,202308061010_Race,13,13,15,11,1:55.357,40.692,40.692,,2,5
2023,17_Road America,Road America,road-america,2023-08-06,202308061010_Race,13,13,16,04,1:57.205,49.828,49.828,,2,5
2023,17_Road America,Road America,road-america,2023-08-06,202308061010_Race,13,13,17,20,1:57.604,50.954,50.954,,2,5
2023,17_Road America,Road America,road-america,2023-08-06,202308061010_Race,13,13,18,8,1:59.106,51.414,51.414,,2,5
2023,17_Road America,Road America,road-america,2023-08-06,202308061010_Race,13,13,19,35,1:57.138,51.841,51.841,,2,5
2023,17_Road America,Road America,road-america,2023-08-06,202308061010_Race,13,13,20,18,1:57.439,56.941,56.941,,2,5
2023,17_Road America,Road America,road-america,2023-08-06,202308061010_Race,13,13,21,33,1:59.494,1:08.109,68.109,,2,5
2023,17_Road America,Road America,road-america,2023-08-06,202308061010_Race,13,13,22,29,2:00.143,1:11.322,71.322,,2,5
2023,17_Road America,Road America,road-america,2023-08-06,202308061010_Race,13,13,23,74,2:01.200,1:15.290,75.290,,2,5
2023,17_Road America,Road America,road-america,2023-08-06,202308061010_Race,13,13,24,4,2:01.766,1:21.048,81.048,,2,5
2023,17_Road America,Road America,road-america,2023-08-06,202308061010_Race,13,13,25,13,2:00.373,1:23.926,83.926,,2,5
2023,17_Road America,Road America,road-america,2023-08-06,202308061010_Race,13,12,26,85,2:03.545,1 Lap,,1,2,5
2023,17_Road America,Road America,road-america,2023-08-06,202308061010_Race,13,13,27,17,2:03.389,1:31.795,91.795,,2,5
2023,17_Road America,Road America,road-america,2023-08-06,202308061010_Race,13,13,28,23,2:05.206,1:44.803,104.803,,2,5
2023,17_Road America,Road America,road-america,2023-08-06,202308061010_Race,13,13,29,3,2:05.398,1:45.255,105.255,,2,5
2023,17_Road America,Road America,road-america,2023-08-06,202308061010_Race,13,13,30,14,2:05.659,1:49.331,109.331,,2,5
2023,17_Road America,Road America,road-america,2023-08-06,202308061010_Race,13,13,31,9,2:05.763,1:49.940,109.940,,2,5
2023,17_Road America,Road America,road-america,2023-08-06,202308061010_Race,13,13,32,1,2:05.698,1:50.151,110.151,,2,5
2023,17_Road America,Road America,road-america,2023-08-06,202308061010_Race,13,13,33,70,2:05.827,1:50.973,110.973,,2,5
2023,17_Road America,Road America,road-america,2023-08-06,202308061010_Race,13,13,34,32,2:05.576,1:53.345,113.345,,2,5
2023,17_Road America,Road America,road-america,2023-08-06,202308061010_Race,13,13,35,27,2:05.778,1:54.273,114.273,,2,5
2023,17_Road America,Road America,road-america,2023-08-06,202308061010_Race,14,14,1,7,1:54.342,,,,2,5
2023,17_Road America,Road America,road-america,2023-08-06,202308061010_Race,14,13,2,96,2:06.109,1 Lap,,1,2,5
2023,17_Road America,Road America,road-america,2023-08-06,202308061010_Race,14,13,3,12,2:06.070,1 Lap,,1,3,1
2023,17_Road America,Road America,road-america,2023-08-06,202308061010_Race,14,14,4,01,1:53.995,3.342,3.342,,3,1
2023,17_Road America,Road America,road-america,2023-08-06,202308061010_Race,14,13,5,78,2:06.153,1 Lap,,1,3,1
2023,17_Road America,Road America,road-america,2023-08-06,202308061010_Race,14,14,6,60,1:54.279,4.494,4.494,,3,1
2023,17_Road America,Road America,road-america,2023-08-06,202308061010_Race,14,14,7,6,1:55.947,6.655,6.655,,3,1
2023,17_Road America,Road America,road-america,2023-08-06,202308061010_Race,14,13,8,66,2:07.548,1 Lap,,1,3,1
2023,17_Road America,Road America,road-america,2023-08-06,202308061010_Race,14,13,9,57,2:07.597,1 Lap,,1,3,1
2023,17_Road America,Road America,road-america,2023-08-06,202308061010_Race,14,14,10,10,1:53.146,9.444,9.444,,3,1
2023,17_Road America,Road America,road-america,2023-08-06,202308061010_Race,14,14,11,5,1:53.029,9.763,9.763,,3,1
2023,17_Road America,Road America,road-america,2023-08-06,202308061010_Race,14,13,12,93,2:07.977,1 Lap,,1,3,1
2023,17_Road America,Road America,road-america,2023-08-06,202308061010_Race,14,13,13,91,2:07.825,1 Lap,,1,3,1
2023,17_Road America,Road America,road-america,2023-08-06,202308061010_Race,14,14,14,31,1:54.148,11.560,11.560,,3,1
2023,17_Road America,Road America,road-america,2023-08-06,202308061010_Race,14,14,15,24,1:53.192,12.011,12.011,,3,1
2023,17_Road America,Road America,road-america,2023-08-06,202308061010_Race,14,13,16,30,2:05.531,1 Lap,,1,3,1
2023,17_Road America,Road America,road-america,2023-08-06,202308061010_Race,14,13,17,97,2:09.053,1 Lap,,1,3,1
2023,17_Road America,Road America,road-america,2023-08-06,202308061010_Race,14,14,18,59,1:53.463,17.359,17.359,,3,1
2023,17_Road America,Road America,road-america,2023-08-06,202308061010_Race,14,13,19,80,2:10.140,1 Lap,,1,3,1
2023,17_Road America,Road America,road-america,2023-08-06,202308061010_Race,14,13,20,77,2:10.190,1 Lap,,1,3,1
2023,17_Road America,Road America,road-america,2023-08-06,202308061010_Race,14,13,21,92,2:09.841,1 Lap,,1,3,1
2023,17_Road America,Road America,road-america,2023-08-06,202308061010_Race,14,14,22,52,1:56.744,38.967,38.967,,3,1
2023,17_Road America,Road America,road-america,2023-08-06,202308061010_Race,14,14,23,11,1:55.836,42.186,42.186,,3,1
2023,17_Road America,Road America,road-america,2023-08-06,202308061010_Race,14,14,24,04,1:54.584,50.070,50.070,,3,1
2023,17_Road America,Road America,road-america,2023-08-06,202308061010_Race,14,13,25,79,2:49.118,1 Lap,,1,3,1
2023,17_Road America,Road America,road-america,2023-08-06,202308061010_Race,14,14,26,20,1:56.044,52.656,52.656,,3,1
2023,17_Road America,Road America,road-america,2023-08-06,202308061010_Race,14,14,27,8,1:57.073,54.145,54.145,,3,1
2023,17_Road America,Road America,road-america,2023-08-06,202308061010_Race,14,14,28,35,1:57.475,54.974,54.974,,3,1
2023,17_Road America,Road America,road-america,2023-08-06,202308061010_Race,14,14,29,18,1:57.653,1:00.252,60.252,,3,1
2023,17_Road America,Road America,road-america,2023-08-06,202308061010_Race,14,14,30,33,1:59.092,1:12.859,72.859,,3,1
2023,17_Road America,Road America,road-america,2023-08-06,202308061010_Race,14,14,31,29,2:00.209,1:17.189,77.189,,3,1
2023,17_Road America,Road America,road-america,2023-08-06,202308061010_Race,14,14,32,74,2:01.502,1:22.450,82.450,,3,1
2023,17_Road America,Road America,road-america,2023-08-06,202308061010_Race,14,14,33,4,2:02.234,1:28.940,88.940,,3,1
2023,17_Road America,Road America,road-america,2023-08-06,202308061010_Race,14,14,34,13,2:00.848,1:30.432,90.432,,3,1
2023,17_Road America,Road America,road-america,2023-08-06,202308061010_Race,14,13,35,85,2:03.617,1 Lap,,1,3,1
2023,17_Road America,Road America,road-america,2023-08-06,202308061010_Race,14,14,36,17,2:03.979,1:41.432,101.432,,3,1
2023,17_Road America,Road America,road-america,2023-08-06,202308061010_Race,15,15,1,7,1:51.649,,,,3,1
2023,17_Road America,Road America,road-america,2023-08-06,202308061010_Race,15,14,2,3,2:05.605,1 Lap,,1,3,1
2023,17_Road America,Road America,road-america,2023-08-06,202308061010_Race,15,15,3,01,1:55.306,6.999,6.999,,3,1
2023,17_Road America,Road America,road-america,2023-08-06,202308061010_Race,15,15,4,60,1:55.829,8.674,8.674,,3,1
2023,17_Road America,Road America,road-america,2023-08-06,202308061010_Race,15,14,5,14,2:06.558,1 Lap,,1,3,1
2023,17_Road America,Road America,road-america,2023-08-06,202308061010_Race,15,14,6,9,2:06.640,1 Lap,,1,3,1
2023,17_Road America,Road America,road-america,2023-08-06,202308061010_Race,15,14,7,1,2:06.505,1 Lap,,1,3,1
2023,17_Road America,Road America,road-america,2023-08-06,202308061010_Race,15,14,8,70,2:06.416,1 Lap,,1,3,1
2023,17_Road America,Road America,road-america,2023-08-06,202308061010_Race,15,14,9,32,2:06.436,1 Lap,,1,3,1
2023,17_Road America,Road America,road-america,2023-08-06,202308061010_Race,15,15,10,10,1:56.011,13.806,13.806,,3,1
2023,17_Road America,Road America,road-america,2023-08-06,202308061010_Race,15,15,11,5,1:55.825,13.939,13.939,,3,1
2023,17_Road America,Road America,road-america,2023-08-06,202308061010_Race,15,14,12,27,2:06.054,1 Lap,,1,3,1
2023,17_Road America,Road America,road-america,2023-08-06,202308061010_Race,15,15,13,24,1:54.338,14.700,14.700,,3,1
2023,17_Road America,Road America,road-america,2023-08-06,202308061010_Race,15,14,14,96,2:05.962,1 Lap,,1,3,1
2023,17_Road America,Road America,road-america,2023-08-06,202308061010_Race,15,15,15,31,1:55.472,15.383,15.383,,3,1
2023,17_Road America,Road America,road-america,2023-08-06,202308061010_Race,15,14,16,12,2:06.850,1 Lap,,1,3,1
2023,17_Road America,Road America,road-america,2023-08-06,202308061010_Race,15,14,17,23,2:20.240,1 Lap,,1,3,1
2023,17_Road America,Road America,road-america,2023-08-06,202308061010_Race,15,14,18,78,2:08.419,1 Lap,,1,3,1
2023,17_Road America,Road America,road-america,2023-08-06,202308061010_Race,15,14,19,66,2:07.011,1 Lap,,1,3,1
2023,17_Road America,Road America,road-america,2023-08-06,202308061010_Race,15,14,20,57,2:07.097,1 Lap,,1,3,1
2023,17_Road America,Road America,road-america,2023-08-06,202308061010_Race,15,15,21,59,2:00.081,25.791,25.791,,3,1
2023,17_Road America,Road America,road-america,2023-08-06,202308061010_Race,15,14,22,30,2:05.433,1 Lap,,1,3,1
2023,17_Road America,Road America,road-america,2023-08-06,202308061010_Race,15,14,23,93,2:07.581,1 Lap,,1,3,1
2023,17_Road America,Road America,road-america,2023-08-06,202308061010_Race,15,14,24,91,2:09.005,1 Lap,,1,3,2
2023,17_Road America,Road America,road-america,2023-08-06,202308061010_Race,15,14,25,97,2:08.714,1 Lap,,1,3,2
2023,17_Road America,Road America,road-america,2023-08-06,202308061010_Race,15,14,26,80,2:10.622,1 Lap,,1,3,2
2023,17_Road America,Road America,road-america,2023-08-06,202308061010_Race,15,14,27,77,2:09.439,1 Lap,,1,3,2
2023,17_Road America,Road America,road-america,2023-08-06,202308061010_Race,15,14,28,92,2:09.610,1 Lap,,1,3,2
2023,17_Road America,Road America,road-america,2023-08-06,202308061010_Race,15,15,29,52,1:56.979,44.297,44.297,,3,2
2023,17_Road America,Road America,road-america,2023-08-06,202308061010_Race,15,15,30,11,1:56.390,46.927,46.927,,3,2
2023,17_Road America,Road America,road-america,2023-08-06,202308061010_Race,15,15,31,04,1:55.140,53.561,53.561,,3,2
2023,17_Road America,Road America,road-america,2023-08-06,202308061010_Race,15,15,32,20,1:55.748,56.755,56.755,,3,2
2023,17_Road America,Road America,road-america,2023-08-06,202308061010_Race,15,15,33,8,1:59.078,1:01.574,61.574,,3,2
2023,17_Road America,Road America,road-america,2023-08-06,202308061010_Race,15,15,34,35,1:59.629,1:02.954,62.954,,3,2
2023,17_Road America,Road America,road-america,2023-08-06,202308061010_Race,15,14,35,79,2:06.509,1 Lap,,1,3,2
2023,17_Road America,Road America,road-america,2023-08-06,202308061010_Race,15,15,36,18,1:58.384,1:06.987,66.987,,3,2
2023,17_Road America,Road America,road-america,2023-08-06,202308061010_Race,15,15,37,6,2:54.786,1:09.792,69.792,,3,2
2023,17_Road America,Road America,road-america,2023-08-06,202308061010_Race,15,15,38,33,2:01.153,1:22.363,82.363,,3,2
2023,17_Road America,Road America,road-america,2023-08-06,202308061010_Race,15,15,39,29,2:00.072,1:25.612,85.612,,3,2
2023,17_Road America,Road America,road-america,2023-08-06,202308061010_Race,15,15,40,74,2:00.945,1:31.746,91.746,,3,2
2023,17_Road America,Road America,road-america,2023-08-06,202308061010_Race,15,15,41,4,2:01.769,1:39.060,99.060,,3,2
2023,17_Road America,Road America,road-america,2023-08-06,202308061010_Race,15,15,42,13,2:00.874,1:39.657,99.657,,3,2
2023,17_Road America,Road America,road-america,2023-08-06,202308061010_Race,16,16,1,7,1:51.331,,,,3,2
2023,17_Road America,Road America,road-america,2023-08-06,202308061010_Race,16,14,2,85,2:03.981,2 Laps,,2,3,2
2023,17_Road America,Road America,road-america,2023-08-06,202308061010_Race,16,15,3,17,2:04.088,1 Lap,,1,3,2
2023,17_Road America,Road America,road-america,2023-08-06,202308061010_Race,16,16,4,01,1:51.305,6.973,6.973,,3,2
2023,17_Road America,Road America,road-america,2023-08-06,202308061010_Race,16,16,5,60,1:50.875,8.218,8.218,,3,2
2023,17_Road America,Road America,road-america,2023-08-06,202308061010_Race,16,16,6,10,1:53.042,15.517,15.517,,3,2
2023,17_Road America,Road America,road-america,2023-08-06,202308061010_Race,16,16,7,5,1:54.018,16.626,16.626,,3,2
2023,17_Road America,Road America,road-america,2023-08-06,202308061010_Race,16,16,8,24,1:54.181,17.550,17.550,,3,2
2023,17_Road America,Road America,road-america,2023-08-06,202308061010_Race,16,16,9,31,1:53.959,18.011,18.011,,3,2
2023,17_Road America,Road America,road-america,2023-08-06,202308061010_Race,16,15,10,3,2:05.820,1 Lap,,1,3,2
2023,17_Road America,Road America,road-america,2023-08-06,202308061010_Race,16,15,11,14,2:06.809,1 Lap,,1,3,2
2023,17_Road America,Road America,road-america,2023-08-06,202308061010_Race,16,15,12,1,2:06.471,1 Lap,,1,3,2
2023,17_Road America,Road America,road-america,2023-08-06,202308061010_Race,16,15,13,9,2:07.293,1 Lap,,1,3,2
2023,17_Road America,Road America,road-america,2023-08-06,202308061010_Race,16,15,14,70,2:06.674,1 Lap,,1,3,2
2023,17_Road America,Road America,road-america,2023-08-06,202308061010_Race,16,15,15,32,2:06.347,1 Lap,,1,3,2
2023,17_Road America,Road America,road-america,2023-08-06,202308061010_Race,16,16,16,59,1:55.084,29.544,29.544,,3,2
2023,17_Road America,Road America,road-america,2023-08-06,202308061010_Race,16,15,17,96,2:06.314,1 Lap,,1,3,2
2023,17_Road America,Road America,road-america,2023-08-06,202308061010_Race,16,15,18,12,2:06.512,1 Lap,,1,3,2
2023,17_Road America,Road America,road-america,2023-08-06,202308061010_Race,16,15,19,78,2:07.046,1 Lap,,1,3,2
2023,17_Road America,Road America,road-america,2023-08-06,202308061010_Race,16,15,20,66,2:06.302,1 Lap,,1,3,2
2023,17_Road America,Road America,road-america,2023-08-06,202308061010_Race,16,15,21,30,2:03.628,1 Lap,,1,3,2
2023,17_Road America,Road America,road-america,2023-08-06,202308061010_Race,16,15,22,93,2:06.946,1 Lap,,1,3,2
2023,17_Road America,Road America,road-america,2023-08-06,202308061010_Race,16,15,23,27,2:21.061,1 Lap,,1,3,2
2023,17_Road America,Road America,road-america,2023-08-06,202308061010_Race,16,15,24,91,2:07.283,1 Lap,,1,3,2
2023,17_Road America,Road America,road-america,2023-08-06,202308061010_Race,16,15,25,97,2:07.282,1 Lap,,1,3,2
2023,17_Road America,Road America,road-america,2023-08-06,202308061010_Race,16,16,26,52,1:59.145,52.111,52.111,,3,2
2023,17_Road America,Road America,road-america,2023-08-06,202308061010_Race,16,16,27,11,1:59.162,54.758,54.758,,3,2
2023,17_Road America,Road America,road-america,2023-08-06,202308061010_Race,16,15,28,80,2:09.623,1 Lap,,1,3,2
2023,17_Road America,Road America,road-america,2023-08-06,202308061010_Race,16,15,29,77,2:09.220,1 Lap,,1,3,2
2023,17_Road America,Road America,road-america,2023-08-06,202308061010_Race,16,16,30,04,1:57.042,59.272,59.272,,3,2
2023,17_Road America,Road America,road-america,2023-08-06,202308061010_Race,16,16,31,20,1:56.961,1:02.385,62.385,,3,2
2023,17_Road America,Road America,road-america,2023-08-06,202308061010_Race,16,15,32,92,2:12.099,1 Lap,,1,3,2
2023,17_Road America,Road America,road-america,2023-08-06,202308061010_Race,16,16,33,8,1:57.509,1:07.752,67.752,,3,2
2023,17_Road America,Road America,road-america,2023-08-06,202308061010_Race,16,16,34,35,1:57.459,1:09.082,69.082,,3,2
2023,17_Road America,Road America,road-america,2023-08-06,202308061010_Race,16,16,35,18,1:59.353,1:15.009,75.009,,3,2
2023,17_Road America,Road America,road-america,2023-08-06,202308061010_Race,16,15,36,79,2:06.536,1 Lap,,1,3,2
2023,17_Road America,Road America,road-america,2023-08-06,202308061010_Race,16,15,37,23,2:53.624,1 Lap,,1,3,2
2023,17_Road America,Road America,road-america,2023-08-06,202308061010_Race,16,16,38,33,2:00.526,1:31.558,91.558,,3,2
2023,17_Road America,Road America,road-america,2023-08-06,202308061010_Race,16,16,39,29,2:00.770,1:35.051,95.051,,3,3
2023,17_Road America,Road America,road-america,2023-08-06,202308061010_Race,16,16,40,74,2:03.714,1:44.129,104.129,,3,3
2023,17_Road America,Road America,road-america,2023-08-06,202308061010_Race,16,16,41,4,2:02.423,1:50.152,110.152,,3,3
2023,17_Road America,Road America,road-america,2023-08-06,202308061010_Race,16,16,42,13,2:02.135,1:50.461,110.461,,3,3
2023,17_Road America,Road America,road-america,2023-08-06,202308061010_Race,17,17,1,7,1:51.914,,,,3,3
2023,17_Road America,Road America,road-america,2023-08-06,202308061010_Race,17,17,2,01,1:51.926,6.985,6.985,,3,3
2023,17_Road America,Road America,road-america,2023-08-06,202308061010_Race,17,17,3,60,1:52.128,8.432,8.432,,3,3
2023,17_Road America,Road America,road-america,2023-08-06,202308061010_Race,17,16,4,6,2:48.108,1 Lap,,1,3,3
2023,17_Road America,Road America,road-america,2023-08-06,202308061010_Race,17,17,5,10,1:52.538,16.141,16.141,,3,3
2023,17_Road America,Road America,road-america,2023-08-06,202308061010_Race,17,17,6,5,1:51.987,16.699,16.699,,3,3
2023,17_Road America,Road America,road-america,2023-08-06,202308061010_Race,17,17,7,24,1:51.975,17.611,17.611,,3,3
2023,17_Road America,Road America,road-america,2023-08-06,202308061010_Race,17,15,8,85,2:09.290,2 Laps,,2,3,3
2023,17_Road America,Road America,road-america,2023-08-06,202308061010_Race,17,17,9,31,1:52.659,18.756,18.756,,3,3
2023,17_Road America,Road America,road-america,2023-08-06,202308061010_Race,17,16,10,17,2:10.808,1 Lap,,1,3,3
2023,17_Road America,Road America,road-america,2023-08-06,202308061010_Race,17,16,11,3,2:05.413,1 Lap,,1,3,3
2023,17_Road America,Road America,road-america,2023-08-06,202308061010_Race,17,17,12,59,1:57.299,34.929,34.929,,3,3
2023,17_Road America,Road America,road-america,2023-08-06,202308061010_Race,17,16,13,14,2:06.078,1 Lap,,1,3,3
2023,17_Road America,Road America,road-america,2023-08-06,202308061010_Race,17,16,14,1,2:06.428,1 Lap,,1,3,3
2023,17_Road America,Road America,road-america,2023-08-06,202308061010_Race,17,16,15,9,2:06.474,1 Lap,,1,3,3
2023,17_Road America,Road America,road-america,2023-08-06,202308061010_Race,17,16,16,70,2:06.803,1 Lap,,1,3,3
2023,17_Road America,Road America,road-america,2023-08-06,202308061010_Race,17,16,17,32,2:06.291,1 Lap,,1,3,3
2023,17_Road America,Road America,road-america,2023-08-06,202308061010_Race,17,16,18,96,2:05.928,1 Lap,,1,3,3
2023,17_Road America,Road America,road-america,2023-08-06,202308061010_Race,17,16,19,12,2:06.095,1 Lap,,1,3,3
2023,17_Road America,Road America,road-america,2023-08-06,202308061010_Race,17,16,20,30,2:04.169,1 Lap,,1,3,3
2023,17_Road America,Road America,road-america,2023-08-06,202308061010_Race,17,16,21,78,2:07.121,1 Lap,,1,3,3
2023,17_Road America,Road America,road-america,2023-08-06,202308061010_Race,17,16,22,66,2:06.505,1 Lap,,1,3,3
2023,17_Road America,Road America,road-america,2023-08-06,202308061010_Race,17,15,23,57,4:13.845,2 Laps,,2,3,3
2023,17_Road America,Road America,road-america,2023-08-06,202308061010_Race,17,16,24,93,2:06.838,1 Lap,,1,3,3
2023,17_Road America,Road America,road-america,2023-08-06,202308061010_Race,17,17,25,52,1:58.545,58.742,58.742,,3,3
2023,17_Road America,Road America,road-america,2023-08-06,202308061010_Race,17,16,26,91,2:06.984,1 Lap,,1,3,3
2023,17_Road America,Road America,road-america,2023-08-06,202308061010_Race,17,17,27,11,1:58.020,1:00.864,60.864,,3,3
2023,17_Road America,Road America,road-america,2023-08-06,202308061010_Race,17,16,28,97,2:07.162,1 Lap,,1,3,3
2023,17_Road America,Road America,road-america,2023-08-06,202308061010_Race,17,17,29,04,1:55.514,1:02.872,62.872,,3,3
2023,17_Road America,Road America,road-america,2023-08-06,202308061010_Race,17,17,30,20,1:58.543,1:09.014,69.014,,3,3
2023,17_Road America,Road America,road-america,2023-08-06,202308061010_Race,17,16,31,80,2:09.326,1 Lap,,1,3,3
2023,17_Road America,Road America,road-america,2023-08-06,202308061010_Race,17,17,32,8,1:57.904,1:13.742,73.742,,3,3
2023,17_Road America,Road America,road-america,2023-08-06,202308061010_Race,17,16,33,77,2:09.448,1 Lap,,1,3,3
2023,17_Road America,Road America,road-america,2023-08-06,202308061010_Race,17,17,34,35,1:58.388,1:15.556,75.556,,3,3
2023,17_Road America,Road America,road-america,2023-08-06,202308061010_Race,17,17,35,18,1:59.906,1:23.001,83.001,,3,3
2023,17_Road America,Road America,road-america,2023-08-06,202308061010_Race,17,16,36,92,2:11.157,1 Lap,,1,3,3
2023,17_Road America,Road America,road-america,2023-08-06,202308061010_Race,17,16,37,79,2:04.859,1 Lap,,1,3,3
2023,17_Road America,Road America,road-america,2023-08-06,202308061010_Race,17,16,38,23,2:05.479,1 Lap,,1,3,3
2023,17_Road America,Road America,road-america,2023-08-06,202308061010_Race,17,17,39,33,2:00.216,1:39.860,99.860,,3,3
2023,17_Road America,Road America,road-america,2023-08-06,202308061010_Race,17,17,40,29,2:01.705,1:44.842,104.842,,3,3
2023,17_Road America,Road America,road-america,2023-08-06,202308061010_Race,17,16,41,27,2:53.945,1 Lap,,1,3,3
2023,17_Road America,Road America,road-america,2023-08-06,202308061010_Race,18,18,1,7,1:52.077,,,,3,3
2023,17_Road America,Road America,road-america,2023-08-06,202308061010_Race,18,17,2,74,2:02.405,1 Lap,,1,3,3
2023,17_Road America,Road America,road-america,2023-08-06,202308061010_Race,18,18,3,01,1:52.072,6.980,6.980,,3,3
2023,17_Road America,Road America,road-america,2023-08-06,202308061010_Race,18,18,4,60,1:52.540,8.895,8.895,,3,3
2023,17_Road America,Road America,road-america,2023-08-06,202308061010_Race,18,17,5,4,2:03.193,1 Lap,,1,3,3
2023,17_Road America,Road America,road-america,2023-08-06,202308061010_Race,18,17,6,13,2:03.432,1 Lap,,1,3,3
2023,17_Road America,Road America,road-america,2023-08-06,202308061010_Race,18,18,7,10,1:51.549,15.613,15.613,,3,3
2023,17_Road America,Road America,road-america,2023-08-06,202308061010_Race,18,18,8,5,1:51.861,16.483,16.483,,3,3
2023,17_Road America,Road America,road-america,2023-08-06,202308061010_Race,18,17,9,6,1:55.644,1 Lap,,1,3,3
2023,17_Road America,Road America,road-america,2023-08-06,202308061010_Race,18,18,10,24,1:53.049,18.583,18.583,,3,3
2023,17_Road America,Road America,road-america,2023-08-06,202308061010_Race,18,18,11,31,1:52.577,19.256,19.256,,3,4
2023,17_Road America,Road America,road-america,2023-08-06,202308061010_Race,18,16,12,85,2:04.146,2 Laps,,2,3,4
2023,17_Road America,Road America,road-america,2023-08-06,202308061010_Race,18,17,13,17,2:03.141,1 Lap,,1,3,4
2023,17_Road America,Road America,road-america,2023-08-06,202308061010_Race,18,18,14,59,1:52.513,35.365,35.365,,3,4
2023,17_Road America,Road America,road-america,2023-08-06,202308061010_Race,18,17,15,3,2:04.818,1 Lap,,1,3,4
2023,17_Road America,Road America,road-america,2023-08-06,202308061010_Race,18,17,16,14,2:05.634,1 Lap,,1,3,4
2023,17_Road America,Road America,road-america,2023-08-06,202308061010_Race,18,17,17,1,2:05.204,1 Lap,,1,3,4
2023,17_Road America,Road America,road-america,2023-08-06,202308061010_Race,18,17,18,9,2:05.420,1 Lap,,1,3,4
2023,17_Road America,Road America,road-america,2023-08-06,202308061010_Race,18,17,19,70,2:05.790,1 Lap,,1,3,4
2023,17_Road America,Road America,road-america,2023-08-06,202308061010_Race,18,17,20,32,2:05.741,1 Lap,,1,3,4
2023,17_Road America,Road America,road-america,2023-08-06,202308061010_Race,18,17,21,96,2:06.014,1 Lap,,1,3,4
2023,17_Road America,Road America,road-america,2023-08-06,202308061010_Race,18,17,22,12,2:06.003,1 Lap,,1,3,4
2023,17_Road America,Road America,road-america,2023-08-06,202308061010_Race,18,17,23,30,2:02.634,1 Lap,,1,3,4
2023,17_Road America,Road America,road-america,2023-08-06,202308061010_Race,18,18,24,52,1:58.281,1:04.946,64.946,,3,4
2023,17_Road America,Road America,road-america,2023-08-06,202308061010_Race,18,17,25,78,2:07.169,1 Lap,,1,3,4
2023,17_Road America,Road America,road-america,2023-08-06,202308061010_Race,18,17,26,66,2:06.797,1 Lap,,1,3,4
2023,17_Road America,Road America,road-america,2023-08-06,202308061010_Race,18,18,27,11,1:59.815,1:08.602,68.602,,3,4
2023,17_Road America,Road America,road-america,2023-08-06,202308061010_Race,18,18,28,04,1:58.220,1:09.015,69.015,,3,4
2023,17_Road America,Road America,road-america,2023-08-06,202308061010_Race,18,17,29,93,2:07.508,1 Lap,,1,3,4
2023,17_Road America,Road America,road-america,2023-08-06,202308061010_Race,18,17,30,91,2:08.316,1 Lap,,1,3,4
2023,17_Road America,Road America,road-america,2023-08-06,202308061010_Race,18,17,31,97,2:07.372,1 Lap,,1,3,4
2023,17_Road America,Road America,road-america,2023-08-06,202308061010_Race,18,18,32,8,1:54.831,1:16.496,76.496,,3,4
2023,17_Road America,Road America,road-america,2023-08-06,202308061010_Race,18,18,33,35,1:57.332,1:20.811,80.811,,3,4
2023,17_Road America,Road America,road-america,2023-08-06,202308061010_Race,18,17,34,80,2:09.404,1 Lap,,1,3,4
2023,17_Road America,Road America,road-america,2023-08-06,202308061010_Race,18,18,35,18,2:00.149,1:31.073,91.073,,3,4
2023,17_Road America,Road America,road-america,2023-08-06,202308061010_Race,18,18,36,20,2:14.455,1:31.392,91.392,,3,4
2023,17_Road America,Road America,road-america,2023-08-06,202308061010_Race,18,17,37,77,2:09.391,1 Lap,,1,3,4
2023,17_Road America,Road America,road-america,2023-08-06,202308061010_Race,18,17,38,92,2:10.164,1 Lap,,1,3,4
2023,17_Road America,Road America,road-america,2023-08-06,202308061010_Race,18,17,39,79,2:04.996,1 Lap,,1,3,4
2023,17_Road America,Road America,road-america,2023-08-06,202308061010_Race,18,18,40,33,1:59.780,1:47.563,107.563,,3,4
2023,17_Road America,Road America,road-america,2023-08-06,202308061010_Race,18,17,41,23,2:04.866,1 Lap,,1,3,4
2023,17_Road America,Road America,road-america,2023-08-06,202308061010_Race,19,19,1,7,1:50.715,,,,3,4
2023,17_Road America,Road America,road-america,2023-08-06,202308061010_Race,19,18,2,29,2:00.668,1 Lap,,1,3,4
2023,17_Road America,Road America,road-america,2023-08-06,202308061010_Race,19,19,3,01,1:51.797,8.062,8.062,,3,4
2023,17_Road America,Road America,road-america,2023-08-06,202308061010_Race,19,17,4,27,2:05.923,2 Laps,,2,3,4
2023,17_Road America,Road America,road-america,2023-08-06,202308061010_Race,19,19,5,60,1:51.517,9.697,9.697,,3,4
2023,17_Road America,Road America,road-america,2023-08-06,202308061010_Race,19,18,6,74,2:01.987,1 Lap,,1,3,4
2023,17_Road America,Road America,road-america,2023-08-06,202308061010_Race,19,19,7,10,1:52.157,17.055,17.055,,3,4
2023,17_Road America,Road America,road-america,2023-08-06,202308061010_Race,19,19,8,5,1:52.838,18.606,18.606,,3,4
2023,17_Road America,Road America,road-america,2023-08-06,202308061010_Race,19,18,9,6,1:53.205,1 Lap,,1,3,4
2023,17_Road America,Road America,road-america,2023-08-06,202308061010_Race,19,18,10,4,2:02.332,1 Lap,,1,3,4
2023,17_Road America,Road America,road-america,2023-08-06,202308061010_Race,19,19,11,24,1:53.303,21.171,21.171,,3,4
2023,17_Road America,Road America,road-america,2023-08-06,202308061010_Race,19,19,12,31,1:53.110,21.651,21.651,,3,4
2023,17_Road America,Road America,road-america,2023-08-06,202308061010_Race,19,18,13,13,2:03.865,1 Lap,,1,3,4
2023,17_Road America,Road America,road-america,2023-08-06,202308061010_Race,19,19,14,59,1:52.598,37.248,37.248,,3,4
2023,17_Road America,Road America,road-america,2023-08-06,202308061010_Race,19,17,15,85,2:05.749,2 Laps,,2,3,4
2023,17_Road America,Road America,road-america,2023-08-06,202308061010_Race,19,18,16,3,2:04.848,1 Lap,,1,3,4
2023,17_Road America,Road America,road-america,2023-08-06,202308061010_Race,19,18,17,17,2:21.008,1 Lap,,1,3,4
2023,17_Road America,Road America,road-america,2023-08-06,202308061010_Race,19,18,18,14,2:05.640,1 Lap,,1,3,4
2023,17_Road America,Road America,road-america,2023-08-06,202308061010_Race,19,18,19,1,2:05.613,1 Lap,,1,3,4
2023,17_Road America,Road America,road-america,2023-08-06,202308061010_Race,19,18,20,9,2:06.104,1 Lap,,1,3,4
2023,17_Road America,Road America,road-america,2023-08-06,202308061010_Race,19,18,21,32,2:05.796,1 Lap,,1,3,4
2023,17_Road America,Road America,road-america,2023-08-06,202308061010_Race,19,18,22,96,2:05.808,1 Lap,,1,3,4
2023,17_Road America,Road America,road-america,2023-08-06,202308061010_Race,19,19,23,52,1:59.749,1:13.980,73.980,,3,4
2023,17_Road America,Road America,road-america,2023-08-06,202308061010_Race,19,18,24,12,2:07.489,1 Lap,,1,3,4
2023,17_Road America,Road America,road-america,2023-08-06,202308061010_Race,19,19,25,11,1:59.782,1:17.669,77.669,,3,4
2023,17_Road America,Road America,road-america,2023-08-06,202308061010_Race,19,19,26,04,1:59.730,1:18.030,78.030,,3,4
2023,17_Road America,Road America,road-america,2023-08-06,202308061010_Race,19,18,27,30,2:09.295,1 Lap,,1,3,5
2023,17_Road America,Road America,road-america,2023-08-06,202308061010_Race,19,19,28,8,1:59.210,1:24.991,84.991,,3,5
2023,17_Road America,Road America,road-america,2023-08-06,202308061010_Race,19,18,29,70,2:20.680,1 Lap,,1,3,5
2023,17_Road America,Road America,road-america,2023-08-06,202308061010_Race,19,18,30,91,2:06.678,1 Lap,,1,3,5
2023,17_Road America,Road America,road-america,2023-08-06,202308061010_Race,19,18,31,97,2:06.470,1 Lap,,1,3,5
2023,17_Road America,Road America,road-america,2023-08-06,202308061010_Race,19,18,32,78,2:21.159,1 Lap,,1,3,5
2023,17_Road America,Road America,road-america,2023-08-06,202308061010_Race,19,18,33,66,2:21.980,1 Lap,,1,3,5
2023,17_Road America,Road America,road-america,2023-08-06,202308061010_Race,19,19,34,18,1:58.710,1:39.068,99.068,,3,5
2023,17_Road America,Road America,road-america,2023-08-06,202308061010_Race,19,18,35,93,2:22.069,1 Lap,,1,3,5
2023,17_Road America,Road America,road-america,2023-08-06,202308061010_Race,19,19,36,35,2:17.473,1:47.569,107.569,,3,5
2023,17_Road America,Road America,road-america,2023-08-06,202308061010_Race,20,20,1,7,1:50.660,,,,3,5
2023,17_Road America,Road America,road-america,2023-08-06,202308061010_Race,20,20,2,01,1:52.384,9.786,9.786,,3,5
2023,17_Road America,Road America,road-america,2023-08-06,202308061010_Race,20,18,3,79,2:06.334,2 Laps,,2,3,5
2023,17_Road America,Road America,road-america,2023-08-06,202308061010_Race,20,19,4,33,2:04.856,1 Lap,,1,3,5
2023,17_Road America,Road America,road-america,2023-08-06,202308061010_Race,20,20,5,60,1:52.680,11.717,11.717,,3,5
2023,17_Road America,Road America,road-america,2023-08-06,202308061010_Race,20,18,6,23,2:06.523,2 Laps,,2,3,5
2023,17_Road America,Road America,road-america,2023-08-06,202308061010_Race,20,18,7,80,2:23.873,2 Laps,,2,3,5
2023,17_Road America,Road America,road-america,2023-08-06,202308061010_Race,20,18,8,77,2:23.447,2 Laps,,2,3,5
2023,17_Road America,Road America,road-america,2023-08-06,202308061010_Race,20,19,9,29,2:01.937,1 Lap,,1,3,5
2023,17_Road America,Road America,road-america,2023-08-06,202308061010_Race,20,20,10,10,1:50.991,17.386,17.386,,3,5
2023,17_Road America,Road America,road-america,2023-08-06,202308061010_Race,20,20,11,5,1:51.385,19.331,19.331,,3,5
2023,17_Road America,Road America,road-america,2023-08-06,202308061010_Race,20,19,12,6,1:52.602,1 Lap,,1,3,5
2023,17_Road America,Road America,road-america,2023-08-06,202308061010_Race,20,20,13,24,1:52.470,22.981,22.981,,3,5
2023,17_Road America,Road America,road-america,2023-08-06,202308061010_Race,20,20,14,31,1:52.303,23.294,23.294,,3,5
2023,17_Road America,Road America,road-america,2023-08-06,202308061010_Race,20,18,15,27,2:05.352,2 Laps,,2,3,5
2023,17_Road America,Road America,road-america,2023-08-06,202308061010_Race,20,19,16,74,2:02.453,1 Lap,,1,3,5
2023,17_Road America,Road America,road-america,2023-08-06,202308061010_Race,20,18,17,92,2:31.055,2 Laps,,2,3,5
2023,17_Road America,Road America,road-america,2023-08-06,202308061010_Race,20,19,18,4,2:02.046,1 Lap,,1,3,5
2023,17_Road America,Road America,road-america,2023-08-06,202308061010_Race,20,19,19,13,2:00.487,1 Lap,,1,3,5
2023,17_Road America,Road America,road-america,2023-08-06,202308061010_Race,20,20,20,59,1:52.370,38.958,38.958,,3,5
2023,17_Road America,Road America,road-america,2023-08-06,202308061010_Race,20,19,21,20,2:54.098,1 Lap,,1,3,5
2023,17_Road America,Road America,road-america,2023-08-06,202308061010_Race,20,19,22,3,2:05.253,1 Lap,,1,3,5
2023,17_Road America,Road America,road-america,2023-08-06,202308061010_Race,20,20,23,52,1:59.586,1:22.906,82.906,,3,5
2023,17_Road America,Road America,road-america,2023-08-06,202308061010_Race,20,19,24,14,2:05.822,1 Lap,,1,3,5
2023,17_Road America,Road America,road-america,2023-08-06,202308061010_Race,20,20,25,04,1:59.199,1:26.569,86.569,,3,5
2023,17_Road America,Road America,road-america,2023-08-06,202308061010_Race,20,20,26,11,2:00.250,1:27.259,87.259,,3,5
2023,17_Road America,Road America,road-america,2023-08-06,202308061010_Race,20,19,27,32,2:06.298,1 Lap,,1,3,5
2023,17_Road America,Road America,road-america,2023-08-06,202308061010_Race,20,19,28,30,2:04.404,1 Lap,,1,3,5
2023,17_Road America,Road America,road-america,2023-08-06,202308061010_Race,20,20,29,8,1:59.606,1:33.937,93.937,,3,5
2023,17_Road America,Road America,road-america,2023-08-06,202308061010_Race,20,19,30,12,2:07.430,1 Lap,,1,3,5
2023,17_Road America,Road America,road-america,2023-08-06,202308061010_Race,20,19,31,1,2:21.231,1 Lap,,1,3,5
2023,17_Road America,Road America,road-america,2023-08-06,202308061010_Race,20,19,32,9,2:20.407,1 Lap,,1,3,5
2023,17_Road America,Road America,road-america,2023-08-06,202308061010_Race,20,19,33,96,2:21.366,1 Lap,,1,3,5
2023,17_Road America,Road America,road-america,2023-08-06,202308061010_Race,20,19,34,91,2:06.591,1 Lap,,1,3,5
2023,17_Road America,Road America,road-america,2023-08-06,202308061010_Race,21,21,1,7,1:49.894,,,,3,5
2023,17_Road America,Road America,road-america,2023-08-06,202308061010_Race,21,21,2,01,1:50.115,10.007,10.007,,3,5
2023,17_Road America,Road America,road-america,2023-08-06,202308061010_Race,21,21,3,60,1:50.726,12.549,12.549,,3,5
2023,17_Road America,Road America,road-america,2023-08-06,202308061010_Race,21,18,4,85,3:08.269,3 Laps,,3,3,5
2023,17_Road America,Road America,road-america,2023-08-06,202308061010_Race,21,19,5,97,2:22.148,2 Laps,,2,3,5
2023,17_Road America,Road America,road-america,2023-08-06,202308061010_Race,21,20,6,18,2:16.656,1 Lap,,1,3,5
2023,17_Road America,Road America,road-america,2023-08-06,202308061010_Race,21,21,7,10,1:52.993,20.485,20.485,,3,5
2023,17_Road America,Road America,road-america,2023-08-06,202308061010_Race,21,20,8,33,1:59.709,1 Lap,,1,3,5
2023,17_Road America,Road America,road-america,2023-08-06,202308061010_Race,21,21,9,5,1:52.592,22.029,22.029,,3,5
2023,17_Road America,Road America,road-america,2023-08-06,202308061010_Race,21,20,10,6,1:53.296,1 Lap,,1,3,5
2023,17_Road America,Road America,road-america,2023-08-06,202308061010_Race,21,21,11,24,1:53.384,26.471,26.471,,3,5
2023,17_Road America,Road America,road-america,2023-08-06,202308061010_Race,21,19,12,79,2:05.548,2 Laps,,2,4,1
2023,17_Road America,Road America,road-america,2023-08-06,202308061010_Race,21,21,13,31,1:54.858,28.258,28.258,,4,1
2023,17_Road America,Road America,road-america,2023-08-06,202308061010_Race,21,20,14,29,2:04.351,1 Lap,,1,4,1
2023,17_Road America,Road America,road-america,2023-08-06,202308061010_Race,21,19,15,23,2:07.188,2 Laps,,2,4,1
2023,17_Road America,Road America,road-america,2023-08-06,202308061010_Race,21,19,16,17,3:13.893,2 Laps,,2,4,1
2023,17_Road America,Road America,road-america,2023-08-06,202308061010_Race,21,20,17,74,2:03.538,1 Lap,,1,4,1
2023,17_Road America,Road America,road-america,2023-08-06,202308061010_Race,21,19,18,27,2:06.503,2 Laps,,2,4,1
2023,17_Road America,Road America,road-america,2023-08-06,202308061010_Race,21,19,19,70,2:57.419,2 Laps,,2,4,1
2023,17_Road America,Road America,road-america,2023-08-06,202308061010_Race,21,21,20,59,1:54.823,43.887,43.887,,4,1
2023,17_Road America,Road America,road-america,2023-08-06,202308061010_Race,21,20,21,4,2:01.829,1 Lap,,1,4,1
2023,17_Road America,Road America,road-america,2023-08-06,202308061010_Race,21,20,22,13,2:01.688,1 Lap,,1,4,1
2023,17_Road America,Road America,road-america,2023-08-06,202308061010_Race,21,20,23,20,1:57.888,1 Lap,,1,4,1
2023,17_Road America,Road America,road-america,2023-08-06,202308061010_Race,21,19,24,78,3:02.385,2 Laps,,2,4,1
2023,17_Road America,Road America,road-america,2023-08-06,202308061010_Race,21,19,25,66,3:01.843,2 Laps,,2,4,1
2023,17_Road America,Road America,road-america,2023-08-06,202308061010_Race,21,19,26,93,3:01.769,2 Laps,,2,4,1
2023,17_Road America,Road America,road-america,2023-08-06,202308061010_Race,21,20,27,35,3:01.691,1 Lap,,1,4,1
2023,17_Road America,Road America,road-america,2023-08-06,202308061010_Race,21,19,28,80,2:59.667,2 Laps,,2,4,1
2023,17_Road America,Road America,road-america,2023-08-06,202308061010_Race,21,19,29,77,3:00.088,2 Laps,,2,4,1
2023,17_Road America,Road America,road-america,2023-08-06,202308061010_Race,21,21,30,04,1:59.119,1:35.794,95.794,,4,1
2023,17_Road America,Road America,road-america,2023-08-06,202308061010_Race,21,20,31,14,2:06.762,1 Lap,,1,4,1
2023,17_Road America,Road America,road-america,2023-08-06,202308061010_Race,21,20,32,3,2:19.694,1 Lap,,1,4,1
2023,17_Road America,Road America,road-america,2023-08-06,202308061010_Race,21,20,33,32,2:06.491,1 Lap,,1,4,1
2023,17_Road America,Road America,road-america,2023-08-06,202308061010_Race,21,21,34,52,2:12.158,1:45.170,105.170,,4,1
2023,17_Road America,Road America,road-america,2023-08-06,202308061010_Race,21,19,35,92,3:04.227,2 Laps,,2,4,1
2023,17_Road America,Road America,road-america,2023-08-06,202308061010_Race,22,22,1,7,1:50.614,,,,4,1
2023,17_Road America,Road America,road-america,2023-08-06,202308061010_Race,22,21,2,11,2:16.202,1 Lap,,1,4,1
2023,17_Road America,Road America,road-america,2023-08-06,202308061010_Race,22,21,3,8,2:15.511,1 Lap,,1,4,1
2023,17_Road America,Road America,road-america,2023-08-06,202308061010_Race,22,22,4,01,1:50.355,9.748,9.748,,4,1
2023,17_Road America,Road America,road-america,2023-08-06,202308061010_Race,22,22,5,60,1:50.471,12.406,12.406,,4,1
2023,17_Road America,Road America,road-america,2023-08-06,202308061010_Race,22,20,6,30,2:20.452,2 Laps,,2,4,1
2023,17_Road America,Road America,road-america,2023-08-06,202308061010_Race,22,20,7,91,2:06.656,2 Laps,,2,4,1
2023,17_Road America,Road America,road-america,2023-08-06,202308061010_Race,22,20,8,12,2:21.473,2 Laps,,2,4,1
2023,17_Road America,Road America,road-america,2023-08-06,202308061010_Race,22,22,9,10,1:49.676,19.547,19.547,,4,1
2023,17_Road America,Road America,road-america,2023-08-06,202308061010_Race,22,22,10,5,1:50.900,22.315,22.315,,4,1
2023,17_Road America,Road America,road-america,2023-08-06,202308061010_Race,22,21,11,6,1:51.080,1 Lap,,1,4,1
2023,17_Road America,Road America,road-america,2023-08-06,202308061010_Race,22,22,12,24,1:51.318,27.175,27.175,,4,1
2023,17_Road America,Road America,road-america,2023-08-06,202308061010_Race,22,22,13,31,1:52.146,29.790,29.790,,4,1
2023,17_Road America,Road America,road-america,2023-08-06,202308061010_Race,22,21,14,33,2:01.783,1 Lap,,1,4,1
2023,17_Road America,Road America,road-america,2023-08-06,202308061010_Race,22,21,15,29,2:02.797,1 Lap,,1,4,1
2023,17_Road America,Road America,road-america,2023-08-06,202308061010_Race,22,20,16,79,2:05.919,2 Laps,,2,4,1
2023,17_Road America,Road America,road-america,2023-08-06,202308061010_Race,22,20,17,23,2:04.558,2 Laps,,2,4,1
2023,17_Road America,Road America,road-america,2023-08-06,202308061010_Race,22,19,18,85,2:22.288,3 Laps,,3,4,1
2023,17_Road America,Road America,road-america,2023-08-06,202308061010_Race,22,20,19,17,2:00.423,2 Laps,,2,4,1
2023,17_Road America,Road America,road-america,2023-08-06,202308061010_Race,22,22,20,59,1:55.079,48.352,48.352,,4,1
2023,17_Road America,Road America,road-america,2023-08-06,202308061010_Race,22,21,21,74,2:04.309,1 Lap,,1,4,1
2023,17_Road America,Road America,road-america,2023-08-06,202308061010_Race,22,20,22,1,2:58.076,2 Laps,,2,4,1
2023,17_Road America,Road America,road-america,2023-08-06,202308061010_Race,22,20,23,27,2:07.224,2 Laps,,2,4,1
2023,17_Road America,Road America,road-america,2023-08-06,202308061010_Race,22,20,24,70,2:05.750,2 Laps,,2,4,1
2023,17_Road America,Road America,road-america,2023-08-06,202308061010_Race,22,21,25,4,2:05.299,1 Lap,,1,4,1
2023,17_Road America,Road America,road-america,2023-08-06,202308061010_Race,22,20,26,9,3:00.930,2 Laps,,2,4,1
2023,17_Road America,Road America,road-america,2023-08-06,202308061010_Race,22,21,27,20,2:00.067,1 Lap,,1,4,1
2023,17_Road America,Road America,road-america,2023-08-06,202308061010_Race,22,20,28,96,3:02.011,2 Laps,,2,4,1
2023,17_Road America,Road America,road-america,2023-08-06,202308061010_Race,22,20,29,78,2:06.191,2 Laps,,2,4,1
2023,17_Road America,Road America,road-america,2023-08-06,202308061010_Race,22,21,30,13,2:20.976,1 Lap,,1,4,1
2023,17_Road America,Road America,road-america,2023-08-06,202308061010_Race,22,20,31,66,2:06.120,2 Laps,,2,4,1
2023,17_Road America,Road America,road-america,2023-08-06,202308061010_Race,22,21,32,35,1:58.229,1 Lap,,1,4,1
2023,17_Road America,Road America,road-america,2023-08-06,202308061010_Race,22,20,33,93,2:05.946,2 Laps,,2,4,1
2023,17_Road America,Road America,road-america,2023-08-06,202308061010_Race,22,20,34,97,3:01.200,2 Laps,,2,4,2
2023,17_Road America,Road America,road-america,2023-08-06,202308061010_Race,22,21,35,18,3:00.604,1 Lap,,1,4,2
2023,17_Road America,Road America,road-america,2023-08-06,202308061010_Race,22,20,36,80,2:05.021,2 Laps,,2,4,2
2023,17_Road America,Road America,road-america,2023-08-06,202308061010_Race,22,20,37,77,2:05.652,2 Laps,,2,4,2
2023,17_Road America,Road America,road-america,2023-08-06,202308061010_Race,23,23,1,7,1:50.902,,,,4,2
2023,17_Road America,Road America,road-america,2023-08-06,202308061010_Race,23,21,2,14,2:05.703,2 Laps,,2,4,2
2023,17_Road America,Road America,road-america,2023-08-06,202308061010_Race,23,22,3,04,2:10.156,1 Lap,,1,4,2
2023,17_Road America,Road America,road-america,2023-08-06,202308061010_Race,23,23,4,01,1:50.540,9.386,9.386,,4,2
2023,17_Road America,Road America,road-america,2023-08-06,202308061010_Race,23,20,5,92,2:06.530,3 Laps,,3,4,2
2023,17_Road America,Road America,road-america,2023-08-06,202308061010_Race,23,23,6,60,1:50.233,11.737,11.737,,4,2
2023,17_Road America,Road America,road-america,2023-08-06,202308061010_Race,23,23,7,10,1:51.013,19.658,19.658,,4,2
2023,17_Road America,Road America,road-america,2023-08-06,202308061010_Race,23,21,8,32,2:20.788,2 Laps,,2,4,2
2023,17_Road America,Road America,road-america,2023-08-06,202308061010_Race,23,23,9,5,1:52.332,23.745,23.745,,4,2
2023,17_Road America,Road America,road-america,2023-08-06,202308061010_Race,23,22,10,6,1:50.931,1 Lap,,1,4,2
2023,17_Road America,Road America,road-america,2023-08-06,202308061010_Race,23,23,11,24,1:51.433,27.706,27.706,,4,2
2023,17_Road America,Road America,road-america,2023-08-06,202308061010_Race,23,23,12,31,1:50.966,29.854,29.854,,4,2
2023,17_Road America,Road America,road-america,2023-08-06,202308061010_Race,23,21,13,91,2:08.403,2 Laps,,2,4,2
2023,17_Road America,Road America,road-america,2023-08-06,202308061010_Race,23,22,14,33,1:59.505,1 Lap,,1,4,2
2023,17_Road America,Road America,road-america,2023-08-06,202308061010_Race,23,22,15,52,2:49.074,1 Lap,,1,4,2
2023,17_Road America,Road America,road-america,2023-08-06,202308061010_Race,23,20,16,85,2:01.767,3 Laps,,3,4,2
2023,17_Road America,Road America,road-america,2023-08-06,202308061010_Race,23,21,17,79,2:06.745,2 Laps,,2,4,2
2023,17_Road America,Road America,road-america,2023-08-06,202308061010_Race,23,23,18,59,2:02.872,1:00.322,60.322,,4,2
2023,17_Road America,Road America,road-america,2023-08-06,202308061010_Race,23,21,19,17,2:05.401,2 Laps,,2,4,2
2023,17_Road America,Road America,road-america,2023-08-06,202308061010_Race,23,21,20,3,2:57.888,2 Laps,,2,4,2
2023,17_Road America,Road America,road-america,2023-08-06,202308061010_Race,23,21,21,23,2:08.605,2 Laps,,2,4,2
2023,17_Road America,Road America,road-america,2023-08-06,202308061010_Race,23,22,22,74,2:01.809,1 Lap,,1,4,2
2023,17_Road America,Road America,road-america,2023-08-06,202308061010_Race,23,22,23,29,2:16.115,1 Lap,,1,4,2
2023,17_Road America,Road America,road-america,2023-08-06,202308061010_Race,23,21,24,1,2:05.491,2 Laps,,2,4,2
2023,17_Road America,Road America,road-america,2023-08-06,202308061010_Race,23,21,25,27,2:06.395,2 Laps,,2,4,2
2023,17_Road America,Road America,road-america,2023-08-06,202308061010_Race,23,22,26,20,2:02.195,1 Lap,,1,4,2
2023,17_Road America,Road America,road-america,2023-08-06,202308061010_Race,23,21,27,70,2:06.609,2 Laps,,2,4,2
2023,17_Road America,Road America,road-america,2023-08-06,202308061010_Race,23,22,28,4,2:05.209,1 Lap,,1,4,2
2023,17_Road America,Road America,road-america,2023-08-06,202308061010_Race,23,21,29,9,2:06.548,2 Laps,,2,4,2
2023,17_Road America,Road America,road-america,2023-08-06,202308061010_Race,23,21,30,12,2:55.814,2 Laps,,2,4,2
2023,17_Road America,Road America,road-america,2023-08-06,202308061010_Race,23,22,31,11,3:08.301,1 Lap,,1,4,2
2023,17_Road America,Road America,road-america,2023-08-06,202308061010_Race,23,21,32,96,2:06.249,2 Laps,,2,4,2
2023,17_Road America,Road America,road-america,2023-08-06,202308061010_Race,23,22,33,8,3:02.703,1 Lap,,1,4,2
2023,17_Road America,Road America,road-america,2023-08-06,202308061010_Race,23,22,34,35,1:58.210,1 Lap,,1,4,2
2023,17_Road America,Road America,road-america,2023-08-06,202308061010_Race,23,21,35,30,3:07.472,2 Laps,,2,4,2
2023,17_Road America,Road America,road-america,2023-08-06,202308061010_Race,23,21,36,78,2:05.986,2 Laps,,2,4,2
2023,17_Road America,Road America,road-america,2023-08-06,202308061010_Race,23,21,37,66,2:07.347,2 Laps,,2,4,2
2023,17_Road America,Road America,road-america,2023-08-06,202308061010_Race,23,22,38,18,1:59.877,1 Lap,,1,4,2
2023,17_Road America,Road America,road-america,2023-08-06,202308061010_Race,23,21,39,93,2:05.356,2 Laps,,2,4,2
2023,17_Road America,Road America,road-america,2023-08-06,202308061010_Race,23,21,40,97,2:05.560,2 Laps,,2,4,2
2023,17_Road America,Road America,road-america,2023-08-06,202308061010_Race,24,24,1,7,1:50.114,,,,4,2
2023,17_Road America,Road America,road-america,2023-08-06,202308061010_Race,24,21,2,80,2:04.673,3 Laps,,3,4,2
2023,17_Road America,Road America,road-america,2023-08-06,202308061010_Race,24,21,3,77,2:05.574,3 Laps,,3,4,2
2023,17_Road America,Road America,road-america,2023-08-06,202308061010_Race,24,24,4,01,1:50.311,9.583,9.583,,4,2
2023,17_Road America,Road America,road-america,2023-08-06,202308061010_Race,24,24,5,60,1:51.159,12.782,12.782,,4,2
2023,17_Road America,Road America,road-america,2023-08-06,202308061010_Race,24,24,6,10,1:50.294,19.838,19.838,,4,2
2023,17_Road America,Road America,road-america,2023-08-06,202308061010_Race,24,22,7,14,2:06.119,2 Laps,,2,4,2
2023,17_Road America,Road America,road-america,2023-08-06,202308061010_Race,24,24,8,5,1:50.364,23.995,23.995,,4,2
2023,17_Road America,Road America,road-america,2023-08-06,202308061010_Race,24,21,9,92,2:06.408,3 Laps,,3,4,2
2023,17_Road America,Road America,road-america,2023-08-06,202308061010_Race,24,23,10,6,1:51.006,1 Lap,,1,4,2
2023,17_Road America,Road America,road-america,2023-08-06,202308061010_Race,24,24,11,24,1:51.410,29.002,29.002,,4,2
2023,17_Road America,Road America,road-america,2023-08-06,202308061010_Race,24,24,12,31,1:51.249,30.989,30.989,,4,3
2023,17_Road America,Road America,road-america,2023-08-06,202308061010_Race,24,22,13,13,3:01.893,2 Laps,,2,4,3
2023,17_Road America,Road America,road-america,2023-08-06,202308061010_Race,24,22,14,91,2:06.805,2 Laps,,2,4,3
2023,17_Road America,Road America,road-america,2023-08-06,202308061010_Race,24,23,15,33,1:59.036,1 Lap,,1,4,3
2023,17_Road America,Road America,road-america,2023-08-06,202308061010_Race,24,23,16,04,2:45.298,1 Lap,,1,4,3
2023,17_Road America,Road America,road-america,2023-08-06,202308061010_Race,24,24,17,59,1:53.326,1:03.534,63.534,,4,3
2023,17_Road America,Road America,road-america,2023-08-06,202308061010_Race,24,23,18,52,2:02.582,1 Lap,,1,4,3
2023,17_Road America,Road America,road-america,2023-08-06,202308061010_Race,24,21,19,85,2:00.725,3 Laps,,3,4,3
2023,17_Road America,Road America,road-america,2023-08-06,202308061010_Race,24,22,20,17,2:01.176,2 Laps,,2,4,3
2023,17_Road America,Road America,road-america,2023-08-06,202308061010_Race,24,22,21,79,2:05.585,2 Laps,,2,4,3
2023,17_Road America,Road America,road-america,2023-08-06,202308061010_Race,24,22,22,3,2:06.078,2 Laps,,2,4,3
2023,17_Road America,Road America,road-america,2023-08-06,202308061010_Race,24,22,23,23,2:05.825,2 Laps,,2,4,3
2023,17_Road America,Road America,road-america,2023-08-06,202308061010_Race,24,23,24,20,2:02.228,1 Lap,,1,4,3
2023,17_Road America,Road America,road-america,2023-08-06,202308061010_Race,24,22,25,1,2:06.572,2 Laps,,2,4,3
2023,17_Road America,Road America,road-america,2023-08-06,202308061010_Race,24,23,26,4,2:04.536,1 Lap,,1,4,3
2023,17_Road America,Road America,road-america,2023-08-06,202308061010_Race,24,23,27,11,1:59.162,1 Lap,,1,4,3
2023,17_Road America,Road America,road-america,2023-08-06,202308061010_Race,24,22,28,27,2:06.908,2 Laps,,2,4,3
2023,17_Road America,Road America,road-america,2023-08-06,202308061010_Race,24,22,29,70,2:06.851,2 Laps,,2,4,3
2023,17_Road America,Road America,road-america,2023-08-06,202308061010_Race,24,23,30,8,1:59.250,1 Lap,,1,4,3
2023,17_Road America,Road America,road-america,2023-08-06,202308061010_Race,24,23,31,74,2:18.229,1 Lap,,1,4,3
2023,17_Road America,Road America,road-america,2023-08-06,202308061010_Race,24,22,32,9,2:07.679,2 Laps,,2,4,3
2023,17_Road America,Road America,road-america,2023-08-06,202308061010_Race,24,23,33,35,2:00.750,1 Lap,,1,4,3
2023,17_Road America,Road America,road-america,2023-08-06,202308061010_Race,24,22,34,32,3:02.734,2 Laps,,2,4,3
2023,17_Road America,Road America,road-america,2023-08-06,202308061010_Race,24,22,35,96,2:06.017,2 Laps,,2,4,3
2023,17_Road America,Road America,road-america,2023-08-06,202308061010_Race,24,22,36,12,2:07.632,2 Laps,,2,4,3
2023,17_Road America,Road America,road-america,2023-08-06,202308061010_Race,24,22,37,30,1:59.322,2 Laps,,2,4,3
2023,17_Road America,Road America,road-america,2023-08-06,202308061010_Race,24,23,38,18,1:59.854,1 Lap,,1,4,3
2023,17_Road America,Road America,road-america,2023-08-06,202308061010_Race,24,22,39,78,2:05.678,2 Laps,,2,4,3
2023,17_Road America,Road America,road-america,2023-08-06,202308061010_Race,24,22,40,66,2:06.154,2 Laps,,2,4,3
2023,17_Road America,Road America,road-america,2023-08-06,202308061010_Race,24,22,41,93,2:05.244,2 Laps,,2,4,3
2023,17_Road America,Road America,road-america,2023-08-06,202308061010_Race,25,25,1,7,1:49.805,,,,4,3
2023,17_Road America,Road America,road-america,2023-08-06,202308061010_Race,25,22,2,97,2:04.998,3 Laps,,3,4,3
2023,17_Road America,Road America,road-america,2023-08-06,202308061010_Race,25,25,3,01,1:51.782,11.560,11.560,,4,3
2023,17_Road America,Road America,road-america,2023-08-06,202308061010_Race,25,25,4,60,1:51.698,14.675,14.675,,4,3
2023,17_Road America,Road America,road-america,2023-08-06,202308061010_Race,25,22,5,80,2:04.443,3 Laps,,3,4,3
2023,17_Road America,Road America,road-america,2023-08-06,202308061010_Race,25,22,6,77,2:05.671,3 Laps,,3,4,3
2023,17_Road America,Road America,road-america,2023-08-06,202308061010_Race,25,25,7,10,1:50.132,20.165,20.165,,4,3
2023,17_Road America,Road America,road-america,2023-08-06,202308061010_Race,25,25,8,5,1:51.950,26.140,26.140,,4,3
2023,17_Road America,Road America,road-america,2023-08-06,202308061010_Race,25,24,9,6,1:51.532,1 Lap,,1,4,3
2023,17_Road America,Road America,road-america,2023-08-06,202308061010_Race,25,25,10,24,1:51.447,30.644,30.644,,4,3
2023,17_Road America,Road America,road-america,2023-08-06,202308061010_Race,25,25,11,31,1:51.806,32.990,32.990,,4,3
2023,17_Road America,Road America,road-america,2023-08-06,202308061010_Race,25,23,12,29,3:08.725,2 Laps,,2,4,3
2023,17_Road America,Road America,road-america,2023-08-06,202308061010_Race,25,23,13,14,2:06.415,2 Laps,,2,4,3
2023,17_Road America,Road America,road-america,2023-08-06,202308061010_Race,25,22,14,92,2:06.561,3 Laps,,3,4,3
2023,17_Road America,Road America,road-america,2023-08-06,202308061010_Race,25,23,15,13,2:00.452,2 Laps,,2,4,3
2023,17_Road America,Road America,road-america,2023-08-06,202308061010_Race,25,24,16,33,1:59.829,1 Lap,,1,4,3
2023,17_Road America,Road America,road-america,2023-08-06,202308061010_Race,25,24,17,04,1:55.044,1 Lap,,1,4,3
2023,17_Road America,Road America,road-america,2023-08-06,202308061010_Race,25,25,18,59,1:51.309,1:05.038,65.038,,4,3
2023,17_Road America,Road America,road-america,2023-08-06,202308061010_Race,25,23,19,91,2:06.933,2 Laps,,2,4,3
2023,17_Road America,Road America,road-america,2023-08-06,202308061010_Race,25,24,20,52,1:55.578,1 Lap,,1,4,3
2023,17_Road America,Road America,road-america,2023-08-06,202308061010_Race,25,22,21,85,1:59.815,3 Laps,,3,4,3
2023,17_Road America,Road America,road-america,2023-08-06,202308061010_Race,25,23,22,17,1:59.142,2 Laps,,2,4,3
2023,17_Road America,Road America,road-america,2023-08-06,202308061010_Race,25,23,23,79,2:05.210,2 Laps,,2,4,3
2023,17_Road America,Road America,road-america,2023-08-06,202308061010_Race,25,23,24,3,2:05.260,2 Laps,,2,4,3
2023,17_Road America,Road America,road-america,2023-08-06,202308061010_Race,25,23,25,23,2:05.087,2 Laps,,2,4,3
2023,17_Road America,Road America,road-america,2023-08-06,202308061010_Race,25,24,26,20,1:58.224,1 Lap,,1,4,3
2023,17_Road America,Road America,road-america,2023-08-06,202308061010_Race,25,24,27,4,2:03.327,1 Lap,,1,4,3
2023,17_Road America,Road America,road-america,2023-08-06,202308061010_Race,25,24,28,11,2:01.659,1 Lap,,1,4,4
2023,17_Road America,Road America,road-america,2023-08-06,202308061010_Race,25,24,29,8,2:01.347,1 Lap,,1,4,4
2023,17_Road America,Road America,road-america,2023-08-06,202308061010_Race,25,23,30,1,2:07.626,2 Laps,,2,4,4
2023,17_Road America,Road America,road-america,2023-08-06,202308061010_Race,25,24,31,35,2:01.604,1 Lap,,1,4,4
2023,17_Road America,Road America,road-america,2023-08-06,202308061010_Race,25,23,32,27,2:06.717,2 Laps,,2,4,4
2023,17_Road America,Road America,road-america,2023-08-06,202308061010_Race,25,23,33,70,2:07.108,2 Laps,,2,4,4
2023,17_Road America,Road America,road-america,2023-08-06,202308061010_Race,25,23,34,9,2:06.089,2 Laps,,2,4,4
2023,17_Road America,Road America,road-america,2023-08-06,202308061010_Race,25,23,35,30,2:03.012,2 Laps,,2,4,4
2023,17_Road America,Road America,road-america,2023-08-06,202308061010_Race,26,26,1,7,1:52.316,,,,4,4
2023,17_Road America,Road America,road-america,2023-08-06,202308061010_Race,26,23,2,32,2:06.253,3 Laps,,3,4,4
2023,17_Road America,Road America,road-america,2023-08-06,202308061010_Race,26,23,3,96,2:06.444,3 Laps,,3,4,4
2023,17_Road America,Road America,road-america,2023-08-06,202308061010_Race,26,23,4,12,2:06.726,3 Laps,,3,4,4
2023,17_Road America,Road America,road-america,2023-08-06,202308061010_Race,26,24,5,18,2:00.628,2 Laps,,2,4,4
2023,17_Road America,Road America,road-america,2023-08-06,202308061010_Race,26,23,6,78,2:05.081,3 Laps,,3,4,4
2023,17_Road America,Road America,road-america,2023-08-06,202308061010_Race,26,23,7,66,2:05.448,3 Laps,,3,4,4
2023,17_Road America,Road America,road-america,2023-08-06,202308061010_Race,26,26,8,01,1:52.093,11.337,11.337,,4,4
2023,17_Road America,Road America,road-america,2023-08-06,202308061010_Race,26,26,9,60,1:50.308,12.667,12.667,,4,4
2023,17_Road America,Road America,road-america,2023-08-06,202308061010_Race,26,23,10,93,2:05.799,3 Laps,,3,4,4
2023,17_Road America,Road America,road-america,2023-08-06,202308061010_Race,26,23,11,97,2:05.135,3 Laps,,3,4,4
2023,17_Road America,Road America,road-america,2023-08-06,202308061010_Race,26,26,12,10,1:49.959,17.808,17.808,,4,4
2023,17_Road America,Road America,road-america,2023-08-06,202308061010_Race,26,26,13,5,1:50.406,24.230,24.230,,4,4
2023,17_Road America,Road America,road-america,2023-08-06,202308061010_Race,26,23,14,80,2:04.608,3 Laps,,3,4,4
2023,17_Road America,Road America,road-america,2023-08-06,202308061010_Race,26,25,15,6,1:51.510,1 Lap,,1,4,4
2023,17_Road America,Road America,road-america,2023-08-06,202308061010_Race,26,26,16,24,1:51.175,29.503,29.503,,4,4
2023,17_Road America,Road America,road-america,2023-08-06,202308061010_Race,26,26,17,31,1:51.065,31.739,31.739,,4,4
2023,17_Road America,Road America,road-america,2023-08-06,202308061010_Race,26,23,18,77,2:06.191,3 Laps,,3,4,4
2023,17_Road America,Road America,road-america,2023-08-06,202308061010_Race,26,24,19,29,2:01.880,2 Laps,,2,4,4
2023,17_Road America,Road America,road-america,2023-08-06,202308061010_Race,26,24,20,74,2:58.781,2 Laps,,2,4,4
2023,17_Road America,Road America,road-america,2023-08-06,202308061010_Race,26,24,21,14,2:05.894,2 Laps,,2,4,4
2023,17_Road America,Road America,road-america,2023-08-06,202308061010_Race,26,24,22,13,2:02.340,2 Laps,,2,4,4
2023,17_Road America,Road America,road-america,2023-08-06,202308061010_Race,26,23,23,92,2:06.973,3 Laps,,3,4,4
2023,17_Road America,Road America,road-america,2023-08-06,202308061010_Race,26,26,24,59,1:52.072,1:04.794,64.794,,4,4
2023,17_Road America,Road America,road-america,2023-08-06,202308061010_Race,26,25,25,33,2:00.016,1 Lap,,1,4,4
2023,17_Road America,Road America,road-america,2023-08-06,202308061010_Race,26,25,26,52,1:57.480,1 Lap,,1,4,4
2023,17_Road America,Road America,road-america,2023-08-06,202308061010_Race,26,24,27,91,2:06.739,2 Laps,,2,4,4
2023,17_Road America,Road America,road-america,2023-08-06,202308061010_Race,26,23,28,85,1:58.941,3 Laps,,3,4,4
2023,17_Road America,Road America,road-america,2023-08-06,202308061010_Race,26,25,29,04,2:11.705,1 Lap,,1,4,4
2023,17_Road America,Road America,road-america,2023-08-06,202308061010_Race,26,24,30,17,1:59.207,2 Laps,,2,4,4
2023,17_Road America,Road America,road-america,2023-08-06,202308061010_Race,26,24,31,79,2:05.181,2 Laps,,2,4,4
2023,17_Road America,Road America,road-america,2023-08-06,202308061010_Race,26,25,32,20,2:03.420,1 Lap,,1,4,4
2023,17_Road America,Road America,road-america,2023-08-06,202308061010_Race,26,24,33,3,2:05.007,2 Laps,,2,4,4
2023,17_Road America,Road America,road-america,2023-08-06,202308061010_Race,26,25,34,11,1:55.782,1 Lap,,1,4,4
2023,17_Road America,Road America,road-america,2023-08-06,202308061010_Race,26,24,35,23,2:06.403,2 Laps,,2,4,4
2023,17_Road America,Road America,road-america,2023-08-06,202308061010_Race,26,25,36,4,2:02.198,1 Lap,,1,4,4
2023,17_Road America,Road America,road-america,2023-08-06,202308061010_Race,26,25,37,35,1:58.190,1 Lap,,1,4,4
2023,17_Road America,Road America,road-america,2023-08-06,202308061010_Race,27,27,1,7,1:52.457,,,,4,4
2023,17_Road America,Road America,road-america,2023-08-06,202308061010_Race,27,24,2,1,2:05.871,3 Laps,,3,4,4
2023,17_Road America,Road America,road-america,2023-08-06,202308061010_Race,27,24,3,27,2:06.319,3 Laps,,3,4,4
2023,17_Road America,Road America,road-america,2023-08-06,202308061010_Race,27,24,4,30,2:00.753,3 Laps,,3,4,4
2023,17_Road America,Road America,road-america,2023-08-06,202308061010_Race,27,24,5,70,2:06.147,3 Laps,,3,4,4
2023,17_Road America,Road America,road-america,2023-08-06,202308061010_Race,27,25,6,18,1:59.475,2 Laps,,2,4,4
2023,17_Road America,Road America,road-america,2023-08-06,202308061010_Race,27,25,7,8,2:13.139,2 Laps,,2,4,4
2023,17_Road America,Road America,road-america,2023-08-06,202308061010_Race,27,24,8,9,2:06.983,3 Laps,,3,4,4
2023,17_Road America,Road America,road-america,2023-08-06,202308061010_Race,27,27,9,01,1:53.355,12.235,12.235,,4,4
2023,17_Road America,Road America,road-america,2023-08-06,202308061010_Race,27,27,10,60,1:52.578,12.788,12.788,,4,4
2023,17_Road America,Road America,road-america,2023-08-06,202308061010_Race,27,24,11,32,2:06.445,3 Laps,,3,4,5
2023,17_Road America,Road America,road-america,2023-08-06,202308061010_Race,27,24,12,96,2:06.450,3 Laps,,3,4,5
2023,17_Road America,Road America,road-america,2023-08-06,202308061010_Race,27,24,13,12,2:05.916,3 Laps,,3,4,5
2023,17_Road America,Road America,road-america,2023-08-06,202308061010_Race,27,27,14,10,1:51.949,17.300,17.300,,4,5
2023,17_Road America,Road America,road-america,2023-08-06,202308061010_Race,27,24,15,78,2:05.838,3 Laps,,3,4,5
2023,17_Road America,Road America,road-america,2023-08-06,202308061010_Race,27,24,16,66,2:05.155,3 Laps,,3,4,5
2023,17_Road America,Road America,road-america,2023-08-06,202308061010_Race,27,26,17,6,1:50.034,1 Lap,,1,4,5
2023,17_Road America,Road America,road-america,2023-08-06,202308061010_Race,27,24,18,93,2:05.576,3 Laps,,3,4,5
2023,17_Road America,Road America,road-america,2023-08-06,202308061010_Race,27,27,19,31,1:51.214,30.496,30.496,,4,5
2023,17_Road America,Road America,road-america,2023-08-06,202308061010_Race,27,24,20,97,2:06.197,3 Laps,,3,4,5
2023,17_Road America,Road America,road-america,2023-08-06,202308061010_Race,27,27,21,5,2:07.446,39.219,39.219,,4,5
2023,17_Road America,Road America,road-america,2023-08-06,202308061010_Race,27,24,22,80,2:06.273,3 Laps,,3,4,5
2023,17_Road America,Road America,road-america,2023-08-06,202308061010_Race,27,27,23,24,2:06.428,43.474,43.474,,4,5
2023,17_Road America,Road America,road-america,2023-08-06,202308061010_Race,27,24,24,77,2:05.870,3 Laps,,3,4,5
2023,17_Road America,Road America,road-america,2023-08-06,202308061010_Race,27,25,25,29,2:00.402,2 Laps,,2,4,5
2023,17_Road America,Road America,road-america,2023-08-06,202308061010_Race,27,25,26,14,2:05.470,2 Laps,,2,4,5
2023,17_Road America,Road America,road-america,2023-08-06,202308061010_Race,27,25,27,74,2:07.400,2 Laps,,2,4,5
2023,17_Road America,Road America,road-america,2023-08-06,202308061010_Race,27,27,28,59,1:51.543,1:03.880,63.880,,4,5
2023,17_Road America,Road America,road-america,2023-08-06,202308061010_Race,27,25,29,13,2:00.515,2 Laps,,2,4,5
2023,17_Road America,Road America,road-america,2023-08-06,202308061010_Race,27,24,30,92,2:06.537,3 Laps,,3,4,5
2023,17_Road America,Road America,road-america,2023-08-06,202308061010_Race,27,26,31,33,1:58.566,1 Lap,,1,4,5
2023,17_Road America,Road America,road-america,2023-08-06,202308061010_Race,27,26,32,52,1:56.652,1 Lap,,1,4,5
2023,17_Road America,Road America,road-america,2023-08-06,202308061010_Race,27,24,33,85,2:01.426,3 Laps,,3,4,5
2023,17_Road America,Road America,road-america,2023-08-06,202308061010_Race,27,25,34,17,1:59.848,2 Laps,,2,4,5
2023,17_Road America,Road America,road-america,2023-08-06,202308061010_Race,27,25,35,91,2:22.323,2 Laps,,2,4,5
2023,17_Road America,Road America,road-america,2023-08-06,202308061010_Race,27,26,36,04,2:18.099,1 Lap,,1,4,5
2023,17_Road America,Road America,road-america,2023-08-06,202308061010_Race,28,28,1,7,1:52.519,,,,4,5
2023,17_Road America,Road America,road-america,2023-08-06,202308061010_Race,28,26,2,11,2:00.938,2 Laps,,2,4,5
2023,17_Road America,Road America,road-america,2023-08-06,202308061010_Race,28,26,3,20,2:02.411,2 Laps,,2,4,5
2023,17_Road America,Road America,road-america,2023-08-06,202308061010_Race,28,25,4,79,2:07.069,3 Laps,,3,4,5
2023,17_Road America,Road America,road-america,2023-08-06,202308061010_Race,28,25,5,3,2:05.798,3 Laps,,3,4,5
2023,17_Road America,Road America,road-america,2023-08-06,202308061010_Race,28,26,6,35,1:58.873,2 Laps,,2,4,5
2023,17_Road America,Road America,road-america,2023-08-06,202308061010_Race,28,25,7,23,2:05.794,3 Laps,,3,4,5
2023,17_Road America,Road America,road-america,2023-08-06,202308061010_Race,28,28,8,60,1:55.936,16.205,16.205,,4,5
2023,17_Road America,Road America,road-america,2023-08-06,202308061010_Race,28,25,9,30,2:01.083,3 Laps,,3,4,5
2023,17_Road America,Road America,road-america,2023-08-06,202308061010_Race,28,25,10,1,2:06.805,3 Laps,,3,4,5
2023,17_Road America,Road America,road-america,2023-08-06,202308061010_Race,28,26,11,18,2:04.775,2 Laps,,2,4,5
2023,17_Road America,Road America,road-america,2023-08-06,202308061010_Race,28,25,12,27,2:07.952,3 Laps,,3,4,5
2023,17_Road America,Road America,road-america,2023-08-06,202308061010_Race,28,25,13,70,2:07.819,3 Laps,,3,4,5
2023,17_Road America,Road America,road-america,2023-08-06,202308061010_Race,28,26,14,4,2:18.741,2 Laps,,2,4,5
2023,17_Road America,Road America,road-america,2023-08-06,202308061010_Race,28,25,15,9,2:06.561,3 Laps,,3,4,5
2023,17_Road America,Road America,road-america,2023-08-06,202308061010_Race,28,27,16,6,1:53.016,1 Lap,,1,4,5
2023,17_Road America,Road America,road-america,2023-08-06,202308061010_Race,28,25,17,32,2:06.252,3 Laps,,3,4,5
2023,17_Road America,Road America,road-america,2023-08-06,202308061010_Race,28,25,18,96,2:06.108,3 Laps,,3,4,5
2023,17_Road America,Road America,road-america,2023-08-06,202308061010_Race,28,25,19,12,2:06.120,3 Laps,,3,4,5
2023,17_Road America,Road America,road-america,2023-08-06,202308061010_Race,28,28,20,01,2:09.899,29.615,29.615,,4,5
2023,17_Road America,Road America,road-america,2023-08-06,202308061010_Race,28,28,21,31,1:53.431,31.408,31.408,,4,5
2023,17_Road America,Road America,road-america,2023-08-06,202308061010_Race,28,25,22,78,2:06.127,3 Laps,,3,4,5
2023,17_Road America,Road America,road-america,2023-08-06,202308061010_Race,28,28,23,10,2:11.013,35.794,35.794,,4,5
2023,17_Road America,Road America,road-america,2023-08-06,202308061010_Race,28,26,24,8,2:19.434,2 Laps,,2,4,5
2023,17_Road America,Road America,road-america,2023-08-06,202308061010_Race,28,25,25,66,2:05.693,3 Laps,,3,4,5
2023,17_Road America,Road America,road-america,2023-08-06,202308061010_Race,28,25,26,93,2:05.708,3 Laps,,3,4,5
2023,17_Road America,Road America,road-america,2023-08-06,202308061010_Race,28,25,27,97,2:05.053,3 Laps,,3,4,5
2023,17_Road America,Road America,road-america,2023-08-06,202308061010_Race,28,25,28,77,2:06.336,3 Laps,,3,4,5
2023,17_Road America,Road America,road-america,2023-08-06,202308061010_Race,28,26,29,29,2:00.873,2 Laps,,2,4,5
2023,17_Road America,Road America,road-america,2023-08-06,202308061010_Race,28,28,30,59,1:50.854,1:02.215,62.215,,4,5
2023,17_Road America,Road America,road-america,2023-08-06,202308061010_Race,28,25,31,80,2:13.713,3 Laps,,3,4,5
2023,17_Road America,Road America,road-america,2023-08-06,202308061010_Race,28,26,32,74,2:00.048,2 Laps,,2,5,1
2023,17_Road America,Road America,road-america,2023-08-06,202308061010_Race,28,26,33,13,2:00.263,2 Laps,,2,5,1
2023,17_Road America,Road America,road-america,2023-08-06,202308061010_Race,28,26,34,14,2:06.368,2 Laps,,2,5,1
2023,17_Road America,Road America,road-america,2023-08-06,202308061010_Race,28,27,35,52,1:56.565,1 Lap,,1,5,1
2023,17_Road America,Road America,road-america,2023-08-06,202308061010_Race,28,25,36,92,2:06.751,3 Laps,,3,5,1
2023,17_Road America,Road America,road-america,2023-08-06,202308061010_Race,28,27,37,33,2:13.963,1 Lap,,1,5,1
2023,17_Road America,Road America,road-america,2023-08-06,202308061010_Race,28,25,38,85,1:58.989,3 Laps,,3,5,1
2023,17_Road America,Road America,road-america,2023-08-06,202308061010_Race,28,26,39,17,1:59.298,2 Laps,,2,5,1
2023,17_Road America,Road America,road-america,2023-08-06,202308061010_Race,28,28,40,5,3:00.674,1:47.374,107.374,,5,1
2023,17_Road America,Road America,road-america,2023-08-06,202308061010_Race,28,27,41,04,1:56.866,1 Lap,,1,5,1
2023,17_Road America,Road America,road-america,2023-08-06,202308061010_Race,28,27,42,11,2:02.691,1 Lap,,1,5,1
2023,17_Road America,Road America,road-america,2023-08-06,202308061010_Race,28,27,43,35,1:59.594,1 Lap,,1,5,1
2023,17_Road America,Road America,road-america,2023-08-06,202308061010_Race,29,29,1,7,2:06.124,,,,5,1
2023,17_Road America,Road America,road-america,2023-08-06,202308061010_Race,29,28,2,24,3:20.743,1 Lap,,1,5,1
2023,17_Road America,Road America,road-america,2023-08-06,202308061010_Race,29,26,3,79,2:08.214,3 Laps,,3,5,1
2023,17_Road America,Road America,road-america,2023-08-06,202308061010_Race,29,26,4,3,2:06.780,3 Laps,,3,5,1
2023,17_Road America,Road America,road-america,2023-08-06,202308061010_Race,29,26,5,23,2:05.606,3 Laps,,3,5,1
2023,17_Road America,Road America,road-america,2023-08-06,202308061010_Race,29,26,6,30,1:59.288,3 Laps,,3,5,1
2023,17_Road America,Road America,road-america,2023-08-06,202308061010_Race,29,27,7,20,2:15.891,2 Laps,,2,5,1
2023,17_Road America,Road America,road-america,2023-08-06,202308061010_Race,29,28,8,6,1:52.092,1 Lap,,1,5,1
2023,17_Road America,Road America,road-america,2023-08-06,202308061010_Race,29,27,9,18,1:59.240,2 Laps,,2,5,1
2023,17_Road America,Road America,road-america,2023-08-06,202308061010_Race,29,29,10,60,2:08.582,18.663,18.663,,5,1
2023,17_Road America,Road America,road-america,2023-08-06,202308061010_Race,29,29,11,31,1:53.663,18.947,18.947,,5,1
2023,17_Road America,Road America,road-america,2023-08-06,202308061010_Race,29,26,12,1,2:06.896,3 Laps,,3,5,1
2023,17_Road America,Road America,road-america,2023-08-06,202308061010_Race,29,26,13,27,2:06.383,3 Laps,,3,5,1
2023,17_Road America,Road America,road-america,2023-08-06,202308061010_Race,29,26,14,70,2:06.373,3 Laps,,3,5,1
2023,17_Road America,Road America,road-america,2023-08-06,202308061010_Race,29,26,15,9,2:06.322,3 Laps,,3,5,1
2023,17_Road America,Road America,road-america,2023-08-06,202308061010_Race,29,26,16,32,2:05.517,3 Laps,,3,5,1
2023,17_Road America,Road America,road-america,2023-08-06,202308061010_Race,29,27,17,8,1:57.142,2 Laps,,2,5,1
2023,17_Road America,Road America,road-america,2023-08-06,202308061010_Race,29,26,18,96,2:05.733,3 Laps,,3,5,1
2023,17_Road America,Road America,road-america,2023-08-06,202308061010_Race,29,26,19,12,2:07.158,3 Laps,,3,5,1
2023,17_Road America,Road America,road-america,2023-08-06,202308061010_Race,29,26,20,78,2:05.970,3 Laps,,3,5,1
2023,17_Road America,Road America,road-america,2023-08-06,202308061010_Race,29,26,21,66,2:05.712,3 Laps,,3,5,1
2023,17_Road America,Road America,road-america,2023-08-06,202308061010_Race,29,26,22,93,2:05.870,3 Laps,,3,5,1
2023,17_Road America,Road America,road-america,2023-08-06,202308061010_Race,29,26,23,97,2:05.283,3 Laps,,3,5,1
2023,17_Road America,Road America,road-america,2023-08-06,202308061010_Race,29,27,24,29,2:02.193,2 Laps,,2,5,1
2023,17_Road America,Road America,road-america,2023-08-06,202308061010_Race,29,26,25,91,3:07.743,3 Laps,,3,5,1
2023,17_Road America,Road America,road-america,2023-08-06,202308061010_Race,29,26,26,77,2:06.974,3 Laps,,3,5,1
2023,17_Road America,Road America,road-america,2023-08-06,202308061010_Race,29,26,27,80,2:06.583,3 Laps,,3,5,1
2023,17_Road America,Road America,road-america,2023-08-06,202308061010_Race,29,27,28,74,1:59.223,2 Laps,,2,5,1
2023,17_Road America,Road America,road-america,2023-08-06,202308061010_Race,29,29,29,59,2:09.683,1:05.774,65.774,,5,1
2023,17_Road America,Road America,road-america,2023-08-06,202308061010_Race,29,27,30,13,1:59.625,2 Laps,,2,5,1
2023,17_Road America,Road America,road-america,2023-08-06,202308061010_Race,29,28,31,52,1:55.576,1 Lap,,1,5,1
2023,17_Road America,Road America,road-america,2023-08-06,202308061010_Race,29,27,32,14,2:05.442,2 Laps,,2,5,1
2023,17_Road America,Road America,road-america,2023-08-06,202308061010_Race,29,26,33,92,2:06.540,3 Laps,,3,5,1
2023,17_Road America,Road America,road-america,2023-08-06,202308061010_Race,29,29,34,01,3:04.054,1:27.545,87.545,,5,1
2023,17_Road America,Road America,road-america,2023-08-06,202308061010_Race,29,26,35,85,2:00.433,3 Laps,,3,5,1
2023,17_Road America,Road America,road-america,2023-08-06,202308061010_Race,29,29,36,10,3:07.085,1:36.755,96.755,,5,1
2023,17_Road America,Road America,road-america,2023-08-06,202308061010_Race,29,29,37,5,1:55.588,1:36.838,96.838,,5,1
2023,17_Road America,Road America,road-america,2023-08-06,202308061010_Race,29,27,38,17,2:03.305,2 Laps,,2,5,1
2023,17_Road America,Road America,road-america,2023-08-06,202308061010_Race,29,28,39,04,1:56.371,1 Lap,,1,5,1
2023,17_Road America,Road America,road-america,2023-08-06,202308061010_Race,29,27,40,4,3:31.175,2 Laps,,2,5,1
2023,17_Road America,Road America,road-america,2023-08-06,202308061010_Race,29,28,41,11,1:55.599,1 Lap,,1,5,1
2023,17_Road America,Road America,road-america,2023-08-06,202308061010_Race,29,28,42,35,1:55.666,1 Lap,,1,5,1
2023,17_Road America,Road America,road-america,2023-08-06,202308061010_Race,29,29,43,24,1:56.935,2:02.509,122.509,,5,1
2023,17_Road America,Road America,road-america,2023-08-06,202308061010_Race,29,29,44,6,1:52.787,2:05.193,125.193,,5,1
2023,17_Road America,Road America,road-america,2023-08-06,202308061010_Race,29,27,45,79,2:05.382,2 Laps,,2,5,1
2023,17_Road America,Road America,road-america,2023-08-06,202308061010_Race,29,27,46,30,2:01.766,2 Laps,,2,5,2
2023,17_Road America,Road America,road-america,2023-08-06,202308061010_Race,29,27,47,3,2:05.693,2 Laps,,2,5,2
2023,17_Road America,Road America,road-america,2023-08-06,202308061010_Race,29,27,48,23,2:06.245,2 Laps,,2,5,2
2023,17_Road America,Road America,road-america,2023-08-06,202308061010_Race,29,28,49,18,1:59.516,1 Lap,,1,5,2
2023,17_Road America,Road America,road-america,2023-08-06,202308061010_Race,30,30,1,31,2:07.621,,,,5,2
2023,17_Road America,Road America,road-america,2023-08-06,202308061010_Race,30,27,2,1,2:05.088,3 Laps,,3,5,2
2023,17_Road America,Road America,road-america,2023-08-06,202308061010_Race,30,28,3,8,2:01.963,2 Laps,,2,5,2
2023,17_Road America,Road America,road-america,2023-08-06,202308061010_Race,30,27,4,27,2:06.526,3 Laps,,3,5,2
2023,17_Road America,Road America,road-america,2023-08-06,202308061010_Race,30,27,5,70,2:06.848,3 Laps,,3,5,2
2023,17_Road America,Road America,road-america,2023-08-06,202308061010_Race,30,27,6,9,2:06.772,3 Laps,,3,5,2
2023,17_Road America,Road America,road-america,2023-08-06,202308061010_Race,30,27,7,32,2:05.918,3 Laps,,3,5,2
2023,17_Road America,Road America,road-america,2023-08-06,202308061010_Race,30,27,8,96,2:05.979,3 Laps,,3,5,2
2023,17_Road America,Road America,road-america,2023-08-06,202308061010_Race,30,27,9,12,2:05.716,3 Laps,,3,5,2
2023,17_Road America,Road America,road-america,2023-08-06,202308061010_Race,30,27,10,78,2:05.187,3 Laps,,3,5,2
2023,17_Road America,Road America,road-america,2023-08-06,202308061010_Race,30,27,11,66,2:05.333,3 Laps,,3,5,2
2023,17_Road America,Road America,road-america,2023-08-06,202308061010_Race,30,27,12,93,2:05.356,3 Laps,,3,5,2
2023,17_Road America,Road America,road-america,2023-08-06,202308061010_Race,30,28,13,33,3:15.867,2 Laps,,2,5,2
2023,17_Road America,Road America,road-america,2023-08-06,202308061010_Race,30,27,14,97,2:05.021,3 Laps,,3,5,2
2023,17_Road America,Road America,road-america,2023-08-06,202308061010_Race,30,28,15,29,1:59.939,2 Laps,,2,5,2
2023,17_Road America,Road America,road-america,2023-08-06,202308061010_Race,30,27,16,91,2:05.077,3 Laps,,3,5,2
2023,17_Road America,Road America,road-america,2023-08-06,202308061010_Race,30,28,17,74,2:00.279,2 Laps,,2,5,2
2023,17_Road America,Road America,road-america,2023-08-06,202308061010_Race,30,28,18,13,2:00.182,2 Laps,,2,5,2
2023,17_Road America,Road America,road-america,2023-08-06,202308061010_Race,30,27,19,77,2:06.862,3 Laps,,3,5,2
2023,17_Road America,Road America,road-america,2023-08-06,202308061010_Race,30,30,20,7,3:08.177,41.609,41.609,,5,2
2023,17_Road America,Road America,road-america,2023-08-06,202308061010_Race,30,29,21,52,1:57.180,1 Lap,,1,5,2
2023,17_Road America,Road America,road-america,2023-08-06,202308061010_Race,30,28,22,20,3:03.646,2 Laps,,2,5,2
2023,17_Road America,Road America,road-america,2023-08-06,202308061010_Race,30,30,23,01,1:57.351,58.328,58.328,,5,2
2023,17_Road America,Road America,road-america,2023-08-06,202308061010_Race,30,27,24,80,2:23.181,3 Laps,,3,5,2
2023,17_Road America,Road America,road-america,2023-08-06,202308061010_Race,30,30,25,60,3:08.466,1:00.561,60.561,,5,2
2023,17_Road America,Road America,road-america,2023-08-06,202308061010_Race,30,27,26,85,2:00.148,3 Laps,,3,5,2
2023,17_Road America,Road America,road-america,2023-08-06,202308061010_Race,30,27,27,92,2:06.187,3 Laps,,3,5,2
2023,17_Road America,Road America,road-america,2023-08-06,202308061010_Race,30,30,28,5,1:56.873,1:07.143,67.143,,5,2
2023,17_Road America,Road America,road-america,2023-08-06,202308061010_Race,30,28,29,14,2:19.862,2 Laps,,2,5,2
2023,17_Road America,Road America,road-america,2023-08-06,202308061010_Race,30,30,30,10,2:01.553,1:11.740,71.740,,5,2
2023,17_Road America,Road America,road-america,2023-08-06,202308061010_Race,30,28,31,17,1:59.669,2 Laps,,2,5,2
2023,17_Road America,Road America,road-america,2023-08-06,202308061010_Race,30,29,32,04,1:55.601,1 Lap,,1,5,2
2023,17_Road America,Road America,road-america,2023-08-06,202308061010_Race,30,29,33,11,1:57.743,1 Lap,,1,5,2
2023,17_Road America,Road America,road-america,2023-08-06,202308061010_Race,30,29,34,35,1:56.825,1 Lap,,1,5,2
2023,17_Road America,Road America,road-america,2023-08-06,202308061010_Race,30,28,35,4,2:02.038,2 Laps,,2,5,2
2023,17_Road America,Road America,road-america,2023-08-06,202308061010_Race,30,30,36,24,1:52.963,1:28.904,88.904,,5,2
2023,17_Road America,Road America,road-america,2023-08-06,202308061010_Race,30,30,37,6,1:50.756,1:29.381,89.381,,5,2
2023,17_Road America,Road America,road-america,2023-08-06,202308061010_Race,30,28,38,30,2:00.078,2 Laps,,2,5,2
2023,17_Road America,Road America,road-america,2023-08-06,202308061010_Race,30,29,39,18,2:02.118,1 Lap,,1,5,2
2023,17_Road America,Road America,road-america,2023-08-06,202308061010_Race,30,28,40,79,2:05.471,2 Laps,,2,5,2
2023,17_Road America,Road America,road-america,2023-08-06,202308061010_Race,30,28,41,3,2:05.946,2 Laps,,2,5,2
2023,17_Road America,Road America,road-america,2023-08-06,202308061010_Race,30,30,42,59,3:13.293,1:52.499,112.499,,5,2
2023,17_Road America,Road America,road-america,2023-08-06,202308061010_Race,30,28,43,23,2:06.015,2 Laps,,2,5,2
2023,17_Road America,Road America,road-america,2023-08-06,202308061010_Race,30,29,44,8,1:56.440,1 Lap,,1,5,2
2023,17_Road America,Road America,road-america,2023-08-06,202308061010_Race,30,28,45,1,2:06.883,2 Laps,,2,5,2
2023,17_Road America,Road America,road-america,2023-08-06,202308061010_Race,30,28,46,27,2:06.151,2 Laps,,2,5,2
2023,17_Road America,Road America,road-america,2023-08-06,202308061010_Race,30,28,47,70,2:05.989,2 Laps,,2,5,2
2023,17_Road America,Road America,road-america,2023-08-06,202308061010_Race,30,28,48,9,2:05.780,2 Laps,,2,5,2
2023,17_Road America,Road America,road-america,2023-08-06,202308061010_Race,30,28,49,32,2:06.067,2 Laps,,2,5,2
2023,17_Road America,Road America,road-america,2023-08-06,202308061010_Race,30,28,50,96,2:05.903,2 Laps,,2,5,2
2023,17_Road America,Road America,road-america,2023-08-06,202308061010_Race,30,28,51,12,2:05.835,2 Laps,,2,5,2
2023,17_Road America,Road America,road-america,2023-08-06,202308061010_Race,30,28,52,78,2:05.098,2 Laps,,2,5,2
2023,17_Road America,Road America,road-america,2023-08-06,202308061010_Race,30,29,53,33,2:01.941,1 Lap,,1,5,2
2023,17_Road America,Road America,road-america,2023-08-06,202308061010_Race,30,28,54,66,2:06.609,2 Laps,,2,5,3
2023,17_Road America,Road America,road-america,2023-08-06,202308061010_Race,30,28,55,93,2:05.526,2 Laps,,2,5,3
2023,17_Road America,Road America,road-america,2023-08-06,202308061010_Race,30,28,56,97,2:04.968,2 Laps,,2,5,3
2023,17_Road America,Road America,road-america,2023-08-06,202308061010_Race,30,29,57,29,2:00.559,1 Lap,,1,5,3
2023,17_Road America,Road America,road-america,2023-08-06,202308061010_Race,30,29,58,74,1:59.631,1 Lap,,1,5,3
2023,17_Road America,Road America,road-america,2023-08-06,202308061010_Race,31,31,1,7,1:56.679,,,,5,3
2023,17_Road America,Road America,road-america,2023-08-06,202308061010_Race,31,29,2,13,2:02.201,2 Laps,,2,5,3
2023,17_Road America,Road America,road-america,2023-08-06,202308061010_Race,31,30,3,52,1:58.120,1 Lap,,1,5,3
2023,17_Road America,Road America,road-america,2023-08-06,202308061010_Race,31,28,4,91,2:07.246,3 Laps,,3,5,3
2023,17_Road America,Road America,road-america,2023-08-06,202308061010_Race,31,29,5,20,1:55.998,2 Laps,,2,5,3
2023,17_Road America,Road America,road-america,2023-08-06,202308061010_Race,31,28,6,77,2:06.839,3 Laps,,3,5,3
2023,17_Road America,Road America,road-america,2023-08-06,202308061010_Race,31,31,7,01,1:52.188,12.228,12.228,,5,3
2023,17_Road America,Road America,road-america,2023-08-06,202308061010_Race,31,31,8,60,1:53.046,15.319,15.319,,5,3
2023,17_Road America,Road America,road-america,2023-08-06,202308061010_Race,31,31,9,5,1:54.264,23.119,23.119,,5,3
2023,17_Road America,Road America,road-america,2023-08-06,202308061010_Race,31,31,10,10,1:53.394,26.846,26.846,,5,3
2023,17_Road America,Road America,road-america,2023-08-06,202308061010_Race,31,31,11,31,3:06.627,28.339,28.339,,5,3
2023,17_Road America,Road America,road-america,2023-08-06,202308061010_Race,31,28,12,85,2:02.804,3 Laps,,3,5,3
2023,17_Road America,Road America,road-america,2023-08-06,202308061010_Race,31,30,13,04,1:56.651,1 Lap,,1,5,3
2023,17_Road America,Road America,road-america,2023-08-06,202308061010_Race,31,29,14,17,2:00.592,2 Laps,,2,5,3
2023,17_Road America,Road America,road-america,2023-08-06,202308061010_Race,31,28,15,92,2:07.998,3 Laps,,3,5,3
2023,17_Road America,Road America,road-america,2023-08-06,202308061010_Race,31,30,16,11,1:55.056,1 Lap,,1,5,3
2023,17_Road America,Road America,road-america,2023-08-06,202308061010_Race,31,31,17,6,1:51.306,42.399,42.399,,5,3
2023,17_Road America,Road America,road-america,2023-08-06,202308061010_Race,31,30,18,35,1:55.780,1 Lap,,1,5,3
2023,17_Road America,Road America,road-america,2023-08-06,202308061010_Race,31,31,19,24,1:53.905,44.521,44.521,,5,3
2023,17_Road America,Road America,road-america,2023-08-06,202308061010_Race,31,29,20,4,2:02.386,2 Laps,,2,5,3
2023,17_Road America,Road America,road-america,2023-08-06,202308061010_Race,31,29,21,30,1:59.337,2 Laps,,2,5,3
2023,17_Road America,Road America,road-america,2023-08-06,202308061010_Race,31,28,22,80,2:44.708,3 Laps,,3,5,3
2023,17_Road America,Road America,road-america,2023-08-06,202308061010_Race,31,31,23,59,1:56.001,1:10.212,70.212,,5,3
2023,17_Road America,Road America,road-america,2023-08-06,202308061010_Race,31,30,24,18,1:59.129,1 Lap,,1,5,3
2023,17_Road America,Road America,road-america,2023-08-06,202308061010_Race,31,29,25,79,2:05.718,2 Laps,,2,5,3
2023,17_Road America,Road America,road-america,2023-08-06,202308061010_Race,31,30,26,8,1:56.652,1 Lap,,1,5,3
2023,17_Road America,Road America,road-america,2023-08-06,202308061010_Race,31,29,27,3,2:05.558,2 Laps,,2,5,3
2023,17_Road America,Road America,road-america,2023-08-06,202308061010_Race,31,29,28,23,2:05.146,2 Laps,,2,5,3
2023,17_Road America,Road America,road-america,2023-08-06,202308061010_Race,31,29,29,1,2:05.569,2 Laps,,2,5,3
2023,17_Road America,Road America,road-america,2023-08-06,202308061010_Race,31,29,30,27,2:05.731,2 Laps,,2,5,3
2023,17_Road America,Road America,road-america,2023-08-06,202308061010_Race,31,29,31,70,2:05.991,2 Laps,,2,5,3
2023,17_Road America,Road America,road-america,2023-08-06,202308061010_Race,31,29,32,9,2:05.554,2 Laps,,2,5,3
2023,17_Road America,Road America,road-america,2023-08-06,202308061010_Race,31,29,33,32,2:06.227,2 Laps,,2,5,3
2023,17_Road America,Road America,road-america,2023-08-06,202308061010_Race,31,29,34,96,2:06.395,2 Laps,,2,5,3
2023,17_Road America,Road America,road-america,2023-08-06,202308061010_Race,31,29,35,14,3:11.188,2 Laps,,2,5,3
2023,17_Road America,Road America,road-america,2023-08-06,202308061010_Race,31,30,36,33,2:01.813,1 Lap,,1,5,3
2023,17_Road America,Road America,road-america,2023-08-06,202308061010_Race,31,29,37,12,2:06.440,2 Laps,,2,5,3
2023,17_Road America,Road America,road-america,2023-08-06,202308061010_Race,31,29,38,78,2:05.612,2 Laps,,2,5,3
2023,17_Road America,Road America,road-america,2023-08-06,202308061010_Race,31,29,39,66,2:05.524,2 Laps,,2,5,3
2023,17_Road America,Road America,road-america,2023-08-06,202308061010_Race,31,29,40,93,2:05.212,2 Laps,,2,5,3
2023,17_Road America,Road America,road-america,2023-08-06,202308061010_Race,32,32,1,7,1:52.575,,,,5,3
2023,17_Road America,Road America,road-america,2023-08-06,202308061010_Race,32,29,2,97,2:05.142,3 Laps,,3,5,3
2023,17_Road America,Road America,road-america,2023-08-06,202308061010_Race,32,30,3,29,2:00.798,2 Laps,,2,5,3
2023,17_Road America,Road America,road-america,2023-08-06,202308061010_Race,32,30,4,74,1:59.338,2 Laps,,2,5,3
2023,17_Road America,Road America,road-america,2023-08-06,202308061010_Race,32,31,5,52,1:56.568,1 Lap,,1,5,3
2023,17_Road America,Road America,road-america,2023-08-06,202308061010_Race,32,30,6,20,1:56.338,2 Laps,,2,5,3
2023,17_Road America,Road America,road-america,2023-08-06,202308061010_Race,32,30,7,13,1:59.413,2 Laps,,2,5,3
2023,17_Road America,Road America,road-america,2023-08-06,202308061010_Race,32,32,8,01,1:53.500,13.153,13.153,,5,3
2023,17_Road America,Road America,road-america,2023-08-06,202308061010_Race,32,32,9,60,1:51.905,14.649,14.649,,5,3
2023,17_Road America,Road America,road-america,2023-08-06,202308061010_Race,32,29,10,91,2:05.242,3 Laps,,3,5,3
2023,17_Road America,Road America,road-america,2023-08-06,202308061010_Race,32,32,11,5,1:52.888,23.432,23.432,,5,4
2023,17_Road America,Road America,road-america,2023-08-06,202308061010_Race,32,29,12,77,2:07.179,3 Laps,,3,5,4
2023,17_Road America,Road America,road-america,2023-08-06,202308061010_Race,32,32,13,10,1:50.600,24.871,24.871,,5,4
2023,17_Road America,Road America,road-america,2023-08-06,202308061010_Race,32,32,14,31,1:52.173,27.937,27.937,,5,4
2023,17_Road America,Road America,road-america,2023-08-06,202308061010_Race,32,31,15,04,1:55.627,1 Lap,,1,5,4
2023,17_Road America,Road America,road-america,2023-08-06,202308061010_Race,32,29,16,85,2:00.005,3 Laps,,3,5,4
2023,17_Road America,Road America,road-america,2023-08-06,202308061010_Race,32,32,17,6,1:50.710,40.534,40.534,,5,4
2023,17_Road America,Road America,road-america,2023-08-06,202308061010_Race,32,30,18,17,1:59.445,2 Laps,,2,5,4
2023,17_Road America,Road America,road-america,2023-08-06,202308061010_Race,32,31,19,11,1:56.039,1 Lap,,1,5,4
2023,17_Road America,Road America,road-america,2023-08-06,202308061010_Race,32,32,20,24,1:52.919,44.865,44.865,,5,4
2023,17_Road America,Road America,road-america,2023-08-06,202308061010_Race,32,31,21,35,1:58.524,1 Lap,,1,5,4
2023,17_Road America,Road America,road-america,2023-08-06,202308061010_Race,32,29,22,92,2:07.334,3 Laps,,3,5,4
2023,17_Road America,Road America,road-america,2023-08-06,202308061010_Race,32,30,23,4,2:00.799,2 Laps,,2,5,4
2023,17_Road America,Road America,road-america,2023-08-06,202308061010_Race,32,32,24,59,1:53.019,1:10.656,70.656,,5,4
2023,17_Road America,Road America,road-america,2023-08-06,202308061010_Race,32,30,25,30,1:59.864,2 Laps,,2,5,4
2023,17_Road America,Road America,road-america,2023-08-06,202308061010_Race,32,31,26,18,2:00.878,1 Lap,,1,5,4
2023,17_Road America,Road America,road-america,2023-08-06,202308061010_Race,32,29,27,80,2:06.789,3 Laps,,3,5,4
2023,17_Road America,Road America,road-america,2023-08-06,202308061010_Race,32,31,28,8,1:55.506,1 Lap,,1,5,4
2023,17_Road America,Road America,road-america,2023-08-06,202308061010_Race,32,30,29,79,2:06.094,2 Laps,,2,5,4
2023,17_Road America,Road America,road-america,2023-08-06,202308061010_Race,32,30,30,3,2:06.003,2 Laps,,2,5,4
2023,17_Road America,Road America,road-america,2023-08-06,202308061010_Race,32,30,31,23,2:05.319,2 Laps,,2,5,4
2023,17_Road America,Road America,road-america,2023-08-06,202308061010_Race,32,30,32,1,2:05.728,2 Laps,,2,5,4
2023,17_Road America,Road America,road-america,2023-08-06,202308061010_Race,32,30,33,27,2:05.966,2 Laps,,2,5,4
2023,17_Road America,Road America,road-america,2023-08-06,202308061010_Race,32,30,34,70,2:06.068,2 Laps,,2,5,4
2023,17_Road America,Road America,road-america,2023-08-06,202308061010_Race,32,30,35,9,2:06.043,2 Laps,,2,5,4
2023,17_Road America,Road America,road-america,2023-08-06,202308061010_Race,32,30,36,32,2:05.647,2 Laps,,2,5,4
2023,17_Road America,Road America,road-america,2023-08-06,202308061010_Race,32,31,37,33,2:02.911,1 Lap,,1,5,4
2023,17_Road America,Road America,road-america,2023-08-06,202308061010_Race,33,33,1,7,1:54.026,,,,5,4
2023,17_Road America,Road America,road-america,2023-08-06,202308061010_Race,33,30,2,96,2:06.202,3 Laps,,3,5,4
2023,17_Road America,Road America,road-america,2023-08-06,202308061010_Race,33,30,3,14,2:06.704,3 Laps,,3,5,4
2023,17_Road America,Road America,road-america,2023-08-06,202308061010_Race,33,30,4,12,2:06.761,3 Laps,,3,5,4
2023,17_Road America,Road America,road-america,2023-08-06,202308061010_Race,33,30,5,78,2:05.068,3 Laps,,3,5,4
2023,17_Road America,Road America,road-america,2023-08-06,202308061010_Race,33,30,6,66,2:05.489,3 Laps,,3,5,4
2023,17_Road America,Road America,road-america,2023-08-06,202308061010_Race,33,31,7,29,2:02.029,2 Laps,,2,5,4
2023,17_Road America,Road America,road-america,2023-08-06,202308061010_Race,33,30,8,93,2:05.810,3 Laps,,3,5,4
2023,17_Road America,Road America,road-america,2023-08-06,202308061010_Race,33,33,9,01,1:52.700,11.827,11.827,,5,4
2023,17_Road America,Road America,road-america,2023-08-06,202308061010_Race,33,30,10,97,2:06.017,3 Laps,,3,5,4
2023,17_Road America,Road America,road-america,2023-08-06,202308061010_Race,33,31,11,20,1:55.962,2 Laps,,2,5,4
2023,17_Road America,Road America,road-america,2023-08-06,202308061010_Race,33,33,12,60,1:51.841,12.464,12.464,,5,4
2023,17_Road America,Road America,road-america,2023-08-06,202308061010_Race,33,32,13,52,1:58.795,1 Lap,,1,5,4
2023,17_Road America,Road America,road-america,2023-08-06,202308061010_Race,33,31,14,74,2:01.686,2 Laps,,2,5,4
2023,17_Road America,Road America,road-america,2023-08-06,202308061010_Race,33,31,15,13,2:00.663,2 Laps,,2,5,4
2023,17_Road America,Road America,road-america,2023-08-06,202308061010_Race,33,33,16,5,1:53.892,23.298,23.298,,5,4
2023,17_Road America,Road America,road-america,2023-08-06,202308061010_Race,33,33,17,10,1:52.751,23.596,23.596,,5,4
2023,17_Road America,Road America,road-america,2023-08-06,202308061010_Race,33,30,18,91,2:06.792,3 Laps,,3,5,4
2023,17_Road America,Road America,road-america,2023-08-06,202308061010_Race,33,33,19,31,2:02.390,36.301,36.301,,5,4
2023,17_Road America,Road America,road-america,2023-08-06,202308061010_Race,33,33,20,6,1:51.236,37.744,37.744,,5,4
2023,17_Road America,Road America,road-america,2023-08-06,202308061010_Race,33,32,21,04,1:57.376,1 Lap,,1,5,4
2023,17_Road America,Road America,road-america,2023-08-06,202308061010_Race,33,30,22,77,2:08.195,3 Laps,,3,5,4
2023,17_Road America,Road America,road-america,2023-08-06,202308061010_Race,33,33,23,24,1:53.496,44.335,44.335,,5,4
2023,17_Road America,Road America,road-america,2023-08-06,202308061010_Race,33,30,24,85,2:00.388,3 Laps,,3,5,4
2023,17_Road America,Road America,road-america,2023-08-06,202308061010_Race,33,32,25,11,1:56.501,1 Lap,,1,5,4
2023,17_Road America,Road America,road-america,2023-08-06,202308061010_Race,33,31,26,17,2:00.765,2 Laps,,2,5,4
2023,17_Road America,Road America,road-america,2023-08-06,202308061010_Race,33,32,27,35,1:56.919,1 Lap,,1,5,4
2023,17_Road America,Road America,road-america,2023-08-06,202308061010_Race,33,30,28,92,2:06.590,3 Laps,,3,5,4
2023,17_Road America,Road America,road-america,2023-08-06,202308061010_Race,33,31,29,4,2:01.274,2 Laps,,2,5,4
2023,17_Road America,Road America,road-america,2023-08-06,202308061010_Race,33,33,30,59,1:51.811,1:08.441,68.441,,5,4
2023,17_Road America,Road America,road-america,2023-08-06,202308061010_Race,33,31,31,30,1:59.015,2 Laps,,2,5,5
2023,17_Road America,Road America,road-america,2023-08-06,202308061010_Race,33,32,32,18,1:58.909,1 Lap,,1,5,5
2023,17_Road America,Road America,road-america,2023-08-06,202308061010_Race,33,32,33,8,1:57.110,1 Lap,,1,5,5
2023,17_Road America,Road America,road-america,2023-08-06,202308061010_Race,33,30,34,80,2:06.494,3 Laps,,3,5,5
2023,17_Road America,Road America,road-america,2023-08-06,202308061010_Race,33,31,35,79,2:05.709,2 Laps,,2,5,5
2023,17_Road America,Road America,road-america,2023-08-06,202308061010_Race,33,31,36,3,2:05.614,2 Laps,,2,5,5
2023,17_Road America,Road America,road-america,2023-08-06,202308061010_Race,33,31,37,23,2:05.460,2 Laps,,2,5,5
2023,17_Road America,Road America,road-america,2023-08-06,202308061010_Race,34,34,1,7,1:53.283,,,,5,5
2023,17_Road America,Road America,road-america,2023-08-06,202308061010_Race,34,31,2,1,2:06.033,3 Laps,,3,5,5
2023,17_Road America,Road America,road-america,2023-08-06,202308061010_Race,34,32,3,33,2:02.761,2 Laps,,2,5,5
2023,17_Road America,Road America,road-america,2023-08-06,202308061010_Race,34,31,4,27,2:06.109,3 Laps,,3,5,5
2023,17_Road America,Road America,road-america,2023-08-06,202308061010_Race,34,31,5,70,2:06.495,3 Laps,,3,5,5
2023,17_Road America,Road America,road-america,2023-08-06,202308061010_Race,34,31,6,9,2:06.729,3 Laps,,3,5,5
2023,17_Road America,Road America,road-america,2023-08-06,202308061010_Race,34,31,7,32,2:06.513,3 Laps,,3,5,5
2023,17_Road America,Road America,road-america,2023-08-06,202308061010_Race,34,34,8,01,1:54.551,13.095,13.095,,5,5
2023,17_Road America,Road America,road-america,2023-08-06,202308061010_Race,34,34,9,60,1:54.471,13.652,13.652,,5,5
2023,17_Road America,Road America,road-america,2023-08-06,202308061010_Race,34,31,10,96,2:06.029,3 Laps,,3,5,5
2023,17_Road America,Road America,road-america,2023-08-06,202308061010_Race,34,31,11,14,2:05.940,3 Laps,,3,5,5
2023,17_Road America,Road America,road-america,2023-08-06,202308061010_Race,34,32,12,20,1:57.385,2 Laps,,2,5,5
2023,17_Road America,Road America,road-america,2023-08-06,202308061010_Race,34,31,13,12,2:06.056,3 Laps,,3,5,5
2023,17_Road America,Road America,road-america,2023-08-06,202308061010_Race,34,31,14,78,2:05.580,3 Laps,,3,5,5
2023,17_Road America,Road America,road-america,2023-08-06,202308061010_Race,34,32,15,29,2:03.046,2 Laps,,2,5,5
2023,17_Road America,Road America,road-america,2023-08-06,202308061010_Race,34,33,16,52,2:01.492,1 Lap,,1,5,5
2023,17_Road America,Road America,road-america,2023-08-06,202308061010_Race,34,31,17,66,2:06.528,3 Laps,,3,5,5
2023,17_Road America,Road America,road-america,2023-08-06,202308061010_Race,34,31,18,93,2:06.131,3 Laps,,3,5,5
2023,17_Road America,Road America,road-america,2023-08-06,202308061010_Race,34,34,19,5,1:53.342,23.357,23.357,,5,5
2023,17_Road America,Road America,road-america,2023-08-06,202308061010_Race,34,34,20,10,1:53.396,23.709,23.709,,5,5
2023,17_Road America,Road America,road-america,2023-08-06,202308061010_Race,34,31,21,97,2:05.713,3 Laps,,3,5,5
2023,17_Road America,Road America,road-america,2023-08-06,202308061010_Race,34,32,22,74,2:07.877,2 Laps,,2,5,5
2023,17_Road America,Road America,road-america,2023-08-06,202308061010_Race,34,32,23,13,2:07.925,2 Laps,,2,5,5
2023,17_Road America,Road America,road-america,2023-08-06,202308061010_Race,34,34,24,31,1:52.598,35.616,35.616,,5,5
2023,17_Road America,Road America,road-america,2023-08-06,202308061010_Race,34,34,25,6,1:51.705,36.166,36.166,,5,5
2023,17_Road America,Road America,road-america,2023-08-06,202308061010_Race,34,34,26,24,1:53.806,44.858,44.858,,5,5
2023,17_Road America,Road America,road-america,2023-08-06,202308061010_Race,34,31,27,91,2:08.576,3 Laps,,3,5,5
2023,17_Road America,Road America,road-america,2023-08-06,202308061010_Race,34,33,28,04,2:02.580,1 Lap,,1,5,5
2023,17_Road America,Road America,road-america,2023-08-06,202308061010_Race,34,33,29,11,1:55.844,1 Lap,,1,5,5
2023,17_Road America,Road America,road-america,2023-08-06,202308061010_Race,34,31,30,77,2:08.671,3 Laps,,3,5,5
2023,17_Road America,Road America,road-america,2023-08-06,202308061010_Race,34,32,31,17,2:00.484,2 Laps,,2,5,5
2023,17_Road America,Road America,road-america,2023-08-06,202308061010_Race,34,33,32,35,1:57.550,1 Lap,,1,5,5
2023,17_Road America,Road America,road-america,2023-08-06,202308061010_Race,34,31,33,85,2:07.830,3 Laps,,3,5,5
2023,17_Road America,Road America,road-america,2023-08-06,202308061010_Race,34,34,34,59,1:50.987,1:06.145,66.145,,5,5
2023,17_Road America,Road America,road-america,2023-08-06,202308061010_Race,34,32,35,4,2:01.059,2 Laps,,2,5,5
2023,17_Road America,Road America,road-america,2023-08-06,202308061010_Race,34,31,36,92,2:07.019,3 Laps,,3,5,5
2023,17_Road America,Road America,road-america,2023-08-06,202308061010_Race,34,32,37,30,1:59.254,2 Laps,,2,5,5
2023,17_Road America,Road America,road-america,2023-08-06,202308061010_Race,34,33,38,8,1:55.377,1 Lap,,1,5,5
2023,17_Road America,Road America,road-america,2023-08-06,202308061010_Race,34,33,39,18,1:59.475,1 Lap,,1,5,5
2023,17_Road America,Road America,road-america,2023-08-06,202308061010_Race,34,31,40,80,2:06.375,3 Laps,,3,5,5
2023,17_Road America,Road America,road-america,2023-08-06,202308061010_Race,35,35,1,7,1:52.147,,,,5,5
2023,17_Road America,Road America,road-america,2023-08-06,202308061010_Race,35,32,2,79,2:05.858,3 Laps,,3,5,5
2023,17_Road America,Road America,road-america,2023-08-06,202308061010_Race,35,32,3,3,2:05.768,3 Laps,,3,5,5
2023,17_Road America,Road America,road-america,2023-08-06,202308061010_Race,35,32,4,23,2:05.742,3 Laps,,3,5,5
2023,17_Road America,Road America,road-america,2023-08-06,202308061010_Race,35,35,5,01,1:54.879,15.827,15.827,,5,5
2023,17_Road America,Road America,road-america,2023-08-06,202308061010_Race,35,35,6,60,1:54.854,16.359,16.359,,5,5
2023,17_Road America,Road America,road-america,2023-08-06,202308061010_Race,35,32,7,1,2:05.961,3 Laps,,3,5,5
2023,17_Road America,Road America,road-america,2023-08-06,202308061010_Race,35,33,8,33,2:02.851,2 Laps,,2,5,5
2023,17_Road America,Road America,road-america,2023-08-06,202308061010_Race,35,32,9,27,2:06.446,3 Laps,,3,6,1
2023,17_Road America,Road America,road-america,2023-08-06,202308061010_Race,35,32,10,70,2:05.571,3 Laps,,3,6,1
2023,17_Road America,Road America,road-america,2023-08-06,202308061010_Race,35,32,11,9,2:06.411,3 Laps,,3,6,1
2023,17_Road America,Road America,road-america,2023-08-06,202308061010_Race,35,32,12,32,2:06.626,3 Laps,,3,6,1
2023,17_Road America,Road America,road-america,2023-08-06,202308061010_Race,35,33,13,20,2:03.883,2 Laps,,2,6,1
2023,17_Road America,Road America,road-america,2023-08-06,202308061010_Race,35,32,14,96,2:06.553,3 Laps,,3,6,1
2023,17_Road America,Road America,road-america,2023-08-06,202308061010_Race,35,32,15,14,2:07.075,3 Laps,,3,6,1
2023,17_Road America,Road America,road-america,2023-08-06,202308061010_Race,35,35,16,10,1:59.001,30.563,30.563,,6,1
2023,17_Road America,Road America,road-america,2023-08-06,202308061010_Race,35,33,17,29,2:05.194,2 Laps,,2,6,1
2023,17_Road America,Road America,road-america,2023-08-06,202308061010_Race,35,35,18,5,2:00.349,31.559,31.559,,6,1
2023,17_Road America,Road America,road-america,2023-08-06,202308061010_Race,35,32,19,12,2:08.465,3 Laps,,3,6,1
2023,17_Road America,Road America,road-america,2023-08-06,202308061010_Race,35,32,20,78,2:08.796,3 Laps,,3,6,1
2023,17_Road America,Road America,road-america,2023-08-06,202308061010_Race,35,34,21,52,2:04.843,1 Lap,,1,6,1
2023,17_Road America,Road America,road-america,2023-08-06,202308061010_Race,35,32,22,66,2:06.672,3 Laps,,3,6,1
2023,17_Road America,Road America,road-america,2023-08-06,202308061010_Race,35,32,23,93,2:06.286,3 Laps,,3,6,1
2023,17_Road America,Road America,road-america,2023-08-06,202308061010_Race,35,33,24,74,2:00.450,2 Laps,,2,6,1
2023,17_Road America,Road America,road-america,2023-08-06,202308061010_Race,35,35,25,31,1:53.132,36.601,36.601,,6,1
2023,17_Road America,Road America,road-america,2023-08-06,202308061010_Race,35,35,26,6,1:53.647,37.666,37.666,,6,1
2023,17_Road America,Road America,road-america,2023-08-06,202308061010_Race,35,32,27,97,2:06.474,3 Laps,,3,6,1
2023,17_Road America,Road America,road-america,2023-08-06,202308061010_Race,35,33,28,13,2:01.513,2 Laps,,2,6,1
2023,17_Road America,Road America,road-america,2023-08-06,202308061010_Race,35,35,29,24,1:50.940,43.651,43.651,,6,1
2023,17_Road America,Road America,road-america,2023-08-06,202308061010_Race,35,34,30,11,1:55.490,1 Lap,,1,6,1
2023,17_Road America,Road America,road-america,2023-08-06,202308061010_Race,35,32,31,91,2:06.022,3 Laps,,3,6,1
2023,17_Road America,Road America,road-america,2023-08-06,202308061010_Race,35,34,32,35,1:57.742,1 Lap,,1,6,1
2023,17_Road America,Road America,road-america,2023-08-06,202308061010_Race,35,33,33,17,2:00.610,2 Laps,,2,6,1
2023,17_Road America,Road America,road-america,2023-08-06,202308061010_Race,35,35,34,59,1:51.275,1:05.273,65.273,,6,1
2023,17_Road America,Road America,road-america,2023-08-06,202308061010_Race,35,34,35,04,2:11.381,1 Lap,,1,6,1
2023,17_Road America,Road America,road-america,2023-08-06,202308061010_Race,35,32,36,85,2:00.634,3 Laps,,3,6,1
2023,17_Road America,Road America,road-america,2023-08-06,202308061010_Race,35,32,37,77,2:07.969,3 Laps,,3,6,1
2023,17_Road America,Road America,road-america,2023-08-06,202308061010_Race,35,33,38,4,2:01.400,2 Laps,,2,6,1
2023,17_Road America,Road America,road-america,2023-08-06,202308061010_Race,35,34,39,8,1:54.807,1 Lap,,1,6,1
2023,17_Road America,Road America,road-america,2023-08-06,202308061010_Race,35,32,40,92,2:06.696,3 Laps,,3,6,1
2023,17_Road America,Road America,road-america,2023-08-06,202308061010_Race,35,33,41,30,2:00.089,2 Laps,,2,6,1
2023,17_Road America,Road America,road-america,2023-08-06,202308061010_Race,36,36,1,7,1:52.461,,,,6,1
2023,17_Road America,Road America,road-america,2023-08-06,202308061010_Race,36,34,2,18,2:15.230,2 Laps,,2,6,1
2023,17_Road America,Road America,road-america,2023-08-06,202308061010_Race,36,32,3,80,2:06.559,4 Laps,,4,6,1
2023,17_Road America,Road America,road-america,2023-08-06,202308061010_Race,36,36,4,01,1:52.273,15.639,15.639,,6,1
2023,17_Road America,Road America,road-america,2023-08-06,202308061010_Race,36,33,5,79,2:05.547,3 Laps,,3,6,1
2023,17_Road America,Road America,road-america,2023-08-06,202308061010_Race,36,36,6,60,1:52.255,16.153,16.153,,6,1
2023,17_Road America,Road America,road-america,2023-08-06,202308061010_Race,36,33,7,3,2:05.818,3 Laps,,3,6,1
2023,17_Road America,Road America,road-america,2023-08-06,202308061010_Race,36,33,8,23,2:05.987,3 Laps,,3,6,1
2023,17_Road America,Road America,road-america,2023-08-06,202308061010_Race,36,34,9,33,2:00.621,2 Laps,,2,6,1
2023,17_Road America,Road America,road-america,2023-08-06,202308061010_Race,36,36,10,10,1:55.492,33.594,33.594,,6,1
2023,17_Road America,Road America,road-america,2023-08-06,202308061010_Race,36,33,11,1,2:06.241,3 Laps,,3,6,1
2023,17_Road America,Road America,road-america,2023-08-06,202308061010_Race,36,34,12,20,1:58.115,2 Laps,,2,6,1
2023,17_Road America,Road America,road-america,2023-08-06,202308061010_Race,36,33,13,27,2:06.614,3 Laps,,3,6,1
2023,17_Road America,Road America,road-america,2023-08-06,202308061010_Race,36,33,14,70,2:06.602,3 Laps,,3,6,1
2023,17_Road America,Road America,road-america,2023-08-06,202308061010_Race,36,36,15,5,1:59.118,38.216,38.216,,6,1
2023,17_Road America,Road America,road-america,2023-08-06,202308061010_Race,36,36,16,31,1:55.177,39.317,39.317,,6,1
2023,17_Road America,Road America,road-america,2023-08-06,202308061010_Race,36,36,17,6,1:55.761,40.966,40.966,,6,1
2023,17_Road America,Road America,road-america,2023-08-06,202308061010_Race,36,33,18,9,2:07.167,3 Laps,,3,6,1
2023,17_Road America,Road America,road-america,2023-08-06,202308061010_Race,36,34,19,29,2:02.920,2 Laps,,2,6,1
2023,17_Road America,Road America,road-america,2023-08-06,202308061010_Race,36,33,20,32,2:06.805,3 Laps,,3,6,1
2023,17_Road America,Road America,road-america,2023-08-06,202308061010_Race,36,33,21,96,2:06.987,3 Laps,,3,6,1
2023,17_Road America,Road America,road-america,2023-08-06,202308061010_Race,36,33,22,14,2:07.542,3 Laps,,3,6,1
2023,17_Road America,Road America,road-america,2023-08-06,202308061010_Race,36,36,23,24,1:55.673,46.863,46.863,,6,1
2023,17_Road America,Road America,road-america,2023-08-06,202308061010_Race,36,34,24,74,2:03.759,2 Laps,,2,6,1
2023,17_Road America,Road America,road-america,2023-08-06,202308061010_Race,36,33,25,12,2:07.685,3 Laps,,3,6,2
2023,17_Road America,Road America,road-america,2023-08-06,202308061010_Race,36,33,26,78,2:07.868,3 Laps,,3,6,2
2023,17_Road America,Road America,road-america,2023-08-06,202308061010_Race,36,33,27,66,2:07.117,3 Laps,,3,6,2
2023,17_Road America,Road America,road-america,2023-08-06,202308061010_Race,36,33,28,93,2:07.147,3 Laps,,3,6,2
2023,17_Road America,Road America,road-america,2023-08-06,202308061010_Race,36,34,29,13,2:03.854,2 Laps,,2,6,2
2023,17_Road America,Road America,road-america,2023-08-06,202308061010_Race,36,33,30,97,2:06.034,3 Laps,,3,6,2
2023,17_Road America,Road America,road-america,2023-08-06,202308061010_Race,36,35,31,52,2:17.037,1 Lap,,1,6,2
2023,17_Road America,Road America,road-america,2023-08-06,202308061010_Race,36,35,32,35,1:57.083,1 Lap,,1,6,2
2023,17_Road America,Road America,road-america,2023-08-06,202308061010_Race,36,36,33,59,1:53.692,1:06.504,66.504,,6,2
2023,17_Road America,Road America,road-america,2023-08-06,202308061010_Race,36,35,34,11,2:09.458,1 Lap,,1,6,2
2023,17_Road America,Road America,road-america,2023-08-06,202308061010_Race,36,34,35,17,2:01.642,2 Laps,,2,6,2
2023,17_Road America,Road America,road-america,2023-08-06,202308061010_Race,36,33,36,91,2:06.527,3 Laps,,3,6,2
2023,17_Road America,Road America,road-america,2023-08-06,202308061010_Race,36,33,37,85,1:59.912,3 Laps,,3,6,2
2023,17_Road America,Road America,road-america,2023-08-06,202308061010_Race,36,33,38,77,2:07.108,3 Laps,,3,6,2
2023,17_Road America,Road America,road-america,2023-08-06,202308061010_Race,36,34,39,4,2:01.178,2 Laps,,2,6,2
2023,17_Road America,Road America,road-america,2023-08-06,202308061010_Race,36,34,40,30,1:59.211,2 Laps,,2,6,2
2023,17_Road America,Road America,road-america,2023-08-06,202308061010_Race,36,33,41,92,2:06.477,3 Laps,,3,6,2
2023,17_Road America,Road America,road-america,2023-08-06,202308061010_Race,36,35,42,8,2:10.144,1 Lap,,1,6,2
2023,17_Road America,Road America,road-america,2023-08-06,202308061010_Race,37,37,1,7,1:51.197,,,,6,2
2023,17_Road America,Road America,road-america,2023-08-06,202308061010_Race,37,37,2,01,1:52.857,17.299,17.299,,6,2
2023,17_Road America,Road America,road-america,2023-08-06,202308061010_Race,37,37,3,60,1:53.067,18.023,18.023,,6,2
2023,17_Road America,Road America,road-america,2023-08-06,202308061010_Race,37,35,4,04,3:00.074,2 Laps,,2,6,2
2023,17_Road America,Road America,road-america,2023-08-06,202308061010_Race,37,33,5,80,2:06.678,4 Laps,,4,6,2
2023,17_Road America,Road America,road-america,2023-08-06,202308061010_Race,37,34,6,79,2:05.902,3 Laps,,3,6,2
2023,17_Road America,Road America,road-america,2023-08-06,202308061010_Race,37,34,7,3,2:05.841,3 Laps,,3,6,2
2023,17_Road America,Road America,road-america,2023-08-06,202308061010_Race,37,34,8,23,2:05.663,3 Laps,,3,6,2
2023,17_Road America,Road America,road-america,2023-08-06,202308061010_Race,37,37,9,10,1:51.201,33.598,33.598,,6,2
2023,17_Road America,Road America,road-america,2023-08-06,202308061010_Race,37,35,10,20,1:54.641,2 Laps,,2,6,2
2023,17_Road America,Road America,road-america,2023-08-06,202308061010_Race,37,35,11,33,2:00.304,2 Laps,,2,6,2
2023,17_Road America,Road America,road-america,2023-08-06,202308061010_Race,37,37,12,5,1:52.373,39.392,39.392,,6,2
2023,17_Road America,Road America,road-america,2023-08-06,202308061010_Race,37,37,13,31,1:53.670,41.790,41.790,,6,2
2023,17_Road America,Road America,road-america,2023-08-06,202308061010_Race,37,37,14,6,1:53.161,42.930,42.930,,6,2
2023,17_Road America,Road America,road-america,2023-08-06,202308061010_Race,37,34,15,1,2:06.807,3 Laps,,3,6,2
2023,17_Road America,Road America,road-america,2023-08-06,202308061010_Race,37,37,16,24,1:56.368,52.034,52.034,,6,2
2023,17_Road America,Road America,road-america,2023-08-06,202308061010_Race,37,34,17,27,2:06.221,3 Laps,,3,6,2
2023,17_Road America,Road America,road-america,2023-08-06,202308061010_Race,37,35,18,29,2:02.367,2 Laps,,2,6,2
2023,17_Road America,Road America,road-america,2023-08-06,202308061010_Race,37,34,19,70,2:07.093,3 Laps,,3,6,2
2023,17_Road America,Road America,road-america,2023-08-06,202308061010_Race,37,34,20,9,2:06.053,3 Laps,,3,6,2
2023,17_Road America,Road America,road-america,2023-08-06,202308061010_Race,37,34,21,32,2:06.380,3 Laps,,3,6,2
2023,17_Road America,Road America,road-america,2023-08-06,202308061010_Race,37,34,22,96,2:06.154,3 Laps,,3,6,2
2023,17_Road America,Road America,road-america,2023-08-06,202308061010_Race,37,35,23,74,2:01.804,2 Laps,,2,6,2
2023,17_Road America,Road America,road-america,2023-08-06,202308061010_Race,37,34,24,14,2:06.250,3 Laps,,3,6,2
2023,17_Road America,Road America,road-america,2023-08-06,202308061010_Race,37,34,25,12,2:06.188,3 Laps,,3,6,2
2023,17_Road America,Road America,road-america,2023-08-06,202308061010_Race,37,34,26,78,2:05.743,3 Laps,,3,6,2
2023,17_Road America,Road America,road-america,2023-08-06,202308061010_Race,37,34,27,66,2:05.765,3 Laps,,3,6,2
2023,17_Road America,Road America,road-america,2023-08-06,202308061010_Race,37,35,28,18,2:56.126,2 Laps,,2,6,2
2023,17_Road America,Road America,road-america,2023-08-06,202308061010_Race,37,34,29,93,2:05.988,3 Laps,,3,6,2
2023,17_Road America,Road America,road-america,2023-08-06,202308061010_Race,37,35,30,13,2:05.045,2 Laps,,2,6,2
2023,17_Road America,Road America,road-america,2023-08-06,202308061010_Race,37,34,31,97,2:06.360,3 Laps,,3,6,2
2023,17_Road America,Road America,road-america,2023-08-06,202308061010_Race,37,37,32,59,1:52.837,1:08.144,68.144,,6,2
2023,17_Road America,Road America,road-america,2023-08-06,202308061010_Race,37,35,33,17,1:59.021,2 Laps,,2,6,2
2023,17_Road America,Road America,road-america,2023-08-06,202308061010_Race,37,34,34,85,2:00.529,3 Laps,,3,6,2
2023,17_Road America,Road America,road-america,2023-08-06,202308061010_Race,37,36,35,35,2:13.328,1 Lap,,1,6,2
2023,17_Road America,Road America,road-america,2023-08-06,202308061010_Race,37,34,36,91,2:05.912,3 Laps,,3,6,2
2023,17_Road America,Road America,road-america,2023-08-06,202308061010_Race,37,34,37,77,2:06.828,3 Laps,,3,6,2
2023,17_Road America,Road America,road-america,2023-08-06,202308061010_Race,37,35,38,4,2:00.779,2 Laps,,2,6,2
2023,17_Road America,Road America,road-america,2023-08-06,202308061010_Race,37,35,39,30,1:59.766,2 Laps,,2,6,2
2023,17_Road America,Road America,road-america,2023-08-06,202308061010_Race,38,38,1,7,1:52.620,,,,6,3
2023,17_Road America,Road America,road-america,2023-08-06,202308061010_Race,38,34,2,92,2:06.696,4 Laps,,4,6,3
2023,17_Road America,Road America,road-america,2023-08-06,202308061010_Race,38,36,3,11,2:48.245,2 Laps,,2,6,3
2023,17_Road America,Road America,road-america,2023-08-06,202308061010_Race,38,38,4,01,1:51.900,16.579,16.579,,6,3
2023,17_Road America,Road America,road-america,2023-08-06,202308061010_Race,38,36,5,52,3:02.073,2 Laps,,2,6,3
2023,17_Road America,Road America,road-america,2023-08-06,202308061010_Race,38,38,6,60,1:51.570,16.973,16.973,,6,3
2023,17_Road America,Road America,road-america,2023-08-06,202308061010_Race,38,36,7,04,1:53.970,2 Laps,,2,6,3
2023,17_Road America,Road America,road-america,2023-08-06,202308061010_Race,38,38,8,10,1:52.755,33.733,33.733,,6,3
2023,17_Road America,Road America,road-america,2023-08-06,202308061010_Race,38,34,9,80,2:08.041,4 Laps,,4,6,3
2023,17_Road America,Road America,road-america,2023-08-06,202308061010_Race,38,36,10,20,1:56.525,2 Laps,,2,6,3
2023,17_Road America,Road America,road-america,2023-08-06,202308061010_Race,38,38,11,5,1:55.117,41.889,41.889,,6,3
2023,17_Road America,Road America,road-america,2023-08-06,202308061010_Race,38,38,12,31,1:54.142,43.312,43.312,,6,3
2023,17_Road America,Road America,road-america,2023-08-06,202308061010_Race,38,38,13,6,1:53.424,43.734,43.734,,6,3
2023,17_Road America,Road America,road-america,2023-08-06,202308061010_Race,38,35,14,79,2:06.279,3 Laps,,3,6,3
2023,17_Road America,Road America,road-america,2023-08-06,202308061010_Race,38,35,15,3,2:06.741,3 Laps,,3,6,3
2023,17_Road America,Road America,road-america,2023-08-06,202308061010_Race,38,35,16,23,2:06.619,3 Laps,,3,6,3
2023,17_Road America,Road America,road-america,2023-08-06,202308061010_Race,38,36,17,33,2:01.613,2 Laps,,2,6,3
2023,17_Road America,Road America,road-america,2023-08-06,202308061010_Race,38,38,18,24,1:51.040,50.454,50.454,,6,3
2023,17_Road America,Road America,road-america,2023-08-06,202308061010_Race,38,36,19,8,2:56.697,2 Laps,,2,6,3
2023,17_Road America,Road America,road-america,2023-08-06,202308061010_Race,38,36,20,29,2:01.345,2 Laps,,2,6,3
2023,17_Road America,Road America,road-america,2023-08-06,202308061010_Race,38,35,21,1,2:06.672,3 Laps,,3,6,3
2023,17_Road America,Road America,road-america,2023-08-06,202308061010_Race,38,35,22,27,2:06.025,3 Laps,,3,6,3
2023,17_Road America,Road America,road-america,2023-08-06,202308061010_Race,38,35,23,70,2:05.435,3 Laps,,3,6,3
2023,17_Road America,Road America,road-america,2023-08-06,202308061010_Race,38,36,24,74,2:01.221,2 Laps,,2,6,3
2023,17_Road America,Road America,road-america,2023-08-06,202308061010_Race,38,35,25,9,2:05.587,3 Laps,,3,6,3
2023,17_Road America,Road America,road-america,2023-08-06,202308061010_Race,38,36,26,18,1:57.144,2 Laps,,2,6,3
2023,17_Road America,Road America,road-america,2023-08-06,202308061010_Race,38,35,27,32,2:06.459,3 Laps,,3,6,3
2023,17_Road America,Road America,road-america,2023-08-06,202308061010_Race,38,35,28,96,2:06.667,3 Laps,,3,6,3
2023,17_Road America,Road America,road-america,2023-08-06,202308061010_Race,38,38,29,59,1:57.351,1:12.875,72.875,,6,3
2023,17_Road America,Road America,road-america,2023-08-06,202308061010_Race,38,35,30,14,2:05.480,3 Laps,,3,6,3
2023,17_Road America,Road America,road-america,2023-08-06,202308061010_Race,38,36,31,13,2:03.200,2 Laps,,2,6,3
2023,17_Road America,Road America,road-america,2023-08-06,202308061010_Race,38,35,32,12,2:06.378,3 Laps,,3,6,3
2023,17_Road America,Road America,road-america,2023-08-06,202308061010_Race,38,35,33,78,2:06.653,3 Laps,,3,6,3
2023,17_Road America,Road America,road-america,2023-08-06,202308061010_Race,38,35,34,66,2:06.647,3 Laps,,3,6,3
2023,17_Road America,Road America,road-america,2023-08-06,202308061010_Race,38,35,35,93,2:06.159,3 Laps,,3,6,3
2023,17_Road America,Road America,road-america,2023-08-06,202308061010_Race,38,35,36,97,2:05.599,3 Laps,,3,6,3
2023,17_Road America,Road America,road-america,2023-08-06,202308061010_Race,38,36,37,17,1:58.831,2 Laps,,2,6,3
2023,17_Road America,Road America,road-america,2023-08-06,202308061010_Race,38,35,38,85,1:59.399,3 Laps,,3,6,3
2023,17_Road America,Road America,road-america,2023-08-06,202308061010_Race,38,35,39,91,2:05.485,3 Laps,,3,6,3
2023,17_Road America,Road America,road-america,2023-08-06,202308061010_Race,39,39,1,7,1:53.437,,,,6,3
2023,17_Road America,Road America,road-america,2023-08-06,202308061010_Race,39,35,2,77,2:06.916,4 Laps,,4,6,3
2023,17_Road America,Road America,road-america,2023-08-06,202308061010_Race,39,36,3,30,1:59.432,3 Laps,,3,6,3
2023,17_Road America,Road America,road-america,2023-08-06,202308061010_Race,39,37,4,11,1:53.462,2 Laps,,2,6,3
2023,17_Road America,Road America,road-america,2023-08-06,202308061010_Race,39,39,5,01,1:52.465,15.607,15.607,,6,3
2023,17_Road America,Road America,road-america,2023-08-06,202308061010_Race,39,39,6,60,1:52.536,16.072,16.072,,6,3
2023,17_Road America,Road America,road-america,2023-08-06,202308061010_Race,39,37,7,52,1:55.438,2 Laps,,2,6,3
2023,17_Road America,Road America,road-america,2023-08-06,202308061010_Race,39,35,8,92,2:06.703,4 Laps,,4,6,3
2023,17_Road America,Road America,road-america,2023-08-06,202308061010_Race,39,37,9,04,1:53.511,2 Laps,,2,6,3
2023,17_Road America,Road America,road-america,2023-08-06,202308061010_Race,39,39,10,10,1:49.778,30.074,30.074,,6,3
2023,17_Road America,Road America,road-america,2023-08-06,202308061010_Race,39,37,11,35,2:57.821,2 Laps,,2,6,3
2023,17_Road America,Road America,road-america,2023-08-06,202308061010_Race,39,39,12,5,1:52.515,40.967,40.967,,6,3
2023,17_Road America,Road America,road-america,2023-08-06,202308061010_Race,39,37,13,20,1:54.952,2 Laps,,2,6,3
2023,17_Road America,Road America,road-america,2023-08-06,202308061010_Race,39,39,14,31,1:52.813,42.688,42.688,,6,3
2023,17_Road America,Road America,road-america,2023-08-06,202308061010_Race,39,39,15,6,1:52.686,42.983,42.983,,6,3
2023,17_Road America,Road America,road-america,2023-08-06,202308061010_Race,39,36,16,4,2:52.695,3 Laps,,3,6,3
2023,17_Road America,Road America,road-america,2023-08-06,202308061010_Race,39,39,17,24,1:54.552,51.569,51.569,,6,4
2023,17_Road America,Road America,road-america,2023-08-06,202308061010_Race,39,35,18,80,2:07.209,4 Laps,,4,6,4
2023,17_Road America,Road America,road-america,2023-08-06,202308061010_Race,39,37,19,33,2:03.722,2 Laps,,2,6,4
2023,17_Road America,Road America,road-america,2023-08-06,202308061010_Race,39,36,20,79,2:05.616,3 Laps,,3,6,4
2023,17_Road America,Road America,road-america,2023-08-06,202308061010_Race,39,36,21,23,2:06.280,3 Laps,,3,6,4
2023,17_Road America,Road America,road-america,2023-08-06,202308061010_Race,39,36,22,3,2:07.186,3 Laps,,3,6,4
2023,17_Road America,Road America,road-america,2023-08-06,202308061010_Race,39,37,23,8,1:55.297,2 Laps,,2,6,4
2023,17_Road America,Road America,road-america,2023-08-06,202308061010_Race,39,37,24,29,1:59.951,2 Laps,,2,6,4
2023,17_Road America,Road America,road-america,2023-08-06,202308061010_Race,39,37,25,74,2:00.620,2 Laps,,2,6,4
2023,17_Road America,Road America,road-america,2023-08-06,202308061010_Race,39,39,26,59,1:55.643,1:15.081,75.081,,6,4
2023,17_Road America,Road America,road-america,2023-08-06,202308061010_Race,39,36,27,1,2:05.885,3 Laps,,3,6,4
2023,17_Road America,Road America,road-america,2023-08-06,202308061010_Race,39,37,28,18,1:59.358,2 Laps,,2,6,4
2023,17_Road America,Road America,road-america,2023-08-06,202308061010_Race,39,36,29,27,2:06.777,3 Laps,,3,6,4
2023,17_Road America,Road America,road-america,2023-08-06,202308061010_Race,39,36,30,70,2:06.424,3 Laps,,3,6,4
2023,17_Road America,Road America,road-america,2023-08-06,202308061010_Race,39,36,31,9,2:06.160,3 Laps,,3,6,4
2023,17_Road America,Road America,road-america,2023-08-06,202308061010_Race,39,36,32,32,2:06.059,3 Laps,,3,6,4
2023,17_Road America,Road America,road-america,2023-08-06,202308061010_Race,39,36,33,96,2:06.098,3 Laps,,3,6,4
2023,17_Road America,Road America,road-america,2023-08-06,202308061010_Race,39,37,34,13,2:01.114,2 Laps,,2,6,4
2023,17_Road America,Road America,road-america,2023-08-06,202308061010_Race,39,36,35,14,2:06.279,3 Laps,,3,6,4
2023,17_Road America,Road America,road-america,2023-08-06,202308061010_Race,39,36,36,12,2:05.971,3 Laps,,3,6,4
2023,17_Road America,Road America,road-america,2023-08-06,202308061010_Race,39,36,37,78,2:06.872,3 Laps,,3,6,4
2023,17_Road America,Road America,road-america,2023-08-06,202308061010_Race,39,36,38,66,2:05.933,3 Laps,,3,6,4
2023,17_Road America,Road America,road-america,2023-08-06,202308061010_Race,39,36,39,93,2:05.998,3 Laps,,3,6,4
2023,17_Road America,Road America,road-america,2023-08-06,202308061010_Race,39,36,40,97,2:05.520,3 Laps,,3,6,4
2023,17_Road America,Road America,road-america,2023-08-06,202308061010_Race,39,37,41,17,1:59.756,2 Laps,,2,6,4
2023,17_Road America,Road America,road-america,2023-08-06,202308061010_Race,39,36,42,85,1:59.216,3 Laps,,3,6,4
2023,17_Road America,Road America,road-america,2023-08-06,202308061010_Race,40,40,1,7,1:52.327,,,,6,4
2023,17_Road America,Road America,road-america,2023-08-06,202308061010_Race,40,36,2,91,2:05.438,4 Laps,,4,6,4
2023,17_Road America,Road America,road-america,2023-08-06,202308061010_Race,40,37,3,30,1:58.894,3 Laps,,3,6,4
2023,17_Road America,Road America,road-america,2023-08-06,202308061010_Race,40,40,4,01,1:51.544,14.824,14.824,,6,4
2023,17_Road America,Road America,road-america,2023-08-06,202308061010_Race,40,38,5,11,1:53.144,2 Laps,,2,6,4
2023,17_Road America,Road America,road-america,2023-08-06,202308061010_Race,40,36,6,77,2:06.531,4 Laps,,4,6,4
2023,17_Road America,Road America,road-america,2023-08-06,202308061010_Race,40,40,7,60,1:51.607,15.352,15.352,,6,4
2023,17_Road America,Road America,road-america,2023-08-06,202308061010_Race,40,38,8,52,1:53.773,2 Laps,,2,6,4
2023,17_Road America,Road America,road-america,2023-08-06,202308061010_Race,40,38,9,04,1:53.483,2 Laps,,2,6,4
2023,17_Road America,Road America,road-america,2023-08-06,202308061010_Race,40,40,10,10,1:49.853,27.600,27.600,,6,4
2023,17_Road America,Road America,road-america,2023-08-06,202308061010_Race,40,36,11,92,2:06.601,4 Laps,,4,6,4
2023,17_Road America,Road America,road-america,2023-08-06,202308061010_Race,40,40,12,5,1:52.024,40.664,40.664,,6,4
2023,17_Road America,Road America,road-america,2023-08-06,202308061010_Race,40,38,13,35,1:55.513,2 Laps,,2,6,4
2023,17_Road America,Road America,road-america,2023-08-06,202308061010_Race,40,40,14,31,1:52.929,43.290,43.290,,6,4
2023,17_Road America,Road America,road-america,2023-08-06,202308061010_Race,40,40,15,6,1:52.636,43.292,43.292,,6,4
2023,17_Road America,Road America,road-america,2023-08-06,202308061010_Race,40,38,16,20,1:54.922,2 Laps,,2,6,4
2023,17_Road America,Road America,road-america,2023-08-06,202308061010_Race,40,40,17,24,1:50.531,49.773,49.773,,6,4
2023,17_Road America,Road America,road-america,2023-08-06,202308061010_Race,40,38,18,33,2:01.727,2 Laps,,2,6,4
2023,17_Road America,Road America,road-america,2023-08-06,202308061010_Race,40,38,19,8,1:58.332,2 Laps,,2,6,4
2023,17_Road America,Road America,road-america,2023-08-06,202308061010_Race,40,36,20,80,2:07.012,4 Laps,,4,6,4
2023,17_Road America,Road America,road-america,2023-08-06,202308061010_Race,40,37,21,79,2:06.419,3 Laps,,3,6,4
2023,17_Road America,Road America,road-america,2023-08-06,202308061010_Race,40,37,22,23,2:05.459,3 Laps,,3,6,4
2023,17_Road America,Road America,road-america,2023-08-06,202308061010_Race,40,37,23,3,2:05.962,3 Laps,,3,6,4
2023,17_Road America,Road America,road-america,2023-08-06,202308061010_Race,40,40,24,59,1:52.401,1:15.155,75.155,,6,4
2023,17_Road America,Road America,road-america,2023-08-06,202308061010_Race,40,38,25,29,1:59.972,2 Laps,,2,6,4
2023,17_Road America,Road America,road-america,2023-08-06,202308061010_Race,40,38,26,18,1:53.835,2 Laps,,2,6,4
2023,17_Road America,Road America,road-america,2023-08-06,202308061010_Race,40,38,27,74,2:00.297,2 Laps,,2,6,4
2023,17_Road America,Road America,road-america,2023-08-06,202308061010_Race,40,37,28,1,2:06.030,3 Laps,,3,6,4
2023,17_Road America,Road America,road-america,2023-08-06,202308061010_Race,40,37,29,27,2:05.881,3 Laps,,3,6,4
2023,17_Road America,Road America,road-america,2023-08-06,202308061010_Race,40,37,30,70,2:06.194,3 Laps,,3,6,4
2023,17_Road America,Road America,road-america,2023-08-06,202308061010_Race,40,38,31,13,2:01.770,2 Laps,,2,6,4
2023,17_Road America,Road America,road-america,2023-08-06,202308061010_Race,40,37,32,9,2:06.173,3 Laps,,3,6,5
2023,17_Road America,Road America,road-america,2023-08-06,202308061010_Race,40,37,33,32,2:06.377,3 Laps,,3,6,5
2023,17_Road America,Road America,road-america,2023-08-06,202308061010_Race,40,37,34,96,2:06.237,3 Laps,,3,6,5
2023,17_Road America,Road America,road-america,2023-08-06,202308061010_Race,40,37,35,4,2:44.318,3 Laps,,3,6,5
2023,17_Road America,Road America,road-america,2023-08-06,202308061010_Race,40,37,36,14,2:06.355,3 Laps,,3,6,5
2023,17_Road America,Road America,road-america,2023-08-06,202308061010_Race,40,37,37,12,2:06.113,3 Laps,,3,6,5
2023,17_Road America,Road America,road-america,2023-08-06,202308061010_Race,40,37,38,78,2:04.998,3 Laps,,3,6,5
2023,17_Road America,Road America,road-america,2023-08-06,202308061010_Race,40,38,39,17,2:03.968,2 Laps,,2,6,5
2023,17_Road America,Road America,road-america,2023-08-06,202308061010_Race,40,37,40,66,2:05.520,3 Laps,,3,6,5
2023,17_Road America,Road America,road-america,2023-08-06,202308061010_Race,40,37,41,93,2:06.002,3 Laps,,3,6,5
2023,17_Road America,Road America,road-america,2023-08-06,202308061010_Race,40,37,42,97,2:06.378,3 Laps,,3,6,5
2023,17_Road America,Road America,road-america,2023-08-06,202308061010_Race,41,41,1,7,1:50.975,,,,6,5
2023,17_Road America,Road America,road-america,2023-08-06,202308061010_Race,41,41,2,01,1:51.847,15.696,15.696,,6,5
2023,17_Road America,Road America,road-america,2023-08-06,202308061010_Race,41,41,3,60,1:51.375,15.752,15.752,,6,5
2023,17_Road America,Road America,road-america,2023-08-06,202308061010_Race,41,38,4,30,1:59.300,3 Laps,,3,6,5
2023,17_Road America,Road America,road-america,2023-08-06,202308061010_Race,41,37,5,91,2:05.435,4 Laps,,4,6,5
2023,17_Road America,Road America,road-america,2023-08-06,202308061010_Race,41,39,6,11,1:55.330,2 Laps,,2,6,5
2023,17_Road America,Road America,road-america,2023-08-06,202308061010_Race,41,39,7,52,1:54.224,2 Laps,,2,6,5
2023,17_Road America,Road America,road-america,2023-08-06,202308061010_Race,41,39,8,04,1:53.902,2 Laps,,2,6,5
2023,17_Road America,Road America,road-america,2023-08-06,202308061010_Race,41,41,9,10,1:52.303,28.928,28.928,,6,5
2023,17_Road America,Road America,road-america,2023-08-06,202308061010_Race,41,37,10,77,2:06.927,4 Laps,,4,6,5
2023,17_Road America,Road America,road-america,2023-08-06,202308061010_Race,41,41,11,5,1:51.654,41.343,41.343,,6,5
2023,17_Road America,Road America,road-america,2023-08-06,202308061010_Race,41,41,12,6,1:50.641,42.958,42.958,,6,5
2023,17_Road America,Road America,road-america,2023-08-06,202308061010_Race,41,41,13,31,1:53.895,46.210,46.210,,6,5
2023,17_Road America,Road America,road-america,2023-08-06,202308061010_Race,41,39,14,35,1:55.592,2 Laps,,2,6,5
2023,17_Road America,Road America,road-america,2023-08-06,202308061010_Race,41,39,15,20,1:54.536,2 Laps,,2,6,5
2023,17_Road America,Road America,road-america,2023-08-06,202308061010_Race,41,37,16,85,2:54.847,4 Laps,,4,6,5
2023,17_Road America,Road America,road-america,2023-08-06,202308061010_Race,41,41,17,24,1:52.005,50.803,50.803,,6,5
2023,17_Road America,Road America,road-america,2023-08-06,202308061010_Race,41,37,18,92,2:07.710,4 Laps,,4,6,5
2023,17_Road America,Road America,road-america,2023-08-06,202308061010_Race,41,39,19,8,1:53.532,2 Laps,,2,6,5
2023,17_Road America,Road America,road-america,2023-08-06,202308061010_Race,41,39,20,33,2:00.484,2 Laps,,2,6,5
2023,17_Road America,Road America,road-america,2023-08-06,202308061010_Race,41,41,21,59,1:52.865,1:17.045,77.045,,6,5
2023,17_Road America,Road America,road-america,2023-08-06,202308061010_Race,41,39,22,18,1:56.111,2 Laps,,2,6,5
2023,17_Road America,Road America,road-america,2023-08-06,202308061010_Race,41,37,23,80,2:06.516,4 Laps,,4,6,5
2023,17_Road America,Road America,road-america,2023-08-06,202308061010_Race,41,38,24,79,2:06.105,3 Laps,,3,6,5
2023,17_Road America,Road America,road-america,2023-08-06,202308061010_Race,41,38,25,23,2:05.255,3 Laps,,3,6,5
2023,17_Road America,Road America,road-america,2023-08-06,202308061010_Race,41,39,26,29,2:03.494,2 Laps,,2,6,5
2023,17_Road America,Road America,road-america,2023-08-06,202308061010_Race,41,38,27,3,2:06.020,3 Laps,,3,6,5
2023,17_Road America,Road America,road-america,2023-08-06,202308061010_Race,41,39,28,74,1:59.144,2 Laps,,2,6,5
2023,17_Road America,Road America,road-america,2023-08-06,202308061010_Race,41,38,29,1,2:05.433,3 Laps,,3,6,5
2023,17_Road America,Road America,road-america,2023-08-06,202308061010_Race,41,39,30,13,2:01.140,2 Laps,,2,6,5
2023,17_Road America,Road America,road-america,2023-08-06,202308061010_Race,41,38,31,27,2:06.423,3 Laps,,3,6,5
2023,17_Road America,Road America,road-america,2023-08-06,202308061010_Race,41,38,32,70,2:06.268,3 Laps,,3,6,5
2023,17_Road America,Road America,road-america,2023-08-06,202308061010_Race,41,38,33,9,2:05.593,3 Laps,,3,6,5
2023,17_Road America,Road America,road-america,2023-08-06,202308061010_Race,41,38,34,32,2:05.950,3 Laps,,3,6,5
2023,17_Road America,Road America,road-america,2023-08-06,202308061010_Race,41,38,35,4,2:04.857,3 Laps,,3,6,5
2023,17_Road America,Road America,road-america,2023-08-06,202308061010_Race,41,38,36,96,2:06.603,3 Laps,,3,6,5
2023,17_Road America,Road America,road-america,2023-08-06,202308061010_Race,41,38,37,14,2:05.817,3 Laps,,3,6,5
2023,17_Road America,Road America,road-america,2023-08-06,202308061010_Race,42,42,1,7,1:55.445,,,,6,5
2023,17_Road America,Road America,road-america,2023-08-06,202308061010_Race,42,39,2,17,2:01.619,3 Laps,,3,6,5
2023,17_Road America,Road America,road-america,2023-08-06,202308061010_Race,42,38,3,12,2:06.076,4 Laps,,4,6,5
2023,17_Road America,Road America,road-america,2023-08-06,202308061010_Race,42,38,4,78,2:05.878,4 Laps,,4,6,5
2023,17_Road America,Road America,road-america,2023-08-06,202308061010_Race,42,38,5,66,2:05.295,4 Laps,,4,6,5
2023,17_Road America,Road America,road-america,2023-08-06,202308061010_Race,42,38,6,93,2:05.469,4 Laps,,4,6,5
2023,17_Road America,Road America,road-america,2023-08-06,202308061010_Race,42,38,7,97,2:05.401,4 Laps,,4,6,5
2023,17_Road America,Road America,road-america,2023-08-06,202308061010_Race,42,42,8,60,1:50.360,10.667,10.667,,7,1
2023,17_Road America,Road America,road-america,2023-08-06,202308061010_Race,42,42,9,01,1:52.562,12.813,12.813,,7,1
2023,17_Road America,Road America,road-america,2023-08-06,202308061010_Race,42,40,10,11,1:52.912,2 Laps,,2,7,1
2023,17_Road America,Road America,road-america,2023-08-06,202308061010_Race,42,39,11,30,1:59.740,3 Laps,,3,7,1
2023,17_Road America,Road America,road-america,2023-08-06,202308061010_Race,42,40,12,52,1:53.987,2 Laps,,2,7,1
2023,17_Road America,Road America,road-america,2023-08-06,202308061010_Race,42,42,13,10,1:49.963,23.446,23.446,,7,1
2023,17_Road America,Road America,road-america,2023-08-06,202308061010_Race,42,38,14,91,2:05.915,4 Laps,,4,7,1
2023,17_Road America,Road America,road-america,2023-08-06,202308061010_Race,42,40,15,04,1:53.773,2 Laps,,2,7,1
2023,17_Road America,Road America,road-america,2023-08-06,202308061010_Race,42,42,16,5,1:51.608,37.506,37.506,,7,1
2023,17_Road America,Road America,road-america,2023-08-06,202308061010_Race,42,42,17,31,1:51.419,42.184,42.184,,7,1
2023,17_Road America,Road America,road-america,2023-08-06,202308061010_Race,42,38,18,77,2:06.503,4 Laps,,4,7,1
2023,17_Road America,Road America,road-america,2023-08-06,202308061010_Race,42,40,19,35,1:53.994,2 Laps,,2,7,1
2023,17_Road America,Road America,road-america,2023-08-06,202308061010_Race,42,40,20,20,1:53.668,2 Laps,,2,7,1
2023,17_Road America,Road America,road-america,2023-08-06,202308061010_Race,42,42,21,24,1:51.584,46.942,46.942,,7,1
2023,17_Road America,Road America,road-america,2023-08-06,202308061010_Race,42,42,22,6,2:05.730,53.243,53.243,,7,1
2023,17_Road America,Road America,road-america,2023-08-06,202308061010_Race,42,38,23,92,2:06.475,4 Laps,,4,7,1
2023,17_Road America,Road America,road-america,2023-08-06,202308061010_Race,42,40,24,8,1:53.655,2 Laps,,2,7,1
2023,17_Road America,Road America,road-america,2023-08-06,202308061010_Race,42,42,25,59,1:52.090,1:13.690,73.690,,7,1
2023,17_Road America,Road America,road-america,2023-08-06,202308061010_Race,42,38,26,85,2:23.135,4 Laps,,4,7,1
2023,17_Road America,Road America,road-america,2023-08-06,202308061010_Race,42,40,27,33,2:00.101,2 Laps,,2,7,1
2023,17_Road America,Road America,road-america,2023-08-06,202308061010_Race,42,40,28,18,1:53.350,2 Laps,,2,7,1
2023,17_Road America,Road America,road-america,2023-08-06,202308061010_Race,42,38,29,80,2:06.300,4 Laps,,4,7,1
2023,17_Road America,Road America,road-america,2023-08-06,202308061010_Race,42,40,30,29,2:01.756,2 Laps,,2,7,1
2023,17_Road America,Road America,road-america,2023-08-06,202308061010_Race,42,40,31,74,2:00.949,2 Laps,,2,7,1
2023,17_Road America,Road America,road-america,2023-08-06,202308061010_Race,42,39,32,23,2:06.166,3 Laps,,3,7,1
2023,17_Road America,Road America,road-america,2023-08-06,202308061010_Race,42,39,33,3,2:05.988,3 Laps,,3,7,1
2023,17_Road America,Road America,road-america,2023-08-06,202308061010_Race,42,40,34,13,2:00.230,2 Laps,,2,7,1
2023,17_Road America,Road America,road-america,2023-08-06,202308061010_Race,42,39,35,79,2:20.178,3 Laps,,3,7,1
2023,17_Road America,Road America,road-america,2023-08-06,202308061010_Race,43,43,1,7,1:54.155,,,,7,1
2023,17_Road America,Road America,road-america,2023-08-06,202308061010_Race,43,39,2,1,2:06.133,4 Laps,,4,7,1
2023,17_Road America,Road America,road-america,2023-08-06,202308061010_Race,43,39,3,27,2:05.935,4 Laps,,4,7,1
2023,17_Road America,Road America,road-america,2023-08-06,202308061010_Race,43,39,4,70,2:05.961,4 Laps,,4,7,1
2023,17_Road America,Road America,road-america,2023-08-06,202308061010_Race,43,39,5,4,2:03.210,4 Laps,,4,7,1
2023,17_Road America,Road America,road-america,2023-08-06,202308061010_Race,43,39,6,9,2:05.977,4 Laps,,4,7,1
2023,17_Road America,Road America,road-america,2023-08-06,202308061010_Race,43,39,7,32,2:06.779,4 Laps,,4,7,1
2023,17_Road America,Road America,road-america,2023-08-06,202308061010_Race,43,43,8,60,1:53.820,10.332,10.332,,7,1
2023,17_Road America,Road America,road-america,2023-08-06,202308061010_Race,43,40,9,17,2:04.610,3 Laps,,3,7,1
2023,17_Road America,Road America,road-america,2023-08-06,202308061010_Race,43,39,10,96,2:06.397,4 Laps,,4,7,1
2023,17_Road America,Road America,road-america,2023-08-06,202308061010_Race,43,39,11,14,2:06.383,4 Laps,,4,7,1
2023,17_Road America,Road America,road-america,2023-08-06,202308061010_Race,43,43,12,01,1:54.479,13.137,13.137,,7,1
2023,17_Road America,Road America,road-america,2023-08-06,202308061010_Race,43,39,13,12,2:05.565,4 Laps,,4,7,1
2023,17_Road America,Road America,road-america,2023-08-06,202308061010_Race,43,39,14,78,2:06.334,4 Laps,,4,7,1
2023,17_Road America,Road America,road-america,2023-08-06,202308061010_Race,43,39,15,66,2:06.035,4 Laps,,4,7,1
2023,17_Road America,Road America,road-america,2023-08-06,202308061010_Race,43,41,16,11,1:53.329,2 Laps,,2,7,1
2023,17_Road America,Road America,road-america,2023-08-06,202308061010_Race,43,39,17,97,2:06.403,4 Laps,,4,7,1
2023,17_Road America,Road America,road-america,2023-08-06,202308061010_Race,43,43,18,10,1:51.172,20.463,20.463,,7,1
2023,17_Road America,Road America,road-america,2023-08-06,202308061010_Race,43,41,19,52,1:54.714,2 Laps,,2,7,1
2023,17_Road America,Road America,road-america,2023-08-06,202308061010_Race,43,40,20,30,2:00.193,3 Laps,,3,7,1
2023,17_Road America,Road America,road-america,2023-08-06,202308061010_Race,43,41,21,04,1:53.527,2 Laps,,2,7,1
2023,17_Road America,Road America,road-america,2023-08-06,202308061010_Race,43,39,22,93,2:20.003,4 Laps,,4,7,1
2023,17_Road America,Road America,road-america,2023-08-06,202308061010_Race,43,43,23,5,1:51.216,34.567,34.567,,7,1
2023,17_Road America,Road America,road-america,2023-08-06,202308061010_Race,43,39,24,91,2:05.891,4 Laps,,4,7,1
2023,17_Road America,Road America,road-america,2023-08-06,202308061010_Race,43,43,25,31,1:51.952,39.981,39.981,,7,1
2023,17_Road America,Road America,road-america,2023-08-06,202308061010_Race,43,43,26,24,1:52.623,45.410,45.410,,7,1
2023,17_Road America,Road America,road-america,2023-08-06,202308061010_Race,43,41,27,35,1:55.826,2 Laps,,2,7,1
2023,17_Road America,Road America,road-america,2023-08-06,202308061010_Race,43,41,28,20,1:55.830,2 Laps,,2,7,1
2023,17_Road America,Road America,road-america,2023-08-06,202308061010_Race,43,39,29,77,2:07.952,4 Laps,,4,7,1
2023,17_Road America,Road America,road-america,2023-08-06,202308061010_Race,43,43,30,59,1:50.894,1:10.429,70.429,,7,2
2023,17_Road America,Road America,road-america,2023-08-06,202308061010_Race,43,39,31,92,2:06.639,4 Laps,,4,7,2
2023,17_Road America,Road America,road-america,2023-08-06,202308061010_Race,43,41,32,18,1:54.520,2 Laps,,2,7,2
2023,17_Road America,Road America,road-america,2023-08-06,202308061010_Race,43,41,33,8,2:08.059,2 Laps,,2,7,2
2023,17_Road America,Road America,road-america,2023-08-06,202308061010_Race,43,39,34,85,2:00.516,4 Laps,,4,7,2
2023,17_Road America,Road America,road-america,2023-08-06,202308061010_Race,43,41,35,33,2:00.791,2 Laps,,2,7,2
2023,17_Road America,Road America,road-america,2023-08-06,202308061010_Race,43,41,36,29,2:00.408,2 Laps,,2,7,2
2023,17_Road America,Road America,road-america,2023-08-06,202308061010_Race,43,41,37,74,2:00.041,2 Laps,,2,7,2
2023,17_Road America,Road America,road-america,2023-08-06,202308061010_Race,43,39,38,80,2:07.771,4 Laps,,4,7,2
2023,17_Road America,Road America,road-america,2023-08-06,202308061010_Race,43,40,39,23,2:04.708,3 Laps,,3,7,2
2023,17_Road America,Road America,road-america,2023-08-06,202308061010_Race,43,40,40,3,2:05.408,3 Laps,,3,7,2
2023,17_Road America,Road America,road-america,2023-08-06,202308061010_Race,44,44,1,7,1:51.820,,,,7,2
2023,17_Road America,Road America,road-america,2023-08-06,202308061010_Race,44,41,2,13,1:59.518,3 Laps,,3,7,2
2023,17_Road America,Road America,road-america,2023-08-06,202308061010_Race,44,44,3,60,1:54.713,13.225,13.225,,7,2
2023,17_Road America,Road America,road-america,2023-08-06,202308061010_Race,44,43,4,6,3:06.705,1 Lap,,1,7,2
2023,17_Road America,Road America,road-america,2023-08-06,202308061010_Race,44,40,5,1,2:05.575,4 Laps,,4,7,2
2023,17_Road America,Road America,road-america,2023-08-06,202308061010_Race,44,44,6,01,1:56.165,17.482,17.482,,7,2
2023,17_Road America,Road America,road-america,2023-08-06,202308061010_Race,44,40,7,27,2:06.818,4 Laps,,4,7,2
2023,17_Road America,Road America,road-america,2023-08-06,202308061010_Race,44,40,8,70,2:07.064,4 Laps,,4,7,2
2023,17_Road America,Road America,road-america,2023-08-06,202308061010_Race,44,41,9,17,2:02.812,3 Laps,,3,7,2
2023,17_Road America,Road America,road-america,2023-08-06,202308061010_Race,44,40,10,9,2:07.174,4 Laps,,4,7,2
2023,17_Road America,Road America,road-america,2023-08-06,202308061010_Race,44,40,11,4,2:07.575,4 Laps,,4,7,2
2023,17_Road America,Road America,road-america,2023-08-06,202308061010_Race,44,44,12,10,1:54.586,23.229,23.229,,7,2
2023,17_Road America,Road America,road-america,2023-08-06,202308061010_Race,44,40,13,32,2:06.511,4 Laps,,4,7,2
2023,17_Road America,Road America,road-america,2023-08-06,202308061010_Race,44,42,14,11,2:01.310,2 Laps,,2,7,2
2023,17_Road America,Road America,road-america,2023-08-06,202308061010_Race,44,40,15,96,2:06.638,4 Laps,,4,7,2
2023,17_Road America,Road America,road-america,2023-08-06,202308061010_Race,44,40,16,14,2:06.857,4 Laps,,4,7,2
2023,17_Road America,Road America,road-america,2023-08-06,202308061010_Race,44,42,17,52,1:56.720,2 Laps,,2,7,2
2023,17_Road America,Road America,road-america,2023-08-06,202308061010_Race,44,40,18,12,2:07.041,4 Laps,,4,7,2
2023,17_Road America,Road America,road-america,2023-08-06,202308061010_Race,44,42,19,04,1:54.820,2 Laps,,2,7,2
2023,17_Road America,Road America,road-america,2023-08-06,202308061010_Race,44,40,20,78,2:06.301,4 Laps,,4,7,2
2023,17_Road America,Road America,road-america,2023-08-06,202308061010_Race,44,40,21,66,2:06.925,4 Laps,,4,7,2
2023,17_Road America,Road America,road-america,2023-08-06,202308061010_Race,44,40,22,97,2:06.458,4 Laps,,4,7,2
2023,17_Road America,Road America,road-america,2023-08-06,202308061010_Race,44,41,23,30,1:59.571,3 Laps,,3,7,2
2023,17_Road America,Road America,road-america,2023-08-06,202308061010_Race,44,44,24,5,1:51.629,34.376,34.376,,7,2
2023,17_Road America,Road America,road-america,2023-08-06,202308061010_Race,44,44,25,31,1:52.824,40.985,40.985,,7,2
2023,17_Road America,Road America,road-america,2023-08-06,202308061010_Race,44,44,26,24,1:53.449,47.039,47.039,,7,2
2023,17_Road America,Road America,road-america,2023-08-06,202308061010_Race,44,42,27,35,1:54.556,2 Laps,,2,7,2
2023,17_Road America,Road America,road-america,2023-08-06,202308061010_Race,44,42,28,20,1:54.965,2 Laps,,2,7,2
2023,17_Road America,Road America,road-america,2023-08-06,202308061010_Race,44,40,29,91,2:06.772,4 Laps,,4,7,2
2023,17_Road America,Road America,road-america,2023-08-06,202308061010_Race,44,44,30,59,1:51.480,1:10.089,70.089,,7,2
2023,17_Road America,Road America,road-america,2023-08-06,202308061010_Race,44,40,31,77,2:06.977,4 Laps,,4,7,2
2023,17_Road America,Road America,road-america,2023-08-06,202308061010_Race,44,40,32,79,3:10.054,4 Laps,,4,7,2
2023,17_Road America,Road America,road-america,2023-08-06,202308061010_Race,44,42,33,18,1:53.468,2 Laps,,2,7,2
2023,17_Road America,Road America,road-america,2023-08-06,202308061010_Race,44,40,34,85,2:00.655,4 Laps,,4,7,2
2023,17_Road America,Road America,road-america,2023-08-06,202308061010_Race,44,40,35,92,2:06.831,4 Laps,,4,7,2
2023,17_Road America,Road America,road-america,2023-08-06,202308061010_Race,44,42,36,33,2:01.014,2 Laps,,2,7,2
2023,17_Road America,Road America,road-america,2023-08-06,202308061010_Race,44,40,37,93,3:02.027,4 Laps,,4,7,2
2023,17_Road America,Road America,road-america,2023-08-06,202308061010_Race,44,42,38,8,2:14.136,2 Laps,,2,7,2
2023,17_Road America,Road America,road-america,2023-08-06,202308061010_Race,44,42,39,29,2:00.246,2 Laps,,2,7,2
2023,17_Road America,Road America,road-america,2023-08-06,202308061010_Race,44,42,40,74,1:59.820,2 Laps,,2,7,2
2023,17_Road America,Road America,road-america,2023-08-06,202308061010_Race,45,45,1,7,1:52.246,,,,7,2
2023,17_Road America,Road America,road-america,2023-08-06,202308061010_Race,45,41,2,23,2:04.718,4 Laps,,4,7,2
2023,17_Road America,Road America,road-america,2023-08-06,202308061010_Race,45,40,3,80,2:06.625,5 Laps,,5,7,2
2023,17_Road America,Road America,road-america,2023-08-06,202308061010_Race,45,42,4,13,2:00.256,3 Laps,,3,7,2
2023,17_Road America,Road America,road-america,2023-08-06,202308061010_Race,45,45,5,60,1:50.637,11.616,11.616,,7,3
2023,17_Road America,Road America,road-america,2023-08-06,202308061010_Race,45,41,6,3,2:05.688,4 Laps,,4,7,3
2023,17_Road America,Road America,road-america,2023-08-06,202308061010_Race,45,44,7,6,1:53.751,1 Lap,,1,7,3
2023,17_Road America,Road America,road-america,2023-08-06,202308061010_Race,45,45,8,01,1:51.782,17.018,17.018,,7,3
2023,17_Road America,Road America,road-america,2023-08-06,202308061010_Race,45,45,9,10,1:53.615,24.598,24.598,,7,3
2023,17_Road America,Road America,road-america,2023-08-06,202308061010_Race,45,41,10,1,2:06.034,4 Laps,,4,7,3
2023,17_Road America,Road America,road-america,2023-08-06,202308061010_Race,45,43,11,11,2:00.138,2 Laps,,2,7,3
2023,17_Road America,Road America,road-america,2023-08-06,202308061010_Race,45,42,12,17,2:04.036,3 Laps,,3,7,3
2023,17_Road America,Road America,road-america,2023-08-06,202308061010_Race,45,43,13,52,2:00.301,2 Laps,,2,7,3
2023,17_Road America,Road America,road-america,2023-08-06,202308061010_Race,45,41,14,27,2:08.261,4 Laps,,4,7,3
2023,17_Road America,Road America,road-america,2023-08-06,202308061010_Race,45,43,15,04,1:58.787,2 Laps,,2,7,3
2023,17_Road America,Road America,road-america,2023-08-06,202308061010_Race,45,41,16,4,2:06.377,4 Laps,,4,7,3
2023,17_Road America,Road America,road-america,2023-08-06,202308061010_Race,45,41,17,70,2:07.906,4 Laps,,4,7,3
2023,17_Road America,Road America,road-america,2023-08-06,202308061010_Race,45,45,18,5,1:54.298,36.428,36.428,,7,3
2023,17_Road America,Road America,road-america,2023-08-06,202308061010_Race,45,41,19,9,2:07.980,4 Laps,,4,7,3
2023,17_Road America,Road America,road-america,2023-08-06,202308061010_Race,45,41,20,32,2:07.131,4 Laps,,4,7,3
2023,17_Road America,Road America,road-america,2023-08-06,202308061010_Race,45,41,21,96,2:06.961,4 Laps,,4,7,3
2023,17_Road America,Road America,road-america,2023-08-06,202308061010_Race,45,41,22,14,2:06.356,4 Laps,,4,7,3
2023,17_Road America,Road America,road-america,2023-08-06,202308061010_Race,45,41,23,78,2:05.519,4 Laps,,4,7,3
2023,17_Road America,Road America,road-america,2023-08-06,202308061010_Race,45,45,24,31,1:55.289,44.028,44.028,,7,3
2023,17_Road America,Road America,road-america,2023-08-06,202308061010_Race,45,41,25,12,2:07.477,4 Laps,,4,7,3
2023,17_Road America,Road America,road-america,2023-08-06,202308061010_Race,45,41,26,66,2:06.364,4 Laps,,4,7,3
2023,17_Road America,Road America,road-america,2023-08-06,202308061010_Race,45,42,27,30,2:03.243,3 Laps,,3,7,3
2023,17_Road America,Road America,road-america,2023-08-06,202308061010_Race,45,45,28,24,1:50.899,45.692,45.692,,7,3
2023,17_Road America,Road America,road-america,2023-08-06,202308061010_Race,45,41,29,97,2:06.126,4 Laps,,4,7,3
2023,17_Road America,Road America,road-america,2023-08-06,202308061010_Race,45,43,30,35,1:53.448,2 Laps,,2,7,3
2023,17_Road America,Road America,road-america,2023-08-06,202308061010_Race,45,43,31,20,1:53.193,2 Laps,,2,7,3
2023,17_Road America,Road America,road-america,2023-08-06,202308061010_Race,45,41,32,91,2:05.500,4 Laps,,4,7,3
2023,17_Road America,Road America,road-america,2023-08-06,202308061010_Race,45,45,33,59,1:51.272,1:09.115,69.115,,7,3
2023,17_Road America,Road America,road-america,2023-08-06,202308061010_Race,45,43,34,18,1:54.231,2 Laps,,2,7,3
2023,17_Road America,Road America,road-america,2023-08-06,202308061010_Race,45,41,35,77,2:06.875,4 Laps,,4,7,3
2023,17_Road America,Road America,road-america,2023-08-06,202308061010_Race,45,41,36,79,2:06.210,4 Laps,,4,7,3
2023,17_Road America,Road America,road-america,2023-08-06,202308061010_Race,45,41,37,85,1:59.378,4 Laps,,4,7,3
2023,17_Road America,Road America,road-america,2023-08-06,202308061010_Race,45,43,38,8,1:52.866,2 Laps,,2,7,3
2023,17_Road America,Road America,road-america,2023-08-06,202308061010_Race,45,43,39,33,2:01.125,2 Laps,,2,7,3
2023,17_Road America,Road America,road-america,2023-08-06,202308061010_Race,45,41,40,92,2:07.132,4 Laps,,4,7,3
2023,17_Road America,Road America,road-america,2023-08-06,202308061010_Race,46,46,1,7,1:52.646,,,,7,3
2023,17_Road America,Road America,road-america,2023-08-06,202308061010_Race,46,41,2,93,2:05.732,5 Laps,,5,7,3
2023,17_Road America,Road America,road-america,2023-08-06,202308061010_Race,46,43,3,29,1:59.753,3 Laps,,3,7,3
2023,17_Road America,Road America,road-america,2023-08-06,202308061010_Race,46,43,4,74,1:59.947,3 Laps,,3,7,3
2023,17_Road America,Road America,road-america,2023-08-06,202308061010_Race,46,46,5,60,1:51.656,10.626,10.626,,7,3
2023,17_Road America,Road America,road-america,2023-08-06,202308061010_Race,46,45,6,6,1:53.820,1 Lap,,1,7,3
2023,17_Road America,Road America,road-america,2023-08-06,202308061010_Race,46,46,7,01,1:54.453,18.825,18.825,,7,3
2023,17_Road America,Road America,road-america,2023-08-06,202308061010_Race,46,43,8,13,2:02.835,3 Laps,,3,7,3
2023,17_Road America,Road America,road-america,2023-08-06,202308061010_Race,46,46,9,10,1:50.825,22.777,22.777,,7,3
2023,17_Road America,Road America,road-america,2023-08-06,202308061010_Race,46,41,10,80,2:07.671,5 Laps,,5,7,3
2023,17_Road America,Road America,road-america,2023-08-06,202308061010_Race,46,42,11,3,2:06.322,4 Laps,,4,7,3
2023,17_Road America,Road America,road-america,2023-08-06,202308061010_Race,46,42,12,23,2:20.457,4 Laps,,4,7,3
2023,17_Road America,Road America,road-america,2023-08-06,202308061010_Race,46,44,13,52,1:56.481,2 Laps,,2,7,3
2023,17_Road America,Road America,road-america,2023-08-06,202308061010_Race,46,44,14,04,1:56.564,2 Laps,,2,7,3
2023,17_Road America,Road America,road-america,2023-08-06,202308061010_Race,46,46,15,5,1:56.287,40.069,40.069,,7,3
2023,17_Road America,Road America,road-america,2023-08-06,202308061010_Race,46,43,16,17,2:01.860,3 Laps,,3,7,3
2023,17_Road America,Road America,road-america,2023-08-06,202308061010_Race,46,42,17,1,2:07.726,4 Laps,,4,7,3
2023,17_Road America,Road America,road-america,2023-08-06,202308061010_Race,46,46,18,31,1:55.268,46.650,46.650,,7,3
2023,17_Road America,Road America,road-america,2023-08-06,202308061010_Race,46,42,19,27,2:06.888,4 Laps,,4,7,3
2023,17_Road America,Road America,road-america,2023-08-06,202308061010_Race,46,42,20,70,2:06.794,4 Laps,,4,7,3
2023,17_Road America,Road America,road-america,2023-08-06,202308061010_Race,46,42,21,4,2:07.432,4 Laps,,4,7,3
2023,17_Road America,Road America,road-america,2023-08-06,202308061010_Race,46,46,22,24,1:58.314,51.360,51.360,,7,4
2023,17_Road America,Road America,road-america,2023-08-06,202308061010_Race,46,42,23,9,2:08.010,4 Laps,,4,7,4
2023,17_Road America,Road America,road-america,2023-08-06,202308061010_Race,46,42,24,32,2:07.453,4 Laps,,4,7,4
2023,17_Road America,Road America,road-america,2023-08-06,202308061010_Race,46,43,25,30,2:02.738,3 Laps,,3,7,4
2023,17_Road America,Road America,road-america,2023-08-06,202308061010_Race,46,42,26,14,2:07.078,4 Laps,,4,7,4
2023,17_Road America,Road America,road-america,2023-08-06,202308061010_Race,46,44,27,35,1:56.470,2 Laps,,2,7,4
2023,17_Road America,Road America,road-america,2023-08-06,202308061010_Race,46,44,28,20,1:55.773,2 Laps,,2,7,4
2023,17_Road America,Road America,road-america,2023-08-06,202308061010_Race,46,42,29,78,2:06.718,4 Laps,,4,7,4
2023,17_Road America,Road America,road-america,2023-08-06,202308061010_Race,46,42,30,12,2:06.840,4 Laps,,4,7,4
2023,17_Road America,Road America,road-america,2023-08-06,202308061010_Race,46,42,31,97,2:08.890,4 Laps,,4,7,4
2023,17_Road America,Road America,road-america,2023-08-06,202308061010_Race,46,42,32,96,2:21.786,4 Laps,,4,7,4
2023,17_Road America,Road America,road-america,2023-08-06,202308061010_Race,46,44,33,11,2:28.976,2 Laps,,2,7,4
2023,17_Road America,Road America,road-america,2023-08-06,202308061010_Race,46,46,34,59,1:53.831,1:10.300,70.300,,7,4
2023,17_Road America,Road America,road-america,2023-08-06,202308061010_Race,46,42,35,91,2:07.000,4 Laps,,4,7,4
2023,17_Road America,Road America,road-america,2023-08-06,202308061010_Race,46,44,36,18,1:52.871,2 Laps,,2,7,4
2023,17_Road America,Road America,road-america,2023-08-06,202308061010_Race,46,42,37,66,2:38.449,4 Laps,,4,7,4
2023,17_Road America,Road America,road-america,2023-08-06,202308061010_Race,46,42,38,79,2:05.758,4 Laps,,4,7,4
2023,17_Road America,Road America,road-america,2023-08-06,202308061010_Race,46,44,39,8,1:53.807,2 Laps,,2,7,4
2023,17_Road America,Road America,road-america,2023-08-06,202308061010_Race,46,42,40,85,1:59.977,4 Laps,,4,7,4
2023,17_Road America,Road America,road-america,2023-08-06,202308061010_Race,47,47,1,7,1:51.798,,,,7,4
2023,17_Road America,Road America,road-america,2023-08-06,202308061010_Race,47,44,2,33,2:00.020,3 Laps,,3,7,4
2023,17_Road America,Road America,road-america,2023-08-06,202308061010_Race,47,42,3,77,2:21.819,5 Laps,,5,7,4
2023,17_Road America,Road America,road-america,2023-08-06,202308061010_Race,47,42,4,92,2:07.456,5 Laps,,5,7,4
2023,17_Road America,Road America,road-america,2023-08-06,202308061010_Race,47,47,5,60,1:51.784,10.612,10.612,,7,4
2023,17_Road America,Road America,road-america,2023-08-06,202308061010_Race,47,44,6,29,2:00.922,3 Laps,,3,7,4
2023,17_Road America,Road America,road-america,2023-08-06,202308061010_Race,47,44,7,74,2:00.884,3 Laps,,3,7,4
2023,17_Road America,Road America,road-america,2023-08-06,202308061010_Race,47,46,8,6,1:51.392,1 Lap,,1,7,4
2023,17_Road America,Road America,road-america,2023-08-06,202308061010_Race,47,42,9,93,2:06.682,5 Laps,,5,7,4
2023,17_Road America,Road America,road-america,2023-08-06,202308061010_Race,47,47,10,01,1:51.596,18.623,18.623,,7,4
2023,17_Road America,Road America,road-america,2023-08-06,202308061010_Race,47,47,11,10,1:50.249,21.228,21.228,,7,4
2023,17_Road America,Road America,road-america,2023-08-06,202308061010_Race,47,44,12,13,1:59.264,3 Laps,,3,7,4
2023,17_Road America,Road America,road-america,2023-08-06,202308061010_Race,47,43,13,3,2:05.531,4 Laps,,4,7,4
2023,17_Road America,Road America,road-america,2023-08-06,202308061010_Race,47,47,14,5,1:51.799,40.070,40.070,,7,4
2023,17_Road America,Road America,road-america,2023-08-06,202308061010_Race,47,42,15,80,2:07.084,5 Laps,,5,7,4
2023,17_Road America,Road America,road-america,2023-08-06,202308061010_Race,47,45,16,52,1:55.691,2 Laps,,2,7,4
2023,17_Road America,Road America,road-america,2023-08-06,202308061010_Race,47,45,17,04,1:55.639,2 Laps,,2,7,4
2023,17_Road America,Road America,road-america,2023-08-06,202308061010_Race,47,47,18,31,1:52.435,47.287,47.287,,7,4
2023,17_Road America,Road America,road-america,2023-08-06,202308061010_Race,47,47,19,24,1:55.842,55.404,55.404,,7,4
2023,17_Road America,Road America,road-america,2023-08-06,202308061010_Race,47,43,20,1,2:05.862,4 Laps,,4,7,4
2023,17_Road America,Road America,road-america,2023-08-06,202308061010_Race,47,45,21,35,1:59.615,2 Laps,,2,7,4
2023,17_Road America,Road America,road-america,2023-08-06,202308061010_Race,47,45,22,20,1:59.604,2 Laps,,2,7,4
2023,17_Road America,Road America,road-america,2023-08-06,202308061010_Race,47,43,23,4,2:04.517,4 Laps,,4,7,4
2023,17_Road America,Road America,road-america,2023-08-06,202308061010_Race,47,43,24,27,2:06.934,4 Laps,,4,7,4
2023,17_Road America,Road America,road-america,2023-08-06,202308061010_Race,47,43,25,70,2:07.211,4 Laps,,4,7,4
2023,17_Road America,Road America,road-america,2023-08-06,202308061010_Race,47,44,26,30,2:02.837,3 Laps,,3,7,4
2023,17_Road America,Road America,road-america,2023-08-06,202308061010_Race,47,44,27,17,2:15.782,3 Laps,,3,7,4
2023,17_Road America,Road America,road-america,2023-08-06,202308061010_Race,47,43,28,9,2:07.607,4 Laps,,4,7,4
2023,17_Road America,Road America,road-america,2023-08-06,202308061010_Race,47,43,29,14,2:06.518,4 Laps,,4,7,4
2023,17_Road America,Road America,road-america,2023-08-06,202308061010_Race,47,43,30,78,2:05.358,4 Laps,,4,7,4
2023,17_Road America,Road America,road-america,2023-08-06,202308061010_Race,47,43,31,12,2:06.006,4 Laps,,4,7,4
2023,17_Road America,Road America,road-america,2023-08-06,202308061010_Race,47,47,32,59,1:56.504,1:15.006,75.006,,7,4
2023,17_Road America,Road America,road-america,2023-08-06,202308061010_Race,47,43,33,97,2:05.205,4 Laps,,4,7,4
2023,17_Road America,Road America,road-america,2023-08-06,202308061010_Race,47,43,34,32,2:21.907,4 Laps,,4,7,4
2023,17_Road America,Road America,road-america,2023-08-06,202308061010_Race,47,45,35,18,1:52.469,2 Laps,,2,7,4
2023,17_Road America,Road America,road-america,2023-08-06,202308061010_Race,47,43,36,91,2:06.062,4 Laps,,4,7,4
2023,17_Road America,Road America,road-america,2023-08-06,202308061010_Race,47,45,37,8,1:54.691,2 Laps,,2,7,4
2023,17_Road America,Road America,road-america,2023-08-06,202308061010_Race,48,48,1,7,1:52.643,,,,7,5
2023,17_Road America,Road America,road-america,2023-08-06,202308061010_Race,48,45,2,11,2:35.739,3 Laps,,3,7,5
2023,17_Road America,Road America,road-america,2023-08-06,202308061010_Race,48,43,3,23,3:09.334,5 Laps,,5,7,5
2023,17_Road America,Road America,road-america,2023-08-06,202308061010_Race,48,43,4,79,2:06.394,5 Laps,,5,7,5
2023,17_Road America,Road America,road-america,2023-08-06,202308061010_Race,48,43,5,85,2:03.491,5 Laps,,5,7,5
2023,17_Road America,Road America,road-america,2023-08-06,202308061010_Race,48,45,6,33,1:59.499,3 Laps,,3,7,5
2023,17_Road America,Road America,road-america,2023-08-06,202308061010_Race,48,48,7,60,1:49.964,7.933,7.933,,7,5
2023,17_Road America,Road America,road-america,2023-08-06,202308061010_Race,48,47,8,6,1:53.563,1 Lap,,1,7,5
2023,17_Road America,Road America,road-america,2023-08-06,202308061010_Race,48,48,9,01,1:55.675,21.655,21.655,,7,5
2023,17_Road America,Road America,road-america,2023-08-06,202308061010_Race,48,45,10,29,2:01.552,3 Laps,,3,7,5
2023,17_Road America,Road America,road-america,2023-08-06,202308061010_Race,48,48,11,10,1:53.866,22.451,22.451,,7,5
2023,17_Road America,Road America,road-america,2023-08-06,202308061010_Race,48,45,12,74,2:02.214,3 Laps,,3,7,5
2023,17_Road America,Road America,road-america,2023-08-06,202308061010_Race,48,43,13,92,2:07.961,5 Laps,,5,7,5
2023,17_Road America,Road America,road-america,2023-08-06,202308061010_Race,48,43,14,93,2:05.757,5 Laps,,5,7,5
2023,17_Road America,Road America,road-america,2023-08-06,202308061010_Race,48,43,15,96,3:07.296,5 Laps,,5,7,5
2023,17_Road America,Road America,road-america,2023-08-06,202308061010_Race,48,45,16,13,1:59.062,3 Laps,,3,7,5
2023,17_Road America,Road America,road-america,2023-08-06,202308061010_Race,48,48,17,5,1:51.698,39.125,39.125,,7,5
2023,17_Road America,Road America,road-america,2023-08-06,202308061010_Race,48,46,18,52,1:54.826,2 Laps,,2,7,5
2023,17_Road America,Road America,road-america,2023-08-06,202308061010_Race,48,46,19,04,1:55.909,2 Laps,,2,7,5
2023,17_Road America,Road America,road-america,2023-08-06,202308061010_Race,48,48,20,31,1:53.574,48.218,48.218,,7,5
2023,17_Road America,Road America,road-america,2023-08-06,202308061010_Race,48,44,21,3,2:06.217,4 Laps,,4,7,5
2023,17_Road America,Road America,road-america,2023-08-06,202308061010_Race,48,48,22,24,1:51.481,54.242,54.242,,7,5
2023,17_Road America,Road America,road-america,2023-08-06,202308061010_Race,48,43,23,80,2:07.307,5 Laps,,5,7,5
2023,17_Road America,Road America,road-america,2023-08-06,202308061010_Race,48,46,24,35,1:55.871,2 Laps,,2,7,5
2023,17_Road America,Road America,road-america,2023-08-06,202308061010_Race,48,46,25,20,1:56.943,2 Laps,,2,7,5
2023,17_Road America,Road America,road-america,2023-08-06,202308061010_Race,48,44,26,4,2:04.636,4 Laps,,4,7,5
2023,17_Road America,Road America,road-america,2023-08-06,202308061010_Race,48,48,27,59,1:54.179,1:16.542,76.542,,7,5
2023,17_Road America,Road America,road-america,2023-08-06,202308061010_Race,48,45,28,30,2:03.483,3 Laps,,3,7,5
2023,17_Road America,Road America,road-america,2023-08-06,202308061010_Race,48,43,29,66,3:31.052,5 Laps,,5,7,5
2023,17_Road America,Road America,road-america,2023-08-06,202308061010_Race,48,43,30,77,3:08.374,5 Laps,,5,7,5
2023,17_Road America,Road America,road-america,2023-08-06,202308061010_Race,48,44,31,70,2:06.323,4 Laps,,4,7,5
2023,17_Road America,Road America,road-america,2023-08-06,202308061010_Race,48,44,32,9,2:05.999,4 Laps,,4,7,5
2023,17_Road America,Road America,road-america,2023-08-06,202308061010_Race,48,44,33,78,2:06.356,4 Laps,,4,7,5
2023,17_Road America,Road America,road-america,2023-08-06,202308061010_Race,48,44,34,1,2:21.195,4 Laps,,4,7,5
2023,17_Road America,Road America,road-america,2023-08-06,202308061010_Race,48,46,35,18,1:53.121,2 Laps,,2,7,5
2023,17_Road America,Road America,road-america,2023-08-06,202308061010_Race,48,44,36,27,2:21.532,4 Laps,,4,7,5
2023,17_Road America,Road America,road-america,2023-08-06,202308061010_Race,48,44,37,14,2:20.690,4 Laps,,4,7,5
2023,17_Road America,Road America,road-america,2023-08-06,202308061010_Race,48,44,38,12,2:20.327,4 Laps,,4,7,5
2023,17_Road America,Road America,road-america,2023-08-06,202308061010_Race,48,44,39,97,2:21.024,4 Laps,,4,7,5
2023,17_Road America,Road America,road-america,2023-08-06,202308061010_Race,48,44,40,91,2:05.588,4 Laps,,4,7,5
2023,17_Road America,Road America,road-america,2023-08-06,202308061010_Race,48,46,41,8,1:52.473,2 Laps,,2,7,5
2023,17_Road America,Road America,road-america,2023-08-06,202308061010_Race,49,49,1,7,1:51.595,,,,7,5
2023,17_Road America,Road America,road-america,2023-08-06,202308061010_Race,49,46,2,11,1:53.300,3 Laps,,3,7,5
2023,17_Road America,Road America,road-america,2023-08-06,202308061010_Race,49,49,3,60,1:51.885,8.223,8.223,,7,5
2023,17_Road America,Road America,road-america,2023-08-06,202308061010_Race,49,44,4,23,2:05.029,5 Laps,,5,7,5
2023,17_Road America,Road America,road-america,2023-08-06,202308061010_Race,49,44,5,85,2:01.077,5 Laps,,5,7,5
2023,17_Road America,Road America,road-america,2023-08-06,202308061010_Race,49,46,6,33,2:01.659,3 Laps,,3,7,5
2023,17_Road America,Road America,road-america,2023-08-06,202308061010_Race,49,48,7,6,1:52.064,1 Lap,,1,7,5
2023,17_Road America,Road America,road-america,2023-08-06,202308061010_Race,49,44,8,79,2:06.947,5 Laps,,5,7,5
2023,17_Road America,Road America,road-america,2023-08-06,202308061010_Race,49,49,9,01,1:53.000,23.060,23.060,,7,5
2023,17_Road America,Road America,road-america,2023-08-06,202308061010_Race,49,49,10,10,1:53.794,24.650,24.650,,7,5
2023,17_Road America,Road America,road-america,2023-08-06,202308061010_Race,49,45,11,17,3:07.034,4 Laps,,4,7,5
2023,17_Road America,Road America,road-america,2023-08-06,202308061010_Race,49,46,12,29,2:00.534,3 Laps,,3,7,5
2023,17_Road America,Road America,road-america,2023-08-06,202308061010_Race,49,46,13,74,1:59.792,3 Laps,,3,7,5
2023,17_Road America,Road America,road-america,2023-08-06,202308061010_Race,49,49,14,5,1:55.865,43.395,43.395,,7,5
2023,17_Road America,Road America,road-america,2023-08-06,202308061010_Race,49,46,15,13,2:01.045,3 Laps,,3,8,1
2023,17_Road America,Road America,road-america,2023-08-06,202308061010_Race,49,44,16,32,3:05.821,5 Laps,,5,8,1
2023,17_Road America,Road America,road-america,2023-08-06,202308061010_Race,49,44,17,93,2:07.609,5 Laps,,5,8,1
2023,17_Road America,Road America,road-america,2023-08-06,202308061010_Race,49,47,18,52,1:53.810,2 Laps,,2,8,1
2023,17_Road America,Road America,road-america,2023-08-06,202308061010_Race,49,44,19,96,2:07.439,5 Laps,,5,8,1
2023,17_Road America,Road America,road-america,2023-08-06,202308061010_Race,49,49,20,31,1:57.296,53.919,53.919,,8,1
2023,17_Road America,Road America,road-america,2023-08-06,202308061010_Race,49,49,21,24,1:51.957,54.604,54.604,,8,1
2023,17_Road America,Road America,road-america,2023-08-06,202308061010_Race,49,44,22,92,2:21.540,5 Laps,,5,8,1
2023,17_Road America,Road America,road-america,2023-08-06,202308061010_Race,49,45,23,3,2:05.650,4 Laps,,4,8,1
2023,17_Road America,Road America,road-america,2023-08-06,202308061010_Race,49,47,24,35,1:53.901,2 Laps,,2,8,1
2023,17_Road America,Road America,road-america,2023-08-06,202308061010_Race,49,47,25,20,1:53.115,2 Laps,,2,8,1
2023,17_Road America,Road America,road-america,2023-08-06,202308061010_Race,49,44,26,80,2:05.892,5 Laps,,5,8,1
2023,17_Road America,Road America,road-america,2023-08-06,202308061010_Race,49,49,27,59,1:50.602,1:15.549,75.549,,8,1
2023,17_Road America,Road America,road-america,2023-08-06,202308061010_Race,49,47,28,04,2:23.429,2 Laps,,2,8,1
2023,17_Road America,Road America,road-america,2023-08-06,202308061010_Race,49,45,29,4,2:01.707,4 Laps,,4,8,1
2023,17_Road America,Road America,road-america,2023-08-06,202308061010_Race,49,46,30,30,2:00.523,3 Laps,,3,8,1
2023,17_Road America,Road America,road-america,2023-08-06,202308061010_Race,49,47,31,18,1:58.152,2 Laps,,2,8,1
2023,17_Road America,Road America,road-america,2023-08-06,202308061010_Race,49,44,32,66,2:07.939,5 Laps,,5,8,1
2023,17_Road America,Road America,road-america,2023-08-06,202308061010_Race,49,44,33,77,2:07.201,5 Laps,,5,8,1
2023,17_Road America,Road America,road-america,2023-08-06,202308061010_Race,49,45,34,9,2:06.324,4 Laps,,4,8,1
2023,17_Road America,Road America,road-america,2023-08-06,202308061010_Race,49,47,35,8,1:52.476,2 Laps,,2,8,1
2023,17_Road America,Road America,road-america,2023-08-06,202308061010_Race,49,45,36,70,2:21.623,4 Laps,,4,8,1
2023,17_Road America,Road America,road-america,2023-08-06,202308061010_Race,50,50,1,7,1:51.373,,,,8,1
2023,17_Road America,Road America,road-america,2023-08-06,202308061010_Race,50,45,2,78,2:19.293,5 Laps,,5,8,1
2023,17_Road America,Road America,road-america,2023-08-06,202308061010_Race,50,47,3,11,1:51.956,3 Laps,,3,8,1
2023,17_Road America,Road America,road-america,2023-08-06,202308061010_Race,50,50,4,60,1:49.794,6.644,6.644,,8,1
2023,17_Road America,Road America,road-america,2023-08-06,202308061010_Race,50,49,5,6,1:50.799,1 Lap,,1,8,1
2023,17_Road America,Road America,road-america,2023-08-06,202308061010_Race,50,45,6,85,2:00.482,5 Laps,,5,8,1
2023,17_Road America,Road America,road-america,2023-08-06,202308061010_Race,50,50,7,01,1:52.692,24.379,24.379,,8,1
2023,17_Road America,Road America,road-america,2023-08-06,202308061010_Race,50,45,8,91,2:20.786,5 Laps,,5,8,1
2023,17_Road America,Road America,road-america,2023-08-06,202308061010_Race,50,50,9,10,1:52.999,26.276,26.276,,8,1
2023,17_Road America,Road America,road-america,2023-08-06,202308061010_Race,50,47,10,33,2:01.854,3 Laps,,3,8,1
2023,17_Road America,Road America,road-america,2023-08-06,202308061010_Race,50,45,11,23,2:05.784,5 Laps,,5,8,1
2023,17_Road America,Road America,road-america,2023-08-06,202308061010_Race,50,45,12,79,2:06.616,5 Laps,,5,8,1
2023,17_Road America,Road America,road-america,2023-08-06,202308061010_Race,50,46,13,17,2:00.955,4 Laps,,4,8,1
2023,17_Road America,Road America,road-america,2023-08-06,202308061010_Race,50,47,14,74,1:59.656,3 Laps,,3,8,1
2023,17_Road America,Road America,road-america,2023-08-06,202308061010_Race,50,50,15,5,1:54.306,46.328,46.328,,8,1
2023,17_Road America,Road America,road-america,2023-08-06,202308061010_Race,50,45,16,14,2:54.952,5 Laps,,5,8,1
2023,17_Road America,Road America,road-america,2023-08-06,202308061010_Race,50,45,17,1,3:08.322,5 Laps,,5,8,1
2023,17_Road America,Road America,road-america,2023-08-06,202308061010_Race,50,48,18,52,1:58.386,2 Laps,,2,8,1
2023,17_Road America,Road America,road-america,2023-08-06,202308061010_Race,50,50,19,31,1:56.563,59.109,59.109,,8,1
2023,17_Road America,Road America,road-america,2023-08-06,202308061010_Race,50,50,20,24,1:57.858,1:01.089,61.089,,8,1
2023,17_Road America,Road America,road-america,2023-08-06,202308061010_Race,50,45,21,93,2:07.306,5 Laps,,5,8,1
2023,17_Road America,Road America,road-america,2023-08-06,202308061010_Race,50,45,22,32,2:08.736,5 Laps,,5,8,1
2023,17_Road America,Road America,road-america,2023-08-06,202308061010_Race,50,45,23,96,2:06.938,5 Laps,,5,8,1
2023,17_Road America,Road America,road-america,2023-08-06,202308061010_Race,50,45,24,27,3:14.459,5 Laps,,5,8,1
2023,17_Road America,Road America,road-america,2023-08-06,202308061010_Race,50,45,25,12,3:09.483,5 Laps,,5,8,1
2023,17_Road America,Road America,road-america,2023-08-06,202308061010_Race,50,47,26,13,2:15.745,3 Laps,,3,8,1
2023,17_Road America,Road America,road-america,2023-08-06,202308061010_Race,50,45,27,97,3:10.206,5 Laps,,5,8,1
2023,17_Road America,Road America,road-america,2023-08-06,202308061010_Race,50,48,28,35,1:54.242,2 Laps,,2,8,1
2023,17_Road America,Road America,road-america,2023-08-06,202308061010_Race,50,48,29,20,1:55.131,2 Laps,,2,8,1
2023,17_Road America,Road America,road-america,2023-08-06,202308061010_Race,50,50,30,59,1:52.568,1:16.744,76.744,,8,1
2023,17_Road America,Road America,road-america,2023-08-06,202308061010_Race,50,46,31,3,2:06.782,4 Laps,,4,8,1
2023,17_Road America,Road America,road-america,2023-08-06,202308061010_Race,50,48,32,18,1:53.337,2 Laps,,2,8,1
2023,17_Road America,Road America,road-america,2023-08-06,202308061010_Race,50,47,33,30,1:59.956,3 Laps,,3,8,1
2023,17_Road America,Road America,road-america,2023-08-06,202308061010_Race,50,46,34,4,2:01.872,4 Laps,,4,8,1
2023,17_Road America,Road America,road-america,2023-08-06,202308061010_Race,50,47,35,29,3:00.669,3 Laps,,3,8,1
2023,17_Road America,Road America,road-america,2023-08-06,202308061010_Race,50,45,36,80,2:22.760,5 Laps,,5,8,2
2023,17_Road America,Road America,road-america,2023-08-06,202308061010_Race,50,45,37,66,2:06.427,5 Laps,,5,8,2
2023,17_Road America,Road America,road-america,2023-08-06,202308061010_Race,50,45,38,77,2:06.239,5 Laps,,5,8,2
2023,17_Road America,Road America,road-america,2023-08-06,202308061010_Race,50,48,39,8,1:52.807,2 Laps,,2,8,2
2023,17_Road America,Road America,road-america,2023-08-06,202308061010_Race,51,51,1,7,1:50.926,,,,8,2
2023,17_Road America,Road America,road-america,2023-08-06,202308061010_Race,51,48,2,11,1:51.913,3 Laps,,3,8,2
2023,17_Road America,Road America,road-america,2023-08-06,202308061010_Race,51,51,3,60,1:49.996,5.714,5.714,,8,2
2023,17_Road America,Road America,road-america,2023-08-06,202308061010_Race,51,46,4,9,2:20.262,5 Laps,,5,8,2
2023,17_Road America,Road America,road-america,2023-08-06,202308061010_Race,51,50,5,6,1:51.416,1 Lap,,1,8,2
2023,17_Road America,Road America,road-america,2023-08-06,202308061010_Race,51,51,6,01,1:52.779,26.232,26.232,,8,2
2023,17_Road America,Road America,road-america,2023-08-06,202308061010_Race,51,51,7,10,1:51.312,26.662,26.662,,8,2
2023,17_Road America,Road America,road-america,2023-08-06,202308061010_Race,51,48,8,04,2:50.212,3 Laps,,3,8,2
2023,17_Road America,Road America,road-america,2023-08-06,202308061010_Race,51,45,9,92,3:14.755,6 Laps,,6,8,2
2023,17_Road America,Road America,road-america,2023-08-06,202308061010_Race,51,46,10,85,2:00.082,5 Laps,,5,8,2
2023,17_Road America,Road America,road-america,2023-08-06,202308061010_Race,51,48,11,33,2:00.029,3 Laps,,3,8,2
2023,17_Road America,Road America,road-america,2023-08-06,202308061010_Race,51,46,12,23,2:04.441,5 Laps,,5,8,2
2023,17_Road America,Road America,road-america,2023-08-06,202308061010_Race,51,51,13,5,1:52.597,47.999,47.999,,8,2
2023,17_Road America,Road America,road-america,2023-08-06,202308061010_Race,51,48,14,74,1:59.837,3 Laps,,3,8,2
2023,17_Road America,Road America,road-america,2023-08-06,202308061010_Race,51,46,15,79,2:05.652,5 Laps,,5,8,2
2023,17_Road America,Road America,road-america,2023-08-06,202308061010_Race,51,47,16,17,2:02.307,4 Laps,,4,8,2
2023,17_Road America,Road America,road-america,2023-08-06,202308061010_Race,51,49,17,52,1:54.426,2 Laps,,2,8,2
2023,17_Road America,Road America,road-america,2023-08-06,202308061010_Race,51,51,18,31,1:52.996,1:01.179,61.179,,8,2
2023,17_Road America,Road America,road-america,2023-08-06,202308061010_Race,51,51,19,24,1:51.808,1:01.971,61.971,,8,2
2023,17_Road America,Road America,road-america,2023-08-06,202308061010_Race,51,46,20,14,2:05.992,5 Laps,,5,8,2
2023,17_Road America,Road America,road-america,2023-08-06,202308061010_Race,51,46,21,1,2:05.883,5 Laps,,5,8,2
2023,17_Road America,Road America,road-america,2023-08-06,202308061010_Race,51,46,22,93,2:06.703,5 Laps,,5,8,2
2023,17_Road America,Road America,road-america,2023-08-06,202308061010_Race,51,46,23,70,3:10.917,5 Laps,,5,8,2
2023,17_Road America,Road America,road-america,2023-08-06,202308061010_Race,51,46,24,32,2:07.108,5 Laps,,5,8,2
2023,17_Road America,Road America,road-america,2023-08-06,202308061010_Race,51,49,25,35,1:58.224,2 Laps,,2,8,2
2023,17_Road America,Road America,road-america,2023-08-06,202308061010_Race,51,46,26,96,2:06.966,5 Laps,,5,8,2
2023,17_Road America,Road America,road-america,2023-08-06,202308061010_Race,51,46,27,27,2:07.376,5 Laps,,5,8,2
2023,17_Road America,Road America,road-america,2023-08-06,202308061010_Race,51,51,28,59,1:56.672,1:22.490,82.490,,8,2
2023,17_Road America,Road America,road-america,2023-08-06,202308061010_Race,51,46,29,78,3:12.696,5 Laps,,5,8,2
2023,17_Road America,Road America,road-america,2023-08-06,202308061010_Race,51,46,30,12,2:07.398,5 Laps,,5,8,2
2023,17_Road America,Road America,road-america,2023-08-06,202308061010_Race,51,46,31,97,2:06.153,5 Laps,,5,8,2
2023,17_Road America,Road America,road-america,2023-08-06,202308061010_Race,51,49,32,20,2:12.886,2 Laps,,2,8,2
2023,17_Road America,Road America,road-america,2023-08-06,202308061010_Race,51,49,33,18,1:53.160,2 Laps,,2,8,2
2023,17_Road America,Road America,road-america,2023-08-06,202308061010_Race,51,46,34,91,3:13.939,5 Laps,,5,8,2
2023,17_Road America,Road America,road-america,2023-08-06,202308061010_Race,51,47,35,3,2:19.803,4 Laps,,4,8,2
2023,17_Road America,Road America,road-america,2023-08-06,202308061010_Race,52,52,1,7,1:51.695,,,,8,2
2023,17_Road America,Road America,road-america,2023-08-06,202308061010_Race,52,49,2,8,1:54.166,3 Laps,,3,8,2
2023,17_Road America,Road America,road-america,2023-08-06,202308061010_Race,52,47,3,4,2:09.713,5 Laps,,5,8,2
2023,17_Road America,Road America,road-america,2023-08-06,202308061010_Race,52,49,4,11,1:55.064,3 Laps,,3,8,2
2023,17_Road America,Road America,road-america,2023-08-06,202308061010_Race,52,52,5,60,1:53.574,7.593,7.593,,8,2
2023,17_Road America,Road America,road-america,2023-08-06,202308061010_Race,52,48,6,30,2:16.857,4 Laps,,4,8,2
2023,17_Road America,Road America,road-america,2023-08-06,202308061010_Race,52,46,7,66,2:06.290,6 Laps,,6,8,2
2023,17_Road America,Road America,road-america,2023-08-06,202308061010_Race,52,46,8,77,2:06.912,6 Laps,,6,8,2
2023,17_Road America,Road America,road-america,2023-08-06,202308061010_Race,52,51,9,6,1:50.569,1 Lap,,1,8,2
2023,17_Road America,Road America,road-america,2023-08-06,202308061010_Race,52,52,10,10,1:51.908,26.875,26.875,,8,2
2023,17_Road America,Road America,road-america,2023-08-06,202308061010_Race,52,52,11,01,1:54.451,28.988,28.988,,8,2
2023,17_Road America,Road America,road-america,2023-08-06,202308061010_Race,52,49,12,04,1:55.440,3 Laps,,3,8,2
2023,17_Road America,Road America,road-america,2023-08-06,202308061010_Race,52,48,13,13,3:06.798,4 Laps,,4,8,2
2023,17_Road America,Road America,road-america,2023-08-06,202308061010_Race,52,47,14,85,2:01.108,5 Laps,,5,8,2
2023,17_Road America,Road America,road-america,2023-08-06,202308061010_Race,52,46,15,92,2:06.779,6 Laps,,6,8,2
2023,17_Road America,Road America,road-america,2023-08-06,202308061010_Race,52,49,16,33,1:59.741,3 Laps,,3,8,2
2023,17_Road America,Road America,road-america,2023-08-06,202308061010_Race,52,52,17,5,1:52.356,48.660,48.660,,8,3
2023,17_Road America,Road America,road-america,2023-08-06,202308061010_Race,52,47,18,23,2:05.633,5 Laps,,5,8,3
2023,17_Road America,Road America,road-america,2023-08-06,202308061010_Race,52,46,19,80,3:01.309,6 Laps,,6,8,3
2023,17_Road America,Road America,road-america,2023-08-06,202308061010_Race,52,52,20,31,1:52.676,1:02.160,62.160,,8,3
2023,17_Road America,Road America,road-america,2023-08-06,202308061010_Race,52,50,21,52,1:55.865,2 Laps,,2,8,3
2023,17_Road America,Road America,road-america,2023-08-06,202308061010_Race,52,48,22,17,2:03.789,4 Laps,,4,8,3
2023,17_Road America,Road America,road-america,2023-08-06,202308061010_Race,52,52,23,24,1:52.804,1:03.080,63.080,,8,3
2023,17_Road America,Road America,road-america,2023-08-06,202308061010_Race,52,47,24,79,2:08.090,5 Laps,,5,8,3
2023,17_Road America,Road America,road-america,2023-08-06,202308061010_Race,52,49,25,74,2:15.647,3 Laps,,3,8,3
2023,17_Road America,Road America,road-america,2023-08-06,202308061010_Race,52,47,26,14,2:05.298,5 Laps,,5,8,3
2023,17_Road America,Road America,road-america,2023-08-06,202308061010_Race,52,47,27,1,2:05.346,5 Laps,,5,8,3
2023,17_Road America,Road America,road-america,2023-08-06,202308061010_Race,52,50,28,35,1:55.129,2 Laps,,2,8,3
2023,17_Road America,Road America,road-america,2023-08-06,202308061010_Race,52,52,29,59,1:53.906,1:24.701,84.701,,8,3
2023,17_Road America,Road America,road-america,2023-08-06,202308061010_Race,52,47,30,9,3:07.312,5 Laps,,5,8,3
2023,17_Road America,Road America,road-america,2023-08-06,202308061010_Race,52,47,31,93,2:06.190,5 Laps,,5,8,3
2023,17_Road America,Road America,road-america,2023-08-06,202308061010_Race,52,47,32,70,2:06.026,5 Laps,,5,8,3
2023,17_Road America,Road America,road-america,2023-08-06,202308061010_Race,52,47,33,32,2:06.340,5 Laps,,5,8,3
2023,17_Road America,Road America,road-america,2023-08-06,202308061010_Race,52,47,34,96,2:06.653,5 Laps,,5,8,3
2023,17_Road America,Road America,road-america,2023-08-06,202308061010_Race,52,47,35,27,2:06.617,5 Laps,,5,8,3
2023,17_Road America,Road America,road-america,2023-08-06,202308061010_Race,52,47,36,78,2:06.477,5 Laps,,5,8,3
2023,17_Road America,Road America,road-america,2023-08-06,202308061010_Race,52,47,37,12,2:06.049,5 Laps,,5,8,3
2023,17_Road America,Road America,road-america,2023-08-06,202308061010_Race,52,50,38,18,1:53.445,2 Laps,,2,8,3
2023,17_Road America,Road America,road-america,2023-08-06,202308061010_Race,52,47,39,97,2:05.699,5 Laps,,5,8,3
2023,17_Road America,Road America,road-america,2023-08-06,202308061010_Race,53,53,1,7,1:50.396,,,,8,3
2023,17_Road America,Road America,road-america,2023-08-06,202308061010_Race,53,50,2,8,1:52.653,3 Laps,,3,8,3
2023,17_Road America,Road America,road-america,2023-08-06,202308061010_Race,53,53,3,60,1:50.843,8.040,8.040,,8,3
2023,17_Road America,Road America,road-america,2023-08-06,202308061010_Race,53,50,4,11,1:52.803,3 Laps,,3,8,3
2023,17_Road America,Road America,road-america,2023-08-06,202308061010_Race,53,47,5,91,2:06.655,6 Laps,,6,8,3
2023,17_Road America,Road America,road-america,2023-08-06,202308061010_Race,53,48,6,4,2:01.782,5 Laps,,5,8,3
2023,17_Road America,Road America,road-america,2023-08-06,202308061010_Race,53,52,7,6,1:50.844,1 Lap,,1,8,3
2023,17_Road America,Road America,road-america,2023-08-06,202308061010_Race,53,53,8,10,1:51.417,27.896,27.896,,8,3
2023,17_Road America,Road America,road-america,2023-08-06,202308061010_Race,53,47,9,66,2:06.385,6 Laps,,6,8,3
2023,17_Road America,Road America,road-america,2023-08-06,202308061010_Race,53,47,10,77,2:05.918,6 Laps,,6,8,3
2023,17_Road America,Road America,road-america,2023-08-06,202308061010_Race,53,53,11,01,1:52.435,31.027,31.027,,8,3
2023,17_Road America,Road America,road-america,2023-08-06,202308061010_Race,53,50,12,04,1:53.770,3 Laps,,3,8,3
2023,17_Road America,Road America,road-america,2023-08-06,202308061010_Race,53,49,13,13,2:01.034,4 Laps,,4,8,3
2023,17_Road America,Road America,road-america,2023-08-06,202308061010_Race,53,48,14,85,2:00.184,5 Laps,,5,8,3
2023,17_Road America,Road America,road-america,2023-08-06,202308061010_Race,53,50,15,33,2:02.496,3 Laps,,3,8,3
2023,17_Road America,Road America,road-america,2023-08-06,202308061010_Race,53,47,16,92,2:06.872,6 Laps,,6,8,3
2023,17_Road America,Road America,road-america,2023-08-06,202308061010_Race,53,50,17,20,3:07.613,3 Laps,,3,8,3
2023,17_Road America,Road America,road-america,2023-08-06,202308061010_Race,53,51,18,52,1:56.808,2 Laps,,2,8,3
2023,17_Road America,Road America,road-america,2023-08-06,202308061010_Race,53,53,19,5,2:11.907,1:10.171,70.171,,8,3
2023,17_Road America,Road America,road-america,2023-08-06,202308061010_Race,53,48,20,3,3:06.286,5 Laps,,5,8,3
2023,17_Road America,Road America,road-america,2023-08-06,202308061010_Race,53,47,21,80,2:06.904,6 Laps,,6,8,3
2023,17_Road America,Road America,road-america,2023-08-06,202308061010_Race,53,48,22,23,2:10.537,5 Laps,,5,8,3
2023,17_Road America,Road America,road-america,2023-08-06,202308061010_Race,53,49,23,17,2:04.712,4 Laps,,4,8,3
2023,17_Road America,Road America,road-america,2023-08-06,202308061010_Race,53,53,24,31,2:09.923,1:21.687,81.687,,8,3
2023,17_Road America,Road America,road-america,2023-08-06,202308061010_Race,53,48,25,79,2:06.680,5 Laps,,5,8,3
2023,17_Road America,Road America,road-america,2023-08-06,202308061010_Race,53,53,26,24,2:10.402,1:23.086,83.086,,8,3
2023,17_Road America,Road America,road-america,2023-08-06,202308061010_Race,53,51,27,35,1:53.753,2 Laps,,2,8,3
2023,17_Road America,Road America,road-america,2023-08-06,202308061010_Race,53,49,28,30,3:07.701,4 Laps,,4,8,3
2023,17_Road America,Road America,road-america,2023-08-06,202308061010_Race,53,53,29,59,1:51.907,1:26.212,86.212,,8,3
2023,17_Road America,Road America,road-america,2023-08-06,202308061010_Race,53,48,30,14,2:06.122,5 Laps,,5,8,3
2023,17_Road America,Road America,road-america,2023-08-06,202308061010_Race,53,48,31,1,2:05.987,5 Laps,,5,8,3
2023,17_Road America,Road America,road-america,2023-08-06,202308061010_Race,53,48,32,9,2:06.399,5 Laps,,5,8,3
2023,17_Road America,Road America,road-america,2023-08-06,202308061010_Race,53,51,33,18,1:58.872,2 Laps,,2,8,3
2023,17_Road America,Road America,road-america,2023-08-06,202308061010_Race,53,48,34,93,2:05.396,5 Laps,,5,8,3
2023,17_Road America,Road America,road-america,2023-08-06,202308061010_Race,53,48,35,70,2:05.335,5 Laps,,5,8,4
2023,17_Road America,Road America,road-america,2023-08-06,202308061010_Race,53,48,36,32,2:06.642,5 Laps,,5,8,4
2023,17_Road America,Road America,road-america,2023-08-06,202308061010_Race,53,48,37,96,2:06.384,5 Laps,,5,8,4
2023,17_Road America,Road America,road-america,2023-08-06,202308061010_Race,54,54,1,7,1:51.363,,,,8,4
2023,17_Road America,Road America,road-america,2023-08-06,202308061010_Race,54,48,2,27,2:07.133,6 Laps,,6,8,4
2023,17_Road America,Road America,road-america,2023-08-06,202308061010_Race,54,48,3,12,2:06.833,6 Laps,,6,8,4
2023,17_Road America,Road America,road-america,2023-08-06,202308061010_Race,54,48,4,78,2:08.131,6 Laps,,6,8,4
2023,17_Road America,Road America,road-america,2023-08-06,202308061010_Race,54,48,5,97,2:06.162,6 Laps,,6,8,4
2023,17_Road America,Road America,road-america,2023-08-06,202308061010_Race,54,51,6,8,1:52.310,3 Laps,,3,8,4
2023,17_Road America,Road America,road-america,2023-08-06,202308061010_Race,54,51,7,11,1:52.484,3 Laps,,3,8,4
2023,17_Road America,Road America,road-america,2023-08-06,202308061010_Race,54,53,8,6,1:51.724,1 Lap,,1,8,4
2023,17_Road America,Road America,road-america,2023-08-06,202308061010_Race,54,54,9,60,2:06.494,23.171,23.171,,8,4
2023,17_Road America,Road America,road-america,2023-08-06,202308061010_Race,54,48,10,29,6:08.162,6 Laps,,6,8,4
2023,17_Road America,Road America,road-america,2023-08-06,202308061010_Race,54,48,11,91,2:05.451,6 Laps,,6,8,4
2023,17_Road America,Road America,road-america,2023-08-06,202308061010_Race,54,54,12,10,1:51.297,27.830,27.830,,8,4
2023,17_Road America,Road America,road-america,2023-08-06,202308061010_Race,54,50,13,74,3:04.334,4 Laps,,4,8,4
2023,17_Road America,Road America,road-america,2023-08-06,202308061010_Race,54,51,14,04,1:55.953,3 Laps,,3,8,4
2023,17_Road America,Road America,road-america,2023-08-06,202308061010_Race,54,48,15,66,2:06.109,6 Laps,,6,8,4
2023,17_Road America,Road America,road-america,2023-08-06,202308061010_Race,54,48,16,77,2:06.740,6 Laps,,6,8,4
2023,17_Road America,Road America,road-america,2023-08-06,202308061010_Race,54,49,17,4,2:21.360,5 Laps,,5,8,4
2023,17_Road America,Road America,road-america,2023-08-06,202308061010_Race,54,54,18,01,2:09.019,48.683,48.683,,8,4
2023,17_Road America,Road America,road-america,2023-08-06,202308061010_Race,54,50,19,13,2:00.006,4 Laps,,4,8,4
2023,17_Road America,Road America,road-america,2023-08-06,202308061010_Race,54,49,20,85,1:59.700,5 Laps,,5,8,4
2023,17_Road America,Road America,road-america,2023-08-06,202308061010_Race,54,51,21,20,1:57.002,3 Laps,,3,8,4
2023,17_Road America,Road America,road-america,2023-08-06,202308061010_Race,54,52,22,52,1:53.312,2 Laps,,2,8,4
2023,17_Road America,Road America,road-america,2023-08-06,202308061010_Race,54,48,23,92,2:06.958,6 Laps,,6,8,4
2023,17_Road America,Road America,road-america,2023-08-06,202308061010_Race,54,51,24,33,2:16.651,3 Laps,,3,8,4
2023,17_Road America,Road America,road-america,2023-08-06,202308061010_Race,54,50,25,17,2:01.412,4 Laps,,4,8,4
2023,17_Road America,Road America,road-america,2023-08-06,202308061010_Race,54,54,26,59,1:52.560,1:27.409,87.409,,8,4
2023,17_Road America,Road America,road-america,2023-08-06,202308061010_Race,54,49,27,3,2:05.953,5 Laps,,5,8,4
2023,17_Road America,Road America,road-america,2023-08-06,202308061010_Race,54,48,28,80,2:05.897,6 Laps,,6,8,4
2023,17_Road America,Road America,road-america,2023-08-06,202308061010_Race,54,52,29,35,1:56.072,2 Laps,,2,8,4
2023,17_Road America,Road America,road-america,2023-08-06,202308061010_Race,54,49,30,23,2:06.011,5 Laps,,5,8,4
2023,17_Road America,Road America,road-america,2023-08-06,202308061010_Race,54,50,31,30,2:00.252,4 Laps,,4,8,4
2023,17_Road America,Road America,road-america,2023-08-06,202308061010_Race,54,49,32,79,2:06.788,5 Laps,,5,8,4
2023,17_Road America,Road America,road-america,2023-08-06,202308061010_Race,54,49,33,14,2:05.484,5 Laps,,5,8,4
2023,17_Road America,Road America,road-america,2023-08-06,202308061010_Race,54,52,34,18,1:53.423,2 Laps,,2,8,4
2023,17_Road America,Road America,road-america,2023-08-06,202308061010_Race,54,49,35,1,2:05.451,5 Laps,,5,8,4
2023,17_Road America,Road America,road-america,2023-08-06,202308061010_Race,54,49,36,9,2:06.091,5 Laps,,5,8,4
2023,17_Road America,Road America,road-america,2023-08-06,202308061010_Race,54,52,37,8,1:55.719,2 Laps,,2,8,4
2023,17_Road America,Road America,road-america,2023-08-06,202308061010_Race,54,49,38,93,2:06.104,5 Laps,,5,8,4
2023,17_Road America,Road America,road-america,2023-08-06,202308061010_Race,54,49,39,70,2:06.235,5 Laps,,5,8,4
2023,17_Road America,Road America,road-america,2023-08-06,202308061010_Race,54,49,40,32,2:06.617,5 Laps,,5,8,4
2023,17_Road America,Road America,road-america,2023-08-06,202308061010_Race,54,52,41,11,1:54.651,2 Laps,,2,8,4
2023,17_Road America,Road America,road-america,2023-08-06,202308061010_Race,54,49,42,96,2:06.809,5 Laps,,5,8,4
2023,17_Road America,Road America,road-america,2023-08-06,202308061010_Race,55,55,1,7,2:07.452,,,,8,4
2023,17_Road America,Road America,road-america,2023-08-06,202308061010_Race,55,49,2,27,2:06.753,6 Laps,,6,8,4
2023,17_Road America,Road America,road-america,2023-08-06,202308061010_Race,55,54,3,6,1:52.061,1 Lap,,1,8,4
2023,17_Road America,Road America,road-america,2023-08-06,202308061010_Race,55,49,4,12,2:06.446,6 Laps,,6,8,4
2023,17_Road America,Road America,road-america,2023-08-06,202308061010_Race,55,49,5,78,2:06.335,6 Laps,,6,8,4
2023,17_Road America,Road America,road-america,2023-08-06,202308061010_Race,55,49,6,97,2:05.776,6 Laps,,6,8,4
2023,17_Road America,Road America,road-america,2023-08-06,202308061010_Race,55,54,7,5,3:07.013,1 Lap,,1,8,4
2023,17_Road America,Road America,road-america,2023-08-06,202308061010_Race,55,49,8,29,2:04.181,6 Laps,,6,8,4
2023,17_Road America,Road America,road-america,2023-08-06,202308061010_Race,55,49,9,91,2:05.066,6 Laps,,6,8,4
2023,17_Road America,Road America,road-america,2023-08-06,202308061010_Race,55,55,10,10,2:06.927,27.305,27.305,,8,4
2023,17_Road America,Road America,road-america,2023-08-06,202308061010_Race,55,54,11,31,3:05.421,1 Lap,,1,8,5
2023,17_Road America,Road America,road-america,2023-08-06,202308061010_Race,55,52,12,04,1:57.795,3 Laps,,3,8,5
2023,17_Road America,Road America,road-america,2023-08-06,202308061010_Race,55,51,13,74,2:01.600,4 Laps,,4,8,5
2023,17_Road America,Road America,road-america,2023-08-06,202308061010_Race,55,49,14,66,2:07.346,6 Laps,,6,8,5
2023,17_Road America,Road America,road-america,2023-08-06,202308061010_Race,55,49,15,77,2:06.647,6 Laps,,6,8,5
2023,17_Road America,Road America,road-america,2023-08-06,202308061010_Race,55,51,16,13,1:59.692,4 Laps,,4,8,5
2023,17_Road America,Road America,road-america,2023-08-06,202308061010_Race,55,54,17,24,3:27.734,1 Lap,,1,8,5
2023,17_Road America,Road America,road-america,2023-08-06,202308061010_Race,55,50,18,85,1:59.822,5 Laps,,5,8,5
2023,17_Road America,Road America,road-america,2023-08-06,202308061010_Race,55,52,19,20,1:54.621,3 Laps,,3,8,5
2023,17_Road America,Road America,road-america,2023-08-06,202308061010_Race,55,53,20,52,1:52.685,2 Laps,,2,8,5
2023,17_Road America,Road America,road-america,2023-08-06,202308061010_Race,55,49,21,92,2:06.620,6 Laps,,6,8,5
2023,17_Road America,Road America,road-america,2023-08-06,202308061010_Race,55,55,22,60,3:02.704,1:18.423,78.423,,8,5
2023,17_Road America,Road America,road-america,2023-08-06,202308061010_Race,55,53,23,35,1:56.084,2 Laps,,2,8,5
2023,17_Road America,Road America,road-america,2023-08-06,202308061010_Race,55,51,24,17,2:03.547,4 Laps,,4,8,5
2023,17_Road America,Road America,road-america,2023-08-06,202308061010_Race,55,55,25,59,2:07.286,1:27.243,87.243,,8,5
2023,17_Road America,Road America,road-america,2023-08-06,202308061010_Race,55,50,26,3,2:05.254,5 Laps,,5,8,5
2023,17_Road America,Road America,road-america,2023-08-06,202308061010_Race,55,51,27,30,2:01.573,4 Laps,,4,8,5
2023,17_Road America,Road America,road-america,2023-08-06,202308061010_Race,55,50,28,23,2:05.578,5 Laps,,5,8,5
2023,17_Road America,Road America,road-america,2023-08-06,202308061010_Race,55,49,29,80,2:07.204,6 Laps,,6,8,5
2023,17_Road America,Road America,road-america,2023-08-06,202308061010_Race,55,53,30,18,1:53.862,2 Laps,,2,8,5
2023,17_Road America,Road America,road-america,2023-08-06,202308061010_Race,55,50,31,79,2:06.303,5 Laps,,5,8,5
2023,17_Road America,Road America,road-america,2023-08-06,202308061010_Race,55,55,32,01,3:05.129,1:46.360,106.360,,8,5
2023,17_Road America,Road America,road-america,2023-08-06,202308061010_Race,55,50,33,14,2:05.800,5 Laps,,5,8,5
2023,17_Road America,Road America,road-america,2023-08-06,202308061010_Race,55,50,34,1,2:06.603,5 Laps,,5,8,5
2023,17_Road America,Road America,road-america,2023-08-06,202308061010_Race,55,53,35,11,1:53.165,2 Laps,,2,8,5
2023,17_Road America,Road America,road-america,2023-08-06,202308061010_Race,55,55,36,6,1:54.347,1:56.190,116.190,,8,5
2023,17_Road America,Road America,road-america,2023-08-06,202308061010_Race,55,50,37,9,2:05.712,5 Laps,,5,8,5
2023,17_Road America,Road America,road-america,2023-08-06,202308061010_Race,55,50,38,93,2:05.763,5 Laps,,5,8,5
2023,17_Road America,Road America,road-america,2023-08-06,202308061010_Race,55,50,39,70,2:06.004,5 Laps,,5,8,5
2023,17_Road America,Road America,road-america,2023-08-06,202308061010_Race,55,53,40,8,2:08.226,2 Laps,,2,8,5
2023,17_Road America,Road America,road-america,2023-08-06,202308061010_Race,55,50,41,32,2:06.482,5 Laps,,5,8,5
2023,17_Road America,Road America,road-america,2023-08-06,202308061010_Race,55,50,42,96,2:06.446,5 Laps,,5,8,5
2023,17_Road America,Road America,road-america,2023-08-06,202308061010_Race,55,50,43,27,2:06.273,5 Laps,,5,8,5
2023,17_Road America,Road America,road-america,2023-08-06,202308061010_Race,55,50,44,12,2:06.330,5 Laps,,5,8,5
2023,17_Road America,Road America,road-america,2023-08-06,202308061010_Race,55,50,45,78,2:06.436,5 Laps,,5,8,5
2023,17_Road America,Road America,road-america,2023-08-06,202308061010_Race,55,50,46,97,2:05.666,5 Laps,,5,8,5
2023,17_Road America,Road America,road-america,2023-08-06,202308061010_Race,55,55,47,5,1:55.304,2:13.673,133.673,,8,5
2023,17_Road America,Road America,road-america,2023-08-06,202308061010_Race,55,50,48,4,3:36.954,5 Laps,,5,8,5
2023,17_Road America,Road America,road-america,2023-08-06,202308061010_Race,55,52,49,33,3:06.708,3 Laps,,3,8,5
2023,17_Road America,Road America,road-america,2023-08-06,202308061010_Race,55,50,50,29,2:09.177,5 Laps,,5,8,5
2023,17_Road America,Road America,road-america,2023-08-06,202308061010_Race,55,55,51,31,2:02.443,2:30.736,150.736,,8,5
2023,17_Road America,Road America,road-america,2023-08-06,202308061010_Race,55,50,52,91,2:06.538,5 Laps,,5,8,5
2023,17_Road America,Road America,road-america,2023-08-06,202308061010_Race,55,52,53,74,2:02.587,3 Laps,,3,8,5
2023,17_Road America,Road America,road-america,2023-08-06,202308061010_Race,55,53,54,04,2:12.266,2 Laps,,2,8,5
2023,17_Road America,Road America,road-america,2023-08-06,202308061010_Race,55,52,55,13,2:00.478,3 Laps,,3,8,5
2023,17_Road America,Road America,road-america,2023-08-06,202308061010_Race,55,53,56,20,1:55.338,2 Laps,,2,8,5
2023,17_Road America,Road America,road-america,2023-08-06,202308061010_Race,55,50,57,66,2:06.229,5 Laps,,5,8,5
2023,17_Road America,Road America,road-america,2023-08-06,202308061010_Race,55,54,58,52,1:54.202,1 Lap,,1,8,5
2023,17_Road America,Road America,road-america,2023-08-06,202308061010_Race,55,50,59,77,2:06.935,5 Laps,,5,8,5
2023,17_Road America,Road America,road-america,2023-08-06,202308061010_Race,55,51,60,85,2:00.660,4 Laps,,4,8,5
2023,17_Road America,Road America,road-america,2023-08-06,202308061010_Race,56,56,1,7,3:01.129,,,,8,5
2023,17_Road America,Road America,road-america,2023-08-06,202308061010_Race,56,56,2,60,1:53.393,10.687,10.687,,8,5
2023,17_Road America,Road America,road-america,2023-08-06,202308061010_Race,56,54,3,35,1:54.788,2 Laps,,2,8,5
2023,17_Road America,Road America,road-america,2023-08-06,202308061010_Race,56,50,4,92,2:08.616,6 Laps,,6,8,5
2023,17_Road America,Road America,road-america,2023-08-06,202308061010_Race,56,52,5,17,2:01.616,4 Laps,,4,8,5
2023,17_Road America,Road America,road-america,2023-08-06,202308061010_Race,56,56,6,10,3:04.808,30.984,30.984,,8,5
2023,17_Road America,Road America,road-america,2023-08-06,202308061010_Race,56,52,7,30,2:04.102,4 Laps,,4,8,5
2023,17_Road America,Road America,road-america,2023-08-06,202308061010_Race,56,51,8,3,2:08.743,5 Laps,,5,9,1
2023,17_Road America,Road America,road-america,2023-08-06,202308061010_Race,56,51,9,23,2:07.864,5 Laps,,5,9,1
2023,17_Road America,Road America,road-america,2023-08-06,202308061010_Race,56,50,10,80,2:07.865,6 Laps,,6,9,1
2023,17_Road America,Road America,road-america,2023-08-06,202308061010_Race,56,56,11,01,1:54.185,39.416,39.416,,9,1
2023,17_Road America,Road America,road-america,2023-08-06,202308061010_Race,56,54,12,11,1:53.423,2 Laps,,2,9,1
2023,17_Road America,Road America,road-america,2023-08-06,202308061010_Race,56,51,13,79,2:08.988,5 Laps,,5,9,1
2023,17_Road America,Road America,road-america,2023-08-06,202308061010_Race,56,54,14,18,2:13.073,2 Laps,,2,9,1
2023,17_Road America,Road America,road-america,2023-08-06,202308061010_Race,56,56,15,6,1:52.917,47.978,47.978,,9,1
2023,17_Road America,Road America,road-america,2023-08-06,202308061010_Race,56,51,16,14,2:06.072,5 Laps,,5,9,1
2023,17_Road America,Road America,road-america,2023-08-06,202308061010_Race,56,51,17,1,2:05.564,5 Laps,,5,9,1
2023,17_Road America,Road America,road-america,2023-08-06,202308061010_Race,56,51,18,9,2:05.591,5 Laps,,5,9,1
2023,17_Road America,Road America,road-america,2023-08-06,202308061010_Race,56,51,19,93,2:05.703,5 Laps,,5,9,1
2023,17_Road America,Road America,road-america,2023-08-06,202308061010_Race,56,51,20,70,2:05.428,5 Laps,,5,9,1
2023,17_Road America,Road America,road-america,2023-08-06,202308061010_Race,56,51,21,32,2:06.529,5 Laps,,5,9,1
2023,17_Road America,Road America,road-america,2023-08-06,202308061010_Race,56,56,22,5,1:57.636,1:10.180,70.180,,9,1
2023,17_Road America,Road America,road-america,2023-08-06,202308061010_Race,56,51,23,96,2:06.526,5 Laps,,5,9,1
2023,17_Road America,Road America,road-america,2023-08-06,202308061010_Race,56,51,24,12,2:06.492,5 Laps,,5,9,1
2023,17_Road America,Road America,road-america,2023-08-06,202308061010_Race,56,51,25,27,2:07.953,5 Laps,,5,9,1
2023,17_Road America,Road America,road-america,2023-08-06,202308061010_Race,56,51,26,78,2:07.280,5 Laps,,5,9,1
2023,17_Road America,Road America,road-america,2023-08-06,202308061010_Race,56,51,27,97,2:07.394,5 Laps,,5,9,1
2023,17_Road America,Road America,road-america,2023-08-06,202308061010_Race,56,51,28,4,2:03.687,5 Laps,,5,9,1
2023,17_Road America,Road America,road-america,2023-08-06,202308061010_Race,56,53,29,33,2:00.827,3 Laps,,3,9,1
2023,17_Road America,Road America,road-america,2023-08-06,202308061010_Race,56,56,30,31,1:55.516,1:25.123,85.123,,9,1
2023,17_Road America,Road America,road-america,2023-08-06,202308061010_Race,56,53,31,74,1:59.738,3 Laps,,3,9,1
2023,17_Road America,Road America,road-america,2023-08-06,202308061010_Race,56,51,32,29,2:05.551,5 Laps,,5,9,1
2023,17_Road America,Road America,road-america,2023-08-06,202308061010_Race,56,51,33,91,2:05.890,5 Laps,,5,9,1
2023,17_Road America,Road America,road-america,2023-08-06,202308061010_Race,56,56,34,59,3:16.086,1:42.200,102.200,,9,1
2023,17_Road America,Road America,road-america,2023-08-06,202308061010_Race,56,54,35,20,1:55.176,2 Laps,,2,9,1
2023,17_Road America,Road America,road-america,2023-08-06,202308061010_Race,56,55,36,52,1:54.821,1 Lap,,1,9,1
2023,17_Road America,Road America,road-america,2023-08-06,202308061010_Race,56,53,37,13,2:02.065,3 Laps,,3,9,1
2023,17_Road America,Road America,road-america,2023-08-06,202308061010_Race,56,51,38,66,2:05.743,5 Laps,,5,9,1
2023,17_Road America,Road America,road-america,2023-08-06,202308061010_Race,57,57,1,7,1:55.293,,,,9,1
2023,17_Road America,Road America,road-america,2023-08-06,202308061010_Race,57,52,2,85,2:03.036,5 Laps,,5,9,1
2023,17_Road America,Road America,road-america,2023-08-06,202308061010_Race,57,54,3,8,2:55.189,3 Laps,,3,9,1
2023,17_Road America,Road America,road-america,2023-08-06,202308061010_Race,57,51,4,77,2:06.946,6 Laps,,6,9,1
2023,17_Road America,Road America,road-america,2023-08-06,202308061010_Race,57,57,5,60,1:51.002,6.396,6.396,,9,1
2023,17_Road America,Road America,road-america,2023-08-06,202308061010_Race,57,55,6,35,1:52.571,2 Laps,,2,9,1
2023,17_Road America,Road America,road-america,2023-08-06,202308061010_Race,57,54,7,04,2:31.727,3 Laps,,3,9,1
2023,17_Road America,Road America,road-america,2023-08-06,202308061010_Race,57,55,8,24,4:26.460,2 Laps,,2,9,1
2023,17_Road America,Road America,road-america,2023-08-06,202308061010_Race,57,53,9,17,2:03.117,4 Laps,,4,9,1
2023,17_Road America,Road America,road-america,2023-08-06,202308061010_Race,57,57,10,10,1:56.240,31.931,31.931,,9,1
2023,17_Road America,Road America,road-america,2023-08-06,202308061010_Race,57,51,11,92,2:06.983,6 Laps,,6,9,1
2023,17_Road America,Road America,road-america,2023-08-06,202308061010_Race,57,57,12,01,1:52.402,36.525,36.525,,9,1
2023,17_Road America,Road America,road-america,2023-08-06,202308061010_Race,57,53,13,30,1:59.829,4 Laps,,4,9,1
2023,17_Road America,Road America,road-america,2023-08-06,202308061010_Race,57,55,14,11,1:54.271,2 Laps,,2,9,1
2023,17_Road America,Road America,road-america,2023-08-06,202308061010_Race,57,57,15,6,1:51.803,44.488,44.488,,9,1
2023,17_Road America,Road America,road-america,2023-08-06,202308061010_Race,57,52,16,3,2:05.799,5 Laps,,5,9,1
2023,17_Road America,Road America,road-america,2023-08-06,202308061010_Race,57,52,17,23,2:06.208,5 Laps,,5,9,1
2023,17_Road America,Road America,road-america,2023-08-06,202308061010_Race,57,51,18,80,2:05.976,6 Laps,,6,9,1
2023,17_Road America,Road America,road-america,2023-08-06,202308061010_Race,57,52,19,79,2:06.459,5 Laps,,5,9,1
2023,17_Road America,Road America,road-america,2023-08-06,202308061010_Race,57,52,20,14,2:05.571,5 Laps,,5,9,1
2023,17_Road America,Road America,road-america,2023-08-06,202308061010_Race,57,52,21,1,2:05.316,5 Laps,,5,9,1
2023,17_Road America,Road America,road-america,2023-08-06,202308061010_Race,57,57,22,5,1:53.475,1:08.362,68.362,,9,1
2023,17_Road America,Road America,road-america,2023-08-06,202308061010_Race,57,52,23,9,2:05.563,5 Laps,,5,9,1
2023,17_Road America,Road America,road-america,2023-08-06,202308061010_Race,57,52,24,93,2:06.301,5 Laps,,5,9,1
2023,17_Road America,Road America,road-america,2023-08-06,202308061010_Race,57,52,25,70,2:06.641,5 Laps,,5,9,1
2023,17_Road America,Road America,road-america,2023-08-06,202308061010_Race,57,52,26,32,2:06.237,5 Laps,,5,9,1
2023,17_Road America,Road America,road-america,2023-08-06,202308061010_Race,57,52,27,96,2:06.373,5 Laps,,5,9,2
2023,17_Road America,Road America,road-america,2023-08-06,202308061010_Race,57,52,28,12,2:05.779,5 Laps,,5,9,2
2023,17_Road America,Road America,road-america,2023-08-06,202308061010_Race,57,57,29,31,1:55.970,1:25.800,85.800,,9,2
2023,17_Road America,Road America,road-america,2023-08-06,202308061010_Race,57,52,30,27,2:06.647,5 Laps,,5,9,2
2023,17_Road America,Road America,road-america,2023-08-06,202308061010_Race,57,52,31,78,2:06.813,5 Laps,,5,9,2
2023,17_Road America,Road America,road-america,2023-08-06,202308061010_Race,57,52,32,97,2:08.456,5 Laps,,5,9,2
2023,17_Road America,Road America,road-america,2023-08-06,202308061010_Race,57,54,33,33,2:02.799,3 Laps,,3,9,2
2023,17_Road America,Road America,road-america,2023-08-06,202308061010_Race,57,52,34,4,2:07.980,5 Laps,,5,9,2
2023,17_Road America,Road America,road-america,2023-08-06,202308061010_Race,57,54,35,74,1:59.026,3 Laps,,3,9,2
2023,17_Road America,Road America,road-america,2023-08-06,202308061010_Race,57,57,36,59,1:55.374,1:42.281,102.281,,9,2
2023,17_Road America,Road America,road-america,2023-08-06,202308061010_Race,57,52,37,29,2:03.174,5 Laps,,5,9,2
2023,17_Road America,Road America,road-america,2023-08-06,202308061010_Race,57,55,38,20,1:57.049,2 Laps,,2,9,2
2023,17_Road America,Road America,road-america,2023-08-06,202308061010_Race,57,52,39,91,2:06.283,5 Laps,,5,9,2
2023,17_Road America,Road America,road-america,2023-08-06,202308061010_Race,57,54,40,13,1:59.621,3 Laps,,3,9,2
2023,17_Road America,Road America,road-america,2023-08-06,202308061010_Race,57,55,41,18,3:00.428,2 Laps,,2,9,2
2023,17_Road America,Road America,road-america,2023-08-06,202308061010_Race,58,58,1,7,1:52.727,,,,9,2
2023,17_Road America,Road America,road-america,2023-08-06,202308061010_Race,58,55,2,8,1:54.178,3 Laps,,3,9,2
2023,17_Road America,Road America,road-america,2023-08-06,202308061010_Race,58,58,3,60,1:52.906,6.575,6.575,,9,2
2023,17_Road America,Road America,road-america,2023-08-06,202308061010_Race,58,56,4,52,2:12.171,2 Laps,,2,9,2
2023,17_Road America,Road America,road-america,2023-08-06,202308061010_Race,58,53,5,85,2:01.754,5 Laps,,5,9,2
2023,17_Road America,Road America,road-america,2023-08-06,202308061010_Race,58,52,6,77,2:07.324,6 Laps,,6,9,2
2023,17_Road America,Road America,road-america,2023-08-06,202308061010_Race,58,55,7,04,1:53.283,3 Laps,,3,9,2
2023,17_Road America,Road America,road-america,2023-08-06,202308061010_Race,58,52,8,66,2:12.908,6 Laps,,6,9,2
2023,17_Road America,Road America,road-america,2023-08-06,202308061010_Race,58,56,9,35,2:09.284,2 Laps,,2,9,2
2023,17_Road America,Road America,road-america,2023-08-06,202308061010_Race,58,58,10,10,1:52.123,31.327,31.327,,9,2
2023,17_Road America,Road America,road-america,2023-08-06,202308061010_Race,58,58,11,01,1:51.752,35.550,35.550,,9,2
2023,17_Road America,Road America,road-america,2023-08-06,202308061010_Race,58,54,12,17,2:02.618,4 Laps,,4,9,2
2023,17_Road America,Road America,road-america,2023-08-06,202308061010_Race,58,58,13,6,1:52.118,43.879,43.879,,9,2
2023,17_Road America,Road America,road-america,2023-08-06,202308061010_Race,58,54,14,30,2:00.629,4 Laps,,4,9,2
2023,17_Road America,Road America,road-america,2023-08-06,202308061010_Race,58,52,15,92,2:07.501,6 Laps,,6,9,2
2023,17_Road America,Road America,road-america,2023-08-06,202308061010_Race,58,53,16,3,2:05.295,5 Laps,,5,9,2
2023,17_Road America,Road America,road-america,2023-08-06,202308061010_Race,58,53,17,23,2:05.474,5 Laps,,5,9,2
2023,17_Road America,Road America,road-america,2023-08-06,202308061010_Race,58,56,18,11,2:09.962,2 Laps,,2,9,2
2023,17_Road America,Road America,road-america,2023-08-06,202308061010_Race,58,52,19,80,2:05.997,6 Laps,,6,9,2
2023,17_Road America,Road America,road-america,2023-08-06,202308061010_Race,58,53,20,79,2:06.826,5 Laps,,5,9,2
2023,17_Road America,Road America,road-america,2023-08-06,202308061010_Race,58,58,21,5,1:55.155,1:10.790,70.790,,9,2
2023,17_Road America,Road America,road-america,2023-08-06,202308061010_Race,58,53,22,14,2:06.004,5 Laps,,5,9,2
2023,17_Road America,Road America,road-america,2023-08-06,202308061010_Race,58,53,23,1,2:06.255,5 Laps,,5,9,2
2023,17_Road America,Road America,road-america,2023-08-06,202308061010_Race,58,53,24,9,2:05.372,5 Laps,,5,9,2
2023,17_Road America,Road America,road-america,2023-08-06,202308061010_Race,58,58,25,31,1:54.228,1:27.301,87.301,,9,2
2023,17_Road America,Road America,road-america,2023-08-06,202308061010_Race,58,53,26,93,2:05.564,5 Laps,,5,9,2
2023,17_Road America,Road America,road-america,2023-08-06,202308061010_Race,58,53,27,70,2:06.068,5 Laps,,5,9,2
2023,17_Road America,Road America,road-america,2023-08-06,202308061010_Race,58,53,28,32,2:05.679,5 Laps,,5,9,2
2023,17_Road America,Road America,road-america,2023-08-06,202308061010_Race,58,53,29,96,2:06.209,5 Laps,,5,9,2
2023,17_Road America,Road America,road-america,2023-08-06,202308061010_Race,58,53,30,12,2:06.518,5 Laps,,5,9,2
2023,17_Road America,Road America,road-america,2023-08-06,202308061010_Race,58,55,31,33,2:03.910,3 Laps,,3,9,2
2023,17_Road America,Road America,road-america,2023-08-06,202308061010_Race,58,53,32,27,2:06.698,5 Laps,,5,9,2
2023,17_Road America,Road America,road-america,2023-08-06,202308061010_Race,58,53,33,78,2:07.282,5 Laps,,5,9,2
2023,17_Road America,Road America,road-america,2023-08-06,202308061010_Race,58,53,34,4,2:04.439,5 Laps,,5,9,2
2023,17_Road America,Road America,road-america,2023-08-06,202308061010_Race,58,55,35,74,2:00.119,3 Laps,,3,9,2
2023,17_Road America,Road America,road-america,2023-08-06,202308061010_Race,58,58,36,59,1:52.432,1:41.986,101.986,,9,2
2023,17_Road America,Road America,road-america,2023-08-06,202308061010_Race,58,53,37,97,2:07.128,5 Laps,,5,9,2
2023,17_Road America,Road America,road-america,2023-08-06,202308061010_Race,58,56,38,20,1:54.111,2 Laps,,2,9,2
2023,17_Road America,Road America,road-america,2023-08-06,202308061010_Race,59,59,1,7,1:51.337,,,,9,2
2023,17_Road America,Road America,road-america,2023-08-06,202308061010_Race,59,53,2,29,2:05.381,6 Laps,,6,9,2
2023,17_Road America,Road America,road-america,2023-08-06,202308061010_Race,59,56,3,18,1:55.926,3 Laps,,3,9,3
2023,17_Road America,Road America,road-america,2023-08-06,202308061010_Race,59,56,4,8,1:54.720,3 Laps,,3,9,3
2023,17_Road America,Road America,road-america,2023-08-06,202308061010_Race,59,59,5,60,1:51.685,6.923,6.923,,9,3
2023,17_Road America,Road America,road-america,2023-08-06,202308061010_Race,59,55,6,13,2:01.996,4 Laps,,4,9,3
2023,17_Road America,Road America,road-america,2023-08-06,202308061010_Race,59,53,7,91,2:07.589,6 Laps,,6,9,3
2023,17_Road America,Road America,road-america,2023-08-06,202308061010_Race,59,56,8,04,1:53.360,3 Laps,,3,9,3
2023,17_Road America,Road America,road-america,2023-08-06,202308061010_Race,59,59,9,10,1:50.843,30.833,30.833,,9,3
2023,17_Road America,Road America,road-america,2023-08-06,202308061010_Race,59,53,10,77,2:06.603,6 Laps,,6,9,3
2023,17_Road America,Road America,road-america,2023-08-06,202308061010_Race,59,53,11,66,2:06.991,6 Laps,,6,9,3
2023,17_Road America,Road America,road-america,2023-08-06,202308061010_Race,59,59,12,01,1:51.629,35.842,35.842,,9,3
2023,17_Road America,Road America,road-america,2023-08-06,202308061010_Race,59,55,13,17,2:02.625,4 Laps,,4,9,3
2023,17_Road America,Road America,road-america,2023-08-06,202308061010_Race,59,55,14,30,2:00.705,4 Laps,,4,9,3
2023,17_Road America,Road America,road-america,2023-08-06,202308061010_Race,59,59,15,6,2:08.452,1:00.994,60.994,,9,3
2023,17_Road America,Road America,road-america,2023-08-06,202308061010_Race,59,53,16,92,2:06.441,6 Laps,,6,9,3
2023,17_Road America,Road America,road-america,2023-08-06,202308061010_Race,59,54,17,3,2:05.183,5 Laps,,5,9,3
2023,17_Road America,Road America,road-america,2023-08-06,202308061010_Race,59,59,18,5,1:53.582,1:13.035,73.035,,9,3
2023,17_Road America,Road America,road-america,2023-08-06,202308061010_Race,59,54,19,23,2:05.360,5 Laps,,5,9,3
2023,17_Road America,Road America,road-america,2023-08-06,202308061010_Race,59,53,20,80,2:05.799,6 Laps,,6,9,3
2023,17_Road America,Road America,road-america,2023-08-06,202308061010_Race,59,57,21,52,3:03.461,2 Laps,,2,9,3
2023,17_Road America,Road America,road-america,2023-08-06,202308061010_Race,59,54,22,79,2:06.979,5 Laps,,5,9,3
2023,17_Road America,Road America,road-america,2023-08-06,202308061010_Race,59,59,23,31,1:51.212,1:27.176,87.176,,9,3
2023,17_Road America,Road America,road-america,2023-08-06,202308061010_Race,59,54,24,14,2:05.788,5 Laps,,5,9,3
2023,17_Road America,Road America,road-america,2023-08-06,202308061010_Race,59,54,25,1,2:05.596,5 Laps,,5,9,3
2023,17_Road America,Road America,road-america,2023-08-06,202308061010_Race,59,54,26,85,3:16.696,5 Laps,,5,9,3
2023,17_Road America,Road America,road-america,2023-08-06,202308061010_Race,59,54,27,9,2:05.684,5 Laps,,5,9,3
2023,17_Road America,Road America,road-america,2023-08-06,202308061010_Race,59,54,28,93,2:05.292,5 Laps,,5,9,3
2023,17_Road America,Road America,road-america,2023-08-06,202308061010_Race,59,54,29,70,2:05.622,5 Laps,,5,9,3
2023,17_Road America,Road America,road-america,2023-08-06,202308061010_Race,59,59,30,59,1:55.183,1:45.832,105.832,,9,3
2023,17_Road America,Road America,road-america,2023-08-06,202308061010_Race,59,54,31,32,2:06.513,5 Laps,,5,9,3
2023,17_Road America,Road America,road-america,2023-08-06,202308061010_Race,59,57,32,35,3:14.226,2 Laps,,2,9,3
2023,17_Road America,Road America,road-america,2023-08-06,202308061010_Race,59,54,33,96,2:06.470,5 Laps,,5,9,3
2023,17_Road America,Road America,road-america,2023-08-06,202308061010_Race,59,56,34,33,2:04.228,3 Laps,,3,9,3
2023,17_Road America,Road America,road-america,2023-08-06,202308061010_Race,59,56,35,74,2:02.524,3 Laps,,3,9,3
2023,17_Road America,Road America,road-america,2023-08-06,202308061010_Race,59,57,36,20,1:58.588,2 Laps,,2,9,3
2023,17_Road America,Road America,road-america,2023-08-06,202308061010_Race,60,60,1,7,1:53.591,,,,9,3
2023,17_Road America,Road America,road-america,2023-08-06,202308061010_Race,60,54,2,12,2:08.107,6 Laps,,6,9,3
2023,17_Road America,Road America,road-america,2023-08-06,202308061010_Race,60,54,3,4,2:06.396,6 Laps,,6,9,3
2023,17_Road America,Road America,road-america,2023-08-06,202308061010_Race,60,54,4,27,2:07.752,6 Laps,,6,9,3
2023,17_Road America,Road America,road-america,2023-08-06,202308061010_Race,60,54,5,78,2:07.526,6 Laps,,6,9,3
2023,17_Road America,Road America,road-america,2023-08-06,202308061010_Race,60,57,6,18,1:53.296,3 Laps,,3,9,3
2023,17_Road America,Road America,road-america,2023-08-06,202308061010_Race,60,54,7,97,2:06.199,6 Laps,,6,9,3
2023,17_Road America,Road America,road-america,2023-08-06,202308061010_Race,60,60,8,60,1:51.075,4.407,4.407,,9,3
2023,17_Road America,Road America,road-america,2023-08-06,202308061010_Race,60,57,9,8,1:54.033,3 Laps,,3,9,3
2023,17_Road America,Road America,road-america,2023-08-06,202308061010_Race,60,56,10,13,2:00.730,4 Laps,,4,9,3
2023,17_Road America,Road America,road-america,2023-08-06,202308061010_Race,60,57,11,11,3:03.964,3 Laps,,3,9,3
2023,17_Road America,Road America,road-america,2023-08-06,202308061010_Race,60,57,12,04,1:54.332,3 Laps,,3,9,3
2023,17_Road America,Road America,road-america,2023-08-06,202308061010_Race,60,54,13,91,2:06.264,6 Laps,,6,9,3
2023,17_Road America,Road America,road-america,2023-08-06,202308061010_Race,60,60,14,10,1:50.248,27.490,27.490,,9,3
2023,17_Road America,Road America,road-america,2023-08-06,202308061010_Race,60,54,15,29,2:24.338,6 Laps,,6,9,3
2023,17_Road America,Road America,road-america,2023-08-06,202308061010_Race,60,60,16,01,1:52.310,34.561,34.561,,9,3
2023,17_Road America,Road America,road-america,2023-08-06,202308061010_Race,60,54,17,77,2:06.674,6 Laps,,6,9,3
2023,17_Road America,Road America,road-america,2023-08-06,202308061010_Race,60,54,18,66,2:05.759,6 Laps,,6,9,3
2023,17_Road America,Road America,road-america,2023-08-06,202308061010_Race,60,56,19,17,2:01.685,4 Laps,,4,9,3
2023,17_Road America,Road America,road-america,2023-08-06,202308061010_Race,60,56,20,30,2:00.523,4 Laps,,4,9,3
2023,17_Road America,Road America,road-america,2023-08-06,202308061010_Race,60,60,21,5,1:52.354,1:11.798,71.798,,9,3
2023,17_Road America,Road America,road-america,2023-08-06,202308061010_Race,60,54,22,92,2:06.310,6 Laps,,6,9,3
2023,17_Road America,Road America,road-america,2023-08-06,202308061010_Race,60,58,23,52,1:55.806,2 Laps,,2,9,3
2023,17_Road America,Road America,road-america,2023-08-06,202308061010_Race,60,55,24,3,2:05.841,5 Laps,,5,9,4
2023,17_Road America,Road America,road-america,2023-08-06,202308061010_Race,60,60,25,31,1:51.214,1:24.799,84.799,,9,4
2023,17_Road America,Road America,road-america,2023-08-06,202308061010_Race,60,55,26,23,2:05.876,5 Laps,,5,9,4
2023,17_Road America,Road America,road-america,2023-08-06,202308061010_Race,60,54,27,80,2:05.555,6 Laps,,6,9,4
2023,17_Road America,Road America,road-america,2023-08-06,202308061010_Race,60,55,28,79,2:06.759,5 Laps,,5,9,4
2023,17_Road America,Road America,road-america,2023-08-06,202308061010_Race,60,55,29,14,2:05.531,5 Laps,,5,9,4
2023,17_Road America,Road America,road-america,2023-08-06,202308061010_Race,60,55,30,1,2:05.677,5 Laps,,5,9,4
2023,17_Road America,Road America,road-america,2023-08-06,202308061010_Race,60,60,31,6,2:37.651,1:45.054,105.054,,9,4
2023,17_Road America,Road America,road-america,2023-08-06,202308061010_Race,60,60,32,59,1:53.621,1:45.862,105.862,,9,4
2023,17_Road America,Road America,road-america,2023-08-06,202308061010_Race,60,58,33,35,1:55.921,2 Laps,,2,9,4
2023,17_Road America,Road America,road-america,2023-08-06,202308061010_Race,61,61,1,7,1:52.400,,,,9,4
2023,17_Road America,Road America,road-america,2023-08-06,202308061010_Race,61,55,2,9,2:07.284,6 Laps,,6,9,4
2023,17_Road America,Road America,road-america,2023-08-06,202308061010_Race,61,55,3,93,2:06.720,6 Laps,,6,9,4
2023,17_Road America,Road America,road-america,2023-08-06,202308061010_Race,61,55,4,70,2:05.717,6 Laps,,6,9,4
2023,17_Road America,Road America,road-america,2023-08-06,202308061010_Race,61,58,5,20,1:57.566,3 Laps,,3,9,4
2023,17_Road America,Road America,road-america,2023-08-06,202308061010_Race,61,61,6,60,1:55.297,7.304,7.304,,9,4
2023,17_Road America,Road America,road-america,2023-08-06,202308061010_Race,61,55,7,32,2:07.098,6 Laps,,6,9,4
2023,17_Road America,Road America,road-america,2023-08-06,202308061010_Race,61,57,8,33,2:03.760,4 Laps,,4,9,4
2023,17_Road America,Road America,road-america,2023-08-06,202308061010_Race,61,55,9,96,2:06.496,6 Laps,,6,9,4
2023,17_Road America,Road America,road-america,2023-08-06,202308061010_Race,61,58,10,8,1:57.701,3 Laps,,3,9,4
2023,17_Road America,Road America,road-america,2023-08-06,202308061010_Race,61,55,11,85,2:23.198,6 Laps,,6,9,4
2023,17_Road America,Road America,road-america,2023-08-06,202308061010_Race,61,57,12,74,2:06.179,4 Laps,,4,9,4
2023,17_Road America,Road America,road-america,2023-08-06,202308061010_Race,61,58,13,18,2:03.980,3 Laps,,3,9,4
2023,17_Road America,Road America,road-america,2023-08-06,202308061010_Race,61,55,14,12,2:07.225,6 Laps,,6,9,4
2023,17_Road America,Road America,road-america,2023-08-06,202308061010_Race,61,55,15,4,2:06.357,6 Laps,,6,9,4
2023,17_Road America,Road America,road-america,2023-08-06,202308061010_Race,61,55,16,27,2:08.133,6 Laps,,6,9,4
2023,17_Road America,Road America,road-america,2023-08-06,202308061010_Race,61,55,17,78,2:07.521,6 Laps,,6,9,4
2023,17_Road America,Road America,road-america,2023-08-06,202308061010_Race,61,55,18,97,2:07.453,6 Laps,,6,9,4
2023,17_Road America,Road America,road-america,2023-08-06,202308061010_Race,61,58,19,11,1:53.796,3 Laps,,3,9,4
2023,17_Road America,Road America,road-america,2023-08-06,202308061010_Race,61,58,20,04,1:54.027,3 Laps,,3,9,4
2023,17_Road America,Road America,road-america,2023-08-06,202308061010_Race,61,57,21,13,2:01.883,4 Laps,,4,9,4
2023,17_Road America,Road America,road-america,2023-08-06,202308061010_Race,61,61,22,10,1:50.651,25.741,25.741,,9,4
2023,17_Road America,Road America,road-america,2023-08-06,202308061010_Race,61,61,23,01,1:51.365,33.526,33.526,,9,4
2023,17_Road America,Road America,road-america,2023-08-06,202308061010_Race,61,55,24,91,2:06.010,6 Laps,,6,9,4
2023,17_Road America,Road America,road-america,2023-08-06,202308061010_Race,61,55,25,77,2:06.994,6 Laps,,6,9,4
2023,17_Road America,Road America,road-america,2023-08-06,202308061010_Race,61,55,26,66,2:06.143,6 Laps,,6,9,4
2023,17_Road America,Road America,road-america,2023-08-06,202308061010_Race,61,57,27,30,1:59.537,4 Laps,,4,9,4
2023,17_Road America,Road America,road-america,2023-08-06,202308061010_Race,61,57,28,17,2:02.548,4 Laps,,4,9,4
2023,17_Road America,Road America,road-america,2023-08-06,202308061010_Race,61,61,29,5,1:51.667,1:11.065,71.065,,9,4
2023,17_Road America,Road America,road-america,2023-08-06,202308061010_Race,61,59,30,52,1:54.405,2 Laps,,2,9,4
2023,17_Road America,Road America,road-america,2023-08-06,202308061010_Race,61,61,31,31,1:52.106,1:24.505,84.505,,9,4
2023,17_Road America,Road America,road-america,2023-08-06,202308061010_Race,61,55,32,92,2:06.630,6 Laps,,6,9,4
2023,17_Road America,Road America,road-america,2023-08-06,202308061010_Race,61,56,33,3,2:05.200,5 Laps,,5,9,4
2023,17_Road America,Road America,road-america,2023-08-06,202308061010_Race,61,56,34,23,2:06.235,5 Laps,,5,9,4
2023,17_Road America,Road America,road-america,2023-08-06,202308061010_Race,61,55,35,80,2:06.486,6 Laps,,6,9,4
2023,17_Road America,Road America,road-america,2023-08-06,202308061010_Race,61,61,36,6,1:53.260,1:45.914,105.914,,9,4
2023,17_Road America,Road America,road-america,2023-08-06,202308061010_Race,61,61,37,59,1:53.665,1:47.127,107.127,,9,4
2023,17_Road America,Road America,road-america,2023-08-06,202308061010_Race,62,62,1,7,1:52.255,,,,9,4
2023,17_Road America,Road America,road-america,2023-08-06,202308061010_Race,62,56,2,79,2:06.834,6 Laps,,6,9,4
2023,17_Road America,Road America,road-america,2023-08-06,202308061010_Race,62,59,3,35,1:55.689,3 Laps,,3,9,4
2023,17_Road America,Road America,road-america,2023-08-06,202308061010_Race,62,56,4,14,2:06.115,6 Laps,,6,9,4
2023,17_Road America,Road America,road-america,2023-08-06,202308061010_Race,62,56,5,1,2:06.487,6 Laps,,6,9,4
2023,17_Road America,Road America,road-america,2023-08-06,202308061010_Race,62,59,6,20,1:55.126,3 Laps,,3,9,4
2023,17_Road America,Road America,road-america,2023-08-06,202308061010_Race,62,62,7,60,1:52.660,7.709,7.709,,9,4
2023,17_Road America,Road America,road-america,2023-08-06,202308061010_Race,62,59,8,8,1:57.120,3 Laps,,3,9,4
2023,17_Road America,Road America,road-america,2023-08-06,202308061010_Race,62,56,9,93,2:05.908,6 Laps,,6,9,5
2023,17_Road America,Road America,road-america,2023-08-06,202308061010_Race,62,56,10,9,2:07.632,6 Laps,,6,9,5
2023,17_Road America,Road America,road-america,2023-08-06,202308061010_Race,62,56,11,70,2:06.373,6 Laps,,6,9,5
2023,17_Road America,Road America,road-america,2023-08-06,202308061010_Race,62,58,12,33,2:01.687,4 Laps,,4,9,5
2023,17_Road America,Road America,road-america,2023-08-06,202308061010_Race,62,59,13,18,1:56.651,3 Laps,,3,9,5
2023,17_Road America,Road America,road-america,2023-08-06,202308061010_Race,62,56,14,85,2:04.018,6 Laps,,6,9,5
2023,17_Road America,Road America,road-america,2023-08-06,202308061010_Race,62,58,15,74,2:04.170,4 Laps,,4,9,5
2023,17_Road America,Road America,road-america,2023-08-06,202308061010_Race,62,59,16,11,1:57.219,3 Laps,,3,9,5
2023,17_Road America,Road America,road-america,2023-08-06,202308061010_Race,62,56,17,32,2:07.660,6 Laps,,6,9,5
2023,17_Road America,Road America,road-america,2023-08-06,202308061010_Race,62,59,18,04,1:57.314,3 Laps,,3,9,5
2023,17_Road America,Road America,road-america,2023-08-06,202308061010_Race,62,56,19,96,2:08.309,6 Laps,,6,9,5
2023,17_Road America,Road America,road-america,2023-08-06,202308061010_Race,62,62,20,10,1:55.128,28.614,28.614,,9,5
2023,17_Road America,Road America,road-america,2023-08-06,202308061010_Race,62,56,21,12,2:06.026,6 Laps,,6,9,5
2023,17_Road America,Road America,road-america,2023-08-06,202308061010_Race,62,56,22,4,2:05.851,6 Laps,,6,9,5
2023,17_Road America,Road America,road-america,2023-08-06,202308061010_Race,62,62,23,01,1:53.433,34.704,34.704,,9,5
2023,17_Road America,Road America,road-america,2023-08-06,202308061010_Race,62,56,24,97,2:07.558,6 Laps,,6,9,5
2023,17_Road America,Road America,road-america,2023-08-06,202308061010_Race,62,58,25,13,2:05.180,4 Laps,,4,9,5
2023,17_Road America,Road America,road-america,2023-08-06,202308061010_Race,62,56,26,78,2:10.385,6 Laps,,6,9,5
2023,17_Road America,Road America,road-america,2023-08-06,202308061010_Race,62,56,27,27,2:12.566,6 Laps,,6,9,5
2023,17_Road America,Road America,road-america,2023-08-06,202308061010_Race,62,56,28,91,2:05.516,6 Laps,,6,9,5
2023,17_Road America,Road America,road-america,2023-08-06,202308061010_Race,62,3,29,25,2:02:07.099,59 Laps,,59,9,5
2023,17_Road America,Road America,road-america,2023-08-06,202308061010_Race,62,62,30,5,1:51.985,1:10.795,70.795,,9,5
2023,17_Road America,Road America,road-america,2023-08-06,202308061010_Race,62,56,31,77,2:07.047,6 Laps,,6,9,5
2023,17_Road America,Road America,road-america,2023-08-06,202308061010_Race,62,56,32,66,2:06.323,6 Laps,,6,9,5
2023,17_Road America,Road America,road-america,2023-08-06,202308061010_Race,62,58,33,30,1:59.857,4 Laps,,4,9,5
2023,17_Road America,Road America,road-america,2023-08-06,202308061010_Race,62,58,34,17,2:01.349,4 Laps,,4,9,5
2023,17_Road America,Road America,road-america,2023-08-06,202308061010_Race,62,62,35,31,1:50.738,1:22.988,82.988,,9,5
2023,17_Road America,Road America,road-america,2023-08-06,202308061010_Race,62,60,36,52,1:53.440,2 Laps,,2,9,5
2023,17_Road America,Road America,road-america,2023-08-06,202308061010_Race,62,56,37,92,2:07.023,6 Laps,,6,9,5
2023,17_Road America,Road America,road-america,2023-08-06,202308061010_Race,62,62,38,6,1:52.386,1:46.045,106.045,,9,5
2023,17_Road America,Road America,road-america,2023-08-06,202308061010_Race,62,62,39,59,1:53.945,1:48.817,108.817,,9,5
2023,17_Road America,Road America,road-america,2023-08-06,202308061010_Race,62,57,40,3,2:05.893,5 Laps,,5,9,5
2023,17_Road America,Road America,road-america,2023-08-06,202308061010_Race,63,63,1,7,1:52.337,,,,9,5
2023,17_Road America,Road America,road-america,2023-08-06,202308061010_Race,63,57,2,23,2:07.398,6 Laps,,6,9,5
2023,17_Road America,Road America,road-america,2023-08-06,202308061010_Race,63,56,3,80,2:06.697,7 Laps,,7,9,5
2023,17_Road America,Road America,road-america,2023-08-06,202308061010_Race,63,60,4,35,1:53.411,3 Laps,,3,9,5
2023,17_Road America,Road America,road-america,2023-08-06,202308061010_Race,63,63,5,60,1:50.909,6.281,6.281,,9,5
2023,17_Road America,Road America,road-america,2023-08-06,202308061010_Race,63,60,6,20,1:55.779,3 Laps,,3,9,5
2023,17_Road America,Road America,road-america,2023-08-06,202308061010_Race,63,57,7,79,2:06.978,6 Laps,,6,9,5
2023,17_Road America,Road America,road-america,2023-08-06,202308061010_Race,63,57,8,14,2:06.330,6 Laps,,6,9,5
2023,17_Road America,Road America,road-america,2023-08-06,202308061010_Race,63,60,9,8,1:53.636,3 Laps,,3,9,5
2023,17_Road America,Road America,road-america,2023-08-06,202308061010_Race,63,57,10,1,2:05.641,6 Laps,,6,9,5
2023,17_Road America,Road America,road-america,2023-08-06,202308061010_Race,63,60,11,18,1:55.459,3 Laps,,3,9,5
2023,17_Road America,Road America,road-america,2023-08-06,202308061010_Race,63,60,12,11,1:56.539,3 Laps,,3,9,5
2023,17_Road America,Road America,road-america,2023-08-06,202308061010_Race,63,57,13,93,2:05.544,6 Laps,,6,9,5
2023,17_Road America,Road America,road-america,2023-08-06,202308061010_Race,63,59,14,33,2:03.633,4 Laps,,4,9,5
2023,17_Road America,Road America,road-america,2023-08-06,202308061010_Race,63,57,15,70,2:05.738,6 Laps,,6,9,5
2023,17_Road America,Road America,road-america,2023-08-06,202308061010_Race,63,60,16,04,1:57.779,3 Laps,,3,9,5
2023,17_Road America,Road America,road-america,2023-08-06,202308061010_Race,63,63,17,10,1:55.736,32.013,32.013,,9,5
2023,17_Road America,Road America,road-america,2023-08-06,202308061010_Race,63,57,18,9,2:08.058,6 Laps,,6,9,5
2023,17_Road America,Road America,road-america,2023-08-06,202308061010_Race,63,59,19,74,2:00.735,4 Laps,,4,9,5
2023,17_Road America,Road America,road-america,2023-08-06,202308061010_Race,63,63,20,01,1:54.702,37.069,37.069,,9,5
2023,17_Road America,Road America,road-america,2023-08-06,202308061010_Race,63,57,21,32,2:07.304,6 Laps,,6,9,5
2023,17_Road America,Road America,road-america,2023-08-06,202308061010_Race,63,57,22,96,2:06.925,6 Laps,,6,9,5
2023,17_Road America,Road America,road-america,2023-08-06,202308061010_Race,63,57,23,4,2:04.380,6 Laps,,6,9,5
2023,17_Road America,Road America,road-america,2023-08-06,202308061010_Race,63,57,24,12,2:07.538,6 Laps,,6,9,5
2023,17_Road America,Road America,road-america,2023-08-06,202308061010_Race,63,59,25,13,2:02.066,4 Laps,,4,9,5
2023,17_Road America,Road America,road-america,2023-08-06,202308061010_Race,63,57,26,97,2:05.830,6 Laps,,6,10,1
2023,17_Road America,Road America,road-america,2023-08-06,202308061010_Race,63,57,27,78,2:05.138,6 Laps,,6,10,1
2023,17_Road America,Road America,road-america,2023-08-06,202308061010_Race,63,57,28,27,2:06.778,6 Laps,,6,10,1
2023,17_Road America,Road America,road-america,2023-08-06,202308061010_Race,63,57,29,91,2:05.574,6 Laps,,6,10,1
2023,17_Road America,Road America,road-america,2023-08-06,202308061010_Race,63,57,30,85,2:35.875,6 Laps,,6,10,1
2023,17_Road America,Road America,road-america,2023-08-06,202308061010_Race,63,63,31,5,1:51.681,1:10.139,70.139,,10,1
2023,17_Road America,Road America,road-america,2023-08-06,202308061010_Race,63,4,32,25,2:01.135,59 Laps,,59,10,1
2023,17_Road America,Road America,road-america,2023-08-06,202308061010_Race,63,63,33,31,1:53.932,1:24.583,84.583,,10,1
2023,17_Road America,Road America,road-america,2023-08-06,202308061010_Race,63,59,34,30,2:01.407,4 Laps,,4,10,1
2023,17_Road America,Road America,road-america,2023-08-06,202308061010_Race,63,61,35,52,1:55.592,2 Laps,,2,10,1
2023,17_Road America,Road America,road-america,2023-08-06,202308061010_Race,63,57,36,77,2:07.899,6 Laps,,6,10,1
2023,17_Road America,Road America,road-america,2023-08-06,202308061010_Race,63,57,37,66,2:08.038,6 Laps,,6,10,1
2023,17_Road America,Road America,road-america,2023-08-06,202308061010_Race,63,59,38,17,2:03.203,4 Laps,,4,10,1
2023,17_Road America,Road America,road-america,2023-08-06,202308061010_Race,63,63,39,6,1:51.346,1:45.054,105.054,,10,1
2023,17_Road America,Road America,road-america,2023-08-06,202308061010_Race,63,63,40,59,1:51.222,1:47.702,107.702,,10,1
2023,17_Road America,Road America,road-america,2023-08-06,202308061010_Race,64,64,1,7,1:52.742,,,,10,1
2023,17_Road America,Road America,road-america,2023-08-06,202308061010_Race,64,57,2,92,2:06.892,7 Laps,,7,10,1
2023,17_Road America,Road America,road-america,2023-08-06,202308061010_Race,64,64,3,60,1:53.339,6.878,6.878,,10,1
2023,17_Road America,Road America,road-america,2023-08-06,202308061010_Race,64,61,4,35,1:57.247,3 Laps,,3,10,1
2023,17_Road America,Road America,road-america,2023-08-06,202308061010_Race,64,58,5,3,2:06.339,6 Laps,,6,10,1
2023,17_Road America,Road America,road-america,2023-08-06,202308061010_Race,64,61,6,20,1:54.298,3 Laps,,3,10,1
2023,17_Road America,Road America,road-america,2023-08-06,202308061010_Race,64,58,7,23,2:06.560,6 Laps,,6,10,1
2023,17_Road America,Road America,road-america,2023-08-06,202308061010_Race,64,57,8,80,2:06.490,7 Laps,,7,10,1
2023,17_Road America,Road America,road-america,2023-08-06,202308061010_Race,64,61,9,8,1:52.849,3 Laps,,3,10,1
2023,17_Road America,Road America,road-america,2023-08-06,202308061010_Race,64,61,10,18,1:57.499,3 Laps,,3,10,1
2023,17_Road America,Road America,road-america,2023-08-06,202308061010_Race,64,58,11,79,2:06.505,6 Laps,,6,10,1
2023,17_Road America,Road America,road-america,2023-08-06,202308061010_Race,64,61,12,11,1:54.241,3 Laps,,3,10,1
2023,17_Road America,Road America,road-america,2023-08-06,202308061010_Race,64,64,13,10,1:51.847,31.118,31.118,,10,1
2023,17_Road America,Road America,road-america,2023-08-06,202308061010_Race,64,58,14,14,2:06.695,6 Laps,,6,10,1
2023,17_Road America,Road America,road-america,2023-08-06,202308061010_Race,64,58,15,1,2:07.025,6 Laps,,6,10,1
2023,17_Road America,Road America,road-america,2023-08-06,202308061010_Race,64,61,16,04,1:54.914,3 Laps,,3,10,1
2023,17_Road America,Road America,road-america,2023-08-06,202308061010_Race,64,64,17,01,1:54.736,39.063,39.063,,10,1
2023,17_Road America,Road America,road-america,2023-08-06,202308061010_Race,64,60,18,33,2:02.856,4 Laps,,4,10,1
2023,17_Road America,Road America,road-america,2023-08-06,202308061010_Race,64,60,19,74,2:01.081,4 Laps,,4,10,1
2023,17_Road America,Road America,road-america,2023-08-06,202308061010_Race,64,58,20,93,2:07.768,6 Laps,,6,10,1
2023,17_Road America,Road America,road-america,2023-08-06,202308061010_Race,64,58,21,70,2:07.407,6 Laps,,6,10,1
2023,17_Road America,Road America,road-america,2023-08-06,202308061010_Race,64,58,22,9,2:06.154,6 Laps,,6,10,1
2023,17_Road America,Road America,road-america,2023-08-06,202308061010_Race,64,58,23,32,2:05.982,6 Laps,,6,10,1
2023,17_Road America,Road America,road-america,2023-08-06,202308061010_Race,64,58,24,96,2:06.592,6 Laps,,6,10,1
2023,17_Road America,Road America,road-america,2023-08-06,202308061010_Race,64,58,25,4,2:05.616,6 Laps,,6,10,1
2023,17_Road America,Road America,road-america,2023-08-06,202308061010_Race,64,60,26,13,2:03.132,4 Laps,,4,10,1
2023,17_Road America,Road America,road-america,2023-08-06,202308061010_Race,64,58,27,12,2:06.363,6 Laps,,6,10,1
2023,17_Road America,Road America,road-america,2023-08-06,202308061010_Race,64,58,28,97,2:05.579,6 Laps,,6,10,1
2023,17_Road America,Road America,road-america,2023-08-06,202308061010_Race,64,58,29,78,2:04.672,6 Laps,,6,10,1
2023,17_Road America,Road America,road-america,2023-08-06,202308061010_Race,64,58,30,27,2:07.274,6 Laps,,6,10,1
2023,17_Road America,Road America,road-america,2023-08-06,202308061010_Race,64,64,31,5,1:51.826,1:09.223,69.223,,10,1
2023,17_Road America,Road America,road-america,2023-08-06,202308061010_Race,64,58,32,91,2:05.988,6 Laps,,6,10,1
2023,17_Road America,Road America,road-america,2023-08-06,202308061010_Race,64,64,33,31,1:51.210,1:23.051,83.051,,10,1
2023,17_Road America,Road America,road-america,2023-08-06,202308061010_Race,64,62,34,52,1:55.039,2 Laps,,2,10,1
2023,17_Road America,Road America,road-america,2023-08-06,202308061010_Race,64,60,35,30,1:59.152,4 Laps,,4,10,1
2023,17_Road America,Road America,road-america,2023-08-06,202308061010_Race,64,58,36,85,2:22.623,6 Laps,,6,10,1
2023,17_Road America,Road America,road-america,2023-08-06,202308061010_Race,64,60,37,17,2:05.365,4 Laps,,4,10,1
2023,17_Road America,Road America,road-america,2023-08-06,202308061010_Race,64,58,38,77,2:06.819,6 Laps,,6,10,1
2023,17_Road America,Road America,road-america,2023-08-06,202308061010_Race,64,64,39,6,1:51.208,1:43.520,103.520,,10,1
2023,17_Road America,Road America,road-america,2023-08-06,202308061010_Race,64,58,40,66,2:07.353,6 Laps,,6,10,1
2023,17_Road America,Road America,road-america,2023-08-06,202308061010_Race,64,64,41,59,1:50.857,1:45.817,105.817,,10,1
2023,17_Road America,Road America,road-america,2023-08-06,202308061010_Race,65,65,1,7,1:51.045,,,,10,2
2023,17_Road America,Road America,road-america,2023-08-06,202308061010_Race,65,65,2,60,1:50.206,6.039,6.039,,10,2
2023,17_Road America,Road America,road-america,2023-08-06,202308061010_Race,65,62,3,35,1:53.578,3 Laps,,3,10,2
2023,17_Road America,Road America,road-america,2023-08-06,202308061010_Race,65,62,4,20,1:55.751,3 Laps,,3,10,2
2023,17_Road America,Road America,road-america,2023-08-06,202308061010_Race,65,62,5,8,1:55.230,3 Laps,,3,10,2
2023,17_Road America,Road America,road-america,2023-08-06,202308061010_Race,65,58,6,92,2:07.277,7 Laps,,7,10,2
2023,17_Road America,Road America,road-america,2023-08-06,202308061010_Race,65,59,7,3,2:06.395,6 Laps,,6,10,2
2023,17_Road America,Road America,road-america,2023-08-06,202308061010_Race,65,62,8,18,1:54.113,3 Laps,,3,10,2
2023,17_Road America,Road America,road-america,2023-08-06,202308061010_Race,65,65,9,10,1:51.484,31.557,31.557,,10,2
2023,17_Road America,Road America,road-america,2023-08-06,202308061010_Race,65,59,10,23,2:06.258,6 Laps,,6,10,2
2023,17_Road America,Road America,road-america,2023-08-06,202308061010_Race,65,58,11,80,2:06.465,7 Laps,,7,10,2
2023,17_Road America,Road America,road-america,2023-08-06,202308061010_Race,65,62,12,11,1:53.252,3 Laps,,3,10,2
2023,17_Road America,Road America,road-america,2023-08-06,202308061010_Race,65,62,13,04,1:53.156,3 Laps,,3,10,2
2023,17_Road America,Road America,road-america,2023-08-06,202308061010_Race,65,65,14,01,1:54.631,42.649,42.649,,10,2
2023,17_Road America,Road America,road-america,2023-08-06,202308061010_Race,65,59,15,79,2:07.160,6 Laps,,6,10,2
2023,17_Road America,Road America,road-america,2023-08-06,202308061010_Race,65,59,16,14,2:05.903,6 Laps,,6,10,2
2023,17_Road America,Road America,road-america,2023-08-06,202308061010_Race,65,59,17,1,2:05.810,6 Laps,,6,10,2
2023,17_Road America,Road America,road-america,2023-08-06,202308061010_Race,65,61,18,33,2:00.591,4 Laps,,4,10,2
2023,17_Road America,Road America,road-america,2023-08-06,202308061010_Race,65,61,19,74,2:00.509,4 Laps,,4,10,2
2023,17_Road America,Road America,road-america,2023-08-06,202308061010_Race,65,59,20,93,2:05.136,6 Laps,,6,10,2
2023,17_Road America,Road America,road-america,2023-08-06,202308061010_Race,65,59,21,70,2:05.687,6 Laps,,6,10,2
2023,17_Road America,Road America,road-america,2023-08-06,202308061010_Race,65,59,22,9,2:05.639,6 Laps,,6,10,2
2023,17_Road America,Road America,road-america,2023-08-06,202308061010_Race,65,59,23,32,2:05.774,6 Laps,,6,10,2
2023,17_Road America,Road America,road-america,2023-08-06,202308061010_Race,65,59,24,4,2:04.116,6 Laps,,6,10,2
2023,17_Road America,Road America,road-america,2023-08-06,202308061010_Race,65,61,25,13,2:04.244,4 Laps,,4,10,2
2023,17_Road America,Road America,road-america,2023-08-06,202308061010_Race,65,59,26,96,2:07.476,6 Laps,,6,10,2
2023,17_Road America,Road America,road-america,2023-08-06,202308061010_Race,65,65,27,5,1:53.499,1:11.677,71.677,,10,2
2023,17_Road America,Road America,road-america,2023-08-06,202308061010_Race,65,59,28,12,2:05.829,6 Laps,,6,10,2
2023,17_Road America,Road America,road-america,2023-08-06,202308061010_Race,65,59,29,97,2:05.677,6 Laps,,6,10,2
2023,17_Road America,Road America,road-america,2023-08-06,202308061010_Race,65,59,30,78,2:05.122,6 Laps,,6,10,2
2023,17_Road America,Road America,road-america,2023-08-06,202308061010_Race,65,65,31,31,1:51.810,1:23.816,83.816,,10,2
2023,17_Road America,Road America,road-america,2023-08-06,202308061010_Race,65,59,32,27,2:07.076,6 Laps,,6,10,2
2023,17_Road America,Road America,road-america,2023-08-06,202308061010_Race,65,59,33,91,2:05.892,6 Laps,,6,10,2
2023,17_Road America,Road America,road-america,2023-08-06,202308061010_Race,65,63,34,52,1:52.921,2 Laps,,2,10,2
2023,17_Road America,Road America,road-america,2023-08-06,202308061010_Race,65,61,35,30,1:59.446,4 Laps,,4,10,2
2023,17_Road America,Road America,road-america,2023-08-06,202308061010_Race,65,65,36,6,1:50.843,1:43.318,103.318,,10,2
2023,17_Road America,Road America,road-america,2023-08-06,202308061010_Race,65,59,37,85,2:00.331,6 Laps,,6,10,2
2023,17_Road America,Road America,road-america,2023-08-06,202308061010_Race,65,65,38,59,1:51.897,1:46.669,106.669,,10,2
2023,17_Road America,Road America,road-america,2023-08-06,202308061010_Race,65,61,39,17,2:00.078,4 Laps,,4,10,2
2023,17_Road America,Road America,road-america,2023-08-06,202308061010_Race,66,66,1,7,1:52.294,,,,10,2
2023,17_Road America,Road America,road-america,2023-08-06,202308061010_Race,66,66,2,60,1:50.998,4.743,4.743,,10,2
2023,17_Road America,Road America,road-america,2023-08-06,202308061010_Race,66,59,3,77,2:06.737,7 Laps,,7,10,2
2023,17_Road America,Road America,road-america,2023-08-06,202308061010_Race,66,59,4,66,2:06.474,7 Laps,,7,10,2
2023,17_Road America,Road America,road-america,2023-08-06,202308061010_Race,66,63,5,35,1:52.790,3 Laps,,3,10,2
2023,17_Road America,Road America,road-america,2023-08-06,202308061010_Race,66,63,6,20,1:53.351,3 Laps,,3,10,2
2023,17_Road America,Road America,road-america,2023-08-06,202308061010_Race,66,63,7,8,1:53.088,3 Laps,,3,10,2
2023,17_Road America,Road America,road-america,2023-08-06,202308061010_Race,66,66,8,10,1:51.276,30.539,30.539,,10,2
2023,17_Road America,Road America,road-america,2023-08-06,202308061010_Race,66,63,9,18,1:54.389,3 Laps,,3,10,2
2023,17_Road America,Road America,road-america,2023-08-06,202308061010_Race,66,63,10,11,1:53.678,3 Laps,,3,10,2
2023,17_Road America,Road America,road-america,2023-08-06,202308061010_Race,66,59,11,92,2:07.321,7 Laps,,7,10,2
2023,17_Road America,Road America,road-america,2023-08-06,202308061010_Race,66,63,12,04,1:54.049,3 Laps,,3,10,2
2023,17_Road America,Road America,road-america,2023-08-06,202308061010_Race,66,66,13,01,1:51.753,42.108,42.108,,10,2
2023,17_Road America,Road America,road-america,2023-08-06,202308061010_Race,66,60,14,23,2:06.609,6 Laps,,6,10,2
2023,17_Road America,Road America,road-america,2023-08-06,202308061010_Race,66,59,15,80,2:06.225,7 Laps,,7,10,2
2023,17_Road America,Road America,road-america,2023-08-06,202308061010_Race,66,60,16,3,2:20.891,6 Laps,,6,10,2
2023,17_Road America,Road America,road-america,2023-08-06,202308061010_Race,66,60,17,79,2:06.844,6 Laps,,6,10,3
2023,17_Road America,Road America,road-america,2023-08-06,202308061010_Race,66,60,18,14,2:05.771,6 Laps,,6,10,3
2023,17_Road America,Road America,road-america,2023-08-06,202308061010_Race,66,60,19,1,2:05.810,6 Laps,,6,10,3
2023,17_Road America,Road America,road-america,2023-08-06,202308061010_Race,66,62,20,33,2:01.850,4 Laps,,4,10,3
2023,17_Road America,Road America,road-america,2023-08-06,202308061010_Race,66,62,21,74,2:01.598,4 Laps,,4,10,3
2023,17_Road America,Road America,road-america,2023-08-06,202308061010_Race,66,66,22,5,1:52.087,1:11.470,71.470,,10,3
2023,17_Road America,Road America,road-america,2023-08-06,202308061010_Race,66,60,23,93,2:05.105,6 Laps,,6,10,3
2023,17_Road America,Road America,road-america,2023-08-06,202308061010_Race,66,60,24,70,2:05.464,6 Laps,,6,10,3
2023,17_Road America,Road America,road-america,2023-08-06,202308061010_Race,66,60,25,9,2:05.915,6 Laps,,6,10,3
2023,17_Road America,Road America,road-america,2023-08-06,202308061010_Race,66,60,26,4,2:03.254,6 Laps,,6,10,3
2023,17_Road America,Road America,road-america,2023-08-06,202308061010_Race,66,62,27,13,2:01.593,4 Laps,,4,10,3
2023,17_Road America,Road America,road-america,2023-08-06,202308061010_Race,66,60,28,32,2:06.989,6 Laps,,6,10,3
2023,17_Road America,Road America,road-america,2023-08-06,202308061010_Race,66,60,29,96,2:05.937,6 Laps,,6,10,3
2023,17_Road America,Road America,road-america,2023-08-06,202308061010_Race,66,66,30,31,1:54.160,1:25.682,85.682,,10,3
2023,17_Road America,Road America,road-america,2023-08-06,202308061010_Race,66,60,31,12,2:05.633,6 Laps,,6,10,3
2023,17_Road America,Road America,road-america,2023-08-06,202308061010_Race,66,60,32,97,2:05.947,6 Laps,,6,10,3
2023,17_Road America,Road America,road-america,2023-08-06,202308061010_Race,66,60,33,78,2:06.197,6 Laps,,6,10,3
2023,17_Road America,Road America,road-america,2023-08-06,202308061010_Race,66,64,34,52,1:54.073,2 Laps,,2,10,3
2023,17_Road America,Road America,road-america,2023-08-06,202308061010_Race,66,60,35,27,2:06.630,6 Laps,,6,10,3
2023,17_Road America,Road America,road-america,2023-08-06,202308061010_Race,66,66,36,6,1:53.147,1:44.171,104.171,,10,3
2023,17_Road America,Road America,road-america,2023-08-06,202308061010_Race,66,66,37,59,1:51.479,1:45.854,105.854,,10,3
2023,17_Road America,Road America,road-america,2023-08-06,202308061010_Race,66,60,38,91,2:06.427,6 Laps,,6,10,3
2023,17_Road America,Road America,road-america,2023-08-06,202308061010_Race,66,62,39,30,1:59.324,4 Laps,,4,10,3
2023,17_Road America,Road America,road-america,2023-08-06,202308061010_Race,67,67,1,7,1:50.988,,,,10,3
2023,17_Road America,Road America,road-america,2023-08-06,202308061010_Race,67,60,2,85,1:59.943,7 Laps,,7,10,3
2023,17_Road America,Road America,road-america,2023-08-06,202308061010_Race,67,67,3,60,1:51.309,5.064,5.064,,10,3
2023,17_Road America,Road America,road-america,2023-08-06,202308061010_Race,67,62,4,17,2:00.066,5 Laps,,5,10,3
2023,17_Road America,Road America,road-america,2023-08-06,202308061010_Race,67,64,5,35,1:53.604,3 Laps,,3,10,3
2023,17_Road America,Road America,road-america,2023-08-06,202308061010_Race,67,64,6,20,1:53.937,3 Laps,,3,10,3
2023,17_Road America,Road America,road-america,2023-08-06,202308061010_Race,67,60,7,77,2:06.259,7 Laps,,7,10,3
2023,17_Road America,Road America,road-america,2023-08-06,202308061010_Race,67,60,8,66,2:06.776,7 Laps,,7,10,3
2023,17_Road America,Road America,road-america,2023-08-06,202308061010_Race,67,64,9,8,1:52.034,3 Laps,,3,10,3
2023,17_Road America,Road America,road-america,2023-08-06,202308061010_Race,67,67,10,10,1:50.177,29.728,29.728,,10,3
2023,17_Road America,Road America,road-america,2023-08-06,202308061010_Race,67,64,11,18,1:52.509,3 Laps,,3,10,3
2023,17_Road America,Road America,road-america,2023-08-06,202308061010_Race,67,64,12,11,1:52.459,3 Laps,,3,10,3
2023,17_Road America,Road America,road-america,2023-08-06,202308061010_Race,67,64,13,04,1:51.938,3 Laps,,3,10,3
2023,17_Road America,Road America,road-america,2023-08-06,202308061010_Race,67,67,14,01,1:50.689,41.809,41.809,,10,3
2023,17_Road America,Road America,road-america,2023-08-06,202308061010_Race,67,60,15,92,2:07.438,7 Laps,,7,10,3
2023,17_Road America,Road America,road-america,2023-08-06,202308061010_Race,67,61,16,23,2:06.326,6 Laps,,6,10,3
2023,17_Road America,Road America,road-america,2023-08-06,202308061010_Race,67,60,17,80,2:06.176,7 Laps,,7,10,3
2023,17_Road America,Road America,road-america,2023-08-06,202308061010_Race,67,63,18,74,2:03.200,4 Laps,,4,10,3
2023,17_Road America,Road America,road-america,2023-08-06,202308061010_Race,67,67,19,5,1:52.839,1:13.321,73.321,,10,3
2023,17_Road America,Road America,road-america,2023-08-06,202308061010_Race,67,61,20,79,2:06.327,6 Laps,,6,10,3
2023,17_Road America,Road America,road-america,2023-08-06,202308061010_Race,67,63,21,33,2:05.148,4 Laps,,4,10,3
2023,17_Road America,Road America,road-america,2023-08-06,202308061010_Race,67,61,22,14,2:06.814,6 Laps,,6,10,3
2023,17_Road America,Road America,road-america,2023-08-06,202308061010_Race,67,61,23,1,2:06.638,6 Laps,,6,10,3
2023,17_Road America,Road America,road-america,2023-08-06,202308061010_Race,67,61,24,93,2:05.111,6 Laps,,6,10,3
2023,17_Road America,Road America,road-america,2023-08-06,202308061010_Race,67,61,25,70,2:05.590,6 Laps,,6,10,3
2023,17_Road America,Road America,road-america,2023-08-06,202308061010_Race,67,67,26,31,1:55.097,1:29.791,89.791,,10,3
2023,17_Road America,Road America,road-america,2023-08-06,202308061010_Race,67,61,27,3,2:25.559,6 Laps,,6,10,3
2023,17_Road America,Road America,road-america,2023-08-06,202308061010_Race,67,63,28,13,2:01.921,4 Laps,,4,10,3
2023,17_Road America,Road America,road-america,2023-08-06,202308061010_Race,67,61,29,9,2:08.024,6 Laps,,6,10,3
2023,17_Road America,Road America,road-america,2023-08-06,202308061010_Race,67,61,30,4,2:04.881,6 Laps,,6,10,3
2023,17_Road America,Road America,road-america,2023-08-06,202308061010_Race,67,61,31,32,2:05.867,6 Laps,,6,10,3
2023,17_Road America,Road America,road-america,2023-08-06,202308061010_Race,67,61,32,96,2:06.902,6 Laps,,6,10,3
2023,17_Road America,Road America,road-america,2023-08-06,202308061010_Race,67,65,33,52,1:57.916,2 Laps,,2,10,3
2023,17_Road America,Road America,road-america,2023-08-06,202308061010_Race,67,61,34,12,2:06.102,6 Laps,,6,10,3
2023,17_Road America,Road America,road-america,2023-08-06,202308061010_Race,67,61,35,97,2:06.150,6 Laps,,6,10,4
2023,17_Road America,Road America,road-america,2023-08-06,202308061010_Race,67,67,36,6,1:51.519,1:44.702,104.702,,10,4
2023,17_Road America,Road America,road-america,2023-08-06,202308061010_Race,67,61,37,78,2:06.307,6 Laps,,6,10,4
2023,17_Road America,Road America,road-america,2023-08-06,202308061010_Race,67,67,38,59,1:51.338,1:46.204,106.204,,10,4
2023,17_Road America,Road America,road-america,2023-08-06,202308061010_Race,68,68,1,7,1:52.051,,,,10,4
2023,17_Road America,Road America,road-america,2023-08-06,202308061010_Race,68,61,2,27,2:07.921,7 Laps,,7,10,4
2023,17_Road America,Road America,road-america,2023-08-06,202308061010_Race,68,63,3,30,2:00.053,5 Laps,,5,10,4
2023,17_Road America,Road America,road-america,2023-08-06,202308061010_Race,68,68,4,60,1:51.734,4.747,4.747,,10,4
2023,17_Road America,Road America,road-america,2023-08-06,202308061010_Race,68,61,5,91,2:06.068,7 Laps,,7,10,4
2023,17_Road America,Road America,road-america,2023-08-06,202308061010_Race,68,61,6,85,1:59.511,7 Laps,,7,10,4
2023,17_Road America,Road America,road-america,2023-08-06,202308061010_Race,68,65,7,35,1:53.753,3 Laps,,3,10,4
2023,17_Road America,Road America,road-america,2023-08-06,202308061010_Race,68,63,8,17,1:59.096,5 Laps,,5,10,4
2023,17_Road America,Road America,road-america,2023-08-06,202308061010_Race,68,65,9,20,1:53.068,3 Laps,,3,10,4
2023,17_Road America,Road America,road-america,2023-08-06,202308061010_Race,68,65,10,8,1:52.293,3 Laps,,3,10,4
2023,17_Road America,Road America,road-america,2023-08-06,202308061010_Race,68,68,11,10,1:52.279,29.956,29.956,,10,4
2023,17_Road America,Road America,road-america,2023-08-06,202308061010_Race,68,65,12,18,1:52.990,3 Laps,,3,10,4
2023,17_Road America,Road America,road-america,2023-08-06,202308061010_Race,68,61,13,77,2:06.318,7 Laps,,7,10,4
2023,17_Road America,Road America,road-america,2023-08-06,202308061010_Race,68,65,14,11,1:52.439,3 Laps,,3,10,4
2023,17_Road America,Road America,road-america,2023-08-06,202308061010_Race,68,61,15,66,2:06.846,7 Laps,,7,10,4
2023,17_Road America,Road America,road-america,2023-08-06,202308061010_Race,68,65,16,04,1:51.846,3 Laps,,3,10,4
2023,17_Road America,Road America,road-america,2023-08-06,202308061010_Race,68,68,17,01,1:52.130,41.888,41.888,,10,4
2023,17_Road America,Road America,road-america,2023-08-06,202308061010_Race,68,61,18,92,2:06.970,7 Laps,,7,10,4
2023,17_Road America,Road America,road-america,2023-08-06,202308061010_Race,68,68,19,5,1:51.546,1:12.816,72.816,,10,4
2023,17_Road America,Road America,road-america,2023-08-06,202308061010_Race,68,62,20,23,2:06.461,6 Laps,,6,10,4
2023,17_Road America,Road America,road-america,2023-08-06,202308061010_Race,68,61,21,80,2:06.870,7 Laps,,7,10,4
2023,17_Road America,Road America,road-america,2023-08-06,202308061010_Race,68,64,22,74,1:59.119,4 Laps,,4,10,4
2023,17_Road America,Road America,road-america,2023-08-06,202308061010_Race,68,64,23,33,2:00.170,4 Laps,,4,10,4
2023,17_Road America,Road America,road-america,2023-08-06,202308061010_Race,68,62,24,79,2:06.267,6 Laps,,6,10,4
2023,17_Road America,Road America,road-america,2023-08-06,202308061010_Race,68,62,25,14,2:05.900,6 Laps,,6,10,4
2023,17_Road America,Road America,road-america,2023-08-06,202308061010_Race,68,68,26,31,1:52.108,1:29.848,89.848,,10,4
2023,17_Road America,Road America,road-america,2023-08-06,202308061010_Race,68,62,27,1,2:05.986,6 Laps,,6,10,4
2023,17_Road America,Road America,road-america,2023-08-06,202308061010_Race,68,62,28,93,2:05.666,6 Laps,,6,10,4
2023,17_Road America,Road America,road-america,2023-08-06,202308061010_Race,68,64,29,13,2:01.884,4 Laps,,4,10,4
2023,17_Road America,Road America,road-america,2023-08-06,202308061010_Race,68,62,30,70,2:05.729,6 Laps,,6,10,4
2023,17_Road America,Road America,road-america,2023-08-06,202308061010_Race,68,62,31,3,2:05.562,6 Laps,,6,10,4
2023,17_Road America,Road America,road-america,2023-08-06,202308061010_Race,68,62,32,4,2:04.208,6 Laps,,6,10,4
2023,17_Road America,Road America,road-america,2023-08-06,202308061010_Race,68,62,33,9,2:05.332,6 Laps,,6,10,4
2023,17_Road America,Road America,road-america,2023-08-06,202308061010_Race,68,66,34,52,1:55.866,2 Laps,,2,10,4
2023,17_Road America,Road America,road-america,2023-08-06,202308061010_Race,68,68,35,6,1:52.905,1:45.556,105.556,,10,4
2023,17_Road America,Road America,road-america,2023-08-06,202308061010_Race,68,68,36,59,1:52.158,1:46.311,106.311,,10,4
2023,17_Road America,Road America,road-america,2023-08-06,202308061010_Race,69,69,1,7,1:52.136,,,,10,4
2023,17_Road America,Road America,road-america,2023-08-06,202308061010_Race,69,62,2,32,2:06.751,7 Laps,,7,10,4
2023,17_Road America,Road America,road-america,2023-08-06,202308061010_Race,69,62,3,96,2:06.721,7 Laps,,7,10,4
2023,17_Road America,Road America,road-america,2023-08-06,202308061010_Race,69,62,4,12,2:06.552,7 Laps,,7,10,4
2023,17_Road America,Road America,road-america,2023-08-06,202308061010_Race,69,69,5,60,1:52.652,5.263,5.263,,10,4
2023,17_Road America,Road America,road-america,2023-08-06,202308061010_Race,69,62,6,97,2:05.508,7 Laps,,7,10,4
2023,17_Road America,Road America,road-america,2023-08-06,202308061010_Race,69,62,7,78,2:05.941,7 Laps,,7,10,4
2023,17_Road America,Road America,road-america,2023-08-06,202308061010_Race,69,64,8,30,1:59.270,5 Laps,,5,10,4
2023,17_Road America,Road America,road-america,2023-08-06,202308061010_Race,69,62,9,85,1:59.926,7 Laps,,7,10,4
2023,17_Road America,Road America,road-america,2023-08-06,202308061010_Race,69,62,10,27,2:06.976,7 Laps,,7,10,4
2023,17_Road America,Road America,road-america,2023-08-06,202308061010_Race,69,66,11,35,1:55.154,3 Laps,,3,10,4
2023,17_Road America,Road America,road-america,2023-08-06,202308061010_Race,69,66,12,20,1:53.154,3 Laps,,3,10,4
2023,17_Road America,Road America,road-america,2023-08-06,202308061010_Race,69,64,13,17,1:59.606,5 Laps,,5,10,4
2023,17_Road America,Road America,road-america,2023-08-06,202308061010_Race,69,62,14,91,2:06.428,7 Laps,,7,10,4
2023,17_Road America,Road America,road-america,2023-08-06,202308061010_Race,69,66,15,8,1:52.144,3 Laps,,3,10,4
2023,17_Road America,Road America,road-america,2023-08-06,202308061010_Race,69,69,16,10,1:50.274,28.094,28.094,,10,5
2023,17_Road America,Road America,road-america,2023-08-06,202308061010_Race,69,66,17,18,1:52.396,3 Laps,,3,10,5
2023,17_Road America,Road America,road-america,2023-08-06,202308061010_Race,69,66,18,11,1:52.445,3 Laps,,3,10,5
2023,17_Road America,Road America,road-america,2023-08-06,202308061010_Race,69,66,19,04,1:52.487,3 Laps,,3,10,5
2023,17_Road America,Road America,road-america,2023-08-06,202308061010_Race,69,69,20,01,1:52.104,41.856,41.856,,10,5
2023,17_Road America,Road America,road-america,2023-08-06,202308061010_Race,69,62,21,77,2:06.936,7 Laps,,7,10,5
2023,17_Road America,Road America,road-america,2023-08-06,202308061010_Race,69,62,22,66,2:05.513,7 Laps,,7,10,5
2023,17_Road America,Road America,road-america,2023-08-06,202308061010_Race,69,69,23,5,1:50.529,1:11.209,71.209,,10,5
2023,17_Road America,Road America,road-america,2023-08-06,202308061010_Race,69,62,24,92,2:07.161,7 Laps,,7,10,5
2023,17_Road America,Road America,road-america,2023-08-06,202308061010_Race,69,65,25,74,2:01.993,4 Laps,,4,10,5
2023,17_Road America,Road America,road-america,2023-08-06,202308061010_Race,69,63,26,23,2:06.272,6 Laps,,6,10,5
2023,17_Road America,Road America,road-america,2023-08-06,202308061010_Race,69,69,27,31,1:52.629,1:30.341,90.341,,10,5
2023,17_Road America,Road America,road-america,2023-08-06,202308061010_Race,69,65,28,33,2:00.620,4 Laps,,4,10,5
2023,17_Road America,Road America,road-america,2023-08-06,202308061010_Race,69,62,29,80,2:06.850,7 Laps,,7,10,5
2023,17_Road America,Road America,road-america,2023-08-06,202308061010_Race,69,63,30,79,2:06.243,6 Laps,,6,10,5
2023,17_Road America,Road America,road-america,2023-08-06,202308061010_Race,69,63,31,14,2:06.180,6 Laps,,6,10,5
2023,17_Road America,Road America,road-america,2023-08-06,202308061010_Race,69,63,32,1,2:06.097,6 Laps,,6,10,5
2023,17_Road America,Road America,road-america,2023-08-06,202308061010_Race,69,69,33,6,1:54.587,1:48.007,108.007,,10,5
2023,17_Road America,Road America,road-america,2023-08-06,202308061010_Race,69,69,34,59,1:54.235,1:48.410,108.410,,10,5
2023,17_Road America,Road America,road-america,2023-08-06,202308061010_Race,69,65,35,13,2:00.377,4 Laps,,4,10,5
2023,17_Road America,Road America,road-america,2023-08-06,202308061010_Race,69,67,36,52,1:59.146,2 Laps,,2,10,5
2023,17_Road America,Road America,road-america,2023-08-06,202308061010_Race,69,63,37,93,2:06.170,6 Laps,,6,10,5
2023,17_Road America,Road America,road-america,2023-08-06,202308061010_Race,70,70,1,7,1:54.600,,,,10,5
2023,17_Road America,Road America,road-america,2023-08-06,202308061010_Race,70,63,2,70,2:05.710,7 Laps,,7,10,5
2023,17_Road America,Road America,road-america,2023-08-06,202308061010_Race,70,63,3,3,2:05.969,7 Laps,,7,10,5
2023,17_Road America,Road America,road-america,2023-08-06,202308061010_Race,70,63,4,4,2:04.962,7 Laps,,7,10,5
2023,17_Road America,Road America,road-america,2023-08-06,202308061010_Race,70,70,5,60,1:53.246,3.909,3.909,,10,5
2023,17_Road America,Road America,road-america,2023-08-06,202308061010_Race,70,63,6,9,2:07.580,7 Laps,,7,10,5
2023,17_Road America,Road America,road-america,2023-08-06,202308061010_Race,70,63,7,32,2:06.018,7 Laps,,7,10,5
2023,17_Road America,Road America,road-america,2023-08-06,202308061010_Race,70,63,8,96,2:06.261,7 Laps,,7,10,5
2023,17_Road America,Road America,road-america,2023-08-06,202308061010_Race,70,63,9,12,2:06.213,7 Laps,,7,10,5
2023,17_Road America,Road America,road-america,2023-08-06,202308061010_Race,70,65,10,30,2:00.511,5 Laps,,5,10,5
2023,17_Road America,Road America,road-america,2023-08-06,202308061010_Race,70,63,11,97,2:05.529,7 Laps,,7,10,5
2023,17_Road America,Road America,road-america,2023-08-06,202308061010_Race,70,63,12,78,2:05.257,7 Laps,,7,10,5
2023,17_Road America,Road America,road-america,2023-08-06,202308061010_Race,70,67,13,35,1:54.677,3 Laps,,3,10,5
2023,17_Road America,Road America,road-america,2023-08-06,202308061010_Race,70,67,14,20,1:54.566,3 Laps,,3,10,5
2023,17_Road America,Road America,road-america,2023-08-06,202308061010_Race,70,63,15,85,2:00.151,7 Laps,,7,10,5
2023,17_Road America,Road America,road-america,2023-08-06,202308061010_Race,70,67,16,8,1:56.009,3 Laps,,3,10,5
2023,17_Road America,Road America,road-america,2023-08-06,202308061010_Race,70,70,17,10,1:52.626,26.120,26.120,,10,5
2023,17_Road America,Road America,road-america,2023-08-06,202308061010_Race,70,63,18,27,2:06.726,7 Laps,,7,10,5
2023,17_Road America,Road America,road-america,2023-08-06,202308061010_Race,70,65,19,17,2:01.937,5 Laps,,5,10,5
2023,17_Road America,Road America,road-america,2023-08-06,202308061010_Race,70,67,20,18,1:53.000,3 Laps,,3,10,5
2023,17_Road America,Road America,road-america,2023-08-06,202308061010_Race,70,67,21,11,1:52.824,3 Laps,,3,10,5
2023,17_Road America,Road America,road-america,2023-08-06,202308061010_Race,70,63,22,91,2:06.642,7 Laps,,7,10,5
2023,17_Road America,Road America,road-america,2023-08-06,202308061010_Race,70,67,23,04,1:52.002,3 Laps,,3,10,5
2023,17_Road America,Road America,road-america,2023-08-06,202308061010_Race,70,70,24,01,1:51.051,38.307,38.307,,10,5
2023,17_Road America,Road America,road-america,2023-08-06,202308061010_Race,70,63,25,77,2:06.298,7 Laps,,7,10,5
2023,17_Road America,Road America,road-america,2023-08-06,202308061010_Race,70,63,26,66,2:05.919,7 Laps,,7,10,5
2023,17_Road America,Road America,road-america,2023-08-06,202308061010_Race,70,70,27,5,1:50.238,1:06.847,66.847,,10,5
2023,17_Road America,Road America,road-america,2023-08-06,202308061010_Race,70,70,28,31,1:51.816,1:27.557,87.557,,10,5
2023,17_Road America,Road America,road-america,2023-08-06,202308061010_Race,70,66,29,74,2:00.023,4 Laps,,4,10,5
2023,17_Road America,Road America,road-america,2023-08-06,202308061010_Race,70,66,30,33,2:00.860,4 Laps,,4,10,5
2023,17_Road America,Road America,road-america,2023-08-06,202308061010_Race,70,63,31,92,2:08.249,7 Laps,,7,10,5
2023,17_Road America,Road America,road-america,2023-08-06,202308061010_Race,70,64,32,23,2:06.790,6 Laps,,6,10,5
2023,17_Road America,Road America,road-america,2023-08-06,202308061010_Race,70,63,33,80,2:05.763,7 Laps,,7,10,5
2023,17_Road America,Road America,road-america,2023-08-06,202308061010_Race,70,70,34,6,1:52.307,1:45.714,105.714,,10,5
2023,17_Road America,Road America,road-america,2023-08-06,202308061010_Race,70,70,35,59,1:52.751,1:46.561,106.561,,10,5
2023,17_Road America,Road America,road-america,2023-08-06,202308061010_Race,71,71,1,7,1:53.917,,,,11,1
2023,17_Road America,Road America,road-america,2023-08-06,202308061010_Race,71,64,2,79,2:06.438,7 Laps,,7,11,1
2023,17_Road America,Road America,road-america,2023-08-06,202308061010_Race,71,68,3,52,1:57.406,3 Laps,,3,11,1
2023,17_Road America,Road America,road-america,2023-08-06,202308061010_Race,71,64,4,14,2:06.670,7 Laps,,7,11,1
2023,17_Road America,Road America,road-america,2023-08-06,202308061010_Race,71,71,5,60,1:51.878,1.870,1.870,,11,1
2023,17_Road America,Road America,road-america,2023-08-06,202308061010_Race,71,66,6,13,2:02.057,5 Laps,,5,11,1
2023,17_Road America,Road America,road-america,2023-08-06,202308061010_Race,71,64,7,1,2:07.478,7 Laps,,7,11,1
2023,17_Road America,Road America,road-america,2023-08-06,202308061010_Race,71,64,8,93,2:05.726,7 Laps,,7,11,1
2023,17_Road America,Road America,road-america,2023-08-06,202308061010_Race,71,64,9,70,2:05.004,7 Laps,,7,11,1
2023,17_Road America,Road America,road-america,2023-08-06,202308061010_Race,71,64,10,4,2:03.721,7 Laps,,7,11,1
2023,17_Road America,Road America,road-america,2023-08-06,202308061010_Race,71,64,11,3,2:06.703,7 Laps,,7,11,1
2023,17_Road America,Road America,road-america,2023-08-06,202308061010_Race,71,64,12,9,2:05.395,7 Laps,,7,11,1
2023,17_Road America,Road America,road-america,2023-08-06,202308061010_Race,71,68,13,35,1:57.199,3 Laps,,3,11,1
2023,17_Road America,Road America,road-america,2023-08-06,202308061010_Race,71,66,14,30,2:01.832,5 Laps,,5,11,1
2023,17_Road America,Road America,road-america,2023-08-06,202308061010_Race,71,64,15,32,2:06.779,7 Laps,,7,11,1
2023,17_Road America,Road America,road-america,2023-08-06,202308061010_Race,71,68,16,20,1:56.429,3 Laps,,3,11,1
2023,17_Road America,Road America,road-america,2023-08-06,202308061010_Race,71,71,17,10,1:55.037,27.240,27.240,,11,1
2023,17_Road America,Road America,road-america,2023-08-06,202308061010_Race,71,68,18,8,1:56.636,3 Laps,,3,11,1
2023,17_Road America,Road America,road-america,2023-08-06,202308061010_Race,71,64,19,96,2:07.198,7 Laps,,7,11,1
2023,17_Road America,Road America,road-america,2023-08-06,202308061010_Race,71,64,20,12,2:07.944,7 Laps,,7,11,1
2023,17_Road America,Road America,road-america,2023-08-06,202308061010_Race,71,64,21,85,2:01.267,7 Laps,,7,11,1
2023,17_Road America,Road America,road-america,2023-08-06,202308061010_Race,71,64,22,78,2:07.290,7 Laps,,7,11,1
2023,17_Road America,Road America,road-america,2023-08-06,202308061010_Race,71,64,23,97,2:08.402,7 Laps,,7,11,1
2023,17_Road America,Road America,road-america,2023-08-06,202308061010_Race,71,68,24,18,1:53.340,3 Laps,,3,11,1
2023,17_Road America,Road America,road-america,2023-08-06,202308061010_Race,71,68,25,11,1:54.720,3 Laps,,3,11,1
2023,17_Road America,Road America,road-america,2023-08-06,202308061010_Race,71,71,26,01,1:53.842,38.232,38.232,,11,1
2023,17_Road America,Road America,road-america,2023-08-06,202308061010_Race,71,66,27,17,2:01.873,5 Laps,,5,11,1
2023,17_Road America,Road America,road-america,2023-08-06,202308061010_Race,71,68,28,04,1:56.847,3 Laps,,3,11,1
2023,17_Road America,Road America,road-america,2023-08-06,202308061010_Race,71,64,29,27,2:06.741,7 Laps,,7,11,1
2023,17_Road America,Road America,road-america,2023-08-06,202308061010_Race,71,64,30,91,2:05.591,7 Laps,,7,11,1
2023,17_Road America,Road America,road-america,2023-08-06,202308061010_Race,71,71,31,5,1:50.090,1:03.020,63.020,,11,1
2023,17_Road America,Road America,road-america,2023-08-06,202308061010_Race,71,64,32,77,2:06.202,7 Laps,,7,11,1
2023,17_Road America,Road America,road-america,2023-08-06,202308061010_Race,71,64,33,66,2:05.952,7 Laps,,7,11,1
2023,17_Road America,Road America,road-america,2023-08-06,202308061010_Race,71,71,34,31,1:51.137,1:24.777,84.777,,11,1
2023,17_Road America,Road America,road-america,2023-08-06,202308061010_Race,71,67,35,74,1:59.289,4 Laps,,4,11,1
2023,17_Road America,Road America,road-america,2023-08-06,202308061010_Race,71,67,36,33,2:00.104,4 Laps,,4,11,1
2023,17_Road America,Road America,road-america,2023-08-06,202308061010_Race,71,71,37,6,1:52.616,1:44.413,104.413,,11,1
2023,17_Road America,Road America,road-america,2023-08-06,202308061010_Race,71,71,38,59,1:52.477,1:45.121,105.121,,11,1
2023,17_Road America,Road America,road-america,2023-08-06,202308061010_Race,71,64,39,92,2:07.457,7 Laps,,7,11,1
2023,17_Road America,Road America,road-america,2023-08-06,202308061010_Race,72,72,1,7,1:51.636,,,,11,1
2023,17_Road America,Road America,road-america,2023-08-06,202308061010_Race,72,72,2,60,1:51.970,2.204,2.204,,11,1
2023,17_Road America,Road America,road-america,2023-08-06,202308061010_Race,72,64,3,80,2:06.216,8 Laps,,8,11,1
2023,17_Road America,Road America,road-america,2023-08-06,202308061010_Race,72,65,4,23,2:08.114,7 Laps,,7,11,1
2023,17_Road America,Road America,road-america,2023-08-06,202308061010_Race,72,69,5,52,1:55.184,3 Laps,,3,11,1
2023,17_Road America,Road America,road-america,2023-08-06,202308061010_Race,72,67,6,13,2:01.057,5 Laps,,5,11,1
2023,17_Road America,Road America,road-america,2023-08-06,202308061010_Race,72,65,7,14,2:06.675,7 Laps,,7,11,1
2023,17_Road America,Road America,road-america,2023-08-06,202308061010_Race,72,65,8,79,2:08.336,7 Laps,,7,11,1
2023,17_Road America,Road America,road-america,2023-08-06,202308061010_Race,72,65,9,1,2:06.336,7 Laps,,7,11,1
2023,17_Road America,Road America,road-america,2023-08-06,202308061010_Race,72,65,10,93,2:05.125,7 Laps,,7,11,1
2023,17_Road America,Road America,road-america,2023-08-06,202308061010_Race,72,65,11,4,2:03.786,7 Laps,,7,11,1
2023,17_Road America,Road America,road-america,2023-08-06,202308061010_Race,72,69,12,35,1:55.177,3 Laps,,3,11,1
2023,17_Road America,Road America,road-america,2023-08-06,202308061010_Race,72,65,13,70,2:05.741,7 Laps,,7,11,1
2023,17_Road America,Road America,road-america,2023-08-06,202308061010_Race,72,72,14,10,1:54.489,30.093,30.093,,11,1
2023,17_Road America,Road America,road-america,2023-08-06,202308061010_Race,72,65,15,3,2:05.570,7 Laps,,7,11,1
2023,17_Road America,Road America,road-america,2023-08-06,202308061010_Race,72,69,16,8,1:55.122,3 Laps,,3,11,1
2023,17_Road America,Road America,road-america,2023-08-06,202308061010_Race,72,69,17,20,1:57.743,3 Laps,,3,11,2
2023,17_Road America,Road America,road-america,2023-08-06,202308061010_Race,72,65,18,9,2:06.399,7 Laps,,7,11,2
2023,17_Road America,Road America,road-america,2023-08-06,202308061010_Race,72,67,19,30,2:00.272,5 Laps,,5,11,2
2023,17_Road America,Road America,road-america,2023-08-06,202308061010_Race,72,65,20,32,2:06.555,7 Laps,,7,11,2
2023,17_Road America,Road America,road-america,2023-08-06,202308061010_Race,72,69,21,18,1:59.824,3 Laps,,3,11,2
2023,17_Road America,Road America,road-america,2023-08-06,202308061010_Race,72,69,22,11,1:58.314,3 Laps,,3,11,2
2023,17_Road America,Road America,road-america,2023-08-06,202308061010_Race,72,72,23,01,1:56.948,43.544,43.544,,11,2
2023,17_Road America,Road America,road-america,2023-08-06,202308061010_Race,72,65,24,96,2:07.432,7 Laps,,7,11,2
2023,17_Road America,Road America,road-america,2023-08-06,202308061010_Race,72,69,25,04,1:58.343,3 Laps,,3,11,2
2023,17_Road America,Road America,road-america,2023-08-06,202308061010_Race,72,65,26,85,2:06.751,7 Laps,,7,11,2
2023,17_Road America,Road America,road-america,2023-08-06,202308061010_Race,72,65,27,78,2:07.388,7 Laps,,7,11,2
2023,17_Road America,Road America,road-america,2023-08-06,202308061010_Race,72,65,28,12,2:09.421,7 Laps,,7,11,2
2023,17_Road America,Road America,road-america,2023-08-06,202308061010_Race,72,67,29,17,2:01.149,5 Laps,,5,11,2
2023,17_Road America,Road America,road-america,2023-08-06,202308061010_Race,72,65,30,97,2:08.847,7 Laps,,7,11,2
2023,17_Road America,Road America,road-america,2023-08-06,202308061010_Race,72,65,31,27,2:07.322,7 Laps,,7,11,2
2023,17_Road America,Road America,road-america,2023-08-06,202308061010_Race,72,72,32,5,1:50.178,1:01.562,61.562,,11,2
2023,17_Road America,Road America,road-america,2023-08-06,202308061010_Race,72,65,33,91,2:06.168,7 Laps,,7,11,2
2023,17_Road America,Road America,road-america,2023-08-06,202308061010_Race,72,72,34,31,1:53.292,1:26.433,86.433,,11,2
2023,17_Road America,Road America,road-america,2023-08-06,202308061010_Race,72,65,35,66,2:06.795,7 Laps,,7,11,2
2023,17_Road America,Road America,road-america,2023-08-06,202308061010_Race,72,65,36,77,2:08.768,7 Laps,,7,11,2
2023,17_Road America,Road America,road-america,2023-08-06,202308061010_Race,72,72,37,6,1:52.336,1:45.113,105.113,,11,2
2023,17_Road America,Road America,road-america,2023-08-06,202308061010_Race,72,72,38,59,1:52.221,1:45.706,105.706,,11,2
2023,17_Road America,Road America,road-america,2023-08-06,202308061010_Race,72,68,39,74,2:01.416,4 Laps,,4,11,2
2023,17_Road America,Road America,road-america,2023-08-06,202308061010_Race,73,73,1,7,1:50.676,,,,11,2
2023,17_Road America,Road America,road-america,2023-08-06,202308061010_Race,73,73,2,60,1:50.941,2.469,2.469,,11,2
2023,17_Road America,Road America,road-america,2023-08-06,202308061010_Race,73,68,3,33,2:01.484,5 Laps,,5,11,2
2023,17_Road America,Road America,road-america,2023-08-06,202308061010_Race,73,70,4,52,1:57.216,3 Laps,,3,11,2
2023,17_Road America,Road America,road-america,2023-08-06,202308061010_Race,73,65,5,92,2:07.308,8 Laps,,8,11,2
2023,17_Road America,Road America,road-america,2023-08-06,202308061010_Race,73,65,6,80,2:05.455,8 Laps,,8,11,2
2023,17_Road America,Road America,road-america,2023-08-06,202308061010_Race,73,66,7,23,2:06.134,7 Laps,,7,11,2
2023,17_Road America,Road America,road-america,2023-08-06,202308061010_Race,73,68,8,13,1:59.442,5 Laps,,5,11,2
2023,17_Road America,Road America,road-america,2023-08-06,202308061010_Race,73,70,9,35,1:56.231,3 Laps,,3,11,2
2023,17_Road America,Road America,road-america,2023-08-06,202308061010_Race,73,66,10,14,2:05.849,7 Laps,,7,11,2
2023,17_Road America,Road America,road-america,2023-08-06,202308061010_Race,73,66,11,1,2:06.037,7 Laps,,7,11,2
2023,17_Road America,Road America,road-america,2023-08-06,202308061010_Race,73,73,12,10,1:54.004,33.421,33.421,,11,2
2023,17_Road America,Road America,road-america,2023-08-06,202308061010_Race,73,70,13,8,1:54.652,3 Laps,,3,11,2
2023,17_Road America,Road America,road-america,2023-08-06,202308061010_Race,73,66,14,4,2:05.486,7 Laps,,7,11,2
2023,17_Road America,Road America,road-america,2023-08-06,202308061010_Race,73,66,15,70,2:06.056,7 Laps,,7,11,2
2023,17_Road America,Road America,road-america,2023-08-06,202308061010_Race,73,68,16,30,2:01.478,5 Laps,,5,11,2
2023,17_Road America,Road America,road-america,2023-08-06,202308061010_Race,73,70,17,18,1:54.156,3 Laps,,3,11,2
2023,17_Road America,Road America,road-america,2023-08-06,202308061010_Race,73,66,18,3,2:06.117,7 Laps,,7,11,2
2023,17_Road America,Road America,road-america,2023-08-06,202308061010_Race,73,73,19,01,1:52.986,45.854,45.854,,11,2
2023,17_Road America,Road America,road-america,2023-08-06,202308061010_Race,73,70,20,11,1:55.451,3 Laps,,3,11,2
2023,17_Road America,Road America,road-america,2023-08-06,202308061010_Race,73,66,21,9,2:06.325,7 Laps,,7,11,2
2023,17_Road America,Road America,road-america,2023-08-06,202308061010_Race,73,70,22,04,1:53.231,3 Laps,,3,11,2
2023,17_Road America,Road America,road-america,2023-08-06,202308061010_Race,73,66,23,79,2:22.157,7 Laps,,7,11,2
2023,17_Road America,Road America,road-america,2023-08-06,202308061010_Race,73,70,24,20,2:12.501,3 Laps,,3,11,2
2023,17_Road America,Road America,road-america,2023-08-06,202308061010_Race,73,66,25,93,2:21.055,7 Laps,,7,11,2
2023,17_Road America,Road America,road-america,2023-08-06,202308061010_Race,73,66,26,32,2:06.843,7 Laps,,7,11,2
2023,17_Road America,Road America,road-america,2023-08-06,202308061010_Race,73,66,27,85,2:04.281,7 Laps,,7,11,2
2023,17_Road America,Road America,road-america,2023-08-06,202308061010_Race,73,68,28,17,2:03.313,5 Laps,,5,11,2
2023,17_Road America,Road America,road-america,2023-08-06,202308061010_Race,73,66,29,96,2:07.364,7 Laps,,7,11,2
2023,17_Road America,Road America,road-america,2023-08-06,202308061010_Race,73,66,30,78,2:05.806,7 Laps,,7,11,2
2023,17_Road America,Road America,road-america,2023-08-06,202308061010_Race,73,73,31,5,1:51.846,1:02.732,62.732,,11,2
2023,17_Road America,Road America,road-america,2023-08-06,202308061010_Race,73,66,32,12,2:06.299,7 Laps,,7,11,2
2023,17_Road America,Road America,road-america,2023-08-06,202308061010_Race,73,66,33,97,2:06.164,7 Laps,,7,11,2
2023,17_Road America,Road America,road-america,2023-08-06,202308061010_Race,73,66,34,27,2:06.030,7 Laps,,7,11,2
2023,17_Road America,Road America,road-america,2023-08-06,202308061010_Race,73,66,35,91,2:05.826,7 Laps,,7,11,3
2023,17_Road America,Road America,road-america,2023-08-06,202308061010_Race,73,73,36,31,1:51.140,1:26.897,86.897,,11,3
2023,17_Road America,Road America,road-america,2023-08-06,202308061010_Race,73,73,37,6,1:50.708,1:45.145,105.145,,11,3
2023,17_Road America,Road America,road-america,2023-08-06,202308061010_Race,73,66,38,66,2:05.458,7 Laps,,7,11,3
2023,17_Road America,Road America,road-america,2023-08-06,202308061010_Race,73,73,39,59,1:51.123,1:46.153,106.153,,11,3
2023,17_Road America,Road America,road-america,2023-08-06,202308061010_Race,73,66,40,77,2:06.904,7 Laps,,7,11,3
2023,17_Road America,Road America,road-america,2023-08-06,202308061010_Race,74,74,1,7,1:50.695,,,,11,3
2023,17_Road America,Road America,road-america,2023-08-06,202308061010_Race,74,74,2,60,1:50.315,2.089,2.089,,11,3
2023,17_Road America,Road America,road-america,2023-08-06,202308061010_Race,74,69,3,74,1:59.591,5 Laps,,5,11,3
2023,17_Road America,Road America,road-america,2023-08-06,202308061010_Race,74,69,4,33,2:00.807,5 Laps,,5,11,3
2023,17_Road America,Road America,road-america,2023-08-06,202308061010_Race,74,71,5,52,1:53.276,3 Laps,,3,11,3
2023,17_Road America,Road America,road-america,2023-08-06,202308061010_Race,74,69,6,13,2:02.924,5 Laps,,5,11,3
2023,17_Road America,Road America,road-america,2023-08-06,202308061010_Race,74,66,7,92,2:07.477,8 Laps,,8,11,3
2023,17_Road America,Road America,road-america,2023-08-06,202308061010_Race,74,66,8,80,2:06.126,8 Laps,,8,11,3
2023,17_Road America,Road America,road-america,2023-08-06,202308061010_Race,74,71,9,35,1:54.143,3 Laps,,3,11,3
2023,17_Road America,Road America,road-america,2023-08-06,202308061010_Race,74,74,10,10,1:52.317,35.043,35.043,,11,3
2023,17_Road America,Road America,road-america,2023-08-06,202308061010_Race,74,67,11,23,2:06.697,7 Laps,,7,11,3
2023,17_Road America,Road America,road-america,2023-08-06,202308061010_Race,74,71,12,8,1:52.263,3 Laps,,3,11,3
2023,17_Road America,Road America,road-america,2023-08-06,202308061010_Race,74,67,13,14,2:06.282,7 Laps,,7,11,3
2023,17_Road America,Road America,road-america,2023-08-06,202308061010_Race,74,67,14,1,2:05.536,7 Laps,,7,11,3
2023,17_Road America,Road America,road-america,2023-08-06,202308061010_Race,74,74,15,01,1:53.554,48.713,48.713,,11,3
2023,17_Road America,Road America,road-america,2023-08-06,202308061010_Race,74,71,16,18,1:58.956,3 Laps,,3,11,3
2023,17_Road America,Road America,road-america,2023-08-06,202308061010_Race,74,71,17,11,1:57.125,3 Laps,,3,11,3
2023,17_Road America,Road America,road-america,2023-08-06,202308061010_Race,74,71,18,04,1:56.161,3 Laps,,3,11,3
2023,17_Road America,Road America,road-america,2023-08-06,202308061010_Race,74,67,19,4,2:04.590,7 Laps,,7,11,3
2023,17_Road America,Road America,road-america,2023-08-06,202308061010_Race,74,69,20,30,2:03.584,5 Laps,,5,11,3
2023,17_Road America,Road America,road-america,2023-08-06,202308061010_Race,74,67,21,70,2:05.998,7 Laps,,7,11,3
2023,17_Road America,Road America,road-america,2023-08-06,202308061010_Race,74,67,22,3,2:05.809,7 Laps,,7,11,3
2023,17_Road America,Road America,road-america,2023-08-06,202308061010_Race,74,67,23,9,2:05.890,7 Laps,,7,11,3
2023,17_Road America,Road America,road-america,2023-08-06,202308061010_Race,74,74,24,5,1:53.108,1:05.145,65.145,,11,3
2023,17_Road America,Road America,road-america,2023-08-06,202308061010_Race,74,69,25,17,2:01.125,5 Laps,,5,11,3
2023,17_Road America,Road America,road-america,2023-08-06,202308061010_Race,74,67,26,32,2:06.396,7 Laps,,7,11,3
2023,17_Road America,Road America,road-america,2023-08-06,202308061010_Race,74,67,27,85,2:03.077,7 Laps,,7,11,3
2023,17_Road America,Road America,road-america,2023-08-06,202308061010_Race,74,67,28,96,2:07.021,7 Laps,,7,11,3
2023,17_Road America,Road America,road-america,2023-08-06,202308061010_Race,74,67,29,78,2:06.706,7 Laps,,7,11,3
2023,17_Road America,Road America,road-america,2023-08-06,202308061010_Race,74,67,30,12,2:05.945,7 Laps,,7,11,3
2023,17_Road America,Road America,road-america,2023-08-06,202308061010_Race,74,67,31,97,2:05.885,7 Laps,,7,11,3
2023,17_Road America,Road America,road-america,2023-08-06,202308061010_Race,74,67,32,27,2:05.850,7 Laps,,7,11,3
2023,17_Road America,Road America,road-america,2023-08-06,202308061010_Race,74,74,33,31,1:54.692,1:30.894,90.894,,11,3
2023,17_Road America,Road America,road-america,2023-08-06,202308061010_Race,74,67,34,91,2:05.944,7 Laps,,7,11,3
2023,17_Road America,Road America,road-america,2023-08-06,202308061010_Race,74,67,35,79,2:35.922,7 Laps,,7,11,3
2023,17_Road America,Road America,road-america,2023-08-06,202308061010_Race,74,71,36,20,2:33.727,3 Laps,,3,11,3
2023,17_Road America,Road America,road-america,2023-08-06,202308061010_Race,74,67,37,93,2:35.895,7 Laps,,7,11,3
2023,17_Road America,Road America,road-america,2023-08-06,202308061010_Race,74,74,38,6,1:50.044,1:44.494,104.494,,11,3
2023,17_Road America,Road America,road-america,2023-08-06,202308061010_Race,74,74,39,59,1:50.703,1:46.161,106.161,,11,3
2023,17_Road America,Road America,road-america,2023-08-06,202308061010_Race,75,75,1,7,1:51.123,,,,11,3
2023,17_Road America,Road America,road-america,2023-08-06,202308061010_Race,75,75,2,60,1:50.760,1.726,1.726,,11,3
2023,17_Road America,Road America,road-america,2023-08-06,202308061010_Race,75,67,3,66,2:06.596,8 Laps,,8,11,3
2023,17_Road America,Road America,road-america,2023-08-06,202308061010_Race,75,67,4,77,2:07.538,8 Laps,,8,11,3
2023,17_Road America,Road America,road-america,2023-08-06,202308061010_Race,75,70,5,74,1:59.483,5 Laps,,5,11,3
2023,17_Road America,Road America,road-america,2023-08-06,202308061010_Race,75,72,6,52,1:54.364,3 Laps,,3,11,3
2023,17_Road America,Road America,road-america,2023-08-06,202308061010_Race,75,70,7,33,2:00.724,5 Laps,,5,11,3
2023,17_Road America,Road America,road-america,2023-08-06,202308061010_Race,75,75,8,10,1:51.610,35.530,35.530,,11,3
2023,17_Road America,Road America,road-america,2023-08-06,202308061010_Race,75,72,9,35,1:56.687,3 Laps,,3,11,3
2023,17_Road America,Road America,road-america,2023-08-06,202308061010_Race,75,72,10,8,1:54.912,3 Laps,,3,11,3
2023,17_Road America,Road America,road-america,2023-08-06,202308061010_Race,75,70,11,13,2:01.891,5 Laps,,5,11,4
2023,17_Road America,Road America,road-america,2023-08-06,202308061010_Race,75,67,12,80,2:06.323,8 Laps,,8,11,4
2023,17_Road America,Road America,road-america,2023-08-06,202308061010_Race,75,75,13,01,1:52.306,49.896,49.896,,11,4
2023,17_Road America,Road America,road-america,2023-08-06,202308061010_Race,75,67,14,92,2:08.954,8 Laps,,8,11,4
2023,17_Road America,Road America,road-america,2023-08-06,202308061010_Race,75,68,15,23,2:06.020,7 Laps,,7,11,4
2023,17_Road America,Road America,road-america,2023-08-06,202308061010_Race,75,72,16,18,1:55.216,3 Laps,,3,11,4
2023,17_Road America,Road America,road-america,2023-08-06,202308061010_Race,75,72,17,11,1:56.077,3 Laps,,3,11,4
2023,17_Road America,Road America,road-america,2023-08-06,202308061010_Race,75,72,18,04,1:57.880,3 Laps,,3,11,4
2023,17_Road America,Road America,road-america,2023-08-06,202308061010_Race,75,68,19,14,2:06.586,7 Laps,,7,11,4
2023,17_Road America,Road America,road-america,2023-08-06,202308061010_Race,75,68,20,1,2:06.742,7 Laps,,7,11,4
2023,17_Road America,Road America,road-america,2023-08-06,202308061010_Race,75,70,21,30,1:59.209,5 Laps,,5,11,4
2023,17_Road America,Road America,road-america,2023-08-06,202308061010_Race,75,75,22,5,1:52.489,1:06.511,66.511,,11,4
2023,17_Road America,Road America,road-america,2023-08-06,202308061010_Race,75,68,23,4,2:03.764,7 Laps,,7,11,4
2023,17_Road America,Road America,road-america,2023-08-06,202308061010_Race,75,68,24,70,2:04.722,7 Laps,,7,11,4
2023,17_Road America,Road America,road-america,2023-08-06,202308061010_Race,75,68,25,3,2:05.860,7 Laps,,7,11,4
2023,17_Road America,Road America,road-america,2023-08-06,202308061010_Race,75,68,26,9,2:06.254,7 Laps,,7,11,4
2023,17_Road America,Road America,road-america,2023-08-06,202308061010_Race,75,70,27,17,1:59.568,5 Laps,,5,11,4
2023,17_Road America,Road America,road-america,2023-08-06,202308061010_Race,75,68,28,85,2:02.211,7 Laps,,7,11,4
2023,17_Road America,Road America,road-america,2023-08-06,202308061010_Race,75,68,29,32,2:07.019,7 Laps,,7,11,4
2023,17_Road America,Road America,road-america,2023-08-06,202308061010_Race,75,75,30,31,1:53.481,1:33.252,93.252,,11,4
2023,17_Road America,Road America,road-america,2023-08-06,202308061010_Race,75,68,31,78,2:06.824,7 Laps,,7,11,4
2023,17_Road America,Road America,road-america,2023-08-06,202308061010_Race,75,68,32,12,2:06.336,7 Laps,,7,11,4
2023,17_Road America,Road America,road-america,2023-08-06,202308061010_Race,75,68,33,96,2:07.582,7 Laps,,7,11,4
2023,17_Road America,Road America,road-america,2023-08-06,202308061010_Race,75,68,34,97,2:06.214,7 Laps,,7,11,4
2023,17_Road America,Road America,road-america,2023-08-06,202308061010_Race,75,72,35,20,1:53.727,3 Laps,,3,11,4
2023,17_Road America,Road America,road-america,2023-08-06,202308061010_Race,75,68,36,27,2:06.242,7 Laps,,7,11,4
2023,17_Road America,Road America,road-america,2023-08-06,202308061010_Race,75,75,37,6,1:53.241,1:46.612,106.612,,11,4
2023,17_Road America,Road America,road-america,2023-08-06,202308061010_Race,75,75,38,59,1:52.453,1:47.491,107.491,,11,4
2023,17_Road America,Road America,road-america,2023-08-06,202308061010_Race,75,68,39,79,2:06.761,7 Laps,,7,11,4
2023,17_Road America,Road America,road-america,2023-08-06,202308061010_Race,75,68,40,91,2:09.755,7 Laps,,7,11,4
2023,17_Road America,Road America,road-america,2023-08-06,202308061010_Race,76,76,1,7,1:51.058,,,,11,4
2023,17_Road America,Road America,road-america,2023-08-06,202308061010_Race,76,76,2,60,1:51.432,2.100,2.100,,11,4
2023,17_Road America,Road America,road-america,2023-08-06,202308061010_Race,76,68,3,93,2:06.748,8 Laps,,8,11,4
2023,17_Road America,Road America,road-america,2023-08-06,202308061010_Race,76,73,4,52,1:55.060,3 Laps,,3,11,4
2023,17_Road America,Road America,road-america,2023-08-06,202308061010_Race,76,68,5,66,2:06.795,8 Laps,,8,11,4
2023,17_Road America,Road America,road-america,2023-08-06,202308061010_Race,76,71,6,74,2:00.155,5 Laps,,5,11,4
2023,17_Road America,Road America,road-america,2023-08-06,202308061010_Race,76,68,7,77,2:08.616,8 Laps,,8,11,4
2023,17_Road America,Road America,road-america,2023-08-06,202308061010_Race,76,71,8,33,2:02.171,5 Laps,,5,11,4
2023,17_Road America,Road America,road-america,2023-08-06,202308061010_Race,76,76,9,10,1:50.326,34.798,34.798,,11,4
2023,17_Road America,Road America,road-america,2023-08-06,202308061010_Race,76,73,10,35,1:53.335,3 Laps,,3,11,4
2023,17_Road America,Road America,road-america,2023-08-06,202308061010_Race,76,73,11,8,1:53.333,3 Laps,,3,11,4
2023,17_Road America,Road America,road-america,2023-08-06,202308061010_Race,76,76,12,01,1:52.075,50.913,50.913,,11,4
2023,17_Road America,Road America,road-america,2023-08-06,202308061010_Race,76,71,13,13,2:01.200,5 Laps,,5,11,4
2023,17_Road America,Road America,road-america,2023-08-06,202308061010_Race,76,73,14,18,1:54.959,3 Laps,,3,11,4
2023,17_Road America,Road America,road-america,2023-08-06,202308061010_Race,76,73,15,11,1:56.472,3 Laps,,3,11,4
2023,17_Road America,Road America,road-america,2023-08-06,202308061010_Race,76,68,16,80,2:06.937,8 Laps,,8,11,4
2023,17_Road America,Road America,road-america,2023-08-06,202308061010_Race,76,69,17,23,2:06.433,7 Laps,,7,11,4
2023,17_Road America,Road America,road-america,2023-08-06,202308061010_Race,76,73,18,04,1:56.834,3 Laps,,3,11,4
2023,17_Road America,Road America,road-america,2023-08-06,202308061010_Race,76,76,19,5,1:52.318,1:07.771,67.771,,11,4
2023,17_Road America,Road America,road-america,2023-08-06,202308061010_Race,76,68,20,92,2:09.322,8 Laps,,8,11,4
2023,17_Road America,Road America,road-america,2023-08-06,202308061010_Race,76,71,21,30,2:00.223,5 Laps,,5,11,4
2023,17_Road America,Road America,road-america,2023-08-06,202308061010_Race,76,69,22,14,2:06.619,7 Laps,,7,11,4
2023,17_Road America,Road America,road-america,2023-08-06,202308061010_Race,76,69,23,1,2:06.616,7 Laps,,7,11,4
2023,17_Road America,Road America,road-america,2023-08-06,202308061010_Race,76,69,24,4,2:04.028,7 Laps,,7,11,4
2023,17_Road America,Road America,road-america,2023-08-06,202308061010_Race,76,69,25,70,2:04.311,7 Laps,,7,11,4
2023,17_Road America,Road America,road-america,2023-08-06,202308061010_Race,76,71,26,17,1:59.472,5 Laps,,5,11,4
2023,17_Road America,Road America,road-america,2023-08-06,202308061010_Race,76,69,27,3,2:06.005,7 Laps,,7,11,4
2023,17_Road America,Road America,road-america,2023-08-06,202308061010_Race,76,69,28,85,2:01.813,7 Laps,,7,11,5
2023,17_Road America,Road America,road-america,2023-08-06,202308061010_Race,76,69,29,9,2:06.531,7 Laps,,7,11,5
2023,17_Road America,Road America,road-america,2023-08-06,202308061010_Race,76,76,30,31,1:52.506,1:34.700,94.700,,11,5
2023,17_Road America,Road America,road-america,2023-08-06,202308061010_Race,76,69,31,32,2:06.464,7 Laps,,7,11,5
2023,17_Road America,Road America,road-america,2023-08-06,202308061010_Race,76,73,32,20,1:58.119,3 Laps,,3,11,5
2023,17_Road America,Road America,road-america,2023-08-06,202308061010_Race,76,69,33,78,2:06.496,7 Laps,,7,11,5
2023,17_Road America,Road America,road-america,2023-08-06,202308061010_Race,76,76,34,6,1:54.409,1:49.963,109.963,,11,5
2023,17_Road America,Road America,road-america,2023-08-06,202308061010_Race,76,69,35,12,2:07.712,7 Laps,,7,11,5
2023,17_Road America,Road America,road-america,2023-08-06,202308061010_Race,76,76,36,59,1:54.167,1:50.600,110.600,,11,5
2023,17_Road America,Road America,road-america,2023-08-06,202308061010_Race,77,77,1,7,1:51.314,,,,11,5
2023,17_Road America,Road America,road-america,2023-08-06,202308061010_Race,77,69,2,96,2:08.959,8 Laps,,8,11,5
2023,17_Road America,Road America,road-america,2023-08-06,202308061010_Race,77,69,3,97,2:09.190,8 Laps,,8,11,5
2023,17_Road America,Road America,road-america,2023-08-06,202308061010_Race,77,77,4,60,1:51.698,2.484,2.484,,11,5
2023,17_Road America,Road America,road-america,2023-08-06,202308061010_Race,77,69,5,27,2:08.254,8 Laps,,8,11,5
2023,17_Road America,Road America,road-america,2023-08-06,202308061010_Race,77,69,6,79,2:06.923,8 Laps,,8,11,5
2023,17_Road America,Road America,road-america,2023-08-06,202308061010_Race,77,69,7,91,2:06.812,8 Laps,,8,11,5
2023,17_Road America,Road America,road-america,2023-08-06,202308061010_Race,77,69,8,93,2:06.821,8 Laps,,8,11,5
2023,17_Road America,Road America,road-america,2023-08-06,202308061010_Race,77,74,9,52,1:54.504,3 Laps,,3,11,5
2023,17_Road America,Road America,road-america,2023-08-06,202308061010_Race,77,77,10,10,1:53.680,37.164,37.164,,11,5
2023,17_Road America,Road America,road-america,2023-08-06,202308061010_Race,77,72,11,74,2:03.215,5 Laps,,5,11,5
2023,17_Road America,Road America,road-america,2023-08-06,202308061010_Race,77,69,12,66,2:07.988,8 Laps,,8,11,5
2023,17_Road America,Road America,road-america,2023-08-06,202308061010_Race,77,72,13,33,2:02.147,5 Laps,,5,11,5
2023,17_Road America,Road America,road-america,2023-08-06,202308061010_Race,77,74,14,35,1:54.526,3 Laps,,3,11,5
2023,17_Road America,Road America,road-america,2023-08-06,202308061010_Race,77,74,15,8,1:54.396,3 Laps,,3,11,5
2023,17_Road America,Road America,road-america,2023-08-06,202308061010_Race,77,77,16,01,1:50.822,50.421,50.421,,11,5
2023,17_Road America,Road America,road-america,2023-08-06,202308061010_Race,77,69,17,77,2:12.695,8 Laps,,8,11,5
2023,17_Road America,Road America,road-america,2023-08-06,202308061010_Race,77,72,18,13,2:00.629,5 Laps,,5,11,5
2023,17_Road America,Road America,road-america,2023-08-06,202308061010_Race,77,74,19,11,1:52.969,3 Laps,,3,11,5
2023,17_Road America,Road America,road-america,2023-08-06,202308061010_Race,77,77,20,5,1:51.710,1:08.167,68.167,,11,5
2023,17_Road America,Road America,road-america,2023-08-06,202308061010_Race,77,74,21,04,1:58.031,3 Laps,,3,11,5
2023,17_Road America,Road America,road-america,2023-08-06,202308061010_Race,77,74,22,18,2:08.764,3 Laps,,3,11,5
2023,17_Road America,Road America,road-america,2023-08-06,202308061010_Race,77,69,23,80,2:06.972,8 Laps,,8,11,5
2023,17_Road America,Road America,road-america,2023-08-06,202308061010_Race,77,70,24,23,2:06.521,7 Laps,,7,11,5
2023,17_Road America,Road America,road-america,2023-08-06,202308061010_Race,77,72,25,30,1:59.088,5 Laps,,5,11,5
2023,17_Road America,Road America,road-america,2023-08-06,202308061010_Race,77,69,26,92,2:07.665,8 Laps,,8,11,5
2023,17_Road America,Road America,road-america,2023-08-06,202308061010_Race,77,70,27,14,2:05.914,7 Laps,,7,11,5
2023,17_Road America,Road America,road-america,2023-08-06,202308061010_Race,77,70,28,4,2:04.812,7 Laps,,7,11,5
2023,17_Road America,Road America,road-america,2023-08-06,202308061010_Race,77,70,29,1,2:06.099,7 Laps,,7,11,5
2023,17_Road America,Road America,road-america,2023-08-06,202308061010_Race,77,77,30,31,1:52.958,1:36.344,96.344,,11,5
2023,17_Road America,Road America,road-america,2023-08-06,202308061010_Race,77,70,31,70,2:04.089,7 Laps,,7,11,5
2023,17_Road America,Road America,road-america,2023-08-06,202308061010_Race,77,70,32,85,2:02.106,7 Laps,,7,11,5
2023,17_Road America,Road America,road-america,2023-08-06,202308061010_Race,77,70,33,3,2:05.664,7 Laps,,7,11,5
2023,17_Road America,Road America,road-america,2023-08-06,202308061010_Race,77,74,34,20,1:53.121,3 Laps,,3,11,5
2023,17_Road America,Road America,road-america,2023-08-06,202308061010_Race,77,70,35,9,2:06.379,7 Laps,,7,11,5
2023,17_Road America,Road America,road-america,2023-08-06,202308061010_Race,77,77,36,6,1:51.146,1:49.795,109.795,,11,5
2023,17_Road America,Road America,road-america,2023-08-06,202308061010_Race,77,77,37,59,1:51.543,1:50.829,110.829,,11,5
2023,17_Road America,Road America,road-america,2023-08-06,202308061010_Race,77,72,38,17,2:15.399,5 Laps,,5,11,5
2023,17_Road America,Road America,road-america,2023-08-06,202308061010_Race,78,78,1,7,1:53.513,,,,11,5
2023,17_Road America,Road America,road-america,2023-08-06,202308061010_Race,78,78,2,60,1:54.400,3.371,3.371,,11,5
2023,17_Road America,Road America,road-america,2023-08-06,202308061010_Race,78,70,3,32,2:08.136,8 Laps,,8,11,5
2023,17_Road America,Road America,road-america,2023-08-06,202308061010_Race,78,70,4,78,2:05.646,8 Laps,,8,11,5
2023,17_Road America,Road America,road-america,2023-08-06,202308061010_Race,78,70,5,12,2:06.110,8 Laps,,8,11,5
2023,17_Road America,Road America,road-america,2023-08-06,202308061010_Race,78,70,6,96,2:06.279,8 Laps,,8,11,5
2023,17_Road America,Road America,road-america,2023-08-06,202308061010_Race,78,70,7,97,2:05.959,8 Laps,,8,11,5
2023,17_Road America,Road America,road-america,2023-08-06,202308061010_Race,78,70,8,27,2:05.984,8 Laps,,8,11,5
2023,17_Road America,Road America,road-america,2023-08-06,202308061010_Race,78,75,9,52,1:56.895,3 Laps,,3,12,1
2023,17_Road America,Road America,road-america,2023-08-06,202308061010_Race,78,70,10,91,2:07.880,8 Laps,,8,12,1
2023,17_Road America,Road America,road-america,2023-08-06,202308061010_Race,78,70,11,79,2:10.223,8 Laps,,8,12,1
2023,17_Road America,Road America,road-america,2023-08-06,202308061010_Race,78,70,12,93,2:05.617,8 Laps,,8,12,1
2023,17_Road America,Road America,road-america,2023-08-06,202308061010_Race,78,78,13,10,1:50.866,34.517,34.517,,12,1
2023,17_Road America,Road America,road-america,2023-08-06,202308061010_Race,78,73,14,74,1:59.711,5 Laps,,5,12,1
2023,17_Road America,Road America,road-america,2023-08-06,202308061010_Race,78,75,15,35,1:52.647,3 Laps,,3,12,1
2023,17_Road America,Road America,road-america,2023-08-06,202308061010_Race,78,78,16,01,1:52.476,49.384,49.384,,12,1
2023,17_Road America,Road America,road-america,2023-08-06,202308061010_Race,78,73,17,33,2:02.723,5 Laps,,5,12,1
2023,17_Road America,Road America,road-america,2023-08-06,202308061010_Race,78,70,18,66,2:09.684,8 Laps,,8,12,1
2023,17_Road America,Road America,road-america,2023-08-06,202308061010_Race,78,75,19,8,2:08.927,3 Laps,,3,12,1
2023,17_Road America,Road America,road-america,2023-08-06,202308061010_Race,78,75,20,11,1:54.355,3 Laps,,3,12,1
2023,17_Road America,Road America,road-america,2023-08-06,202308061010_Race,78,78,21,5,1:53.056,1:07.710,67.710,,12,1
2023,17_Road America,Road America,road-america,2023-08-06,202308061010_Race,78,73,22,13,2:01.839,5 Laps,,5,12,1
2023,17_Road America,Road America,road-america,2023-08-06,202308061010_Race,78,70,23,77,2:12.140,8 Laps,,8,12,1
2023,17_Road America,Road America,road-america,2023-08-06,202308061010_Race,78,73,24,30,1:58.930,5 Laps,,5,12,1
2023,17_Road America,Road America,road-america,2023-08-06,202308061010_Race,78,70,25,80,2:05.912,8 Laps,,8,12,1
2023,17_Road America,Road America,road-america,2023-08-06,202308061010_Race,78,71,26,23,2:06.866,7 Laps,,7,12,1
2023,17_Road America,Road America,road-america,2023-08-06,202308061010_Race,78,78,27,31,1:52.591,1:35.422,95.422,,12,1
2023,17_Road America,Road America,road-america,2023-08-06,202308061010_Race,78,70,28,92,2:07.485,8 Laps,,8,12,1
2023,17_Road America,Road America,road-america,2023-08-06,202308061010_Race,78,75,29,04,2:21.600,3 Laps,,3,12,1
2023,17_Road America,Road America,road-america,2023-08-06,202308061010_Race,78,71,30,4,2:03.692,7 Laps,,7,12,1
2023,17_Road America,Road America,road-america,2023-08-06,202308061010_Race,78,71,31,1,2:05.688,7 Laps,,7,12,1
2023,17_Road America,Road America,road-america,2023-08-06,202308061010_Race,78,71,32,70,2:04.388,7 Laps,,7,12,1
2023,17_Road America,Road America,road-america,2023-08-06,202308061010_Race,78,71,33,14,2:08.746,7 Laps,,7,12,1
2023,17_Road America,Road America,road-america,2023-08-06,202308061010_Race,78,78,34,6,1:53.024,1:49.306,109.306,,12,1
2023,17_Road America,Road America,road-america,2023-08-06,202308061010_Race,78,75,35,20,1:55.666,3 Laps,,3,12,1
2023,17_Road America,Road America,road-america,2023-08-06,202308061010_Race,78,78,36,59,1:55.070,1:52.386,112.386,,12,1
2023,17_Road America,Road America,road-america,2023-08-06,202308061010_Race,78,71,37,85,2:01.332,7 Laps,,7,12,1
2023,17_Road America,Road America,road-america,2023-08-06,202308061010_Race,79,79,1,7,1:53.279,,,,12,1
2023,17_Road America,Road America,road-america,2023-08-06,202308061010_Race,79,75,2,18,2:30.094,4 Laps,,4,12,1
2023,17_Road America,Road America,road-america,2023-08-06,202308061010_Race,79,79,3,60,1:54.377,4.469,4.469,,12,1
2023,17_Road America,Road America,road-america,2023-08-06,202308061010_Race,79,71,4,3,2:07.326,8 Laps,,8,12,1
2023,17_Road America,Road America,road-america,2023-08-06,202308061010_Race,79,71,5,9,2:07.463,8 Laps,,8,12,1
2023,17_Road America,Road America,road-america,2023-08-06,202308061010_Race,79,71,6,32,2:05.603,8 Laps,,8,12,1
2023,17_Road America,Road America,road-america,2023-08-06,202308061010_Race,79,71,7,78,2:05.151,8 Laps,,8,12,1
2023,17_Road America,Road America,road-america,2023-08-06,202308061010_Race,79,71,8,12,2:05.337,8 Laps,,8,12,1
2023,17_Road America,Road America,road-america,2023-08-06,202308061010_Race,79,71,9,96,2:05.969,8 Laps,,8,12,1
2023,17_Road America,Road America,road-america,2023-08-06,202308061010_Race,79,71,10,97,2:06.005,8 Laps,,8,12,1
2023,17_Road America,Road America,road-america,2023-08-06,202308061010_Race,79,76,11,52,1:57.613,3 Laps,,3,12,1
2023,17_Road America,Road America,road-america,2023-08-06,202308061010_Race,79,79,12,10,1:53.248,34.486,34.486,,12,1
2023,17_Road America,Road America,road-america,2023-08-06,202308061010_Race,79,71,13,27,2:06.159,8 Laps,,8,12,1
2023,17_Road America,Road America,road-america,2023-08-06,202308061010_Race,79,73,14,17,2:33.290,6 Laps,,6,12,1
2023,17_Road America,Road America,road-america,2023-08-06,202308061010_Race,79,71,15,91,2:07.014,8 Laps,,8,12,1
2023,17_Road America,Road America,road-america,2023-08-06,202308061010_Race,79,71,16,93,2:05.527,8 Laps,,8,12,1
2023,17_Road America,Road America,road-america,2023-08-06,202308061010_Race,79,76,17,35,1:54.063,3 Laps,,3,12,1
2023,17_Road America,Road America,road-america,2023-08-06,202308061010_Race,79,79,18,01,1:51.564,47.669,47.669,,12,1
2023,17_Road America,Road America,road-america,2023-08-06,202308061010_Race,79,71,19,79,2:10.426,8 Laps,,8,12,1
2023,17_Road America,Road America,road-america,2023-08-06,202308061010_Race,79,74,20,74,2:00.512,5 Laps,,5,12,1
2023,17_Road America,Road America,road-america,2023-08-06,202308061010_Race,79,74,21,33,2:01.173,5 Laps,,5,12,1
2023,17_Road America,Road America,road-america,2023-08-06,202308061010_Race,79,76,22,11,1:53.481,3 Laps,,3,12,1
2023,17_Road America,Road America,road-america,2023-08-06,202308061010_Race,79,79,23,5,1:54.938,1:09.369,69.369,,12,1
2023,17_Road America,Road America,road-america,2023-08-06,202308061010_Race,79,71,24,66,2:10.950,8 Laps,,8,12,1
2023,17_Road America,Road America,road-america,2023-08-06,202308061010_Race,79,74,25,13,2:00.178,5 Laps,,5,12,1
2023,17_Road America,Road America,road-america,2023-08-06,202308061010_Race,79,76,26,8,2:23.411,3 Laps,,3,12,1
2023,17_Road America,Road America,road-america,2023-08-06,202308061010_Race,79,74,27,30,1:59.306,5 Laps,,5,12,1
2023,17_Road America,Road America,road-america,2023-08-06,202308061010_Race,79,79,28,31,1:53.252,1:35.395,95.395,,12,1
2023,17_Road America,Road America,road-america,2023-08-06,202308061010_Race,79,71,29,80,2:05.804,8 Laps,,8,12,2
2023,17_Road America,Road America,road-america,2023-08-06,202308061010_Race,79,72,30,23,2:06.579,7 Laps,,7,12,2
2023,17_Road America,Road America,road-america,2023-08-06,202308061010_Race,79,79,31,6,1:52.906,1:48.933,108.933,,12,2
2023,17_Road America,Road America,road-america,2023-08-06,202308061010_Race,79,79,32,59,1:52.335,1:51.442,111.442,,12,2
2023,17_Road America,Road America,road-america,2023-08-06,202308061010_Race,79,76,33,20,1:57.020,3 Laps,,3,12,2
2023,17_Road America,Road America,road-america,2023-08-06,202308061010_Race,80,80,1,7,1:55.050,,,,12,2
2023,17_Road America,Road America,road-america,2023-08-06,202308061010_Race,80,71,2,92,2:09.531,9 Laps,,9,12,2
2023,17_Road America,Road America,road-america,2023-08-06,202308061010_Race,80,72,3,4,2:06.757,8 Laps,,8,12,2
2023,17_Road America,Road America,road-america,2023-08-06,202308061010_Race,80,72,4,1,2:05.774,8 Laps,,8,12,2
2023,17_Road America,Road America,road-america,2023-08-06,202308061010_Race,80,80,5,60,1:55.216,4.635,4.635,,12,2
2023,17_Road America,Road America,road-america,2023-08-06,202308061010_Race,80,72,6,70,2:06.584,8 Laps,,8,12,2
2023,17_Road America,Road America,road-america,2023-08-06,202308061010_Race,80,72,7,85,2:04.004,8 Laps,,8,12,2
2023,17_Road America,Road America,road-america,2023-08-06,202308061010_Race,80,72,8,14,2:08.149,8 Laps,,8,12,2
2023,17_Road America,Road America,road-america,2023-08-06,202308061010_Race,80,76,9,18,2:01.174,4 Laps,,4,12,2
2023,17_Road America,Road America,road-america,2023-08-06,202308061010_Race,80,72,10,3,2:05.693,8 Laps,,8,12,2
2023,17_Road America,Road America,road-america,2023-08-06,202308061010_Race,80,76,11,04,2:27.241,4 Laps,,4,12,2
2023,17_Road America,Road America,road-america,2023-08-06,202308061010_Race,80,72,12,9,2:05.910,8 Laps,,8,12,2
2023,17_Road America,Road America,road-america,2023-08-06,202308061010_Race,80,72,13,32,2:05.517,8 Laps,,8,12,2
2023,17_Road America,Road America,road-america,2023-08-06,202308061010_Race,80,72,14,78,2:04.599,8 Laps,,8,12,2
2023,17_Road America,Road America,road-america,2023-08-06,202308061010_Race,80,72,15,12,2:05.593,8 Laps,,8,12,2
2023,17_Road America,Road America,road-america,2023-08-06,202308061010_Race,80,80,16,10,1:55.699,35.135,35.135,,12,2
2023,17_Road America,Road America,road-america,2023-08-06,202308061010_Race,80,77,17,52,2:02.254,3 Laps,,3,12,2
2023,17_Road America,Road America,road-america,2023-08-06,202308061010_Race,80,72,18,97,2:08.737,8 Laps,,8,12,2
2023,17_Road America,Road America,road-america,2023-08-06,202308061010_Race,80,74,19,17,2:03.118,6 Laps,,6,12,2
2023,17_Road America,Road America,road-america,2023-08-06,202308061010_Race,80,72,20,27,2:06.595,8 Laps,,8,12,2
2023,17_Road America,Road America,road-america,2023-08-06,202308061010_Race,80,80,21,01,1:54.702,47.321,47.321,,12,2
2023,17_Road America,Road America,road-america,2023-08-06,202308061010_Race,80,77,22,35,1:57.995,3 Laps,,3,12,2
2023,17_Road America,Road America,road-america,2023-08-06,202308061010_Race,80,72,23,93,2:06.318,8 Laps,,8,12,2
2023,17_Road America,Road America,road-america,2023-08-06,202308061010_Race,80,75,24,74,2:03.845,5 Laps,,5,12,2
2023,17_Road America,Road America,road-america,2023-08-06,202308061010_Race,80,72,25,91,2:15.812,8 Laps,,8,12,2
2023,17_Road America,Road America,road-america,2023-08-06,202308061010_Race,80,77,26,11,1:58.007,3 Laps,,3,12,2
2023,17_Road America,Road America,road-america,2023-08-06,202308061010_Race,80,72,27,79,2:17.369,8 Laps,,8,12,2
2023,17_Road America,Road America,road-america,2023-08-06,202308061010_Race,80,75,28,33,2:05.349,5 Laps,,5,12,2
2023,17_Road America,Road America,road-america,2023-08-06,202308061010_Race,80,80,29,5,2:03.828,1:18.147,78.147,,12,2
2023,17_Road America,Road America,road-america,2023-08-06,202308061010_Race,80,75,30,13,2:02.723,5 Laps,,5,12,2
2023,17_Road America,Road America,road-america,2023-08-06,202308061010_Race,80,77,31,8,1:55.325,3 Laps,,3,12,2
2023,17_Road America,Road America,road-america,2023-08-06,202308061010_Race,80,72,32,66,2:11.378,8 Laps,,8,12,2
2023,17_Road America,Road America,road-america,2023-08-06,202308061010_Race,80,80,33,31,1:55.432,1:35.777,95.777,,12,2
2023,17_Road America,Road America,road-america,2023-08-06,202308061010_Race,80,75,34,30,2:00.845,5 Laps,,5,12,2
2023,17_Road America,Road America,road-america,2023-08-06,202308061010_Race,80,80,35,6,1:51.438,1:45.321,105.321,,12,2
2023,17_Road America,Road America,road-america,2023-08-06,202308061010_Race,80,80,36,59,1:51.097,1:47.489,107.489,,12,2
2023,17_Road America,Road America,road-america,2023-08-06,202308061010_Race,80,77,37,20,1:57.673,3 Laps,,3,12,2
2023,17_Road America,Road America,road-america,2023-08-06,202308061010_Race,80,72,38,80,2:07.860,8 Laps,,8,12,2
2023,17_Road America,Road America,road-america,2023-08-06,202308061010_Race,80,73,39,23,2:08.075,7 Laps,,7,12,2
