year,event_code,event_name,track_slug,race_date,session_directory,car_number,car_metadata,stop_number,in_time,in_driver,out_time,out_driver,pit_time,cumulative_pit_time,source_report,source_page,source_column
2017,05_Sebring International Raceway,Sebring International Raceway,sebring-international-raceway,2017-03-18,201703181040_Race,2,Tequila Patron ESM | Nissan DPi P,1,10:53:46.761,L. Derani,10:55:27.088,L. Derani,1:40.327,1:40.327,20_PitStops_Race.PDF,1,1
2017,05_Sebring International Raceway,Sebring International Raceway,sebring-international-raceway,2017-03-18,201703181040_Race,2,Tequila Patron ESM | Nissan DPi P,2,11:11:10.229,L. Derani,11:12:46.188,L. Derani,1:35.959,3:16.286,20_PitStops_Race.PDF,1,1
2017,05_Sebring International Raceway,Sebring International Raceway,sebring-international-raceway,2017-03-18,201703181040_Race,2,Tequila Patron ESM | Nissan DPi P,3,11:17:05.719,L. Derani,12:14:48.975,L. Derani,57:43.256,1:00:59.542,20_PitStops_Race.PDF,1,1
2017,05_Sebring International Raceway,Sebring International Raceway,sebring-international-raceway,2017-03-18,201703181040_Race,2,Tequila Patron ESM | Nissan DPi P,4,12:32:07.848,L. Derani,15:29:43.784,R. Dalziel,2:57:35.936,3:58:35.478,20_PitStops_Race.PDF,1,1
2017,05_Sebring International Raceway,Sebring International Raceway,sebring-international-raceway,2017-03-18,201703181040_Race,2,Tequila Patron ESM | Nissan DPi P,5,15:33:55.422,R. Dalziel,15:36:17.911,R. Dalziel,2:22.489,4:00:57.967,20_PitStops_Race.PDF,1,1
2017,05_Sebring International Raceway,Sebring International Raceway,sebring-international-raceway,2017-03-18,201703181040_Race,2,Tequila Patron ESM | Nissan DPi P,6,15:46:05.652,R. Dalziel,15:49:43.032,R. Dalziel,3:37.380,4:04:35.347,20_PitStops_Race.PDF,1,1
2017,05_Sebring International Raceway,Sebring International Raceway,sebring-international-raceway,2017-03-18,201703181040_Race,2,Tequila Patron ESM | Nissan DPi P,7,15:59:26.955,R. Dalziel,16:33:56.613,R. Dalziel,34:29.658,4:39:05.005,20_PitStops_Race.PDF,1,1
2017,05_Sebring International Raceway,Sebring International Raceway,sebring-international-raceway,2017-03-18,201703181040_Race,3,7 R. Dalziel R. Dalziel 34:29.658 | Corvette Racing | Chevrolet Corvette C7.R GTLM,1,11:32:24.863,A. Garcia,11:33:32.066,A. Garcia,1:07.203,1:07.203,20_PitStops_Race.PDF,1,1
2017,05_Sebring International Raceway,Sebring International Raceway,sebring-international-raceway,2017-03-18,201703181040_Race,3,7 R. Dalziel R. Dalziel 34:29.658 | Corvette Racing | Chevrolet Corvette C7.R GTLM,2,12:40:49.807,A. Garcia,12:41:56.139,J. Magnussen,1:06.332,2:13.535,20_PitStops_Race.PDF,1,1
2017,05_Sebring International Raceway,Sebring International Raceway,sebring-international-raceway,2017-03-18,201703181040_Race,3,7 R. Dalziel R. Dalziel 34:29.658 | Corvette Racing | Chevrolet Corvette C7.R GTLM,3,13:18:54.518,J. Magnussen,13:19:47.875,J. Magnussen,53.357,3:06.892,20_PitStops_Race.PDF,1,1
2017,05_Sebring International Raceway,Sebring International Raceway,sebring-international-raceway,2017-03-18,201703181040_Race,3,7 R. Dalziel R. Dalziel 34:29.658 | Corvette Racing | Chevrolet Corvette C7.R GTLM,4,14:19:04.808,J. Magnussen,14:20:12.391,M. Rockenfeller,1:07.583,4:14.475,20_PitStops_Race.PDF,1,1
2017,05_Sebring International Raceway,Sebring International Raceway,sebring-international-raceway,2017-03-18,201703181040_Race,3,7 R. Dalziel R. Dalziel 34:29.658 | Corvette Racing | Chevrolet Corvette C7.R GTLM,5,15:18:18.213,M. Rockenfeller,15:19:26.505,M. Rockenfeller,1:08.292,5:22.767,20_PitStops_Race.PDF,1,1
2017,05_Sebring International Raceway,Sebring International Raceway,sebring-international-raceway,2017-03-18,201703181040_Race,3,7 R. Dalziel R. Dalziel 34:29.658 | Corvette Racing | Chevrolet Corvette C7.R GTLM,6,16:17:53.367,M. Rockenfeller,16:18:35.847,M. Rockenfeller,42.480,6:05.247,20_PitStops_Race.PDF,1,1
2017,05_Sebring International Raceway,Sebring International Raceway,sebring-international-raceway,2017-03-18,201703181040_Race,3,7 R. Dalziel R. Dalziel 34:29.658 | Corvette Racing | Chevrolet Corvette C7.R GTLM,7,16:28:53.019,M. Rockenfeller,16:29:57.339,A. Garcia,1:04.320,7:09.567,20_PitStops_Race.PDF,1,1
2017,05_Sebring International Raceway,Sebring International Raceway,sebring-international-raceway,2017-03-18,201703181040_Race,3,7 R. Dalziel R. Dalziel 34:29.658 | Corvette Racing | Chevrolet Corvette C7.R GTLM,8,17:28:39.531,A. Garcia,17:29:47.576,J. Magnussen,1:08.045,8:17.612,20_PitStops_Race.PDF,1,1
2017,05_Sebring International Raceway,Sebring International Raceway,sebring-international-raceway,2017-03-18,201703181040_Race,3,7 R. Dalziel R. Dalziel 34:29.658 | Corvette Racing | Chevrolet Corvette C7.R GTLM,9,18:27:59.967,J. Magnussen,18:29:07.158,J. Magnussen,1:07.191,9:24.803,20_PitStops_Race.PDF,1,1
2017,05_Sebring International Raceway,Sebring International Raceway,sebring-international-raceway,2017-03-18,201703181040_Race,3,7 R. Dalziel R. Dalziel 34:29.658 | Corvette Racing | Chevrolet Corvette C7.R GTLM,10,18:45:58.708,J. Magnussen,18:46:51.172,J. Magnussen,52.464,10:17.267,20_PitStops_Race.PDF,1,1
2017,05_Sebring International Raceway,Sebring International Raceway,sebring-international-raceway,2017-03-18,201703181040_Race,3,7 R. Dalziel R. Dalziel 34:29.658 | Corvette Racing | Chevrolet Corvette C7.R GTLM,11,19:47:39.666,J. Magnussen,19:48:47.347,A. Garcia,1:07.681,11:24.948,20_PitStops_Race.PDF,1,1
2017,05_Sebring International Raceway,Sebring International Raceway,sebring-international-raceway,2017-03-18,201703181040_Race,3,7 R. Dalziel R. Dalziel 34:29.658 | Corvette Racing | Chevrolet Corvette C7.R GTLM,12,20:20:00.849,A. Garcia,20:20:55.404,A. Garcia,54.555,12:19.503,20_PitStops_Race.PDF,1,1
2017,05_Sebring International Raceway,Sebring International Raceway,sebring-international-raceway,2017-03-18,201703181040_Race,3,7 R. Dalziel R. Dalziel 34:29.658 | Corvette Racing | Chevrolet Corvette C7.R GTLM,13,20:57:53.693,A. Garcia,20:58:52.006,A. Garcia,58.313,13:17.816,20_PitStops_Race.PDF,1,1
2017,05_Sebring International Raceway,Sebring International Raceway,sebring-international-raceway,2017-03-18,201703181040_Race,3,7 R. Dalziel R. Dalziel 34:29.658 | Corvette Racing | Chevrolet Corvette C7.R GTLM,14,21:42:32.770,A. Garcia,21:43:31.179,A. Garcia,58.409,14:16.225,20_PitStops_Race.PDF,1,1
2017,05_Sebring International Raceway,Sebring International Raceway,sebring-international-raceway,2017-03-18,201703181040_Race,4,14 A. Garcia A. Garcia 58.409 14:16.225 | Corvette Racing | Chevrolet Corvette C7.R GTLM,1,11:14:42.413,T. Milner,11:16:03.993,T. Milner,1:21.580,1:21.580,20_PitStops_Race.PDF,1,1
2017,05_Sebring International Raceway,Sebring International Raceway,sebring-international-raceway,2017-03-18,201703181040_Race,4,14 A. Garcia A. Garcia 58.409 14:16.225 | Corvette Racing | Chevrolet Corvette C7.R GTLM,2,11:51:25.613,T. Milner,11:53:08.586,T. Milner,1:42.973,3:04.553,20_PitStops_Race.PDF,1,1
2017,05_Sebring International Raceway,Sebring International Raceway,sebring-international-raceway,2017-03-18,201703181040_Race,5,2 T. Milner T. Milner 1:42.973 3:04.553 | Mustang Sampling Racing | Cadillac DPi P,1,11:14:11.755,C. Fittipaldi,11:15:21.761,C. Fittipaldi,1:10.006,1:10.006,20_PitStops_Race.PDF,1,1
2017,05_Sebring International Raceway,Sebring International Raceway,sebring-international-raceway,2017-03-18,201703181040_Race,5,2 T. Milner T. Milner 1:42.973 3:04.553 | Mustang Sampling Racing | Cadillac DPi P,2,11:47:29.790,C. Fittipaldi,11:48:38.433,C. Fittipaldi,1:08.643,2:18.649,20_PitStops_Race.PDF,1,1
2017,05_Sebring International Raceway,Sebring International Raceway,sebring-international-raceway,2017-03-18,201703181040_Race,5,2 T. Milner T. Milner 1:42.973 3:04.553 | Mustang Sampling Racing | Cadillac DPi P,3,12:34:58.999,C. Fittipaldi,12:36:06.202,F. Albuquerque,1:07.203,3:25.852,20_PitStops_Race.PDF,1,1
2017,05_Sebring International Raceway,Sebring International Raceway,sebring-international-raceway,2017-03-18,201703181040_Race,5,2 T. Milner T. Milner 1:42.973 3:04.553 | Mustang Sampling Racing | Cadillac DPi P,4,13:14:45.133,F. Albuquerque,13:15:55.463,F. Albuquerque,1:10.330,4:36.182,20_PitStops_Race.PDF,1,1
2017,05_Sebring International Raceway,Sebring International Raceway,sebring-international-raceway,2017-03-18,201703181040_Race,5,2 T. Milner T. Milner 1:42.973 3:04.553 | Mustang Sampling Racing | Cadillac DPi P,5,14:00:29.194,F. Albuquerque,14:01:36.575,F. Albuquerque,1:07.381,5:43.563,20_PitStops_Race.PDF,1,1
2017,05_Sebring International Raceway,Sebring International Raceway,sebring-international-raceway,2017-03-18,201703181040_Race,5,2 T. Milner T. Milner 1:42.973 3:04.553 | Mustang Sampling Racing | Cadillac DPi P,6,14:42:54.195,F. Albuquerque,14:44:11.910,J. Barbosa,1:17.715,7:01.278,20_PitStops_Race.PDF,1,1
2017,05_Sebring International Raceway,Sebring International Raceway,sebring-international-raceway,2017-03-18,201703181040_Race,5,2 T. Milner T. Milner 1:42.973 3:04.553 | Mustang Sampling Racing | Cadillac DPi P,7,15:20:04.315,J. Barbosa,15:21:11.220,J. Barbosa,1:06.905,8:08.183,20_PitStops_Race.PDF,1,1
2017,05_Sebring International Raceway,Sebring International Raceway,sebring-international-raceway,2017-03-18,201703181040_Race,5,2 T. Milner T. Milner 1:42.973 3:04.553 | Mustang Sampling Racing | Cadillac DPi P,8,16:00:34.825,J. Barbosa,16:01:41.681,J. Barbosa,1:06.856,9:15.039,20_PitStops_Race.PDF,1,1
2017,05_Sebring International Raceway,Sebring International Raceway,sebring-international-raceway,2017-03-18,201703181040_Race,5,2 T. Milner T. Milner 1:42.973 3:04.553 | Mustang Sampling Racing | Cadillac DPi P,9,16:51:12.966,J. Barbosa,16:52:20.783,C. Fittipaldi,1:07.817,10:22.856,20_PitStops_Race.PDF,1,1
2017,05_Sebring International Raceway,Sebring International Raceway,sebring-international-raceway,2017-03-18,201703181040_Race,5,2 T. Milner T. Milner 1:42.973 3:04.553 | Mustang Sampling Racing | Cadillac DPi P,10,17:29:48.877,C. Fittipaldi,17:30:55.889,C. Fittipaldi,1:07.012,11:29.868,20_PitStops_Race.PDF,1,1
2017,05_Sebring International Raceway,Sebring International Raceway,sebring-international-raceway,2017-03-18,201703181040_Race,5,2 T. Milner T. Milner 1:42.973 3:04.553 | Mustang Sampling Racing | Cadillac DPi P,11,18:08:30.544,C. Fittipaldi,18:09:38.358,C. Fittipaldi,1:07.814,12:37.682,20_PitStops_Race.PDF,1,1
2017,05_Sebring International Raceway,Sebring International Raceway,sebring-international-raceway,2017-03-18,201703181040_Race,5,2 T. Milner T. Milner 1:42.973 3:04.553 | Mustang Sampling Racing | Cadillac DPi P,12,18:42:10.432,C. Fittipaldi,18:43:16.263,F. Albuquerque,1:05.831,13:43.513,20_PitStops_Race.PDF,1,1
2017,05_Sebring International Raceway,Sebring International Raceway,sebring-international-raceway,2017-03-18,201703181040_Race,5,2 T. Milner T. Milner 1:42.973 3:04.553 | Mustang Sampling Racing | Cadillac DPi P,13,19:28:54.377,F. Albuquerque,19:30:01.339,F. Albuquerque,1:06.962,14:50.475,20_PitStops_Race.PDF,1,1
2017,05_Sebring International Raceway,Sebring International Raceway,sebring-international-raceway,2017-03-18,201703181040_Race,5,2 T. Milner T. Milner 1:42.973 3:04.553 | Mustang Sampling Racing | Cadillac DPi P,14,20:16:13.513,F. Albuquerque,20:17:25.517,F. Albuquerque,1:12.004,16:02.479,20_PitStops_Race.PDF,1,1
2017,05_Sebring International Raceway,Sebring International Raceway,sebring-international-raceway,2017-03-18,201703181040_Race,5,2 T. Milner T. Milner 1:42.973 3:04.553 | Mustang Sampling Racing | Cadillac DPi P,15,20:56:04.308,F. Albuquerque,20:57:09.248,J. Barbosa,1:04.940,17:07.419,20_PitStops_Race.PDF,1,1
2017,05_Sebring International Raceway,Sebring International Raceway,sebring-international-raceway,2017-03-18,201703181040_Race,5,2 T. Milner T. Milner 1:42.973 3:04.553 | Mustang Sampling Racing | Cadillac DPi P,16,21:25:35.499,J. Barbosa,21:26:39.020,J. Barbosa,1:03.521,18:10.940,20_PitStops_Race.PDF,1,1
2017,05_Sebring International Raceway,Sebring International Raceway,sebring-international-raceway,2017-03-18,201703181040_Race,5,2 T. Milner T. Milner 1:42.973 3:04.553 | Mustang Sampling Racing | Cadillac DPi P,17,22:05:10.516,J. Barbosa,22:06:06.176,J. Barbosa,55.660,19:06.600,20_PitStops_Race.PDF,1,1
2017,05_Sebring International Raceway,Sebring International Raceway,sebring-international-raceway,2017-03-18,201703181040_Race,8,17 J. Barbosa J. Barbosa 55.660 19:06.600 | Starworks Motorsports | ORECA FLM09 PC,1,11:24:00.243,G. Grist,11:25:09.136,G. Grist,1:08.893,1:08.893,20_PitStops_Race.PDF,1,1
2017,05_Sebring International Raceway,Sebring International Raceway,sebring-international-raceway,2017-03-18,201703181040_Race,8,17 J. Barbosa J. Barbosa 55.660 19:06.600 | Starworks Motorsports | ORECA FLM09 PC,2,11:27:13.657,G. Grist,11:27:46.658,G. Grist,33.001,1:41.894,20_PitStops_Race.PDF,1,1
2017,05_Sebring International Raceway,Sebring International Raceway,sebring-international-raceway,2017-03-18,201703181040_Race,8,17 J. Barbosa J. Barbosa 55.660 19:06.600 | Starworks Motorsports | ORECA FLM09 PC,3,11:48:29.822,G. Grist,11:51:07.977,G. Grist,2:38.155,4:20.049,20_PitStops_Race.PDF,1,2
2017,05_Sebring International Raceway,Sebring International Raceway,sebring-international-raceway,2017-03-18,201703181040_Race,8,17 J. Barbosa J. Barbosa 55.660 19:06.600 | Starworks Motorsports | ORECA FLM09 PC,4,11:56:07.235,G. Grist,11:58:06.948,G. Grist,1:59.713,6:19.762,20_PitStops_Race.PDF,1,2
2017,05_Sebring International Raceway,Sebring International Raceway,sebring-international-raceway,2017-03-18,201703181040_Race,8,17 J. Barbosa J. Barbosa 55.660 19:06.600 | Starworks Motorsports | ORECA FLM09 PC,5,12:39:36.877,G. Grist,12:40:55.878,M. Hanratty,1:19.001,7:38.763,20_PitStops_Race.PDF,1,2
2017,05_Sebring International Raceway,Sebring International Raceway,sebring-international-raceway,2017-03-18,201703181040_Race,8,17 J. Barbosa J. Barbosa 55.660 19:06.600 | Starworks Motorsports | ORECA FLM09 PC,6,13:15:23.010,M. Hanratty,13:16:23.848,M. Hanratty,1:00.838,8:39.601,20_PitStops_Race.PDF,1,2
2017,05_Sebring International Raceway,Sebring International Raceway,sebring-international-raceway,2017-03-18,201703181040_Race,8,17 J. Barbosa J. Barbosa 55.660 19:06.600 | Starworks Motorsports | ORECA FLM09 PC,7,14:07:24.178,M. Hanratty,14:08:32.056,M. Hanratty,1:07.878,9:47.479,20_PitStops_Race.PDF,1,2
2017,05_Sebring International Raceway,Sebring International Raceway,sebring-international-raceway,2017-03-18,201703181040_Race,8,17 J. Barbosa J. Barbosa 55.660 19:06.600 | Starworks Motorsports | ORECA FLM09 PC,8,14:52:28.305,M. Hanratty,14:53:37.333,S. Rayhall,1:09.028,10:56.507,20_PitStops_Race.PDF,1,2
2017,05_Sebring International Raceway,Sebring International Raceway,sebring-international-raceway,2017-03-18,201703181040_Race,8,17 J. Barbosa J. Barbosa 55.660 19:06.600 | Starworks Motorsports | ORECA FLM09 PC,9,15:35:02.827,S. Rayhall,15:36:22.025,S. Rayhall,1:19.198,12:15.705,20_PitStops_Race.PDF,1,2
2017,05_Sebring International Raceway,Sebring International Raceway,sebring-international-raceway,2017-03-18,201703181040_Race,8,17 J. Barbosa J. Barbosa 55.660 19:06.600 | Starworks Motorsports | ORECA FLM09 PC,10,16:21:32.423,S. Rayhall,16:23:08.816,G. Grist,1:36.393,13:52.098,20_PitStops_Race.PDF,1,2
2017,05_Sebring International Raceway,Sebring International Raceway,sebring-international-raceway,2017-03-18,201703181040_Race,8,17 J. Barbosa J. Barbosa 55.660 19:06.600 | Starworks Motorsports | ORECA FLM09 PC,11,17:14:38.848,G. Grist,17:15:47.766,G. Grist,1:08.918,15:01.016,20_PitStops_Race.PDF,1,2
2017,05_Sebring International Raceway,Sebring International Raceway,sebring-international-raceway,2017-03-18,201703181040_Race,8,17 J. Barbosa J. Barbosa 55.660 19:06.600 | Starworks Motorsports | ORECA FLM09 PC,12,18:00:00.073,G. Grist,18:01:17.338,M. Hanratty,1:17.265,16:18.281,20_PitStops_Race.PDF,1,2
2017,05_Sebring International Raceway,Sebring International Raceway,sebring-international-raceway,2017-03-18,201703181040_Race,8,17 J. Barbosa J. Barbosa 55.660 19:06.600 | Starworks Motorsports | ORECA FLM09 PC,13,18:51:13.090,M. Hanratty,18:52:32.340,S. Rayhall,1:19.250,17:37.531,20_PitStops_Race.PDF,1,2
2017,05_Sebring International Raceway,Sebring International Raceway,sebring-international-raceway,2017-03-18,201703181040_Race,8,17 J. Barbosa J. Barbosa 55.660 19:06.600 | Starworks Motorsports | ORECA FLM09 PC,14,19:34:23.607,S. Rayhall,19:35:41.104,S. Rayhall,1:17.497,18:55.028,20_PitStops_Race.PDF,1,2
2017,05_Sebring International Raceway,Sebring International Raceway,sebring-international-raceway,2017-03-18,201703181040_Race,8,17 J. Barbosa J. Barbosa 55.660 19:06.600 | Starworks Motorsports | ORECA FLM09 PC,15,20:25:17.634,S. Rayhall,20:26:48.150,S. Rayhall,1:30.516,20:25.544,20_PitStops_Race.PDF,1,2
2017,05_Sebring International Raceway,Sebring International Raceway,sebring-international-raceway,2017-03-18,201703181040_Race,8,17 J. Barbosa J. Barbosa 55.660 19:06.600 | Starworks Motorsports | ORECA FLM09 PC,16,21:09:18.572,S. Rayhall,21:10:25.506,S. Rayhall,1:06.934,21:32.478,20_PitStops_Race.PDF,1,2
2017,05_Sebring International Raceway,Sebring International Raceway,sebring-international-raceway,2017-03-18,201703181040_Race,8,17 J. Barbosa J. Barbosa 55.660 19:06.600 | Starworks Motorsports | ORECA FLM09 PC,17,22:00:35.132,S. Rayhall,22:01:51.570,M. Hanratty,1:16.438,22:48.916,20_PitStops_Race.PDF,1,2
2017,05_Sebring International Raceway,Sebring International Raceway,sebring-international-raceway,2017-03-18,201703181040_Race,10,17 S. Rayhall M. Hanratty 1:16.438 22:48.916 | Konica Minolta Cadillac DPi-V.R | Cadillac DPi P,1,11:18:19.579,R. Taylor,11:19:25.128,R. Taylor,1:05.549,1:05.549,20_PitStops_Race.PDF,1,2
2017,05_Sebring International Raceway,Sebring International Raceway,sebring-international-raceway,2017-03-18,201703181040_Race,10,17 S. Rayhall M. Hanratty 1:16.438 22:48.916 | Konica Minolta Cadillac DPi-V.R | Cadillac DPi P,2,11:47:32.917,R. Taylor,11:48:39.638,A. Lynn,1:06.721,2:12.270,20_PitStops_Race.PDF,1,2
2017,05_Sebring International Raceway,Sebring International Raceway,sebring-international-raceway,2017-03-18,201703181040_Race,10,17 S. Rayhall M. Hanratty 1:16.438 22:48.916 | Konica Minolta Cadillac DPi-V.R | Cadillac DPi P,3,12:37:06.790,A. Lynn,12:38:16.579,A. Lynn,1:09.789,3:22.059,20_PitStops_Race.PDF,1,2
2017,05_Sebring International Raceway,Sebring International Raceway,sebring-international-raceway,2017-03-18,201703181040_Race,10,17 S. Rayhall M. Hanratty 1:16.438 22:48.916 | Konica Minolta Cadillac DPi-V.R | Cadillac DPi P,4,13:14:46.992,A. Lynn,13:16:23.122,A. Lynn,1:36.130,4:58.189,20_PitStops_Race.PDF,1,2
2017,05_Sebring International Raceway,Sebring International Raceway,sebring-international-raceway,2017-03-18,201703181040_Race,10,17 S. Rayhall M. Hanratty 1:16.438 22:48.916 | Konica Minolta Cadillac DPi-V.R | Cadillac DPi P,5,14:01:01.924,A. Lynn,14:02:08.879,J. Taylor,1:06.955,6:05.144,20_PitStops_Race.PDF,1,2
2017,05_Sebring International Raceway,Sebring International Raceway,sebring-international-raceway,2017-03-18,201703181040_Race,10,17 S. Rayhall M. Hanratty 1:16.438 22:48.916 | Konica Minolta Cadillac DPi-V.R | Cadillac DPi P,6,14:43:30.464,J. Taylor,14:44:37.662,J. Taylor,1:07.198,7:12.342,20_PitStops_Race.PDF,1,2
2017,05_Sebring International Raceway,Sebring International Raceway,sebring-international-raceway,2017-03-18,201703181040_Race,10,17 S. Rayhall M. Hanratty 1:16.438 22:48.916 | Konica Minolta Cadillac DPi-V.R | Cadillac DPi P,7,15:24:10.910,J. Taylor,15:25:17.566,J. Taylor,1:06.656,8:18.998,20_PitStops_Race.PDF,1,2
2017,05_Sebring International Raceway,Sebring International Raceway,sebring-international-raceway,2017-03-18,201703181040_Race,10,17 S. Rayhall M. Hanratty 1:16.438 22:48.916 | Konica Minolta Cadillac DPi-V.R | Cadillac DPi P,8,16:04:36.774,J. Taylor,16:05:44.202,R. Taylor,1:07.428,9:26.426,20_PitStops_Race.PDF,1,2
2017,05_Sebring International Raceway,Sebring International Raceway,sebring-international-raceway,2017-03-18,201703181040_Race,10,17 S. Rayhall M. Hanratty 1:16.438 22:48.916 | Konica Minolta Cadillac DPi-V.R | Cadillac DPi P,9,16:58:41.012,R. Taylor,16:59:47.978,R. Taylor,1:06.966,10:33.392,20_PitStops_Race.PDF,1,2
2017,05_Sebring International Raceway,Sebring International Raceway,sebring-international-raceway,2017-03-18,201703181040_Race,10,17 S. Rayhall M. Hanratty 1:16.438 22:48.916 | Konica Minolta Cadillac DPi-V.R | Cadillac DPi P,10,17:39:19.204,R. Taylor,17:40:25.582,R. Taylor,1:06.378,11:39.770,20_PitStops_Race.PDF,1,2
2017,05_Sebring International Raceway,Sebring International Raceway,sebring-international-raceway,2017-03-18,201703181040_Race,10,17 S. Rayhall M. Hanratty 1:16.438 22:48.916 | Konica Minolta Cadillac DPi-V.R | Cadillac DPi P,11,18:08:31.046,R. Taylor,18:09:32.344,A. Lynn,1:01.298,12:41.068,20_PitStops_Race.PDF,1,2
2017,05_Sebring International Raceway,Sebring International Raceway,sebring-international-raceway,2017-03-18,201703181040_Race,10,17 S. Rayhall M. Hanratty 1:16.438 22:48.916 | Konica Minolta Cadillac DPi-V.R | Cadillac DPi P,12,18:42:09.802,A. Lynn,18:43:11.062,A. Lynn,1:01.260,13:42.328,20_PitStops_Race.PDF,1,2
2017,05_Sebring International Raceway,Sebring International Raceway,sebring-international-raceway,2017-03-18,201703181040_Race,10,17 S. Rayhall M. Hanratty 1:16.438 22:48.916 | Konica Minolta Cadillac DPi-V.R | Cadillac DPi P,13,19:28:59.259,A. Lynn,19:30:06.800,J. Taylor,1:07.541,14:49.869,20_PitStops_Race.PDF,1,2
2017,05_Sebring International Raceway,Sebring International Raceway,sebring-international-raceway,2017-03-18,201703181040_Race,10,17 S. Rayhall M. Hanratty 1:16.438 22:48.916 | Konica Minolta Cadillac DPi-V.R | Cadillac DPi P,14,20:16:13.090,J. Taylor,20:17:20.493,J. Taylor,1:07.403,15:57.272,20_PitStops_Race.PDF,1,2
2017,05_Sebring International Raceway,Sebring International Raceway,sebring-international-raceway,2017-03-18,201703181040_Race,10,17 S. Rayhall M. Hanratty 1:16.438 22:48.916 | Konica Minolta Cadillac DPi-V.R | Cadillac DPi P,15,21:03:27.813,J. Taylor,21:04:34.527,R. Taylor,1:06.714,17:03.986,20_PitStops_Race.PDF,1,2
2017,05_Sebring International Raceway,Sebring International Raceway,sebring-international-raceway,2017-03-18,201703181040_Race,10,17 S. Rayhall M. Hanratty 1:16.438 22:48.916 | Konica Minolta Cadillac DPi-V.R | Cadillac DPi P,16,21:31:01.206,R. Taylor,21:32:04.663,R. Taylor,1:03.457,18:07.443,20_PitStops_Race.PDF,1,2
2017,05_Sebring International Raceway,Sebring International Raceway,sebring-international-raceway,2017-03-18,201703181040_Race,10,17 S. Rayhall M. Hanratty 1:16.438 22:48.916 | Konica Minolta Cadillac DPi-V.R | Cadillac DPi P,17,22:03:16.515,R. Taylor,22:04:06.877,R. Taylor,50.362,18:57.805,20_PitStops_Race.PDF,1,2
2017,05_Sebring International Raceway,Sebring International Raceway,sebring-international-raceway,2017-03-18,201703181040_Race,11,17 R. Taylor R. Taylor 50.362 18:57.805 | GRT Grasser Racing Team | Lamborghini Huracan GT3 GTD,1,11:27:55.557,M. Bortolotti,11:29:16.791,R. Ineichen,1:21.234,1:21.234,20_PitStops_Race.PDF,1,2
2017,05_Sebring International Raceway,Sebring International Raceway,sebring-international-raceway,2017-03-18,201703181040_Race,11,17 R. Taylor R. Taylor 50.362 18:57.805 | GRT Grasser Racing Team | Lamborghini Huracan GT3 GTD,2,12:32:03.675,R. Ineichen,12:33:24.569,R. Antinucci,1:20.894,2:42.128,20_PitStops_Race.PDF,1,2
2017,05_Sebring International Raceway,Sebring International Raceway,sebring-international-raceway,2017-03-18,201703181040_Race,11,17 R. Taylor R. Taylor 50.362 18:57.805 | GRT Grasser Racing Team | Lamborghini Huracan GT3 GTD,3,13:19:04.228,R. Antinucci,13:20:10.482,R. Antinucci,1:06.254,3:48.382,20_PitStops_Race.PDF,1,2
2017,05_Sebring International Raceway,Sebring International Raceway,sebring-international-raceway,2017-03-18,201703181040_Race,11,17 R. Taylor R. Taylor 50.362 18:57.805 | GRT Grasser Racing Team | Lamborghini Huracan GT3 GTD,4,14:06:34.465,R. Antinucci,14:07:46.309,R. Antinucci,1:11.844,5:00.226,20_PitStops_Race.PDF,1,2
2017,05_Sebring International Raceway,Sebring International Raceway,sebring-international-raceway,2017-03-18,201703181040_Race,11,17 R. Taylor R. Taylor 50.362 18:57.805 | GRT Grasser Racing Team | Lamborghini Huracan GT3 GTD,5,14:59:10.558,R. Antinucci,15:00:30.769,R. Ineichen,1:20.211,6:20.437,20_PitStops_Race.PDF,1,2
2017,05_Sebring International Raceway,Sebring International Raceway,sebring-international-raceway,2017-03-18,201703181040_Race,11,17 R. Taylor R. Taylor 50.362 18:57.805 | GRT Grasser Racing Team | Lamborghini Huracan GT3 GTD,6,15:52:22.379,R. Ineichen,15:53:41.706,R. Antinucci,1:19.327,7:39.764,20_PitStops_Race.PDF,1,2
2017,05_Sebring International Raceway,Sebring International Raceway,sebring-international-raceway,2017-03-18,201703181040_Race,11,17 R. Taylor R. Taylor 50.362 18:57.805 | GRT Grasser Racing Team | Lamborghini Huracan GT3 GTD,7,16:57:20.100,R. Antinucci,16:58:40.491,R. Ineichen,1:20.391,9:00.155,20_PitStops_Race.PDF,1,2
2017,05_Sebring International Raceway,Sebring International Raceway,sebring-international-raceway,2017-03-18,201703181040_Race,11,17 R. Taylor R. Taylor 50.362 18:57.805 | GRT Grasser Racing Team | Lamborghini Huracan GT3 GTD,8,17:50:24.590,R. Ineichen,17:51:43.251,C. Engelhart,1:18.661,10:18.816,20_PitStops_Race.PDF,1,2
2017,05_Sebring International Raceway,Sebring International Raceway,sebring-international-raceway,2017-03-18,201703181040_Race,11,17 R. Taylor R. Taylor 50.362 18:57.805 | GRT Grasser Racing Team | Lamborghini Huracan GT3 GTD,9,18:45:56.728,C. Engelhart,18:48:06.042,R. Ineichen,2:09.314,12:28.130,20_PitStops_Race.PDF,1,2
2017,05_Sebring International Raceway,Sebring International Raceway,sebring-international-raceway,2017-03-18,201703181040_Race,11,17 R. Taylor R. Taylor 50.362 18:57.805 | GRT Grasser Racing Team | Lamborghini Huracan GT3 GTD,10,19:39:05.176,R. Ineichen,19:40:22.470,M. Bortolotti,1:17.294,13:45.424,20_PitStops_Race.PDF,1,2
2017,05_Sebring International Raceway,Sebring International Raceway,sebring-international-raceway,2017-03-18,201703181040_Race,11,17 R. Taylor R. Taylor 50.362 18:57.805 | GRT Grasser Racing Team | Lamborghini Huracan GT3 GTD,11,20:20:08.949,M. Bortolotti,20:21:10.600,M. Bortolotti,1:01.651,14:47.075,20_PitStops_Race.PDF,1,2
2017,05_Sebring International Raceway,Sebring International Raceway,sebring-international-raceway,2017-03-18,201703181040_Race,11,17 R. Taylor R. Taylor 50.362 18:57.805 | GRT Grasser Racing Team | Lamborghini Huracan GT3 GTD,12,21:01:01.989,M. Bortolotti,21:02:15.581,C. Engelhart,1:13.592,16:00.667,20_PitStops_Race.PDF,1,2
2017,05_Sebring International Raceway,Sebring International Raceway,sebring-international-raceway,2017-03-18,201703181040_Race,11,17 R. Taylor R. Taylor 50.362 18:57.805 | GRT Grasser Racing Team | Lamborghini Huracan GT3 GTD,13,21:42:36.317,C. Engelhart,21:43:50.970,M. Bortolotti,1:14.653,17:15.320,20_PitStops_Race.PDF,1,2
2017,05_Sebring International Raceway,Sebring International Raceway,sebring-international-raceway,2017-03-18,201703181040_Race,13,13 C. Engelhart M. Bortolotti 1:14.653 17:15.320 | Rebellion Racing | ORECA P,1,11:14:08.271,N. Jani,11:15:20.029,N. Jani,1:11.758,1:11.758,20_PitStops_Race.PDF,1,2
2017,05_Sebring International Raceway,Sebring International Raceway,sebring-international-raceway,2017-03-18,201703181040_Race,13,13 C. Engelhart M. Bortolotti 1:14.653 17:15.320 | Rebellion Racing | ORECA P,2,11:22:51.230,N. Jani,11:23:23.141,N. Jani,31.911,1:43.669,20_PitStops_Race.PDF,1,2
2017,05_Sebring International Raceway,Sebring International Raceway,sebring-international-raceway,2017-03-18,201703181040_Race,13,13 C. Engelhart M. Bortolotti 1:14.653 17:15.320 | Rebellion Racing | ORECA P,3,11:47:47.053,N. Jani,11:48:55.351,N. Jani,1:08.298,2:51.967,20_PitStops_Race.PDF,2,1
2017,05_Sebring International Raceway,Sebring International Raceway,sebring-international-raceway,2017-03-18,201703181040_Race,13,13 C. Engelhart M. Bortolotti 1:14.653 17:15.320 | Rebellion Racing | ORECA P,4,12:33:06.649,N. Jani,12:38:27.195,S. Buemi,5:20.546,8:12.513,20_PitStops_Race.PDF,2,1
2017,05_Sebring International Raceway,Sebring International Raceway,sebring-international-raceway,2017-03-18,201703181040_Race,13,13 C. Engelhart M. Bortolotti 1:14.653 17:15.320 | Rebellion Racing | ORECA P,5,13:23:38.711,S. Buemi,13:24:49.103,S. Buemi,1:10.392,9:22.905,20_PitStops_Race.PDF,2,1
2017,05_Sebring International Raceway,Sebring International Raceway,sebring-international-raceway,2017-03-18,201703181040_Race,13,13 C. Engelhart M. Bortolotti 1:14.653 17:15.320 | Rebellion Racing | ORECA P,6,14:02:17.921,S. Buemi,14:03:31.695,S. Buemi,1:13.774,10:36.679,20_PitStops_Race.PDF,2,1
2017,05_Sebring International Raceway,Sebring International Raceway,sebring-international-raceway,2017-03-18,201703181040_Race,13,13 C. Engelhart M. Bortolotti 1:14.653 17:15.320 | Rebellion Racing | ORECA P,7,14:41:03.592,S. Buemi,14:42:18.438,N. Heidfeld,1:14.846,11:51.525,20_PitStops_Race.PDF,2,1
2017,05_Sebring International Raceway,Sebring International Raceway,sebring-international-raceway,2017-03-18,201703181040_Race,13,13 C. Engelhart M. Bortolotti 1:14.653 17:15.320 | Rebellion Racing | ORECA P,8,15:20:05.537,N. Heidfeld,15:21:20.076,N. Heidfeld,1:14.539,13:06.064,20_PitStops_Race.PDF,2,1
2017,05_Sebring International Raceway,Sebring International Raceway,sebring-international-raceway,2017-03-18,201703181040_Race,13,13 C. Engelhart M. Bortolotti 1:14.653 17:15.320 | Rebellion Racing | ORECA P,9,15:38:20.157,N. Heidfeld,17:37:32.292,N. Heidfeld,1:59:12.135,2:12:18.199,20_PitStops_Race.PDF,2,1
2017,05_Sebring International Raceway,Sebring International Raceway,sebring-international-raceway,2017-03-18,201703181040_Race,13,13 C. Engelhart M. Bortolotti 1:14.653 17:15.320 | Rebellion Racing | ORECA P,10,18:09:22.833,N. Heidfeld,20:49:20.273,N. Jani,2:39:57.440,4:52:15.639,20_PitStops_Race.PDF,2,1
2017,05_Sebring International Raceway,Sebring International Raceway,sebring-international-raceway,2017-03-18,201703181040_Race,13,13 C. Engelhart M. Bortolotti 1:14.653 17:15.320 | Rebellion Racing | ORECA P,11,20:51:26.939,N. Jani,20:52:01.586,N. Jani,34.647,4:52:50.286,20_PitStops_Race.PDF,2,1
2017,05_Sebring International Raceway,Sebring International Raceway,sebring-international-raceway,2017-03-18,201703181040_Race,14,11 N. Jani N. Jani 34.647 | 3GT Racing | Lexus RCF GT3 GTD,1,11:28:14.152,S. Pruett,11:29:29.925,S. Pruett,1:15.773,1:15.773,20_PitStops_Race.PDF,2,1
2017,05_Sebring International Raceway,Sebring International Raceway,sebring-international-raceway,2017-03-18,201703181040_Race,14,11 N. Jani N. Jani 34.647 | 3GT Racing | Lexus RCF GT3 GTD,2,12:34:10.717,S. Pruett,12:35:35.078,I. James,1:24.361,2:40.134,20_PitStops_Race.PDF,2,1
2017,05_Sebring International Raceway,Sebring International Raceway,sebring-international-raceway,2017-03-18,201703181040_Race,14,11 N. Jani N. Jani 34.647 | 3GT Racing | Lexus RCF GT3 GTD,3,13:19:13.349,I. James,13:20:22.686,I. James,1:09.337,3:49.471,20_PitStops_Race.PDF,2,1
2017,05_Sebring International Raceway,Sebring International Raceway,sebring-international-raceway,2017-03-18,201703181040_Race,14,11 N. Jani N. Jani 34.647 | 3GT Racing | Lexus RCF GT3 GTD,4,14:15:08.892,I. James,14:16:24.773,S. Karam,1:15.881,5:05.352,20_PitStops_Race.PDF,2,1
2017,05_Sebring International Raceway,Sebring International Raceway,sebring-international-raceway,2017-03-18,201703181040_Race,14,11 N. Jani N. Jani 34.647 | 3GT Racing | Lexus RCF GT3 GTD,5,15:04:02.387,S. Karam,15:05:28.277,S. Pruett,1:25.890,6:31.242,20_PitStops_Race.PDF,2,1
2017,05_Sebring International Raceway,Sebring International Raceway,sebring-international-raceway,2017-03-18,201703181040_Race,14,11 N. Jani N. Jani 34.647 | 3GT Racing | Lexus RCF GT3 GTD,6,15:59:40.926,S. Pruett,16:24:16.660,S. Pruett,24:35.734,31:06.976,20_PitStops_Race.PDF,2,1
2017,05_Sebring International Raceway,Sebring International Raceway,sebring-international-raceway,2017-03-18,201703181040_Race,14,11 N. Jani N. Jani 34.647 | 3GT Racing | Lexus RCF GT3 GTD,7,16:53:22.385,S. Pruett,16:54:15.344,S. Pruett,52.959,31:59.935,20_PitStops_Race.PDF,2,1
2017,05_Sebring International Raceway,Sebring International Raceway,sebring-international-raceway,2017-03-18,201703181040_Race,14,11 N. Jani N. Jani 34.647 | 3GT Racing | Lexus RCF GT3 GTD,8,17:23:17.395,S. Pruett,17:24:36.745,I. James,1:19.350,33:19.285,20_PitStops_Race.PDF,2,1
2017,05_Sebring International Raceway,Sebring International Raceway,sebring-international-raceway,2017-03-18,201703181040_Race,14,11 N. Jani N. Jani 34.647 | 3GT Racing | Lexus RCF GT3 GTD,9,17:28:51.788,I. James,17:29:40.893,I. James,49.105,34:08.390,20_PitStops_Race.PDF,2,1
2017,05_Sebring International Raceway,Sebring International Raceway,sebring-international-raceway,2017-03-18,201703181040_Race,14,11 N. Jani N. Jani 34.647 | 3GT Racing | Lexus RCF GT3 GTD,10,18:25:59.807,I. James,18:27:17.716,S. Karam,1:17.909,35:26.299,20_PitStops_Race.PDF,2,1
2017,05_Sebring International Raceway,Sebring International Raceway,sebring-international-raceway,2017-03-18,201703181040_Race,14,11 N. Jani N. Jani 34.647 | 3GT Racing | Lexus RCF GT3 GTD,11,21:15:42.318,S. Karam,21:17:57.263,S. Karam,2:14.945,37:41.244,20_PitStops_Race.PDF,2,1
2017,05_Sebring International Raceway,Sebring International Raceway,sebring-international-raceway,2017-03-18,201703181040_Race,14,11 N. Jani N. Jani 34.647 | 3GT Racing | Lexus RCF GT3 GTD,12,21:43:02.614,S. Karam,21:44:11.727,S. Karam,1:09.113,38:50.357,20_PitStops_Race.PDF,2,1
2017,05_Sebring International Raceway,Sebring International Raceway,sebring-international-raceway,2017-03-18,201703181040_Race,14,11 N. Jani N. Jani 34.647 | 3GT Racing | Lexus RCF GT3 GTD,13,22:31:39.232,S. Karam,22:32:31.602,S. Karam,52.370,39:42.727,20_PitStops_Race.PDF,2,1
2017,05_Sebring International Raceway,Sebring International Raceway,sebring-international-raceway,2017-03-18,201703181040_Race,15,13 S. Karam S. Karam 52.370 39:42.727 | 3GT Racing | Lexus RCF GT3 GTD,1,11:30:21.791,R. Alon,11:31:40.096,R. Alon,1:18.305,1:18.305,20_PitStops_Race.PDF,2,1
2017,05_Sebring International Raceway,Sebring International Raceway,sebring-international-raceway,2017-03-18,201703181040_Race,15,13 S. Karam S. Karam 52.370 39:42.727 | 3GT Racing | Lexus RCF GT3 GTD,2,12:36:18.393,R. Alon,12:37:40.513,J. Hawksworth,1:22.120,2:40.425,20_PitStops_Race.PDF,2,1
2017,05_Sebring International Raceway,Sebring International Raceway,sebring-international-raceway,2017-03-18,201703181040_Race,15,13 S. Karam S. Karam 52.370 39:42.727 | 3GT Racing | Lexus RCF GT3 GTD,3,13:19:05.208,J. Hawksworth,13:20:21.506,J. Hawksworth,1:16.298,3:56.723,20_PitStops_Race.PDF,2,1
2017,05_Sebring International Raceway,Sebring International Raceway,sebring-international-raceway,2017-03-18,201703181040_Race,15,13 S. Karam S. Karam 52.370 39:42.727 | 3GT Racing | Lexus RCF GT3 GTD,4,14:06:40.560,J. Hawksworth,14:07:56.608,J. Hawksworth,1:16.048,5:12.771,20_PitStops_Race.PDF,2,1
2017,05_Sebring International Raceway,Sebring International Raceway,sebring-international-raceway,2017-03-18,201703181040_Race,15,13 S. Karam S. Karam 52.370 39:42.727 | 3GT Racing | Lexus RCF GT3 GTD,5,14:59:28.122,J. Hawksworth,15:00:45.923,R. Alon,1:17.801,6:30.572,20_PitStops_Race.PDF,2,1
2017,05_Sebring International Raceway,Sebring International Raceway,sebring-international-raceway,2017-03-18,201703181040_Race,15,13 S. Karam S. Karam 52.370 39:42.727 | 3GT Racing | Lexus RCF GT3 GTD,6,15:54:48.867,R. Alon,15:56:06.231,R. Alon,1:17.364,7:47.936,20_PitStops_Race.PDF,2,1
2017,05_Sebring International Raceway,Sebring International Raceway,sebring-international-raceway,2017-03-18,201703181040_Race,15,13 S. Karam S. Karam 52.370 39:42.727 | 3GT Racing | Lexus RCF GT3 GTD,7,16:25:34.916,R. Alon,16:27:23.842,A. Cindric,1:48.926,9:36.862,20_PitStops_Race.PDF,2,1
2017,05_Sebring International Raceway,Sebring International Raceway,sebring-international-raceway,2017-03-18,201703181040_Race,15,13 S. Karam S. Karam 52.370 39:42.727 | 3GT Racing | Lexus RCF GT3 GTD,8,17:22:21.892,A. Cindric,17:23:42.807,A. Cindric,1:20.915,10:57.777,20_PitStops_Race.PDF,2,1
2017,05_Sebring International Raceway,Sebring International Raceway,sebring-international-raceway,2017-03-18,201703181040_Race,15,13 S. Karam S. Karam 52.370 39:42.727 | 3GT Racing | Lexus RCF GT3 GTD,9,18:09:14.423,A. Cindric,18:15:12.055,J. Hawksworth,5:57.632,16:55.409,20_PitStops_Race.PDF,2,1
2017,05_Sebring International Raceway,Sebring International Raceway,sebring-international-raceway,2017-03-18,201703181040_Race,15,13 S. Karam S. Karam 52.370 39:42.727 | 3GT Racing | Lexus RCF GT3 GTD,10,18:44:44.749,J. Hawksworth,18:46:00.318,J. Hawksworth,1:15.569,18:10.978,20_PitStops_Race.PDF,2,1
2017,05_Sebring International Raceway,Sebring International Raceway,sebring-international-raceway,2017-03-18,201703181040_Race,15,13 S. Karam S. Karam 52.370 39:42.727 | 3GT Racing | Lexus RCF GT3 GTD,11,18:48:14.631,J. Hawksworth,18:49:51.422,J. Hawksworth,1:36.791,19:47.769,20_PitStops_Race.PDF,2,1
2017,05_Sebring International Raceway,Sebring International Raceway,sebring-international-raceway,2017-03-18,201703181040_Race,15,13 S. Karam S. Karam 52.370 39:42.727 | 3GT Racing | Lexus RCF GT3 GTD,12,18:52:01.146,J. Hawksworth,18:52:34.464,J. Hawksworth,33.318,20:21.087,20_PitStops_Race.PDF,2,1
2017,05_Sebring International Raceway,Sebring International Raceway,sebring-international-raceway,2017-03-18,201703181040_Race,15,13 S. Karam S. Karam 52.370 39:42.727 | 3GT Racing | Lexus RCF GT3 GTD,13,19:05:31.189,J. Hawksworth,19:07:22.704,J. Hawksworth,1:51.515,22:12.602,20_PitStops_Race.PDF,2,1
2017,05_Sebring International Raceway,Sebring International Raceway,sebring-international-raceway,2017-03-18,201703181040_Race,15,13 S. Karam S. Karam 52.370 39:42.727 | 3GT Racing | Lexus RCF GT3 GTD,14,19:59:15.296,J. Hawksworth,20:00:44.137,A. Cindric,1:28.841,23:41.443,20_PitStops_Race.PDF,2,1
2017,05_Sebring International Raceway,Sebring International Raceway,sebring-international-raceway,2017-03-18,201703181040_Race,15,13 S. Karam S. Karam 52.370 39:42.727 | 3GT Racing | Lexus RCF GT3 GTD,15,20:20:06.811,A. Cindric,20:20:56.852,A. Cindric,50.041,24:31.484,20_PitStops_Race.PDF,2,1
2017,05_Sebring International Raceway,Sebring International Raceway,sebring-international-raceway,2017-03-18,201703181040_Race,15,13 S. Karam S. Karam 52.370 39:42.727 | 3GT Racing | Lexus RCF GT3 GTD,16,21:13:38.736,A. Cindric,21:14:57.864,J. Hawksworth,1:19.128,25:50.612,20_PitStops_Race.PDF,2,1
2017,05_Sebring International Raceway,Sebring International Raceway,sebring-international-raceway,2017-03-18,201703181040_Race,15,13 S. Karam S. Karam 52.370 39:42.727 | 3GT Racing | Lexus RCF GT3 GTD,17,21:45:45.305,J. Hawksworth,21:47:24.755,J. Hawksworth,1:39.450,27:30.062,20_PitStops_Race.PDF,2,1
2017,05_Sebring International Raceway,Sebring International Raceway,sebring-international-raceway,2017-03-18,201703181040_Race,16,17 J. Hawksworth J. Hawksworth 1:39.450 27:30.062 | Change Racing | Lamborghini Huracan GT3 GTD,1,11:27:50.972,C. Lewis,11:29:09.885,C. Lewis,1:18.913,1:18.913,20_PitStops_Race.PDF,2,1
2017,05_Sebring International Raceway,Sebring International Raceway,sebring-international-raceway,2017-03-18,201703181040_Race,16,17 J. Hawksworth J. Hawksworth 1:39.450 27:30.062 | Change Racing | Lamborghini Huracan GT3 GTD,2,12:31:54.184,C. Lewis,12:33:12.880,B. Sandberg,1:18.696,2:37.609,20_PitStops_Race.PDF,2,1
2017,05_Sebring International Raceway,Sebring International Raceway,sebring-international-raceway,2017-03-18,201703181040_Race,16,17 J. Hawksworth J. Hawksworth 1:39.450 27:30.062 | Change Racing | Lamborghini Huracan GT3 GTD,3,13:19:03.261,B. Sandberg,13:20:11.205,B. Sandberg,1:07.944,3:45.553,20_PitStops_Race.PDF,2,1
2017,05_Sebring International Raceway,Sebring International Raceway,sebring-international-raceway,2017-03-18,201703181040_Race,16,17 J. Hawksworth J. Hawksworth 1:39.450 27:30.062 | Change Racing | Lamborghini Huracan GT3 GTD,4,14:15:25.764,B. Sandberg,14:16:45.511,J. Mul,1:19.747,5:05.300,20_PitStops_Race.PDF,2,1
2017,05_Sebring International Raceway,Sebring International Raceway,sebring-international-raceway,2017-03-18,201703181040_Race,16,17 J. Hawksworth J. Hawksworth 1:39.450 27:30.062 | Change Racing | Lamborghini Huracan GT3 GTD,5,15:08:25.177,J. Mul,15:09:44.124,J. Mul,1:18.947,6:24.247,20_PitStops_Race.PDF,2,1
2017,05_Sebring International Raceway,Sebring International Raceway,sebring-international-raceway,2017-03-18,201703181040_Race,16,17 J. Hawksworth J. Hawksworth 1:39.450 27:30.062 | Change Racing | Lamborghini Huracan GT3 GTD,6,15:59:05.287,J. Mul,16:00:23.252,C. Lewis,1:17.965,7:42.212,20_PitStops_Race.PDF,2,1
2017,05_Sebring International Raceway,Sebring International Raceway,sebring-international-raceway,2017-03-18,201703181040_Race,16,17 J. Hawksworth J. Hawksworth 1:39.450 27:30.062 | Change Racing | Lamborghini Huracan GT3 GTD,7,16:59:39.605,C. Lewis,17:00:58.875,C. Lewis,1:19.270,9:01.482,20_PitStops_Race.PDF,2,1
2017,05_Sebring International Raceway,Sebring International Raceway,sebring-international-raceway,2017-03-18,201703181040_Race,16,17 J. Hawksworth J. Hawksworth 1:39.450 27:30.062 | Change Racing | Lamborghini Huracan GT3 GTD,8,17:32:18.072,C. Lewis,17:33:24.449,C. Lewis,1:06.377,10:07.859,20_PitStops_Race.PDF,2,1
2017,05_Sebring International Raceway,Sebring International Raceway,sebring-international-raceway,2017-03-18,201703181040_Race,16,17 J. Hawksworth J. Hawksworth 1:39.450 27:30.062 | Change Racing | Lamborghini Huracan GT3 GTD,9,18:22:58.293,C. Lewis,18:24:16.410,J. Mul,1:18.117,11:25.976,20_PitStops_Race.PDF,2,2
2017,05_Sebring International Raceway,Sebring International Raceway,sebring-international-raceway,2017-03-18,201703181040_Race,16,17 J. Hawksworth J. Hawksworth 1:39.450 27:30.062 | Change Racing | Lamborghini Huracan GT3 GTD,10,19:20:23.260,J. Mul,19:21:43.242,J. Mul,1:19.982,12:45.958,20_PitStops_Race.PDF,2,2
2017,05_Sebring International Raceway,Sebring International Raceway,sebring-international-raceway,2017-03-18,201703181040_Race,16,17 J. Hawksworth J. Hawksworth 1:39.450 27:30.062 | Change Racing | Lamborghini Huracan GT3 GTD,11,20:20:05.183,J. Mul,20:21:33.824,C. Lewis,1:28.641,14:14.599,20_PitStops_Race.PDF,2,2
2017,05_Sebring International Raceway,Sebring International Raceway,sebring-international-raceway,2017-03-18,201703181040_Race,16,17 J. Hawksworth J. Hawksworth 1:39.450 27:30.062 | Change Racing | Lamborghini Huracan GT3 GTD,12,21:15:35.660,C. Lewis,21:16:55.840,J. Mul,1:20.180,15:34.779,20_PitStops_Race.PDF,2,2
2017,05_Sebring International Raceway,Sebring International Raceway,sebring-international-raceway,2017-03-18,201703181040_Race,16,17 J. Hawksworth J. Hawksworth 1:39.450 27:30.062 | Change Racing | Lamborghini Huracan GT3 GTD,13,21:42:42.297,J. Mul,21:43:38.074,J. Mul,55.777,16:30.556,20_PitStops_Race.PDF,2,2
2017,05_Sebring International Raceway,Sebring International Raceway,sebring-international-raceway,2017-03-18,201703181040_Race,18,13 J. Mul J. Mul 55.777 16:30.556 | DAC Motorsports | Lamborghini Huracan GT3 GTD,1,11:29:20.184,B. Gdovic,11:30:47.634,B. Gdovic,1:27.450,1:27.450,20_PitStops_Race.PDF,2,2
2017,05_Sebring International Raceway,Sebring International Raceway,sebring-international-raceway,2017-03-18,201703181040_Race,18,13 J. Mul J. Mul 55.777 16:30.556 | DAC Motorsports | Lamborghini Huracan GT3 GTD,2,12:01:31.088,B. Gdovic,12:03:28.934,B. Gdovic,1:57.846,3:25.296,20_PitStops_Race.PDF,2,2
2017,05_Sebring International Raceway,Sebring International Raceway,sebring-international-raceway,2017-03-18,201703181040_Race,18,13 J. Mul J. Mul 55.777 16:30.556 | DAC Motorsports | Lamborghini Huracan GT3 GTD,3,12:58:03.162,B. Gdovic,13:00:18.909,E. Anassis,2:15.747,5:41.043,20_PitStops_Race.PDF,2,2
2017,05_Sebring International Raceway,Sebring International Raceway,sebring-international-raceway,2017-03-18,201703181040_Race,18,13 J. Mul J. Mul 55.777 16:30.556 | DAC Motorsports | Lamborghini Huracan GT3 GTD,4,14:03:47.523,E. Anassis,14:05:16.816,E. Anassis,1:29.293,7:10.336,20_PitStops_Race.PDF,2,2
2017,05_Sebring International Raceway,Sebring International Raceway,sebring-international-raceway,2017-03-18,201703181040_Race,18,13 J. Mul J. Mul 55.777 16:30.556 | DAC Motorsports | Lamborghini Huracan GT3 GTD,5,14:58:24.283,E. Anassis,15:00:12.595,A. Massari,1:48.312,8:58.648,20_PitStops_Race.PDF,2,2
2017,05_Sebring International Raceway,Sebring International Raceway,sebring-international-raceway,2017-03-18,201703181040_Race,18,13 J. Mul J. Mul 55.777 16:30.556 | DAC Motorsports | Lamborghini Huracan GT3 GTD,6,15:53:11.429,A. Massari,15:54:52.396,B. Gdovic,1:40.967,10:39.615,20_PitStops_Race.PDF,2,2
2017,05_Sebring International Raceway,Sebring International Raceway,sebring-international-raceway,2017-03-18,201703181040_Race,18,13 J. Mul J. Mul 55.777 16:30.556 | DAC Motorsports | Lamborghini Huracan GT3 GTD,7,16:58:09.191,B. Gdovic,16:59:48.573,A. Massari,1:39.382,12:18.997,20_PitStops_Race.PDF,2,2
2017,05_Sebring International Raceway,Sebring International Raceway,sebring-international-raceway,2017-03-18,201703181040_Race,18,13 J. Mul J. Mul 55.777 16:30.556 | DAC Motorsports | Lamborghini Huracan GT3 GTD,8,17:52:54.504,A. Massari,17:56:24.111,E. Anassis,3:29.607,15:48.604,20_PitStops_Race.PDF,2,2
2017,05_Sebring International Raceway,Sebring International Raceway,sebring-international-raceway,2017-03-18,201703181040_Race,18,13 J. Mul J. Mul 55.777 16:30.556 | DAC Motorsports | Lamborghini Huracan GT3 GTD,9,17:58:41.418,E. Anassis,19:18:10.536,B. Gdovic,1:19:29.118,1:35:17.722,20_PitStops_Race.PDF,2,2
2017,05_Sebring International Raceway,Sebring International Raceway,sebring-international-raceway,2017-03-18,201703181040_Race,18,13 J. Mul J. Mul 55.777 16:30.556 | DAC Motorsports | Lamborghini Huracan GT3 GTD,10,20:00:15.955,B. Gdovic,20:02:11.631,E. Anassis,1:55.676,1:37:13.398,20_PitStops_Race.PDF,2,2
2017,05_Sebring International Raceway,Sebring International Raceway,sebring-international-raceway,2017-03-18,201703181040_Race,18,13 J. Mul J. Mul 55.777 16:30.556 | DAC Motorsports | Lamborghini Huracan GT3 GTD,11,21:08:47.431,E. Anassis,21:10:18.564,E. Anassis,1:31.133,1:38:44.531,20_PitStops_Race.PDF,2,2
2017,05_Sebring International Raceway,Sebring International Raceway,sebring-international-raceway,2017-03-18,201703181040_Race,18,13 J. Mul J. Mul 55.777 16:30.556 | DAC Motorsports | Lamborghini Huracan GT3 GTD,12,21:45:38.259,E. Anassis,21:46:41.330,E. Anassis,1:03.071,1:39:47.602,20_PitStops_Race.PDF,2,2
2017,05_Sebring International Raceway,Sebring International Raceway,sebring-international-raceway,2017-03-18,201703181040_Race,20,12 E. Anassis E. Anassis 1:03.071 | BAR1 Motorsports | ORECA FLM09 PC,1,11:20:17.465,B. Rice,11:21:51.458,D. Yount,1:33.993,1:33.993,20_PitStops_Race.PDF,2,2
2017,05_Sebring International Raceway,Sebring International Raceway,sebring-international-raceway,2017-03-18,201703181040_Race,20,12 E. Anassis E. Anassis 1:03.071 | BAR1 Motorsports | ORECA FLM09 PC,2,11:48:46.915,D. Yount,11:49:46.129,D. Yount,59.214,2:33.207,20_PitStops_Race.PDF,2,2
2017,05_Sebring International Raceway,Sebring International Raceway,sebring-international-raceway,2017-03-18,201703181040_Race,20,12 E. Anassis E. Anassis 1:03.071 | BAR1 Motorsports | ORECA FLM09 PC,3,12:46:14.510,D. Yount,12:47:25.713,D. Yount,1:11.203,3:44.410,20_PitStops_Race.PDF,2,2
2017,05_Sebring International Raceway,Sebring International Raceway,sebring-international-raceway,2017-03-18,201703181040_Race,20,12 E. Anassis E. Anassis 1:03.071 | BAR1 Motorsports | ORECA FLM09 PC,4,13:25:19.883,D. Yount,13:27:31.477,M. Kvamme,2:11.594,5:56.004,20_PitStops_Race.PDF,2,2
2017,05_Sebring International Raceway,Sebring International Raceway,sebring-international-raceway,2017-03-18,201703181040_Race,20,12 E. Anassis E. Anassis 1:03.071 | BAR1 Motorsports | ORECA FLM09 PC,5,14:10:07.510,M. Kvamme,14:40:02.655,D. Burkett,29:55.145,35:51.149,20_PitStops_Race.PDF,2,2
2017,05_Sebring International Raceway,Sebring International Raceway,sebring-international-raceway,2017-03-18,201703181040_Race,20,12 E. Anassis E. Anassis 1:03.071 | BAR1 Motorsports | ORECA FLM09 PC,6,14:54:19.652,D. Burkett,15:10:37.242,D. Burkett,16:17.590,52:08.739,20_PitStops_Race.PDF,2,2
2017,05_Sebring International Raceway,Sebring International Raceway,sebring-international-raceway,2017-03-18,201703181040_Race,20,12 E. Anassis E. Anassis 1:03.071 | BAR1 Motorsports | ORECA FLM09 PC,7,15:22:57.464,D. Burkett,15:31:40.849,D. Burkett,8:43.385,1:00:52.124,20_PitStops_Race.PDF,2,2
2017,05_Sebring International Raceway,Sebring International Raceway,sebring-international-raceway,2017-03-18,201703181040_Race,20,12 E. Anassis E. Anassis 1:03.071 | BAR1 Motorsports | ORECA FLM09 PC,8,15:37:59.161,D. Burkett,15:39:15.902,D. Burkett,1:16.741,1:02:08.865,20_PitStops_Race.PDF,2,2
2017,05_Sebring International Raceway,Sebring International Raceway,sebring-international-raceway,2017-03-18,201703181040_Race,20,12 E. Anassis E. Anassis 1:03.071 | BAR1 Motorsports | ORECA FLM09 PC,9,16:21:29.282,D. Burkett,16:22:38.557,D. Burkett,1:09.275,1:03:18.140,20_PitStops_Race.PDF,2,2
2017,05_Sebring International Raceway,Sebring International Raceway,sebring-international-raceway,2017-03-18,201703181040_Race,20,12 E. Anassis E. Anassis 1:03.071 | BAR1 Motorsports | ORECA FLM09 PC,10,17:18:51.431,D. Burkett,17:20:17.560,D. Yount,1:26.129,1:04:44.269,20_PitStops_Race.PDF,2,2
2017,05_Sebring International Raceway,Sebring International Raceway,sebring-international-raceway,2017-03-18,201703181040_Race,20,12 E. Anassis E. Anassis 1:03.071 | BAR1 Motorsports | ORECA FLM09 PC,11,18:11:44.373,D. Yount,18:12:54.832,D. Yount,1:10.459,1:05:54.728,20_PitStops_Race.PDF,2,2
2017,05_Sebring International Raceway,Sebring International Raceway,sebring-international-raceway,2017-03-18,201703181040_Race,20,12 E. Anassis E. Anassis 1:03.071 | BAR1 Motorsports | ORECA FLM09 PC,12,18:25:35.434,D. Yount,18:27:07.651,M. Kvamme,1:32.217,1:07:26.945,20_PitStops_Race.PDF,2,2
2017,05_Sebring International Raceway,Sebring International Raceway,sebring-international-raceway,2017-03-18,201703181040_Race,20,12 E. Anassis E. Anassis 1:03.071 | BAR1 Motorsports | ORECA FLM09 PC,13,19:27:02.986,M. Kvamme,19:28:47.062,D. Burkett,1:44.076,1:09:11.021,20_PitStops_Race.PDF,2,2
2017,05_Sebring International Raceway,Sebring International Raceway,sebring-international-raceway,2017-03-18,201703181040_Race,20,12 E. Anassis E. Anassis 1:03.071 | BAR1 Motorsports | ORECA FLM09 PC,14,20:16:47.719,D. Burkett,20:17:54.354,D. Burkett,1:06.635,1:10:17.656,20_PitStops_Race.PDF,2,2
2017,05_Sebring International Raceway,Sebring International Raceway,sebring-international-raceway,2017-03-18,201703181040_Race,20,12 E. Anassis E. Anassis 1:03.071 | BAR1 Motorsports | ORECA FLM09 PC,15,20:36:16.258,D. Burkett,20:37:47.532,B. Rice,1:31.274,1:11:48.930,20_PitStops_Race.PDF,2,2
2017,05_Sebring International Raceway,Sebring International Raceway,sebring-international-raceway,2017-03-18,201703181040_Race,20,12 E. Anassis E. Anassis 1:03.071 | BAR1 Motorsports | ORECA FLM09 PC,16,21:24:14.903,B. Rice,21:25:26.626,B. Rice,1:11.723,1:13:00.653,20_PitStops_Race.PDF,2,2
2017,05_Sebring International Raceway,Sebring International Raceway,sebring-international-raceway,2017-03-18,201703181040_Race,20,12 E. Anassis E. Anassis 1:03.071 | BAR1 Motorsports | ORECA FLM09 PC,17,21:52:36.331,B. Rice,21:53:09.361,B. Rice,33.030,1:13:33.683,20_PitStops_Race.PDF,2,2
2017,05_Sebring International Raceway,Sebring International Raceway,sebring-international-raceway,2017-03-18,201703181040_Race,20,12 E. Anassis E. Anassis 1:03.071 | BAR1 Motorsports | ORECA FLM09 PC,18,22:21:34.410,B. Rice,22:23:10.742,D. Burkett,1:36.332,1:15:10.015,20_PitStops_Race.PDF,2,2
2017,05_Sebring International Raceway,Sebring International Raceway,sebring-international-raceway,2017-03-18,201703181040_Race,22,18 B. Rice D. Burkett 1:36.332 | Tequila Patron ESM | Nissan DPi P,1,11:18:20.658,B. Hartley,11:20:57.115,E. Brown,2:36.457,2:36.457,20_PitStops_Race.PDF,2,2
2017,05_Sebring International Raceway,Sebring International Raceway,sebring-international-raceway,2017-03-18,201703181040_Race,22,18 B. Rice D. Burkett 1:36.332 | Tequila Patron ESM | Nissan DPi P,2,11:48:07.987,E. Brown,11:49:29.549,E. Brown,1:21.562,3:58.019,20_PitStops_Race.PDF,2,2
2017,05_Sebring International Raceway,Sebring International Raceway,sebring-international-raceway,2017-03-18,201703181040_Race,22,18 B. Rice D. Burkett 1:36.332 | Tequila Patron ESM | Nissan DPi P,3,12:22:50.847,E. Brown,12:24:12.338,J. van Overbeek,1:21.491,5:19.510,20_PitStops_Race.PDF,2,2
2017,05_Sebring International Raceway,Sebring International Raceway,sebring-international-raceway,2017-03-18,201703181040_Race,22,18 B. Rice D. Burkett 1:36.332 | Tequila Patron ESM | Nissan DPi P,4,13:04:28.141,J. van Overbeek,13:05:41.050,J. van Overbeek,1:12.909,6:32.419,20_PitStops_Race.PDF,2,2
2017,05_Sebring International Raceway,Sebring International Raceway,sebring-international-raceway,2017-03-18,201703181040_Race,22,18 B. Rice D. Burkett 1:36.332 | Tequila Patron ESM | Nissan DPi P,5,13:56:26.139,J. van Overbeek,13:57:49.582,B. Senna,1:23.443,7:55.862,20_PitStops_Race.PDF,2,2
2017,05_Sebring International Raceway,Sebring International Raceway,sebring-international-raceway,2017-03-18,201703181040_Race,22,18 B. Rice D. Burkett 1:36.332 | Tequila Patron ESM | Nissan DPi P,6,14:39:44.514,B. Senna,14:40:52.792,B. Senna,1:08.278,9:04.140,20_PitStops_Race.PDF,2,2
2017,05_Sebring International Raceway,Sebring International Raceway,sebring-international-raceway,2017-03-18,201703181040_Race,22,18 B. Rice D. Burkett 1:36.332 | Tequila Patron ESM | Nissan DPi P,7,15:22:40.593,B. Senna,15:23:48.704,B. Senna,1:08.111,10:12.251,20_PitStops_Race.PDF,2,2
2017,05_Sebring International Raceway,Sebring International Raceway,sebring-international-raceway,2017-03-18,201703181040_Race,23,7 B. Senna B. Senna 1:08.111 10:12.251 | Alex Job Racing | Audi R8 LMS GT3 GTD,1,11:28:33.193,T. Bell,11:30:25.806,B. Sweedler,1:52.613,1:52.613,20_PitStops_Race.PDF,2,2
2017,05_Sebring International Raceway,Sebring International Raceway,sebring-international-raceway,2017-03-18,201703181040_Race,23,7 B. Senna B. Senna 1:08.111 10:12.251 | Alex Job Racing | Audi R8 LMS GT3 GTD,2,11:51:48.230,B. Sweedler,11:53:30.322,B. Sweedler,1:42.092,3:34.705,20_PitStops_Race.PDF,2,2
2017,05_Sebring International Raceway,Sebring International Raceway,sebring-international-raceway,2017-03-18,201703181040_Race,23,7 B. Senna B. Senna 1:08.111 10:12.251 | Alex Job Racing | Audi R8 LMS GT3 GTD,3,12:47:39.822,B. Sweedler,12:48:56.093,B. Sweedler,1:16.271,4:50.976,20_PitStops_Race.PDF,3,1
2017,05_Sebring International Raceway,Sebring International Raceway,sebring-international-raceway,2017-03-18,201703181040_Race,23,7 B. Senna B. Senna 1:08.111 10:12.251 | Alex Job Racing | Audi R8 LMS GT3 GTD,4,13:19:24.708,B. Sweedler,13:20:33.172,B. Sweedler,1:08.464,5:59.440,20_PitStops_Race.PDF,3,1
2017,05_Sebring International Raceway,Sebring International Raceway,sebring-international-raceway,2017-03-18,201703181040_Race,23,7 B. Senna B. Senna 1:08.111 10:12.251 | Alex Job Racing | Audi R8 LMS GT3 GTD,5,14:05:26.399,B. Sweedler,14:06:40.588,F. Montecalvo,1:14.189,7:13.629,20_PitStops_Race.PDF,3,1
2017,05_Sebring International Raceway,Sebring International Raceway,sebring-international-raceway,2017-03-18,201703181040_Race,23,7 B. Senna B. Senna 1:08.111 10:12.251 | Alex Job Racing | Audi R8 LMS GT3 GTD,6,14:46:22.327,F. Montecalvo,14:48:10.521,B. Sweedler,1:48.194,9:01.823,20_PitStops_Race.PDF,3,1
2017,05_Sebring International Raceway,Sebring International Raceway,sebring-international-raceway,2017-03-18,201703181040_Race,23,7 B. Senna B. Senna 1:08.111 10:12.251 | Alex Job Racing | Audi R8 LMS GT3 GTD,7,15:30:24.705,B. Sweedler,15:31:38.014,F. Montecalvo,1:13.309,10:15.132,20_PitStops_Race.PDF,3,1
2017,05_Sebring International Raceway,Sebring International Raceway,sebring-international-raceway,2017-03-18,201703181040_Race,23,7 B. Senna B. Senna 1:08.111 10:12.251 | Alex Job Racing | Audi R8 LMS GT3 GTD,8,16:30:42.366,F. Montecalvo,16:32:01.548,T. Bell,1:19.182,11:34.314,20_PitStops_Race.PDF,3,1
2017,05_Sebring International Raceway,Sebring International Raceway,sebring-international-raceway,2017-03-18,201703181040_Race,23,7 B. Senna B. Senna 1:08.111 10:12.251 | Alex Job Racing | Audi R8 LMS GT3 GTD,9,17:19:43.734,T. Bell,17:20:57.979,T. Bell,1:14.245,12:48.559,20_PitStops_Race.PDF,3,1
2017,05_Sebring International Raceway,Sebring International Raceway,sebring-international-raceway,2017-03-18,201703181040_Race,23,7 B. Senna B. Senna 1:08.111 10:12.251 | Alex Job Racing | Audi R8 LMS GT3 GTD,10,18:08:45.075,T. Bell,18:10:03.510,F. Montecalvo,1:18.435,14:06.994,20_PitStops_Race.PDF,3,1
2017,05_Sebring International Raceway,Sebring International Raceway,sebring-international-raceway,2017-03-18,201703181040_Race,23,7 B. Senna B. Senna 1:08.111 10:12.251 | Alex Job Racing | Audi R8 LMS GT3 GTD,11,18:53:25.724,F. Montecalvo,18:54:38.527,B. Sweedler,1:12.803,15:19.797,20_PitStops_Race.PDF,3,1
2017,05_Sebring International Raceway,Sebring International Raceway,sebring-international-raceway,2017-03-18,201703181040_Race,23,7 B. Senna B. Senna 1:08.111 10:12.251 | Alex Job Racing | Audi R8 LMS GT3 GTD,12,19:11:28.871,B. Sweedler,19:29:20.422,F. Montecalvo,17:51.551,33:11.348,20_PitStops_Race.PDF,3,1
2017,05_Sebring International Raceway,Sebring International Raceway,sebring-international-raceway,2017-03-18,201703181040_Race,23,7 B. Senna B. Senna 1:08.111 10:12.251 | Alex Job Racing | Audi R8 LMS GT3 GTD,13,20:20:13.695,F. Montecalvo,20:21:26.278,F. Montecalvo,1:12.583,34:23.931,20_PitStops_Race.PDF,3,1
2017,05_Sebring International Raceway,Sebring International Raceway,sebring-international-raceway,2017-03-18,201703181040_Race,23,7 B. Senna B. Senna 1:08.111 10:12.251 | Alex Job Racing | Audi R8 LMS GT3 GTD,14,20:24:31.582,F. Montecalvo,20:26:23.002,F. Montecalvo,1:51.420,36:15.351,20_PitStops_Race.PDF,3,1
2017,05_Sebring International Raceway,Sebring International Raceway,sebring-international-raceway,2017-03-18,201703181040_Race,23,7 B. Senna B. Senna 1:08.111 10:12.251 | Alex Job Racing | Audi R8 LMS GT3 GTD,15,21:14:11.736,F. Montecalvo,21:16:57.098,T. Bell,2:45.362,39:00.713,20_PitStops_Race.PDF,3,1
2017,05_Sebring International Raceway,Sebring International Raceway,sebring-international-raceway,2017-03-18,201703181040_Race,23,7 B. Senna B. Senna 1:08.111 10:12.251 | Alex Job Racing | Audi R8 LMS GT3 GTD,16,21:42:55.535,T. Bell,21:45:38.985,T. Bell,2:43.450,41:44.163,20_PitStops_Race.PDF,3,1
2017,05_Sebring International Raceway,Sebring International Raceway,sebring-international-raceway,2017-03-18,201703181040_Race,23,7 B. Senna B. Senna 1:08.111 10:12.251 | Alex Job Racing | Audi R8 LMS GT3 GTD,17,22:05:42.862,T. Bell,22:08:46.128,T. Bell,3:03.266,44:47.429,20_PitStops_Race.PDF,3,1
2017,05_Sebring International Raceway,Sebring International Raceway,sebring-international-raceway,2017-03-18,201703181040_Race,24,17 T. Bell T. Bell 3:03.266 44:47.429 | BMW Team RLL | BMW M6 GTLM GTLM,1,11:17:08.300,N. Catsburg,11:33:36.383,N. Catsburg,16:28.083,16:28.083,20_PitStops_Race.PDF,3,1
2017,05_Sebring International Raceway,Sebring International Raceway,sebring-international-raceway,2017-03-18,201703181040_Race,24,17 T. Bell T. Bell 3:03.266 44:47.429 | BMW Team RLL | BMW M6 GTLM GTLM,2,12:41:21.140,N. Catsburg,12:42:31.670,M. Tomczyk,1:10.530,17:38.613,20_PitStops_Race.PDF,3,1
2017,05_Sebring International Raceway,Sebring International Raceway,sebring-international-raceway,2017-03-18,201703181040_Race,24,17 T. Bell T. Bell 3:03.266 44:47.429 | BMW Team RLL | BMW M6 GTLM GTLM,3,12:45:21.536,M. Tomczyk,12:46:23.402,M. Tomczyk,1:01.866,18:40.479,20_PitStops_Race.PDF,3,1
2017,05_Sebring International Raceway,Sebring International Raceway,sebring-international-raceway,2017-03-18,201703181040_Race,24,17 T. Bell T. Bell 3:03.266 44:47.429 | BMW Team RLL | BMW M6 GTLM GTLM,4,13:19:06.314,M. Tomczyk,13:20:05.530,M. Tomczyk,59.216,19:39.695,20_PitStops_Race.PDF,3,1
2017,05_Sebring International Raceway,Sebring International Raceway,sebring-international-raceway,2017-03-18,201703181040_Race,24,17 T. Bell T. Bell 3:03.266 44:47.429 | BMW Team RLL | BMW M6 GTLM GTLM,5,14:15:30.951,M. Tomczyk,14:16:42.362,J. Edwards,1:11.411,20:51.106,20_PitStops_Race.PDF,3,1
2017,05_Sebring International Raceway,Sebring International Raceway,sebring-international-raceway,2017-03-18,201703181040_Race,24,17 T. Bell T. Bell 3:03.266 44:47.429 | BMW Team RLL | BMW M6 GTLM GTLM,6,15:13:00.206,J. Edwards,15:14:10.513,J. Edwards,1:10.307,22:01.413,20_PitStops_Race.PDF,3,1
2017,05_Sebring International Raceway,Sebring International Raceway,sebring-international-raceway,2017-03-18,201703181040_Race,24,17 T. Bell T. Bell 3:03.266 44:47.429 | BMW Team RLL | BMW M6 GTLM GTLM,7,16:12:30.054,J. Edwards,16:13:40.515,N. Catsburg,1:10.461,23:11.874,20_PitStops_Race.PDF,3,1
2017,05_Sebring International Raceway,Sebring International Raceway,sebring-international-raceway,2017-03-18,201703181040_Race,25,7 J. Edwards N. Catsburg 1:10.461 23:11.874 | BMW Team RLL | BMW M6 GTLM GTLM,1,11:30:46.069,A. Sims,11:31:54.271,A. Sims,1:08.202,1:08.202,20_PitStops_Race.PDF,3,1
2017,05_Sebring International Raceway,Sebring International Raceway,sebring-international-raceway,2017-03-18,201703181040_Race,25,7 J. Edwards N. Catsburg 1:10.461 23:11.874 | BMW Team RLL | BMW M6 GTLM GTLM,2,12:37:16.256,A. Sims,12:38:25.084,B. Auberlen,1:08.828,2:17.030,20_PitStops_Race.PDF,3,1
2017,05_Sebring International Raceway,Sebring International Raceway,sebring-international-raceway,2017-03-18,201703181040_Race,25,7 J. Edwards N. Catsburg 1:10.461 23:11.874 | BMW Team RLL | BMW M6 GTLM GTLM,3,13:43:05.177,B. Auberlen,13:44:12.703,B. Auberlen,1:07.526,3:24.556,20_PitStops_Race.PDF,3,1
2017,05_Sebring International Raceway,Sebring International Raceway,sebring-international-raceway,2017-03-18,201703181040_Race,25,7 J. Edwards N. Catsburg 1:10.461 23:11.874 | BMW Team RLL | BMW M6 GTLM GTLM,4,14:38:31.904,B. Auberlen,14:39:40.467,K. Wittmer,1:08.563,4:33.119,20_PitStops_Race.PDF,3,1
2017,05_Sebring International Raceway,Sebring International Raceway,sebring-international-raceway,2017-03-18,201703181040_Race,25,7 J. Edwards N. Catsburg 1:10.461 23:11.874 | BMW Team RLL | BMW M6 GTLM GTLM,5,15:38:56.813,K. Wittmer,15:40:06.644,K. Wittmer,1:09.831,5:42.950,20_PitStops_Race.PDF,3,1
2017,05_Sebring International Raceway,Sebring International Raceway,sebring-international-raceway,2017-03-18,201703181040_Race,25,7 J. Edwards N. Catsburg 1:10.461 23:11.874 | BMW Team RLL | BMW M6 GTLM GTLM,6,16:25:22.578,K. Wittmer,16:26:45.158,A. Sims,1:22.580,7:05.530,20_PitStops_Race.PDF,3,1
2017,05_Sebring International Raceway,Sebring International Raceway,sebring-international-raceway,2017-03-18,201703181040_Race,25,7 J. Edwards N. Catsburg 1:10.461 23:11.874 | BMW Team RLL | BMW M6 GTLM GTLM,7,17:23:03.941,A. Sims,17:24:11.807,A. Sims,1:07.866,8:13.396,20_PitStops_Race.PDF,3,1
2017,05_Sebring International Raceway,Sebring International Raceway,sebring-international-raceway,2017-03-18,201703181040_Race,25,7 J. Edwards N. Catsburg 1:10.461 23:11.874 | BMW Team RLL | BMW M6 GTLM GTLM,8,18:18:40.503,A. Sims,18:19:50.556,B. Auberlen,1:10.053,9:23.449,20_PitStops_Race.PDF,3,1
2017,05_Sebring International Raceway,Sebring International Raceway,sebring-international-raceway,2017-03-18,201703181040_Race,25,7 J. Edwards N. Catsburg 1:10.461 23:11.874 | BMW Team RLL | BMW M6 GTLM GTLM,9,19:25:39.664,B. Auberlen,19:26:50.432,K. Wittmer,1:10.768,10:34.217,20_PitStops_Race.PDF,3,1
2017,05_Sebring International Raceway,Sebring International Raceway,sebring-international-raceway,2017-03-18,201703181040_Race,25,7 J. Edwards N. Catsburg 1:10.461 23:11.874 | BMW Team RLL | BMW M6 GTLM GTLM,10,20:20:10.454,K. Wittmer,20:21:20.340,A. Sims,1:09.886,11:44.103,20_PitStops_Race.PDF,3,1
2017,05_Sebring International Raceway,Sebring International Raceway,sebring-international-raceway,2017-03-18,201703181040_Race,25,7 J. Edwards N. Catsburg 1:10.461 23:11.874 | BMW Team RLL | BMW M6 GTLM GTLM,11,21:20:18.221,A. Sims,21:21:28.487,B. Auberlen,1:10.266,12:54.369,20_PitStops_Race.PDF,3,1
2017,05_Sebring International Raceway,Sebring International Raceway,sebring-international-raceway,2017-03-18,201703181040_Race,25,7 J. Edwards N. Catsburg 1:10.461 23:11.874 | BMW Team RLL | BMW M6 GTLM GTLM,12,21:45:27.346,B. Auberlen,21:46:16.672,B. Auberlen,49.326,13:43.695,20_PitStops_Race.PDF,3,1
2017,05_Sebring International Raceway,Sebring International Raceway,sebring-international-raceway,2017-03-18,201703181040_Race,26,12 B. Auberlen B. Auberlen 49.326 13:43.695 | BAR 1 Motorsports | ORECA FLM09 PC,1,11:19:39.471,G. Yacaman,11:20:49.636,G. Yacaman,1:10.165,1:10.165,20_PitStops_Race.PDF,3,1
2017,05_Sebring International Raceway,Sebring International Raceway,sebring-international-raceway,2017-03-18,201703181040_Race,26,12 B. Auberlen B. Auberlen 49.326 13:43.695 | BAR 1 Motorsports | ORECA FLM09 PC,2,11:47:57.287,G. Yacaman,11:49:15.518,M. Drumwright,1:18.231,2:28.396,20_PitStops_Race.PDF,3,1
2017,05_Sebring International Raceway,Sebring International Raceway,sebring-international-raceway,2017-03-18,201703181040_Race,26,12 B. Auberlen B. Auberlen 49.326 13:43.695 | BAR 1 Motorsports | ORECA FLM09 PC,3,12:44:38.312,M. Drumwright,12:45:55.816,M. Drumwright,1:17.504,3:45.900,20_PitStops_Race.PDF,3,1
2017,05_Sebring International Raceway,Sebring International Raceway,sebring-international-raceway,2017-03-18,201703181040_Race,26,12 B. Auberlen B. Auberlen 49.326 13:43.695 | BAR 1 Motorsports | ORECA FLM09 PC,4,13:22:59.790,M. Drumwright,13:24:19.904,M. Drumwright,1:20.114,5:06.014,20_PitStops_Race.PDF,3,1
2017,05_Sebring International Raceway,Sebring International Raceway,sebring-international-raceway,2017-03-18,201703181040_Race,26,12 B. Auberlen B. Auberlen 49.326 13:43.695 | BAR 1 Motorsports | ORECA FLM09 PC,5,14:13:58.078,M. Drumwright,14:15:45.330,C. Thompson,1:47.252,6:53.266,20_PitStops_Race.PDF,3,1
2017,05_Sebring International Raceway,Sebring International Raceway,sebring-international-raceway,2017-03-18,201703181040_Race,26,12 B. Auberlen B. Auberlen 49.326 13:43.695 | BAR 1 Motorsports | ORECA FLM09 PC,6,14:17:51.773,C. Thompson,14:18:24.664,C. Thompson,32.891,7:26.157,20_PitStops_Race.PDF,3,1
2017,05_Sebring International Raceway,Sebring International Raceway,sebring-international-raceway,2017-03-18,201703181040_Race,26,12 B. Auberlen B. Auberlen 49.326 13:43.695 | BAR 1 Motorsports | ORECA FLM09 PC,7,15:04:00.013,C. Thompson,15:05:33.998,C. Thompson,1:33.985,9:00.142,20_PitStops_Race.PDF,3,1
2017,05_Sebring International Raceway,Sebring International Raceway,sebring-international-raceway,2017-03-18,201703181040_Race,26,12 B. Auberlen B. Auberlen 49.326 13:43.695 | BAR 1 Motorsports | ORECA FLM09 PC,8,15:51:19.315,C. Thompson,15:52:51.768,C. Ducote,1:32.453,10:32.595,20_PitStops_Race.PDF,3,1
2017,05_Sebring International Raceway,Sebring International Raceway,sebring-international-raceway,2017-03-18,201703181040_Race,26,12 B. Auberlen B. Auberlen 49.326 13:43.695 | BAR 1 Motorsports | ORECA FLM09 PC,9,16:21:27.779,C. Ducote,16:22:36.534,C. Ducote,1:08.755,11:41.350,20_PitStops_Race.PDF,3,1
2017,05_Sebring International Raceway,Sebring International Raceway,sebring-international-raceway,2017-03-18,201703181040_Race,26,12 B. Auberlen B. Auberlen 49.326 13:43.695 | BAR 1 Motorsports | ORECA FLM09 PC,10,17:15:13.595,C. Ducote,17:16:30.371,C. Ducote,1:16.776,12:58.126,20_PitStops_Race.PDF,3,1
2017,05_Sebring International Raceway,Sebring International Raceway,sebring-international-raceway,2017-03-18,201703181040_Race,26,12 B. Auberlen B. Auberlen 49.326 13:43.695 | BAR 1 Motorsports | ORECA FLM09 PC,11,17:48:50.500,C. Ducote,17:50:04.556,C. Ducote,1:14.056,14:12.182,20_PitStops_Race.PDF,3,1
2017,05_Sebring International Raceway,Sebring International Raceway,sebring-international-raceway,2017-03-18,201703181040_Race,26,12 B. Auberlen B. Auberlen 49.326 13:43.695 | BAR 1 Motorsports | ORECA FLM09 PC,12,18:14:36.398,C. Ducote,18:15:57.727,C. Ducote,1:21.329,15:33.511,20_PitStops_Race.PDF,3,1
2017,05_Sebring International Raceway,Sebring International Raceway,sebring-international-raceway,2017-03-18,201703181040_Race,26,12 B. Auberlen B. Auberlen 49.326 13:43.695 | BAR 1 Motorsports | ORECA FLM09 PC,13,18:57:42.085,C. Ducote,18:59:09.045,C. Thompson,1:26.960,17:00.471,20_PitStops_Race.PDF,3,1
2017,05_Sebring International Raceway,Sebring International Raceway,sebring-international-raceway,2017-03-18,201703181040_Race,26,12 B. Auberlen B. Auberlen 49.326 13:43.695 | BAR 1 Motorsports | ORECA FLM09 PC,14,19:47:11.179,C. Thompson,19:48:46.602,C. Thompson,1:35.423,18:35.894,20_PitStops_Race.PDF,3,2
2017,05_Sebring International Raceway,Sebring International Raceway,sebring-international-raceway,2017-03-18,201703181040_Race,26,12 B. Auberlen B. Auberlen 49.326 13:43.695 | BAR 1 Motorsports | ORECA FLM09 PC,15,20:23:22.844,C. Thompson,20:31:35.940,C. Thompson,8:13.096,26:48.990,20_PitStops_Race.PDF,3,2
2017,05_Sebring International Raceway,Sebring International Raceway,sebring-international-raceway,2017-03-18,201703181040_Race,26,12 B. Auberlen B. Auberlen 49.326 13:43.695 | BAR 1 Motorsports | ORECA FLM09 PC,16,21:19:40.114,C. Thompson,21:21:07.523,C. Ducote,1:27.409,28:16.399,20_PitStops_Race.PDF,3,2
2017,05_Sebring International Raceway,Sebring International Raceway,sebring-international-raceway,2017-03-18,201703181040_Race,26,12 B. Auberlen B. Auberlen 49.326 13:43.695 | BAR 1 Motorsports | ORECA FLM09 PC,17,21:23:27.959,C. Ducote,21:24:50.539,G. Yacaman,1:22.580,29:38.979,20_PitStops_Race.PDF,3,2
2017,05_Sebring International Raceway,Sebring International Raceway,sebring-international-raceway,2017-03-18,201703181040_Race,26,12 B. Auberlen B. Auberlen 49.326 13:43.695 | BAR 1 Motorsports | ORECA FLM09 PC,18,22:20:22.306,G. Yacaman,22:21:28.357,G. Yacaman,1:06.051,30:45.030,20_PitStops_Race.PDF,3,2
2017,05_Sebring International Raceway,Sebring International Raceway,sebring-international-raceway,2017-03-18,201703181040_Race,27,18 G. Yacaman G. Yacaman 1:06.051 30:45.030 | Dream Racing Motorsport | Lamborghini Huracan GT3 GTD,1,10:42:51.139,C. Sbirrazzuoli,10:43:24.214,P. Ruberti,33.075,33.075,20_PitStops_Race.PDF,3,2
2017,05_Sebring International Raceway,Sebring International Raceway,sebring-international-raceway,2017-03-18,201703181040_Race,27,18 G. Yacaman G. Yacaman 1:06.051 30:45.030 | Dream Racing Motorsport | Lamborghini Huracan GT3 GTD,2,11:28:49.081,P. Ruberti,11:30:06.109,L. Persiani,1:17.028,1:50.103,20_PitStops_Race.PDF,3,2
2017,05_Sebring International Raceway,Sebring International Raceway,sebring-international-raceway,2017-03-18,201703181040_Race,27,18 G. Yacaman G. Yacaman 1:06.051 30:45.030 | Dream Racing Motorsport | Lamborghini Huracan GT3 GTD,3,12:01:28.091,L. Persiani,12:06:10.729,L. Persiani,4:42.638,6:32.741,20_PitStops_Race.PDF,3,2
2017,05_Sebring International Raceway,Sebring International Raceway,sebring-international-raceway,2017-03-18,201703181040_Race,27,18 G. Yacaman G. Yacaman 1:06.051 30:45.030 | Dream Racing Motorsport | Lamborghini Huracan GT3 GTD,4,12:35:18.281,L. Persiani,12:36:34.667,C. Sbirrazzuoli,1:16.386,7:49.127,20_PitStops_Race.PDF,3,2
2017,05_Sebring International Raceway,Sebring International Raceway,sebring-international-raceway,2017-03-18,201703181040_Race,27,18 G. Yacaman G. Yacaman 1:06.051 30:45.030 | Dream Racing Motorsport | Lamborghini Huracan GT3 GTD,5,13:22:56.383,C. Sbirrazzuoli,13:24:03.992,P. Ruberti,1:07.609,8:56.736,20_PitStops_Race.PDF,3,2
2017,05_Sebring International Raceway,Sebring International Raceway,sebring-international-raceway,2017-03-18,201703181040_Race,27,18 G. Yacaman G. Yacaman 1:06.051 30:45.030 | Dream Racing Motorsport | Lamborghini Huracan GT3 GTD,6,14:17:57.854,P. Ruberti,14:19:15.775,L. Persiani,1:17.921,10:14.657,20_PitStops_Race.PDF,3,2
2017,05_Sebring International Raceway,Sebring International Raceway,sebring-international-raceway,2017-03-18,201703181040_Race,27,18 G. Yacaman G. Yacaman 1:06.051 30:45.030 | Dream Racing Motorsport | Lamborghini Huracan GT3 GTD,7,15:11:12.220,L. Persiani,15:12:29.154,C. Sbirrazzuoli,1:16.934,11:31.591,20_PitStops_Race.PDF,3,2
2017,05_Sebring International Raceway,Sebring International Raceway,sebring-international-raceway,2017-03-18,201703181040_Race,27,18 G. Yacaman G. Yacaman 1:06.051 30:45.030 | Dream Racing Motorsport | Lamborghini Huracan GT3 GTD,8,16:06:48.834,C. Sbirrazzuoli,16:08:06.080,P. Ruberti,1:17.246,12:48.837,20_PitStops_Race.PDF,3,2
2017,05_Sebring International Raceway,Sebring International Raceway,sebring-international-raceway,2017-03-18,201703181040_Race,27,18 G. Yacaman G. Yacaman 1:06.051 30:45.030 | Dream Racing Motorsport | Lamborghini Huracan GT3 GTD,9,17:10:28.621,P. Ruberti,17:11:46.833,L. Persiani,1:18.212,14:07.049,20_PitStops_Race.PDF,3,2
2017,05_Sebring International Raceway,Sebring International Raceway,sebring-international-raceway,2017-03-18,201703181040_Race,27,18 G. Yacaman G. Yacaman 1:06.051 30:45.030 | Dream Racing Motorsport | Lamborghini Huracan GT3 GTD,10,18:05:51.078,L. Persiani,18:07:14.315,C. Sbirrazzuoli,1:23.237,15:30.286,20_PitStops_Race.PDF,3,2
2017,05_Sebring International Raceway,Sebring International Raceway,sebring-international-raceway,2017-03-18,201703181040_Race,27,18 G. Yacaman G. Yacaman 1:06.051 30:45.030 | Dream Racing Motorsport | Lamborghini Huracan GT3 GTD,11,18:53:27.585,C. Sbirrazzuoli,18:54:38.358,L. Persiani,1:10.773,16:41.059,20_PitStops_Race.PDF,3,2
2017,05_Sebring International Raceway,Sebring International Raceway,sebring-international-raceway,2017-03-18,201703181040_Race,27,18 G. Yacaman G. Yacaman 1:06.051 30:45.030 | Dream Racing Motorsport | Lamborghini Huracan GT3 GTD,12,19:42:37.963,L. Persiani,19:43:52.688,P. Ruberti,1:14.725,17:55.784,20_PitStops_Race.PDF,3,2
2017,05_Sebring International Raceway,Sebring International Raceway,sebring-international-raceway,2017-03-18,201703181040_Race,28,12 L. Persiani P. Ruberti 1:14.725 17:55.784 | Alegra Motorsports | Porsche 911 GT3 R GTD,1,11:32:39.100,D. Morad,11:33:59.101,M. de Quesada,1:20.001,1:20.001,20_PitStops_Race.PDF,3,2
2017,05_Sebring International Raceway,Sebring International Raceway,sebring-international-raceway,2017-03-18,201703181040_Race,28,12 L. Persiani P. Ruberti 1:14.725 17:55.784 | Alegra Motorsports | Porsche 911 GT3 R GTD,2,11:51:33.623,M. de Quesada,11:52:23.890,M. de Quesada,50.267,2:10.268,20_PitStops_Race.PDF,3,2
2017,05_Sebring International Raceway,Sebring International Raceway,sebring-international-raceway,2017-03-18,201703181040_Race,28,12 L. Persiani P. Ruberti 1:14.725 17:55.784 | Alegra Motorsports | Porsche 911 GT3 R GTD,3,12:58:01.403,M. de Quesada,12:59:22.332,D. Morad,1:20.929,3:31.197,20_PitStops_Race.PDF,3,2
2017,05_Sebring International Raceway,Sebring International Raceway,sebring-international-raceway,2017-03-18,201703181040_Race,28,12 L. Persiani P. Ruberti 1:14.725 17:55.784 | Alegra Motorsports | Porsche 911 GT3 R GTD,4,13:19:21.516,D. Morad,13:20:26.579,M. de Quesada,1:05.063,4:36.260,20_PitStops_Race.PDF,3,2
2017,05_Sebring International Raceway,Sebring International Raceway,sebring-international-raceway,2017-03-18,201703181040_Race,28,12 L. Persiani P. Ruberti 1:14.725 17:55.784 | Alegra Motorsports | Porsche 911 GT3 R GTD,5,14:18:02.356,M. de Quesada,14:19:21.333,S. Pumpelly,1:18.977,5:55.237,20_PitStops_Race.PDF,3,2
2017,05_Sebring International Raceway,Sebring International Raceway,sebring-international-raceway,2017-03-18,201703181040_Race,28,12 L. Persiani P. Ruberti 1:14.725 17:55.784 | Alegra Motorsports | Porsche 911 GT3 R GTD,6,15:17:29.365,S. Pumpelly,15:18:53.119,D. Morad,1:23.754,7:18.991,20_PitStops_Race.PDF,3,2
2017,05_Sebring International Raceway,Sebring International Raceway,sebring-international-raceway,2017-03-18,201703181040_Race,28,12 L. Persiani P. Ruberti 1:14.725 17:55.784 | Alegra Motorsports | Porsche 911 GT3 R GTD,7,16:25:09.163,D. Morad,16:26:30.361,M. de Quesada,1:21.198,8:40.189,20_PitStops_Race.PDF,3,2
2017,05_Sebring International Raceway,Sebring International Raceway,sebring-international-raceway,2017-03-18,201703181040_Race,28,12 L. Persiani P. Ruberti 1:14.725 17:55.784 | Alegra Motorsports | Porsche 911 GT3 R GTD,8,17:31:29.326,M. de Quesada,17:32:53.194,M. Christensen,1:23.868,10:04.057,20_PitStops_Race.PDF,3,2
2017,05_Sebring International Raceway,Sebring International Raceway,sebring-international-raceway,2017-03-18,201703181040_Race,28,12 L. Persiani P. Ruberti 1:14.725 17:55.784 | Alegra Motorsports | Porsche 911 GT3 R GTD,9,18:29:06.121,M. Christensen,18:30:26.048,D. Morad,1:19.927,11:23.984,20_PitStops_Race.PDF,3,2
2017,05_Sebring International Raceway,Sebring International Raceway,sebring-international-raceway,2017-03-18,201703181040_Race,28,12 L. Persiani P. Ruberti 1:14.725 17:55.784 | Alegra Motorsports | Porsche 911 GT3 R GTD,10,18:45:54.996,D. Morad,18:48:12.577,D. Morad,2:17.581,13:41.565,20_PitStops_Race.PDF,3,2
2017,05_Sebring International Raceway,Sebring International Raceway,sebring-international-raceway,2017-03-18,201703181040_Race,28,12 L. Persiani P. Ruberti 1:14.725 17:55.784 | Alegra Motorsports | Porsche 911 GT3 R GTD,11,19:49:40.380,D. Morad,19:51:03.141,S. Pumpelly,1:22.761,15:04.326,20_PitStops_Race.PDF,3,2
2017,05_Sebring International Raceway,Sebring International Raceway,sebring-international-raceway,2017-03-18,201703181040_Race,28,12 L. Persiani P. Ruberti 1:14.725 17:55.784 | Alegra Motorsports | Porsche 911 GT3 R GTD,12,20:28:00.983,S. Pumpelly,20:29:05.109,S. Pumpelly,1:04.126,16:08.452,20_PitStops_Race.PDF,3,2
2017,05_Sebring International Raceway,Sebring International Raceway,sebring-international-raceway,2017-03-18,201703181040_Race,28,12 L. Persiani P. Ruberti 1:14.725 17:55.784 | Alegra Motorsports | Porsche 911 GT3 R GTD,13,21:27:21.136,S. Pumpelly,21:28:42.032,M. Christensen,1:20.896,17:29.348,20_PitStops_Race.PDF,3,2
2017,05_Sebring International Raceway,Sebring International Raceway,sebring-international-raceway,2017-03-18,201703181040_Race,28,12 L. Persiani P. Ruberti 1:14.725 17:55.784 | Alegra Motorsports | Porsche 911 GT3 R GTD,14,21:45:25.628,M. Christensen,21:46:12.624,M. Christensen,46.996,18:16.344,20_PitStops_Race.PDF,3,2
2017,05_Sebring International Raceway,Sebring International Raceway,sebring-international-raceway,2017-03-18,201703181040_Race,29,14 M. Christensen M. Christensen 46.996 18:16.344 | Montaplast by Land-Motorsport | Audi R8 LMS GT3 GTD,1,11:31:50.733,C. De Phillippi,11:33:10.410,C. De Phillippi,1:19.677,1:19.677,20_PitStops_Race.PDF,3,2
2017,05_Sebring International Raceway,Sebring International Raceway,sebring-international-raceway,2017-03-18,201703181040_Race,29,14 M. Christensen M. Christensen 46.996 18:16.344 | Montaplast by Land-Motorsport | Audi R8 LMS GT3 GTD,2,12:40:04.756,C. De Phillippi,12:41:31.139,C. Mies,1:26.383,2:46.060,20_PitStops_Race.PDF,3,2
2017,05_Sebring International Raceway,Sebring International Raceway,sebring-international-raceway,2017-03-18,201703181040_Race,29,14 M. Christensen M. Christensen 46.996 18:16.344 | Montaplast by Land-Motorsport | Audi R8 LMS GT3 GTD,3,13:19:01.365,C. Mies,13:20:04.864,C. Mies,1:03.499,3:49.559,20_PitStops_Race.PDF,3,2
2017,05_Sebring International Raceway,Sebring International Raceway,sebring-international-raceway,2017-03-18,201703181040_Race,29,14 M. Christensen M. Christensen 46.996 18:16.344 | Montaplast by Land-Motorsport | Audi R8 LMS GT3 GTD,4,14:14:31.833,C. Mies,14:15:51.109,J. Gounon,1:19.276,5:08.835,20_PitStops_Race.PDF,3,2
2017,05_Sebring International Raceway,Sebring International Raceway,sebring-international-raceway,2017-03-18,201703181040_Race,29,14 M. Christensen M. Christensen 46.996 18:16.344 | Montaplast by Land-Motorsport | Audi R8 LMS GT3 GTD,5,15:11:36.302,J. Gounon,15:12:56.868,J. Gounon,1:20.566,6:29.401,20_PitStops_Race.PDF,3,2
2017,05_Sebring International Raceway,Sebring International Raceway,sebring-international-raceway,2017-03-18,201703181040_Race,29,14 M. Christensen M. Christensen 46.996 18:16.344 | Montaplast by Land-Motorsport | Audi R8 LMS GT3 GTD,6,16:06:41.387,J. Gounon,16:08:10.333,C. De Phillippi,1:28.946,7:58.347,20_PitStops_Race.PDF,3,2
2017,05_Sebring International Raceway,Sebring International Raceway,sebring-international-raceway,2017-03-18,201703181040_Race,29,14 M. Christensen M. Christensen 46.996 18:16.344 | Montaplast by Land-Motorsport | Audi R8 LMS GT3 GTD,7,16:25:20.330,C. De Phillippi,16:26:09.456,C. De Phillippi,49.126,8:47.473,20_PitStops_Race.PDF,3,2
2017,05_Sebring International Raceway,Sebring International Raceway,sebring-international-raceway,2017-03-18,201703181040_Race,29,14 M. Christensen M. Christensen 46.996 18:16.344 | Montaplast by Land-Motorsport | Audi R8 LMS GT3 GTD,8,17:24:13.623,C. De Phillippi,17:25:32.615,C. Mies,1:18.992,10:06.465,20_PitStops_Race.PDF,3,2
2017,05_Sebring International Raceway,Sebring International Raceway,sebring-international-raceway,2017-03-18,201703181040_Race,29,14 M. Christensen M. Christensen 46.996 18:16.344 | Montaplast by Land-Motorsport | Audi R8 LMS GT3 GTD,9,18:21:38.448,C. Mies,18:22:58.464,C. Mies,1:20.016,11:26.481,20_PitStops_Race.PDF,3,2
2017,05_Sebring International Raceway,Sebring International Raceway,sebring-international-raceway,2017-03-18,201703181040_Race,29,14 M. Christensen M. Christensen 46.996 18:16.344 | Montaplast by Land-Motorsport | Audi R8 LMS GT3 GTD,10,18:46:00.646,C. Mies,18:47:03.180,C. Mies,1:02.534,12:29.015,20_PitStops_Race.PDF,3,2
2017,05_Sebring International Raceway,Sebring International Raceway,sebring-international-raceway,2017-03-18,201703181040_Race,29,14 M. Christensen M. Christensen 46.996 18:16.344 | Montaplast by Land-Motorsport | Audi R8 LMS GT3 GTD,11,19:44:54.783,C. Mies,19:46:16.362,J. Gounon,1:21.579,13:50.594,20_PitStops_Race.PDF,3,2
2017,05_Sebring International Raceway,Sebring International Raceway,sebring-international-raceway,2017-03-18,201703181040_Race,29,14 M. Christensen M. Christensen 46.996 18:16.344 | Montaplast by Land-Motorsport | Audi R8 LMS GT3 GTD,12,20:20:08.451,J. Gounon,20:21:12.391,C. De Phillippi,1:03.940,14:54.534,20_PitStops_Race.PDF,3,2
2017,05_Sebring International Raceway,Sebring International Raceway,sebring-international-raceway,2017-03-18,201703181040_Race,29,14 M. Christensen M. Christensen 46.996 18:16.344 | Montaplast by Land-Motorsport | Audi R8 LMS GT3 GTD,13,21:19:43.482,C. De Phillippi,21:21:06.435,C. Mies,1:22.953,16:17.487,20_PitStops_Race.PDF,3,2
2017,05_Sebring International Raceway,Sebring International Raceway,sebring-international-raceway,2017-03-18,201703181040_Race,29,14 M. Christensen M. Christensen 46.996 18:16.344 | Montaplast by Land-Motorsport | Audi R8 LMS GT3 GTD,14,21:42:40.548,C. Mies,21:43:37.760,C. Mies,57.212,17:14.699,20_PitStops_Race.PDF,3,2
2017,05_Sebring International Raceway,Sebring International Raceway,sebring-international-raceway,2017-03-18,201703181040_Race,31,Whelen Engineering Racing | Cadillac DPi P,1,11:14:12.398,D. Cameron,11:15:17.456,D. Cameron,1:05.058,1:05.058,20_PitStops_Race.PDF,4,1
2017,05_Sebring International Raceway,Sebring International Raceway,sebring-international-raceway,2017-03-18,201703181040_Race,31,Whelen Engineering Racing | Cadillac DPi P,2,11:47:21.872,D. Cameron,11:48:37.097,E. Curran,1:15.225,2:20.283,20_PitStops_Race.PDF,4,1
2017,05_Sebring International Raceway,Sebring International Raceway,sebring-international-raceway,2017-03-18,201703181040_Race,31,Whelen Engineering Racing | Cadillac DPi P,3,12:34:57.975,E. Curran,12:36:04.020,E. Curran,1:06.045,3:26.328,20_PitStops_Race.PDF,4,1
2017,05_Sebring International Raceway,Sebring International Raceway,sebring-international-raceway,2017-03-18,201703181040_Race,31,Whelen Engineering Racing | Cadillac DPi P,4,13:16:15.817,E. Curran,13:16:48.428,E. Curran,32.611,3:58.939,20_PitStops_Race.PDF,4,1
2017,05_Sebring International Raceway,Sebring International Raceway,sebring-international-raceway,2017-03-18,201703181040_Race,31,Whelen Engineering Racing | Cadillac DPi P,5,13:23:17.547,E. Curran,13:24:43.656,E. Curran,1:26.109,5:25.048,20_PitStops_Race.PDF,4,1
2017,05_Sebring International Raceway,Sebring International Raceway,sebring-international-raceway,2017-03-18,201703181040_Race,31,Whelen Engineering Racing | Cadillac DPi P,6,13:28:33.962,E. Curran,13:30:09.487,E. Curran,1:35.525,7:00.573,20_PitStops_Race.PDF,4,1
2017,05_Sebring International Raceway,Sebring International Raceway,sebring-international-raceway,2017-03-18,201703181040_Race,31,Whelen Engineering Racing | Cadillac DPi P,7,14:05:57.181,E. Curran,14:07:04.479,M. Conway,1:07.298,8:07.871,20_PitStops_Race.PDF,4,1
2017,05_Sebring International Raceway,Sebring International Raceway,sebring-international-raceway,2017-03-18,201703181040_Race,31,Whelen Engineering Racing | Cadillac DPi P,8,14:46:30.665,M. Conway,14:47:39.797,M. Conway,1:09.132,9:17.003,20_PitStops_Race.PDF,4,1
2017,05_Sebring International Raceway,Sebring International Raceway,sebring-international-raceway,2017-03-18,201703181040_Race,31,Whelen Engineering Racing | Cadillac DPi P,9,15:26:57.228,M. Conway,15:28:16.638,M. Conway,1:19.410,10:36.413,20_PitStops_Race.PDF,4,1
2017,05_Sebring International Raceway,Sebring International Raceway,sebring-international-raceway,2017-03-18,201703181040_Race,31,Whelen Engineering Racing | Cadillac DPi P,10,16:07:28.322,M. Conway,16:09:04.697,D. Cameron,1:36.375,12:12.788,20_PitStops_Race.PDF,4,1
2017,05_Sebring International Raceway,Sebring International Raceway,sebring-international-raceway,2017-03-18,201703181040_Race,31,Whelen Engineering Racing | Cadillac DPi P,11,16:21:47.204,D. Cameron,16:22:34.619,D. Cameron,47.415,13:00.203,20_PitStops_Race.PDF,4,1
2017,05_Sebring International Raceway,Sebring International Raceway,sebring-international-raceway,2017-03-18,201703181040_Race,31,Whelen Engineering Racing | Cadillac DPi P,12,17:06:36.771,D. Cameron,17:07:43.312,D. Cameron,1:06.541,14:06.744,20_PitStops_Race.PDF,4,1
2017,05_Sebring International Raceway,Sebring International Raceway,sebring-international-raceway,2017-03-18,201703181040_Race,31,Whelen Engineering Racing | Cadillac DPi P,13,17:45:22.575,D. Cameron,17:46:33.417,E. Curran,1:10.842,15:17.586,20_PitStops_Race.PDF,4,1
2017,05_Sebring International Raceway,Sebring International Raceway,sebring-international-raceway,2017-03-18,201703181040_Race,31,Whelen Engineering Racing | Cadillac DPi P,14,18:26:36.869,E. Curran,18:27:49.214,E. Curran,1:12.345,16:29.931,20_PitStops_Race.PDF,4,1
2017,05_Sebring International Raceway,Sebring International Raceway,sebring-international-raceway,2017-03-18,201703181040_Race,31,Whelen Engineering Racing | Cadillac DPi P,15,19:03:13.939,E. Curran,19:04:13.069,M. Conway,59.130,17:29.061,20_PitStops_Race.PDF,4,1
2017,05_Sebring International Raceway,Sebring International Raceway,sebring-international-raceway,2017-03-18,201703181040_Race,31,Whelen Engineering Racing | Cadillac DPi P,16,19:43:42.730,M. Conway,19:44:50.917,M. Conway,1:08.187,18:37.248,20_PitStops_Race.PDF,4,1
2017,05_Sebring International Raceway,Sebring International Raceway,sebring-international-raceway,2017-03-18,201703181040_Race,31,Whelen Engineering Racing | Cadillac DPi P,17,20:37:39.167,M. Conway,20:38:46.675,D. Cameron,1:07.508,19:44.756,20_PitStops_Race.PDF,4,1
2017,05_Sebring International Raceway,Sebring International Raceway,sebring-international-raceway,2017-03-18,201703181040_Race,31,Whelen Engineering Racing | Cadillac DPi P,18,20:56:00.388,D. Cameron,20:56:44.091,D. Cameron,43.703,20:28.459,20_PitStops_Race.PDF,4,1
2017,05_Sebring International Raceway,Sebring International Raceway,sebring-international-raceway,2017-03-18,201703181040_Race,31,Whelen Engineering Racing | Cadillac DPi P,19,21:17:36.367,D. Cameron,21:18:45.612,D. Cameron,1:09.245,21:37.704,20_PitStops_Race.PDF,4,1
2017,05_Sebring International Raceway,Sebring International Raceway,sebring-international-raceway,2017-03-18,201703181040_Race,31,Whelen Engineering Racing | Cadillac DPi P,20,22:08:59.924,D. Cameron,22:10:04.126,D. Cameron,1:04.202,22:41.906,20_PitStops_Race.PDF,4,1
2017,05_Sebring International Raceway,Sebring International Raceway,sebring-international-raceway,2017-03-18,201703181040_Race,33,20 D. Cameron D. Cameron 1:04.202 22:41.906 | Riley Motorsports - Team AMG | Mercedes-AMG GT3 GTD,1,11:34:25.232,B. Keating,11:35:40.299,B. Keating,1:15.067,1:15.067,20_PitStops_Race.PDF,4,1
2017,05_Sebring International Raceway,Sebring International Raceway,sebring-international-raceway,2017-03-18,201703181040_Race,33,20 D. Cameron D. Cameron 1:04.202 22:41.906 | Riley Motorsports - Team AMG | Mercedes-AMG GT3 GTD,2,11:51:22.232,B. Keating,11:52:22.196,M. Farnbacher,59.964,2:15.031,20_PitStops_Race.PDF,4,1
2017,05_Sebring International Raceway,Sebring International Raceway,sebring-international-raceway,2017-03-18,201703181040_Race,33,20 D. Cameron D. Cameron 1:04.202 22:41.906 | Riley Motorsports - Team AMG | Mercedes-AMG GT3 GTD,3,12:52:32.660,M. Farnbacher,12:53:47.469,J. Bleekemolen,1:14.809,3:29.840,20_PitStops_Race.PDF,4,1
2017,05_Sebring International Raceway,Sebring International Raceway,sebring-international-raceway,2017-03-18,201703181040_Race,33,20 D. Cameron D. Cameron 1:04.202 22:41.906 | Riley Motorsports - Team AMG | Mercedes-AMG GT3 GTD,4,13:47:25.385,J. Bleekemolen,13:48:33.140,J. Bleekemolen,1:07.755,4:37.595,20_PitStops_Race.PDF,4,1
2017,05_Sebring International Raceway,Sebring International Raceway,sebring-international-raceway,2017-03-18,201703181040_Race,33,20 D. Cameron D. Cameron 1:04.202 22:41.906 | Riley Motorsports - Team AMG | Mercedes-AMG GT3 GTD,5,14:45:46.198,J. Bleekemolen,14:47:01.626,M. Farnbacher,1:15.428,5:53.023,20_PitStops_Race.PDF,4,1
2017,05_Sebring International Raceway,Sebring International Raceway,sebring-international-raceway,2017-03-18,201703181040_Race,33,20 D. Cameron D. Cameron 1:04.202 22:41.906 | Riley Motorsports - Team AMG | Mercedes-AMG GT3 GTD,6,15:44:35.222,M. Farnbacher,15:45:53.297,M. Farnbacher,1:18.075,7:11.098,20_PitStops_Race.PDF,4,1
2017,05_Sebring International Raceway,Sebring International Raceway,sebring-international-raceway,2017-03-18,201703181040_Race,33,20 D. Cameron D. Cameron 1:04.202 22:41.906 | Riley Motorsports - Team AMG | Mercedes-AMG GT3 GTD,7,16:25:00.863,M. Farnbacher,16:26:16.668,J. Bleekemolen,1:15.805,8:26.903,20_PitStops_Race.PDF,4,1
2017,05_Sebring International Raceway,Sebring International Raceway,sebring-international-raceway,2017-03-18,201703181040_Race,33,20 D. Cameron D. Cameron 1:04.202 22:41.906 | Riley Motorsports - Team AMG | Mercedes-AMG GT3 GTD,8,17:26:01.541,J. Bleekemolen,17:27:16.187,B. Keating,1:14.646,9:41.549,20_PitStops_Race.PDF,4,1
2017,05_Sebring International Raceway,Sebring International Raceway,sebring-international-raceway,2017-03-18,201703181040_Race,33,20 D. Cameron D. Cameron 1:04.202 22:41.906 | Riley Motorsports - Team AMG | Mercedes-AMG GT3 GTD,9,18:02:26.562,B. Keating,18:03:29.412,M. Farnbacher,1:02.850,10:44.399,20_PitStops_Race.PDF,4,1
2017,05_Sebring International Raceway,Sebring International Raceway,sebring-international-raceway,2017-03-18,201703181040_Race,33,20 D. Cameron D. Cameron 1:04.202 22:41.906 | Riley Motorsports - Team AMG | Mercedes-AMG GT3 GTD,10,18:45:50.497,M. Farnbacher,18:46:53.889,M. Farnbacher,1:03.392,11:47.791,20_PitStops_Race.PDF,4,1
2017,05_Sebring International Raceway,Sebring International Raceway,sebring-international-raceway,2017-03-18,201703181040_Race,33,20 D. Cameron D. Cameron 1:04.202 22:41.906 | Riley Motorsports - Team AMG | Mercedes-AMG GT3 GTD,11,19:48:44.789,M. Farnbacher,19:50:00.442,J. Bleekemolen,1:15.653,13:03.444,20_PitStops_Race.PDF,4,1
2017,05_Sebring International Raceway,Sebring International Raceway,sebring-international-raceway,2017-03-18,201703181040_Race,33,20 D. Cameron D. Cameron 1:04.202 22:41.906 | Riley Motorsports - Team AMG | Mercedes-AMG GT3 GTD,12,20:19:57.094,J. Bleekemolen,20:21:01.959,J. Bleekemolen,1:04.865,14:08.309,20_PitStops_Race.PDF,4,1
2017,05_Sebring International Raceway,Sebring International Raceway,sebring-international-raceway,2017-03-18,201703181040_Race,33,20 D. Cameron D. Cameron 1:04.202 22:41.906 | Riley Motorsports - Team AMG | Mercedes-AMG GT3 GTD,13,20:56:44.156,J. Bleekemolen,20:57:49.619,J. Bleekemolen,1:05.463,15:13.772,20_PitStops_Race.PDF,4,1
2017,05_Sebring International Raceway,Sebring International Raceway,sebring-international-raceway,2017-03-18,201703181040_Race,33,20 D. Cameron D. Cameron 1:04.202 22:41.906 | Riley Motorsports - Team AMG | Mercedes-AMG GT3 GTD,14,21:42:32.114,J. Bleekemolen,21:43:36.902,J. Bleekemolen,1:04.788,16:18.560,20_PitStops_Race.PDF,4,1
2017,05_Sebring International Raceway,Sebring International Raceway,sebring-international-raceway,2017-03-18,201703181040_Race,38,14 J. Bleekemolen J. Bleekemolen 1:04.788 16:18.560 | Performance Tech Motorsports | ORECA FLM09 PC,1,11:21:42.258,J. French,11:23:06.837,P. O'Ward,1:24.579,1:24.579,20_PitStops_Race.PDF,4,1
2017,05_Sebring International Raceway,Sebring International Raceway,sebring-international-raceway,2017-03-18,201703181040_Race,38,14 J. Bleekemolen J. Bleekemolen 1:04.788 16:18.560 | Performance Tech Motorsports | ORECA FLM09 PC,2,12:16:39.568,P. O'Ward,12:17:43.004,P. O'Ward,1:03.436,2:28.015,20_PitStops_Race.PDF,4,1
2017,05_Sebring International Raceway,Sebring International Raceway,sebring-international-raceway,2017-03-18,201703181040_Race,38,14 J. Bleekemolen J. Bleekemolen 1:04.788 16:18.560 | Performance Tech Motorsports | ORECA FLM09 PC,3,13:00:51.809,P. O'Ward,13:02:07.489,K. Masson,1:15.680,3:43.695,20_PitStops_Race.PDF,4,1
2017,05_Sebring International Raceway,Sebring International Raceway,sebring-international-raceway,2017-03-18,201703181040_Race,38,14 J. Bleekemolen J. Bleekemolen 1:04.788 16:18.560 | Performance Tech Motorsports | ORECA FLM09 PC,4,13:52:15.719,K. Masson,13:53:14.578,K. Masson,58.859,4:42.554,20_PitStops_Race.PDF,4,1
2017,05_Sebring International Raceway,Sebring International Raceway,sebring-international-raceway,2017-03-18,201703181040_Race,38,14 J. Bleekemolen J. Bleekemolen 1:04.788 16:18.560 | Performance Tech Motorsports | ORECA FLM09 PC,5,14:40:56.170,K. Masson,14:42:07.407,J. French,1:11.237,5:53.791,20_PitStops_Race.PDF,4,1
2017,05_Sebring International Raceway,Sebring International Raceway,sebring-international-raceway,2017-03-18,201703181040_Race,38,14 J. Bleekemolen J. Bleekemolen 1:04.788 16:18.560 | Performance Tech Motorsports | ORECA FLM09 PC,6,15:27:28.276,J. French,15:28:30.461,J. French,1:02.185,6:55.976,20_PitStops_Race.PDF,4,1
2017,05_Sebring International Raceway,Sebring International Raceway,sebring-international-raceway,2017-03-18,201703181040_Race,38,14 J. Bleekemolen J. Bleekemolen 1:04.788 16:18.560 | Performance Tech Motorsports | ORECA FLM09 PC,7,16:12:00.855,J. French,16:13:11.427,P. O'Ward,1:10.572,8:06.548,20_PitStops_Race.PDF,4,1
2017,05_Sebring International Raceway,Sebring International Raceway,sebring-international-raceway,2017-03-18,201703181040_Race,38,14 J. Bleekemolen J. Bleekemolen 1:04.788 16:18.560 | Performance Tech Motorsports | ORECA FLM09 PC,8,17:09:15.110,P. O'Ward,17:10:17.336,P. O'Ward,1:02.226,9:08.774,20_PitStops_Race.PDF,4,1
2017,05_Sebring International Raceway,Sebring International Raceway,sebring-international-raceway,2017-03-18,201703181040_Race,38,14 J. Bleekemolen J. Bleekemolen 1:04.788 16:18.560 | Performance Tech Motorsports | ORECA FLM09 PC,9,17:55:19.316,P. O'Ward,17:56:30.255,K. Masson,1:10.939,10:19.713,20_PitStops_Race.PDF,4,1
2017,05_Sebring International Raceway,Sebring International Raceway,sebring-international-raceway,2017-03-18,201703181040_Race,38,14 J. Bleekemolen J. Bleekemolen 1:04.788 16:18.560 | Performance Tech Motorsports | ORECA FLM09 PC,10,18:42:33.335,K. Masson,18:43:35.675,K. Masson,1:02.340,11:22.053,20_PitStops_Race.PDF,4,1
2017,05_Sebring International Raceway,Sebring International Raceway,sebring-international-raceway,2017-03-18,201703181040_Race,38,14 J. Bleekemolen J. Bleekemolen 1:04.788 16:18.560 | Performance Tech Motorsports | ORECA FLM09 PC,11,19:34:48.149,K. Masson,19:36:03.465,P. O'Ward,1:15.316,12:37.369,20_PitStops_Race.PDF,4,1
2017,05_Sebring International Raceway,Sebring International Raceway,sebring-international-raceway,2017-03-18,201703181040_Race,38,14 J. Bleekemolen J. Bleekemolen 1:04.788 16:18.560 | Performance Tech Motorsports | ORECA FLM09 PC,12,20:16:34.879,P. O'Ward,20:17:33.507,P. O'Ward,58.628,13:35.997,20_PitStops_Race.PDF,4,1
2017,05_Sebring International Raceway,Sebring International Raceway,sebring-international-raceway,2017-03-18,201703181040_Race,38,14 J. Bleekemolen J. Bleekemolen 1:04.788 16:18.560 | Performance Tech Motorsports | ORECA FLM09 PC,13,21:07:01.686,P. O'Ward,21:08:28.180,J. French,1:26.494,15:02.491,20_PitStops_Race.PDF,4,1
2017,05_Sebring International Raceway,Sebring International Raceway,sebring-international-raceway,2017-03-18,201703181040_Race,38,14 J. Bleekemolen J. Bleekemolen 1:04.788 16:18.560 | Performance Tech Motorsports | ORECA FLM09 PC,14,21:38:48.610,J. French,21:39:42.057,J. French,53.447,15:55.938,20_PitStops_Race.PDF,4,2
2017,05_Sebring International Raceway,Sebring International Raceway,sebring-international-raceway,2017-03-18,201703181040_Race,38,14 J. Bleekemolen J. Bleekemolen 1:04.788 16:18.560 | Performance Tech Motorsports | ORECA FLM09 PC,15,22:23:48.681,J. French,22:24:44.140,J. French,55.459,16:51.397,20_PitStops_Race.PDF,4,2
2017,05_Sebring International Raceway,Sebring International Raceway,sebring-international-raceway,2017-03-18,201703181040_Race,46,15 J. French J. French 55.459 16:51.397 | EBIMOTORS | Lamborghini Huracan GT3 GTD,1,11:28:39.856,E. Collard,11:30:11.615,E. Busnelli,1:31.759,1:31.759,20_PitStops_Race.PDF,4,2
2017,05_Sebring International Raceway,Sebring International Raceway,sebring-international-raceway,2017-03-18,201703181040_Race,46,15 J. French J. French 55.459 16:51.397 | EBIMOTORS | Lamborghini Huracan GT3 GTD,2,11:51:44.590,E. Busnelli,11:52:36.471,E. Busnelli,51.881,2:23.640,20_PitStops_Race.PDF,4,2
2017,05_Sebring International Raceway,Sebring International Raceway,sebring-international-raceway,2017-03-18,201703181040_Race,46,15 J. French J. French 55.459 16:51.397 | EBIMOTORS | Lamborghini Huracan GT3 GTD,3,12:48:18.474,E. Busnelli,12:49:36.408,F. Babini,1:17.934,3:41.574,20_PitStops_Race.PDF,4,2
2017,05_Sebring International Raceway,Sebring International Raceway,sebring-international-raceway,2017-03-18,201703181040_Race,46,15 J. French J. French 55.459 16:51.397 | EBIMOTORS | Lamborghini Huracan GT3 GTD,4,13:51:47.097,F. Babini,13:53:06.994,M. Beretta,1:19.897,5:01.471,20_PitStops_Race.PDF,4,2
2017,05_Sebring International Raceway,Sebring International Raceway,sebring-international-raceway,2017-03-18,201703181040_Race,46,15 J. French J. French 55.459 16:51.397 | EBIMOTORS | Lamborghini Huracan GT3 GTD,5,14:45:45.190,M. Beretta,14:47:05.121,E. Busnelli,1:19.931,6:21.402,20_PitStops_Race.PDF,4,2
2017,05_Sebring International Raceway,Sebring International Raceway,sebring-international-raceway,2017-03-18,201703181040_Race,46,15 J. French J. French 55.459 16:51.397 | EBIMOTORS | Lamborghini Huracan GT3 GTD,6,15:39:54.224,E. Busnelli,15:41:12.234,E. Collard,1:18.010,7:39.412,20_PitStops_Race.PDF,4,2
2017,05_Sebring International Raceway,Sebring International Raceway,sebring-international-raceway,2017-03-18,201703181040_Race,46,15 J. French J. French 55.459 16:51.397 | EBIMOTORS | Lamborghini Huracan GT3 GTD,7,16:25:21.649,E. Collard,16:26:34.903,M. Beretta,1:13.254,8:52.666,20_PitStops_Race.PDF,4,2
2017,05_Sebring International Raceway,Sebring International Raceway,sebring-international-raceway,2017-03-18,201703181040_Race,46,15 J. French J. French 55.459 16:51.397 | EBIMOTORS | Lamborghini Huracan GT3 GTD,8,17:20:36.142,M. Beretta,17:21:54.035,E. Busnelli,1:17.893,10:10.559,20_PitStops_Race.PDF,4,2
2017,05_Sebring International Raceway,Sebring International Raceway,sebring-international-raceway,2017-03-18,201703181040_Race,46,15 J. French J. French 55.459 16:51.397 | EBIMOTORS | Lamborghini Huracan GT3 GTD,9,18:14:22.154,E. Busnelli,18:15:42.009,M. Beretta,1:19.855,11:30.414,20_PitStops_Race.PDF,4,2
2017,05_Sebring International Raceway,Sebring International Raceway,sebring-international-raceway,2017-03-18,201703181040_Race,46,15 J. French J. French 55.459 16:51.397 | EBIMOTORS | Lamborghini Huracan GT3 GTD,10,18:45:52.067,M. Beretta,18:46:49.014,M. Beretta,56.947,12:27.361,20_PitStops_Race.PDF,4,2
2017,05_Sebring International Raceway,Sebring International Raceway,sebring-international-raceway,2017-03-18,201703181040_Race,46,15 J. French J. French 55.459 16:51.397 | EBIMOTORS | Lamborghini Huracan GT3 GTD,11,19:35:32.215,M. Beretta,19:36:47.642,E. Collard,1:15.427,13:42.788,20_PitStops_Race.PDF,4,2
2017,05_Sebring International Raceway,Sebring International Raceway,sebring-international-raceway,2017-03-18,201703181040_Race,46,15 J. French J. French 55.459 16:51.397 | EBIMOTORS | Lamborghini Huracan GT3 GTD,12,20:20:21.117,E. Collard,20:21:41.210,F. Babini,1:20.093,15:02.881,20_PitStops_Race.PDF,4,2
2017,05_Sebring International Raceway,Sebring International Raceway,sebring-international-raceway,2017-03-18,201703181040_Race,46,15 J. French J. French 55.459 16:51.397 | EBIMOTORS | Lamborghini Huracan GT3 GTD,13,21:13:34.329,F. Babini,21:14:53.943,F. Babini,1:19.614,16:22.495,20_PitStops_Race.PDF,4,2
2017,05_Sebring International Raceway,Sebring International Raceway,sebring-international-raceway,2017-03-18,201703181040_Race,46,15 J. French J. French 55.459 16:51.397 | EBIMOTORS | Lamborghini Huracan GT3 GTD,14,21:42:47.914,F. Babini,21:43:59.995,F. Babini,1:12.081,17:34.576,20_PitStops_Race.PDF,4,2
2017,05_Sebring International Raceway,Sebring International Raceway,sebring-international-raceway,2017-03-18,201703181040_Race,48,14 F. Babini F. Babini 1:12.081 17:34.576 | Paul Miller Racing | Lamborghini Huracan GT3 GTD,1,11:30:16.895,M. Snow,11:31:36.911,D. von Moltke,1:20.016,1:20.016,20_PitStops_Race.PDF,4,2
2017,05_Sebring International Raceway,Sebring International Raceway,sebring-international-raceway,2017-03-18,201703181040_Race,48,14 F. Babini F. Babini 1:12.081 17:34.576 | Paul Miller Racing | Lamborghini Huracan GT3 GTD,2,11:51:26.826,D. von Moltke,11:52:19.408,D. von Moltke,52.582,2:12.598,20_PitStops_Race.PDF,4,2
2017,05_Sebring International Raceway,Sebring International Raceway,sebring-international-raceway,2017-03-18,201703181040_Race,48,14 F. Babini F. Babini 1:12.081 17:34.576 | Paul Miller Racing | Lamborghini Huracan GT3 GTD,3,12:49:07.797,D. von Moltke,12:50:25.410,B. Sellers,1:17.613,3:30.211,20_PitStops_Race.PDF,4,2
2017,05_Sebring International Raceway,Sebring International Raceway,sebring-international-raceway,2017-03-18,201703181040_Race,48,14 F. Babini F. Babini 1:12.081 17:34.576 | Paul Miller Racing | Lamborghini Huracan GT3 GTD,4,13:19:17.781,B. Sellers,13:20:17.793,B. Sellers,1:00.012,4:30.223,20_PitStops_Race.PDF,4,2
2017,05_Sebring International Raceway,Sebring International Raceway,sebring-international-raceway,2017-03-18,201703181040_Race,48,14 F. Babini F. Babini 1:12.081 17:34.576 | Paul Miller Racing | Lamborghini Huracan GT3 GTD,5,14:15:04.427,B. Sellers,14:16:25.306,M. Snow,1:20.879,5:51.102,20_PitStops_Race.PDF,4,2
2017,05_Sebring International Raceway,Sebring International Raceway,sebring-international-raceway,2017-03-18,201703181040_Race,48,14 F. Babini F. Babini 1:12.081 17:34.576 | Paul Miller Racing | Lamborghini Huracan GT3 GTD,6,15:06:03.925,M. Snow,15:07:20.352,D. von Moltke,1:16.427,7:07.529,20_PitStops_Race.PDF,4,2
2017,05_Sebring International Raceway,Sebring International Raceway,sebring-international-raceway,2017-03-18,201703181040_Race,48,14 F. Babini F. Babini 1:12.081 17:34.576 | Paul Miller Racing | Lamborghini Huracan GT3 GTD,7,15:40:31.688,D. von Moltke,15:41:35.684,D. von Moltke,1:03.996,8:11.525,20_PitStops_Race.PDF,4,2
2017,05_Sebring International Raceway,Sebring International Raceway,sebring-international-raceway,2017-03-18,201703181040_Race,48,14 F. Babini F. Babini 1:12.081 17:34.576 | Paul Miller Racing | Lamborghini Huracan GT3 GTD,8,16:25:24.787,D. von Moltke,16:26:33.176,D. von Moltke,1:08.389,9:19.914,20_PitStops_Race.PDF,4,2
2017,05_Sebring International Raceway,Sebring International Raceway,sebring-international-raceway,2017-03-18,201703181040_Race,48,14 F. Babini F. Babini 1:12.081 17:34.576 | Paul Miller Racing | Lamborghini Huracan GT3 GTD,9,17:24:20.426,D. von Moltke,17:25:41.078,B. Sellers,1:20.652,10:40.566,20_PitStops_Race.PDF,4,2
2017,05_Sebring International Raceway,Sebring International Raceway,sebring-international-raceway,2017-03-18,201703181040_Race,48,14 F. Babini F. Babini 1:12.081 17:34.576 | Paul Miller Racing | Lamborghini Huracan GT3 GTD,10,18:19:31.887,B. Sellers,18:20:51.655,B. Sellers,1:19.768,12:00.334,20_PitStops_Race.PDF,4,2
2017,05_Sebring International Raceway,Sebring International Raceway,sebring-international-raceway,2017-03-18,201703181040_Race,48,14 F. Babini F. Babini 1:12.081 17:34.576 | Paul Miller Racing | Lamborghini Huracan GT3 GTD,11,18:45:59.763,B. Sellers,18:46:57.039,B. Sellers,57.276,12:57.610,20_PitStops_Race.PDF,4,2
2017,05_Sebring International Raceway,Sebring International Raceway,sebring-international-raceway,2017-03-18,201703181040_Race,48,14 F. Babini F. Babini 1:12.081 17:34.576 | Paul Miller Racing | Lamborghini Huracan GT3 GTD,12,19:42:48.123,B. Sellers,19:44:08.556,M. Snow,1:20.433,14:18.043,20_PitStops_Race.PDF,4,2
2017,05_Sebring International Raceway,Sebring International Raceway,sebring-international-raceway,2017-03-18,201703181040_Race,48,14 F. Babini F. Babini 1:12.081 17:34.576 | Paul Miller Racing | Lamborghini Huracan GT3 GTD,13,20:20:02.449,M. Snow,20:21:04.312,M. Snow,1:01.863,15:19.906,20_PitStops_Race.PDF,4,2
2017,05_Sebring International Raceway,Sebring International Raceway,sebring-international-raceway,2017-03-18,201703181040_Race,48,14 F. Babini F. Babini 1:12.081 17:34.576 | Paul Miller Racing | Lamborghini Huracan GT3 GTD,14,21:17:38.399,M. Snow,21:18:59.842,B. Sellers,1:21.443,16:41.349,20_PitStops_Race.PDF,4,2
2017,05_Sebring International Raceway,Sebring International Raceway,sebring-international-raceway,2017-03-18,201703181040_Race,48,14 F. Babini F. Babini 1:12.081 17:34.576 | Paul Miller Racing | Lamborghini Huracan GT3 GTD,15,21:42:41.101,B. Sellers,21:43:38.376,B. Sellers,57.275,17:38.624,20_PitStops_Race.PDF,4,2
2017,05_Sebring International Raceway,Sebring International Raceway,sebring-international-raceway,2017-03-18,201703181040_Race,50,15 B. Sellers B. Sellers 57.275 17:38.624 | Riley Motorsports - WeatherTech Racing | Mercedes-AMG GT3 GTD,1,11:35:14.053,C. MacNeil,11:36:33.643,G. Jeannette,1:19.590,1:19.590,20_PitStops_Race.PDF,4,2
2017,05_Sebring International Raceway,Sebring International Raceway,sebring-international-raceway,2017-03-18,201703181040_Race,50,15 B. Sellers B. Sellers 57.275 17:38.624 | Riley Motorsports - WeatherTech Racing | Mercedes-AMG GT3 GTD,2,11:51:41.254,G. Jeannette,11:52:41.738,G. Jeannette,1:00.484,2:20.074,20_PitStops_Race.PDF,4,2
2017,05_Sebring International Raceway,Sebring International Raceway,sebring-international-raceway,2017-03-18,201703181040_Race,50,15 B. Sellers B. Sellers 57.275 17:38.624 | Riley Motorsports - WeatherTech Racing | Mercedes-AMG GT3 GTD,3,12:50:43.671,G. Jeannette,12:52:00.801,S. Van Gisbergen,1:17.130,3:37.204,20_PitStops_Race.PDF,4,2
2017,05_Sebring International Raceway,Sebring International Raceway,sebring-international-raceway,2017-03-18,201703181040_Race,50,15 B. Sellers B. Sellers 57.275 17:38.624 | Riley Motorsports - WeatherTech Racing | Mercedes-AMG GT3 GTD,4,13:19:02.537,S. Van Gisbergen,13:20:55.814,S. Van Gisbergen,1:53.277,5:30.481,20_PitStops_Race.PDF,4,2
2017,05_Sebring International Raceway,Sebring International Raceway,sebring-international-raceway,2017-03-18,201703181040_Race,50,15 B. Sellers B. Sellers 57.275 17:38.624 | Riley Motorsports - WeatherTech Racing | Mercedes-AMG GT3 GTD,5,13:47:59.881,S. Van Gisbergen,13:48:57.642,S. Van Gisbergen,57.761,6:28.242,20_PitStops_Race.PDF,4,2
2017,05_Sebring International Raceway,Sebring International Raceway,sebring-international-raceway,2017-03-18,201703181040_Race,50,15 B. Sellers B. Sellers 57.275 17:38.624 | Riley Motorsports - WeatherTech Racing | Mercedes-AMG GT3 GTD,6,14:46:23.081,S. Van Gisbergen,14:47:48.999,C. MacNeil,1:25.918,7:54.160,20_PitStops_Race.PDF,4,2
2017,05_Sebring International Raceway,Sebring International Raceway,sebring-international-raceway,2017-03-18,201703181040_Race,50,15 B. Sellers B. Sellers 57.275 17:38.624 | Riley Motorsports - WeatherTech Racing | Mercedes-AMG GT3 GTD,7,15:08:24.654,C. MacNeil,16:00:54.493,G. Jeannette,52:29.839,1:00:23.999,20_PitStops_Race.PDF,4,2
2017,05_Sebring International Raceway,Sebring International Raceway,sebring-international-raceway,2017-03-18,201703181040_Race,50,15 B. Sellers B. Sellers 57.275 17:38.624 | Riley Motorsports - WeatherTech Racing | Mercedes-AMG GT3 GTD,8,16:07:08.905,G. Jeannette,16:07:40.677,G. Jeannette,31.772,1:00:55.771,20_PitStops_Race.PDF,4,2
2017,05_Sebring International Raceway,Sebring International Raceway,sebring-international-raceway,2017-03-18,201703181040_Race,52,8 G. Jeannette G. Jeannette 31.772 | PR1/Mathiasen Motorsports | Ligier P,1,11:16:25.334,J. Gutierrez,11:17:37.265,J. Gutierrez,1:11.931,1:11.931,20_PitStops_Race.PDF,4,2
2017,05_Sebring International Raceway,Sebring International Raceway,sebring-international-raceway,2017-03-18,201703181040_Race,52,8 G. Jeannette G. Jeannette 31.772 | PR1/Mathiasen Motorsports | Ligier P,2,11:47:51.710,J. Gutierrez,11:48:56.644,J. Gutierrez,1:04.934,2:16.865,20_PitStops_Race.PDF,4,2
2017,05_Sebring International Raceway,Sebring International Raceway,sebring-international-raceway,2017-03-18,201703181040_Race,52,8 G. Jeannette G. Jeannette 31.772 | PR1/Mathiasen Motorsports | Ligier P,3,12:35:46.126,J. Gutierrez,12:37:11.889,T. Kimber-Smith,1:25.763,3:42.628,20_PitStops_Race.PDF,4,2
2017,05_Sebring International Raceway,Sebring International Raceway,sebring-international-raceway,2017-03-18,201703181040_Race,52,8 G. Jeannette G. Jeannette 31.772 | PR1/Mathiasen Motorsports | Ligier P,4,13:14:46.149,T. Kimber-Smith,13:25:21.831,T. Kimber-Smith,10:35.682,14:18.310,20_PitStops_Race.PDF,4,2
2017,05_Sebring International Raceway,Sebring International Raceway,sebring-international-raceway,2017-03-18,201703181040_Race,52,8 G. Jeannette G. Jeannette 31.772 | PR1/Mathiasen Motorsports | Ligier P,5,13:52:41.121,T. Kimber-Smith,14:30:55.271,T. Kimber-Smith,38:14.150,52:32.460,20_PitStops_Race.PDF,4,2
2017,05_Sebring International Raceway,Sebring International Raceway,sebring-international-raceway,2017-03-18,201703181040_Race,52,8 G. Jeannette G. Jeannette 31.772 | PR1/Mathiasen Motorsports | Ligier P,6,14:33:00.796,T. Kimber-Smith,15:18:07.301,T. Kimber-Smith,45:06.505,1:37:38.965,20_PitStops_Race.PDF,5,1
2017,05_Sebring International Raceway,Sebring International Raceway,sebring-international-raceway,2017-03-18,201703181040_Race,52,8 G. Jeannette G. Jeannette 31.772 | PR1/Mathiasen Motorsports | Ligier P,7,15:20:11.289,T. Kimber-Smith,17:13:40.768,T. Kimber-Smith,1:53:29.479,3:31:08.444,20_PitStops_Race.PDF,5,1
2017,05_Sebring International Raceway,Sebring International Raceway,sebring-international-raceway,2017-03-18,201703181040_Race,52,8 G. Jeannette G. Jeannette 31.772 | PR1/Mathiasen Motorsports | Ligier P,8,17:30:51.383,T. Kimber-Smith,17:32:35.012,M. Guasch,1:43.629,3:32:52.073,20_PitStops_Race.PDF,5,1
2017,05_Sebring International Raceway,Sebring International Raceway,sebring-international-raceway,2017-03-18,201703181040_Race,52,8 G. Jeannette G. Jeannette 31.772 | PR1/Mathiasen Motorsports | Ligier P,9,17:46:26.527,M. Guasch,17:47:33.201,M. Guasch,1:06.674,3:33:58.747,20_PitStops_Race.PDF,5,1
2017,05_Sebring International Raceway,Sebring International Raceway,sebring-international-raceway,2017-03-18,201703181040_Race,52,8 G. Jeannette G. Jeannette 31.772 | PR1/Mathiasen Motorsports | Ligier P,10,18:26:23.917,M. Guasch,18:27:48.318,M. Guasch,1:24.401,3:35:23.148,20_PitStops_Race.PDF,5,1
2017,05_Sebring International Raceway,Sebring International Raceway,sebring-international-raceway,2017-03-18,201703181040_Race,52,8 G. Jeannette G. Jeannette 31.772 | PR1/Mathiasen Motorsports | Ligier P,11,18:42:35.429,M. Guasch,18:43:27.936,M. Guasch,52.507,3:36:15.655,20_PitStops_Race.PDF,5,1
2017,05_Sebring International Raceway,Sebring International Raceway,sebring-international-raceway,2017-03-18,201703181040_Race,52,8 G. Jeannette G. Jeannette 31.772 | PR1/Mathiasen Motorsports | Ligier P,12,19:28:34.689,M. Guasch,19:30:26.316,J. Gutierrez,1:51.627,3:38:07.282,20_PitStops_Race.PDF,5,1
2017,05_Sebring International Raceway,Sebring International Raceway,sebring-international-raceway,2017-03-18,201703181040_Race,52,8 G. Jeannette G. Jeannette 31.772 | PR1/Mathiasen Motorsports | Ligier P,13,19:59:33.266,J. Gutierrez,20:06:39.235,J. Gutierrez,7:05.969,3:45:13.251,20_PitStops_Race.PDF,5,1
2017,05_Sebring International Raceway,Sebring International Raceway,sebring-international-raceway,2017-03-18,201703181040_Race,52,8 G. Jeannette G. Jeannette 31.772 | PR1/Mathiasen Motorsports | Ligier P,14,20:16:16.536,J. Gutierrez,20:17:34.686,J. Gutierrez,1:18.150,3:46:31.401,20_PitStops_Race.PDF,5,1
2017,05_Sebring International Raceway,Sebring International Raceway,sebring-international-raceway,2017-03-18,201703181040_Race,52,8 G. Jeannette G. Jeannette 31.772 | PR1/Mathiasen Motorsports | Ligier P,15,20:35:39.913,J. Gutierrez,20:38:40.096,J. Gutierrez,3:00.183,3:49:31.584,20_PitStops_Race.PDF,5,1
2017,05_Sebring International Raceway,Sebring International Raceway,sebring-international-raceway,2017-03-18,201703181040_Race,52,8 G. Jeannette G. Jeannette 31.772 | PR1/Mathiasen Motorsports | Ligier P,16,20:54:11.596,J. Gutierrez,21:06:00.629,J. Gutierrez,11:49.033,4:01:20.617,20_PitStops_Race.PDF,5,1
2017,05_Sebring International Raceway,Sebring International Raceway,sebring-international-raceway,2017-03-18,201703181040_Race,54,16 J. Gutierrez J. Gutierrez 11:49.033 | CORE autosport | Porsche 911 GT3 R GTD,1,11:35:46.834,J. Bennett,11:37:06.873,J. Bennett,1:20.039,1:20.039,20_PitStops_Race.PDF,5,1
2017,05_Sebring International Raceway,Sebring International Raceway,sebring-international-raceway,2017-03-18,201703181040_Race,54,16 J. Gutierrez J. Gutierrez 11:49.033 | CORE autosport | Porsche 911 GT3 R GTD,2,12:44:24.692,J. Bennett,12:45:49.572,N. Jonsson,1:24.880,2:44.919,20_PitStops_Race.PDF,5,1
2017,05_Sebring International Raceway,Sebring International Raceway,sebring-international-raceway,2017-03-18,201703181040_Race,54,16 J. Gutierrez J. Gutierrez 11:49.033 | CORE autosport | Porsche 911 GT3 R GTD,3,13:19:12.354,N. Jonsson,13:20:20.316,N. Jonsson,1:07.962,3:52.881,20_PitStops_Race.PDF,5,1
2017,05_Sebring International Raceway,Sebring International Raceway,sebring-international-raceway,2017-03-18,201703181040_Race,54,16 J. Gutierrez J. Gutierrez 11:49.033 | CORE autosport | Porsche 911 GT3 R GTD,4,14:17:17.696,N. Jonsson,14:18:41.042,N. Jonsson,1:23.346,5:16.227,20_PitStops_Race.PDF,5,1
2017,05_Sebring International Raceway,Sebring International Raceway,sebring-international-raceway,2017-03-18,201703181040_Race,54,16 J. Gutierrez J. Gutierrez 11:49.033 | CORE autosport | Porsche 911 GT3 R GTD,5,15:12:43.980,N. Jonsson,15:14:05.076,C. Braun,1:21.096,6:37.323,20_PitStops_Race.PDF,5,1
2017,05_Sebring International Raceway,Sebring International Raceway,sebring-international-raceway,2017-03-18,201703181040_Race,54,16 J. Gutierrez J. Gutierrez 11:49.033 | CORE autosport | Porsche 911 GT3 R GTD,6,16:09:51.183,C. Braun,16:11:12.749,C. Braun,1:21.566,7:58.889,20_PitStops_Race.PDF,5,1
2017,05_Sebring International Raceway,Sebring International Raceway,sebring-international-raceway,2017-03-18,201703181040_Race,54,16 J. Gutierrez J. Gutierrez 11:49.033 | CORE autosport | Porsche 911 GT3 R GTD,7,16:34:57.807,C. Braun,16:35:30.539,C. Braun,32.732,8:31.621,20_PitStops_Race.PDF,5,1
2017,05_Sebring International Raceway,Sebring International Raceway,sebring-international-raceway,2017-03-18,201703181040_Race,54,16 J. Gutierrez J. Gutierrez 11:49.033 | CORE autosport | Porsche 911 GT3 R GTD,8,17:16:35.607,C. Braun,17:17:57.817,J. Bennett,1:22.210,9:53.831,20_PitStops_Race.PDF,5,1
2017,05_Sebring International Raceway,Sebring International Raceway,sebring-international-raceway,2017-03-18,201703181040_Race,54,16 J. Gutierrez J. Gutierrez 11:49.033 | CORE autosport | Porsche 911 GT3 R GTD,9,18:00:58.750,J. Bennett,18:02:22.838,N. Jonsson,1:24.088,11:17.919,20_PitStops_Race.PDF,5,1
2017,05_Sebring International Raceway,Sebring International Raceway,sebring-international-raceway,2017-03-18,201703181040_Race,54,16 J. Gutierrez J. Gutierrez 11:49.033 | CORE autosport | Porsche 911 GT3 R GTD,10,18:35:40.321,N. Jonsson,18:38:02.727,N. Jonsson,2:22.406,13:40.325,20_PitStops_Race.PDF,5,1
2017,05_Sebring International Raceway,Sebring International Raceway,sebring-international-raceway,2017-03-18,201703181040_Race,54,16 J. Gutierrez J. Gutierrez 11:49.033 | CORE autosport | Porsche 911 GT3 R GTD,11,19:12:09.940,N. Jonsson,19:13:47.189,N. Jonsson,1:37.249,15:17.574,20_PitStops_Race.PDF,5,1
2017,05_Sebring International Raceway,Sebring International Raceway,sebring-international-raceway,2017-03-18,201703181040_Race,54,16 J. Gutierrez J. Gutierrez 11:49.033 | CORE autosport | Porsche 911 GT3 R GTD,12,19:26:22.082,N. Jonsson,19:41:31.310,N. Jonsson,15:09.228,30:26.802,20_PitStops_Race.PDF,5,1
2017,05_Sebring International Raceway,Sebring International Raceway,sebring-international-raceway,2017-03-18,201703181040_Race,54,16 J. Gutierrez J. Gutierrez 11:49.033 | CORE autosport | Porsche 911 GT3 R GTD,13,20:51:02.130,N. Jonsson,20:52:25.831,C. Braun,1:23.701,31:50.503,20_PitStops_Race.PDF,5,1
2017,05_Sebring International Raceway,Sebring International Raceway,sebring-international-raceway,2017-03-18,201703181040_Race,55,13 N. Jonsson C. Braun 1:23.701 31:50.503 | Mazda Motorsports | Mazda DPi P,1,10:44:45.772,J. Bomarito,10:45:50.309,J. Bomarito,1:04.537,1:04.537,20_PitStops_Race.PDF,5,1
2017,05_Sebring International Raceway,Sebring International Raceway,sebring-international-raceway,2017-03-18,201703181040_Race,55,13 N. Jonsson C. Braun 1:23.701 31:50.503 | Mazda Motorsports | Mazda DPi P,2,11:24:11.236,J. Bomarito,11:25:21.336,J. Bomarito,1:10.100,2:14.637,20_PitStops_Race.PDF,5,1
2017,05_Sebring International Raceway,Sebring International Raceway,sebring-international-raceway,2017-03-18,201703181040_Race,55,13 N. Jonsson C. Braun 1:23.701 31:50.503 | Mazda Motorsports | Mazda DPi P,3,11:56:10.745,J. Bomarito,11:57:26.007,J. Bomarito,1:15.262,3:29.899,20_PitStops_Race.PDF,5,1
2017,05_Sebring International Raceway,Sebring International Raceway,sebring-international-raceway,2017-03-18,201703181040_Race,55,13 N. Jonsson C. Braun 1:23.701 31:50.503 | Mazda Motorsports | Mazda DPi P,4,12:37:56.359,J. Bomarito,12:39:05.915,S. Pigot,1:09.556,4:39.455,20_PitStops_Race.PDF,5,1
2017,05_Sebring International Raceway,Sebring International Raceway,sebring-international-raceway,2017-03-18,201703181040_Race,55,13 N. Jonsson C. Braun 1:23.701 31:50.503 | Mazda Motorsports | Mazda DPi P,5,13:14:58.497,S. Pigot,13:17:09.923,S. Pigot,2:11.426,6:50.881,20_PitStops_Race.PDF,5,1
2017,05_Sebring International Raceway,Sebring International Raceway,sebring-international-raceway,2017-03-18,201703181040_Race,55,13 N. Jonsson C. Braun 1:23.701 31:50.503 | Mazda Motorsports | Mazda DPi P,6,13:34:37.819,S. Pigot,14:25:56.766,T. Nunez,51:18.947,58:09.828,20_PitStops_Race.PDF,5,1
2017,05_Sebring International Raceway,Sebring International Raceway,sebring-international-raceway,2017-03-18,201703181040_Race,55,13 N. Jonsson C. Braun 1:23.701 31:50.503 | Mazda Motorsports | Mazda DPi P,7,15:04:15.702,T. Nunez,15:05:24.131,J. Bomarito,1:08.429,59:18.257,20_PitStops_Race.PDF,5,1
2017,05_Sebring International Raceway,Sebring International Raceway,sebring-international-raceway,2017-03-18,201703181040_Race,55,13 N. Jonsson C. Braun 1:23.701 31:50.503 | Mazda Motorsports | Mazda DPi P,8,15:43:37.307,J. Bomarito,15:44:45.296,S. Pigot,1:07.989,1:00:26.246,20_PitStops_Race.PDF,5,1
2017,05_Sebring International Raceway,Sebring International Raceway,sebring-international-raceway,2017-03-18,201703181040_Race,55,13 N. Jonsson C. Braun 1:23.701 31:50.503 | Mazda Motorsports | Mazda DPi P,9,16:21:21.447,S. Pigot,16:22:29.044,S. Pigot,1:07.597,1:01:33.843,20_PitStops_Race.PDF,5,1
2017,05_Sebring International Raceway,Sebring International Raceway,sebring-international-raceway,2017-03-18,201703181040_Race,55,13 N. Jonsson C. Braun 1:23.701 31:50.503 | Mazda Motorsports | Mazda DPi P,10,17:06:56.969,S. Pigot,17:08:20.476,T. Nunez,1:23.507,1:02:57.350,20_PitStops_Race.PDF,5,1
2017,05_Sebring International Raceway,Sebring International Raceway,sebring-international-raceway,2017-03-18,201703181040_Race,55,13 N. Jonsson C. Braun 1:23.701 31:50.503 | Mazda Motorsports | Mazda DPi P,11,17:46:46.969,T. Nunez,17:47:54.744,T. Nunez,1:07.775,1:04:05.125,20_PitStops_Race.PDF,5,1
2017,05_Sebring International Raceway,Sebring International Raceway,sebring-international-raceway,2017-03-18,201703181040_Race,55,13 N. Jonsson C. Braun 1:23.701 31:50.503 | Mazda Motorsports | Mazda DPi P,12,18:26:15.532,T. Nunez,18:27:26.431,J. Bomarito,1:10.899,1:05:16.024,20_PitStops_Race.PDF,5,1
2017,05_Sebring International Raceway,Sebring International Raceway,sebring-international-raceway,2017-03-18,201703181040_Race,55,13 N. Jonsson C. Braun 1:23.701 31:50.503 | Mazda Motorsports | Mazda DPi P,13,19:11:18.023,J. Bomarito,19:12:24.215,J. Bomarito,1:06.192,1:06:22.216,20_PitStops_Race.PDF,5,1
2017,05_Sebring International Raceway,Sebring International Raceway,sebring-international-raceway,2017-03-18,201703181040_Race,55,13 N. Jonsson C. Braun 1:23.701 31:50.503 | Mazda Motorsports | Mazda DPi P,14,19:51:10.248,J. Bomarito,19:52:38.358,S. Pigot,1:28.110,1:07:50.326,20_PitStops_Race.PDF,5,1
2017,05_Sebring International Raceway,Sebring International Raceway,sebring-international-raceway,2017-03-18,201703181040_Race,55,13 N. Jonsson C. Braun 1:23.701 31:50.503 | Mazda Motorsports | Mazda DPi P,15,20:47:55.841,S. Pigot,20:49:04.039,S. Pigot,1:08.198,1:08:58.524,20_PitStops_Race.PDF,5,1
2017,05_Sebring International Raceway,Sebring International Raceway,sebring-international-raceway,2017-03-18,201703181040_Race,55,13 N. Jonsson C. Braun 1:23.701 31:50.503 | Mazda Motorsports | Mazda DPi P,16,21:30:25.793,S. Pigot,21:31:50.019,T. Nunez,1:24.226,1:10:22.750,20_PitStops_Race.PDF,5,1
2017,05_Sebring International Raceway,Sebring International Raceway,sebring-international-raceway,2017-03-18,201703181040_Race,55,13 N. Jonsson C. Braun 1:23.701 31:50.503 | Mazda Motorsports | Mazda DPi P,17,22:15:26.515,T. Nunez,22:16:37.094,T. Nunez,1:10.579,1:11:33.329,20_PitStops_Race.PDF,5,1
2017,05_Sebring International Raceway,Sebring International Raceway,sebring-international-raceway,2017-03-18,201703181040_Race,57,17 T. Nunez T. Nunez 1:10.579 | Stevenson Motorsports | Audi R8 LMS GT3 GTD,1,11:30:13.822,A. Davis,11:31:36.164,L. Aschenbach,1:22.342,1:22.342,20_PitStops_Race.PDF,5,1
2017,05_Sebring International Raceway,Sebring International Raceway,sebring-international-raceway,2017-03-18,201703181040_Race,57,17 T. Nunez T. Nunez 1:10.579 | Stevenson Motorsports | Audi R8 LMS GT3 GTD,2,11:51:22.768,L. Aschenbach,11:52:12.869,L. Aschenbach,50.101,2:12.443,20_PitStops_Race.PDF,5,1
2017,05_Sebring International Raceway,Sebring International Raceway,sebring-international-raceway,2017-03-18,201703181040_Race,57,17 T. Nunez T. Nunez 1:10.579 | Stevenson Motorsports | Audi R8 LMS GT3 GTD,3,12:01:19.215,L. Aschenbach,12:02:54.942,L. Aschenbach,1:35.727,3:48.170,20_PitStops_Race.PDF,5,1
2017,05_Sebring International Raceway,Sebring International Raceway,sebring-international-raceway,2017-03-18,201703181040_Race,57,17 T. Nunez T. Nunez 1:10.579 | Stevenson Motorsports | Audi R8 LMS GT3 GTD,4,12:52:19.334,L. Aschenbach,12:53:41.144,M. Bell,1:21.810,5:09.980,20_PitStops_Race.PDF,5,1
2017,05_Sebring International Raceway,Sebring International Raceway,sebring-international-raceway,2017-03-18,201703181040_Race,57,17 T. Nunez T. Nunez 1:10.579 | Stevenson Motorsports | Audi R8 LMS GT3 GTD,5,13:18:59.913,M. Bell,13:19:54.799,M. Bell,54.886,6:04.866,20_PitStops_Race.PDF,5,1
2017,05_Sebring International Raceway,Sebring International Raceway,sebring-international-raceway,2017-03-18,201703181040_Race,57,17 T. Nunez T. Nunez 1:10.579 | Stevenson Motorsports | Audi R8 LMS GT3 GTD,6,14:16:57.206,M. Bell,14:18:20.266,A. Davis,1:23.060,7:27.926,20_PitStops_Race.PDF,5,1
2017,05_Sebring International Raceway,Sebring International Raceway,sebring-international-raceway,2017-03-18,201703181040_Race,57,17 T. Nunez T. Nunez 1:10.579 | Stevenson Motorsports | Audi R8 LMS GT3 GTD,7,15:09:57.813,A. Davis,15:11:19.820,A. Davis,1:22.007,8:49.933,20_PitStops_Race.PDF,5,2
2017,05_Sebring International Raceway,Sebring International Raceway,sebring-international-raceway,2017-03-18,201703181040_Race,57,17 T. Nunez T. Nunez 1:10.579 | Stevenson Motorsports | Audi R8 LMS GT3 GTD,8,16:02:58.927,A. Davis,16:04:20.465,L. Aschenbach,1:21.538,10:11.471,20_PitStops_Race.PDF,5,2
2017,05_Sebring International Raceway,Sebring International Raceway,sebring-international-raceway,2017-03-18,201703181040_Race,57,17 T. Nunez T. Nunez 1:10.579 | Stevenson Motorsports | Audi R8 LMS GT3 GTD,9,16:53:23.190,L. Aschenbach,16:58:04.499,L. Aschenbach,4:41.309,14:52.780,20_PitStops_Race.PDF,5,2
2017,05_Sebring International Raceway,Sebring International Raceway,sebring-international-raceway,2017-03-18,201703181040_Race,57,17 T. Nunez T. Nunez 1:10.579 | Stevenson Motorsports | Audi R8 LMS GT3 GTD,10,17:08:21.893,L. Aschenbach,17:09:43.462,L. Aschenbach,1:21.569,16:14.349,20_PitStops_Race.PDF,5,2
2017,05_Sebring International Raceway,Sebring International Raceway,sebring-international-raceway,2017-03-18,201703181040_Race,57,17 T. Nunez T. Nunez 1:10.579 | Stevenson Motorsports | Audi R8 LMS GT3 GTD,11,18:03:36.413,L. Aschenbach,18:04:59.209,M. Bell,1:22.796,17:37.145,20_PitStops_Race.PDF,5,2
2017,05_Sebring International Raceway,Sebring International Raceway,sebring-international-raceway,2017-03-18,201703181040_Race,57,17 T. Nunez T. Nunez 1:10.579 | Stevenson Motorsports | Audi R8 LMS GT3 GTD,12,18:51:15.112,M. Bell,18:52:28.144,A. Davis,1:13.032,18:50.177,20_PitStops_Race.PDF,5,2
2017,05_Sebring International Raceway,Sebring International Raceway,sebring-international-raceway,2017-03-18,201703181040_Race,57,17 T. Nunez T. Nunez 1:10.579 | Stevenson Motorsports | Audi R8 LMS GT3 GTD,13,19:44:21.790,A. Davis,19:45:43.453,A. Davis,1:21.663,20:11.840,20_PitStops_Race.PDF,5,2
2017,05_Sebring International Raceway,Sebring International Raceway,sebring-international-raceway,2017-03-18,201703181040_Race,57,17 T. Nunez T. Nunez 1:10.579 | Stevenson Motorsports | Audi R8 LMS GT3 GTD,14,20:25:06.739,A. Davis,20:26:14.125,L. Aschenbach,1:07.386,21:19.226,20_PitStops_Race.PDF,5,2
2017,05_Sebring International Raceway,Sebring International Raceway,sebring-international-raceway,2017-03-18,201703181040_Race,57,17 T. Nunez T. Nunez 1:10.579 | Stevenson Motorsports | Audi R8 LMS GT3 GTD,15,21:19:51.248,L. Aschenbach,21:21:14.065,L. Aschenbach,1:22.817,22:42.043,20_PitStops_Race.PDF,5,2
2017,05_Sebring International Raceway,Sebring International Raceway,sebring-international-raceway,2017-03-18,201703181040_Race,57,17 T. Nunez T. Nunez 1:10.579 | Stevenson Motorsports | Audi R8 LMS GT3 GTD,16,21:47:38.843,L. Aschenbach,21:48:41.254,L. Aschenbach,1:02.411,23:44.454,20_PitStops_Race.PDF,5,2
2017,05_Sebring International Raceway,Sebring International Raceway,sebring-international-raceway,2017-03-18,201703181040_Race,62,16 L. Aschenbach L. Aschenbach 1:02.411 23:44.454 | Risi Competizione | Ferrari 488 GTE GTLM,1,11:30:37.150,G. Fisichella,11:31:46.115,T. Vilander,1:08.965,1:08.965,20_PitStops_Race.PDF,5,2
2017,05_Sebring International Raceway,Sebring International Raceway,sebring-international-raceway,2017-03-18,201703181040_Race,62,16 L. Aschenbach L. Aschenbach 1:02.411 23:44.454 | Risi Competizione | Ferrari 488 GTE GTLM,2,12:38:58.201,T. Vilander,12:40:06.693,J. Calado,1:08.492,2:17.457,20_PitStops_Race.PDF,5,2
2017,05_Sebring International Raceway,Sebring International Raceway,sebring-international-raceway,2017-03-18,201703181040_Race,62,16 L. Aschenbach L. Aschenbach 1:02.411 23:44.454 | Risi Competizione | Ferrari 488 GTE GTLM,3,13:18:58.302,J. Calado,13:19:55.261,J. Calado,56.959,3:14.416,20_PitStops_Race.PDF,5,2
2017,05_Sebring International Raceway,Sebring International Raceway,sebring-international-raceway,2017-03-18,201703181040_Race,62,16 L. Aschenbach L. Aschenbach 1:02.411 23:44.454 | Risi Competizione | Ferrari 488 GTE GTLM,4,14:17:07.922,J. Calado,14:18:23.910,G. Fisichella,1:15.988,4:30.404,20_PitStops_Race.PDF,5,2
2017,05_Sebring International Raceway,Sebring International Raceway,sebring-international-raceway,2017-03-18,201703181040_Race,62,16 L. Aschenbach L. Aschenbach 1:02.411 23:44.454 | Risi Competizione | Ferrari 488 GTE GTLM,5,15:14:23.108,G. Fisichella,15:15:32.868,T. Vilander,1:09.760,5:40.164,20_PitStops_Race.PDF,5,2
2017,05_Sebring International Raceway,Sebring International Raceway,sebring-international-raceway,2017-03-18,201703181040_Race,62,16 L. Aschenbach L. Aschenbach 1:02.411 23:44.454 | Risi Competizione | Ferrari 488 GTE GTLM,6,16:11:28.562,T. Vilander,16:12:37.566,J. Calado,1:09.004,6:49.168,20_PitStops_Race.PDF,5,2
2017,05_Sebring International Raceway,Sebring International Raceway,sebring-international-raceway,2017-03-18,201703181040_Race,62,16 L. Aschenbach L. Aschenbach 1:02.411 23:44.454 | Risi Competizione | Ferrari 488 GTE GTLM,7,17:18:26.413,J. Calado,17:19:36.049,G. Fisichella,1:09.636,7:58.804,20_PitStops_Race.PDF,5,2
2017,05_Sebring International Raceway,Sebring International Raceway,sebring-international-raceway,2017-03-18,201703181040_Race,62,16 L. Aschenbach L. Aschenbach 1:02.411 23:44.454 | Risi Competizione | Ferrari 488 GTE GTLM,8,18:15:45.462,G. Fisichella,18:16:53.980,T. Vilander,1:08.518,9:07.322,20_PitStops_Race.PDF,5,2
2017,05_Sebring International Raceway,Sebring International Raceway,sebring-international-raceway,2017-03-18,201703181040_Race,62,16 L. Aschenbach L. Aschenbach 1:02.411 23:44.454 | Risi Competizione | Ferrari 488 GTE GTLM,9,18:45:57.366,T. Vilander,18:46:54.633,T. Vilander,57.267,10:04.589,20_PitStops_Race.PDF,5,2
2017,05_Sebring International Raceway,Sebring International Raceway,sebring-international-raceway,2017-03-18,201703181040_Race,62,16 L. Aschenbach L. Aschenbach 1:02.411 23:44.454 | Risi Competizione | Ferrari 488 GTE GTLM,10,19:45:30.592,T. Vilander,19:46:39.364,J. Calado,1:08.772,11:13.361,20_PitStops_Race.PDF,5,2
2017,05_Sebring International Raceway,Sebring International Raceway,sebring-international-raceway,2017-03-18,201703181040_Race,62,16 L. Aschenbach L. Aschenbach 1:02.411 23:44.454 | Risi Competizione | Ferrari 488 GTE GTLM,11,20:19:58.783,J. Calado,20:20:53.015,J. Calado,54.232,12:07.593,20_PitStops_Race.PDF,5,2
2017,05_Sebring International Raceway,Sebring International Raceway,sebring-international-raceway,2017-03-18,201703181040_Race,62,16 L. Aschenbach L. Aschenbach 1:02.411 23:44.454 | Risi Competizione | Ferrari 488 GTE GTLM,12,21:03:57.815,J. Calado,21:05:33.476,J. Calado,1:35.661,13:43.254,20_PitStops_Race.PDF,5,2
2017,05_Sebring International Raceway,Sebring International Raceway,sebring-international-raceway,2017-03-18,201703181040_Race,62,16 L. Aschenbach L. Aschenbach 1:02.411 23:44.454 | Risi Competizione | Ferrari 488 GTE GTLM,13,21:42:41.674,J. Calado,21:43:38.618,J. Calado,56.944,14:40.198,20_PitStops_Race.PDF,5,2
2017,05_Sebring International Raceway,Sebring International Raceway,sebring-international-raceway,2017-03-18,201703181040_Race,63,13 J. Calado J. Calado 56.944 14:40.198 | Scuderia Corsa | Ferrari 488 GT3 GTD,1,11:30:30.063,C. Nielsen,11:31:43.367,C. Nielsen,1:13.304,1:13.304,20_PitStops_Race.PDF,5,2
2017,05_Sebring International Raceway,Sebring International Raceway,sebring-international-raceway,2017-03-18,201703181040_Race,63,13 J. Calado J. Calado 56.944 14:40.198 | Scuderia Corsa | Ferrari 488 GT3 GTD,2,11:51:28.801,C. Nielsen,11:52:20.079,C. Nielsen,51.278,2:04.582,20_PitStops_Race.PDF,5,2
2017,05_Sebring International Raceway,Sebring International Raceway,sebring-international-raceway,2017-03-18,201703181040_Race,63,13 J. Calado J. Calado 56.944 14:40.198 | Scuderia Corsa | Ferrari 488 GT3 GTD,3,12:51:11.583,C. Nielsen,12:52:23.657,M. Cressoni,1:12.074,3:16.656,20_PitStops_Race.PDF,5,2
2017,05_Sebring International Raceway,Sebring International Raceway,sebring-international-raceway,2017-03-18,201703181040_Race,63,13 J. Calado J. Calado 56.944 14:40.198 | Scuderia Corsa | Ferrari 488 GT3 GTD,4,13:19:17.129,M. Cressoni,13:20:08.955,M. Cressoni,51.826,4:08.482,20_PitStops_Race.PDF,5,2
2017,05_Sebring International Raceway,Sebring International Raceway,sebring-international-raceway,2017-03-18,201703181040_Race,63,13 J. Calado J. Calado 56.944 14:40.198 | Scuderia Corsa | Ferrari 488 GT3 GTD,5,13:58:05.996,M. Cressoni,13:59:06.633,A. Balzan,1:00.637,5:09.119,20_PitStops_Race.PDF,5,2
2017,05_Sebring International Raceway,Sebring International Raceway,sebring-international-raceway,2017-03-18,201703181040_Race,63,13 J. Calado J. Calado 56.944 14:40.198 | Scuderia Corsa | Ferrari 488 GT3 GTD,6,14:52:34.835,A. Balzan,14:53:44.770,C. Nielsen,1:09.935,6:19.054,20_PitStops_Race.PDF,5,2
2017,05_Sebring International Raceway,Sebring International Raceway,sebring-international-raceway,2017-03-18,201703181040_Race,63,13 J. Calado J. Calado 56.944 14:40.198 | Scuderia Corsa | Ferrari 488 GT3 GTD,7,15:49:48.928,C. Nielsen,15:51:00.137,C. Nielsen,1:11.209,7:30.263,20_PitStops_Race.PDF,5,2
2017,05_Sebring International Raceway,Sebring International Raceway,sebring-international-raceway,2017-03-18,201703181040_Race,63,13 J. Calado J. Calado 56.944 14:40.198 | Scuderia Corsa | Ferrari 488 GT3 GTD,8,16:25:16.193,C. Nielsen,16:26:26.299,M. Cressoni,1:10.106,8:40.369,20_PitStops_Race.PDF,5,2
2017,05_Sebring International Raceway,Sebring International Raceway,sebring-international-raceway,2017-03-18,201703181040_Race,63,13 J. Calado J. Calado 56.944 14:40.198 | Scuderia Corsa | Ferrari 488 GT3 GTD,9,17:24:15.949,M. Cressoni,17:25:27.874,M. Cressoni,1:11.925,9:52.294,20_PitStops_Race.PDF,5,2
2017,05_Sebring International Raceway,Sebring International Raceway,sebring-international-raceway,2017-03-18,201703181040_Race,63,13 J. Calado J. Calado 56.944 14:40.198 | Scuderia Corsa | Ferrari 488 GT3 GTD,10,17:56:21.632,M. Cressoni,17:57:20.983,A. Balzan,59.351,10:51.645,20_PitStops_Race.PDF,5,2
2017,05_Sebring International Raceway,Sebring International Raceway,sebring-international-raceway,2017-03-18,201703181040_Race,63,13 J. Calado J. Calado 56.944 14:40.198 | Scuderia Corsa | Ferrari 488 GT3 GTD,11,18:45:51.157,A. Balzan,18:46:56.418,M. Cressoni,1:05.261,11:56.906,20_PitStops_Race.PDF,5,2
2017,05_Sebring International Raceway,Sebring International Raceway,sebring-international-raceway,2017-03-18,201703181040_Race,63,13 J. Calado J. Calado 56.944 14:40.198 | Scuderia Corsa | Ferrari 488 GT3 GTD,12,19:44:43.752,M. Cressoni,19:45:55.219,M. Cressoni,1:11.467,13:08.373,20_PitStops_Race.PDF,5,2
2017,05_Sebring International Raceway,Sebring International Raceway,sebring-international-raceway,2017-03-18,201703181040_Race,63,13 J. Calado J. Calado 56.944 14:40.198 | Scuderia Corsa | Ferrari 488 GT3 GTD,13,20:19:58.114,M. Cressoni,20:21:03.513,A. Balzan,1:05.399,14:13.772,20_PitStops_Race.PDF,5,2
2017,05_Sebring International Raceway,Sebring International Raceway,sebring-international-raceway,2017-03-18,201703181040_Race,63,13 J. Calado J. Calado 56.944 14:40.198 | Scuderia Corsa | Ferrari 488 GT3 GTD,14,21:21:48.045,A. Balzan,21:23:00.105,A. Balzan,1:12.060,15:25.832,20_PitStops_Race.PDF,5,2
2017,05_Sebring International Raceway,Sebring International Raceway,sebring-international-raceway,2017-03-18,201703181040_Race,63,13 J. Calado J. Calado 56.944 14:40.198 | Scuderia Corsa | Ferrari 488 GT3 GTD,15,21:42:38.832,A. Balzan,21:43:26.176,A. Balzan,47.344,16:13.176,20_PitStops_Race.PDF,5,2
2017,05_Sebring International Raceway,Sebring International Raceway,sebring-international-raceway,2017-03-18,201703181040_Race,66,15 A. Balzan A. Balzan 47.344 16:13.176 | Ford Chip Ganassi Racing | Ford GT GTLM,1,11:34:21.497,D. Mueller,11:35:31.700,D. Mueller,1:10.203,1:10.203,20_PitStops_Race.PDF,5,2
2017,05_Sebring International Raceway,Sebring International Raceway,sebring-international-raceway,2017-03-18,201703181040_Race,66,15 A. Balzan A. Balzan 47.344 16:13.176 | Ford Chip Ganassi Racing | Ford GT GTLM,2,12:44:46.210,D. Mueller,12:45:54.677,S. Bourdais,1:08.467,2:18.670,20_PitStops_Race.PDF,5,2
2017,05_Sebring International Raceway,Sebring International Raceway,sebring-international-raceway,2017-03-18,201703181040_Race,66,15 A. Balzan A. Balzan 47.344 16:13.176 | Ford Chip Ganassi Racing | Ford GT GTLM,3,13:18:53.869,S. Bourdais,13:19:49.913,S. Bourdais,56.044,3:14.714,20_PitStops_Race.PDF,5,2
2017,05_Sebring International Raceway,Sebring International Raceway,sebring-international-raceway,2017-03-18,201703181040_Race,66,15 A. Balzan A. Balzan 47.344 16:13.176 | Ford Chip Ganassi Racing | Ford GT GTLM,4,14:21:04.369,S. Bourdais,14:22:13.211,S. Bourdais,1:08.842,4:23.556,20_PitStops_Race.PDF,5,2
2017,05_Sebring International Raceway,Sebring International Raceway,sebring-international-raceway,2017-03-18,201703181040_Race,66,15 A. Balzan A. Balzan 47.344 16:13.176 | Ford Chip Ganassi Racing | Ford GT GTLM,5,15:20:03.615,S. Bourdais,15:21:12.126,J. Hand,1:08.511,5:32.067,20_PitStops_Race.PDF,5,2
2017,05_Sebring International Raceway,Sebring International Raceway,sebring-international-raceway,2017-03-18,201703181040_Race,66,15 A. Balzan A. Balzan 47.344 16:13.176 | Ford Chip Ganassi Racing | Ford GT GTLM,6,16:25:03.603,J. Hand,16:26:11.207,J. Hand,1:07.604,6:39.671,20_PitStops_Race.PDF,5,2
2017,05_Sebring International Raceway,Sebring International Raceway,sebring-international-raceway,2017-03-18,201703181040_Race,66,15 A. Balzan A. Balzan 47.344 16:13.176 | Ford Chip Ganassi Racing | Ford GT GTLM,7,17:26:36.794,J. Hand,17:27:44.779,D. Mueller,1:07.985,7:47.656,20_PitStops_Race.PDF,5,2
2017,05_Sebring International Raceway,Sebring International Raceway,sebring-international-raceway,2017-03-18,201703181040_Race,66,15 A. Balzan A. Balzan 47.344 16:13.176 | Ford Chip Ganassi Racing | Ford GT GTLM,8,18:19:40.641,D. Mueller,18:20:47.250,D. Mueller,1:06.609,8:54.265,20_PitStops_Race.PDF,5,2
2017,05_Sebring International Raceway,Sebring International Raceway,sebring-international-raceway,2017-03-18,201703181040_Race,66,15 A. Balzan A. Balzan 47.344 16:13.176 | Ford Chip Ganassi Racing | Ford GT GTLM,9,18:45:55.992,D. Mueller,18:46:44.833,D. Mueller,48.841,9:43.106,20_PitStops_Race.PDF,5,2
2017,05_Sebring International Raceway,Sebring International Raceway,sebring-international-raceway,2017-03-18,201703181040_Race,66,15 A. Balzan A. Balzan 47.344 16:13.176 | Ford Chip Ganassi Racing | Ford GT GTLM,10,19:49:23.489,D. Mueller,19:50:32.483,J. Hand,1:08.994,10:52.100,20_PitStops_Race.PDF,6,1
2017,05_Sebring International Raceway,Sebring International Raceway,sebring-international-raceway,2017-03-18,201703181040_Race,66,15 A. Balzan A. Balzan 47.344 16:13.176 | Ford Chip Ganassi Racing | Ford GT GTLM,11,21:01:49.291,J. Hand,21:02:58.726,J. Hand,1:09.435,12:01.535,20_PitStops_Race.PDF,6,1
2017,05_Sebring International Raceway,Sebring International Raceway,sebring-international-raceway,2017-03-18,201703181040_Race,66,15 A. Balzan A. Balzan 47.344 16:13.176 | Ford Chip Ganassi Racing | Ford GT GTLM,12,21:42:35.260,J. Hand,21:43:32.142,J. Hand,56.882,12:58.417,20_PitStops_Race.PDF,6,1
2017,05_Sebring International Raceway,Sebring International Raceway,sebring-international-raceway,2017-03-18,201703181040_Race,67,12 J. Hand J. Hand 56.882 12:58.417 | Ford Chip Ganassi Racing | Ford GT GTLM,1,10:40:28.832,R. Briscoe,10:40:53.506,R. Briscoe,24.674,24.674,20_PitStops_Race.PDF,6,1
2017,05_Sebring International Raceway,Sebring International Raceway,sebring-international-raceway,2017-03-18,201703181040_Race,67,12 J. Hand J. Hand 56.882 12:58.417 | Ford Chip Ganassi Racing | Ford GT GTLM,2,10:42:56.358,R. Briscoe,10:43:28.508,R. Briscoe,32.150,56.824,20_PitStops_Race.PDF,6,1
2017,05_Sebring International Raceway,Sebring International Raceway,sebring-international-raceway,2017-03-18,201703181040_Race,67,12 J. Hand J. Hand 56.882 12:58.417 | Ford Chip Ganassi Racing | Ford GT GTLM,3,11:39:28.705,R. Briscoe,11:40:38.465,R. Briscoe,1:09.760,2:06.584,20_PitStops_Race.PDF,6,1
2017,05_Sebring International Raceway,Sebring International Raceway,sebring-international-raceway,2017-03-18,201703181040_Race,67,12 J. Hand J. Hand 56.882 12:58.417 | Ford Chip Ganassi Racing | Ford GT GTLM,4,12:51:09.021,R. Briscoe,12:52:20.406,R. Westbrook,1:11.385,3:17.969,20_PitStops_Race.PDF,6,1
2017,05_Sebring International Raceway,Sebring International Raceway,sebring-international-raceway,2017-03-18,201703181040_Race,67,12 J. Hand J. Hand 56.882 12:58.417 | Ford Chip Ganassi Racing | Ford GT GTLM,5,14:02:47.826,R. Westbrook,14:03:58.450,R. Westbrook,1:10.624,4:28.593,20_PitStops_Race.PDF,6,1
2017,05_Sebring International Raceway,Sebring International Raceway,sebring-international-raceway,2017-03-18,201703181040_Race,67,12 J. Hand J. Hand 56.882 12:58.417 | Ford Chip Ganassi Racing | Ford GT GTLM,6,15:01:57.991,R. Westbrook,15:03:09.588,S. Dixon,1:11.597,5:40.190,20_PitStops_Race.PDF,6,1
2017,05_Sebring International Raceway,Sebring International Raceway,sebring-international-raceway,2017-03-18,201703181040_Race,67,12 J. Hand J. Hand 56.882 12:58.417 | Ford Chip Ganassi Racing | Ford GT GTLM,7,16:01:12.486,S. Dixon,16:02:21.849,S. Dixon,1:09.363,6:49.553,20_PitStops_Race.PDF,6,1
2017,05_Sebring International Raceway,Sebring International Raceway,sebring-international-raceway,2017-03-18,201703181040_Race,67,12 J. Hand J. Hand 56.882 12:58.417 | Ford Chip Ganassi Racing | Ford GT GTLM,8,17:10:25.338,S. Dixon,17:11:36.232,R. Briscoe,1:10.894,8:00.447,20_PitStops_Race.PDF,6,1
2017,05_Sebring International Raceway,Sebring International Raceway,sebring-international-raceway,2017-03-18,201703181040_Race,67,12 J. Hand J. Hand 56.882 12:58.417 | Ford Chip Ganassi Racing | Ford GT GTLM,9,18:09:32.732,R. Briscoe,18:10:41.454,R. Briscoe,1:08.722,9:09.169,20_PitStops_Race.PDF,6,1
2017,05_Sebring International Raceway,Sebring International Raceway,sebring-international-raceway,2017-03-18,201703181040_Race,67,12 J. Hand J. Hand 56.882 12:58.417 | Ford Chip Ganassi Racing | Ford GT GTLM,10,18:45:53.577,R. Briscoe,18:46:52.944,R. Briscoe,59.367,10:08.536,20_PitStops_Race.PDF,6,1
2017,05_Sebring International Raceway,Sebring International Raceway,sebring-international-raceway,2017-03-18,201703181040_Race,67,12 J. Hand J. Hand 56.882 12:58.417 | Ford Chip Ganassi Racing | Ford GT GTLM,11,19:49:31.132,R. Briscoe,19:50:41.062,S. Dixon,1:09.930,11:18.466,20_PitStops_Race.PDF,6,1
2017,05_Sebring International Raceway,Sebring International Raceway,sebring-international-raceway,2017-03-18,201703181040_Race,67,12 J. Hand J. Hand 56.882 12:58.417 | Ford Chip Ganassi Racing | Ford GT GTLM,12,20:59:56.699,S. Dixon,21:01:06.567,R. Westbrook,1:09.868,12:28.334,20_PitStops_Race.PDF,6,1
2017,05_Sebring International Raceway,Sebring International Raceway,sebring-international-raceway,2017-03-18,201703181040_Race,67,12 J. Hand J. Hand 56.882 12:58.417 | Ford Chip Ganassi Racing | Ford GT GTLM,13,21:42:37.179,R. Westbrook,21:43:36.974,R. Westbrook,59.795,13:28.129,20_PitStops_Race.PDF,6,1
2017,05_Sebring International Raceway,Sebring International Raceway,sebring-international-raceway,2017-03-18,201703181040_Race,68,13 R. Westbrook R. Westbrook 59.795 13:28.129 | Ford Chip Ganassi Team UK | Ford GT GTLM,1,11:32:38.159,S. Mucke,11:33:49.495,S. Mucke,1:11.336,1:11.336,20_PitStops_Race.PDF,6,1
2017,05_Sebring International Raceway,Sebring International Raceway,sebring-international-raceway,2017-03-18,201703181040_Race,68,13 R. Westbrook R. Westbrook 59.795 13:28.129 | Ford Chip Ganassi Team UK | Ford GT GTLM,2,12:41:08.647,S. Mucke,12:42:19.268,B. Johnson,1:10.621,2:21.957,20_PitStops_Race.PDF,6,1
2017,05_Sebring International Raceway,Sebring International Raceway,sebring-international-raceway,2017-03-18,201703181040_Race,68,13 R. Westbrook R. Westbrook 59.795 13:28.129 | Ford Chip Ganassi Team UK | Ford GT GTLM,3,13:19:01.769,B. Johnson,13:19:59.337,B. Johnson,57.568,3:19.525,20_PitStops_Race.PDF,6,1
2017,05_Sebring International Raceway,Sebring International Raceway,sebring-international-raceway,2017-03-18,201703181040_Race,68,13 R. Westbrook R. Westbrook 59.795 13:28.129 | Ford Chip Ganassi Team UK | Ford GT GTLM,4,14:17:09.231,B. Johnson,14:18:18.778,O. Pla,1:09.547,4:29.072,20_PitStops_Race.PDF,6,1
2017,05_Sebring International Raceway,Sebring International Raceway,sebring-international-raceway,2017-03-18,201703181040_Race,68,13 R. Westbrook R. Westbrook 59.795 13:28.129 | Ford Chip Ganassi Team UK | Ford GT GTLM,5,15:14:22.628,O. Pla,15:15:32.286,O. Pla,1:09.658,5:38.730,20_PitStops_Race.PDF,6,1
2017,05_Sebring International Raceway,Sebring International Raceway,sebring-international-raceway,2017-03-18,201703181040_Race,68,13 R. Westbrook R. Westbrook 59.795 13:28.129 | Ford Chip Ganassi Team UK | Ford GT GTLM,6,16:11:27.698,O. Pla,16:12:37.138,S. Mucke,1:09.440,6:48.170,20_PitStops_Race.PDF,6,1
2017,05_Sebring International Raceway,Sebring International Raceway,sebring-international-raceway,2017-03-18,201703181040_Race,68,13 R. Westbrook R. Westbrook 59.795 13:28.129 | Ford Chip Ganassi Team UK | Ford GT GTLM,7,17:18:24.683,S. Mucke,17:19:33.054,B. Johnson,1:08.371,7:56.541,20_PitStops_Race.PDF,6,1
2017,05_Sebring International Raceway,Sebring International Raceway,sebring-international-raceway,2017-03-18,201703181040_Race,68,13 R. Westbrook R. Westbrook 59.795 13:28.129 | Ford Chip Ganassi Team UK | Ford GT GTLM,8,18:15:27.985,B. Johnson,18:16:37.645,B. Johnson,1:09.660,9:06.201,20_PitStops_Race.PDF,6,1
2017,05_Sebring International Raceway,Sebring International Raceway,sebring-international-raceway,2017-03-18,201703181040_Race,68,13 R. Westbrook R. Westbrook 59.795 13:28.129 | Ford Chip Ganassi Team UK | Ford GT GTLM,9,18:45:52.996,B. Johnson,18:46:49.692,B. Johnson,56.696,10:02.897,20_PitStops_Race.PDF,6,1
2017,05_Sebring International Raceway,Sebring International Raceway,sebring-international-raceway,2017-03-18,201703181040_Race,68,13 R. Westbrook R. Westbrook 59.795 13:28.129 | Ford Chip Ganassi Team UK | Ford GT GTLM,10,19:45:39.817,B. Johnson,19:46:48.302,O. Pla,1:08.485,11:11.382,20_PitStops_Race.PDF,6,1
2017,05_Sebring International Raceway,Sebring International Raceway,sebring-international-raceway,2017-03-18,201703181040_Race,68,13 R. Westbrook R. Westbrook 59.795 13:28.129 | Ford Chip Ganassi Team UK | Ford GT GTLM,11,20:55:57.457,O. Pla,20:57:06.869,S. Mucke,1:09.412,12:20.794,20_PitStops_Race.PDF,6,1
2017,05_Sebring International Raceway,Sebring International Raceway,sebring-international-raceway,2017-03-18,201703181040_Race,68,13 R. Westbrook R. Westbrook 59.795 13:28.129 | Ford Chip Ganassi Team UK | Ford GT GTLM,12,21:42:39.732,S. Mucke,21:43:40.628,S. Mucke,1:00.896,13:21.690,20_PitStops_Race.PDF,6,1
2017,05_Sebring International Raceway,Sebring International Raceway,sebring-international-raceway,2017-03-18,201703181040_Race,70,12 S. Mucke S. Mucke 1:00.896 13:21.690 | Mazda Motorsports | Mazda DPi P,1,11:14:50.990,J. Miller,11:16:20.840,J. Miller,1:29.850,1:29.850,20_PitStops_Race.PDF,6,1
2017,05_Sebring International Raceway,Sebring International Raceway,sebring-international-raceway,2017-03-18,201703181040_Race,70,12 S. Mucke S. Mucke 1:00.896 13:21.690 | Mazda Motorsports | Mazda DPi P,2,13:11:38.341,T. Long,13:12:11.291,T. Long,32.950,2:02.800,20_PitStops_Race.PDF,6,1
2017,05_Sebring International Raceway,Sebring International Raceway,sebring-international-raceway,2017-03-18,201703181040_Race,70,12 S. Mucke S. Mucke 1:00.896 13:21.690 | Mazda Motorsports | Mazda DPi P,3,13:15:00.919,T. Long,13:17:53.089,T. Long,2:52.170,4:54.970,20_PitStops_Race.PDF,6,1
2017,05_Sebring International Raceway,Sebring International Raceway,sebring-international-raceway,2017-03-18,201703181040_Race,70,12 S. Mucke S. Mucke 1:00.896 13:21.690 | Mazda Motorsports | Mazda DPi P,4,13:57:36.440,T. Long,13:58:43.831,T. Long,1:07.391,6:02.361,20_PitStops_Race.PDF,6,1
2017,05_Sebring International Raceway,Sebring International Raceway,sebring-international-raceway,2017-03-18,201703181040_Race,70,12 S. Mucke S. Mucke 1:00.896 13:21.690 | Mazda Motorsports | Mazda DPi P,5,14:35:19.998,T. Long,14:36:35.092,M. Franchitti,1:15.094,7:17.455,20_PitStops_Race.PDF,6,1
2017,05_Sebring International Raceway,Sebring International Raceway,sebring-international-raceway,2017-03-18,201703181040_Race,70,12 S. Mucke S. Mucke 1:00.896 13:21.690 | Mazda Motorsports | Mazda DPi P,6,15:13:19.160,M. Franchitti,15:14:31.844,M. Franchitti,1:12.684,8:30.139,20_PitStops_Race.PDF,6,1
2017,05_Sebring International Raceway,Sebring International Raceway,sebring-international-raceway,2017-03-18,201703181040_Race,70,12 S. Mucke S. Mucke 1:00.896 13:21.690 | Mazda Motorsports | Mazda DPi P,7,15:50:38.040,M. Franchitti,15:51:53.177,J. Miller,1:15.137,9:45.276,20_PitStops_Race.PDF,6,1
2017,05_Sebring International Raceway,Sebring International Raceway,sebring-international-raceway,2017-03-18,201703181040_Race,70,12 S. Mucke S. Mucke 1:00.896 13:21.690 | Mazda Motorsports | Mazda DPi P,8,16:21:45.850,J. Miller,16:23:01.101,J. Miller,1:15.251,11:00.527,20_PitStops_Race.PDF,6,1
2017,05_Sebring International Raceway,Sebring International Raceway,sebring-international-raceway,2017-03-18,201703181040_Race,70,12 S. Mucke S. Mucke 1:00.896 13:21.690 | Mazda Motorsports | Mazda DPi P,9,17:03:06.435,J. Miller,17:04:42.289,T. Long,1:35.854,12:36.381,20_PitStops_Race.PDF,6,1
2017,05_Sebring International Raceway,Sebring International Raceway,sebring-international-raceway,2017-03-18,201703181040_Race,70,12 S. Mucke S. Mucke 1:00.896 13:21.690 | Mazda Motorsports | Mazda DPi P,10,17:39:30.296,T. Long,17:40:37.210,T. Long,1:06.914,13:43.295,20_PitStops_Race.PDF,6,1
2017,05_Sebring International Raceway,Sebring International Raceway,sebring-international-raceway,2017-03-18,201703181040_Race,70,12 S. Mucke S. Mucke 1:00.896 13:21.690 | Mazda Motorsports | Mazda DPi P,11,17:56:06.686,T. Long,17:59:25.856,T. Long,3:19.170,17:02.465,20_PitStops_Race.PDF,6,1
2017,05_Sebring International Raceway,Sebring International Raceway,sebring-international-raceway,2017-03-18,201703181040_Race,73,11 T. Long T. Long 3:19.170 17:02.465 | Park Place Motorsports | Porsche 911 GT3 R GTD,1,11:34:48.568,P. Lindsey,11:36:11.438,M. McMurry,1:22.870,1:22.870,20_PitStops_Race.PDF,6,1
2017,05_Sebring International Raceway,Sebring International Raceway,sebring-international-raceway,2017-03-18,201703181040_Race,73,11 T. Long T. Long 3:19.170 17:02.465 | Park Place Motorsports | Porsche 911 GT3 R GTD,2,11:38:18.469,M. McMurry,11:38:51.372,M. McMurry,32.903,1:55.773,20_PitStops_Race.PDF,6,1
2017,05_Sebring International Raceway,Sebring International Raceway,sebring-international-raceway,2017-03-18,201703181040_Race,73,11 T. Long T. Long 3:19.170 17:02.465 | Park Place Motorsports | Porsche 911 GT3 R GTD,3,11:51:46.536,M. McMurry,11:52:37.045,M. McMurry,50.509,2:46.282,20_PitStops_Race.PDF,6,1
2017,05_Sebring International Raceway,Sebring International Raceway,sebring-international-raceway,2017-03-18,201703181040_Race,73,11 T. Long T. Long 3:19.170 17:02.465 | Park Place Motorsports | Porsche 911 GT3 R GTD,4,12:49:25.521,M. McMurry,12:50:42.686,J. Heylen,1:17.165,4:03.447,20_PitStops_Race.PDF,6,1
2017,05_Sebring International Raceway,Sebring International Raceway,sebring-international-raceway,2017-03-18,201703181040_Race,73,11 T. Long T. Long 3:19.170 17:02.465 | Park Place Motorsports | Porsche 911 GT3 R GTD,5,13:19:19.737,J. Heylen,13:20:18.479,J. Heylen,58.742,5:02.189,20_PitStops_Race.PDF,6,1
2017,05_Sebring International Raceway,Sebring International Raceway,sebring-international-raceway,2017-03-18,201703181040_Race,73,11 T. Long T. Long 3:19.170 17:02.465 | Park Place Motorsports | Porsche 911 GT3 R GTD,6,14:17:12.923,J. Heylen,14:18:30.823,P. Lindsey,1:17.900,6:20.089,20_PitStops_Race.PDF,6,2
2017,05_Sebring International Raceway,Sebring International Raceway,sebring-international-raceway,2017-03-18,201703181040_Race,73,11 T. Long T. Long 3:19.170 17:02.465 | Park Place Motorsports | Porsche 911 GT3 R GTD,7,15:16:41.548,P. Lindsey,15:18:12.214,M. McMurry,1:30.666,7:50.755,20_PitStops_Race.PDF,6,2
2017,05_Sebring International Raceway,Sebring International Raceway,sebring-international-raceway,2017-03-18,201703181040_Race,73,11 T. Long T. Long 3:19.170 17:02.465 | Park Place Motorsports | Porsche 911 GT3 R GTD,8,16:16:23.388,M. McMurry,16:17:41.059,M. McMurry,1:17.671,9:08.426,20_PitStops_Race.PDF,6,2
2017,05_Sebring International Raceway,Sebring International Raceway,sebring-international-raceway,2017-03-18,201703181040_Race,73,11 T. Long T. Long 3:19.170 17:02.465 | Park Place Motorsports | Porsche 911 GT3 R GTD,9,16:30:46.213,M. McMurry,16:32:03.528,J. Heylen,1:17.315,10:25.741,20_PitStops_Race.PDF,6,2
2017,05_Sebring International Raceway,Sebring International Raceway,sebring-international-raceway,2017-03-18,201703181040_Race,73,11 T. Long T. Long 3:19.170 17:02.465 | Park Place Motorsports | Porsche 911 GT3 R GTD,10,17:30:20.575,J. Heylen,17:31:40.399,P. Lindsey,1:19.824,11:45.565,20_PitStops_Race.PDF,6,2
2017,05_Sebring International Raceway,Sebring International Raceway,sebring-international-raceway,2017-03-18,201703181040_Race,73,11 T. Long T. Long 3:19.170 17:02.465 | Park Place Motorsports | Porsche 911 GT3 R GTD,11,18:30:05.464,P. Lindsey,18:31:23.750,P. Lindsey,1:18.286,13:03.851,20_PitStops_Race.PDF,6,2
2017,05_Sebring International Raceway,Sebring International Raceway,sebring-international-raceway,2017-03-18,201703181040_Race,73,11 T. Long T. Long 3:19.170 17:02.465 | Park Place Motorsports | Porsche 911 GT3 R GTD,12,18:46:03.398,P. Lindsey,18:49:14.402,J. Bergmeister,3:11.004,16:14.855,20_PitStops_Race.PDF,6,2
2017,05_Sebring International Raceway,Sebring International Raceway,sebring-international-raceway,2017-03-18,201703181040_Race,73,11 T. Long T. Long 3:19.170 17:02.465 | Park Place Motorsports | Porsche 911 GT3 R GTD,13,19:45:37.641,J. Bergmeister,19:46:57.568,M. McMurry,1:19.927,17:34.782,20_PitStops_Race.PDF,6,2
2017,05_Sebring International Raceway,Sebring International Raceway,sebring-international-raceway,2017-03-18,201703181040_Race,73,11 T. Long T. Long 3:19.170 17:02.465 | Park Place Motorsports | Porsche 911 GT3 R GTD,14,20:57:15.947,M. McMurry,20:58:47.327,J. Heylen,1:31.380,19:06.162,20_PitStops_Race.PDF,6,2
2017,05_Sebring International Raceway,Sebring International Raceway,sebring-international-raceway,2017-03-18,201703181040_Race,73,11 T. Long T. Long 3:19.170 17:02.465 | Park Place Motorsports | Porsche 911 GT3 R GTD,15,21:43:01.753,J. Heylen,21:44:19.533,J. Bergmeister,1:17.780,20:23.942,20_PitStops_Race.PDF,6,2
2017,05_Sebring International Raceway,Sebring International Raceway,sebring-international-raceway,2017-03-18,201703181040_Race,73,11 T. Long T. Long 3:19.170 17:02.465 | Park Place Motorsports | Porsche 911 GT3 R GTD,16,21:46:55.644,J. Bergmeister,21:47:37.949,J. Bergmeister,42.305,21:06.247,20_PitStops_Race.PDF,6,2
2017,05_Sebring International Raceway,Sebring International Raceway,sebring-international-raceway,2017-03-18,201703181040_Race,75,16 J. Bergmeister J. Bergmeister 42.305 21:06.247 | SunEnergy1 Racing | Mercedes-AMG GT3 GTD,1,10:40:28.832,T. Vautier,10:40:52.656,T. Vautier,23.824,23.824,20_PitStops_Race.PDF,6,2
2017,05_Sebring International Raceway,Sebring International Raceway,sebring-international-raceway,2017-03-18,201703181040_Race,75,16 J. Bergmeister J. Bergmeister 42.305 21:06.247 | SunEnergy1 Racing | Mercedes-AMG GT3 GTD,2,10:42:59.490,T. Vautier,10:43:31.266,T. Vautier,31.776,55.600,20_PitStops_Race.PDF,6,2
2017,05_Sebring International Raceway,Sebring International Raceway,sebring-international-raceway,2017-03-18,201703181040_Race,75,16 J. Bergmeister J. Bergmeister 42.305 21:06.247 | SunEnergy1 Racing | Mercedes-AMG GT3 GTD,3,11:30:41.678,T. Vautier,11:32:18.572,T. Vautier,1:36.894,2:32.494,20_PitStops_Race.PDF,6,2
2017,05_Sebring International Raceway,Sebring International Raceway,sebring-international-raceway,2017-03-18,201703181040_Race,75,16 J. Bergmeister J. Bergmeister 42.305 21:06.247 | SunEnergy1 Racing | Mercedes-AMG GT3 GTD,4,11:51:40.369,T. Vautier,11:52:48.393,T. Vautier,1:08.024,3:40.518,20_PitStops_Race.PDF,6,2
2017,05_Sebring International Raceway,Sebring International Raceway,sebring-international-raceway,2017-03-18,201703181040_Race,75,16 J. Bergmeister J. Bergmeister 42.305 21:06.247 | SunEnergy1 Racing | Mercedes-AMG GT3 GTD,5,12:46:43.663,T. Vautier,12:48:07.253,B. Said,1:23.590,5:04.108,20_PitStops_Race.PDF,6,2
2017,05_Sebring International Raceway,Sebring International Raceway,sebring-international-raceway,2017-03-18,201703181040_Race,75,16 J. Bergmeister J. Bergmeister 42.305 21:06.247 | SunEnergy1 Racing | Mercedes-AMG GT3 GTD,6,13:19:18.687,B. Said,13:20:17.050,B. Said,58.363,6:02.471,20_PitStops_Race.PDF,6,2
2017,05_Sebring International Raceway,Sebring International Raceway,sebring-international-raceway,2017-03-18,201703181040_Race,75,16 J. Bergmeister J. Bergmeister 42.305 21:06.247 | SunEnergy1 Racing | Mercedes-AMG GT3 GTD,7,13:37:44.324,B. Said,13:38:16.380,B. Said,32.056,6:34.527,20_PitStops_Race.PDF,6,2
2017,05_Sebring International Raceway,Sebring International Raceway,sebring-international-raceway,2017-03-18,201703181040_Race,75,16 J. Bergmeister J. Bergmeister 42.305 21:06.247 | SunEnergy1 Racing | Mercedes-AMG GT3 GTD,8,14:05:15.819,B. Said,14:05:47.780,B. Said,31.961,7:06.488,20_PitStops_Race.PDF,6,2
2017,05_Sebring International Raceway,Sebring International Raceway,sebring-international-raceway,2017-03-18,201703181040_Race,75,16 J. Bergmeister J. Bergmeister 42.305 21:06.247 | SunEnergy1 Racing | Mercedes-AMG GT3 GTD,9,14:14:04.329,B. Said,14:15:24.835,B. Said,1:20.506,8:26.994,20_PitStops_Race.PDF,6,2
2017,05_Sebring International Raceway,Sebring International Raceway,sebring-international-raceway,2017-03-18,201703181040_Race,75,16 J. Bergmeister J. Bergmeister 42.305 21:06.247 | SunEnergy1 Racing | Mercedes-AMG GT3 GTD,10,15:09:13.063,B. Said,15:10:40.314,K. Habul,1:27.251,9:54.245,20_PitStops_Race.PDF,6,2
2017,05_Sebring International Raceway,Sebring International Raceway,sebring-international-raceway,2017-03-18,201703181040_Race,75,16 J. Bergmeister J. Bergmeister 42.305 21:06.247 | SunEnergy1 Racing | Mercedes-AMG GT3 GTD,11,16:05:01.346,K. Habul,16:06:47.790,K. Habul,1:46.444,11:40.689,20_PitStops_Race.PDF,6,2
2017,05_Sebring International Raceway,Sebring International Raceway,sebring-international-raceway,2017-03-18,201703181040_Race,75,16 J. Bergmeister J. Bergmeister 42.305 21:06.247 | SunEnergy1 Racing | Mercedes-AMG GT3 GTD,12,17:08:16.873,K. Habul,17:09:44.413,T. Vautier,1:27.540,13:08.229,20_PitStops_Race.PDF,6,2
2017,05_Sebring International Raceway,Sebring International Raceway,sebring-international-raceway,2017-03-18,201703181040_Race,75,16 J. Bergmeister J. Bergmeister 42.305 21:06.247 | SunEnergy1 Racing | Mercedes-AMG GT3 GTD,13,18:03:02.325,T. Vautier,18:04:27.705,B. Said,1:25.380,14:33.609,20_PitStops_Race.PDF,6,2
2017,05_Sebring International Raceway,Sebring International Raceway,sebring-international-raceway,2017-03-18,201703181040_Race,75,16 J. Bergmeister J. Bergmeister 42.305 21:06.247 | SunEnergy1 Racing | Mercedes-AMG GT3 GTD,14,18:51:08.164,B. Said,18:52:21.688,B. Said,1:13.524,15:47.133,20_PitStops_Race.PDF,6,2
2017,05_Sebring International Raceway,Sebring International Raceway,sebring-international-raceway,2017-03-18,201703181040_Race,75,16 J. Bergmeister J. Bergmeister 42.305 21:06.247 | SunEnergy1 Racing | Mercedes-AMG GT3 GTD,15,19:48:58.550,B. Said,19:50:22.039,T. Vautier,1:23.489,17:10.622,20_PitStops_Race.PDF,6,2
2017,05_Sebring International Raceway,Sebring International Raceway,sebring-international-raceway,2017-03-18,201703181040_Race,75,16 J. Bergmeister J. Bergmeister 42.305 21:06.247 | SunEnergy1 Racing | Mercedes-AMG GT3 GTD,16,20:52:48.786,T. Vautier,20:54:09.943,T. Vautier,1:21.157,18:31.779,20_PitStops_Race.PDF,6,2
2017,05_Sebring International Raceway,Sebring International Raceway,sebring-international-raceway,2017-03-18,201703181040_Race,75,16 J. Bergmeister J. Bergmeister 42.305 21:06.247 | SunEnergy1 Racing | Mercedes-AMG GT3 GTD,17,21:42:37.889,T. Vautier,21:44:03.284,T. Vautier,1:25.395,19:57.174,20_PitStops_Race.PDF,6,2
2017,05_Sebring International Raceway,Sebring International Raceway,sebring-international-raceway,2017-03-18,201703181040_Race,85,17 T. Vautier T. Vautier 1:25.395 19:57.174 | JDC-Miller Motorsports | ORECA P,1,11:16:26.796,S. Simpson,11:17:36.119,S. Simpson,1:09.323,1:09.323,20_PitStops_Race.PDF,6,2
2017,05_Sebring International Raceway,Sebring International Raceway,sebring-international-raceway,2017-03-18,201703181040_Race,85,17 T. Vautier T. Vautier 1:25.395 19:57.174 | JDC-Miller Motorsports | ORECA P,2,11:47:41.389,S. Simpson,11:48:58.961,M. Goikhberg,1:17.572,2:26.895,20_PitStops_Race.PDF,6,2
2017,05_Sebring International Raceway,Sebring International Raceway,sebring-international-raceway,2017-03-18,201703181040_Race,85,17 T. Vautier T. Vautier 1:25.395 19:57.174 | JDC-Miller Motorsports | ORECA P,3,12:35:25.410,M. Goikhberg,12:36:45.106,M. Goikhberg,1:19.696,3:46.591,20_PitStops_Race.PDF,6,2
2017,05_Sebring International Raceway,Sebring International Raceway,sebring-international-raceway,2017-03-18,201703181040_Race,85,17 T. Vautier T. Vautier 1:25.395 19:57.174 | JDC-Miller Motorsports | ORECA P,4,13:14:47.850,M. Goikhberg,13:16:15.840,C. Miller,1:27.990,5:14.581,20_PitStops_Race.PDF,6,2
2017,05_Sebring International Raceway,Sebring International Raceway,sebring-international-raceway,2017-03-18,201703181040_Race,85,17 T. Vautier T. Vautier 1:25.395 19:57.174 | JDC-Miller Motorsports | ORECA P,5,13:59:08.168,C. Miller,14:00:21.356,C. Miller,1:13.188,6:27.769,20_PitStops_Race.PDF,6,2
2017,05_Sebring International Raceway,Sebring International Raceway,sebring-international-raceway,2017-03-18,201703181040_Race,85,17 T. Vautier T. Vautier 1:25.395 19:57.174 | JDC-Miller Motorsports | ORECA P,6,14:40:37.728,C. Miller,14:41:55.525,S. Simpson,1:17.797,7:45.566,20_PitStops_Race.PDF,6,2
2017,05_Sebring International Raceway,Sebring International Raceway,sebring-international-raceway,2017-03-18,201703181040_Race,85,17 T. Vautier T. Vautier 1:25.395 19:57.174 | JDC-Miller Motorsports | ORECA P,7,15:21:40.427,S. Simpson,15:22:49.979,S. Simpson,1:09.552,8:55.118,20_PitStops_Race.PDF,6,2
2017,05_Sebring International Raceway,Sebring International Raceway,sebring-international-raceway,2017-03-18,201703181040_Race,85,17 T. Vautier T. Vautier 1:25.395 19:57.174 | JDC-Miller Motorsports | ORECA P,8,16:02:43.988,S. Simpson,16:04:15.589,M. Goikhberg,1:31.601,10:26.719,20_PitStops_Race.PDF,6,2
2017,05_Sebring International Raceway,Sebring International Raceway,sebring-international-raceway,2017-03-18,201703181040_Race,85,17 T. Vautier T. Vautier 1:25.395 19:57.174 | JDC-Miller Motorsports | ORECA P,9,16:21:33.450,M. Goikhberg,16:22:23.550,M. Goikhberg,50.100,11:16.819,20_PitStops_Race.PDF,6,2
2017,05_Sebring International Raceway,Sebring International Raceway,sebring-international-raceway,2017-03-18,201703181040_Race,85,17 T. Vautier T. Vautier 1:25.395 19:57.174 | JDC-Miller Motorsports | ORECA P,10,17:08:46.508,M. Goikhberg,17:10:22.033,C. Miller,1:35.525,12:52.344,20_PitStops_Race.PDF,6,2
2017,05_Sebring International Raceway,Sebring International Raceway,sebring-international-raceway,2017-03-18,201703181040_Race,85,17 T. Vautier T. Vautier 1:25.395 19:57.174 | JDC-Miller Motorsports | ORECA P,11,17:50:51.426,C. Miller,17:52:02.392,C. Miller,1:10.966,14:03.310,20_PitStops_Race.PDF,6,2
2017,05_Sebring International Raceway,Sebring International Raceway,sebring-international-raceway,2017-03-18,201703181040_Race,85,17 T. Vautier T. Vautier 1:25.395 19:57.174 | JDC-Miller Motorsports | ORECA P,12,18:32:34.578,C. Miller,18:34:04.065,M. Goikhberg,1:29.487,15:32.797,20_PitStops_Race.PDF,6,2
2017,05_Sebring International Raceway,Sebring International Raceway,sebring-international-raceway,2017-03-18,201703181040_Race,85,17 T. Vautier T. Vautier 1:25.395 19:57.174 | JDC-Miller Motorsports | ORECA P,13,19:15:16.646,M. Goikhberg,19:16:21.491,M. Goikhberg,1:04.845,16:37.642,20_PitStops_Race.PDF,6,2
2017,05_Sebring International Raceway,Sebring International Raceway,sebring-international-raceway,2017-03-18,201703181040_Race,85,17 T. Vautier T. Vautier 1:25.395 19:57.174 | JDC-Miller Motorsports | ORECA P,14,19:57:00.246,M. Goikhberg,19:58:35.086,C. Miller,1:34.840,18:12.482,20_PitStops_Race.PDF,6,2
2017,05_Sebring International Raceway,Sebring International Raceway,sebring-international-raceway,2017-03-18,201703181040_Race,85,17 T. Vautier T. Vautier 1:25.395 19:57.174 | JDC-Miller Motorsports | ORECA P,15,20:53:41.134,C. Miller,20:56:08.179,S. Simpson,2:27.045,20:39.527,20_PitStops_Race.PDF,6,2
2017,05_Sebring International Raceway,Sebring International Raceway,sebring-international-raceway,2017-03-18,201703181040_Race,85,17 T. Vautier T. Vautier 1:25.395 19:57.174 | JDC-Miller Motorsports | ORECA P,16,21:38:54.662,S. Simpson,21:41:10.806,S. Simpson,2:16.144,22:55.671,20_PitStops_Race.PDF,6,2
2017,05_Sebring International Raceway,Sebring International Raceway,sebring-international-raceway,2017-03-18,201703181040_Race,85,17 T. Vautier T. Vautier 1:25.395 19:57.174 | JDC-Miller Motorsports | ORECA P,17,22:26:19.396,S. Simpson,22:27:15.673,S. Simpson,56.277,23:51.948,20_PitStops_Race.PDF,6,2
2017,05_Sebring International Raceway,Sebring International Raceway,sebring-international-raceway,2017-03-18,201703181040_Race,86,17 S. Simpson S. Simpson 56.277 23:51.948 | Michael Shank Racing w/ Curb-Agajanian | Acura NSX GT3 GTD,1,11:20:23.992,O. Negri Jr.,11:21:32.893,O. Negri Jr.,1:08.901,1:08.901,20_PitStops_Race.PDF,6,2
2017,05_Sebring International Raceway,Sebring International Raceway,sebring-international-raceway,2017-03-18,201703181040_Race,86,17 S. Simpson S. Simpson 56.277 23:51.948 | Michael Shank Racing w/ Curb-Agajanian | Acura NSX GT3 GTD,2,12:22:07.485,O. Negri Jr.,12:23:20.074,J. Segal,1:12.589,2:21.490,20_PitStops_Race.PDF,6,2
2017,05_Sebring International Raceway,Sebring International Raceway,sebring-international-raceway,2017-03-18,201703181040_Race,86,17 S. Simpson S. Simpson 56.277 23:51.948 | Michael Shank Racing w/ Curb-Agajanian | Acura NSX GT3 GTD,3,13:19:16.323,J. Segal,13:20:51.174,J. Segal,1:34.851,3:56.341,20_PitStops_Race.PDF,7,1
2017,05_Sebring International Raceway,Sebring International Raceway,sebring-international-raceway,2017-03-18,201703181040_Race,86,17 S. Simpson S. Simpson 56.277 23:51.948 | Michael Shank Racing w/ Curb-Agajanian | Acura NSX GT3 GTD,4,13:56:25.061,J. Segal,13:57:23.838,J. Segal,58.777,4:55.118,20_PitStops_Race.PDF,7,1
2017,05_Sebring International Raceway,Sebring International Raceway,sebring-international-raceway,2017-03-18,201703181040_Race,86,17 S. Simpson S. Simpson 56.277 23:51.948 | Michael Shank Racing w/ Curb-Agajanian | Acura NSX GT3 GTD,5,14:33:08.028,J. Segal,14:34:19.597,T. Dyer,1:11.569,6:06.687,20_PitStops_Race.PDF,7,1
2017,05_Sebring International Raceway,Sebring International Raceway,sebring-international-raceway,2017-03-18,201703181040_Race,86,17 S. Simpson S. Simpson 56.277 23:51.948 | Michael Shank Racing w/ Curb-Agajanian | Acura NSX GT3 GTD,6,15:30:32.867,T. Dyer,15:31:51.866,T. Dyer,1:18.999,7:25.686,20_PitStops_Race.PDF,7,1
2017,05_Sebring International Raceway,Sebring International Raceway,sebring-international-raceway,2017-03-18,201703181040_Race,86,17 S. Simpson S. Simpson 56.277 23:51.948 | Michael Shank Racing w/ Curb-Agajanian | Acura NSX GT3 GTD,7,16:25:10.679,T. Dyer,16:26:25.230,O. Negri Jr.,1:14.551,8:40.237,20_PitStops_Race.PDF,7,1
2017,05_Sebring International Raceway,Sebring International Raceway,sebring-international-raceway,2017-03-18,201703181040_Race,86,17 S. Simpson S. Simpson 56.277 23:51.948 | Michael Shank Racing w/ Curb-Agajanian | Acura NSX GT3 GTD,8,16:29:11.425,O. Negri Jr.,16:30:13.598,O. Negri Jr.,1:02.173,9:42.410,20_PitStops_Race.PDF,7,1
2017,05_Sebring International Raceway,Sebring International Raceway,sebring-international-raceway,2017-03-18,201703181040_Race,86,17 S. Simpson S. Simpson 56.277 23:51.948 | Michael Shank Racing w/ Curb-Agajanian | Acura NSX GT3 GTD,9,17:28:57.288,O. Negri Jr.,17:30:12.675,O. Negri Jr.,1:15.387,10:57.797,20_PitStops_Race.PDF,7,1
2017,05_Sebring International Raceway,Sebring International Raceway,sebring-international-raceway,2017-03-18,201703181040_Race,86,17 S. Simpson S. Simpson 56.277 23:51.948 | Michael Shank Racing w/ Curb-Agajanian | Acura NSX GT3 GTD,10,18:20:11.198,O. Negri Jr.,18:21:25.100,J. Segal,1:13.902,12:11.699,20_PitStops_Race.PDF,7,1
2017,05_Sebring International Raceway,Sebring International Raceway,sebring-international-raceway,2017-03-18,201703181040_Race,86,17 S. Simpson S. Simpson 56.277 23:51.948 | Michael Shank Racing w/ Curb-Agajanian | Acura NSX GT3 GTD,11,18:46:12.055,J. Segal,18:47:16.984,J. Segal,1:04.929,13:16.628,20_PitStops_Race.PDF,7,1
2017,05_Sebring International Raceway,Sebring International Raceway,sebring-international-raceway,2017-03-18,201703181040_Race,86,17 S. Simpson S. Simpson 56.277 23:51.948 | Michael Shank Racing w/ Curb-Agajanian | Acura NSX GT3 GTD,12,19:47:15.306,J. Segal,19:48:31.930,J. Segal,1:16.624,14:33.252,20_PitStops_Race.PDF,7,1
2017,05_Sebring International Raceway,Sebring International Raceway,sebring-international-raceway,2017-03-18,201703181040_Race,86,17 S. Simpson S. Simpson 56.277 23:51.948 | Michael Shank Racing w/ Curb-Agajanian | Acura NSX GT3 GTD,13,20:25:13.888,J. Segal,20:26:19.837,T. Dyer,1:05.949,15:39.201,20_PitStops_Race.PDF,7,1
2017,05_Sebring International Raceway,Sebring International Raceway,sebring-international-raceway,2017-03-18,201703181040_Race,86,17 S. Simpson S. Simpson 56.277 23:51.948 | Michael Shank Racing w/ Curb-Agajanian | Acura NSX GT3 GTD,14,20:57:33.003,T. Dyer,20:58:41.914,T. Dyer,1:08.911,16:48.112,20_PitStops_Race.PDF,7,1
2017,05_Sebring International Raceway,Sebring International Raceway,sebring-international-raceway,2017-03-18,201703181040_Race,86,17 S. Simpson S. Simpson 56.277 23:51.948 | Michael Shank Racing w/ Curb-Agajanian | Acura NSX GT3 GTD,15,21:42:56.855,T. Dyer,21:44:00.765,T. Dyer,1:03.910,17:52.022,20_PitStops_Race.PDF,7,1
2017,05_Sebring International Raceway,Sebring International Raceway,sebring-international-raceway,2017-03-18,201703181040_Race,90,15 T. Dyer T. Dyer 1:03.910 17:52.022 | VisitFlorida Racing | Multimatic/Riley P,1,11:16:29.480,R. Van Der Zande,11:17:38.378,R. Van Der Zande,1:08.898,1:08.898,20_PitStops_Race.PDF,7,1
2017,05_Sebring International Raceway,Sebring International Raceway,sebring-international-raceway,2017-03-18,201703181040_Race,90,15 T. Dyer T. Dyer 1:03.910 17:52.022 | VisitFlorida Racing | Multimatic/Riley P,2,11:47:42.562,R. Van Der Zande,11:48:50.146,R. Van Der Zande,1:07.584,2:16.482,20_PitStops_Race.PDF,7,1
2017,05_Sebring International Raceway,Sebring International Raceway,sebring-international-raceway,2017-03-18,201703181040_Race,90,15 T. Dyer T. Dyer 1:03.910 17:52.022 | VisitFlorida Racing | Multimatic/Riley P,3,12:35:41.413,R. Van Der Zande,12:36:55.079,M. Goossens,1:13.666,3:30.148,20_PitStops_Race.PDF,7,1
2017,05_Sebring International Raceway,Sebring International Raceway,sebring-international-raceway,2017-03-18,201703181040_Race,90,15 T. Dyer T. Dyer 1:03.910 17:52.022 | VisitFlorida Racing | Multimatic/Riley P,4,13:14:48.356,M. Goossens,14:07:18.656,M. Goossens,52:30.300,56:00.448,20_PitStops_Race.PDF,7,1
2017,05_Sebring International Raceway,Sebring International Raceway,sebring-international-raceway,2017-03-18,201703181040_Race,90,15 T. Dyer T. Dyer 1:03.910 17:52.022 | VisitFlorida Racing | Multimatic/Riley P,5,14:45:34.350,M. Goossens,14:46:39.595,M. Goossens,1:05.245,57:05.693,20_PitStops_Race.PDF,7,1
2017,05_Sebring International Raceway,Sebring International Raceway,sebring-international-raceway,2017-03-18,201703181040_Race,90,15 T. Dyer T. Dyer 1:03.910 17:52.022 | VisitFlorida Racing | Multimatic/Riley P,6,15:25:12.597,M. Goossens,15:26:25.418,R. Rast,1:12.821,58:18.514,20_PitStops_Race.PDF,7,1
2017,05_Sebring International Raceway,Sebring International Raceway,sebring-international-raceway,2017-03-18,201703181040_Race,90,15 T. Dyer T. Dyer 1:03.910 17:52.022 | VisitFlorida Racing | Multimatic/Riley P,7,15:53:09.690,R. Rast,15:54:13.014,R. Rast,1:03.324,59:21.838,20_PitStops_Race.PDF,7,1
2017,05_Sebring International Raceway,Sebring International Raceway,sebring-international-raceway,2017-03-18,201703181040_Race,90,15 T. Dyer T. Dyer 1:03.910 17:52.022 | VisitFlorida Racing | Multimatic/Riley P,8,16:21:14.168,R. Rast,18:05:18.395,R. Rast,1:44:04.227,2:43:26.065,20_PitStops_Race.PDF,7,1
2017,05_Sebring International Raceway,Sebring International Raceway,sebring-international-raceway,2017-03-18,201703181040_Race,90,15 T. Dyer T. Dyer 1:03.910 17:52.022 | VisitFlorida Racing | Multimatic/Riley P,9,18:28:48.417,R. Rast,18:44:49.496,R. Rast,16:01.079,2:59:27.144,20_PitStops_Race.PDF,7,1
2017,05_Sebring International Raceway,Sebring International Raceway,sebring-international-raceway,2017-03-18,201703181040_Race,90,15 T. Dyer T. Dyer 1:03.910 17:52.022 | VisitFlorida Racing | Multimatic/Riley P,10,19:20:16.990,R. Rast,20:17:06.622,R. Van Der Zande,56:49.632,3:56:16.776,20_PitStops_Race.PDF,7,1
2017,05_Sebring International Raceway,Sebring International Raceway,sebring-international-raceway,2017-03-18,201703181040_Race,90,15 T. Dyer T. Dyer 1:03.910 17:52.022 | VisitFlorida Racing | Multimatic/Riley P,11,20:23:22.323,R. Van Der Zande,20:27:28.480,R. Van Der Zande,4:06.157,4:00:22.933,20_PitStops_Race.PDF,7,1
2017,05_Sebring International Raceway,Sebring International Raceway,sebring-international-raceway,2017-03-18,201703181040_Race,90,15 T. Dyer T. Dyer 1:03.910 17:52.022 | VisitFlorida Racing | Multimatic/Riley P,12,21:03:42.737,R. Van Der Zande,21:04:59.477,R. Van Der Zande,1:16.740,4:01:39.673,20_PitStops_Race.PDF,7,1
2017,05_Sebring International Raceway,Sebring International Raceway,sebring-international-raceway,2017-03-18,201703181040_Race,90,15 T. Dyer T. Dyer 1:03.910 17:52.022 | VisitFlorida Racing | Multimatic/Riley P,13,21:39:14.125,R. Van Der Zande,21:40:36.030,M. Goossens,1:21.905,4:03:01.578,20_PitStops_Race.PDF,7,1
2017,05_Sebring International Raceway,Sebring International Raceway,sebring-international-raceway,2017-03-18,201703181040_Race,90,15 T. Dyer T. Dyer 1:03.910 17:52.022 | VisitFlorida Racing | Multimatic/Riley P,14,22:11:32.311,M. Goossens,22:12:27.675,M. Goossens,55.364,4:03:56.942,20_PitStops_Race.PDF,7,1
2017,05_Sebring International Raceway,Sebring International Raceway,sebring-international-raceway,2017-03-18,201703181040_Race,93,14 M. Goossens M. Goossens 55.364 | Michael Shank Racing w/ Curb-Agajanian | Acura NSX GT3 GTD,1,11:34:40.562,M. Wilkins,11:36:34.058,M. Wilkins,1:53.496,1:53.496,20_PitStops_Race.PDF,7,1
2017,05_Sebring International Raceway,Sebring International Raceway,sebring-international-raceway,2017-03-18,201703181040_Race,93,14 M. Goossens M. Goossens 55.364 | Michael Shank Racing w/ Curb-Agajanian | Acura NSX GT3 GTD,2,11:51:45.550,M. Wilkins,11:54:57.137,M. Wilkins,3:11.587,5:05.083,20_PitStops_Race.PDF,7,1
2017,05_Sebring International Raceway,Sebring International Raceway,sebring-international-raceway,2017-03-18,201703181040_Race,93,14 M. Goossens M. Goossens 55.364 | Michael Shank Racing w/ Curb-Agajanian | Acura NSX GT3 GTD,3,12:53:31.908,M. Wilkins,12:55:01.606,A. Lally,1:29.698,6:34.781,20_PitStops_Race.PDF,7,1
2017,05_Sebring International Raceway,Sebring International Raceway,sebring-international-raceway,2017-03-18,201703181040_Race,93,14 M. Goossens M. Goossens 55.364 | Michael Shank Racing w/ Curb-Agajanian | Acura NSX GT3 GTD,4,13:45:45.379,A. Lally,13:46:52.450,A. Lally,1:07.071,7:41.852,20_PitStops_Race.PDF,7,1
2017,05_Sebring International Raceway,Sebring International Raceway,sebring-international-raceway,2017-03-18,201703181040_Race,93,14 M. Goossens M. Goossens 55.364 | Michael Shank Racing w/ Curb-Agajanian | Acura NSX GT3 GTD,5,14:44:52.527,A. Lally,14:46:29.565,K. Legge,1:37.038,9:18.890,20_PitStops_Race.PDF,7,1
2017,05_Sebring International Raceway,Sebring International Raceway,sebring-international-raceway,2017-03-18,201703181040_Race,93,14 M. Goossens M. Goossens 55.364 | Michael Shank Racing w/ Curb-Agajanian | Acura NSX GT3 GTD,6,15:42:33.780,K. Legge,15:43:49.909,K. Legge,1:16.129,10:35.019,20_PitStops_Race.PDF,7,1
2017,05_Sebring International Raceway,Sebring International Raceway,sebring-international-raceway,2017-03-18,201703181040_Race,93,14 M. Goossens M. Goossens 55.364 | Michael Shank Racing w/ Curb-Agajanian | Acura NSX GT3 GTD,7,15:46:04.572,K. Legge,15:47:10.519,K. Legge,1:05.947,11:40.966,20_PitStops_Race.PDF,7,1
2017,05_Sebring International Raceway,Sebring International Raceway,sebring-international-raceway,2017-03-18,201703181040_Race,93,14 M. Goossens M. Goossens 55.364 | Michael Shank Racing w/ Curb-Agajanian | Acura NSX GT3 GTD,8,15:49:18.907,K. Legge,16:02:39.346,K. Legge,13:20.439,25:01.405,20_PitStops_Race.PDF,7,1
2017,05_Sebring International Raceway,Sebring International Raceway,sebring-international-raceway,2017-03-18,201703181040_Race,93,14 M. Goossens M. Goossens 55.364 | Michael Shank Racing w/ Curb-Agajanian | Acura NSX GT3 GTD,9,17:06:08.044,K. Legge,17:07:26.807,M. Wilkins,1:18.763,26:20.168,20_PitStops_Race.PDF,7,1
2017,05_Sebring International Raceway,Sebring International Raceway,sebring-international-raceway,2017-03-18,201703181040_Race,93,14 M. Goossens M. Goossens 55.364 | Michael Shank Racing w/ Curb-Agajanian | Acura NSX GT3 GTD,10,18:05:36.125,M. Wilkins,18:06:52.970,M. Wilkins,1:16.845,27:37.013,20_PitStops_Race.PDF,7,1
2017,05_Sebring International Raceway,Sebring International Raceway,sebring-international-raceway,2017-03-18,201703181040_Race,93,14 M. Goossens M. Goossens 55.364 | Michael Shank Racing w/ Curb-Agajanian | Acura NSX GT3 GTD,11,18:46:09.631,M. Wilkins,18:47:57.413,K. Legge,1:47.782,29:24.795,20_PitStops_Race.PDF,7,1
2017,05_Sebring International Raceway,Sebring International Raceway,sebring-international-raceway,2017-03-18,201703181040_Race,93,14 M. Goossens M. Goossens 55.364 | Michael Shank Racing w/ Curb-Agajanian | Acura NSX GT3 GTD,12,19:49:42.278,K. Legge,19:51:00.508,K. Legge,1:18.230,30:43.025,20_PitStops_Race.PDF,7,1
2017,05_Sebring International Raceway,Sebring International Raceway,sebring-international-raceway,2017-03-18,201703181040_Race,93,14 M. Goossens M. Goossens 55.364 | Michael Shank Racing w/ Curb-Agajanian | Acura NSX GT3 GTD,13,20:38:28.533,K. Legge,20:39:34.936,A. Lally,1:06.403,31:49.428,20_PitStops_Race.PDF,7,1
2017,05_Sebring International Raceway,Sebring International Raceway,sebring-international-raceway,2017-03-18,201703181040_Race,93,14 M. Goossens M. Goossens 55.364 | Michael Shank Racing w/ Curb-Agajanian | Acura NSX GT3 GTD,14,21:45:34.662,A. Lally,21:47:22.753,A. Lally,1:48.091,33:37.519,20_PitStops_Race.PDF,7,1
2017,05_Sebring International Raceway,Sebring International Raceway,sebring-international-raceway,2017-03-18,201703181040_Race,96,14 A. Lally A. Lally 1:48.091 33:37.519 | Turner Motorsport | BMW M6 GT3 GTD,1,11:33:00.246,J. Marks,11:34:13.994,J. Marks,1:13.748,1:13.748,20_PitStops_Race.PDF,7,1
2017,05_Sebring International Raceway,Sebring International Raceway,sebring-international-raceway,2017-03-18,201703181040_Race,96,14 A. Lally A. Lally 1:48.091 33:37.519 | Turner Motorsport | BMW M6 GT3 GTD,2,12:40:50.605,J. Marks,12:42:06.301,J. Krohn,1:15.696,2:29.444,20_PitStops_Race.PDF,7,1
2017,05_Sebring International Raceway,Sebring International Raceway,sebring-international-raceway,2017-03-18,201703181040_Race,96,14 A. Lally A. Lally 1:48.091 33:37.519 | Turner Motorsport | BMW M6 GT3 GTD,3,13:19:15.486,J. Krohn,13:20:12.434,J. Krohn,56.948,3:26.392,20_PitStops_Race.PDF,7,1
2017,05_Sebring International Raceway,Sebring International Raceway,sebring-international-raceway,2017-03-18,201703181040_Race,96,14 A. Lally A. Lally 1:48.091 33:37.519 | Turner Motorsport | BMW M6 GT3 GTD,4,14:15:07.592,J. Krohn,14:16:47.881,J. Marks,1:40.289,5:06.681,20_PitStops_Race.PDF,7,1
2017,05_Sebring International Raceway,Sebring International Raceway,sebring-international-raceway,2017-03-18,201703181040_Race,96,14 A. Lally A. Lally 1:48.091 33:37.519 | Turner Motorsport | BMW M6 GT3 GTD,5,15:06:29.543,J. Marks,15:07:47.537,J. Marks,1:17.994,6:24.675,20_PitStops_Race.PDF,7,1
2017,05_Sebring International Raceway,Sebring International Raceway,sebring-international-raceway,2017-03-18,201703181040_Race,96,14 A. Lally A. Lally 1:48.091 33:37.519 | Turner Motorsport | BMW M6 GT3 GTD,6,15:59:43.418,J. Marks,16:01:11.510,J. Krohn,1:28.092,7:52.767,20_PitStops_Race.PDF,7,1
2017,05_Sebring International Raceway,Sebring International Raceway,sebring-international-raceway,2017-03-18,201703181040_Race,96,14 A. Lally A. Lally 1:48.091 33:37.519 | Turner Motorsport | BMW M6 GT3 GTD,7,16:31:05.556,J. Krohn,16:32:12.121,J. Krohn,1:06.565,8:59.332,20_PitStops_Race.PDF,7,2
2017,05_Sebring International Raceway,Sebring International Raceway,sebring-international-raceway,2017-03-18,201703181040_Race,96,14 A. Lally A. Lally 1:48.091 33:37.519 | Turner Motorsport | BMW M6 GT3 GTD,8,16:48:40.642,J. Krohn,16:50:20.937,J. Krohn,1:40.295,10:39.627,20_PitStops_Race.PDF,7,2
2017,05_Sebring International Raceway,Sebring International Raceway,sebring-international-raceway,2017-03-18,201703181040_Race,96,14 A. Lally A. Lally 1:48.091 33:37.519 | Turner Motorsport | BMW M6 GT3 GTD,9,17:38:08.395,J. Krohn,17:39:21.886,J. Klingmann,1:13.491,11:53.118,20_PitStops_Race.PDF,7,2
2017,05_Sebring International Raceway,Sebring International Raceway,sebring-international-raceway,2017-03-18,201703181040_Race,96,14 A. Lally A. Lally 1:48.091 33:37.519 | Turner Motorsport | BMW M6 GT3 GTD,10,18:27:36.096,J. Klingmann,18:29:13.255,J. Krohn,1:37.159,13:30.277,20_PitStops_Race.PDF,7,2
2017,05_Sebring International Raceway,Sebring International Raceway,sebring-international-raceway,2017-03-18,201703181040_Race,96,14 A. Lally A. Lally 1:48.091 33:37.519 | Turner Motorsport | BMW M6 GT3 GTD,11,18:33:26.114,J. Krohn,18:39:34.281,J. Krohn,6:08.167,19:38.444,20_PitStops_Race.PDF,7,2
2017,05_Sebring International Raceway,Sebring International Raceway,sebring-international-raceway,2017-03-18,201703181040_Race,96,14 A. Lally A. Lally 1:48.091 33:37.519 | Turner Motorsport | BMW M6 GT3 GTD,12,18:42:27.519,J. Krohn,19:11:57.083,J. Klingmann,29:29.564,49:08.008,20_PitStops_Race.PDF,7,2
2017,05_Sebring International Raceway,Sebring International Raceway,sebring-international-raceway,2017-03-18,201703181040_Race,911,12 J. Krohn J. Klingmann 29:29.564 49:08.008 | Porsche GT Team | Porsche 911 RSR GTLM,1,11:24:33.108,D. Werner,11:25:35.898,D. Werner,1:02.790,1:02.790,20_PitStops_Race.PDF,7,2
2017,05_Sebring International Raceway,Sebring International Raceway,sebring-international-raceway,2017-03-18,201703181040_Race,911,12 J. Krohn J. Klingmann 29:29.564 49:08.008 | Porsche GT Team | Porsche 911 RSR GTLM,2,12:31:02.494,D. Werner,12:32:09.797,F. Makowiecki,1:07.303,2:10.093,20_PitStops_Race.PDF,7,2
2017,05_Sebring International Raceway,Sebring International Raceway,sebring-international-raceway,2017-03-18,201703181040_Race,911,12 J. Krohn J. Klingmann 29:29.564 49:08.008 | Porsche GT Team | Porsche 911 RSR GTLM,3,13:19:00.535,F. Makowiecki,13:19:59.147,F. Makowiecki,58.612,3:08.705,20_PitStops_Race.PDF,7,2
2017,05_Sebring International Raceway,Sebring International Raceway,sebring-international-raceway,2017-03-18,201703181040_Race,911,12 J. Krohn J. Klingmann 29:29.564 49:08.008 | Porsche GT Team | Porsche 911 RSR GTLM,4,14:17:18.428,F. Makowiecki,14:18:25.365,P. Pilet,1:06.937,4:15.642,20_PitStops_Race.PDF,7,2
2017,05_Sebring International Raceway,Sebring International Raceway,sebring-international-raceway,2017-03-18,201703181040_Race,911,12 J. Krohn J. Klingmann 29:29.564 49:08.008 | Porsche GT Team | Porsche 911 RSR GTLM,5,15:14:37.930,P. Pilet,15:15:44.938,P. Pilet,1:07.008,5:22.650,20_PitStops_Race.PDF,7,2
2017,05_Sebring International Raceway,Sebring International Raceway,sebring-international-raceway,2017-03-18,201703181040_Race,911,12 J. Krohn J. Klingmann 29:29.564 49:08.008 | Porsche GT Team | Porsche 911 RSR GTLM,6,16:11:34.019,P. Pilet,16:12:41.060,D. Werner,1:07.041,6:29.691,20_PitStops_Race.PDF,7,2
2017,05_Sebring International Raceway,Sebring International Raceway,sebring-international-raceway,2017-03-18,201703181040_Race,911,12 J. Krohn J. Klingmann 29:29.564 49:08.008 | Porsche GT Team | Porsche 911 RSR GTLM,7,17:18:28.350,D. Werner,17:19:35.123,D. Werner,1:06.773,7:36.464,20_PitStops_Race.PDF,7,2
2017,05_Sebring International Raceway,Sebring International Raceway,sebring-international-raceway,2017-03-18,201703181040_Race,911,12 J. Krohn J. Klingmann 29:29.564 49:08.008 | Porsche GT Team | Porsche 911 RSR GTLM,8,18:13:33.945,D. Werner,18:14:39.390,F. Makowiecki,1:05.445,8:41.909,20_PitStops_Race.PDF,7,2
2017,05_Sebring International Raceway,Sebring International Raceway,sebring-international-raceway,2017-03-18,201703181040_Race,911,12 J. Krohn J. Klingmann 29:29.564 49:08.008 | Porsche GT Team | Porsche 911 RSR GTLM,9,19:23:17.347,F. Makowiecki,19:24:23.492,F. Makowiecki,1:06.145,9:48.054,20_PitStops_Race.PDF,7,2
2017,05_Sebring International Raceway,Sebring International Raceway,sebring-international-raceway,2017-03-18,201703181040_Race,911,12 J. Krohn J. Klingmann 29:29.564 49:08.008 | Porsche GT Team | Porsche 911 RSR GTLM,10,20:19:56.067,F. Makowiecki,20:20:57.718,F. Makowiecki,1:01.651,10:49.705,20_PitStops_Race.PDF,7,2
2017,05_Sebring International Raceway,Sebring International Raceway,sebring-international-raceway,2017-03-18,201703181040_Race,911,12 J. Krohn J. Klingmann 29:29.564 49:08.008 | Porsche GT Team | Porsche 911 RSR GTLM,11,21:11:54.079,F. Makowiecki,21:12:55.575,P. Pilet,1:01.496,11:51.201,20_PitStops_Race.PDF,7,2
2017,05_Sebring International Raceway,Sebring International Raceway,sebring-international-raceway,2017-03-18,201703181040_Race,911,12 J. Krohn J. Klingmann 29:29.564 49:08.008 | Porsche GT Team | Porsche 911 RSR GTLM,12,21:42:33.431,P. Pilet,21:43:38.491,P. Pilet,1:05.060,12:56.261,20_PitStops_Race.PDF,7,2
2017,05_Sebring International Raceway,Sebring International Raceway,sebring-international-raceway,2017-03-18,201703181040_Race,911,12 J. Krohn J. Klingmann 29:29.564 49:08.008 | Porsche GT Team | Porsche 911 RSR GTLM,13,22:06:15.198,P. Pilet,22:06:56.963,P. Pilet,41.765,13:38.026,20_PitStops_Race.PDF,7,2
2017,05_Sebring International Raceway,Sebring International Raceway,sebring-international-raceway,2017-03-18,201703181040_Race,911,12 J. Krohn J. Klingmann 29:29.564 49:08.008 | Porsche GT Team | Porsche 911 RSR GTLM,14,22:08:55.874,P. Pilet,22:09:28.314,P. Pilet,32.440,14:10.466,20_PitStops_Race.PDF,7,2
2017,05_Sebring International Raceway,Sebring International Raceway,sebring-international-raceway,2017-03-18,201703181040_Race,912,14 P. Pilet P. Pilet 32.440 14:10.466 | Porsche GT Team | Porsche 911 RSR GTLM,1,11:24:41.366,K. Estre,11:25:46.728,R. Lietz,1:05.362,1:05.362,20_PitStops_Race.PDF,7,2
2017,05_Sebring International Raceway,Sebring International Raceway,sebring-international-raceway,2017-03-18,201703181040_Race,912,14 P. Pilet P. Pilet 32.440 14:10.466 | Porsche GT Team | Porsche 911 RSR GTLM,2,11:51:21.049,R. Lietz,11:52:21.250,R. Lietz,1:00.201,2:05.563,20_PitStops_Race.PDF,7,2
2017,05_Sebring International Raceway,Sebring International Raceway,sebring-international-raceway,2017-03-18,201703181040_Race,912,14 P. Pilet P. Pilet 32.440 14:10.466 | Porsche GT Team | Porsche 911 RSR GTLM,3,12:37:30.812,R. Lietz,12:38:38.050,R. Lietz,1:07.238,3:12.801,20_PitStops_Race.PDF,7,2
2017,05_Sebring International Raceway,Sebring International Raceway,sebring-international-raceway,2017-03-18,201703181040_Race,912,14 P. Pilet P. Pilet 32.440 14:10.466 | Porsche GT Team | Porsche 911 RSR GTLM,4,13:19:14.281,R. Lietz,13:20:11.853,L. Vanthoor,57.572,4:10.373,20_PitStops_Race.PDF,7,2
2017,05_Sebring International Raceway,Sebring International Raceway,sebring-international-raceway,2017-03-18,201703181040_Race,912,14 P. Pilet P. Pilet 32.440 14:10.466 | Porsche GT Team | Porsche 911 RSR GTLM,5,14:15:26.576,L. Vanthoor,14:16:34.334,K. Estre,1:07.758,5:18.131,20_PitStops_Race.PDF,7,2
2017,05_Sebring International Raceway,Sebring International Raceway,sebring-international-raceway,2017-03-18,201703181040_Race,912,14 P. Pilet P. Pilet 32.440 14:10.466 | Porsche GT Team | Porsche 911 RSR GTLM,6,15:12:38.883,K. Estre,15:13:45.982,K. Estre,1:07.099,6:25.230,20_PitStops_Race.PDF,7,2
2017,05_Sebring International Raceway,Sebring International Raceway,sebring-international-raceway,2017-03-18,201703181040_Race,912,14 P. Pilet P. Pilet 32.440 14:10.466 | Porsche GT Team | Porsche 911 RSR GTLM,7,16:07:36.181,K. Estre,16:08:43.572,R. Lietz,1:07.391,7:32.621,20_PitStops_Race.PDF,7,2
2017,05_Sebring International Raceway,Sebring International Raceway,sebring-international-raceway,2017-03-18,201703181040_Race,912,14 P. Pilet P. Pilet 32.440 14:10.466 | Porsche GT Team | Porsche 911 RSR GTLM,8,16:42:43.823,R. Lietz,16:49:31.113,R. Lietz,6:47.290,14:19.911,20_PitStops_Race.PDF,7,2
2017,05_Sebring International Raceway,Sebring International Raceway,sebring-international-raceway,2017-03-18,201703181040_Race,912,14 P. Pilet P. Pilet 32.440 14:10.466 | Porsche GT Team | Porsche 911 RSR GTLM,9,17:45:46.998,R. Lietz,17:46:54.392,R. Lietz,1:07.394,15:27.305,20_PitStops_Race.PDF,7,2
2017,05_Sebring International Raceway,Sebring International Raceway,sebring-international-raceway,2017-03-18,201703181040_Race,912,14 P. Pilet P. Pilet 32.440 14:10.466 | Porsche GT Team | Porsche 911 RSR GTLM,10,18:45:58.221,R. Lietz,18:47:04.130,L. Vanthoor,1:05.909,16:33.214,20_PitStops_Race.PDF,7,2
2017,05_Sebring International Raceway,Sebring International Raceway,sebring-international-raceway,2017-03-18,201703181040_Race,912,14 P. Pilet P. Pilet 32.440 14:10.466 | Porsche GT Team | Porsche 911 RSR GTLM,11,19:47:41.098,L. Vanthoor,19:48:51.413,L. Vanthoor,1:10.315,17:43.529,20_PitStops_Race.PDF,7,2
2017,05_Sebring International Raceway,Sebring International Raceway,sebring-international-raceway,2017-03-18,201703181040_Race,912,14 P. Pilet P. Pilet 32.440 14:10.466 | Porsche GT Team | Porsche 911 RSR GTLM,12,20:23:51.678,L. Vanthoor,20:24:47.599,L. Vanthoor,55.921,18:39.450,20_PitStops_Race.PDF,7,2
2017,05_Sebring International Raceway,Sebring International Raceway,sebring-international-raceway,2017-03-18,201703181040_Race,912,14 P. Pilet P. Pilet 32.440 14:10.466 | Porsche GT Team | Porsche 911 RSR GTLM,13,21:14:15.538,L. Vanthoor,21:15:19.330,K. Estre,1:03.792,19:43.242,20_PitStops_Race.PDF,7,2
2017,05_Sebring International Raceway,Sebring International Raceway,sebring-international-raceway,2017-03-18,201703181040_Race,912,14 P. Pilet P. Pilet 32.440 14:10.466 | Porsche GT Team | Porsche 911 RSR GTLM,14,21:45:26.608,K. Estre,21:46:20.800,K. Estre,54.192,20:37.434,20_PitStops_Race.PDF,7,2
