year,event_code,event_name,track_slug,race_date,session_directory,car_number,lap_number,driver_number,driver_name,lap_time,sector_1,sector_2,sector_3,speed_mph,elapsed_time,elapsed_delta_ms,elapsed_lap_time_difference_ms,pit_lane_crossing,source_page
2016,13_Lime Rock,Lime Rock,lime-rock,2016-07-23,201607231505_Race,3,1,2,Jan Magnussen,1:30.923,40.105,29.339,21.479,58.3,1:30.923,,,0,1
2016,13_Lime Rock,Lime Rock,lime-rock,2016-07-23,201607231505_Race,3,2,2,Jan Magnussen,1:07.097,26.924,26.549,13.624,79.1,2:38.020,67097,0,0,1
2016,13_Lime Rock,Lime Rock,lime-rock,2016-07-23,201607231505_Race,3,3,2,Jan Magnussen,57.753,24.199,21.461,12.093,91.9,3:35.773,57753,0,0,1
2016,13_Lime Rock,Lime Rock,lime-rock,2016-07-23,201607231505_Race,3,4,2,Jan Magnussen,53.449,21.915,19.433,12.101,99.2,4:29.222,53449,0,0,1
2016,13_Lime Rock,Lime Rock,lime-rock,2016-07-23,201607231505_Race,3,5,2,Jan Magnussen,52.855,21.919,19.110,11.826,100.4,5:22.077,52855,0,0,1
2016,13_Lime Rock,Lime Rock,lime-rock,2016-07-23,201607231505_Race,3,6,2,Jan Magnussen,52.090,21.489,18.707,11.894,101.8,6:14.167,52090,0,0,1
2016,13_Lime Rock,Lime Rock,lime-rock,2016-07-23,201607231505_Race,3,7,2,Jan Magnussen,1:20.646,22.661,25.495,32.490,65.8,7:34.813,80646,0,0,1
2016,13_Lime Rock,Lime Rock,lime-rock,2016-07-23,201607231505_Race,3,8,2,Jan Magnussen,1:36.723,33.627,33.266,29.830,54.8,9:11.536,96723,0,0,1
2016,13_Lime Rock,Lime Rock,lime-rock,2016-07-23,201607231505_Race,3,9,2,Jan Magnussen,1:33.376,32.915,33.429,27.032,56.8,10:44.912,93376,0,0,1
2016,13_Lime Rock,Lime Rock,lime-rock,2016-07-23,201607231505_Race,3,10,2,Jan Magnussen,1:30.739,31.162,33.524,26.053,58.4,12:15.651,90739,0,0,1
2016,13_Lime Rock,Lime Rock,lime-rock,2016-07-23,201607231505_Race,3,11,2,Jan Magnussen,1:29.753,30.962,31.813,26.978,59.0,13:45.404,89753,0,0,1
2016,13_Lime Rock,Lime Rock,lime-rock,2016-07-23,201607231505_Race,3,12,2,Jan Magnussen,1:29.154,32.785,31.999,24.370,59.5,15:14.558,89154,0,0,1
2016,13_Lime Rock,Lime Rock,lime-rock,2016-07-23,201607231505_Race,3,13,2,Jan Magnussen,1:15.194,28.722,32.496,13.976,70.5,16:29.752,75194,0,0,1
2016,13_Lime Rock,Lime Rock,lime-rock,2016-07-23,201607231505_Race,3,14,2,Jan Magnussen,53.060,22.043,19.113,11.904,99.9,17:22.812,53060,0,0,1
2016,13_Lime Rock,Lime Rock,lime-rock,2016-07-23,201607231505_Race,3,15,2,Jan Magnussen,52.807,21.942,19.009,11.856,100.4,18:15.619,52807,0,0,1
2016,13_Lime Rock,Lime Rock,lime-rock,2016-07-23,201607231505_Race,3,16,2,Jan Magnussen,52.311,21.599,18.900,11.812,101.4,19:07.930,52311,0,0,1
2016,13_Lime Rock,Lime Rock,lime-rock,2016-07-23,201607231505_Race,3,17,2,Jan Magnussen,52.130,21.508,18.778,11.844,101.7,20:00.060,52130,0,0,1
2016,13_Lime Rock,Lime Rock,lime-rock,2016-07-23,201607231505_Race,3,18,2,Jan Magnussen,51.935,21.383,18.748,11.804,102.1,20:51.995,51935,0,0,1
2016,13_Lime Rock,Lime Rock,lime-rock,2016-07-23,201607231505_Race,3,19,2,Jan Magnussen,52.170,21.496,18.817,11.857,101.7,21:44.165,52170,0,0,1
2016,13_Lime Rock,Lime Rock,lime-rock,2016-07-23,201607231505_Race,3,20,2,Jan Magnussen,52.189,21.446,18.953,11.790,101.6,22:36.354,52189,0,0,1
2016,13_Lime Rock,Lime Rock,lime-rock,2016-07-23,201607231505_Race,3,21,2,Jan Magnussen,52.400,21.603,18.975,11.822,101.2,23:28.754,52400,0,0,1
2016,13_Lime Rock,Lime Rock,lime-rock,2016-07-23,201607231505_Race,3,22,2,Jan Magnussen,52.516,21.597,19.081,11.838,101.0,24:21.270,52516,0,0,1
2016,13_Lime Rock,Lime Rock,lime-rock,2016-07-23,201607231505_Race,3,23,2,Jan Magnussen,52.400,21.612,18.982,11.806,101.2,25:13.670,52400,0,0,1
2016,13_Lime Rock,Lime Rock,lime-rock,2016-07-23,201607231505_Race,3,24,2,Jan Magnussen,52.476,21.628,18.978,11.870,101.0,26:06.146,52476,0,0,1
2016,13_Lime Rock,Lime Rock,lime-rock,2016-07-23,201607231505_Race,3,25,2,Jan Magnussen,52.441,21.649,18.971,11.821,101.1,26:58.587,52441,0,0,1
2016,13_Lime Rock,Lime Rock,lime-rock,2016-07-23,201607231505_Race,3,26,2,Jan Magnussen,52.626,21.796,19.025,11.805,100.8,27:51.213,52626,0,0,1
2016,13_Lime Rock,Lime Rock,lime-rock,2016-07-23,201607231505_Race,3,27,2,Jan Magnussen,56.708,21.667,21.192,13.849,93.5,28:47.921,56708,0,0,1
2016,13_Lime Rock,Lime Rock,lime-rock,2016-07-23,201607231505_Race,3,28,2,Jan Magnussen,1:07.679,24.174,25.583,17.922,78.4,29:55.600,67679,0,0,1
2016,13_Lime Rock,Lime Rock,lime-rock,2016-07-23,201607231505_Race,3,29,2,Jan Magnussen,1:29.540,27.861,32.289,29.390,59.2,31:25.140,89540,0,1,1
2016,13_Lime Rock,Lime Rock,lime-rock,2016-07-23,201607231505_Race,3,30,2,Jan Magnussen,1:25.147,50.460,21.076,13.611,62.3,32:50.287,85147,0,0,1
2016,13_Lime Rock,Lime Rock,lime-rock,2016-07-23,201607231505_Race,3,31,2,Jan Magnussen,1:14.119,27.768,31.526,14.825,71.5,34:04.406,74119,0,0,1
2016,13_Lime Rock,Lime Rock,lime-rock,2016-07-23,201607231505_Race,3,32,2,Jan Magnussen,54.651,22.482,20.191,11.978,97.1,34:59.057,54651,0,0,1
2016,13_Lime Rock,Lime Rock,lime-rock,2016-07-23,201607231505_Race,3,33,2,Jan Magnussen,1:05.979,22.603,20.445,22.931,80.4,36:05.036,65979,0,1,1
2016,13_Lime Rock,Lime Rock,lime-rock,2016-07-23,201607231505_Race,3,34,2,Jan Magnussen,59.255,28.457,18.964,11.834,89.5,37:04.291,59255,0,0,1
2016,13_Lime Rock,Lime Rock,lime-rock,2016-07-23,201607231505_Race,3,35,2,Jan Magnussen,52.315,21.431,18.996,11.888,101.4,37:56.606,52315,0,0,1
2016,13_Lime Rock,Lime Rock,lime-rock,2016-07-23,201607231505_Race,3,36,2,Jan Magnussen,52.118,21.499,18.834,11.785,101.8,38:48.724,52118,0,0,1
2016,13_Lime Rock,Lime Rock,lime-rock,2016-07-23,201607231505_Race,3,37,2,Jan Magnussen,54.016,22.066,19.768,12.182,98.2,39:42.740,54016,0,0,1
2016,13_Lime Rock,Lime Rock,lime-rock,2016-07-23,201607231505_Race,3,38,2,Jan Magnussen,54.262,22.757,19.532,11.973,97.8,40:37.002,54262,0,0,1
2016,13_Lime Rock,Lime Rock,lime-rock,2016-07-23,201607231505_Race,3,39,2,Jan Magnussen,52.610,22.002,18.876,11.732,100.8,41:29.612,52610,0,0,1
2016,13_Lime Rock,Lime Rock,lime-rock,2016-07-23,201607231505_Race,3,40,2,Jan Magnussen,51.759,21.330,18.757,11.672,102.5,42:21.371,51759,0,0,1
2016,13_Lime Rock,Lime Rock,lime-rock,2016-07-23,201607231505_Race,3,41,2,Jan Magnussen,54.553,22.752,19.573,12.228,97.2,43:15.924,54553,0,0,1
2016,13_Lime Rock,Lime Rock,lime-rock,2016-07-23,201607231505_Race,3,42,2,Jan Magnussen,55.468,22.559,20.577,12.332,95.6,44:11.392,55468,0,0,1
2016,13_Lime Rock,Lime Rock,lime-rock,2016-07-23,201607231505_Race,3,43,2,Jan Magnussen,1:05.745,23.112,24.671,17.962,80.7,45:17.137,65745,0,0,1
2016,13_Lime Rock,Lime Rock,lime-rock,2016-07-23,201607231505_Race,3,44,2,Jan Magnussen,1:01.773,24.365,24.190,13.218,85.8,46:18.910,61773,0,0,1
2016,13_Lime Rock,Lime Rock,lime-rock,2016-07-23,201607231505_Race,3,45,2,Jan Magnussen,1:05.963,22.971,21.581,21.411,80.4,47:24.873,65963,0,0,1
2016,13_Lime Rock,Lime Rock,lime-rock,2016-07-23,201607231505_Race,3,46,2,Jan Magnussen,1:46.082,34.880,36.955,34.247,50.0,49:10.955,106082,0,0,1
2016,13_Lime Rock,Lime Rock,lime-rock,2016-07-23,201607231505_Race,3,47,2,Jan Magnussen,1:24.448,33.906,35.317,15.225,62.8,50:35.403,84448,0,0,1
2016,13_Lime Rock,Lime Rock,lime-rock,2016-07-23,201607231505_Race,3,48,2,Jan Magnussen,54.750,23.040,19.577,12.133,96.9,51:30.153,54750,0,0,1
2016,13_Lime Rock,Lime Rock,lime-rock,2016-07-23,201607231505_Race,3,49,2,Jan Magnussen,52.560,21.794,18.936,11.830,100.9,52:22.713,52560,0,0,1
2016,13_Lime Rock,Lime Rock,lime-rock,2016-07-23,201607231505_Race,3,50,2,Jan Magnussen,53.067,22.391,18.931,11.745,99.9,53:15.780,53067,0,0,1
2016,13_Lime Rock,Lime Rock,lime-rock,2016-07-23,201607231505_Race,3,51,2,Jan Magnussen,52.134,21.613,18.749,11.772,101.7,54:07.914,52134,0,0,1
2016,13_Lime Rock,Lime Rock,lime-rock,2016-07-23,201607231505_Race,3,52,2,Jan Magnussen,52.268,21.706,18.799,11.763,101.5,55:00.182,52268,0,0,1
2016,13_Lime Rock,Lime Rock,lime-rock,2016-07-23,201607231505_Race,3,53,2,Jan Magnussen,52.122,21.646,18.765,11.711,101.7,55:52.304,52122,0,0,1
2016,13_Lime Rock,Lime Rock,lime-rock,2016-07-23,201607231505_Race,3,54,2,Jan Magnussen,51.959,21.581,18.722,11.656,102.1,56:44.263,51959,0,0,1
2016,13_Lime Rock,Lime Rock,lime-rock,2016-07-23,201607231505_Race,3,55,2,Jan Magnussen,52.003,21.616,18.745,11.642,102.0,57:36.266,52003,0,0,1
2016,13_Lime Rock,Lime Rock,lime-rock,2016-07-23,201607231505_Race,3,56,2,Jan Magnussen,51.966,21.529,18.720,11.717,102.0,58:28.232,51966,0,0,1
2016,13_Lime Rock,Lime Rock,lime-rock,2016-07-23,201607231505_Race,3,57,2,Jan Magnussen,51.972,21.463,18.789,11.720,102.0,59:20.204,51972,0,0,1
2016,13_Lime Rock,Lime Rock,lime-rock,2016-07-23,201607231505_Race,3,58,2,Jan Magnussen,52.945,21.641,19.481,11.823,100.2,1:00:13.149,52945,0,0,1
2016,13_Lime Rock,Lime Rock,lime-rock,2016-07-23,201607231505_Race,3,59,2,Jan Magnussen,52.597,21.671,19.206,11.720,100.9,1:01:05.746,52597,0,0,1
2016,13_Lime Rock,Lime Rock,lime-rock,2016-07-23,201607231505_Race,3,60,2,Jan Magnussen,52.236,21.624,18.894,11.718,101.5,1:01:57.982,52236,0,0,1
2016,13_Lime Rock,Lime Rock,lime-rock,2016-07-23,201607231505_Race,3,61,2,Jan Magnussen,52.498,21.844,18.918,11.736,101.0,1:02:50.480,52498,0,0,1
2016,13_Lime Rock,Lime Rock,lime-rock,2016-07-23,201607231505_Race,3,62,2,Jan Magnussen,52.498,21.879,18.867,11.752,101.0,1:03:42.978,52498,0,0,1
2016,13_Lime Rock,Lime Rock,lime-rock,2016-07-23,201607231505_Race,3,63,2,Jan Magnussen,53.493,22.228,19.253,12.012,99.1,1:04:36.471,53493,0,0,1
2016,13_Lime Rock,Lime Rock,lime-rock,2016-07-23,201607231505_Race,3,64,2,Jan Magnussen,54.581,22.777,19.714,12.090,97.2,1:05:31.052,54581,0,0,1
2016,13_Lime Rock,Lime Rock,lime-rock,2016-07-23,201607231505_Race,3,65,2,Jan Magnussen,56.020,22.983,21.005,12.032,94.6,1:06:27.072,56020,0,0,1
2016,13_Lime Rock,Lime Rock,lime-rock,2016-07-23,201607231505_Race,3,66,2,Jan Magnussen,53.561,22.528,19.184,11.849,99.0,1:07:20.633,53561,0,0,1
2016,13_Lime Rock,Lime Rock,lime-rock,2016-07-23,201607231505_Race,3,67,2,Jan Magnussen,52.712,21.914,18.993,11.805,100.6,1:08:13.345,52712,0,0,1
2016,13_Lime Rock,Lime Rock,lime-rock,2016-07-23,201607231505_Race,3,68,2,Jan Magnussen,54.771,22.692,19.873,12.206,96.8,1:09:08.116,54771,0,0,1
2016,13_Lime Rock,Lime Rock,lime-rock,2016-07-23,201607231505_Race,3,69,2,Jan Magnussen,53.388,22.509,19.092,11.787,99.4,1:10:01.504,53388,0,0,1
2016,13_Lime Rock,Lime Rock,lime-rock,2016-07-23,201607231505_Race,3,70,2,Jan Magnussen,53.861,21.876,19.951,12.034,98.5,1:10:55.365,53861,0,0,1
2016,13_Lime Rock,Lime Rock,lime-rock,2016-07-23,201607231505_Race,3,71,2,Jan Magnussen,52.747,21.754,19.065,11.928,100.5,1:11:48.112,52747,0,0,1
2016,13_Lime Rock,Lime Rock,lime-rock,2016-07-23,201607231505_Race,3,72,2,Jan Magnussen,53.973,22.094,19.783,12.096,98.3,1:12:42.085,53973,0,0,1
2016,13_Lime Rock,Lime Rock,lime-rock,2016-07-23,201607231505_Race,3,73,2,Jan Magnussen,54.081,22.431,19.687,11.963,98.1,1:13:36.166,54081,0,0,1
2016,13_Lime Rock,Lime Rock,lime-rock,2016-07-23,201607231505_Race,3,74,2,Jan Magnussen,52.619,21.769,19.040,11.810,100.8,1:14:28.785,52619,0,0,1
2016,13_Lime Rock,Lime Rock,lime-rock,2016-07-23,201607231505_Race,3,75,2,Jan Magnussen,52.549,21.764,18.943,11.842,100.9,1:15:21.334,52549,0,0,1
2016,13_Lime Rock,Lime Rock,lime-rock,2016-07-23,201607231505_Race,3,76,2,Jan Magnussen,53.370,22.358,19.150,11.862,99.4,1:16:14.704,53370,0,0,1
2016,13_Lime Rock,Lime Rock,lime-rock,2016-07-23,201607231505_Race,3,77,2,Jan Magnussen,54.084,21.977,20.233,11.874,98.1,1:17:08.788,54084,0,0,1
2016,13_Lime Rock,Lime Rock,lime-rock,2016-07-23,201607231505_Race,3,78,2,Jan Magnussen,53.694,22.106,19.698,11.890,98.7,1:18:02.482,53694,0,0,1
2016,13_Lime Rock,Lime Rock,lime-rock,2016-07-23,201607231505_Race,3,79,2,Jan Magnussen,54.026,22.268,19.847,11.911,98.2,1:18:56.508,54026,0,0,1
2016,13_Lime Rock,Lime Rock,lime-rock,2016-07-23,201607231505_Race,3,80,2,Jan Magnussen,52.949,21.959,19.136,11.854,100.2,1:19:49.457,52949,0,0,1
2016,13_Lime Rock,Lime Rock,lime-rock,2016-07-23,201607231505_Race,3,81,2,Jan Magnussen,52.949,22.043,19.003,11.903,100.2,1:20:42.406,52949,0,0,1
2016,13_Lime Rock,Lime Rock,lime-rock,2016-07-23,201607231505_Race,3,82,2,Jan Magnussen,53.569,22.248,19.239,12.082,99.0,1:21:35.975,53569,0,0,1
2016,13_Lime Rock,Lime Rock,lime-rock,2016-07-23,201607231505_Race,3,83,2,Jan Magnussen,53.506,22.356,19.247,11.903,99.1,1:22:29.481,53506,0,0,1
2016,13_Lime Rock,Lime Rock,lime-rock,2016-07-23,201607231505_Race,3,84,2,Jan Magnussen,53.267,22.111,19.206,11.950,99.6,1:23:22.748,53267,0,0,1
2016,13_Lime Rock,Lime Rock,lime-rock,2016-07-23,201607231505_Race,3,85,2,Jan Magnussen,53.906,22.720,19.311,11.875,98.4,1:24:16.654,53906,0,0,1
2016,13_Lime Rock,Lime Rock,lime-rock,2016-07-23,201607231505_Race,3,86,2,Jan Magnussen,54.913,23.217,19.615,12.081,96.6,1:25:11.567,54913,0,0,1
2016,13_Lime Rock,Lime Rock,lime-rock,2016-07-23,201607231505_Race,3,87,2,Jan Magnussen,54.070,22.316,19.480,12.274,98.1,1:26:05.637,54070,0,0,1
2016,13_Lime Rock,Lime Rock,lime-rock,2016-07-23,201607231505_Race,3,88,2,Jan Magnussen,54.432,23.036,19.420,11.976,97.4,1:27:00.069,54432,0,0,1
2016,13_Lime Rock,Lime Rock,lime-rock,2016-07-23,201607231505_Race,3,89,2,Jan Magnussen,53.230,22.048,19.200,11.982,99.6,1:27:53.299,53230,0,0,1
2016,13_Lime Rock,Lime Rock,lime-rock,2016-07-23,201607231505_Race,3,90,2,Jan Magnussen,54.830,22.265,19.388,13.177,96.8,1:28:48.129,54830,0,0,1
2016,13_Lime Rock,Lime Rock,lime-rock,2016-07-23,201607231505_Race,3,91,2,Jan Magnussen,1:06.893,26.444,23.171,17.278,79.3,1:29:55.022,66893,0,0,1
2016,13_Lime Rock,Lime Rock,lime-rock,2016-07-23,201607231505_Race,3,92,2,Jan Magnussen,1:22.158,24.155,26.781,31.222,64.5,1:31:17.180,82158,0,0,1
2016,13_Lime Rock,Lime Rock,lime-rock,2016-07-23,201607231505_Race,3,93,2,Jan Magnussen,1:01.587,26.634,20.969,13.984,86.1,1:32:18.767,61587,0,0,1
2016,13_Lime Rock,Lime Rock,lime-rock,2016-07-23,201607231505_Race,3,94,2,Jan Magnussen,57.984,23.659,20.493,13.832,91.5,1:33:16.751,57984,0,0,1
2016,13_Lime Rock,Lime Rock,lime-rock,2016-07-23,201607231505_Race,3,95,2,Jan Magnussen,1:23.896,24.498,31.111,28.287,63.2,1:34:40.647,83896,0,1,1
2016,13_Lime Rock,Lime Rock,lime-rock,2016-07-23,201607231505_Race,3,96,1,Antonio Garcia,1:36.176,59.930,22.190,14.056,55.1,1:36:16.823,96176,0,0,1
2016,13_Lime Rock,Lime Rock,lime-rock,2016-07-23,201607231505_Race,3,97,1,Antonio Garcia,1:25.182,24.483,34.972,25.727,62.3,1:37:42.005,85182,0,0,1
2016,13_Lime Rock,Lime Rock,lime-rock,2016-07-23,201607231505_Race,3,98,1,Antonio Garcia,1:37.939,34.369,33.794,29.776,54.1,1:39:19.944,97939,0,0,1
2016,13_Lime Rock,Lime Rock,lime-rock,2016-07-23,201607231505_Race,3,99,1,Antonio Garcia,1:35.261,38.973,40.738,15.550,55.6,1:40:55.205,95261,0,0,1
2016,13_Lime Rock,Lime Rock,lime-rock,2016-07-23,201607231505_Race,3,100,1,Antonio Garcia,53.105,22.081,19.297,11.727,99.9,1:41:48.310,53105,0,0,1
2016,13_Lime Rock,Lime Rock,lime-rock,2016-07-23,201607231505_Race,3,101,1,Antonio Garcia,53.232,21.776,19.596,11.860,99.6,1:42:41.542,53232,0,0,1
2016,13_Lime Rock,Lime Rock,lime-rock,2016-07-23,201607231505_Race,3,102,1,Antonio Garcia,51.618,21.288,18.776,11.554,102.7,1:43:33.160,51618,0,0,1
2016,13_Lime Rock,Lime Rock,lime-rock,2016-07-23,201607231505_Race,3,103,1,Antonio Garcia,51.860,21.231,18.999,11.630,102.3,1:44:25.020,51860,0,0,1
2016,13_Lime Rock,Lime Rock,lime-rock,2016-07-23,201607231505_Race,3,104,1,Antonio Garcia,51.708,21.369,18.766,11.573,102.6,1:45:16.728,51708,0,0,1
2016,13_Lime Rock,Lime Rock,lime-rock,2016-07-23,201607231505_Race,3,105,1,Antonio Garcia,51.739,21.306,18.843,11.590,102.5,1:46:08.467,51739,0,0,1
2016,13_Lime Rock,Lime Rock,lime-rock,2016-07-23,201607231505_Race,3,106,1,Antonio Garcia,51.808,21.281,18.925,11.602,102.4,1:47:00.275,51808,0,0,1
2016,13_Lime Rock,Lime Rock,lime-rock,2016-07-23,201607231505_Race,3,107,1,Antonio Garcia,52.279,21.858,18.841,11.580,101.5,1:47:52.554,52279,0,0,1
2016,13_Lime Rock,Lime Rock,lime-rock,2016-07-23,201607231505_Race,3,108,1,Antonio Garcia,51.773,21.225,18.945,11.603,102.4,1:48:44.327,51773,0,0,1
2016,13_Lime Rock,Lime Rock,lime-rock,2016-07-23,201607231505_Race,3,109,1,Antonio Garcia,52.080,21.632,18.830,11.618,101.9,1:49:36.407,52080,0,0,1
2016,13_Lime Rock,Lime Rock,lime-rock,2016-07-23,201607231505_Race,3,110,1,Antonio Garcia,51.615,21.304,18.752,11.559,102.8,1:50:28.022,51615,0,0,1
2016,13_Lime Rock,Lime Rock,lime-rock,2016-07-23,201607231505_Race,3,111,1,Antonio Garcia,51.474,21.251,18.669,11.554,103.0,1:51:19.496,51474,0,0,1
2016,13_Lime Rock,Lime Rock,lime-rock,2016-07-23,201607231505_Race,3,112,1,Antonio Garcia,51.516,21.223,18.754,11.539,103.0,1:52:11.012,51516,0,0,1
2016,13_Lime Rock,Lime Rock,lime-rock,2016-07-23,201607231505_Race,3,113,1,Antonio Garcia,51.848,21.454,18.802,11.592,102.3,1:53:02.860,51848,0,0,1
2016,13_Lime Rock,Lime Rock,lime-rock,2016-07-23,201607231505_Race,3,114,1,Antonio Garcia,53.161,21.502,19.071,12.588,99.7,1:53:56.021,53161,0,0,1
2016,13_Lime Rock,Lime Rock,lime-rock,2016-07-23,201607231505_Race,3,115,1,Antonio Garcia,52.703,21.748,19.136,11.819,100.6,1:54:48.724,52703,0,0,1
2016,13_Lime Rock,Lime Rock,lime-rock,2016-07-23,201607231505_Race,3,116,1,Antonio Garcia,52.495,21.814,18.983,11.698,101.0,1:55:41.219,52495,0,0,2
2016,13_Lime Rock,Lime Rock,lime-rock,2016-07-23,201607231505_Race,3,117,1,Antonio Garcia,53.018,21.869,19.354,11.795,100.1,1:56:34.237,53018,0,0,2
2016,13_Lime Rock,Lime Rock,lime-rock,2016-07-23,201607231505_Race,3,118,1,Antonio Garcia,52.574,21.901,19.000,11.673,100.9,1:57:26.811,52574,0,0,2
2016,13_Lime Rock,Lime Rock,lime-rock,2016-07-23,201607231505_Race,3,119,1,Antonio Garcia,53.488,21.743,19.156,12.589,99.2,1:58:20.299,53488,0,0,2
2016,13_Lime Rock,Lime Rock,lime-rock,2016-07-23,201607231505_Race,3,120,1,Antonio Garcia,52.913,22.247,18.939,11.727,100.2,1:59:13.212,52913,0,0,2
2016,13_Lime Rock,Lime Rock,lime-rock,2016-07-23,201607231505_Race,3,121,1,Antonio Garcia,53.435,22.350,19.364,11.721,99.2,2:00:06.647,53435,0,0,2
2016,13_Lime Rock,Lime Rock,lime-rock,2016-07-23,201607231505_Race,3,122,1,Antonio Garcia,54.338,21.791,19.906,12.641,97.6,2:01:00.985,54338,0,0,2
2016,13_Lime Rock,Lime Rock,lime-rock,2016-07-23,201607231505_Race,3,123,1,Antonio Garcia,54.948,21.938,20.336,12.674,96.5,2:01:55.933,54948,0,0,2
2016,13_Lime Rock,Lime Rock,lime-rock,2016-07-23,201607231505_Race,3,124,1,Antonio Garcia,53.816,22.208,19.820,11.788,98.6,2:02:49.749,53816,0,0,2
2016,13_Lime Rock,Lime Rock,lime-rock,2016-07-23,201607231505_Race,3,125,1,Antonio Garcia,54.452,22.633,20.043,11.776,97.4,2:03:44.201,54452,0,0,2
2016,13_Lime Rock,Lime Rock,lime-rock,2016-07-23,201607231505_Race,3,126,1,Antonio Garcia,55.184,22.763,20.520,11.901,96.1,2:04:39.385,55184,0,0,2
2016,13_Lime Rock,Lime Rock,lime-rock,2016-07-23,201607231505_Race,3,127,1,Antonio Garcia,52.633,21.991,18.947,11.695,100.8,2:05:32.018,52633,0,0,2
2016,13_Lime Rock,Lime Rock,lime-rock,2016-07-23,201607231505_Race,3,128,1,Antonio Garcia,52.916,22.118,19.052,11.746,100.2,2:06:24.934,52916,0,0,2
2016,13_Lime Rock,Lime Rock,lime-rock,2016-07-23,201607231505_Race,3,129,1,Antonio Garcia,52.498,21.709,19.021,11.768,101.0,2:07:17.432,52498,0,0,2
2016,13_Lime Rock,Lime Rock,lime-rock,2016-07-23,201607231505_Race,3,130,1,Antonio Garcia,52.364,21.708,18.955,11.701,101.3,2:08:09.796,52364,0,0,2
2016,13_Lime Rock,Lime Rock,lime-rock,2016-07-23,201607231505_Race,3,131,1,Antonio Garcia,52.668,21.876,19.019,11.773,100.7,2:09:02.464,52668,0,0,2
2016,13_Lime Rock,Lime Rock,lime-rock,2016-07-23,201607231505_Race,3,132,1,Antonio Garcia,52.679,21.942,19.010,11.727,100.7,2:09:55.143,52679,0,0,2
2016,13_Lime Rock,Lime Rock,lime-rock,2016-07-23,201607231505_Race,3,133,1,Antonio Garcia,52.617,21.865,18.953,11.799,100.8,2:10:47.760,52617,0,0,2
2016,13_Lime Rock,Lime Rock,lime-rock,2016-07-23,201607231505_Race,3,134,1,Antonio Garcia,52.956,21.949,19.253,11.754,100.2,2:11:40.716,52956,0,0,2
2016,13_Lime Rock,Lime Rock,lime-rock,2016-07-23,201607231505_Race,3,135,1,Antonio Garcia,52.919,22.049,19.055,11.815,100.2,2:12:33.635,52919,0,0,2
2016,13_Lime Rock,Lime Rock,lime-rock,2016-07-23,201607231505_Race,3,136,1,Antonio Garcia,54.498,22.368,19.577,12.553,97.3,2:13:28.133,54498,0,0,2
2016,13_Lime Rock,Lime Rock,lime-rock,2016-07-23,201607231505_Race,3,137,1,Antonio Garcia,52.694,21.920,18.969,11.805,100.7,2:14:20.827,52694,0,0,2
2016,13_Lime Rock,Lime Rock,lime-rock,2016-07-23,201607231505_Race,3,138,1,Antonio Garcia,52.613,21.814,18.959,11.840,100.8,2:15:13.440,52613,0,0,2
2016,13_Lime Rock,Lime Rock,lime-rock,2016-07-23,201607231505_Race,3,139,1,Antonio Garcia,52.679,21.799,19.020,11.860,100.7,2:16:06.119,52679,0,0,2
2016,13_Lime Rock,Lime Rock,lime-rock,2016-07-23,201607231505_Race,3,140,1,Antonio Garcia,52.578,21.846,18.926,11.806,100.9,2:16:58.697,52578,0,0,2
2016,13_Lime Rock,Lime Rock,lime-rock,2016-07-23,201607231505_Race,3,141,1,Antonio Garcia,52.741,21.883,19.086,11.772,100.5,2:17:51.438,52741,0,0,2
2016,13_Lime Rock,Lime Rock,lime-rock,2016-07-23,201607231505_Race,3,142,1,Antonio Garcia,52.561,21.778,18.945,11.838,100.9,2:18:43.999,52561,0,0,2
2016,13_Lime Rock,Lime Rock,lime-rock,2016-07-23,201607231505_Race,3,143,1,Antonio Garcia,53.434,21.931,19.315,12.188,99.2,2:19:37.433,53434,0,0,2
2016,13_Lime Rock,Lime Rock,lime-rock,2016-07-23,201607231505_Race,3,144,1,Antonio Garcia,53.846,22.600,19.273,11.973,98.5,2:20:31.279,53846,0,0,2
2016,13_Lime Rock,Lime Rock,lime-rock,2016-07-23,201607231505_Race,3,145,1,Antonio Garcia,54.997,22.584,19.611,12.802,96.4,2:21:26.276,54997,0,0,2
2016,13_Lime Rock,Lime Rock,lime-rock,2016-07-23,201607231505_Race,3,146,1,Antonio Garcia,54.069,22.195,19.279,12.595,98.1,2:22:20.345,54069,0,0,2
2016,13_Lime Rock,Lime Rock,lime-rock,2016-07-23,201607231505_Race,3,147,1,Antonio Garcia,54.459,22.813,19.670,11.976,97.4,2:23:14.804,54459,0,0,2
2016,13_Lime Rock,Lime Rock,lime-rock,2016-07-23,201607231505_Race,3,148,1,Antonio Garcia,54.308,22.511,19.389,12.408,97.6,2:24:09.112,54308,0,0,2
2016,13_Lime Rock,Lime Rock,lime-rock,2016-07-23,201607231505_Race,3,149,1,Antonio Garcia,52.984,22.185,18.947,11.852,100.1,2:25:02.096,52984,0,0,2
2016,13_Lime Rock,Lime Rock,lime-rock,2016-07-23,201607231505_Race,3,150,1,Antonio Garcia,52.671,21.942,18.899,11.830,100.7,2:25:54.767,52671,0,0,2
2016,13_Lime Rock,Lime Rock,lime-rock,2016-07-23,201607231505_Race,3,151,1,Antonio Garcia,53.207,21.986,19.255,11.966,99.7,2:26:47.974,53207,0,0,2
2016,13_Lime Rock,Lime Rock,lime-rock,2016-07-23,201607231505_Race,3,152,1,Antonio Garcia,52.636,21.879,18.932,11.825,100.7,2:27:40.610,52636,0,0,2
2016,13_Lime Rock,Lime Rock,lime-rock,2016-07-23,201607231505_Race,3,153,1,Antonio Garcia,53.561,22.533,19.152,11.876,99.0,2:28:34.171,53561,0,0,2
2016,13_Lime Rock,Lime Rock,lime-rock,2016-07-23,201607231505_Race,3,154,1,Antonio Garcia,53.114,22.171,19.067,11.876,99.9,2:29:27.285,53114,0,0,2
2016,13_Lime Rock,Lime Rock,lime-rock,2016-07-23,201607231505_Race,3,155,1,Antonio Garcia,52.959,21.983,19.125,11.851,100.2,2:30:20.244,52959,0,0,2
2016,13_Lime Rock,Lime Rock,lime-rock,2016-07-23,201607231505_Race,3,156,1,Antonio Garcia,53.875,22.041,19.847,11.987,98.4,2:31:14.119,53875,0,0,2
2016,13_Lime Rock,Lime Rock,lime-rock,2016-07-23,201607231505_Race,3,157,1,Antonio Garcia,53.939,22.666,19.284,11.989,98.3,2:32:08.058,53939,0,0,2
2016,13_Lime Rock,Lime Rock,lime-rock,2016-07-23,201607231505_Race,3,158,1,Antonio Garcia,53.186,22.176,19.086,11.924,99.7,2:33:01.244,53186,0,0,2
2016,13_Lime Rock,Lime Rock,lime-rock,2016-07-23,201607231505_Race,3,159,1,Antonio Garcia,53.271,22.144,19.092,12.035,99.6,2:33:54.515,53271,0,0,2
2016,13_Lime Rock,Lime Rock,lime-rock,2016-07-23,201607231505_Race,3,160,1,Antonio Garcia,53.699,22.416,19.192,12.091,98.7,2:34:48.214,53699,0,0,2
2016,13_Lime Rock,Lime Rock,lime-rock,2016-07-23,201607231505_Race,3,161,1,Antonio Garcia,53.606,22.333,19.210,12.063,98.9,2:35:41.820,53606,0,0,2
2016,13_Lime Rock,Lime Rock,lime-rock,2016-07-23,201607231505_Race,3,162,1,Antonio Garcia,53.542,22.358,19.164,12.020,99.1,2:36:35.362,53542,0,0,2
2016,13_Lime Rock,Lime Rock,lime-rock,2016-07-23,201607231505_Race,3,163,1,Antonio Garcia,53.812,22.266,19.422,12.124,98.6,2:37:29.174,53812,0,0,2
2016,13_Lime Rock,Lime Rock,lime-rock,2016-07-23,201607231505_Race,3,164,1,Antonio Garcia,53.819,22.479,19.275,12.065,98.6,2:38:22.993,53819,0,0,2
2016,13_Lime Rock,Lime Rock,lime-rock,2016-07-23,201607231505_Race,3,165,1,Antonio Garcia,53.580,22.304,19.191,12.085,99.0,2:39:16.573,53580,0,0,2
2016,13_Lime Rock,Lime Rock,lime-rock,2016-07-23,201607231505_Race,3,166,1,Antonio Garcia,53.779,22.487,19.223,12.069,98.6,2:40:10.352,53779,0,0,2
2016,13_Lime Rock,Lime Rock,lime-rock,2016-07-23,201607231505_Race,3,167,1,Antonio Garcia,53.630,22.326,19.235,12.069,98.9,2:41:03.982,53630,0,0,2
2016,13_Lime Rock,Lime Rock,lime-rock,2016-07-23,201607231505_Race,4,1,2,Tommy Milner,1:29.439,38.571,30.263,20.605,59.3,1:29.439,,,0,2
2016,13_Lime Rock,Lime Rock,lime-rock,2016-07-23,201607231505_Race,4,2,2,Tommy Milner,1:08.342,26.620,27.833,13.889,77.6,2:37.781,68342,0,0,2
2016,13_Lime Rock,Lime Rock,lime-rock,2016-07-23,201607231505_Race,4,3,2,Tommy Milner,55.843,24.163,19.828,11.852,95.0,3:33.624,55843,0,0,2
2016,13_Lime Rock,Lime Rock,lime-rock,2016-07-23,201607231505_Race,4,4,2,Tommy Milner,52.494,21.639,19.068,11.787,101.0,4:26.118,52494,0,0,2
2016,13_Lime Rock,Lime Rock,lime-rock,2016-07-23,201607231505_Race,4,5,2,Tommy Milner,52.132,21.509,18.890,11.733,101.7,5:18.250,52132,0,0,2
2016,13_Lime Rock,Lime Rock,lime-rock,2016-07-23,201607231505_Race,4,6,2,Tommy Milner,52.380,21.491,18.934,11.955,101.2,6:10.630,52380,0,0,2
2016,13_Lime Rock,Lime Rock,lime-rock,2016-07-23,201607231505_Race,4,7,2,Tommy Milner,1:21.885,22.798,27.673,31.414,64.8,7:32.515,81885,0,0,2
2016,13_Lime Rock,Lime Rock,lime-rock,2016-07-23,201607231505_Race,4,8,2,Tommy Milner,1:36.022,34.063,33.874,28.085,55.2,9:08.537,96022,0,0,2
2016,13_Lime Rock,Lime Rock,lime-rock,2016-07-23,201607231505_Race,4,9,2,Tommy Milner,1:33.297,33.502,33.436,26.359,56.8,10:41.834,93297,0,0,2
2016,13_Lime Rock,Lime Rock,lime-rock,2016-07-23,201607231505_Race,4,10,2,Tommy Milner,1:29.388,32.167,31.929,25.292,59.3,12:11.222,89388,0,0,2
2016,13_Lime Rock,Lime Rock,lime-rock,2016-07-23,201607231505_Race,4,11,2,Tommy Milner,1:30.642,32.120,32.604,25.918,58.5,13:41.864,90642,0,0,2
2016,13_Lime Rock,Lime Rock,lime-rock,2016-07-23,201607231505_Race,4,12,2,Tommy Milner,1:29.924,33.022,32.125,24.777,59.0,15:11.788,89924,0,0,2
2016,13_Lime Rock,Lime Rock,lime-rock,2016-07-23,201607231505_Race,4,13,2,Tommy Milner,1:16.998,29.535,33.666,13.797,68.9,16:28.786,76998,0,0,2
2016,13_Lime Rock,Lime Rock,lime-rock,2016-07-23,201607231505_Race,4,14,2,Tommy Milner,52.612,21.767,19.057,11.788,100.8,17:21.398,52612,0,0,2
2016,13_Lime Rock,Lime Rock,lime-rock,2016-07-23,201607231505_Race,4,15,2,Tommy Milner,52.406,21.637,19.023,11.746,101.2,18:13.804,52406,0,0,2
2016,13_Lime Rock,Lime Rock,lime-rock,2016-07-23,201607231505_Race,4,16,2,Tommy Milner,51.962,21.521,18.779,11.662,102.0,19:05.766,51962,0,0,2
2016,13_Lime Rock,Lime Rock,lime-rock,2016-07-23,201607231505_Race,4,17,2,Tommy Milner,52.582,21.922,18.881,11.779,100.9,19:58.348,52582,0,0,2
2016,13_Lime Rock,Lime Rock,lime-rock,2016-07-23,201607231505_Race,4,18,2,Tommy Milner,52.054,21.389,18.875,11.790,101.9,20:50.402,52054,0,0,2
2016,13_Lime Rock,Lime Rock,lime-rock,2016-07-23,201607231505_Race,4,19,2,Tommy Milner,52.143,21.485,18.898,11.760,101.7,21:42.545,52143,0,0,2
2016,13_Lime Rock,Lime Rock,lime-rock,2016-07-23,201607231505_Race,4,20,2,Tommy Milner,52.038,21.442,18.836,11.760,101.9,22:34.583,52038,0,0,2
2016,13_Lime Rock,Lime Rock,lime-rock,2016-07-23,201607231505_Race,4,21,2,Tommy Milner,52.949,21.922,19.183,11.844,100.2,23:27.532,52949,0,0,2
2016,13_Lime Rock,Lime Rock,lime-rock,2016-07-23,201607231505_Race,4,22,2,Tommy Milner,52.315,21.604,18.997,11.714,101.4,24:19.847,52315,0,0,2
2016,13_Lime Rock,Lime Rock,lime-rock,2016-07-23,201607231505_Race,4,23,2,Tommy Milner,52.283,21.428,19.009,11.846,101.4,25:12.130,52283,0,0,2
2016,13_Lime Rock,Lime Rock,lime-rock,2016-07-23,201607231505_Race,4,24,2,Tommy Milner,52.193,21.481,18.882,11.830,101.6,26:04.323,52193,0,0,2
2016,13_Lime Rock,Lime Rock,lime-rock,2016-07-23,201607231505_Race,4,25,2,Tommy Milner,53.072,21.634,19.259,12.179,99.9,26:57.395,53072,0,0,2
2016,13_Lime Rock,Lime Rock,lime-rock,2016-07-23,201607231505_Race,4,26,2,Tommy Milner,52.479,21.817,18.908,11.754,101.0,27:49.874,52479,0,0,2
2016,13_Lime Rock,Lime Rock,lime-rock,2016-07-23,201607231505_Race,4,27,2,Tommy Milner,55.663,21.635,20.728,13.300,95.3,28:45.537,55663,0,0,2
2016,13_Lime Rock,Lime Rock,lime-rock,2016-07-23,201607231505_Race,4,28,2,Tommy Milner,1:07.492,23.848,26.042,17.602,78.6,29:53.029,67492,0,0,2
2016,13_Lime Rock,Lime Rock,lime-rock,2016-07-23,201607231505_Race,4,29,2,Tommy Milner,1:30.752,27.518,33.940,29.294,58.4,31:23.781,90752,0,1,2
2016,13_Lime Rock,Lime Rock,lime-rock,2016-07-23,201607231505_Race,4,30,2,Tommy Milner,1:26.064,51.111,21.371,13.582,61.6,32:49.845,86064,0,0,2
2016,13_Lime Rock,Lime Rock,lime-rock,2016-07-23,201607231505_Race,4,31,2,Tommy Milner,1:13.963,27.702,31.435,14.826,71.7,34:03.808,73963,0,0,2
2016,13_Lime Rock,Lime Rock,lime-rock,2016-07-23,201607231505_Race,4,32,2,Tommy Milner,54.700,22.766,20.065,11.869,96.9,34:58.508,54700,0,0,2
2016,13_Lime Rock,Lime Rock,lime-rock,2016-07-23,201607231505_Race,4,33,2,Tommy Milner,55.393,22.600,20.588,12.205,95.8,35:53.901,55393,0,0,2
2016,13_Lime Rock,Lime Rock,lime-rock,2016-07-23,201607231505_Race,4,34,2,Tommy Milner,53.102,21.824,19.203,12.075,99.9,36:47.003,53102,0,0,2
2016,13_Lime Rock,Lime Rock,lime-rock,2016-07-23,201607231505_Race,4,35,2,Tommy Milner,52.706,21.894,19.137,11.675,100.6,37:39.709,52706,0,0,2
2016,13_Lime Rock,Lime Rock,lime-rock,2016-07-23,201607231505_Race,4,36,2,Tommy Milner,52.433,21.419,19.239,11.775,101.2,38:32.142,52433,0,0,2
2016,13_Lime Rock,Lime Rock,lime-rock,2016-07-23,201607231505_Race,4,37,2,Tommy Milner,52.379,21.517,19.037,11.825,101.2,39:24.521,52379,0,0,2
2016,13_Lime Rock,Lime Rock,lime-rock,2016-07-23,201607231505_Race,4,38,2,Tommy Milner,51.735,21.262,18.851,11.622,102.5,40:16.256,51735,0,0,2
2016,13_Lime Rock,Lime Rock,lime-rock,2016-07-23,201607231505_Race,4,39,2,Tommy Milner,51.927,21.379,18.887,11.661,102.2,41:08.183,51927,0,0,2
2016,13_Lime Rock,Lime Rock,lime-rock,2016-07-23,201607231505_Race,4,40,2,Tommy Milner,52.016,21.582,18.867,11.567,102.0,42:00.199,52016,0,0,2
2016,13_Lime Rock,Lime Rock,lime-rock,2016-07-23,201607231505_Race,4,41,2,Tommy Milner,51.651,21.307,18.711,11.633,102.7,42:51.850,51651,0,0,2
2016,13_Lime Rock,Lime Rock,lime-rock,2016-07-23,201607231505_Race,4,42,2,Tommy Milner,51.642,21.272,18.778,11.592,102.7,43:43.492,51642,0,0,2
2016,13_Lime Rock,Lime Rock,lime-rock,2016-07-23,201607231505_Race,4,43,2,Tommy Milner,56.410,21.398,19.270,15.742,94.0,44:39.902,56410,0,0,2
2016,13_Lime Rock,Lime Rock,lime-rock,2016-07-23,201607231505_Race,4,44,2,Tommy Milner,1:10.782,23.419,23.118,24.245,74.9,45:50.684,70782,0,0,2
2016,13_Lime Rock,Lime Rock,lime-rock,2016-07-23,201607231505_Race,4,45,2,Tommy Milner,1:27.993,30.043,32.318,25.632,60.3,47:18.677,87993,0,0,2
2016,13_Lime Rock,Lime Rock,lime-rock,2016-07-23,201607231505_Race,4,46,2,Tommy Milner,1:44.136,35.250,37.429,31.457,50.9,49:02.813,104136,0,0,2
2016,13_Lime Rock,Lime Rock,lime-rock,2016-07-23,201607231505_Race,4,47,2,Tommy Milner,1:28.862,36.082,37.096,15.684,59.7,50:31.675,88862,0,0,2
2016,13_Lime Rock,Lime Rock,lime-rock,2016-07-23,201607231505_Race,4,48,2,Tommy Milner,53.973,22.236,19.962,11.775,98.3,51:25.648,53973,0,0,2
2016,13_Lime Rock,Lime Rock,lime-rock,2016-07-23,201607231505_Race,4,49,2,Tommy Milner,52.648,21.827,19.087,11.734,100.7,52:18.296,52648,0,0,2
2016,13_Lime Rock,Lime Rock,lime-rock,2016-07-23,201607231505_Race,4,50,2,Tommy Milner,52.122,21.544,18.853,11.725,101.7,53:10.418,52122,0,0,2
2016,13_Lime Rock,Lime Rock,lime-rock,2016-07-23,201607231505_Race,4,51,2,Tommy Milner,52.104,21.514,18.867,11.723,101.8,54:02.522,52104,0,0,2
2016,13_Lime Rock,Lime Rock,lime-rock,2016-07-23,201607231505_Race,4,52,2,Tommy Milner,52.084,21.547,18.819,11.718,101.9,54:54.606,52084,0,0,2
2016,13_Lime Rock,Lime Rock,lime-rock,2016-07-23,201607231505_Race,4,53,2,Tommy Milner,52.092,21.486,18.897,11.709,101.8,55:46.698,52092,0,0,2
2016,13_Lime Rock,Lime Rock,lime-rock,2016-07-23,201607231505_Race,4,54,2,Tommy Milner,52.127,21.540,18.846,11.741,101.7,56:38.825,52127,0,0,2
2016,13_Lime Rock,Lime Rock,lime-rock,2016-07-23,201607231505_Race,4,55,2,Tommy Milner,52.067,21.521,18.874,11.672,101.9,57:30.892,52067,0,0,2
2016,13_Lime Rock,Lime Rock,lime-rock,2016-07-23,201607231505_Race,4,56,2,Tommy Milner,52.014,21.471,18.835,11.708,102.0,58:22.906,52014,0,0,2
2016,13_Lime Rock,Lime Rock,lime-rock,2016-07-23,201607231505_Race,4,57,2,Tommy Milner,53.943,21.480,20.563,11.900,98.3,59:16.849,53943,0,0,2
2016,13_Lime Rock,Lime Rock,lime-rock,2016-07-23,201607231505_Race,4,58,2,Tommy Milner,52.621,21.460,19.314,11.847,100.8,1:00:09.470,52621,0,0,2
2016,13_Lime Rock,Lime Rock,lime-rock,2016-07-23,201607231505_Race,4,59,2,Tommy Milner,52.318,21.568,19.027,11.723,101.4,1:01:01.788,52318,0,0,2
2016,13_Lime Rock,Lime Rock,lime-rock,2016-07-23,201607231505_Race,4,60,2,Tommy Milner,52.130,21.549,18.878,11.703,101.7,1:01:53.918,52130,0,0,2
2016,13_Lime Rock,Lime Rock,lime-rock,2016-07-23,201607231505_Race,4,61,2,Tommy Milner,52.411,21.552,19.064,11.795,101.2,1:02:46.329,52411,0,0,2
2016,13_Lime Rock,Lime Rock,lime-rock,2016-07-23,201607231505_Race,4,62,2,Tommy Milner,53.063,21.601,19.359,12.103,99.9,1:03:39.392,53063,0,0,2
2016,13_Lime Rock,Lime Rock,lime-rock,2016-07-23,201607231505_Race,4,63,2,Tommy Milner,55.371,22.547,20.259,12.565,95.8,1:04:34.763,55371,0,0,3
2016,13_Lime Rock,Lime Rock,lime-rock,2016-07-23,201607231505_Race,4,64,2,Tommy Milner,55.154,22.493,20.662,11.999,96.1,1:05:29.917,55154,0,0,3
2016,13_Lime Rock,Lime Rock,lime-rock,2016-07-23,201607231505_Race,4,65,2,Tommy Milner,56.512,23.188,20.919,12.405,93.8,1:06:26.429,56512,0,0,3
2016,13_Lime Rock,Lime Rock,lime-rock,2016-07-23,201607231505_Race,4,66,2,Tommy Milner,52.604,21.974,18.898,11.732,100.8,1:07:19.033,52604,0,0,3
2016,13_Lime Rock,Lime Rock,lime-rock,2016-07-23,201607231505_Race,4,67,2,Tommy Milner,52.872,21.589,19.274,12.009,100.3,1:08:11.905,52872,0,0,3
2016,13_Lime Rock,Lime Rock,lime-rock,2016-07-23,201607231505_Race,4,68,2,Tommy Milner,53.053,22.063,19.238,11.752,100.0,1:09:04.958,53053,0,0,3
2016,13_Lime Rock,Lime Rock,lime-rock,2016-07-23,201607231505_Race,4,69,2,Tommy Milner,52.667,21.821,19.087,11.759,100.7,1:09:57.625,52667,0,0,3
2016,13_Lime Rock,Lime Rock,lime-rock,2016-07-23,201607231505_Race,4,70,2,Tommy Milner,53.270,21.786,19.296,12.188,99.6,1:10:50.895,53270,0,0,3
2016,13_Lime Rock,Lime Rock,lime-rock,2016-07-23,201607231505_Race,4,71,2,Tommy Milner,54.821,22.512,20.129,12.180,96.8,1:11:45.716,54821,0,0,3
2016,13_Lime Rock,Lime Rock,lime-rock,2016-07-23,201607231505_Race,4,72,2,Tommy Milner,52.778,21.879,19.160,11.739,100.5,1:12:38.494,52778,0,0,3
2016,13_Lime Rock,Lime Rock,lime-rock,2016-07-23,201607231505_Race,4,73,2,Tommy Milner,52.927,21.678,19.400,11.849,100.2,1:13:31.421,52927,0,0,3
2016,13_Lime Rock,Lime Rock,lime-rock,2016-07-23,201607231505_Race,4,74,2,Tommy Milner,53.363,21.829,19.461,12.073,99.4,1:14:24.784,53363,0,0,3
2016,13_Lime Rock,Lime Rock,lime-rock,2016-07-23,201607231505_Race,4,75,2,Tommy Milner,53.264,22.042,19.286,11.936,99.6,1:15:18.048,53264,0,0,3
2016,13_Lime Rock,Lime Rock,lime-rock,2016-07-23,201607231505_Race,4,76,2,Tommy Milner,53.645,21.899,19.227,12.519,98.9,1:16:11.693,53645,0,0,3
2016,13_Lime Rock,Lime Rock,lime-rock,2016-07-23,201607231505_Race,4,77,2,Tommy Milner,53.893,22.549,19.475,11.869,98.4,1:17:05.586,53893,0,0,3
2016,13_Lime Rock,Lime Rock,lime-rock,2016-07-23,201607231505_Race,4,78,2,Tommy Milner,52.802,21.887,19.050,11.865,100.4,1:17:58.388,52802,0,0,3
2016,13_Lime Rock,Lime Rock,lime-rock,2016-07-23,201607231505_Race,4,79,2,Tommy Milner,53.189,21.987,19.320,11.882,99.7,1:18:51.577,53189,0,0,3
2016,13_Lime Rock,Lime Rock,lime-rock,2016-07-23,201607231505_Race,4,80,2,Tommy Milner,53.490,22.061,19.475,11.954,99.2,1:19:45.067,53490,0,0,3
2016,13_Lime Rock,Lime Rock,lime-rock,2016-07-23,201607231505_Race,4,81,2,Tommy Milner,54.433,21.981,20.325,12.127,97.4,1:20:39.500,54433,0,0,3
2016,13_Lime Rock,Lime Rock,lime-rock,2016-07-23,201607231505_Race,4,82,2,Tommy Milner,54.576,22.414,20.197,11.965,97.2,1:21:34.076,54576,0,0,3
2016,13_Lime Rock,Lime Rock,lime-rock,2016-07-23,201607231505_Race,4,83,2,Tommy Milner,52.865,21.997,19.085,11.783,100.3,1:22:26.941,52865,0,0,3
2016,13_Lime Rock,Lime Rock,lime-rock,2016-07-23,201607231505_Race,4,84,2,Tommy Milner,53.308,22.043,19.348,11.917,99.5,1:23:20.249,53308,0,0,3
2016,13_Lime Rock,Lime Rock,lime-rock,2016-07-23,201607231505_Race,4,85,2,Tommy Milner,52.751,21.927,19.013,11.811,100.5,1:24:13.000,52751,0,0,3
2016,13_Lime Rock,Lime Rock,lime-rock,2016-07-23,201607231505_Race,4,86,2,Tommy Milner,53.222,21.843,19.202,12.177,99.7,1:25:06.222,53222,0,0,3
2016,13_Lime Rock,Lime Rock,lime-rock,2016-07-23,201607231505_Race,4,87,2,Tommy Milner,53.101,22.111,19.077,11.913,99.9,1:25:59.323,53101,0,0,3
2016,13_Lime Rock,Lime Rock,lime-rock,2016-07-23,201607231505_Race,4,88,2,Tommy Milner,52.883,21.819,19.127,11.937,100.3,1:26:52.206,52883,0,0,3
2016,13_Lime Rock,Lime Rock,lime-rock,2016-07-23,201607231505_Race,4,89,2,Tommy Milner,54.347,23.025,19.311,12.011,97.6,1:27:46.553,54347,0,0,3
2016,13_Lime Rock,Lime Rock,lime-rock,2016-07-23,201607231505_Race,4,90,2,Tommy Milner,54.471,22.708,19.340,12.423,97.4,1:28:41.024,54471,0,0,3
2016,13_Lime Rock,Lime Rock,lime-rock,2016-07-23,201607231505_Race,4,91,2,Tommy Milner,59.709,23.006,21.579,15.124,88.8,1:29:40.733,59709,0,0,3
2016,13_Lime Rock,Lime Rock,lime-rock,2016-07-23,201607231505_Race,4,92,2,Tommy Milner,1:28.282,23.804,33.914,30.564,60.0,1:31:09.015,88282,0,0,3
2016,13_Lime Rock,Lime Rock,lime-rock,2016-07-23,201607231505_Race,4,93,2,Tommy Milner,1:01.621,26.343,20.948,14.330,86.1,1:32:10.636,61621,0,0,3
2016,13_Lime Rock,Lime Rock,lime-rock,2016-07-23,201607231505_Race,4,94,2,Tommy Milner,58.407,24.072,21.012,13.323,90.8,1:33:09.043,58407,0,0,3
2016,13_Lime Rock,Lime Rock,lime-rock,2016-07-23,201607231505_Race,4,95,2,Tommy Milner,1:26.836,26.351,32.692,27.793,61.0,1:34:35.879,86836,0,1,3
2016,13_Lime Rock,Lime Rock,lime-rock,2016-07-23,201607231505_Race,4,96,1,Oliver Gavin,1:35.686,58.902,21.939,14.845,55.4,1:36:11.565,95686,0,0,3
2016,13_Lime Rock,Lime Rock,lime-rock,2016-07-23,201607231505_Race,4,97,1,Oliver Gavin,1:26.435,25.757,35.272,25.406,61.3,1:37:38.000,86435,0,0,3
2016,13_Lime Rock,Lime Rock,lime-rock,2016-07-23,201607231505_Race,4,98,1,Oliver Gavin,1:38.869,34.888,35.050,28.931,53.6,1:39:16.869,98869,0,0,3
2016,13_Lime Rock,Lime Rock,lime-rock,2016-07-23,201607231505_Race,4,99,1,Oliver Gavin,1:36.535,39.165,40.693,16.677,54.9,1:40:53.404,96535,0,0,3
2016,13_Lime Rock,Lime Rock,lime-rock,2016-07-23,201607231505_Race,4,100,1,Oliver Gavin,53.358,22.336,19.099,11.923,99.4,1:41:46.762,53358,0,0,3
2016,13_Lime Rock,Lime Rock,lime-rock,2016-07-23,201607231505_Race,4,101,1,Oliver Gavin,52.546,21.743,19.013,11.790,100.9,1:42:39.308,52546,0,0,3
2016,13_Lime Rock,Lime Rock,lime-rock,2016-07-23,201607231505_Race,4,102,1,Oliver Gavin,52.165,21.483,18.955,11.727,101.7,1:43:31.473,52165,0,0,3
2016,13_Lime Rock,Lime Rock,lime-rock,2016-07-23,201607231505_Race,4,103,1,Oliver Gavin,52.485,21.851,18.948,11.686,101.0,1:44:23.958,52485,0,0,3
2016,13_Lime Rock,Lime Rock,lime-rock,2016-07-23,201607231505_Race,4,104,1,Oliver Gavin,51.465,21.210,18.629,11.626,103.0,1:45:15.423,51465,0,0,3
2016,13_Lime Rock,Lime Rock,lime-rock,2016-07-23,201607231505_Race,4,105,1,Oliver Gavin,51.543,21.258,18.638,11.647,102.9,1:46:06.966,51543,0,0,3
2016,13_Lime Rock,Lime Rock,lime-rock,2016-07-23,201607231505_Race,4,106,1,Oliver Gavin,51.857,21.399,18.757,11.701,102.3,1:46:58.823,51857,0,0,3
2016,13_Lime Rock,Lime Rock,lime-rock,2016-07-23,201607231505_Race,4,107,1,Oliver Gavin,51.724,21.425,18.693,11.606,102.5,1:47:50.547,51724,0,0,3
2016,13_Lime Rock,Lime Rock,lime-rock,2016-07-23,201607231505_Race,4,108,1,Oliver Gavin,51.374,21.229,18.562,11.583,103.2,1:48:41.921,51374,0,0,3
2016,13_Lime Rock,Lime Rock,lime-rock,2016-07-23,201607231505_Race,4,109,1,Oliver Gavin,51.341,21.191,18.614,11.536,103.3,1:49:33.262,51341,0,0,3
2016,13_Lime Rock,Lime Rock,lime-rock,2016-07-23,201607231505_Race,4,110,1,Oliver Gavin,51.440,21.236,18.597,11.607,103.1,1:50:24.702,51440,0,0,3
2016,13_Lime Rock,Lime Rock,lime-rock,2016-07-23,201607231505_Race,4,111,1,Oliver Gavin,52.257,21.935,18.733,11.589,101.5,1:51:16.959,52257,0,0,3
2016,13_Lime Rock,Lime Rock,lime-rock,2016-07-23,201607231505_Race,4,112,1,Oliver Gavin,51.418,21.186,18.587,11.645,103.2,1:52:08.377,51418,0,0,3
2016,13_Lime Rock,Lime Rock,lime-rock,2016-07-23,201607231505_Race,4,113,1,Oliver Gavin,51.584,21.277,18.622,11.685,102.8,1:52:59.961,51584,0,0,3
2016,13_Lime Rock,Lime Rock,lime-rock,2016-07-23,201607231505_Race,4,114,1,Oliver Gavin,53.155,21.906,19.475,11.774,99.8,1:53:53.116,53155,0,0,3
2016,13_Lime Rock,Lime Rock,lime-rock,2016-07-23,201607231505_Race,4,115,1,Oliver Gavin,52.746,21.561,19.277,11.908,100.5,1:54:45.862,52746,0,0,3
2016,13_Lime Rock,Lime Rock,lime-rock,2016-07-23,201607231505_Race,4,116,1,Oliver Gavin,52.175,21.612,18.804,11.759,101.7,1:55:38.037,52175,0,0,3
2016,13_Lime Rock,Lime Rock,lime-rock,2016-07-23,201607231505_Race,4,117,1,Oliver Gavin,51.978,21.467,18.816,11.695,102.0,1:56:30.015,51978,0,0,3
2016,13_Lime Rock,Lime Rock,lime-rock,2016-07-23,201607231505_Race,4,118,1,Oliver Gavin,53.752,22.686,19.361,11.705,98.7,1:57:23.767,53752,0,0,3
2016,13_Lime Rock,Lime Rock,lime-rock,2016-07-23,201607231505_Race,4,119,1,Oliver Gavin,52.236,21.578,18.819,11.839,101.5,1:58:16.003,52236,0,0,3
2016,13_Lime Rock,Lime Rock,lime-rock,2016-07-23,201607231505_Race,4,120,1,Oliver Gavin,54.268,23.051,19.433,11.784,97.8,1:59:10.271,54268,0,0,3
2016,13_Lime Rock,Lime Rock,lime-rock,2016-07-23,201607231505_Race,4,121,1,Oliver Gavin,53.616,22.195,19.437,11.984,98.9,2:00:03.887,53616,0,0,3
2016,13_Lime Rock,Lime Rock,lime-rock,2016-07-23,201607231505_Race,4,122,1,Oliver Gavin,54.828,22.794,19.878,12.156,96.8,2:00:58.715,54828,0,0,3
2016,13_Lime Rock,Lime Rock,lime-rock,2016-07-23,201607231505_Race,4,123,1,Oliver Gavin,55.451,22.705,20.668,12.078,95.6,2:01:54.166,55451,0,0,3
2016,13_Lime Rock,Lime Rock,lime-rock,2016-07-23,201607231505_Race,4,124,1,Oliver Gavin,53.808,21.998,19.741,12.069,98.6,2:02:47.974,53808,0,0,3
2016,13_Lime Rock,Lime Rock,lime-rock,2016-07-23,201607231505_Race,4,125,1,Oliver Gavin,53.412,21.987,19.417,12.008,99.3,2:03:41.386,53412,0,0,3
2016,13_Lime Rock,Lime Rock,lime-rock,2016-07-23,201607231505_Race,4,126,1,Oliver Gavin,52.247,21.630,18.885,11.732,101.5,2:04:33.633,52247,0,0,3
2016,13_Lime Rock,Lime Rock,lime-rock,2016-07-23,201607231505_Race,4,127,1,Oliver Gavin,52.652,21.644,19.198,11.810,100.7,2:05:26.285,52652,0,0,3
2016,13_Lime Rock,Lime Rock,lime-rock,2016-07-23,201607231505_Race,4,128,1,Oliver Gavin,52.696,21.690,19.208,11.798,100.7,2:06:18.981,52696,0,0,3
2016,13_Lime Rock,Lime Rock,lime-rock,2016-07-23,201607231505_Race,4,129,1,Oliver Gavin,52.355,21.536,19.086,11.733,101.3,2:07:11.336,52355,0,0,3
2016,13_Lime Rock,Lime Rock,lime-rock,2016-07-23,201607231505_Race,4,130,1,Oliver Gavin,52.465,21.672,18.972,11.821,101.1,2:08:03.801,52465,0,0,3
2016,13_Lime Rock,Lime Rock,lime-rock,2016-07-23,201607231505_Race,4,131,1,Oliver Gavin,52.430,21.680,18.992,11.758,101.2,2:08:56.231,52430,0,0,3
2016,13_Lime Rock,Lime Rock,lime-rock,2016-07-23,201607231505_Race,4,132,1,Oliver Gavin,52.953,22.032,19.129,11.792,100.2,2:09:49.184,52953,0,0,3
2016,13_Lime Rock,Lime Rock,lime-rock,2016-07-23,201607231505_Race,4,133,1,Oliver Gavin,53.624,21.802,19.392,12.430,98.9,2:10:42.808,53624,0,0,3
2016,13_Lime Rock,Lime Rock,lime-rock,2016-07-23,201607231505_Race,4,134,1,Oliver Gavin,52.539,21.764,18.991,11.784,100.9,2:11:35.347,52539,0,0,3
2016,13_Lime Rock,Lime Rock,lime-rock,2016-07-23,201607231505_Race,4,135,1,Oliver Gavin,52.646,21.670,19.117,11.859,100.7,2:12:27.993,52646,0,0,3
2016,13_Lime Rock,Lime Rock,lime-rock,2016-07-23,201607231505_Race,4,136,1,Oliver Gavin,52.611,21.655,18.976,11.980,100.8,2:13:20.604,52611,0,0,3
2016,13_Lime Rock,Lime Rock,lime-rock,2016-07-23,201607231505_Race,4,137,1,Oliver Gavin,53.526,22.054,19.395,12.077,99.1,2:14:14.130,53526,0,0,3
2016,13_Lime Rock,Lime Rock,lime-rock,2016-07-23,201607231505_Race,4,138,1,Oliver Gavin,53.460,22.081,19.339,12.040,99.2,2:15:07.590,53460,0,0,3
2016,13_Lime Rock,Lime Rock,lime-rock,2016-07-23,201607231505_Race,4,139,1,Oliver Gavin,53.194,21.989,19.247,11.958,99.7,2:16:00.784,53194,0,0,3
2016,13_Lime Rock,Lime Rock,lime-rock,2016-07-23,201607231505_Race,4,140,1,Oliver Gavin,52.994,21.786,19.132,12.076,100.1,2:16:53.778,52994,0,0,3
2016,13_Lime Rock,Lime Rock,lime-rock,2016-07-23,201607231505_Race,4,141,1,Oliver Gavin,53.166,22.014,19.185,11.967,99.7,2:17:46.944,53166,0,0,3
2016,13_Lime Rock,Lime Rock,lime-rock,2016-07-23,201607231505_Race,4,142,1,Oliver Gavin,54.137,22.200,19.684,12.253,97.9,2:18:41.081,54137,0,0,3
2016,13_Lime Rock,Lime Rock,lime-rock,2016-07-23,201607231505_Race,4,143,1,Oliver Gavin,54.623,22.524,19.839,12.260,97.1,2:19:35.704,54623,0,0,3
2016,13_Lime Rock,Lime Rock,lime-rock,2016-07-23,201607231505_Race,4,144,1,Oliver Gavin,54.080,22.089,19.956,12.035,98.1,2:20:29.784,54080,0,0,3
2016,13_Lime Rock,Lime Rock,lime-rock,2016-07-23,201607231505_Race,4,145,1,Oliver Gavin,54.510,22.610,19.787,12.113,97.3,2:21:24.294,54510,0,0,3
2016,13_Lime Rock,Lime Rock,lime-rock,2016-07-23,201607231505_Race,4,146,1,Oliver Gavin,54.341,22.220,19.805,12.316,97.6,2:22:18.635,54341,0,0,3
2016,13_Lime Rock,Lime Rock,lime-rock,2016-07-23,201607231505_Race,4,147,1,Oliver Gavin,53.878,22.553,19.436,11.889,98.4,2:23:12.513,53878,0,0,3
2016,13_Lime Rock,Lime Rock,lime-rock,2016-07-23,201607231505_Race,4,148,1,Oliver Gavin,52.729,21.843,19.011,11.875,100.6,2:24:05.242,52729,0,0,3
2016,13_Lime Rock,Lime Rock,lime-rock,2016-07-23,201607231505_Race,4,149,1,Oliver Gavin,53.170,21.920,19.314,11.936,99.7,2:24:58.412,53170,0,0,3
2016,13_Lime Rock,Lime Rock,lime-rock,2016-07-23,201607231505_Race,4,150,1,Oliver Gavin,52.921,21.701,19.430,11.790,100.2,2:25:51.333,52921,0,0,3
2016,13_Lime Rock,Lime Rock,lime-rock,2016-07-23,201607231505_Race,4,151,1,Oliver Gavin,53.718,21.773,19.483,12.462,98.7,2:26:45.051,53718,0,0,3
2016,13_Lime Rock,Lime Rock,lime-rock,2016-07-23,201607231505_Race,4,152,1,Oliver Gavin,53.268,22.103,19.200,11.965,99.6,2:27:38.319,53268,0,0,3
2016,13_Lime Rock,Lime Rock,lime-rock,2016-07-23,201607231505_Race,4,153,1,Oliver Gavin,52.840,21.848,19.157,11.835,100.4,2:28:31.159,52840,0,0,3
2016,13_Lime Rock,Lime Rock,lime-rock,2016-07-23,201607231505_Race,4,154,1,Oliver Gavin,53.110,21.951,19.212,11.947,99.9,2:29:24.269,53110,0,0,3
2016,13_Lime Rock,Lime Rock,lime-rock,2016-07-23,201607231505_Race,4,155,1,Oliver Gavin,53.020,21.766,19.276,11.978,100.1,2:30:17.289,53020,0,0,3
2016,13_Lime Rock,Lime Rock,lime-rock,2016-07-23,201607231505_Race,4,156,1,Oliver Gavin,53.220,21.951,19.319,11.950,99.7,2:31:10.509,53220,0,0,3
2016,13_Lime Rock,Lime Rock,lime-rock,2016-07-23,201607231505_Race,4,157,1,Oliver Gavin,53.011,21.888,19.167,11.956,100.1,2:32:03.520,53011,0,0,3
2016,13_Lime Rock,Lime Rock,lime-rock,2016-07-23,201607231505_Race,4,158,1,Oliver Gavin,53.856,22.650,19.292,11.914,98.5,2:32:57.376,53856,0,0,3
2016,13_Lime Rock,Lime Rock,lime-rock,2016-07-23,201607231505_Race,4,159,1,Oliver Gavin,52.960,21.963,19.067,11.930,100.2,2:33:50.336,52960,0,0,3
2016,13_Lime Rock,Lime Rock,lime-rock,2016-07-23,201607231505_Race,4,160,1,Oliver Gavin,54.233,22.783,19.392,12.058,97.8,2:34:44.569,54233,0,0,3
2016,13_Lime Rock,Lime Rock,lime-rock,2016-07-23,201607231505_Race,4,161,1,Oliver Gavin,54.263,22.539,19.592,12.132,97.8,2:35:38.832,54263,0,0,3
2016,13_Lime Rock,Lime Rock,lime-rock,2016-07-23,201607231505_Race,4,162,1,Oliver Gavin,53.802,22.109,19.381,12.312,98.6,2:36:32.634,53802,0,0,3
2016,13_Lime Rock,Lime Rock,lime-rock,2016-07-23,201607231505_Race,4,163,1,Oliver Gavin,54.281,22.670,19.502,12.109,97.7,2:37:26.915,54281,0,0,3
2016,13_Lime Rock,Lime Rock,lime-rock,2016-07-23,201607231505_Race,4,164,1,Oliver Gavin,54.084,22.481,19.525,12.078,98.1,2:38:20.999,54084,0,0,3
2016,13_Lime Rock,Lime Rock,lime-rock,2016-07-23,201607231505_Race,4,165,1,Oliver Gavin,54.159,22.171,19.769,12.219,97.9,2:39:15.158,54159,0,0,3
2016,13_Lime Rock,Lime Rock,lime-rock,2016-07-23,201607231505_Race,4,166,1,Oliver Gavin,53.951,22.408,19.487,12.056,98.3,2:40:09.109,53951,0,0,3
2016,13_Lime Rock,Lime Rock,lime-rock,2016-07-23,201607231505_Race,4,167,1,Oliver Gavin,53.898,22.268,19.394,12.236,98.4,2:41:03.007,53898,0,0,3
2016,13_Lime Rock,Lime Rock,lime-rock,2016-07-23,201607231505_Race,6,1,2,Andrew Davis,1:33.220,44.513,26.747,21.960,56.9,1:33.220,,,0,3
2016,13_Lime Rock,Lime Rock,lime-rock,2016-07-23,201607231505_Race,6,2,2,Andrew Davis,1:06.567,29.097,24.442,13.028,79.7,2:39.787,66567,0,0,3
2016,13_Lime Rock,Lime Rock,lime-rock,2016-07-23,201607231505_Race,6,3,2,Andrew Davis,57.958,23.706,21.716,12.536,91.5,3:37.745,57958,0,0,3
2016,13_Lime Rock,Lime Rock,lime-rock,2016-07-23,201607231505_Race,6,4,2,Andrew Davis,54.787,22.717,19.825,12.245,96.8,4:32.532,54787,0,0,3
2016,13_Lime Rock,Lime Rock,lime-rock,2016-07-23,201607231505_Race,6,5,2,Andrew Davis,55.036,22.705,19.821,12.510,96.4,5:27.568,55036,0,0,3
2016,13_Lime Rock,Lime Rock,lime-rock,2016-07-23,201607231505_Race,6,6,2,Andrew Davis,54.808,22.641,19.481,12.686,96.8,6:22.376,54808,0,0,3
2016,13_Lime Rock,Lime Rock,lime-rock,2016-07-23,201607231505_Race,6,7,2,Andrew Davis,1:18.110,23.859,21.337,32.914,67.9,7:40.486,78110,0,0,3
2016,13_Lime Rock,Lime Rock,lime-rock,2016-07-23,201607231505_Race,6,8,2,Andrew Davis,1:37.269,32.295,34.399,30.575,54.5,9:17.755,97269,0,0,3
2016,13_Lime Rock,Lime Rock,lime-rock,2016-07-23,201607231505_Race,6,9,2,Andrew Davis,1:33.243,32.618,33.904,26.721,56.9,10:50.998,93243,0,0,3
2016,13_Lime Rock,Lime Rock,lime-rock,2016-07-23,201607231505_Race,6,10,2,Andrew Davis,1:32.563,31.292,32.339,28.932,57.3,12:23.561,92563,0,0,4
2016,13_Lime Rock,Lime Rock,lime-rock,2016-07-23,201607231505_Race,6,11,2,Andrew Davis,1:29.446,29.294,31.302,28.850,59.3,13:53.007,89446,0,0,4
2016,13_Lime Rock,Lime Rock,lime-rock,2016-07-23,201607231505_Race,6,12,2,Andrew Davis,1:28.594,29.956,32.814,25.824,59.9,15:21.601,88594,0,0,4
2016,13_Lime Rock,Lime Rock,lime-rock,2016-07-23,201607231505_Race,6,13,2,Andrew Davis,1:10.552,26.950,30.315,13.287,75.1,16:32.153,70552,0,0,4
2016,13_Lime Rock,Lime Rock,lime-rock,2016-07-23,201607231505_Race,6,14,2,Andrew Davis,54.640,22.824,19.602,12.214,97.1,17:26.793,54640,0,0,4
2016,13_Lime Rock,Lime Rock,lime-rock,2016-07-23,201607231505_Race,6,15,2,Andrew Davis,54.209,22.424,19.508,12.277,97.8,18:21.002,54209,0,0,4
2016,13_Lime Rock,Lime Rock,lime-rock,2016-07-23,201607231505_Race,6,16,2,Andrew Davis,54.247,22.279,19.590,12.378,97.8,19:15.249,54247,0,0,4
2016,13_Lime Rock,Lime Rock,lime-rock,2016-07-23,201607231505_Race,6,17,2,Andrew Davis,54.515,22.634,19.569,12.312,97.3,20:09.764,54515,0,0,4
2016,13_Lime Rock,Lime Rock,lime-rock,2016-07-23,201607231505_Race,6,18,2,Andrew Davis,54.363,22.329,19.656,12.378,97.6,21:04.127,54363,0,0,4
2016,13_Lime Rock,Lime Rock,lime-rock,2016-07-23,201607231505_Race,6,19,2,Andrew Davis,54.073,22.226,19.566,12.281,98.1,21:58.200,54073,0,0,4
2016,13_Lime Rock,Lime Rock,lime-rock,2016-07-23,201607231505_Race,6,20,2,Andrew Davis,54.070,22.272,19.509,12.289,98.1,22:52.270,54070,0,0,4
2016,13_Lime Rock,Lime Rock,lime-rock,2016-07-23,201607231505_Race,6,21,2,Andrew Davis,54.334,22.296,19.669,12.369,97.6,23:46.604,54334,0,0,4
2016,13_Lime Rock,Lime Rock,lime-rock,2016-07-23,201607231505_Race,6,22,2,Andrew Davis,54.289,22.345,19.660,12.284,97.7,24:40.893,54289,0,0,4
2016,13_Lime Rock,Lime Rock,lime-rock,2016-07-23,201607231505_Race,6,23,2,Andrew Davis,54.546,22.485,19.689,12.372,97.3,25:35.439,54546,0,0,4
2016,13_Lime Rock,Lime Rock,lime-rock,2016-07-23,201607231505_Race,6,24,2,Andrew Davis,54.224,22.425,19.565,12.234,97.8,26:29.663,54224,0,0,4
2016,13_Lime Rock,Lime Rock,lime-rock,2016-07-23,201607231505_Race,6,25,2,Andrew Davis,54.427,22.502,19.632,12.293,97.4,27:24.090,54427,0,0,4
2016,13_Lime Rock,Lime Rock,lime-rock,2016-07-23,201607231505_Race,6,26,2,Andrew Davis,54.803,22.552,19.774,12.477,96.8,28:18.893,54803,0,0,4
2016,13_Lime Rock,Lime Rock,lime-rock,2016-07-23,201607231505_Race,6,27,2,Andrew Davis,1:11.046,24.083,28.221,18.742,74.6,29:29.939,71046,0,0,4
2016,13_Lime Rock,Lime Rock,lime-rock,2016-07-23,201607231505_Race,6,28,2,Andrew Davis,1:31.722,33.248,33.553,24.921,57.8,31:01.661,91722,0,0,4
2016,13_Lime Rock,Lime Rock,lime-rock,2016-07-23,201607231505_Race,6,29,2,Andrew Davis,2:01.735,33.898,31.234,56.603,43.6,33:03.396,121735,0,1,4
2016,13_Lime Rock,Lime Rock,lime-rock,2016-07-23,201607231505_Race,6,30,2,Andrew Davis,1:04.637,30.993,20.325,13.319,82.0,34:08.033,64637,0,0,4
2016,13_Lime Rock,Lime Rock,lime-rock,2016-07-23,201607231505_Race,6,31,2,Andrew Davis,55.967,23.260,20.341,12.366,94.8,35:04.000,55967,0,0,4
2016,13_Lime Rock,Lime Rock,lime-rock,2016-07-23,201607231505_Race,6,32,2,Andrew Davis,55.730,22.705,20.190,12.835,95.1,35:59.730,55730,0,0,4
2016,13_Lime Rock,Lime Rock,lime-rock,2016-07-23,201607231505_Race,6,33,2,Andrew Davis,55.669,23.007,20.193,12.469,95.3,36:55.399,55669,0,0,4
2016,13_Lime Rock,Lime Rock,lime-rock,2016-07-23,201607231505_Race,6,34,2,Andrew Davis,55.661,22.731,20.478,12.452,95.3,37:51.060,55661,0,0,4
2016,13_Lime Rock,Lime Rock,lime-rock,2016-07-23,201607231505_Race,6,35,2,Andrew Davis,55.809,22.935,20.460,12.414,95.0,38:46.869,55809,0,0,4
2016,13_Lime Rock,Lime Rock,lime-rock,2016-07-23,201607231505_Race,6,36,2,Andrew Davis,55.345,22.846,19.954,12.545,95.8,39:42.214,55345,0,0,4
2016,13_Lime Rock,Lime Rock,lime-rock,2016-07-23,201607231505_Race,6,37,2,Andrew Davis,55.462,22.810,20.341,12.311,95.6,40:37.676,55462,0,0,4
2016,13_Lime Rock,Lime Rock,lime-rock,2016-07-23,201607231505_Race,6,38,2,Andrew Davis,55.292,22.643,20.324,12.325,95.9,41:32.968,55292,0,0,4
2016,13_Lime Rock,Lime Rock,lime-rock,2016-07-23,201607231505_Race,6,39,2,Andrew Davis,55.163,22.922,19.914,12.327,96.1,42:28.131,55163,0,0,4
2016,13_Lime Rock,Lime Rock,lime-rock,2016-07-23,201607231505_Race,6,40,2,Andrew Davis,55.465,23.031,20.112,12.322,95.6,43:23.596,55465,0,0,4
2016,13_Lime Rock,Lime Rock,lime-rock,2016-07-23,201607231505_Race,6,41,2,Andrew Davis,55.408,22.999,20.069,12.340,95.7,44:19.004,55408,0,0,4
2016,13_Lime Rock,Lime Rock,lime-rock,2016-07-23,201607231505_Race,6,42,2,Andrew Davis,1:16.431,25.081,28.806,22.544,69.4,45:35.435,76431,0,0,4
2016,13_Lime Rock,Lime Rock,lime-rock,2016-07-23,201607231505_Race,6,43,2,Andrew Davis,1:30.788,33.081,32.385,25.322,58.4,47:06.223,90788,0,0,4
2016,13_Lime Rock,Lime Rock,lime-rock,2016-07-23,201607231505_Race,6,44,2,Andrew Davis,1:03.058,29.079,21.073,12.906,84.1,48:09.281,63058,0,0,4
2016,13_Lime Rock,Lime Rock,lime-rock,2016-07-23,201607231505_Race,6,45,2,Andrew Davis,1:07.755,23.755,20.767,23.233,78.2,49:17.036,67755,0,0,4
2016,13_Lime Rock,Lime Rock,lime-rock,2016-07-23,201607231505_Race,6,46,2,Andrew Davis,1:19.426,32.239,33.413,13.774,66.7,50:36.462,79426,0,0,4
2016,13_Lime Rock,Lime Rock,lime-rock,2016-07-23,201607231505_Race,6,47,2,Andrew Davis,57.082,23.196,20.861,13.025,92.9,51:33.544,57082,0,0,4
2016,13_Lime Rock,Lime Rock,lime-rock,2016-07-23,201607231505_Race,6,48,2,Andrew Davis,54.313,22.316,19.751,12.246,97.6,52:27.857,54313,0,0,4
2016,13_Lime Rock,Lime Rock,lime-rock,2016-07-23,201607231505_Race,6,49,2,Andrew Davis,54.950,22.791,19.857,12.302,96.5,53:22.807,54950,0,0,4
2016,13_Lime Rock,Lime Rock,lime-rock,2016-07-23,201607231505_Race,6,50,2,Andrew Davis,55.247,23.085,19.774,12.388,96.0,54:18.054,55247,0,0,4
2016,13_Lime Rock,Lime Rock,lime-rock,2016-07-23,201607231505_Race,6,51,2,Andrew Davis,55.410,23.078,19.933,12.399,95.7,55:13.464,55410,0,0,4
2016,13_Lime Rock,Lime Rock,lime-rock,2016-07-23,201607231505_Race,6,52,2,Andrew Davis,55.194,22.994,19.806,12.394,96.1,56:08.658,55194,0,0,4
2016,13_Lime Rock,Lime Rock,lime-rock,2016-07-23,201607231505_Race,6,53,2,Andrew Davis,55.430,23.320,19.868,12.242,95.7,57:04.088,55430,0,0,4
2016,13_Lime Rock,Lime Rock,lime-rock,2016-07-23,201607231505_Race,6,54,2,Andrew Davis,55.152,23.002,19.824,12.326,96.1,57:59.240,55152,0,0,4
2016,13_Lime Rock,Lime Rock,lime-rock,2016-07-23,201607231505_Race,6,55,2,Andrew Davis,56.867,23.159,20.583,13.125,93.3,58:56.107,56867,0,0,4
2016,13_Lime Rock,Lime Rock,lime-rock,2016-07-23,201607231505_Race,6,56,2,Andrew Davis,55.363,23.186,19.836,12.341,95.8,59:51.470,55363,0,0,4
2016,13_Lime Rock,Lime Rock,lime-rock,2016-07-23,201607231505_Race,6,57,2,Andrew Davis,53.905,22.246,19.488,12.171,98.4,1:00:45.375,53905,0,0,4
2016,13_Lime Rock,Lime Rock,lime-rock,2016-07-23,201607231505_Race,6,58,2,Andrew Davis,54.056,22.276,19.594,12.186,98.1,1:01:39.431,54056,0,0,4
2016,13_Lime Rock,Lime Rock,lime-rock,2016-07-23,201607231505_Race,6,59,2,Andrew Davis,54.069,22.263,19.601,12.205,98.1,1:02:33.500,54069,0,0,4
2016,13_Lime Rock,Lime Rock,lime-rock,2016-07-23,201607231505_Race,6,60,2,Andrew Davis,54.337,22.434,19.655,12.248,97.6,1:03:27.837,54337,0,0,4
2016,13_Lime Rock,Lime Rock,lime-rock,2016-07-23,201607231505_Race,6,61,2,Andrew Davis,54.635,22.529,19.691,12.415,97.1,1:04:22.472,54635,0,0,4
2016,13_Lime Rock,Lime Rock,lime-rock,2016-07-23,201607231505_Race,6,62,2,Andrew Davis,55.680,23.118,20.122,12.440,95.3,1:05:18.152,55680,0,0,4
2016,13_Lime Rock,Lime Rock,lime-rock,2016-07-23,201607231505_Race,6,63,2,Andrew Davis,55.064,22.919,19.724,12.421,96.3,1:06:13.216,55064,0,0,4
2016,13_Lime Rock,Lime Rock,lime-rock,2016-07-23,201607231505_Race,6,64,2,Andrew Davis,54.883,22.769,19.827,12.287,96.6,1:07:08.099,54883,0,0,4
2016,13_Lime Rock,Lime Rock,lime-rock,2016-07-23,201607231505_Race,6,65,2,Andrew Davis,55.026,22.919,19.784,12.323,96.4,1:08:03.125,55026,0,0,4
2016,13_Lime Rock,Lime Rock,lime-rock,2016-07-23,201607231505_Race,6,66,2,Andrew Davis,55.718,23.441,19.940,12.337,95.2,1:08:58.843,55718,0,0,4
2016,13_Lime Rock,Lime Rock,lime-rock,2016-07-23,201607231505_Race,6,67,2,Andrew Davis,55.652,23.187,20.074,12.391,95.3,1:09:54.495,55652,0,0,4
2016,13_Lime Rock,Lime Rock,lime-rock,2016-07-23,201607231505_Race,6,68,2,Andrew Davis,55.253,22.855,19.913,12.485,96.0,1:10:49.748,55253,0,0,4
2016,13_Lime Rock,Lime Rock,lime-rock,2016-07-23,201607231505_Race,6,69,2,Andrew Davis,55.947,22.887,20.710,12.350,94.8,1:11:45.695,55947,0,0,4
2016,13_Lime Rock,Lime Rock,lime-rock,2016-07-23,201607231505_Race,6,70,2,Andrew Davis,55.533,23.158,20.035,12.340,95.5,1:12:41.228,55533,0,0,4
2016,13_Lime Rock,Lime Rock,lime-rock,2016-07-23,201607231505_Race,6,71,2,Andrew Davis,55.644,23.057,20.214,12.373,95.3,1:13:36.872,55644,0,0,4
2016,13_Lime Rock,Lime Rock,lime-rock,2016-07-23,201607231505_Race,6,72,2,Andrew Davis,55.603,22.623,20.691,12.289,95.4,1:14:32.475,55603,0,0,4
2016,13_Lime Rock,Lime Rock,lime-rock,2016-07-23,201607231505_Race,6,73,2,Andrew Davis,54.864,22.452,19.855,12.557,96.7,1:15:27.339,54864,0,0,4
2016,13_Lime Rock,Lime Rock,lime-rock,2016-07-23,201607231505_Race,6,74,2,Andrew Davis,54.779,22.529,19.879,12.371,96.8,1:16:22.118,54779,0,0,4
2016,13_Lime Rock,Lime Rock,lime-rock,2016-07-23,201607231505_Race,6,75,2,Andrew Davis,55.102,22.600,20.051,12.451,96.3,1:17:17.220,55102,0,0,4
2016,13_Lime Rock,Lime Rock,lime-rock,2016-07-23,201607231505_Race,6,76,2,Andrew Davis,54.804,22.583,19.829,12.392,96.8,1:18:12.024,54804,0,0,4
2016,13_Lime Rock,Lime Rock,lime-rock,2016-07-23,201607231505_Race,6,77,2,Andrew Davis,55.119,22.943,19.757,12.419,96.2,1:19:07.143,55119,0,0,4
2016,13_Lime Rock,Lime Rock,lime-rock,2016-07-23,201607231505_Race,6,78,2,Andrew Davis,55.523,23.074,19.986,12.463,95.5,1:20:02.666,55523,0,0,4
2016,13_Lime Rock,Lime Rock,lime-rock,2016-07-23,201607231505_Race,6,79,2,Andrew Davis,56.153,23.667,20.116,12.370,94.5,1:20:58.819,56153,0,0,4
2016,13_Lime Rock,Lime Rock,lime-rock,2016-07-23,201607231505_Race,6,80,2,Andrew Davis,55.324,22.606,20.057,12.661,95.9,1:21:54.143,55324,0,0,4
2016,13_Lime Rock,Lime Rock,lime-rock,2016-07-23,201607231505_Race,6,81,2,Andrew Davis,54.672,22.539,19.792,12.341,97.0,1:22:48.815,54672,0,0,4
2016,13_Lime Rock,Lime Rock,lime-rock,2016-07-23,201607231505_Race,6,82,2,Andrew Davis,54.691,22.550,19.722,12.419,96.9,1:23:43.506,54691,0,0,4
2016,13_Lime Rock,Lime Rock,lime-rock,2016-07-23,201607231505_Race,6,83,2,Andrew Davis,55.094,22.545,20.158,12.391,96.3,1:24:38.600,55094,0,0,4
2016,13_Lime Rock,Lime Rock,lime-rock,2016-07-23,201607231505_Race,6,84,2,Andrew Davis,54.706,22.491,19.803,12.412,96.9,1:25:33.306,54706,0,0,4
2016,13_Lime Rock,Lime Rock,lime-rock,2016-07-23,201607231505_Race,6,85,2,Andrew Davis,54.508,22.403,19.774,12.331,97.3,1:26:27.814,54508,0,0,4
2016,13_Lime Rock,Lime Rock,lime-rock,2016-07-23,201607231505_Race,6,86,2,Andrew Davis,55.013,22.537,20.074,12.402,96.4,1:27:22.827,55013,0,0,4
2016,13_Lime Rock,Lime Rock,lime-rock,2016-07-23,201607231505_Race,6,87,2,Andrew Davis,54.816,22.582,19.809,12.425,96.8,1:28:17.643,54816,0,0,4
2016,13_Lime Rock,Lime Rock,lime-rock,2016-07-23,201607231505_Race,6,88,2,Andrew Davis,1:00.343,22.502,20.367,17.474,87.9,1:29:17.986,60343,0,0,4
2016,13_Lime Rock,Lime Rock,lime-rock,2016-07-23,201607231505_Race,6,89,2,Andrew Davis,1:10.125,25.119,22.949,22.057,75.6,1:30:28.111,70125,0,0,4
2016,13_Lime Rock,Lime Rock,lime-rock,2016-07-23,201607231505_Race,6,90,2,Andrew Davis,1:09.455,26.391,24.367,18.697,76.4,1:31:37.566,69455,0,0,4
2016,13_Lime Rock,Lime Rock,lime-rock,2016-07-23,201607231505_Race,6,91,2,Andrew Davis,1:17.079,25.577,24.267,27.235,68.8,1:32:54.645,77079,0,0,4
2016,13_Lime Rock,Lime Rock,lime-rock,2016-07-23,201607231505_Race,6,92,2,Andrew Davis,1:30.097,34.368,31.612,24.117,58.9,1:34:24.742,90097,0,0,4
2016,13_Lime Rock,Lime Rock,lime-rock,2016-07-23,201607231505_Race,6,93,2,Andrew Davis,2:16.827,33.719,32.120,1:10.988,38.7,1:36:41.569,136827,0,1,4
2016,13_Lime Rock,Lime Rock,lime-rock,2016-07-23,201607231505_Race,6,94,1,Robin Liddell,1:13.598,33.666,24.175,15.757,72.0,1:37:55.167,73598,0,0,4
2016,13_Lime Rock,Lime Rock,lime-rock,2016-07-23,201607231505_Race,6,95,1,Robin Liddell,1:31.279,29.863,33.095,28.321,58.1,1:39:26.446,91279,0,0,4
2016,13_Lime Rock,Lime Rock,lime-rock,2016-07-23,201607231505_Race,6,96,1,Robin Liddell,1:32.261,39.305,38.763,14.193,57.5,1:40:58.707,92261,0,0,4
2016,13_Lime Rock,Lime Rock,lime-rock,2016-07-23,201607231505_Race,6,97,1,Robin Liddell,54.600,22.652,19.604,12.344,97.1,1:41:53.307,54600,0,0,4
2016,13_Lime Rock,Lime Rock,lime-rock,2016-07-23,201607231505_Race,6,98,1,Robin Liddell,54.063,22.244,19.539,12.280,98.1,1:42:47.370,54063,0,0,4
2016,13_Lime Rock,Lime Rock,lime-rock,2016-07-23,201607231505_Race,6,99,1,Robin Liddell,54.759,22.221,19.872,12.666,96.9,1:43:42.129,54759,0,0,4
2016,13_Lime Rock,Lime Rock,lime-rock,2016-07-23,201607231505_Race,6,100,1,Robin Liddell,53.802,22.044,19.445,12.313,98.6,1:44:35.931,53802,0,0,4
2016,13_Lime Rock,Lime Rock,lime-rock,2016-07-23,201607231505_Race,6,101,1,Robin Liddell,55.425,22.719,19.796,12.910,95.7,1:45:31.356,55425,0,0,4
2016,13_Lime Rock,Lime Rock,lime-rock,2016-07-23,201607231505_Race,6,102,1,Robin Liddell,54.350,22.119,19.496,12.735,97.6,1:46:25.706,54350,0,0,4
2016,13_Lime Rock,Lime Rock,lime-rock,2016-07-23,201607231505_Race,6,103,1,Robin Liddell,54.343,22.687,19.438,12.218,97.6,1:47:20.049,54343,0,0,4
2016,13_Lime Rock,Lime Rock,lime-rock,2016-07-23,201607231505_Race,6,104,1,Robin Liddell,53.833,22.191,19.436,12.206,98.5,1:48:13.882,53833,0,0,4
2016,13_Lime Rock,Lime Rock,lime-rock,2016-07-23,201607231505_Race,6,105,1,Robin Liddell,53.788,22.203,19.414,12.171,98.6,1:49:07.670,53788,0,0,4
2016,13_Lime Rock,Lime Rock,lime-rock,2016-07-23,201607231505_Race,6,106,1,Robin Liddell,53.877,22.252,19.345,12.280,98.4,1:50:01.547,53877,0,0,4
2016,13_Lime Rock,Lime Rock,lime-rock,2016-07-23,201607231505_Race,6,107,1,Robin Liddell,53.930,22.307,19.420,12.203,98.4,1:50:55.477,53930,0,0,4
2016,13_Lime Rock,Lime Rock,lime-rock,2016-07-23,201607231505_Race,6,108,1,Robin Liddell,54.624,22.641,19.738,12.245,97.1,1:51:50.101,54624,0,0,4
2016,13_Lime Rock,Lime Rock,lime-rock,2016-07-23,201607231505_Race,6,109,1,Robin Liddell,53.836,22.191,19.336,12.309,98.5,1:52:43.937,53836,0,0,4
2016,13_Lime Rock,Lime Rock,lime-rock,2016-07-23,201607231505_Race,6,110,1,Robin Liddell,54.072,22.291,19.431,12.350,98.1,1:53:38.009,54072,0,0,4
2016,13_Lime Rock,Lime Rock,lime-rock,2016-07-23,201607231505_Race,6,111,1,Robin Liddell,54.206,22.436,19.550,12.220,97.8,1:54:32.215,54206,0,0,4
2016,13_Lime Rock,Lime Rock,lime-rock,2016-07-23,201607231505_Race,6,112,1,Robin Liddell,54.709,22.528,19.861,12.320,96.9,1:55:26.924,54709,0,0,4
2016,13_Lime Rock,Lime Rock,lime-rock,2016-07-23,201607231505_Race,6,113,1,Robin Liddell,54.621,22.493,19.773,12.355,97.1,1:56:21.545,54621,0,0,4
2016,13_Lime Rock,Lime Rock,lime-rock,2016-07-23,201607231505_Race,6,114,1,Robin Liddell,54.799,22.627,19.825,12.347,96.8,1:57:16.344,54799,0,0,4
2016,13_Lime Rock,Lime Rock,lime-rock,2016-07-23,201607231505_Race,6,115,1,Robin Liddell,54.960,22.807,19.713,12.440,96.5,1:58:11.304,54960,0,0,4
2016,13_Lime Rock,Lime Rock,lime-rock,2016-07-23,201607231505_Race,6,116,1,Robin Liddell,55.319,22.815,19.992,12.512,95.9,1:59:06.623,55319,0,0,4
2016,13_Lime Rock,Lime Rock,lime-rock,2016-07-23,201607231505_Race,6,117,1,Robin Liddell,55.643,23.054,20.141,12.448,95.3,2:00:02.266,55643,0,0,4
2016,13_Lime Rock,Lime Rock,lime-rock,2016-07-23,201607231505_Race,6,118,1,Robin Liddell,55.873,23.059,20.212,12.602,94.9,2:00:58.139,55873,0,0,4
2016,13_Lime Rock,Lime Rock,lime-rock,2016-07-23,201607231505_Race,6,119,1,Robin Liddell,55.946,22.894,20.739,12.313,94.8,2:01:54.085,55946,0,0,4
2016,13_Lime Rock,Lime Rock,lime-rock,2016-07-23,201607231505_Race,6,120,1,Robin Liddell,55.094,23.062,19.686,12.346,96.3,2:02:49.179,55094,0,0,4
2016,13_Lime Rock,Lime Rock,lime-rock,2016-07-23,201607231505_Race,6,121,1,Robin Liddell,57.745,23.350,21.972,12.423,91.9,2:03:46.924,57745,0,0,4
2016,13_Lime Rock,Lime Rock,lime-rock,2016-07-23,201607231505_Race,6,122,1,Robin Liddell,54.403,22.476,19.585,12.342,97.5,2:04:41.327,54403,0,0,4
2016,13_Lime Rock,Lime Rock,lime-rock,2016-07-23,201607231505_Race,6,123,1,Robin Liddell,55.695,22.651,20.249,12.795,95.2,2:05:37.022,55695,0,0,4
2016,13_Lime Rock,Lime Rock,lime-rock,2016-07-23,201607231505_Race,6,124,1,Robin Liddell,56.449,22.809,20.518,13.122,94.0,2:06:33.471,56449,0,0,4
2016,13_Lime Rock,Lime Rock,lime-rock,2016-07-23,201607231505_Race,6,125,1,Robin Liddell,54.818,22.660,19.740,12.418,96.8,2:07:28.289,54818,0,0,4
2016,13_Lime Rock,Lime Rock,lime-rock,2016-07-23,201607231505_Race,6,126,1,Robin Liddell,55.202,22.927,19.820,12.455,96.1,2:08:23.491,55202,0,0,4
2016,13_Lime Rock,Lime Rock,lime-rock,2016-07-23,201607231505_Race,6,127,1,Robin Liddell,55.289,22.965,19.923,12.401,96.0,2:09:18.780,55289,0,0,4
2016,13_Lime Rock,Lime Rock,lime-rock,2016-07-23,201607231505_Race,6,128,1,Robin Liddell,55.163,22.922,19.793,12.448,96.1,2:10:13.943,55163,0,0,5
2016,13_Lime Rock,Lime Rock,lime-rock,2016-07-23,201607231505_Race,6,129,1,Robin Liddell,55.296,22.980,19.951,12.365,95.9,2:11:09.239,55296,0,0,5
2016,13_Lime Rock,Lime Rock,lime-rock,2016-07-23,201607231505_Race,6,130,1,Robin Liddell,55.343,22.991,19.931,12.421,95.8,2:12:04.582,55343,0,0,5
2016,13_Lime Rock,Lime Rock,lime-rock,2016-07-23,201607231505_Race,6,131,1,Robin Liddell,57.171,23.516,20.705,12.950,92.8,2:13:01.753,57171,0,0,5
2016,13_Lime Rock,Lime Rock,lime-rock,2016-07-23,201607231505_Race,6,132,1,Robin Liddell,55.456,22.863,19.761,12.832,95.6,2:13:57.209,55456,0,0,5
2016,13_Lime Rock,Lime Rock,lime-rock,2016-07-23,201607231505_Race,6,133,1,Robin Liddell,56.070,23.030,20.277,12.763,94.6,2:14:53.279,56070,0,0,5
2016,13_Lime Rock,Lime Rock,lime-rock,2016-07-23,201607231505_Race,6,134,1,Robin Liddell,55.851,23.234,20.227,12.390,95.0,2:15:49.130,55851,0,0,5
2016,13_Lime Rock,Lime Rock,lime-rock,2016-07-23,201607231505_Race,6,135,1,Robin Liddell,55.759,23.209,20.143,12.407,95.1,2:16:44.889,55759,0,0,5
2016,13_Lime Rock,Lime Rock,lime-rock,2016-07-23,201607231505_Race,6,136,1,Robin Liddell,55.535,22.875,20.076,12.584,95.5,2:17:40.424,55535,0,0,5
2016,13_Lime Rock,Lime Rock,lime-rock,2016-07-23,201607231505_Race,6,137,1,Robin Liddell,55.480,23.184,19.890,12.406,95.6,2:18:35.904,55480,0,0,5
2016,13_Lime Rock,Lime Rock,lime-rock,2016-07-23,201607231505_Race,6,138,1,Robin Liddell,55.644,22.750,20.280,12.614,95.3,2:19:31.548,55644,0,0,5
2016,13_Lime Rock,Lime Rock,lime-rock,2016-07-23,201607231505_Race,6,139,1,Robin Liddell,54.161,22.227,19.567,12.367,97.9,2:20:25.709,54161,0,0,5
2016,13_Lime Rock,Lime Rock,lime-rock,2016-07-23,201607231505_Race,6,140,1,Robin Liddell,54.171,22.224,19.486,12.461,97.9,2:21:19.880,54171,0,0,5
2016,13_Lime Rock,Lime Rock,lime-rock,2016-07-23,201607231505_Race,6,141,1,Robin Liddell,55.888,23.040,20.518,12.330,94.9,2:22:15.768,55888,0,0,5
2016,13_Lime Rock,Lime Rock,lime-rock,2016-07-23,201607231505_Race,6,142,1,Robin Liddell,54.307,22.386,19.497,12.424,97.7,2:23:10.075,54307,0,0,5
2016,13_Lime Rock,Lime Rock,lime-rock,2016-07-23,201607231505_Race,6,143,1,Robin Liddell,54.206,22.425,19.495,12.286,97.8,2:24:04.281,54206,0,0,5
2016,13_Lime Rock,Lime Rock,lime-rock,2016-07-23,201607231505_Race,6,144,1,Robin Liddell,55.005,22.385,20.044,12.576,96.4,2:24:59.286,55005,0,0,5
2016,13_Lime Rock,Lime Rock,lime-rock,2016-07-23,201607231505_Race,6,145,1,Robin Liddell,54.267,22.305,19.602,12.360,97.8,2:25:53.553,54267,0,0,5
2016,13_Lime Rock,Lime Rock,lime-rock,2016-07-23,201607231505_Race,6,146,1,Robin Liddell,55.146,22.597,20.174,12.375,96.2,2:26:48.699,55146,0,0,5
2016,13_Lime Rock,Lime Rock,lime-rock,2016-07-23,201607231505_Race,6,147,1,Robin Liddell,54.423,22.328,19.698,12.397,97.4,2:27:43.122,54423,0,0,5
2016,13_Lime Rock,Lime Rock,lime-rock,2016-07-23,201607231505_Race,6,148,1,Robin Liddell,56.579,23.800,20.101,12.678,93.7,2:28:39.701,56579,0,0,5
2016,13_Lime Rock,Lime Rock,lime-rock,2016-07-23,201607231505_Race,6,149,1,Robin Liddell,54.671,22.614,19.706,12.351,97.0,2:29:34.372,54671,0,0,5
2016,13_Lime Rock,Lime Rock,lime-rock,2016-07-23,201607231505_Race,6,150,1,Robin Liddell,54.655,22.734,19.622,12.299,97.0,2:30:29.027,54655,0,0,5
2016,13_Lime Rock,Lime Rock,lime-rock,2016-07-23,201607231505_Race,6,151,1,Robin Liddell,55.076,23.030,19.730,12.316,96.3,2:31:24.103,55076,0,0,5
2016,13_Lime Rock,Lime Rock,lime-rock,2016-07-23,201607231505_Race,6,152,1,Robin Liddell,54.700,22.528,19.797,12.375,96.9,2:32:18.803,54700,0,0,5
2016,13_Lime Rock,Lime Rock,lime-rock,2016-07-23,201607231505_Race,6,153,1,Robin Liddell,54.505,22.513,19.628,12.364,97.3,2:33:13.308,54505,0,0,5
2016,13_Lime Rock,Lime Rock,lime-rock,2016-07-23,201607231505_Race,6,154,1,Robin Liddell,54.710,22.526,19.832,12.352,96.9,2:34:08.018,54710,0,0,5
2016,13_Lime Rock,Lime Rock,lime-rock,2016-07-23,201607231505_Race,6,155,1,Robin Liddell,54.487,22.468,19.681,12.338,97.3,2:35:02.505,54487,0,0,5
2016,13_Lime Rock,Lime Rock,lime-rock,2016-07-23,201607231505_Race,6,156,1,Robin Liddell,54.543,22.650,19.583,12.310,97.3,2:35:57.048,54543,0,0,5
2016,13_Lime Rock,Lime Rock,lime-rock,2016-07-23,201607231505_Race,6,157,1,Robin Liddell,54.775,22.450,19.894,12.431,96.8,2:36:51.823,54775,0,0,5
2016,13_Lime Rock,Lime Rock,lime-rock,2016-07-23,201607231505_Race,6,158,1,Robin Liddell,54.781,22.654,19.749,12.378,96.8,2:37:46.604,54781,0,0,5
2016,13_Lime Rock,Lime Rock,lime-rock,2016-07-23,201607231505_Race,6,159,1,Robin Liddell,55.139,22.796,19.922,12.421,96.2,2:38:41.743,55139,0,0,5
2016,13_Lime Rock,Lime Rock,lime-rock,2016-07-23,201607231505_Race,6,160,1,Robin Liddell,55.070,22.646,19.868,12.556,96.3,2:39:36.813,55070,0,0,5
2016,13_Lime Rock,Lime Rock,lime-rock,2016-07-23,201607231505_Race,6,161,1,Robin Liddell,54.687,22.695,19.693,12.299,97.0,2:40:31.500,54687,0,0,5
2016,13_Lime Rock,Lime Rock,lime-rock,2016-07-23,201607231505_Race,6,162,1,Robin Liddell,54.553,22.426,19.719,12.408,97.2,2:41:26.053,54553,0,0,5
2016,13_Lime Rock,Lime Rock,lime-rock,2016-07-23,201607231505_Race,7,1,1,Jose Gutierrez,1:20.078,30.135,30.479,19.464,66.2,1:20.078,,,0,5
2016,13_Lime Rock,Lime Rock,lime-rock,2016-07-23,201607231505_Race,7,2,1,Jose Gutierrez,1:16.116,28.230,27.334,20.552,69.7,2:36.194,76116,0,0,5
2016,13_Lime Rock,Lime Rock,lime-rock,2016-07-23,201607231505_Race,7,3,1,Jose Gutierrez,53.596,22.899,19.241,11.456,98.9,3:29.790,53596,0,0,5
2016,13_Lime Rock,Lime Rock,lime-rock,2016-07-23,201607231505_Race,7,4,1,Jose Gutierrez,51.472,21.467,18.713,11.292,103.0,4:21.262,51472,0,0,5
2016,13_Lime Rock,Lime Rock,lime-rock,2016-07-23,201607231505_Race,7,5,1,Jose Gutierrez,50.826,21.152,18.457,11.217,104.3,5:12.088,50826,0,0,5
2016,13_Lime Rock,Lime Rock,lime-rock,2016-07-23,201607231505_Race,7,6,1,Jose Gutierrez,50.954,21.111,18.641,11.202,104.1,6:03.042,50954,0,0,5
2016,13_Lime Rock,Lime Rock,lime-rock,2016-07-23,201607231505_Race,7,7,1,Jose Gutierrez,1:22.563,22.179,29.751,30.633,64.2,7:25.605,82563,0,0,5
2016,13_Lime Rock,Lime Rock,lime-rock,2016-07-23,201607231505_Race,7,8,1,Jose Gutierrez,1:33.232,35.242,32.367,25.623,56.9,8:58.837,93232,0,0,5
2016,13_Lime Rock,Lime Rock,lime-rock,2016-07-23,201607231505_Race,7,9,1,Jose Gutierrez,1:33.546,34.712,32.429,26.405,56.7,10:32.383,93546,0,0,5
2016,13_Lime Rock,Lime Rock,lime-rock,2016-07-23,201607231505_Race,7,10,1,Jose Gutierrez,1:31.408,35.314,29.541,26.553,58.0,12:03.791,91408,0,0,5
2016,13_Lime Rock,Lime Rock,lime-rock,2016-07-23,201607231505_Race,7,11,1,Jose Gutierrez,1:28.791,33.399,29.601,25.791,59.7,13:32.582,88791,0,0,5
2016,13_Lime Rock,Lime Rock,lime-rock,2016-07-23,201607231505_Race,7,12,1,Jose Gutierrez,1:30.683,34.740,31.242,24.701,58.5,15:03.265,90683,0,0,5
2016,13_Lime Rock,Lime Rock,lime-rock,2016-07-23,201607231505_Race,7,13,1,Jose Gutierrez,1:21.894,32.671,32.986,16.237,64.8,16:25.159,81894,0,0,5
2016,13_Lime Rock,Lime Rock,lime-rock,2016-07-23,201607231505_Race,7,14,1,Jose Gutierrez,51.511,21.568,18.710,11.233,103.0,17:16.670,51511,0,0,5
2016,13_Lime Rock,Lime Rock,lime-rock,2016-07-23,201607231505_Race,7,15,1,Jose Gutierrez,50.829,21.009,18.582,11.238,104.3,18:07.499,50829,0,0,5
2016,13_Lime Rock,Lime Rock,lime-rock,2016-07-23,201607231505_Race,7,16,1,Jose Gutierrez,50.423,20.951,18.379,11.093,105.2,18:57.922,50423,0,0,5
2016,13_Lime Rock,Lime Rock,lime-rock,2016-07-23,201607231505_Race,7,17,1,Jose Gutierrez,50.315,20.838,18.366,11.111,105.4,19:48.237,50315,0,0,5
2016,13_Lime Rock,Lime Rock,lime-rock,2016-07-23,201607231505_Race,7,18,1,Jose Gutierrez,51.102,20.973,18.462,11.667,103.8,20:39.339,51102,0,0,5
2016,13_Lime Rock,Lime Rock,lime-rock,2016-07-23,201607231505_Race,7,19,1,Jose Gutierrez,51.606,21.757,18.711,11.138,102.8,21:30.945,51606,0,0,5
2016,13_Lime Rock,Lime Rock,lime-rock,2016-07-23,201607231505_Race,7,20,1,Jose Gutierrez,50.061,20.684,18.259,11.118,106.0,22:21.006,50061,0,0,5
2016,13_Lime Rock,Lime Rock,lime-rock,2016-07-23,201607231505_Race,7,21,1,Jose Gutierrez,50.324,20.778,18.462,11.084,105.4,23:11.330,50324,0,0,5
2016,13_Lime Rock,Lime Rock,lime-rock,2016-07-23,201607231505_Race,7,22,1,Jose Gutierrez,52.034,21.093,18.580,12.361,101.9,24:03.364,52034,0,0,5
2016,13_Lime Rock,Lime Rock,lime-rock,2016-07-23,201607231505_Race,7,23,1,Jose Gutierrez,50.703,21.147,18.479,11.077,104.6,24:54.067,50703,0,0,5
2016,13_Lime Rock,Lime Rock,lime-rock,2016-07-23,201607231505_Race,7,24,1,Jose Gutierrez,51.488,20.978,19.090,11.420,103.0,25:45.555,51488,0,0,5
2016,13_Lime Rock,Lime Rock,lime-rock,2016-07-23,201607231505_Race,7,25,1,Jose Gutierrez,53.084,21.589,20.079,11.416,99.9,26:38.639,53084,0,0,5
2016,13_Lime Rock,Lime Rock,lime-rock,2016-07-23,201607231505_Race,7,26,1,Jose Gutierrez,52.904,21.937,18.840,12.127,100.2,27:31.543,52904,0,0,5
2016,13_Lime Rock,Lime Rock,lime-rock,2016-07-23,201607231505_Race,7,27,1,Jose Gutierrez,54.582,21.629,19.553,13.400,97.2,28:26.125,54582,0,0,5
2016,13_Lime Rock,Lime Rock,lime-rock,2016-07-23,201607231505_Race,7,28,1,Jose Gutierrez,1:07.206,24.059,24.468,18.679,78.9,29:33.331,67206,0,0,5
2016,13_Lime Rock,Lime Rock,lime-rock,2016-07-23,201607231505_Race,7,29,1,Jose Gutierrez,1:30.492,33.413,32.549,24.530,58.6,31:03.823,90492,0,0,5
2016,13_Lime Rock,Lime Rock,lime-rock,2016-07-23,201607231505_Race,7,30,1,Jose Gutierrez,1:27.702,34.324,30.970,22.408,60.5,32:31.525,87702,0,0,5
2016,13_Lime Rock,Lime Rock,lime-rock,2016-07-23,201607231505_Race,7,31,1,Jose Gutierrez,1:26.394,35.036,32.952,18.406,61.3,33:57.919,86394,0,0,5
2016,13_Lime Rock,Lime Rock,lime-rock,2016-07-23,201607231505_Race,7,32,1,Jose Gutierrez,51.583,21.722,18.664,11.197,102.8,34:49.502,51583,0,0,5
2016,13_Lime Rock,Lime Rock,lime-rock,2016-07-23,201607231505_Race,7,33,1,Jose Gutierrez,50.997,21.060,18.786,11.151,104.0,35:40.499,50997,0,0,5
2016,13_Lime Rock,Lime Rock,lime-rock,2016-07-23,201607231505_Race,7,34,1,Jose Gutierrez,50.732,20.938,18.516,11.278,104.5,36:31.231,50732,0,0,5
2016,13_Lime Rock,Lime Rock,lime-rock,2016-07-23,201607231505_Race,7,35,1,Jose Gutierrez,50.397,20.925,18.295,11.177,105.3,37:21.628,50397,0,0,5
2016,13_Lime Rock,Lime Rock,lime-rock,2016-07-23,201607231505_Race,7,36,1,Jose Gutierrez,50.623,20.934,18.513,11.176,104.8,38:12.251,50623,0,0,5
2016,13_Lime Rock,Lime Rock,lime-rock,2016-07-23,201607231505_Race,7,37,1,Jose Gutierrez,50.501,21.019,18.329,11.153,105.0,39:02.752,50501,0,0,5
2016,13_Lime Rock,Lime Rock,lime-rock,2016-07-23,201607231505_Race,7,38,1,Jose Gutierrez,50.717,21.054,18.460,11.203,104.6,39:53.469,50717,0,0,5
2016,13_Lime Rock,Lime Rock,lime-rock,2016-07-23,201607231505_Race,7,39,1,Jose Gutierrez,50.620,21.047,18.498,11.075,104.8,40:44.089,50620,0,0,5
2016,13_Lime Rock,Lime Rock,lime-rock,2016-07-23,201607231505_Race,7,40,1,Jose Gutierrez,51.688,21.188,18.964,11.536,102.6,41:35.777,51688,0,0,5
2016,13_Lime Rock,Lime Rock,lime-rock,2016-07-23,201607231505_Race,7,41,1,Jose Gutierrez,54.389,21.921,20.481,11.987,97.5,42:30.166,54389,0,0,5
2016,13_Lime Rock,Lime Rock,lime-rock,2016-07-23,201607231505_Race,7,42,1,Jose Gutierrez,54.786,22.460,20.292,12.034,96.8,43:24.952,54786,0,0,5
2016,13_Lime Rock,Lime Rock,lime-rock,2016-07-23,201607231505_Race,7,43,1,Jose Gutierrez,55.234,22.693,20.144,12.397,96.0,44:20.186,55234,0,0,5
2016,13_Lime Rock,Lime Rock,lime-rock,2016-07-23,201607231505_Race,7,44,1,Jose Gutierrez,1:18.389,25.939,29.859,22.591,67.6,45:38.575,78389,0,0,5
2016,13_Lime Rock,Lime Rock,lime-rock,2016-07-23,201607231505_Race,7,45,1,Jose Gutierrez,1:29.263,32.024,33.653,23.586,59.4,47:07.838,89263,0,0,5
2016,13_Lime Rock,Lime Rock,lime-rock,2016-07-23,201607231505_Race,7,46,1,Jose Gutierrez,1:44.314,37.725,37.373,29.216,50.8,48:52.152,104314,0,0,5
2016,13_Lime Rock,Lime Rock,lime-rock,2016-07-23,201607231505_Race,7,47,1,Jose Gutierrez,1:37.117,39.864,39.816,17.437,54.6,50:29.269,97117,0,0,5
2016,13_Lime Rock,Lime Rock,lime-rock,2016-07-23,201607231505_Race,7,48,1,Jose Gutierrez,1:49.037,23.234,29.594,56.209,48.6,52:18.306,109037,0,1,5
2016,13_Lime Rock,Lime Rock,lime-rock,2016-07-23,201607231505_Race,7,49,1,Jose Gutierrez,1:00.659,30.028,19.118,11.513,87.4,53:18.965,60659,0,0,5
2016,13_Lime Rock,Lime Rock,lime-rock,2016-07-23,201607231505_Race,7,50,1,Jose Gutierrez,52.253,21.285,19.049,11.919,101.5,54:11.218,52253,0,0,5
2016,13_Lime Rock,Lime Rock,lime-rock,2016-07-23,201607231505_Race,7,51,1,Jose Gutierrez,53.185,22.478,19.024,11.683,99.7,55:04.403,53185,0,0,5
2016,13_Lime Rock,Lime Rock,lime-rock,2016-07-23,201607231505_Race,7,52,1,Jose Gutierrez,51.426,21.279,18.811,11.336,103.2,55:55.829,51426,0,0,5
2016,13_Lime Rock,Lime Rock,lime-rock,2016-07-23,201607231505_Race,7,53,1,Jose Gutierrez,51.352,21.165,18.755,11.432,103.3,56:47.181,51352,0,0,5
2016,13_Lime Rock,Lime Rock,lime-rock,2016-07-23,201607231505_Race,7,54,1,Jose Gutierrez,51.269,21.254,18.584,11.431,103.5,57:38.450,51269,0,0,5
2016,13_Lime Rock,Lime Rock,lime-rock,2016-07-23,201607231505_Race,7,55,1,Jose Gutierrez,51.318,21.296,18.723,11.299,103.3,58:29.768,51318,0,0,5
2016,13_Lime Rock,Lime Rock,lime-rock,2016-07-23,201607231505_Race,7,56,1,Jose Gutierrez,51.110,21.226,18.516,11.368,103.8,59:20.878,51110,0,0,5
2016,13_Lime Rock,Lime Rock,lime-rock,2016-07-23,201607231505_Race,7,57,1,Jose Gutierrez,53.482,21.685,19.526,12.271,99.2,1:00:14.360,53482,0,0,5
2016,13_Lime Rock,Lime Rock,lime-rock,2016-07-23,201607231505_Race,7,58,1,Jose Gutierrez,53.186,21.587,19.530,12.069,99.7,1:01:07.546,53186,0,0,5
2016,13_Lime Rock,Lime Rock,lime-rock,2016-07-23,201607231505_Race,7,59,1,Jose Gutierrez,51.457,21.428,18.675,11.354,103.1,1:01:59.003,51457,0,0,5
2016,13_Lime Rock,Lime Rock,lime-rock,2016-07-23,201607231505_Race,7,60,1,Jose Gutierrez,51.717,21.505,18.667,11.545,102.5,1:02:50.720,51717,0,0,5
2016,13_Lime Rock,Lime Rock,lime-rock,2016-07-23,201607231505_Race,7,61,1,Jose Gutierrez,52.409,22.068,18.713,11.628,101.2,1:03:43.129,52409,0,0,5
2016,13_Lime Rock,Lime Rock,lime-rock,2016-07-23,201607231505_Race,7,62,1,Jose Gutierrez,53.975,22.375,19.367,12.233,98.3,1:04:37.104,53975,0,0,5
2016,13_Lime Rock,Lime Rock,lime-rock,2016-07-23,201607231505_Race,7,63,1,Jose Gutierrez,54.188,22.484,20.011,11.693,97.9,1:05:31.292,54188,0,0,5
2016,13_Lime Rock,Lime Rock,lime-rock,2016-07-23,201607231505_Race,7,64,1,Jose Gutierrez,55.995,22.967,21.076,11.952,94.7,1:06:27.287,55995,0,0,5
2016,13_Lime Rock,Lime Rock,lime-rock,2016-07-23,201607231505_Race,7,65,1,Jose Gutierrez,54.037,23.228,19.373,11.436,98.1,1:07:21.324,54037,0,0,5
2016,13_Lime Rock,Lime Rock,lime-rock,2016-07-23,201607231505_Race,7,66,1,Jose Gutierrez,52.104,21.580,18.988,11.536,101.8,1:08:13.428,52104,0,0,5
2016,13_Lime Rock,Lime Rock,lime-rock,2016-07-23,201607231505_Race,7,67,1,Jose Gutierrez,54.913,22.613,20.250,12.050,96.6,1:09:08.341,54913,0,0,5
2016,13_Lime Rock,Lime Rock,lime-rock,2016-07-23,201607231505_Race,7,68,1,Jose Gutierrez,56.206,23.318,20.264,12.624,94.3,1:10:04.547,56206,0,0,5
2016,13_Lime Rock,Lime Rock,lime-rock,2016-07-23,201607231505_Race,7,69,1,Jose Gutierrez,52.755,21.909,19.412,11.434,100.5,1:10:57.302,52755,0,0,5
2016,13_Lime Rock,Lime Rock,lime-rock,2016-07-23,201607231505_Race,7,70,1,Jose Gutierrez,51.886,21.430,18.895,11.561,102.2,1:11:49.188,51886,0,0,5
2016,13_Lime Rock,Lime Rock,lime-rock,2016-07-23,201607231505_Race,7,71,1,Jose Gutierrez,54.761,22.360,20.328,12.073,96.8,1:12:43.949,54761,0,0,5
2016,13_Lime Rock,Lime Rock,lime-rock,2016-07-23,201607231505_Race,7,72,1,Jose Gutierrez,53.546,21.772,19.539,12.235,99.1,1:13:37.495,53546,0,0,5
2016,13_Lime Rock,Lime Rock,lime-rock,2016-07-23,201607231505_Race,7,73,1,Jose Gutierrez,53.244,22.172,19.546,11.526,99.6,1:14:30.739,53244,0,0,5
2016,13_Lime Rock,Lime Rock,lime-rock,2016-07-23,201607231505_Race,7,74,1,Jose Gutierrez,52.205,21.842,18.944,11.419,101.6,1:15:22.944,52205,0,0,5
2016,13_Lime Rock,Lime Rock,lime-rock,2016-07-23,201607231505_Race,7,75,1,Jose Gutierrez,53.188,21.558,19.343,12.287,99.7,1:16:16.132,53188,0,0,5
2016,13_Lime Rock,Lime Rock,lime-rock,2016-07-23,201607231505_Race,7,76,1,Jose Gutierrez,53.118,21.625,19.624,11.869,99.9,1:17:09.250,53118,0,0,5
2016,13_Lime Rock,Lime Rock,lime-rock,2016-07-23,201607231505_Race,7,77,1,Jose Gutierrez,53.209,22.355,19.248,11.606,99.7,1:18:02.459,53209,0,0,5
2016,13_Lime Rock,Lime Rock,lime-rock,2016-07-23,201607231505_Race,7,78,1,Jose Gutierrez,53.118,21.605,20.020,11.493,99.9,1:18:55.577,53118,0,0,5
2016,13_Lime Rock,Lime Rock,lime-rock,2016-07-23,201607231505_Race,7,79,1,Jose Gutierrez,52.319,21.923,18.954,11.442,101.4,1:19:47.896,52319,0,0,5
2016,13_Lime Rock,Lime Rock,lime-rock,2016-07-23,201607231505_Race,7,80,1,Jose Gutierrez,53.326,22.349,19.019,11.958,99.4,1:20:41.222,53326,0,0,6
2016,13_Lime Rock,Lime Rock,lime-rock,2016-07-23,201607231505_Race,7,81,1,Jose Gutierrez,54.391,22.715,19.393,12.283,97.5,1:21:35.613,54391,0,0,6
2016,13_Lime Rock,Lime Rock,lime-rock,2016-07-23,201607231505_Race,7,82,1,Jose Gutierrez,53.178,22.252,19.245,11.681,99.7,1:22:28.791,53178,0,0,6
2016,13_Lime Rock,Lime Rock,lime-rock,2016-07-23,201607231505_Race,7,83,1,Jose Gutierrez,52.417,21.811,19.071,11.535,101.2,1:23:21.208,52417,0,0,6
2016,13_Lime Rock,Lime Rock,lime-rock,2016-07-23,201607231505_Race,7,84,1,Jose Gutierrez,53.859,22.732,19.296,11.831,98.5,1:24:15.067,53859,0,0,6
2016,13_Lime Rock,Lime Rock,lime-rock,2016-07-23,201607231505_Race,7,85,1,Jose Gutierrez,52.121,21.524,19.083,11.514,101.7,1:25:07.188,52121,0,0,6
2016,13_Lime Rock,Lime Rock,lime-rock,2016-07-23,201607231505_Race,7,86,1,Jose Gutierrez,55.912,23.071,20.422,12.419,94.8,1:26:03.100,55912,0,0,6
2016,13_Lime Rock,Lime Rock,lime-rock,2016-07-23,201607231505_Race,7,87,1,Jose Gutierrez,52.544,21.647,19.146,11.751,100.9,1:26:55.644,52544,0,0,6
2016,13_Lime Rock,Lime Rock,lime-rock,2016-07-23,201607231505_Race,7,88,1,Jose Gutierrez,54.395,22.415,19.591,12.389,97.5,1:27:50.039,54395,0,0,6
2016,13_Lime Rock,Lime Rock,lime-rock,2016-07-23,201607231505_Race,7,89,1,Jose Gutierrez,57.470,23.309,20.417,13.744,92.3,1:28:47.509,57470,0,0,6
2016,13_Lime Rock,Lime Rock,lime-rock,2016-07-23,201607231505_Race,7,90,1,Jose Gutierrez,58.859,24.089,21.107,13.663,90.1,1:29:46.368,58859,0,0,6
2016,13_Lime Rock,Lime Rock,lime-rock,2016-07-23,201607231505_Race,7,91,1,Jose Gutierrez,1:28.281,24.691,32.471,31.119,60.0,1:31:14.649,88281,0,0,6
2016,13_Lime Rock,Lime Rock,lime-rock,2016-07-23,201607231505_Race,7,92,1,Jose Gutierrez,1:37.708,34.253,33.675,29.780,54.3,1:32:52.357,97708,0,0,6
2016,13_Lime Rock,Lime Rock,lime-rock,2016-07-23,201607231505_Race,7,93,1,Jose Gutierrez,1:31.611,34.513,32.097,25.001,57.9,1:34:23.968,91611,0,0,6
2016,13_Lime Rock,Lime Rock,lime-rock,2016-07-23,201607231505_Race,7,94,1,Jose Gutierrez,1:30.566,33.732,32.287,24.547,58.5,1:35:54.534,90566,0,0,6
2016,13_Lime Rock,Lime Rock,lime-rock,2016-07-23,201607231505_Race,7,95,1,Jose Gutierrez,1:35.503,33.739,35.380,26.384,55.5,1:37:30.037,95503,0,0,6
2016,13_Lime Rock,Lime Rock,lime-rock,2016-07-23,201607231505_Race,7,96,1,Jose Gutierrez,59.203,24.354,20.137,14.712,89.6,1:38:29.240,59203,0,0,6
2016,13_Lime Rock,Lime Rock,lime-rock,2016-07-23,201607231505_Race,7,97,1,Jose Gutierrez,1:05.322,22.664,19.415,23.243,81.2,1:39:34.562,65322,0,0,6
2016,13_Lime Rock,Lime Rock,lime-rock,2016-07-23,201607231505_Race,7,98,1,Jose Gutierrez,3:00.140,36.634,38.138,1:45.368,29.4,1:42:34.702,180140,0,1,6
2016,13_Lime Rock,Lime Rock,lime-rock,2016-07-23,201607231505_Race,7,99,2,Sean Rayhall,3:46.760,31.776,22.864,2:52.120,23.4,1:46:21.462,226760,0,1,6
2016,13_Lime Rock,Lime Rock,lime-rock,2016-07-23,201607231505_Race,7,100,2,Sean Rayhall,4:50.832,33.321,23.455,3:54.056,18.2,1:51:12.294,290832,0,1,6
2016,13_Lime Rock,Lime Rock,lime-rock,2016-07-23,201607231505_Race,8,1,2,Alex Popow,1:20.485,30.584,30.305,19.596,65.9,1:20.485,,,0,6
2016,13_Lime Rock,Lime Rock,lime-rock,2016-07-23,201607231505_Race,8,2,2,Alex Popow,1:15.668,28.793,26.228,20.647,70.1,2:36.153,75668,0,0,6
2016,13_Lime Rock,Lime Rock,lime-rock,2016-07-23,201607231505_Race,8,3,2,Alex Popow,53.225,22.649,19.148,11.428,99.6,3:29.378,53225,0,0,6
2016,13_Lime Rock,Lime Rock,lime-rock,2016-07-23,201607231505_Race,8,4,2,Alex Popow,51.304,21.438,18.618,11.248,103.4,4:20.682,51304,0,0,6
2016,13_Lime Rock,Lime Rock,lime-rock,2016-07-23,201607231505_Race,8,5,2,Alex Popow,50.857,21.248,18.423,11.186,104.3,5:11.539,50857,0,0,6
2016,13_Lime Rock,Lime Rock,lime-rock,2016-07-23,201607231505_Race,8,6,2,Alex Popow,50.852,21.230,18.391,11.231,104.3,6:02.391,50852,0,0,6
2016,13_Lime Rock,Lime Rock,lime-rock,2016-07-23,201607231505_Race,8,7,2,Alex Popow,1:22.606,22.323,29.290,30.993,64.2,7:24.997,82606,0,0,6
2016,13_Lime Rock,Lime Rock,lime-rock,2016-07-23,201607231505_Race,8,8,2,Alex Popow,1:32.764,35.063,32.599,25.102,57.2,8:57.761,92764,0,0,6
2016,13_Lime Rock,Lime Rock,lime-rock,2016-07-23,201607231505_Race,8,9,2,Alex Popow,1:33.505,35.144,32.740,25.621,56.7,10:31.266,93505,0,0,6
2016,13_Lime Rock,Lime Rock,lime-rock,2016-07-23,201607231505_Race,8,10,2,Alex Popow,1:31.418,35.128,30.137,26.153,58.0,12:02.684,91418,0,0,6
2016,13_Lime Rock,Lime Rock,lime-rock,2016-07-23,201607231505_Race,8,11,2,Alex Popow,1:28.861,33.381,29.844,25.636,59.7,13:31.545,88861,0,0,6
2016,13_Lime Rock,Lime Rock,lime-rock,2016-07-23,201607231505_Race,8,12,2,Alex Popow,1:30.565,34.944,31.177,24.444,58.5,15:02.110,90565,0,0,6
2016,13_Lime Rock,Lime Rock,lime-rock,2016-07-23,201607231505_Race,8,13,2,Alex Popow,1:22.681,33.207,33.282,16.192,64.1,16:24.791,82681,0,0,6
2016,13_Lime Rock,Lime Rock,lime-rock,2016-07-23,201607231505_Race,8,14,2,Alex Popow,51.253,21.485,18.535,11.233,103.5,17:16.044,51253,0,0,6
2016,13_Lime Rock,Lime Rock,lime-rock,2016-07-23,201607231505_Race,8,15,2,Alex Popow,51.010,21.161,18.516,11.333,104.0,18:07.054,51010,0,0,6
2016,13_Lime Rock,Lime Rock,lime-rock,2016-07-23,201607231505_Race,8,16,2,Alex Popow,50.329,20.956,18.221,11.152,105.4,18:57.383,50329,0,0,6
2016,13_Lime Rock,Lime Rock,lime-rock,2016-07-23,201607231505_Race,8,17,2,Alex Popow,50.543,20.893,18.288,11.362,105.0,19:47.926,50543,0,0,6
2016,13_Lime Rock,Lime Rock,lime-rock,2016-07-23,201607231505_Race,8,18,2,Alex Popow,51.340,20.875,18.415,12.050,103.3,20:39.266,51340,0,0,6
2016,13_Lime Rock,Lime Rock,lime-rock,2016-07-23,201607231505_Race,8,19,2,Alex Popow,50.838,21.366,18.300,11.172,104.3,21:30.104,50838,0,0,6
2016,13_Lime Rock,Lime Rock,lime-rock,2016-07-23,201607231505_Race,8,20,2,Alex Popow,50.011,20.780,18.229,11.002,106.1,22:20.115,50011,0,0,6
2016,13_Lime Rock,Lime Rock,lime-rock,2016-07-23,201607231505_Race,8,21,2,Alex Popow,50.324,20.874,18.346,11.104,105.4,23:10.439,50324,0,0,6
2016,13_Lime Rock,Lime Rock,lime-rock,2016-07-23,201607231505_Race,8,22,2,Alex Popow,51.794,21.095,18.930,11.769,102.4,24:02.233,51794,0,0,6
2016,13_Lime Rock,Lime Rock,lime-rock,2016-07-23,201607231505_Race,8,23,2,Alex Popow,50.637,21.107,18.391,11.139,104.7,24:52.870,50637,0,0,6
2016,13_Lime Rock,Lime Rock,lime-rock,2016-07-23,201607231505_Race,8,24,2,Alex Popow,52.476,21.395,19.341,11.740,101.0,25:45.346,52476,0,0,6
2016,13_Lime Rock,Lime Rock,lime-rock,2016-07-23,201607231505_Race,8,25,2,Alex Popow,52.716,21.541,19.836,11.339,100.6,26:38.062,52716,0,0,6
2016,13_Lime Rock,Lime Rock,lime-rock,2016-07-23,201607231505_Race,8,26,2,Alex Popow,52.136,22.007,18.762,11.367,101.7,27:30.198,52136,0,0,6
2016,13_Lime Rock,Lime Rock,lime-rock,2016-07-23,201607231505_Race,8,27,2,Alex Popow,54.327,22.167,19.073,13.087,97.6,28:24.525,54327,0,0,6
2016,13_Lime Rock,Lime Rock,lime-rock,2016-07-23,201607231505_Race,8,28,2,Alex Popow,1:08.104,23.962,25.295,18.847,77.9,29:32.629,68104,0,0,6
2016,13_Lime Rock,Lime Rock,lime-rock,2016-07-23,201607231505_Race,8,29,2,Alex Popow,1:30.566,32.888,33.093,24.585,58.5,31:03.195,90566,0,0,6
2016,13_Lime Rock,Lime Rock,lime-rock,2016-07-23,201607231505_Race,8,30,2,Alex Popow,1:27.892,34.352,30.991,22.549,60.3,32:31.087,87892,0,0,6
2016,13_Lime Rock,Lime Rock,lime-rock,2016-07-23,201607231505_Race,8,31,2,Alex Popow,1:26.378,34.779,33.271,18.328,61.4,33:57.465,86378,0,0,6
2016,13_Lime Rock,Lime Rock,lime-rock,2016-07-23,201607231505_Race,8,32,2,Alex Popow,51.261,21.701,18.382,11.178,103.5,34:48.726,51261,0,0,6
2016,13_Lime Rock,Lime Rock,lime-rock,2016-07-23,201607231505_Race,8,33,2,Alex Popow,51.133,21.333,18.709,11.091,103.7,35:39.859,51133,0,0,6
2016,13_Lime Rock,Lime Rock,lime-rock,2016-07-23,201607231505_Race,8,34,2,Alex Popow,50.321,20.929,18.319,11.073,105.4,36:30.180,50321,0,0,6
2016,13_Lime Rock,Lime Rock,lime-rock,2016-07-23,201607231505_Race,8,35,2,Alex Popow,50.111,20.942,18.101,11.068,105.8,37:20.291,50111,0,0,6
2016,13_Lime Rock,Lime Rock,lime-rock,2016-07-23,201607231505_Race,8,36,2,Alex Popow,51.364,21.372,18.662,11.330,103.3,38:11.655,51364,0,0,6
2016,13_Lime Rock,Lime Rock,lime-rock,2016-07-23,201607231505_Race,8,37,2,Alex Popow,50.495,21.041,18.283,11.171,105.0,39:02.150,50495,0,0,6
2016,13_Lime Rock,Lime Rock,lime-rock,2016-07-23,201607231505_Race,8,38,2,Alex Popow,50.644,21.099,18.366,11.179,104.7,39:52.794,50644,0,0,6
2016,13_Lime Rock,Lime Rock,lime-rock,2016-07-23,201607231505_Race,8,39,2,Alex Popow,50.826,21.125,18.512,11.189,104.3,40:43.620,50826,0,0,6
2016,13_Lime Rock,Lime Rock,lime-rock,2016-07-23,201607231505_Race,8,40,2,Alex Popow,51.792,21.284,19.074,11.434,102.4,41:35.412,51792,0,0,6
2016,13_Lime Rock,Lime Rock,lime-rock,2016-07-23,201607231505_Race,8,41,2,Alex Popow,53.643,22.048,19.858,11.737,98.9,42:29.055,53643,0,0,6
2016,13_Lime Rock,Lime Rock,lime-rock,2016-07-23,201607231505_Race,8,42,2,Alex Popow,54.449,22.598,20.014,11.837,97.4,43:23.504,54449,0,0,6
2016,13_Lime Rock,Lime Rock,lime-rock,2016-07-23,201607231505_Race,8,43,2,Alex Popow,54.692,22.582,20.051,12.059,96.9,44:18.196,54692,0,0,6
2016,13_Lime Rock,Lime Rock,lime-rock,2016-07-23,201607231505_Race,8,44,2,Alex Popow,1:16.439,24.365,29.235,22.839,69.4,45:34.635,76439,0,0,6
2016,13_Lime Rock,Lime Rock,lime-rock,2016-07-23,201607231505_Race,8,45,2,Alex Popow,1:30.765,32.722,32.420,25.623,58.4,47:05.400,90765,0,0,6
2016,13_Lime Rock,Lime Rock,lime-rock,2016-07-23,201607231505_Race,8,46,2,Alex Popow,1:46.271,39.653,37.396,29.222,49.9,48:51.671,106271,0,0,6
2016,13_Lime Rock,Lime Rock,lime-rock,2016-07-23,201607231505_Race,8,47,2,Alex Popow,1:36.470,39.823,39.948,16.699,54.9,50:28.141,96470,0,0,6
2016,13_Lime Rock,Lime Rock,lime-rock,2016-07-23,201607231505_Race,8,48,2,Alex Popow,51.771,21.492,19.106,11.173,102.5,51:19.912,51771,0,0,6
2016,13_Lime Rock,Lime Rock,lime-rock,2016-07-23,201607231505_Race,8,49,2,Alex Popow,50.973,21.244,18.490,11.239,104.0,52:10.885,50973,0,0,6
2016,13_Lime Rock,Lime Rock,lime-rock,2016-07-23,201607231505_Race,8,50,2,Alex Popow,50.285,21.053,18.165,11.067,105.5,53:01.170,50285,0,0,6
2016,13_Lime Rock,Lime Rock,lime-rock,2016-07-23,201607231505_Race,8,51,2,Alex Popow,50.395,21.142,18.207,11.046,105.3,53:51.565,50395,0,0,6
2016,13_Lime Rock,Lime Rock,lime-rock,2016-07-23,201607231505_Race,8,52,2,Alex Popow,51.847,21.378,19.161,11.308,102.3,54:43.412,51847,0,0,6
2016,13_Lime Rock,Lime Rock,lime-rock,2016-07-23,201607231505_Race,8,53,2,Alex Popow,51.370,21.485,18.540,11.345,103.2,55:34.782,51370,0,0,6
2016,13_Lime Rock,Lime Rock,lime-rock,2016-07-23,201607231505_Race,8,54,2,Alex Popow,50.811,21.320,18.318,11.173,104.4,56:25.593,50811,0,0,6
2016,13_Lime Rock,Lime Rock,lime-rock,2016-07-23,201607231505_Race,8,55,2,Alex Popow,51.454,21.287,19.028,11.139,103.1,57:17.047,51454,0,0,6
2016,13_Lime Rock,Lime Rock,lime-rock,2016-07-23,201607231505_Race,8,56,2,Alex Popow,50.679,21.160,18.395,11.124,104.7,58:07.726,50679,0,0,6
2016,13_Lime Rock,Lime Rock,lime-rock,2016-07-23,201607231505_Race,8,57,2,Alex Popow,51.068,21.180,18.601,11.287,103.8,58:58.794,51068,0,0,6
2016,13_Lime Rock,Lime Rock,lime-rock,2016-07-23,201607231505_Race,8,58,2,Alex Popow,54.398,22.557,20.218,11.623,97.5,59:53.192,54398,0,0,6
2016,13_Lime Rock,Lime Rock,lime-rock,2016-07-23,201607231505_Race,8,59,2,Alex Popow,1:36.064,22.406,19.815,53.843,55.2,1:01:29.256,96064,0,1,6
2016,13_Lime Rock,Lime Rock,lime-rock,2016-07-23,201607231505_Race,8,60,1,Renger van der Zande,58.123,28.671,18.328,11.124,91.2,1:02:27.379,58123,0,0,6
2016,13_Lime Rock,Lime Rock,lime-rock,2016-07-23,201607231505_Race,8,61,1,Renger van der Zande,49.596,20.434,18.225,10.937,107.0,1:03:16.975,49596,0,0,6
2016,13_Lime Rock,Lime Rock,lime-rock,2016-07-23,201607231505_Race,8,62,1,Renger van der Zande,49.250,20.389,17.942,10.919,107.7,1:04:06.225,49250,0,0,6
2016,13_Lime Rock,Lime Rock,lime-rock,2016-07-23,201607231505_Race,8,63,1,Renger van der Zande,49.634,20.485,18.183,10.966,106.9,1:04:55.859,49634,0,0,6
2016,13_Lime Rock,Lime Rock,lime-rock,2016-07-23,201607231505_Race,8,64,1,Renger van der Zande,49.584,20.654,18.026,10.904,107.0,1:05:45.443,49584,0,0,6
2016,13_Lime Rock,Lime Rock,lime-rock,2016-07-23,201607231505_Race,8,65,1,Renger van der Zande,50.207,20.638,18.619,10.950,105.6,1:06:35.650,50207,0,0,6
2016,13_Lime Rock,Lime Rock,lime-rock,2016-07-23,201607231505_Race,8,66,1,Renger van der Zande,49.729,20.535,18.249,10.945,106.6,1:07:25.379,49729,0,0,6
2016,13_Lime Rock,Lime Rock,lime-rock,2016-07-23,201607231505_Race,8,67,1,Renger van der Zande,54.955,21.313,22.356,11.286,96.5,1:08:20.334,54955,0,0,6
2016,13_Lime Rock,Lime Rock,lime-rock,2016-07-23,201607231505_Race,8,68,1,Renger van der Zande,49.852,20.628,18.207,11.017,106.4,1:09:10.186,49852,0,0,6
2016,13_Lime Rock,Lime Rock,lime-rock,2016-07-23,201607231505_Race,8,69,1,Renger van der Zande,51.942,21.616,19.226,11.100,102.1,1:10:02.128,51942,0,0,6
2016,13_Lime Rock,Lime Rock,lime-rock,2016-07-23,201607231505_Race,8,70,1,Renger van der Zande,51.227,21.389,18.666,11.172,103.5,1:10:53.355,51227,0,0,6
2016,13_Lime Rock,Lime Rock,lime-rock,2016-07-23,201607231505_Race,8,71,1,Renger van der Zande,53.521,21.548,19.983,11.990,99.1,1:11:46.876,53521,0,0,6
2016,13_Lime Rock,Lime Rock,lime-rock,2016-07-23,201607231505_Race,8,72,1,Renger van der Zande,52.878,22.101,19.361,11.416,100.3,1:12:39.754,52878,0,0,6
2016,13_Lime Rock,Lime Rock,lime-rock,2016-07-23,201607231505_Race,8,73,1,Renger van der Zande,50.561,20.993,18.485,11.083,104.9,1:13:30.315,50561,0,0,6
2016,13_Lime Rock,Lime Rock,lime-rock,2016-07-23,201607231505_Race,8,74,1,Renger van der Zande,52.561,21.948,18.943,11.670,100.9,1:14:22.876,52561,0,0,6
2016,13_Lime Rock,Lime Rock,lime-rock,2016-07-23,201607231505_Race,8,75,1,Renger van der Zande,51.269,21.575,18.724,10.970,103.5,1:15:14.145,51269,0,0,6
2016,13_Lime Rock,Lime Rock,lime-rock,2016-07-23,201607231505_Race,8,76,1,Renger van der Zande,49.880,20.750,18.168,10.962,106.3,1:16:04.025,49880,0,0,6
2016,13_Lime Rock,Lime Rock,lime-rock,2016-07-23,201607231505_Race,8,77,1,Renger van der Zande,50.041,20.755,18.213,11.073,106.0,1:16:54.066,50041,0,0,6
2016,13_Lime Rock,Lime Rock,lime-rock,2016-07-23,201607231505_Race,8,78,1,Renger van der Zande,51.212,21.136,18.992,11.084,103.6,1:17:45.278,51212,0,0,6
2016,13_Lime Rock,Lime Rock,lime-rock,2016-07-23,201607231505_Race,8,79,1,Renger van der Zande,50.314,21.084,18.258,10.972,105.4,1:18:35.592,50314,0,0,6
2016,13_Lime Rock,Lime Rock,lime-rock,2016-07-23,201607231505_Race,8,80,1,Renger van der Zande,50.648,21.117,18.478,11.053,104.7,1:19:26.240,50648,0,0,6
2016,13_Lime Rock,Lime Rock,lime-rock,2016-07-23,201607231505_Race,8,81,1,Renger van der Zande,51.153,21.098,18.971,11.084,103.7,1:20:17.393,51153,0,0,6
2016,13_Lime Rock,Lime Rock,lime-rock,2016-07-23,201607231505_Race,8,82,1,Renger van der Zande,50.402,21.131,18.240,11.031,105.2,1:21:07.795,50402,0,0,6
2016,13_Lime Rock,Lime Rock,lime-rock,2016-07-23,201607231505_Race,8,83,1,Renger van der Zande,52.494,21.747,18.506,12.241,101.0,1:22:00.289,52494,0,0,6
2016,13_Lime Rock,Lime Rock,lime-rock,2016-07-23,201607231505_Race,8,84,1,Renger van der Zande,50.972,21.126,18.757,11.089,104.0,1:22:51.261,50972,0,0,6
2016,13_Lime Rock,Lime Rock,lime-rock,2016-07-23,201607231505_Race,8,85,1,Renger van der Zande,53.581,21.541,20.139,11.901,99.0,1:23:44.842,53581,0,0,6
2016,13_Lime Rock,Lime Rock,lime-rock,2016-07-23,201607231505_Race,8,86,1,Renger van der Zande,51.165,21.373,18.752,11.040,103.7,1:24:36.007,51165,0,0,6
2016,13_Lime Rock,Lime Rock,lime-rock,2016-07-23,201607231505_Race,8,87,1,Renger van der Zande,51.459,20.899,18.646,11.914,103.1,1:25:27.466,51459,0,0,6
2016,13_Lime Rock,Lime Rock,lime-rock,2016-07-23,201607231505_Race,8,88,1,Renger van der Zande,50.506,20.949,18.456,11.101,105.0,1:26:17.972,50506,0,0,6
2016,13_Lime Rock,Lime Rock,lime-rock,2016-07-23,201607231505_Race,8,89,1,Renger van der Zande,51.130,21.209,18.811,11.110,103.7,1:27:09.102,51130,0,0,6
2016,13_Lime Rock,Lime Rock,lime-rock,2016-07-23,201607231505_Race,8,90,1,Renger van der Zande,51.055,21.686,18.358,11.011,103.9,1:28:00.157,51055,0,0,6
2016,13_Lime Rock,Lime Rock,lime-rock,2016-07-23,201607231505_Race,8,91,1,Renger van der Zande,51.909,21.248,18.418,12.243,102.2,1:28:52.066,51909,0,0,6
2016,13_Lime Rock,Lime Rock,lime-rock,2016-07-23,201607231505_Race,8,92,1,Renger van der Zande,1:03.759,24.425,22.365,16.969,83.2,1:29:55.825,63759,0,0,6
2016,13_Lime Rock,Lime Rock,lime-rock,2016-07-23,201607231505_Race,8,93,1,Renger van der Zande,1:23.790,24.117,26.760,32.913,63.3,1:31:19.615,83790,0,0,6
2016,13_Lime Rock,Lime Rock,lime-rock,2016-07-23,201607231505_Race,8,94,1,Renger van der Zande,1:33.548,30.200,33.524,29.824,56.7,1:32:53.163,93548,0,0,7
2016,13_Lime Rock,Lime Rock,lime-rock,2016-07-23,201607231505_Race,8,95,1,Renger van der Zande,2:02.052,34.304,31.979,55.769,43.4,1:34:55.215,122052,0,1,7
2016,13_Lime Rock,Lime Rock,lime-rock,2016-07-23,201607231505_Race,8,96,1,Renger van der Zande,1:06.773,29.959,21.538,15.276,79.4,1:36:01.988,66773,0,0,7
2016,13_Lime Rock,Lime Rock,lime-rock,2016-07-23,201607231505_Race,8,97,1,Renger van der Zande,1:31.719,29.615,36.990,25.114,57.8,1:37:33.707,91719,0,0,7
2016,13_Lime Rock,Lime Rock,lime-rock,2016-07-23,201607231505_Race,8,98,1,Renger van der Zande,1:39.288,35.370,34.624,29.294,53.4,1:39:12.995,99288,0,0,7
2016,13_Lime Rock,Lime Rock,lime-rock,2016-07-23,201607231505_Race,8,99,1,Renger van der Zande,1:38.115,39.164,42.668,16.283,54.0,1:40:51.110,98115,0,0,7
2016,13_Lime Rock,Lime Rock,lime-rock,2016-07-23,201607231505_Race,8,100,1,Renger van der Zande,51.579,21.686,18.781,11.112,102.8,1:41:42.689,51579,0,0,7
2016,13_Lime Rock,Lime Rock,lime-rock,2016-07-23,201607231505_Race,8,101,1,Renger van der Zande,49.967,20.699,18.327,10.941,106.1,1:42:32.656,49967,0,0,7
2016,13_Lime Rock,Lime Rock,lime-rock,2016-07-23,201607231505_Race,8,102,1,Renger van der Zande,49.776,20.480,18.259,11.037,106.6,1:43:22.432,49776,0,0,7
2016,13_Lime Rock,Lime Rock,lime-rock,2016-07-23,201607231505_Race,8,103,1,Renger van der Zande,50.176,20.689,18.456,11.031,105.7,1:44:12.608,50176,0,0,7
2016,13_Lime Rock,Lime Rock,lime-rock,2016-07-23,201607231505_Race,8,104,1,Renger van der Zande,49.832,20.682,18.194,10.956,106.5,1:45:02.440,49832,0,0,7
2016,13_Lime Rock,Lime Rock,lime-rock,2016-07-23,201607231505_Race,8,105,1,Renger van der Zande,49.908,20.598,18.323,10.987,106.3,1:45:52.348,49908,0,0,7
2016,13_Lime Rock,Lime Rock,lime-rock,2016-07-23,201607231505_Race,8,106,1,Renger van der Zande,50.068,20.542,18.303,11.223,106.0,1:46:42.416,50068,0,0,7
2016,13_Lime Rock,Lime Rock,lime-rock,2016-07-23,201607231505_Race,8,107,1,Renger van der Zande,50.565,21.236,18.137,11.192,104.9,1:47:32.981,50565,0,0,7
2016,13_Lime Rock,Lime Rock,lime-rock,2016-07-23,201607231505_Race,8,108,1,Renger van der Zande,49.622,20.566,18.099,10.957,106.9,1:48:22.603,49622,0,0,7
2016,13_Lime Rock,Lime Rock,lime-rock,2016-07-23,201607231505_Race,8,109,1,Renger van der Zande,50.500,20.614,18.273,11.613,105.0,1:49:13.103,50500,0,0,7
2016,13_Lime Rock,Lime Rock,lime-rock,2016-07-23,201607231505_Race,8,110,1,Renger van der Zande,51.008,20.681,18.540,11.787,104.0,1:50:04.111,51008,0,0,7
2016,13_Lime Rock,Lime Rock,lime-rock,2016-07-23,201607231505_Race,8,111,1,Renger van der Zande,52.138,21.494,19.158,11.486,101.7,1:50:56.249,52138,0,0,7
2016,13_Lime Rock,Lime Rock,lime-rock,2016-07-23,201607231505_Race,8,112,1,Renger van der Zande,51.704,21.485,18.850,11.369,102.6,1:51:47.953,51704,0,0,7
2016,13_Lime Rock,Lime Rock,lime-rock,2016-07-23,201607231505_Race,8,113,1,Renger van der Zande,50.407,20.804,18.486,11.117,105.2,1:52:38.360,50407,0,0,7
2016,13_Lime Rock,Lime Rock,lime-rock,2016-07-23,201607231505_Race,8,114,1,Renger van der Zande,49.841,20.572,18.186,11.083,106.4,1:53:28.201,49841,0,0,7
2016,13_Lime Rock,Lime Rock,lime-rock,2016-07-23,201607231505_Race,8,115,1,Renger van der Zande,50.176,20.642,18.412,11.122,105.7,1:54:18.377,50176,0,0,7
2016,13_Lime Rock,Lime Rock,lime-rock,2016-07-23,201607231505_Race,8,116,1,Renger van der Zande,49.815,20.666,18.092,11.057,106.5,1:55:08.192,49815,0,0,7
2016,13_Lime Rock,Lime Rock,lime-rock,2016-07-23,201607231505_Race,8,117,1,Renger van der Zande,49.974,20.570,18.363,11.041,106.1,1:55:58.166,49974,0,0,7
2016,13_Lime Rock,Lime Rock,lime-rock,2016-07-23,201607231505_Race,8,118,1,Renger van der Zande,50.001,20.753,18.187,11.061,106.1,1:56:48.167,50001,0,0,7
2016,13_Lime Rock,Lime Rock,lime-rock,2016-07-23,201607231505_Race,8,119,1,Renger van der Zande,50.581,20.681,18.672,11.228,104.8,1:57:38.748,50581,0,0,7
2016,13_Lime Rock,Lime Rock,lime-rock,2016-07-23,201607231505_Race,8,120,1,Renger van der Zande,49.796,20.637,18.167,10.992,106.5,1:58:28.544,49796,0,0,7
2016,13_Lime Rock,Lime Rock,lime-rock,2016-07-23,201607231505_Race,8,121,1,Renger van der Zande,50.377,20.935,18.318,11.124,105.3,1:59:18.921,50377,0,0,7
2016,13_Lime Rock,Lime Rock,lime-rock,2016-07-23,201607231505_Race,8,122,1,Renger van der Zande,52.028,21.399,18.906,11.723,101.9,2:00:10.949,52028,0,0,7
2016,13_Lime Rock,Lime Rock,lime-rock,2016-07-23,201607231505_Race,8,123,1,Renger van der Zande,51.949,21.333,18.842,11.774,102.1,2:01:02.898,51949,0,0,7
2016,13_Lime Rock,Lime Rock,lime-rock,2016-07-23,201607231505_Race,8,124,1,Renger van der Zande,52.925,22.130,18.936,11.859,100.2,2:01:55.823,52925,0,0,7
2016,13_Lime Rock,Lime Rock,lime-rock,2016-07-23,201607231505_Race,8,125,1,Renger van der Zande,53.349,22.077,19.444,11.828,99.4,2:02:49.172,53349,0,0,7
2016,13_Lime Rock,Lime Rock,lime-rock,2016-07-23,201607231505_Race,8,126,1,Renger van der Zande,53.731,22.581,19.255,11.895,98.7,2:03:42.903,53731,0,0,7
2016,13_Lime Rock,Lime Rock,lime-rock,2016-07-23,201607231505_Race,8,127,1,Renger van der Zande,51.318,21.610,18.596,11.112,103.3,2:04:34.221,51318,0,0,7
2016,13_Lime Rock,Lime Rock,lime-rock,2016-07-23,201607231505_Race,8,128,1,Renger van der Zande,51.096,21.316,18.637,11.143,103.8,2:05:25.317,51096,0,0,7
2016,13_Lime Rock,Lime Rock,lime-rock,2016-07-23,201607231505_Race,8,129,1,Renger van der Zande,50.624,21.061,18.463,11.100,104.8,2:06:15.941,50624,0,0,7
2016,13_Lime Rock,Lime Rock,lime-rock,2016-07-23,201607231505_Race,8,130,1,Renger van der Zande,50.760,21.243,18.474,11.043,104.5,2:07:06.701,50760,0,0,7
2016,13_Lime Rock,Lime Rock,lime-rock,2016-07-23,201607231505_Race,8,131,1,Renger van der Zande,50.214,20.884,18.244,11.086,105.6,2:07:56.915,50214,0,0,7
2016,13_Lime Rock,Lime Rock,lime-rock,2016-07-23,201607231505_Race,8,132,1,Renger van der Zande,50.604,21.223,18.438,10.943,104.8,2:08:47.519,50604,0,0,7
2016,13_Lime Rock,Lime Rock,lime-rock,2016-07-23,201607231505_Race,8,133,1,Renger van der Zande,50.045,20.836,18.193,11.016,106.0,2:09:37.564,50045,0,0,7
2016,13_Lime Rock,Lime Rock,lime-rock,2016-07-23,201607231505_Race,8,134,1,Renger van der Zande,50.314,20.875,18.373,11.066,105.4,2:10:27.878,50314,0,0,7
2016,13_Lime Rock,Lime Rock,lime-rock,2016-07-23,201607231505_Race,8,135,1,Renger van der Zande,50.278,20.854,18.385,11.039,105.5,2:11:18.156,50278,0,0,7
2016,13_Lime Rock,Lime Rock,lime-rock,2016-07-23,201607231505_Race,8,136,1,Renger van der Zande,51.852,21.137,19.167,11.548,102.3,2:12:10.008,51852,0,0,7
2016,13_Lime Rock,Lime Rock,lime-rock,2016-07-23,201607231505_Race,8,137,1,Renger van der Zande,52.547,21.226,19.601,11.720,100.9,2:13:02.555,52547,0,0,7
2016,13_Lime Rock,Lime Rock,lime-rock,2016-07-23,201607231505_Race,8,138,1,Renger van der Zande,54.692,23.176,19.820,11.696,96.9,2:13:57.247,54692,0,0,7
2016,13_Lime Rock,Lime Rock,lime-rock,2016-07-23,201607231505_Race,8,139,1,Renger van der Zande,52.540,22.462,18.989,11.089,100.9,2:14:49.787,52540,0,0,7
2016,13_Lime Rock,Lime Rock,lime-rock,2016-07-23,201607231505_Race,8,140,1,Renger van der Zande,50.774,21.205,18.512,11.057,104.5,2:15:40.561,50774,0,0,7
2016,13_Lime Rock,Lime Rock,lime-rock,2016-07-23,201607231505_Race,8,141,1,Renger van der Zande,50.555,21.074,18.408,11.073,104.9,2:16:31.116,50555,0,0,7
2016,13_Lime Rock,Lime Rock,lime-rock,2016-07-23,201607231505_Race,8,142,1,Renger van der Zande,50.410,21.085,18.286,11.039,105.2,2:17:21.526,50410,0,0,7
2016,13_Lime Rock,Lime Rock,lime-rock,2016-07-23,201607231505_Race,8,143,1,Renger van der Zande,50.723,21.086,18.474,11.163,104.6,2:18:12.249,50723,0,0,7
2016,13_Lime Rock,Lime Rock,lime-rock,2016-07-23,201607231505_Race,8,144,1,Renger van der Zande,50.385,20.879,18.228,11.278,105.3,2:19:02.634,50385,0,0,7
2016,13_Lime Rock,Lime Rock,lime-rock,2016-07-23,201607231505_Race,8,145,1,Renger van der Zande,51.117,21.873,18.111,11.133,103.8,2:19:53.751,51117,0,0,7
2016,13_Lime Rock,Lime Rock,lime-rock,2016-07-23,201607231505_Race,8,146,1,Renger van der Zande,50.493,21.170,18.365,10.958,105.0,2:20:44.244,50493,0,0,7
2016,13_Lime Rock,Lime Rock,lime-rock,2016-07-23,201607231505_Race,8,147,1,Renger van der Zande,50.292,20.933,18.294,11.065,105.5,2:21:34.536,50292,0,0,7
2016,13_Lime Rock,Lime Rock,lime-rock,2016-07-23,201607231505_Race,8,148,1,Renger van der Zande,52.067,21.295,18.729,12.043,101.9,2:22:26.603,52067,0,0,7
2016,13_Lime Rock,Lime Rock,lime-rock,2016-07-23,201607231505_Race,8,149,1,Renger van der Zande,53.282,21.867,19.931,11.484,99.6,2:23:19.885,53282,0,0,7
2016,13_Lime Rock,Lime Rock,lime-rock,2016-07-23,201607231505_Race,8,150,1,Renger van der Zande,54.173,22.412,19.971,11.790,97.9,2:24:14.058,54173,0,0,7
2016,13_Lime Rock,Lime Rock,lime-rock,2016-07-23,201607231505_Race,8,151,1,Renger van der Zande,53.830,21.869,20.365,11.596,98.5,2:25:07.888,53830,0,0,7
2016,13_Lime Rock,Lime Rock,lime-rock,2016-07-23,201607231505_Race,8,152,1,Renger van der Zande,54.031,22.213,19.620,12.198,98.2,2:26:01.919,54031,0,0,7
2016,13_Lime Rock,Lime Rock,lime-rock,2016-07-23,201607231505_Race,8,153,1,Renger van der Zande,51.746,21.366,18.718,11.662,102.5,2:26:53.665,51746,0,0,7
2016,13_Lime Rock,Lime Rock,lime-rock,2016-07-23,201607231505_Race,8,154,1,Renger van der Zande,50.523,21.166,18.269,11.088,105.0,2:27:44.188,50523,0,0,7
2016,13_Lime Rock,Lime Rock,lime-rock,2016-07-23,201607231505_Race,8,155,1,Renger van der Zande,53.431,22.860,18.932,11.639,99.2,2:28:37.619,53431,0,0,7
2016,13_Lime Rock,Lime Rock,lime-rock,2016-07-23,201607231505_Race,8,156,1,Renger van der Zande,51.511,21.638,18.787,11.086,103.0,2:29:29.130,51511,0,0,7
2016,13_Lime Rock,Lime Rock,lime-rock,2016-07-23,201607231505_Race,8,157,1,Renger van der Zande,51.927,21.537,18.896,11.494,102.2,2:30:21.057,51927,0,0,7
2016,13_Lime Rock,Lime Rock,lime-rock,2016-07-23,201607231505_Race,8,158,1,Renger van der Zande,51.840,21.815,18.922,11.103,102.3,2:31:12.897,51840,0,0,7
2016,13_Lime Rock,Lime Rock,lime-rock,2016-07-23,201607231505_Race,8,159,1,Renger van der Zande,50.802,21.178,18.350,11.274,104.4,2:32:03.699,50802,0,0,7
2016,13_Lime Rock,Lime Rock,lime-rock,2016-07-23,201607231505_Race,8,160,1,Renger van der Zande,51.374,21.844,18.293,11.237,103.2,2:32:55.073,51374,0,0,7
2016,13_Lime Rock,Lime Rock,lime-rock,2016-07-23,201607231505_Race,8,161,1,Renger van der Zande,51.338,21.327,18.403,11.608,103.3,2:33:46.411,51338,0,0,7
2016,13_Lime Rock,Lime Rock,lime-rock,2016-07-23,201607231505_Race,8,162,1,Renger van der Zande,51.292,21.466,18.500,11.326,103.4,2:34:37.703,51292,0,0,7
2016,13_Lime Rock,Lime Rock,lime-rock,2016-07-23,201607231505_Race,8,163,1,Renger van der Zande,50.964,21.517,18.364,11.083,104.1,2:35:28.667,50964,0,0,7
2016,13_Lime Rock,Lime Rock,lime-rock,2016-07-23,201607231505_Race,8,164,1,Renger van der Zande,51.334,21.629,18.521,11.184,103.3,2:36:20.001,51334,0,0,7
2016,13_Lime Rock,Lime Rock,lime-rock,2016-07-23,201607231505_Race,8,165,1,Renger van der Zande,52.707,21.683,19.525,11.499,100.6,2:37:12.708,52707,0,0,7
2016,13_Lime Rock,Lime Rock,lime-rock,2016-07-23,201607231505_Race,8,166,1,Renger van der Zande,53.985,22.209,19.498,12.278,98.3,2:38:06.693,53985,0,0,7
2016,13_Lime Rock,Lime Rock,lime-rock,2016-07-23,201607231505_Race,8,167,1,Renger van der Zande,53.657,22.023,20.026,11.608,98.9,2:39:00.350,53657,0,0,7
2016,13_Lime Rock,Lime Rock,lime-rock,2016-07-23,201607231505_Race,8,168,1,Renger van der Zande,51.976,21.869,18.701,11.406,102.0,2:39:52.326,51976,0,0,7
2016,13_Lime Rock,Lime Rock,lime-rock,2016-07-23,201607231505_Race,8,169,1,Renger van der Zande,50.928,21.239,18.435,11.254,104.2,2:40:43.254,50928,0,0,7
2016,13_Lime Rock,Lime Rock,lime-rock,2016-07-23,201607231505_Race,9,1,2,Matt Bell,1:33.691,45.018,26.610,22.063,56.6,1:33.691,,,0,7
2016,13_Lime Rock,Lime Rock,lime-rock,2016-07-23,201607231505_Race,9,2,2,Matt Bell,1:06.356,28.989,24.550,12.817,79.9,2:40.047,66356,0,0,7
2016,13_Lime Rock,Lime Rock,lime-rock,2016-07-23,201607231505_Race,9,3,2,Matt Bell,58.010,24.037,21.334,12.639,91.4,3:38.057,58010,0,0,7
2016,13_Lime Rock,Lime Rock,lime-rock,2016-07-23,201607231505_Race,9,4,2,Matt Bell,55.138,23.087,19.764,12.287,96.2,4:33.195,55138,0,0,7
2016,13_Lime Rock,Lime Rock,lime-rock,2016-07-23,201607231505_Race,9,5,2,Matt Bell,54.681,22.406,19.782,12.493,97.0,5:27.876,54681,0,0,7
2016,13_Lime Rock,Lime Rock,lime-rock,2016-07-23,201607231505_Race,9,6,2,Matt Bell,54.961,22.669,19.583,12.709,96.5,6:22.837,54961,0,0,7
2016,13_Lime Rock,Lime Rock,lime-rock,2016-07-23,201607231505_Race,9,7,2,Matt Bell,1:18.113,24.036,22.257,31.820,67.9,7:40.950,78113,0,0,7
2016,13_Lime Rock,Lime Rock,lime-rock,2016-07-23,201607231505_Race,9,8,2,Matt Bell,1:37.434,32.496,34.398,30.540,54.4,9:18.384,97434,0,0,7
2016,13_Lime Rock,Lime Rock,lime-rock,2016-07-23,201607231505_Race,9,9,2,Matt Bell,1:33.443,32.529,34.230,26.684,56.7,10:51.827,93443,0,0,7
2016,13_Lime Rock,Lime Rock,lime-rock,2016-07-23,201607231505_Race,9,10,2,Matt Bell,1:32.522,31.467,32.217,28.838,57.3,12:24.349,92522,0,0,7
2016,13_Lime Rock,Lime Rock,lime-rock,2016-07-23,201607231505_Race,9,11,2,Matt Bell,1:29.678,29.474,30.866,29.338,59.1,13:54.027,89678,0,0,7
2016,13_Lime Rock,Lime Rock,lime-rock,2016-07-23,201607231505_Race,9,12,2,Matt Bell,1:28.553,29.908,32.643,26.002,59.9,15:22.580,88553,0,0,7
2016,13_Lime Rock,Lime Rock,lime-rock,2016-07-23,201607231505_Race,9,13,2,Matt Bell,1:09.817,26.382,30.309,13.126,75.9,16:32.397,69817,0,0,7
2016,13_Lime Rock,Lime Rock,lime-rock,2016-07-23,201607231505_Race,9,14,2,Matt Bell,54.893,22.969,19.669,12.255,96.6,17:27.290,54893,0,0,7
2016,13_Lime Rock,Lime Rock,lime-rock,2016-07-23,201607231505_Race,9,15,2,Matt Bell,54.114,22.449,19.401,12.264,98.0,18:21.404,54114,0,0,7
2016,13_Lime Rock,Lime Rock,lime-rock,2016-07-23,201607231505_Race,9,16,2,Matt Bell,54.520,22.811,19.485,12.224,97.3,19:15.924,54520,0,0,7
2016,13_Lime Rock,Lime Rock,lime-rock,2016-07-23,201607231505_Race,9,17,2,Matt Bell,54.086,22.488,19.435,12.163,98.1,20:10.010,54086,0,0,7
2016,13_Lime Rock,Lime Rock,lime-rock,2016-07-23,201607231505_Race,9,18,2,Matt Bell,54.379,22.419,19.636,12.324,97.5,21:04.389,54379,0,0,7
2016,13_Lime Rock,Lime Rock,lime-rock,2016-07-23,201607231505_Race,9,19,2,Matt Bell,54.943,22.398,20.318,12.227,96.5,21:59.332,54943,0,0,7
2016,13_Lime Rock,Lime Rock,lime-rock,2016-07-23,201607231505_Race,9,20,2,Matt Bell,54.162,22.387,19.467,12.308,97.9,22:53.494,54162,0,0,7
2016,13_Lime Rock,Lime Rock,lime-rock,2016-07-23,201607231505_Race,9,21,2,Matt Bell,54.104,22.368,19.499,12.237,98.0,23:47.598,54104,0,0,7
2016,13_Lime Rock,Lime Rock,lime-rock,2016-07-23,201607231505_Race,9,22,2,Matt Bell,54.198,22.414,19.496,12.288,97.9,24:41.796,54198,0,0,7
2016,13_Lime Rock,Lime Rock,lime-rock,2016-07-23,201607231505_Race,9,23,2,Matt Bell,54.409,22.536,19.594,12.279,97.5,25:36.205,54409,0,0,7
2016,13_Lime Rock,Lime Rock,lime-rock,2016-07-23,201607231505_Race,9,24,2,Matt Bell,54.170,22.555,19.390,12.225,97.9,26:30.375,54170,0,0,7
2016,13_Lime Rock,Lime Rock,lime-rock,2016-07-23,201607231505_Race,9,25,2,Matt Bell,54.931,22.516,20.116,12.299,96.6,27:25.306,54931,0,0,7
2016,13_Lime Rock,Lime Rock,lime-rock,2016-07-23,201607231505_Race,9,26,2,Matt Bell,54.735,22.577,19.698,12.460,96.9,28:20.041,54735,0,0,7
2016,13_Lime Rock,Lime Rock,lime-rock,2016-07-23,201607231505_Race,9,27,2,Matt Bell,1:11.638,24.486,27.896,19.256,74.0,29:31.679,71638,0,0,7
2016,13_Lime Rock,Lime Rock,lime-rock,2016-07-23,201607231505_Race,9,28,2,Matt Bell,1:30.733,32.608,33.156,24.969,58.4,31:02.412,90733,0,0,7
2016,13_Lime Rock,Lime Rock,lime-rock,2016-07-23,201607231505_Race,9,29,2,Matt Bell,1:57.248,33.569,31.389,52.290,45.2,32:59.660,117248,0,1,7
2016,13_Lime Rock,Lime Rock,lime-rock,2016-07-23,201607231505_Race,9,30,2,Matt Bell,1:07.234,30.832,22.880,13.522,78.9,34:06.894,67234,0,0,7
2016,13_Lime Rock,Lime Rock,lime-rock,2016-07-23,201607231505_Race,9,31,2,Matt Bell,54.747,22.774,19.679,12.294,96.9,35:01.641,54747,0,0,7
2016,13_Lime Rock,Lime Rock,lime-rock,2016-07-23,201607231505_Race,9,32,2,Matt Bell,56.537,22.382,21.766,12.389,93.8,35:58.178,56537,0,0,7
2016,13_Lime Rock,Lime Rock,lime-rock,2016-07-23,201607231505_Race,9,33,2,Matt Bell,54.244,22.439,19.485,12.320,97.8,36:52.422,54244,0,0,7
2016,13_Lime Rock,Lime Rock,lime-rock,2016-07-23,201607231505_Race,9,34,2,Matt Bell,55.575,22.415,20.718,12.442,95.5,37:47.997,55575,0,0,7
2016,13_Lime Rock,Lime Rock,lime-rock,2016-07-23,201607231505_Race,9,35,2,Matt Bell,54.400,22.562,19.520,12.318,97.5,38:42.397,54400,0,0,7
2016,13_Lime Rock,Lime Rock,lime-rock,2016-07-23,201607231505_Race,9,36,2,Matt Bell,54.790,22.513,19.866,12.411,96.8,39:37.187,54790,0,0,7
2016,13_Lime Rock,Lime Rock,lime-rock,2016-07-23,201607231505_Race,9,37,2,Matt Bell,54.395,22.548,19.605,12.242,97.5,40:31.582,54395,0,0,7
2016,13_Lime Rock,Lime Rock,lime-rock,2016-07-23,201607231505_Race,9,38,2,Matt Bell,54.040,22.361,19.530,12.149,98.1,41:25.622,54040,0,0,7
2016,13_Lime Rock,Lime Rock,lime-rock,2016-07-23,201607231505_Race,9,39,2,Matt Bell,54.658,22.600,19.733,12.325,97.0,42:20.280,54658,0,0,8
2016,13_Lime Rock,Lime Rock,lime-rock,2016-07-23,201607231505_Race,9,40,2,Matt Bell,55.368,23.106,19.778,12.484,95.8,43:15.648,55368,0,0,8
2016,13_Lime Rock,Lime Rock,lime-rock,2016-07-23,201607231505_Race,9,41,2,Matt Bell,56.438,23.062,20.759,12.617,94.0,44:12.086,56438,0,0,8
2016,13_Lime Rock,Lime Rock,lime-rock,2016-07-23,201607231505_Race,9,42,2,Matt Bell,1:06.558,23.515,25.319,17.724,79.7,45:18.644,66558,0,0,8
2016,13_Lime Rock,Lime Rock,lime-rock,2016-07-23,201607231505_Race,9,43,2,Matt Bell,1:00.902,24.146,23.466,13.290,87.1,46:19.546,60902,0,0,8
2016,13_Lime Rock,Lime Rock,lime-rock,2016-07-23,201607231505_Race,9,44,2,Matt Bell,1:06.193,22.926,21.481,21.786,80.1,47:25.739,66193,0,0,8
2016,13_Lime Rock,Lime Rock,lime-rock,2016-07-23,201607231505_Race,9,45,2,Matt Bell,1:46.093,34.624,37.073,34.396,50.0,49:11.832,106093,0,0,8
2016,13_Lime Rock,Lime Rock,lime-rock,2016-07-23,201607231505_Race,9,46,2,Matt Bell,1:23.662,33.562,35.124,14.976,63.4,50:35.494,83662,0,0,8
2016,13_Lime Rock,Lime Rock,lime-rock,2016-07-23,201607231505_Race,9,47,2,Matt Bell,57.451,23.884,20.848,12.719,92.3,51:32.945,57451,0,0,8
2016,13_Lime Rock,Lime Rock,lime-rock,2016-07-23,201607231505_Race,9,48,2,Matt Bell,54.603,22.537,19.557,12.509,97.1,52:27.548,54603,0,0,8
2016,13_Lime Rock,Lime Rock,lime-rock,2016-07-23,201607231505_Race,9,49,2,Matt Bell,55.061,22.749,19.791,12.521,96.3,53:22.609,55061,0,0,8
2016,13_Lime Rock,Lime Rock,lime-rock,2016-07-23,201607231505_Race,9,50,2,Matt Bell,55.224,22.956,19.726,12.542,96.0,54:17.833,55224,0,0,8
2016,13_Lime Rock,Lime Rock,lime-rock,2016-07-23,201607231505_Race,9,51,2,Matt Bell,55.432,22.971,19.940,12.521,95.7,55:13.265,55432,0,0,8
2016,13_Lime Rock,Lime Rock,lime-rock,2016-07-23,201607231505_Race,9,52,2,Matt Bell,55.190,22.890,19.786,12.514,96.1,56:08.455,55190,0,0,8
2016,13_Lime Rock,Lime Rock,lime-rock,2016-07-23,201607231505_Race,9,53,2,Matt Bell,55.463,23.252,19.777,12.434,95.6,57:03.918,55463,0,0,8
2016,13_Lime Rock,Lime Rock,lime-rock,2016-07-23,201607231505_Race,9,54,2,Matt Bell,55.061,22.849,19.755,12.457,96.3,57:58.979,55061,0,0,8
2016,13_Lime Rock,Lime Rock,lime-rock,2016-07-23,201607231505_Race,9,55,2,Matt Bell,56.385,23.200,20.510,12.675,94.1,58:55.364,56385,0,0,8
2016,13_Lime Rock,Lime Rock,lime-rock,2016-07-23,201607231505_Race,9,56,2,Matt Bell,54.052,22.451,19.398,12.203,98.1,59:49.416,54052,0,0,8
2016,13_Lime Rock,Lime Rock,lime-rock,2016-07-23,201607231505_Race,9,57,2,Matt Bell,54.341,22.532,19.483,12.326,97.6,1:00:43.757,54341,0,0,8
2016,13_Lime Rock,Lime Rock,lime-rock,2016-07-23,201607231505_Race,9,58,2,Matt Bell,54.432,22.532,19.542,12.358,97.4,1:01:38.189,54432,0,0,8
2016,13_Lime Rock,Lime Rock,lime-rock,2016-07-23,201607231505_Race,9,59,2,Matt Bell,54.466,22.709,19.451,12.306,97.4,1:02:32.655,54466,0,0,8
2016,13_Lime Rock,Lime Rock,lime-rock,2016-07-23,201607231505_Race,9,60,2,Matt Bell,54.710,22.693,19.650,12.367,96.9,1:03:27.365,54710,0,0,8
2016,13_Lime Rock,Lime Rock,lime-rock,2016-07-23,201607231505_Race,9,61,2,Matt Bell,54.752,22.654,19.661,12.437,96.9,1:04:22.117,54752,0,0,8
2016,13_Lime Rock,Lime Rock,lime-rock,2016-07-23,201607231505_Race,9,62,2,Matt Bell,55.373,22.806,20.151,12.416,95.8,1:05:17.490,55373,0,0,8
2016,13_Lime Rock,Lime Rock,lime-rock,2016-07-23,201607231505_Race,9,63,2,Matt Bell,55.383,23.169,19.797,12.417,95.8,1:06:12.873,55383,0,0,8
2016,13_Lime Rock,Lime Rock,lime-rock,2016-07-23,201607231505_Race,9,64,2,Matt Bell,54.886,22.763,19.784,12.339,96.6,1:07:07.759,54886,0,0,8
2016,13_Lime Rock,Lime Rock,lime-rock,2016-07-23,201607231505_Race,9,65,2,Matt Bell,55.050,22.926,19.729,12.395,96.3,1:08:02.809,55050,0,0,8
2016,13_Lime Rock,Lime Rock,lime-rock,2016-07-23,201607231505_Race,9,66,2,Matt Bell,55.082,23.089,19.677,12.316,96.3,1:08:57.891,55082,0,0,8
2016,13_Lime Rock,Lime Rock,lime-rock,2016-07-23,201607231505_Race,9,67,2,Matt Bell,55.478,23.341,19.692,12.445,95.6,1:09:53.369,55478,0,0,8
2016,13_Lime Rock,Lime Rock,lime-rock,2016-07-23,201607231505_Race,9,68,2,Matt Bell,57.527,23.333,,,92.2,1:10:50.896,57527,0,0,8
2016,13_Lime Rock,Lime Rock,lime-rock,2016-07-23,201607231505_Race,9,69,2,Matt Bell,57.187,23.649,20.915,12.623,92.7,1:11:48.083,57187,0,0,8
2016,13_Lime Rock,Lime Rock,lime-rock,2016-07-23,201607231505_Race,9,70,2,Matt Bell,55.919,23.150,20.383,12.386,94.8,1:12:44.002,55919,0,0,8
2016,13_Lime Rock,Lime Rock,lime-rock,2016-07-23,201607231505_Race,9,71,2,Matt Bell,55.133,23.126,19.698,12.309,96.2,1:13:39.135,55133,0,0,8
2016,13_Lime Rock,Lime Rock,lime-rock,2016-07-23,201607231505_Race,9,72,2,Matt Bell,56.099,22.872,20.433,12.794,94.5,1:14:35.234,56099,0,0,8
2016,13_Lime Rock,Lime Rock,lime-rock,2016-07-23,201607231505_Race,9,73,2,Matt Bell,55.116,22.876,19.821,12.419,96.2,1:15:30.350,55116,0,0,8
2016,13_Lime Rock,Lime Rock,lime-rock,2016-07-23,201607231505_Race,9,74,2,Matt Bell,55.493,23.149,19.817,12.527,95.6,1:16:25.843,55493,0,0,8
2016,13_Lime Rock,Lime Rock,lime-rock,2016-07-23,201607231505_Race,9,75,2,Matt Bell,57.086,22.863,20.188,14.035,92.9,1:17:22.929,57086,0,0,8
2016,13_Lime Rock,Lime Rock,lime-rock,2016-07-23,201607231505_Race,9,76,2,Matt Bell,56.516,23.811,20.209,12.496,93.8,1:18:19.445,56516,0,0,8
2016,13_Lime Rock,Lime Rock,lime-rock,2016-07-23,201607231505_Race,9,77,2,Matt Bell,55.498,22.890,20.221,12.387,95.6,1:19:14.943,55498,0,0,8
2016,13_Lime Rock,Lime Rock,lime-rock,2016-07-23,201607231505_Race,9,78,2,Matt Bell,55.484,23.101,19.986,12.397,95.6,1:20:10.427,55484,0,0,8
2016,13_Lime Rock,Lime Rock,lime-rock,2016-07-23,201607231505_Race,9,79,2,Matt Bell,55.751,23.222,20.097,12.432,95.1,1:21:06.178,55751,0,0,8
2016,13_Lime Rock,Lime Rock,lime-rock,2016-07-23,201607231505_Race,9,80,2,Matt Bell,55.972,23.248,20.228,12.496,94.8,1:22:02.150,55972,0,0,8
2016,13_Lime Rock,Lime Rock,lime-rock,2016-07-23,201607231505_Race,9,81,2,Matt Bell,56.099,23.248,20.226,12.625,94.5,1:22:58.249,56099,0,0,8
2016,13_Lime Rock,Lime Rock,lime-rock,2016-07-23,201607231505_Race,9,82,2,Matt Bell,56.168,23.252,20.219,12.697,94.4,1:23:54.417,56168,0,0,8
2016,13_Lime Rock,Lime Rock,lime-rock,2016-07-23,201607231505_Race,9,83,2,Matt Bell,56.528,23.575,20.335,12.618,93.8,1:24:50.945,56528,0,0,8
2016,13_Lime Rock,Lime Rock,lime-rock,2016-07-23,201607231505_Race,9,84,2,Matt Bell,55.971,23.334,20.079,12.558,94.8,1:25:46.916,55971,0,0,8
2016,13_Lime Rock,Lime Rock,lime-rock,2016-07-23,201607231505_Race,9,85,2,Matt Bell,56.839,23.611,20.350,12.878,93.3,1:26:43.755,56839,0,0,8
2016,13_Lime Rock,Lime Rock,lime-rock,2016-07-23,201607231505_Race,9,86,2,Matt Bell,57.335,24.078,20.301,12.956,92.5,1:27:41.090,57335,0,0,8
2016,13_Lime Rock,Lime Rock,lime-rock,2016-07-23,201607231505_Race,9,87,2,Matt Bell,56.993,23.638,20.265,13.090,93.0,1:28:38.083,56993,0,0,8
2016,13_Lime Rock,Lime Rock,lime-rock,2016-07-23,201607231505_Race,9,88,2,Matt Bell,1:00.512,24.367,22.085,14.060,87.6,1:29:38.595,60512,0,0,8
2016,13_Lime Rock,Lime Rock,lime-rock,2016-07-23,201607231505_Race,9,89,2,Matt Bell,1:29.860,25.140,34.237,30.483,59.0,1:31:08.455,89860,0,0,8
2016,13_Lime Rock,Lime Rock,lime-rock,2016-07-23,201607231505_Race,9,90,2,Matt Bell,1:01.885,26.506,20.780,14.599,85.7,1:32:10.340,61885,0,0,8
2016,13_Lime Rock,Lime Rock,lime-rock,2016-07-23,201607231505_Race,9,91,2,Matt Bell,57.611,24.002,20.536,13.073,92.0,1:33:07.951,57611,0,0,8
2016,13_Lime Rock,Lime Rock,lime-rock,2016-07-23,201607231505_Race,9,92,2,Matt Bell,1:21.103,26.615,33.007,21.481,65.4,1:34:29.054,81103,0,0,8
2016,13_Lime Rock,Lime Rock,lime-rock,2016-07-23,201607231505_Race,9,93,2,Matt Bell,2:17.714,33.774,31.834,1:12.106,38.5,1:36:46.768,137714,0,1,8
2016,13_Lime Rock,Lime Rock,lime-rock,2016-07-23,201607231505_Race,9,94,1,Lawson Aschenbach,1:11.314,31.874,22.726,16.714,74.3,1:37:58.082,71314,0,0,8
2016,13_Lime Rock,Lime Rock,lime-rock,2016-07-23,201607231505_Race,9,95,1,Lawson Aschenbach,1:30.964,29.407,33.950,27.607,58.3,1:39:29.046,90964,0,0,8
2016,13_Lime Rock,Lime Rock,lime-rock,2016-07-23,201607231505_Race,9,96,1,Lawson Aschenbach,1:30.979,38.547,38.951,13.481,58.3,1:41:00.025,90979,0,0,8
2016,13_Lime Rock,Lime Rock,lime-rock,2016-07-23,201607231505_Race,9,97,1,Lawson Aschenbach,54.638,22.583,19.755,12.300,97.1,1:41:54.663,54638,0,0,8
2016,13_Lime Rock,Lime Rock,lime-rock,2016-07-23,201607231505_Race,9,98,1,Lawson Aschenbach,54.176,22.173,19.667,12.336,97.9,1:42:48.839,54176,0,0,8
2016,13_Lime Rock,Lime Rock,lime-rock,2016-07-23,201607231505_Race,9,99,1,Lawson Aschenbach,55.130,22.588,20.028,12.514,96.2,1:43:43.969,55130,0,0,8
2016,13_Lime Rock,Lime Rock,lime-rock,2016-07-23,201607231505_Race,9,100,1,Lawson Aschenbach,55.690,22.844,20.515,12.331,95.2,1:44:39.659,55690,0,0,8
2016,13_Lime Rock,Lime Rock,lime-rock,2016-07-23,201607231505_Race,9,101,1,Lawson Aschenbach,54.046,22.004,19.620,12.422,98.1,1:45:33.705,54046,0,0,8
2016,13_Lime Rock,Lime Rock,lime-rock,2016-07-23,201607231505_Race,9,102,1,Lawson Aschenbach,53.631,21.982,19.532,12.117,98.9,1:46:27.336,53631,0,0,8
2016,13_Lime Rock,Lime Rock,lime-rock,2016-07-23,201607231505_Race,9,103,1,Lawson Aschenbach,53.919,22.105,19.643,12.171,98.4,1:47:21.255,53919,0,0,8
2016,13_Lime Rock,Lime Rock,lime-rock,2016-07-23,201607231505_Race,9,104,1,Lawson Aschenbach,53.896,22.301,19.457,12.138,98.4,1:48:15.151,53896,0,0,8
2016,13_Lime Rock,Lime Rock,lime-rock,2016-07-23,201607231505_Race,9,105,1,Lawson Aschenbach,53.954,22.225,19.651,12.078,98.3,1:49:09.105,53954,0,0,8
2016,13_Lime Rock,Lime Rock,lime-rock,2016-07-23,201607231505_Race,9,106,1,Lawson Aschenbach,53.912,22.166,19.568,12.178,98.4,1:50:03.017,53912,0,0,8
2016,13_Lime Rock,Lime Rock,lime-rock,2016-07-23,201607231505_Race,9,107,1,Lawson Aschenbach,54.437,22.387,19.807,12.243,97.4,1:50:57.454,54437,0,0,8
2016,13_Lime Rock,Lime Rock,lime-rock,2016-07-23,201607231505_Race,9,108,1,Lawson Aschenbach,54.242,22.500,19.612,12.130,97.8,1:51:51.696,54242,0,0,8
2016,13_Lime Rock,Lime Rock,lime-rock,2016-07-23,201607231505_Race,9,109,1,Lawson Aschenbach,54.203,22.359,19.679,12.165,97.9,1:52:45.899,54203,0,0,8
2016,13_Lime Rock,Lime Rock,lime-rock,2016-07-23,201607231505_Race,9,110,1,Lawson Aschenbach,54.196,22.267,19.701,12.228,97.9,1:53:40.095,54196,0,0,8
2016,13_Lime Rock,Lime Rock,lime-rock,2016-07-23,201607231505_Race,9,111,1,Lawson Aschenbach,54.160,22.226,19.754,12.180,97.9,1:54:34.255,54160,0,0,8
2016,13_Lime Rock,Lime Rock,lime-rock,2016-07-23,201607231505_Race,9,112,1,Lawson Aschenbach,54.631,22.293,19.921,12.417,97.1,1:55:28.886,54631,0,0,8
2016,13_Lime Rock,Lime Rock,lime-rock,2016-07-23,201607231505_Race,9,113,1,Lawson Aschenbach,54.830,22.819,19.832,12.179,96.8,1:56:23.716,54830,0,0,8
2016,13_Lime Rock,Lime Rock,lime-rock,2016-07-23,201607231505_Race,9,114,1,Lawson Aschenbach,54.182,22.270,19.722,12.190,97.9,1:57:17.898,54182,0,0,8
2016,13_Lime Rock,Lime Rock,lime-rock,2016-07-23,201607231505_Race,9,115,1,Lawson Aschenbach,57.007,22.735,21.706,12.566,93.0,1:58:14.905,57007,0,0,8
2016,13_Lime Rock,Lime Rock,lime-rock,2016-07-23,201607231505_Race,9,116,1,Lawson Aschenbach,54.573,22.284,20.034,12.255,97.2,1:59:09.478,54573,0,0,8
2016,13_Lime Rock,Lime Rock,lime-rock,2016-07-23,201607231505_Race,9,117,1,Lawson Aschenbach,55.465,22.819,20.384,12.262,95.6,2:00:04.943,55465,0,0,8
2016,13_Lime Rock,Lime Rock,lime-rock,2016-07-23,201607231505_Race,9,118,1,Lawson Aschenbach,55.974,22.449,20.701,12.824,94.8,2:01:00.917,55974,0,0,8
2016,13_Lime Rock,Lime Rock,lime-rock,2016-07-23,201607231505_Race,9,119,1,Lawson Aschenbach,55.838,22.766,20.668,12.404,95.0,2:01:56.755,55838,0,0,8
2016,13_Lime Rock,Lime Rock,lime-rock,2016-07-23,201607231505_Race,9,120,1,Lawson Aschenbach,55.552,23.015,19.986,12.551,95.5,2:02:52.307,55552,0,0,8
2016,13_Lime Rock,Lime Rock,lime-rock,2016-07-23,201607231505_Race,9,121,1,Lawson Aschenbach,56.424,23.146,20.570,12.708,94.0,2:03:48.731,56424,0,0,8
2016,13_Lime Rock,Lime Rock,lime-rock,2016-07-23,201607231505_Race,9,122,1,Lawson Aschenbach,54.903,22.513,19.927,12.463,96.6,2:04:43.634,54903,0,0,8
2016,13_Lime Rock,Lime Rock,lime-rock,2016-07-23,201607231505_Race,9,123,1,Lawson Aschenbach,55.114,23.006,19.846,12.262,96.2,2:05:38.748,55114,0,0,8
2016,13_Lime Rock,Lime Rock,lime-rock,2016-07-23,201607231505_Race,9,124,1,Lawson Aschenbach,55.758,22.482,19.919,13.357,95.1,2:06:34.506,55758,0,0,8
2016,13_Lime Rock,Lime Rock,lime-rock,2016-07-23,201607231505_Race,9,125,1,Lawson Aschenbach,56.021,23.485,20.127,12.409,94.6,2:07:30.527,56021,0,0,8
2016,13_Lime Rock,Lime Rock,lime-rock,2016-07-23,201607231505_Race,9,126,1,Lawson Aschenbach,54.820,22.480,20.081,12.259,96.8,2:08:25.347,54820,0,0,8
2016,13_Lime Rock,Lime Rock,lime-rock,2016-07-23,201607231505_Race,9,127,1,Lawson Aschenbach,54.918,22.508,20.083,12.327,96.6,2:09:20.265,54918,0,0,8
2016,13_Lime Rock,Lime Rock,lime-rock,2016-07-23,201607231505_Race,9,128,1,Lawson Aschenbach,55.130,22.844,19.943,12.343,96.2,2:10:15.395,55130,0,0,8
2016,13_Lime Rock,Lime Rock,lime-rock,2016-07-23,201607231505_Race,9,129,1,Lawson Aschenbach,55.903,23.050,20.473,12.380,94.9,2:11:11.298,55903,0,0,8
2016,13_Lime Rock,Lime Rock,lime-rock,2016-07-23,201607231505_Race,9,130,1,Lawson Aschenbach,55.732,22.917,20.376,12.439,95.1,2:12:07.030,55732,0,0,8
2016,13_Lime Rock,Lime Rock,lime-rock,2016-07-23,201607231505_Race,9,131,1,Lawson Aschenbach,55.645,23.077,20.224,12.344,95.3,2:13:02.675,55645,0,0,8
2016,13_Lime Rock,Lime Rock,lime-rock,2016-07-23,201607231505_Race,9,132,1,Lawson Aschenbach,56.140,23.526,20.242,12.372,94.5,2:13:58.815,56140,0,0,8
2016,13_Lime Rock,Lime Rock,lime-rock,2016-07-23,201607231505_Race,9,133,1,Lawson Aschenbach,55.211,22.752,20.044,12.415,96.1,2:14:54.026,55211,0,0,8
2016,13_Lime Rock,Lime Rock,lime-rock,2016-07-23,201607231505_Race,9,134,1,Lawson Aschenbach,56.090,23.298,20.333,12.459,94.6,2:15:50.116,56090,0,0,8
2016,13_Lime Rock,Lime Rock,lime-rock,2016-07-23,201607231505_Race,9,135,1,Lawson Aschenbach,55.589,22.852,20.107,12.630,95.4,2:16:45.705,55589,0,0,8
2016,13_Lime Rock,Lime Rock,lime-rock,2016-07-23,201607231505_Race,9,136,1,Lawson Aschenbach,55.342,22.851,20.175,12.316,95.8,2:17:41.047,55342,0,0,8
2016,13_Lime Rock,Lime Rock,lime-rock,2016-07-23,201607231505_Race,9,137,1,Lawson Aschenbach,55.621,23.204,20.016,12.401,95.3,2:18:36.668,55621,0,0,8
2016,13_Lime Rock,Lime Rock,lime-rock,2016-07-23,201607231505_Race,9,138,1,Lawson Aschenbach,56.332,22.925,20.418,12.989,94.1,2:19:33.000,56332,0,0,8
2016,13_Lime Rock,Lime Rock,lime-rock,2016-07-23,201607231505_Race,9,139,1,Lawson Aschenbach,55.138,22.854,19.897,12.387,96.2,2:20:28.138,55138,0,0,8
2016,13_Lime Rock,Lime Rock,lime-rock,2016-07-23,201607231505_Race,9,140,1,Lawson Aschenbach,55.277,22.891,20.008,12.378,96.0,2:21:23.415,55277,0,0,8
2016,13_Lime Rock,Lime Rock,lime-rock,2016-07-23,201607231505_Race,9,141,1,Lawson Aschenbach,55.975,22.882,20.540,12.553,94.8,2:22:19.390,55975,0,0,8
2016,13_Lime Rock,Lime Rock,lime-rock,2016-07-23,201607231505_Race,9,142,1,Lawson Aschenbach,55.273,22.856,20.007,12.410,96.0,2:23:14.663,55273,0,0,8
2016,13_Lime Rock,Lime Rock,lime-rock,2016-07-23,201607231505_Race,9,143,1,Lawson Aschenbach,56.051,23.198,20.390,12.463,94.6,2:24:10.714,56051,0,0,8
2016,13_Lime Rock,Lime Rock,lime-rock,2016-07-23,201607231505_Race,9,144,1,Lawson Aschenbach,56.074,23.393,20.219,12.462,94.6,2:25:06.788,56074,0,0,8
2016,13_Lime Rock,Lime Rock,lime-rock,2016-07-23,201607231505_Race,9,145,1,Lawson Aschenbach,56.664,23.182,20.882,12.600,93.6,2:26:03.452,56664,0,0,8
2016,13_Lime Rock,Lime Rock,lime-rock,2016-07-23,201607231505_Race,9,146,1,Lawson Aschenbach,55.259,22.775,20.058,12.426,96.0,2:26:58.711,55259,0,0,8
2016,13_Lime Rock,Lime Rock,lime-rock,2016-07-23,201607231505_Race,9,147,1,Lawson Aschenbach,56.056,23.389,20.204,12.463,94.6,2:27:54.767,56056,0,0,8
2016,13_Lime Rock,Lime Rock,lime-rock,2016-07-23,201607231505_Race,9,148,1,Lawson Aschenbach,55.647,23.082,20.106,12.459,95.3,2:28:50.414,55647,0,0,8
2016,13_Lime Rock,Lime Rock,lime-rock,2016-07-23,201607231505_Race,9,149,1,Lawson Aschenbach,56.292,23.603,20.102,12.587,94.2,2:29:46.706,56292,0,0,8
2016,13_Lime Rock,Lime Rock,lime-rock,2016-07-23,201607231505_Race,9,150,1,Lawson Aschenbach,55.310,22.922,19.904,12.484,95.9,2:30:42.016,55310,0,0,8
2016,13_Lime Rock,Lime Rock,lime-rock,2016-07-23,201607231505_Race,9,151,1,Lawson Aschenbach,55.692,23.143,20.149,12.400,95.2,2:31:37.708,55692,0,0,8
2016,13_Lime Rock,Lime Rock,lime-rock,2016-07-23,201607231505_Race,9,152,1,Lawson Aschenbach,55.281,22.928,19.934,12.419,96.0,2:32:32.989,55281,0,0,8
2016,13_Lime Rock,Lime Rock,lime-rock,2016-07-23,201607231505_Race,9,153,1,Lawson Aschenbach,55.294,22.945,20.013,12.336,95.9,2:33:28.283,55294,0,0,8
2016,13_Lime Rock,Lime Rock,lime-rock,2016-07-23,201607231505_Race,9,154,1,Lawson Aschenbach,55.404,22.852,20.203,12.349,95.7,2:34:23.687,55404,0,0,8
2016,13_Lime Rock,Lime Rock,lime-rock,2016-07-23,201607231505_Race,9,155,1,Lawson Aschenbach,55.189,22.870,19.927,12.392,96.1,2:35:18.876,55189,0,0,8
2016,13_Lime Rock,Lime Rock,lime-rock,2016-07-23,201607231505_Race,9,156,1,Lawson Aschenbach,55.341,22.848,19.973,12.520,95.8,2:36:14.217,55341,0,0,8
2016,13_Lime Rock,Lime Rock,lime-rock,2016-07-23,201607231505_Race,9,157,1,Lawson Aschenbach,55.729,23.114,20.256,12.359,95.1,2:37:09.946,55729,0,0,9
2016,13_Lime Rock,Lime Rock,lime-rock,2016-07-23,201607231505_Race,9,158,1,Lawson Aschenbach,55.333,22.944,19.991,12.398,95.8,2:38:05.279,55333,0,0,9
2016,13_Lime Rock,Lime Rock,lime-rock,2016-07-23,201607231505_Race,9,159,1,Lawson Aschenbach,56.513,23.143,20.666,12.704,93.8,2:39:01.792,56513,0,0,9
2016,13_Lime Rock,Lime Rock,lime-rock,2016-07-23,201607231505_Race,9,160,1,Lawson Aschenbach,55.776,23.123,20.146,12.507,95.1,2:39:57.568,55776,0,0,9
2016,13_Lime Rock,Lime Rock,lime-rock,2016-07-23,201607231505_Race,9,161,1,Lawson Aschenbach,55.941,23.340,20.085,12.516,94.8,2:40:53.509,55941,0,0,9
2016,13_Lime Rock,Lime Rock,lime-rock,2016-07-23,201607231505_Race,16,1,2,Spencer Pumpelly,1:32.549,43.986,27.066,21.497,57.3,1:32.549,,,0,9
2016,13_Lime Rock,Lime Rock,lime-rock,2016-07-23,201607231505_Race,16,2,2,Spencer Pumpelly,1:07.107,29.202,24.728,13.177,79.1,2:39.656,67107,0,0,9
2016,13_Lime Rock,Lime Rock,lime-rock,2016-07-23,201607231505_Race,16,3,2,Spencer Pumpelly,57.769,23.464,21.799,12.506,91.8,3:37.425,57769,0,0,9
2016,13_Lime Rock,Lime Rock,lime-rock,2016-07-23,201607231505_Race,16,4,2,Spencer Pumpelly,54.403,22.598,19.649,12.156,97.5,4:31.828,54403,0,0,9
2016,13_Lime Rock,Lime Rock,lime-rock,2016-07-23,201607231505_Race,16,5,2,Spencer Pumpelly,55.449,22.735,20.115,12.599,95.6,5:27.277,55449,0,0,9
2016,13_Lime Rock,Lime Rock,lime-rock,2016-07-23,201607231505_Race,16,6,2,Spencer Pumpelly,54.614,22.375,19.686,12.553,97.1,6:21.891,54614,0,0,9
2016,13_Lime Rock,Lime Rock,lime-rock,2016-07-23,201607231505_Race,16,7,2,Spencer Pumpelly,1:17.841,23.458,21.511,32.872,68.1,7:39.732,77841,0,0,9
2016,13_Lime Rock,Lime Rock,lime-rock,2016-07-23,201607231505_Race,16,8,2,Spencer Pumpelly,1:36.795,32.170,34.420,30.205,54.8,9:16.527,96795,0,0,9
2016,13_Lime Rock,Lime Rock,lime-rock,2016-07-23,201607231505_Race,16,9,2,Spencer Pumpelly,1:33.229,32.925,34.003,26.301,56.9,10:49.756,93229,0,0,9
2016,13_Lime Rock,Lime Rock,lime-rock,2016-07-23,201607231505_Race,16,10,2,Spencer Pumpelly,1:32.642,31.570,32.791,28.281,57.2,12:22.398,92642,0,0,9
2016,13_Lime Rock,Lime Rock,lime-rock,2016-07-23,201607231505_Race,16,11,2,Spencer Pumpelly,1:29.179,29.565,31.060,28.554,59.5,13:51.577,89179,0,0,9
2016,13_Lime Rock,Lime Rock,lime-rock,2016-07-23,201607231505_Race,16,12,2,Spencer Pumpelly,1:29.014,30.628,32.766,25.620,59.5,15:20.591,89014,0,0,9
2016,13_Lime Rock,Lime Rock,lime-rock,2016-07-23,201607231505_Race,16,13,2,Spencer Pumpelly,1:11.099,27.288,30.370,13.441,74.6,16:31.690,71099,0,0,9
2016,13_Lime Rock,Lime Rock,lime-rock,2016-07-23,201607231505_Race,16,14,2,Spencer Pumpelly,54.656,22.835,19.626,12.195,97.0,17:26.346,54656,0,0,9
2016,13_Lime Rock,Lime Rock,lime-rock,2016-07-23,201607231505_Race,16,15,2,Spencer Pumpelly,54.043,22.376,19.507,12.160,98.1,18:20.389,54043,0,0,9
2016,13_Lime Rock,Lime Rock,lime-rock,2016-07-23,201607231505_Race,16,16,2,Spencer Pumpelly,54.206,22.467,19.537,12.202,97.8,19:14.595,54206,0,0,9
2016,13_Lime Rock,Lime Rock,lime-rock,2016-07-23,201607231505_Race,16,17,2,Spencer Pumpelly,54.306,22.410,19.659,12.237,97.7,20:08.901,54306,0,0,9
2016,13_Lime Rock,Lime Rock,lime-rock,2016-07-23,201607231505_Race,16,18,2,Spencer Pumpelly,54.434,22.676,19.519,12.239,97.4,21:03.335,54434,0,0,9
2016,13_Lime Rock,Lime Rock,lime-rock,2016-07-23,201607231505_Race,16,19,2,Spencer Pumpelly,53.948,22.215,19.524,12.209,98.3,21:57.283,53948,0,0,9
2016,13_Lime Rock,Lime Rock,lime-rock,2016-07-23,201607231505_Race,16,20,2,Spencer Pumpelly,54.297,22.440,19.651,12.206,97.7,22:51.580,54297,0,0,9
2016,13_Lime Rock,Lime Rock,lime-rock,2016-07-23,201607231505_Race,16,21,2,Spencer Pumpelly,54.430,22.464,19.656,12.310,97.4,23:46.010,54430,0,0,9
2016,13_Lime Rock,Lime Rock,lime-rock,2016-07-23,201607231505_Race,16,22,2,Spencer Pumpelly,54.255,22.489,19.573,12.193,97.8,24:40.265,54255,0,0,9
2016,13_Lime Rock,Lime Rock,lime-rock,2016-07-23,201607231505_Race,16,23,2,Spencer Pumpelly,54.579,22.568,19.726,12.285,97.2,25:34.844,54579,0,0,9
2016,13_Lime Rock,Lime Rock,lime-rock,2016-07-23,201607231505_Race,16,24,2,Spencer Pumpelly,54.249,22.509,19.533,12.207,97.8,26:29.093,54249,0,0,9
2016,13_Lime Rock,Lime Rock,lime-rock,2016-07-23,201607231505_Race,16,25,2,Spencer Pumpelly,54.157,22.360,19.599,12.198,97.9,27:23.250,54157,0,0,9
2016,13_Lime Rock,Lime Rock,lime-rock,2016-07-23,201607231505_Race,16,26,2,Spencer Pumpelly,55.034,22.876,19.744,12.414,96.4,28:18.284,55034,0,0,9
2016,13_Lime Rock,Lime Rock,lime-rock,2016-07-23,201607231505_Race,16,27,2,Spencer Pumpelly,1:11.111,23.866,28.256,18.989,74.6,29:29.395,71111,0,0,9
2016,13_Lime Rock,Lime Rock,lime-rock,2016-07-23,201607231505_Race,16,28,2,Spencer Pumpelly,1:31.677,33.233,33.464,24.980,57.9,31:01.072,91677,0,0,9
2016,13_Lime Rock,Lime Rock,lime-rock,2016-07-23,201607231505_Race,16,29,2,Spencer Pumpelly,2:06.123,34.022,31.257,1:00.844,42.0,33:07.195,126123,0,1,9
2016,13_Lime Rock,Lime Rock,lime-rock,2016-07-23,201607231505_Race,16,30,1,Corey Lewis,1:06.279,32.801,20.809,12.669,80.0,34:13.474,66279,0,0,9
2016,13_Lime Rock,Lime Rock,lime-rock,2016-07-23,201607231505_Race,16,31,1,Corey Lewis,54.586,22.785,19.495,12.306,97.1,35:08.060,54586,0,0,9
2016,13_Lime Rock,Lime Rock,lime-rock,2016-07-23,201607231505_Race,16,32,1,Corey Lewis,54.389,22.406,19.630,12.353,97.5,36:02.449,54389,0,0,9
2016,13_Lime Rock,Lime Rock,lime-rock,2016-07-23,201607231505_Race,16,33,1,Corey Lewis,54.431,22.449,19.666,12.316,97.4,36:56.880,54431,0,0,9
2016,13_Lime Rock,Lime Rock,lime-rock,2016-07-23,201607231505_Race,16,34,1,Corey Lewis,55.266,22.712,19.852,12.702,96.0,37:52.146,55266,0,0,9
2016,13_Lime Rock,Lime Rock,lime-rock,2016-07-23,201607231505_Race,16,35,1,Corey Lewis,55.310,22.562,20.311,12.437,95.9,38:47.456,55310,0,0,9
2016,13_Lime Rock,Lime Rock,lime-rock,2016-07-23,201607231505_Race,16,36,1,Corey Lewis,55.217,22.978,19.925,12.314,96.1,39:42.673,55217,0,0,9
2016,13_Lime Rock,Lime Rock,lime-rock,2016-07-23,201607231505_Race,16,37,1,Corey Lewis,55.803,23.347,20.115,12.341,95.0,40:38.476,55803,0,0,9
2016,13_Lime Rock,Lime Rock,lime-rock,2016-07-23,201607231505_Race,16,38,1,Corey Lewis,55.223,22.610,20.092,12.521,96.0,41:33.699,55223,0,0,9
2016,13_Lime Rock,Lime Rock,lime-rock,2016-07-23,201607231505_Race,16,39,1,Corey Lewis,55.172,22.789,19.955,12.428,96.1,42:28.871,55172,0,0,9
2016,13_Lime Rock,Lime Rock,lime-rock,2016-07-23,201607231505_Race,16,40,1,Corey Lewis,56.122,23.186,20.609,12.327,94.5,43:24.993,56122,0,0,9
2016,13_Lime Rock,Lime Rock,lime-rock,2016-07-23,201607231505_Race,16,41,1,Corey Lewis,56.048,23.085,20.351,12.612,94.6,44:21.041,56048,0,0,9
2016,13_Lime Rock,Lime Rock,lime-rock,2016-07-23,201607231505_Race,16,42,1,Corey Lewis,1:18.352,25.427,30.339,22.586,67.7,45:39.393,78352,0,0,9
2016,13_Lime Rock,Lime Rock,lime-rock,2016-07-23,201607231505_Race,16,43,1,Corey Lewis,1:28.907,31.817,34.117,22.973,59.7,47:08.300,88907,0,0,9
2016,13_Lime Rock,Lime Rock,lime-rock,2016-07-23,201607231505_Race,16,44,1,Corey Lewis,1:03.319,28.620,21.319,13.380,83.8,48:11.619,63319,0,0,9
2016,13_Lime Rock,Lime Rock,lime-rock,2016-07-23,201607231505_Race,16,45,1,Corey Lewis,1:09.657,23.861,20.935,24.861,76.1,49:21.276,69657,0,0,9
2016,13_Lime Rock,Lime Rock,lime-rock,2016-07-23,201607231505_Race,16,46,1,Corey Lewis,1:15.910,29.974,33.263,12.673,69.9,50:37.186,75910,0,0,9
2016,13_Lime Rock,Lime Rock,lime-rock,2016-07-23,201607231505_Race,16,47,1,Corey Lewis,1:00.386,25.020,22.264,13.102,87.8,51:37.572,60386,0,0,9
2016,13_Lime Rock,Lime Rock,lime-rock,2016-07-23,201607231505_Race,16,48,1,Corey Lewis,57.276,23.271,21.527,12.478,92.6,52:34.848,57276,0,0,9
2016,13_Lime Rock,Lime Rock,lime-rock,2016-07-23,201607231505_Race,16,49,1,Corey Lewis,54.848,22.726,19.761,12.361,96.7,53:29.696,54848,0,0,9
2016,13_Lime Rock,Lime Rock,lime-rock,2016-07-23,201607231505_Race,16,50,1,Corey Lewis,54.525,22.617,19.653,12.255,97.3,54:24.221,54525,0,0,9
2016,13_Lime Rock,Lime Rock,lime-rock,2016-07-23,201607231505_Race,16,51,1,Corey Lewis,55.169,22.733,20.050,12.386,96.1,55:19.390,55169,0,0,9
2016,13_Lime Rock,Lime Rock,lime-rock,2016-07-23,201607231505_Race,16,52,1,Corey Lewis,54.838,22.670,19.771,12.397,96.7,56:14.228,54838,0,0,9
2016,13_Lime Rock,Lime Rock,lime-rock,2016-07-23,201607231505_Race,16,53,1,Corey Lewis,54.700,22.774,19.585,12.341,96.9,57:08.928,54700,0,0,9
2016,13_Lime Rock,Lime Rock,lime-rock,2016-07-23,201607231505_Race,16,54,1,Corey Lewis,54.770,22.604,19.842,12.324,96.8,58:03.698,54770,0,0,9
2016,13_Lime Rock,Lime Rock,lime-rock,2016-07-23,201607231505_Race,16,55,1,Corey Lewis,55.145,22.792,19.924,12.429,96.2,58:58.843,55145,0,0,9
2016,13_Lime Rock,Lime Rock,lime-rock,2016-07-23,201607231505_Race,16,56,1,Corey Lewis,56.594,23.648,20.463,12.483,93.7,59:55.437,56594,0,0,9
2016,13_Lime Rock,Lime Rock,lime-rock,2016-07-23,201607231505_Race,16,57,1,Corey Lewis,55.962,23.051,20.170,12.741,94.8,1:00:51.399,55962,0,0,9
2016,13_Lime Rock,Lime Rock,lime-rock,2016-07-23,201607231505_Race,16,58,1,Corey Lewis,55.590,22.892,19.967,12.731,95.4,1:01:46.989,55590,0,0,9
2016,13_Lime Rock,Lime Rock,lime-rock,2016-07-23,201607231505_Race,16,59,1,Corey Lewis,55.215,22.800,20.015,12.400,96.1,1:02:42.204,55215,0,0,9
2016,13_Lime Rock,Lime Rock,lime-rock,2016-07-23,201607231505_Race,16,60,1,Corey Lewis,55.972,22.906,20.772,12.294,94.8,1:03:38.176,55972,0,0,9
2016,13_Lime Rock,Lime Rock,lime-rock,2016-07-23,201607231505_Race,16,61,1,Corey Lewis,57.240,23.295,20.216,13.729,92.7,1:04:35.416,57240,0,0,9
2016,13_Lime Rock,Lime Rock,lime-rock,2016-07-23,201607231505_Race,16,62,1,Corey Lewis,58.198,23.739,21.705,12.754,91.1,1:05:33.614,58198,0,0,9
2016,13_Lime Rock,Lime Rock,lime-rock,2016-07-23,201607231505_Race,16,63,1,Corey Lewis,55.271,22.787,19.939,12.545,96.0,1:06:28.885,55271,0,0,9
2016,13_Lime Rock,Lime Rock,lime-rock,2016-07-23,201607231505_Race,16,64,1,Corey Lewis,55.360,22.887,20.123,12.350,95.8,1:07:24.245,55360,0,0,9
2016,13_Lime Rock,Lime Rock,lime-rock,2016-07-23,201607231505_Race,16,65,1,Corey Lewis,57.333,22.957,21.792,12.584,92.5,1:08:21.578,57333,0,0,9
2016,13_Lime Rock,Lime Rock,lime-rock,2016-07-23,201607231505_Race,16,66,1,Corey Lewis,54.887,22.630,19.994,12.263,96.6,1:09:16.465,54887,0,0,9
2016,13_Lime Rock,Lime Rock,lime-rock,2016-07-23,201607231505_Race,16,67,1,Corey Lewis,54.873,22.755,19.817,12.301,96.6,1:10:11.338,54873,0,0,9
2016,13_Lime Rock,Lime Rock,lime-rock,2016-07-23,201607231505_Race,16,68,1,Corey Lewis,54.637,22.600,19.727,12.310,97.1,1:11:05.975,54637,0,0,9
2016,13_Lime Rock,Lime Rock,lime-rock,2016-07-23,201607231505_Race,16,69,1,Corey Lewis,55.421,22.810,20.165,12.446,95.7,1:12:01.396,55421,0,0,9
2016,13_Lime Rock,Lime Rock,lime-rock,2016-07-23,201607231505_Race,16,70,1,Corey Lewis,54.850,22.695,19.633,12.522,96.7,1:12:56.246,54850,0,0,9
2016,13_Lime Rock,Lime Rock,lime-rock,2016-07-23,201607231505_Race,16,71,1,Corey Lewis,55.089,22.884,19.778,12.427,96.3,1:13:51.335,55089,0,0,9
2016,13_Lime Rock,Lime Rock,lime-rock,2016-07-23,201607231505_Race,16,72,1,Corey Lewis,55.933,23.129,20.360,12.444,94.8,1:14:47.268,55933,0,0,9
2016,13_Lime Rock,Lime Rock,lime-rock,2016-07-23,201607231505_Race,16,73,1,Corey Lewis,55.523,23.333,19.861,12.329,95.5,1:15:42.791,55523,0,0,9
2016,13_Lime Rock,Lime Rock,lime-rock,2016-07-23,201607231505_Race,16,74,1,Corey Lewis,55.332,22.930,19.942,12.460,95.8,1:16:38.123,55332,0,0,9
2016,13_Lime Rock,Lime Rock,lime-rock,2016-07-23,201607231505_Race,16,75,1,Corey Lewis,55.271,22.920,19.842,12.509,96.0,1:17:33.394,55271,0,0,9
2016,13_Lime Rock,Lime Rock,lime-rock,2016-07-23,201607231505_Race,16,76,1,Corey Lewis,55.333,22.980,20.002,12.351,95.8,1:18:28.727,55333,0,0,9
2016,13_Lime Rock,Lime Rock,lime-rock,2016-07-23,201607231505_Race,16,77,1,Corey Lewis,55.082,22.938,19.808,12.336,96.3,1:19:23.809,55082,0,0,9
2016,13_Lime Rock,Lime Rock,lime-rock,2016-07-23,201607231505_Race,16,78,1,Corey Lewis,55.525,22.912,20.153,12.460,95.5,1:20:19.334,55525,0,0,9
2016,13_Lime Rock,Lime Rock,lime-rock,2016-07-23,201607231505_Race,16,79,1,Corey Lewis,55.261,22.939,19.871,12.451,96.0,1:21:14.595,55261,0,0,9
2016,13_Lime Rock,Lime Rock,lime-rock,2016-07-23,201607231505_Race,16,80,1,Corey Lewis,55.401,22.982,20.032,12.387,95.7,1:22:09.996,55401,0,0,9
2016,13_Lime Rock,Lime Rock,lime-rock,2016-07-23,201607231505_Race,16,81,1,Corey Lewis,55.673,23.148,20.056,12.469,95.3,1:23:05.669,55673,0,0,9
2016,13_Lime Rock,Lime Rock,lime-rock,2016-07-23,201607231505_Race,16,82,1,Corey Lewis,55.807,23.218,20.149,12.440,95.0,1:24:01.476,55807,0,0,9
2016,13_Lime Rock,Lime Rock,lime-rock,2016-07-23,201607231505_Race,16,83,1,Corey Lewis,58.299,23.347,21.948,13.004,91.0,1:24:59.775,58299,0,0,9
2016,13_Lime Rock,Lime Rock,lime-rock,2016-07-23,201607231505_Race,16,84,1,Corey Lewis,56.262,23.674,20.084,12.504,94.3,1:25:56.037,56262,0,0,9
2016,13_Lime Rock,Lime Rock,lime-rock,2016-07-23,201607231505_Race,16,85,1,Corey Lewis,55.757,23.168,20.043,12.546,95.1,1:26:51.794,55757,0,0,9
2016,13_Lime Rock,Lime Rock,lime-rock,2016-07-23,201607231505_Race,16,86,1,Corey Lewis,57.435,23.815,21.010,12.610,92.3,1:27:49.229,57435,0,0,9
2016,13_Lime Rock,Lime Rock,lime-rock,2016-07-23,201607231505_Race,16,87,1,Corey Lewis,57.117,23.878,20.111,13.128,92.8,1:28:46.346,57117,0,0,9
2016,13_Lime Rock,Lime Rock,lime-rock,2016-07-23,201607231505_Race,16,88,1,Corey Lewis,58.408,23.655,21.054,13.699,90.8,1:29:44.754,58408,0,0,9
2016,13_Lime Rock,Lime Rock,lime-rock,2016-07-23,201607231505_Race,16,89,1,Corey Lewis,1:27.618,25.184,32.755,29.679,60.5,1:31:12.372,87618,0,0,9
2016,13_Lime Rock,Lime Rock,lime-rock,2016-07-23,201607231505_Race,16,90,1,Corey Lewis,1:00.118,25.922,20.809,13.387,88.2,1:32:12.490,60118,0,0,9
2016,13_Lime Rock,Lime Rock,lime-rock,2016-07-23,201607231505_Race,16,91,1,Corey Lewis,59.630,24.397,21.667,13.566,88.9,1:33:12.120,59630,0,0,9
2016,13_Lime Rock,Lime Rock,lime-rock,2016-07-23,201607231505_Race,16,92,1,Corey Lewis,1:18.372,25.014,32.636,20.722,67.7,1:34:30.492,78372,0,0,9
2016,13_Lime Rock,Lime Rock,lime-rock,2016-07-23,201607231505_Race,16,93,1,Corey Lewis,2:12.969,33.233,32.234,1:07.502,39.8,1:36:43.461,132969,0,1,9
2016,13_Lime Rock,Lime Rock,lime-rock,2016-07-23,201607231505_Race,16,94,2,Spencer Pumpelly,1:13.957,33.096,24.326,16.535,71.7,1:37:57.418,73957,0,0,9
2016,13_Lime Rock,Lime Rock,lime-rock,2016-07-23,201607231505_Race,16,95,2,Spencer Pumpelly,1:30.704,29.273,33.554,27.877,58.5,1:39:28.122,90704,0,0,9
2016,13_Lime Rock,Lime Rock,lime-rock,2016-07-23,201607231505_Race,16,96,2,Spencer Pumpelly,1:31.211,38.936,38.545,13.730,58.1,1:40:59.333,91211,0,0,9
2016,13_Lime Rock,Lime Rock,lime-rock,2016-07-23,201607231505_Race,16,97,2,Spencer Pumpelly,54.829,22.828,19.701,12.300,96.8,1:41:54.162,54829,0,0,9
2016,13_Lime Rock,Lime Rock,lime-rock,2016-07-23,201607231505_Race,16,98,2,Spencer Pumpelly,54.284,22.354,19.610,12.320,97.7,1:42:48.446,54284,0,0,9
2016,13_Lime Rock,Lime Rock,lime-rock,2016-07-23,201607231505_Race,16,99,2,Spencer Pumpelly,55.233,22.350,20.279,12.604,96.0,1:43:43.679,55233,0,0,9
2016,13_Lime Rock,Lime Rock,lime-rock,2016-07-23,201607231505_Race,16,100,2,Spencer Pumpelly,55.451,22.251,21.040,12.160,95.6,1:44:39.130,55451,0,0,9
2016,13_Lime Rock,Lime Rock,lime-rock,2016-07-23,201607231505_Race,16,101,2,Spencer Pumpelly,53.547,22.018,19.419,12.110,99.1,1:45:32.677,53547,0,0,9
2016,13_Lime Rock,Lime Rock,lime-rock,2016-07-23,201607231505_Race,16,102,2,Spencer Pumpelly,53.659,22.024,19.406,12.229,98.8,1:46:26.336,53659,0,0,9
2016,13_Lime Rock,Lime Rock,lime-rock,2016-07-23,201607231505_Race,16,103,2,Spencer Pumpelly,54.648,22.785,19.600,12.263,97.1,1:47:20.984,54648,0,0,9
2016,13_Lime Rock,Lime Rock,lime-rock,2016-07-23,201607231505_Race,16,104,2,Spencer Pumpelly,53.735,22.192,19.397,12.146,98.7,1:48:14.719,53735,0,0,9
2016,13_Lime Rock,Lime Rock,lime-rock,2016-07-23,201607231505_Race,16,105,2,Spencer Pumpelly,54.047,22.420,19.545,12.082,98.1,1:49:08.766,54047,0,0,9
2016,13_Lime Rock,Lime Rock,lime-rock,2016-07-23,201607231505_Race,16,106,2,Spencer Pumpelly,53.999,22.224,19.431,12.344,98.2,1:50:02.765,53999,0,0,9
2016,13_Lime Rock,Lime Rock,lime-rock,2016-07-23,201607231505_Race,16,107,2,Spencer Pumpelly,54.381,22.300,19.566,12.515,97.5,1:50:57.146,54381,0,0,9
2016,13_Lime Rock,Lime Rock,lime-rock,2016-07-23,201607231505_Race,16,108,2,Spencer Pumpelly,54.167,22.388,19.647,12.132,97.9,1:51:51.313,54167,0,0,9
2016,13_Lime Rock,Lime Rock,lime-rock,2016-07-23,201607231505_Race,16,109,2,Spencer Pumpelly,54.238,22.363,19.729,12.146,97.8,1:52:45.551,54238,0,0,9
2016,13_Lime Rock,Lime Rock,lime-rock,2016-07-23,201607231505_Race,16,110,2,Spencer Pumpelly,54.059,22.292,19.443,12.324,98.1,1:53:39.610,54059,0,0,10
2016,13_Lime Rock,Lime Rock,lime-rock,2016-07-23,201607231505_Race,16,111,2,Spencer Pumpelly,54.098,22.346,19.530,12.222,98.1,1:54:33.708,54098,0,0,10
2016,13_Lime Rock,Lime Rock,lime-rock,2016-07-23,201607231505_Race,16,112,2,Spencer Pumpelly,54.788,22.372,20.171,12.245,96.8,1:55:28.496,54788,0,0,10
2016,13_Lime Rock,Lime Rock,lime-rock,2016-07-23,201607231505_Race,16,113,2,Spencer Pumpelly,54.102,22.345,19.549,12.208,98.0,1:56:22.598,54102,0,0,10
2016,13_Lime Rock,Lime Rock,lime-rock,2016-07-23,201607231505_Race,16,114,2,Spencer Pumpelly,54.566,22.513,19.756,12.297,97.2,1:57:17.164,54566,0,0,10
2016,13_Lime Rock,Lime Rock,lime-rock,2016-07-23,201607231505_Race,16,115,2,Spencer Pumpelly,56.654,23.204,20.839,12.611,93.6,1:58:13.818,56654,0,0,10
2016,13_Lime Rock,Lime Rock,lime-rock,2016-07-23,201607231505_Race,16,116,2,Spencer Pumpelly,54.881,22.465,19.867,12.549,96.6,1:59:08.699,54881,0,0,10
2016,13_Lime Rock,Lime Rock,lime-rock,2016-07-23,201607231505_Race,16,117,2,Spencer Pumpelly,54.917,22.499,19.940,12.478,96.6,2:00:03.616,54917,0,0,10
2016,13_Lime Rock,Lime Rock,lime-rock,2016-07-23,201607231505_Race,16,118,2,Spencer Pumpelly,55.860,23.333,20.187,12.340,95.0,2:00:59.476,55860,0,0,10
2016,13_Lime Rock,Lime Rock,lime-rock,2016-07-23,201607231505_Race,16,119,2,Spencer Pumpelly,57.065,23.353,21.036,12.676,93.0,2:01:56.541,57065,0,0,10
2016,13_Lime Rock,Lime Rock,lime-rock,2016-07-23,201607231505_Race,16,120,2,Spencer Pumpelly,55.270,22.846,19.959,12.465,96.0,2:02:51.811,55270,0,0,10
2016,13_Lime Rock,Lime Rock,lime-rock,2016-07-23,201607231505_Race,16,121,2,Spencer Pumpelly,57.055,22.876,21.274,12.905,93.0,2:03:48.866,57055,0,0,10
2016,13_Lime Rock,Lime Rock,lime-rock,2016-07-23,201607231505_Race,16,122,2,Spencer Pumpelly,55.297,22.929,19.949,12.419,95.9,2:04:44.163,55297,0,0,10
2016,13_Lime Rock,Lime Rock,lime-rock,2016-07-23,201607231505_Race,16,123,2,Spencer Pumpelly,55.033,22.800,19.921,12.312,96.4,2:05:39.196,55033,0,0,10
2016,13_Lime Rock,Lime Rock,lime-rock,2016-07-23,201607231505_Race,16,124,2,Spencer Pumpelly,55.287,22.607,19.827,12.853,96.0,2:06:34.483,55287,0,0,10
2016,13_Lime Rock,Lime Rock,lime-rock,2016-07-23,201607231505_Race,16,125,2,Spencer Pumpelly,55.584,23.204,20.058,12.322,95.4,2:07:30.067,55584,0,0,10
2016,13_Lime Rock,Lime Rock,lime-rock,2016-07-23,201607231505_Race,16,126,2,Spencer Pumpelly,54.763,22.629,19.902,12.232,96.8,2:08:24.830,54763,0,0,10
2016,13_Lime Rock,Lime Rock,lime-rock,2016-07-23,201607231505_Race,16,127,2,Spencer Pumpelly,55.040,22.706,20.032,12.302,96.4,2:09:19.870,55040,0,0,10
2016,13_Lime Rock,Lime Rock,lime-rock,2016-07-23,201607231505_Race,16,128,2,Spencer Pumpelly,55.264,22.972,19.904,12.388,96.0,2:10:15.134,55264,0,0,10
2016,13_Lime Rock,Lime Rock,lime-rock,2016-07-23,201607231505_Race,16,129,2,Spencer Pumpelly,55.468,23.034,20.070,12.364,95.6,2:11:10.602,55468,0,0,10
2016,13_Lime Rock,Lime Rock,lime-rock,2016-07-23,201607231505_Race,16,130,2,Spencer Pumpelly,55.939,23.369,20.263,12.307,94.8,2:12:06.541,55939,0,0,10
2016,13_Lime Rock,Lime Rock,lime-rock,2016-07-23,201607231505_Race,16,131,2,Spencer Pumpelly,55.866,22.794,20.451,12.621,95.0,2:13:02.407,55866,0,0,10
2016,13_Lime Rock,Lime Rock,lime-rock,2016-07-23,201607231505_Race,16,132,2,Spencer Pumpelly,56.991,24.090,20.482,12.419,93.0,2:13:59.398,56991,0,0,10
2016,13_Lime Rock,Lime Rock,lime-rock,2016-07-23,201607231505_Race,16,133,2,Spencer Pumpelly,55.246,22.984,19.946,12.316,96.0,2:14:54.644,55246,0,0,10
2016,13_Lime Rock,Lime Rock,lime-rock,2016-07-23,201607231505_Race,16,134,2,Spencer Pumpelly,55.794,23.050,20.327,12.417,95.1,2:15:50.438,55794,0,0,10
2016,13_Lime Rock,Lime Rock,lime-rock,2016-07-23,201607231505_Race,16,135,2,Spencer Pumpelly,57.185,23.035,20.637,13.513,92.7,2:16:47.623,57185,0,0,10
2016,13_Lime Rock,Lime Rock,lime-rock,2016-07-23,201607231505_Race,16,136,2,Spencer Pumpelly,55.145,22.805,19.943,12.397,96.2,2:17:42.768,55145,0,0,10
2016,13_Lime Rock,Lime Rock,lime-rock,2016-07-23,201607231505_Race,16,137,2,Spencer Pumpelly,55.421,23.021,19.988,12.412,95.7,2:18:38.189,55421,0,0,10
2016,13_Lime Rock,Lime Rock,lime-rock,2016-07-23,201607231505_Race,16,138,2,Spencer Pumpelly,55.897,22.858,20.231,12.808,94.9,2:19:34.086,55897,0,0,10
2016,13_Lime Rock,Lime Rock,lime-rock,2016-07-23,201607231505_Race,16,139,2,Spencer Pumpelly,55.673,23.054,20.163,12.456,95.3,2:20:29.759,55673,0,0,10
2016,13_Lime Rock,Lime Rock,lime-rock,2016-07-23,201607231505_Race,16,140,2,Spencer Pumpelly,56.367,23.206,20.293,12.868,94.1,2:21:26.126,56367,0,0,10
2016,13_Lime Rock,Lime Rock,lime-rock,2016-07-23,201607231505_Race,16,141,2,Spencer Pumpelly,55.957,23.222,20.221,12.514,94.8,2:22:22.083,55957,0,0,10
2016,13_Lime Rock,Lime Rock,lime-rock,2016-07-23,201607231505_Race,16,142,2,Spencer Pumpelly,55.966,23.015,20.411,12.540,94.8,2:23:18.049,55966,0,0,10
2016,13_Lime Rock,Lime Rock,lime-rock,2016-07-23,201607231505_Race,16,143,2,Spencer Pumpelly,56.088,23.286,20.197,12.605,94.6,2:24:14.137,56088,0,0,10
2016,13_Lime Rock,Lime Rock,lime-rock,2016-07-23,201607231505_Race,16,144,2,Spencer Pumpelly,57.775,23.783,20.878,13.114,91.8,2:25:11.912,57775,0,0,10
2016,13_Lime Rock,Lime Rock,lime-rock,2016-07-23,201607231505_Race,16,145,2,Spencer Pumpelly,55.798,23.304,19.976,12.518,95.0,2:26:07.710,55798,0,0,10
2016,13_Lime Rock,Lime Rock,lime-rock,2016-07-23,201607231505_Race,16,146,2,Spencer Pumpelly,56.680,23.169,20.808,12.703,93.6,2:27:04.390,56680,0,0,10
2016,13_Lime Rock,Lime Rock,lime-rock,2016-07-23,201607231505_Race,16,147,2,Spencer Pumpelly,55.625,23.196,20.004,12.425,95.3,2:28:00.015,55625,0,0,10
2016,13_Lime Rock,Lime Rock,lime-rock,2016-07-23,201607231505_Race,16,148,2,Spencer Pumpelly,55.687,22.967,20.147,12.573,95.3,2:28:55.702,55687,0,0,10
2016,13_Lime Rock,Lime Rock,lime-rock,2016-07-23,201607231505_Race,16,149,2,Spencer Pumpelly,55.941,23.116,20.226,12.599,94.8,2:29:51.643,55941,0,0,10
2016,13_Lime Rock,Lime Rock,lime-rock,2016-07-23,201607231505_Race,16,150,2,Spencer Pumpelly,55.728,23.100,20.002,12.626,95.1,2:30:47.371,55728,0,0,10
2016,13_Lime Rock,Lime Rock,lime-rock,2016-07-23,201607231505_Race,16,151,2,Spencer Pumpelly,55.688,23.132,20.042,12.514,95.3,2:31:43.059,55688,0,0,10
2016,13_Lime Rock,Lime Rock,lime-rock,2016-07-23,201607231505_Race,16,152,2,Spencer Pumpelly,56.414,23.194,20.557,12.663,94.0,2:32:39.473,56414,0,0,10
2016,13_Lime Rock,Lime Rock,lime-rock,2016-07-23,201607231505_Race,16,153,2,Spencer Pumpelly,56.798,23.243,20.849,12.706,93.4,2:33:36.271,56798,0,0,10
2016,13_Lime Rock,Lime Rock,lime-rock,2016-07-23,201607231505_Race,16,154,2,Spencer Pumpelly,56.171,23.255,20.198,12.718,94.4,2:34:32.442,56171,0,0,10
2016,13_Lime Rock,Lime Rock,lime-rock,2016-07-23,201607231505_Race,16,155,2,Spencer Pumpelly,55.919,23.252,20.090,12.577,94.8,2:35:28.361,55919,0,0,10
2016,13_Lime Rock,Lime Rock,lime-rock,2016-07-23,201607231505_Race,16,156,2,Spencer Pumpelly,56.616,23.599,20.376,12.641,93.7,2:36:24.977,56616,0,0,10
2016,13_Lime Rock,Lime Rock,lime-rock,2016-07-23,201607231505_Race,16,157,2,Spencer Pumpelly,57.227,23.675,20.909,12.643,92.7,2:37:22.204,57227,0,0,10
2016,13_Lime Rock,Lime Rock,lime-rock,2016-07-23,201607231505_Race,16,158,2,Spencer Pumpelly,56.309,23.362,20.231,12.716,94.2,2:38:18.513,56309,0,0,10
2016,13_Lime Rock,Lime Rock,lime-rock,2016-07-23,201607231505_Race,16,159,2,Spencer Pumpelly,57.873,23.755,21.251,12.867,91.7,2:39:16.386,57873,0,0,10
2016,13_Lime Rock,Lime Rock,lime-rock,2016-07-23,201607231505_Race,16,160,2,Spencer Pumpelly,57.521,23.839,20.805,12.877,92.2,2:40:13.907,57521,0,0,10
2016,13_Lime Rock,Lime Rock,lime-rock,2016-07-23,201607231505_Race,16,161,2,Spencer Pumpelly,57.186,23.584,20.787,12.815,92.7,2:41:11.093,57186,0,0,10
2016,13_Lime Rock,Lime Rock,lime-rock,2016-07-23,201607231505_Race,20,1,1,Matthew McMurry,1:20.826,31.305,29.705,19.816,65.6,1:20.826,,,0,10
2016,13_Lime Rock,Lime Rock,lime-rock,2016-07-23,201607231505_Race,20,2,1,Matthew McMurry,1:15.530,29.013,26.064,20.453,70.2,2:36.356,75530,0,0,10
2016,13_Lime Rock,Lime Rock,lime-rock,2016-07-23,201607231505_Race,20,3,1,Matthew McMurry,53.917,22.991,19.415,11.511,98.4,3:30.273,53917,0,0,10
2016,13_Lime Rock,Lime Rock,lime-rock,2016-07-23,201607231505_Race,20,4,1,Matthew McMurry,51.864,21.431,18.918,11.515,102.3,4:22.137,51864,0,0,10
2016,13_Lime Rock,Lime Rock,lime-rock,2016-07-23,201607231505_Race,20,5,1,Matthew McMurry,51.002,21.190,18.466,11.346,104.0,5:13.139,51002,0,0,10
2016,13_Lime Rock,Lime Rock,lime-rock,2016-07-23,201607231505_Race,20,6,1,Matthew McMurry,51.127,21.151,18.507,11.469,103.7,6:04.266,51127,0,0,10
2016,13_Lime Rock,Lime Rock,lime-rock,2016-07-23,201607231505_Race,20,7,1,Matthew McMurry,1:22.600,21.840,30.275,30.485,64.2,7:26.866,82600,0,0,10
2016,13_Lime Rock,Lime Rock,lime-rock,2016-07-23,201607231505_Race,20,8,1,Matthew McMurry,1:34.244,34.869,32.970,26.405,56.2,9:01.110,94244,0,0,10
2016,13_Lime Rock,Lime Rock,lime-rock,2016-07-23,201607231505_Race,20,9,1,Matthew McMurry,1:32.838,33.893,32.306,26.639,57.1,10:33.948,92838,0,0,10
2016,13_Lime Rock,Lime Rock,lime-rock,2016-07-23,201607231505_Race,20,10,1,Matthew McMurry,1:31.386,34.475,30.134,26.777,58.0,12:05.334,91386,0,0,10
2016,13_Lime Rock,Lime Rock,lime-rock,2016-07-23,201607231505_Race,20,11,1,Matthew McMurry,1:28.359,32.564,30.086,25.709,60.0,13:33.693,88359,0,0,10
2016,13_Lime Rock,Lime Rock,lime-rock,2016-07-23,201607231505_Race,20,12,1,Matthew McMurry,1:30.715,34.357,31.384,24.974,58.4,15:04.408,90715,0,0,10
2016,13_Lime Rock,Lime Rock,lime-rock,2016-07-23,201607231505_Race,20,13,1,Matthew McMurry,1:21.108,32.243,32.602,16.263,65.4,16:25.516,81108,0,0,10
2016,13_Lime Rock,Lime Rock,lime-rock,2016-07-23,201607231505_Race,20,14,1,Matthew McMurry,52.107,21.769,18.917,11.421,101.8,17:17.623,52107,0,0,10
2016,13_Lime Rock,Lime Rock,lime-rock,2016-07-23,201607231505_Race,20,15,1,Matthew McMurry,50.858,20.970,18.589,11.299,104.3,18:08.481,50858,0,0,10
2016,13_Lime Rock,Lime Rock,lime-rock,2016-07-23,201607231505_Race,20,16,1,Matthew McMurry,50.544,20.837,18.407,11.300,105.0,18:59.025,50544,0,0,10
2016,13_Lime Rock,Lime Rock,lime-rock,2016-07-23,201607231505_Race,20,17,1,Matthew McMurry,50.569,20.871,18.384,11.314,104.9,19:49.594,50569,0,0,10
2016,13_Lime Rock,Lime Rock,lime-rock,2016-07-23,201607231505_Race,20,18,1,Matthew McMurry,50.628,20.902,18.387,11.339,104.8,20:40.222,50628,0,0,10
2016,13_Lime Rock,Lime Rock,lime-rock,2016-07-23,201607231505_Race,20,19,1,Matthew McMurry,51.629,21.346,18.737,11.546,102.7,21:31.851,51629,0,0,10
2016,13_Lime Rock,Lime Rock,lime-rock,2016-07-23,201607231505_Race,20,20,1,Matthew McMurry,50.820,20.983,18.491,11.346,104.3,22:22.671,50820,0,0,10
2016,13_Lime Rock,Lime Rock,lime-rock,2016-07-23,201607231505_Race,20,21,1,Matthew McMurry,50.544,20.912,18.354,11.278,105.0,23:13.215,50544,0,0,10
2016,13_Lime Rock,Lime Rock,lime-rock,2016-07-23,201607231505_Race,20,22,1,Matthew McMurry,50.895,21.146,18.397,11.352,104.2,24:04.110,50895,0,0,10
2016,13_Lime Rock,Lime Rock,lime-rock,2016-07-23,201607231505_Race,20,23,1,Matthew McMurry,52.664,22.203,19.145,11.316,100.7,24:56.774,52664,0,0,10
2016,13_Lime Rock,Lime Rock,lime-rock,2016-07-23,201607231505_Race,20,24,1,Matthew McMurry,51.039,20.985,18.672,11.382,103.9,25:47.813,51039,0,0,10
2016,13_Lime Rock,Lime Rock,lime-rock,2016-07-23,201607231505_Race,20,25,1,Matthew McMurry,53.211,22.671,19.091,11.449,99.7,26:41.024,53211,0,0,10
2016,13_Lime Rock,Lime Rock,lime-rock,2016-07-23,201607231505_Race,20,26,1,Matthew McMurry,52.250,21.900,18.949,11.401,101.5,27:33.274,52250,0,0,10
2016,13_Lime Rock,Lime Rock,lime-rock,2016-07-23,201607231505_Race,20,27,1,Matthew McMurry,56.332,21.418,20.971,13.943,94.1,28:29.606,56332,0,0,10
2016,13_Lime Rock,Lime Rock,lime-rock,2016-07-23,201607231505_Race,20,28,1,Matthew McMurry,1:06.657,24.922,23.432,18.303,79.5,29:36.263,66657,0,0,10
2016,13_Lime Rock,Lime Rock,lime-rock,2016-07-23,201607231505_Race,20,29,1,Matthew McMurry,2:14.374,32.649,32.261,1:09.464,39.5,31:50.637,134374,0,1,10
2016,13_Lime Rock,Lime Rock,lime-rock,2016-07-23,201607231505_Race,20,30,1,Matthew McMurry,1:04.727,31.223,20.417,13.087,81.9,32:55.364,64727,0,0,10
2016,13_Lime Rock,Lime Rock,lime-rock,2016-07-23,201607231505_Race,20,31,1,Matthew McMurry,1:09.549,26.098,29.436,14.015,76.3,34:04.913,69549,0,0,10
2016,13_Lime Rock,Lime Rock,lime-rock,2016-07-23,201607231505_Race,20,32,1,Matthew McMurry,54.794,22.820,20.167,11.807,96.8,34:59.707,54794,0,0,10
2016,13_Lime Rock,Lime Rock,lime-rock,2016-07-23,201607231505_Race,20,33,1,Matthew McMurry,55.462,22.517,20.868,12.077,95.6,35:55.169,55462,0,0,10
2016,13_Lime Rock,Lime Rock,lime-rock,2016-07-23,201607231505_Race,20,34,1,Matthew McMurry,53.453,22.220,19.460,11.773,99.2,36:48.622,53453,0,0,10
2016,13_Lime Rock,Lime Rock,lime-rock,2016-07-23,201607231505_Race,20,35,1,Matthew McMurry,52.865,21.745,19.501,11.619,100.3,37:41.487,52865,0,0,10
2016,13_Lime Rock,Lime Rock,lime-rock,2016-07-23,201607231505_Race,20,36,1,Matthew McMurry,51.384,20.985,18.604,11.795,103.2,38:32.871,51384,0,0,10
2016,13_Lime Rock,Lime Rock,lime-rock,2016-07-23,201607231505_Race,20,37,1,Matthew McMurry,51.903,21.084,18.885,11.934,102.2,39:24.774,51903,0,0,10
2016,13_Lime Rock,Lime Rock,lime-rock,2016-07-23,201607231505_Race,20,38,1,Matthew McMurry,52.217,21.337,19.532,11.348,101.5,40:16.991,52217,0,0,10
2016,13_Lime Rock,Lime Rock,lime-rock,2016-07-23,201607231505_Race,20,39,1,Matthew McMurry,51.284,21.022,18.776,11.486,103.4,41:08.275,51284,0,0,10
2016,13_Lime Rock,Lime Rock,lime-rock,2016-07-23,201607231505_Race,20,40,1,Matthew McMurry,49.988,20.760,18.088,11.140,106.1,41:58.263,49988,0,0,10
2016,13_Lime Rock,Lime Rock,lime-rock,2016-07-23,201607231505_Race,20,41,1,Matthew McMurry,50.231,20.635,18.386,11.210,105.6,42:48.494,50231,0,0,10
2016,13_Lime Rock,Lime Rock,lime-rock,2016-07-23,201607231505_Race,20,42,1,Matthew McMurry,51.296,21.276,18.518,11.502,103.4,43:39.790,51296,0,0,10
2016,13_Lime Rock,Lime Rock,lime-rock,2016-07-23,201607231505_Race,20,43,1,Matthew McMurry,54.776,21.053,19.155,14.568,96.8,44:34.566,54776,0,0,10
2016,13_Lime Rock,Lime Rock,lime-rock,2016-07-23,201607231505_Race,20,44,1,Matthew McMurry,1:13.250,23.799,25.521,23.930,72.4,45:47.816,73250,0,0,10
2016,13_Lime Rock,Lime Rock,lime-rock,2016-07-23,201607231505_Race,20,45,1,Matthew McMurry,1:28.345,30.223,32.867,25.255,60.0,47:16.161,88345,0,0,10
2016,13_Lime Rock,Lime Rock,lime-rock,2016-07-23,201607231505_Race,20,46,1,Matthew McMurry,1:44.140,35.609,37.942,30.589,50.9,49:00.301,104140,0,0,10
2016,13_Lime Rock,Lime Rock,lime-rock,2016-07-23,201607231505_Race,20,47,1,Matthew McMurry,1:30.398,36.510,38.272,15.616,58.7,50:30.699,90398,0,0,10
2016,13_Lime Rock,Lime Rock,lime-rock,2016-07-23,201607231505_Race,20,48,1,Matthew McMurry,52.312,22.139,18.726,11.447,101.4,51:23.011,52312,0,0,10
2016,13_Lime Rock,Lime Rock,lime-rock,2016-07-23,201607231505_Race,20,49,1,Matthew McMurry,51.526,21.281,18.800,11.445,102.9,52:14.537,51526,0,0,10
2016,13_Lime Rock,Lime Rock,lime-rock,2016-07-23,201607231505_Race,20,50,1,Matthew McMurry,51.546,21.671,18.471,11.404,102.9,53:06.083,51546,0,0,10
2016,13_Lime Rock,Lime Rock,lime-rock,2016-07-23,201607231505_Race,20,51,1,Matthew McMurry,51.553,21.456,18.681,11.416,102.9,53:57.636,51553,0,0,10
2016,13_Lime Rock,Lime Rock,lime-rock,2016-07-23,201607231505_Race,20,52,1,Matthew McMurry,51.239,21.446,18.432,11.361,103.5,54:48.875,51239,0,0,10
2016,13_Lime Rock,Lime Rock,lime-rock,2016-07-23,201607231505_Race,20,53,1,Matthew McMurry,51.716,21.595,18.716,11.405,102.5,55:40.591,51716,0,0,10
2016,13_Lime Rock,Lime Rock,lime-rock,2016-07-23,201607231505_Race,20,54,1,Matthew McMurry,51.572,21.438,18.679,11.455,102.8,56:32.163,51572,0,0,10
2016,13_Lime Rock,Lime Rock,lime-rock,2016-07-23,201607231505_Race,20,55,1,Matthew McMurry,52.243,21.564,19.164,11.515,101.5,57:24.406,52243,0,0,10
2016,13_Lime Rock,Lime Rock,lime-rock,2016-07-23,201607231505_Race,20,56,1,Matthew McMurry,52.880,21.416,18.931,12.533,100.3,58:17.286,52880,0,0,10
2016,13_Lime Rock,Lime Rock,lime-rock,2016-07-23,201607231505_Race,20,57,1,Matthew McMurry,52.790,22.055,19.213,11.522,100.5,59:10.076,52790,0,0,10
2016,13_Lime Rock,Lime Rock,lime-rock,2016-07-23,201607231505_Race,20,58,1,Matthew McMurry,51.595,21.451,18.748,11.396,102.8,1:00:01.671,51595,0,0,10
2016,13_Lime Rock,Lime Rock,lime-rock,2016-07-23,201607231505_Race,20,59,1,Matthew McMurry,52.611,21.644,19.381,11.586,100.8,1:00:54.282,52611,0,0,10
2016,13_Lime Rock,Lime Rock,lime-rock,2016-07-23,201607231505_Race,20,60,1,Matthew McMurry,51.992,21.268,18.847,11.877,102.0,1:01:46.274,51992,0,0,10
2016,13_Lime Rock,Lime Rock,lime-rock,2016-07-23,201607231505_Race,20,61,1,Matthew McMurry,53.632,22.282,19.334,12.016,98.9,1:02:39.906,53632,0,0,10
2016,13_Lime Rock,Lime Rock,lime-rock,2016-07-23,201607231505_Race,20,62,1,Matthew McMurry,52.685,22.368,18.831,11.486,100.7,1:03:32.591,52685,0,0,10
2016,13_Lime Rock,Lime Rock,lime-rock,2016-07-23,201607231505_Race,20,63,1,Matthew McMurry,53.421,21.986,19.454,11.981,99.3,1:04:26.012,53421,0,0,11
2016,13_Lime Rock,Lime Rock,lime-rock,2016-07-23,201607231505_Race,20,64,1,Matthew McMurry,52.111,21.329,18.771,12.011,101.8,1:05:18.123,52111,0,0,11
2016,13_Lime Rock,Lime Rock,lime-rock,2016-07-23,201607231505_Race,20,65,1,Matthew McMurry,51.998,22.088,18.523,11.387,102.0,1:06:10.121,51998,0,0,11
2016,13_Lime Rock,Lime Rock,lime-rock,2016-07-23,201607231505_Race,20,66,1,Matthew McMurry,50.463,21.028,18.153,11.282,105.1,1:07:00.584,50463,0,0,11
2016,13_Lime Rock,Lime Rock,lime-rock,2016-07-23,201607231505_Race,20,67,1,Matthew McMurry,50.279,20.894,18.194,11.191,105.5,1:07:50.863,50279,0,0,11
2016,13_Lime Rock,Lime Rock,lime-rock,2016-07-23,201607231505_Race,20,68,1,Matthew McMurry,50.819,20.993,18.381,11.445,104.3,1:08:41.682,50819,0,0,11
2016,13_Lime Rock,Lime Rock,lime-rock,2016-07-23,201607231505_Race,20,69,1,Matthew McMurry,52.705,22.745,18.496,11.464,100.6,1:09:34.387,52705,0,0,11
2016,13_Lime Rock,Lime Rock,lime-rock,2016-07-23,201607231505_Race,20,70,1,Matthew McMurry,50.773,21.045,18.405,11.323,104.5,1:10:25.160,50773,0,0,11
2016,13_Lime Rock,Lime Rock,lime-rock,2016-07-23,201607231505_Race,20,71,1,Matthew McMurry,51.938,22.104,18.618,11.216,102.1,1:11:17.098,51938,0,0,11
2016,13_Lime Rock,Lime Rock,lime-rock,2016-07-23,201607231505_Race,20,72,1,Matthew McMurry,52.067,21.709,19.103,11.255,101.9,1:12:09.165,52067,0,0,11
2016,13_Lime Rock,Lime Rock,lime-rock,2016-07-23,201607231505_Race,20,73,1,Matthew McMurry,51.963,21.648,18.852,11.463,102.0,1:13:01.128,51963,0,0,11
2016,13_Lime Rock,Lime Rock,lime-rock,2016-07-23,201607231505_Race,20,74,1,Matthew McMurry,50.948,21.139,18.370,11.439,104.1,1:13:52.076,50948,0,0,11
2016,13_Lime Rock,Lime Rock,lime-rock,2016-07-23,201607231505_Race,20,75,1,Matthew McMurry,52.507,22.486,18.644,11.377,101.0,1:14:44.583,52507,0,0,11
2016,13_Lime Rock,Lime Rock,lime-rock,2016-07-23,201607231505_Race,20,76,1,Matthew McMurry,51.783,21.262,18.434,12.087,102.4,1:15:36.366,51783,0,0,11
2016,13_Lime Rock,Lime Rock,lime-rock,2016-07-23,201607231505_Race,20,77,1,Matthew McMurry,51.093,21.424,18.409,11.260,103.8,1:16:27.459,51093,0,0,11
2016,13_Lime Rock,Lime Rock,lime-rock,2016-07-23,201607231505_Race,20,78,1,Matthew McMurry,53.414,22.133,19.477,11.804,99.3,1:17:20.873,53414,0,0,11
2016,13_Lime Rock,Lime Rock,lime-rock,2016-07-23,201607231505_Race,20,79,1,Matthew McMurry,51.614,21.234,18.482,11.898,102.8,1:18:12.487,51614,0,0,11
2016,13_Lime Rock,Lime Rock,lime-rock,2016-07-23,201607231505_Race,20,80,1,Matthew McMurry,53.235,22.092,18.635,12.508,99.6,1:19:05.722,53235,0,0,11
2016,13_Lime Rock,Lime Rock,lime-rock,2016-07-23,201607231505_Race,20,81,1,Matthew McMurry,51.735,21.821,18.519,11.395,102.5,1:19:57.457,51735,0,0,11
2016,13_Lime Rock,Lime Rock,lime-rock,2016-07-23,201607231505_Race,20,82,1,Matthew McMurry,51.389,21.292,18.690,11.407,103.2,1:20:48.846,51389,0,0,11
2016,13_Lime Rock,Lime Rock,lime-rock,2016-07-23,201607231505_Race,20,83,1,Matthew McMurry,52.747,22.286,18.980,11.481,100.5,1:21:41.593,52747,0,0,11
2016,13_Lime Rock,Lime Rock,lime-rock,2016-07-23,201607231505_Race,20,84,1,Matthew McMurry,51.326,21.399,18.534,11.393,103.3,1:22:32.919,51326,0,0,11
2016,13_Lime Rock,Lime Rock,lime-rock,2016-07-23,201607231505_Race,20,85,1,Matthew McMurry,52.771,22.708,18.721,11.342,100.5,1:23:25.690,52771,0,0,11
2016,13_Lime Rock,Lime Rock,lime-rock,2016-07-23,201607231505_Race,20,86,1,Matthew McMurry,51.585,21.467,18.631,11.487,102.8,1:24:17.275,51585,0,0,11
2016,13_Lime Rock,Lime Rock,lime-rock,2016-07-23,201607231505_Race,20,87,1,Matthew McMurry,53.210,22.164,19.462,11.584,99.7,1:25:10.485,53210,0,0,11
2016,13_Lime Rock,Lime Rock,lime-rock,2016-07-23,201607231505_Race,20,88,1,Matthew McMurry,53.328,21.832,19.397,12.099,99.4,1:26:03.813,53328,0,0,11
2016,13_Lime Rock,Lime Rock,lime-rock,2016-07-23,201607231505_Race,20,89,1,Matthew McMurry,52.043,21.537,18.807,11.699,101.9,1:26:55.856,52043,0,0,11
2016,13_Lime Rock,Lime Rock,lime-rock,2016-07-23,201607231505_Race,20,90,1,Matthew McMurry,53.620,21.588,19.432,12.600,98.9,1:27:49.476,53620,0,0,11
2016,13_Lime Rock,Lime Rock,lime-rock,2016-07-23,201607231505_Race,20,91,1,Matthew McMurry,53.997,22.092,18.734,13.171,98.3,1:28:43.473,53997,0,0,11
2016,13_Lime Rock,Lime Rock,lime-rock,2016-07-23,201607231505_Race,20,92,1,Matthew McMurry,58.964,22.587,20.911,15.466,89.9,1:29:42.437,58964,0,0,11
2016,13_Lime Rock,Lime Rock,lime-rock,2016-07-23,201607231505_Race,20,93,1,Matthew McMurry,1:27.885,23.899,33.590,30.396,60.3,1:31:10.322,87885,0,0,11
2016,13_Lime Rock,Lime Rock,lime-rock,2016-07-23,201607231505_Race,20,94,1,Matthew McMurry,1:39.204,36.086,34.629,28.489,53.5,1:32:49.526,99204,0,0,11
2016,13_Lime Rock,Lime Rock,lime-rock,2016-07-23,201607231505_Race,20,95,1,Matthew McMurry,2:23.192,35.971,31.833,1:15.388,37.0,1:35:12.718,143192,0,1,11
2016,13_Lime Rock,Lime Rock,lime-rock,2016-07-23,201607231505_Race,20,96,2,Johnny Mowlem,1:13.679,35.984,24.262,13.433,72.0,1:36:26.397,73679,0,0,11
2016,13_Lime Rock,Lime Rock,lime-rock,2016-07-23,201607231505_Race,20,97,2,Johnny Mowlem,1:19.181,23.333,29.959,25.889,67.0,1:37:45.578,79181,0,0,11
2016,13_Lime Rock,Lime Rock,lime-rock,2016-07-23,201607231505_Race,20,98,2,Johnny Mowlem,1:37.205,34.272,33.292,29.641,54.6,1:39:22.783,97205,0,0,11
2016,13_Lime Rock,Lime Rock,lime-rock,2016-07-23,201607231505_Race,20,99,2,Johnny Mowlem,1:33.163,39.942,38.193,15.028,56.9,1:40:55.946,93163,0,0,11
2016,13_Lime Rock,Lime Rock,lime-rock,2016-07-23,201607231505_Race,20,100,2,Johnny Mowlem,52.893,22.244,19.082,11.567,100.3,1:41:48.839,52893,0,0,11
2016,13_Lime Rock,Lime Rock,lime-rock,2016-07-23,201607231505_Race,20,101,2,Johnny Mowlem,53.627,21.618,19.851,12.158,98.9,1:42:42.466,53627,0,0,11
2016,13_Lime Rock,Lime Rock,lime-rock,2016-07-23,201607231505_Race,20,102,2,Johnny Mowlem,51.056,21.437,18.352,11.267,103.9,1:43:33.522,51056,0,0,11
2016,13_Lime Rock,Lime Rock,lime-rock,2016-07-23,201607231505_Race,20,103,2,Johnny Mowlem,51.748,21.363,18.973,11.412,102.5,1:44:25.270,51748,0,0,11
2016,13_Lime Rock,Lime Rock,lime-rock,2016-07-23,201607231505_Race,20,104,2,Johnny Mowlem,51.759,21.574,18.650,11.535,102.5,1:45:17.029,51759,0,0,11
2016,13_Lime Rock,Lime Rock,lime-rock,2016-07-23,201607231505_Race,20,105,2,Johnny Mowlem,51.621,21.372,18.719,11.530,102.7,1:46:08.650,51621,0,0,11
2016,13_Lime Rock,Lime Rock,lime-rock,2016-07-23,201607231505_Race,20,106,2,Johnny Mowlem,51.817,21.504,18.887,11.426,102.4,1:47:00.467,51817,0,0,11
2016,13_Lime Rock,Lime Rock,lime-rock,2016-07-23,201607231505_Race,20,107,2,Johnny Mowlem,51.025,21.129,18.581,11.315,104.0,1:47:51.492,51025,0,0,11
2016,13_Lime Rock,Lime Rock,lime-rock,2016-07-23,201607231505_Race,20,108,2,Johnny Mowlem,51.753,21.613,18.742,11.398,102.5,1:48:43.245,51753,0,0,11
2016,13_Lime Rock,Lime Rock,lime-rock,2016-07-23,201607231505_Race,20,109,2,Johnny Mowlem,50.492,21.015,18.282,11.195,105.0,1:49:33.737,50492,0,0,11
2016,13_Lime Rock,Lime Rock,lime-rock,2016-07-23,201607231505_Race,20,110,2,Johnny Mowlem,51.093,21.314,18.528,11.251,103.8,1:50:24.830,51093,0,0,11
2016,13_Lime Rock,Lime Rock,lime-rock,2016-07-23,201607231505_Race,20,111,2,Johnny Mowlem,50.630,21.066,18.282,11.282,104.8,1:51:15.460,50630,0,0,11
2016,13_Lime Rock,Lime Rock,lime-rock,2016-07-23,201607231505_Race,20,112,2,Johnny Mowlem,50.798,21.025,18.367,11.406,104.4,1:52:06.258,50798,0,0,11
2016,13_Lime Rock,Lime Rock,lime-rock,2016-07-23,201607231505_Race,20,113,2,Johnny Mowlem,53.277,21.450,19.229,12.598,99.6,1:52:59.535,53277,0,0,11
2016,13_Lime Rock,Lime Rock,lime-rock,2016-07-23,201607231505_Race,20,114,2,Johnny Mowlem,52.321,21.944,18.879,11.498,101.4,1:53:51.856,52321,0,0,11
2016,13_Lime Rock,Lime Rock,lime-rock,2016-07-23,201607231505_Race,20,115,2,Johnny Mowlem,51.807,21.612,18.883,11.312,102.4,1:54:43.663,51807,0,0,11
2016,13_Lime Rock,Lime Rock,lime-rock,2016-07-23,201607231505_Race,20,116,2,Johnny Mowlem,51.359,21.056,18.551,11.752,103.3,1:55:35.022,51359,0,0,11
2016,13_Lime Rock,Lime Rock,lime-rock,2016-07-23,201607231505_Race,20,117,2,Johnny Mowlem,50.667,21.121,18.289,11.257,104.7,1:56:25.689,50667,0,0,11
2016,13_Lime Rock,Lime Rock,lime-rock,2016-07-23,201607231505_Race,20,118,2,Johnny Mowlem,53.299,22.400,19.014,11.885,99.5,1:57:18.988,53299,0,0,11
2016,13_Lime Rock,Lime Rock,lime-rock,2016-07-23,201607231505_Race,20,119,2,Johnny Mowlem,54.206,21.815,20.443,11.948,97.8,1:58:13.194,54206,0,0,11
2016,13_Lime Rock,Lime Rock,lime-rock,2016-07-23,201607231505_Race,20,120,2,Johnny Mowlem,53.401,21.950,19.537,11.914,99.3,1:59:06.595,53401,0,0,11
2016,13_Lime Rock,Lime Rock,lime-rock,2016-07-23,201607231505_Race,20,121,2,Johnny Mowlem,53.270,22.461,19.174,11.635,99.6,1:59:59.865,53270,0,0,11
2016,13_Lime Rock,Lime Rock,lime-rock,2016-07-23,201607231505_Race,20,122,2,Johnny Mowlem,50.658,21.128,18.304,11.226,104.7,2:00:50.523,50658,0,0,11
2016,13_Lime Rock,Lime Rock,lime-rock,2016-07-23,201607231505_Race,20,123,2,Johnny Mowlem,50.550,21.254,18.144,11.152,104.9,2:01:41.073,50550,0,0,11
2016,13_Lime Rock,Lime Rock,lime-rock,2016-07-23,201607231505_Race,20,124,2,Johnny Mowlem,50.675,21.109,18.339,11.227,104.7,2:02:31.748,50675,0,0,11
2016,13_Lime Rock,Lime Rock,lime-rock,2016-07-23,201607231505_Race,20,125,2,Johnny Mowlem,50.685,20.987,18.313,11.385,104.7,2:03:22.433,50685,0,0,11
2016,13_Lime Rock,Lime Rock,lime-rock,2016-07-23,201607231505_Race,20,126,2,Johnny Mowlem,50.878,21.174,18.405,11.299,104.2,2:04:13.311,50878,0,0,11
2016,13_Lime Rock,Lime Rock,lime-rock,2016-07-23,201607231505_Race,20,127,2,Johnny Mowlem,51.379,21.139,18.765,11.475,103.2,2:05:04.690,51379,0,0,11
2016,13_Lime Rock,Lime Rock,lime-rock,2016-07-23,201607231505_Race,20,128,2,Johnny Mowlem,51.081,21.245,18.572,11.264,103.8,2:05:55.771,51081,0,0,11
2016,13_Lime Rock,Lime Rock,lime-rock,2016-07-23,201607231505_Race,20,129,2,Johnny Mowlem,51.046,21.231,18.501,11.314,103.9,2:06:46.817,51046,0,0,11
2016,13_Lime Rock,Lime Rock,lime-rock,2016-07-23,201607231505_Race,20,130,2,Johnny Mowlem,51.315,21.340,18.605,11.370,103.3,2:07:38.132,51315,0,0,11
2016,13_Lime Rock,Lime Rock,lime-rock,2016-07-23,201607231505_Race,20,131,2,Johnny Mowlem,51.619,21.376,18.815,11.428,102.7,2:08:29.751,51619,0,0,11
2016,13_Lime Rock,Lime Rock,lime-rock,2016-07-23,201607231505_Race,20,132,2,Johnny Mowlem,53.058,22.732,19.009,11.317,100.0,2:09:22.809,53058,0,0,11
2016,13_Lime Rock,Lime Rock,lime-rock,2016-07-23,201607231505_Race,20,133,2,Johnny Mowlem,53.482,22.113,19.500,11.869,99.2,2:10:16.291,53482,0,0,11
2016,13_Lime Rock,Lime Rock,lime-rock,2016-07-23,201607231505_Race,20,134,2,Johnny Mowlem,54.246,22.645,19.725,11.876,97.8,2:11:10.537,54246,0,0,11
2016,13_Lime Rock,Lime Rock,lime-rock,2016-07-23,201607231505_Race,20,135,2,Johnny Mowlem,53.962,22.614,19.285,12.063,98.3,2:12:04.499,53962,0,0,11
2016,13_Lime Rock,Lime Rock,lime-rock,2016-07-23,201607231505_Race,20,136,2,Johnny Mowlem,53.796,23.031,19.146,11.619,98.6,2:12:58.295,53796,0,0,11
2016,13_Lime Rock,Lime Rock,lime-rock,2016-07-23,201607231505_Race,20,137,2,Johnny Mowlem,51.629,21.442,18.839,11.348,102.7,2:13:49.924,51629,0,0,11
2016,13_Lime Rock,Lime Rock,lime-rock,2016-07-23,201607231505_Race,20,138,2,Johnny Mowlem,51.475,21.521,18.728,11.226,103.0,2:14:41.399,51475,0,0,11
2016,13_Lime Rock,Lime Rock,lime-rock,2016-07-23,201607231505_Race,20,139,2,Johnny Mowlem,51.526,21.449,18.730,11.347,102.9,2:15:32.925,51526,0,0,11
2016,13_Lime Rock,Lime Rock,lime-rock,2016-07-23,201607231505_Race,20,140,2,Johnny Mowlem,51.450,21.511,18.602,11.337,103.1,2:16:24.375,51450,0,0,11
2016,13_Lime Rock,Lime Rock,lime-rock,2016-07-23,201607231505_Race,20,141,2,Johnny Mowlem,51.215,21.354,18.592,11.269,103.5,2:17:15.590,51215,0,0,11
2016,13_Lime Rock,Lime Rock,lime-rock,2016-07-23,201607231505_Race,20,142,2,Johnny Mowlem,51.450,21.428,18.632,11.390,103.1,2:18:07.040,51450,0,0,11
2016,13_Lime Rock,Lime Rock,lime-rock,2016-07-23,201607231505_Race,20,143,2,Johnny Mowlem,51.691,21.683,18.655,11.353,102.6,2:18:58.731,51691,0,0,11
2016,13_Lime Rock,Lime Rock,lime-rock,2016-07-23,201607231505_Race,20,144,2,Johnny Mowlem,51.270,21.305,18.647,11.318,103.5,2:19:50.001,51270,0,0,11
2016,13_Lime Rock,Lime Rock,lime-rock,2016-07-23,201607231505_Race,20,145,2,Johnny Mowlem,51.036,21.342,18.421,11.273,103.9,2:20:41.037,51036,0,0,11
2016,13_Lime Rock,Lime Rock,lime-rock,2016-07-23,201607231505_Race,20,146,2,Johnny Mowlem,50.832,21.132,18.381,11.319,104.3,2:21:31.869,50832,0,0,11
2016,13_Lime Rock,Lime Rock,lime-rock,2016-07-23,201607231505_Race,20,147,2,Johnny Mowlem,53.335,22.070,19.459,11.806,99.4,2:22:25.204,53335,0,0,11
2016,13_Lime Rock,Lime Rock,lime-rock,2016-07-23,201607231505_Race,20,148,2,Johnny Mowlem,53.439,22.093,19.608,11.738,99.2,2:23:18.643,53439,0,0,11
2016,13_Lime Rock,Lime Rock,lime-rock,2016-07-23,201607231505_Race,20,149,2,Johnny Mowlem,53.355,22.875,19.014,11.466,99.4,2:24:11.998,53355,0,0,11
2016,13_Lime Rock,Lime Rock,lime-rock,2016-07-23,201607231505_Race,20,150,2,Johnny Mowlem,53.986,22.893,19.072,12.021,98.3,2:25:05.984,53986,0,0,11
2016,13_Lime Rock,Lime Rock,lime-rock,2016-07-23,201607231505_Race,20,151,2,Johnny Mowlem,52.239,22.267,18.674,11.298,101.5,2:25:58.223,52239,0,0,11
2016,13_Lime Rock,Lime Rock,lime-rock,2016-07-23,201607231505_Race,20,152,2,Johnny Mowlem,51.322,21.326,18.628,11.368,103.3,2:26:49.545,51322,0,0,11
2016,13_Lime Rock,Lime Rock,lime-rock,2016-07-23,201607231505_Race,20,153,2,Johnny Mowlem,53.691,22.312,19.248,12.131,98.8,2:27:43.236,53691,0,0,11
2016,13_Lime Rock,Lime Rock,lime-rock,2016-07-23,201607231505_Race,20,154,2,Johnny Mowlem,52.518,21.658,18.890,11.970,101.0,2:28:35.754,52518,0,0,11
2016,13_Lime Rock,Lime Rock,lime-rock,2016-07-23,201607231505_Race,20,155,2,Johnny Mowlem,52.032,21.713,18.920,11.399,101.9,2:29:27.786,52032,0,0,11
2016,13_Lime Rock,Lime Rock,lime-rock,2016-07-23,201607231505_Race,20,156,2,Johnny Mowlem,53.856,21.831,19.963,12.062,98.5,2:30:21.642,53856,0,0,11
2016,13_Lime Rock,Lime Rock,lime-rock,2016-07-23,201607231505_Race,20,157,2,Johnny Mowlem,52.452,21.775,19.143,11.534,101.1,2:31:14.094,52452,0,0,11
2016,13_Lime Rock,Lime Rock,lime-rock,2016-07-23,201607231505_Race,20,158,2,Johnny Mowlem,52.250,21.525,19.184,11.541,101.5,2:32:06.344,52250,0,0,11
2016,13_Lime Rock,Lime Rock,lime-rock,2016-07-23,201607231505_Race,20,159,2,Johnny Mowlem,51.760,21.664,18.738,11.358,102.5,2:32:58.104,51760,0,0,11
2016,13_Lime Rock,Lime Rock,lime-rock,2016-07-23,201607231505_Race,20,160,2,Johnny Mowlem,52.275,21.675,18.857,11.743,101.5,2:33:50.379,52275,0,0,11
2016,13_Lime Rock,Lime Rock,lime-rock,2016-07-23,201607231505_Race,20,161,2,Johnny Mowlem,52.979,21.760,19.423,11.796,100.1,2:34:43.358,52979,0,0,11
2016,13_Lime Rock,Lime Rock,lime-rock,2016-07-23,201607231505_Race,20,162,2,Johnny Mowlem,52.339,22.107,18.807,11.425,101.4,2:35:35.697,52339,0,0,11
2016,13_Lime Rock,Lime Rock,lime-rock,2016-07-23,201607231505_Race,20,163,2,Johnny Mowlem,52.086,22.014,18.677,11.395,101.9,2:36:27.783,52086,0,0,11
2016,13_Lime Rock,Lime Rock,lime-rock,2016-07-23,201607231505_Race,20,164,2,Johnny Mowlem,52.918,21.639,19.633,11.646,100.2,2:37:20.701,52918,0,0,11
2016,13_Lime Rock,Lime Rock,lime-rock,2016-07-23,201607231505_Race,20,165,2,Johnny Mowlem,51.841,21.816,18.704,11.321,102.3,2:38:12.542,51841,0,0,11
2016,13_Lime Rock,Lime Rock,lime-rock,2016-07-23,201607231505_Race,20,166,2,Johnny Mowlem,53.010,21.756,19.042,12.212,100.1,2:39:05.552,53010,0,0,11
2016,13_Lime Rock,Lime Rock,lime-rock,2016-07-23,201607231505_Race,20,167,2,Johnny Mowlem,53.407,22.630,19.161,11.616,99.3,2:39:58.959,53407,0,0,11
2016,13_Lime Rock,Lime Rock,lime-rock,2016-07-23,201607231505_Race,20,168,2,Johnny Mowlem,54.519,22.943,19.516,12.060,97.3,2:40:53.478,54519,0,0,11
2016,13_Lime Rock,Lime Rock,lime-rock,2016-07-23,201607231505_Race,22,1,1,Cooper MacNeil,1:41.612,50.979,27.639,22.994,52.1,1:41.612,,,0,11
2016,13_Lime Rock,Lime Rock,lime-rock,2016-07-23,201607231505_Race,22,2,1,Cooper MacNeil,1:04.576,31.012,20.668,12.896,82.1,2:46.188,64576,0,0,11
2016,13_Lime Rock,Lime Rock,lime-rock,2016-07-23,201607231505_Race,22,3,1,Cooper MacNeil,55.814,22.884,20.346,12.584,95.0,3:42.002,55814,0,0,11
2016,13_Lime Rock,Lime Rock,lime-rock,2016-07-23,201607231505_Race,22,4,1,Cooper MacNeil,55.650,23.090,20.053,12.507,95.3,4:37.652,55650,0,0,11
2016,13_Lime Rock,Lime Rock,lime-rock,2016-07-23,201607231505_Race,22,5,1,Cooper MacNeil,55.467,22.857,19.909,12.701,95.6,5:33.119,55467,0,0,11
2016,13_Lime Rock,Lime Rock,lime-rock,2016-07-23,201607231505_Race,22,6,1,Cooper MacNeil,57.326,22.719,19.905,14.702,92.5,6:30.445,57326,0,0,11
2016,13_Lime Rock,Lime Rock,lime-rock,2016-07-23,201607231505_Race,22,7,1,Cooper MacNeil,1:20.526,24.994,21.485,34.047,65.9,7:50.971,80526,0,0,11
2016,13_Lime Rock,Lime Rock,lime-rock,2016-07-23,201607231505_Race,22,8,1,Cooper MacNeil,1:36.510,30.502,34.236,31.772,54.9,9:27.481,96510,0,0,11
2016,13_Lime Rock,Lime Rock,lime-rock,2016-07-23,201607231505_Race,22,9,1,Cooper MacNeil,1:33.165,31.009,34.657,27.499,56.9,11:00.646,93165,0,0,12
2016,13_Lime Rock,Lime Rock,lime-rock,2016-07-23,201607231505_Race,22,10,1,Cooper MacNeil,1:34.000,34.180,29.715,30.105,56.4,12:34.646,94000,0,0,12
2016,13_Lime Rock,Lime Rock,lime-rock,2016-07-23,201607231505_Race,22,11,1,Cooper MacNeil,1:28.876,29.460,30.207,29.209,59.7,14:03.522,88876,0,0,12
2016,13_Lime Rock,Lime Rock,lime-rock,2016-07-23,201607231505_Race,22,12,1,Cooper MacNeil,1:28.845,29.020,31.181,28.644,59.7,15:32.367,88845,0,0,12
2016,13_Lime Rock,Lime Rock,lime-rock,2016-07-23,201607231505_Race,22,13,1,Cooper MacNeil,1:03.023,25.779,24.297,12.947,84.1,16:35.390,63023,0,0,12
2016,13_Lime Rock,Lime Rock,lime-rock,2016-07-23,201607231505_Race,22,14,1,Cooper MacNeil,55.897,23.235,20.135,12.527,94.9,17:31.287,55897,0,0,12
2016,13_Lime Rock,Lime Rock,lime-rock,2016-07-23,201607231505_Race,22,15,1,Cooper MacNeil,55.242,22.829,19.965,12.448,96.0,18:26.529,55242,0,0,12
2016,13_Lime Rock,Lime Rock,lime-rock,2016-07-23,201607231505_Race,22,16,1,Cooper MacNeil,55.020,22.559,19.950,12.511,96.4,19:21.549,55020,0,0,12
2016,13_Lime Rock,Lime Rock,lime-rock,2016-07-23,201607231505_Race,22,17,1,Cooper MacNeil,54.882,22.556,19.876,12.450,96.6,20:16.431,54882,0,0,12
2016,13_Lime Rock,Lime Rock,lime-rock,2016-07-23,201607231505_Race,22,18,1,Cooper MacNeil,54.729,22.485,19.774,12.470,96.9,21:11.160,54729,0,0,12
2016,13_Lime Rock,Lime Rock,lime-rock,2016-07-23,201607231505_Race,22,19,1,Cooper MacNeil,54.682,22.582,19.743,12.357,97.0,22:05.842,54682,0,0,12
2016,13_Lime Rock,Lime Rock,lime-rock,2016-07-23,201607231505_Race,22,20,1,Cooper MacNeil,54.682,22.551,19.671,12.460,97.0,23:00.524,54682,0,0,12
2016,13_Lime Rock,Lime Rock,lime-rock,2016-07-23,201607231505_Race,22,21,1,Cooper MacNeil,54.707,22.471,19.773,12.463,96.9,23:55.231,54707,0,0,12
2016,13_Lime Rock,Lime Rock,lime-rock,2016-07-23,201607231505_Race,22,22,1,Cooper MacNeil,55.363,22.771,20.089,12.503,95.8,24:50.594,55363,0,0,12
2016,13_Lime Rock,Lime Rock,lime-rock,2016-07-23,201607231505_Race,22,23,1,Cooper MacNeil,54.930,22.645,19.854,12.431,96.6,25:45.524,54930,0,0,12
2016,13_Lime Rock,Lime Rock,lime-rock,2016-07-23,201607231505_Race,22,24,1,Cooper MacNeil,55.307,22.767,20.037,12.503,95.9,26:40.831,55307,0,0,12
2016,13_Lime Rock,Lime Rock,lime-rock,2016-07-23,201607231505_Race,22,25,1,Cooper MacNeil,55.109,22.847,19.821,12.441,96.3,27:35.940,55109,0,0,12
2016,13_Lime Rock,Lime Rock,lime-rock,2016-07-23,201607231505_Race,22,26,1,Cooper MacNeil,57.124,22.743,20.087,14.294,92.8,28:33.064,57124,0,0,12
2016,13_Lime Rock,Lime Rock,lime-rock,2016-07-23,201607231505_Race,22,27,1,Cooper MacNeil,1:08.372,26.965,23.312,18.095,77.6,29:41.436,68372,0,0,12
2016,13_Lime Rock,Lime Rock,lime-rock,2016-07-23,201607231505_Race,22,28,1,Cooper MacNeil,1:28.578,30.998,33.709,23.871,59.9,31:10.014,88578,0,0,12
2016,13_Lime Rock,Lime Rock,lime-rock,2016-07-23,201607231505_Race,22,29,1,Cooper MacNeil,1:23.116,33.081,30.696,19.339,63.8,32:33.130,83116,0,0,12
2016,13_Lime Rock,Lime Rock,lime-rock,2016-07-23,201607231505_Race,22,30,1,Cooper MacNeil,1:26.056,34.094,32.837,19.125,61.6,33:59.186,86056,0,0,12
2016,13_Lime Rock,Lime Rock,lime-rock,2016-07-23,201607231505_Race,22,31,1,Cooper MacNeil,55.832,23.394,19.959,12.479,95.0,34:55.018,55832,0,0,12
2016,13_Lime Rock,Lime Rock,lime-rock,2016-07-23,201607231505_Race,22,32,1,Cooper MacNeil,55.444,22.611,20.318,12.515,95.6,35:50.462,55444,0,0,12
2016,13_Lime Rock,Lime Rock,lime-rock,2016-07-23,201607231505_Race,22,33,1,Cooper MacNeil,55.533,22.617,20.056,12.860,95.5,36:45.995,55533,0,0,12
2016,13_Lime Rock,Lime Rock,lime-rock,2016-07-23,201607231505_Race,22,34,1,Cooper MacNeil,55.451,22.762,20.133,12.556,95.6,37:41.446,55451,0,0,12
2016,13_Lime Rock,Lime Rock,lime-rock,2016-07-23,201607231505_Race,22,35,1,Cooper MacNeil,55.161,22.959,19.758,12.444,96.1,38:36.607,55161,0,0,12
2016,13_Lime Rock,Lime Rock,lime-rock,2016-07-23,201607231505_Race,22,36,1,Cooper MacNeil,55.381,22.863,20.067,12.451,95.8,39:31.988,55381,0,0,12
2016,13_Lime Rock,Lime Rock,lime-rock,2016-07-23,201607231505_Race,22,37,1,Cooper MacNeil,55.754,23.365,19.819,12.570,95.1,40:27.742,55754,0,0,12
2016,13_Lime Rock,Lime Rock,lime-rock,2016-07-23,201607231505_Race,22,38,1,Cooper MacNeil,55.348,22.762,19.841,12.745,95.8,41:23.090,55348,0,0,12
2016,13_Lime Rock,Lime Rock,lime-rock,2016-07-23,201607231505_Race,22,39,1,Cooper MacNeil,55.519,22.869,20.013,12.637,95.5,42:18.609,55519,0,0,12
2016,13_Lime Rock,Lime Rock,lime-rock,2016-07-23,201607231505_Race,22,40,1,Cooper MacNeil,55.442,22.902,20.007,12.533,95.6,43:14.051,55442,0,0,12
2016,13_Lime Rock,Lime Rock,lime-rock,2016-07-23,201607231505_Race,22,41,1,Cooper MacNeil,55.583,22.991,20.004,12.588,95.4,44:09.634,55583,0,0,12
2016,13_Lime Rock,Lime Rock,lime-rock,2016-07-23,201607231505_Race,22,42,1,Cooper MacNeil,1:04.855,23.517,24.199,17.139,81.8,45:14.489,64855,0,0,12
2016,13_Lime Rock,Lime Rock,lime-rock,2016-07-23,201607231505_Race,22,43,1,Cooper MacNeil,1:01.930,24.621,23.919,13.390,85.6,46:16.419,61930,0,0,12
2016,13_Lime Rock,Lime Rock,lime-rock,2016-07-23,201607231505_Race,22,44,1,Cooper MacNeil,1:06.493,23.872,21.199,21.422,79.7,47:22.912,66493,0,0,12
2016,13_Lime Rock,Lime Rock,lime-rock,2016-07-23,201607231505_Race,22,45,1,Cooper MacNeil,1:45.874,34.922,37.197,33.755,50.1,49:08.786,105874,0,0,12
2016,13_Lime Rock,Lime Rock,lime-rock,2016-07-23,201607231505_Race,22,46,1,Cooper MacNeil,1:25.565,33.911,36.069,15.585,62.0,50:34.351,85565,0,0,12
2016,13_Lime Rock,Lime Rock,lime-rock,2016-07-23,201607231505_Race,22,47,1,Cooper MacNeil,56.681,23.113,20.872,12.696,93.6,51:31.032,56681,0,0,12
2016,13_Lime Rock,Lime Rock,lime-rock,2016-07-23,201607231505_Race,22,48,1,Cooper MacNeil,55.702,22.725,20.343,12.634,95.2,52:26.734,55702,0,0,12
2016,13_Lime Rock,Lime Rock,lime-rock,2016-07-23,201607231505_Race,22,49,1,Cooper MacNeil,55.380,22.947,19.917,12.516,95.8,53:22.114,55380,0,0,12
2016,13_Lime Rock,Lime Rock,lime-rock,2016-07-23,201607231505_Race,22,50,1,Cooper MacNeil,55.105,22.738,19.942,12.425,96.3,54:17.219,55105,0,0,12
2016,13_Lime Rock,Lime Rock,lime-rock,2016-07-23,201607231505_Race,22,51,1,Cooper MacNeil,55.463,23.116,19.871,12.476,95.6,55:12.682,55463,0,0,12
2016,13_Lime Rock,Lime Rock,lime-rock,2016-07-23,201607231505_Race,22,52,1,Cooper MacNeil,55.249,22.895,19.851,12.503,96.0,56:07.931,55249,0,0,12
2016,13_Lime Rock,Lime Rock,lime-rock,2016-07-23,201607231505_Race,22,53,1,Cooper MacNeil,55.365,23.198,19.766,12.401,95.8,57:03.296,55365,0,0,12
2016,13_Lime Rock,Lime Rock,lime-rock,2016-07-23,201607231505_Race,22,54,1,Cooper MacNeil,55.157,22.858,19.834,12.465,96.1,57:58.453,55157,0,0,12
2016,13_Lime Rock,Lime Rock,lime-rock,2016-07-23,201607231505_Race,22,55,1,Cooper MacNeil,57.456,23.596,20.798,13.062,92.3,58:55.909,57456,0,0,12
2016,13_Lime Rock,Lime Rock,lime-rock,2016-07-23,201607231505_Race,22,56,1,Cooper MacNeil,55.504,23.140,19.759,12.605,95.6,59:51.413,55504,0,0,12
2016,13_Lime Rock,Lime Rock,lime-rock,2016-07-23,201607231505_Race,22,57,1,Cooper MacNeil,56.462,23.223,20.427,12.812,93.9,1:00:47.875,56462,0,0,12
2016,13_Lime Rock,Lime Rock,lime-rock,2016-07-23,201607231505_Race,22,58,1,Cooper MacNeil,55.670,23.138,19.987,12.545,95.3,1:01:43.545,55670,0,0,12
2016,13_Lime Rock,Lime Rock,lime-rock,2016-07-23,201607231505_Race,22,59,1,Cooper MacNeil,56.240,23.416,20.090,12.734,94.3,1:02:39.785,56240,0,0,12
2016,13_Lime Rock,Lime Rock,lime-rock,2016-07-23,201607231505_Race,22,60,1,Cooper MacNeil,57.193,24.267,20.239,12.687,92.7,1:03:36.978,57193,0,0,12
2016,13_Lime Rock,Lime Rock,lime-rock,2016-07-23,201607231505_Race,22,61,1,Cooper MacNeil,56.254,23.129,20.340,12.785,94.3,1:04:33.232,56254,0,0,12
2016,13_Lime Rock,Lime Rock,lime-rock,2016-07-23,201607231505_Race,22,62,1,Cooper MacNeil,55.684,22.999,20.013,12.672,95.3,1:05:28.916,55684,0,0,12
2016,13_Lime Rock,Lime Rock,lime-rock,2016-07-23,201607231505_Race,22,63,1,Cooper MacNeil,59.884,23.924,22.943,13.017,88.6,1:06:28.800,59884,0,0,12
2016,13_Lime Rock,Lime Rock,lime-rock,2016-07-23,201607231505_Race,22,64,1,Cooper MacNeil,56.468,23.445,20.198,12.825,93.9,1:07:25.268,56468,0,0,12
2016,13_Lime Rock,Lime Rock,lime-rock,2016-07-23,201607231505_Race,22,65,1,Cooper MacNeil,57.402,23.338,21.143,12.921,92.4,1:08:22.670,57402,0,0,12
2016,13_Lime Rock,Lime Rock,lime-rock,2016-07-23,201607231505_Race,22,66,1,Cooper MacNeil,56.012,23.193,20.177,12.642,94.7,1:09:18.682,56012,0,0,12
2016,13_Lime Rock,Lime Rock,lime-rock,2016-07-23,201607231505_Race,22,67,1,Cooper MacNeil,56.382,23.408,20.209,12.765,94.1,1:10:15.064,56382,0,0,12
2016,13_Lime Rock,Lime Rock,lime-rock,2016-07-23,201607231505_Race,22,68,1,Cooper MacNeil,56.972,23.845,20.225,12.902,93.1,1:11:12.036,56972,0,0,12
2016,13_Lime Rock,Lime Rock,lime-rock,2016-07-23,201607231505_Race,22,69,1,Cooper MacNeil,56.972,23.744,20.147,13.081,93.1,1:12:09.008,56972,0,0,12
2016,13_Lime Rock,Lime Rock,lime-rock,2016-07-23,201607231505_Race,22,70,1,Cooper MacNeil,56.243,23.310,20.160,12.773,94.3,1:13:05.251,56243,0,0,12
2016,13_Lime Rock,Lime Rock,lime-rock,2016-07-23,201607231505_Race,22,71,1,Cooper MacNeil,56.109,23.149,20.138,12.822,94.5,1:14:01.360,56109,0,0,12
2016,13_Lime Rock,Lime Rock,lime-rock,2016-07-23,201607231505_Race,22,72,1,Cooper MacNeil,57.520,23.487,21.158,12.875,92.2,1:14:58.880,57520,0,0,12
2016,13_Lime Rock,Lime Rock,lime-rock,2016-07-23,201607231505_Race,22,73,1,Cooper MacNeil,56.051,23.134,20.110,12.807,94.6,1:15:54.931,56051,0,0,12
2016,13_Lime Rock,Lime Rock,lime-rock,2016-07-23,201607231505_Race,22,74,1,Cooper MacNeil,56.311,23.223,20.251,12.837,94.2,1:16:51.242,56311,0,0,12
2016,13_Lime Rock,Lime Rock,lime-rock,2016-07-23,201607231505_Race,22,75,1,Cooper MacNeil,56.667,23.485,20.287,12.895,93.6,1:17:47.909,56667,0,0,12
2016,13_Lime Rock,Lime Rock,lime-rock,2016-07-23,201607231505_Race,22,76,1,Cooper MacNeil,56.606,23.654,20.154,12.798,93.7,1:18:44.515,56606,0,0,12
2016,13_Lime Rock,Lime Rock,lime-rock,2016-07-23,201607231505_Race,22,77,1,Cooper MacNeil,56.823,23.562,20.263,12.998,93.3,1:19:41.338,56823,0,0,12
2016,13_Lime Rock,Lime Rock,lime-rock,2016-07-23,201607231505_Race,22,78,1,Cooper MacNeil,59.859,23.826,22.686,13.347,88.6,1:20:41.197,59859,0,0,12
2016,13_Lime Rock,Lime Rock,lime-rock,2016-07-23,201607231505_Race,22,79,1,Cooper MacNeil,1:09.086,24.271,20.587,24.228,76.8,1:21:50.283,69086,0,1,12
2016,13_Lime Rock,Lime Rock,lime-rock,2016-07-23,201607231505_Race,22,80,2,Leh Keen,1:49.605,1:17.463,19.847,12.295,48.4,1:23:39.888,109605,0,0,12
2016,13_Lime Rock,Lime Rock,lime-rock,2016-07-23,201607231505_Race,22,81,2,Leh Keen,53.879,22.179,19.466,12.234,98.4,1:24:33.767,53879,0,0,12
2016,13_Lime Rock,Lime Rock,lime-rock,2016-07-23,201607231505_Race,22,82,2,Leh Keen,53.846,22.160,19.430,12.256,98.5,1:25:27.613,53846,0,0,12
2016,13_Lime Rock,Lime Rock,lime-rock,2016-07-23,201607231505_Race,22,83,2,Leh Keen,54.242,22.315,19.542,12.385,97.8,1:26:21.855,54242,0,0,12
2016,13_Lime Rock,Lime Rock,lime-rock,2016-07-23,201607231505_Race,22,84,2,Leh Keen,54.503,22.433,19.663,12.407,97.3,1:27:16.358,54503,0,0,12
2016,13_Lime Rock,Lime Rock,lime-rock,2016-07-23,201607231505_Race,22,85,2,Leh Keen,53.828,22.215,19.365,12.248,98.6,1:28:10.186,53828,0,0,12
2016,13_Lime Rock,Lime Rock,lime-rock,2016-07-23,201607231505_Race,22,86,2,Leh Keen,57.672,22.441,20.109,15.122,92.0,1:29:07.858,57672,0,0,12
2016,13_Lime Rock,Lime Rock,lime-rock,2016-07-23,201607231505_Race,22,87,2,Leh Keen,1:15.022,25.145,22.858,27.019,70.7,1:30:22.880,75022,0,0,12
2016,13_Lime Rock,Lime Rock,lime-rock,2016-07-23,201607231505_Race,22,88,2,Leh Keen,58.779,23.336,20.741,14.702,90.2,1:31:21.659,58779,0,0,12
2016,13_Lime Rock,Lime Rock,lime-rock,2016-07-23,201607231505_Race,22,89,2,Leh Keen,1:05.113,26.336,24.831,13.946,81.5,1:32:26.772,65113,0,0,12
2016,13_Lime Rock,Lime Rock,lime-rock,2016-07-23,201607231505_Race,22,90,2,Leh Keen,57.682,22.833,20.540,14.309,92.0,1:33:24.454,57682,0,0,12
2016,13_Lime Rock,Lime Rock,lime-rock,2016-07-23,201607231505_Race,22,91,2,Leh Keen,1:10.313,24.106,29.180,17.027,75.4,1:34:34.767,70313,0,0,12
2016,13_Lime Rock,Lime Rock,lime-rock,2016-07-23,201607231505_Race,22,92,2,Leh Keen,1:23.369,32.943,32.257,18.169,63.6,1:35:58.136,83369,0,0,12
2016,13_Lime Rock,Lime Rock,lime-rock,2016-07-23,201607231505_Race,22,93,2,Leh Keen,1:34.639,32.903,37.037,24.699,56.0,1:37:32.775,94639,0,0,12
2016,13_Lime Rock,Lime Rock,lime-rock,2016-07-23,201607231505_Race,22,94,2,Leh Keen,1:01.749,25.902,21.431,14.416,85.9,1:38:34.524,61749,0,0,12
2016,13_Lime Rock,Lime Rock,lime-rock,2016-07-23,201607231505_Race,22,95,2,Leh Keen,1:08.157,23.231,20.152,24.774,77.8,1:39:42.681,68157,0,1,12
2016,13_Lime Rock,Lime Rock,lime-rock,2016-07-23,201607231505_Race,22,96,2,Leh Keen,1:20.645,45.803,21.657,13.185,65.8,1:41:03.326,80645,0,0,12
2016,13_Lime Rock,Lime Rock,lime-rock,2016-07-23,201607231505_Race,22,97,2,Leh Keen,55.389,23.124,19.857,12.408,95.8,1:41:58.715,55389,0,0,12
2016,13_Lime Rock,Lime Rock,lime-rock,2016-07-23,201607231505_Race,22,98,2,Leh Keen,54.476,22.342,19.870,12.264,97.4,1:42:53.191,54476,0,0,12
2016,13_Lime Rock,Lime Rock,lime-rock,2016-07-23,201607231505_Race,22,99,2,Leh Keen,53.977,22.165,19.483,12.329,98.3,1:43:47.168,53977,0,0,12
2016,13_Lime Rock,Lime Rock,lime-rock,2016-07-23,201607231505_Race,22,100,2,Leh Keen,55.409,22.613,20.201,12.595,95.7,1:44:42.577,55409,0,0,12
2016,13_Lime Rock,Lime Rock,lime-rock,2016-07-23,201607231505_Race,22,101,2,Leh Keen,54.042,22.243,19.465,12.334,98.1,1:45:36.619,54042,0,0,12
2016,13_Lime Rock,Lime Rock,lime-rock,2016-07-23,201607231505_Race,22,102,2,Leh Keen,54.061,22.409,19.430,12.222,98.1,1:46:30.680,54061,0,0,12
2016,13_Lime Rock,Lime Rock,lime-rock,2016-07-23,201607231505_Race,22,103,2,Leh Keen,54.794,22.965,19.525,12.304,96.8,1:47:25.474,54794,0,0,12
2016,13_Lime Rock,Lime Rock,lime-rock,2016-07-23,201607231505_Race,22,104,2,Leh Keen,54.036,22.345,19.426,12.265,98.1,1:48:19.510,54036,0,0,12
2016,13_Lime Rock,Lime Rock,lime-rock,2016-07-23,201607231505_Race,22,105,2,Leh Keen,53.901,22.190,19.436,12.275,98.4,1:49:13.411,53901,0,0,12
2016,13_Lime Rock,Lime Rock,lime-rock,2016-07-23,201607231505_Race,22,106,2,Leh Keen,54.389,22.623,19.527,12.239,97.5,1:50:07.800,54389,0,0,12
2016,13_Lime Rock,Lime Rock,lime-rock,2016-07-23,201607231505_Race,22,107,2,Leh Keen,54.291,22.294,19.508,12.489,97.7,1:51:02.091,54291,0,0,12
2016,13_Lime Rock,Lime Rock,lime-rock,2016-07-23,201607231505_Race,22,108,2,Leh Keen,54.557,22.427,19.851,12.279,97.2,1:51:56.648,54557,0,0,12
2016,13_Lime Rock,Lime Rock,lime-rock,2016-07-23,201607231505_Race,22,109,2,Leh Keen,54.640,22.311,19.880,12.449,97.1,1:52:51.288,54640,0,0,12
2016,13_Lime Rock,Lime Rock,lime-rock,2016-07-23,201607231505_Race,22,110,2,Leh Keen,54.567,22.524,19.648,12.395,97.2,1:53:45.855,54567,0,0,12
2016,13_Lime Rock,Lime Rock,lime-rock,2016-07-23,201607231505_Race,22,111,2,Leh Keen,54.595,22.550,19.705,12.340,97.1,1:54:40.450,54595,0,0,12
2016,13_Lime Rock,Lime Rock,lime-rock,2016-07-23,201607231505_Race,22,112,2,Leh Keen,54.676,22.802,19.651,12.223,97.0,1:55:35.126,54676,0,0,12
2016,13_Lime Rock,Lime Rock,lime-rock,2016-07-23,201607231505_Race,22,113,2,Leh Keen,54.571,22.479,19.793,12.299,97.2,1:56:29.697,54571,0,0,12
2016,13_Lime Rock,Lime Rock,lime-rock,2016-07-23,201607231505_Race,22,114,2,Leh Keen,55.333,22.853,20.173,12.307,95.8,1:57:25.030,55333,0,0,12
2016,13_Lime Rock,Lime Rock,lime-rock,2016-07-23,201607231505_Race,22,115,2,Leh Keen,55.141,22.636,19.667,12.838,96.2,1:58:20.171,55141,0,0,12
2016,13_Lime Rock,Lime Rock,lime-rock,2016-07-23,201607231505_Race,22,116,2,Leh Keen,55.222,23.145,19.748,12.329,96.0,1:59:15.393,55222,0,0,12
2016,13_Lime Rock,Lime Rock,lime-rock,2016-07-23,201607231505_Race,22,117,2,Leh Keen,55.557,22.656,20.520,12.381,95.5,2:00:10.950,55557,0,0,12
2016,13_Lime Rock,Lime Rock,lime-rock,2016-07-23,201607231505_Race,22,118,2,Leh Keen,55.102,23.040,19.789,12.273,96.3,2:01:06.052,55102,0,0,12
2016,13_Lime Rock,Lime Rock,lime-rock,2016-07-23,201607231505_Race,22,119,2,Leh Keen,54.990,22.945,19.702,12.343,96.4,2:02:01.042,54990,0,0,12
2016,13_Lime Rock,Lime Rock,lime-rock,2016-07-23,201607231505_Race,22,120,2,Leh Keen,55.133,22.716,20.025,12.392,96.2,2:02:56.175,55133,0,0,12
2016,13_Lime Rock,Lime Rock,lime-rock,2016-07-23,201607231505_Race,22,121,2,Leh Keen,55.751,22.887,20.464,12.400,95.1,2:03:51.926,55751,0,0,12
2016,13_Lime Rock,Lime Rock,lime-rock,2016-07-23,201607231505_Race,22,122,2,Leh Keen,55.157,22.702,20.064,12.391,96.1,2:04:47.083,55157,0,0,12
2016,13_Lime Rock,Lime Rock,lime-rock,2016-07-23,201607231505_Race,22,123,2,Leh Keen,55.520,22.972,20.162,12.386,95.5,2:05:42.603,55520,0,0,12
2016,13_Lime Rock,Lime Rock,lime-rock,2016-07-23,201607231505_Race,22,124,2,Leh Keen,55.506,22.800,20.238,12.468,95.6,2:06:38.109,55506,0,0,12
2016,13_Lime Rock,Lime Rock,lime-rock,2016-07-23,201607231505_Race,22,125,2,Leh Keen,55.154,22.877,19.829,12.448,96.1,2:07:33.263,55154,0,0,12
2016,13_Lime Rock,Lime Rock,lime-rock,2016-07-23,201607231505_Race,22,126,2,Leh Keen,55.880,23.412,20.043,12.425,94.9,2:08:29.143,55880,0,0,12
2016,13_Lime Rock,Lime Rock,lime-rock,2016-07-23,201607231505_Race,22,127,2,Leh Keen,56.049,23.135,20.538,12.376,94.6,2:09:25.192,56049,0,0,13
2016,13_Lime Rock,Lime Rock,lime-rock,2016-07-23,201607231505_Race,22,128,2,Leh Keen,55.013,22.705,19.906,12.402,96.4,2:10:20.205,55013,0,0,13
2016,13_Lime Rock,Lime Rock,lime-rock,2016-07-23,201607231505_Race,22,129,2,Leh Keen,55.382,22.736,20.161,12.485,95.8,2:11:15.587,55382,0,0,13
2016,13_Lime Rock,Lime Rock,lime-rock,2016-07-23,201607231505_Race,22,130,2,Leh Keen,55.326,22.777,19.964,12.585,95.9,2:12:10.913,55326,0,0,13
2016,13_Lime Rock,Lime Rock,lime-rock,2016-07-23,201607231505_Race,22,131,2,Leh Keen,56.491,23.048,19.992,13.451,93.9,2:13:07.404,56491,0,0,13
2016,13_Lime Rock,Lime Rock,lime-rock,2016-07-23,201607231505_Race,22,132,2,Leh Keen,56.352,23.609,20.204,12.539,94.1,2:14:03.756,56352,0,0,13
2016,13_Lime Rock,Lime Rock,lime-rock,2016-07-23,201607231505_Race,22,133,2,Leh Keen,55.411,22.973,20.001,12.437,95.7,2:14:59.167,55411,0,0,13
2016,13_Lime Rock,Lime Rock,lime-rock,2016-07-23,201607231505_Race,22,134,2,Leh Keen,55.358,22.806,20.074,12.478,95.8,2:15:54.525,55358,0,0,13
2016,13_Lime Rock,Lime Rock,lime-rock,2016-07-23,201607231505_Race,22,135,2,Leh Keen,55.524,22.820,19.996,12.708,95.5,2:16:50.049,55524,0,0,13
2016,13_Lime Rock,Lime Rock,lime-rock,2016-07-23,201607231505_Race,22,136,2,Leh Keen,55.245,22.844,19.957,12.444,96.0,2:17:45.294,55245,0,0,13
2016,13_Lime Rock,Lime Rock,lime-rock,2016-07-23,201607231505_Race,22,137,2,Leh Keen,55.591,22.939,20.120,12.532,95.4,2:18:40.885,55591,0,0,13
2016,13_Lime Rock,Lime Rock,lime-rock,2016-07-23,201607231505_Race,22,138,2,Leh Keen,56.598,23.675,20.086,12.837,93.7,2:19:37.483,56598,0,0,13
2016,13_Lime Rock,Lime Rock,lime-rock,2016-07-23,201607231505_Race,22,139,2,Leh Keen,56.695,23.345,20.301,13.049,93.5,2:20:34.178,56695,0,0,13
2016,13_Lime Rock,Lime Rock,lime-rock,2016-07-23,201607231505_Race,22,140,2,Leh Keen,56.131,23.176,20.341,12.614,94.5,2:21:30.309,56131,0,0,13
2016,13_Lime Rock,Lime Rock,lime-rock,2016-07-23,201607231505_Race,22,141,2,Leh Keen,57.319,24.049,20.597,12.673,92.5,2:22:27.628,57319,0,0,13
2016,13_Lime Rock,Lime Rock,lime-rock,2016-07-23,201607231505_Race,22,142,2,Leh Keen,56.823,23.500,20.718,12.605,93.3,2:23:24.451,56823,0,0,13
2016,13_Lime Rock,Lime Rock,lime-rock,2016-07-23,201607231505_Race,22,143,2,Leh Keen,56.050,23.052,20.057,12.941,94.6,2:24:20.501,56050,0,0,13
2016,13_Lime Rock,Lime Rock,lime-rock,2016-07-23,201607231505_Race,22,144,2,Leh Keen,55.776,23.190,20.118,12.468,95.1,2:25:16.277,55776,0,0,13
2016,13_Lime Rock,Lime Rock,lime-rock,2016-07-23,201607231505_Race,22,145,2,Leh Keen,55.429,22.966,19.941,12.522,95.7,2:26:11.706,55429,0,0,13
2016,13_Lime Rock,Lime Rock,lime-rock,2016-07-23,201607231505_Race,22,146,2,Leh Keen,55.533,22.959,20.006,12.568,95.5,2:27:07.239,55533,0,0,13
2016,13_Lime Rock,Lime Rock,lime-rock,2016-07-23,201607231505_Race,22,147,2,Leh Keen,55.708,23.181,20.006,12.521,95.2,2:28:02.947,55708,0,0,13
2016,13_Lime Rock,Lime Rock,lime-rock,2016-07-23,201607231505_Race,22,148,2,Leh Keen,55.528,22.840,19.987,12.701,95.5,2:28:58.475,55528,0,0,13
2016,13_Lime Rock,Lime Rock,lime-rock,2016-07-23,201607231505_Race,22,149,2,Leh Keen,57.045,23.622,20.833,12.590,93.0,2:29:55.520,57045,0,0,13
2016,13_Lime Rock,Lime Rock,lime-rock,2016-07-23,201607231505_Race,22,150,2,Leh Keen,56.708,23.696,20.406,12.606,93.5,2:30:52.228,56708,0,0,13
2016,13_Lime Rock,Lime Rock,lime-rock,2016-07-23,201607231505_Race,22,151,2,Leh Keen,55.763,23.128,20.028,12.607,95.1,2:31:47.991,55763,0,0,13
2016,13_Lime Rock,Lime Rock,lime-rock,2016-07-23,201607231505_Race,22,152,2,Leh Keen,55.824,23.176,20.086,12.562,95.0,2:32:43.815,55824,0,0,13
2016,13_Lime Rock,Lime Rock,lime-rock,2016-07-23,201607231505_Race,22,153,2,Leh Keen,56.845,23.155,20.883,12.807,93.3,2:33:40.660,56845,0,0,13
2016,13_Lime Rock,Lime Rock,lime-rock,2016-07-23,201607231505_Race,22,154,2,Leh Keen,57.364,23.993,20.645,12.726,92.5,2:34:38.024,57364,0,0,13
2016,13_Lime Rock,Lime Rock,lime-rock,2016-07-23,201607231505_Race,22,155,2,Leh Keen,57.059,23.965,20.422,12.672,93.0,2:35:35.083,57059,0,0,13
2016,13_Lime Rock,Lime Rock,lime-rock,2016-07-23,201607231505_Race,22,156,2,Leh Keen,57.488,24.172,20.533,12.783,92.2,2:36:32.571,57488,0,0,13
2016,13_Lime Rock,Lime Rock,lime-rock,2016-07-23,201607231505_Race,22,157,2,Leh Keen,57.587,24.116,20.708,12.763,92.1,2:37:30.158,57587,0,0,13
2016,13_Lime Rock,Lime Rock,lime-rock,2016-07-23,201607231505_Race,22,158,2,Leh Keen,57.845,24.486,20.684,12.675,91.7,2:38:28.003,57845,0,0,13
2016,13_Lime Rock,Lime Rock,lime-rock,2016-07-23,201607231505_Race,22,159,2,Leh Keen,57.268,23.856,20.519,12.893,92.6,2:39:25.271,57268,0,0,13
2016,13_Lime Rock,Lime Rock,lime-rock,2016-07-23,201607231505_Race,22,160,2,Leh Keen,58.071,24.478,20.622,12.971,91.4,2:40:23.342,58071,0,0,13
2016,13_Lime Rock,Lime Rock,lime-rock,2016-07-23,201607231505_Race,22,161,2,Leh Keen,57.758,23.979,20.776,13.003,91.9,2:41:21.100,57758,0,0,13
2016,13_Lime Rock,Lime Rock,lime-rock,2016-07-23,201607231505_Race,23,1,1,Mario Farnbacher,1:35.528,47.056,25.824,22.648,55.5,1:35.528,,,0,13
2016,13_Lime Rock,Lime Rock,lime-rock,2016-07-23,201607231505_Race,23,2,1,Mario Farnbacher,1:05.859,29.979,23.199,12.681,80.5,2:41.387,65859,0,0,13
2016,13_Lime Rock,Lime Rock,lime-rock,2016-07-23,201607231505_Race,23,3,1,Mario Farnbacher,58.185,23.552,22.120,12.513,91.2,3:39.572,58185,0,0,13
2016,13_Lime Rock,Lime Rock,lime-rock,2016-07-23,201607231505_Race,23,4,1,Mario Farnbacher,55.430,22.957,20.085,12.388,95.7,4:35.002,55430,0,0,13
2016,13_Lime Rock,Lime Rock,lime-rock,2016-07-23,201607231505_Race,23,5,1,Mario Farnbacher,54.720,22.494,19.639,12.587,96.9,5:29.722,54720,0,0,13
2016,13_Lime Rock,Lime Rock,lime-rock,2016-07-23,201607231505_Race,23,6,1,Mario Farnbacher,56.605,22.885,19.890,13.830,93.7,6:26.327,56605,0,0,13
2016,13_Lime Rock,Lime Rock,lime-rock,2016-07-23,201607231505_Race,23,7,1,Mario Farnbacher,1:19.989,23.899,22.574,33.516,66.3,7:46.316,79989,0,0,13
2016,13_Lime Rock,Lime Rock,lime-rock,2016-07-23,201607231505_Race,23,8,1,Mario Farnbacher,1:36.491,30.420,33.961,32.110,54.9,9:22.807,96491,0,0,13
2016,13_Lime Rock,Lime Rock,lime-rock,2016-07-23,201607231505_Race,23,9,1,Mario Farnbacher,1:32.792,31.702,34.212,26.878,57.1,10:55.599,92792,0,0,13
2016,13_Lime Rock,Lime Rock,lime-rock,2016-07-23,201607231505_Race,23,10,1,Mario Farnbacher,1:32.708,33.610,30.284,28.814,57.2,12:28.307,92708,0,0,13
2016,13_Lime Rock,Lime Rock,lime-rock,2016-07-23,201607231505_Race,23,11,1,Mario Farnbacher,1:29.557,30.195,30.803,28.559,59.2,13:57.864,89557,0,0,13
2016,13_Lime Rock,Lime Rock,lime-rock,2016-07-23,201607231505_Race,23,12,1,Mario Farnbacher,1:29.462,30.363,31.543,27.556,59.3,15:27.326,89462,0,0,13
2016,13_Lime Rock,Lime Rock,lime-rock,2016-07-23,201607231505_Race,23,13,1,Mario Farnbacher,1:06.535,26.761,26.815,12.959,79.7,16:33.861,66535,0,0,13
2016,13_Lime Rock,Lime Rock,lime-rock,2016-07-23,201607231505_Race,23,14,1,Mario Farnbacher,55.498,22.968,20.044,12.486,95.6,17:29.359,55498,0,0,13
2016,13_Lime Rock,Lime Rock,lime-rock,2016-07-23,201607231505_Race,23,15,1,Mario Farnbacher,54.660,22.638,19.601,12.421,97.0,18:24.019,54660,0,0,13
2016,13_Lime Rock,Lime Rock,lime-rock,2016-07-23,201607231505_Race,23,16,1,Mario Farnbacher,54.408,22.495,19.530,12.383,97.5,19:18.427,54408,0,0,13
2016,13_Lime Rock,Lime Rock,lime-rock,2016-07-23,201607231505_Race,23,17,1,Mario Farnbacher,54.385,22.492,19.447,12.446,97.5,20:12.812,54385,0,0,13
2016,13_Lime Rock,Lime Rock,lime-rock,2016-07-23,201607231505_Race,23,18,1,Mario Farnbacher,54.291,22.458,19.443,12.390,97.7,21:07.103,54291,0,0,13
2016,13_Lime Rock,Lime Rock,lime-rock,2016-07-23,201607231505_Race,23,19,1,Mario Farnbacher,54.803,22.552,19.717,12.534,96.8,22:01.906,54803,0,0,13
2016,13_Lime Rock,Lime Rock,lime-rock,2016-07-23,201607231505_Race,23,20,1,Mario Farnbacher,54.528,22.622,19.473,12.433,97.3,22:56.434,54528,0,0,13
2016,13_Lime Rock,Lime Rock,lime-rock,2016-07-23,201607231505_Race,23,21,1,Mario Farnbacher,54.459,22.512,19.531,12.416,97.4,23:50.893,54459,0,0,13
2016,13_Lime Rock,Lime Rock,lime-rock,2016-07-23,201607231505_Race,23,22,1,Mario Farnbacher,54.748,22.686,19.616,12.446,96.9,24:45.641,54748,0,0,13
2016,13_Lime Rock,Lime Rock,lime-rock,2016-07-23,201607231505_Race,23,23,1,Mario Farnbacher,54.648,22.590,19.621,12.437,97.1,25:40.289,54648,0,0,13
2016,13_Lime Rock,Lime Rock,lime-rock,2016-07-23,201607231505_Race,23,24,1,Mario Farnbacher,54.879,22.800,19.625,12.454,96.6,26:35.168,54879,0,0,13
2016,13_Lime Rock,Lime Rock,lime-rock,2016-07-23,201607231505_Race,23,25,1,Mario Farnbacher,54.822,22.770,19.591,12.461,96.8,27:29.990,54822,0,0,13
2016,13_Lime Rock,Lime Rock,lime-rock,2016-07-23,201607231505_Race,23,26,1,Mario Farnbacher,57.058,23.002,20.228,13.828,93.0,28:27.048,57058,0,0,13
2016,13_Lime Rock,Lime Rock,lime-rock,2016-07-23,201607231505_Race,23,27,1,Mario Farnbacher,1:08.141,27.164,22.738,18.239,77.8,29:35.189,68141,0,0,13
2016,13_Lime Rock,Lime Rock,lime-rock,2016-07-23,201607231505_Race,23,28,1,Mario Farnbacher,1:30.005,32.854,32.391,24.760,58.9,31:05.194,90005,0,0,13
2016,13_Lime Rock,Lime Rock,lime-rock,2016-07-23,201607231505_Race,23,29,1,Mario Farnbacher,1:33.603,34.471,30.411,28.721,56.6,32:38.797,93603,0,1,13
2016,13_Lime Rock,Lime Rock,lime-rock,2016-07-23,201607231505_Race,23,30,1,Mario Farnbacher,1:41.495,1:08.784,20.134,12.577,52.2,34:20.292,101495,0,0,13
2016,13_Lime Rock,Lime Rock,lime-rock,2016-07-23,201607231505_Race,23,31,1,Mario Farnbacher,54.354,22.404,19.608,12.342,97.6,35:14.646,54354,0,0,13
2016,13_Lime Rock,Lime Rock,lime-rock,2016-07-23,201607231505_Race,23,32,1,Mario Farnbacher,54.077,22.147,19.508,12.422,98.1,36:08.723,54077,0,0,13
2016,13_Lime Rock,Lime Rock,lime-rock,2016-07-23,201607231505_Race,23,33,1,Mario Farnbacher,54.018,22.263,19.425,12.330,98.2,37:02.741,54018,0,0,13
2016,13_Lime Rock,Lime Rock,lime-rock,2016-07-23,201607231505_Race,23,34,1,Mario Farnbacher,53.871,22.228,19.345,12.298,98.4,37:56.612,53871,0,0,13
2016,13_Lime Rock,Lime Rock,lime-rock,2016-07-23,201607231505_Race,23,35,1,Mario Farnbacher,54.527,22.804,19.437,12.286,97.3,38:51.139,54527,0,0,13
2016,13_Lime Rock,Lime Rock,lime-rock,2016-07-23,201607231505_Race,23,36,1,Mario Farnbacher,54.141,22.404,19.418,12.319,97.9,39:45.280,54141,0,0,13
2016,13_Lime Rock,Lime Rock,lime-rock,2016-07-23,201607231505_Race,23,37,1,Mario Farnbacher,54.286,22.431,19.416,12.439,97.7,40:39.566,54286,0,0,13
2016,13_Lime Rock,Lime Rock,lime-rock,2016-07-23,201607231505_Race,23,38,1,Mario Farnbacher,54.579,22.323,19.838,12.418,97.2,41:34.145,54579,0,0,13
2016,13_Lime Rock,Lime Rock,lime-rock,2016-07-23,201607231505_Race,23,39,1,Mario Farnbacher,56.094,23.125,20.718,12.251,94.5,42:30.239,56094,0,0,13
2016,13_Lime Rock,Lime Rock,lime-rock,2016-07-23,201607231505_Race,23,40,1,Mario Farnbacher,55.801,22.668,20.748,12.385,95.0,43:26.040,55801,0,0,13
2016,13_Lime Rock,Lime Rock,lime-rock,2016-07-23,201607231505_Race,23,41,1,Mario Farnbacher,56.343,22.706,21.341,12.296,94.1,44:22.383,56343,0,0,13
2016,13_Lime Rock,Lime Rock,lime-rock,2016-07-23,201607231505_Race,23,42,1,Mario Farnbacher,1:17.638,24.709,30.255,22.674,68.3,45:40.021,77638,0,0,13
2016,13_Lime Rock,Lime Rock,lime-rock,2016-07-23,201607231505_Race,23,43,1,Mario Farnbacher,1:28.680,31.753,34.053,22.874,59.8,47:08.701,88680,0,0,13
2016,13_Lime Rock,Lime Rock,lime-rock,2016-07-23,201607231505_Race,23,44,1,Mario Farnbacher,1:03.592,28.863,21.024,13.705,83.4,48:12.293,63592,0,0,13
2016,13_Lime Rock,Lime Rock,lime-rock,2016-07-23,201607231505_Race,23,45,1,Mario Farnbacher,1:09.947,23.664,20.699,25.584,75.8,49:22.240,69947,0,0,13
2016,13_Lime Rock,Lime Rock,lime-rock,2016-07-23,201607231505_Race,23,46,1,Mario Farnbacher,1:15.327,29.538,33.240,12.549,70.4,50:37.567,75327,0,0,13
2016,13_Lime Rock,Lime Rock,lime-rock,2016-07-23,201607231505_Race,23,47,1,Mario Farnbacher,58.484,24.120,21.742,12.622,90.7,51:36.051,58484,0,0,13
2016,13_Lime Rock,Lime Rock,lime-rock,2016-07-23,201607231505_Race,23,48,1,Mario Farnbacher,54.453,22.576,19.574,12.303,97.4,52:30.504,54453,0,0,13
2016,13_Lime Rock,Lime Rock,lime-rock,2016-07-23,201607231505_Race,23,49,1,Mario Farnbacher,54.419,22.393,19.696,12.330,97.4,53:24.923,54419,0,0,13
2016,13_Lime Rock,Lime Rock,lime-rock,2016-07-23,201607231505_Race,23,50,1,Mario Farnbacher,56.457,22.935,20.450,13.072,94.0,54:21.380,56457,0,0,13
2016,13_Lime Rock,Lime Rock,lime-rock,2016-07-23,201607231505_Race,23,51,1,Mario Farnbacher,55.540,23.211,19.960,12.369,95.5,55:16.920,55540,0,0,13
2016,13_Lime Rock,Lime Rock,lime-rock,2016-07-23,201607231505_Race,23,52,1,Mario Farnbacher,54.638,22.710,19.715,12.213,97.1,56:11.558,54638,0,0,13
2016,13_Lime Rock,Lime Rock,lime-rock,2016-07-23,201607231505_Race,23,53,1,Mario Farnbacher,54.653,22.718,19.692,12.243,97.1,57:06.211,54653,0,0,13
2016,13_Lime Rock,Lime Rock,lime-rock,2016-07-23,201607231505_Race,23,54,1,Mario Farnbacher,55.168,22.985,19.911,12.272,96.1,58:01.379,55168,0,0,13
2016,13_Lime Rock,Lime Rock,lime-rock,2016-07-23,201607231505_Race,23,55,1,Mario Farnbacher,55.892,22.670,20.766,12.456,94.9,58:57.271,55892,0,0,13
2016,13_Lime Rock,Lime Rock,lime-rock,2016-07-23,201607231505_Race,23,56,1,Mario Farnbacher,56.038,23.493,20.195,12.350,94.6,59:53.309,56038,0,0,13
2016,13_Lime Rock,Lime Rock,lime-rock,2016-07-23,201607231505_Race,23,57,1,Mario Farnbacher,56.197,23.184,20.519,12.494,94.4,1:00:49.506,56197,0,0,13
2016,13_Lime Rock,Lime Rock,lime-rock,2016-07-23,201607231505_Race,23,58,1,Mario Farnbacher,55.146,23.028,19.771,12.347,96.2,1:01:44.652,55146,0,0,13
2016,13_Lime Rock,Lime Rock,lime-rock,2016-07-23,201607231505_Race,23,59,1,Mario Farnbacher,55.878,23.133,20.397,12.348,94.9,1:02:40.530,55878,0,0,13
2016,13_Lime Rock,Lime Rock,lime-rock,2016-07-23,201607231505_Race,23,60,1,Mario Farnbacher,55.129,23.044,19.718,12.367,96.2,1:03:35.659,55129,0,0,13
2016,13_Lime Rock,Lime Rock,lime-rock,2016-07-23,201607231505_Race,23,61,1,Mario Farnbacher,55.055,22.929,19.781,12.345,96.3,1:04:30.714,55055,0,0,13
2016,13_Lime Rock,Lime Rock,lime-rock,2016-07-23,201607231505_Race,23,62,1,Mario Farnbacher,55.489,22.820,20.275,12.394,95.6,1:05:26.203,55489,0,0,13
2016,13_Lime Rock,Lime Rock,lime-rock,2016-07-23,201607231505_Race,23,63,1,Mario Farnbacher,54.740,22.644,19.775,12.321,96.9,1:06:20.943,54740,0,0,13
2016,13_Lime Rock,Lime Rock,lime-rock,2016-07-23,201607231505_Race,23,64,1,Mario Farnbacher,54.719,22.540,19.815,12.364,96.9,1:07:15.662,54719,0,0,13
2016,13_Lime Rock,Lime Rock,lime-rock,2016-07-23,201607231505_Race,23,65,1,Mario Farnbacher,56.456,23.202,20.210,13.044,94.0,1:08:12.118,56456,0,0,13
2016,13_Lime Rock,Lime Rock,lime-rock,2016-07-23,201607231505_Race,23,66,1,Mario Farnbacher,55.855,23.571,19.949,12.335,95.0,1:09:07.973,55855,0,0,13
2016,13_Lime Rock,Lime Rock,lime-rock,2016-07-23,201607231505_Race,23,67,1,Mario Farnbacher,55.980,23.348,20.173,12.459,94.8,1:10:03.953,55980,0,0,13
2016,13_Lime Rock,Lime Rock,lime-rock,2016-07-23,201607231505_Race,23,68,1,Mario Farnbacher,54.934,22.294,20.248,12.392,96.6,1:10:58.887,54934,0,0,13
2016,13_Lime Rock,Lime Rock,lime-rock,2016-07-23,201607231505_Race,23,69,1,Mario Farnbacher,54.506,22.550,19.680,12.276,97.3,1:11:53.393,54506,0,0,13
2016,13_Lime Rock,Lime Rock,lime-rock,2016-07-23,201607231505_Race,23,70,1,Mario Farnbacher,54.317,22.516,19.570,12.231,97.6,1:12:47.710,54317,0,0,13
2016,13_Lime Rock,Lime Rock,lime-rock,2016-07-23,201607231505_Race,23,71,1,Mario Farnbacher,54.166,22.360,19.523,12.283,97.9,1:13:41.876,54166,0,0,13
2016,13_Lime Rock,Lime Rock,lime-rock,2016-07-23,201607231505_Race,23,72,1,Mario Farnbacher,54.525,22.644,19.589,12.292,97.3,1:14:36.401,54525,0,0,13
2016,13_Lime Rock,Lime Rock,lime-rock,2016-07-23,201607231505_Race,23,73,1,Mario Farnbacher,54.452,22.516,19.600,12.336,97.4,1:15:30.853,54452,0,0,13
2016,13_Lime Rock,Lime Rock,lime-rock,2016-07-23,201607231505_Race,23,74,1,Mario Farnbacher,55.263,22.895,19.920,12.448,96.0,1:16:26.116,55263,0,0,13
2016,13_Lime Rock,Lime Rock,lime-rock,2016-07-23,201607231505_Race,23,75,1,Mario Farnbacher,55.771,23.237,20.016,12.518,95.1,1:17:21.887,55771,0,0,13
2016,13_Lime Rock,Lime Rock,lime-rock,2016-07-23,201607231505_Race,23,76,1,Mario Farnbacher,54.643,22.653,19.662,12.328,97.1,1:18:16.530,54643,0,0,13
2016,13_Lime Rock,Lime Rock,lime-rock,2016-07-23,201607231505_Race,23,77,1,Mario Farnbacher,54.869,22.934,19.632,12.303,96.6,1:19:11.399,54869,0,0,13
2016,13_Lime Rock,Lime Rock,lime-rock,2016-07-23,201607231505_Race,23,78,1,Mario Farnbacher,54.478,22.518,19.677,12.283,97.4,1:20:05.877,54478,0,0,13
2016,13_Lime Rock,Lime Rock,lime-rock,2016-07-23,201607231505_Race,23,79,1,Mario Farnbacher,55.364,22.618,20.107,12.639,95.8,1:21:01.241,55364,0,0,13
2016,13_Lime Rock,Lime Rock,lime-rock,2016-07-23,201607231505_Race,23,80,1,Mario Farnbacher,54.928,22.959,19.650,12.319,96.6,1:21:56.169,54928,0,0,14
2016,13_Lime Rock,Lime Rock,lime-rock,2016-07-23,201607231505_Race,23,81,1,Mario Farnbacher,54.910,22.866,19.714,12.330,96.6,1:22:51.079,54910,0,0,14
2016,13_Lime Rock,Lime Rock,lime-rock,2016-07-23,201607231505_Race,23,82,1,Mario Farnbacher,55.113,22.872,19.734,12.507,96.3,1:23:46.192,55113,0,0,14
2016,13_Lime Rock,Lime Rock,lime-rock,2016-07-23,201607231505_Race,23,83,1,Mario Farnbacher,55.042,23.014,19.673,12.355,96.4,1:24:41.234,55042,0,0,14
2016,13_Lime Rock,Lime Rock,lime-rock,2016-07-23,201607231505_Race,23,84,1,Mario Farnbacher,55.401,22.873,20.032,12.496,95.7,1:25:36.635,55401,0,0,14
2016,13_Lime Rock,Lime Rock,lime-rock,2016-07-23,201607231505_Race,23,85,1,Mario Farnbacher,54.639,22.723,19.641,12.275,97.1,1:26:31.274,54639,0,0,14
2016,13_Lime Rock,Lime Rock,lime-rock,2016-07-23,201607231505_Race,23,86,1,Mario Farnbacher,54.761,22.567,19.788,12.406,96.8,1:27:26.035,54761,0,0,14
2016,13_Lime Rock,Lime Rock,lime-rock,2016-07-23,201607231505_Race,23,87,1,Mario Farnbacher,54.729,22.735,19.718,12.276,96.9,1:28:20.764,54729,0,0,14
2016,13_Lime Rock,Lime Rock,lime-rock,2016-07-23,201607231505_Race,23,88,1,Mario Farnbacher,58.692,22.592,20.372,15.728,90.4,1:29:19.456,58692,0,0,14
2016,13_Lime Rock,Lime Rock,lime-rock,2016-07-23,201607231505_Race,23,89,1,Mario Farnbacher,1:09.838,25.921,22.694,21.223,75.9,1:30:29.294,69838,0,0,14
2016,13_Lime Rock,Lime Rock,lime-rock,2016-07-23,201607231505_Race,23,90,1,Mario Farnbacher,1:09.533,26.596,24.379,18.558,76.3,1:31:38.827,69533,0,0,14
2016,13_Lime Rock,Lime Rock,lime-rock,2016-07-23,201607231505_Race,23,91,1,Mario Farnbacher,1:17.720,26.056,23.746,27.918,68.2,1:32:56.547,77720,0,0,14
2016,13_Lime Rock,Lime Rock,lime-rock,2016-07-23,201607231505_Race,23,92,1,Mario Farnbacher,1:29.537,33.690,31.548,24.299,59.2,1:34:26.084,89537,0,0,14
2016,13_Lime Rock,Lime Rock,lime-rock,2016-07-23,201607231505_Race,23,93,1,Mario Farnbacher,1:35.090,33.529,32.196,29.365,55.7,1:36:01.174,95090,0,1,14
2016,13_Lime Rock,Lime Rock,lime-rock,2016-07-23,201607231505_Race,23,94,2,Alex Riberas,1:51.735,1:13.210,23.688,14.837,47.4,1:37:52.909,111735,0,0,14
2016,13_Lime Rock,Lime Rock,lime-rock,2016-07-23,201607231505_Race,23,95,2,Alex Riberas,1:32.691,30.812,33.277,28.602,57.2,1:39:25.600,92691,0,0,14
2016,13_Lime Rock,Lime Rock,lime-rock,2016-07-23,201607231505_Race,23,96,2,Alex Riberas,1:32.598,39.293,39.137,14.168,57.2,1:40:58.198,92598,0,0,14
2016,13_Lime Rock,Lime Rock,lime-rock,2016-07-23,201607231505_Race,23,97,2,Alex Riberas,54.631,22.554,19.655,12.422,97.1,1:41:52.829,54631,0,0,14
2016,13_Lime Rock,Lime Rock,lime-rock,2016-07-23,201607231505_Race,23,98,2,Alex Riberas,54.204,22.292,19.558,12.354,97.8,1:42:47.033,54204,0,0,14
2016,13_Lime Rock,Lime Rock,lime-rock,2016-07-23,201607231505_Race,23,99,2,Alex Riberas,54.667,22.167,20.087,12.413,97.0,1:43:41.700,54667,0,0,14
2016,13_Lime Rock,Lime Rock,lime-rock,2016-07-23,201607231505_Race,23,100,2,Alex Riberas,53.834,21.954,19.541,12.339,98.5,1:44:35.534,53834,0,0,14
2016,13_Lime Rock,Lime Rock,lime-rock,2016-07-23,201607231505_Race,23,101,2,Alex Riberas,54.265,22.571,19.431,12.263,97.8,1:45:29.799,54265,0,0,14
2016,13_Lime Rock,Lime Rock,lime-rock,2016-07-23,201607231505_Race,23,102,2,Alex Riberas,55.586,22.898,19.686,13.002,95.4,1:46:25.385,55586,0,0,14
2016,13_Lime Rock,Lime Rock,lime-rock,2016-07-23,201607231505_Race,23,103,2,Alex Riberas,54.353,22.673,19.372,12.308,97.6,1:47:19.738,54353,0,0,14
2016,13_Lime Rock,Lime Rock,lime-rock,2016-07-23,201607231505_Race,23,104,2,Alex Riberas,53.730,22.170,19.278,12.282,98.7,1:48:13.468,53730,0,0,14
2016,13_Lime Rock,Lime Rock,lime-rock,2016-07-23,201607231505_Race,23,105,2,Alex Riberas,53.839,22.090,19.472,12.277,98.5,1:49:07.307,53839,0,0,14
2016,13_Lime Rock,Lime Rock,lime-rock,2016-07-23,201607231505_Race,23,106,2,Alex Riberas,53.976,22.155,19.509,12.312,98.3,1:50:01.283,53976,0,0,14
2016,13_Lime Rock,Lime Rock,lime-rock,2016-07-23,201607231505_Race,23,107,2,Alex Riberas,53.947,22.197,19.406,12.344,98.3,1:50:55.230,53947,0,0,14
2016,13_Lime Rock,Lime Rock,lime-rock,2016-07-23,201607231505_Race,23,108,2,Alex Riberas,54.248,22.225,19.579,12.444,97.8,1:51:49.478,54248,0,0,14
2016,13_Lime Rock,Lime Rock,lime-rock,2016-07-23,201607231505_Race,23,109,2,Alex Riberas,54.181,22.420,19.453,12.308,97.9,1:52:43.659,54181,0,0,14
2016,13_Lime Rock,Lime Rock,lime-rock,2016-07-23,201607231505_Race,23,110,2,Alex Riberas,54.072,22.217,19.484,12.371,98.1,1:53:37.731,54072,0,0,14
2016,13_Lime Rock,Lime Rock,lime-rock,2016-07-23,201607231505_Race,23,111,2,Alex Riberas,54.207,22.337,19.533,12.337,97.8,1:54:31.938,54207,0,0,14
2016,13_Lime Rock,Lime Rock,lime-rock,2016-07-23,201607231505_Race,23,112,2,Alex Riberas,54.725,22.598,19.784,12.343,96.9,1:55:26.663,54725,0,0,14
2016,13_Lime Rock,Lime Rock,lime-rock,2016-07-23,201607231505_Race,23,113,2,Alex Riberas,54.578,22.518,19.743,12.317,97.2,1:56:21.241,54578,0,0,14
2016,13_Lime Rock,Lime Rock,lime-rock,2016-07-23,201607231505_Race,23,114,2,Alex Riberas,54.952,22.697,19.794,12.461,96.5,1:57:16.193,54952,0,0,14
2016,13_Lime Rock,Lime Rock,lime-rock,2016-07-23,201607231505_Race,23,115,2,Alex Riberas,54.879,22.571,19.839,12.469,96.6,1:58:11.072,54879,0,0,14
2016,13_Lime Rock,Lime Rock,lime-rock,2016-07-23,201607231505_Race,23,116,2,Alex Riberas,55.236,22.740,20.055,12.441,96.0,1:59:06.308,55236,0,0,14
2016,13_Lime Rock,Lime Rock,lime-rock,2016-07-23,201607231505_Race,23,117,2,Alex Riberas,55.497,23.129,19.951,12.417,95.6,2:00:01.805,55497,0,0,14
2016,13_Lime Rock,Lime Rock,lime-rock,2016-07-23,201607231505_Race,23,118,2,Alex Riberas,56.041,23.319,20.227,12.495,94.6,2:00:57.846,56041,0,0,14
2016,13_Lime Rock,Lime Rock,lime-rock,2016-07-23,201607231505_Race,23,119,2,Alex Riberas,54.777,22.661,19.713,12.403,96.8,2:01:52.623,54777,0,0,14
2016,13_Lime Rock,Lime Rock,lime-rock,2016-07-23,201607231505_Race,23,120,2,Alex Riberas,55.939,23.230,20.265,12.444,94.8,2:02:48.562,55939,0,0,14
2016,13_Lime Rock,Lime Rock,lime-rock,2016-07-23,201607231505_Race,23,121,2,Alex Riberas,57.850,23.446,21.984,12.420,91.7,2:03:46.412,57850,0,0,14
2016,13_Lime Rock,Lime Rock,lime-rock,2016-07-23,201607231505_Race,23,122,2,Alex Riberas,54.541,22.555,19.569,12.417,97.3,2:04:40.953,54541,0,0,14
2016,13_Lime Rock,Lime Rock,lime-rock,2016-07-23,201607231505_Race,23,123,2,Alex Riberas,54.999,22.707,19.880,12.412,96.4,2:05:35.952,54999,0,0,14
2016,13_Lime Rock,Lime Rock,lime-rock,2016-07-23,201607231505_Race,23,124,2,Alex Riberas,57.209,23.699,20.591,12.919,92.7,2:06:33.161,57209,0,0,14
2016,13_Lime Rock,Lime Rock,lime-rock,2016-07-23,201607231505_Race,23,125,2,Alex Riberas,54.857,22.717,19.747,12.393,96.7,2:07:28.018,54857,0,0,14
2016,13_Lime Rock,Lime Rock,lime-rock,2016-07-23,201607231505_Race,23,126,2,Alex Riberas,55.150,22.931,19.793,12.426,96.1,2:08:23.168,55150,0,0,14
2016,13_Lime Rock,Lime Rock,lime-rock,2016-07-23,201607231505_Race,23,127,2,Alex Riberas,55.356,23.112,19.767,12.477,95.8,2:09:18.524,55356,0,0,14
2016,13_Lime Rock,Lime Rock,lime-rock,2016-07-23,201607231505_Race,23,128,2,Alex Riberas,55.179,22.898,19.807,12.474,96.1,2:10:13.703,55179,0,0,14
2016,13_Lime Rock,Lime Rock,lime-rock,2016-07-23,201607231505_Race,23,129,2,Alex Riberas,55.308,22.958,19.957,12.393,95.9,2:11:09.011,55308,0,0,14
2016,13_Lime Rock,Lime Rock,lime-rock,2016-07-23,201607231505_Race,23,130,2,Alex Riberas,55.335,22.982,19.945,12.408,95.8,2:12:04.346,55335,0,0,14
2016,13_Lime Rock,Lime Rock,lime-rock,2016-07-23,201607231505_Race,23,131,2,Alex Riberas,56.983,23.608,20.751,12.624,93.1,2:13:01.329,56983,0,0,14
2016,13_Lime Rock,Lime Rock,lime-rock,2016-07-23,201607231505_Race,23,132,2,Alex Riberas,55.354,22.970,19.768,12.616,95.8,2:13:56.683,55354,0,0,14
2016,13_Lime Rock,Lime Rock,lime-rock,2016-07-23,201607231505_Race,23,133,2,Alex Riberas,56.193,23.380,20.320,12.493,94.4,2:14:52.876,56193,0,0,14
2016,13_Lime Rock,Lime Rock,lime-rock,2016-07-23,201607231505_Race,23,134,2,Alex Riberas,55.519,23.028,19.953,12.538,95.5,2:15:48.395,55519,0,0,14
2016,13_Lime Rock,Lime Rock,lime-rock,2016-07-23,201607231505_Race,23,135,2,Alex Riberas,56.175,23.717,19.996,12.462,94.4,2:16:44.570,56175,0,0,14
2016,13_Lime Rock,Lime Rock,lime-rock,2016-07-23,201607231505_Race,23,136,2,Alex Riberas,55.593,22.984,20.060,12.549,95.4,2:17:40.163,55593,0,0,14
2016,13_Lime Rock,Lime Rock,lime-rock,2016-07-23,201607231505_Race,23,137,2,Alex Riberas,55.434,23.136,19.845,12.453,95.7,2:18:35.597,55434,0,0,14
2016,13_Lime Rock,Lime Rock,lime-rock,2016-07-23,201607231505_Race,23,138,2,Alex Riberas,1:11.090,22.763,21.508,26.819,74.6,2:19:46.687,71090,0,1,14
2016,13_Lime Rock,Lime Rock,lime-rock,2016-07-23,201607231505_Race,23,139,2,Alex Riberas,1:33.183,57.604,21.620,13.959,56.9,2:21:19.870,93183,0,0,14
2016,13_Lime Rock,Lime Rock,lime-rock,2016-07-23,201607231505_Race,23,140,2,Alex Riberas,1:02.558,24.575,22.612,15.371,84.8,2:22:22.428,62558,0,0,14
2016,13_Lime Rock,Lime Rock,lime-rock,2016-07-23,201607231505_Race,23,141,2,Alex Riberas,1:17.292,27.406,23.700,26.186,68.6,2:23:39.720,77292,0,1,14
2016,13_Lime Rock,Lime Rock,lime-rock,2016-07-23,201607231505_Race,23,142,2,Alex Riberas,1:57.378,1:07.686,22.703,26.989,45.2,2:25:37.098,117378,0,1,14
2016,13_Lime Rock,Lime Rock,lime-rock,2016-07-23,201607231505_Race,25,1,2,Dirk Werner,1:28.995,38.233,30.383,20.379,59.6,1:28.995,,,0,14
2016,13_Lime Rock,Lime Rock,lime-rock,2016-07-23,201607231505_Race,25,2,2,Dirk Werner,1:08.318,26.592,27.963,13.763,77.6,2:37.313,68318,0,0,14
2016,13_Lime Rock,Lime Rock,lime-rock,2016-07-23,201607231505_Race,25,3,2,Dirk Werner,55.016,23.402,19.627,11.987,96.4,3:32.329,55016,0,0,14
2016,13_Lime Rock,Lime Rock,lime-rock,2016-07-23,201607231505_Race,25,4,2,Dirk Werner,52.788,21.837,19.154,11.797,100.5,4:25.117,52788,0,0,14
2016,13_Lime Rock,Lime Rock,lime-rock,2016-07-23,201607231505_Race,25,5,2,Dirk Werner,51.987,21.315,18.946,11.726,102.0,5:17.104,51987,0,0,14
2016,13_Lime Rock,Lime Rock,lime-rock,2016-07-23,201607231505_Race,25,6,2,Dirk Werner,52.251,21.367,19.018,11.866,101.5,6:09.355,52251,0,0,14
2016,13_Lime Rock,Lime Rock,lime-rock,2016-07-23,201607231505_Race,25,7,2,Dirk Werner,1:21.492,22.603,27.686,31.203,65.1,7:30.847,81492,0,0,14
2016,13_Lime Rock,Lime Rock,lime-rock,2016-07-23,201607231505_Race,25,8,2,Dirk Werner,1:35.830,34.132,33.961,27.737,55.3,9:06.677,95830,0,0,14
2016,13_Lime Rock,Lime Rock,lime-rock,2016-07-23,201607231505_Race,25,9,2,Dirk Werner,1:33.061,33.734,32.755,26.572,57.0,10:39.738,93061,0,0,14
2016,13_Lime Rock,Lime Rock,lime-rock,2016-07-23,201607231505_Race,25,10,2,Dirk Werner,1:29.970,32.604,30.257,27.109,58.9,12:09.708,89970,0,0,14
2016,13_Lime Rock,Lime Rock,lime-rock,2016-07-23,201607231505_Race,25,11,2,Dirk Werner,1:29.570,31.878,31.403,26.289,59.2,13:39.278,89570,0,0,14
2016,13_Lime Rock,Lime Rock,lime-rock,2016-07-23,201607231505_Race,25,12,2,Dirk Werner,1:30.989,33.302,32.164,25.523,58.3,15:10.267,90989,0,0,14
2016,13_Lime Rock,Lime Rock,lime-rock,2016-07-23,201607231505_Race,25,13,2,Dirk Werner,1:17.739,29.855,33.970,13.914,68.2,16:28.006,77739,0,0,14
2016,13_Lime Rock,Lime Rock,lime-rock,2016-07-23,201607231505_Race,25,14,2,Dirk Werner,52.672,21.732,19.180,11.760,100.7,17:20.678,52672,0,0,14
2016,13_Lime Rock,Lime Rock,lime-rock,2016-07-23,201607231505_Race,25,15,2,Dirk Werner,52.148,21.505,18.930,11.713,101.7,18:12.826,52148,0,0,14
2016,13_Lime Rock,Lime Rock,lime-rock,2016-07-23,201607231505_Race,25,16,2,Dirk Werner,51.824,21.326,18.771,11.727,102.4,19:04.650,51824,0,0,14
2016,13_Lime Rock,Lime Rock,lime-rock,2016-07-23,201607231505_Race,25,17,2,Dirk Werner,51.805,21.248,18.856,11.701,102.4,19:56.455,51805,0,0,14
2016,13_Lime Rock,Lime Rock,lime-rock,2016-07-23,201607231505_Race,25,18,2,Dirk Werner,51.908,21.306,18.852,11.750,102.2,20:48.363,51908,0,0,14
2016,13_Lime Rock,Lime Rock,lime-rock,2016-07-23,201607231505_Race,25,19,2,Dirk Werner,52.445,21.718,18.930,11.797,101.1,21:40.808,52445,0,0,14
2016,13_Lime Rock,Lime Rock,lime-rock,2016-07-23,201607231505_Race,25,20,2,Dirk Werner,52.269,21.452,18.955,11.862,101.5,22:33.077,52269,0,0,14
2016,13_Lime Rock,Lime Rock,lime-rock,2016-07-23,201607231505_Race,25,21,2,Dirk Werner,52.654,21.895,19.035,11.724,100.7,23:25.731,52654,0,0,14
2016,13_Lime Rock,Lime Rock,lime-rock,2016-07-23,201607231505_Race,25,22,2,Dirk Werner,51.995,21.321,18.958,11.716,102.0,24:17.726,51995,0,0,14
2016,13_Lime Rock,Lime Rock,lime-rock,2016-07-23,201607231505_Race,25,23,2,Dirk Werner,52.007,21.439,18.857,11.711,102.0,25:09.733,52007,0,0,14
2016,13_Lime Rock,Lime Rock,lime-rock,2016-07-23,201607231505_Race,25,24,2,Dirk Werner,52.152,21.415,19.040,11.697,101.7,26:01.885,52152,0,0,14
2016,13_Lime Rock,Lime Rock,lime-rock,2016-07-23,201607231505_Race,25,25,2,Dirk Werner,52.489,21.863,18.942,11.684,101.0,26:54.374,52489,0,0,14
2016,13_Lime Rock,Lime Rock,lime-rock,2016-07-23,201607231505_Race,25,26,2,Dirk Werner,51.979,21.339,18.903,11.737,102.0,27:46.353,51979,0,0,14
2016,13_Lime Rock,Lime Rock,lime-rock,2016-07-23,201607231505_Race,25,27,2,Dirk Werner,55.632,21.391,20.274,13.967,95.3,28:41.985,55632,0,0,14
2016,13_Lime Rock,Lime Rock,lime-rock,2016-07-23,201607231505_Race,25,28,2,Dirk Werner,1:07.065,25.286,25.643,16.136,79.1,29:49.050,67065,0,0,14
2016,13_Lime Rock,Lime Rock,lime-rock,2016-07-23,201607231505_Race,25,29,2,Dirk Werner,1:50.147,29.515,34.526,46.106,48.1,31:39.197,110147,0,1,14
2016,13_Lime Rock,Lime Rock,lime-rock,2016-07-23,201607231505_Race,25,30,2,Dirk Werner,1:04.286,30.739,21.013,12.534,82.5,32:43.483,64286,0,0,14
2016,13_Lime Rock,Lime Rock,lime-rock,2016-07-23,201607231505_Race,25,31,2,Dirk Werner,1:19.487,31.688,32.307,15.492,66.7,34:02.970,79487,0,0,14
2016,13_Lime Rock,Lime Rock,lime-rock,2016-07-23,201607231505_Race,25,32,2,Dirk Werner,54.511,22.564,19.626,12.321,97.3,34:57.481,54511,0,0,14
2016,13_Lime Rock,Lime Rock,lime-rock,2016-07-23,201607231505_Race,25,33,2,Dirk Werner,53.909,22.512,19.585,11.812,98.4,35:51.390,53909,0,0,14
2016,13_Lime Rock,Lime Rock,lime-rock,2016-07-23,201607231505_Race,25,34,2,Dirk Werner,53.268,22.146,19.299,11.823,99.6,36:44.658,53268,0,0,14
2016,13_Lime Rock,Lime Rock,lime-rock,2016-07-23,201607231505_Race,25,35,2,Dirk Werner,52.059,21.237,18.852,11.970,101.9,37:36.717,52059,0,0,14
2016,13_Lime Rock,Lime Rock,lime-rock,2016-07-23,201607231505_Race,25,36,2,Dirk Werner,52.119,21.425,18.994,11.700,101.8,38:28.836,52119,0,0,14
2016,13_Lime Rock,Lime Rock,lime-rock,2016-07-23,201607231505_Race,25,37,2,Dirk Werner,52.162,21.554,18.933,11.675,101.7,39:20.998,52162,0,0,14
2016,13_Lime Rock,Lime Rock,lime-rock,2016-07-23,201607231505_Race,25,38,2,Dirk Werner,51.616,21.241,18.752,11.623,102.7,40:12.614,51616,0,0,14
2016,13_Lime Rock,Lime Rock,lime-rock,2016-07-23,201607231505_Race,25,39,2,Dirk Werner,51.599,21.139,18.800,11.660,102.8,41:04.213,51599,0,0,14
2016,13_Lime Rock,Lime Rock,lime-rock,2016-07-23,201607231505_Race,25,40,2,Dirk Werner,51.700,21.216,18.869,11.615,102.6,41:55.913,51700,0,0,14
2016,13_Lime Rock,Lime Rock,lime-rock,2016-07-23,201607231505_Race,25,41,2,Dirk Werner,51.561,21.215,18.753,11.593,102.8,42:47.474,51561,0,0,14
2016,13_Lime Rock,Lime Rock,lime-rock,2016-07-23,201607231505_Race,25,42,2,Dirk Werner,51.560,21.267,18.610,11.683,102.8,43:39.034,51560,0,0,14
2016,13_Lime Rock,Lime Rock,lime-rock,2016-07-23,201607231505_Race,25,43,2,Dirk Werner,54.935,21.345,19.448,14.142,96.6,44:33.969,54935,0,0,14
2016,13_Lime Rock,Lime Rock,lime-rock,2016-07-23,201607231505_Race,25,44,2,Dirk Werner,1:12.787,24.076,25.553,23.158,72.8,45:46.756,72787,0,0,14
2016,13_Lime Rock,Lime Rock,lime-rock,2016-07-23,201607231505_Race,25,45,2,Dirk Werner,1:28.549,30.883,32.542,25.124,59.9,47:15.305,88549,0,0,14
2016,13_Lime Rock,Lime Rock,lime-rock,2016-07-23,201607231505_Race,25,46,2,Dirk Werner,1:44.517,35.898,37.980,30.639,50.7,48:59.822,104517,0,0,14
2016,13_Lime Rock,Lime Rock,lime-rock,2016-07-23,201607231505_Race,25,47,2,Dirk Werner,1:30.858,36.318,38.612,15.928,58.4,50:30.680,90858,0,0,14
2016,13_Lime Rock,Lime Rock,lime-rock,2016-07-23,201607231505_Race,25,48,2,Dirk Werner,54.254,22.698,19.714,11.842,97.8,51:24.934,54254,0,0,14
2016,13_Lime Rock,Lime Rock,lime-rock,2016-07-23,201607231505_Race,25,49,2,Dirk Werner,52.458,21.593,19.068,11.797,101.1,52:17.392,52458,0,0,14
2016,13_Lime Rock,Lime Rock,lime-rock,2016-07-23,201607231505_Race,25,50,2,Dirk Werner,52.011,21.382,18.931,11.698,102.0,53:09.403,52011,0,0,14
2016,13_Lime Rock,Lime Rock,lime-rock,2016-07-23,201607231505_Race,25,51,2,Dirk Werner,52.112,21.446,18.965,11.701,101.8,54:01.515,52112,0,0,14
2016,13_Lime Rock,Lime Rock,lime-rock,2016-07-23,201607231505_Race,25,52,2,Dirk Werner,51.903,21.421,18.768,11.714,102.2,54:53.418,51903,0,0,15
2016,13_Lime Rock,Lime Rock,lime-rock,2016-07-23,201607231505_Race,25,53,2,Dirk Werner,51.865,21.365,18.805,11.695,102.3,55:45.283,51865,0,0,15
2016,13_Lime Rock,Lime Rock,lime-rock,2016-07-23,201607231505_Race,25,54,2,Dirk Werner,52.215,21.509,18.988,11.718,101.6,56:37.498,52215,0,0,15
2016,13_Lime Rock,Lime Rock,lime-rock,2016-07-23,201607231505_Race,25,55,2,Dirk Werner,51.994,21.480,18.806,11.708,102.0,57:29.492,51994,0,0,15
2016,13_Lime Rock,Lime Rock,lime-rock,2016-07-23,201607231505_Race,25,56,2,Dirk Werner,52.154,21.539,18.904,11.711,101.7,58:21.646,52154,0,0,15
2016,13_Lime Rock,Lime Rock,lime-rock,2016-07-23,201607231505_Race,25,57,2,Dirk Werner,53.423,21.937,19.628,11.858,99.3,59:15.069,53423,0,0,15
2016,13_Lime Rock,Lime Rock,lime-rock,2016-07-23,201607231505_Race,25,58,2,Dirk Werner,53.062,21.942,19.349,11.771,99.9,1:00:08.131,53062,0,0,15
2016,13_Lime Rock,Lime Rock,lime-rock,2016-07-23,201607231505_Race,25,59,2,Dirk Werner,52.251,21.567,18.969,11.715,101.5,1:01:00.382,52251,0,0,15
2016,13_Lime Rock,Lime Rock,lime-rock,2016-07-23,201607231505_Race,25,60,2,Dirk Werner,52.099,21.419,18.980,11.700,101.8,1:01:52.481,52099,0,0,15
2016,13_Lime Rock,Lime Rock,lime-rock,2016-07-23,201607231505_Race,25,61,2,Dirk Werner,52.162,21.593,18.809,11.760,101.7,1:02:44.643,52162,0,0,15
2016,13_Lime Rock,Lime Rock,lime-rock,2016-07-23,201607231505_Race,25,62,2,Dirk Werner,53.879,21.668,20.252,11.959,98.4,1:03:38.522,53879,0,0,15
2016,13_Lime Rock,Lime Rock,lime-rock,2016-07-23,201607231505_Race,25,63,2,Dirk Werner,55.662,23.096,20.176,12.390,95.3,1:04:34.184,55662,0,0,15
2016,13_Lime Rock,Lime Rock,lime-rock,2016-07-23,201607231505_Race,25,64,2,Dirk Werner,55.468,22.681,20.817,11.970,95.6,1:05:29.652,55468,0,0,15
2016,13_Lime Rock,Lime Rock,lime-rock,2016-07-23,201607231505_Race,25,65,2,Dirk Werner,55.062,23.244,19.960,11.858,96.3,1:06:24.714,55062,0,0,15
2016,13_Lime Rock,Lime Rock,lime-rock,2016-07-23,201607231505_Race,25,66,2,Dirk Werner,52.173,21.513,18.928,11.732,101.7,1:07:16.887,52173,0,0,15
2016,13_Lime Rock,Lime Rock,lime-rock,2016-07-23,201607231505_Race,25,67,2,Dirk Werner,54.005,22.103,19.587,12.315,98.2,1:08:10.892,54005,0,0,15
2016,13_Lime Rock,Lime Rock,lime-rock,2016-07-23,201607231505_Race,25,68,2,Dirk Werner,52.447,21.702,18.952,11.793,101.1,1:09:03.339,52447,0,0,15
2016,13_Lime Rock,Lime Rock,lime-rock,2016-07-23,201607231505_Race,25,69,2,Dirk Werner,52.219,21.478,18.962,11.779,101.5,1:09:55.558,52219,0,0,15
2016,13_Lime Rock,Lime Rock,lime-rock,2016-07-23,201607231505_Race,25,70,2,Dirk Werner,54.394,22.259,19.619,12.516,97.5,1:10:49.952,54394,0,0,15
2016,13_Lime Rock,Lime Rock,lime-rock,2016-07-23,201607231505_Race,25,71,2,Dirk Werner,53.625,22.472,19.356,11.797,98.9,1:11:43.577,53625,0,0,15
2016,13_Lime Rock,Lime Rock,lime-rock,2016-07-23,201607231505_Race,25,72,2,Dirk Werner,52.281,21.502,19.007,11.772,101.4,1:12:35.858,52281,0,0,15
2016,13_Lime Rock,Lime Rock,lime-rock,2016-07-23,201607231505_Race,25,73,2,Dirk Werner,53.200,21.589,19.174,12.437,99.7,1:13:29.058,53200,0,0,15
2016,13_Lime Rock,Lime Rock,lime-rock,2016-07-23,201607231505_Race,25,74,2,Dirk Werner,53.849,22.274,19.474,12.101,98.5,1:14:22.907,53849,0,0,15
2016,13_Lime Rock,Lime Rock,lime-rock,2016-07-23,201607231505_Race,25,75,2,Dirk Werner,53.258,21.978,19.242,12.038,99.6,1:15:16.165,53258,0,0,15
2016,13_Lime Rock,Lime Rock,lime-rock,2016-07-23,201607231505_Race,25,76,2,Dirk Werner,52.883,21.697,19.395,11.791,100.3,1:16:09.048,52883,0,0,15
2016,13_Lime Rock,Lime Rock,lime-rock,2016-07-23,201607231505_Race,25,77,2,Dirk Werner,52.233,21.515,18.963,11.755,101.5,1:17:01.281,52233,0,0,15
2016,13_Lime Rock,Lime Rock,lime-rock,2016-07-23,201607231505_Race,25,78,2,Dirk Werner,52.812,21.596,19.307,11.909,100.4,1:17:54.093,52812,0,0,15
2016,13_Lime Rock,Lime Rock,lime-rock,2016-07-23,201607231505_Race,25,79,2,Dirk Werner,52.507,21.663,19.069,11.775,101.0,1:18:46.600,52507,0,0,15
2016,13_Lime Rock,Lime Rock,lime-rock,2016-07-23,201607231505_Race,25,80,2,Dirk Werner,54.091,22.250,19.587,12.254,98.1,1:19:40.691,54091,0,0,15
2016,13_Lime Rock,Lime Rock,lime-rock,2016-07-23,201607231505_Race,25,81,2,Dirk Werner,52.786,21.800,19.164,11.822,100.5,1:20:33.477,52786,0,0,15
2016,13_Lime Rock,Lime Rock,lime-rock,2016-07-23,201607231505_Race,25,82,2,Dirk Werner,52.736,21.782,19.069,11.885,100.5,1:21:26.213,52736,0,0,15
2016,13_Lime Rock,Lime Rock,lime-rock,2016-07-23,201607231505_Race,25,83,2,Dirk Werner,52.851,21.899,19.023,11.929,100.4,1:22:19.064,52851,0,0,15
2016,13_Lime Rock,Lime Rock,lime-rock,2016-07-23,201607231505_Race,25,84,2,Dirk Werner,53.529,22.377,19.270,11.882,99.1,1:23:12.593,53529,0,0,15
2016,13_Lime Rock,Lime Rock,lime-rock,2016-07-23,201607231505_Race,25,85,2,Dirk Werner,53.059,22.088,19.150,11.821,99.9,1:24:05.652,53059,0,0,15
2016,13_Lime Rock,Lime Rock,lime-rock,2016-07-23,201607231505_Race,25,86,2,Dirk Werner,53.570,21.852,19.445,12.273,99.0,1:24:59.222,53570,0,0,15
2016,13_Lime Rock,Lime Rock,lime-rock,2016-07-23,201607231505_Race,25,87,2,Dirk Werner,53.633,22.273,19.424,11.936,98.9,1:25:52.855,53633,0,0,15
2016,13_Lime Rock,Lime Rock,lime-rock,2016-07-23,201607231505_Race,25,88,2,Dirk Werner,54.271,21.921,19.750,12.600,97.8,1:26:47.126,54271,0,0,15
2016,13_Lime Rock,Lime Rock,lime-rock,2016-07-23,201607231505_Race,25,89,2,Dirk Werner,53.537,21.820,19.339,12.378,99.1,1:27:40.663,53537,0,0,15
2016,13_Lime Rock,Lime Rock,lime-rock,2016-07-23,201607231505_Race,27,1,1,Lawrence DeGeorge,1:43.429,53.063,28.906,21.460,51.3,1:43.429,,,0,15
2016,13_Lime Rock,Lime Rock,lime-rock,2016-07-23,201607231505_Race,27,2,1,Lawrence DeGeorge,2:12.733,31.760,25.005,1:15.968,39.9,3:56.162,132733,0,1,15
2016,13_Lime Rock,Lime Rock,lime-rock,2016-07-23,201607231505_Race,27,3,2,Cedric Sbirrazzuoli,1:03.524,30.527,20.105,12.892,83.5,4:59.686,63524,0,0,15
2016,13_Lime Rock,Lime Rock,lime-rock,2016-07-23,201607231505_Race,27,4,2,Cedric Sbirrazzuoli,54.345,22.257,19.655,12.433,97.6,5:54.031,54345,0,0,15
2016,13_Lime Rock,Lime Rock,lime-rock,2016-07-23,201607231505_Race,27,5,2,Cedric Sbirrazzuoli,55.883,22.344,20.485,13.054,94.9,6:49.914,55883,0,0,15
2016,13_Lime Rock,Lime Rock,lime-rock,2016-07-23,201607231505_Race,27,6,2,Cedric Sbirrazzuoli,1:05.191,23.095,21.752,20.344,81.3,7:55.105,65191,0,0,15
2016,13_Lime Rock,Lime Rock,lime-rock,2016-07-23,201607231505_Race,27,7,2,Cedric Sbirrazzuoli,1:35.936,31.282,33.286,31.368,55.3,9:31.041,95936,0,0,15
2016,13_Lime Rock,Lime Rock,lime-rock,2016-07-23,201607231505_Race,27,8,2,Cedric Sbirrazzuoli,1:34.161,32.222,34.356,27.583,56.3,11:05.202,94161,0,0,15
2016,13_Lime Rock,Lime Rock,lime-rock,2016-07-23,201607231505_Race,27,9,2,Cedric Sbirrazzuoli,1:33.814,34.144,29.699,29.971,56.5,12:39.016,93814,0,0,15
2016,13_Lime Rock,Lime Rock,lime-rock,2016-07-23,201607231505_Race,27,10,2,Cedric Sbirrazzuoli,1:27.929,30.966,27.590,29.373,60.3,14:06.945,87929,0,0,15
2016,13_Lime Rock,Lime Rock,lime-rock,2016-07-23,201607231505_Race,27,11,2,Cedric Sbirrazzuoli,1:28.083,31.044,28.686,28.353,60.2,15:35.028,88083,0,0,15
2016,13_Lime Rock,Lime Rock,lime-rock,2016-07-23,201607231505_Race,27,12,2,Cedric Sbirrazzuoli,1:03.355,27.278,23.519,12.558,83.7,16:38.383,63355,0,0,15
2016,13_Lime Rock,Lime Rock,lime-rock,2016-07-23,201607231505_Race,27,13,2,Cedric Sbirrazzuoli,54.180,22.286,19.646,12.248,97.9,17:32.563,54180,0,0,15
2016,13_Lime Rock,Lime Rock,lime-rock,2016-07-23,201607231505_Race,27,14,2,Cedric Sbirrazzuoli,55.147,22.722,19.975,12.450,96.2,18:27.710,55147,0,0,15
2016,13_Lime Rock,Lime Rock,lime-rock,2016-07-23,201607231505_Race,27,15,2,Cedric Sbirrazzuoli,54.876,22.741,19.807,12.328,96.6,19:22.586,54876,0,0,15
2016,13_Lime Rock,Lime Rock,lime-rock,2016-07-23,201607231505_Race,27,16,2,Cedric Sbirrazzuoli,55.155,22.861,19.878,12.416,96.1,20:17.741,55155,0,0,15
2016,13_Lime Rock,Lime Rock,lime-rock,2016-07-23,201607231505_Race,27,17,2,Cedric Sbirrazzuoli,54.897,22.615,19.956,12.326,96.6,21:12.638,54897,0,0,15
2016,13_Lime Rock,Lime Rock,lime-rock,2016-07-23,201607231505_Race,27,18,2,Cedric Sbirrazzuoli,54.640,22.548,19.697,12.395,97.1,22:07.278,54640,0,0,15
2016,13_Lime Rock,Lime Rock,lime-rock,2016-07-23,201607231505_Race,27,19,2,Cedric Sbirrazzuoli,55.301,22.868,19.958,12.475,95.9,23:02.579,55301,0,0,15
2016,13_Lime Rock,Lime Rock,lime-rock,2016-07-23,201607231505_Race,27,20,2,Cedric Sbirrazzuoli,1:00.931,27.942,19.845,13.144,87.1,24:03.510,60931,0,0,15
2016,13_Lime Rock,Lime Rock,lime-rock,2016-07-23,201607231505_Race,27,21,2,Cedric Sbirrazzuoli,2:00.493,22.631,20.871,1:16.991,44.0,26:04.003,120493,0,1,15
2016,13_Lime Rock,Lime Rock,lime-rock,2016-07-23,201607231505_Race,27,22,2,Cedric Sbirrazzuoli,1:02.310,30.216,19.657,12.437,85.1,27:06.313,62310,0,0,15
2016,13_Lime Rock,Lime Rock,lime-rock,2016-07-23,201607231505_Race,27,23,2,Cedric Sbirrazzuoli,54.549,22.753,19.452,12.344,97.3,28:00.862,54549,0,0,15
2016,13_Lime Rock,Lime Rock,lime-rock,2016-07-23,201607231505_Race,27,24,2,Cedric Sbirrazzuoli,53.854,22.105,19.416,12.333,98.5,28:54.716,53854,0,0,15
2016,13_Lime Rock,Lime Rock,lime-rock,2016-07-23,201607231505_Race,27,25,2,Cedric Sbirrazzuoli,1:04.205,22.571,23.349,18.285,82.6,29:58.921,64205,0,0,15
2016,13_Lime Rock,Lime Rock,lime-rock,2016-07-23,201607231505_Race,27,26,2,Cedric Sbirrazzuoli,1:18.803,26.976,32.746,19.081,67.3,31:17.724,78803,0,0,15
2016,13_Lime Rock,Lime Rock,lime-rock,2016-07-23,201607231505_Race,27,27,2,Cedric Sbirrazzuoli,1:21.129,30.225,31.165,19.739,65.4,32:38.853,81129,0,0,15
2016,13_Lime Rock,Lime Rock,lime-rock,2016-07-23,201607231505_Race,27,28,2,Cedric Sbirrazzuoli,1:23.210,33.022,31.523,18.665,63.7,34:02.063,83210,0,0,15
2016,13_Lime Rock,Lime Rock,lime-rock,2016-07-23,201607231505_Race,27,29,2,Cedric Sbirrazzuoli,55.157,22.641,20.073,12.443,96.1,34:57.220,55157,0,0,15
2016,13_Lime Rock,Lime Rock,lime-rock,2016-07-23,201607231505_Race,27,30,2,Cedric Sbirrazzuoli,57.272,23.343,21.007,12.922,92.6,35:54.492,57272,0,0,15
2016,13_Lime Rock,Lime Rock,lime-rock,2016-07-23,201607231505_Race,27,31,2,Cedric Sbirrazzuoli,56.430,22.806,20.174,13.450,94.0,36:50.922,56430,0,0,15
2016,13_Lime Rock,Lime Rock,lime-rock,2016-07-23,201607231505_Race,27,32,2,Cedric Sbirrazzuoli,56.380,22.833,21.180,12.367,94.1,37:47.302,56380,0,0,15
2016,13_Lime Rock,Lime Rock,lime-rock,2016-07-23,201607231505_Race,27,33,2,Cedric Sbirrazzuoli,54.014,22.357,19.367,12.290,98.2,38:41.316,54014,0,0,15
2016,13_Lime Rock,Lime Rock,lime-rock,2016-07-23,201607231505_Race,27,34,2,Cedric Sbirrazzuoli,55.196,22.490,20.224,12.482,96.1,39:36.512,55196,0,0,15
2016,13_Lime Rock,Lime Rock,lime-rock,2016-07-23,201607231505_Race,27,35,2,Cedric Sbirrazzuoli,53.865,22.252,19.333,12.280,98.4,40:30.377,53865,0,0,15
2016,13_Lime Rock,Lime Rock,lime-rock,2016-07-23,201607231505_Race,27,36,2,Cedric Sbirrazzuoli,54.523,22.452,19.794,12.277,97.3,41:24.900,54523,0,0,15
2016,13_Lime Rock,Lime Rock,lime-rock,2016-07-23,201607231505_Race,27,37,2,Cedric Sbirrazzuoli,54.678,22.495,19.773,12.410,97.0,42:19.578,54678,0,0,15
2016,13_Lime Rock,Lime Rock,lime-rock,2016-07-23,201607231505_Race,27,38,2,Cedric Sbirrazzuoli,55.775,23.383,20.012,12.380,95.1,43:15.353,55775,0,0,15
2016,13_Lime Rock,Lime Rock,lime-rock,2016-07-23,201607231505_Race,27,39,2,Cedric Sbirrazzuoli,56.705,22.748,20.820,13.137,93.5,44:12.058,56705,0,0,15
2016,13_Lime Rock,Lime Rock,lime-rock,2016-07-23,201607231505_Race,27,40,2,Cedric Sbirrazzuoli,1:08.053,24.322,26.226,17.505,77.9,45:20.111,68053,0,0,15
2016,13_Lime Rock,Lime Rock,lime-rock,2016-07-23,201607231505_Race,27,41,2,Cedric Sbirrazzuoli,1:01.745,24.187,23.904,13.654,85.9,46:21.856,61745,0,0,15
2016,13_Lime Rock,Lime Rock,lime-rock,2016-07-23,201607231505_Race,27,42,2,Cedric Sbirrazzuoli,1:05.344,23.346,21.415,20.583,81.2,47:27.200,65344,0,0,15
2016,13_Lime Rock,Lime Rock,lime-rock,2016-07-23,201607231505_Race,27,43,2,Cedric Sbirrazzuoli,1:46.259,34.433,37.267,34.559,49.9,49:13.459,106259,0,0,15
2016,13_Lime Rock,Lime Rock,lime-rock,2016-07-23,201607231505_Race,27,44,2,Cedric Sbirrazzuoli,1:22.997,33.227,34.910,14.860,63.9,50:36.456,82997,0,0,15
2016,13_Lime Rock,Lime Rock,lime-rock,2016-07-23,201607231505_Race,27,45,2,Cedric Sbirrazzuoli,58.063,24.115,21.246,12.702,91.4,51:34.519,58063,0,0,15
2016,13_Lime Rock,Lime Rock,lime-rock,2016-07-23,201607231505_Race,27,46,2,Cedric Sbirrazzuoli,54.475,22.502,19.646,12.327,97.4,52:28.994,54475,0,0,15
2016,13_Lime Rock,Lime Rock,lime-rock,2016-07-23,201607231505_Race,27,47,2,Cedric Sbirrazzuoli,54.938,22.651,19.854,12.433,96.5,53:23.932,54938,0,0,15
2016,13_Lime Rock,Lime Rock,lime-rock,2016-07-23,201607231505_Race,27,48,2,Cedric Sbirrazzuoli,57.224,23.442,20.489,13.293,92.7,54:21.156,57224,0,0,15
2016,13_Lime Rock,Lime Rock,lime-rock,2016-07-23,201607231505_Race,27,49,2,Cedric Sbirrazzuoli,56.779,24.153,20.287,12.339,93.4,55:17.935,56779,0,0,15
2016,13_Lime Rock,Lime Rock,lime-rock,2016-07-23,201607231505_Race,27,50,2,Cedric Sbirrazzuoli,54.723,22.641,19.723,12.359,96.9,56:12.658,54723,0,0,15
2016,13_Lime Rock,Lime Rock,lime-rock,2016-07-23,201607231505_Race,27,51,2,Cedric Sbirrazzuoli,54.601,22.660,19.590,12.351,97.1,57:07.259,54601,0,0,15
2016,13_Lime Rock,Lime Rock,lime-rock,2016-07-23,201607231505_Race,27,52,2,Cedric Sbirrazzuoli,54.737,22.633,19.781,12.323,96.9,58:01.996,54737,0,0,15
2016,13_Lime Rock,Lime Rock,lime-rock,2016-07-23,201607231505_Race,27,53,2,Cedric Sbirrazzuoli,55.685,22.716,20.483,12.486,95.3,58:57.681,55685,0,0,15
2016,13_Lime Rock,Lime Rock,lime-rock,2016-07-23,201607231505_Race,27,54,2,Cedric Sbirrazzuoli,56.705,23.517,20.736,12.452,93.5,59:54.386,56705,0,0,15
2016,13_Lime Rock,Lime Rock,lime-rock,2016-07-23,201607231505_Race,27,55,2,Cedric Sbirrazzuoli,55.668,23.021,20.117,12.530,95.3,1:00:50.054,55668,0,0,15
2016,13_Lime Rock,Lime Rock,lime-rock,2016-07-23,201607231505_Race,27,56,2,Cedric Sbirrazzuoli,55.593,22.921,20.175,12.497,95.4,1:01:45.647,55593,0,0,15
2016,13_Lime Rock,Lime Rock,lime-rock,2016-07-23,201607231505_Race,27,57,2,Cedric Sbirrazzuoli,55.900,22.773,20.728,12.399,94.9,1:02:41.547,55900,0,0,15
2016,13_Lime Rock,Lime Rock,lime-rock,2016-07-23,201607231505_Race,27,58,2,Cedric Sbirrazzuoli,55.646,22.851,20.170,12.625,95.3,1:03:37.193,55646,0,0,15
2016,13_Lime Rock,Lime Rock,lime-rock,2016-07-23,201607231505_Race,27,59,2,Cedric Sbirrazzuoli,56.556,23.519,20.621,12.416,93.8,1:04:33.749,56556,0,0,15
2016,13_Lime Rock,Lime Rock,lime-rock,2016-07-23,201607231505_Race,27,60,2,Cedric Sbirrazzuoli,55.381,22.887,20.028,12.466,95.8,1:05:29.130,55381,0,0,15
2016,13_Lime Rock,Lime Rock,lime-rock,2016-07-23,201607231505_Race,27,61,2,Cedric Sbirrazzuoli,57.334,23.167,21.196,12.971,92.5,1:06:26.464,57334,0,0,15
2016,13_Lime Rock,Lime Rock,lime-rock,2016-07-23,201607231505_Race,27,62,2,Cedric Sbirrazzuoli,56.700,23.894,20.477,12.329,93.5,1:07:23.164,56700,0,0,15
2016,13_Lime Rock,Lime Rock,lime-rock,2016-07-23,201607231505_Race,27,63,2,Cedric Sbirrazzuoli,1:06.570,22.596,30.897,13.077,79.7,1:08:29.734,66570,0,0,15
2016,13_Lime Rock,Lime Rock,lime-rock,2016-07-23,201607231505_Race,27,64,2,Cedric Sbirrazzuoli,1:43.379,23.796,22.128,57.455,51.3,1:10:13.113,103379,0,1,15
2016,13_Lime Rock,Lime Rock,lime-rock,2016-07-23,201607231505_Race,27,65,2,Cedric Sbirrazzuoli,1:02.980,30.390,19.963,12.627,84.2,1:11:16.093,62980,0,0,15
2016,13_Lime Rock,Lime Rock,lime-rock,2016-07-23,201607231505_Race,27,66,2,Cedric Sbirrazzuoli,55.692,22.525,20.665,12.502,95.2,1:12:11.785,55692,0,0,15
2016,13_Lime Rock,Lime Rock,lime-rock,2016-07-23,201607231505_Race,27,67,2,Cedric Sbirrazzuoli,54.657,22.669,19.572,12.416,97.0,1:13:06.442,54657,0,0,15
2016,13_Lime Rock,Lime Rock,lime-rock,2016-07-23,201607231505_Race,27,68,2,Cedric Sbirrazzuoli,55.070,22.462,19.884,12.724,96.3,1:14:01.512,55070,0,0,15
2016,13_Lime Rock,Lime Rock,lime-rock,2016-07-23,201607231505_Race,27,69,2,Cedric Sbirrazzuoli,56.071,23.525,20.172,12.374,94.6,1:14:57.583,56071,0,0,15
2016,13_Lime Rock,Lime Rock,lime-rock,2016-07-23,201607231505_Race,27,70,2,Cedric Sbirrazzuoli,53.982,22.224,19.521,12.237,98.3,1:15:51.565,53982,0,0,15
2016,13_Lime Rock,Lime Rock,lime-rock,2016-07-23,201607231505_Race,27,71,2,Cedric Sbirrazzuoli,54.180,22.167,19.757,12.256,97.9,1:16:45.745,54180,0,0,15
2016,13_Lime Rock,Lime Rock,lime-rock,2016-07-23,201607231505_Race,27,72,2,Cedric Sbirrazzuoli,54.661,22.535,19.763,12.363,97.0,1:17:40.406,54661,0,0,15
2016,13_Lime Rock,Lime Rock,lime-rock,2016-07-23,201607231505_Race,27,73,2,Cedric Sbirrazzuoli,55.321,22.853,20.020,12.448,95.9,1:18:35.727,55321,0,0,15
2016,13_Lime Rock,Lime Rock,lime-rock,2016-07-23,201607231505_Race,27,74,2,Cedric Sbirrazzuoli,54.597,22.662,19.695,12.240,97.1,1:19:30.324,54597,0,0,15
2016,13_Lime Rock,Lime Rock,lime-rock,2016-07-23,201607231505_Race,27,75,2,Cedric Sbirrazzuoli,54.489,22.297,19.865,12.327,97.3,1:20:24.813,54489,0,0,15
2016,13_Lime Rock,Lime Rock,lime-rock,2016-07-23,201607231505_Race,27,76,2,Cedric Sbirrazzuoli,54.014,22.328,19.434,12.252,98.2,1:21:18.827,54014,0,0,15
2016,13_Lime Rock,Lime Rock,lime-rock,2016-07-23,201607231505_Race,27,77,2,Cedric Sbirrazzuoli,54.380,22.345,19.711,12.324,97.5,1:22:13.207,54380,0,0,16
2016,13_Lime Rock,Lime Rock,lime-rock,2016-07-23,201607231505_Race,27,78,2,Cedric Sbirrazzuoli,54.287,22.443,19.526,12.318,97.7,1:23:07.494,54287,0,0,16
2016,13_Lime Rock,Lime Rock,lime-rock,2016-07-23,201607231505_Race,27,79,2,Cedric Sbirrazzuoli,54.800,22.947,19.561,12.292,96.8,1:24:02.294,54800,0,0,16
2016,13_Lime Rock,Lime Rock,lime-rock,2016-07-23,201607231505_Race,27,80,2,Cedric Sbirrazzuoli,56.262,22.765,21.047,12.450,94.3,1:24:58.556,56262,0,0,16
2016,13_Lime Rock,Lime Rock,lime-rock,2016-07-23,201607231505_Race,27,81,2,Cedric Sbirrazzuoli,55.526,22.768,20.389,12.369,95.5,1:25:54.082,55526,0,0,16
2016,13_Lime Rock,Lime Rock,lime-rock,2016-07-23,201607231505_Race,27,82,2,Cedric Sbirrazzuoli,55.596,23.073,19.667,12.856,95.4,1:26:49.678,55596,0,0,16
2016,13_Lime Rock,Lime Rock,lime-rock,2016-07-23,201607231505_Race,27,83,2,Cedric Sbirrazzuoli,55.198,22.855,19.884,12.459,96.1,1:27:44.876,55198,0,0,16
2016,13_Lime Rock,Lime Rock,lime-rock,2016-07-23,201607231505_Race,27,84,2,Cedric Sbirrazzuoli,56.237,23.028,20.387,12.822,94.3,1:28:41.113,56237,0,0,16
2016,13_Lime Rock,Lime Rock,lime-rock,2016-07-23,201607231505_Race,27,85,2,Cedric Sbirrazzuoli,1:00.557,23.666,21.569,15.322,87.6,1:29:41.670,60557,0,0,16
2016,13_Lime Rock,Lime Rock,lime-rock,2016-07-23,201607231505_Race,27,86,2,Cedric Sbirrazzuoli,1:27.914,24.199,33.347,30.368,60.3,1:31:09.584,87914,0,0,16
2016,13_Lime Rock,Lime Rock,lime-rock,2016-07-23,201607231505_Race,27,87,2,Cedric Sbirrazzuoli,1:01.484,26.443,20.792,14.249,86.3,1:32:11.068,61484,0,0,16
2016,13_Lime Rock,Lime Rock,lime-rock,2016-07-23,201607231505_Race,27,88,2,Cedric Sbirrazzuoli,58.495,24.328,20.910,13.257,90.7,1:33:09.563,58495,0,0,16
2016,13_Lime Rock,Lime Rock,lime-rock,2016-07-23,201607231505_Race,27,89,2,Cedric Sbirrazzuoli,1:20.106,26.341,32.776,20.989,66.2,1:34:29.669,80106,0,0,16
2016,13_Lime Rock,Lime Rock,lime-rock,2016-07-23,201607231505_Race,27,90,2,Cedric Sbirrazzuoli,1:25.515,33.565,32.406,19.544,62.0,1:35:55.184,85515,0,0,16
2016,13_Lime Rock,Lime Rock,lime-rock,2016-07-23,201607231505_Race,27,91,2,Cedric Sbirrazzuoli,1:35.428,33.547,35.572,26.309,55.6,1:37:30.612,95428,0,0,16
2016,13_Lime Rock,Lime Rock,lime-rock,2016-07-23,201607231505_Race,27,92,2,Cedric Sbirrazzuoli,59.299,24.907,20.311,14.081,89.4,1:38:29.911,59299,0,0,16
2016,13_Lime Rock,Lime Rock,lime-rock,2016-07-23,201607231505_Race,27,93,2,Cedric Sbirrazzuoli,1:05.620,23.270,19.895,22.455,80.8,1:39:35.531,65620,0,0,16
2016,13_Lime Rock,Lime Rock,lime-rock,2016-07-23,201607231505_Race,27,94,2,Cedric Sbirrazzuoli,1:28.168,36.860,37.646,13.662,60.2,1:41:03.699,88168,0,0,16
2016,13_Lime Rock,Lime Rock,lime-rock,2016-07-23,201607231505_Race,27,95,2,Cedric Sbirrazzuoli,55.514,23.317,19.823,12.374,95.5,1:41:59.213,55514,0,0,16
2016,13_Lime Rock,Lime Rock,lime-rock,2016-07-23,201607231505_Race,27,96,2,Cedric Sbirrazzuoli,55.020,23.084,19.665,12.271,96.4,1:42:54.233,55020,0,0,16
2016,13_Lime Rock,Lime Rock,lime-rock,2016-07-23,201607231505_Race,27,97,2,Cedric Sbirrazzuoli,54.487,22.531,19.624,12.332,97.3,1:43:48.720,54487,0,0,16
2016,13_Lime Rock,Lime Rock,lime-rock,2016-07-23,201607231505_Race,27,98,2,Cedric Sbirrazzuoli,54.625,22.511,19.628,12.486,97.1,1:44:43.345,54625,0,0,16
2016,13_Lime Rock,Lime Rock,lime-rock,2016-07-23,201607231505_Race,27,99,2,Cedric Sbirrazzuoli,54.918,22.782,19.716,12.420,96.6,1:45:38.263,54918,0,0,16
2016,13_Lime Rock,Lime Rock,lime-rock,2016-07-23,201607231505_Race,27,100,2,Cedric Sbirrazzuoli,54.666,22.614,19.647,12.405,97.0,1:46:32.929,54666,0,0,16
2016,13_Lime Rock,Lime Rock,lime-rock,2016-07-23,201607231505_Race,27,101,2,Cedric Sbirrazzuoli,54.922,22.608,19.901,12.413,96.6,1:47:27.851,54922,0,0,16
2016,13_Lime Rock,Lime Rock,lime-rock,2016-07-23,201607231505_Race,27,102,2,Cedric Sbirrazzuoli,54.777,22.649,19.611,12.517,96.8,1:48:22.628,54777,0,0,16
2016,13_Lime Rock,Lime Rock,lime-rock,2016-07-23,201607231505_Race,27,103,2,Cedric Sbirrazzuoli,55.464,23.042,19.696,12.726,95.6,1:49:18.092,55464,0,0,16
2016,13_Lime Rock,Lime Rock,lime-rock,2016-07-23,201607231505_Race,27,104,2,Cedric Sbirrazzuoli,55.306,22.869,19.710,12.727,95.9,1:50:13.398,55306,0,0,16
2016,13_Lime Rock,Lime Rock,lime-rock,2016-07-23,201607231505_Race,27,105,2,Cedric Sbirrazzuoli,54.711,22.644,19.622,12.445,96.9,1:51:08.109,54711,0,0,16
2016,13_Lime Rock,Lime Rock,lime-rock,2016-07-23,201607231505_Race,27,106,2,Cedric Sbirrazzuoli,54.764,22.594,19.755,12.415,96.8,1:52:02.873,54764,0,0,16
2016,13_Lime Rock,Lime Rock,lime-rock,2016-07-23,201607231505_Race,27,107,2,Cedric Sbirrazzuoli,56.710,22.564,21.192,12.954,93.5,1:52:59.583,56710,0,0,16
2016,13_Lime Rock,Lime Rock,lime-rock,2016-07-23,201607231505_Race,27,108,2,Cedric Sbirrazzuoli,56.472,23.384,19.888,13.200,93.9,1:53:56.055,56472,0,0,16
2016,13_Lime Rock,Lime Rock,lime-rock,2016-07-23,201607231505_Race,27,109,2,Cedric Sbirrazzuoli,56.524,23.960,19.977,12.587,93.8,1:54:52.579,56524,0,0,16
2016,13_Lime Rock,Lime Rock,lime-rock,2016-07-23,201607231505_Race,27,110,2,Cedric Sbirrazzuoli,55.979,22.960,20.377,12.642,94.8,1:55:48.558,55979,0,0,16
2016,13_Lime Rock,Lime Rock,lime-rock,2016-07-23,201607231505_Race,27,111,2,Cedric Sbirrazzuoli,55.782,23.073,20.224,12.485,95.1,1:56:44.340,55782,0,0,16
2016,13_Lime Rock,Lime Rock,lime-rock,2016-07-23,201607231505_Race,27,112,2,Cedric Sbirrazzuoli,56.093,22.631,20.484,12.978,94.5,1:57:40.433,56093,0,0,16
2016,13_Lime Rock,Lime Rock,lime-rock,2016-07-23,201607231505_Race,27,113,2,Cedric Sbirrazzuoli,55.314,23.169,19.665,12.480,95.9,1:58:35.747,55314,0,0,16
2016,13_Lime Rock,Lime Rock,lime-rock,2016-07-23,201607231505_Race,27,114,2,Cedric Sbirrazzuoli,55.312,22.839,19.943,12.530,95.9,1:59:31.059,55312,0,0,16
2016,13_Lime Rock,Lime Rock,lime-rock,2016-07-23,201607231505_Race,27,115,2,Cedric Sbirrazzuoli,55.429,22.721,20.210,12.498,95.7,2:00:26.488,55429,0,0,16
2016,13_Lime Rock,Lime Rock,lime-rock,2016-07-23,201607231505_Race,27,116,2,Cedric Sbirrazzuoli,56.044,23.092,20.353,12.599,94.6,2:01:22.532,56044,0,0,16
2016,13_Lime Rock,Lime Rock,lime-rock,2016-07-23,201607231505_Race,27,117,2,Cedric Sbirrazzuoli,55.714,22.971,20.159,12.584,95.2,2:02:18.246,55714,0,0,16
2016,13_Lime Rock,Lime Rock,lime-rock,2016-07-23,201607231505_Race,27,118,2,Cedric Sbirrazzuoli,55.558,22.842,19.954,12.762,95.5,2:03:13.804,55558,0,0,16
2016,13_Lime Rock,Lime Rock,lime-rock,2016-07-23,201607231505_Race,27,119,2,Cedric Sbirrazzuoli,55.787,23.025,20.157,12.605,95.1,2:04:09.591,55787,0,0,16
2016,13_Lime Rock,Lime Rock,lime-rock,2016-07-23,201607231505_Race,27,120,2,Cedric Sbirrazzuoli,57.022,23.720,20.551,12.751,93.0,2:05:06.613,57022,0,0,16
2016,13_Lime Rock,Lime Rock,lime-rock,2016-07-23,201607231505_Race,27,121,2,Cedric Sbirrazzuoli,56.021,23.051,20.265,12.705,94.6,2:06:02.634,56021,0,0,16
2016,13_Lime Rock,Lime Rock,lime-rock,2016-07-23,201607231505_Race,27,122,2,Cedric Sbirrazzuoli,55.943,23.134,20.198,12.611,94.8,2:06:58.577,55943,0,0,16
2016,13_Lime Rock,Lime Rock,lime-rock,2016-07-23,201607231505_Race,27,123,2,Cedric Sbirrazzuoli,56.148,22.916,20.577,12.655,94.5,2:07:54.725,56148,0,0,16
2016,13_Lime Rock,Lime Rock,lime-rock,2016-07-23,201607231505_Race,27,124,2,Cedric Sbirrazzuoli,56.344,23.359,20.356,12.629,94.1,2:08:51.069,56344,0,0,16
2016,13_Lime Rock,Lime Rock,lime-rock,2016-07-23,201607231505_Race,27,125,2,Cedric Sbirrazzuoli,55.797,23.003,20.167,12.627,95.1,2:09:46.866,55797,0,0,16
2016,13_Lime Rock,Lime Rock,lime-rock,2016-07-23,201607231505_Race,27,126,2,Cedric Sbirrazzuoli,56.547,23.110,20.298,13.139,93.8,2:10:43.413,56547,0,0,16
2016,13_Lime Rock,Lime Rock,lime-rock,2016-07-23,201607231505_Race,27,127,2,Cedric Sbirrazzuoli,56.704,23.161,20.408,13.135,93.5,2:11:40.117,56704,0,0,16
2016,13_Lime Rock,Lime Rock,lime-rock,2016-07-23,201607231505_Race,27,128,2,Cedric Sbirrazzuoli,57.860,23.970,21.022,12.868,91.7,2:12:37.977,57860,0,0,16
2016,13_Lime Rock,Lime Rock,lime-rock,2016-07-23,201607231505_Race,27,129,2,Cedric Sbirrazzuoli,1:41.674,23.915,20.849,56.910,52.1,2:14:19.651,101674,0,1,16
2016,13_Lime Rock,Lime Rock,lime-rock,2016-07-23,201607231505_Race,27,130,2,Cedric Sbirrazzuoli,1:04.049,31.345,20.187,12.517,82.8,2:15:23.700,64049,0,0,16
2016,13_Lime Rock,Lime Rock,lime-rock,2016-07-23,201607231505_Race,27,131,2,Cedric Sbirrazzuoli,54.180,22.225,19.657,12.298,97.9,2:16:17.880,54180,0,0,16
2016,13_Lime Rock,Lime Rock,lime-rock,2016-07-23,201607231505_Race,27,132,2,Cedric Sbirrazzuoli,54.220,22.241,19.574,12.405,97.8,2:17:12.100,54220,0,0,16
2016,13_Lime Rock,Lime Rock,lime-rock,2016-07-23,201607231505_Race,27,133,2,Cedric Sbirrazzuoli,54.076,22.230,19.545,12.301,98.1,2:18:06.176,54076,0,0,16
2016,13_Lime Rock,Lime Rock,lime-rock,2016-07-23,201607231505_Race,27,134,2,Cedric Sbirrazzuoli,55.516,22.255,20.953,12.308,95.5,2:19:01.692,55516,0,0,16
2016,13_Lime Rock,Lime Rock,lime-rock,2016-07-23,201607231505_Race,27,135,2,Cedric Sbirrazzuoli,55.784,23.092,20.329,12.363,95.1,2:19:57.476,55784,0,0,16
2016,13_Lime Rock,Lime Rock,lime-rock,2016-07-23,201607231505_Race,27,136,2,Cedric Sbirrazzuoli,54.286,22.365,19.646,12.275,97.7,2:20:51.762,54286,0,0,16
2016,13_Lime Rock,Lime Rock,lime-rock,2016-07-23,201607231505_Race,27,137,2,Cedric Sbirrazzuoli,54.487,22.419,19.636,12.432,97.3,2:21:46.249,54487,0,0,16
2016,13_Lime Rock,Lime Rock,lime-rock,2016-07-23,201607231505_Race,27,138,2,Cedric Sbirrazzuoli,54.061,22.339,19.524,12.198,98.1,2:22:40.310,54061,0,0,16
2016,13_Lime Rock,Lime Rock,lime-rock,2016-07-23,201607231505_Race,27,139,2,Cedric Sbirrazzuoli,53.995,22.209,19.503,12.283,98.3,2:23:34.305,53995,0,0,16
2016,13_Lime Rock,Lime Rock,lime-rock,2016-07-23,201607231505_Race,27,140,2,Cedric Sbirrazzuoli,54.359,22.307,19.514,12.538,97.6,2:24:28.664,54359,0,0,16
2016,13_Lime Rock,Lime Rock,lime-rock,2016-07-23,201607231505_Race,27,141,2,Cedric Sbirrazzuoli,54.604,22.296,19.491,12.817,97.1,2:25:23.268,54604,0,0,16
2016,13_Lime Rock,Lime Rock,lime-rock,2016-07-23,201607231505_Race,27,142,2,Cedric Sbirrazzuoli,53.935,22.187,19.421,12.327,98.3,2:26:17.203,53935,0,0,16
2016,13_Lime Rock,Lime Rock,lime-rock,2016-07-23,201607231505_Race,27,143,2,Cedric Sbirrazzuoli,54.533,22.332,19.865,12.336,97.3,2:27:11.736,54533,0,0,16
2016,13_Lime Rock,Lime Rock,lime-rock,2016-07-23,201607231505_Race,27,144,2,Cedric Sbirrazzuoli,54.899,22.746,19.729,12.424,96.6,2:28:06.635,54899,0,0,16
2016,13_Lime Rock,Lime Rock,lime-rock,2016-07-23,201607231505_Race,27,145,2,Cedric Sbirrazzuoli,54.439,22.475,19.706,12.258,97.4,2:29:01.074,54439,0,0,16
2016,13_Lime Rock,Lime Rock,lime-rock,2016-07-23,201607231505_Race,27,146,2,Cedric Sbirrazzuoli,54.550,22.362,19.758,12.430,97.3,2:29:55.624,54550,0,0,16
2016,13_Lime Rock,Lime Rock,lime-rock,2016-07-23,201607231505_Race,27,147,2,Cedric Sbirrazzuoli,54.385,22.525,19.519,12.341,97.5,2:30:50.009,54385,0,0,16
2016,13_Lime Rock,Lime Rock,lime-rock,2016-07-23,201607231505_Race,27,148,2,Cedric Sbirrazzuoli,55.667,22.419,20.804,12.444,95.3,2:31:45.676,55667,0,0,16
2016,13_Lime Rock,Lime Rock,lime-rock,2016-07-23,201607231505_Race,27,149,2,Cedric Sbirrazzuoli,54.503,22.548,19.573,12.382,97.3,2:32:40.179,54503,0,0,16
2016,13_Lime Rock,Lime Rock,lime-rock,2016-07-23,201607231505_Race,27,150,2,Cedric Sbirrazzuoli,55.061,22.751,19.999,12.311,96.3,2:33:35.240,55061,0,0,16
2016,13_Lime Rock,Lime Rock,lime-rock,2016-07-23,201607231505_Race,27,151,2,Cedric Sbirrazzuoli,54.203,22.242,19.555,12.406,97.9,2:34:29.443,54203,0,0,16
2016,13_Lime Rock,Lime Rock,lime-rock,2016-07-23,201607231505_Race,27,152,2,Cedric Sbirrazzuoli,54.352,22.358,19.657,12.337,97.6,2:35:23.795,54352,0,0,16
2016,13_Lime Rock,Lime Rock,lime-rock,2016-07-23,201607231505_Race,27,153,2,Cedric Sbirrazzuoli,54.143,22.398,19.513,12.232,97.9,2:36:17.938,54143,0,0,16
2016,13_Lime Rock,Lime Rock,lime-rock,2016-07-23,201607231505_Race,27,154,2,Cedric Sbirrazzuoli,56.094,22.669,20.534,12.891,94.5,2:37:14.032,56094,0,0,16
2016,13_Lime Rock,Lime Rock,lime-rock,2016-07-23,201607231505_Race,27,155,2,Cedric Sbirrazzuoli,55.407,22.782,20.276,12.349,95.7,2:38:09.439,55407,0,0,16
2016,13_Lime Rock,Lime Rock,lime-rock,2016-07-23,201607231505_Race,27,156,2,Cedric Sbirrazzuoli,56.865,23.193,20.562,13.110,93.3,2:39:06.304,56865,0,0,16
2016,13_Lime Rock,Lime Rock,lime-rock,2016-07-23,201607231505_Race,27,157,2,Cedric Sbirrazzuoli,55.887,23.068,20.394,12.425,94.9,2:40:02.191,55887,0,0,16
2016,13_Lime Rock,Lime Rock,lime-rock,2016-07-23,201607231505_Race,27,158,2,Cedric Sbirrazzuoli,56.193,23.412,20.357,12.424,94.4,2:40:58.384,56193,0,0,16
2016,13_Lime Rock,Lime Rock,lime-rock,2016-07-23,201607231505_Race,33,1,1,Ben Keating,1:42.276,51.625,28.277,22.374,51.8,1:42.276,,,0,16
2016,13_Lime Rock,Lime Rock,lime-rock,2016-07-23,201607231505_Race,33,2,1,Ben Keating,1:04.295,30.961,20.836,12.498,82.5,2:46.571,64295,0,0,16
2016,13_Lime Rock,Lime Rock,lime-rock,2016-07-23,201607231505_Race,33,3,1,Ben Keating,56.459,23.581,20.545,12.333,94.0,3:43.030,56459,0,0,16
2016,13_Lime Rock,Lime Rock,lime-rock,2016-07-23,201607231505_Race,33,4,1,Ben Keating,55.339,23.049,19.963,12.327,95.8,4:38.369,55339,0,0,16
2016,13_Lime Rock,Lime Rock,lime-rock,2016-07-23,201607231505_Race,33,5,1,Ben Keating,55.605,23.102,19.821,12.682,95.4,5:33.974,55605,0,0,16
2016,13_Lime Rock,Lime Rock,lime-rock,2016-07-23,201607231505_Race,33,6,1,Ben Keating,57.675,22.888,19.800,14.987,92.0,6:31.649,57675,0,0,16
2016,13_Lime Rock,Lime Rock,lime-rock,2016-07-23,201607231505_Race,33,7,1,Ben Keating,1:21.074,25.107,21.486,34.481,65.4,7:52.723,81074,0,0,16
2016,13_Lime Rock,Lime Rock,lime-rock,2016-07-23,201607231505_Race,33,8,1,Ben Keating,1:36.186,31.315,33.776,31.095,55.1,9:28.909,96186,0,0,16
2016,13_Lime Rock,Lime Rock,lime-rock,2016-07-23,201607231505_Race,33,9,1,Ben Keating,1:33.390,32.551,33.755,27.084,56.7,11:02.299,93390,0,0,16
2016,13_Lime Rock,Lime Rock,lime-rock,2016-07-23,201607231505_Race,33,10,1,Ben Keating,1:34.207,34.930,30.426,28.851,56.2,12:36.506,94207,0,0,16
2016,13_Lime Rock,Lime Rock,lime-rock,2016-07-23,201607231505_Race,33,11,1,Ben Keating,1:28.290,30.847,28.684,28.759,60.0,14:04.796,88290,0,0,16
2016,13_Lime Rock,Lime Rock,lime-rock,2016-07-23,201607231505_Race,33,12,1,Ben Keating,1:28.701,31.484,28.979,28.238,59.8,15:33.497,88701,0,0,16
2016,13_Lime Rock,Lime Rock,lime-rock,2016-07-23,201607231505_Race,33,13,1,Ben Keating,1:02.753,27.618,22.582,12.553,84.5,16:36.250,62753,0,0,16
2016,13_Lime Rock,Lime Rock,lime-rock,2016-07-23,201607231505_Race,33,14,1,Ben Keating,55.850,23.205,20.065,12.580,95.0,17:32.100,55850,0,0,16
2016,13_Lime Rock,Lime Rock,lime-rock,2016-07-23,201607231505_Race,33,15,1,Ben Keating,55.206,22.802,19.842,12.562,96.1,18:27.306,55206,0,0,16
2016,13_Lime Rock,Lime Rock,lime-rock,2016-07-23,201607231505_Race,33,16,1,Ben Keating,54.956,22.819,19.729,12.408,96.5,19:22.262,54956,0,0,16
2016,13_Lime Rock,Lime Rock,lime-rock,2016-07-23,201607231505_Race,33,17,1,Ben Keating,55.020,22.858,19.730,12.432,96.4,20:17.282,55020,0,0,16
2016,13_Lime Rock,Lime Rock,lime-rock,2016-07-23,201607231505_Race,33,18,1,Ben Keating,54.821,22.766,19.608,12.447,96.8,21:12.103,54821,0,0,16
2016,13_Lime Rock,Lime Rock,lime-rock,2016-07-23,201607231505_Race,33,19,1,Ben Keating,54.913,22.620,19.743,12.550,96.6,22:07.016,54913,0,0,16
2016,13_Lime Rock,Lime Rock,lime-rock,2016-07-23,201607231505_Race,33,20,1,Ben Keating,54.983,22.789,19.828,12.366,96.4,23:01.999,54983,0,0,16
2016,13_Lime Rock,Lime Rock,lime-rock,2016-07-23,201607231505_Race,33,21,1,Ben Keating,1:08.128,35.277,20.205,12.646,77.8,24:10.127,68128,0,0,16
2016,13_Lime Rock,Lime Rock,lime-rock,2016-07-23,201607231505_Race,33,22,1,Ben Keating,55.481,23.402,19.737,12.342,95.6,25:05.608,55481,0,0,16
2016,13_Lime Rock,Lime Rock,lime-rock,2016-07-23,201607231505_Race,33,23,1,Ben Keating,55.514,23.219,19.842,12.453,95.5,26:01.122,55514,0,0,16
2016,13_Lime Rock,Lime Rock,lime-rock,2016-07-23,201607231505_Race,33,24,1,Ben Keating,56.296,23.785,19.967,12.544,94.2,26:57.418,56296,0,0,16
2016,13_Lime Rock,Lime Rock,lime-rock,2016-07-23,201607231505_Race,33,25,1,Ben Keating,57.922,23.864,21.541,12.517,91.5,27:55.340,57922,0,0,16
2016,13_Lime Rock,Lime Rock,lime-rock,2016-07-23,201607231505_Race,33,26,1,Ben Keating,56.188,22.752,20.411,13.025,94.4,28:51.528,56188,0,0,16
2016,13_Lime Rock,Lime Rock,lime-rock,2016-07-23,201607231505_Race,33,27,1,Ben Keating,1:05.453,22.880,24.684,17.889,81.0,29:56.981,65453,0,0,16
2016,13_Lime Rock,Lime Rock,lime-rock,2016-07-23,201607231505_Race,33,28,1,Ben Keating,1:19.799,27.545,32.583,19.671,66.4,31:16.780,79799,0,0,16
2016,13_Lime Rock,Lime Rock,lime-rock,2016-07-23,201607231505_Race,33,29,1,Ben Keating,1:21.513,30.633,31.195,19.685,65.1,32:38.293,81513,0,0,16
2016,13_Lime Rock,Lime Rock,lime-rock,2016-07-23,201607231505_Race,33,30,1,Ben Keating,1:23.050,33.227,31.203,18.620,63.8,34:01.343,83050,0,0,16
2016,13_Lime Rock,Lime Rock,lime-rock,2016-07-23,201607231505_Race,33,31,1,Ben Keating,55.406,23.023,19.948,12.435,95.7,34:56.749,55406,0,0,16
2016,13_Lime Rock,Lime Rock,lime-rock,2016-07-23,201607231505_Race,33,32,1,Ben Keating,56.345,23.009,20.124,13.212,94.1,35:53.094,56345,0,0,16
2016,13_Lime Rock,Lime Rock,lime-rock,2016-07-23,201607231505_Race,33,33,1,Ben Keating,56.428,23.249,20.459,12.720,94.0,36:49.522,56428,0,0,17
2016,13_Lime Rock,Lime Rock,lime-rock,2016-07-23,201607231505_Race,33,34,1,Ben Keating,59.110,23.455,22.919,12.736,89.7,37:48.632,59110,0,0,17
2016,13_Lime Rock,Lime Rock,lime-rock,2016-07-23,201607231505_Race,33,35,1,Ben Keating,1:08.368,22.993,20.380,24.995,77.6,38:57.000,68368,0,1,17
2016,13_Lime Rock,Lime Rock,lime-rock,2016-07-23,201607231505_Race,33,36,1,Ben Keating,1:28.034,55.343,20.147,12.544,60.2,40:25.034,88034,0,0,17
2016,13_Lime Rock,Lime Rock,lime-rock,2016-07-23,201607231505_Race,33,37,1,Ben Keating,55.530,23.214,19.811,12.505,95.5,41:20.564,55530,0,0,17
2016,13_Lime Rock,Lime Rock,lime-rock,2016-07-23,201607231505_Race,33,38,1,Ben Keating,54.547,22.488,19.657,12.402,97.3,42:15.111,54547,0,0,17
2016,13_Lime Rock,Lime Rock,lime-rock,2016-07-23,201607231505_Race,33,39,1,Ben Keating,54.169,22.445,19.455,12.269,97.9,43:09.280,54169,0,0,17
2016,13_Lime Rock,Lime Rock,lime-rock,2016-07-23,201607231505_Race,33,40,1,Ben Keating,54.473,22.539,19.567,12.367,97.4,44:03.753,54473,0,0,17
2016,13_Lime Rock,Lime Rock,lime-rock,2016-07-23,201607231505_Race,33,41,1,Ben Keating,55.647,22.625,20.244,12.778,95.3,44:59.400,55647,0,0,17
2016,13_Lime Rock,Lime Rock,lime-rock,2016-07-23,201607231505_Race,33,42,1,Ben Keating,57.006,24.157,19.811,13.038,93.0,45:56.406,57006,0,0,17
2016,13_Lime Rock,Lime Rock,lime-rock,2016-07-23,201607231505_Race,33,43,1,Ben Keating,1:20.819,29.564,30.201,21.054,65.6,47:17.225,80819,0,0,17
2016,13_Lime Rock,Lime Rock,lime-rock,2016-07-23,201607231505_Race,33,44,1,Ben Keating,1:00.416,27.199,20.592,12.625,87.8,48:17.641,60416,0,0,17
2016,13_Lime Rock,Lime Rock,lime-rock,2016-07-23,201607231505_Race,33,45,1,Ben Keating,1:06.133,22.862,20.046,23.225,80.2,49:23.774,66133,0,0,17
2016,13_Lime Rock,Lime Rock,lime-rock,2016-07-23,201607231505_Race,33,46,1,Ben Keating,1:15.477,28.722,34.154,12.601,70.2,50:39.251,75477,0,0,17
2016,13_Lime Rock,Lime Rock,lime-rock,2016-07-23,201607231505_Race,33,47,1,Ben Keating,58.509,23.457,22.111,12.941,90.7,51:37.760,58509,0,0,17
2016,13_Lime Rock,Lime Rock,lime-rock,2016-07-23,201607231505_Race,33,48,1,Ben Keating,56.831,23.448,20.716,12.667,93.3,52:34.591,56831,0,0,17
2016,13_Lime Rock,Lime Rock,lime-rock,2016-07-23,201607231505_Race,33,49,1,Ben Keating,54.531,22.568,19.670,12.293,97.3,53:29.122,54531,0,0,17
2016,13_Lime Rock,Lime Rock,lime-rock,2016-07-23,201607231505_Race,33,50,1,Ben Keating,54.598,22.661,19.559,12.378,97.1,54:23.720,54598,0,0,17
2016,13_Lime Rock,Lime Rock,lime-rock,2016-07-23,201607231505_Race,33,51,1,Ben Keating,55.272,23.026,19.880,12.366,96.0,55:18.992,55272,0,0,17
2016,13_Lime Rock,Lime Rock,lime-rock,2016-07-23,201607231505_Race,33,52,1,Ben Keating,54.836,22.585,19.859,12.392,96.7,56:13.828,54836,0,0,17
2016,13_Lime Rock,Lime Rock,lime-rock,2016-07-23,201607231505_Race,33,53,1,Ben Keating,54.544,22.699,19.501,12.344,97.3,57:08.372,54544,0,0,17
2016,13_Lime Rock,Lime Rock,lime-rock,2016-07-23,201607231505_Race,33,54,1,Ben Keating,54.598,22.569,19.734,12.295,97.1,58:02.970,54598,0,0,17
2016,13_Lime Rock,Lime Rock,lime-rock,2016-07-23,201607231505_Race,33,55,1,Ben Keating,55.112,22.737,19.897,12.478,96.3,58:58.082,55112,0,0,17
2016,13_Lime Rock,Lime Rock,lime-rock,2016-07-23,201607231505_Race,33,56,1,Ben Keating,57.156,23.781,20.811,12.564,92.8,59:55.238,57156,0,0,17
2016,13_Lime Rock,Lime Rock,lime-rock,2016-07-23,201607231505_Race,33,57,1,Ben Keating,55.387,22.887,20.199,12.301,95.8,1:00:50.625,55387,0,0,17
2016,13_Lime Rock,Lime Rock,lime-rock,2016-07-23,201607231505_Race,33,58,1,Ben Keating,55.679,23.210,19.998,12.471,95.3,1:01:46.304,55679,0,0,17
2016,13_Lime Rock,Lime Rock,lime-rock,2016-07-23,201607231505_Race,33,59,1,Ben Keating,56.796,23.027,20.824,12.945,93.4,1:02:43.100,56796,0,0,17
2016,13_Lime Rock,Lime Rock,lime-rock,2016-07-23,201607231505_Race,33,60,1,Ben Keating,56.847,22.842,21.196,12.809,93.3,1:03:39.947,56847,0,0,17
2016,13_Lime Rock,Lime Rock,lime-rock,2016-07-23,201607231505_Race,33,61,1,Ben Keating,57.203,23.846,20.610,12.747,92.7,1:04:37.150,57203,0,0,17
2016,13_Lime Rock,Lime Rock,lime-rock,2016-07-23,201607231505_Race,33,62,1,Ben Keating,56.989,23.123,21.107,12.759,93.1,1:05:34.139,56989,0,0,17
2016,13_Lime Rock,Lime Rock,lime-rock,2016-07-23,201607231505_Race,33,63,1,Ben Keating,55.608,22.862,20.211,12.535,95.4,1:06:29.747,55608,0,0,17
2016,13_Lime Rock,Lime Rock,lime-rock,2016-07-23,201607231505_Race,33,64,1,Ben Keating,55.811,22.904,20.092,12.815,95.0,1:07:25.558,55811,0,0,17
2016,13_Lime Rock,Lime Rock,lime-rock,2016-07-23,201607231505_Race,33,65,1,Ben Keating,57.300,23.327,21.138,12.835,92.5,1:08:22.858,57300,0,0,17
2016,13_Lime Rock,Lime Rock,lime-rock,2016-07-23,201607231505_Race,33,66,1,Ben Keating,55.969,23.441,20.003,12.525,94.8,1:09:18.827,55969,0,0,17
2016,13_Lime Rock,Lime Rock,lime-rock,2016-07-23,201607231505_Race,33,67,1,Ben Keating,56.919,24.273,20.123,12.523,93.2,1:10:15.746,56919,0,0,17
2016,13_Lime Rock,Lime Rock,lime-rock,2016-07-23,201607231505_Race,33,68,1,Ben Keating,56.468,23.447,20.280,12.741,93.9,1:11:12.214,56468,0,0,17
2016,13_Lime Rock,Lime Rock,lime-rock,2016-07-23,201607231505_Race,33,69,1,Ben Keating,55.468,22.779,20.050,12.639,95.6,1:12:07.682,55468,0,0,17
2016,13_Lime Rock,Lime Rock,lime-rock,2016-07-23,201607231505_Race,33,70,1,Ben Keating,55.861,23.187,20.189,12.485,95.0,1:13:03.543,55861,0,0,17
2016,13_Lime Rock,Lime Rock,lime-rock,2016-07-23,201607231505_Race,33,71,1,Ben Keating,55.381,22.979,19.975,12.427,95.8,1:13:58.924,55381,0,0,17
2016,13_Lime Rock,Lime Rock,lime-rock,2016-07-23,201607231505_Race,33,72,1,Ben Keating,55.399,22.876,20.055,12.468,95.8,1:14:54.323,55399,0,0,17
2016,13_Lime Rock,Lime Rock,lime-rock,2016-07-23,201607231505_Race,33,73,1,Ben Keating,55.283,22.960,19.787,12.536,96.0,1:15:49.606,55283,0,0,17
2016,13_Lime Rock,Lime Rock,lime-rock,2016-07-23,201607231505_Race,33,74,1,Ben Keating,55.189,22.909,19.849,12.431,96.1,1:16:44.795,55189,0,0,17
2016,13_Lime Rock,Lime Rock,lime-rock,2016-07-23,201607231505_Race,33,75,1,Ben Keating,55.233,22.989,19.797,12.447,96.0,1:17:40.028,55233,0,0,17
2016,13_Lime Rock,Lime Rock,lime-rock,2016-07-23,201607231505_Race,33,76,1,Ben Keating,55.336,22.921,19.976,12.439,95.8,1:18:35.364,55336,0,0,17
2016,13_Lime Rock,Lime Rock,lime-rock,2016-07-23,201607231505_Race,33,77,1,Ben Keating,56.076,23.758,19.919,12.399,94.6,1:19:31.440,56076,0,0,17
2016,13_Lime Rock,Lime Rock,lime-rock,2016-07-23,201607231505_Race,33,78,1,Ben Keating,55.387,23.005,19.907,12.475,95.8,1:20:26.827,55387,0,0,17
2016,13_Lime Rock,Lime Rock,lime-rock,2016-07-23,201607231505_Race,33,79,1,Ben Keating,55.367,23.052,19.911,12.404,95.8,1:21:22.194,55367,0,0,17
2016,13_Lime Rock,Lime Rock,lime-rock,2016-07-23,201607231505_Race,33,80,1,Ben Keating,55.847,23.529,19.869,12.449,95.0,1:22:18.041,55847,0,0,17
2016,13_Lime Rock,Lime Rock,lime-rock,2016-07-23,201607231505_Race,33,81,1,Ben Keating,56.533,23.313,20.733,12.487,93.8,1:23:14.574,56533,0,0,17
2016,13_Lime Rock,Lime Rock,lime-rock,2016-07-23,201607231505_Race,33,82,1,Ben Keating,55.952,23.392,20.052,12.508,94.8,1:24:10.526,55952,0,0,17
2016,13_Lime Rock,Lime Rock,lime-rock,2016-07-23,201607231505_Race,33,83,1,Ben Keating,55.764,23.069,20.146,12.549,95.1,1:25:06.290,55764,0,0,17
2016,13_Lime Rock,Lime Rock,lime-rock,2016-07-23,201607231505_Race,33,84,1,Ben Keating,59.236,24.533,21.315,13.388,89.6,1:26:05.526,59236,0,0,17
2016,13_Lime Rock,Lime Rock,lime-rock,2016-07-23,201607231505_Race,33,85,1,Ben Keating,56.640,24.044,20.057,12.539,93.7,1:27:02.166,56640,0,0,17
2016,13_Lime Rock,Lime Rock,lime-rock,2016-07-23,201607231505_Race,33,86,1,Ben Keating,55.634,23.205,19.923,12.506,95.3,1:27:57.800,55634,0,0,17
2016,13_Lime Rock,Lime Rock,lime-rock,2016-07-23,201607231505_Race,33,87,1,Ben Keating,56.815,23.225,20.510,13.080,93.3,1:28:54.615,56815,0,0,17
2016,13_Lime Rock,Lime Rock,lime-rock,2016-07-23,201607231505_Race,33,88,1,Ben Keating,1:02.042,23.504,21.326,17.212,85.5,1:29:56.657,62042,0,0,17
2016,13_Lime Rock,Lime Rock,lime-rock,2016-07-23,201607231505_Race,33,89,1,Ben Keating,1:19.947,24.895,25.873,29.179,66.3,1:31:16.604,79947,0,0,17
2016,13_Lime Rock,Lime Rock,lime-rock,2016-07-23,201607231505_Race,33,90,1,Ben Keating,1:01.246,26.508,21.015,13.723,86.6,1:32:17.850,61246,0,0,17
2016,13_Lime Rock,Lime Rock,lime-rock,2016-07-23,201607231505_Race,33,91,1,Ben Keating,57.919,23.763,20.522,13.634,91.5,1:33:15.769,57919,0,0,17
2016,13_Lime Rock,Lime Rock,lime-rock,2016-07-23,201607231505_Race,33,92,1,Ben Keating,1:15.299,24.219,31.127,19.953,70.4,1:34:31.068,75299,0,0,17
2016,13_Lime Rock,Lime Rock,lime-rock,2016-07-23,201607231505_Race,33,93,1,Ben Keating,2:04.980,33.566,32.087,59.327,42.4,1:36:36.048,124980,0,1,17
2016,13_Lime Rock,Lime Rock,lime-rock,2016-07-23,201607231505_Race,33,94,2,Jeroen Bleekemolen,1:13.650,34.264,22.080,17.306,72.0,1:37:49.698,73650,0,0,17
2016,13_Lime Rock,Lime Rock,lime-rock,2016-07-23,201607231505_Race,33,95,2,Jeroen Bleekemolen,1:34.451,32.533,32.106,29.812,56.1,1:39:24.149,94451,0,0,17
2016,13_Lime Rock,Lime Rock,lime-rock,2016-07-23,201607231505_Race,33,96,2,Jeroen Bleekemolen,1:33.179,39.689,39.099,14.391,56.9,1:40:57.328,93179,0,0,17
2016,13_Lime Rock,Lime Rock,lime-rock,2016-07-23,201607231505_Race,33,97,2,Jeroen Bleekemolen,54.913,22.790,19.716,12.407,96.6,1:41:52.241,54913,0,0,17
2016,13_Lime Rock,Lime Rock,lime-rock,2016-07-23,201607231505_Race,33,98,2,Jeroen Bleekemolen,54.214,22.334,19.552,12.328,97.8,1:42:46.455,54214,0,0,17
2016,13_Lime Rock,Lime Rock,lime-rock,2016-07-23,201607231505_Race,33,99,2,Jeroen Bleekemolen,54.334,22.339,19.656,12.339,97.6,1:43:40.789,54334,0,0,17
2016,13_Lime Rock,Lime Rock,lime-rock,2016-07-23,201607231505_Race,33,100,2,Jeroen Bleekemolen,54.284,22.310,19.605,12.369,97.7,1:44:35.073,54284,0,0,17
2016,13_Lime Rock,Lime Rock,lime-rock,2016-07-23,201607231505_Race,33,101,2,Jeroen Bleekemolen,54.189,22.425,19.515,12.249,97.9,1:45:29.262,54189,0,0,17
2016,13_Lime Rock,Lime Rock,lime-rock,2016-07-23,201607231505_Race,33,102,2,Jeroen Bleekemolen,55.042,22.335,20.313,12.394,96.4,1:46:24.304,55042,0,0,17
2016,13_Lime Rock,Lime Rock,lime-rock,2016-07-23,201607231505_Race,33,103,2,Jeroen Bleekemolen,54.055,22.357,19.417,12.281,98.1,1:47:18.359,54055,0,0,17
2016,13_Lime Rock,Lime Rock,lime-rock,2016-07-23,201607231505_Race,33,104,2,Jeroen Bleekemolen,54.513,22.677,19.569,12.267,97.3,1:48:12.872,54513,0,0,17
2016,13_Lime Rock,Lime Rock,lime-rock,2016-07-23,201607231505_Race,33,105,2,Jeroen Bleekemolen,53.953,22.318,19.426,12.209,98.3,1:49:06.825,53953,0,0,17
2016,13_Lime Rock,Lime Rock,lime-rock,2016-07-23,201607231505_Race,33,106,2,Jeroen Bleekemolen,53.926,22.189,19.506,12.231,98.4,1:50:00.751,53926,0,0,17
2016,13_Lime Rock,Lime Rock,lime-rock,2016-07-23,201607231505_Race,33,107,2,Jeroen Bleekemolen,53.944,22.379,19.370,12.195,98.3,1:50:54.695,53944,0,0,17
2016,13_Lime Rock,Lime Rock,lime-rock,2016-07-23,201607231505_Race,33,108,2,Jeroen Bleekemolen,54.124,22.323,19.449,12.352,98.0,1:51:48.819,54124,0,0,17
2016,13_Lime Rock,Lime Rock,lime-rock,2016-07-23,201607231505_Race,33,109,2,Jeroen Bleekemolen,54.309,22.449,19.540,12.320,97.6,1:52:43.128,54309,0,0,17
2016,13_Lime Rock,Lime Rock,lime-rock,2016-07-23,201607231505_Race,33,110,2,Jeroen Bleekemolen,54.140,22.352,19.469,12.319,97.9,1:53:37.268,54140,0,0,17
2016,13_Lime Rock,Lime Rock,lime-rock,2016-07-23,201607231505_Race,33,111,2,Jeroen Bleekemolen,54.324,22.320,19.644,12.360,97.6,1:54:31.592,54324,0,0,17
2016,13_Lime Rock,Lime Rock,lime-rock,2016-07-23,201607231505_Race,33,112,2,Jeroen Bleekemolen,54.527,22.543,19.620,12.364,97.3,1:55:26.119,54527,0,0,17
2016,13_Lime Rock,Lime Rock,lime-rock,2016-07-23,201607231505_Race,33,113,2,Jeroen Bleekemolen,54.728,22.677,19.645,12.406,96.9,1:56:20.847,54728,0,0,17
2016,13_Lime Rock,Lime Rock,lime-rock,2016-07-23,201607231505_Race,33,114,2,Jeroen Bleekemolen,54.854,22.855,19.622,12.377,96.7,1:57:15.701,54854,0,0,17
2016,13_Lime Rock,Lime Rock,lime-rock,2016-07-23,201607231505_Race,33,115,2,Jeroen Bleekemolen,55.022,22.824,19.788,12.410,96.4,1:58:10.723,55022,0,0,17
2016,13_Lime Rock,Lime Rock,lime-rock,2016-07-23,201607231505_Race,33,116,2,Jeroen Bleekemolen,55.160,22.862,19.899,12.399,96.1,1:59:05.883,55160,0,0,17
2016,13_Lime Rock,Lime Rock,lime-rock,2016-07-23,201607231505_Race,33,117,2,Jeroen Bleekemolen,55.673,23.036,20.152,12.485,95.3,2:00:01.556,55673,0,0,17
2016,13_Lime Rock,Lime Rock,lime-rock,2016-07-23,201607231505_Race,33,118,2,Jeroen Bleekemolen,55.648,23.197,19.920,12.531,95.3,2:00:57.204,55648,0,0,17
2016,13_Lime Rock,Lime Rock,lime-rock,2016-07-23,201607231505_Race,33,119,2,Jeroen Bleekemolen,55.077,22.872,19.743,12.462,96.3,2:01:52.281,55077,0,0,17
2016,13_Lime Rock,Lime Rock,lime-rock,2016-07-23,201607231505_Race,33,120,2,Jeroen Bleekemolen,55.685,23.025,20.253,12.407,95.3,2:02:47.966,55685,0,0,17
2016,13_Lime Rock,Lime Rock,lime-rock,2016-07-23,201607231505_Race,33,121,2,Jeroen Bleekemolen,55.121,22.987,19.724,12.410,96.2,2:03:43.087,55121,0,0,17
2016,13_Lime Rock,Lime Rock,lime-rock,2016-07-23,201607231505_Race,33,122,2,Jeroen Bleekemolen,57.441,23.601,21.088,12.752,92.3,2:04:40.528,57441,0,0,17
2016,13_Lime Rock,Lime Rock,lime-rock,2016-07-23,201607231505_Race,33,123,2,Jeroen Bleekemolen,55.205,22.875,19.848,12.482,96.1,2:05:35.733,55205,0,0,17
2016,13_Lime Rock,Lime Rock,lime-rock,2016-07-23,201607231505_Race,33,124,2,Jeroen Bleekemolen,56.838,23.461,20.849,12.528,93.3,2:06:32.571,56838,0,0,17
2016,13_Lime Rock,Lime Rock,lime-rock,2016-07-23,201607231505_Race,33,125,2,Jeroen Bleekemolen,55.192,22.911,19.796,12.485,96.1,2:07:27.763,55192,0,0,17
2016,13_Lime Rock,Lime Rock,lime-rock,2016-07-23,201607231505_Race,33,126,2,Jeroen Bleekemolen,55.125,22.875,19.818,12.432,96.2,2:08:22.888,55125,0,0,17
2016,13_Lime Rock,Lime Rock,lime-rock,2016-07-23,201607231505_Race,33,127,2,Jeroen Bleekemolen,55.257,22.990,19.811,12.456,96.0,2:09:18.145,55257,0,0,17
2016,13_Lime Rock,Lime Rock,lime-rock,2016-07-23,201607231505_Race,33,128,2,Jeroen Bleekemolen,55.276,22.981,19.781,12.514,96.0,2:10:13.421,55276,0,0,17
2016,13_Lime Rock,Lime Rock,lime-rock,2016-07-23,201607231505_Race,33,129,2,Jeroen Bleekemolen,55.411,22.964,19.894,12.553,95.7,2:11:08.832,55411,0,0,17
2016,13_Lime Rock,Lime Rock,lime-rock,2016-07-23,201607231505_Race,33,130,2,Jeroen Bleekemolen,55.288,22.917,19.838,12.533,96.0,2:12:04.120,55288,0,0,17
2016,13_Lime Rock,Lime Rock,lime-rock,2016-07-23,201607231505_Race,33,131,2,Jeroen Bleekemolen,56.844,23.196,21.060,12.588,93.3,2:13:00.964,56844,0,0,17
2016,13_Lime Rock,Lime Rock,lime-rock,2016-07-23,201607231505_Race,33,132,2,Jeroen Bleekemolen,55.202,22.906,19.741,12.555,96.1,2:13:56.166,55202,0,0,17
2016,13_Lime Rock,Lime Rock,lime-rock,2016-07-23,201607231505_Race,33,133,2,Jeroen Bleekemolen,56.509,23.391,20.534,12.584,93.8,2:14:52.675,56509,0,0,17
2016,13_Lime Rock,Lime Rock,lime-rock,2016-07-23,201607231505_Race,33,134,2,Jeroen Bleekemolen,55.453,22.907,19.969,12.577,95.6,2:15:48.128,55453,0,0,17
2016,13_Lime Rock,Lime Rock,lime-rock,2016-07-23,201607231505_Race,33,135,2,Jeroen Bleekemolen,55.823,23.366,19.940,12.517,95.0,2:16:43.951,55823,0,0,17
2016,13_Lime Rock,Lime Rock,lime-rock,2016-07-23,201607231505_Race,33,136,2,Jeroen Bleekemolen,55.558,23.049,20.000,12.509,95.5,2:17:39.509,55558,0,0,17
2016,13_Lime Rock,Lime Rock,lime-rock,2016-07-23,201607231505_Race,33,137,2,Jeroen Bleekemolen,55.763,23.356,19.872,12.535,95.1,2:18:35.272,55763,0,0,17
2016,13_Lime Rock,Lime Rock,lime-rock,2016-07-23,201607231505_Race,33,138,2,Jeroen Bleekemolen,56.716,22.874,21.013,12.829,93.5,2:19:31.988,56716,0,0,17
2016,13_Lime Rock,Lime Rock,lime-rock,2016-07-23,201607231505_Race,33,139,2,Jeroen Bleekemolen,55.386,23.029,19.782,12.575,95.8,2:20:27.374,55386,0,0,17
2016,13_Lime Rock,Lime Rock,lime-rock,2016-07-23,201607231505_Race,33,140,2,Jeroen Bleekemolen,55.009,22.691,19.745,12.573,96.4,2:21:22.383,55009,0,0,17
2016,13_Lime Rock,Lime Rock,lime-rock,2016-07-23,201607231505_Race,33,141,2,Jeroen Bleekemolen,55.797,22.801,20.426,12.570,95.1,2:22:18.180,55797,0,0,17
2016,13_Lime Rock,Lime Rock,lime-rock,2016-07-23,201607231505_Race,33,142,2,Jeroen Bleekemolen,55.797,22.882,20.414,12.501,95.1,2:23:13.977,55797,0,0,17
2016,13_Lime Rock,Lime Rock,lime-rock,2016-07-23,201607231505_Race,33,143,2,Jeroen Bleekemolen,55.039,22.716,19.820,12.503,96.4,2:24:09.016,55039,0,0,17
2016,13_Lime Rock,Lime Rock,lime-rock,2016-07-23,201607231505_Race,33,144,2,Jeroen Bleekemolen,56.297,23.592,20.197,12.508,94.2,2:25:05.313,56297,0,0,17
2016,13_Lime Rock,Lime Rock,lime-rock,2016-07-23,201607231505_Race,33,145,2,Jeroen Bleekemolen,56.815,23.495,20.680,12.640,93.3,2:26:02.128,56815,0,0,17
2016,13_Lime Rock,Lime Rock,lime-rock,2016-07-23,201607231505_Race,33,146,2,Jeroen Bleekemolen,55.601,22.868,20.189,12.544,95.4,2:26:57.729,55601,0,0,17
2016,13_Lime Rock,Lime Rock,lime-rock,2016-07-23,201607231505_Race,33,147,2,Jeroen Bleekemolen,56.286,23.755,20.011,12.520,94.2,2:27:54.015,56286,0,0,17
2016,13_Lime Rock,Lime Rock,lime-rock,2016-07-23,201607231505_Race,33,148,2,Jeroen Bleekemolen,55.580,23.007,20.047,12.526,95.4,2:28:49.595,55580,0,0,17
2016,13_Lime Rock,Lime Rock,lime-rock,2016-07-23,201607231505_Race,33,149,2,Jeroen Bleekemolen,55.218,22.857,19.863,12.498,96.1,2:29:44.813,55218,0,0,17
2016,13_Lime Rock,Lime Rock,lime-rock,2016-07-23,201607231505_Race,33,150,2,Jeroen Bleekemolen,56.019,22.923,20.472,12.624,94.6,2:30:40.832,56019,0,0,17
2016,13_Lime Rock,Lime Rock,lime-rock,2016-07-23,201607231505_Race,33,151,2,Jeroen Bleekemolen,55.793,23.452,19.925,12.416,95.1,2:31:36.625,55793,0,0,18
2016,13_Lime Rock,Lime Rock,lime-rock,2016-07-23,201607231505_Race,33,152,2,Jeroen Bleekemolen,55.321,22.953,19.869,12.499,95.9,2:32:31.946,55321,0,0,18
2016,13_Lime Rock,Lime Rock,lime-rock,2016-07-23,201607231505_Race,33,153,2,Jeroen Bleekemolen,55.304,22.899,19.946,12.459,95.9,2:33:27.250,55304,0,0,18
2016,13_Lime Rock,Lime Rock,lime-rock,2016-07-23,201607231505_Race,33,154,2,Jeroen Bleekemolen,55.304,22.857,19.907,12.540,95.9,2:34:22.554,55304,0,0,18
2016,13_Lime Rock,Lime Rock,lime-rock,2016-07-23,201607231505_Race,33,155,2,Jeroen Bleekemolen,55.241,22.834,19.910,12.497,96.0,2:35:17.795,55241,0,0,18
2016,13_Lime Rock,Lime Rock,lime-rock,2016-07-23,201607231505_Race,33,156,2,Jeroen Bleekemolen,55.228,22.915,19.747,12.566,96.0,2:36:13.023,55228,0,0,18
2016,13_Lime Rock,Lime Rock,lime-rock,2016-07-23,201607231505_Race,33,157,2,Jeroen Bleekemolen,55.386,22.934,19.913,12.539,95.8,2:37:08.409,55386,0,0,18
2016,13_Lime Rock,Lime Rock,lime-rock,2016-07-23,201607231505_Race,33,158,2,Jeroen Bleekemolen,55.490,22.939,19.974,12.577,95.6,2:38:03.899,55490,0,0,18
2016,13_Lime Rock,Lime Rock,lime-rock,2016-07-23,201607231505_Race,33,159,2,Jeroen Bleekemolen,55.586,23.057,19.940,12.589,95.4,2:38:59.485,55586,0,0,18
2016,13_Lime Rock,Lime Rock,lime-rock,2016-07-23,201607231505_Race,33,160,2,Jeroen Bleekemolen,56.744,23.971,20.149,12.624,93.5,2:39:56.229,56744,0,0,18
2016,13_Lime Rock,Lime Rock,lime-rock,2016-07-23,201607231505_Race,33,161,2,Jeroen Bleekemolen,55.932,23.074,20.082,12.776,94.8,2:40:52.161,55932,0,0,18
2016,13_Lime Rock,Lime Rock,lime-rock,2016-07-23,201607231505_Race,38,1,1,James French,1:20.054,29.427,31.135,19.492,66.3,1:20.054,,,0,18
2016,13_Lime Rock,Lime Rock,lime-rock,2016-07-23,201607231505_Race,38,2,1,James French,1:16.017,27.063,28.010,20.944,69.7,2:36.071,76017,0,0,18
2016,13_Lime Rock,Lime Rock,lime-rock,2016-07-23,201607231505_Race,38,3,1,James French,1:01.911,28.359,21.216,12.336,85.6,3:37.982,61911,0,0,18
2016,13_Lime Rock,Lime Rock,lime-rock,2016-07-23,201607231505_Race,38,4,1,James French,54.483,22.741,19.830,11.912,97.3,4:32.465,54483,0,0,18
2016,13_Lime Rock,Lime Rock,lime-rock,2016-07-23,201607231505_Race,38,5,1,James French,53.567,22.202,18.922,12.443,99.0,5:26.032,53567,0,0,18
2016,13_Lime Rock,Lime Rock,lime-rock,2016-07-23,201607231505_Race,38,6,1,James French,52.050,21.504,18.728,11.818,101.9,6:18.082,52050,0,0,18
2016,13_Lime Rock,Lime Rock,lime-rock,2016-07-23,201607231505_Race,38,7,1,James French,1:19.282,22.834,23.185,33.263,66.9,7:37.364,79282,0,0,18
2016,13_Lime Rock,Lime Rock,lime-rock,2016-07-23,201607231505_Race,38,8,1,James French,1:37.059,32.788,33.507,30.764,54.6,9:14.423,97059,0,0,18
2016,13_Lime Rock,Lime Rock,lime-rock,2016-07-23,201607231505_Race,38,9,1,James French,1:32.966,31.861,34.474,26.631,57.1,10:47.389,92966,0,0,18
2016,13_Lime Rock,Lime Rock,lime-rock,2016-07-23,201607231505_Race,38,10,1,James French,1:31.967,30.724,33.084,28.159,57.7,12:19.356,91967,0,0,18
2016,13_Lime Rock,Lime Rock,lime-rock,2016-07-23,201607231505_Race,38,11,1,James French,1:29.539,28.461,32.157,28.921,59.2,13:48.895,89539,0,0,18
2016,13_Lime Rock,Lime Rock,lime-rock,2016-07-23,201607231505_Race,38,12,1,James French,1:28.834,31.485,31.890,25.459,59.7,15:17.729,88834,0,0,18
2016,13_Lime Rock,Lime Rock,lime-rock,2016-07-23,201607231505_Race,38,13,1,James French,1:12.501,26.829,31.944,13.728,73.1,16:30.230,72501,0,0,18
2016,13_Lime Rock,Lime Rock,lime-rock,2016-07-23,201607231505_Race,38,14,1,James French,52.539,21.913,19.106,11.520,100.9,17:22.769,52539,0,0,18
2016,13_Lime Rock,Lime Rock,lime-rock,2016-07-23,201607231505_Race,38,15,1,James French,51.970,21.509,18.953,11.508,102.0,18:14.739,51970,0,0,18
2016,13_Lime Rock,Lime Rock,lime-rock,2016-07-23,201607231505_Race,38,16,1,James French,51.123,21.324,18.368,11.431,103.7,19:05.862,51123,0,0,18
2016,13_Lime Rock,Lime Rock,lime-rock,2016-07-23,201607231505_Race,38,17,1,James French,51.374,21.368,18.381,11.625,103.2,19:57.236,51374,0,0,18
2016,13_Lime Rock,Lime Rock,lime-rock,2016-07-23,201607231505_Race,38,18,1,James French,51.132,21.337,18.378,11.417,103.7,20:48.368,51132,0,0,18
2016,13_Lime Rock,Lime Rock,lime-rock,2016-07-23,201607231505_Race,38,19,1,James French,51.339,21.025,18.878,11.436,103.3,21:39.707,51339,0,0,18
2016,13_Lime Rock,Lime Rock,lime-rock,2016-07-23,201607231505_Race,38,20,1,James French,53.246,21.224,18.662,13.360,99.6,22:32.953,53246,0,0,18
2016,13_Lime Rock,Lime Rock,lime-rock,2016-07-23,201607231505_Race,38,21,1,James French,50.908,21.284,18.333,11.291,104.2,23:23.861,50908,0,0,18
2016,13_Lime Rock,Lime Rock,lime-rock,2016-07-23,201607231505_Race,38,22,1,James French,51.062,21.192,18.447,11.423,103.8,24:14.923,51062,0,0,18
2016,13_Lime Rock,Lime Rock,lime-rock,2016-07-23,201607231505_Race,38,23,1,James French,51.147,21.362,18.424,11.361,103.7,25:06.070,51147,0,0,18
2016,13_Lime Rock,Lime Rock,lime-rock,2016-07-23,201607231505_Race,38,24,1,James French,51.835,21.895,18.498,11.442,102.4,25:57.905,51835,0,0,18
2016,13_Lime Rock,Lime Rock,lime-rock,2016-07-23,201607231505_Race,38,25,1,James French,51.154,21.119,18.441,11.594,103.7,26:49.059,51154,0,0,18
2016,13_Lime Rock,Lime Rock,lime-rock,2016-07-23,201607231505_Race,38,26,1,James French,51.171,21.345,18.394,11.432,103.7,27:40.230,51171,0,0,18
2016,13_Lime Rock,Lime Rock,lime-rock,2016-07-23,201607231505_Race,38,27,1,James French,57.134,21.564,19.983,15.587,92.8,28:37.364,57134,0,0,18
2016,13_Lime Rock,Lime Rock,lime-rock,2016-07-23,201607231505_Race,38,28,1,James French,1:08.047,25.789,24.479,17.779,77.9,29:45.411,68047,0,0,18
2016,13_Lime Rock,Lime Rock,lime-rock,2016-07-23,201607231505_Race,38,29,1,James French,1:28.720,30.772,32.308,25.640,59.8,31:14.131,88720,0,0,18
2016,13_Lime Rock,Lime Rock,lime-rock,2016-07-23,201607231505_Race,38,30,1,James French,1:22.755,31.644,30.024,21.087,64.1,32:36.886,82755,0,0,18
2016,13_Lime Rock,Lime Rock,lime-rock,2016-07-23,201607231505_Race,38,31,1,James French,1:22.398,33.059,31.876,17.463,64.3,33:59.284,82398,0,0,18
2016,13_Lime Rock,Lime Rock,lime-rock,2016-07-23,201607231505_Race,38,32,1,James French,52.823,22.446,18.947,11.430,100.4,34:52.107,52823,0,0,18
2016,13_Lime Rock,Lime Rock,lime-rock,2016-07-23,201607231505_Race,38,33,1,James French,51.968,21.430,18.742,11.796,102.0,35:44.075,51968,0,0,18
2016,13_Lime Rock,Lime Rock,lime-rock,2016-07-23,201607231505_Race,38,34,1,James French,51.776,21.603,18.725,11.448,102.4,36:35.851,51776,0,0,18
2016,13_Lime Rock,Lime Rock,lime-rock,2016-07-23,201607231505_Race,38,35,1,James French,51.168,21.248,18.471,11.449,103.7,37:27.019,51168,0,0,18
2016,13_Lime Rock,Lime Rock,lime-rock,2016-07-23,201607231505_Race,38,36,1,James French,51.575,21.358,18.749,11.468,102.8,38:18.594,51575,0,0,18
2016,13_Lime Rock,Lime Rock,lime-rock,2016-07-23,201607231505_Race,38,37,1,James French,51.289,21.292,18.618,11.379,103.4,39:09.883,51289,0,0,18
2016,13_Lime Rock,Lime Rock,lime-rock,2016-07-23,201607231505_Race,38,38,1,James French,51.577,21.556,18.681,11.340,102.8,40:01.460,51577,0,0,18
2016,13_Lime Rock,Lime Rock,lime-rock,2016-07-23,201607231505_Race,38,39,1,James French,51.273,21.340,18.549,11.384,103.5,40:52.733,51273,0,0,18
2016,13_Lime Rock,Lime Rock,lime-rock,2016-07-23,201607231505_Race,38,40,1,James French,51.399,21.423,18.574,11.402,103.2,41:44.132,51399,0,0,18
2016,13_Lime Rock,Lime Rock,lime-rock,2016-07-23,201607231505_Race,38,41,1,James French,51.310,21.403,18.508,11.399,103.3,42:35.442,51310,0,0,18
2016,13_Lime Rock,Lime Rock,lime-rock,2016-07-23,201607231505_Race,38,42,1,James French,51.685,21.551,18.834,11.300,102.6,43:27.127,51685,0,0,18
2016,13_Lime Rock,Lime Rock,lime-rock,2016-07-23,201607231505_Race,38,43,1,James French,55.878,22.206,21.313,12.359,94.9,44:23.005,55878,0,0,18
2016,13_Lime Rock,Lime Rock,lime-rock,2016-07-23,201607231505_Race,38,44,1,James French,1:17.941,25.031,29.875,23.035,68.1,45:40.946,77941,0,0,18
2016,13_Lime Rock,Lime Rock,lime-rock,2016-07-23,201607231505_Race,38,45,1,James French,1:28.356,31.620,34.086,22.650,60.0,47:09.302,88356,0,0,18
2016,13_Lime Rock,Lime Rock,lime-rock,2016-07-23,201607231505_Race,38,46,1,James French,1:43.872,36.979,37.668,29.225,51.0,48:53.174,103872,0,0,18
2016,13_Lime Rock,Lime Rock,lime-rock,2016-07-23,201607231505_Race,38,47,1,James French,1:35.640,39.514,39.693,16.433,55.4,50:28.814,95640,0,0,18
2016,13_Lime Rock,Lime Rock,lime-rock,2016-07-23,201607231505_Race,38,48,1,James French,52.651,22.353,18.894,11.404,100.7,51:21.465,52651,0,0,18
2016,13_Lime Rock,Lime Rock,lime-rock,2016-07-23,201607231505_Race,38,49,1,James French,51.666,21.394,18.912,11.360,102.7,52:13.131,51666,0,0,18
2016,13_Lime Rock,Lime Rock,lime-rock,2016-07-23,201607231505_Race,38,50,1,James French,51.255,21.330,18.606,11.319,103.5,53:04.386,51255,0,0,18
2016,13_Lime Rock,Lime Rock,lime-rock,2016-07-23,201607231505_Race,38,51,1,James French,51.121,21.296,18.560,11.265,103.8,53:55.507,51121,0,0,18
2016,13_Lime Rock,Lime Rock,lime-rock,2016-07-23,201607231505_Race,38,52,1,James French,50.775,21.161,18.338,11.276,104.5,54:46.282,50775,0,0,18
2016,13_Lime Rock,Lime Rock,lime-rock,2016-07-23,201607231505_Race,38,53,1,James French,51.123,21.337,18.457,11.329,103.7,55:37.405,51123,0,0,18
2016,13_Lime Rock,Lime Rock,lime-rock,2016-07-23,201607231505_Race,38,54,1,James French,52.665,21.608,18.805,12.252,100.7,56:30.070,52665,0,0,18
2016,13_Lime Rock,Lime Rock,lime-rock,2016-07-23,201607231505_Race,38,55,1,James French,52.495,21.865,19.091,11.539,101.0,57:22.565,52495,0,0,18
2016,13_Lime Rock,Lime Rock,lime-rock,2016-07-23,201607231505_Race,38,56,1,James French,52.330,21.900,19.015,11.415,101.4,58:14.895,52330,0,0,18
2016,13_Lime Rock,Lime Rock,lime-rock,2016-07-23,201607231505_Race,38,57,1,James French,51.028,21.362,18.438,11.228,104.0,59:05.923,51028,0,0,18
2016,13_Lime Rock,Lime Rock,lime-rock,2016-07-23,201607231505_Race,38,58,1,James French,51.162,21.194,18.377,11.591,103.7,59:57.085,51162,0,0,18
2016,13_Lime Rock,Lime Rock,lime-rock,2016-07-23,201607231505_Race,38,59,1,James French,53.713,21.638,20.098,11.977,98.7,1:00:50.798,53713,0,0,18
2016,13_Lime Rock,Lime Rock,lime-rock,2016-07-23,201607231505_Race,38,60,1,James French,53.657,22.726,19.227,11.704,98.9,1:01:44.455,53657,0,0,18
2016,13_Lime Rock,Lime Rock,lime-rock,2016-07-23,201607231505_Race,38,61,1,James French,53.443,23.008,19.088,11.347,99.2,1:02:37.898,53443,0,0,18
2016,13_Lime Rock,Lime Rock,lime-rock,2016-07-23,201607231505_Race,38,62,1,James French,52.601,21.826,19.357,11.418,100.9,1:03:30.499,52601,0,0,18
2016,13_Lime Rock,Lime Rock,lime-rock,2016-07-23,201607231505_Race,38,63,1,James French,51.961,21.343,18.668,11.950,102.1,1:04:22.460,51961,0,0,18
2016,13_Lime Rock,Lime Rock,lime-rock,2016-07-23,201607231505_Race,38,64,1,James French,53.826,22.682,19.206,11.938,98.6,1:05:16.286,53826,0,0,18
2016,13_Lime Rock,Lime Rock,lime-rock,2016-07-23,201607231505_Race,38,65,1,James French,50.810,21.308,18.266,11.236,104.4,1:06:07.096,50810,0,0,18
2016,13_Lime Rock,Lime Rock,lime-rock,2016-07-23,201607231505_Race,38,66,1,James French,50.795,21.178,18.360,11.257,104.4,1:06:57.891,50795,0,0,18
2016,13_Lime Rock,Lime Rock,lime-rock,2016-07-23,201607231505_Race,38,67,1,James French,50.650,21.110,18.222,11.318,104.7,1:07:48.541,50650,0,0,18
2016,13_Lime Rock,Lime Rock,lime-rock,2016-07-23,201607231505_Race,38,68,1,James French,52.893,21.265,18.550,13.078,100.3,1:08:41.434,52893,0,0,18
2016,13_Lime Rock,Lime Rock,lime-rock,2016-07-23,201607231505_Race,38,69,1,James French,54.465,23.575,19.364,11.526,97.4,1:09:35.899,54465,0,0,18
2016,13_Lime Rock,Lime Rock,lime-rock,2016-07-23,201607231505_Race,38,70,1,James French,51.637,21.717,18.602,11.318,102.7,1:10:27.536,51637,0,0,18
2016,13_Lime Rock,Lime Rock,lime-rock,2016-07-23,201607231505_Race,38,71,1,James French,52.305,21.610,18.549,12.146,101.4,1:11:19.841,52305,0,0,18
2016,13_Lime Rock,Lime Rock,lime-rock,2016-07-23,201607231505_Race,38,72,1,James French,51.784,21.655,18.570,11.559,102.4,1:12:11.625,51784,0,0,18
2016,13_Lime Rock,Lime Rock,lime-rock,2016-07-23,201607231505_Race,38,73,1,James French,1:40.222,21.908,19.121,59.193,52.9,1:13:51.847,100222,0,1,18
2016,13_Lime Rock,Lime Rock,lime-rock,2016-07-23,201607231505_Race,38,74,2,Kyle Marcelli,1:01.362,30.609,19.168,11.585,86.4,1:14:53.209,61362,0,0,18
2016,13_Lime Rock,Lime Rock,lime-rock,2016-07-23,201607231505_Race,38,75,2,Kyle Marcelli,50.539,21.089,18.217,11.233,105.0,1:15:43.748,50539,0,0,18
2016,13_Lime Rock,Lime Rock,lime-rock,2016-07-23,201607231505_Race,38,76,2,Kyle Marcelli,51.427,21.501,18.217,11.709,103.2,1:16:35.175,51427,0,0,18
2016,13_Lime Rock,Lime Rock,lime-rock,2016-07-23,201607231505_Race,38,77,2,Kyle Marcelli,51.216,20.879,18.406,11.931,103.5,1:17:26.391,51216,0,0,18
2016,13_Lime Rock,Lime Rock,lime-rock,2016-07-23,201607231505_Race,38,78,2,Kyle Marcelli,50.651,20.660,18.875,11.116,104.7,1:18:17.042,50651,0,0,18
2016,13_Lime Rock,Lime Rock,lime-rock,2016-07-23,201607231505_Race,38,79,2,Kyle Marcelli,50.481,21.434,17.926,11.121,105.1,1:19:07.523,50481,0,0,18
2016,13_Lime Rock,Lime Rock,lime-rock,2016-07-23,201607231505_Race,38,80,2,Kyle Marcelli,52.605,22.334,19.027,11.244,100.8,1:20:00.128,52605,0,0,18
2016,13_Lime Rock,Lime Rock,lime-rock,2016-07-23,201607231505_Race,38,81,2,Kyle Marcelli,49.823,20.642,18.070,11.111,106.5,1:20:49.951,49823,0,0,18
2016,13_Lime Rock,Lime Rock,lime-rock,2016-07-23,201607231505_Race,38,82,2,Kyle Marcelli,51.746,21.574,18.845,11.327,102.5,1:21:41.697,51746,0,0,18
2016,13_Lime Rock,Lime Rock,lime-rock,2016-07-23,201607231505_Race,38,83,2,Kyle Marcelli,51.317,21.607,18.488,11.222,103.3,1:22:33.014,51317,0,0,18
2016,13_Lime Rock,Lime Rock,lime-rock,2016-07-23,201607231505_Race,38,84,2,Kyle Marcelli,51.900,21.955,18.564,11.381,102.2,1:23:24.914,51900,0,0,18
2016,13_Lime Rock,Lime Rock,lime-rock,2016-07-23,201607231505_Race,38,85,2,Kyle Marcelli,51.792,21.440,18.946,11.406,102.4,1:24:16.706,51792,0,0,18
2016,13_Lime Rock,Lime Rock,lime-rock,2016-07-23,201607231505_Race,38,86,2,Kyle Marcelli,52.300,21.918,19.086,11.296,101.4,1:25:09.006,52300,0,0,18
2016,13_Lime Rock,Lime Rock,lime-rock,2016-07-23,201607231505_Race,38,87,2,Kyle Marcelli,51.666,21.601,18.772,11.293,102.7,1:26:00.672,51666,0,0,18
2016,13_Lime Rock,Lime Rock,lime-rock,2016-07-23,201607231505_Race,38,88,2,Kyle Marcelli,51.504,21.592,18.609,11.303,103.0,1:26:52.176,51504,0,0,18
2016,13_Lime Rock,Lime Rock,lime-rock,2016-07-23,201607231505_Race,38,89,2,Kyle Marcelli,52.597,22.382,18.729,11.486,100.9,1:27:44.773,52597,0,0,18
2016,13_Lime Rock,Lime Rock,lime-rock,2016-07-23,201607231505_Race,38,90,2,Kyle Marcelli,52.840,21.270,19.044,12.526,100.4,1:28:37.613,52840,0,0,18
2016,13_Lime Rock,Lime Rock,lime-rock,2016-07-23,201607231505_Race,38,91,2,Kyle Marcelli,56.429,21.430,20.410,14.589,94.0,1:29:34.042,56429,0,0,18
2016,13_Lime Rock,Lime Rock,lime-rock,2016-07-23,201607231505_Race,38,92,2,Kyle Marcelli,1:33.185,27.130,35.419,30.636,56.9,1:31:07.227,93185,0,0,18
2016,13_Lime Rock,Lime Rock,lime-rock,2016-07-23,201607231505_Race,38,93,2,Kyle Marcelli,1:40.334,37.079,35.691,27.564,52.8,1:32:47.561,100334,0,0,18
2016,13_Lime Rock,Lime Rock,lime-rock,2016-07-23,201607231505_Race,38,94,2,Kyle Marcelli,1:33.090,36.524,32.045,24.521,56.9,1:34:20.651,93090,0,0,18
2016,13_Lime Rock,Lime Rock,lime-rock,2016-07-23,201607231505_Race,38,95,2,Kyle Marcelli,1:30.986,34.513,32.191,24.282,58.3,1:35:51.637,90986,0,0,18
2016,13_Lime Rock,Lime Rock,lime-rock,2016-07-23,201607231505_Race,38,96,2,Kyle Marcelli,1:36.992,34.147,35.521,27.324,54.6,1:37:28.629,96992,0,0,18
2016,13_Lime Rock,Lime Rock,lime-rock,2016-07-23,201607231505_Race,38,97,2,Kyle Marcelli,58.005,23.919,19.963,14.123,91.4,1:38:26.634,58005,0,0,18
2016,13_Lime Rock,Lime Rock,lime-rock,2016-07-23,201607231505_Race,38,98,2,Kyle Marcelli,1:40.394,22.358,18.772,59.264,52.8,1:40:07.028,100394,0,1,18
2016,13_Lime Rock,Lime Rock,lime-rock,2016-07-23,201607231505_Race,38,99,2,Kyle Marcelli,1:00.731,30.098,18.971,11.662,87.3,1:41:07.759,60731,0,0,18
2016,13_Lime Rock,Lime Rock,lime-rock,2016-07-23,201607231505_Race,38,100,2,Kyle Marcelli,51.590,21.567,18.736,11.287,102.8,1:41:59.349,51590,0,0,18
2016,13_Lime Rock,Lime Rock,lime-rock,2016-07-23,201607231505_Race,38,101,2,Kyle Marcelli,52.173,21.917,18.591,11.665,101.7,1:42:51.522,52173,0,0,18
2016,13_Lime Rock,Lime Rock,lime-rock,2016-07-23,201607231505_Race,38,102,2,Kyle Marcelli,52.541,21.838,18.730,11.973,100.9,1:43:44.063,52541,0,0,18
2016,13_Lime Rock,Lime Rock,lime-rock,2016-07-23,201607231505_Race,38,103,2,Kyle Marcelli,53.604,22.238,19.416,11.950,98.9,1:44:37.667,53604,0,0,18
2016,13_Lime Rock,Lime Rock,lime-rock,2016-07-23,201607231505_Race,38,104,2,Kyle Marcelli,52.583,21.828,19.070,11.685,100.9,1:45:30.250,52583,0,0,19
2016,13_Lime Rock,Lime Rock,lime-rock,2016-07-23,201607231505_Race,38,105,2,Kyle Marcelli,52.426,21.870,19.282,11.274,101.2,1:46:22.676,52426,0,0,19
2016,13_Lime Rock,Lime Rock,lime-rock,2016-07-23,201607231505_Race,38,106,2,Kyle Marcelli,50.172,20.808,18.142,11.222,105.7,1:47:12.848,50172,0,0,19
2016,13_Lime Rock,Lime Rock,lime-rock,2016-07-23,201607231505_Race,38,107,2,Kyle Marcelli,50.570,21.114,18.308,11.148,104.9,1:48:03.418,50570,0,0,19
2016,13_Lime Rock,Lime Rock,lime-rock,2016-07-23,201607231505_Race,38,108,2,Kyle Marcelli,50.237,20.804,18.271,11.162,105.6,1:48:53.655,50237,0,0,19
2016,13_Lime Rock,Lime Rock,lime-rock,2016-07-23,201607231505_Race,38,109,2,Kyle Marcelli,50.428,21.311,18.115,11.002,105.1,1:49:44.083,50428,0,0,19
2016,13_Lime Rock,Lime Rock,lime-rock,2016-07-23,201607231505_Race,38,110,2,Kyle Marcelli,49.827,20.739,17.961,11.127,106.5,1:50:33.910,49827,0,0,19
2016,13_Lime Rock,Lime Rock,lime-rock,2016-07-23,201607231505_Race,38,111,2,Kyle Marcelli,50.733,20.965,18.530,11.238,104.5,1:51:24.643,50733,0,0,19
2016,13_Lime Rock,Lime Rock,lime-rock,2016-07-23,201607231505_Race,38,112,2,Kyle Marcelli,49.900,20.720,18.045,11.135,106.3,1:52:14.543,49900,0,0,19
2016,13_Lime Rock,Lime Rock,lime-rock,2016-07-23,201607231505_Race,38,113,2,Kyle Marcelli,49.959,20.752,18.096,11.111,106.1,1:53:04.502,49959,0,0,19
2016,13_Lime Rock,Lime Rock,lime-rock,2016-07-23,201607231505_Race,38,114,2,Kyle Marcelli,51.324,21.185,18.556,11.583,103.3,1:53:55.826,51324,0,0,19
2016,13_Lime Rock,Lime Rock,lime-rock,2016-07-23,201607231505_Race,38,115,2,Kyle Marcelli,52.373,21.489,19.150,11.734,101.3,1:54:48.199,52373,0,0,19
2016,13_Lime Rock,Lime Rock,lime-rock,2016-07-23,201607231505_Race,38,116,2,Kyle Marcelli,51.182,21.342,18.527,11.313,103.7,1:55:39.381,51182,0,0,19
2016,13_Lime Rock,Lime Rock,lime-rock,2016-07-23,201607231505_Race,38,117,2,Kyle Marcelli,50.661,20.988,18.373,11.300,104.7,1:56:30.042,50661,0,0,19
2016,13_Lime Rock,Lime Rock,lime-rock,2016-07-23,201607231505_Race,38,118,2,Kyle Marcelli,51.933,21.618,18.790,11.525,102.1,1:57:21.975,51933,0,0,19
2016,13_Lime Rock,Lime Rock,lime-rock,2016-07-23,201607231505_Race,38,119,2,Kyle Marcelli,53.305,21.346,19.691,12.268,99.5,1:58:15.280,53305,0,0,19
2016,13_Lime Rock,Lime Rock,lime-rock,2016-07-23,201607231505_Race,38,120,2,Kyle Marcelli,52.768,22.037,18.958,11.773,100.5,1:59:08.048,52768,0,0,19
2016,13_Lime Rock,Lime Rock,lime-rock,2016-07-23,201607231505_Race,38,121,2,Kyle Marcelli,53.578,22.325,19.202,12.051,99.0,2:00:01.626,53578,0,0,19
2016,13_Lime Rock,Lime Rock,lime-rock,2016-07-23,201607231505_Race,38,122,2,Kyle Marcelli,51.176,21.552,18.158,11.466,103.7,2:00:52.802,51176,0,0,19
2016,13_Lime Rock,Lime Rock,lime-rock,2016-07-23,201607231505_Race,38,123,2,Kyle Marcelli,49.973,20.785,18.101,11.087,106.1,2:01:42.775,49973,0,0,19
2016,13_Lime Rock,Lime Rock,lime-rock,2016-07-23,201607231505_Race,38,124,2,Kyle Marcelli,50.445,20.932,18.236,11.277,105.1,2:02:33.220,50445,0,0,19
2016,13_Lime Rock,Lime Rock,lime-rock,2016-07-23,201607231505_Race,38,125,2,Kyle Marcelli,50.340,21.021,18.116,11.203,105.3,2:03:23.560,50340,0,0,19
2016,13_Lime Rock,Lime Rock,lime-rock,2016-07-23,201607231505_Race,38,126,2,Kyle Marcelli,50.469,21.038,18.262,11.169,105.1,2:04:14.029,50469,0,0,19
2016,13_Lime Rock,Lime Rock,lime-rock,2016-07-23,201607231505_Race,38,127,2,Kyle Marcelli,51.519,21.280,18.592,11.647,103.0,2:05:05.548,51519,0,0,19
2016,13_Lime Rock,Lime Rock,lime-rock,2016-07-23,201607231505_Race,38,128,2,Kyle Marcelli,50.762,21.126,18.291,11.345,104.5,2:05:56.310,50762,0,0,19
2016,13_Lime Rock,Lime Rock,lime-rock,2016-07-23,201607231505_Race,38,129,2,Kyle Marcelli,50.895,21.223,18.279,11.393,104.2,2:06:47.205,50895,0,0,19
2016,13_Lime Rock,Lime Rock,lime-rock,2016-07-23,201607231505_Race,38,130,2,Kyle Marcelli,51.345,21.412,18.583,11.350,103.3,2:07:38.550,51345,0,0,19
2016,13_Lime Rock,Lime Rock,lime-rock,2016-07-23,201607231505_Race,38,131,2,Kyle Marcelli,51.524,21.310,18.729,11.485,102.9,2:08:30.074,51524,0,0,19
2016,13_Lime Rock,Lime Rock,lime-rock,2016-07-23,201607231505_Race,38,132,2,Kyle Marcelli,53.246,22.580,19.173,11.493,99.6,2:09:23.320,53246,0,0,19
2016,13_Lime Rock,Lime Rock,lime-rock,2016-07-23,201607231505_Race,38,133,2,Kyle Marcelli,53.142,21.761,19.944,11.437,99.8,2:10:16.462,53142,0,0,19
2016,13_Lime Rock,Lime Rock,lime-rock,2016-07-23,201607231505_Race,38,134,2,Kyle Marcelli,54.815,22.763,20.595,11.457,96.8,2:11:11.277,54815,0,0,19
2016,13_Lime Rock,Lime Rock,lime-rock,2016-07-23,201607231505_Race,38,135,2,Kyle Marcelli,53.573,22.315,19.326,11.932,99.0,2:12:04.850,53573,0,0,19
2016,13_Lime Rock,Lime Rock,lime-rock,2016-07-23,201607231505_Race,38,136,2,Kyle Marcelli,54.073,22.856,19.372,11.845,98.1,2:12:58.923,54073,0,0,19
2016,13_Lime Rock,Lime Rock,lime-rock,2016-07-23,201607231505_Race,38,137,2,Kyle Marcelli,51.407,21.720,18.391,11.296,103.2,2:13:50.330,51407,0,0,19
2016,13_Lime Rock,Lime Rock,lime-rock,2016-07-23,201607231505_Race,38,138,2,Kyle Marcelli,51.615,21.361,18.859,11.395,102.8,2:14:41.945,51615,0,0,19
2016,13_Lime Rock,Lime Rock,lime-rock,2016-07-23,201607231505_Race,38,139,2,Kyle Marcelli,51.329,21.451,18.542,11.336,103.3,2:15:33.274,51329,0,0,19
2016,13_Lime Rock,Lime Rock,lime-rock,2016-07-23,201607231505_Race,38,140,2,Kyle Marcelli,51.515,21.508,18.599,11.408,103.0,2:16:24.789,51515,0,0,19
2016,13_Lime Rock,Lime Rock,lime-rock,2016-07-23,201607231505_Race,38,141,2,Kyle Marcelli,51.174,21.275,18.579,11.320,103.7,2:17:15.963,51174,0,0,19
2016,13_Lime Rock,Lime Rock,lime-rock,2016-07-23,201607231505_Race,38,142,2,Kyle Marcelli,51.346,21.326,18.703,11.317,103.3,2:18:07.309,51346,0,0,19
2016,13_Lime Rock,Lime Rock,lime-rock,2016-07-23,201607231505_Race,38,143,2,Kyle Marcelli,51.735,21.594,18.859,11.282,102.5,2:18:59.044,51735,0,0,19
2016,13_Lime Rock,Lime Rock,lime-rock,2016-07-23,201607231505_Race,38,144,2,Kyle Marcelli,51.232,21.390,18.526,11.316,103.5,2:19:50.276,51232,0,0,19
2016,13_Lime Rock,Lime Rock,lime-rock,2016-07-23,201607231505_Race,38,145,2,Kyle Marcelli,51.191,21.461,18.585,11.145,103.6,2:20:41.467,51191,0,0,19
2016,13_Lime Rock,Lime Rock,lime-rock,2016-07-23,201607231505_Race,38,146,2,Kyle Marcelli,50.926,21.298,18.335,11.293,104.2,2:21:32.393,50926,0,0,19
2016,13_Lime Rock,Lime Rock,lime-rock,2016-07-23,201607231505_Race,38,147,2,Kyle Marcelli,52.916,22.007,19.268,11.641,100.2,2:22:25.309,52916,0,0,19
2016,13_Lime Rock,Lime Rock,lime-rock,2016-07-23,201607231505_Race,38,148,2,Kyle Marcelli,54.086,22.464,20.243,11.379,98.1,2:23:19.395,54086,0,0,19
2016,13_Lime Rock,Lime Rock,lime-rock,2016-07-23,201607231505_Race,38,149,2,Kyle Marcelli,54.398,22.733,19.684,11.981,97.5,2:24:13.793,54398,0,0,19
2016,13_Lime Rock,Lime Rock,lime-rock,2016-07-23,201607231505_Race,38,150,2,Kyle Marcelli,53.670,21.721,20.204,11.745,98.8,2:25:07.463,53670,0,0,19
2016,13_Lime Rock,Lime Rock,lime-rock,2016-07-23,201607231505_Race,38,151,2,Kyle Marcelli,52.851,22.255,19.183,11.413,100.4,2:26:00.314,52851,0,0,19
2016,13_Lime Rock,Lime Rock,lime-rock,2016-07-23,201607231505_Race,38,152,2,Kyle Marcelli,50.667,21.135,18.273,11.259,104.7,2:26:50.981,50667,0,0,19
2016,13_Lime Rock,Lime Rock,lime-rock,2016-07-23,201607231505_Race,38,153,2,Kyle Marcelli,52.710,21.273,19.023,12.414,100.6,2:27:43.691,52710,0,0,19
2016,13_Lime Rock,Lime Rock,lime-rock,2016-07-23,201607231505_Race,38,154,2,Kyle Marcelli,52.434,22.267,18.401,11.766,101.2,2:28:36.125,52434,0,0,19
2016,13_Lime Rock,Lime Rock,lime-rock,2016-07-23,201607231505_Race,38,155,2,Kyle Marcelli,52.243,21.737,18.916,11.590,101.5,2:29:28.368,52243,0,0,19
2016,13_Lime Rock,Lime Rock,lime-rock,2016-07-23,201607231505_Race,38,156,2,Kyle Marcelli,52.399,21.579,19.291,11.529,101.2,2:30:20.767,52399,0,0,19
2016,13_Lime Rock,Lime Rock,lime-rock,2016-07-23,201607231505_Race,38,157,2,Kyle Marcelli,51.374,21.683,18.541,11.150,103.2,2:31:12.141,51374,0,0,19
2016,13_Lime Rock,Lime Rock,lime-rock,2016-07-23,201607231505_Race,38,158,2,Kyle Marcelli,51.377,21.171,18.497,11.709,103.2,2:32:03.518,51377,0,0,19
2016,13_Lime Rock,Lime Rock,lime-rock,2016-07-23,201607231505_Race,38,159,2,Kyle Marcelli,50.848,21.319,18.297,11.232,104.3,2:32:54.366,50848,0,0,19
2016,13_Lime Rock,Lime Rock,lime-rock,2016-07-23,201607231505_Race,38,160,2,Kyle Marcelli,51.045,21.075,18.483,11.487,103.9,2:33:45.411,51045,0,0,19
2016,13_Lime Rock,Lime Rock,lime-rock,2016-07-23,201607231505_Race,38,161,2,Kyle Marcelli,51.794,21.180,18.767,11.847,102.4,2:34:37.205,51794,0,0,19
2016,13_Lime Rock,Lime Rock,lime-rock,2016-07-23,201607231505_Race,38,162,2,Kyle Marcelli,51.159,21.516,18.333,11.310,103.7,2:35:28.364,51159,0,0,19
2016,13_Lime Rock,Lime Rock,lime-rock,2016-07-23,201607231505_Race,38,163,2,Kyle Marcelli,51.275,21.318,18.668,11.289,103.4,2:36:19.639,51275,0,0,19
2016,13_Lime Rock,Lime Rock,lime-rock,2016-07-23,201607231505_Race,38,164,2,Kyle Marcelli,52.738,21.543,19.239,11.956,100.5,2:37:12.377,52738,0,0,19
2016,13_Lime Rock,Lime Rock,lime-rock,2016-07-23,201607231505_Race,38,165,2,Kyle Marcelli,53.859,22.257,19.436,12.166,98.5,2:38:06.236,53859,0,0,19
2016,13_Lime Rock,Lime Rock,lime-rock,2016-07-23,201607231505_Race,38,166,2,Kyle Marcelli,53.458,22.307,19.607,11.544,99.2,2:38:59.694,53458,0,0,19
2016,13_Lime Rock,Lime Rock,lime-rock,2016-07-23,201607231505_Race,38,167,2,Kyle Marcelli,52.847,22.194,18.660,11.993,100.4,2:39:52.541,52847,0,0,19
2016,13_Lime Rock,Lime Rock,lime-rock,2016-07-23,201607231505_Race,38,168,2,Kyle Marcelli,53.590,22.270,19.284,12.036,99.0,2:40:46.131,53590,0,0,19
2016,13_Lime Rock,Lime Rock,lime-rock,2016-07-23,201607231505_Race,44,1,1,John Potter,1:39.832,50.477,27.361,21.994,53.1,1:39.832,,,0,19
2016,13_Lime Rock,Lime Rock,lime-rock,2016-07-23,201607231505_Race,44,2,1,John Potter,1:06.237,31.988,21.208,13.041,80.0,2:46.069,66237,0,0,19
2016,13_Lime Rock,Lime Rock,lime-rock,2016-07-23,201607231505_Race,44,3,1,John Potter,56.767,23.527,20.553,12.687,93.4,3:42.836,56767,0,0,19
2016,13_Lime Rock,Lime Rock,lime-rock,2016-07-23,201607231505_Race,44,4,1,John Potter,55.341,22.939,19.893,12.509,95.8,4:38.177,55341,0,0,19
2016,13_Lime Rock,Lime Rock,lime-rock,2016-07-23,201607231505_Race,44,5,1,John Potter,55.324,22.863,19.878,12.583,95.9,5:33.501,55324,0,0,19
2016,13_Lime Rock,Lime Rock,lime-rock,2016-07-23,201607231505_Race,44,6,1,John Potter,57.503,22.692,20.118,14.693,92.2,6:31.004,57503,0,0,19
2016,13_Lime Rock,Lime Rock,lime-rock,2016-07-23,201607231505_Race,44,7,1,John Potter,1:20.754,25.182,21.581,33.991,65.7,7:51.758,80754,0,0,19
2016,13_Lime Rock,Lime Rock,lime-rock,2016-07-23,201607231505_Race,44,8,1,John Potter,1:36.456,30.530,33.995,31.931,54.9,9:28.214,96456,0,0,19
2016,13_Lime Rock,Lime Rock,lime-rock,2016-07-23,201607231505_Race,44,9,1,John Potter,1:33.145,31.051,34.461,27.633,56.9,11:01.359,93145,0,0,19
2016,13_Lime Rock,Lime Rock,lime-rock,2016-07-23,201607231505_Race,44,10,1,John Potter,1:34.014,34.306,29.747,29.961,56.4,12:35.373,94014,0,0,19
2016,13_Lime Rock,Lime Rock,lime-rock,2016-07-23,201607231505_Race,44,11,1,John Potter,1:28.752,30.399,29.195,29.158,59.7,14:04.125,88752,0,0,19
2016,13_Lime Rock,Lime Rock,lime-rock,2016-07-23,201607231505_Race,44,12,1,John Potter,1:28.894,30.279,30.096,28.519,59.7,15:33.019,88894,0,0,19
2016,13_Lime Rock,Lime Rock,lime-rock,2016-07-23,201607231505_Race,44,13,1,John Potter,1:02.683,26.156,23.902,12.625,84.6,16:35.702,62683,0,0,19
2016,13_Lime Rock,Lime Rock,lime-rock,2016-07-23,201607231505_Race,44,14,1,John Potter,55.816,23.326,20.122,12.368,95.0,17:31.518,55816,0,0,19
2016,13_Lime Rock,Lime Rock,lime-rock,2016-07-23,201607231505_Race,44,15,1,John Potter,55.353,22.878,19.999,12.476,95.8,18:26.871,55353,0,0,19
2016,13_Lime Rock,Lime Rock,lime-rock,2016-07-23,201607231505_Race,44,16,1,John Potter,54.941,22.634,19.869,12.438,96.5,19:21.812,54941,0,0,19
2016,13_Lime Rock,Lime Rock,lime-rock,2016-07-23,201607231505_Race,44,17,1,John Potter,54.997,22.780,19.862,12.355,96.4,20:16.809,54997,0,0,19
2016,13_Lime Rock,Lime Rock,lime-rock,2016-07-23,201607231505_Race,44,18,1,John Potter,54.792,22.553,19.851,12.388,96.8,21:11.601,54792,0,0,19
2016,13_Lime Rock,Lime Rock,lime-rock,2016-07-23,201607231505_Race,44,19,1,John Potter,54.858,22.465,19.965,12.428,96.7,22:06.459,54858,0,0,19
2016,13_Lime Rock,Lime Rock,lime-rock,2016-07-23,201607231505_Race,44,20,1,John Potter,54.927,22.582,19.858,12.487,96.6,23:01.386,54927,0,0,19
2016,13_Lime Rock,Lime Rock,lime-rock,2016-07-23,201607231505_Race,44,21,1,John Potter,54.652,22.484,19.776,12.392,97.1,23:56.038,54652,0,0,19
2016,13_Lime Rock,Lime Rock,lime-rock,2016-07-23,201607231505_Race,44,22,1,John Potter,55.193,22.792,19.945,12.456,96.1,24:51.231,55193,0,0,19
2016,13_Lime Rock,Lime Rock,lime-rock,2016-07-23,201607231505_Race,44,23,1,John Potter,56.063,22.694,20.795,12.574,94.6,25:47.294,56063,0,0,19
2016,13_Lime Rock,Lime Rock,lime-rock,2016-07-23,201607231505_Race,44,24,1,John Potter,55.781,22.977,20.306,12.498,95.1,26:43.075,55781,0,0,19
2016,13_Lime Rock,Lime Rock,lime-rock,2016-07-23,201607231505_Race,44,25,1,John Potter,55.656,22.795,20.513,12.348,95.3,27:38.731,55656,0,0,19
2016,13_Lime Rock,Lime Rock,lime-rock,2016-07-23,201607231505_Race,44,26,1,John Potter,59.394,22.874,21.102,15.418,89.3,28:38.125,59394,0,0,19
2016,13_Lime Rock,Lime Rock,lime-rock,2016-07-23,201607231505_Race,44,27,1,John Potter,1:08.093,26.702,24.375,17.016,77.9,29:46.218,68093,0,0,19
2016,13_Lime Rock,Lime Rock,lime-rock,2016-07-23,201607231505_Race,44,28,1,John Potter,1:29.183,30.547,32.479,26.157,59.5,31:15.401,89183,0,0,19
2016,13_Lime Rock,Lime Rock,lime-rock,2016-07-23,201607231505_Race,44,29,1,John Potter,1:22.117,31.130,30.373,20.614,64.6,32:37.518,82117,0,0,19
2016,13_Lime Rock,Lime Rock,lime-rock,2016-07-23,201607231505_Race,44,30,1,John Potter,1:23.255,32.990,31.916,18.349,63.7,34:00.773,83255,0,0,19
2016,13_Lime Rock,Lime Rock,lime-rock,2016-07-23,201607231505_Race,44,31,1,John Potter,55.132,22.900,19.786,12.446,96.2,34:55.905,55132,0,0,19
2016,13_Lime Rock,Lime Rock,lime-rock,2016-07-23,201607231505_Race,44,32,1,John Potter,54.985,22.595,19.938,12.452,96.4,35:50.890,54985,0,0,19
2016,13_Lime Rock,Lime Rock,lime-rock,2016-07-23,201607231505_Race,44,33,1,John Potter,56.201,23.471,20.324,12.406,94.4,36:47.091,56201,0,0,19
2016,13_Lime Rock,Lime Rock,lime-rock,2016-07-23,201607231505_Race,44,34,1,John Potter,55.971,22.942,20.483,12.546,94.8,37:43.062,55971,0,0,19
2016,13_Lime Rock,Lime Rock,lime-rock,2016-07-23,201607231505_Race,44,35,1,John Potter,55.311,22.609,20.199,12.503,95.9,38:38.373,55311,0,0,19
2016,13_Lime Rock,Lime Rock,lime-rock,2016-07-23,201607231505_Race,44,36,1,John Potter,55.595,23.224,19.813,12.558,95.4,39:33.968,55595,0,0,19
2016,13_Lime Rock,Lime Rock,lime-rock,2016-07-23,201607231505_Race,44,37,1,John Potter,55.537,22.599,20.390,12.548,95.5,40:29.505,55537,0,0,19
2016,13_Lime Rock,Lime Rock,lime-rock,2016-07-23,201607231505_Race,44,38,1,John Potter,54.813,22.566,19.914,12.333,96.8,41:24.318,54813,0,0,19
2016,13_Lime Rock,Lime Rock,lime-rock,2016-07-23,201607231505_Race,44,39,1,John Potter,54.786,22.500,19.880,12.406,96.8,42:19.104,54786,0,0,19
2016,13_Lime Rock,Lime Rock,lime-rock,2016-07-23,201607231505_Race,44,40,1,John Potter,55.353,23.067,19.855,12.431,95.8,43:14.457,55353,0,0,19
2016,13_Lime Rock,Lime Rock,lime-rock,2016-07-23,201607231505_Race,44,41,1,John Potter,55.759,22.880,20.565,12.314,95.1,44:10.216,55759,0,0,19
2016,13_Lime Rock,Lime Rock,lime-rock,2016-07-23,201607231505_Race,44,42,1,John Potter,1:04.830,23.430,24.529,16.871,81.8,45:15.046,64830,0,0,19
2016,13_Lime Rock,Lime Rock,lime-rock,2016-07-23,201607231505_Race,44,43,1,John Potter,1:02.735,25.337,24.294,13.104,84.5,46:17.781,62735,0,0,19
2016,13_Lime Rock,Lime Rock,lime-rock,2016-07-23,201607231505_Race,44,44,1,John Potter,1:05.906,23.411,21.222,21.273,80.5,47:23.687,65906,0,0,19
2016,13_Lime Rock,Lime Rock,lime-rock,2016-07-23,201607231505_Race,44,45,1,John Potter,1:45.854,34.849,37.075,33.930,50.1,49:09.541,105854,0,0,19
2016,13_Lime Rock,Lime Rock,lime-rock,2016-07-23,201607231505_Race,44,46,1,John Potter,1:25.484,33.830,35.935,15.719,62.0,50:35.025,85484,0,0,19
2016,13_Lime Rock,Lime Rock,lime-rock,2016-07-23,201607231505_Race,44,47,1,John Potter,1:09.427,23.742,21.290,24.395,76.4,51:44.452,69427,0,1,19
2016,13_Lime Rock,Lime Rock,lime-rock,2016-07-23,201607231505_Race,44,48,2,Andy Lally,1:42.527,1:09.555,20.447,12.525,51.7,53:26.979,102527,0,0,19
2016,13_Lime Rock,Lime Rock,lime-rock,2016-07-23,201607231505_Race,44,49,2,Andy Lally,54.611,22.428,19.828,12.355,97.1,54:21.590,54611,0,0,19
2016,13_Lime Rock,Lime Rock,lime-rock,2016-07-23,201607231505_Race,44,50,2,Andy Lally,55.524,23.285,20.023,12.216,95.5,55:17.114,55524,0,0,20
2016,13_Lime Rock,Lime Rock,lime-rock,2016-07-23,201607231505_Race,44,51,2,Andy Lally,54.627,22.827,19.633,12.167,97.1,56:11.741,54627,0,0,20
2016,13_Lime Rock,Lime Rock,lime-rock,2016-07-23,201607231505_Race,44,52,2,Andy Lally,54.626,22.798,19.681,12.147,97.1,57:06.367,54626,0,0,20
2016,13_Lime Rock,Lime Rock,lime-rock,2016-07-23,201607231505_Race,44,53,2,Andy Lally,54.295,22.546,19.588,12.161,97.7,58:00.662,54295,0,0,20
2016,13_Lime Rock,Lime Rock,lime-rock,2016-07-23,201607231505_Race,44,54,2,Andy Lally,55.899,22.591,20.708,12.600,94.9,58:56.561,55899,0,0,20
2016,13_Lime Rock,Lime Rock,lime-rock,2016-07-23,201607231505_Race,44,55,2,Andy Lally,55.076,22.894,19.898,12.284,96.3,59:51.637,55076,0,0,20
2016,13_Lime Rock,Lime Rock,lime-rock,2016-07-23,201607231505_Race,44,56,2,Andy Lally,54.091,22.374,19.538,12.179,98.1,1:00:45.728,54091,0,0,20
2016,13_Lime Rock,Lime Rock,lime-rock,2016-07-23,201607231505_Race,44,57,2,Andy Lally,53.899,22.127,19.657,12.115,98.4,1:01:39.627,53899,0,0,20
2016,13_Lime Rock,Lime Rock,lime-rock,2016-07-23,201607231505_Race,44,58,2,Andy Lally,54.400,22.309,19.810,12.281,97.5,1:02:34.027,54400,0,0,20
2016,13_Lime Rock,Lime Rock,lime-rock,2016-07-23,201607231505_Race,44,59,2,Andy Lally,53.985,22.130,19.653,12.202,98.3,1:03:28.012,53985,0,0,20
2016,13_Lime Rock,Lime Rock,lime-rock,2016-07-23,201607231505_Race,44,60,2,Andy Lally,54.681,22.558,19.718,12.405,97.0,1:04:22.693,54681,0,0,20
2016,13_Lime Rock,Lime Rock,lime-rock,2016-07-23,201607231505_Race,44,61,2,Andy Lally,56.044,23.056,20.731,12.257,94.6,1:05:18.737,56044,0,0,20
2016,13_Lime Rock,Lime Rock,lime-rock,2016-07-23,201607231505_Race,44,62,2,Andy Lally,54.617,22.590,19.651,12.376,97.1,1:06:13.354,54617,0,0,20
2016,13_Lime Rock,Lime Rock,lime-rock,2016-07-23,201607231505_Race,44,63,2,Andy Lally,54.988,22.817,19.951,12.220,96.4,1:07:08.342,54988,0,0,20
2016,13_Lime Rock,Lime Rock,lime-rock,2016-07-23,201607231505_Race,44,64,2,Andy Lally,54.911,22.871,19.835,12.205,96.6,1:08:03.253,54911,0,0,20
2016,13_Lime Rock,Lime Rock,lime-rock,2016-07-23,201607231505_Race,44,65,2,Andy Lally,54.764,22.871,19.713,12.180,96.8,1:08:58.017,54764,0,0,20
2016,13_Lime Rock,Lime Rock,lime-rock,2016-07-23,201607231505_Race,44,66,2,Andy Lally,54.098,22.348,19.593,12.157,98.1,1:09:52.115,54098,0,0,20
2016,13_Lime Rock,Lime Rock,lime-rock,2016-07-23,201607231505_Race,44,67,2,Andy Lally,53.456,21.903,19.484,12.069,99.2,1:10:45.571,53456,0,0,20
2016,13_Lime Rock,Lime Rock,lime-rock,2016-07-23,201607231505_Race,44,68,2,Andy Lally,53.539,21.988,19.503,12.048,99.1,1:11:39.110,53539,0,0,20
2016,13_Lime Rock,Lime Rock,lime-rock,2016-07-23,201607231505_Race,44,69,2,Andy Lally,53.814,22.051,19.539,12.224,98.6,1:12:32.924,53814,0,0,20
2016,13_Lime Rock,Lime Rock,lime-rock,2016-07-23,201607231505_Race,44,70,2,Andy Lally,55.042,22.396,20.342,12.304,96.4,1:13:27.966,55042,0,0,20
2016,13_Lime Rock,Lime Rock,lime-rock,2016-07-23,201607231505_Race,44,71,2,Andy Lally,54.858,22.139,20.372,12.347,96.7,1:14:22.824,54858,0,0,20
2016,13_Lime Rock,Lime Rock,lime-rock,2016-07-23,201607231505_Race,44,72,2,Andy Lally,55.082,23.260,19.640,12.182,96.3,1:15:17.906,55082,0,0,20
2016,13_Lime Rock,Lime Rock,lime-rock,2016-07-23,201607231505_Race,44,73,2,Andy Lally,55.046,22.646,20.157,12.243,96.3,1:16:12.952,55046,0,0,20
2016,13_Lime Rock,Lime Rock,lime-rock,2016-07-23,201607231505_Race,44,74,2,Andy Lally,56.377,23.139,21.009,12.229,94.1,1:17:09.329,56377,0,0,20
2016,13_Lime Rock,Lime Rock,lime-rock,2016-07-23,201607231505_Race,44,75,2,Andy Lally,54.991,22.958,19.836,12.197,96.4,1:18:04.320,54991,0,0,20
2016,13_Lime Rock,Lime Rock,lime-rock,2016-07-23,201607231505_Race,44,76,2,Andy Lally,54.729,22.127,19.788,12.814,96.9,1:18:59.049,54729,0,0,20
2016,13_Lime Rock,Lime Rock,lime-rock,2016-07-23,201607231505_Race,44,77,2,Andy Lally,54.578,22.434,19.886,12.258,97.2,1:19:53.627,54578,0,0,20
2016,13_Lime Rock,Lime Rock,lime-rock,2016-07-23,201607231505_Race,44,78,2,Andy Lally,54.119,22.336,19.541,12.242,98.0,1:20:47.746,54119,0,0,20
2016,13_Lime Rock,Lime Rock,lime-rock,2016-07-23,201607231505_Race,44,79,2,Andy Lally,56.182,23.579,20.314,12.289,94.4,1:21:43.928,56182,0,0,20
2016,13_Lime Rock,Lime Rock,lime-rock,2016-07-23,201607231505_Race,44,80,2,Andy Lally,54.077,22.156,19.714,12.207,98.1,1:22:38.005,54077,0,0,20
2016,13_Lime Rock,Lime Rock,lime-rock,2016-07-23,201607231505_Race,44,81,2,Andy Lally,54.157,22.155,19.767,12.235,97.9,1:23:32.162,54157,0,0,20
2016,13_Lime Rock,Lime Rock,lime-rock,2016-07-23,201607231505_Race,44,82,2,Andy Lally,54.042,22.353,19.525,12.164,98.1,1:24:26.204,54042,0,0,20
2016,13_Lime Rock,Lime Rock,lime-rock,2016-07-23,201607231505_Race,44,83,2,Andy Lally,53.887,22.055,19.630,12.202,98.4,1:25:20.091,53887,0,0,20
2016,13_Lime Rock,Lime Rock,lime-rock,2016-07-23,201607231505_Race,44,84,2,Andy Lally,54.618,22.613,19.703,12.302,97.1,1:26:14.709,54618,0,0,20
2016,13_Lime Rock,Lime Rock,lime-rock,2016-07-23,201607231505_Race,44,85,2,Andy Lally,53.956,22.260,19.498,12.198,98.3,1:27:08.665,53956,0,0,20
2016,13_Lime Rock,Lime Rock,lime-rock,2016-07-23,201607231505_Race,44,86,2,Andy Lally,54.221,22.434,19.521,12.266,97.8,1:28:02.886,54221,0,0,20
2016,13_Lime Rock,Lime Rock,lime-rock,2016-07-23,201607231505_Race,44,87,2,Andy Lally,56.176,22.471,20.124,13.581,94.4,1:28:59.062,56176,0,0,20
2016,13_Lime Rock,Lime Rock,lime-rock,2016-07-23,201607231505_Race,44,88,2,Andy Lally,1:02.275,24.227,21.515,16.533,85.1,1:30:01.337,62275,0,0,20
2016,13_Lime Rock,Lime Rock,lime-rock,2016-07-23,201607231505_Race,44,89,2,Andy Lally,1:17.400,23.233,23.574,30.593,68.5,1:31:18.737,77400,0,0,20
2016,13_Lime Rock,Lime Rock,lime-rock,2016-07-23,201607231505_Race,44,90,2,Andy Lally,1:02.677,27.188,21.483,14.006,84.6,1:32:21.414,62677,0,0,20
2016,13_Lime Rock,Lime Rock,lime-rock,2016-07-23,201607231505_Race,44,91,2,Andy Lally,57.437,23.469,20.546,13.422,92.3,1:33:18.851,57437,0,0,20
2016,13_Lime Rock,Lime Rock,lime-rock,2016-07-23,201607231505_Race,44,92,2,Andy Lally,1:13.178,23.948,30.477,18.753,72.5,1:34:32.029,73178,0,0,20
2016,13_Lime Rock,Lime Rock,lime-rock,2016-07-23,201607231505_Race,44,93,2,Andy Lally,1:34.427,33.015,32.287,29.125,56.1,1:36:06.456,94427,0,1,20
2016,13_Lime Rock,Lime Rock,lime-rock,2016-07-23,201607231505_Race,44,94,2,Andy Lally,1:52.054,1:13.100,22.466,16.488,47.3,1:37:58.510,112054,0,0,20
2016,13_Lime Rock,Lime Rock,lime-rock,2016-07-23,201607231505_Race,44,95,2,Andy Lally,1:31.738,29.668,33.598,28.472,57.8,1:39:30.248,91738,0,0,20
2016,13_Lime Rock,Lime Rock,lime-rock,2016-07-23,201607231505_Race,44,96,2,Andy Lally,1:29.971,37.909,38.904,13.158,58.9,1:41:00.219,89971,0,0,20
2016,13_Lime Rock,Lime Rock,lime-rock,2016-07-23,201607231505_Race,44,97,2,Andy Lally,54.708,22.778,19.845,12.085,96.9,1:41:54.927,54708,0,0,20
2016,13_Lime Rock,Lime Rock,lime-rock,2016-07-23,201607231505_Race,44,98,2,Andy Lally,54.519,22.232,19.996,12.291,97.3,1:42:49.446,54519,0,0,20
2016,13_Lime Rock,Lime Rock,lime-rock,2016-07-23,201607231505_Race,44,99,2,Andy Lally,55.234,22.613,19.860,12.761,96.0,1:43:44.680,55234,0,0,20
2016,13_Lime Rock,Lime Rock,lime-rock,2016-07-23,201607231505_Race,44,100,2,Andy Lally,55.302,22.475,20.286,12.541,95.9,1:44:39.982,55302,0,0,20
2016,13_Lime Rock,Lime Rock,lime-rock,2016-07-23,201607231505_Race,44,101,2,Andy Lally,53.868,22.108,19.560,12.200,98.4,1:45:33.850,53868,0,0,20
2016,13_Lime Rock,Lime Rock,lime-rock,2016-07-23,201607231505_Race,44,102,2,Andy Lally,53.835,22.192,19.495,12.148,98.5,1:46:27.685,53835,0,0,20
2016,13_Lime Rock,Lime Rock,lime-rock,2016-07-23,201607231505_Race,44,103,2,Andy Lally,53.770,22.004,19.601,12.165,98.6,1:47:21.455,53770,0,0,20
2016,13_Lime Rock,Lime Rock,lime-rock,2016-07-23,201607231505_Race,44,104,2,Andy Lally,53.917,22.380,19.459,12.078,98.4,1:48:15.372,53917,0,0,20
2016,13_Lime Rock,Lime Rock,lime-rock,2016-07-23,201607231505_Race,44,105,2,Andy Lally,53.965,22.221,19.680,12.064,98.3,1:49:09.337,53965,0,0,20
2016,13_Lime Rock,Lime Rock,lime-rock,2016-07-23,201607231505_Race,44,106,2,Andy Lally,53.827,22.195,19.563,12.069,98.6,1:50:03.164,53827,0,0,20
2016,13_Lime Rock,Lime Rock,lime-rock,2016-07-23,201607231505_Race,44,107,2,Andy Lally,54.783,22.683,19.870,12.230,96.8,1:50:57.947,54783,0,0,20
2016,13_Lime Rock,Lime Rock,lime-rock,2016-07-23,201607231505_Race,44,108,2,Andy Lally,54.054,22.315,19.512,12.227,98.1,1:51:52.001,54054,0,0,20
2016,13_Lime Rock,Lime Rock,lime-rock,2016-07-23,201607231505_Race,44,109,2,Andy Lally,54.191,22.291,19.679,12.221,97.9,1:52:46.192,54191,0,0,20
2016,13_Lime Rock,Lime Rock,lime-rock,2016-07-23,201607231505_Race,44,110,2,Andy Lally,54.267,22.325,19.684,12.258,97.8,1:53:40.459,54267,0,0,20
2016,13_Lime Rock,Lime Rock,lime-rock,2016-07-23,201607231505_Race,44,111,2,Andy Lally,54.089,22.240,19.630,12.219,98.1,1:54:34.548,54089,0,0,20
2016,13_Lime Rock,Lime Rock,lime-rock,2016-07-23,201607231505_Race,44,112,2,Andy Lally,54.332,22.226,19.910,12.196,97.6,1:55:28.880,54332,0,0,20
2016,13_Lime Rock,Lime Rock,lime-rock,2016-07-23,201607231505_Race,44,113,2,Andy Lally,54.019,22.349,19.592,12.078,98.2,1:56:22.899,54019,0,0,20
2016,13_Lime Rock,Lime Rock,lime-rock,2016-07-23,201607231505_Race,44,114,2,Andy Lally,54.377,22.415,19.769,12.193,97.5,1:57:17.276,54377,0,0,20
2016,13_Lime Rock,Lime Rock,lime-rock,2016-07-23,201607231505_Race,44,115,2,Andy Lally,55.232,23.050,20.030,12.152,96.0,1:58:12.508,55232,0,0,20
2016,13_Lime Rock,Lime Rock,lime-rock,2016-07-23,201607231505_Race,44,116,2,Andy Lally,54.944,22.438,20.172,12.334,96.5,1:59:07.452,54944,0,0,20
2016,13_Lime Rock,Lime Rock,lime-rock,2016-07-23,201607231505_Race,44,117,2,Andy Lally,55.487,23.150,20.027,12.310,95.6,2:00:02.939,55487,0,0,20
2016,13_Lime Rock,Lime Rock,lime-rock,2016-07-23,201607231505_Race,44,118,2,Andy Lally,55.625,23.054,20.139,12.432,95.3,2:00:58.564,55625,0,0,20
2016,13_Lime Rock,Lime Rock,lime-rock,2016-07-23,201607231505_Race,44,119,2,Andy Lally,56.428,23.346,20.703,12.379,94.0,2:01:54.992,56428,0,0,20
2016,13_Lime Rock,Lime Rock,lime-rock,2016-07-23,201607231505_Race,44,120,2,Andy Lally,55.512,22.753,20.548,12.211,95.5,2:02:50.504,55512,0,0,20
2016,13_Lime Rock,Lime Rock,lime-rock,2016-07-23,201607231505_Race,44,121,2,Andy Lally,56.593,22.404,21.838,12.351,93.7,2:03:47.097,56593,0,0,20
2016,13_Lime Rock,Lime Rock,lime-rock,2016-07-23,201607231505_Race,44,122,2,Andy Lally,55.996,22.648,20.664,12.684,94.7,2:04:43.093,55996,0,0,20
2016,13_Lime Rock,Lime Rock,lime-rock,2016-07-23,201607231505_Race,44,123,2,Andy Lally,54.370,22.492,19.677,12.201,97.6,2:05:37.463,54370,0,0,20
2016,13_Lime Rock,Lime Rock,lime-rock,2016-07-23,201607231505_Race,44,124,2,Andy Lally,57.020,22.617,20.401,14.002,93.0,2:06:34.483,57020,0,0,20
2016,13_Lime Rock,Lime Rock,lime-rock,2016-07-23,201607231505_Race,44,125,2,Andy Lally,54.863,22.755,19.869,12.239,96.7,2:07:29.346,54863,0,0,20
2016,13_Lime Rock,Lime Rock,lime-rock,2016-07-23,201607231505_Race,44,126,2,Andy Lally,54.765,22.697,19.826,12.242,96.8,2:08:24.111,54765,0,0,20
2016,13_Lime Rock,Lime Rock,lime-rock,2016-07-23,201607231505_Race,44,127,2,Andy Lally,55.351,22.967,20.098,12.286,95.8,2:09:19.462,55351,0,0,20
2016,13_Lime Rock,Lime Rock,lime-rock,2016-07-23,201607231505_Race,44,128,2,Andy Lally,55.250,22.937,19.825,12.488,96.0,2:10:14.712,55250,0,0,20
2016,13_Lime Rock,Lime Rock,lime-rock,2016-07-23,201607231505_Race,44,129,2,Andy Lally,55.195,22.827,19.950,12.418,96.1,2:11:09.907,55195,0,0,20
2016,13_Lime Rock,Lime Rock,lime-rock,2016-07-23,201607231505_Race,44,130,2,Andy Lally,55.873,23.569,20.200,12.104,94.9,2:12:05.780,55873,0,0,20
2016,13_Lime Rock,Lime Rock,lime-rock,2016-07-23,201607231505_Race,44,131,2,Andy Lally,56.259,23.025,20.407,12.827,94.3,2:13:02.039,56259,0,0,20
2016,13_Lime Rock,Lime Rock,lime-rock,2016-07-23,201607231505_Race,44,132,2,Andy Lally,56.175,23.528,20.256,12.391,94.4,2:13:58.214,56175,0,0,20
2016,13_Lime Rock,Lime Rock,lime-rock,2016-07-23,201607231505_Race,44,133,2,Andy Lally,55.065,22.528,19.964,12.573,96.3,2:14:53.279,55065,0,0,20
2016,13_Lime Rock,Lime Rock,lime-rock,2016-07-23,201607231505_Race,44,134,2,Andy Lally,55.303,22.952,19.888,12.463,95.9,2:15:48.582,55303,0,0,20
2016,13_Lime Rock,Lime Rock,lime-rock,2016-07-23,201607231505_Race,44,135,2,Andy Lally,55.540,23.097,20.041,12.402,95.5,2:16:44.122,55540,0,0,20
2016,13_Lime Rock,Lime Rock,lime-rock,2016-07-23,201607231505_Race,44,136,2,Andy Lally,55.524,23.175,19.908,12.441,95.5,2:17:39.646,55524,0,0,20
2016,13_Lime Rock,Lime Rock,lime-rock,2016-07-23,201607231505_Race,44,137,2,Andy Lally,54.885,22.488,19.970,12.427,96.6,2:18:34.531,54885,0,0,20
2016,13_Lime Rock,Lime Rock,lime-rock,2016-07-23,201607231505_Race,44,138,2,Andy Lally,55.018,22.329,20.141,12.548,96.4,2:19:29.549,55018,0,0,20
2016,13_Lime Rock,Lime Rock,lime-rock,2016-07-23,201607231505_Race,44,139,2,Andy Lally,55.309,22.677,20.212,12.420,95.9,2:20:24.858,55309,0,0,20
2016,13_Lime Rock,Lime Rock,lime-rock,2016-07-23,201607231505_Race,44,140,2,Andy Lally,54.994,22.161,19.637,13.196,96.4,2:21:19.852,54994,0,0,20
2016,13_Lime Rock,Lime Rock,lime-rock,2016-07-23,201607231505_Race,44,141,2,Andy Lally,54.465,22.509,19.708,12.248,97.4,2:22:14.317,54465,0,0,20
2016,13_Lime Rock,Lime Rock,lime-rock,2016-07-23,201607231505_Race,44,142,2,Andy Lally,54.346,22.312,19.807,12.227,97.6,2:23:08.663,54346,0,0,20
2016,13_Lime Rock,Lime Rock,lime-rock,2016-07-23,201607231505_Race,44,143,2,Andy Lally,53.947,22.107,19.577,12.263,98.3,2:24:02.610,53947,0,0,20
2016,13_Lime Rock,Lime Rock,lime-rock,2016-07-23,201607231505_Race,44,144,2,Andy Lally,53.908,22.165,19.512,12.231,98.4,2:24:56.518,53908,0,0,20
2016,13_Lime Rock,Lime Rock,lime-rock,2016-07-23,201607231505_Race,44,145,2,Andy Lally,53.855,22.057,19.645,12.153,98.5,2:25:50.373,53855,0,0,20
2016,13_Lime Rock,Lime Rock,lime-rock,2016-07-23,201607231505_Race,44,146,2,Andy Lally,54.836,22.130,20.300,12.406,96.7,2:26:45.209,54836,0,0,20
2016,13_Lime Rock,Lime Rock,lime-rock,2016-07-23,201607231505_Race,44,147,2,Andy Lally,54.889,22.656,19.879,12.354,96.6,2:27:40.098,54889,0,0,20
2016,13_Lime Rock,Lime Rock,lime-rock,2016-07-23,201607231505_Race,44,148,2,Andy Lally,56.343,23.222,20.240,12.881,94.1,2:28:36.441,56343,0,0,20
2016,13_Lime Rock,Lime Rock,lime-rock,2016-07-23,201607231505_Race,44,149,2,Andy Lally,54.896,22.684,19.943,12.269,96.6,2:29:31.337,54896,0,0,20
2016,13_Lime Rock,Lime Rock,lime-rock,2016-07-23,201607231505_Race,44,150,2,Andy Lally,55.210,23.053,19.809,12.348,96.1,2:30:26.547,55210,0,0,20
2016,13_Lime Rock,Lime Rock,lime-rock,2016-07-23,201607231505_Race,44,151,2,Andy Lally,55.134,22.978,19.835,12.321,96.2,2:31:21.681,55134,0,0,20
2016,13_Lime Rock,Lime Rock,lime-rock,2016-07-23,201607231505_Race,44,152,2,Andy Lally,54.423,22.335,19.678,12.410,97.4,2:32:16.104,54423,0,0,20
2016,13_Lime Rock,Lime Rock,lime-rock,2016-07-23,201607231505_Race,44,153,2,Andy Lally,55.182,22.883,19.927,12.372,96.1,2:33:11.286,55182,0,0,20
2016,13_Lime Rock,Lime Rock,lime-rock,2016-07-23,201607231505_Race,44,154,2,Andy Lally,54.535,22.710,19.557,12.268,97.3,2:34:05.821,54535,0,0,20
2016,13_Lime Rock,Lime Rock,lime-rock,2016-07-23,201607231505_Race,44,155,2,Andy Lally,54.206,22.368,19.581,12.257,97.8,2:35:00.027,54206,0,0,20
2016,13_Lime Rock,Lime Rock,lime-rock,2016-07-23,201607231505_Race,44,156,2,Andy Lally,54.979,22.600,20.072,12.307,96.4,2:35:55.006,54979,0,0,20
2016,13_Lime Rock,Lime Rock,lime-rock,2016-07-23,201607231505_Race,44,157,2,Andy Lally,54.750,22.580,19.870,12.300,96.9,2:36:49.756,54750,0,0,20
2016,13_Lime Rock,Lime Rock,lime-rock,2016-07-23,201607231505_Race,44,158,2,Andy Lally,54.615,22.426,19.794,12.395,97.1,2:37:44.371,54615,0,0,20
2016,13_Lime Rock,Lime Rock,lime-rock,2016-07-23,201607231505_Race,44,159,2,Andy Lally,55.292,22.701,20.120,12.471,95.9,2:38:39.663,55292,0,0,20
2016,13_Lime Rock,Lime Rock,lime-rock,2016-07-23,201607231505_Race,44,160,2,Andy Lally,55.334,22.626,20.111,12.597,95.8,2:39:34.997,55334,0,0,20
2016,13_Lime Rock,Lime Rock,lime-rock,2016-07-23,201607231505_Race,44,161,2,Andy Lally,54.940,22.676,19.820,12.444,96.5,2:40:29.937,54940,0,0,20
2016,13_Lime Rock,Lime Rock,lime-rock,2016-07-23,201607231505_Race,44,162,2,Andy Lally,55.184,22.582,20.075,12.527,96.1,2:41:25.121,55184,0,0,20
2016,13_Lime Rock,Lime Rock,lime-rock,2016-07-23,201607231505_Race,48,1,2,Madison Snow,1:34.867,46.120,26.155,22.592,55.9,1:34.867,,,0,20
2016,13_Lime Rock,Lime Rock,lime-rock,2016-07-23,201607231505_Race,48,2,2,Madison Snow,1:06.037,29.562,23.967,12.508,80.3,2:40.904,66037,0,0,21
2016,13_Lime Rock,Lime Rock,lime-rock,2016-07-23,201607231505_Race,48,3,2,Madison Snow,58.291,23.839,21.843,12.609,91.0,3:39.195,58291,0,0,21
2016,13_Lime Rock,Lime Rock,lime-rock,2016-07-23,201607231505_Race,48,4,2,Madison Snow,55.309,23.106,19.819,12.384,95.9,4:34.504,55309,0,0,21
2016,13_Lime Rock,Lime Rock,lime-rock,2016-07-23,201607231505_Race,48,5,2,Madison Snow,54.679,22.550,19.603,12.526,97.0,5:29.183,54679,0,0,21
2016,13_Lime Rock,Lime Rock,lime-rock,2016-07-23,201607231505_Race,48,6,2,Madison Snow,56.182,22.554,20.517,13.111,94.4,6:25.365,56182,0,0,21
2016,13_Lime Rock,Lime Rock,lime-rock,2016-07-23,201607231505_Race,48,7,2,Madison Snow,1:19.964,24.585,22.352,33.027,66.3,7:45.329,79964,0,0,21
2016,13_Lime Rock,Lime Rock,lime-rock,2016-07-23,201607231505_Race,48,8,2,Madison Snow,1:36.537,30.731,34.121,31.685,54.9,9:21.866,96537,0,0,21
2016,13_Lime Rock,Lime Rock,lime-rock,2016-07-23,201607231505_Race,48,9,2,Madison Snow,1:33.184,31.906,34.322,26.956,56.9,10:55.050,93184,0,0,21
2016,13_Lime Rock,Lime Rock,lime-rock,2016-07-23,201607231505_Race,48,10,2,Madison Snow,1:32.563,33.508,29.664,29.391,57.3,12:27.613,92563,0,0,21
2016,13_Lime Rock,Lime Rock,lime-rock,2016-07-23,201607231505_Race,48,11,2,Madison Snow,1:29.357,30.352,30.499,28.506,59.4,13:56.970,89357,0,0,21
2016,13_Lime Rock,Lime Rock,lime-rock,2016-07-23,201607231505_Race,48,12,2,Madison Snow,1:29.225,30.638,31.339,27.248,59.4,15:26.195,89225,0,0,21
2016,13_Lime Rock,Lime Rock,lime-rock,2016-07-23,201607231505_Race,48,13,2,Madison Snow,1:07.462,27.307,27.190,12.965,78.6,16:33.657,67462,0,0,21
2016,13_Lime Rock,Lime Rock,lime-rock,2016-07-23,201607231505_Race,48,14,2,Madison Snow,55.206,22.853,19.982,12.371,96.1,17:28.863,55206,0,0,21
2016,13_Lime Rock,Lime Rock,lime-rock,2016-07-23,201607231505_Race,48,15,2,Madison Snow,54.409,22.605,19.491,12.313,97.5,18:23.272,54409,0,0,21
2016,13_Lime Rock,Lime Rock,lime-rock,2016-07-23,201607231505_Race,48,16,2,Madison Snow,54.575,22.712,19.506,12.357,97.2,19:17.847,54575,0,0,21
2016,13_Lime Rock,Lime Rock,lime-rock,2016-07-23,201607231505_Race,48,17,2,Madison Snow,54.275,22.525,19.401,12.349,97.7,20:12.122,54275,0,0,21
2016,13_Lime Rock,Lime Rock,lime-rock,2016-07-23,201607231505_Race,48,18,2,Madison Snow,54.436,22.520,19.587,12.329,97.4,21:06.558,54436,0,0,21
2016,13_Lime Rock,Lime Rock,lime-rock,2016-07-23,201607231505_Race,48,19,2,Madison Snow,54.802,22.610,19.845,12.347,96.8,22:01.360,54802,0,0,21
2016,13_Lime Rock,Lime Rock,lime-rock,2016-07-23,201607231505_Race,48,20,2,Madison Snow,54.298,22.529,19.517,12.252,97.7,22:55.658,54298,0,0,21
2016,13_Lime Rock,Lime Rock,lime-rock,2016-07-23,201607231505_Race,48,21,2,Madison Snow,54.549,22.577,19.630,12.342,97.3,23:50.207,54549,0,0,21
2016,13_Lime Rock,Lime Rock,lime-rock,2016-07-23,201607231505_Race,48,22,2,Madison Snow,54.763,22.788,19.608,12.367,96.8,24:44.970,54763,0,0,21
2016,13_Lime Rock,Lime Rock,lime-rock,2016-07-23,201607231505_Race,48,23,2,Madison Snow,1:27.308,22.707,19.722,44.879,60.7,26:12.278,87308,0,1,21
2016,13_Lime Rock,Lime Rock,lime-rock,2016-07-23,201607231505_Race,48,24,2,Madison Snow,1:02.508,30.175,19.810,12.523,84.8,27:14.786,62508,0,0,21
2016,13_Lime Rock,Lime Rock,lime-rock,2016-07-23,201607231505_Race,48,25,2,Madison Snow,55.210,23.226,19.815,12.169,96.1,28:09.996,55210,0,0,21
2016,13_Lime Rock,Lime Rock,lime-rock,2016-07-23,201607231505_Race,48,26,2,Madison Snow,59.619,22.667,23.396,13.556,88.9,29:09.615,59619,0,0,21
2016,13_Lime Rock,Lime Rock,lime-rock,2016-07-23,201607231505_Race,48,27,2,Madison Snow,1:00.334,25.674,21.488,13.172,87.9,30:09.949,60334,0,0,21
2016,13_Lime Rock,Lime Rock,lime-rock,2016-07-23,201607231505_Race,48,28,2,Madison Snow,1:09.556,23.774,25.752,20.030,76.3,31:19.505,69556,0,0,21
2016,13_Lime Rock,Lime Rock,lime-rock,2016-07-23,201607231505_Race,48,29,2,Madison Snow,1:20.320,29.423,31.222,19.675,66.0,32:39.825,80320,0,0,21
2016,13_Lime Rock,Lime Rock,lime-rock,2016-07-23,201607231505_Race,48,30,2,Madison Snow,1:22.529,33.054,31.089,18.386,64.3,34:02.354,82529,0,0,21
2016,13_Lime Rock,Lime Rock,lime-rock,2016-07-23,201607231505_Race,48,31,2,Madison Snow,55.622,22.710,19.941,12.971,95.3,34:57.976,55622,0,0,21
2016,13_Lime Rock,Lime Rock,lime-rock,2016-07-23,201607231505_Race,48,32,2,Madison Snow,57.293,23.099,21.384,12.810,92.6,35:55.269,57293,0,0,21
2016,13_Lime Rock,Lime Rock,lime-rock,2016-07-23,201607231505_Race,48,33,2,Madison Snow,56.259,23.253,20.723,12.283,94.3,36:51.528,56259,0,0,21
2016,13_Lime Rock,Lime Rock,lime-rock,2016-07-23,201607231505_Race,48,34,2,Madison Snow,56.155,22.580,21.177,12.398,94.5,37:47.683,56155,0,0,21
2016,13_Lime Rock,Lime Rock,lime-rock,2016-07-23,201607231505_Race,48,35,2,Madison Snow,54.361,22.510,19.586,12.265,97.6,38:42.044,54361,0,0,21
2016,13_Lime Rock,Lime Rock,lime-rock,2016-07-23,201607231505_Race,48,36,2,Madison Snow,54.816,22.288,19.986,12.542,96.8,39:36.860,54816,0,0,21
2016,13_Lime Rock,Lime Rock,lime-rock,2016-07-23,201607231505_Race,48,37,2,Madison Snow,54.061,22.396,19.442,12.223,98.1,40:30.921,54061,0,0,21
2016,13_Lime Rock,Lime Rock,lime-rock,2016-07-23,201607231505_Race,48,38,2,Madison Snow,54.358,22.356,19.611,12.391,97.6,41:25.279,54358,0,0,21
2016,13_Lime Rock,Lime Rock,lime-rock,2016-07-23,201607231505_Race,48,39,2,Madison Snow,54.586,22.449,19.811,12.326,97.1,42:19.865,54586,0,0,21
2016,13_Lime Rock,Lime Rock,lime-rock,2016-07-23,201607231505_Race,48,40,2,Madison Snow,54.958,22.712,19.984,12.262,96.5,43:14.823,54958,0,0,21
2016,13_Lime Rock,Lime Rock,lime-rock,2016-07-23,201607231505_Race,48,41,2,Madison Snow,55.885,22.881,20.593,12.411,94.9,44:10.708,55885,0,0,21
2016,13_Lime Rock,Lime Rock,lime-rock,2016-07-23,201607231505_Race,48,42,2,Madison Snow,1:05.782,23.488,24.448,17.846,80.6,45:16.490,65782,0,0,21
2016,13_Lime Rock,Lime Rock,lime-rock,2016-07-23,201607231505_Race,48,43,2,Madison Snow,1:01.808,24.364,24.077,13.367,85.8,46:18.298,61808,0,0,21
2016,13_Lime Rock,Lime Rock,lime-rock,2016-07-23,201607231505_Race,48,44,2,Madison Snow,1:05.670,23.250,21.343,21.077,80.7,47:23.968,65670,0,0,21
2016,13_Lime Rock,Lime Rock,lime-rock,2016-07-23,201607231505_Race,48,45,2,Madison Snow,1:46.209,34.810,37.354,34.045,49.9,49:10.177,106209,0,0,21
2016,13_Lime Rock,Lime Rock,lime-rock,2016-07-23,201607231505_Race,48,46,2,Madison Snow,1:25.077,33.853,35.652,15.572,62.3,50:35.254,85077,0,0,21
2016,13_Lime Rock,Lime Rock,lime-rock,2016-07-23,201607231505_Race,48,47,2,Madison Snow,56.703,23.793,20.460,12.450,93.5,51:31.957,56703,0,0,21
2016,13_Lime Rock,Lime Rock,lime-rock,2016-07-23,201607231505_Race,48,48,2,Madison Snow,54.973,22.878,19.692,12.403,96.4,52:26.930,54973,0,0,21
2016,13_Lime Rock,Lime Rock,lime-rock,2016-07-23,201607231505_Race,48,49,2,Madison Snow,55.362,23.119,19.858,12.385,95.8,53:22.292,55362,0,0,21
2016,13_Lime Rock,Lime Rock,lime-rock,2016-07-23,201607231505_Race,48,50,2,Madison Snow,55.210,22.912,19.900,12.398,96.1,54:17.502,55210,0,0,21
2016,13_Lime Rock,Lime Rock,lime-rock,2016-07-23,201607231505_Race,48,51,2,Madison Snow,55.468,23.134,19.881,12.453,95.6,55:12.970,55468,0,0,21
2016,13_Lime Rock,Lime Rock,lime-rock,2016-07-23,201607231505_Race,48,52,2,Madison Snow,55.206,22.907,19.819,12.480,96.1,56:08.176,55206,0,0,21
2016,13_Lime Rock,Lime Rock,lime-rock,2016-07-23,201607231505_Race,48,53,2,Madison Snow,55.459,23.197,19.894,12.368,95.6,57:03.635,55459,0,0,21
2016,13_Lime Rock,Lime Rock,lime-rock,2016-07-23,201607231505_Race,48,54,2,Madison Snow,55.020,22.854,19.738,12.428,96.4,57:58.655,55020,0,0,21
2016,13_Lime Rock,Lime Rock,lime-rock,2016-07-23,201607231505_Race,48,55,2,Madison Snow,55.681,22.865,20.504,12.312,95.3,58:54.336,55681,0,0,21
2016,13_Lime Rock,Lime Rock,lime-rock,2016-07-23,201607231505_Race,48,56,2,Madison Snow,54.130,22.362,19.437,12.331,98.0,59:48.466,54130,0,0,21
2016,13_Lime Rock,Lime Rock,lime-rock,2016-07-23,201607231505_Race,48,57,2,Madison Snow,54.712,22.538,19.952,12.222,96.9,1:00:43.178,54712,0,0,21
2016,13_Lime Rock,Lime Rock,lime-rock,2016-07-23,201607231505_Race,48,58,2,Madison Snow,54.553,22.461,19.793,12.299,97.2,1:01:37.731,54553,0,0,21
2016,13_Lime Rock,Lime Rock,lime-rock,2016-07-23,201607231505_Race,48,59,2,Madison Snow,54.432,22.507,19.596,12.329,97.4,1:02:32.163,54432,0,0,21
2016,13_Lime Rock,Lime Rock,lime-rock,2016-07-23,201607231505_Race,48,60,2,Madison Snow,54.437,22.428,19.699,12.310,97.4,1:03:26.600,54437,0,0,21
2016,13_Lime Rock,Lime Rock,lime-rock,2016-07-23,201607231505_Race,48,61,2,Madison Snow,54.609,22.665,19.629,12.315,97.1,1:04:21.209,54609,0,0,21
2016,13_Lime Rock,Lime Rock,lime-rock,2016-07-23,201607231505_Race,48,62,2,Madison Snow,55.554,22.552,20.434,12.568,95.5,1:05:16.763,55554,0,0,21
2016,13_Lime Rock,Lime Rock,lime-rock,2016-07-23,201607231505_Race,48,63,2,Madison Snow,54.853,22.666,19.729,12.458,96.7,1:06:11.616,54853,0,0,21
2016,13_Lime Rock,Lime Rock,lime-rock,2016-07-23,201607231505_Race,48,64,2,Madison Snow,54.333,22.378,19.593,12.362,97.6,1:07:05.949,54333,0,0,21
2016,13_Lime Rock,Lime Rock,lime-rock,2016-07-23,201607231505_Race,48,65,2,Madison Snow,54.279,22.421,19.540,12.318,97.7,1:08:00.228,54279,0,0,21
2016,13_Lime Rock,Lime Rock,lime-rock,2016-07-23,201607231505_Race,48,66,2,Madison Snow,54.285,22.424,19.494,12.367,97.7,1:08:54.513,54285,0,0,21
2016,13_Lime Rock,Lime Rock,lime-rock,2016-07-23,201607231505_Race,48,67,2,Madison Snow,54.294,22.512,19.525,12.257,97.7,1:09:48.807,54294,0,0,21
2016,13_Lime Rock,Lime Rock,lime-rock,2016-07-23,201607231505_Race,48,68,2,Madison Snow,54.313,22.515,19.566,12.232,97.6,1:10:43.120,54313,0,0,21
2016,13_Lime Rock,Lime Rock,lime-rock,2016-07-23,201607231505_Race,48,69,2,Madison Snow,54.883,22.502,20.006,12.375,96.6,1:11:38.003,54883,0,0,21
2016,13_Lime Rock,Lime Rock,lime-rock,2016-07-23,201607231505_Race,48,70,2,Madison Snow,54.562,22.629,19.527,12.406,97.2,1:12:32.565,54562,0,0,21
2016,13_Lime Rock,Lime Rock,lime-rock,2016-07-23,201607231505_Race,48,71,2,Madison Snow,56.524,22.554,21.026,12.944,93.8,1:13:29.089,56524,0,0,21
2016,13_Lime Rock,Lime Rock,lime-rock,2016-07-23,201607231505_Race,48,72,2,Madison Snow,55.719,23.429,19.898,12.392,95.2,1:14:24.808,55719,0,0,21
2016,13_Lime Rock,Lime Rock,lime-rock,2016-07-23,201607231505_Race,48,73,2,Madison Snow,55.479,23.173,19.782,12.524,95.6,1:15:20.287,55479,0,0,21
2016,13_Lime Rock,Lime Rock,lime-rock,2016-07-23,201607231505_Race,48,74,2,Madison Snow,56.111,23.349,20.077,12.685,94.5,1:16:16.398,56111,0,0,21
2016,13_Lime Rock,Lime Rock,lime-rock,2016-07-23,201607231505_Race,48,75,2,Madison Snow,56.194,23.312,20.218,12.664,94.4,1:17:12.592,56194,0,0,21
2016,13_Lime Rock,Lime Rock,lime-rock,2016-07-23,201607231505_Race,48,76,2,Madison Snow,56.497,23.559,20.250,12.688,93.9,1:18:09.089,56497,0,0,21
2016,13_Lime Rock,Lime Rock,lime-rock,2016-07-23,201607231505_Race,48,77,2,Madison Snow,57.463,23.419,20.297,13.747,92.3,1:19:06.552,57463,0,0,21
2016,13_Lime Rock,Lime Rock,lime-rock,2016-07-23,201607231505_Race,48,78,2,Madison Snow,55.900,23.253,20.062,12.585,94.9,1:20:02.452,55900,0,0,21
2016,13_Lime Rock,Lime Rock,lime-rock,2016-07-23,201607231505_Race,48,79,2,Madison Snow,55.798,23.063,20.306,12.429,95.0,1:20:58.250,55798,0,0,21
2016,13_Lime Rock,Lime Rock,lime-rock,2016-07-23,201607231505_Race,48,80,2,Madison Snow,56.108,22.739,20.443,12.926,94.5,1:21:54.358,56108,0,0,21
2016,13_Lime Rock,Lime Rock,lime-rock,2016-07-23,201607231505_Race,48,81,2,Madison Snow,55.105,23.027,19.682,12.396,96.3,1:22:49.463,55105,0,0,21
2016,13_Lime Rock,Lime Rock,lime-rock,2016-07-23,201607231505_Race,48,82,2,Madison Snow,56.386,23.163,20.688,12.535,94.1,1:23:45.849,56386,0,0,21
2016,13_Lime Rock,Lime Rock,lime-rock,2016-07-23,201607231505_Race,48,83,2,Madison Snow,54.985,22.934,19.629,12.422,96.4,1:24:40.834,54985,0,0,21
2016,13_Lime Rock,Lime Rock,lime-rock,2016-07-23,201607231505_Race,48,84,2,Madison Snow,56.158,22.880,20.553,12.725,94.5,1:25:36.992,56158,0,0,21
2016,13_Lime Rock,Lime Rock,lime-rock,2016-07-23,201607231505_Race,48,85,2,Madison Snow,55.187,23.059,19.753,12.375,96.1,1:26:32.179,55187,0,0,21
2016,13_Lime Rock,Lime Rock,lime-rock,2016-07-23,201607231505_Race,48,86,2,Madison Snow,55.021,22.831,19.794,12.396,96.4,1:27:27.200,55021,0,0,21
2016,13_Lime Rock,Lime Rock,lime-rock,2016-07-23,201607231505_Race,48,87,2,Madison Snow,54.811,22.855,19.563,12.393,96.8,1:28:22.011,54811,0,0,21
2016,13_Lime Rock,Lime Rock,lime-rock,2016-07-23,201607231505_Race,48,88,2,Madison Snow,58.675,22.771,20.609,15.295,90.4,1:29:20.686,58675,0,0,21
2016,13_Lime Rock,Lime Rock,lime-rock,2016-07-23,201607231505_Race,48,89,2,Madison Snow,1:09.313,25.613,23.104,20.596,76.5,1:30:29.999,69313,0,0,21
2016,13_Lime Rock,Lime Rock,lime-rock,2016-07-23,201607231505_Race,48,90,2,Madison Snow,1:09.426,26.527,24.222,18.677,76.4,1:31:39.425,69426,0,0,21
2016,13_Lime Rock,Lime Rock,lime-rock,2016-07-23,201607231505_Race,48,91,2,Madison Snow,1:18.234,25.829,24.309,28.096,67.8,1:32:57.659,78234,0,0,21
2016,13_Lime Rock,Lime Rock,lime-rock,2016-07-23,201607231505_Race,48,92,2,Madison Snow,1:29.152,33.161,31.972,24.019,59.5,1:34:26.811,89152,0,0,21
2016,13_Lime Rock,Lime Rock,lime-rock,2016-07-23,201607231505_Race,48,93,2,Madison Snow,2:15.264,33.295,32.170,1:09.799,39.2,1:36:42.075,135264,0,1,21
2016,13_Lime Rock,Lime Rock,lime-rock,2016-07-23,201607231505_Race,48,94,1,Bryan Sellers,1:14.571,34.068,24.151,16.352,71.1,1:37:56.646,74571,0,0,21
2016,13_Lime Rock,Lime Rock,lime-rock,2016-07-23,201607231505_Race,48,95,1,Bryan Sellers,1:30.409,29.243,33.399,27.767,58.7,1:39:27.055,90409,0,0,21
2016,13_Lime Rock,Lime Rock,lime-rock,2016-07-23,201607231505_Race,48,96,1,Bryan Sellers,1:31.737,39.345,38.485,13.907,57.8,1:40:58.792,91737,0,0,21
2016,13_Lime Rock,Lime Rock,lime-rock,2016-07-23,201607231505_Race,48,97,1,Bryan Sellers,55.114,23.080,19.701,12.333,96.2,1:41:53.906,55114,0,0,21
2016,13_Lime Rock,Lime Rock,lime-rock,2016-07-23,201607231505_Race,48,98,1,Bryan Sellers,54.104,22.281,19.449,12.374,98.0,1:42:48.010,54104,0,0,21
2016,13_Lime Rock,Lime Rock,lime-rock,2016-07-23,201607231505_Race,48,99,1,Bryan Sellers,54.849,22.369,19.549,12.931,96.7,1:43:42.859,54849,0,0,21
2016,13_Lime Rock,Lime Rock,lime-rock,2016-07-23,201607231505_Race,48,100,1,Bryan Sellers,55.005,22.303,20.028,12.674,96.4,1:44:37.864,55005,0,0,21
2016,13_Lime Rock,Lime Rock,lime-rock,2016-07-23,201607231505_Race,48,101,1,Bryan Sellers,54.286,22.503,19.515,12.268,97.7,1:45:32.150,54286,0,0,21
2016,13_Lime Rock,Lime Rock,lime-rock,2016-07-23,201607231505_Race,48,102,1,Bryan Sellers,53.788,22.165,19.358,12.265,98.6,1:46:25.938,53788,0,0,21
2016,13_Lime Rock,Lime Rock,lime-rock,2016-07-23,201607231505_Race,48,103,1,Bryan Sellers,54.587,22.903,19.370,12.314,97.1,1:47:20.525,54587,0,0,21
2016,13_Lime Rock,Lime Rock,lime-rock,2016-07-23,201607231505_Race,48,104,1,Bryan Sellers,53.865,22.284,19.331,12.250,98.4,1:48:14.390,53865,0,0,21
2016,13_Lime Rock,Lime Rock,lime-rock,2016-07-23,201607231505_Race,48,105,1,Bryan Sellers,53.878,22.281,19.328,12.269,98.4,1:49:08.268,53878,0,0,21
2016,13_Lime Rock,Lime Rock,lime-rock,2016-07-23,201607231505_Race,48,106,1,Bryan Sellers,53.964,22.399,19.344,12.221,98.3,1:50:02.232,53964,0,0,21
2016,13_Lime Rock,Lime Rock,lime-rock,2016-07-23,201607231505_Race,48,107,1,Bryan Sellers,53.900,22.369,19.287,12.244,98.4,1:50:56.132,53900,0,0,21
2016,13_Lime Rock,Lime Rock,lime-rock,2016-07-23,201607231505_Race,48,108,1,Bryan Sellers,54.665,22.670,19.744,12.251,97.0,1:51:50.797,54665,0,0,21
2016,13_Lime Rock,Lime Rock,lime-rock,2016-07-23,201607231505_Race,48,109,1,Bryan Sellers,54.006,22.268,19.488,12.250,98.2,1:52:44.803,54006,0,0,21
2016,13_Lime Rock,Lime Rock,lime-rock,2016-07-23,201607231505_Race,48,110,1,Bryan Sellers,53.849,22.238,19.374,12.237,98.5,1:53:38.652,53849,0,0,21
2016,13_Lime Rock,Lime Rock,lime-rock,2016-07-23,201607231505_Race,48,111,1,Bryan Sellers,54.150,22.355,19.515,12.280,97.9,1:54:32.802,54150,0,0,21
2016,13_Lime Rock,Lime Rock,lime-rock,2016-07-23,201607231505_Race,48,112,1,Bryan Sellers,54.542,22.418,19.728,12.396,97.3,1:55:27.344,54542,0,0,21
2016,13_Lime Rock,Lime Rock,lime-rock,2016-07-23,201607231505_Race,48,113,1,Bryan Sellers,54.764,22.612,19.830,12.322,96.8,1:56:22.108,54764,0,0,21
2016,13_Lime Rock,Lime Rock,lime-rock,2016-07-23,201607231505_Race,48,114,1,Bryan Sellers,54.722,22.605,19.801,12.316,96.9,1:57:16.830,54722,0,0,21
2016,13_Lime Rock,Lime Rock,lime-rock,2016-07-23,201607231505_Race,48,115,1,Bryan Sellers,54.859,22.879,19.634,12.346,96.7,1:58:11.689,54859,0,0,21
2016,13_Lime Rock,Lime Rock,lime-rock,2016-07-23,201607231505_Race,48,116,1,Bryan Sellers,55.588,22.843,20.023,12.722,95.4,1:59:07.277,55588,0,0,21
2016,13_Lime Rock,Lime Rock,lime-rock,2016-07-23,201607231505_Race,48,117,1,Bryan Sellers,55.456,22.978,20.159,12.319,95.6,2:00:02.733,55456,0,0,21
2016,13_Lime Rock,Lime Rock,lime-rock,2016-07-23,201607231505_Race,48,118,1,Bryan Sellers,55.665,23.028,20.071,12.566,95.3,2:00:58.398,55665,0,0,21
2016,13_Lime Rock,Lime Rock,lime-rock,2016-07-23,201607231505_Race,48,119,1,Bryan Sellers,57.396,23.761,20.847,12.788,92.4,2:01:55.794,57396,0,0,21
2016,13_Lime Rock,Lime Rock,lime-rock,2016-07-23,201607231505_Race,48,120,1,Bryan Sellers,55.563,23.321,19.937,12.305,95.5,2:02:51.357,55563,0,0,22
2016,13_Lime Rock,Lime Rock,lime-rock,2016-07-23,201607231505_Race,48,121,1,Bryan Sellers,56.243,22.798,21.021,12.424,94.3,2:03:47.600,56243,0,0,22
2016,13_Lime Rock,Lime Rock,lime-rock,2016-07-23,201607231505_Race,48,122,1,Bryan Sellers,55.816,23.237,20.056,12.523,95.0,2:04:43.416,55816,0,0,22
2016,13_Lime Rock,Lime Rock,lime-rock,2016-07-23,201607231505_Race,48,123,1,Bryan Sellers,54.993,22.879,19.798,12.316,96.4,2:05:38.409,54993,0,0,22
2016,13_Lime Rock,Lime Rock,lime-rock,2016-07-23,201607231505_Race,48,124,1,Bryan Sellers,55.720,22.520,20.003,13.197,95.2,2:06:34.129,55720,0,0,22
2016,13_Lime Rock,Lime Rock,lime-rock,2016-07-23,201607231505_Race,48,125,1,Bryan Sellers,54.921,22.874,19.713,12.334,96.6,2:07:29.050,54921,0,0,22
2016,13_Lime Rock,Lime Rock,lime-rock,2016-07-23,201607231505_Race,48,126,1,Bryan Sellers,54.901,22.772,19.774,12.355,96.6,2:08:23.951,54901,0,0,22
2016,13_Lime Rock,Lime Rock,lime-rock,2016-07-23,201607231505_Race,48,127,1,Bryan Sellers,55.334,22.894,20.042,12.398,95.8,2:09:19.285,55334,0,0,22
2016,13_Lime Rock,Lime Rock,lime-rock,2016-07-23,201607231505_Race,48,128,1,Bryan Sellers,55.167,22.901,19.859,12.407,96.1,2:10:14.452,55167,0,0,22
2016,13_Lime Rock,Lime Rock,lime-rock,2016-07-23,201607231505_Race,48,129,1,Bryan Sellers,55.276,22.897,19.981,12.398,96.0,2:11:09.728,55276,0,0,22
2016,13_Lime Rock,Lime Rock,lime-rock,2016-07-23,201607231505_Race,48,130,1,Bryan Sellers,55.797,23.024,20.115,12.658,95.1,2:12:05.525,55797,0,0,22
2016,13_Lime Rock,Lime Rock,lime-rock,2016-07-23,201607231505_Race,48,131,1,Bryan Sellers,56.316,23.100,20.454,12.762,94.1,2:13:01.841,56316,0,0,22
2016,13_Lime Rock,Lime Rock,lime-rock,2016-07-23,201607231505_Race,48,132,1,Bryan Sellers,56.201,23.524,20.076,12.601,94.4,2:13:58.042,56201,0,0,22
2016,13_Lime Rock,Lime Rock,lime-rock,2016-07-23,201607231505_Race,48,133,1,Bryan Sellers,55.770,23.237,20.034,12.499,95.1,2:14:53.812,55770,0,0,22
2016,13_Lime Rock,Lime Rock,lime-rock,2016-07-23,201607231505_Race,48,134,1,Bryan Sellers,56.056,23.342,20.281,12.433,94.6,2:15:49.868,56056,0,0,22
2016,13_Lime Rock,Lime Rock,lime-rock,2016-07-23,201607231505_Race,48,135,1,Bryan Sellers,55.529,22.871,20.140,12.518,95.5,2:16:45.397,55529,0,0,22
2016,13_Lime Rock,Lime Rock,lime-rock,2016-07-23,201607231505_Race,48,136,1,Bryan Sellers,55.386,22.863,19.997,12.526,95.8,2:17:40.783,55386,0,0,22
2016,13_Lime Rock,Lime Rock,lime-rock,2016-07-23,201607231505_Race,48,137,1,Bryan Sellers,55.610,23.224,19.914,12.472,95.4,2:18:36.393,55610,0,0,22
2016,13_Lime Rock,Lime Rock,lime-rock,2016-07-23,201607231505_Race,48,138,1,Bryan Sellers,56.235,22.890,20.591,12.754,94.3,2:19:32.628,56235,0,0,22
2016,13_Lime Rock,Lime Rock,lime-rock,2016-07-23,201607231505_Race,48,139,1,Bryan Sellers,55.241,22.927,19.896,12.418,96.0,2:20:27.869,55241,0,0,22
2016,13_Lime Rock,Lime Rock,lime-rock,2016-07-23,201607231505_Race,48,140,1,Bryan Sellers,55.192,22.936,19.849,12.407,96.1,2:21:23.061,55192,0,0,22
2016,13_Lime Rock,Lime Rock,lime-rock,2016-07-23,201607231505_Race,48,141,1,Bryan Sellers,55.964,22.940,20.184,12.840,94.8,2:22:19.025,55964,0,0,22
2016,13_Lime Rock,Lime Rock,lime-rock,2016-07-23,201607231505_Race,48,142,1,Bryan Sellers,55.310,22.834,19.996,12.480,95.9,2:23:14.335,55310,0,0,22
2016,13_Lime Rock,Lime Rock,lime-rock,2016-07-23,201607231505_Race,48,143,1,Bryan Sellers,55.586,23.225,19.887,12.474,95.4,2:24:09.921,55586,0,0,22
2016,13_Lime Rock,Lime Rock,lime-rock,2016-07-23,201607231505_Race,48,144,1,Bryan Sellers,56.241,23.259,20.054,12.928,94.3,2:25:06.162,56241,0,0,22
2016,13_Lime Rock,Lime Rock,lime-rock,2016-07-23,201607231505_Race,48,145,1,Bryan Sellers,56.622,23.376,20.675,12.571,93.7,2:26:02.784,56622,0,0,22
2016,13_Lime Rock,Lime Rock,lime-rock,2016-07-23,201607231505_Race,48,146,1,Bryan Sellers,55.347,22.978,19.880,12.489,95.8,2:26:58.131,55347,0,0,22
2016,13_Lime Rock,Lime Rock,lime-rock,2016-07-23,201607231505_Race,48,147,1,Bryan Sellers,56.252,23.660,20.079,12.513,94.3,2:27:54.383,56252,0,0,22
2016,13_Lime Rock,Lime Rock,lime-rock,2016-07-23,201607231505_Race,48,148,1,Bryan Sellers,55.606,23.146,19.923,12.537,95.4,2:28:49.989,55606,0,0,22
2016,13_Lime Rock,Lime Rock,lime-rock,2016-07-23,201607231505_Race,48,149,1,Bryan Sellers,55.578,23.151,19.989,12.438,95.5,2:29:45.567,55578,0,0,22
2016,13_Lime Rock,Lime Rock,lime-rock,2016-07-23,201607231505_Race,48,150,1,Bryan Sellers,56.055,23.633,19.921,12.501,94.6,2:30:41.622,56055,0,0,22
2016,13_Lime Rock,Lime Rock,lime-rock,2016-07-23,201607231505_Race,48,151,1,Bryan Sellers,55.644,23.247,19.860,12.537,95.3,2:31:37.266,55644,0,0,22
2016,13_Lime Rock,Lime Rock,lime-rock,2016-07-23,201607231505_Race,48,152,1,Bryan Sellers,55.279,23.068,19.770,12.441,96.0,2:32:32.545,55279,0,0,22
2016,13_Lime Rock,Lime Rock,lime-rock,2016-07-23,201607231505_Race,48,153,1,Bryan Sellers,55.224,22.983,19.784,12.457,96.0,2:33:27.769,55224,0,0,22
2016,13_Lime Rock,Lime Rock,lime-rock,2016-07-23,201607231505_Race,48,154,1,Bryan Sellers,55.443,23.075,19.880,12.488,95.6,2:34:23.212,55443,0,0,22
2016,13_Lime Rock,Lime Rock,lime-rock,2016-07-23,201607231505_Race,48,155,1,Bryan Sellers,55.149,23.005,19.738,12.406,96.2,2:35:18.361,55149,0,0,22
2016,13_Lime Rock,Lime Rock,lime-rock,2016-07-23,201607231505_Race,48,156,1,Bryan Sellers,55.524,23.079,19.910,12.535,95.5,2:36:13.885,55524,0,0,22
2016,13_Lime Rock,Lime Rock,lime-rock,2016-07-23,201607231505_Race,48,157,1,Bryan Sellers,55.574,23.218,19.950,12.406,95.5,2:37:09.459,55574,0,0,22
2016,13_Lime Rock,Lime Rock,lime-rock,2016-07-23,201607231505_Race,48,158,1,Bryan Sellers,55.436,23.085,19.848,12.503,95.6,2:38:04.895,55436,0,0,22
2016,13_Lime Rock,Lime Rock,lime-rock,2016-07-23,201607231505_Race,48,159,1,Bryan Sellers,56.430,23.258,20.476,12.696,94.0,2:39:01.325,56430,0,0,22
2016,13_Lime Rock,Lime Rock,lime-rock,2016-07-23,201607231505_Race,48,160,1,Bryan Sellers,55.991,23.422,20.045,12.524,94.7,2:39:57.316,55991,0,0,22
2016,13_Lime Rock,Lime Rock,lime-rock,2016-07-23,201607231505_Race,48,161,1,Bryan Sellers,55.842,23.344,19.974,12.524,95.0,2:40:53.158,55842,0,0,22
2016,13_Lime Rock,Lime Rock,lime-rock,2016-07-23,201607231505_Race,52,1,1,Robert Alon,1:19.087,28.878,31.244,18.965,67.1,1:19.087,,,0,22
2016,13_Lime Rock,Lime Rock,lime-rock,2016-07-23,201607231505_Race,52,2,1,Robert Alon,1:16.889,26.864,29.016,21.009,69.0,2:35.976,76889,0,0,22
2016,13_Lime Rock,Lime Rock,lime-rock,2016-07-23,201607231505_Race,52,3,1,Robert Alon,52.726,22.230,19.174,11.322,100.6,3:28.702,52726,0,0,22
2016,13_Lime Rock,Lime Rock,lime-rock,2016-07-23,201607231505_Race,52,4,1,Robert Alon,51.099,21.230,18.747,11.122,103.8,4:19.801,51099,0,0,22
2016,13_Lime Rock,Lime Rock,lime-rock,2016-07-23,201607231505_Race,52,5,1,Robert Alon,51.053,20.930,18.993,11.130,103.9,5:10.854,51053,0,0,22
2016,13_Lime Rock,Lime Rock,lime-rock,2016-07-23,201607231505_Race,52,6,1,Robert Alon,50.347,20.794,18.407,11.146,105.3,6:01.201,50347,0,0,22
2016,13_Lime Rock,Lime Rock,lime-rock,2016-07-23,201607231505_Race,52,7,1,Robert Alon,1:23.198,21.913,30.362,30.923,63.7,7:24.399,83198,0,0,22
2016,13_Lime Rock,Lime Rock,lime-rock,2016-07-23,201607231505_Race,52,8,1,Robert Alon,1:32.245,34.451,32.934,24.860,57.5,8:56.644,92245,0,0,22
2016,13_Lime Rock,Lime Rock,lime-rock,2016-07-23,201607231505_Race,52,9,1,Robert Alon,1:32.583,35.186,31.815,25.582,57.2,10:29.227,92583,0,0,22
2016,13_Lime Rock,Lime Rock,lime-rock,2016-07-23,201607231505_Race,52,10,1,Robert Alon,1:30.613,35.555,30.573,24.485,58.5,11:59.840,90613,0,0,22
2016,13_Lime Rock,Lime Rock,lime-rock,2016-07-23,201607231505_Race,52,11,1,Robert Alon,1:30.928,34.458,30.866,25.604,58.3,13:30.768,90928,0,0,22
2016,13_Lime Rock,Lime Rock,lime-rock,2016-07-23,201607231505_Race,52,12,1,Robert Alon,1:30.161,34.597,31.320,24.244,58.8,15:00.929,90161,0,0,22
2016,13_Lime Rock,Lime Rock,lime-rock,2016-07-23,201607231505_Race,52,13,1,Robert Alon,1:23.567,33.535,33.893,16.139,63.5,16:24.496,83567,0,0,22
2016,13_Lime Rock,Lime Rock,lime-rock,2016-07-23,201607231505_Race,52,14,1,Robert Alon,50.893,21.129,18.594,11.170,104.2,17:15.389,50893,0,0,22
2016,13_Lime Rock,Lime Rock,lime-rock,2016-07-23,201607231505_Race,52,15,1,Robert Alon,50.031,20.605,18.363,11.063,106.0,18:05.420,50031,0,0,22
2016,13_Lime Rock,Lime Rock,lime-rock,2016-07-23,201607231505_Race,52,16,1,Robert Alon,49.724,20.520,18.234,10.970,106.6,18:55.144,49724,0,0,22
2016,13_Lime Rock,Lime Rock,lime-rock,2016-07-23,201607231505_Race,52,17,1,Robert Alon,49.720,20.612,18.147,10.961,106.7,19:44.864,49720,0,0,22
2016,13_Lime Rock,Lime Rock,lime-rock,2016-07-23,201607231505_Race,52,18,1,Robert Alon,50.610,21.455,18.104,11.051,104.8,20:35.474,50610,0,0,22
2016,13_Lime Rock,Lime Rock,lime-rock,2016-07-23,201607231505_Race,52,19,1,Robert Alon,49.479,20.502,18.012,10.965,107.2,21:24.953,49479,0,0,22
2016,13_Lime Rock,Lime Rock,lime-rock,2016-07-23,201607231505_Race,52,20,1,Robert Alon,49.837,20.605,18.197,11.035,106.5,22:14.790,49837,0,0,22
2016,13_Lime Rock,Lime Rock,lime-rock,2016-07-23,201607231505_Race,52,21,1,Robert Alon,50.207,20.809,18.449,10.949,105.6,23:04.997,50207,0,0,22
2016,13_Lime Rock,Lime Rock,lime-rock,2016-07-23,201607231505_Race,52,22,1,Robert Alon,50.958,21.186,18.574,11.198,104.1,23:55.955,50958,0,0,22
2016,13_Lime Rock,Lime Rock,lime-rock,2016-07-23,201607231505_Race,52,23,1,Robert Alon,52.292,21.640,19.021,11.631,101.4,24:48.247,52292,0,0,22
2016,13_Lime Rock,Lime Rock,lime-rock,2016-07-23,201607231505_Race,52,24,1,Robert Alon,52.137,21.890,18.810,11.437,101.7,25:40.384,52137,0,0,22
2016,13_Lime Rock,Lime Rock,lime-rock,2016-07-23,201607231505_Race,52,25,1,Robert Alon,51.911,21.655,19.144,11.112,102.2,26:32.295,51911,0,0,22
2016,13_Lime Rock,Lime Rock,lime-rock,2016-07-23,201607231505_Race,52,26,1,Robert Alon,51.714,21.032,18.933,11.749,102.5,27:24.009,51714,0,0,22
2016,13_Lime Rock,Lime Rock,lime-rock,2016-07-23,201607231505_Race,52,27,1,Robert Alon,51.345,21.730,18.526,11.089,103.3,28:15.354,51345,0,0,22
2016,13_Lime Rock,Lime Rock,lime-rock,2016-07-23,201607231505_Race,52,28,1,Robert Alon,1:13.401,26.020,28.283,19.098,72.2,29:28.755,73401,0,0,22
2016,13_Lime Rock,Lime Rock,lime-rock,2016-07-23,201607231505_Race,52,29,1,Robert Alon,1:37.797,33.310,33.301,31.186,54.2,31:06.552,97797,0,1,22
2016,13_Lime Rock,Lime Rock,lime-rock,2016-07-23,201607231505_Race,52,30,1,Robert Alon,1:42.008,1:07.349,21.422,13.237,52.0,32:48.560,102008,0,0,22
2016,13_Lime Rock,Lime Rock,lime-rock,2016-07-23,201607231505_Race,52,31,1,Robert Alon,1:14.970,27.542,31.963,15.465,70.7,34:03.530,74970,0,0,22
2016,13_Lime Rock,Lime Rock,lime-rock,2016-07-23,201607231505_Race,52,32,1,Robert Alon,54.771,22.827,19.797,12.147,96.8,34:58.301,54771,0,0,22
2016,13_Lime Rock,Lime Rock,lime-rock,2016-07-23,201607231505_Race,52,33,1,Robert Alon,53.977,22.498,19.405,12.074,98.3,35:52.278,53977,0,0,22
2016,13_Lime Rock,Lime Rock,lime-rock,2016-07-23,201607231505_Race,52,34,1,Robert Alon,53.482,22.179,19.586,11.717,99.2,36:45.760,53482,0,0,22
2016,13_Lime Rock,Lime Rock,lime-rock,2016-07-23,201607231505_Race,52,35,1,Robert Alon,51.156,21.204,18.454,11.498,103.7,37:36.916,51156,0,0,22
2016,13_Lime Rock,Lime Rock,lime-rock,2016-07-23,201607231505_Race,52,36,1,Robert Alon,51.926,21.533,18.919,11.474,102.2,38:28.842,51926,0,0,22
2016,13_Lime Rock,Lime Rock,lime-rock,2016-07-23,201607231505_Race,52,37,1,Robert Alon,49.887,20.759,18.217,10.911,106.3,39:18.729,49887,0,0,22
2016,13_Lime Rock,Lime Rock,lime-rock,2016-07-23,201607231505_Race,52,38,1,Robert Alon,49.678,20.414,18.313,10.951,106.8,40:08.407,49678,0,0,22
2016,13_Lime Rock,Lime Rock,lime-rock,2016-07-23,201607231505_Race,52,39,1,Robert Alon,49.438,20.476,18.045,10.917,107.3,40:57.845,49438,0,0,22
2016,13_Lime Rock,Lime Rock,lime-rock,2016-07-23,201607231505_Race,52,40,1,Robert Alon,49.508,20.438,18.235,10.835,107.1,41:47.353,49508,0,0,22
2016,13_Lime Rock,Lime Rock,lime-rock,2016-07-23,201607231505_Race,52,41,1,Robert Alon,50.003,20.692,18.399,10.912,106.1,42:37.356,50003,0,0,22
2016,13_Lime Rock,Lime Rock,lime-rock,2016-07-23,201607231505_Race,52,42,1,Robert Alon,50.540,21.214,18.398,10.928,105.0,43:27.896,50540,0,0,22
2016,13_Lime Rock,Lime Rock,lime-rock,2016-07-23,201607231505_Race,52,43,1,Robert Alon,55.757,21.552,21.530,12.675,95.1,44:23.653,55757,0,0,22
2016,13_Lime Rock,Lime Rock,lime-rock,2016-07-23,201607231505_Race,52,44,1,Robert Alon,1:18.305,26.378,28.649,23.278,67.7,45:41.958,78305,0,0,22
2016,13_Lime Rock,Lime Rock,lime-rock,2016-07-23,201607231505_Race,52,45,1,Robert Alon,1:29.000,31.472,33.966,23.562,59.6,47:10.958,89000,0,0,22
2016,13_Lime Rock,Lime Rock,lime-rock,2016-07-23,201607231505_Race,52,46,1,Robert Alon,1:43.182,36.997,37.233,28.952,51.4,48:54.140,103182,0,0,22
2016,13_Lime Rock,Lime Rock,lime-rock,2016-07-23,201607231505_Race,52,47,1,Robert Alon,1:34.750,38.996,39.780,15.974,55.9,50:28.890,94750,0,0,22
2016,13_Lime Rock,Lime Rock,lime-rock,2016-07-23,201607231505_Race,52,48,1,Robert Alon,51.584,21.551,18.874,11.159,102.8,51:20.474,51584,0,0,22
2016,13_Lime Rock,Lime Rock,lime-rock,2016-07-23,201607231505_Race,52,49,1,Robert Alon,50.661,21.067,18.556,11.038,104.7,52:11.135,50661,0,0,22
2016,13_Lime Rock,Lime Rock,lime-rock,2016-07-23,201607231505_Race,52,50,1,Robert Alon,50.423,21.153,18.308,10.962,105.2,53:01.558,50423,0,0,22
2016,13_Lime Rock,Lime Rock,lime-rock,2016-07-23,201607231505_Race,52,51,1,Robert Alon,50.326,21.105,18.282,10.939,105.4,53:51.884,50326,0,0,22
2016,13_Lime Rock,Lime Rock,lime-rock,2016-07-23,201607231505_Race,52,52,1,Robert Alon,51.908,21.281,19.282,11.345,102.2,54:43.792,51908,0,0,22
2016,13_Lime Rock,Lime Rock,lime-rock,2016-07-23,201607231505_Race,52,53,1,Robert Alon,51.669,21.809,18.746,11.114,102.7,55:35.461,51669,0,0,22
2016,13_Lime Rock,Lime Rock,lime-rock,2016-07-23,201607231505_Race,52,54,1,Robert Alon,51.502,21.779,18.746,10.977,103.0,56:26.963,51502,0,0,22
2016,13_Lime Rock,Lime Rock,lime-rock,2016-07-23,201607231505_Race,52,55,1,Robert Alon,50.979,20.859,18.654,11.466,104.0,57:17.942,50979,0,0,22
2016,13_Lime Rock,Lime Rock,lime-rock,2016-07-23,201607231505_Race,52,56,1,Robert Alon,50.682,20.956,18.565,11.161,104.7,58:08.624,50682,0,0,22
2016,13_Lime Rock,Lime Rock,lime-rock,2016-07-23,201607231505_Race,52,57,1,Robert Alon,50.971,20.998,18.823,11.150,104.0,58:59.595,50971,0,0,22
2016,13_Lime Rock,Lime Rock,lime-rock,2016-07-23,201607231505_Race,52,58,1,Robert Alon,54.626,22.566,20.125,11.935,97.1,59:54.221,54626,0,0,22
2016,13_Lime Rock,Lime Rock,lime-rock,2016-07-23,201607231505_Race,52,59,1,Robert Alon,54.329,22.492,19.900,11.937,97.6,1:00:48.550,54329,0,0,22
2016,13_Lime Rock,Lime Rock,lime-rock,2016-07-23,201607231505_Race,52,60,1,Robert Alon,52.815,21.882,18.610,12.323,100.4,1:01:41.365,52815,0,0,22
2016,13_Lime Rock,Lime Rock,lime-rock,2016-07-23,201607231505_Race,52,61,1,Robert Alon,52.005,21.318,18.926,11.761,102.0,1:02:33.370,52005,0,0,22
2016,13_Lime Rock,Lime Rock,lime-rock,2016-07-23,201607231505_Race,52,62,1,Robert Alon,51.736,21.663,18.861,11.212,102.5,1:03:25.106,51736,0,0,22
2016,13_Lime Rock,Lime Rock,lime-rock,2016-07-23,201607231505_Race,52,63,1,Robert Alon,50.255,20.832,18.243,11.180,105.5,1:04:15.361,50255,0,0,22
2016,13_Lime Rock,Lime Rock,lime-rock,2016-07-23,201607231505_Race,52,64,1,Robert Alon,50.971,20.830,18.927,11.214,104.0,1:05:06.332,50971,0,0,22
2016,13_Lime Rock,Lime Rock,lime-rock,2016-07-23,201607231505_Race,52,65,1,Robert Alon,50.508,20.966,18.473,11.069,105.0,1:05:56.840,50508,0,0,22
2016,13_Lime Rock,Lime Rock,lime-rock,2016-07-23,201607231505_Race,52,66,1,Robert Alon,51.483,20.810,18.559,12.114,103.0,1:06:48.323,51483,0,0,22
2016,13_Lime Rock,Lime Rock,lime-rock,2016-07-23,201607231505_Race,52,67,1,Robert Alon,50.555,20.880,18.402,11.273,104.9,1:07:38.878,50555,0,0,22
2016,13_Lime Rock,Lime Rock,lime-rock,2016-07-23,201607231505_Race,52,68,1,Robert Alon,52.812,20.858,19.768,12.186,100.4,1:08:31.690,52812,0,0,22
2016,13_Lime Rock,Lime Rock,lime-rock,2016-07-23,201607231505_Race,52,69,1,Robert Alon,53.510,22.021,20.257,11.232,99.1,1:09:25.200,53510,0,0,22
2016,13_Lime Rock,Lime Rock,lime-rock,2016-07-23,201607231505_Race,52,70,1,Robert Alon,50.818,21.146,18.449,11.223,104.3,1:10:16.018,50818,0,0,22
2016,13_Lime Rock,Lime Rock,lime-rock,2016-07-23,201607231505_Race,52,71,1,Robert Alon,52.751,22.444,19.034,11.273,100.5,1:11:08.769,52751,0,0,22
2016,13_Lime Rock,Lime Rock,lime-rock,2016-07-23,201607231505_Race,52,72,1,Robert Alon,51.088,21.096,18.769,11.223,103.8,1:11:59.857,51088,0,0,22
2016,13_Lime Rock,Lime Rock,lime-rock,2016-07-23,201607231505_Race,52,73,1,Robert Alon,50.701,20.843,18.294,11.564,104.6,1:12:50.558,50701,0,0,23
2016,13_Lime Rock,Lime Rock,lime-rock,2016-07-23,201607231505_Race,52,74,1,Robert Alon,51.169,21.226,18.802,11.141,103.7,1:13:41.727,51169,0,0,23
2016,13_Lime Rock,Lime Rock,lime-rock,2016-07-23,201607231505_Race,52,75,1,Robert Alon,52.534,21.214,19.577,11.743,101.0,1:14:34.261,52534,0,0,23
2016,13_Lime Rock,Lime Rock,lime-rock,2016-07-23,201607231505_Race,52,76,1,Robert Alon,52.912,21.241,19.447,12.224,100.2,1:15:27.173,52912,0,0,23
2016,13_Lime Rock,Lime Rock,lime-rock,2016-07-23,201607231505_Race,52,77,1,Robert Alon,50.502,21.047,18.407,11.048,105.0,1:16:17.675,50502,0,0,23
2016,13_Lime Rock,Lime Rock,lime-rock,2016-07-23,201607231505_Race,52,78,1,Robert Alon,51.656,21.663,18.715,11.278,102.7,1:17:09.331,51656,0,0,23
2016,13_Lime Rock,Lime Rock,lime-rock,2016-07-23,201607231505_Race,52,79,1,Robert Alon,51.631,21.777,18.820,11.034,102.7,1:18:00.962,51631,0,0,23
2016,13_Lime Rock,Lime Rock,lime-rock,2016-07-23,201607231505_Race,52,80,1,Robert Alon,51.017,21.182,18.598,11.237,104.0,1:18:51.979,51017,0,0,23
2016,13_Lime Rock,Lime Rock,lime-rock,2016-07-23,201607231505_Race,52,81,1,Robert Alon,52.130,22.007,18.879,11.244,101.7,1:19:44.109,52130,0,0,23
2016,13_Lime Rock,Lime Rock,lime-rock,2016-07-23,201607231505_Race,52,82,1,Robert Alon,52.628,21.460,19.923,11.245,100.8,1:20:36.737,52628,0,0,23
2016,13_Lime Rock,Lime Rock,lime-rock,2016-07-23,201607231505_Race,52,83,1,Robert Alon,51.357,21.218,18.713,11.426,103.3,1:21:28.094,51357,0,0,23
2016,13_Lime Rock,Lime Rock,lime-rock,2016-07-23,201607231505_Race,52,84,1,Robert Alon,51.411,21.366,18.718,11.327,103.2,1:22:19.505,51411,0,0,23
2016,13_Lime Rock,Lime Rock,lime-rock,2016-07-23,201607231505_Race,52,85,1,Robert Alon,53.121,22.236,19.302,11.583,99.9,1:23:12.626,53121,0,0,23
2016,13_Lime Rock,Lime Rock,lime-rock,2016-07-23,201607231505_Race,52,86,1,Robert Alon,51.098,21.467,18.463,11.168,103.8,1:24:03.724,51098,0,0,23
2016,13_Lime Rock,Lime Rock,lime-rock,2016-07-23,201607231505_Race,52,87,1,Robert Alon,54.743,21.529,21.096,12.118,96.9,1:24:58.467,54743,0,0,23
2016,13_Lime Rock,Lime Rock,lime-rock,2016-07-23,201607231505_Race,52,88,1,Robert Alon,52.370,21.650,18.876,11.844,101.3,1:25:50.837,52370,0,0,23
2016,13_Lime Rock,Lime Rock,lime-rock,2016-07-23,201607231505_Race,52,89,1,Robert Alon,52.842,21.492,18.927,12.423,100.4,1:26:43.679,52842,0,0,23
2016,13_Lime Rock,Lime Rock,lime-rock,2016-07-23,201607231505_Race,52,90,1,Robert Alon,52.685,22.793,18.612,11.280,100.7,1:27:36.364,52685,0,0,23
2016,13_Lime Rock,Lime Rock,lime-rock,2016-07-23,201607231505_Race,52,91,1,Robert Alon,50.760,21.243,18.420,11.097,104.5,1:28:27.124,50760,0,0,23
2016,13_Lime Rock,Lime Rock,lime-rock,2016-07-23,201607231505_Race,52,92,1,Robert Alon,59.865,21.123,22.181,16.561,88.6,1:29:26.989,59865,0,0,23
2016,13_Lime Rock,Lime Rock,lime-rock,2016-07-23,201607231505_Race,52,93,1,Robert Alon,1:36.499,31.909,35.196,29.394,54.9,1:31:03.488,96499,0,0,23
2016,13_Lime Rock,Lime Rock,lime-rock,2016-07-23,201607231505_Race,52,94,1,Robert Alon,1:42.963,40.377,35.655,26.931,51.5,1:32:46.451,102963,0,0,23
2016,13_Lime Rock,Lime Rock,lime-rock,2016-07-23,201607231505_Race,52,95,1,Robert Alon,1:39.722,37.084,31.824,30.814,53.1,1:34:26.173,99722,0,1,23
2016,13_Lime Rock,Lime Rock,lime-rock,2016-07-23,201607231505_Race,52,96,2,Tom Kimber-Smith,1:41.791,1:03.890,22.668,15.233,52.1,1:36:07.964,101791,0,0,23
2016,13_Lime Rock,Lime Rock,lime-rock,2016-07-23,201607231505_Race,52,97,2,Tom Kimber-Smith,1:27.201,24.998,36.734,25.469,60.8,1:37:35.165,87201,0,0,23
2016,13_Lime Rock,Lime Rock,lime-rock,2016-07-23,201607231505_Race,52,98,2,Tom Kimber-Smith,1:38.631,35.063,34.273,29.295,53.8,1:39:13.796,98631,0,0,23
2016,13_Lime Rock,Lime Rock,lime-rock,2016-07-23,201607231505_Race,52,99,2,Tom Kimber-Smith,1:37.761,39.547,42.004,16.210,54.3,1:40:51.557,97761,0,0,23
2016,13_Lime Rock,Lime Rock,lime-rock,2016-07-23,201607231505_Race,52,100,2,Tom Kimber-Smith,51.755,21.680,18.838,11.237,102.5,1:41:43.312,51755,0,0,23
2016,13_Lime Rock,Lime Rock,lime-rock,2016-07-23,201607231505_Race,52,101,2,Tom Kimber-Smith,50.764,20.931,18.442,11.391,104.5,1:42:34.076,50764,0,0,23
2016,13_Lime Rock,Lime Rock,lime-rock,2016-07-23,201607231505_Race,52,102,2,Tom Kimber-Smith,50.064,20.641,18.391,11.032,106.0,1:43:24.140,50064,0,0,23
2016,13_Lime Rock,Lime Rock,lime-rock,2016-07-23,201607231505_Race,52,103,2,Tom Kimber-Smith,49.784,20.518,18.145,11.121,106.5,1:44:13.924,49784,0,0,23
2016,13_Lime Rock,Lime Rock,lime-rock,2016-07-23,201607231505_Race,52,104,2,Tom Kimber-Smith,49.830,20.514,18.268,11.048,106.5,1:45:03.754,49830,0,0,23
2016,13_Lime Rock,Lime Rock,lime-rock,2016-07-23,201607231505_Race,52,105,2,Tom Kimber-Smith,49.754,20.494,18.180,11.080,106.6,1:45:53.508,49754,0,0,23
2016,13_Lime Rock,Lime Rock,lime-rock,2016-07-23,201607231505_Race,52,106,2,Tom Kimber-Smith,49.741,20.489,18.155,11.097,106.6,1:46:43.249,49741,0,0,23
2016,13_Lime Rock,Lime Rock,lime-rock,2016-07-23,201607231505_Race,52,107,2,Tom Kimber-Smith,51.040,21.182,18.753,11.105,103.9,1:47:34.289,51040,0,0,23
2016,13_Lime Rock,Lime Rock,lime-rock,2016-07-23,201607231505_Race,52,108,2,Tom Kimber-Smith,49.628,20.440,18.208,10.980,106.9,1:48:23.917,49628,0,0,23
2016,13_Lime Rock,Lime Rock,lime-rock,2016-07-23,201607231505_Race,52,109,2,Tom Kimber-Smith,50.124,20.946,18.129,11.049,105.8,1:49:14.041,50124,0,0,23
2016,13_Lime Rock,Lime Rock,lime-rock,2016-07-23,201607231505_Race,52,110,2,Tom Kimber-Smith,50.712,21.215,18.186,11.311,104.6,1:50:04.753,50712,0,0,23
2016,13_Lime Rock,Lime Rock,lime-rock,2016-07-23,201607231505_Race,52,111,2,Tom Kimber-Smith,52.587,21.851,18.837,11.899,100.9,1:50:57.340,52587,0,0,23
2016,13_Lime Rock,Lime Rock,lime-rock,2016-07-23,201607231505_Race,52,112,2,Tom Kimber-Smith,52.016,21.611,18.529,11.876,102.0,1:51:49.356,52016,0,0,23
2016,13_Lime Rock,Lime Rock,lime-rock,2016-07-23,201607231505_Race,52,113,2,Tom Kimber-Smith,50.887,21.282,18.054,11.551,104.2,1:52:40.243,50887,0,0,23
2016,13_Lime Rock,Lime Rock,lime-rock,2016-07-23,201607231505_Race,52,114,2,Tom Kimber-Smith,49.669,20.624,18.062,10.983,106.8,1:53:29.912,49669,0,0,23
2016,13_Lime Rock,Lime Rock,lime-rock,2016-07-23,201607231505_Race,52,115,2,Tom Kimber-Smith,49.760,20.528,18.144,11.088,106.6,1:54:19.672,49760,0,0,23
2016,13_Lime Rock,Lime Rock,lime-rock,2016-07-23,201607231505_Race,52,116,2,Tom Kimber-Smith,52.222,21.168,19.114,11.940,101.5,1:55:11.894,52222,0,0,23
2016,13_Lime Rock,Lime Rock,lime-rock,2016-07-23,201607231505_Race,52,117,2,Tom Kimber-Smith,49.971,20.900,18.053,11.018,106.1,1:56:01.865,49971,0,0,23
2016,13_Lime Rock,Lime Rock,lime-rock,2016-07-23,201607231505_Race,52,118,2,Tom Kimber-Smith,49.660,20.473,18.110,11.077,106.8,1:56:51.525,49660,0,0,23
2016,13_Lime Rock,Lime Rock,lime-rock,2016-07-23,201607231505_Race,52,119,2,Tom Kimber-Smith,49.748,20.507,18.150,11.091,106.6,1:57:41.273,49748,0,0,23
2016,13_Lime Rock,Lime Rock,lime-rock,2016-07-23,201607231505_Race,52,120,2,Tom Kimber-Smith,50.474,21.290,18.195,10.989,105.1,1:58:31.747,50474,0,0,23
2016,13_Lime Rock,Lime Rock,lime-rock,2016-07-23,201607231505_Race,52,121,2,Tom Kimber-Smith,49.744,20.655,18.052,11.037,106.6,1:59:21.491,49744,0,0,23
2016,13_Lime Rock,Lime Rock,lime-rock,2016-07-23,201607231505_Race,52,122,2,Tom Kimber-Smith,53.345,21.059,20.502,11.784,99.4,2:00:14.836,53345,0,0,23
2016,13_Lime Rock,Lime Rock,lime-rock,2016-07-23,201607231505_Race,52,123,2,Tom Kimber-Smith,51.530,21.074,18.661,11.795,102.9,2:01:06.366,51530,0,0,23
2016,13_Lime Rock,Lime Rock,lime-rock,2016-07-23,201607231505_Race,52,124,2,Tom Kimber-Smith,52.411,21.569,19.123,11.719,101.2,2:01:58.777,52411,0,0,23
2016,13_Lime Rock,Lime Rock,lime-rock,2016-07-23,201607231505_Race,52,125,2,Tom Kimber-Smith,52.767,21.738,19.402,11.627,100.5,2:02:51.544,52767,0,0,23
2016,13_Lime Rock,Lime Rock,lime-rock,2016-07-23,201607231505_Race,52,126,2,Tom Kimber-Smith,54.794,21.601,21.078,12.115,96.8,2:03:46.338,54794,0,0,23
2016,13_Lime Rock,Lime Rock,lime-rock,2016-07-23,201607231505_Race,52,127,2,Tom Kimber-Smith,53.242,21.053,20.437,11.752,99.6,2:04:39.580,53242,0,0,23
2016,13_Lime Rock,Lime Rock,lime-rock,2016-07-23,201607231505_Race,52,128,2,Tom Kimber-Smith,52.500,22.210,18.867,11.423,101.0,2:05:32.080,52500,0,0,23
2016,13_Lime Rock,Lime Rock,lime-rock,2016-07-23,201607231505_Race,52,129,2,Tom Kimber-Smith,51.860,21.658,18.851,11.351,102.3,2:06:23.940,51860,0,0,23
2016,13_Lime Rock,Lime Rock,lime-rock,2016-07-23,201607231505_Race,52,130,2,Tom Kimber-Smith,51.523,21.192,18.867,11.464,102.9,2:07:15.463,51523,0,0,23
2016,13_Lime Rock,Lime Rock,lime-rock,2016-07-23,201607231505_Race,52,131,2,Tom Kimber-Smith,50.258,20.886,18.288,11.084,105.5,2:08:05.721,50258,0,0,23
2016,13_Lime Rock,Lime Rock,lime-rock,2016-07-23,201607231505_Race,52,132,2,Tom Kimber-Smith,50.565,20.847,18.494,11.224,104.9,2:08:56.286,50565,0,0,23
2016,13_Lime Rock,Lime Rock,lime-rock,2016-07-23,201607231505_Race,52,133,2,Tom Kimber-Smith,50.469,20.875,18.296,11.298,105.1,2:09:46.755,50469,0,0,23
2016,13_Lime Rock,Lime Rock,lime-rock,2016-07-23,201607231505_Race,52,134,2,Tom Kimber-Smith,50.027,20.688,18.222,11.117,106.0,2:10:36.782,50027,0,0,23
2016,13_Lime Rock,Lime Rock,lime-rock,2016-07-23,201607231505_Race,52,135,2,Tom Kimber-Smith,50.248,20.882,18.252,11.114,105.6,2:11:27.030,50248,0,0,23
2016,13_Lime Rock,Lime Rock,lime-rock,2016-07-23,201607231505_Race,52,136,2,Tom Kimber-Smith,50.846,21.009,18.605,11.232,104.3,2:12:17.876,50846,0,0,23
2016,13_Lime Rock,Lime Rock,lime-rock,2016-07-23,201607231505_Race,52,137,2,Tom Kimber-Smith,50.614,20.951,18.381,11.282,104.8,2:13:08.490,50614,0,0,23
2016,13_Lime Rock,Lime Rock,lime-rock,2016-07-23,201607231505_Race,52,138,2,Tom Kimber-Smith,52.591,22.088,19.161,11.342,100.9,2:14:01.081,52591,0,0,23
2016,13_Lime Rock,Lime Rock,lime-rock,2016-07-23,201607231505_Race,52,139,2,Tom Kimber-Smith,53.434,22.243,19.386,11.805,99.2,2:14:54.515,53434,0,0,23
2016,13_Lime Rock,Lime Rock,lime-rock,2016-07-23,201607231505_Race,52,140,2,Tom Kimber-Smith,53.909,22.269,19.669,11.971,98.4,2:15:48.424,53909,0,0,23
2016,13_Lime Rock,Lime Rock,lime-rock,2016-07-23,201607231505_Race,52,141,2,Tom Kimber-Smith,51.972,22.417,18.395,11.160,102.0,2:16:40.396,51972,0,0,23
2016,13_Lime Rock,Lime Rock,lime-rock,2016-07-23,201607231505_Race,52,142,2,Tom Kimber-Smith,50.236,20.748,18.354,11.134,105.6,2:17:30.632,50236,0,0,23
2016,13_Lime Rock,Lime Rock,lime-rock,2016-07-23,201607231505_Race,52,143,2,Tom Kimber-Smith,50.031,20.582,18.308,11.141,106.0,2:18:20.663,50031,0,0,23
2016,13_Lime Rock,Lime Rock,lime-rock,2016-07-23,201607231505_Race,52,144,2,Tom Kimber-Smith,50.035,20.667,18.251,11.117,106.0,2:19:10.698,50035,0,0,23
2016,13_Lime Rock,Lime Rock,lime-rock,2016-07-23,201607231505_Race,52,145,2,Tom Kimber-Smith,50.014,20.601,18.261,11.152,106.0,2:20:00.712,50014,0,0,23
2016,13_Lime Rock,Lime Rock,lime-rock,2016-07-23,201607231505_Race,52,146,2,Tom Kimber-Smith,50.971,20.561,18.561,11.849,104.0,2:20:51.683,50971,0,0,23
2016,13_Lime Rock,Lime Rock,lime-rock,2016-07-23,201607231505_Race,52,147,2,Tom Kimber-Smith,50.308,20.800,18.357,11.151,105.5,2:21:41.991,50308,0,0,23
2016,13_Lime Rock,Lime Rock,lime-rock,2016-07-23,201607231505_Race,52,148,2,Tom Kimber-Smith,49.996,20.704,18.218,11.074,106.1,2:22:31.987,49996,0,0,23
2016,13_Lime Rock,Lime Rock,lime-rock,2016-07-23,201607231505_Race,52,149,2,Tom Kimber-Smith,52.272,20.980,19.567,11.725,101.5,2:23:24.259,52272,0,0,23
2016,13_Lime Rock,Lime Rock,lime-rock,2016-07-23,201607231505_Race,52,150,2,Tom Kimber-Smith,51.410,21.070,18.653,11.687,103.2,2:24:15.669,51410,0,0,23
2016,13_Lime Rock,Lime Rock,lime-rock,2016-07-23,201607231505_Race,52,151,2,Tom Kimber-Smith,53.355,22.372,18.988,11.995,99.4,2:25:09.024,53355,0,0,23
2016,13_Lime Rock,Lime Rock,lime-rock,2016-07-23,201607231505_Race,52,152,2,Tom Kimber-Smith,54.346,22.215,19.769,12.362,97.6,2:26:03.370,54346,0,0,23
2016,13_Lime Rock,Lime Rock,lime-rock,2016-07-23,201607231505_Race,52,153,2,Tom Kimber-Smith,51.442,21.808,18.447,11.187,103.1,2:26:54.812,51442,0,0,23
2016,13_Lime Rock,Lime Rock,lime-rock,2016-07-23,201607231505_Race,52,154,2,Tom Kimber-Smith,52.601,21.429,19.123,12.049,100.9,2:27:47.413,52601,0,0,23
2016,13_Lime Rock,Lime Rock,lime-rock,2016-07-23,201607231505_Race,52,155,2,Tom Kimber-Smith,51.335,20.992,18.785,11.558,103.3,2:28:38.748,51335,0,0,23
2016,13_Lime Rock,Lime Rock,lime-rock,2016-07-23,201607231505_Race,52,156,2,Tom Kimber-Smith,52.493,21.400,19.272,11.821,101.0,2:29:31.241,52493,0,0,23
2016,13_Lime Rock,Lime Rock,lime-rock,2016-07-23,201607231505_Race,52,157,2,Tom Kimber-Smith,50.581,20.966,18.445,11.170,104.8,2:30:21.822,50581,0,0,23
2016,13_Lime Rock,Lime Rock,lime-rock,2016-07-23,201607231505_Race,52,158,2,Tom Kimber-Smith,52.638,21.848,19.198,11.592,100.7,2:31:14.460,52638,0,0,23
2016,13_Lime Rock,Lime Rock,lime-rock,2016-07-23,201607231505_Race,52,159,2,Tom Kimber-Smith,52.100,21.625,18.974,11.501,101.8,2:32:06.560,52100,0,0,23
2016,13_Lime Rock,Lime Rock,lime-rock,2016-07-23,201607231505_Race,52,160,2,Tom Kimber-Smith,52.120,21.714,19.007,11.399,101.7,2:32:58.680,52120,0,0,23
2016,13_Lime Rock,Lime Rock,lime-rock,2016-07-23,201607231505_Race,52,161,2,Tom Kimber-Smith,51.821,21.423,18.915,11.483,102.4,2:33:50.501,51821,0,0,23
2016,13_Lime Rock,Lime Rock,lime-rock,2016-07-23,201607231505_Race,52,162,2,Tom Kimber-Smith,53.003,21.912,19.598,11.493,100.1,2:34:43.504,53003,0,0,23
2016,13_Lime Rock,Lime Rock,lime-rock,2016-07-23,201607231505_Race,52,163,2,Tom Kimber-Smith,51.672,21.099,18.397,12.176,102.7,2:35:35.176,51672,0,0,23
2016,13_Lime Rock,Lime Rock,lime-rock,2016-07-23,201607231505_Race,52,164,2,Tom Kimber-Smith,50.623,21.086,18.428,11.109,104.8,2:36:25.799,50623,0,0,23
2016,13_Lime Rock,Lime Rock,lime-rock,2016-07-23,201607231505_Race,52,165,2,Tom Kimber-Smith,51.093,21.595,18.363,11.135,103.8,2:37:16.892,51093,0,0,23
2016,13_Lime Rock,Lime Rock,lime-rock,2016-07-23,201607231505_Race,52,166,2,Tom Kimber-Smith,51.698,21.041,18.796,11.861,102.6,2:38:08.590,51698,0,0,23
2016,13_Lime Rock,Lime Rock,lime-rock,2016-07-23,201607231505_Race,52,167,2,Tom Kimber-Smith,52.655,21.825,18.846,11.984,100.7,2:39:01.245,52655,0,0,23
2016,13_Lime Rock,Lime Rock,lime-rock,2016-07-23,201607231505_Race,52,168,2,Tom Kimber-Smith,51.823,21.471,19.127,11.225,102.4,2:39:53.068,51823,0,0,23
2016,13_Lime Rock,Lime Rock,lime-rock,2016-07-23,201607231505_Race,52,169,2,Tom Kimber-Smith,51.001,21.375,18.463,11.163,104.0,2:40:44.069,51001,0,0,23
2016,13_Lime Rock,Lime Rock,lime-rock,2016-07-23,201607231505_Race,54,1,1,Jonathan Bennett,1:21.621,33.615,28.438,19.568,64.9,1:21.621,,,0,23
2016,13_Lime Rock,Lime Rock,lime-rock,2016-07-23,201607231505_Race,54,2,1,Jonathan Bennett,1:14.997,30.741,24.988,19.268,70.7,2:36.618,74997,0,0,23
2016,13_Lime Rock,Lime Rock,lime-rock,2016-07-23,201607231505_Race,54,3,1,Jonathan Bennett,54.189,23.205,19.317,11.667,97.9,3:30.807,54189,0,0,23
2016,13_Lime Rock,Lime Rock,lime-rock,2016-07-23,201607231505_Race,54,4,1,Jonathan Bennett,51.875,21.557,18.680,11.638,102.2,4:22.682,51875,0,0,23
2016,13_Lime Rock,Lime Rock,lime-rock,2016-07-23,201607231505_Race,54,5,1,Jonathan Bennett,51.222,21.254,18.614,11.354,103.5,5:13.904,51222,0,0,23
2016,13_Lime Rock,Lime Rock,lime-rock,2016-07-23,201607231505_Race,54,6,1,Jonathan Bennett,51.420,21.245,18.487,11.688,103.2,6:05.324,51420,0,0,23
2016,13_Lime Rock,Lime Rock,lime-rock,2016-07-23,201607231505_Race,54,7,1,Jonathan Bennett,1:22.645,22.119,29.931,30.595,64.1,7:27.969,82645,0,0,23
2016,13_Lime Rock,Lime Rock,lime-rock,2016-07-23,201607231505_Race,54,8,1,Jonathan Bennett,1:35.401,34.458,33.284,27.659,55.6,9:03.370,95401,0,0,23
2016,13_Lime Rock,Lime Rock,lime-rock,2016-07-23,201607231505_Race,54,9,1,Jonathan Bennett,1:31.490,33.782,31.690,26.018,57.9,10:34.860,91490,0,0,23
2016,13_Lime Rock,Lime Rock,lime-rock,2016-07-23,201607231505_Race,54,10,1,Jonathan Bennett,1:31.580,34.786,30.107,26.687,57.9,12:06.440,91580,0,0,23
2016,13_Lime Rock,Lime Rock,lime-rock,2016-07-23,201607231505_Race,54,11,1,Jonathan Bennett,1:28.618,32.119,30.748,25.751,59.9,13:35.058,88618,0,0,23
2016,13_Lime Rock,Lime Rock,lime-rock,2016-07-23,201607231505_Race,54,12,1,Jonathan Bennett,1:31.734,33.996,32.030,25.708,57.8,15:06.792,91734,0,0,23
2016,13_Lime Rock,Lime Rock,lime-rock,2016-07-23,201607231505_Race,54,13,1,Jonathan Bennett,1:18.991,30.498,32.337,16.156,67.1,16:25.783,78991,0,0,23
2016,13_Lime Rock,Lime Rock,lime-rock,2016-07-23,201607231505_Race,54,14,1,Jonathan Bennett,53.664,23.135,19.058,11.471,98.8,17:19.447,53664,0,0,23
2016,13_Lime Rock,Lime Rock,lime-rock,2016-07-23,201607231505_Race,54,15,1,Jonathan Bennett,51.306,21.283,18.526,11.497,103.3,18:10.753,51306,0,0,23
2016,13_Lime Rock,Lime Rock,lime-rock,2016-07-23,201607231505_Race,54,16,1,Jonathan Bennett,51.109,21.258,18.456,11.395,103.8,19:01.862,51109,0,0,23
2016,13_Lime Rock,Lime Rock,lime-rock,2016-07-23,201607231505_Race,54,17,1,Jonathan Bennett,51.170,21.252,18.530,11.388,103.7,19:53.032,51170,0,0,23
2016,13_Lime Rock,Lime Rock,lime-rock,2016-07-23,201607231505_Race,54,18,1,Jonathan Bennett,51.021,21.185,18.497,11.339,104.0,20:44.053,51021,0,0,24
2016,13_Lime Rock,Lime Rock,lime-rock,2016-07-23,201607231505_Race,54,19,1,Jonathan Bennett,52.245,21.167,19.024,12.054,101.5,21:36.298,52245,0,0,24
2016,13_Lime Rock,Lime Rock,lime-rock,2016-07-23,201607231505_Race,54,20,1,Jonathan Bennett,51.734,21.486,18.863,11.385,102.5,22:28.032,51734,0,0,24
2016,13_Lime Rock,Lime Rock,lime-rock,2016-07-23,201607231505_Race,54,21,1,Jonathan Bennett,51.068,21.183,18.516,11.369,103.8,23:19.100,51068,0,0,24
2016,13_Lime Rock,Lime Rock,lime-rock,2016-07-23,201607231505_Race,54,22,1,Jonathan Bennett,51.617,21.376,18.808,11.433,102.7,24:10.717,51617,0,0,24
2016,13_Lime Rock,Lime Rock,lime-rock,2016-07-23,201607231505_Race,54,23,1,Jonathan Bennett,52.196,21.764,18.923,11.509,101.6,25:02.913,52196,0,0,24
2016,13_Lime Rock,Lime Rock,lime-rock,2016-07-23,201607231505_Race,54,24,1,Jonathan Bennett,51.764,21.521,18.764,11.479,102.5,25:54.677,51764,0,0,24
2016,13_Lime Rock,Lime Rock,lime-rock,2016-07-23,201607231505_Race,54,25,1,Jonathan Bennett,51.486,21.384,18.688,11.414,103.0,26:46.163,51486,0,0,24
2016,13_Lime Rock,Lime Rock,lime-rock,2016-07-23,201607231505_Race,54,26,1,Jonathan Bennett,52.536,21.748,18.987,11.801,101.0,27:38.699,52536,0,0,24
2016,13_Lime Rock,Lime Rock,lime-rock,2016-07-23,201607231505_Race,54,27,1,Jonathan Bennett,56.755,21.742,19.509,15.504,93.5,28:35.454,56755,0,0,24
2016,13_Lime Rock,Lime Rock,lime-rock,2016-07-23,201607231505_Race,54,28,1,Jonathan Bennett,1:08.368,26.143,24.777,17.448,77.6,29:43.822,68368,0,0,24
2016,13_Lime Rock,Lime Rock,lime-rock,2016-07-23,201607231505_Race,54,29,1,Jonathan Bennett,1:28.812,31.534,32.470,24.808,59.7,31:12.634,88812,0,0,24
2016,13_Lime Rock,Lime Rock,lime-rock,2016-07-23,201607231505_Race,54,30,1,Jonathan Bennett,1:23.081,31.782,30.665,20.634,63.8,32:35.715,83081,0,0,24
2016,13_Lime Rock,Lime Rock,lime-rock,2016-07-23,201607231505_Race,54,31,1,Jonathan Bennett,1:23.375,33.346,31.879,18.150,63.6,33:59.090,83375,0,0,24
2016,13_Lime Rock,Lime Rock,lime-rock,2016-07-23,201607231505_Race,54,32,1,Jonathan Bennett,52.442,22.240,18.822,11.380,101.1,34:51.532,52442,0,0,24
2016,13_Lime Rock,Lime Rock,lime-rock,2016-07-23,201607231505_Race,54,33,1,Jonathan Bennett,52.541,21.376,18.832,12.333,100.9,35:44.073,52541,0,0,24
2016,13_Lime Rock,Lime Rock,lime-rock,2016-07-23,201607231505_Race,54,34,1,Jonathan Bennett,52.278,22.044,18.627,11.607,101.5,36:36.351,52278,0,0,24
2016,13_Lime Rock,Lime Rock,lime-rock,2016-07-23,201607231505_Race,54,35,1,Jonathan Bennett,51.626,21.408,18.756,11.462,102.7,37:27.977,51626,0,0,24
2016,13_Lime Rock,Lime Rock,lime-rock,2016-07-23,201607231505_Race,54,36,1,Jonathan Bennett,52.135,21.520,18.812,11.803,101.7,38:20.112,52135,0,0,24
2016,13_Lime Rock,Lime Rock,lime-rock,2016-07-23,201607231505_Race,54,37,1,Jonathan Bennett,51.344,21.386,18.536,11.422,103.3,39:11.456,51344,0,0,24
2016,13_Lime Rock,Lime Rock,lime-rock,2016-07-23,201607231505_Race,54,38,1,Jonathan Bennett,51.369,21.565,18.446,11.358,103.2,40:02.825,51369,0,0,24
2016,13_Lime Rock,Lime Rock,lime-rock,2016-07-23,201607231505_Race,54,39,1,Jonathan Bennett,51.403,21.375,18.712,11.316,103.2,40:54.228,51403,0,0,24
2016,13_Lime Rock,Lime Rock,lime-rock,2016-07-23,201607231505_Race,54,40,1,Jonathan Bennett,51.341,21.410,18.530,11.401,103.3,41:45.569,51341,0,0,24
2016,13_Lime Rock,Lime Rock,lime-rock,2016-07-23,201607231505_Race,54,41,1,Jonathan Bennett,51.431,21.403,18.669,11.359,103.1,42:37.000,51431,0,0,24
2016,13_Lime Rock,Lime Rock,lime-rock,2016-07-23,201607231505_Race,54,42,1,Jonathan Bennett,52.100,22.160,18.476,11.464,101.8,43:29.100,52100,0,0,24
2016,13_Lime Rock,Lime Rock,lime-rock,2016-07-23,201607231505_Race,54,43,1,Jonathan Bennett,56.809,21.607,22.608,12.594,93.3,44:25.909,56809,0,0,24
2016,13_Lime Rock,Lime Rock,lime-rock,2016-07-23,201607231505_Race,54,44,1,Jonathan Bennett,1:17.407,24.882,29.056,23.469,68.5,45:43.316,77407,0,0,24
2016,13_Lime Rock,Lime Rock,lime-rock,2016-07-23,201607231505_Race,54,45,1,Jonathan Bennett,1:28.873,31.376,33.964,23.533,59.7,47:12.189,88873,0,0,24
2016,13_Lime Rock,Lime Rock,lime-rock,2016-07-23,201607231505_Race,54,46,1,Jonathan Bennett,1:43.391,36.860,37.158,29.373,51.3,48:55.580,103391,0,0,24
2016,13_Lime Rock,Lime Rock,lime-rock,2016-07-23,201607231505_Race,54,47,1,Jonathan Bennett,1:33.879,38.653,39.320,15.906,56.5,50:29.459,93879,0,0,24
2016,13_Lime Rock,Lime Rock,lime-rock,2016-07-23,201607231505_Race,54,48,1,Jonathan Bennett,52.613,22.126,19.060,11.427,100.8,51:22.072,52613,0,0,24
2016,13_Lime Rock,Lime Rock,lime-rock,2016-07-23,201607231505_Race,54,49,1,Jonathan Bennett,52.126,21.694,18.927,11.505,101.7,52:14.198,52126,0,0,24
2016,13_Lime Rock,Lime Rock,lime-rock,2016-07-23,201607231505_Race,54,50,1,Jonathan Bennett,51.463,21.598,18.456,11.409,103.0,53:05.661,51463,0,0,24
2016,13_Lime Rock,Lime Rock,lime-rock,2016-07-23,201607231505_Race,54,51,1,Jonathan Bennett,51.534,21.595,18.559,11.380,102.9,53:57.195,51534,0,0,24
2016,13_Lime Rock,Lime Rock,lime-rock,2016-07-23,201607231505_Race,54,52,1,Jonathan Bennett,51.367,21.515,18.440,11.412,103.3,54:48.562,51367,0,0,24
2016,13_Lime Rock,Lime Rock,lime-rock,2016-07-23,201607231505_Race,54,53,1,Jonathan Bennett,51.583,21.649,18.565,11.369,102.8,55:40.145,51583,0,0,24
2016,13_Lime Rock,Lime Rock,lime-rock,2016-07-23,201607231505_Race,54,54,1,Jonathan Bennett,51.611,21.575,18.653,11.383,102.8,56:31.756,51611,0,0,24
2016,13_Lime Rock,Lime Rock,lime-rock,2016-07-23,201607231505_Race,54,55,1,Jonathan Bennett,52.081,21.745,18.954,11.382,101.9,57:23.837,52081,0,0,24
2016,13_Lime Rock,Lime Rock,lime-rock,2016-07-23,201607231505_Race,54,56,1,Jonathan Bennett,53.208,21.691,18.928,12.589,99.7,58:17.045,53208,0,0,24
2016,13_Lime Rock,Lime Rock,lime-rock,2016-07-23,201607231505_Race,54,57,1,Jonathan Bennett,52.465,22.012,18.898,11.555,101.1,59:09.510,52465,0,0,24
2016,13_Lime Rock,Lime Rock,lime-rock,2016-07-23,201607231505_Race,54,58,1,Jonathan Bennett,51.803,21.720,18.620,11.463,102.4,1:00:01.313,51803,0,0,24
2016,13_Lime Rock,Lime Rock,lime-rock,2016-07-23,201607231505_Race,54,59,1,Jonathan Bennett,1:47.040,21.840,18.939,1:06.261,49.5,1:01:48.353,107040,0,1,24
2016,13_Lime Rock,Lime Rock,lime-rock,2016-07-23,201607231505_Race,54,60,2,Colin Braun,1:00.648,30.376,18.958,11.314,87.4,1:02:49.001,60648,0,0,24
2016,13_Lime Rock,Lime Rock,lime-rock,2016-07-23,201607231505_Race,54,61,2,Colin Braun,51.483,21.219,18.929,11.335,103.0,1:03:40.484,51483,0,0,24
2016,13_Lime Rock,Lime Rock,lime-rock,2016-07-23,201607231505_Race,54,62,2,Colin Braun,1:06.110,22.119,20.101,23.890,80.2,1:04:46.594,66110,0,1,24
2016,13_Lime Rock,Lime Rock,lime-rock,2016-07-23,201607231505_Race,54,63,2,Colin Braun,57.834,28.642,18.111,11.081,91.7,1:05:44.428,57834,0,0,24
2016,13_Lime Rock,Lime Rock,lime-rock,2016-07-23,201607231505_Race,54,64,2,Colin Braun,49.915,20.852,17.993,11.070,106.3,1:06:34.343,49915,0,0,24
2016,13_Lime Rock,Lime Rock,lime-rock,2016-07-23,201607231505_Race,54,65,2,Colin Braun,50.816,20.354,18.167,12.295,104.4,1:07:25.159,50816,0,0,24
2016,13_Lime Rock,Lime Rock,lime-rock,2016-07-23,201607231505_Race,54,66,2,Colin Braun,8:37.150,20.997,34.789,7:41.364,10.2,1:16:02.309,517150,0,1,24
2016,13_Lime Rock,Lime Rock,lime-rock,2016-07-23,201607231505_Race,54,67,2,Colin Braun,1:00.418,29.830,18.878,11.710,87.7,1:17:02.727,60418,0,0,24
2016,13_Lime Rock,Lime Rock,lime-rock,2016-07-23,201607231505_Race,54,68,2,Colin Braun,50.530,20.537,18.671,11.322,105.0,1:17:53.257,50530,0,0,24
2016,13_Lime Rock,Lime Rock,lime-rock,2016-07-23,201607231505_Race,54,69,2,Colin Braun,4:47.175,20.641,18.706,4:07.828,18.4,1:22:40.432,287175,0,1,24
2016,13_Lime Rock,Lime Rock,lime-rock,2016-07-23,201607231505_Race,62,1,2,Toni Vilander,1:29.947,39.398,29.692,20.857,58.9,1:29.947,,,0,24
2016,13_Lime Rock,Lime Rock,lime-rock,2016-07-23,201607231505_Race,62,2,2,Toni Vilander,1:07.579,26.881,27.175,13.523,78.5,2:37.526,67579,0,0,24
2016,13_Lime Rock,Lime Rock,lime-rock,2016-07-23,201607231505_Race,62,3,2,Toni Vilander,55.182,23.779,19.467,11.936,96.1,3:32.708,55182,0,0,24
2016,13_Lime Rock,Lime Rock,lime-rock,2016-07-23,201607231505_Race,62,4,2,Toni Vilander,52.903,21.931,19.020,11.952,100.2,4:25.611,52903,0,0,24
2016,13_Lime Rock,Lime Rock,lime-rock,2016-07-23,201607231505_Race,62,5,2,Toni Vilander,52.236,21.628,18.807,11.801,101.5,5:17.847,52236,0,0,24
2016,13_Lime Rock,Lime Rock,lime-rock,2016-07-23,201607231505_Race,62,6,2,Toni Vilander,52.386,21.475,18.903,12.008,101.2,6:10.233,52386,0,0,24
2016,13_Lime Rock,Lime Rock,lime-rock,2016-07-23,201607231505_Race,62,7,2,Toni Vilander,1:21.253,22.595,27.649,31.009,65.3,7:31.486,81253,0,0,24
2016,13_Lime Rock,Lime Rock,lime-rock,2016-07-23,201607231505_Race,62,8,2,Toni Vilander,1:36.023,34.461,33.722,27.840,55.2,9:07.509,96023,0,0,24
2016,13_Lime Rock,Lime Rock,lime-rock,2016-07-23,201607231505_Race,62,9,2,Toni Vilander,1:32.860,33.917,32.968,25.975,57.1,10:40.369,92860,0,0,24
2016,13_Lime Rock,Lime Rock,lime-rock,2016-07-23,201607231505_Race,62,10,2,Toni Vilander,1:30.243,32.994,30.032,27.217,58.7,12:10.612,90243,0,0,24
2016,13_Lime Rock,Lime Rock,lime-rock,2016-07-23,201607231505_Race,62,11,2,Toni Vilander,1:30.419,31.728,31.847,26.844,58.6,13:41.031,90419,0,0,24
2016,13_Lime Rock,Lime Rock,lime-rock,2016-07-23,201607231505_Race,62,12,2,Toni Vilander,1:30.057,32.745,32.069,25.243,58.9,15:11.088,90057,0,0,24
2016,13_Lime Rock,Lime Rock,lime-rock,2016-07-23,201607231505_Race,62,13,2,Toni Vilander,1:17.253,29.697,33.766,13.790,68.6,16:28.341,77253,0,0,24
2016,13_Lime Rock,Lime Rock,lime-rock,2016-07-23,201607231505_Race,62,14,2,Toni Vilander,52.757,21.818,19.101,11.838,100.5,17:21.098,52757,0,0,24
2016,13_Lime Rock,Lime Rock,lime-rock,2016-07-23,201607231505_Race,62,15,2,Toni Vilander,52.194,21.561,18.843,11.790,101.6,18:13.292,52194,0,0,24
2016,13_Lime Rock,Lime Rock,lime-rock,2016-07-23,201607231505_Race,62,16,2,Toni Vilander,51.963,21.492,18.742,11.729,102.0,19:05.255,51963,0,0,24
2016,13_Lime Rock,Lime Rock,lime-rock,2016-07-23,201607231505_Race,62,17,2,Toni Vilander,51.893,21.386,18.670,11.837,102.2,19:57.148,51893,0,0,24
2016,13_Lime Rock,Lime Rock,lime-rock,2016-07-23,201607231505_Race,62,18,2,Toni Vilander,52.555,22.001,18.815,11.739,100.9,20:49.703,52555,0,0,24
2016,13_Lime Rock,Lime Rock,lime-rock,2016-07-23,201607231505_Race,62,19,2,Toni Vilander,51.841,21.382,18.698,11.761,102.3,21:41.544,51841,0,0,24
2016,13_Lime Rock,Lime Rock,lime-rock,2016-07-23,201607231505_Race,62,20,2,Toni Vilander,52.084,21.515,18.822,11.747,101.9,22:33.628,52084,0,0,24
2016,13_Lime Rock,Lime Rock,lime-rock,2016-07-23,201607231505_Race,62,21,2,Toni Vilander,52.627,21.869,18.917,11.841,100.8,23:26.255,52627,0,0,24
2016,13_Lime Rock,Lime Rock,lime-rock,2016-07-23,201607231505_Race,62,22,2,Toni Vilander,52.042,21.453,18.835,11.754,101.9,24:18.297,52042,0,0,24
2016,13_Lime Rock,Lime Rock,lime-rock,2016-07-23,201607231505_Race,62,23,2,Toni Vilander,52.061,21.538,18.806,11.717,101.9,25:10.358,52061,0,0,24
2016,13_Lime Rock,Lime Rock,lime-rock,2016-07-23,201607231505_Race,62,24,2,Toni Vilander,52.109,21.428,18.891,11.790,101.8,26:02.467,52109,0,0,24
2016,13_Lime Rock,Lime Rock,lime-rock,2016-07-23,201607231505_Race,62,25,2,Toni Vilander,52.387,21.779,18.831,11.777,101.2,26:54.854,52387,0,0,24
2016,13_Lime Rock,Lime Rock,lime-rock,2016-07-23,201607231505_Race,62,26,2,Toni Vilander,52.098,21.527,18.794,11.777,101.8,27:46.952,52098,0,0,24
2016,13_Lime Rock,Lime Rock,lime-rock,2016-07-23,201607231505_Race,62,27,2,Toni Vilander,56.410,21.458,20.809,14.143,94.0,28:43.362,56410,0,0,24
2016,13_Lime Rock,Lime Rock,lime-rock,2016-07-23,201607231505_Race,62,28,2,Toni Vilander,1:07.591,24.875,25.693,17.023,78.4,29:50.953,67591,0,0,24
2016,13_Lime Rock,Lime Rock,lime-rock,2016-07-23,201607231505_Race,62,29,2,Toni Vilander,1:51.542,28.757,34.315,48.470,47.5,31:42.495,111542,0,1,24
2016,13_Lime Rock,Lime Rock,lime-rock,2016-07-23,201607231505_Race,62,30,2,Toni Vilander,1:06.633,31.764,21.430,13.439,79.6,32:49.128,66633,0,0,24
2016,13_Lime Rock,Lime Rock,lime-rock,2016-07-23,201607231505_Race,62,31,2,Toni Vilander,1:14.381,27.887,31.393,15.101,71.3,34:03.509,74381,0,0,24
2016,13_Lime Rock,Lime Rock,lime-rock,2016-07-23,201607231505_Race,62,32,2,Toni Vilander,54.456,22.536,19.474,12.446,97.4,34:57.965,54456,0,0,24
2016,13_Lime Rock,Lime Rock,lime-rock,2016-07-23,201607231505_Race,62,33,2,Toni Vilander,54.196,22.483,19.560,12.153,97.9,35:52.161,54196,0,0,24
2016,13_Lime Rock,Lime Rock,lime-rock,2016-07-23,201607231505_Race,62,34,2,Toni Vilander,53.068,21.933,19.125,12.010,99.9,36:45.229,53068,0,0,24
2016,13_Lime Rock,Lime Rock,lime-rock,2016-07-23,201607231505_Race,62,35,2,Toni Vilander,51.747,21.307,18.628,11.812,102.5,37:36.976,51747,0,0,24
2016,13_Lime Rock,Lime Rock,lime-rock,2016-07-23,201607231505_Race,62,36,2,Toni Vilander,52.694,22.081,18.873,11.740,100.7,38:29.670,52694,0,0,24
2016,13_Lime Rock,Lime Rock,lime-rock,2016-07-23,201607231505_Race,62,37,2,Toni Vilander,51.781,21.406,18.717,11.658,102.4,39:21.451,51781,0,0,24
2016,13_Lime Rock,Lime Rock,lime-rock,2016-07-23,201607231505_Race,62,38,2,Toni Vilander,51.764,21.334,18.710,11.720,102.5,40:13.215,51764,0,0,24
2016,13_Lime Rock,Lime Rock,lime-rock,2016-07-23,201607231505_Race,62,39,2,Toni Vilander,51.717,21.273,18.719,11.725,102.5,41:04.932,51717,0,0,24
2016,13_Lime Rock,Lime Rock,lime-rock,2016-07-23,201607231505_Race,62,40,2,Toni Vilander,51.518,21.203,18.676,11.639,103.0,41:56.450,51518,0,0,24
2016,13_Lime Rock,Lime Rock,lime-rock,2016-07-23,201607231505_Race,62,41,2,Toni Vilander,51.648,21.297,18.675,11.676,102.7,42:48.098,51648,0,0,24
2016,13_Lime Rock,Lime Rock,lime-rock,2016-07-23,201607231505_Race,62,42,2,Toni Vilander,51.537,21.281,18.585,11.671,102.9,43:39.635,51537,0,0,24
2016,13_Lime Rock,Lime Rock,lime-rock,2016-07-23,201607231505_Race,62,43,2,Toni Vilander,57.045,21.641,19.531,15.873,93.0,44:36.680,57045,0,0,24
2016,13_Lime Rock,Lime Rock,lime-rock,2016-07-23,201607231505_Race,62,44,2,Toni Vilander,1:12.416,23.102,25.130,24.184,73.2,45:49.096,72416,0,0,24
2016,13_Lime Rock,Lime Rock,lime-rock,2016-07-23,201607231505_Race,62,45,2,Toni Vilander,1:28.551,30.210,32.761,25.580,59.9,47:17.647,88551,0,0,24
2016,13_Lime Rock,Lime Rock,lime-rock,2016-07-23,201607231505_Race,62,46,2,Toni Vilander,1:43.730,35.638,37.184,30.908,51.1,49:01.377,103730,0,0,24
2016,13_Lime Rock,Lime Rock,lime-rock,2016-07-23,201607231505_Race,62,47,2,Toni Vilander,1:29.714,36.236,37.766,15.712,59.1,50:31.091,89714,0,0,24
2016,13_Lime Rock,Lime Rock,lime-rock,2016-07-23,201607231505_Race,62,48,2,Toni Vilander,54.192,22.595,19.740,11.857,97.9,51:25.283,54192,0,0,24
2016,13_Lime Rock,Lime Rock,lime-rock,2016-07-23,201607231505_Race,62,49,2,Toni Vilander,52.552,21.711,19.024,11.817,100.9,52:17.835,52552,0,0,24
2016,13_Lime Rock,Lime Rock,lime-rock,2016-07-23,201607231505_Race,62,50,2,Toni Vilander,52.020,21.443,18.796,11.781,102.0,53:09.855,52020,0,0,24
2016,13_Lime Rock,Lime Rock,lime-rock,2016-07-23,201607231505_Race,62,51,2,Toni Vilander,52.057,21.413,18.867,11.777,101.9,54:01.912,52057,0,0,24
2016,13_Lime Rock,Lime Rock,lime-rock,2016-07-23,201607231505_Race,62,52,2,Toni Vilander,52.089,21.565,18.820,11.704,101.8,54:54.001,52089,0,0,24
2016,13_Lime Rock,Lime Rock,lime-rock,2016-07-23,201607231505_Race,62,53,2,Toni Vilander,51.879,21.428,18.747,11.704,102.2,55:45.880,51879,0,0,24
2016,13_Lime Rock,Lime Rock,lime-rock,2016-07-23,201607231505_Race,62,54,2,Toni Vilander,52.057,21.407,18.843,11.807,101.9,56:37.937,52057,0,0,24
2016,13_Lime Rock,Lime Rock,lime-rock,2016-07-23,201607231505_Race,62,55,2,Toni Vilander,52.017,21.533,18.739,11.745,102.0,57:29.954,52017,0,0,24
2016,13_Lime Rock,Lime Rock,lime-rock,2016-07-23,201607231505_Race,62,56,2,Toni Vilander,52.118,21.518,18.851,11.749,101.8,58:22.072,52118,0,0,24
2016,13_Lime Rock,Lime Rock,lime-rock,2016-07-23,201607231505_Race,62,57,2,Toni Vilander,53.343,21.779,19.732,11.832,99.4,59:15.415,53343,0,0,24
2016,13_Lime Rock,Lime Rock,lime-rock,2016-07-23,201607231505_Race,62,58,2,Toni Vilander,53.204,21.786,19.544,11.874,99.7,1:00:08.619,53204,0,0,24
2016,13_Lime Rock,Lime Rock,lime-rock,2016-07-23,201607231505_Race,62,59,2,Toni Vilander,52.161,21.566,18.832,11.763,101.7,1:01:00.780,52161,0,0,24
2016,13_Lime Rock,Lime Rock,lime-rock,2016-07-23,201607231505_Race,62,60,2,Toni Vilander,52.184,21.504,18.900,11.780,101.6,1:01:52.964,52184,0,0,24
2016,13_Lime Rock,Lime Rock,lime-rock,2016-07-23,201607231505_Race,62,61,2,Toni Vilander,52.253,21.488,18.930,11.835,101.5,1:02:45.217,52253,0,0,24
2016,13_Lime Rock,Lime Rock,lime-rock,2016-07-23,201607231505_Race,62,62,2,Toni Vilander,53.700,21.578,20.107,12.015,98.7,1:03:38.917,53700,0,0,24
2016,13_Lime Rock,Lime Rock,lime-rock,2016-07-23,201607231505_Race,62,63,2,Toni Vilander,55.772,22.824,20.207,12.741,95.1,1:04:34.689,55772,0,0,25
2016,13_Lime Rock,Lime Rock,lime-rock,2016-07-23,201607231505_Race,62,64,2,Toni Vilander,54.619,22.403,20.182,12.034,97.1,1:05:29.308,54619,0,0,25
2016,13_Lime Rock,Lime Rock,lime-rock,2016-07-23,201607231505_Race,62,65,2,Toni Vilander,54.291,23.180,19.342,11.769,97.7,1:06:23.599,54291,0,0,25
2016,13_Lime Rock,Lime Rock,lime-rock,2016-07-23,201607231505_Race,62,66,2,Toni Vilander,52.175,21.336,18.879,11.960,101.7,1:07:15.774,52175,0,0,25
2016,13_Lime Rock,Lime Rock,lime-rock,2016-07-23,201607231505_Race,62,67,2,Toni Vilander,52.952,22.370,18.791,11.791,100.2,1:08:08.726,52952,0,0,25
2016,13_Lime Rock,Lime Rock,lime-rock,2016-07-23,201607231505_Race,62,68,2,Toni Vilander,51.993,21.410,18.833,11.750,102.0,1:09:00.719,51993,0,0,25
2016,13_Lime Rock,Lime Rock,lime-rock,2016-07-23,201607231505_Race,62,69,2,Toni Vilander,53.983,21.782,19.733,12.468,98.3,1:09:54.702,53983,0,0,25
2016,13_Lime Rock,Lime Rock,lime-rock,2016-07-23,201607231505_Race,62,70,2,Toni Vilander,54.022,22.368,19.677,11.977,98.2,1:10:48.724,54022,0,0,25
2016,13_Lime Rock,Lime Rock,lime-rock,2016-07-23,201607231505_Race,62,71,2,Toni Vilander,52.098,21.461,18.840,11.797,101.8,1:11:40.822,52098,0,0,25
2016,13_Lime Rock,Lime Rock,lime-rock,2016-07-23,201607231505_Race,62,72,2,Toni Vilander,52.893,21.537,19.109,12.247,100.3,1:12:33.715,52893,0,0,25
2016,13_Lime Rock,Lime Rock,lime-rock,2016-07-23,201607231505_Race,62,73,2,Toni Vilander,54.480,21.921,20.355,12.204,97.4,1:13:28.195,54480,0,0,25
2016,13_Lime Rock,Lime Rock,lime-rock,2016-07-23,201607231505_Race,62,74,2,Toni Vilander,53.151,22.102,19.204,11.845,99.8,1:14:21.346,53151,0,0,25
2016,13_Lime Rock,Lime Rock,lime-rock,2016-07-23,201607231505_Race,62,75,2,Toni Vilander,52.803,21.596,18.975,12.232,100.4,1:15:14.149,52803,0,0,25
2016,13_Lime Rock,Lime Rock,lime-rock,2016-07-23,201607231505_Race,62,76,2,Toni Vilander,52.535,21.871,18.872,11.792,101.0,1:16:06.684,52535,0,0,25
2016,13_Lime Rock,Lime Rock,lime-rock,2016-07-23,201607231505_Race,62,77,2,Toni Vilander,52.353,21.529,19.019,11.805,101.3,1:16:59.037,52353,0,0,25
2016,13_Lime Rock,Lime Rock,lime-rock,2016-07-23,201607231505_Race,62,78,2,Toni Vilander,52.206,21.543,18.820,11.843,101.6,1:17:51.243,52206,0,0,25
2016,13_Lime Rock,Lime Rock,lime-rock,2016-07-23,201607231505_Race,62,79,2,Toni Vilander,53.312,21.694,19.233,12.385,99.5,1:18:44.555,53312,0,0,25
2016,13_Lime Rock,Lime Rock,lime-rock,2016-07-23,201607231505_Race,62,80,2,Toni Vilander,52.659,21.688,19.135,11.836,100.7,1:19:37.214,52659,0,0,25
2016,13_Lime Rock,Lime Rock,lime-rock,2016-07-23,201607231505_Race,62,81,2,Toni Vilander,52.456,21.620,18.986,11.850,101.1,1:20:29.670,52456,0,0,25
2016,13_Lime Rock,Lime Rock,lime-rock,2016-07-23,201607231505_Race,62,82,2,Toni Vilander,52.739,21.744,19.019,11.976,100.5,1:21:22.409,52739,0,0,25
2016,13_Lime Rock,Lime Rock,lime-rock,2016-07-23,201607231505_Race,62,83,2,Toni Vilander,52.587,21.909,18.882,11.796,100.9,1:22:14.996,52587,0,0,25
2016,13_Lime Rock,Lime Rock,lime-rock,2016-07-23,201607231505_Race,62,84,2,Toni Vilander,52.688,21.667,18.980,12.041,100.7,1:23:07.684,52688,0,0,25
2016,13_Lime Rock,Lime Rock,lime-rock,2016-07-23,201607231505_Race,62,85,2,Toni Vilander,52.921,21.893,19.059,11.969,100.2,1:24:00.605,52921,0,0,25
2016,13_Lime Rock,Lime Rock,lime-rock,2016-07-23,201607231505_Race,62,86,2,Toni Vilander,53.334,21.834,19.458,12.042,99.4,1:24:53.939,53334,0,0,25
2016,13_Lime Rock,Lime Rock,lime-rock,2016-07-23,201607231505_Race,62,87,2,Toni Vilander,53.028,21.736,19.090,12.202,100.0,1:25:46.967,53028,0,0,25
2016,13_Lime Rock,Lime Rock,lime-rock,2016-07-23,201607231505_Race,62,88,2,Toni Vilander,53.587,22.611,19.095,11.881,99.0,1:26:40.554,53587,0,0,25
2016,13_Lime Rock,Lime Rock,lime-rock,2016-07-23,201607231505_Race,62,89,2,Toni Vilander,52.854,21.726,19.246,11.882,100.4,1:27:33.408,52854,0,0,25
2016,13_Lime Rock,Lime Rock,lime-rock,2016-07-23,201607231505_Race,62,90,2,Toni Vilander,52.576,21.723,18.976,11.877,100.9,1:28:25.984,52576,0,0,25
2016,13_Lime Rock,Lime Rock,lime-rock,2016-07-23,201607231505_Race,62,91,2,Toni Vilander,57.662,21.796,21.735,14.131,92.0,1:29:23.646,57662,0,0,25
2016,13_Lime Rock,Lime Rock,lime-rock,2016-07-23,201607231505_Race,62,92,2,Toni Vilander,1:09.243,25.411,22.441,21.391,76.6,1:30:32.889,69243,0,0,25
2016,13_Lime Rock,Lime Rock,lime-rock,2016-07-23,201607231505_Race,62,93,2,Toni Vilander,1:08.394,25.592,23.631,19.171,77.6,1:31:41.283,68394,0,0,25
2016,13_Lime Rock,Lime Rock,lime-rock,2016-07-23,201607231505_Race,62,94,2,Toni Vilander,1:18.051,26.675,23.566,27.810,67.9,1:32:59.334,78051,0,0,25
2016,13_Lime Rock,Lime Rock,lime-rock,2016-07-23,201607231505_Race,62,95,2,Toni Vilander,2:00.547,32.752,31.460,56.335,43.9,1:34:59.881,120547,0,1,25
2016,13_Lime Rock,Lime Rock,lime-rock,2016-07-23,201607231505_Race,62,96,1,Giancarlo Fisichella,1:08.638,32.429,21.373,14.836,77.2,1:36:08.519,68638,0,0,25
2016,13_Lime Rock,Lime Rock,lime-rock,2016-07-23,201607231505_Race,62,97,1,Giancarlo Fisichella,1:27.533,25.310,36.772,25.451,60.6,1:37:36.052,87533,0,0,25
2016,13_Lime Rock,Lime Rock,lime-rock,2016-07-23,201607231505_Race,62,98,1,Giancarlo Fisichella,1:38.646,34.928,35.544,28.174,53.8,1:39:14.698,98646,0,0,25
2016,13_Lime Rock,Lime Rock,lime-rock,2016-07-23,201607231505_Race,62,99,1,Giancarlo Fisichella,1:38.122,39.500,41.760,16.862,54.0,1:40:52.820,98122,0,0,25
2016,13_Lime Rock,Lime Rock,lime-rock,2016-07-23,201607231505_Race,62,100,1,Giancarlo Fisichella,52.787,22.031,18.856,11.900,100.5,1:41:45.607,52787,0,0,25
2016,13_Lime Rock,Lime Rock,lime-rock,2016-07-23,201607231505_Race,62,101,1,Giancarlo Fisichella,51.818,21.368,18.744,11.706,102.4,1:42:37.425,51818,0,0,25
2016,13_Lime Rock,Lime Rock,lime-rock,2016-07-23,201607231505_Race,62,102,1,Giancarlo Fisichella,52.117,21.392,18.998,11.727,101.8,1:43:29.542,52117,0,0,25
2016,13_Lime Rock,Lime Rock,lime-rock,2016-07-23,201607231505_Race,62,103,1,Giancarlo Fisichella,51.910,21.470,18.749,11.691,102.2,1:44:21.452,51910,0,0,25
2016,13_Lime Rock,Lime Rock,lime-rock,2016-07-23,201607231505_Race,62,104,1,Giancarlo Fisichella,51.573,21.270,18.633,11.670,102.8,1:45:13.025,51573,0,0,25
2016,13_Lime Rock,Lime Rock,lime-rock,2016-07-23,201607231505_Race,62,105,1,Giancarlo Fisichella,51.511,21.342,18.479,11.690,103.0,1:46:04.536,51511,0,0,25
2016,13_Lime Rock,Lime Rock,lime-rock,2016-07-23,201607231505_Race,62,106,1,Giancarlo Fisichella,51.762,21.287,18.712,11.763,102.5,1:46:56.298,51762,0,0,25
2016,13_Lime Rock,Lime Rock,lime-rock,2016-07-23,201607231505_Race,62,107,1,Giancarlo Fisichella,51.593,21.318,18.613,11.662,102.8,1:47:47.891,51593,0,0,25
2016,13_Lime Rock,Lime Rock,lime-rock,2016-07-23,201607231505_Race,62,108,1,Giancarlo Fisichella,51.513,21.286,18.525,11.702,103.0,1:48:39.404,51513,0,0,25
2016,13_Lime Rock,Lime Rock,lime-rock,2016-07-23,201607231505_Race,62,109,1,Giancarlo Fisichella,51.479,21.259,18.572,11.648,103.0,1:49:30.883,51479,0,0,25
2016,13_Lime Rock,Lime Rock,lime-rock,2016-07-23,201607231505_Race,62,110,1,Giancarlo Fisichella,51.581,21.289,18.590,11.702,102.8,1:50:22.464,51581,0,0,25
2016,13_Lime Rock,Lime Rock,lime-rock,2016-07-23,201607231505_Race,62,111,1,Giancarlo Fisichella,51.505,21.271,18.532,11.702,103.0,1:51:13.969,51505,0,0,25
2016,13_Lime Rock,Lime Rock,lime-rock,2016-07-23,201607231505_Race,62,112,1,Giancarlo Fisichella,51.933,21.201,18.914,11.818,102.1,1:52:05.902,51933,0,0,25
2016,13_Lime Rock,Lime Rock,lime-rock,2016-07-23,201607231505_Race,62,113,1,Giancarlo Fisichella,53.184,21.485,19.368,12.331,99.7,1:52:59.086,53184,0,0,25
2016,13_Lime Rock,Lime Rock,lime-rock,2016-07-23,201607231505_Race,62,114,1,Giancarlo Fisichella,52.743,21.910,18.976,11.857,100.5,1:53:51.829,52743,0,0,25
2016,13_Lime Rock,Lime Rock,lime-rock,2016-07-23,201607231505_Race,62,115,1,Giancarlo Fisichella,53.651,22.112,19.683,11.856,98.9,1:54:45.480,53651,0,0,25
2016,13_Lime Rock,Lime Rock,lime-rock,2016-07-23,201607231505_Race,62,116,1,Giancarlo Fisichella,51.862,21.432,18.716,11.714,102.3,1:55:37.342,51862,0,0,25
2016,13_Lime Rock,Lime Rock,lime-rock,2016-07-23,201607231505_Race,62,117,1,Giancarlo Fisichella,52.422,21.456,18.889,12.077,101.2,1:56:29.764,52422,0,0,25
2016,13_Lime Rock,Lime Rock,lime-rock,2016-07-23,201607231505_Race,62,118,1,Giancarlo Fisichella,52.235,21.535,18.865,11.835,101.5,1:57:21.999,52235,0,0,25
2016,13_Lime Rock,Lime Rock,lime-rock,2016-07-23,201607231505_Race,62,119,1,Giancarlo Fisichella,53.681,22.229,19.224,12.228,98.8,1:58:15.680,53681,0,0,25
2016,13_Lime Rock,Lime Rock,lime-rock,2016-07-23,201607231505_Race,62,120,1,Giancarlo Fisichella,53.960,22.944,19.107,11.909,98.3,1:59:09.640,53960,0,0,25
2016,13_Lime Rock,Lime Rock,lime-rock,2016-07-23,201607231505_Race,62,121,1,Giancarlo Fisichella,54.110,21.930,19.787,12.393,98.0,2:00:03.750,54110,0,0,25
2016,13_Lime Rock,Lime Rock,lime-rock,2016-07-23,201607231505_Race,62,122,1,Giancarlo Fisichella,54.822,22.695,19.898,12.229,96.8,2:00:58.572,54822,0,0,25
2016,13_Lime Rock,Lime Rock,lime-rock,2016-07-23,201607231505_Race,62,123,1,Giancarlo Fisichella,54.131,22.680,19.530,11.921,98.0,2:01:52.703,54131,0,0,25
2016,13_Lime Rock,Lime Rock,lime-rock,2016-07-23,201607231505_Race,62,124,1,Giancarlo Fisichella,54.050,22.793,19.303,11.954,98.1,2:02:46.753,54050,0,0,25
2016,13_Lime Rock,Lime Rock,lime-rock,2016-07-23,201607231505_Race,62,125,1,Giancarlo Fisichella,52.389,21.578,18.996,11.815,101.2,2:03:39.142,52389,0,0,25
2016,13_Lime Rock,Lime Rock,lime-rock,2016-07-23,201607231505_Race,62,126,1,Giancarlo Fisichella,52.045,21.445,18.845,11.755,101.9,2:04:31.187,52045,0,0,25
2016,13_Lime Rock,Lime Rock,lime-rock,2016-07-23,201607231505_Race,62,127,1,Giancarlo Fisichella,52.467,21.706,18.984,11.777,101.1,2:05:23.654,52467,0,0,25
2016,13_Lime Rock,Lime Rock,lime-rock,2016-07-23,201607231505_Race,62,128,1,Giancarlo Fisichella,52.106,21.485,18.843,11.778,101.8,2:06:15.760,52106,0,0,25
2016,13_Lime Rock,Lime Rock,lime-rock,2016-07-23,201607231505_Race,62,129,1,Giancarlo Fisichella,52.922,22.134,18.977,11.811,100.2,2:07:08.682,52922,0,0,25
2016,13_Lime Rock,Lime Rock,lime-rock,2016-07-23,201607231505_Race,62,130,1,Giancarlo Fisichella,52.571,21.786,19.017,11.768,100.9,2:08:01.253,52571,0,0,25
2016,13_Lime Rock,Lime Rock,lime-rock,2016-07-23,201607231505_Race,62,131,1,Giancarlo Fisichella,52.234,21.561,18.924,11.749,101.5,2:08:53.487,52234,0,0,25
2016,13_Lime Rock,Lime Rock,lime-rock,2016-07-23,201607231505_Race,62,132,1,Giancarlo Fisichella,59.477,28.597,19.040,11.840,89.2,2:09:52.964,59477,0,0,25
2016,13_Lime Rock,Lime Rock,lime-rock,2016-07-23,201607231505_Race,62,133,1,Giancarlo Fisichella,52.534,21.770,18.883,11.881,101.0,2:10:45.498,52534,0,0,25
2016,13_Lime Rock,Lime Rock,lime-rock,2016-07-23,201607231505_Race,62,134,1,Giancarlo Fisichella,52.697,21.737,19.155,11.805,100.7,2:11:38.195,52697,0,0,25
2016,13_Lime Rock,Lime Rock,lime-rock,2016-07-23,201607231505_Race,62,135,1,Giancarlo Fisichella,52.510,21.617,18.963,11.930,101.0,2:12:30.705,52510,0,0,25
2016,13_Lime Rock,Lime Rock,lime-rock,2016-07-23,201607231505_Race,62,136,1,Giancarlo Fisichella,58.136,26.708,19.383,12.045,91.2,2:13:28.841,58136,0,0,25
2016,13_Lime Rock,Lime Rock,lime-rock,2016-07-23,201607231505_Race,62,137,1,Giancarlo Fisichella,53.785,22.345,19.451,11.989,98.6,2:14:22.626,53785,0,0,25
2016,13_Lime Rock,Lime Rock,lime-rock,2016-07-23,201607231505_Race,62,138,1,Giancarlo Fisichella,52.640,21.771,19.019,11.850,100.7,2:15:15.266,52640,0,0,25
2016,13_Lime Rock,Lime Rock,lime-rock,2016-07-23,201607231505_Race,62,139,1,Giancarlo Fisichella,52.651,21.763,18.892,11.996,100.7,2:16:07.917,52651,0,0,25
2016,13_Lime Rock,Lime Rock,lime-rock,2016-07-23,201607231505_Race,62,140,1,Giancarlo Fisichella,52.662,21.704,18.995,11.963,100.7,2:17:00.579,52662,0,0,25
2016,13_Lime Rock,Lime Rock,lime-rock,2016-07-23,201607231505_Race,62,141,1,Giancarlo Fisichella,52.863,21.857,19.057,11.949,100.3,2:17:53.442,52863,0,0,25
2016,13_Lime Rock,Lime Rock,lime-rock,2016-07-23,201607231505_Race,62,142,1,Giancarlo Fisichella,52.699,21.816,18.924,11.959,100.6,2:18:46.141,52699,0,0,25
2016,13_Lime Rock,Lime Rock,lime-rock,2016-07-23,201607231505_Race,62,143,1,Giancarlo Fisichella,53.591,21.943,19.584,12.064,99.0,2:19:39.732,53591,0,0,25
2016,13_Lime Rock,Lime Rock,lime-rock,2016-07-23,201607231505_Race,62,144,1,Giancarlo Fisichella,54.063,22.009,19.505,12.549,98.1,2:20:33.795,54063,0,0,25
2016,13_Lime Rock,Lime Rock,lime-rock,2016-07-23,201607231505_Race,62,145,1,Giancarlo Fisichella,54.013,22.575,19.274,12.164,98.2,2:21:27.808,54013,0,0,25
2016,13_Lime Rock,Lime Rock,lime-rock,2016-07-23,201607231505_Race,62,146,1,Giancarlo Fisichella,55.070,22.607,20.001,12.462,96.3,2:22:22.878,55070,0,0,25
2016,13_Lime Rock,Lime Rock,lime-rock,2016-07-23,201607231505_Race,62,147,1,Giancarlo Fisichella,54.057,22.672,19.390,11.995,98.1,2:23:16.935,54057,0,0,25
2016,13_Lime Rock,Lime Rock,lime-rock,2016-07-23,201607231505_Race,62,148,1,Giancarlo Fisichella,54.508,22.485,19.548,12.475,97.3,2:24:11.443,54508,0,0,25
2016,13_Lime Rock,Lime Rock,lime-rock,2016-07-23,201607231505_Race,62,149,1,Giancarlo Fisichella,54.505,22.291,19.686,12.528,97.3,2:25:05.948,54505,0,0,25
2016,13_Lime Rock,Lime Rock,lime-rock,2016-07-23,201607231505_Race,62,150,1,Giancarlo Fisichella,54.354,22.956,19.368,12.030,97.6,2:26:00.302,54354,0,0,25
2016,13_Lime Rock,Lime Rock,lime-rock,2016-07-23,201607231505_Race,62,151,1,Giancarlo Fisichella,53.362,22.345,19.011,12.006,99.4,2:26:53.664,53362,0,0,25
2016,13_Lime Rock,Lime Rock,lime-rock,2016-07-23,201607231505_Race,62,152,1,Giancarlo Fisichella,53.761,22.369,19.196,12.196,98.6,2:27:47.425,53761,0,0,25
2016,13_Lime Rock,Lime Rock,lime-rock,2016-07-23,201607231505_Race,62,153,1,Giancarlo Fisichella,53.904,22.550,19.321,12.033,98.4,2:28:41.329,53904,0,0,25
2016,13_Lime Rock,Lime Rock,lime-rock,2016-07-23,201607231505_Race,62,154,1,Giancarlo Fisichella,53.689,22.582,19.098,12.009,98.8,2:29:35.018,53689,0,0,25
2016,13_Lime Rock,Lime Rock,lime-rock,2016-07-23,201607231505_Race,62,155,1,Giancarlo Fisichella,54.195,22.564,19.443,12.188,97.9,2:30:29.213,54195,0,0,25
2016,13_Lime Rock,Lime Rock,lime-rock,2016-07-23,201607231505_Race,62,156,1,Giancarlo Fisichella,53.262,22.200,19.051,12.011,99.6,2:31:22.475,53262,0,0,25
2016,13_Lime Rock,Lime Rock,lime-rock,2016-07-23,201607231505_Race,62,157,1,Giancarlo Fisichella,53.671,22.169,19.282,12.220,98.8,2:32:16.146,53671,0,0,25
2016,13_Lime Rock,Lime Rock,lime-rock,2016-07-23,201607231505_Race,62,158,1,Giancarlo Fisichella,53.127,22.179,18.993,11.955,99.8,2:33:09.273,53127,0,0,25
2016,13_Lime Rock,Lime Rock,lime-rock,2016-07-23,201607231505_Race,62,159,1,Giancarlo Fisichella,53.174,22.174,19.056,11.944,99.7,2:34:02.447,53174,0,0,25
2016,13_Lime Rock,Lime Rock,lime-rock,2016-07-23,201607231505_Race,62,160,1,Giancarlo Fisichella,53.669,22.232,19.328,12.109,98.8,2:34:56.116,53669,0,0,25
2016,13_Lime Rock,Lime Rock,lime-rock,2016-07-23,201607231505_Race,62,161,1,Giancarlo Fisichella,53.473,22.398,19.047,12.028,99.2,2:35:49.589,53473,0,0,25
2016,13_Lime Rock,Lime Rock,lime-rock,2016-07-23,201607231505_Race,62,162,1,Giancarlo Fisichella,53.740,22.217,19.108,12.415,98.7,2:36:43.329,53740,0,0,25
2016,13_Lime Rock,Lime Rock,lime-rock,2016-07-23,201607231505_Race,62,163,1,Giancarlo Fisichella,54.331,22.491,19.736,12.104,97.6,2:37:37.660,54331,0,0,25
2016,13_Lime Rock,Lime Rock,lime-rock,2016-07-23,201607231505_Race,62,164,1,Giancarlo Fisichella,54.301,22.743,19.252,12.306,97.7,2:38:31.961,54301,0,0,25
2016,13_Lime Rock,Lime Rock,lime-rock,2016-07-23,201607231505_Race,62,165,1,Giancarlo Fisichella,53.924,22.433,19.241,12.250,98.4,2:39:25.885,53924,0,0,25
2016,13_Lime Rock,Lime Rock,lime-rock,2016-07-23,201607231505_Race,62,166,1,Giancarlo Fisichella,55.145,23.385,19.443,12.317,96.2,2:40:21.030,55145,0,0,25
2016,13_Lime Rock,Lime Rock,lime-rock,2016-07-23,201607231505_Race,62,167,1,Giancarlo Fisichella,54.748,22.767,19.522,12.459,96.9,2:41:15.778,54748,0,0,25
2016,13_Lime Rock,Lime Rock,lime-rock,2016-07-23,201607231505_Race,63,1,1,Christina Nielsen,1:34.270,45.516,26.593,22.161,56.2,1:34.270,,,0,25
2016,13_Lime Rock,Lime Rock,lime-rock,2016-07-23,201607231505_Race,63,2,1,Christina Nielsen,1:06.227,29.703,24.020,12.504,80.0,2:40.497,66227,0,0,25
2016,13_Lime Rock,Lime Rock,lime-rock,2016-07-23,201607231505_Race,63,3,1,Christina Nielsen,58.485,24.005,21.847,12.633,90.7,3:38.982,58485,0,0,25
2016,13_Lime Rock,Lime Rock,lime-rock,2016-07-23,201607231505_Race,63,4,1,Christina Nielsen,54.976,22.809,19.792,12.375,96.4,4:33.958,54976,0,0,25
2016,13_Lime Rock,Lime Rock,lime-rock,2016-07-23,201607231505_Race,63,5,1,Christina Nielsen,54.702,22.443,19.623,12.636,96.9,5:28.660,54702,0,0,25
2016,13_Lime Rock,Lime Rock,lime-rock,2016-07-23,201607231505_Race,63,6,1,Christina Nielsen,54.684,22.434,19.734,12.516,97.0,6:23.344,54684,0,0,25
2016,13_Lime Rock,Lime Rock,lime-rock,2016-07-23,201607231505_Race,63,7,1,Christina Nielsen,1:18.514,25.141,21.391,31.982,67.6,7:41.858,78514,0,0,25
2016,13_Lime Rock,Lime Rock,lime-rock,2016-07-23,201607231505_Race,63,8,1,Christina Nielsen,1:37.381,32.570,34.244,30.567,54.4,9:19.239,97381,0,0,25
2016,13_Lime Rock,Lime Rock,lime-rock,2016-07-23,201607231505_Race,63,9,1,Christina Nielsen,1:33.300,32.225,34.306,26.769,56.8,10:52.539,93300,0,0,25
2016,13_Lime Rock,Lime Rock,lime-rock,2016-07-23,201607231505_Race,63,10,1,Christina Nielsen,1:32.739,31.873,32.118,28.748,57.2,12:25.278,92739,0,0,26
2016,13_Lime Rock,Lime Rock,lime-rock,2016-07-23,201607231505_Race,63,11,1,Christina Nielsen,1:29.586,29.825,30.426,29.335,59.2,13:54.864,89586,0,0,26
2016,13_Lime Rock,Lime Rock,lime-rock,2016-07-23,201607231505_Race,63,12,1,Christina Nielsen,1:28.509,30.233,32.310,25.966,59.9,15:23.373,88509,0,0,26
2016,13_Lime Rock,Lime Rock,lime-rock,2016-07-23,201607231505_Race,63,13,1,Christina Nielsen,1:09.348,27.049,29.341,12.958,76.4,16:32.721,69348,0,0,26
2016,13_Lime Rock,Lime Rock,lime-rock,2016-07-23,201607231505_Race,63,14,1,Christina Nielsen,55.704,23.448,19.958,12.298,95.2,17:28.425,55704,0,0,26
2016,13_Lime Rock,Lime Rock,lime-rock,2016-07-23,201607231505_Race,63,15,1,Christina Nielsen,54.552,22.496,19.594,12.462,97.2,18:22.977,54552,0,0,26
2016,13_Lime Rock,Lime Rock,lime-rock,2016-07-23,201607231505_Race,63,16,1,Christina Nielsen,54.486,22.454,19.647,12.385,97.3,19:17.463,54486,0,0,26
2016,13_Lime Rock,Lime Rock,lime-rock,2016-07-23,201607231505_Race,63,17,1,Christina Nielsen,54.359,22.427,19.507,12.425,97.6,20:11.822,54359,0,0,26
2016,13_Lime Rock,Lime Rock,lime-rock,2016-07-23,201607231505_Race,63,18,1,Christina Nielsen,54.365,22.374,19.582,12.409,97.6,21:06.187,54365,0,0,26
2016,13_Lime Rock,Lime Rock,lime-rock,2016-07-23,201607231505_Race,63,19,1,Christina Nielsen,54.660,22.508,19.776,12.376,97.0,22:00.847,54660,0,0,26
2016,13_Lime Rock,Lime Rock,lime-rock,2016-07-23,201607231505_Race,63,20,1,Christina Nielsen,54.465,22.429,19.546,12.490,97.4,22:55.312,54465,0,0,26
2016,13_Lime Rock,Lime Rock,lime-rock,2016-07-23,201607231505_Race,63,21,1,Christina Nielsen,54.665,22.339,19.703,12.623,97.0,23:49.977,54665,0,0,26
2016,13_Lime Rock,Lime Rock,lime-rock,2016-07-23,201607231505_Race,63,22,1,Christina Nielsen,54.595,22.480,19.681,12.434,97.1,24:44.572,54595,0,0,26
2016,13_Lime Rock,Lime Rock,lime-rock,2016-07-23,201607231505_Race,63,23,1,Christina Nielsen,54.732,22.569,19.617,12.546,96.9,25:39.304,54732,0,0,26
2016,13_Lime Rock,Lime Rock,lime-rock,2016-07-23,201607231505_Race,63,24,1,Christina Nielsen,55.486,22.575,20.473,12.438,95.6,26:34.790,55486,0,0,26
2016,13_Lime Rock,Lime Rock,lime-rock,2016-07-23,201607231505_Race,63,25,1,Christina Nielsen,54.673,22.466,19.654,12.553,97.0,27:29.463,54673,0,0,26
2016,13_Lime Rock,Lime Rock,lime-rock,2016-07-23,201607231505_Race,63,26,1,Christina Nielsen,57.156,22.761,20.391,14.004,92.8,28:26.619,57156,0,0,26
2016,13_Lime Rock,Lime Rock,lime-rock,2016-07-23,201607231505_Race,63,27,1,Christina Nielsen,1:07.437,26.806,23.143,17.488,78.6,29:34.056,67437,0,0,26
2016,13_Lime Rock,Lime Rock,lime-rock,2016-07-23,201607231505_Race,63,28,1,Christina Nielsen,1:30.501,33.466,32.388,24.647,58.6,31:04.557,90501,0,0,26
2016,13_Lime Rock,Lime Rock,lime-rock,2016-07-23,201607231505_Race,63,29,1,Christina Nielsen,1:33.698,34.479,30.503,28.716,56.6,32:38.255,93698,0,1,26
2016,13_Lime Rock,Lime Rock,lime-rock,2016-07-23,201607231505_Race,63,30,1,Christina Nielsen,1:33.095,59.716,20.461,12.918,56.9,34:11.350,93095,0,0,26
2016,13_Lime Rock,Lime Rock,lime-rock,2016-07-23,201607231505_Race,63,31,1,Christina Nielsen,55.418,22.994,19.703,12.721,95.7,35:06.768,55418,0,0,26
2016,13_Lime Rock,Lime Rock,lime-rock,2016-07-23,201607231505_Race,63,32,1,Christina Nielsen,55.190,22.769,19.776,12.645,96.1,36:01.958,55190,0,0,26
2016,13_Lime Rock,Lime Rock,lime-rock,2016-07-23,201607231505_Race,63,33,1,Christina Nielsen,54.708,22.463,19.716,12.529,96.9,36:56.666,54708,0,0,26
2016,13_Lime Rock,Lime Rock,lime-rock,2016-07-23,201607231505_Race,63,34,1,Christina Nielsen,55.373,22.529,19.838,13.006,95.8,37:52.039,55373,0,0,26
2016,13_Lime Rock,Lime Rock,lime-rock,2016-07-23,201607231505_Race,63,35,1,Christina Nielsen,55.918,23.045,20.194,12.679,94.8,38:47.957,55918,0,0,26
2016,13_Lime Rock,Lime Rock,lime-rock,2016-07-23,201607231505_Race,63,36,1,Christina Nielsen,55.976,23.390,20.067,12.519,94.8,39:43.933,55976,0,0,26
2016,13_Lime Rock,Lime Rock,lime-rock,2016-07-23,201607231505_Race,63,37,1,Christina Nielsen,55.070,22.572,20.020,12.478,96.3,40:39.003,55070,0,0,26
2016,13_Lime Rock,Lime Rock,lime-rock,2016-07-23,201607231505_Race,63,38,1,Christina Nielsen,54.904,22.519,19.905,12.480,96.6,41:33.907,54904,0,0,26
2016,13_Lime Rock,Lime Rock,lime-rock,2016-07-23,201607231505_Race,63,39,1,Christina Nielsen,55.329,22.898,19.887,12.544,95.8,42:29.236,55329,0,0,26
2016,13_Lime Rock,Lime Rock,lime-rock,2016-07-23,201607231505_Race,63,40,1,Christina Nielsen,56.533,23.178,20.885,12.470,93.8,43:25.769,56533,0,0,26
2016,13_Lime Rock,Lime Rock,lime-rock,2016-07-23,201607231505_Race,63,41,1,Christina Nielsen,1:17.754,22.648,26.750,28.356,68.2,44:43.523,77754,0,1,26
2016,13_Lime Rock,Lime Rock,lime-rock,2016-07-23,201607231505_Race,63,42,1,Christina Nielsen,3:06.627,2:22.465,20.442,23.720,28.4,47:50.150,186627,0,1,26
2016,13_Lime Rock,Lime Rock,lime-rock,2016-07-23,201607231505_Race,63,43,1,Christina Nielsen,1:36.064,1:02.194,19.999,13.871,55.2,49:26.214,96064,0,0,26
2016,13_Lime Rock,Lime Rock,lime-rock,2016-07-23,201607231505_Race,63,44,1,Christina Nielsen,1:14.527,27.572,34.203,12.752,71.2,50:40.741,74527,0,0,26
2016,13_Lime Rock,Lime Rock,lime-rock,2016-07-23,201607231505_Race,63,45,1,Christina Nielsen,1:08.803,23.641,21.340,23.822,77.1,51:49.544,68803,0,1,26
2016,13_Lime Rock,Lime Rock,lime-rock,2016-07-23,201607231505_Race,63,46,1,Christina Nielsen,1:02.096,29.882,19.657,12.557,85.4,52:51.640,62096,0,0,26
2016,13_Lime Rock,Lime Rock,lime-rock,2016-07-23,201607231505_Race,63,47,1,Christina Nielsen,54.461,22.446,19.492,12.523,97.4,53:46.101,54461,0,0,26
2016,13_Lime Rock,Lime Rock,lime-rock,2016-07-23,201607231505_Race,63,48,1,Christina Nielsen,54.236,22.309,19.491,12.436,97.8,54:40.337,54236,0,0,26
2016,13_Lime Rock,Lime Rock,lime-rock,2016-07-23,201607231505_Race,63,49,1,Christina Nielsen,54.367,22.322,19.527,12.518,97.6,55:34.704,54367,0,0,26
2016,13_Lime Rock,Lime Rock,lime-rock,2016-07-23,201607231505_Race,63,50,1,Christina Nielsen,55.574,22.944,19.658,12.972,95.5,56:30.278,55574,0,0,26
2016,13_Lime Rock,Lime Rock,lime-rock,2016-07-23,201607231505_Race,63,51,1,Christina Nielsen,55.776,22.761,20.144,12.871,95.1,57:26.054,55776,0,0,26
2016,13_Lime Rock,Lime Rock,lime-rock,2016-07-23,201607231505_Race,63,52,1,Christina Nielsen,54.776,22.549,19.760,12.467,96.8,58:20.830,54776,0,0,26
2016,13_Lime Rock,Lime Rock,lime-rock,2016-07-23,201607231505_Race,63,53,1,Christina Nielsen,57.354,22.530,22.141,12.683,92.5,59:18.184,57354,0,0,26
2016,13_Lime Rock,Lime Rock,lime-rock,2016-07-23,201607231505_Race,63,54,1,Christina Nielsen,56.201,23.406,20.218,12.577,94.4,1:00:14.385,56201,0,0,26
2016,13_Lime Rock,Lime Rock,lime-rock,2016-07-23,201607231505_Race,63,55,1,Christina Nielsen,54.842,22.729,19.632,12.481,96.7,1:01:09.227,54842,0,0,26
2016,13_Lime Rock,Lime Rock,lime-rock,2016-07-23,201607231505_Race,63,56,1,Christina Nielsen,55.657,22.768,20.208,12.681,95.3,1:02:04.884,55657,0,0,26
2016,13_Lime Rock,Lime Rock,lime-rock,2016-07-23,201607231505_Race,63,57,1,Christina Nielsen,56.059,23.054,20.032,12.973,94.6,1:03:00.943,56059,0,0,26
2016,13_Lime Rock,Lime Rock,lime-rock,2016-07-23,201607231505_Race,63,58,1,Christina Nielsen,57.626,24.417,20.575,12.634,92.0,1:03:58.569,57626,0,0,26
2016,13_Lime Rock,Lime Rock,lime-rock,2016-07-23,201607231505_Race,63,59,1,Christina Nielsen,54.757,22.687,19.629,12.441,96.9,1:04:53.326,54757,0,0,26
2016,13_Lime Rock,Lime Rock,lime-rock,2016-07-23,201607231505_Race,63,60,1,Christina Nielsen,55.551,22.970,20.012,12.569,95.5,1:05:48.877,55551,0,0,26
2016,13_Lime Rock,Lime Rock,lime-rock,2016-07-23,201607231505_Race,63,61,1,Christina Nielsen,54.970,22.581,19.800,12.589,96.5,1:06:43.847,54970,0,0,26
2016,13_Lime Rock,Lime Rock,lime-rock,2016-07-23,201607231505_Race,63,62,1,Christina Nielsen,55.077,22.544,20.009,12.524,96.3,1:07:38.924,55077,0,0,26
2016,13_Lime Rock,Lime Rock,lime-rock,2016-07-23,201607231505_Race,63,63,1,Christina Nielsen,55.596,22.922,19.927,12.747,95.4,1:08:34.520,55596,0,0,26
2016,13_Lime Rock,Lime Rock,lime-rock,2016-07-23,201607231505_Race,63,64,1,Christina Nielsen,55.005,22.673,19.762,12.570,96.4,1:09:29.525,55005,0,0,26
2016,13_Lime Rock,Lime Rock,lime-rock,2016-07-23,201607231505_Race,63,65,1,Christina Nielsen,55.230,22.808,19.752,12.670,96.0,1:10:24.755,55230,0,0,26
2016,13_Lime Rock,Lime Rock,lime-rock,2016-07-23,201607231505_Race,63,66,1,Christina Nielsen,55.239,23.042,19.639,12.558,96.0,1:11:19.994,55239,0,0,26
2016,13_Lime Rock,Lime Rock,lime-rock,2016-07-23,201607231505_Race,63,67,1,Christina Nielsen,55.285,22.938,19.791,12.556,96.0,1:12:15.279,55285,0,0,26
2016,13_Lime Rock,Lime Rock,lime-rock,2016-07-23,201607231505_Race,63,68,1,Christina Nielsen,54.936,22.737,19.664,12.535,96.6,1:13:10.215,54936,0,0,26
2016,13_Lime Rock,Lime Rock,lime-rock,2016-07-23,201607231505_Race,63,69,1,Christina Nielsen,55.372,22.701,20.166,12.505,95.8,1:14:05.587,55372,0,0,26
2016,13_Lime Rock,Lime Rock,lime-rock,2016-07-23,201607231505_Race,63,70,1,Christina Nielsen,55.523,22.807,20.011,12.705,95.5,1:15:01.110,55523,0,0,26
2016,13_Lime Rock,Lime Rock,lime-rock,2016-07-23,201607231505_Race,63,71,1,Christina Nielsen,55.211,22.860,19.749,12.602,96.1,1:15:56.321,55211,0,0,26
2016,13_Lime Rock,Lime Rock,lime-rock,2016-07-23,201607231505_Race,63,72,1,Christina Nielsen,55.176,22.736,19.646,12.794,96.1,1:16:51.497,55176,0,0,26
2016,13_Lime Rock,Lime Rock,lime-rock,2016-07-23,201607231505_Race,63,73,1,Christina Nielsen,56.555,23.541,20.354,12.660,93.8,1:17:48.052,56555,0,0,26
2016,13_Lime Rock,Lime Rock,lime-rock,2016-07-23,201607231505_Race,63,74,1,Christina Nielsen,57.141,23.970,20.411,12.760,92.8,1:18:45.193,57141,0,0,26
2016,13_Lime Rock,Lime Rock,lime-rock,2016-07-23,201607231505_Race,63,75,1,Christina Nielsen,56.710,23.970,20.316,12.424,93.5,1:19:41.903,56710,0,0,26
2016,13_Lime Rock,Lime Rock,lime-rock,2016-07-23,201607231505_Race,63,76,1,Christina Nielsen,56.659,23.436,20.584,12.639,93.6,1:20:38.562,56659,0,0,26
2016,13_Lime Rock,Lime Rock,lime-rock,2016-07-23,201607231505_Race,63,77,1,Christina Nielsen,57.310,22.935,21.288,13.087,92.5,1:21:35.872,57310,0,0,26
2016,13_Lime Rock,Lime Rock,lime-rock,2016-07-23,201607231505_Race,63,78,1,Christina Nielsen,55.848,23.479,19.726,12.643,95.0,1:22:31.720,55848,0,0,26
2016,13_Lime Rock,Lime Rock,lime-rock,2016-07-23,201607231505_Race,63,79,1,Christina Nielsen,57.100,24.245,20.226,12.629,92.9,1:23:28.820,57100,0,0,26
2016,13_Lime Rock,Lime Rock,lime-rock,2016-07-23,201607231505_Race,63,80,1,Christina Nielsen,55.348,22.904,19.926,12.518,95.8,1:24:24.168,55348,0,0,26
2016,13_Lime Rock,Lime Rock,lime-rock,2016-07-23,201607231505_Race,63,81,1,Christina Nielsen,55.590,22.884,20.017,12.689,95.4,1:25:19.758,55590,0,0,26
2016,13_Lime Rock,Lime Rock,lime-rock,2016-07-23,201607231505_Race,63,82,1,Christina Nielsen,55.931,23.440,19.930,12.561,94.8,1:26:15.689,55931,0,0,26
2016,13_Lime Rock,Lime Rock,lime-rock,2016-07-23,201607231505_Race,63,83,1,Christina Nielsen,55.308,22.922,19.854,12.532,95.9,1:27:10.997,55308,0,0,26
2016,13_Lime Rock,Lime Rock,lime-rock,2016-07-23,201607231505_Race,63,84,1,Christina Nielsen,55.107,22.895,19.636,12.576,96.3,1:28:06.104,55107,0,0,26
2016,13_Lime Rock,Lime Rock,lime-rock,2016-07-23,201607231505_Race,63,85,1,Christina Nielsen,57.229,22.935,19.853,14.441,92.7,1:29:03.333,57229,0,0,26
2016,13_Lime Rock,Lime Rock,lime-rock,2016-07-23,201607231505_Race,63,86,1,Christina Nielsen,1:01.640,24.814,21.495,15.331,86.0,1:30:04.973,61640,0,0,26
2016,13_Lime Rock,Lime Rock,lime-rock,2016-07-23,201607231505_Race,63,87,1,Christina Nielsen,1:14.917,25.736,21.909,27.272,70.8,1:31:19.890,74917,0,0,26
2016,13_Lime Rock,Lime Rock,lime-rock,2016-07-23,201607231505_Race,63,88,1,Christina Nielsen,1:03.827,27.369,22.833,13.625,83.1,1:32:23.717,63827,0,0,26
2016,13_Lime Rock,Lime Rock,lime-rock,2016-07-23,201607231505_Race,63,89,1,Christina Nielsen,59.454,24.328,21.496,13.630,89.2,1:33:23.171,59454,0,0,26
2016,13_Lime Rock,Lime Rock,lime-rock,2016-07-23,201607231505_Race,63,90,1,Christina Nielsen,1:10.241,24.546,28.918,16.777,75.5,1:34:33.412,70241,0,0,26
2016,13_Lime Rock,Lime Rock,lime-rock,2016-07-23,201607231505_Race,63,91,1,Christina Nielsen,1:23.571,33.008,32.400,18.163,63.5,1:35:56.983,83571,0,0,26
2016,13_Lime Rock,Lime Rock,lime-rock,2016-07-23,201607231505_Race,63,92,1,Christina Nielsen,1:34.664,33.242,37.145,24.277,56.0,1:37:31.647,94664,0,0,26
2016,13_Lime Rock,Lime Rock,lime-rock,2016-07-23,201607231505_Race,63,93,1,Christina Nielsen,1:01.486,26.323,21.444,13.719,86.3,1:38:33.133,61486,0,0,26
2016,13_Lime Rock,Lime Rock,lime-rock,2016-07-23,201607231505_Race,63,94,1,Christina Nielsen,1:08.859,23.705,20.692,24.462,77.0,1:39:41.992,68859,0,1,26
2016,13_Lime Rock,Lime Rock,lime-rock,2016-07-23,201607231505_Race,63,95,2,Alessandro Balzan,1:39.066,1:07.169,19.650,12.247,53.5,1:41:21.058,99066,0,0,26
2016,13_Lime Rock,Lime Rock,lime-rock,2016-07-23,201607231505_Race,63,96,2,Alessandro Balzan,53.940,22.354,19.357,12.229,98.3,1:42:14.998,53940,0,0,26
2016,13_Lime Rock,Lime Rock,lime-rock,2016-07-23,201607231505_Race,63,97,2,Alessandro Balzan,54.003,22.611,19.305,12.087,98.2,1:43:09.001,54003,0,0,26
2016,13_Lime Rock,Lime Rock,lime-rock,2016-07-23,201607231505_Race,63,98,2,Alessandro Balzan,53.319,22.077,19.164,12.078,99.5,1:44:02.320,53319,0,0,26
2016,13_Lime Rock,Lime Rock,lime-rock,2016-07-23,201607231505_Race,63,99,2,Alessandro Balzan,53.062,21.753,19.166,12.143,99.9,1:44:55.382,53062,0,0,26
2016,13_Lime Rock,Lime Rock,lime-rock,2016-07-23,201607231505_Race,63,100,2,Alessandro Balzan,53.521,22.004,19.378,12.139,99.1,1:45:48.903,53521,0,0,26
2016,13_Lime Rock,Lime Rock,lime-rock,2016-07-23,201607231505_Race,63,101,2,Alessandro Balzan,53.581,22.035,19.368,12.178,99.0,1:46:42.484,53581,0,0,26
2016,13_Lime Rock,Lime Rock,lime-rock,2016-07-23,201607231505_Race,63,102,2,Alessandro Balzan,54.256,22.591,19.391,12.274,97.8,1:47:36.740,54256,0,0,26
2016,13_Lime Rock,Lime Rock,lime-rock,2016-07-23,201607231505_Race,63,103,2,Alessandro Balzan,53.357,22.070,19.190,12.097,99.4,1:48:30.097,53357,0,0,26
2016,13_Lime Rock,Lime Rock,lime-rock,2016-07-23,201607231505_Race,63,104,2,Alessandro Balzan,53.189,21.944,19.201,12.044,99.7,1:49:23.286,53189,0,0,26
2016,13_Lime Rock,Lime Rock,lime-rock,2016-07-23,201607231505_Race,63,105,2,Alessandro Balzan,53.438,22.023,19.202,12.213,99.2,1:50:16.724,53438,0,0,26
2016,13_Lime Rock,Lime Rock,lime-rock,2016-07-23,201607231505_Race,63,106,2,Alessandro Balzan,53.857,22.284,19.348,12.225,98.5,1:51:10.581,53857,0,0,26
2016,13_Lime Rock,Lime Rock,lime-rock,2016-07-23,201607231505_Race,63,107,2,Alessandro Balzan,53.671,22.014,19.525,12.132,98.8,1:52:04.252,53671,0,0,26
2016,13_Lime Rock,Lime Rock,lime-rock,2016-07-23,201607231505_Race,63,108,2,Alessandro Balzan,54.358,22.149,19.952,12.257,97.6,1:52:58.610,54358,0,0,26
2016,13_Lime Rock,Lime Rock,lime-rock,2016-07-23,201607231505_Race,63,109,2,Alessandro Balzan,55.558,22.858,20.503,12.197,95.5,1:53:54.168,55558,0,0,26
2016,13_Lime Rock,Lime Rock,lime-rock,2016-07-23,201607231505_Race,63,110,2,Alessandro Balzan,55.207,22.297,20.384,12.526,96.1,1:54:49.375,55207,0,0,26
2016,13_Lime Rock,Lime Rock,lime-rock,2016-07-23,201607231505_Race,63,111,2,Alessandro Balzan,53.963,22.695,19.178,12.090,98.3,1:55:43.338,53963,0,0,26
2016,13_Lime Rock,Lime Rock,lime-rock,2016-07-23,201607231505_Race,63,112,2,Alessandro Balzan,53.885,22.197,19.445,12.243,98.4,1:56:37.223,53885,0,0,26
2016,13_Lime Rock,Lime Rock,lime-rock,2016-07-23,201607231505_Race,63,113,2,Alessandro Balzan,54.846,22.376,19.836,12.634,96.7,1:57:32.069,54846,0,0,26
2016,13_Lime Rock,Lime Rock,lime-rock,2016-07-23,201607231505_Race,63,114,2,Alessandro Balzan,54.435,22.867,19.437,12.131,97.4,1:58:26.504,54435,0,0,26
2016,13_Lime Rock,Lime Rock,lime-rock,2016-07-23,201607231505_Race,63,115,2,Alessandro Balzan,54.125,22.154,19.703,12.268,98.0,1:59:20.629,54125,0,0,26
2016,13_Lime Rock,Lime Rock,lime-rock,2016-07-23,201607231505_Race,63,116,2,Alessandro Balzan,54.824,22.623,19.700,12.501,96.8,2:00:15.453,54824,0,0,26
2016,13_Lime Rock,Lime Rock,lime-rock,2016-07-23,201607231505_Race,63,117,2,Alessandro Balzan,54.220,22.491,19.578,12.151,97.8,2:01:09.673,54220,0,0,26
2016,13_Lime Rock,Lime Rock,lime-rock,2016-07-23,201607231505_Race,63,118,2,Alessandro Balzan,54.209,22.411,19.653,12.145,97.8,2:02:03.882,54209,0,0,26
2016,13_Lime Rock,Lime Rock,lime-rock,2016-07-23,201607231505_Race,63,119,2,Alessandro Balzan,54.088,22.340,19.547,12.201,98.1,2:02:57.970,54088,0,0,26
2016,13_Lime Rock,Lime Rock,lime-rock,2016-07-23,201607231505_Race,63,120,2,Alessandro Balzan,54.808,22.355,20.056,12.397,96.8,2:03:52.778,54808,0,0,26
2016,13_Lime Rock,Lime Rock,lime-rock,2016-07-23,201607231505_Race,63,121,2,Alessandro Balzan,54.816,22.640,19.899,12.277,96.8,2:04:47.594,54816,0,0,26
2016,13_Lime Rock,Lime Rock,lime-rock,2016-07-23,201607231505_Race,63,122,2,Alessandro Balzan,55.609,23.146,20.099,12.364,95.4,2:05:43.203,55609,0,0,26
2016,13_Lime Rock,Lime Rock,lime-rock,2016-07-23,201607231505_Race,63,123,2,Alessandro Balzan,55.423,22.818,20.068,12.537,95.7,2:06:38.626,55423,0,0,26
2016,13_Lime Rock,Lime Rock,lime-rock,2016-07-23,201607231505_Race,63,124,2,Alessandro Balzan,55.572,23.044,20.129,12.399,95.5,2:07:34.198,55572,0,0,26
2016,13_Lime Rock,Lime Rock,lime-rock,2016-07-23,201607231505_Race,63,125,2,Alessandro Balzan,55.401,22.884,20.053,12.464,95.7,2:08:29.599,55401,0,0,26
2016,13_Lime Rock,Lime Rock,lime-rock,2016-07-23,201607231505_Race,63,126,2,Alessandro Balzan,55.892,23.505,20.071,12.316,94.9,2:09:25.491,55892,0,0,26
2016,13_Lime Rock,Lime Rock,lime-rock,2016-07-23,201607231505_Race,63,127,2,Alessandro Balzan,54.970,22.825,19.816,12.329,96.5,2:10:20.461,54970,0,0,26
2016,13_Lime Rock,Lime Rock,lime-rock,2016-07-23,201607231505_Race,63,128,2,Alessandro Balzan,55.613,23.237,20.040,12.336,95.4,2:11:16.074,55613,0,0,27
2016,13_Lime Rock,Lime Rock,lime-rock,2016-07-23,201607231505_Race,63,129,2,Alessandro Balzan,55.186,22.704,20.182,12.300,96.1,2:12:11.260,55186,0,0,27
2016,13_Lime Rock,Lime Rock,lime-rock,2016-07-23,201607231505_Race,63,130,2,Alessandro Balzan,55.847,22.916,20.055,12.876,95.0,2:13:07.107,55847,0,0,27
2016,13_Lime Rock,Lime Rock,lime-rock,2016-07-23,201607231505_Race,63,131,2,Alessandro Balzan,55.524,23.116,20.056,12.352,95.5,2:14:02.631,55524,0,0,27
2016,13_Lime Rock,Lime Rock,lime-rock,2016-07-23,201607231505_Race,63,132,2,Alessandro Balzan,54.467,22.583,19.692,12.192,97.4,2:14:57.098,54467,0,0,27
2016,13_Lime Rock,Lime Rock,lime-rock,2016-07-23,201607231505_Race,63,133,2,Alessandro Balzan,54.893,22.605,20.030,12.258,96.6,2:15:51.991,54893,0,0,27
2016,13_Lime Rock,Lime Rock,lime-rock,2016-07-23,201607231505_Race,63,134,2,Alessandro Balzan,55.875,22.653,19.959,13.263,94.9,2:16:47.866,55875,0,0,27
2016,13_Lime Rock,Lime Rock,lime-rock,2016-07-23,201607231505_Race,63,135,2,Alessandro Balzan,55.579,23.240,19.769,12.570,95.5,2:17:43.445,55579,0,0,27
2016,13_Lime Rock,Lime Rock,lime-rock,2016-07-23,201607231505_Race,63,136,2,Alessandro Balzan,55.060,22.916,19.819,12.325,96.3,2:18:38.505,55060,0,0,27
2016,13_Lime Rock,Lime Rock,lime-rock,2016-07-23,201607231505_Race,63,137,2,Alessandro Balzan,55.795,22.918,20.096,12.781,95.1,2:19:34.300,55795,0,0,27
2016,13_Lime Rock,Lime Rock,lime-rock,2016-07-23,201607231505_Race,63,138,2,Alessandro Balzan,57.014,23.178,20.641,13.195,93.0,2:20:31.314,57014,0,0,27
2016,13_Lime Rock,Lime Rock,lime-rock,2016-07-23,201607231505_Race,63,139,2,Alessandro Balzan,55.541,23.573,19.669,12.299,95.5,2:21:26.855,55541,0,0,27
2016,13_Lime Rock,Lime Rock,lime-rock,2016-07-23,201607231505_Race,63,140,2,Alessandro Balzan,55.852,22.963,20.356,12.533,95.0,2:22:22.707,55852,0,0,27
2016,13_Lime Rock,Lime Rock,lime-rock,2016-07-23,201607231505_Race,63,141,2,Alessandro Balzan,58.765,23.642,22.522,12.601,90.2,2:23:21.472,58765,0,0,27
2016,13_Lime Rock,Lime Rock,lime-rock,2016-07-23,201607231505_Race,63,142,2,Alessandro Balzan,56.292,23.551,20.486,12.255,94.2,2:24:17.764,56292,0,0,27
2016,13_Lime Rock,Lime Rock,lime-rock,2016-07-23,201607231505_Race,63,143,2,Alessandro Balzan,55.217,23.120,19.801,12.296,96.1,2:25:12.981,55217,0,0,27
2016,13_Lime Rock,Lime Rock,lime-rock,2016-07-23,201607231505_Race,63,144,2,Alessandro Balzan,54.953,22.777,19.771,12.405,96.5,2:26:07.934,54953,0,0,27
2016,13_Lime Rock,Lime Rock,lime-rock,2016-07-23,201607231505_Race,63,145,2,Alessandro Balzan,55.940,23.175,20.325,12.440,94.8,2:27:03.874,55940,0,0,27
2016,13_Lime Rock,Lime Rock,lime-rock,2016-07-23,201607231505_Race,63,146,2,Alessandro Balzan,54.733,22.738,19.623,12.372,96.9,2:27:58.607,54733,0,0,27
2016,13_Lime Rock,Lime Rock,lime-rock,2016-07-23,201607231505_Race,63,147,2,Alessandro Balzan,55.102,23.074,19.821,12.207,96.3,2:28:53.709,55102,0,0,27
2016,13_Lime Rock,Lime Rock,lime-rock,2016-07-23,201607231505_Race,63,148,2,Alessandro Balzan,55.441,22.833,20.243,12.365,95.6,2:29:49.150,55441,0,0,27
2016,13_Lime Rock,Lime Rock,lime-rock,2016-07-23,201607231505_Race,63,149,2,Alessandro Balzan,55.843,23.104,20.280,12.459,95.0,2:30:44.993,55843,0,0,27
2016,13_Lime Rock,Lime Rock,lime-rock,2016-07-23,201607231505_Race,63,150,2,Alessandro Balzan,55.268,23.007,19.822,12.439,96.0,2:31:40.261,55268,0,0,27
2016,13_Lime Rock,Lime Rock,lime-rock,2016-07-23,201607231505_Race,63,151,2,Alessandro Balzan,55.104,22.890,19.897,12.317,96.3,2:32:35.365,55104,0,0,27
2016,13_Lime Rock,Lime Rock,lime-rock,2016-07-23,201607231505_Race,63,152,2,Alessandro Balzan,55.265,22.979,19.998,12.288,96.0,2:33:30.630,55265,0,0,27
2016,13_Lime Rock,Lime Rock,lime-rock,2016-07-23,201607231505_Race,63,153,2,Alessandro Balzan,55.729,22.938,20.277,12.514,95.1,2:34:26.359,55729,0,0,27
2016,13_Lime Rock,Lime Rock,lime-rock,2016-07-23,201607231505_Race,63,154,2,Alessandro Balzan,55.303,22.924,20.035,12.344,95.9,2:35:21.662,55303,0,0,27
2016,13_Lime Rock,Lime Rock,lime-rock,2016-07-23,201607231505_Race,63,155,2,Alessandro Balzan,55.552,23.039,20.138,12.375,95.5,2:36:17.214,55552,0,0,27
2016,13_Lime Rock,Lime Rock,lime-rock,2016-07-23,201607231505_Race,63,156,2,Alessandro Balzan,55.236,22.874,20.029,12.333,96.0,2:37:12.450,55236,0,0,27
2016,13_Lime Rock,Lime Rock,lime-rock,2016-07-23,201607231505_Race,63,157,2,Alessandro Balzan,56.286,23.825,20.003,12.458,94.2,2:38:08.736,56286,0,0,27
2016,13_Lime Rock,Lime Rock,lime-rock,2016-07-23,201607231505_Race,63,158,2,Alessandro Balzan,56.236,23.575,20.075,12.586,94.3,2:39:04.972,56236,0,0,27
2016,13_Lime Rock,Lime Rock,lime-rock,2016-07-23,201607231505_Race,63,159,2,Alessandro Balzan,56.171,23.658,19.996,12.517,94.4,2:40:01.143,56171,0,0,27
2016,13_Lime Rock,Lime Rock,lime-rock,2016-07-23,201607231505_Race,63,160,2,Alessandro Balzan,55.397,23.125,19.888,12.384,95.8,2:40:56.540,55397,0,0,27
2016,13_Lime Rock,Lime Rock,lime-rock,2016-07-23,201607231505_Race,66,1,1,Joey Hand,1:30.443,40.588,28.816,21.039,58.6,1:30.443,,,0,27
2016,13_Lime Rock,Lime Rock,lime-rock,2016-07-23,201607231505_Race,66,2,1,Joey Hand,1:07.484,26.769,27.015,13.700,78.6,2:37.927,67484,0,0,27
2016,13_Lime Rock,Lime Rock,lime-rock,2016-07-23,201607231505_Race,66,3,1,Joey Hand,56.945,24.335,20.565,12.045,93.2,3:34.872,56945,0,0,27
2016,13_Lime Rock,Lime Rock,lime-rock,2016-07-23,201607231505_Race,66,4,1,Joey Hand,54.273,22.077,19.835,12.361,97.7,4:29.145,54273,0,0,27
2016,13_Lime Rock,Lime Rock,lime-rock,2016-07-23,201607231505_Race,66,5,1,Joey Hand,52.345,21.609,19.002,11.734,101.3,5:21.490,52345,0,0,27
2016,13_Lime Rock,Lime Rock,lime-rock,2016-07-23,201607231505_Race,66,6,1,Joey Hand,52.212,21.396,18.883,11.933,101.6,6:13.702,52212,0,0,27
2016,13_Lime Rock,Lime Rock,lime-rock,2016-07-23,201607231505_Race,66,7,1,Joey Hand,1:20.314,22.443,25.724,32.147,66.0,7:34.016,80314,0,0,27
2016,13_Lime Rock,Lime Rock,lime-rock,2016-07-23,201607231505_Race,66,8,1,Joey Hand,1:36.598,33.792,33.360,29.446,54.9,9:10.614,96598,0,0,27
2016,13_Lime Rock,Lime Rock,lime-rock,2016-07-23,201607231505_Race,66,9,1,Joey Hand,1:33.718,33.294,33.318,27.106,56.6,10:44.332,93718,0,0,27
2016,13_Lime Rock,Lime Rock,lime-rock,2016-07-23,201607231505_Race,66,10,1,Joey Hand,1:30.698,31.261,33.489,25.948,58.5,12:15.030,90698,0,0,27
2016,13_Lime Rock,Lime Rock,lime-rock,2016-07-23,201607231505_Race,66,11,1,Joey Hand,1:29.503,31.076,31.913,26.514,59.2,13:44.533,89503,0,0,27
2016,13_Lime Rock,Lime Rock,lime-rock,2016-07-23,201607231505_Race,66,12,1,Joey Hand,1:29.456,33.028,32.002,24.426,59.3,15:13.989,89456,0,0,27
2016,13_Lime Rock,Lime Rock,lime-rock,2016-07-23,201607231505_Race,66,13,1,Joey Hand,1:15.288,28.566,32.760,13.962,70.4,16:29.277,75288,0,0,27
2016,13_Lime Rock,Lime Rock,lime-rock,2016-07-23,201607231505_Race,66,14,1,Joey Hand,53.020,22.068,19.183,11.769,100.1,17:22.297,53020,0,0,27
2016,13_Lime Rock,Lime Rock,lime-rock,2016-07-23,201607231505_Race,66,15,1,Joey Hand,52.349,21.564,19.039,11.746,101.3,18:14.646,52349,0,0,27
2016,13_Lime Rock,Lime Rock,lime-rock,2016-07-23,201607231505_Race,66,16,1,Joey Hand,52.736,22.043,18.960,11.733,100.5,19:07.382,52736,0,0,27
2016,13_Lime Rock,Lime Rock,lime-rock,2016-07-23,201607231505_Race,66,17,1,Joey Hand,52.022,21.436,18.896,11.690,102.0,19:59.404,52022,0,0,27
2016,13_Lime Rock,Lime Rock,lime-rock,2016-07-23,201607231505_Race,66,18,1,Joey Hand,51.922,21.371,18.847,11.704,102.2,20:51.326,51922,0,0,27
2016,13_Lime Rock,Lime Rock,lime-rock,2016-07-23,201607231505_Race,66,19,1,Joey Hand,52.014,21.524,18.818,11.672,102.0,21:43.340,52014,0,0,27
2016,13_Lime Rock,Lime Rock,lime-rock,2016-07-23,201607231505_Race,66,20,1,Joey Hand,51.999,21.484,18.820,11.695,102.0,22:35.339,51999,0,0,27
2016,13_Lime Rock,Lime Rock,lime-rock,2016-07-23,201607231505_Race,66,21,1,Joey Hand,52.722,21.864,19.055,11.803,100.6,23:28.061,52722,0,0,27
2016,13_Lime Rock,Lime Rock,lime-rock,2016-07-23,201607231505_Race,66,22,1,Joey Hand,52.522,21.667,19.077,11.778,101.0,24:20.583,52522,0,0,27
2016,13_Lime Rock,Lime Rock,lime-rock,2016-07-23,201607231505_Race,66,23,1,Joey Hand,52.384,21.580,19.052,11.752,101.2,25:12.967,52384,0,0,27
2016,13_Lime Rock,Lime Rock,lime-rock,2016-07-23,201607231505_Race,66,24,1,Joey Hand,52.433,21.619,19.013,11.801,101.2,26:05.400,52433,0,0,27
2016,13_Lime Rock,Lime Rock,lime-rock,2016-07-23,201607231505_Race,66,25,1,Joey Hand,52.559,21.729,19.062,11.768,100.9,26:57.959,52559,0,0,27
2016,13_Lime Rock,Lime Rock,lime-rock,2016-07-23,201607231505_Race,66,26,1,Joey Hand,52.680,21.911,19.012,11.757,100.7,27:50.639,52680,0,0,27
2016,13_Lime Rock,Lime Rock,lime-rock,2016-07-23,201607231505_Race,66,27,1,Joey Hand,55.874,21.681,20.887,13.306,94.9,28:46.513,55874,0,0,27
2016,13_Lime Rock,Lime Rock,lime-rock,2016-07-23,201607231505_Race,66,28,1,Joey Hand,1:08.601,24.769,25.756,18.076,77.3,29:55.114,68601,0,0,27
2016,13_Lime Rock,Lime Rock,lime-rock,2016-07-23,201607231505_Race,66,29,1,Joey Hand,1:29.450,27.491,32.516,29.443,59.3,31:24.564,89450,0,1,27
2016,13_Lime Rock,Lime Rock,lime-rock,2016-07-23,201607231505_Race,66,30,1,Joey Hand,1:30.017,55.547,21.149,13.321,58.9,32:54.581,90017,0,0,27
2016,13_Lime Rock,Lime Rock,lime-rock,2016-07-23,201607231505_Race,66,31,1,Joey Hand,1:10.129,26.251,29.741,14.137,75.6,34:04.710,70129,0,0,27
2016,13_Lime Rock,Lime Rock,lime-rock,2016-07-23,201607231505_Race,66,32,1,Joey Hand,54.964,22.699,20.160,12.105,96.5,34:59.674,54964,0,0,27
2016,13_Lime Rock,Lime Rock,lime-rock,2016-07-23,201607231505_Race,66,33,1,Joey Hand,55.907,22.811,20.687,12.409,94.9,35:55.581,55907,0,0,27
2016,13_Lime Rock,Lime Rock,lime-rock,2016-07-23,201607231505_Race,66,34,1,Joey Hand,54.513,22.164,19.871,12.478,97.3,36:50.094,54513,0,0,27
2016,13_Lime Rock,Lime Rock,lime-rock,2016-07-23,201607231505_Race,66,35,1,Joey Hand,55.899,23.003,21.016,11.880,94.9,37:45.993,55899,0,0,27
2016,13_Lime Rock,Lime Rock,lime-rock,2016-07-23,201607231505_Race,66,36,1,Joey Hand,52.467,21.522,18.958,11.987,101.1,38:38.460,52467,0,0,27
2016,13_Lime Rock,Lime Rock,lime-rock,2016-07-23,201607231505_Race,66,37,1,Joey Hand,53.589,21.583,19.668,12.338,99.0,39:32.049,53589,0,0,27
2016,13_Lime Rock,Lime Rock,lime-rock,2016-07-23,201607231505_Race,66,38,1,Joey Hand,52.939,21.579,19.419,11.941,100.2,40:24.988,52939,0,0,27
2016,13_Lime Rock,Lime Rock,lime-rock,2016-07-23,201607231505_Race,66,39,1,Joey Hand,51.992,21.514,18.816,11.662,102.0,41:16.980,51992,0,0,27
2016,13_Lime Rock,Lime Rock,lime-rock,2016-07-23,201607231505_Race,66,40,1,Joey Hand,51.807,21.327,18.844,11.636,102.4,42:08.787,51807,0,0,27
2016,13_Lime Rock,Lime Rock,lime-rock,2016-07-23,201607231505_Race,66,41,1,Joey Hand,51.622,21.290,18.740,11.592,102.7,43:00.409,51622,0,0,27
2016,13_Lime Rock,Lime Rock,lime-rock,2016-07-23,201607231505_Race,66,42,1,Joey Hand,51.491,21.201,18.632,11.658,103.0,43:51.900,51491,0,0,27
2016,13_Lime Rock,Lime Rock,lime-rock,2016-07-23,201607231505_Race,66,43,1,Joey Hand,54.251,21.373,19.735,13.143,97.8,44:46.151,54251,0,0,27
2016,13_Lime Rock,Lime Rock,lime-rock,2016-07-23,201607231505_Race,66,44,1,Joey Hand,1:07.933,23.708,22.154,22.071,78.1,45:54.084,67933,0,0,27
2016,13_Lime Rock,Lime Rock,lime-rock,2016-07-23,201607231505_Race,66,45,1,Joey Hand,1:27.931,31.246,30.471,26.214,60.3,47:22.015,87931,0,0,27
2016,13_Lime Rock,Lime Rock,lime-rock,2016-07-23,201607231505_Race,66,46,1,Joey Hand,1:45.259,35.041,36.898,33.320,50.3,49:07.274,105259,0,0,27
2016,13_Lime Rock,Lime Rock,lime-rock,2016-07-23,201607231505_Race,66,47,1,Joey Hand,1:25.981,34.815,36.098,15.068,61.7,50:33.255,85981,0,0,27
2016,13_Lime Rock,Lime Rock,lime-rock,2016-07-23,201607231505_Race,66,48,1,Joey Hand,54.590,22.344,20.303,11.943,97.1,51:27.845,54590,0,0,27
2016,13_Lime Rock,Lime Rock,lime-rock,2016-07-23,201607231505_Race,66,49,1,Joey Hand,52.357,21.619,18.996,11.742,101.3,52:20.202,52357,0,0,27
2016,13_Lime Rock,Lime Rock,lime-rock,2016-07-23,201607231505_Race,66,50,1,Joey Hand,52.459,21.521,19.119,11.819,101.1,53:12.661,52459,0,0,27
2016,13_Lime Rock,Lime Rock,lime-rock,2016-07-23,201607231505_Race,66,51,1,Joey Hand,52.385,21.594,19.043,11.748,101.2,54:05.046,52385,0,0,27
2016,13_Lime Rock,Lime Rock,lime-rock,2016-07-23,201607231505_Race,66,52,1,Joey Hand,52.230,21.478,18.954,11.798,101.5,54:57.276,52230,0,0,27
2016,13_Lime Rock,Lime Rock,lime-rock,2016-07-23,201607231505_Race,66,53,1,Joey Hand,52.298,21.489,19.070,11.739,101.4,55:49.574,52298,0,0,27
2016,13_Lime Rock,Lime Rock,lime-rock,2016-07-23,201607231505_Race,66,54,1,Joey Hand,52.267,21.581,18.916,11.770,101.5,56:41.841,52267,0,0,27
2016,13_Lime Rock,Lime Rock,lime-rock,2016-07-23,201607231505_Race,66,55,1,Joey Hand,52.544,21.642,19.076,11.826,100.9,57:34.385,52544,0,0,27
2016,13_Lime Rock,Lime Rock,lime-rock,2016-07-23,201607231505_Race,66,56,1,Joey Hand,52.319,21.539,18.989,11.791,101.4,58:26.704,52319,0,0,27
2016,13_Lime Rock,Lime Rock,lime-rock,2016-07-23,201607231505_Race,66,57,1,Joey Hand,52.137,21.406,18.952,11.779,101.7,59:18.841,52137,0,0,27
2016,13_Lime Rock,Lime Rock,lime-rock,2016-07-23,201607231505_Race,66,58,1,Joey Hand,52.994,21.969,19.192,11.833,100.1,1:00:11.835,52994,0,0,27
2016,13_Lime Rock,Lime Rock,lime-rock,2016-07-23,201607231505_Race,66,59,1,Joey Hand,53.033,22.242,19.009,11.782,100.0,1:01:04.868,53033,0,0,27
2016,13_Lime Rock,Lime Rock,lime-rock,2016-07-23,201607231505_Race,66,60,1,Joey Hand,52.133,21.484,18.944,11.705,101.7,1:01:57.001,52133,0,0,27
2016,13_Lime Rock,Lime Rock,lime-rock,2016-07-23,201607231505_Race,66,61,1,Joey Hand,53.177,22.146,19.205,11.826,99.7,1:02:50.178,53177,0,0,27
2016,13_Lime Rock,Lime Rock,lime-rock,2016-07-23,201607231505_Race,66,62,1,Joey Hand,52.360,21.560,19.025,11.775,101.3,1:03:42.538,52360,0,0,27
2016,13_Lime Rock,Lime Rock,lime-rock,2016-07-23,201607231505_Race,66,63,1,Joey Hand,53.529,21.689,19.873,11.967,99.1,1:04:36.067,53529,0,0,27
2016,13_Lime Rock,Lime Rock,lime-rock,2016-07-23,201607231505_Race,66,64,1,Joey Hand,54.742,22.766,19.925,12.051,96.9,1:05:30.809,54742,0,0,27
2016,13_Lime Rock,Lime Rock,lime-rock,2016-07-23,201607231505_Race,66,65,1,Joey Hand,56.011,22.988,20.848,12.175,94.7,1:06:26.820,56011,0,0,27
2016,13_Lime Rock,Lime Rock,lime-rock,2016-07-23,201607231505_Race,66,66,1,Joey Hand,53.479,22.496,19.201,11.782,99.2,1:07:20.299,53479,0,0,27
2016,13_Lime Rock,Lime Rock,lime-rock,2016-07-23,201607231505_Race,66,67,1,Joey Hand,52.698,21.687,19.175,11.836,100.7,1:08:12.997,52698,0,0,27
2016,13_Lime Rock,Lime Rock,lime-rock,2016-07-23,201607231505_Race,66,68,1,Joey Hand,53.842,22.151,19.695,11.996,98.5,1:09:06.839,53842,0,0,27
2016,13_Lime Rock,Lime Rock,lime-rock,2016-07-23,201607231505_Race,66,69,1,Joey Hand,52.699,21.777,19.087,11.835,100.6,1:09:59.538,52699,0,0,27
2016,13_Lime Rock,Lime Rock,lime-rock,2016-07-23,201607231505_Race,66,70,1,Joey Hand,52.812,21.756,19.028,12.028,100.4,1:10:52.350,52812,0,0,27
2016,13_Lime Rock,Lime Rock,lime-rock,2016-07-23,201607231505_Race,66,71,1,Joey Hand,54.602,22.366,19.788,12.448,97.1,1:11:46.952,54602,0,0,27
2016,13_Lime Rock,Lime Rock,lime-rock,2016-07-23,201607231505_Race,66,72,1,Joey Hand,54.382,22.396,19.825,12.161,97.5,1:12:41.334,54382,0,0,27
2016,13_Lime Rock,Lime Rock,lime-rock,2016-07-23,201607231505_Race,66,73,1,Joey Hand,52.797,21.868,19.111,11.818,100.4,1:13:34.131,52797,0,0,27
2016,13_Lime Rock,Lime Rock,lime-rock,2016-07-23,201607231505_Race,66,74,1,Joey Hand,52.642,21.766,19.114,11.762,100.7,1:14:26.773,52642,0,0,27
2016,13_Lime Rock,Lime Rock,lime-rock,2016-07-23,201607231505_Race,66,75,1,Joey Hand,53.504,21.842,19.369,12.293,99.1,1:15:20.277,53504,0,0,27
2016,13_Lime Rock,Lime Rock,lime-rock,2016-07-23,201607231505_Race,66,76,1,Joey Hand,53.155,22.025,19.255,11.875,99.8,1:16:13.432,53155,0,0,27
2016,13_Lime Rock,Lime Rock,lime-rock,2016-07-23,201607231505_Race,66,77,1,Joey Hand,54.572,22.476,20.196,11.900,97.2,1:17:08.004,54572,0,0,27
2016,13_Lime Rock,Lime Rock,lime-rock,2016-07-23,201607231505_Race,66,78,1,Joey Hand,52.881,21.789,19.197,11.895,100.3,1:18:00.885,52881,0,0,27
2016,13_Lime Rock,Lime Rock,lime-rock,2016-07-23,201607231505_Race,66,79,1,Joey Hand,53.507,22.195,19.424,11.888,99.1,1:18:54.392,53507,0,0,27
2016,13_Lime Rock,Lime Rock,lime-rock,2016-07-23,201607231505_Race,66,80,1,Joey Hand,52.892,21.852,19.232,11.808,100.3,1:19:47.284,52892,0,0,27
2016,13_Lime Rock,Lime Rock,lime-rock,2016-07-23,201607231505_Race,66,81,1,Joey Hand,53.825,21.968,19.502,12.355,98.6,1:20:41.109,53825,0,0,27
2016,13_Lime Rock,Lime Rock,lime-rock,2016-07-23,201607231505_Race,66,82,1,Joey Hand,54.184,22.245,19.530,12.409,97.9,1:21:35.293,54184,0,0,28
2016,13_Lime Rock,Lime Rock,lime-rock,2016-07-23,201607231505_Race,66,83,1,Joey Hand,53.437,22.164,19.392,11.881,99.2,1:22:28.730,53437,0,0,28
2016,13_Lime Rock,Lime Rock,lime-rock,2016-07-23,201607231505_Race,66,84,1,Joey Hand,53.632,22.364,19.359,11.909,98.9,1:23:22.362,53632,0,0,28
2016,13_Lime Rock,Lime Rock,lime-rock,2016-07-23,201607231505_Race,66,85,1,Joey Hand,53.449,22.091,19.414,11.944,99.2,1:24:15.811,53449,0,0,28
2016,13_Lime Rock,Lime Rock,lime-rock,2016-07-23,201607231505_Race,66,86,1,Joey Hand,54.573,22.622,19.896,12.055,97.2,1:25:10.384,54573,0,0,28
2016,13_Lime Rock,Lime Rock,lime-rock,2016-07-23,201607231505_Race,66,87,1,Joey Hand,54.990,22.567,19.605,12.818,96.4,1:26:05.374,54990,0,0,28
2016,13_Lime Rock,Lime Rock,lime-rock,2016-07-23,201607231505_Race,66,88,1,Joey Hand,54.312,22.959,19.425,11.928,97.6,1:26:59.686,54312,0,0,28
2016,13_Lime Rock,Lime Rock,lime-rock,2016-07-23,201607231505_Race,66,89,1,Joey Hand,53.277,22.032,19.265,11.980,99.6,1:27:52.963,53277,0,0,28
2016,13_Lime Rock,Lime Rock,lime-rock,2016-07-23,201607231505_Race,66,90,1,Joey Hand,54.947,22.145,19.496,13.306,96.5,1:28:47.910,54947,0,0,28
2016,13_Lime Rock,Lime Rock,lime-rock,2016-07-23,201607231505_Race,66,91,1,Joey Hand,1:06.421,26.101,23.273,17.047,79.9,1:29:54.331,66421,0,0,28
2016,13_Lime Rock,Lime Rock,lime-rock,2016-07-23,201607231505_Race,66,92,1,Joey Hand,1:23.116,24.040,27.061,32.015,63.8,1:31:17.447,83116,0,0,28
2016,13_Lime Rock,Lime Rock,lime-rock,2016-07-23,201607231505_Race,66,93,1,Joey Hand,1:03.304,28.034,21.139,14.131,83.8,1:32:20.751,63304,0,0,28
2016,13_Lime Rock,Lime Rock,lime-rock,2016-07-23,201607231505_Race,66,94,1,Joey Hand,57.111,23.385,20.143,13.583,92.8,1:33:17.862,57111,0,0,28
2016,13_Lime Rock,Lime Rock,lime-rock,2016-07-23,201607231505_Race,66,95,1,Joey Hand,1:22.278,23.892,29.999,28.387,64.4,1:34:40.140,82278,0,1,28
2016,13_Lime Rock,Lime Rock,lime-rock,2016-07-23,201607231505_Race,66,96,2,Dirk Mueller,1:33.812,58.395,21.603,13.814,56.5,1:36:13.952,93812,0,0,28
2016,13_Lime Rock,Lime Rock,lime-rock,2016-07-23,201607231505_Race,66,97,2,Dirk Mueller,1:26.942,26.852,34.256,25.834,61.0,1:37:40.894,86942,0,0,28
2016,13_Lime Rock,Lime Rock,lime-rock,2016-07-23,201607231505_Race,66,98,2,Dirk Mueller,1:38.093,34.772,33.699,29.622,54.1,1:39:18.987,98093,0,0,28
2016,13_Lime Rock,Lime Rock,lime-rock,2016-07-23,201607231505_Race,66,99,2,Dirk Mueller,1:35.629,38.871,40.833,15.925,55.4,1:40:54.616,95629,0,0,28
2016,13_Lime Rock,Lime Rock,lime-rock,2016-07-23,201607231505_Race,66,100,2,Dirk Mueller,53.399,22.237,19.327,11.835,99.3,1:41:48.015,53399,0,0,28
2016,13_Lime Rock,Lime Rock,lime-rock,2016-07-23,201607231505_Race,66,101,2,Dirk Mueller,54.744,21.765,20.440,12.539,96.9,1:42:42.759,54744,0,0,28
2016,13_Lime Rock,Lime Rock,lime-rock,2016-07-23,201607231505_Race,66,102,2,Dirk Mueller,52.114,21.702,18.787,11.625,101.8,1:43:34.873,52114,0,0,28
2016,13_Lime Rock,Lime Rock,lime-rock,2016-07-23,201607231505_Race,66,103,2,Dirk Mueller,52.012,21.259,18.842,11.911,102.0,1:44:26.885,52012,0,0,28
2016,13_Lime Rock,Lime Rock,lime-rock,2016-07-23,201607231505_Race,66,104,2,Dirk Mueller,51.858,21.408,18.765,11.685,102.3,1:45:18.743,51858,0,0,28
2016,13_Lime Rock,Lime Rock,lime-rock,2016-07-23,201607231505_Race,66,105,2,Dirk Mueller,51.573,21.287,18.726,11.560,102.8,1:46:10.316,51573,0,0,28
2016,13_Lime Rock,Lime Rock,lime-rock,2016-07-23,201607231505_Race,66,106,2,Dirk Mueller,51.446,21.175,18.751,11.520,103.1,1:47:01.762,51446,0,0,28
2016,13_Lime Rock,Lime Rock,lime-rock,2016-07-23,201607231505_Race,66,107,2,Dirk Mueller,51.707,21.324,18.845,11.538,102.6,1:47:53.469,51707,0,0,28
2016,13_Lime Rock,Lime Rock,lime-rock,2016-07-23,201607231505_Race,66,108,2,Dirk Mueller,51.904,21.441,18.882,11.581,102.2,1:48:45.373,51904,0,0,28
2016,13_Lime Rock,Lime Rock,lime-rock,2016-07-23,201607231505_Race,66,109,2,Dirk Mueller,51.711,21.327,18.846,11.538,102.5,1:49:37.084,51711,0,0,28
2016,13_Lime Rock,Lime Rock,lime-rock,2016-07-23,201607231505_Race,66,110,2,Dirk Mueller,51.781,21.356,18.880,11.545,102.4,1:50:28.865,51781,0,0,28
2016,13_Lime Rock,Lime Rock,lime-rock,2016-07-23,201607231505_Race,66,111,2,Dirk Mueller,51.704,21.301,18.871,11.532,102.6,1:51:20.569,51704,0,0,28
2016,13_Lime Rock,Lime Rock,lime-rock,2016-07-23,201607231505_Race,66,112,2,Dirk Mueller,51.548,21.165,18.837,11.546,102.9,1:52:12.117,51548,0,0,28
2016,13_Lime Rock,Lime Rock,lime-rock,2016-07-23,201607231505_Race,66,113,2,Dirk Mueller,51.677,21.124,18.937,11.616,102.7,1:53:03.794,51677,0,0,28
2016,13_Lime Rock,Lime Rock,lime-rock,2016-07-23,201607231505_Race,66,114,2,Dirk Mueller,52.994,21.645,19.657,11.692,100.1,1:53:56.788,52994,0,0,28
2016,13_Lime Rock,Lime Rock,lime-rock,2016-07-23,201607231505_Race,66,115,2,Dirk Mueller,52.712,21.843,18.885,11.984,100.6,1:54:49.500,52712,0,0,28
2016,13_Lime Rock,Lime Rock,lime-rock,2016-07-23,201607231505_Race,66,116,2,Dirk Mueller,52.589,21.836,19.096,11.657,100.9,1:55:42.089,52589,0,0,28
2016,13_Lime Rock,Lime Rock,lime-rock,2016-07-23,201607231505_Race,66,117,2,Dirk Mueller,53.243,21.607,19.835,11.801,99.6,1:56:35.332,53243,0,0,28
2016,13_Lime Rock,Lime Rock,lime-rock,2016-07-23,201607231505_Race,66,118,2,Dirk Mueller,52.481,21.655,18.985,11.841,101.0,1:57:27.813,52481,0,0,28
2016,13_Lime Rock,Lime Rock,lime-rock,2016-07-23,201607231505_Race,66,119,2,Dirk Mueller,52.410,21.564,18.888,11.958,101.2,1:58:20.223,52410,0,0,28
2016,13_Lime Rock,Lime Rock,lime-rock,2016-07-23,201607231505_Race,66,120,2,Dirk Mueller,52.759,21.970,18.943,11.846,100.5,1:59:12.982,52759,0,0,28
2016,13_Lime Rock,Lime Rock,lime-rock,2016-07-23,201607231505_Race,66,121,2,Dirk Mueller,53.307,22.251,19.365,11.691,99.5,2:00:06.289,53307,0,0,28
2016,13_Lime Rock,Lime Rock,lime-rock,2016-07-23,201607231505_Race,66,122,2,Dirk Mueller,54.074,21.715,20.173,12.186,98.1,2:01:00.363,54074,0,0,28
2016,13_Lime Rock,Lime Rock,lime-rock,2016-07-23,201607231505_Race,66,123,2,Dirk Mueller,55.074,22.250,20.515,12.309,96.3,2:01:55.437,55074,0,0,28
2016,13_Lime Rock,Lime Rock,lime-rock,2016-07-23,201607231505_Race,66,124,2,Dirk Mueller,53.965,22.117,19.591,12.257,98.3,2:02:49.402,53965,0,0,28
2016,13_Lime Rock,Lime Rock,lime-rock,2016-07-23,201607231505_Race,66,125,2,Dirk Mueller,54.432,22.695,19.905,11.832,97.4,2:03:43.834,54432,0,0,28
2016,13_Lime Rock,Lime Rock,lime-rock,2016-07-23,201607231505_Race,66,126,2,Dirk Mueller,55.006,22.999,19.901,12.106,96.4,2:04:38.840,55006,0,0,28
2016,13_Lime Rock,Lime Rock,lime-rock,2016-07-23,201607231505_Race,66,127,2,Dirk Mueller,52.807,21.892,19.203,11.712,100.4,2:05:31.647,52807,0,0,28
2016,13_Lime Rock,Lime Rock,lime-rock,2016-07-23,201607231505_Race,66,128,2,Dirk Mueller,52.989,21.764,19.354,11.871,100.1,2:06:24.636,52989,0,0,28
2016,13_Lime Rock,Lime Rock,lime-rock,2016-07-23,201607231505_Race,66,129,2,Dirk Mueller,52.476,21.642,19.091,11.743,101.0,2:07:17.112,52476,0,0,28
2016,13_Lime Rock,Lime Rock,lime-rock,2016-07-23,201607231505_Race,66,130,2,Dirk Mueller,52.440,21.524,19.135,11.781,101.1,2:08:09.552,52440,0,0,28
2016,13_Lime Rock,Lime Rock,lime-rock,2016-07-23,201607231505_Race,66,131,2,Dirk Mueller,52.625,21.700,19.056,11.869,100.8,2:09:02.177,52625,0,0,28
2016,13_Lime Rock,Lime Rock,lime-rock,2016-07-23,201607231505_Race,66,132,2,Dirk Mueller,52.639,21.807,19.044,11.788,100.7,2:09:54.816,52639,0,0,28
2016,13_Lime Rock,Lime Rock,lime-rock,2016-07-23,201607231505_Race,66,133,2,Dirk Mueller,52.709,21.812,18.979,11.918,100.6,2:10:47.525,52709,0,0,28
2016,13_Lime Rock,Lime Rock,lime-rock,2016-07-23,201607231505_Race,66,134,2,Dirk Mueller,52.860,21.867,19.165,11.828,100.4,2:11:40.385,52860,0,0,28
2016,13_Lime Rock,Lime Rock,lime-rock,2016-07-23,201607231505_Race,66,135,2,Dirk Mueller,52.924,21.935,19.184,11.805,100.2,2:12:33.309,52924,0,0,28
2016,13_Lime Rock,Lime Rock,lime-rock,2016-07-23,201607231505_Race,66,136,2,Dirk Mueller,55.201,22.395,19.768,13.038,96.1,2:13:28.510,55201,0,0,28
2016,13_Lime Rock,Lime Rock,lime-rock,2016-07-23,201607231505_Race,66,137,2,Dirk Mueller,54.667,22.409,19.920,12.338,97.0,2:14:23.177,54667,0,0,28
2016,13_Lime Rock,Lime Rock,lime-rock,2016-07-23,201607231505_Race,66,138,2,Dirk Mueller,53.348,22.143,19.259,11.946,99.4,2:15:16.525,53348,0,0,28
2016,13_Lime Rock,Lime Rock,lime-rock,2016-07-23,201607231505_Race,66,139,2,Dirk Mueller,53.357,21.928,19.476,11.953,99.4,2:16:09.882,53357,0,0,28
2016,13_Lime Rock,Lime Rock,lime-rock,2016-07-23,201607231505_Race,66,140,2,Dirk Mueller,52.789,21.753,19.067,11.969,100.5,2:17:02.671,52789,0,0,28
2016,13_Lime Rock,Lime Rock,lime-rock,2016-07-23,201607231505_Race,66,141,2,Dirk Mueller,53.190,21.911,19.242,12.037,99.7,2:17:55.861,53190,0,0,28
2016,13_Lime Rock,Lime Rock,lime-rock,2016-07-23,201607231505_Race,66,142,2,Dirk Mueller,53.271,21.858,19.527,11.886,99.6,2:18:49.132,53271,0,0,28
2016,13_Lime Rock,Lime Rock,lime-rock,2016-07-23,201607231505_Race,66,143,2,Dirk Mueller,54.217,22.089,19.905,12.223,97.8,2:19:43.349,54217,0,0,28
2016,13_Lime Rock,Lime Rock,lime-rock,2016-07-23,201607231505_Race,66,144,2,Dirk Mueller,53.561,22.371,19.200,11.990,99.0,2:20:36.910,53561,0,0,28
2016,13_Lime Rock,Lime Rock,lime-rock,2016-07-23,201607231505_Race,66,145,2,Dirk Mueller,53.477,22.071,19.373,12.033,99.2,2:21:30.387,53477,0,0,28
2016,13_Lime Rock,Lime Rock,lime-rock,2016-07-23,201607231505_Race,66,146,2,Dirk Mueller,54.039,22.419,19.611,12.009,98.1,2:22:24.426,54039,0,0,28
2016,13_Lime Rock,Lime Rock,lime-rock,2016-07-23,201607231505_Race,66,147,2,Dirk Mueller,54.171,22.325,19.732,12.114,97.9,2:23:18.597,54171,0,0,28
2016,13_Lime Rock,Lime Rock,lime-rock,2016-07-23,201607231505_Race,66,148,2,Dirk Mueller,55.985,23.337,20.159,12.489,94.7,2:24:14.582,55985,0,0,28
2016,13_Lime Rock,Lime Rock,lime-rock,2016-07-23,201607231505_Race,66,149,2,Dirk Mueller,54.502,22.712,19.546,12.244,97.3,2:25:09.084,54502,0,0,28
2016,13_Lime Rock,Lime Rock,lime-rock,2016-07-23,201607231505_Race,66,150,2,Dirk Mueller,55.700,22.836,20.062,12.802,95.2,2:26:04.784,55700,0,0,28
2016,13_Lime Rock,Lime Rock,lime-rock,2016-07-23,201607231505_Race,66,151,2,Dirk Mueller,54.881,22.987,19.732,12.162,96.6,2:26:59.665,54881,0,0,28
2016,13_Lime Rock,Lime Rock,lime-rock,2016-07-23,201607231505_Race,66,152,2,Dirk Mueller,55.812,22.805,20.764,12.243,95.0,2:27:55.477,55812,0,0,28
2016,13_Lime Rock,Lime Rock,lime-rock,2016-07-23,201607231505_Race,66,153,2,Dirk Mueller,55.078,22.580,20.223,12.275,96.3,2:28:50.555,55078,0,0,28
2016,13_Lime Rock,Lime Rock,lime-rock,2016-07-23,201607231505_Race,66,154,2,Dirk Mueller,55.116,22.816,19.962,12.338,96.2,2:29:45.671,55116,0,0,28
2016,13_Lime Rock,Lime Rock,lime-rock,2016-07-23,201607231505_Race,66,155,2,Dirk Mueller,54.297,22.447,19.840,12.010,97.7,2:30:39.968,54297,0,0,28
2016,13_Lime Rock,Lime Rock,lime-rock,2016-07-23,201607231505_Race,66,156,2,Dirk Mueller,54.024,22.368,19.690,11.966,98.2,2:31:33.992,54024,0,0,28
2016,13_Lime Rock,Lime Rock,lime-rock,2016-07-23,201607231505_Race,66,157,2,Dirk Mueller,53.677,22.288,19.390,11.999,98.8,2:32:27.669,53677,0,0,28
2016,13_Lime Rock,Lime Rock,lime-rock,2016-07-23,201607231505_Race,66,158,2,Dirk Mueller,53.600,22.308,19.283,12.009,98.9,2:33:21.269,53600,0,0,28
2016,13_Lime Rock,Lime Rock,lime-rock,2016-07-23,201607231505_Race,66,159,2,Dirk Mueller,53.655,22.269,19.395,11.991,98.9,2:34:14.924,53655,0,0,28
2016,13_Lime Rock,Lime Rock,lime-rock,2016-07-23,201607231505_Race,66,160,2,Dirk Mueller,53.839,22.375,19.431,12.033,98.5,2:35:08.763,53839,0,0,28
2016,13_Lime Rock,Lime Rock,lime-rock,2016-07-23,201607231505_Race,66,161,2,Dirk Mueller,54.070,22.411,19.552,12.107,98.1,2:36:02.833,54070,0,0,28
2016,13_Lime Rock,Lime Rock,lime-rock,2016-07-23,201607231505_Race,66,162,2,Dirk Mueller,54.157,22.439,19.588,12.130,97.9,2:36:56.990,54157,0,0,28
2016,13_Lime Rock,Lime Rock,lime-rock,2016-07-23,201607231505_Race,66,163,2,Dirk Mueller,54.188,22.525,19.506,12.157,97.9,2:37:51.178,54188,0,0,28
2016,13_Lime Rock,Lime Rock,lime-rock,2016-07-23,201607231505_Race,66,164,2,Dirk Mueller,54.400,22.676,19.562,12.162,97.5,2:38:45.578,54400,0,0,28
2016,13_Lime Rock,Lime Rock,lime-rock,2016-07-23,201607231505_Race,66,165,2,Dirk Mueller,55.829,22.856,20.352,12.621,95.0,2:39:41.407,55829,0,0,28
2016,13_Lime Rock,Lime Rock,lime-rock,2016-07-23,201607231505_Race,66,166,2,Dirk Mueller,55.443,23.309,19.857,12.277,95.6,2:40:36.850,55443,0,0,28
2016,13_Lime Rock,Lime Rock,lime-rock,2016-07-23,201607231505_Race,66,167,2,Dirk Mueller,56.676,23.106,20.286,13.284,93.6,2:41:33.526,56676,0,0,28
2016,13_Lime Rock,Lime Rock,lime-rock,2016-07-23,201607231505_Race,67,1,2,Richard Westbrook,1:28.274,37.172,31.347,19.755,60.0,1:28.274,,,0,28
2016,13_Lime Rock,Lime Rock,lime-rock,2016-07-23,201607231505_Race,67,2,2,Richard Westbrook,1:09.118,26.523,28.733,13.862,76.8,2:37.392,69118,0,0,28
2016,13_Lime Rock,Lime Rock,lime-rock,2016-07-23,201607231505_Race,67,3,2,Richard Westbrook,1:04.723,,,12.403,81.9,3:42.115,64723,0,0,28
2016,13_Lime Rock,Lime Rock,lime-rock,2016-07-23,201607231505_Race,67,4,2,Richard Westbrook,54.073,22.095,19.704,12.274,98.1,4:36.188,54073,0,0,28
2016,13_Lime Rock,Lime Rock,lime-rock,2016-07-23,201607231505_Race,67,5,2,Richard Westbrook,53.666,22.342,19.294,12.030,98.8,5:29.854,53666,0,0,28
2016,13_Lime Rock,Lime Rock,lime-rock,2016-07-23,201607231505_Race,67,6,2,Richard Westbrook,54.739,22.083,19.381,13.275,96.9,6:24.593,54739,0,0,28
2016,13_Lime Rock,Lime Rock,lime-rock,2016-07-23,201607231505_Race,67,7,2,Richard Westbrook,1:19.962,24.926,21.766,33.270,66.3,7:44.555,79962,0,0,28
2016,13_Lime Rock,Lime Rock,lime-rock,2016-07-23,201607231505_Race,67,8,2,Richard Westbrook,1:36.566,31.018,33.950,31.598,54.9,9:21.121,96566,0,0,28
2016,13_Lime Rock,Lime Rock,lime-rock,2016-07-23,201607231505_Race,67,9,2,Richard Westbrook,1:33.093,32.250,34.046,26.797,56.9,10:54.214,93093,0,0,28
2016,13_Lime Rock,Lime Rock,lime-rock,2016-07-23,201607231505_Race,67,10,2,Richard Westbrook,1:32.722,33.807,29.361,29.554,57.2,12:26.936,92722,0,0,28
2016,13_Lime Rock,Lime Rock,lime-rock,2016-07-23,201607231505_Race,67,11,2,Richard Westbrook,1:29.221,30.656,30.389,28.176,59.4,13:56.157,89221,0,0,28
2016,13_Lime Rock,Lime Rock,lime-rock,2016-07-23,201607231505_Race,67,12,2,Richard Westbrook,1:29.450,30.827,31.285,27.338,59.3,15:25.607,89450,0,0,28
2016,13_Lime Rock,Lime Rock,lime-rock,2016-07-23,201607231505_Race,67,13,2,Richard Westbrook,1:07.423,27.210,27.556,12.657,78.7,16:33.030,67423,0,0,28
2016,13_Lime Rock,Lime Rock,lime-rock,2016-07-23,201607231505_Race,67,14,2,Richard Westbrook,54.388,22.684,19.647,12.057,97.5,17:27.418,54388,0,0,28
2016,13_Lime Rock,Lime Rock,lime-rock,2016-07-23,201607231505_Race,67,15,2,Richard Westbrook,54.119,22.483,19.436,12.200,98.0,18:21.537,54119,0,0,28
2016,13_Lime Rock,Lime Rock,lime-rock,2016-07-23,201607231505_Race,67,16,2,Richard Westbrook,53.691,22.159,19.405,12.127,98.8,19:15.228,53691,0,0,28
2016,13_Lime Rock,Lime Rock,lime-rock,2016-07-23,201607231505_Race,67,17,2,Richard Westbrook,53.731,21.982,19.691,12.058,98.7,20:08.959,53731,0,0,28
2016,13_Lime Rock,Lime Rock,lime-rock,2016-07-23,201607231505_Race,67,18,2,Richard Westbrook,52.713,21.623,19.157,11.933,100.6,21:01.672,52713,0,0,28
2016,13_Lime Rock,Lime Rock,lime-rock,2016-07-23,201607231505_Race,67,19,2,Richard Westbrook,52.012,21.441,18.932,11.639,102.0,21:53.684,52012,0,0,28
2016,13_Lime Rock,Lime Rock,lime-rock,2016-07-23,201607231505_Race,67,20,2,Richard Westbrook,51.782,21.353,18.807,11.622,102.4,22:45.466,51782,0,0,28
2016,13_Lime Rock,Lime Rock,lime-rock,2016-07-23,201607231505_Race,67,21,2,Richard Westbrook,51.950,21.353,18.933,11.664,102.1,23:37.416,51950,0,0,28
2016,13_Lime Rock,Lime Rock,lime-rock,2016-07-23,201607231505_Race,67,22,2,Richard Westbrook,51.858,21.373,18.892,11.593,102.3,24:29.274,51858,0,0,28
2016,13_Lime Rock,Lime Rock,lime-rock,2016-07-23,201607231505_Race,67,23,2,Richard Westbrook,52.330,21.601,19.103,11.626,101.4,25:21.604,52330,0,0,28
2016,13_Lime Rock,Lime Rock,lime-rock,2016-07-23,201607231505_Race,67,24,2,Richard Westbrook,52.047,21.490,18.903,11.654,101.9,26:13.651,52047,0,0,28
2016,13_Lime Rock,Lime Rock,lime-rock,2016-07-23,201607231505_Race,67,25,2,Richard Westbrook,52.657,21.493,19.121,12.043,100.7,27:06.308,52657,0,0,28
2016,13_Lime Rock,Lime Rock,lime-rock,2016-07-23,201607231505_Race,67,26,2,Richard Westbrook,52.398,21.615,19.023,11.760,101.2,27:58.706,52398,0,0,28
2016,13_Lime Rock,Lime Rock,lime-rock,2016-07-23,201607231505_Race,67,27,2,Richard Westbrook,54.450,21.722,20.094,12.634,97.4,28:53.156,54450,0,0,28
2016,13_Lime Rock,Lime Rock,lime-rock,2016-07-23,201607231505_Race,67,28,2,Richard Westbrook,1:05.180,22.999,23.656,18.525,81.3,29:58.336,65180,0,0,28
2016,13_Lime Rock,Lime Rock,lime-rock,2016-07-23,201607231505_Race,67,29,2,Richard Westbrook,1:28.101,27.185,32.376,28.540,60.2,31:26.437,88101,0,1,29
2016,13_Lime Rock,Lime Rock,lime-rock,2016-07-23,201607231505_Race,67,30,2,Richard Westbrook,1:35.902,1:03.452,20.282,12.168,55.3,33:02.339,95902,0,0,29
2016,13_Lime Rock,Lime Rock,lime-rock,2016-07-23,201607231505_Race,67,31,2,Richard Westbrook,1:02.716,22.268,26.729,13.719,84.6,34:05.055,62716,0,0,29
2016,13_Lime Rock,Lime Rock,lime-rock,2016-07-23,201607231505_Race,67,32,2,Richard Westbrook,55.112,23.035,20.220,11.857,96.3,35:00.167,55112,0,0,29
2016,13_Lime Rock,Lime Rock,lime-rock,2016-07-23,201607231505_Race,67,33,2,Richard Westbrook,55.630,22.649,20.605,12.376,95.3,35:55.797,55630,0,0,29
2016,13_Lime Rock,Lime Rock,lime-rock,2016-07-23,201607231505_Race,67,34,2,Richard Westbrook,54.683,22.431,19.770,12.482,97.0,36:50.480,54683,0,0,29
2016,13_Lime Rock,Lime Rock,lime-rock,2016-07-23,201607231505_Race,67,35,2,Richard Westbrook,54.236,22.583,19.921,11.732,97.8,37:44.716,54236,0,0,29
2016,13_Lime Rock,Lime Rock,lime-rock,2016-07-23,201607231505_Race,67,36,2,Richard Westbrook,52.514,21.441,19.261,11.812,101.0,38:37.230,52514,0,0,29
2016,13_Lime Rock,Lime Rock,lime-rock,2016-07-23,201607231505_Race,67,37,2,Richard Westbrook,52.680,21.858,18.953,11.869,100.7,39:29.910,52680,0,0,29
2016,13_Lime Rock,Lime Rock,lime-rock,2016-07-23,201607231505_Race,67,38,2,Richard Westbrook,52.002,21.661,18.753,11.588,102.0,40:21.912,52002,0,0,29
2016,13_Lime Rock,Lime Rock,lime-rock,2016-07-23,201607231505_Race,67,39,2,Richard Westbrook,51.503,21.202,18.718,11.583,103.0,41:13.415,51503,0,0,29
2016,13_Lime Rock,Lime Rock,lime-rock,2016-07-23,201607231505_Race,67,40,2,Richard Westbrook,51.757,21.265,18.921,11.571,102.5,42:05.172,51757,0,0,29
2016,13_Lime Rock,Lime Rock,lime-rock,2016-07-23,201607231505_Race,67,41,2,Richard Westbrook,51.548,21.201,18.782,11.565,102.9,42:56.720,51548,0,0,29
2016,13_Lime Rock,Lime Rock,lime-rock,2016-07-23,201607231505_Race,67,42,2,Richard Westbrook,51.403,21.135,18.732,11.536,103.2,43:48.123,51403,0,0,29
2016,13_Lime Rock,Lime Rock,lime-rock,2016-07-23,201607231505_Race,67,43,2,Richard Westbrook,55.157,21.231,19.843,14.083,96.1,44:43.280,55157,0,0,29
2016,13_Lime Rock,Lime Rock,lime-rock,2016-07-23,201607231505_Race,67,44,2,Richard Westbrook,1:09.527,23.657,22.766,23.104,76.3,45:52.807,69527,0,0,29
2016,13_Lime Rock,Lime Rock,lime-rock,2016-07-23,201607231505_Race,67,45,2,Richard Westbrook,1:28.126,30.799,31.075,26.252,60.2,47:20.933,88126,0,0,29
2016,13_Lime Rock,Lime Rock,lime-rock,2016-07-23,201607231505_Race,67,46,2,Richard Westbrook,1:45.130,34.838,37.172,33.120,50.4,49:06.063,105130,0,0,29
2016,13_Lime Rock,Lime Rock,lime-rock,2016-07-23,201607231505_Race,67,47,2,Richard Westbrook,1:26.835,34.801,36.873,15.161,61.0,50:32.898,86835,0,0,29
2016,13_Lime Rock,Lime Rock,lime-rock,2016-07-23,201607231505_Race,67,48,2,Richard Westbrook,53.827,22.259,19.709,11.859,98.6,51:26.725,53827,0,0,29
2016,13_Lime Rock,Lime Rock,lime-rock,2016-07-23,201607231505_Race,67,49,2,Richard Westbrook,52.730,21.795,19.141,11.794,100.6,52:19.455,52730,0,0,29
2016,13_Lime Rock,Lime Rock,lime-rock,2016-07-23,201607231505_Race,67,50,2,Richard Westbrook,52.711,21.766,19.244,11.701,100.6,53:12.166,52711,0,0,29
2016,13_Lime Rock,Lime Rock,lime-rock,2016-07-23,201607231505_Race,67,51,2,Richard Westbrook,52.057,21.521,18.894,11.642,101.9,54:04.223,52057,0,0,29
2016,13_Lime Rock,Lime Rock,lime-rock,2016-07-23,201607231505_Race,67,52,2,Richard Westbrook,52.050,21.531,18.923,11.596,101.9,54:56.273,52050,0,0,29
2016,13_Lime Rock,Lime Rock,lime-rock,2016-07-23,201607231505_Race,67,53,2,Richard Westbrook,52.227,21.538,18.982,11.707,101.5,55:48.500,52227,0,0,29
2016,13_Lime Rock,Lime Rock,lime-rock,2016-07-23,201607231505_Race,67,54,2,Richard Westbrook,52.209,21.607,18.939,11.663,101.6,56:40.709,52209,0,0,29
2016,13_Lime Rock,Lime Rock,lime-rock,2016-07-23,201607231505_Race,67,55,2,Richard Westbrook,52.237,21.560,18.949,11.728,101.5,57:32.946,52237,0,0,29
2016,13_Lime Rock,Lime Rock,lime-rock,2016-07-23,201607231505_Race,67,56,2,Richard Westbrook,52.151,21.518,18.944,11.689,101.7,58:25.097,52151,0,0,29
2016,13_Lime Rock,Lime Rock,lime-rock,2016-07-23,201607231505_Race,67,57,2,Richard Westbrook,53.198,21.583,19.154,12.461,99.7,59:18.295,53198,0,0,29
2016,13_Lime Rock,Lime Rock,lime-rock,2016-07-23,201607231505_Race,67,58,2,Richard Westbrook,52.834,22.048,19.073,11.713,100.4,1:00:11.129,52834,0,0,29
2016,13_Lime Rock,Lime Rock,lime-rock,2016-07-23,201607231505_Race,67,59,2,Richard Westbrook,52.496,21.772,18.995,11.729,101.0,1:01:03.625,52496,0,0,29
2016,13_Lime Rock,Lime Rock,lime-rock,2016-07-23,201607231505_Race,67,60,2,Richard Westbrook,52.277,21.575,18.976,11.726,101.5,1:01:55.902,52277,0,0,29
2016,13_Lime Rock,Lime Rock,lime-rock,2016-07-23,201607231505_Race,67,61,2,Richard Westbrook,52.411,21.734,19.000,11.677,101.2,1:02:48.313,52411,0,0,29
2016,13_Lime Rock,Lime Rock,lime-rock,2016-07-23,201607231505_Race,67,62,2,Richard Westbrook,52.983,21.654,19.406,11.923,100.1,1:03:41.296,52983,0,0,29
2016,13_Lime Rock,Lime Rock,lime-rock,2016-07-23,201607231505_Race,67,63,2,Richard Westbrook,54.191,22.188,19.776,12.227,97.9,1:04:35.487,54191,0,0,29
2016,13_Lime Rock,Lime Rock,lime-rock,2016-07-23,201607231505_Race,67,64,2,Richard Westbrook,54.988,22.361,20.670,11.957,96.4,1:05:30.475,54988,0,0,29
2016,13_Lime Rock,Lime Rock,lime-rock,2016-07-23,201607231505_Race,67,65,2,Richard Westbrook,56.009,23.022,20.889,12.098,94.7,1:06:26.484,56009,0,0,29
2016,13_Lime Rock,Lime Rock,lime-rock,2016-07-23,201607231505_Race,67,66,2,Richard Westbrook,53.217,22.401,19.090,11.726,99.7,1:07:19.701,53217,0,0,29
2016,13_Lime Rock,Lime Rock,lime-rock,2016-07-23,201607231505_Race,67,67,2,Richard Westbrook,52.539,21.636,19.129,11.774,100.9,1:08:12.240,52539,0,0,29
2016,13_Lime Rock,Lime Rock,lime-rock,2016-07-23,201607231505_Race,67,68,2,Richard Westbrook,54.141,22.518,19.755,11.868,97.9,1:09:06.381,54141,0,0,29
2016,13_Lime Rock,Lime Rock,lime-rock,2016-07-23,201607231505_Race,67,69,2,Richard Westbrook,52.279,21.580,19.005,11.694,101.5,1:09:58.660,52279,0,0,29
2016,13_Lime Rock,Lime Rock,lime-rock,2016-07-23,201607231505_Race,67,70,2,Richard Westbrook,52.951,21.771,19.173,12.007,100.2,1:10:51.611,52951,0,0,29
2016,13_Lime Rock,Lime Rock,lime-rock,2016-07-23,201607231505_Race,67,71,2,Richard Westbrook,54.348,22.559,19.826,11.963,97.6,1:11:45.959,54348,0,0,29
2016,13_Lime Rock,Lime Rock,lime-rock,2016-07-23,201607231505_Race,67,72,2,Richard Westbrook,53.799,22.700,19.343,11.756,98.6,1:12:39.758,53799,0,0,29
2016,13_Lime Rock,Lime Rock,lime-rock,2016-07-23,201607231505_Race,67,73,2,Richard Westbrook,52.940,21.971,19.169,11.800,100.2,1:13:32.698,52940,0,0,29
2016,13_Lime Rock,Lime Rock,lime-rock,2016-07-23,201607231505_Race,67,74,2,Richard Westbrook,52.735,21.806,19.155,11.774,100.5,1:14:25.433,52735,0,0,29
2016,13_Lime Rock,Lime Rock,lime-rock,2016-07-23,201607231505_Race,67,75,2,Richard Westbrook,53.445,22.345,19.333,11.767,99.2,1:15:18.878,53445,0,0,29
2016,13_Lime Rock,Lime Rock,lime-rock,2016-07-23,201607231505_Race,67,76,2,Richard Westbrook,53.047,21.965,19.239,11.843,100.0,1:16:11.925,53047,0,0,29
2016,13_Lime Rock,Lime Rock,lime-rock,2016-07-23,201607231505_Race,67,77,2,Richard Westbrook,53.897,22.551,19.509,11.837,98.4,1:17:05.822,53897,0,0,29
2016,13_Lime Rock,Lime Rock,lime-rock,2016-07-23,201607231505_Race,67,78,2,Richard Westbrook,52.894,21.979,19.150,11.765,100.3,1:17:58.716,52894,0,0,29
2016,13_Lime Rock,Lime Rock,lime-rock,2016-07-23,201607231505_Race,67,79,2,Richard Westbrook,53.226,22.113,19.288,11.825,99.6,1:18:51.942,53226,0,0,29
2016,13_Lime Rock,Lime Rock,lime-rock,2016-07-23,201607231505_Race,67,80,2,Richard Westbrook,53.536,22.432,19.339,11.765,99.1,1:19:45.478,53536,0,0,29
2016,13_Lime Rock,Lime Rock,lime-rock,2016-07-23,201607231505_Race,67,81,2,Richard Westbrook,54.265,22.025,20.122,12.118,97.8,1:20:39.743,54265,0,0,29
2016,13_Lime Rock,Lime Rock,lime-rock,2016-07-23,201607231505_Race,67,82,2,Richard Westbrook,54.681,22.488,20.219,11.974,97.0,1:21:34.424,54681,0,0,29
2016,13_Lime Rock,Lime Rock,lime-rock,2016-07-23,201607231505_Race,67,83,2,Richard Westbrook,53.074,22.010,19.246,11.818,99.9,1:22:27.498,53074,0,0,29
2016,13_Lime Rock,Lime Rock,lime-rock,2016-07-23,201607231505_Race,67,84,2,Richard Westbrook,53.116,22.023,19.259,11.834,99.9,1:23:20.614,53116,0,0,29
2016,13_Lime Rock,Lime Rock,lime-rock,2016-07-23,201607231505_Race,67,85,2,Richard Westbrook,53.080,22.253,19.113,11.714,99.9,1:24:13.694,53080,0,0,29
2016,13_Lime Rock,Lime Rock,lime-rock,2016-07-23,201607231505_Race,67,86,2,Richard Westbrook,52.860,21.938,19.178,11.744,100.4,1:25:06.554,52860,0,0,29
2016,13_Lime Rock,Lime Rock,lime-rock,2016-07-23,201607231505_Race,67,87,2,Richard Westbrook,53.477,22.507,19.157,11.813,99.2,1:26:00.031,53477,0,0,29
2016,13_Lime Rock,Lime Rock,lime-rock,2016-07-23,201607231505_Race,67,88,2,Richard Westbrook,54.131,22.070,20.050,12.011,98.0,1:26:54.162,54131,0,0,29
2016,13_Lime Rock,Lime Rock,lime-rock,2016-07-23,201607231505_Race,67,89,2,Richard Westbrook,55.324,22.646,19.962,12.716,95.9,1:27:49.486,55324,0,0,29
2016,13_Lime Rock,Lime Rock,lime-rock,2016-07-23,201607231505_Race,67,90,2,Richard Westbrook,54.732,23.120,19.450,12.162,96.9,1:28:44.218,54732,0,0,29
2016,13_Lime Rock,Lime Rock,lime-rock,2016-07-23,201607231505_Race,67,91,2,Richard Westbrook,58.628,23.437,20.597,14.594,90.5,1:29:42.846,58628,0,0,29
2016,13_Lime Rock,Lime Rock,lime-rock,2016-07-23,201607231505_Race,67,92,2,Richard Westbrook,1:27.435,24.082,33.637,29.716,60.7,1:31:10.281,87435,0,0,29
2016,13_Lime Rock,Lime Rock,lime-rock,2016-07-23,201607231505_Race,67,93,2,Richard Westbrook,1:01.681,27.192,20.749,13.740,86.0,1:32:11.962,61681,0,0,29
2016,13_Lime Rock,Lime Rock,lime-rock,2016-07-23,201607231505_Race,67,94,2,Richard Westbrook,59.206,24.152,21.467,13.587,89.6,1:33:11.168,59206,0,0,29
2016,13_Lime Rock,Lime Rock,lime-rock,2016-07-23,201607231505_Race,67,95,2,Richard Westbrook,1:25.681,25.391,32.432,27.858,61.9,1:34:36.849,85681,0,1,29
2016,13_Lime Rock,Lime Rock,lime-rock,2016-07-23,201607231505_Race,67,96,1,Ryan Briscoe,1:34.876,59.101,21.066,14.709,55.9,1:36:11.725,94876,0,0,29
2016,13_Lime Rock,Lime Rock,lime-rock,2016-07-23,201607231505_Race,67,97,1,Ryan Briscoe,1:27.392,27.823,34.137,25.432,60.7,1:37:39.117,87392,0,0,29
2016,13_Lime Rock,Lime Rock,lime-rock,2016-07-23,201607231505_Race,67,98,1,Ryan Briscoe,1:38.963,34.930,34.559,29.474,53.6,1:39:18.080,98963,0,0,29
2016,13_Lime Rock,Lime Rock,lime-rock,2016-07-23,201607231505_Race,67,99,1,Ryan Briscoe,1:36.223,38.809,40.892,16.522,55.1,1:40:54.303,96223,0,0,29
2016,13_Lime Rock,Lime Rock,lime-rock,2016-07-23,201607231505_Race,67,100,1,Ryan Briscoe,53.321,22.142,19.240,11.939,99.5,1:41:47.624,53321,0,0,29
2016,13_Lime Rock,Lime Rock,lime-rock,2016-07-23,201607231505_Race,67,101,1,Ryan Briscoe,52.367,21.681,18.896,11.790,101.3,1:42:39.991,52367,0,0,29
2016,13_Lime Rock,Lime Rock,lime-rock,2016-07-23,201607231505_Race,67,102,1,Ryan Briscoe,51.963,21.451,18.788,11.724,102.0,1:43:31.954,51963,0,0,29
2016,13_Lime Rock,Lime Rock,lime-rock,2016-07-23,201607231505_Race,67,103,1,Ryan Briscoe,52.658,21.594,19.389,11.675,100.7,1:44:24.612,52658,0,0,29
2016,13_Lime Rock,Lime Rock,lime-rock,2016-07-23,201607231505_Race,67,104,1,Ryan Briscoe,51.536,21.295,18.608,11.633,102.9,1:45:16.148,51536,0,0,29
2016,13_Lime Rock,Lime Rock,lime-rock,2016-07-23,201607231505_Race,67,105,1,Ryan Briscoe,51.476,21.283,18.614,11.579,103.0,1:46:07.624,51476,0,0,29
2016,13_Lime Rock,Lime Rock,lime-rock,2016-07-23,201607231505_Race,67,106,1,Ryan Briscoe,51.649,21.294,18.664,11.691,102.7,1:46:59.273,51649,0,0,29
2016,13_Lime Rock,Lime Rock,lime-rock,2016-07-23,201607231505_Race,67,107,1,Ryan Briscoe,51.928,21.333,18.847,11.748,102.2,1:47:51.201,51928,0,0,29
2016,13_Lime Rock,Lime Rock,lime-rock,2016-07-23,201607231505_Race,67,108,1,Ryan Briscoe,52.827,21.406,19.464,11.957,100.4,1:48:44.028,52827,0,0,29
2016,13_Lime Rock,Lime Rock,lime-rock,2016-07-23,201607231505_Race,67,109,1,Ryan Briscoe,51.966,21.379,18.737,11.850,102.0,1:49:35.994,51966,0,0,29
2016,13_Lime Rock,Lime Rock,lime-rock,2016-07-23,201607231505_Race,67,110,1,Ryan Briscoe,51.539,21.171,18.746,11.622,102.9,1:50:27.533,51539,0,0,29
2016,13_Lime Rock,Lime Rock,lime-rock,2016-07-23,201607231505_Race,67,111,1,Ryan Briscoe,51.418,21.098,18.664,11.656,103.2,1:51:18.951,51418,0,0,29
2016,13_Lime Rock,Lime Rock,lime-rock,2016-07-23,201607231505_Race,67,112,1,Ryan Briscoe,51.677,21.197,18.652,11.828,102.7,1:52:10.628,51677,0,0,29
2016,13_Lime Rock,Lime Rock,lime-rock,2016-07-23,201607231505_Race,67,113,1,Ryan Briscoe,51.882,21.390,18.706,11.786,102.2,1:53:02.510,51882,0,0,29
2016,13_Lime Rock,Lime Rock,lime-rock,2016-07-23,201607231505_Race,67,114,1,Ryan Briscoe,52.770,21.543,18.977,12.250,100.5,1:53:55.280,52770,0,0,29
2016,13_Lime Rock,Lime Rock,lime-rock,2016-07-23,201607231505_Race,67,115,1,Ryan Briscoe,52.896,21.587,19.298,12.011,100.2,1:54:48.176,52896,0,0,29
2016,13_Lime Rock,Lime Rock,lime-rock,2016-07-23,201607231505_Race,67,116,1,Ryan Briscoe,52.775,22.045,18.957,11.773,100.5,1:55:40.951,52775,0,0,29
2016,13_Lime Rock,Lime Rock,lime-rock,2016-07-23,201607231505_Race,67,117,1,Ryan Briscoe,53.092,21.885,19.317,11.890,99.9,1:56:34.043,53092,0,0,29
2016,13_Lime Rock,Lime Rock,lime-rock,2016-07-23,201607231505_Race,67,118,1,Ryan Briscoe,52.552,21.700,19.064,11.788,100.9,1:57:26.595,52552,0,0,29
2016,13_Lime Rock,Lime Rock,lime-rock,2016-07-23,201607231505_Race,67,119,1,Ryan Briscoe,53.018,21.652,19.237,12.129,100.1,1:58:19.613,53018,0,0,29
2016,13_Lime Rock,Lime Rock,lime-rock,2016-07-23,201607231505_Race,67,120,1,Ryan Briscoe,52.681,21.661,19.007,12.013,100.7,1:59:12.294,52681,0,0,29
2016,13_Lime Rock,Lime Rock,lime-rock,2016-07-23,201607231505_Race,67,121,1,Ryan Briscoe,53.317,22.303,19.226,11.788,99.5,2:00:05.611,53317,0,0,29
2016,13_Lime Rock,Lime Rock,lime-rock,2016-07-23,201607231505_Race,67,122,1,Ryan Briscoe,54.018,22.034,20.033,11.951,98.2,2:00:59.629,54018,0,0,29
2016,13_Lime Rock,Lime Rock,lime-rock,2016-07-23,201607231505_Race,67,123,1,Ryan Briscoe,54.800,22.559,20.262,11.979,96.8,2:01:54.429,54800,0,0,29
2016,13_Lime Rock,Lime Rock,lime-rock,2016-07-23,201607231505_Race,67,124,1,Ryan Briscoe,54.359,22.364,19.503,12.492,97.6,2:02:48.788,54359,0,0,29
2016,13_Lime Rock,Lime Rock,lime-rock,2016-07-23,201607231505_Race,67,125,1,Ryan Briscoe,54.749,22.784,19.693,12.272,96.9,2:03:43.537,54749,0,0,29
2016,13_Lime Rock,Lime Rock,lime-rock,2016-07-23,201607231505_Race,67,126,1,Ryan Briscoe,54.498,22.713,19.708,12.077,97.3,2:04:38.035,54498,0,0,29
2016,13_Lime Rock,Lime Rock,lime-rock,2016-07-23,201607231505_Race,67,127,1,Ryan Briscoe,52.742,21.898,19.008,11.836,100.5,2:05:30.777,52742,0,0,29
2016,13_Lime Rock,Lime Rock,lime-rock,2016-07-23,201607231505_Race,67,128,1,Ryan Briscoe,52.405,21.583,18.940,11.882,101.2,2:06:23.182,52405,0,0,29
2016,13_Lime Rock,Lime Rock,lime-rock,2016-07-23,201607231505_Race,67,129,1,Ryan Briscoe,52.243,21.575,18.889,11.779,101.5,2:07:15.425,52243,0,0,29
2016,13_Lime Rock,Lime Rock,lime-rock,2016-07-23,201607231505_Race,67,130,1,Ryan Briscoe,52.386,21.781,18.854,11.751,101.2,2:08:07.811,52386,0,0,29
2016,13_Lime Rock,Lime Rock,lime-rock,2016-07-23,201607231505_Race,67,131,1,Ryan Briscoe,52.634,21.689,19.043,11.902,100.7,2:09:00.445,52634,0,0,29
2016,13_Lime Rock,Lime Rock,lime-rock,2016-07-23,201607231505_Race,67,132,1,Ryan Briscoe,53.229,22.032,19.265,11.932,99.6,2:09:53.674,53229,0,0,29
2016,13_Lime Rock,Lime Rock,lime-rock,2016-07-23,201607231505_Race,67,133,1,Ryan Briscoe,52.604,21.810,18.957,11.837,100.8,2:10:46.278,52604,0,0,29
2016,13_Lime Rock,Lime Rock,lime-rock,2016-07-23,201607231505_Race,67,134,1,Ryan Briscoe,53.004,21.832,19.053,12.119,100.1,2:11:39.282,53004,0,0,29
2016,13_Lime Rock,Lime Rock,lime-rock,2016-07-23,201607231505_Race,67,135,1,Ryan Briscoe,52.580,21.806,18.965,11.809,100.9,2:12:31.862,52580,0,0,29
2016,13_Lime Rock,Lime Rock,lime-rock,2016-07-23,201607231505_Race,67,136,1,Ryan Briscoe,54.788,23.364,19.327,12.097,96.8,2:13:26.650,54788,0,0,29
2016,13_Lime Rock,Lime Rock,lime-rock,2016-07-23,201607231505_Race,67,137,1,Ryan Briscoe,53.298,22.115,19.165,12.018,99.5,2:14:19.948,53298,0,0,29
2016,13_Lime Rock,Lime Rock,lime-rock,2016-07-23,201607231505_Race,67,138,1,Ryan Briscoe,52.985,22.063,19.002,11.920,100.1,2:15:12.933,52985,0,0,29
2016,13_Lime Rock,Lime Rock,lime-rock,2016-07-23,201607231505_Race,67,139,1,Ryan Briscoe,52.695,21.725,19.092,11.878,100.7,2:16:05.628,52695,0,0,29
2016,13_Lime Rock,Lime Rock,lime-rock,2016-07-23,201607231505_Race,67,140,1,Ryan Briscoe,52.664,21.771,19.016,11.877,100.7,2:16:58.292,52664,0,0,29
2016,13_Lime Rock,Lime Rock,lime-rock,2016-07-23,201607231505_Race,67,141,1,Ryan Briscoe,52.782,21.943,19.007,11.832,100.5,2:17:51.074,52782,0,0,29
2016,13_Lime Rock,Lime Rock,lime-rock,2016-07-23,201607231505_Race,67,142,1,Ryan Briscoe,52.546,21.735,18.944,11.867,100.9,2:18:43.620,52546,0,0,29
2016,13_Lime Rock,Lime Rock,lime-rock,2016-07-23,201607231505_Race,67,143,1,Ryan Briscoe,53.458,21.903,19.289,12.266,99.2,2:19:37.078,53458,0,0,29
2016,13_Lime Rock,Lime Rock,lime-rock,2016-07-23,201607231505_Race,67,144,1,Ryan Briscoe,54.098,22.523,19.277,12.298,98.1,2:20:31.176,54098,0,0,29
2016,13_Lime Rock,Lime Rock,lime-rock,2016-07-23,201607231505_Race,67,145,1,Ryan Briscoe,55.321,22.273,19.996,13.052,95.9,2:21:26.497,55321,0,0,29
2016,13_Lime Rock,Lime Rock,lime-rock,2016-07-23,201607231505_Race,67,146,1,Ryan Briscoe,54.455,22.471,19.541,12.443,97.4,2:22:20.952,54455,0,0,29
2016,13_Lime Rock,Lime Rock,lime-rock,2016-07-23,201607231505_Race,67,147,1,Ryan Briscoe,54.607,22.605,19.832,12.170,97.1,2:23:15.559,54607,0,0,30
2016,13_Lime Rock,Lime Rock,lime-rock,2016-07-23,201607231505_Race,67,148,1,Ryan Briscoe,54.417,22.553,19.842,12.022,97.4,2:24:09.976,54417,0,0,30
2016,13_Lime Rock,Lime Rock,lime-rock,2016-07-23,201607231505_Race,67,149,1,Ryan Briscoe,53.742,22.352,19.478,11.912,98.7,2:25:03.718,53742,0,0,30
2016,13_Lime Rock,Lime Rock,lime-rock,2016-07-23,201607231505_Race,67,150,1,Ryan Briscoe,52.808,21.879,19.053,11.876,100.4,2:25:56.526,52808,0,0,30
2016,13_Lime Rock,Lime Rock,lime-rock,2016-07-23,201607231505_Race,67,151,1,Ryan Briscoe,52.764,21.815,19.094,11.855,100.5,2:26:49.290,52764,0,0,30
2016,13_Lime Rock,Lime Rock,lime-rock,2016-07-23,201607231505_Race,67,152,1,Ryan Briscoe,54.266,22.273,19.417,12.576,97.8,2:27:43.556,54266,0,0,30
2016,13_Lime Rock,Lime Rock,lime-rock,2016-07-23,201607231505_Race,67,153,1,Ryan Briscoe,54.033,22.989,19.181,11.863,98.1,2:28:37.589,54033,0,0,30
2016,13_Lime Rock,Lime Rock,lime-rock,2016-07-23,201607231505_Race,67,154,1,Ryan Briscoe,54.204,22.278,19.856,12.070,97.8,2:29:31.793,54204,0,0,30
2016,13_Lime Rock,Lime Rock,lime-rock,2016-07-23,201607231505_Race,67,155,1,Ryan Briscoe,53.579,22.226,19.392,11.961,99.0,2:30:25.372,53579,0,0,30
2016,13_Lime Rock,Lime Rock,lime-rock,2016-07-23,201607231505_Race,67,156,1,Ryan Briscoe,53.064,21.984,19.116,11.964,99.9,2:31:18.436,53064,0,0,30
2016,13_Lime Rock,Lime Rock,lime-rock,2016-07-23,201607231505_Race,67,157,1,Ryan Briscoe,52.952,21.896,19.189,11.867,100.2,2:32:11.388,52952,0,0,30
2016,13_Lime Rock,Lime Rock,lime-rock,2016-07-23,201607231505_Race,67,158,1,Ryan Briscoe,53.688,22.218,19.464,12.006,98.8,2:33:05.076,53688,0,0,30
2016,13_Lime Rock,Lime Rock,lime-rock,2016-07-23,201607231505_Race,67,159,1,Ryan Briscoe,53.321,22.106,19.257,11.958,99.5,2:33:58.397,53321,0,0,30
2016,13_Lime Rock,Lime Rock,lime-rock,2016-07-23,201607231505_Race,67,160,1,Ryan Briscoe,53.115,21.950,19.229,11.936,99.9,2:34:51.512,53115,0,0,30
2016,13_Lime Rock,Lime Rock,lime-rock,2016-07-23,201607231505_Race,67,161,1,Ryan Briscoe,53.166,21.947,19.240,11.979,99.7,2:35:44.678,53166,0,0,30
2016,13_Lime Rock,Lime Rock,lime-rock,2016-07-23,201607231505_Race,67,162,1,Ryan Briscoe,53.388,21.928,19.459,12.001,99.4,2:36:38.066,53388,0,0,30
2016,13_Lime Rock,Lime Rock,lime-rock,2016-07-23,201607231505_Race,67,163,1,Ryan Briscoe,53.269,22.045,19.285,11.939,99.6,2:37:31.335,53269,0,0,30
2016,13_Lime Rock,Lime Rock,lime-rock,2016-07-23,201607231505_Race,67,164,1,Ryan Briscoe,53.766,22.494,19.289,11.983,98.6,2:38:25.101,53766,0,0,30
2016,13_Lime Rock,Lime Rock,lime-rock,2016-07-23,201607231505_Race,67,165,1,Ryan Briscoe,53.105,21.996,19.149,11.960,99.9,2:39:18.206,53105,0,0,30
2016,13_Lime Rock,Lime Rock,lime-rock,2016-07-23,201607231505_Race,67,166,1,Ryan Briscoe,53.425,22.247,19.326,11.852,99.2,2:40:11.631,53425,0,0,30
2016,13_Lime Rock,Lime Rock,lime-rock,2016-07-23,201607231505_Race,67,167,1,Ryan Briscoe,53.123,21.949,19.255,11.919,99.9,2:41:04.754,53123,0,0,30
2016,13_Lime Rock,Lime Rock,lime-rock,2016-07-23,201607231505_Race,73,1,1,Patrick Lindsey,1:37.488,48.358,27.640,21.490,54.4,1:37.488,,,0,30
2016,13_Lime Rock,Lime Rock,lime-rock,2016-07-23,201607231505_Race,73,2,1,Patrick Lindsey,1:05.537,30.188,22.920,12.429,80.9,2:43.025,65537,0,0,30
2016,13_Lime Rock,Lime Rock,lime-rock,2016-07-23,201607231505_Race,73,3,1,Patrick Lindsey,57.429,22.971,21.915,12.543,92.3,3:40.454,57429,0,0,30
2016,13_Lime Rock,Lime Rock,lime-rock,2016-07-23,201607231505_Race,73,4,1,Patrick Lindsey,55.753,23.083,20.206,12.464,95.1,4:36.207,55753,0,0,30
2016,13_Lime Rock,Lime Rock,lime-rock,2016-07-23,201607231505_Race,73,5,1,Patrick Lindsey,55.704,22.925,20.124,12.655,95.2,5:31.911,55704,0,0,30
2016,13_Lime Rock,Lime Rock,lime-rock,2016-07-23,201607231505_Race,73,6,1,Patrick Lindsey,57.144,22.628,19.809,14.707,92.8,6:29.055,57144,0,0,30
2016,13_Lime Rock,Lime Rock,lime-rock,2016-07-23,201607231505_Race,73,7,1,Patrick Lindsey,1:19.466,24.142,22.461,32.863,66.7,7:48.521,79466,0,0,30
2016,13_Lime Rock,Lime Rock,lime-rock,2016-07-23,201607231505_Race,73,8,1,Patrick Lindsey,1:36.311,30.190,34.447,31.674,55.1,9:24.832,96311,0,0,30
2016,13_Lime Rock,Lime Rock,lime-rock,2016-07-23,201607231505_Race,73,9,1,Patrick Lindsey,1:32.863,31.848,35.170,25.845,57.1,10:57.695,92863,0,0,30
2016,13_Lime Rock,Lime Rock,lime-rock,2016-07-23,201607231505_Race,73,10,1,Patrick Lindsey,1:32.677,33.650,31.519,27.508,57.2,12:30.372,92677,0,0,30
2016,13_Lime Rock,Lime Rock,lime-rock,2016-07-23,201607231505_Race,73,11,1,Patrick Lindsey,1:29.366,31.536,29.872,27.958,59.4,13:59.738,89366,0,0,30
2016,13_Lime Rock,Lime Rock,lime-rock,2016-07-23,201607231505_Race,73,12,1,Patrick Lindsey,1:30.117,31.706,30.826,27.585,58.9,15:29.855,90117,0,0,30
2016,13_Lime Rock,Lime Rock,lime-rock,2016-07-23,201607231505_Race,73,13,1,Patrick Lindsey,1:04.681,27.354,24.291,13.036,82.0,16:34.536,64681,0,0,30
2016,13_Lime Rock,Lime Rock,lime-rock,2016-07-23,201607231505_Race,73,14,1,Patrick Lindsey,55.938,23.260,20.203,12.475,94.8,17:30.474,55938,0,0,30
2016,13_Lime Rock,Lime Rock,lime-rock,2016-07-23,201607231505_Race,73,15,1,Patrick Lindsey,54.958,22.735,19.860,12.363,96.5,18:25.432,54958,0,0,30
2016,13_Lime Rock,Lime Rock,lime-rock,2016-07-23,201607231505_Race,73,16,1,Patrick Lindsey,54.889,22.729,19.592,12.568,96.6,19:20.321,54889,0,0,30
2016,13_Lime Rock,Lime Rock,lime-rock,2016-07-23,201607231505_Race,73,17,1,Patrick Lindsey,54.664,22.608,19.629,12.427,97.0,20:14.985,54664,0,0,30
2016,13_Lime Rock,Lime Rock,lime-rock,2016-07-23,201607231505_Race,73,18,1,Patrick Lindsey,54.563,22.494,19.656,12.413,97.2,21:09.548,54563,0,0,30
2016,13_Lime Rock,Lime Rock,lime-rock,2016-07-23,201607231505_Race,73,19,1,Patrick Lindsey,54.519,22.517,19.655,12.347,97.3,22:04.067,54519,0,0,30
2016,13_Lime Rock,Lime Rock,lime-rock,2016-07-23,201607231505_Race,73,20,1,Patrick Lindsey,54.516,22.594,19.586,12.336,97.3,22:58.583,54516,0,0,30
2016,13_Lime Rock,Lime Rock,lime-rock,2016-07-23,201607231505_Race,73,21,1,Patrick Lindsey,54.708,22.624,19.729,12.355,96.9,23:53.291,54708,0,0,30
2016,13_Lime Rock,Lime Rock,lime-rock,2016-07-23,201607231505_Race,73,22,1,Patrick Lindsey,54.483,22.453,19.677,12.353,97.3,24:47.774,54483,0,0,30
2016,13_Lime Rock,Lime Rock,lime-rock,2016-07-23,201607231505_Race,73,23,1,Patrick Lindsey,55.180,22.925,19.844,12.411,96.1,25:42.954,55180,0,0,30
2016,13_Lime Rock,Lime Rock,lime-rock,2016-07-23,201607231505_Race,73,24,1,Patrick Lindsey,54.803,22.716,19.666,12.421,96.8,26:37.757,54803,0,0,30
2016,13_Lime Rock,Lime Rock,lime-rock,2016-07-23,201607231505_Race,73,25,1,Patrick Lindsey,55.409,23.274,19.732,12.403,95.7,27:33.166,55409,0,0,30
2016,13_Lime Rock,Lime Rock,lime-rock,2016-07-23,201607231505_Race,73,26,1,Patrick Lindsey,58.055,22.859,20.136,15.060,91.4,28:31.221,58055,0,0,30
2016,13_Lime Rock,Lime Rock,lime-rock,2016-07-23,201607231505_Race,73,27,1,Patrick Lindsey,1:07.968,25.772,24.938,17.258,78.0,29:39.189,67968,0,0,30
2016,13_Lime Rock,Lime Rock,lime-rock,2016-07-23,201607231505_Race,73,28,1,Patrick Lindsey,1:27.776,31.472,32.818,23.486,60.4,31:06.965,87776,0,0,30
2016,13_Lime Rock,Lime Rock,lime-rock,2016-07-23,201607231505_Race,73,29,1,Patrick Lindsey,1:57.502,34.232,30.355,52.915,45.1,33:04.467,117502,0,1,30
2016,13_Lime Rock,Lime Rock,lime-rock,2016-07-23,201607231505_Race,73,30,1,Patrick Lindsey,1:04.116,31.417,20.274,12.425,82.7,34:08.583,64116,0,0,30
2016,13_Lime Rock,Lime Rock,lime-rock,2016-07-23,201607231505_Race,73,31,1,Patrick Lindsey,56.088,23.026,20.480,12.582,94.6,35:04.671,56088,0,0,30
2016,13_Lime Rock,Lime Rock,lime-rock,2016-07-23,201607231505_Race,73,32,1,Patrick Lindsey,55.207,22.436,20.002,12.769,96.1,35:59.878,55207,0,0,30
2016,13_Lime Rock,Lime Rock,lime-rock,2016-07-23,201607231505_Race,73,33,1,Patrick Lindsey,55.701,23.071,20.311,12.319,95.2,36:55.579,55701,0,0,30
2016,13_Lime Rock,Lime Rock,lime-rock,2016-07-23,201607231505_Race,73,34,1,Patrick Lindsey,55.896,23.012,20.285,12.599,94.9,37:51.475,55896,0,0,30
2016,13_Lime Rock,Lime Rock,lime-rock,2016-07-23,201607231505_Race,73,35,1,Patrick Lindsey,55.677,22.787,20.420,12.470,95.3,38:47.152,55677,0,0,30
2016,13_Lime Rock,Lime Rock,lime-rock,2016-07-23,201607231505_Race,73,36,1,Patrick Lindsey,55.371,22.905,19.873,12.593,95.8,39:42.523,55371,0,0,30
2016,13_Lime Rock,Lime Rock,lime-rock,2016-07-23,201607231505_Race,73,37,1,Patrick Lindsey,55.519,23.204,19.947,12.368,95.5,40:38.042,55519,0,0,30
2016,13_Lime Rock,Lime Rock,lime-rock,2016-07-23,201607231505_Race,73,38,1,Patrick Lindsey,55.467,22.658,20.319,12.490,95.6,41:33.509,55467,0,0,30
2016,13_Lime Rock,Lime Rock,lime-rock,2016-07-23,201607231505_Race,73,39,1,Patrick Lindsey,54.938,22.670,19.925,12.343,96.5,42:28.447,54938,0,0,30
2016,13_Lime Rock,Lime Rock,lime-rock,2016-07-23,201607231505_Race,73,40,1,Patrick Lindsey,56.130,23.047,20.695,12.388,94.5,43:24.577,56130,0,0,30
2016,13_Lime Rock,Lime Rock,lime-rock,2016-07-23,201607231505_Race,73,41,1,Patrick Lindsey,55.657,22.877,20.198,12.582,95.3,44:20.234,55657,0,0,30
2016,13_Lime Rock,Lime Rock,lime-rock,2016-07-23,201607231505_Race,73,42,1,Patrick Lindsey,1:17.103,24.939,30.426,21.738,68.8,45:37.337,77103,0,0,30
2016,13_Lime Rock,Lime Rock,lime-rock,2016-07-23,201607231505_Race,73,43,1,Patrick Lindsey,1:29.886,32.507,33.413,23.966,59.0,47:07.223,89886,0,0,30
2016,13_Lime Rock,Lime Rock,lime-rock,2016-07-23,201607231505_Race,73,44,1,Patrick Lindsey,1:03.780,29.011,21.428,13.341,83.2,48:11.003,63780,0,0,30
2016,13_Lime Rock,Lime Rock,lime-rock,2016-07-23,201607231505_Race,73,45,1,Patrick Lindsey,1:09.484,23.461,21.223,24.800,76.3,49:20.487,69484,0,0,30
2016,13_Lime Rock,Lime Rock,lime-rock,2016-07-23,201607231505_Race,73,46,1,Patrick Lindsey,1:16.648,30.375,33.022,13.251,69.2,50:37.135,76648,0,0,30
2016,13_Lime Rock,Lime Rock,lime-rock,2016-07-23,201607231505_Race,73,47,1,Patrick Lindsey,57.591,23.622,21.260,12.709,92.1,51:34.726,57591,0,0,30
2016,13_Lime Rock,Lime Rock,lime-rock,2016-07-23,201607231505_Race,73,48,1,Patrick Lindsey,54.965,22.802,19.896,12.267,96.5,52:29.691,54965,0,0,30
2016,13_Lime Rock,Lime Rock,lime-rock,2016-07-23,201607231505_Race,73,49,1,Patrick Lindsey,54.781,22.596,19.823,12.362,96.8,53:24.472,54781,0,0,30
2016,13_Lime Rock,Lime Rock,lime-rock,2016-07-23,201607231505_Race,73,50,1,Patrick Lindsey,56.759,23.111,20.463,13.185,93.5,54:21.231,56759,0,0,30
2016,13_Lime Rock,Lime Rock,lime-rock,2016-07-23,201607231505_Race,73,51,1,Patrick Lindsey,55.234,23.042,19.849,12.343,96.0,55:16.465,55234,0,0,30
2016,13_Lime Rock,Lime Rock,lime-rock,2016-07-23,201607231505_Race,73,52,1,Patrick Lindsey,54.482,22.600,19.693,12.189,97.3,56:10.947,54482,0,0,30
2016,13_Lime Rock,Lime Rock,lime-rock,2016-07-23,201607231505_Race,73,53,1,Patrick Lindsey,54.662,22.622,19.754,12.286,97.0,57:05.609,54662,0,0,30
2016,13_Lime Rock,Lime Rock,lime-rock,2016-07-23,201607231505_Race,73,54,1,Patrick Lindsey,54.957,22.757,19.883,12.317,96.5,58:00.566,54957,0,0,30
2016,13_Lime Rock,Lime Rock,lime-rock,2016-07-23,201607231505_Race,73,55,1,Patrick Lindsey,56.426,23.178,20.799,12.449,94.0,58:56.992,56426,0,0,30
2016,13_Lime Rock,Lime Rock,lime-rock,2016-07-23,201607231505_Race,73,56,1,Patrick Lindsey,56.160,23.473,20.184,12.503,94.5,59:53.152,56160,0,0,30
2016,13_Lime Rock,Lime Rock,lime-rock,2016-07-23,201607231505_Race,73,57,1,Patrick Lindsey,56.212,23.099,20.582,12.531,94.3,1:00:49.364,56212,0,0,30
2016,13_Lime Rock,Lime Rock,lime-rock,2016-07-23,201607231505_Race,73,58,1,Patrick Lindsey,54.843,22.916,19.699,12.228,96.7,1:01:44.207,54843,0,0,30
2016,13_Lime Rock,Lime Rock,lime-rock,2016-07-23,201607231505_Race,73,59,1,Patrick Lindsey,55.806,23.087,20.384,12.335,95.0,1:02:40.013,55806,0,0,30
2016,13_Lime Rock,Lime Rock,lime-rock,2016-07-23,201607231505_Race,73,60,1,Patrick Lindsey,55.257,23.230,19.738,12.289,96.0,1:03:35.270,55257,0,0,30
2016,13_Lime Rock,Lime Rock,lime-rock,2016-07-23,201607231505_Race,73,61,1,Patrick Lindsey,55.041,22.992,19.783,12.266,96.4,1:04:30.311,55041,0,0,30
2016,13_Lime Rock,Lime Rock,lime-rock,2016-07-23,201607231505_Race,73,62,1,Patrick Lindsey,55.064,22.917,19.829,12.318,96.3,1:05:25.375,55064,0,0,30
2016,13_Lime Rock,Lime Rock,lime-rock,2016-07-23,201607231505_Race,73,63,1,Patrick Lindsey,55.113,23.027,19.806,12.280,96.3,1:06:20.488,55113,0,0,30
2016,13_Lime Rock,Lime Rock,lime-rock,2016-07-23,201607231505_Race,73,64,1,Patrick Lindsey,54.770,22.668,19.829,12.273,96.8,1:07:15.258,54770,0,0,30
2016,13_Lime Rock,Lime Rock,lime-rock,2016-07-23,201607231505_Race,73,65,1,Patrick Lindsey,55.502,23.157,20.007,12.338,95.6,1:08:10.760,55502,0,0,30
2016,13_Lime Rock,Lime Rock,lime-rock,2016-07-23,201607231505_Race,73,66,1,Patrick Lindsey,56.744,23.693,20.444,12.607,93.5,1:09:07.504,56744,0,0,30
2016,13_Lime Rock,Lime Rock,lime-rock,2016-07-23,201607231505_Race,73,67,1,Patrick Lindsey,57.760,23.465,20.655,13.640,91.9,1:10:05.264,57760,0,0,30
2016,13_Lime Rock,Lime Rock,lime-rock,2016-07-23,201607231505_Race,73,68,1,Patrick Lindsey,55.206,23.012,19.793,12.401,96.1,1:11:00.470,55206,0,0,30
2016,13_Lime Rock,Lime Rock,lime-rock,2016-07-23,201607231505_Race,73,69,1,Patrick Lindsey,55.139,22.957,19.841,12.341,96.2,1:11:55.609,55139,0,0,30
2016,13_Lime Rock,Lime Rock,lime-rock,2016-07-23,201607231505_Race,73,70,1,Patrick Lindsey,55.132,22.920,19.887,12.325,96.2,1:12:50.741,55132,0,0,30
2016,13_Lime Rock,Lime Rock,lime-rock,2016-07-23,201607231505_Race,73,71,1,Patrick Lindsey,55.151,22.960,19.836,12.355,96.1,1:13:45.892,55151,0,0,30
2016,13_Lime Rock,Lime Rock,lime-rock,2016-07-23,201607231505_Race,73,72,1,Patrick Lindsey,55.097,22.984,19.781,12.332,96.3,1:14:40.989,55097,0,0,30
2016,13_Lime Rock,Lime Rock,lime-rock,2016-07-23,201607231505_Race,73,73,1,Patrick Lindsey,55.444,22.950,19.781,12.713,95.6,1:15:36.433,55444,0,0,30
2016,13_Lime Rock,Lime Rock,lime-rock,2016-07-23,201607231505_Race,73,74,1,Patrick Lindsey,55.116,22.993,19.762,12.361,96.2,1:16:31.549,55116,0,0,30
2016,13_Lime Rock,Lime Rock,lime-rock,2016-07-23,201607231505_Race,73,75,1,Patrick Lindsey,55.524,22.971,19.837,12.716,95.5,1:17:27.073,55524,0,0,30
2016,13_Lime Rock,Lime Rock,lime-rock,2016-07-23,201607231505_Race,73,76,1,Patrick Lindsey,55.404,23.083,19.933,12.388,95.7,1:18:22.477,55404,0,0,30
2016,13_Lime Rock,Lime Rock,lime-rock,2016-07-23,201607231505_Race,73,77,1,Patrick Lindsey,55.071,22.948,19.746,12.377,96.3,1:19:17.548,55071,0,0,30
2016,13_Lime Rock,Lime Rock,lime-rock,2016-07-23,201607231505_Race,73,78,1,Patrick Lindsey,58.434,23.245,22.449,12.740,90.7,1:20:15.982,58434,0,0,30
2016,13_Lime Rock,Lime Rock,lime-rock,2016-07-23,201607231505_Race,73,79,1,Patrick Lindsey,55.547,23.293,19.810,12.444,95.5,1:21:11.529,55547,0,0,30
2016,13_Lime Rock,Lime Rock,lime-rock,2016-07-23,201607231505_Race,73,80,1,Patrick Lindsey,55.563,23.320,19.891,12.352,95.5,1:22:07.092,55563,0,0,30
2016,13_Lime Rock,Lime Rock,lime-rock,2016-07-23,201607231505_Race,73,81,1,Patrick Lindsey,55.433,23.096,19.911,12.426,95.7,1:23:02.525,55433,0,0,30
2016,13_Lime Rock,Lime Rock,lime-rock,2016-07-23,201607231505_Race,73,82,1,Patrick Lindsey,55.434,23.067,19.944,12.423,95.7,1:23:57.959,55434,0,0,30
2016,13_Lime Rock,Lime Rock,lime-rock,2016-07-23,201607231505_Race,73,83,1,Patrick Lindsey,57.339,23.257,21.073,13.009,92.5,1:24:55.298,57339,0,0,30
2016,13_Lime Rock,Lime Rock,lime-rock,2016-07-23,201607231505_Race,73,84,1,Patrick Lindsey,55.856,23.352,19.940,12.564,95.0,1:25:51.154,55856,0,0,30
2016,13_Lime Rock,Lime Rock,lime-rock,2016-07-23,201607231505_Race,73,85,1,Patrick Lindsey,58.916,23.218,19.961,15.737,90.0,1:26:50.070,58916,0,0,30
2016,13_Lime Rock,Lime Rock,lime-rock,2016-07-23,201607231505_Race,73,86,1,Patrick Lindsey,56.274,23.619,20.136,12.519,94.3,1:27:46.344,56274,0,0,30
2016,13_Lime Rock,Lime Rock,lime-rock,2016-07-23,201607231505_Race,73,87,1,Patrick Lindsey,1:39.637,23.782,20.032,55.823,53.2,1:29:25.981,99637,0,1,30
2016,13_Lime Rock,Lime Rock,lime-rock,2016-07-23,201607231505_Race,73,88,2,Jorg Bergmeister,1:39.484,34.855,34.921,29.708,53.3,1:31:05.465,99484,0,0,30
2016,13_Lime Rock,Lime Rock,lime-rock,2016-07-23,201607231505_Race,73,89,2,Jorg Bergmeister,1:03.584,28.700,20.213,14.671,83.4,1:32:09.049,63584,0,0,30
2016,13_Lime Rock,Lime Rock,lime-rock,2016-07-23,201607231505_Race,73,90,2,Jorg Bergmeister,56.727,22.738,19.595,14.394,93.5,1:33:05.776,56727,0,0,30
2016,13_Lime Rock,Lime Rock,lime-rock,2016-07-23,201607231505_Race,73,91,2,Jorg Bergmeister,1:22.286,28.050,32.228,22.008,64.4,1:34:28.062,82286,0,0,30
2016,13_Lime Rock,Lime Rock,lime-rock,2016-07-23,201607231505_Race,73,92,2,Jorg Bergmeister,1:47.394,33.652,32.133,41.609,49.3,1:36:15.456,107394,0,1,30
2016,13_Lime Rock,Lime Rock,lime-rock,2016-07-23,201607231505_Race,73,93,2,Jorg Bergmeister,1:28.226,30.607,32.347,25.272,60.1,1:37:43.682,88226,0,0,30
2016,13_Lime Rock,Lime Rock,lime-rock,2016-07-23,201607231505_Race,73,94,2,Jorg Bergmeister,1:23.500,34.634,28.388,20.478,63.5,1:39:07.182,83500,0,0,31
2016,13_Lime Rock,Lime Rock,lime-rock,2016-07-23,201607231505_Race,73,95,2,Jorg Bergmeister,55.271,22.998,19.807,12.466,96.0,1:40:02.453,55271,0,0,31
2016,13_Lime Rock,Lime Rock,lime-rock,2016-07-23,201607231505_Race,73,96,2,Jorg Bergmeister,1:00.393,22.412,24.597,13.384,87.8,1:41:02.846,60393,0,0,31
2016,13_Lime Rock,Lime Rock,lime-rock,2016-07-23,201607231505_Race,73,97,2,Jorg Bergmeister,54.347,22.385,19.568,12.394,97.6,1:41:57.193,54347,0,0,31
2016,13_Lime Rock,Lime Rock,lime-rock,2016-07-23,201607231505_Race,73,98,2,Jorg Bergmeister,54.200,22.434,19.438,12.328,97.9,1:42:51.393,54200,0,0,31
2016,13_Lime Rock,Lime Rock,lime-rock,2016-07-23,201607231505_Race,73,99,2,Jorg Bergmeister,54.802,22.927,19.677,12.198,96.8,1:43:46.195,54802,0,0,31
2016,13_Lime Rock,Lime Rock,lime-rock,2016-07-23,201607231505_Race,73,100,2,Jorg Bergmeister,54.221,22.363,19.489,12.369,97.8,1:44:40.416,54221,0,0,31
2016,13_Lime Rock,Lime Rock,lime-rock,2016-07-23,201607231505_Race,73,101,2,Jorg Bergmeister,54.153,22.455,19.453,12.245,97.9,1:45:34.569,54153,0,0,31
2016,13_Lime Rock,Lime Rock,lime-rock,2016-07-23,201607231505_Race,73,102,2,Jorg Bergmeister,53.949,22.262,19.460,12.227,98.3,1:46:28.518,53949,0,0,31
2016,13_Lime Rock,Lime Rock,lime-rock,2016-07-23,201607231505_Race,73,103,2,Jorg Bergmeister,53.895,22.170,19.486,12.239,98.4,1:47:22.413,53895,0,0,31
2016,13_Lime Rock,Lime Rock,lime-rock,2016-07-23,201607231505_Race,73,104,2,Jorg Bergmeister,53.915,22.261,19.461,12.193,98.4,1:48:16.328,53915,0,0,31
2016,13_Lime Rock,Lime Rock,lime-rock,2016-07-23,201607231505_Race,73,105,2,Jorg Bergmeister,54.031,22.278,19.530,12.223,98.2,1:49:10.359,54031,0,0,31
2016,13_Lime Rock,Lime Rock,lime-rock,2016-07-23,201607231505_Race,73,106,2,Jorg Bergmeister,53.969,22.285,19.410,12.274,98.3,1:50:04.328,53969,0,0,31
2016,13_Lime Rock,Lime Rock,lime-rock,2016-07-23,201607231505_Race,73,107,2,Jorg Bergmeister,54.505,22.670,19.592,12.243,97.3,1:50:58.833,54505,0,0,31
2016,13_Lime Rock,Lime Rock,lime-rock,2016-07-23,201607231505_Race,73,108,2,Jorg Bergmeister,54.155,22.437,19.500,12.218,97.9,1:51:52.988,54155,0,0,31
2016,13_Lime Rock,Lime Rock,lime-rock,2016-07-23,201607231505_Race,73,109,2,Jorg Bergmeister,54.086,22.422,19.398,12.266,98.1,1:52:47.074,54086,0,0,31
2016,13_Lime Rock,Lime Rock,lime-rock,2016-07-23,201607231505_Race,73,110,2,Jorg Bergmeister,54.158,22.385,19.481,12.292,97.9,1:53:41.232,54158,0,0,31
2016,13_Lime Rock,Lime Rock,lime-rock,2016-07-23,201607231505_Race,73,111,2,Jorg Bergmeister,54.530,22.532,19.689,12.309,97.3,1:54:35.762,54530,0,0,31
2016,13_Lime Rock,Lime Rock,lime-rock,2016-07-23,201607231505_Race,73,112,2,Jorg Bergmeister,54.847,22.549,19.995,12.303,96.7,1:55:30.609,54847,0,0,31
2016,13_Lime Rock,Lime Rock,lime-rock,2016-07-23,201607231505_Race,73,113,2,Jorg Bergmeister,54.235,22.453,19.547,12.235,97.8,1:56:24.844,54235,0,0,31
2016,13_Lime Rock,Lime Rock,lime-rock,2016-07-23,201607231505_Race,73,114,2,Jorg Bergmeister,54.737,22.428,19.705,12.604,96.9,1:57:19.581,54737,0,0,31
2016,13_Lime Rock,Lime Rock,lime-rock,2016-07-23,201607231505_Race,73,115,2,Jorg Bergmeister,55.601,22.779,20.249,12.573,95.4,1:58:15.182,55601,0,0,31
2016,13_Lime Rock,Lime Rock,lime-rock,2016-07-23,201607231505_Race,73,116,2,Jorg Bergmeister,56.767,23.669,20.706,12.392,93.4,1:59:11.949,56767,0,0,31
2016,13_Lime Rock,Lime Rock,lime-rock,2016-07-23,201607231505_Race,73,117,2,Jorg Bergmeister,56.013,23.066,20.594,12.353,94.7,2:00:07.962,56013,0,0,31
2016,13_Lime Rock,Lime Rock,lime-rock,2016-07-23,201607231505_Race,73,118,2,Jorg Bergmeister,54.606,22.576,19.724,12.306,97.1,2:01:02.568,54606,0,0,31
2016,13_Lime Rock,Lime Rock,lime-rock,2016-07-23,201607231505_Race,73,119,2,Jorg Bergmeister,55.091,22.837,19.868,12.386,96.3,2:01:57.659,55091,0,0,31
2016,13_Lime Rock,Lime Rock,lime-rock,2016-07-23,201607231505_Race,73,120,2,Jorg Bergmeister,56.154,23.331,20.471,12.352,94.5,2:02:53.813,56154,0,0,31
2016,13_Lime Rock,Lime Rock,lime-rock,2016-07-23,201607231505_Race,73,121,2,Jorg Bergmeister,55.208,22.826,19.926,12.456,96.1,2:03:49.021,55208,0,0,31
2016,13_Lime Rock,Lime Rock,lime-rock,2016-07-23,201607231505_Race,73,122,2,Jorg Bergmeister,56.233,23.640,20.190,12.403,94.3,2:04:45.254,56233,0,0,31
2016,13_Lime Rock,Lime Rock,lime-rock,2016-07-23,201607231505_Race,73,123,2,Jorg Bergmeister,55.095,22.913,19.775,12.407,96.3,2:05:40.349,55095,0,0,31
2016,13_Lime Rock,Lime Rock,lime-rock,2016-07-23,201607231505_Race,73,124,2,Jorg Bergmeister,54.759,22.692,19.638,12.429,96.9,2:06:35.108,54759,0,0,31
2016,13_Lime Rock,Lime Rock,lime-rock,2016-07-23,201607231505_Race,73,125,2,Jorg Bergmeister,56.414,23.460,20.290,12.664,94.0,2:07:31.522,56414,0,0,31
2016,13_Lime Rock,Lime Rock,lime-rock,2016-07-23,201607231505_Race,73,126,2,Jorg Bergmeister,54.841,22.731,19.708,12.402,96.7,2:08:26.363,54841,0,0,31
2016,13_Lime Rock,Lime Rock,lime-rock,2016-07-23,201607231505_Race,73,127,2,Jorg Bergmeister,54.922,22.651,19.860,12.411,96.6,2:09:21.285,54922,0,0,31
2016,13_Lime Rock,Lime Rock,lime-rock,2016-07-23,201607231505_Race,73,128,2,Jorg Bergmeister,55.143,22.726,19.906,12.511,96.2,2:10:16.428,55143,0,0,31
2016,13_Lime Rock,Lime Rock,lime-rock,2016-07-23,201607231505_Race,73,129,2,Jorg Bergmeister,56.717,23.333,20.887,12.497,93.5,2:11:13.145,56717,0,0,31
2016,13_Lime Rock,Lime Rock,lime-rock,2016-07-23,201607231505_Race,73,130,2,Jorg Bergmeister,1:56.018,23.875,33.152,58.991,45.7,2:13:09.163,116018,0,1,31
2016,13_Lime Rock,Lime Rock,lime-rock,2016-07-23,201607231505_Race,73,131,2,Jorg Bergmeister,1:02.358,30.301,19.769,12.288,85.0,2:14:11.521,62358,0,0,31
2016,13_Lime Rock,Lime Rock,lime-rock,2016-07-23,201607231505_Race,73,132,2,Jorg Bergmeister,53.664,22.074,19.404,12.186,98.8,2:15:05.185,53664,0,0,31
2016,13_Lime Rock,Lime Rock,lime-rock,2016-07-23,201607231505_Race,73,133,2,Jorg Bergmeister,53.712,22.055,19.296,12.361,98.7,2:15:58.897,53712,0,0,31
2016,13_Lime Rock,Lime Rock,lime-rock,2016-07-23,201607231505_Race,73,134,2,Jorg Bergmeister,53.937,22.171,19.470,12.296,98.3,2:16:52.834,53937,0,0,31
2016,13_Lime Rock,Lime Rock,lime-rock,2016-07-23,201607231505_Race,73,135,2,Jorg Bergmeister,53.821,22.059,19.409,12.353,98.6,2:17:46.655,53821,0,0,31
2016,13_Lime Rock,Lime Rock,lime-rock,2016-07-23,201607231505_Race,73,136,2,Jorg Bergmeister,54.311,22.208,19.777,12.326,97.6,2:18:40.966,54311,0,0,31
2016,13_Lime Rock,Lime Rock,lime-rock,2016-07-23,201607231505_Race,73,137,2,Jorg Bergmeister,55.505,23.100,19.838,12.567,95.6,2:19:36.471,55505,0,0,31
2016,13_Lime Rock,Lime Rock,lime-rock,2016-07-23,201607231505_Race,73,138,2,Jorg Bergmeister,54.772,22.390,19.504,12.878,96.8,2:20:31.243,54772,0,0,31
2016,13_Lime Rock,Lime Rock,lime-rock,2016-07-23,201607231505_Race,73,139,2,Jorg Bergmeister,56.304,23.868,20.203,12.233,94.2,2:21:27.547,56304,0,0,31
2016,13_Lime Rock,Lime Rock,lime-rock,2016-07-23,201607231505_Race,73,140,2,Jorg Bergmeister,55.621,22.466,20.745,12.410,95.3,2:22:23.168,55621,0,0,31
2016,13_Lime Rock,Lime Rock,lime-rock,2016-07-23,201607231505_Race,73,141,2,Jorg Bergmeister,55.270,23.343,19.629,12.298,96.0,2:23:18.438,55270,0,0,31
2016,13_Lime Rock,Lime Rock,lime-rock,2016-07-23,201607231505_Race,73,142,2,Jorg Bergmeister,57.177,23.441,21.364,12.372,92.8,2:24:15.615,57177,0,0,31
2016,13_Lime Rock,Lime Rock,lime-rock,2016-07-23,201607231505_Race,73,143,2,Jorg Bergmeister,56.344,23.041,20.700,12.603,94.1,2:25:11.959,56344,0,0,31
2016,13_Lime Rock,Lime Rock,lime-rock,2016-07-23,201607231505_Race,73,144,2,Jorg Bergmeister,54.168,22.416,19.548,12.204,97.9,2:26:06.127,54168,0,0,31
2016,13_Lime Rock,Lime Rock,lime-rock,2016-07-23,201607231505_Race,73,145,2,Jorg Bergmeister,54.748,22.528,19.865,12.355,96.9,2:27:00.875,54748,0,0,31
2016,13_Lime Rock,Lime Rock,lime-rock,2016-07-23,201607231505_Race,73,146,2,Jorg Bergmeister,55.955,22.897,20.359,12.699,94.8,2:27:56.830,55955,0,0,31
2016,13_Lime Rock,Lime Rock,lime-rock,2016-07-23,201607231505_Race,73,147,2,Jorg Bergmeister,56.228,23.414,20.379,12.435,94.3,2:28:53.058,56228,0,0,31
2016,13_Lime Rock,Lime Rock,lime-rock,2016-07-23,201607231505_Race,73,148,2,Jorg Bergmeister,55.637,22.833,20.529,12.275,95.3,2:29:48.695,55637,0,0,31
2016,13_Lime Rock,Lime Rock,lime-rock,2016-07-23,201607231505_Race,73,149,2,Jorg Bergmeister,54.141,22.403,19.515,12.223,97.9,2:30:42.836,54141,0,0,31
2016,13_Lime Rock,Lime Rock,lime-rock,2016-07-23,201607231505_Race,73,150,2,Jorg Bergmeister,55.581,22.792,20.429,12.360,95.4,2:31:38.417,55581,0,0,31
2016,13_Lime Rock,Lime Rock,lime-rock,2016-07-23,201607231505_Race,73,151,2,Jorg Bergmeister,54.940,22.787,19.756,12.397,96.5,2:32:33.357,54940,0,0,31
2016,13_Lime Rock,Lime Rock,lime-rock,2016-07-23,201607231505_Race,73,152,2,Jorg Bergmeister,55.313,22.897,19.987,12.429,95.9,2:33:28.670,55313,0,0,31
2016,13_Lime Rock,Lime Rock,lime-rock,2016-07-23,201607231505_Race,73,153,2,Jorg Bergmeister,55.796,22.681,20.235,12.880,95.1,2:34:24.466,55796,0,0,31
2016,13_Lime Rock,Lime Rock,lime-rock,2016-07-23,201607231505_Race,73,154,2,Jorg Bergmeister,56.119,23.266,20.293,12.560,94.5,2:35:20.585,56119,0,0,31
2016,13_Lime Rock,Lime Rock,lime-rock,2016-07-23,201607231505_Race,73,155,2,Jorg Bergmeister,55.416,22.436,20.689,12.291,95.7,2:36:16.001,55416,0,0,31
2016,13_Lime Rock,Lime Rock,lime-rock,2016-07-23,201607231505_Race,73,156,2,Jorg Bergmeister,54.891,22.583,19.873,12.435,96.6,2:37:10.892,54891,0,0,31
2016,13_Lime Rock,Lime Rock,lime-rock,2016-07-23,201607231505_Race,73,157,2,Jorg Bergmeister,56.965,23.070,20.859,13.036,93.1,2:38:07.857,56965,0,0,31
2016,13_Lime Rock,Lime Rock,lime-rock,2016-07-23,201607231505_Race,73,158,2,Jorg Bergmeister,55.413,22.900,20.001,12.512,95.7,2:39:03.270,55413,0,0,31
2016,13_Lime Rock,Lime Rock,lime-rock,2016-07-23,201607231505_Race,73,159,2,Jorg Bergmeister,55.985,23.068,20.160,12.757,94.7,2:39:59.255,55985,0,0,31
2016,13_Lime Rock,Lime Rock,lime-rock,2016-07-23,201607231505_Race,73,160,2,Jorg Bergmeister,56.602,23.333,20.406,12.863,93.7,2:40:55.857,56602,0,0,31
2016,13_Lime Rock,Lime Rock,lime-rock,2016-07-23,201607231505_Race,85,1,1,Misha Goikhberg,1:19.410,32.064,29.278,18.068,66.7,1:19.410,,,0,31
2016,13_Lime Rock,Lime Rock,lime-rock,2016-07-23,201607231505_Race,85,2,1,Misha Goikhberg,1:16.973,31.506,25.752,19.715,68.9,2:36.383,76973,0,0,31
2016,13_Lime Rock,Lime Rock,lime-rock,2016-07-23,201607231505_Race,85,3,1,Misha Goikhberg,55.568,23.975,19.593,12.000,95.5,3:31.951,55568,0,0,31
2016,13_Lime Rock,Lime Rock,lime-rock,2016-07-23,201607231505_Race,85,4,1,Misha Goikhberg,51.886,21.656,18.705,11.525,102.2,4:23.837,51886,0,0,31
2016,13_Lime Rock,Lime Rock,lime-rock,2016-07-23,201607231505_Race,85,5,1,Misha Goikhberg,51.670,21.324,18.879,11.467,102.7,5:15.507,51670,0,0,31
2016,13_Lime Rock,Lime Rock,lime-rock,2016-07-23,201607231505_Race,85,6,1,Misha Goikhberg,51.358,21.255,18.544,11.559,103.3,6:06.865,51358,0,0,31
2016,13_Lime Rock,Lime Rock,lime-rock,2016-07-23,201607231505_Race,85,7,1,Misha Goikhberg,1:21.954,22.673,28.713,30.568,64.7,7:28.819,81954,0,0,31
2016,13_Lime Rock,Lime Rock,lime-rock,2016-07-23,201607231505_Race,85,8,1,Misha Goikhberg,1:35.255,34.232,33.294,27.729,55.7,9:04.074,95255,0,0,31
2016,13_Lime Rock,Lime Rock,lime-rock,2016-07-23,201607231505_Race,85,9,1,Misha Goikhberg,1:32.296,34.102,31.520,26.674,57.4,10:36.370,92296,0,0,31
2016,13_Lime Rock,Lime Rock,lime-rock,2016-07-23,201607231505_Race,85,10,1,Misha Goikhberg,1:31.271,33.763,30.355,27.153,58.1,12:07.641,91271,0,0,31
2016,13_Lime Rock,Lime Rock,lime-rock,2016-07-23,201607231505_Race,85,11,1,Misha Goikhberg,1:28.673,31.975,30.388,26.310,59.8,13:36.314,88673,0,0,31
2016,13_Lime Rock,Lime Rock,lime-rock,2016-07-23,201607231505_Race,85,12,1,Misha Goikhberg,1:31.068,33.810,31.710,25.548,58.2,15:07.382,91068,0,0,31
2016,13_Lime Rock,Lime Rock,lime-rock,2016-07-23,201607231505_Race,85,13,1,Misha Goikhberg,1:18.636,30.384,32.207,16.045,67.4,16:26.018,78636,0,0,31
2016,13_Lime Rock,Lime Rock,lime-rock,2016-07-23,201607231505_Race,85,14,1,Misha Goikhberg,52.913,22.583,18.874,11.456,100.2,17:18.931,52913,0,0,31
2016,13_Lime Rock,Lime Rock,lime-rock,2016-07-23,201607231505_Race,85,15,1,Misha Goikhberg,51.121,21.139,18.603,11.379,103.8,18:10.052,51121,0,0,31
2016,13_Lime Rock,Lime Rock,lime-rock,2016-07-23,201607231505_Race,85,16,1,Misha Goikhberg,50.763,20.954,18.590,11.219,104.5,19:00.815,50763,0,0,31
2016,13_Lime Rock,Lime Rock,lime-rock,2016-07-23,201607231505_Race,85,17,1,Misha Goikhberg,51.127,21.142,18.667,11.318,103.7,19:51.942,51127,0,0,31
2016,13_Lime Rock,Lime Rock,lime-rock,2016-07-23,201607231505_Race,85,18,1,Misha Goikhberg,50.731,21.043,18.526,11.162,104.5,20:42.673,50731,0,0,31
2016,13_Lime Rock,Lime Rock,lime-rock,2016-07-23,201607231505_Race,85,19,1,Misha Goikhberg,52.042,21.392,19.109,11.541,101.9,21:34.715,52042,0,0,31
2016,13_Lime Rock,Lime Rock,lime-rock,2016-07-23,201607231505_Race,85,20,1,Misha Goikhberg,51.128,21.310,18.599,11.219,103.7,22:25.843,51128,0,0,31
2016,13_Lime Rock,Lime Rock,lime-rock,2016-07-23,201607231505_Race,85,21,1,Misha Goikhberg,51.781,21.763,18.673,11.345,102.4,23:17.624,51781,0,0,31
2016,13_Lime Rock,Lime Rock,lime-rock,2016-07-23,201607231505_Race,85,22,1,Misha Goikhberg,52.363,21.319,19.008,12.036,101.3,24:09.987,52363,0,0,31
2016,13_Lime Rock,Lime Rock,lime-rock,2016-07-23,201607231505_Race,85,23,1,Misha Goikhberg,51.369,21.483,18.629,11.257,103.2,25:01.356,51369,0,0,31
2016,13_Lime Rock,Lime Rock,lime-rock,2016-07-23,201607231505_Race,85,24,1,Misha Goikhberg,51.157,21.247,18.672,11.238,103.7,25:52.513,51157,0,0,31
2016,13_Lime Rock,Lime Rock,lime-rock,2016-07-23,201607231505_Race,85,25,1,Misha Goikhberg,51.258,21.431,18.514,11.313,103.5,26:43.771,51258,0,0,31
2016,13_Lime Rock,Lime Rock,lime-rock,2016-07-23,201607231505_Race,85,26,1,Misha Goikhberg,52.993,22.371,19.199,11.423,100.1,27:36.764,52993,0,0,31
2016,13_Lime Rock,Lime Rock,lime-rock,2016-07-23,201607231505_Race,85,27,1,Misha Goikhberg,56.986,22.129,20.187,14.670,93.1,28:33.750,56986,0,0,31
2016,13_Lime Rock,Lime Rock,lime-rock,2016-07-23,201607231505_Race,85,28,1,Misha Goikhberg,1:08.171,27.089,23.483,17.599,77.8,29:41.921,68171,0,0,31
2016,13_Lime Rock,Lime Rock,lime-rock,2016-07-23,201607231505_Race,85,29,1,Misha Goikhberg,1:28.801,31.157,33.881,23.763,59.7,31:10.722,88801,0,0,31
2016,13_Lime Rock,Lime Rock,lime-rock,2016-07-23,201607231505_Race,85,30,1,Misha Goikhberg,1:22.939,32.879,30.668,19.392,64.0,32:33.661,82939,0,0,31
2016,13_Lime Rock,Lime Rock,lime-rock,2016-07-23,201607231505_Race,85,31,1,Misha Goikhberg,1:25.321,34.206,32.543,18.572,62.1,33:58.982,85321,0,0,31
2016,13_Lime Rock,Lime Rock,lime-rock,2016-07-23,201607231505_Race,85,32,1,Misha Goikhberg,51.935,21.740,18.831,11.364,102.1,34:50.917,51935,0,0,31
2016,13_Lime Rock,Lime Rock,lime-rock,2016-07-23,201607231505_Race,85,33,1,Misha Goikhberg,52.860,21.419,19.223,12.218,100.4,35:43.777,52860,0,0,31
2016,13_Lime Rock,Lime Rock,lime-rock,2016-07-23,201607231505_Race,85,34,1,Misha Goikhberg,51.527,21.551,18.727,11.249,102.9,36:35.304,51527,0,0,31
2016,13_Lime Rock,Lime Rock,lime-rock,2016-07-23,201607231505_Race,85,35,1,Misha Goikhberg,51.307,21.234,18.706,11.367,103.3,37:26.611,51307,0,0,31
2016,13_Lime Rock,Lime Rock,lime-rock,2016-07-23,201607231505_Race,85,36,1,Misha Goikhberg,51.426,21.461,18.728,11.237,103.2,38:18.037,51426,0,0,31
2016,13_Lime Rock,Lime Rock,lime-rock,2016-07-23,201607231505_Race,85,37,1,Misha Goikhberg,51.471,21.462,18.678,11.331,103.0,39:09.508,51471,0,0,31
2016,13_Lime Rock,Lime Rock,lime-rock,2016-07-23,201607231505_Race,85,38,1,Misha Goikhberg,51.537,21.634,18.646,11.257,102.9,40:01.045,51537,0,0,31
2016,13_Lime Rock,Lime Rock,lime-rock,2016-07-23,201607231505_Race,85,39,1,Misha Goikhberg,51.249,21.434,18.576,11.239,103.5,40:52.294,51249,0,0,31
2016,13_Lime Rock,Lime Rock,lime-rock,2016-07-23,201607231505_Race,85,40,1,Misha Goikhberg,51.428,21.421,18.714,11.293,103.2,41:43.722,51428,0,0,31
2016,13_Lime Rock,Lime Rock,lime-rock,2016-07-23,201607231505_Race,85,41,1,Misha Goikhberg,51.426,21.451,18.556,11.419,103.2,42:35.148,51426,0,0,31
2016,13_Lime Rock,Lime Rock,lime-rock,2016-07-23,201607231505_Race,85,42,1,Misha Goikhberg,51.685,21.566,18.695,11.424,102.6,43:26.833,51685,0,0,31
2016,13_Lime Rock,Lime Rock,lime-rock,2016-07-23,201607231505_Race,85,43,1,Misha Goikhberg,2:40.420,22.209,1:04.974,1:13.237,33.0,46:07.253,160420,0,1,31
2016,13_Lime Rock,Lime Rock,lime-rock,2016-07-23,201607231505_Race,85,44,1,Misha Goikhberg,32:51.635,,24.555,13.131,2.6,1:18:58.888,1971635,0,0,31
2016,13_Lime Rock,Lime Rock,lime-rock,2016-07-23,201607231505_Race,85,45,1,Misha Goikhberg,56.409,24.181,20.236,11.992,94.0,1:19:55.297,56409,0,0,31
2016,13_Lime Rock,Lime Rock,lime-rock,2016-07-23,201607231505_Race,85,46,1,Misha Goikhberg,52.515,21.840,18.985,11.690,101.0,1:20:47.812,52515,0,0,31
2016,13_Lime Rock,Lime Rock,lime-rock,2016-07-23,201607231505_Race,85,47,1,Misha Goikhberg,51.831,21.732,18.687,11.412,102.4,1:21:39.643,51831,0,0,31
2016,13_Lime Rock,Lime Rock,lime-rock,2016-07-23,201607231505_Race,85,48,1,Misha Goikhberg,51.926,21.157,18.690,12.079,102.2,1:22:31.569,51926,0,0,32
2016,13_Lime Rock,Lime Rock,lime-rock,2016-07-23,201607231505_Race,85,49,1,Misha Goikhberg,51.304,21.350,18.606,11.348,103.4,1:23:22.873,51304,0,0,32
2016,13_Lime Rock,Lime Rock,lime-rock,2016-07-23,201607231505_Race,85,50,1,Misha Goikhberg,52.981,21.955,19.364,11.662,100.1,1:24:15.854,52981,0,0,32
2016,13_Lime Rock,Lime Rock,lime-rock,2016-07-23,201607231505_Race,85,51,1,Misha Goikhberg,53.095,22.012,19.312,11.771,99.9,1:25:08.949,53095,0,0,32
2016,13_Lime Rock,Lime Rock,lime-rock,2016-07-23,201607231505_Race,85,52,1,Misha Goikhberg,52.239,22.021,18.785,11.433,101.5,1:26:01.188,52239,0,0,32
2016,13_Lime Rock,Lime Rock,lime-rock,2016-07-23,201607231505_Race,85,53,1,Misha Goikhberg,53.028,21.458,19.675,11.895,100.0,1:26:54.216,53028,0,0,32
2016,13_Lime Rock,Lime Rock,lime-rock,2016-07-23,201607231505_Race,85,54,1,Misha Goikhberg,52.308,21.661,19.355,11.292,101.4,1:27:46.524,52308,0,0,32
2016,13_Lime Rock,Lime Rock,lime-rock,2016-07-23,201607231505_Race,85,55,1,Misha Goikhberg,51.868,21.597,18.820,11.451,102.2,1:28:38.392,51868,0,0,32
2016,13_Lime Rock,Lime Rock,lime-rock,2016-07-23,201607231505_Race,85,56,1,Misha Goikhberg,59.129,21.963,21.001,16.165,89.7,1:29:37.521,59129,0,0,32
2016,13_Lime Rock,Lime Rock,lime-rock,2016-07-23,201607231505_Race,85,57,1,Misha Goikhberg,1:30.528,24.660,35.029,30.839,58.5,1:31:08.049,90528,0,0,32
2016,13_Lime Rock,Lime Rock,lime-rock,2016-07-23,201607231505_Race,85,58,1,Misha Goikhberg,1:40.353,36.974,35.541,27.838,52.8,1:32:48.402,100353,0,0,32
2016,13_Lime Rock,Lime Rock,lime-rock,2016-07-23,201607231505_Race,85,59,1,Misha Goikhberg,1:33.037,36.213,32.074,24.750,57.0,1:34:21.439,93037,0,0,32
2016,13_Lime Rock,Lime Rock,lime-rock,2016-07-23,201607231505_Race,85,60,1,Misha Goikhberg,1:30.952,34.403,32.147,24.402,58.3,1:35:52.391,90952,0,0,32
2016,13_Lime Rock,Lime Rock,lime-rock,2016-07-23,201607231505_Race,85,61,1,Misha Goikhberg,1:36.561,34.118,35.433,27.010,54.9,1:37:28.952,96561,0,0,32
2016,13_Lime Rock,Lime Rock,lime-rock,2016-07-23,201607231505_Race,85,62,1,Misha Goikhberg,58.480,24.367,19.870,14.243,90.7,1:38:27.432,58480,0,0,32
2016,13_Lime Rock,Lime Rock,lime-rock,2016-07-23,201607231505_Race,85,63,1,Misha Goikhberg,1:05.147,22.585,19.205,23.357,81.4,1:39:32.579,65147,0,0,32
2016,13_Lime Rock,Lime Rock,lime-rock,2016-07-23,201607231505_Race,85,64,1,Misha Goikhberg,1:28.294,36.818,38.941,12.535,60.0,1:41:00.873,88294,0,0,32
2016,13_Lime Rock,Lime Rock,lime-rock,2016-07-23,201607231505_Race,85,65,1,Misha Goikhberg,54.651,22.789,20.090,11.772,97.1,1:41:55.524,54651,0,0,32
2016,13_Lime Rock,Lime Rock,lime-rock,2016-07-23,201607231505_Race,85,66,1,Misha Goikhberg,53.214,21.930,19.482,11.802,99.7,1:42:48.738,53214,0,0,32
2016,13_Lime Rock,Lime Rock,lime-rock,2016-07-23,201607231505_Race,85,67,1,Misha Goikhberg,54.442,22.268,19.826,12.348,97.4,1:43:43.180,54442,0,0,32
2016,13_Lime Rock,Lime Rock,lime-rock,2016-07-23,201607231505_Race,85,68,1,Misha Goikhberg,52.633,22.124,18.900,11.609,100.8,1:44:35.813,52633,0,0,32
2016,13_Lime Rock,Lime Rock,lime-rock,2016-07-23,201607231505_Race,85,69,1,Misha Goikhberg,53.986,22.539,19.448,11.999,98.3,1:45:29.799,53986,0,0,32
2016,13_Lime Rock,Lime Rock,lime-rock,2016-07-23,201607231505_Race,85,70,1,Misha Goikhberg,52.062,21.982,18.893,11.187,101.9,1:46:21.861,52062,0,0,32
2016,13_Lime Rock,Lime Rock,lime-rock,2016-07-23,201607231505_Race,85,71,1,Misha Goikhberg,50.306,20.767,18.333,11.206,105.5,1:47:12.167,50306,0,0,32
2016,13_Lime Rock,Lime Rock,lime-rock,2016-07-23,201607231505_Race,85,72,1,Misha Goikhberg,50.849,21.416,18.277,11.156,104.3,1:48:03.016,50849,0,0,32
2016,13_Lime Rock,Lime Rock,lime-rock,2016-07-23,201607231505_Race,85,73,1,Misha Goikhberg,50.449,20.845,18.332,11.272,105.1,1:48:53.465,50449,0,0,32
2016,13_Lime Rock,Lime Rock,lime-rock,2016-07-23,201607231505_Race,85,74,1,Misha Goikhberg,51.642,21.840,18.523,11.279,102.7,1:49:45.107,51642,0,0,32
2016,13_Lime Rock,Lime Rock,lime-rock,2016-07-23,201607231505_Race,85,75,1,Misha Goikhberg,50.637,21.080,18.408,11.149,104.7,1:50:35.744,50637,0,0,32
2016,13_Lime Rock,Lime Rock,lime-rock,2016-07-23,201607231505_Race,85,76,1,Misha Goikhberg,50.659,20.862,18.553,11.244,104.7,1:51:26.403,50659,0,0,32
2016,13_Lime Rock,Lime Rock,lime-rock,2016-07-23,201607231505_Race,85,77,1,Misha Goikhberg,56.587,26.559,18.708,11.320,93.7,1:52:22.990,56587,0,0,32
2016,13_Lime Rock,Lime Rock,lime-rock,2016-07-23,201607231505_Race,85,78,1,Misha Goikhberg,50.991,21.296,18.464,11.231,104.0,1:53:13.981,50991,0,0,32
2016,13_Lime Rock,Lime Rock,lime-rock,2016-07-23,201607231505_Race,85,79,1,Misha Goikhberg,50.873,21.261,18.324,11.288,104.3,1:54:04.854,50873,0,0,32
2016,13_Lime Rock,Lime Rock,lime-rock,2016-07-23,201607231505_Race,85,80,1,Misha Goikhberg,52.920,22.281,19.024,11.615,100.2,1:54:57.774,52920,0,0,32
2016,13_Lime Rock,Lime Rock,lime-rock,2016-07-23,201607231505_Race,85,81,1,Misha Goikhberg,50.785,21.120,18.435,11.230,104.5,1:55:48.559,50785,0,0,32
2016,13_Lime Rock,Lime Rock,lime-rock,2016-07-23,201607231505_Race,85,82,1,Misha Goikhberg,51.271,21.326,18.592,11.353,103.5,1:56:39.830,51271,0,0,32
2016,13_Lime Rock,Lime Rock,lime-rock,2016-07-23,201607231505_Race,85,83,1,Misha Goikhberg,52.127,21.371,18.821,11.935,101.7,1:57:31.957,52127,0,0,32
2016,13_Lime Rock,Lime Rock,lime-rock,2016-07-23,201607231505_Race,85,84,1,Misha Goikhberg,51.364,21.745,18.380,11.239,103.3,1:58:23.321,51364,0,0,32
2016,13_Lime Rock,Lime Rock,lime-rock,2016-07-23,201607231505_Race,85,85,1,Misha Goikhberg,53.349,21.989,19.739,11.621,99.4,1:59:16.670,53349,0,0,32
2016,13_Lime Rock,Lime Rock,lime-rock,2016-07-23,201607231505_Race,85,86,1,Misha Goikhberg,52.481,21.653,19.581,11.247,101.0,2:00:09.151,52481,0,0,32
2016,13_Lime Rock,Lime Rock,lime-rock,2016-07-23,201607231505_Race,85,87,1,Misha Goikhberg,54.025,22.035,19.794,12.196,98.2,2:01:03.176,54025,0,0,32
2016,13_Lime Rock,Lime Rock,lime-rock,2016-07-23,201607231505_Race,85,88,1,Misha Goikhberg,54.371,22.774,19.585,12.012,97.6,2:01:57.547,54371,0,0,32
2016,13_Lime Rock,Lime Rock,lime-rock,2016-07-23,201607231505_Race,85,89,1,Misha Goikhberg,54.810,22.479,20.465,11.866,96.8,2:02:52.357,54810,0,0,32
2016,13_Lime Rock,Lime Rock,lime-rock,2016-07-23,201607231505_Race,85,90,1,Misha Goikhberg,55.246,22.595,20.503,12.148,96.0,2:03:47.603,55246,0,0,32
2016,13_Lime Rock,Lime Rock,lime-rock,2016-07-23,201607231505_Race,85,91,1,Misha Goikhberg,54.317,22.388,20.242,11.687,97.6,2:04:41.920,54317,0,0,32
2016,13_Lime Rock,Lime Rock,lime-rock,2016-07-23,201607231505_Race,85,92,1,Misha Goikhberg,53.945,22.300,19.843,11.802,98.3,2:05:35.865,53945,0,0,32
2016,13_Lime Rock,Lime Rock,lime-rock,2016-07-23,201607231505_Race,85,93,1,Misha Goikhberg,53.742,22.215,19.934,11.593,98.7,2:06:29.607,53742,0,0,32
2016,13_Lime Rock,Lime Rock,lime-rock,2016-07-23,201607231505_Race,85,94,1,Misha Goikhberg,51.379,21.519,18.675,11.185,103.2,2:07:20.986,51379,0,0,32
2016,13_Lime Rock,Lime Rock,lime-rock,2016-07-23,201607231505_Race,85,95,1,Misha Goikhberg,55.224,21.376,21.915,11.933,96.0,2:08:16.210,55224,0,0,32
2016,13_Lime Rock,Lime Rock,lime-rock,2016-07-23,201607231505_Race,85,96,1,Misha Goikhberg,51.698,21.767,18.695,11.236,102.6,2:09:07.908,51698,0,0,32
2016,13_Lime Rock,Lime Rock,lime-rock,2016-07-23,201607231505_Race,85,97,1,Misha Goikhberg,51.509,21.611,18.584,11.314,103.0,2:09:59.417,51509,0,0,32
2016,13_Lime Rock,Lime Rock,lime-rock,2016-07-23,201607231505_Race,85,98,1,Misha Goikhberg,51.332,21.318,18.802,11.212,103.3,2:10:50.749,51332,0,0,32
2016,13_Lime Rock,Lime Rock,lime-rock,2016-07-23,201607231505_Race,85,99,1,Misha Goikhberg,51.599,21.698,18.600,11.301,102.8,2:11:42.348,51599,0,0,32
2016,13_Lime Rock,Lime Rock,lime-rock,2016-07-23,201607231505_Race,85,100,1,Misha Goikhberg,53.065,21.975,19.480,11.610,99.9,2:12:35.413,53065,0,0,32
2016,13_Lime Rock,Lime Rock,lime-rock,2016-07-23,201607231505_Race,85,101,1,Misha Goikhberg,1:43.642,22.504,19.463,1:01.675,51.2,2:14:19.055,103642,0,1,32
2016,13_Lime Rock,Lime Rock,lime-rock,2016-07-23,201607231505_Race,85,102,2,Stephen Simpson,1:02.476,31.021,19.442,12.013,84.9,2:15:21.531,62476,0,0,32
2016,13_Lime Rock,Lime Rock,lime-rock,2016-07-23,201607231505_Race,85,103,2,Stephen Simpson,52.360,21.373,19.361,11.626,101.3,2:16:13.891,52360,0,0,32
2016,13_Lime Rock,Lime Rock,lime-rock,2016-07-23,201607231505_Race,85,104,2,Stephen Simpson,51.695,21.312,18.781,11.602,102.6,2:17:05.586,51695,0,0,32
2016,13_Lime Rock,Lime Rock,lime-rock,2016-07-23,201607231505_Race,85,105,2,Stephen Simpson,52.516,21.776,19.132,11.608,101.0,2:17:58.102,52516,0,0,32
2016,13_Lime Rock,Lime Rock,lime-rock,2016-07-23,201607231505_Race,85,106,2,Stephen Simpson,51.592,21.098,18.860,11.634,102.8,2:18:49.694,51592,0,0,32
2016,13_Lime Rock,Lime Rock,lime-rock,2016-07-23,201607231505_Race,85,107,2,Stephen Simpson,52.944,21.848,19.402,11.694,100.2,2:19:42.638,52944,0,0,32
2016,13_Lime Rock,Lime Rock,lime-rock,2016-07-23,201607231505_Race,85,108,2,Stephen Simpson,1:04.887,21.619,19.218,24.050,81.7,2:20:47.525,64887,0,1,32
2016,13_Lime Rock,Lime Rock,lime-rock,2016-07-23,201607231505_Race,88,1,1,Mark Kvamme,1:22.350,33.164,28.768,20.418,64.4,1:22.350,,,0,32
2016,13_Lime Rock,Lime Rock,lime-rock,2016-07-23,201607231505_Race,88,2,1,Mark Kvamme,1:14.496,29.118,25.604,19.774,71.2,2:36.846,74496,0,0,32
2016,13_Lime Rock,Lime Rock,lime-rock,2016-07-23,201607231505_Race,88,3,1,Mark Kvamme,57.369,24.899,20.487,11.983,92.5,3:34.215,57369,0,0,32
2016,13_Lime Rock,Lime Rock,lime-rock,2016-07-23,201607231505_Race,88,4,1,Mark Kvamme,54.727,22.509,19.897,12.321,96.9,4:28.942,54727,0,0,32
2016,13_Lime Rock,Lime Rock,lime-rock,2016-07-23,201607231505_Race,88,5,1,Mark Kvamme,55.237,23.208,19.688,12.341,96.0,5:24.179,55237,0,0,32
2016,13_Lime Rock,Lime Rock,lime-rock,2016-07-23,201607231505_Race,88,6,1,Mark Kvamme,55.140,22.347,20.203,12.590,96.2,6:19.319,55140,0,0,32
2016,13_Lime Rock,Lime Rock,lime-rock,2016-07-23,201607231505_Race,88,7,1,Mark Kvamme,1:18.751,23.934,22.113,32.704,67.3,7:38.070,78751,0,0,32
2016,13_Lime Rock,Lime Rock,lime-rock,2016-07-23,201607231505_Race,88,8,1,Mark Kvamme,1:37.080,32.698,33.886,30.496,54.6,9:15.150,97080,0,0,32
2016,13_Lime Rock,Lime Rock,lime-rock,2016-07-23,201607231505_Race,88,9,1,Mark Kvamme,1:32.885,32.338,34.227,26.320,57.1,10:48.035,92885,0,0,32
2016,13_Lime Rock,Lime Rock,lime-rock,2016-07-23,201607231505_Race,88,10,1,Mark Kvamme,1:32.269,31.598,32.917,27.754,57.5,12:20.304,92269,0,0,32
2016,13_Lime Rock,Lime Rock,lime-rock,2016-07-23,201607231505_Race,88,11,1,Mark Kvamme,1:29.333,30.275,30.622,28.436,59.4,13:49.637,89333,0,0,32
2016,13_Lime Rock,Lime Rock,lime-rock,2016-07-23,201607231505_Race,88,12,1,Mark Kvamme,1:28.880,31.424,32.149,25.307,59.7,15:18.517,88880,0,0,32
2016,13_Lime Rock,Lime Rock,lime-rock,2016-07-23,201607231505_Race,88,13,1,Mark Kvamme,1:12.669,28.130,30.594,13.945,73.0,16:31.186,72669,0,0,32
2016,13_Lime Rock,Lime Rock,lime-rock,2016-07-23,201607231505_Race,88,14,1,Mark Kvamme,54.153,22.335,19.652,12.166,97.9,17:25.339,54153,0,0,32
2016,13_Lime Rock,Lime Rock,lime-rock,2016-07-23,201607231505_Race,88,15,1,Mark Kvamme,53.791,22.748,19.023,12.020,98.6,18:19.130,53791,0,0,32
2016,13_Lime Rock,Lime Rock,lime-rock,2016-07-23,201607231505_Race,88,16,1,Mark Kvamme,54.613,22.227,20.105,12.281,97.1,19:13.743,54613,0,0,32
2016,13_Lime Rock,Lime Rock,lime-rock,2016-07-23,201607231505_Race,88,17,1,Mark Kvamme,53.574,21.971,19.203,12.400,99.0,20:07.317,53574,0,0,32
2016,13_Lime Rock,Lime Rock,lime-rock,2016-07-23,201607231505_Race,88,18,1,Mark Kvamme,54.427,22.849,19.251,12.327,97.4,21:01.744,54427,0,0,32
2016,13_Lime Rock,Lime Rock,lime-rock,2016-07-23,201607231505_Race,88,19,1,Mark Kvamme,54.489,22.896,19.495,12.098,97.3,21:56.233,54489,0,0,32
2016,13_Lime Rock,Lime Rock,lime-rock,2016-07-23,201607231505_Race,88,20,1,Mark Kvamme,53.541,22.183,19.307,12.051,99.1,22:49.774,53541,0,0,32
2016,13_Lime Rock,Lime Rock,lime-rock,2016-07-23,201607231505_Race,88,21,1,Mark Kvamme,53.912,22.369,19.340,12.203,98.4,23:43.686,53912,0,0,32
2016,13_Lime Rock,Lime Rock,lime-rock,2016-07-23,201607231505_Race,88,22,1,Mark Kvamme,53.554,22.485,19.080,11.989,99.1,24:37.240,53554,0,0,32
2016,13_Lime Rock,Lime Rock,lime-rock,2016-07-23,201607231505_Race,88,23,1,Mark Kvamme,53.166,22.193,18.933,12.040,99.7,25:30.406,53166,0,0,32
2016,13_Lime Rock,Lime Rock,lime-rock,2016-07-23,201607231505_Race,88,24,1,Mark Kvamme,53.353,22.320,18.889,12.144,99.4,26:23.759,53353,0,0,32
2016,13_Lime Rock,Lime Rock,lime-rock,2016-07-23,201607231505_Race,88,25,1,Mark Kvamme,53.304,22.160,19.027,12.117,99.5,27:17.063,53304,0,0,32
2016,13_Lime Rock,Lime Rock,lime-rock,2016-07-23,201607231505_Race,88,26,1,Mark Kvamme,54.229,22.624,19.452,12.153,97.8,28:11.292,54229,0,0,32
2016,13_Lime Rock,Lime Rock,lime-rock,2016-07-23,201607231505_Race,88,27,1,Mark Kvamme,1:01.029,23.435,22.652,14.942,86.9,29:12.321,61029,0,0,32
2016,13_Lime Rock,Lime Rock,lime-rock,2016-07-23,201607231505_Race,88,28,1,Mark Kvamme,1:04.053,28.010,22.429,13.614,82.8,30:16.374,64053,0,0,32
2016,13_Lime Rock,Lime Rock,lime-rock,2016-07-23,201607231505_Race,88,29,1,Mark Kvamme,1:06.735,24.192,23.551,18.992,79.5,31:23.109,66735,0,0,32
2016,13_Lime Rock,Lime Rock,lime-rock,2016-07-23,201607231505_Race,88,30,1,Mark Kvamme,1:17.685,26.646,31.714,19.325,68.2,32:40.794,77685,0,0,32
2016,13_Lime Rock,Lime Rock,lime-rock,2016-07-23,201607231505_Race,88,31,1,Mark Kvamme,1:21.749,32.758,31.364,17.627,64.9,34:02.543,81749,0,0,32
2016,13_Lime Rock,Lime Rock,lime-rock,2016-07-23,201607231505_Race,88,32,1,Mark Kvamme,55.712,23.301,20.088,12.323,95.2,34:58.255,55712,0,0,32
2016,13_Lime Rock,Lime Rock,lime-rock,2016-07-23,201607231505_Race,88,33,1,Mark Kvamme,1:00.857,24.003,24.298,12.556,87.1,35:59.112,60857,0,0,32
2016,13_Lime Rock,Lime Rock,lime-rock,2016-07-23,201607231505_Race,88,34,1,Mark Kvamme,55.225,22.962,19.799,12.464,96.0,36:54.337,55225,0,0,32
2016,13_Lime Rock,Lime Rock,lime-rock,2016-07-23,201607231505_Race,88,35,1,Mark Kvamme,55.582,22.936,19.807,12.839,95.4,37:49.919,55582,0,0,32
2016,13_Lime Rock,Lime Rock,lime-rock,2016-07-23,201607231505_Race,88,36,1,Mark Kvamme,55.058,22.758,19.542,12.758,96.3,38:44.977,55058,0,0,32
2016,13_Lime Rock,Lime Rock,lime-rock,2016-07-23,201607231505_Race,88,37,1,Mark Kvamme,53.459,22.215,19.222,12.022,99.2,39:38.436,53459,0,0,32
2016,13_Lime Rock,Lime Rock,lime-rock,2016-07-23,201607231505_Race,88,38,1,Mark Kvamme,53.695,22.240,19.123,12.332,98.7,40:32.131,53695,0,0,32
2016,13_Lime Rock,Lime Rock,lime-rock,2016-07-23,201607231505_Race,88,39,1,Mark Kvamme,53.650,22.419,19.324,11.907,98.9,41:25.781,53650,0,0,32
2016,13_Lime Rock,Lime Rock,lime-rock,2016-07-23,201607231505_Race,88,40,1,Mark Kvamme,54.919,22.941,19.640,12.338,96.6,42:20.700,54919,0,0,32
2016,13_Lime Rock,Lime Rock,lime-rock,2016-07-23,201607231505_Race,88,41,1,Mark Kvamme,55.295,23.149,19.581,12.565,95.9,43:15.995,55295,0,0,32
2016,13_Lime Rock,Lime Rock,lime-rock,2016-07-23,201607231505_Race,88,42,1,Mark Kvamme,56.218,23.077,20.789,12.352,94.3,44:12.213,56218,0,0,32
2016,13_Lime Rock,Lime Rock,lime-rock,2016-07-23,201607231505_Race,88,43,1,Mark Kvamme,1:07.269,23.735,26.197,17.337,78.9,45:19.482,67269,0,0,32
2016,13_Lime Rock,Lime Rock,lime-rock,2016-07-23,201607231505_Race,88,44,1,Mark Kvamme,1:01.914,24.470,23.772,13.672,85.6,46:21.396,61914,0,0,32
2016,13_Lime Rock,Lime Rock,lime-rock,2016-07-23,201607231505_Race,88,45,1,Mark Kvamme,1:05.047,23.210,21.673,20.164,81.5,47:26.443,65047,0,0,32
2016,13_Lime Rock,Lime Rock,lime-rock,2016-07-23,201607231505_Race,88,46,1,Mark Kvamme,1:46.360,34.507,37.225,34.628,49.8,49:12.803,106360,0,0,32
2016,13_Lime Rock,Lime Rock,lime-rock,2016-07-23,201607231505_Race,88,47,1,Mark Kvamme,1:23.502,33.268,34.972,15.262,63.5,50:36.305,83502,0,0,32
2016,13_Lime Rock,Lime Rock,lime-rock,2016-07-23,201607231505_Race,88,48,1,Mark Kvamme,57.541,23.910,20.918,12.713,92.2,51:33.846,57541,0,0,32
2016,13_Lime Rock,Lime Rock,lime-rock,2016-07-23,201607231505_Race,88,49,1,Mark Kvamme,54.493,22.454,19.632,12.407,97.3,52:28.339,54493,0,0,32
2016,13_Lime Rock,Lime Rock,lime-rock,2016-07-23,201607231505_Race,88,50,1,Mark Kvamme,54.704,22.761,19.679,12.264,96.9,53:23.043,54704,0,0,32
2016,13_Lime Rock,Lime Rock,lime-rock,2016-07-23,201607231505_Race,88,51,1,Mark Kvamme,57.292,24.121,20.354,12.817,92.6,54:20.335,57292,0,0,32
2016,13_Lime Rock,Lime Rock,lime-rock,2016-07-23,201607231505_Race,88,52,1,Mark Kvamme,53.869,22.324,19.516,12.029,98.4,55:14.204,53869,0,0,32
2016,13_Lime Rock,Lime Rock,lime-rock,2016-07-23,201607231505_Race,88,53,1,Mark Kvamme,54.631,22.635,19.830,12.166,97.1,56:08.835,54631,0,0,32
2016,13_Lime Rock,Lime Rock,lime-rock,2016-07-23,201607231505_Race,88,54,1,Mark Kvamme,55.507,23.544,19.772,12.191,95.6,57:04.342,55507,0,0,33
2016,13_Lime Rock,Lime Rock,lime-rock,2016-07-23,201607231505_Race,88,55,1,Mark Kvamme,55.167,23.214,19.656,12.297,96.1,57:59.509,55167,0,0,33
2016,13_Lime Rock,Lime Rock,lime-rock,2016-07-23,201607231505_Race,88,56,1,Mark Kvamme,56.761,23.333,20.493,12.935,93.5,58:56.270,56761,0,0,33
2016,13_Lime Rock,Lime Rock,lime-rock,2016-07-23,201607231505_Race,88,57,1,Mark Kvamme,55.507,23.673,19.844,11.990,95.6,59:51.777,55507,0,0,33
2016,13_Lime Rock,Lime Rock,lime-rock,2016-07-23,201607231505_Race,88,58,1,Mark Kvamme,55.275,23.219,19.890,12.166,96.0,1:00:47.052,55275,0,0,33
2016,13_Lime Rock,Lime Rock,lime-rock,2016-07-23,201607231505_Race,88,59,1,Mark Kvamme,1:45.244,22.412,19.335,1:03.497,50.3,1:02:32.296,105244,0,1,33
2016,13_Lime Rock,Lime Rock,lime-rock,2016-07-23,201607231505_Race,88,60,2,Remo Ruscitti,59.948,29.680,18.793,11.475,88.5,1:03:32.244,59948,0,0,33
2016,13_Lime Rock,Lime Rock,lime-rock,2016-07-23,201607231505_Race,88,61,2,Remo Ruscitti,52.521,22.184,18.890,11.447,101.0,1:04:24.765,52521,0,0,33
2016,13_Lime Rock,Lime Rock,lime-rock,2016-07-23,201607231505_Race,88,62,2,Remo Ruscitti,52.626,21.158,19.472,11.996,100.8,1:05:17.391,52626,0,0,33
2016,13_Lime Rock,Lime Rock,lime-rock,2016-07-23,201607231505_Race,88,63,2,Remo Ruscitti,51.097,21.510,18.331,11.256,103.8,1:06:08.488,51097,0,0,33
2016,13_Lime Rock,Lime Rock,lime-rock,2016-07-23,201607231505_Race,88,64,2,Remo Ruscitti,50.061,20.633,18.298,11.130,106.0,1:06:58.549,50061,0,0,33
2016,13_Lime Rock,Lime Rock,lime-rock,2016-07-23,201607231505_Race,88,65,2,Remo Ruscitti,50.456,20.921,18.375,11.160,105.1,1:07:49.005,50456,0,0,33
2016,13_Lime Rock,Lime Rock,lime-rock,2016-07-23,201607231505_Race,88,66,2,Remo Ruscitti,52.500,21.139,18.605,12.756,101.0,1:08:41.505,52500,0,0,33
2016,13_Lime Rock,Lime Rock,lime-rock,2016-07-23,201607231505_Race,88,67,2,Remo Ruscitti,52.193,22.509,18.431,11.253,101.6,1:09:33.698,52193,0,0,33
2016,13_Lime Rock,Lime Rock,lime-rock,2016-07-23,201607231505_Race,88,68,2,Remo Ruscitti,50.811,21.037,18.384,11.390,104.4,1:10:24.509,50811,0,0,33
2016,13_Lime Rock,Lime Rock,lime-rock,2016-07-23,201607231505_Race,88,69,2,Remo Ruscitti,51.375,20.866,18.430,12.079,103.2,1:11:15.884,51375,0,0,33
2016,13_Lime Rock,Lime Rock,lime-rock,2016-07-23,201607231505_Race,88,70,2,Remo Ruscitti,52.204,21.117,19.050,12.037,101.6,1:12:08.088,52204,0,0,33
2016,13_Lime Rock,Lime Rock,lime-rock,2016-07-23,201607231505_Race,88,71,2,Remo Ruscitti,52.528,22.437,18.697,11.394,101.0,1:13:00.616,52528,0,0,33
2016,13_Lime Rock,Lime Rock,lime-rock,2016-07-23,201607231505_Race,88,72,2,Remo Ruscitti,51.109,20.971,18.563,11.575,103.8,1:13:51.725,51109,0,0,33
2016,13_Lime Rock,Lime Rock,lime-rock,2016-07-23,201607231505_Race,88,73,2,Remo Ruscitti,52.286,22.354,18.596,11.336,101.4,1:14:44.011,52286,0,0,33
2016,13_Lime Rock,Lime Rock,lime-rock,2016-07-23,201607231505_Race,88,74,2,Remo Ruscitti,51.790,21.147,18.739,11.904,102.4,1:15:35.801,51790,0,0,33
2016,13_Lime Rock,Lime Rock,lime-rock,2016-07-23,201607231505_Race,88,75,2,Remo Ruscitti,51.065,21.239,18.526,11.300,103.8,1:16:26.866,51065,0,0,33
2016,13_Lime Rock,Lime Rock,lime-rock,2016-07-23,201607231505_Race,88,76,2,Remo Ruscitti,52.320,22.081,18.891,11.348,101.4,1:17:19.186,52320,0,0,33
2016,13_Lime Rock,Lime Rock,lime-rock,2016-07-23,201607231505_Race,88,77,2,Remo Ruscitti,52.760,21.397,19.314,12.049,100.5,1:18:11.946,52760,0,0,33
2016,13_Lime Rock,Lime Rock,lime-rock,2016-07-23,201607231505_Race,88,78,2,Remo Ruscitti,53.501,21.639,19.333,12.529,99.1,1:19:05.447,53501,0,0,33
2016,13_Lime Rock,Lime Rock,lime-rock,2016-07-23,201607231505_Race,88,79,2,Remo Ruscitti,51.406,21.720,18.424,11.262,103.2,1:19:56.853,51406,0,0,33
2016,13_Lime Rock,Lime Rock,lime-rock,2016-07-23,201607231505_Race,88,80,2,Remo Ruscitti,51.493,21.307,18.738,11.448,103.0,1:20:48.346,51493,0,0,33
2016,13_Lime Rock,Lime Rock,lime-rock,2016-07-23,201607231505_Race,88,81,2,Remo Ruscitti,52.724,22.330,19.003,11.391,100.6,1:21:41.070,52724,0,0,33
2016,13_Lime Rock,Lime Rock,lime-rock,2016-07-23,201607231505_Race,88,82,2,Remo Ruscitti,51.400,21.383,18.668,11.349,103.2,1:22:32.470,51400,0,0,33
2016,13_Lime Rock,Lime Rock,lime-rock,2016-07-23,201607231505_Race,88,83,2,Remo Ruscitti,52.169,22.171,18.624,11.374,101.7,1:23:24.639,52169,0,0,33
2016,13_Lime Rock,Lime Rock,lime-rock,2016-07-23,201607231505_Race,88,84,2,Remo Ruscitti,52.001,21.521,18.904,11.576,102.0,1:24:16.640,52001,0,0,33
2016,13_Lime Rock,Lime Rock,lime-rock,2016-07-23,201607231505_Race,88,85,2,Remo Ruscitti,54.550,22.520,20.020,12.010,97.3,1:25:11.190,54550,0,0,33
2016,13_Lime Rock,Lime Rock,lime-rock,2016-07-23,201607231505_Race,88,86,2,Remo Ruscitti,54.234,22.298,19.447,12.489,97.8,1:26:05.424,54234,0,0,33
2016,13_Lime Rock,Lime Rock,lime-rock,2016-07-23,201607231505_Race,88,87,2,Remo Ruscitti,52.995,22.343,19.048,11.604,100.1,1:26:58.419,52995,0,0,33
2016,13_Lime Rock,Lime Rock,lime-rock,2016-07-23,201607231505_Race,88,88,2,Remo Ruscitti,52.884,21.803,19.227,11.854,100.3,1:27:51.303,52884,0,0,33
2016,13_Lime Rock,Lime Rock,lime-rock,2016-07-23,201607231505_Race,88,89,2,Remo Ruscitti,54.587,22.293,19.771,12.523,97.1,1:28:45.890,54587,0,0,33
2016,13_Lime Rock,Lime Rock,lime-rock,2016-07-23,201607231505_Race,88,90,2,Remo Ruscitti,58.051,23.544,20.474,14.033,91.4,1:29:43.941,58051,0,0,33
2016,13_Lime Rock,Lime Rock,lime-rock,2016-07-23,201607231505_Race,88,91,2,Remo Ruscitti,1:27.823,24.987,33.017,29.819,60.3,1:31:11.764,87823,0,0,33
2016,13_Lime Rock,Lime Rock,lime-rock,2016-07-23,201607231505_Race,88,92,2,Remo Ruscitti,1:39.544,35.276,34.822,29.446,53.3,1:32:51.308,99544,0,0,33
2016,13_Lime Rock,Lime Rock,lime-rock,2016-07-23,201607231505_Race,88,93,2,Remo Ruscitti,1:31.311,34.814,31.845,24.652,58.0,1:34:22.619,91311,0,0,33
2016,13_Lime Rock,Lime Rock,lime-rock,2016-07-23,201607231505_Race,88,94,2,Remo Ruscitti,1:30.865,33.888,32.389,24.588,58.4,1:35:53.484,90865,0,0,33
2016,13_Lime Rock,Lime Rock,lime-rock,2016-07-23,201607231505_Race,88,95,2,Remo Ruscitti,1:36.042,33.593,35.888,26.561,55.2,1:37:29.526,96042,0,0,33
2016,13_Lime Rock,Lime Rock,lime-rock,2016-07-23,201607231505_Race,88,96,2,Remo Ruscitti,58.197,24.229,19.966,14.002,91.1,1:38:27.723,58197,0,0,33
2016,13_Lime Rock,Lime Rock,lime-rock,2016-07-23,201607231505_Race,88,97,2,Remo Ruscitti,1:05.711,23.051,19.240,23.420,80.7,1:39:33.434,65711,0,0,33
2016,13_Lime Rock,Lime Rock,lime-rock,2016-07-23,201607231505_Race,88,98,2,Remo Ruscitti,1:27.799,36.668,38.516,12.615,60.4,1:41:01.233,87799,0,0,33
2016,13_Lime Rock,Lime Rock,lime-rock,2016-07-23,201607231505_Race,88,99,2,Remo Ruscitti,54.836,22.776,20.087,11.973,96.7,1:41:56.069,54836,0,0,33
2016,13_Lime Rock,Lime Rock,lime-rock,2016-07-23,201607231505_Race,88,100,2,Remo Ruscitti,53.314,21.883,19.364,12.067,99.5,1:42:49.383,53314,0,0,33
2016,13_Lime Rock,Lime Rock,lime-rock,2016-07-23,201607231505_Race,88,101,2,Remo Ruscitti,54.528,22.376,19.847,12.305,97.3,1:43:43.911,54528,0,0,33
2016,13_Lime Rock,Lime Rock,lime-rock,2016-07-23,201607231505_Race,88,102,2,Remo Ruscitti,53.482,22.191,19.273,12.018,99.2,1:44:37.393,53482,0,0,33
2016,13_Lime Rock,Lime Rock,lime-rock,2016-07-23,201607231505_Race,88,103,2,Remo Ruscitti,53.773,21.935,19.751,12.087,98.6,1:45:31.166,53773,0,0,33
2016,13_Lime Rock,Lime Rock,lime-rock,2016-07-23,201607231505_Race,88,104,2,Remo Ruscitti,54.309,21.952,19.444,12.913,97.6,1:46:25.475,54309,0,0,33
2016,13_Lime Rock,Lime Rock,lime-rock,2016-07-23,201607231505_Race,88,105,2,Remo Ruscitti,52.895,22.012,18.877,12.006,100.2,1:47:18.370,52895,0,0,33
2016,13_Lime Rock,Lime Rock,lime-rock,2016-07-23,201607231505_Race,88,106,2,Remo Ruscitti,52.293,21.882,18.825,11.586,101.4,1:48:10.663,52293,0,0,33
2016,13_Lime Rock,Lime Rock,lime-rock,2016-07-23,201607231505_Race,88,107,2,Remo Ruscitti,52.014,21.823,18.740,11.451,102.0,1:49:02.677,52014,0,0,33
2016,13_Lime Rock,Lime Rock,lime-rock,2016-07-23,201607231505_Race,88,108,2,Remo Ruscitti,53.212,21.840,19.263,12.109,99.7,1:49:55.889,53212,0,0,33
2016,13_Lime Rock,Lime Rock,lime-rock,2016-07-23,201607231505_Race,88,109,2,Remo Ruscitti,52.568,21.880,19.098,11.590,100.9,1:50:48.457,52568,0,0,33
2016,13_Lime Rock,Lime Rock,lime-rock,2016-07-23,201607231505_Race,88,110,2,Remo Ruscitti,52.271,21.868,18.791,11.612,101.5,1:51:40.728,52271,0,0,33
2016,13_Lime Rock,Lime Rock,lime-rock,2016-07-23,201607231505_Race,88,111,2,Remo Ruscitti,52.191,21.756,18.850,11.585,101.6,1:52:32.919,52191,0,0,33
2016,13_Lime Rock,Lime Rock,lime-rock,2016-07-23,201607231505_Race,88,112,2,Remo Ruscitti,52.514,21.995,18.861,11.658,101.0,1:53:25.433,52514,0,0,33
2016,13_Lime Rock,Lime Rock,lime-rock,2016-07-23,201607231505_Race,88,113,2,Remo Ruscitti,52.759,21.894,19.082,11.783,100.5,1:54:18.192,52759,0,0,33
2016,13_Lime Rock,Lime Rock,lime-rock,2016-07-23,201607231505_Race,88,114,2,Remo Ruscitti,53.400,22.486,19.108,11.806,99.3,1:55:11.592,53400,0,0,33
2016,13_Lime Rock,Lime Rock,lime-rock,2016-07-23,201607231505_Race,88,115,2,Remo Ruscitti,53.699,22.487,19.349,11.863,98.7,1:56:05.291,53699,0,0,33
2016,13_Lime Rock,Lime Rock,lime-rock,2016-07-23,201607231505_Race,88,116,2,Remo Ruscitti,52.980,22.085,19.083,11.812,100.1,1:56:58.271,52980,0,0,33
2016,13_Lime Rock,Lime Rock,lime-rock,2016-07-23,201607231505_Race,88,117,2,Remo Ruscitti,53.180,22.282,19.150,11.748,99.7,1:57:51.451,53180,0,0,33
2016,13_Lime Rock,Lime Rock,lime-rock,2016-07-23,201607231505_Race,88,118,2,Remo Ruscitti,54.158,22.698,19.605,11.855,97.9,1:58:45.609,54158,0,0,33
2016,13_Lime Rock,Lime Rock,lime-rock,2016-07-23,201607231505_Race,88,119,2,Remo Ruscitti,53.269,22.445,19.056,11.768,99.6,1:59:38.878,53269,0,0,33
2016,13_Lime Rock,Lime Rock,lime-rock,2016-07-23,201607231505_Race,88,120,2,Remo Ruscitti,53.580,22.414,19.238,11.928,99.0,2:00:32.458,53580,0,0,33
2016,13_Lime Rock,Lime Rock,lime-rock,2016-07-23,201607231505_Race,88,121,2,Remo Ruscitti,53.393,22.547,19.208,11.638,99.3,2:01:25.851,53393,0,0,33
2016,13_Lime Rock,Lime Rock,lime-rock,2016-07-23,201607231505_Race,88,122,2,Remo Ruscitti,54.191,22.857,19.460,11.874,97.9,2:02:20.042,54191,0,0,33
2016,13_Lime Rock,Lime Rock,lime-rock,2016-07-23,201607231505_Race,88,123,2,Remo Ruscitti,54.505,22.864,19.541,12.100,97.3,2:03:14.547,54505,0,0,33
2016,13_Lime Rock,Lime Rock,lime-rock,2016-07-23,201607231505_Race,88,124,2,Remo Ruscitti,55.078,22.884,19.923,12.271,96.3,2:04:09.625,55078,0,0,33
2016,13_Lime Rock,Lime Rock,lime-rock,2016-07-23,201607231505_Race,88,125,2,Remo Ruscitti,1:45.428,22.937,19.586,1:02.905,50.3,2:05:55.053,105428,0,1,33
2016,13_Lime Rock,Lime Rock,lime-rock,2016-07-23,201607231505_Race,88,126,2,Remo Ruscitti,1:01.788,29.707,20.117,11.964,85.8,2:06:56.841,61788,0,0,33
2016,13_Lime Rock,Lime Rock,lime-rock,2016-07-23,201607231505_Race,88,127,2,Remo Ruscitti,51.891,21.595,18.775,11.521,102.2,2:07:48.732,51891,0,0,33
2016,13_Lime Rock,Lime Rock,lime-rock,2016-07-23,201607231505_Race,88,128,2,Remo Ruscitti,50.999,21.131,18.441,11.427,104.0,2:08:39.731,50999,0,0,33
2016,13_Lime Rock,Lime Rock,lime-rock,2016-07-23,201607231505_Race,88,129,2,Remo Ruscitti,50.538,21.005,18.254,11.279,105.0,2:09:30.269,50538,0,0,33
2016,13_Lime Rock,Lime Rock,lime-rock,2016-07-23,201607231505_Race,88,130,2,Remo Ruscitti,51.336,20.893,19.005,11.438,103.3,2:10:21.605,51336,0,0,33
2016,13_Lime Rock,Lime Rock,lime-rock,2016-07-23,201607231505_Race,88,131,2,Remo Ruscitti,52.651,21.700,19.313,11.638,100.7,2:11:14.256,52651,0,0,33
2016,13_Lime Rock,Lime Rock,lime-rock,2016-07-23,201607231505_Race,88,132,2,Remo Ruscitti,53.377,21.797,19.018,12.562,99.4,2:12:07.633,53377,0,0,33
2016,13_Lime Rock,Lime Rock,lime-rock,2016-07-23,201607231505_Race,88,133,2,Remo Ruscitti,54.383,22.070,19.707,12.606,97.5,2:13:02.016,54383,0,0,33
2016,13_Lime Rock,Lime Rock,lime-rock,2016-07-23,201607231505_Race,88,134,2,Remo Ruscitti,54.670,23.100,19.404,12.166,97.0,2:13:56.686,54670,0,0,33
2016,13_Lime Rock,Lime Rock,lime-rock,2016-07-23,201607231505_Race,88,135,2,Remo Ruscitti,52.368,22.367,18.644,11.357,101.3,2:14:49.054,52368,0,0,33
2016,13_Lime Rock,Lime Rock,lime-rock,2016-07-23,201607231505_Race,88,136,2,Remo Ruscitti,50.679,20.887,18.510,11.282,104.7,2:15:39.733,50679,0,0,33
2016,13_Lime Rock,Lime Rock,lime-rock,2016-07-23,201607231505_Race,88,137,2,Remo Ruscitti,50.608,20.999,18.383,11.226,104.8,2:16:30.341,50608,0,0,33
2016,13_Lime Rock,Lime Rock,lime-rock,2016-07-23,201607231505_Race,88,138,2,Remo Ruscitti,50.638,20.896,18.493,11.249,104.7,2:17:20.979,50638,0,0,33
2016,13_Lime Rock,Lime Rock,lime-rock,2016-07-23,201607231505_Race,88,139,2,Remo Ruscitti,50.690,20.871,18.509,11.310,104.7,2:18:11.669,50690,0,0,33
2016,13_Lime Rock,Lime Rock,lime-rock,2016-07-23,201607231505_Race,88,140,2,Remo Ruscitti,50.603,20.890,18.419,11.294,104.8,2:19:02.272,50603,0,0,33
2016,13_Lime Rock,Lime Rock,lime-rock,2016-07-23,201607231505_Race,88,141,2,Remo Ruscitti,52.512,22.087,19.085,11.340,101.0,2:19:54.784,52512,0,0,33
2016,13_Lime Rock,Lime Rock,lime-rock,2016-07-23,201607231505_Race,88,142,2,Remo Ruscitti,50.855,21.027,18.579,11.249,104.3,2:20:45.639,50855,0,0,33
2016,13_Lime Rock,Lime Rock,lime-rock,2016-07-23,201607231505_Race,88,143,2,Remo Ruscitti,50.758,21.014,18.515,11.229,104.5,2:21:36.397,50758,0,0,33
2016,13_Lime Rock,Lime Rock,lime-rock,2016-07-23,201607231505_Race,88,144,2,Remo Ruscitti,51.210,21.107,18.626,11.477,103.6,2:22:27.607,51210,0,0,33
2016,13_Lime Rock,Lime Rock,lime-rock,2016-07-23,201607231505_Race,88,145,2,Remo Ruscitti,53.973,22.441,19.099,12.433,98.3,2:23:21.580,53973,0,0,33
2016,13_Lime Rock,Lime Rock,lime-rock,2016-07-23,201607231505_Race,88,146,2,Remo Ruscitti,53.069,21.639,19.370,12.060,99.9,2:24:14.649,53069,0,0,33
2016,13_Lime Rock,Lime Rock,lime-rock,2016-07-23,201607231505_Race,88,147,2,Remo Ruscitti,54.900,23.787,19.489,11.624,96.6,2:25:09.549,54900,0,0,33
2016,13_Lime Rock,Lime Rock,lime-rock,2016-07-23,201607231505_Race,88,148,2,Remo Ruscitti,54.720,22.828,19.729,12.163,96.9,2:26:04.269,54720,0,0,33
2016,13_Lime Rock,Lime Rock,lime-rock,2016-07-23,201607231505_Race,88,149,2,Remo Ruscitti,53.774,22.307,19.419,12.048,98.6,2:26:58.043,53774,0,0,33
2016,13_Lime Rock,Lime Rock,lime-rock,2016-07-23,201607231505_Race,88,150,2,Remo Ruscitti,52.817,22.574,18.842,11.401,100.4,2:27:50.860,52817,0,0,33
2016,13_Lime Rock,Lime Rock,lime-rock,2016-07-23,201607231505_Race,88,151,2,Remo Ruscitti,51.305,21.485,18.507,11.313,103.4,2:28:42.165,51305,0,0,33
2016,13_Lime Rock,Lime Rock,lime-rock,2016-07-23,201607231505_Race,88,152,2,Remo Ruscitti,52.845,21.976,19.183,11.686,100.4,2:29:35.010,52845,0,0,33
2016,13_Lime Rock,Lime Rock,lime-rock,2016-07-23,201607231505_Race,88,153,2,Remo Ruscitti,51.913,21.901,18.625,11.387,102.2,2:30:26.923,51913,0,0,33
2016,13_Lime Rock,Lime Rock,lime-rock,2016-07-23,201607231505_Race,88,154,2,Remo Ruscitti,52.095,22.258,18.542,11.295,101.8,2:31:19.018,52095,0,0,33
2016,13_Lime Rock,Lime Rock,lime-rock,2016-07-23,201607231505_Race,88,155,2,Remo Ruscitti,52.448,21.684,19.074,11.690,101.1,2:32:11.466,52448,0,0,33
2016,13_Lime Rock,Lime Rock,lime-rock,2016-07-23,201607231505_Race,88,156,2,Remo Ruscitti,50.999,21.374,18.469,11.156,104.0,2:33:02.465,50999,0,0,33
2016,13_Lime Rock,Lime Rock,lime-rock,2016-07-23,201607231505_Race,88,157,2,Remo Ruscitti,52.037,21.281,18.891,11.865,101.9,2:33:54.502,52037,0,0,33
2016,13_Lime Rock,Lime Rock,lime-rock,2016-07-23,201607231505_Race,88,158,2,Remo Ruscitti,51.342,21.562,18.469,11.311,103.3,2:34:45.844,51342,0,0,33
2016,13_Lime Rock,Lime Rock,lime-rock,2016-07-23,201607231505_Race,88,159,2,Remo Ruscitti,52.084,21.791,18.792,11.501,101.9,2:35:37.928,52084,0,0,33
2016,13_Lime Rock,Lime Rock,lime-rock,2016-07-23,201607231505_Race,88,160,2,Remo Ruscitti,54.569,21.904,20.156,12.509,97.2,2:36:32.497,54569,0,0,33
2016,13_Lime Rock,Lime Rock,lime-rock,2016-07-23,201607231505_Race,88,161,2,Remo Ruscitti,54.011,22.091,19.714,12.206,98.2,2:37:26.508,54011,0,0,33
2016,13_Lime Rock,Lime Rock,lime-rock,2016-07-23,201607231505_Race,88,162,2,Remo Ruscitti,53.115,22.052,19.118,11.945,99.9,2:38:19.623,53115,0,0,33
2016,13_Lime Rock,Lime Rock,lime-rock,2016-07-23,201607231505_Race,88,163,2,Remo Ruscitti,53.140,22.261,19.141,11.738,99.8,2:39:12.763,53140,0,0,33
2016,13_Lime Rock,Lime Rock,lime-rock,2016-07-23,201607231505_Race,88,164,2,Remo Ruscitti,52.717,21.748,19.160,11.809,100.6,2:40:05.480,52717,0,0,33
2016,13_Lime Rock,Lime Rock,lime-rock,2016-07-23,201607231505_Race,88,165,2,Remo Ruscitti,54.078,22.303,19.284,12.491,98.1,2:40:59.558,54078,0,0,33
2016,13_Lime Rock,Lime Rock,lime-rock,2016-07-23,201607231505_Race,96,1,1,Bret Curtis,1:36.453,47.841,26.025,22.587,54.9,1:36.453,,,0,33
2016,13_Lime Rock,Lime Rock,lime-rock,2016-07-23,201607231505_Race,96,2,1,Bret Curtis,1:05.672,30.374,22.717,12.581,80.7,2:42.125,65672,0,0,33
2016,13_Lime Rock,Lime Rock,lime-rock,2016-07-23,201607231505_Race,96,3,1,Bret Curtis,57.932,23.354,22.076,12.502,91.5,3:40.057,57932,0,0,34
2016,13_Lime Rock,Lime Rock,lime-rock,2016-07-23,201607231505_Race,96,4,1,Bret Curtis,55.787,23.183,20.222,12.382,95.1,4:35.844,55787,0,0,34
2016,13_Lime Rock,Lime Rock,lime-rock,2016-07-23,201607231505_Race,96,5,1,Bret Curtis,55.414,22.976,20.040,12.398,95.7,5:31.258,55414,0,0,34
2016,13_Lime Rock,Lime Rock,lime-rock,2016-07-23,201607231505_Race,96,6,1,Bret Curtis,55.745,22.571,19.778,13.396,95.1,6:27.003,55745,0,0,34
2016,13_Lime Rock,Lime Rock,lime-rock,2016-07-23,201607231505_Race,96,7,1,Bret Curtis,1:20.402,24.309,22.162,33.931,65.9,7:47.405,80402,0,0,34
2016,13_Lime Rock,Lime Rock,lime-rock,2016-07-23,201607231505_Race,96,8,1,Bret Curtis,1:36.372,30.730,33.654,31.988,55.0,9:23.777,96372,0,0,34
2016,13_Lime Rock,Lime Rock,lime-rock,2016-07-23,201607231505_Race,96,9,1,Bret Curtis,1:33.236,31.630,34.851,26.755,56.9,10:57.013,93236,0,0,34
2016,13_Lime Rock,Lime Rock,lime-rock,2016-07-23,201607231505_Race,96,10,1,Bret Curtis,1:32.495,33.086,30.487,28.922,57.3,12:29.508,92495,0,0,34
2016,13_Lime Rock,Lime Rock,lime-rock,2016-07-23,201607231505_Race,96,11,1,Bret Curtis,1:29.288,29.815,30.652,28.821,59.4,13:58.796,89288,0,0,34
2016,13_Lime Rock,Lime Rock,lime-rock,2016-07-23,201607231505_Race,96,12,1,Bret Curtis,1:29.970,30.542,31.105,28.323,58.9,15:28.766,89970,0,0,34
2016,13_Lime Rock,Lime Rock,lime-rock,2016-07-23,201607231505_Race,96,13,1,Bret Curtis,1:05.463,26.643,25.801,13.019,81.0,16:34.229,65463,0,0,34
2016,13_Lime Rock,Lime Rock,lime-rock,2016-07-23,201607231505_Race,96,14,1,Bret Curtis,55.889,23.348,20.157,12.384,94.9,17:30.118,55889,0,0,34
2016,13_Lime Rock,Lime Rock,lime-rock,2016-07-23,201607231505_Race,96,15,1,Bret Curtis,54.855,22.763,19.782,12.310,96.7,18:24.973,54855,0,0,34
2016,13_Lime Rock,Lime Rock,lime-rock,2016-07-23,201607231505_Race,96,16,1,Bret Curtis,54.582,22.649,19.648,12.285,97.2,19:19.555,54582,0,0,34
2016,13_Lime Rock,Lime Rock,lime-rock,2016-07-23,201607231505_Race,96,17,1,Bret Curtis,54.324,22.407,19.651,12.266,97.6,20:13.879,54324,0,0,34
2016,13_Lime Rock,Lime Rock,lime-rock,2016-07-23,201607231505_Race,96,18,1,Bret Curtis,54.561,22.507,19.799,12.255,97.2,21:08.440,54561,0,0,34
2016,13_Lime Rock,Lime Rock,lime-rock,2016-07-23,201607231505_Race,96,19,1,Bret Curtis,54.665,22.636,19.716,12.313,97.0,22:03.105,54665,0,0,34
2016,13_Lime Rock,Lime Rock,lime-rock,2016-07-23,201607231505_Race,96,20,1,Bret Curtis,54.484,22.553,19.675,12.256,97.3,22:57.589,54484,0,0,34
2016,13_Lime Rock,Lime Rock,lime-rock,2016-07-23,201607231505_Race,96,21,1,Bret Curtis,54.430,22.502,19.645,12.283,97.4,23:52.019,54430,0,0,34
2016,13_Lime Rock,Lime Rock,lime-rock,2016-07-23,201607231505_Race,96,22,1,Bret Curtis,54.496,22.547,19.645,12.304,97.3,24:46.515,54496,0,0,34
2016,13_Lime Rock,Lime Rock,lime-rock,2016-07-23,201607231505_Race,96,23,1,Bret Curtis,55.257,22.771,20.047,12.439,96.0,25:41.772,55257,0,0,34
2016,13_Lime Rock,Lime Rock,lime-rock,2016-07-23,201607231505_Race,96,24,1,Bret Curtis,54.875,22.679,19.835,12.361,96.6,26:36.647,54875,0,0,34
2016,13_Lime Rock,Lime Rock,lime-rock,2016-07-23,201607231505_Race,96,25,1,Bret Curtis,54.981,22.779,19.787,12.415,96.4,27:31.628,54981,0,0,34
2016,13_Lime Rock,Lime Rock,lime-rock,2016-07-23,201607231505_Race,96,26,1,Bret Curtis,58.962,22.844,21.548,14.570,89.9,28:30.590,58962,0,0,34
2016,13_Lime Rock,Lime Rock,lime-rock,2016-07-23,201607231505_Race,96,27,1,Bret Curtis,1:07.590,25.911,24.238,17.441,78.4,29:38.180,67590,0,0,34
2016,13_Lime Rock,Lime Rock,lime-rock,2016-07-23,201607231505_Race,96,28,1,Bret Curtis,1:28.184,31.967,32.170,24.047,60.1,31:06.364,88184,0,0,34
2016,13_Lime Rock,Lime Rock,lime-rock,2016-07-23,201607231505_Race,96,29,1,Bret Curtis,1:53.854,34.296,30.461,49.097,46.6,33:00.218,113854,0,1,34
2016,13_Lime Rock,Lime Rock,lime-rock,2016-07-23,201607231505_Race,96,30,1,Bret Curtis,1:07.274,31.618,21.882,13.774,78.8,34:07.492,67274,0,0,34
2016,13_Lime Rock,Lime Rock,lime-rock,2016-07-23,201607231505_Race,96,31,1,Bret Curtis,55.448,23.176,19.941,12.331,95.6,35:02.940,55448,0,0,34
2016,13_Lime Rock,Lime Rock,lime-rock,2016-07-23,201607231505_Race,96,32,1,Bret Curtis,55.858,22.968,20.354,12.536,95.0,35:58.798,55858,0,0,34
2016,13_Lime Rock,Lime Rock,lime-rock,2016-07-23,201607231505_Race,96,33,1,Bret Curtis,55.248,22.967,19.895,12.386,96.0,36:54.046,55248,0,0,34
2016,13_Lime Rock,Lime Rock,lime-rock,2016-07-23,201607231505_Race,96,34,1,Bret Curtis,55.669,22.869,19.987,12.813,95.3,37:49.715,55669,0,0,34
2016,13_Lime Rock,Lime Rock,lime-rock,2016-07-23,201607231505_Race,96,35,1,Bret Curtis,56.422,23.784,20.148,12.490,94.0,38:46.137,56422,0,0,34
2016,13_Lime Rock,Lime Rock,lime-rock,2016-07-23,201607231505_Race,96,36,1,Bret Curtis,55.220,22.939,19.894,12.387,96.1,39:41.357,55220,0,0,34
2016,13_Lime Rock,Lime Rock,lime-rock,2016-07-23,201607231505_Race,96,37,1,Bret Curtis,54.807,22.798,19.697,12.312,96.8,40:36.164,54807,0,0,34
2016,13_Lime Rock,Lime Rock,lime-rock,2016-07-23,201607231505_Race,96,38,1,Bret Curtis,56.135,23.430,20.262,12.443,94.5,41:32.299,56135,0,0,34
2016,13_Lime Rock,Lime Rock,lime-rock,2016-07-23,201607231505_Race,96,39,1,Bret Curtis,55.180,22.857,19.832,12.491,96.1,42:27.479,55180,0,0,34
2016,13_Lime Rock,Lime Rock,lime-rock,2016-07-23,201607231505_Race,96,40,1,Bret Curtis,55.188,23.015,19.860,12.313,96.1,43:22.667,55188,0,0,34
2016,13_Lime Rock,Lime Rock,lime-rock,2016-07-23,201607231505_Race,96,41,1,Bret Curtis,55.650,22.895,20.234,12.521,95.3,44:18.317,55650,0,0,34
2016,13_Lime Rock,Lime Rock,lime-rock,2016-07-23,201607231505_Race,96,42,1,Bret Curtis,1:16.808,25.273,28.938,22.597,69.0,45:35.125,76808,0,0,34
2016,13_Lime Rock,Lime Rock,lime-rock,2016-07-23,201607231505_Race,96,43,1,Bret Curtis,1:30.766,33.036,32.323,25.407,58.4,47:05.891,90766,0,0,34
2016,13_Lime Rock,Lime Rock,lime-rock,2016-07-23,201607231505_Race,96,44,1,Bret Curtis,1:02.991,29.097,21.030,12.864,84.2,48:08.882,62991,0,0,34
2016,13_Lime Rock,Lime Rock,lime-rock,2016-07-23,201607231505_Race,96,45,1,Bret Curtis,1:07.276,23.870,20.726,22.680,78.8,49:16.158,67276,0,0,34
2016,13_Lime Rock,Lime Rock,lime-rock,2016-07-23,201607231505_Race,96,46,1,Bret Curtis,1:20.796,32.675,33.478,14.643,65.6,50:36.954,80796,0,0,34
2016,13_Lime Rock,Lime Rock,lime-rock,2016-07-23,201607231505_Race,96,47,1,Bret Curtis,1:37.620,24.570,22.437,50.613,54.3,52:14.574,97620,0,1,34
2016,13_Lime Rock,Lime Rock,lime-rock,2016-07-23,201607231505_Race,96,48,2,Jens Klingmann,1:02.801,30.863,19.707,12.231,84.5,53:17.375,62801,0,0,34
2016,13_Lime Rock,Lime Rock,lime-rock,2016-07-23,201607231505_Race,96,49,2,Jens Klingmann,53.725,22.147,19.522,12.056,98.7,54:11.100,53725,0,0,34
2016,13_Lime Rock,Lime Rock,lime-rock,2016-07-23,201607231505_Race,96,50,2,Jens Klingmann,53.253,22.236,19.051,11.966,99.6,55:04.353,53253,0,0,34
2016,13_Lime Rock,Lime Rock,lime-rock,2016-07-23,201607231505_Race,96,51,2,Jens Klingmann,53.275,22.180,19.140,11.955,99.6,55:57.628,53275,0,0,34
2016,13_Lime Rock,Lime Rock,lime-rock,2016-07-23,201607231505_Race,96,52,2,Jens Klingmann,52.831,21.846,19.032,11.953,100.4,56:50.459,52831,0,0,34
2016,13_Lime Rock,Lime Rock,lime-rock,2016-07-23,201607231505_Race,96,53,2,Jens Klingmann,53.073,21.855,19.263,11.955,99.9,57:43.532,53073,0,0,34
2016,13_Lime Rock,Lime Rock,lime-rock,2016-07-23,201607231505_Race,96,54,2,Jens Klingmann,52.869,21.844,19.064,11.961,100.3,58:36.401,52869,0,0,34
2016,13_Lime Rock,Lime Rock,lime-rock,2016-07-23,201607231505_Race,96,55,2,Jens Klingmann,53.126,21.831,19.287,12.008,99.8,59:29.527,53126,0,0,34
2016,13_Lime Rock,Lime Rock,lime-rock,2016-07-23,201607231505_Race,96,56,2,Jens Klingmann,53.156,21.815,19.273,12.068,99.8,1:00:22.683,53156,0,0,34
2016,13_Lime Rock,Lime Rock,lime-rock,2016-07-23,201607231505_Race,96,57,2,Jens Klingmann,53.218,21.859,19.246,12.113,99.7,1:01:15.901,53218,0,0,34
2016,13_Lime Rock,Lime Rock,lime-rock,2016-07-23,201607231505_Race,96,58,2,Jens Klingmann,53.175,21.892,19.293,11.990,99.7,1:02:09.076,53175,0,0,34
2016,13_Lime Rock,Lime Rock,lime-rock,2016-07-23,201607231505_Race,96,59,2,Jens Klingmann,53.294,21.906,19.312,12.076,99.5,1:03:02.370,53294,0,0,34
2016,13_Lime Rock,Lime Rock,lime-rock,2016-07-23,201607231505_Race,96,60,2,Jens Klingmann,54.481,22.454,19.906,12.121,97.3,1:03:56.851,54481,0,0,34
2016,13_Lime Rock,Lime Rock,lime-rock,2016-07-23,201607231505_Race,96,61,2,Jens Klingmann,53.433,22.089,19.268,12.076,99.2,1:04:50.284,53433,0,0,34
2016,13_Lime Rock,Lime Rock,lime-rock,2016-07-23,201607231505_Race,96,62,2,Jens Klingmann,53.428,22.048,19.320,12.060,99.2,1:05:43.712,53428,0,0,34
2016,13_Lime Rock,Lime Rock,lime-rock,2016-07-23,201607231505_Race,96,63,2,Jens Klingmann,54.022,22.091,19.763,12.168,98.2,1:06:37.734,54022,0,0,34
2016,13_Lime Rock,Lime Rock,lime-rock,2016-07-23,201607231505_Race,96,64,2,Jens Klingmann,53.611,22.080,19.366,12.165,98.9,1:07:31.345,53611,0,0,34
2016,13_Lime Rock,Lime Rock,lime-rock,2016-07-23,201607231505_Race,96,65,2,Jens Klingmann,54.006,22.155,19.725,12.126,98.2,1:08:25.351,54006,0,0,34
2016,13_Lime Rock,Lime Rock,lime-rock,2016-07-23,201607231505_Race,96,66,2,Jens Klingmann,53.985,22.123,19.700,12.162,98.3,1:09:19.336,53985,0,0,34
2016,13_Lime Rock,Lime Rock,lime-rock,2016-07-23,201607231505_Race,96,67,2,Jens Klingmann,55.901,23.202,19.956,12.743,94.9,1:10:15.237,55901,0,0,34
2016,13_Lime Rock,Lime Rock,lime-rock,2016-07-23,201607231505_Race,96,68,2,Jens Klingmann,54.829,22.690,19.893,12.246,96.8,1:11:10.066,54829,0,0,34
2016,13_Lime Rock,Lime Rock,lime-rock,2016-07-23,201607231505_Race,96,69,2,Jens Klingmann,53.773,22.156,19.417,12.200,98.6,1:12:03.839,53773,0,0,34
2016,13_Lime Rock,Lime Rock,lime-rock,2016-07-23,201607231505_Race,96,70,2,Jens Klingmann,53.809,22.223,19.481,12.105,98.6,1:12:57.648,53809,0,0,34
2016,13_Lime Rock,Lime Rock,lime-rock,2016-07-23,201607231505_Race,96,71,2,Jens Klingmann,54.037,22.293,19.564,12.180,98.1,1:13:51.685,54037,0,0,34
2016,13_Lime Rock,Lime Rock,lime-rock,2016-07-23,201607231505_Race,96,72,2,Jens Klingmann,55.731,23.298,20.093,12.340,95.1,1:14:47.416,55731,0,0,34
2016,13_Lime Rock,Lime Rock,lime-rock,2016-07-23,201607231505_Race,96,73,2,Jens Klingmann,54.207,22.649,19.385,12.173,97.8,1:15:41.623,54207,0,0,34
2016,13_Lime Rock,Lime Rock,lime-rock,2016-07-23,201607231505_Race,96,74,2,Jens Klingmann,53.675,22.241,19.262,12.172,98.8,1:16:35.298,53675,0,0,34
2016,13_Lime Rock,Lime Rock,lime-rock,2016-07-23,201607231505_Race,96,75,2,Jens Klingmann,54.328,22.531,19.600,12.197,97.6,1:17:29.626,54328,0,0,34
2016,13_Lime Rock,Lime Rock,lime-rock,2016-07-23,201607231505_Race,96,76,2,Jens Klingmann,53.841,22.323,19.378,12.140,98.5,1:18:23.467,53841,0,0,34
2016,13_Lime Rock,Lime Rock,lime-rock,2016-07-23,201607231505_Race,96,77,2,Jens Klingmann,54.328,22.430,19.599,12.299,97.6,1:19:17.795,54328,0,0,34
2016,13_Lime Rock,Lime Rock,lime-rock,2016-07-23,201607231505_Race,96,78,2,Jens Klingmann,55.637,23.123,20.285,12.229,95.3,1:20:13.432,55637,0,0,34
2016,13_Lime Rock,Lime Rock,lime-rock,2016-07-23,201607231505_Race,96,79,2,Jens Klingmann,53.915,22.312,19.419,12.184,98.4,1:21:07.347,53915,0,0,34
2016,13_Lime Rock,Lime Rock,lime-rock,2016-07-23,201607231505_Race,96,80,2,Jens Klingmann,1:00.720,28.667,19.818,12.235,87.3,1:22:08.067,60720,0,0,34
2016,13_Lime Rock,Lime Rock,lime-rock,2016-07-23,201607231505_Race,96,81,2,Jens Klingmann,54.801,22.630,19.711,12.460,96.8,1:23:02.868,54801,0,0,34
2016,13_Lime Rock,Lime Rock,lime-rock,2016-07-23,201607231505_Race,96,82,2,Jens Klingmann,55.374,22.957,20.119,12.298,95.8,1:23:58.242,55374,0,0,34
2016,13_Lime Rock,Lime Rock,lime-rock,2016-07-23,201607231505_Race,96,83,2,Jens Klingmann,56.346,23.127,20.785,12.434,94.1,1:24:54.588,56346,0,0,34
2016,13_Lime Rock,Lime Rock,lime-rock,2016-07-23,201607231505_Race,96,84,2,Jens Klingmann,54.143,22.504,19.414,12.225,97.9,1:25:48.731,54143,0,0,34
2016,13_Lime Rock,Lime Rock,lime-rock,2016-07-23,201607231505_Race,96,85,2,Jens Klingmann,55.319,22.497,19.866,12.956,95.9,1:26:44.050,55319,0,0,34
2016,13_Lime Rock,Lime Rock,lime-rock,2016-07-23,201607231505_Race,96,86,2,Jens Klingmann,56.120,23.542,20.005,12.573,94.5,1:27:40.170,56120,0,0,34
2016,13_Lime Rock,Lime Rock,lime-rock,2016-07-23,201607231505_Race,96,87,2,Jens Klingmann,55.387,23.370,19.811,12.206,95.8,1:28:35.557,55387,0,0,34
2016,13_Lime Rock,Lime Rock,lime-rock,2016-07-23,201607231505_Race,96,88,2,Jens Klingmann,57.280,22.528,20.878,13.874,92.6,1:29:32.837,57280,0,0,34
2016,13_Lime Rock,Lime Rock,lime-rock,2016-07-23,201607231505_Race,96,89,2,Jens Klingmann,1:31.888,26.856,35.080,29.952,57.7,1:31:04.725,91888,0,0,34
2016,13_Lime Rock,Lime Rock,lime-rock,2016-07-23,201607231505_Race,96,90,2,Jens Klingmann,1:02.473,28.679,20.041,13.753,84.9,1:32:07.198,62473,0,0,34
2016,13_Lime Rock,Lime Rock,lime-rock,2016-07-23,201607231505_Race,96,91,2,Jens Klingmann,56.200,23.015,19.843,13.342,94.4,1:33:03.398,56200,0,0,34
2016,13_Lime Rock,Lime Rock,lime-rock,2016-07-23,201607231505_Race,96,92,2,Jens Klingmann,1:23.891,29.339,32.095,22.457,63.2,1:34:27.289,83891,0,0,34
2016,13_Lime Rock,Lime Rock,lime-rock,2016-07-23,201607231505_Race,96,93,2,Jens Klingmann,2:22.229,33.747,33.334,1:15.148,37.2,1:36:49.518,142229,0,1,34
2016,13_Lime Rock,Lime Rock,lime-rock,2016-07-23,201607231505_Race,96,94,2,Jens Klingmann,1:21.563,32.926,34.775,13.862,65.0,1:38:11.081,81563,0,0,34
2016,13_Lime Rock,Lime Rock,lime-rock,2016-07-23,201607231505_Race,96,95,2,Jens Klingmann,1:20.513,22.998,28.558,28.957,65.9,1:39:31.594,80513,0,0,34
2016,13_Lime Rock,Lime Rock,lime-rock,2016-07-23,201607231505_Race,96,96,2,Jens Klingmann,1:29.047,37.174,38.648,13.225,59.5,1:41:00.641,89047,0,0,34
2016,13_Lime Rock,Lime Rock,lime-rock,2016-07-23,201607231505_Race,96,97,2,Jens Klingmann,1:07.141,22.777,20.607,23.757,79.0,1:42:07.782,67141,0,1,34
2016,13_Lime Rock,Lime Rock,lime-rock,2016-07-23,201607231505_Race,96,98,2,Jens Klingmann,1:00.584,29.261,19.254,12.069,87.6,1:43:08.366,60584,0,0,34
2016,13_Lime Rock,Lime Rock,lime-rock,2016-07-23,201607231505_Race,96,99,2,Jens Klingmann,53.075,21.898,19.109,12.068,99.9,1:44:01.441,53075,0,0,34
2016,13_Lime Rock,Lime Rock,lime-rock,2016-07-23,201607231505_Race,96,100,2,Jens Klingmann,53.291,21.881,19.194,12.216,99.5,1:44:54.732,53291,0,0,34
2016,13_Lime Rock,Lime Rock,lime-rock,2016-07-23,201607231505_Race,96,101,2,Jens Klingmann,53.583,22.048,19.493,12.042,99.0,1:45:48.315,53583,0,0,34
2016,13_Lime Rock,Lime Rock,lime-rock,2016-07-23,201607231505_Race,96,102,2,Jens Klingmann,53.674,21.985,19.388,12.301,98.8,1:46:41.989,53674,0,0,34
2016,13_Lime Rock,Lime Rock,lime-rock,2016-07-23,201607231505_Race,96,103,2,Jens Klingmann,53.724,22.115,19.566,12.043,98.7,1:47:35.713,53724,0,0,34
2016,13_Lime Rock,Lime Rock,lime-rock,2016-07-23,201607231505_Race,96,104,2,Jens Klingmann,53.389,21.907,19.367,12.115,99.4,1:48:29.102,53389,0,0,34
2016,13_Lime Rock,Lime Rock,lime-rock,2016-07-23,201607231505_Race,96,105,2,Jens Klingmann,53.578,22.011,19.343,12.224,99.0,1:49:22.680,53578,0,0,34
2016,13_Lime Rock,Lime Rock,lime-rock,2016-07-23,201607231505_Race,96,106,2,Jens Klingmann,53.601,21.950,19.290,12.361,98.9,1:50:16.281,53601,0,0,34
2016,13_Lime Rock,Lime Rock,lime-rock,2016-07-23,201607231505_Race,96,107,2,Jens Klingmann,53.478,21.921,19.360,12.197,99.2,1:51:09.759,53478,0,0,34
2016,13_Lime Rock,Lime Rock,lime-rock,2016-07-23,201607231505_Race,96,108,2,Jens Klingmann,53.569,22.010,19.347,12.212,99.0,1:52:03.328,53569,0,0,34
2016,13_Lime Rock,Lime Rock,lime-rock,2016-07-23,201607231505_Race,96,109,2,Jens Klingmann,53.901,22.288,19.564,12.049,98.4,1:52:57.229,53901,0,0,34
2016,13_Lime Rock,Lime Rock,lime-rock,2016-07-23,201607231505_Race,96,110,2,Jens Klingmann,53.937,22.094,19.539,12.304,98.3,1:53:51.166,53937,0,0,34
2016,13_Lime Rock,Lime Rock,lime-rock,2016-07-23,201607231505_Race,96,111,2,Jens Klingmann,55.531,22.045,21.032,12.454,95.5,1:54:46.697,55531,0,0,34
2016,13_Lime Rock,Lime Rock,lime-rock,2016-07-23,201607231505_Race,96,112,2,Jens Klingmann,53.818,22.204,19.495,12.119,98.6,1:55:40.515,53818,0,0,34
2016,13_Lime Rock,Lime Rock,lime-rock,2016-07-23,201607231505_Race,96,113,2,Jens Klingmann,54.677,22.657,19.936,12.084,97.0,1:56:35.192,54677,0,0,34
2016,13_Lime Rock,Lime Rock,lime-rock,2016-07-23,201607231505_Race,96,114,2,Jens Klingmann,53.941,22.658,19.265,12.018,98.3,1:57:29.133,53941,0,0,34
2016,13_Lime Rock,Lime Rock,lime-rock,2016-07-23,201607231505_Race,96,115,2,Jens Klingmann,53.693,22.127,19.347,12.219,98.7,1:58:22.826,53693,0,0,34
2016,13_Lime Rock,Lime Rock,lime-rock,2016-07-23,201607231505_Race,96,116,2,Jens Klingmann,54.747,22.234,20.229,12.284,96.9,1:59:17.573,54747,0,0,34
2016,13_Lime Rock,Lime Rock,lime-rock,2016-07-23,201607231505_Race,96,117,2,Jens Klingmann,54.634,22.528,20.008,12.098,97.1,2:00:12.207,54634,0,0,34
2016,13_Lime Rock,Lime Rock,lime-rock,2016-07-23,201607231505_Race,96,118,2,Jens Klingmann,54.183,22.356,19.672,12.155,97.9,2:01:06.390,54183,0,0,34
2016,13_Lime Rock,Lime Rock,lime-rock,2016-07-23,201607231505_Race,96,119,2,Jens Klingmann,54.858,22.893,19.705,12.260,96.7,2:02:01.248,54858,0,0,34
2016,13_Lime Rock,Lime Rock,lime-rock,2016-07-23,201607231505_Race,96,120,2,Jens Klingmann,55.307,22.675,20.180,12.452,95.9,2:02:56.555,55307,0,0,34
2016,13_Lime Rock,Lime Rock,lime-rock,2016-07-23,201607231505_Race,96,121,2,Jens Klingmann,55.657,22.668,20.666,12.323,95.3,2:03:52.212,55657,0,0,35
2016,13_Lime Rock,Lime Rock,lime-rock,2016-07-23,201607231505_Race,96,122,2,Jens Klingmann,55.049,22.557,20.209,12.283,96.3,2:04:47.261,55049,0,0,35
2016,13_Lime Rock,Lime Rock,lime-rock,2016-07-23,201607231505_Race,96,123,2,Jens Klingmann,55.539,22.976,20.260,12.303,95.5,2:05:42.800,55539,0,0,35
2016,13_Lime Rock,Lime Rock,lime-rock,2016-07-23,201607231505_Race,96,124,2,Jens Klingmann,55.441,22.839,20.246,12.356,95.6,2:06:38.241,55441,0,0,35
2016,13_Lime Rock,Lime Rock,lime-rock,2016-07-23,201607231505_Race,96,125,2,Jens Klingmann,55.146,23.007,19.857,12.282,96.2,2:07:33.387,55146,0,0,35
2016,13_Lime Rock,Lime Rock,lime-rock,2016-07-23,201607231505_Race,96,126,2,Jens Klingmann,54.701,23.001,19.597,12.103,96.9,2:08:28.088,54701,0,0,35
2016,13_Lime Rock,Lime Rock,lime-rock,2016-07-23,201607231505_Race,96,127,2,Jens Klingmann,54.098,22.382,19.588,12.128,98.1,2:09:22.186,54098,0,0,35
2016,13_Lime Rock,Lime Rock,lime-rock,2016-07-23,201607231505_Race,96,128,2,Jens Klingmann,55.477,22.436,20.819,12.222,95.6,2:10:17.663,55477,0,0,35
2016,13_Lime Rock,Lime Rock,lime-rock,2016-07-23,201607231505_Race,96,129,2,Jens Klingmann,55.748,22.611,20.646,12.491,95.1,2:11:13.411,55748,0,0,35
2016,13_Lime Rock,Lime Rock,lime-rock,2016-07-23,201607231505_Race,96,130,2,Jens Klingmann,54.936,23.027,19.674,12.235,96.6,2:12:08.347,54936,0,0,35
2016,13_Lime Rock,Lime Rock,lime-rock,2016-07-23,201607231505_Race,96,131,2,Jens Klingmann,55.322,22.635,20.440,12.247,95.9,2:13:03.669,55322,0,0,35
2016,13_Lime Rock,Lime Rock,lime-rock,2016-07-23,201607231505_Race,96,132,2,Jens Klingmann,56.989,23.129,21.327,12.533,93.1,2:14:00.658,56989,0,0,35
2016,13_Lime Rock,Lime Rock,lime-rock,2016-07-23,201607231505_Race,96,133,2,Jens Klingmann,55.905,23.143,19.959,12.803,94.9,2:14:56.563,55905,0,0,35
2016,13_Lime Rock,Lime Rock,lime-rock,2016-07-23,201607231505_Race,96,134,2,Jens Klingmann,54.761,22.806,19.785,12.170,96.8,2:15:51.324,54761,0,0,35
2016,13_Lime Rock,Lime Rock,lime-rock,2016-07-23,201607231505_Race,96,135,2,Jens Klingmann,55.839,22.862,20.131,12.846,95.0,2:16:47.163,55839,0,0,35
2016,13_Lime Rock,Lime Rock,lime-rock,2016-07-23,201607231505_Race,96,136,2,Jens Klingmann,54.617,22.733,19.664,12.220,97.1,2:17:41.780,54617,0,0,35
2016,13_Lime Rock,Lime Rock,lime-rock,2016-07-23,201607231505_Race,96,137,2,Jens Klingmann,55.631,23.159,20.170,12.302,95.3,2:18:37.411,55631,0,0,35
2016,13_Lime Rock,Lime Rock,lime-rock,2016-07-23,201607231505_Race,96,138,2,Jens Klingmann,56.223,22.875,20.417,12.931,94.3,2:19:33.634,56223,0,0,35
2016,13_Lime Rock,Lime Rock,lime-rock,2016-07-23,201607231505_Race,96,139,2,Jens Klingmann,55.676,23.006,20.362,12.308,95.3,2:20:29.310,55676,0,0,35
2016,13_Lime Rock,Lime Rock,lime-rock,2016-07-23,201607231505_Race,96,140,2,Jens Klingmann,55.759,22.900,20.648,12.211,95.1,2:21:25.069,55759,0,0,35
2016,13_Lime Rock,Lime Rock,lime-rock,2016-07-23,201607231505_Race,96,141,2,Jens Klingmann,55.046,22.627,19.842,12.577,96.3,2:22:20.115,55046,0,0,35
2016,13_Lime Rock,Lime Rock,lime-rock,2016-07-23,201607231505_Race,96,142,2,Jens Klingmann,56.227,23.300,20.774,12.153,94.3,2:23:16.342,56227,0,0,35
2016,13_Lime Rock,Lime Rock,lime-rock,2016-07-23,201607231505_Race,96,143,2,Jens Klingmann,55.635,23.388,20.018,12.229,95.3,2:24:11.977,55635,0,0,35
2016,13_Lime Rock,Lime Rock,lime-rock,2016-07-23,201607231505_Race,96,144,2,Jens Klingmann,55.528,23.287,20.088,12.153,95.5,2:25:07.505,55528,0,0,35
2016,13_Lime Rock,Lime Rock,lime-rock,2016-07-23,201607231505_Race,96,145,2,Jens Klingmann,56.316,23.178,20.604,12.534,94.1,2:26:03.821,56316,0,0,35
2016,13_Lime Rock,Lime Rock,lime-rock,2016-07-23,201607231505_Race,96,146,2,Jens Klingmann,55.186,23.055,19.814,12.317,96.1,2:26:59.007,55186,0,0,35
2016,13_Lime Rock,Lime Rock,lime-rock,2016-07-23,201607231505_Race,96,147,2,Jens Klingmann,56.967,23.273,21.272,12.422,93.1,2:27:55.974,56967,0,0,35
2016,13_Lime Rock,Lime Rock,lime-rock,2016-07-23,201607231505_Race,96,148,2,Jens Klingmann,55.376,23.016,19.913,12.447,95.8,2:28:51.350,55376,0,0,35
2016,13_Lime Rock,Lime Rock,lime-rock,2016-07-23,201607231505_Race,96,149,2,Jens Klingmann,55.495,23.018,20.059,12.418,95.6,2:29:46.845,55495,0,0,35
2016,13_Lime Rock,Lime Rock,lime-rock,2016-07-23,201607231505_Race,96,150,2,Jens Klingmann,55.436,23.181,19.889,12.366,95.6,2:30:42.281,55436,0,0,35
2016,13_Lime Rock,Lime Rock,lime-rock,2016-07-23,201607231505_Race,96,151,2,Jens Klingmann,55.783,23.080,20.313,12.390,95.1,2:31:38.064,55783,0,0,35
2016,13_Lime Rock,Lime Rock,lime-rock,2016-07-23,201607231505_Race,96,152,2,Jens Klingmann,55.689,23.343,20.038,12.308,95.2,2:32:33.753,55689,0,0,35
2016,13_Lime Rock,Lime Rock,lime-rock,2016-07-23,201607231505_Race,96,153,2,Jens Klingmann,55.190,22.915,19.931,12.344,96.1,2:33:28.943,55190,0,0,35
2016,13_Lime Rock,Lime Rock,lime-rock,2016-07-23,201607231505_Race,96,154,2,Jens Klingmann,55.390,23.034,19.964,12.392,95.8,2:34:24.333,55390,0,0,35
2016,13_Lime Rock,Lime Rock,lime-rock,2016-07-23,201607231505_Race,96,155,2,Jens Klingmann,55.316,23.028,19.955,12.333,95.9,2:35:19.649,55316,0,0,35
2016,13_Lime Rock,Lime Rock,lime-rock,2016-07-23,201607231505_Race,96,156,2,Jens Klingmann,55.450,22.913,20.227,12.310,95.6,2:36:15.099,55450,0,0,35
2016,13_Lime Rock,Lime Rock,lime-rock,2016-07-23,201607231505_Race,96,157,2,Jens Klingmann,55.308,22.916,20.108,12.284,95.9,2:37:10.407,55308,0,0,35
2016,13_Lime Rock,Lime Rock,lime-rock,2016-07-23,201607231505_Race,96,158,2,Jens Klingmann,56.534,23.339,20.180,13.015,93.8,2:38:06.941,56534,0,0,35
2016,13_Lime Rock,Lime Rock,lime-rock,2016-07-23,201607231505_Race,96,159,2,Jens Klingmann,55.880,23.250,20.228,12.402,94.9,2:39:02.821,55880,0,0,35
2016,13_Lime Rock,Lime Rock,lime-rock,2016-07-23,201607231505_Race,96,160,2,Jens Klingmann,55.595,23.281,19.970,12.344,95.4,2:39:58.416,55595,0,0,35
2016,13_Lime Rock,Lime Rock,lime-rock,2016-07-23,201607231505_Race,96,161,2,Jens Klingmann,56.635,23.849,20.214,12.572,93.7,2:40:55.051,56635,0,0,35
2016,13_Lime Rock,Lime Rock,lime-rock,2016-07-23,201607231505_Race,97,1,1,Michael Marsal,1:38.842,49.770,27.389,21.683,53.6,1:38.842,,,0,35
2016,13_Lime Rock,Lime Rock,lime-rock,2016-07-23,201607231505_Race,97,2,1,Michael Marsal,1:05.925,31.933,21.290,12.702,80.4,2:44.767,65925,0,0,35
2016,13_Lime Rock,Lime Rock,lime-rock,2016-07-23,201607231505_Race,97,3,1,Michael Marsal,56.009,22.862,20.433,12.714,94.7,3:40.776,56009,0,0,35
2016,13_Lime Rock,Lime Rock,lime-rock,2016-07-23,201607231505_Race,97,4,1,Michael Marsal,56.608,23.200,20.805,12.603,93.7,4:37.384,56608,0,0,35
2016,13_Lime Rock,Lime Rock,lime-rock,2016-07-23,201607231505_Race,97,5,1,Michael Marsal,54.974,22.641,19.825,12.508,96.4,5:32.358,54974,0,0,35
2016,13_Lime Rock,Lime Rock,lime-rock,2016-07-23,201607231505_Race,97,6,1,Michael Marsal,57.472,22.794,19.905,14.773,92.3,6:29.830,57472,0,0,35
2016,13_Lime Rock,Lime Rock,lime-rock,2016-07-23,201607231505_Race,97,7,1,Michael Marsal,1:19.969,24.734,21.939,33.296,66.3,7:49.799,79969,0,0,35
2016,13_Lime Rock,Lime Rock,lime-rock,2016-07-23,201607231505_Race,97,8,1,Michael Marsal,1:36.346,30.436,34.578,31.332,55.0,9:26.145,96346,0,0,35
2016,13_Lime Rock,Lime Rock,lime-rock,2016-07-23,201607231505_Race,97,9,1,Michael Marsal,1:32.908,31.517,34.898,26.493,57.1,10:59.053,92908,0,0,35
2016,13_Lime Rock,Lime Rock,lime-rock,2016-07-23,201607231505_Race,97,10,1,Michael Marsal,1:32.921,34.306,30.737,27.878,57.1,12:31.974,92921,0,0,35
2016,13_Lime Rock,Lime Rock,lime-rock,2016-07-23,201607231505_Race,97,11,1,Michael Marsal,1:29.134,31.239,29.968,27.927,59.5,14:01.108,89134,0,0,35
2016,13_Lime Rock,Lime Rock,lime-rock,2016-07-23,201607231505_Race,97,12,1,Michael Marsal,1:29.857,30.739,31.508,27.610,59.0,15:30.965,89857,0,0,35
2016,13_Lime Rock,Lime Rock,lime-rock,2016-07-23,201607231505_Race,97,13,1,Michael Marsal,1:04.252,26.692,24.541,13.019,82.5,16:35.217,64252,0,0,35
2016,13_Lime Rock,Lime Rock,lime-rock,2016-07-23,201607231505_Race,97,14,1,Michael Marsal,55.534,23.001,20.100,12.433,95.5,17:30.751,55534,0,0,35
2016,13_Lime Rock,Lime Rock,lime-rock,2016-07-23,201607231505_Race,97,15,1,Michael Marsal,55.174,22.942,19.863,12.369,96.1,18:25.925,55174,0,0,35
2016,13_Lime Rock,Lime Rock,lime-rock,2016-07-23,201607231505_Race,97,16,1,Michael Marsal,54.990,22.641,19.897,12.452,96.4,19:20.915,54990,0,0,35
2016,13_Lime Rock,Lime Rock,lime-rock,2016-07-23,201607231505_Race,97,17,1,Michael Marsal,54.694,22.620,19.775,12.299,96.9,20:15.609,54694,0,0,35
2016,13_Lime Rock,Lime Rock,lime-rock,2016-07-23,201607231505_Race,97,18,1,Michael Marsal,54.623,22.453,19.824,12.346,97.1,21:10.232,54623,0,0,35
2016,13_Lime Rock,Lime Rock,lime-rock,2016-07-23,201607231505_Race,97,19,1,Michael Marsal,54.485,22.454,19.720,12.311,97.3,22:04.717,54485,0,0,35
2016,13_Lime Rock,Lime Rock,lime-rock,2016-07-23,201607231505_Race,97,20,1,Michael Marsal,54.644,22.593,19.715,12.336,97.1,22:59.361,54644,0,0,35
2016,13_Lime Rock,Lime Rock,lime-rock,2016-07-23,201607231505_Race,97,21,1,Michael Marsal,54.512,22.465,19.718,12.329,97.3,23:53.873,54512,0,0,35
2016,13_Lime Rock,Lime Rock,lime-rock,2016-07-23,201607231505_Race,97,22,1,Michael Marsal,55.303,22.573,20.033,12.697,95.9,24:49.176,55303,0,0,35
2016,13_Lime Rock,Lime Rock,lime-rock,2016-07-23,201607231505_Race,97,23,1,Michael Marsal,54.854,22.668,19.817,12.369,96.7,25:44.030,54854,0,0,35
2016,13_Lime Rock,Lime Rock,lime-rock,2016-07-23,201607231505_Race,97,24,1,Michael Marsal,55.955,22.699,20.906,12.350,94.8,26:39.985,55955,0,0,35
2016,13_Lime Rock,Lime Rock,lime-rock,2016-07-23,201607231505_Race,97,25,1,Michael Marsal,55.196,22.746,20.076,12.374,96.1,27:35.181,55196,0,0,35
2016,13_Lime Rock,Lime Rock,lime-rock,2016-07-23,201607231505_Race,97,26,1,Michael Marsal,57.109,22.528,20.190,14.391,92.8,28:32.290,57109,0,0,35
2016,13_Lime Rock,Lime Rock,lime-rock,2016-07-23,201607231505_Race,97,27,1,Michael Marsal,1:07.703,26.509,23.733,17.461,78.3,29:39.993,67703,0,0,35
2016,13_Lime Rock,Lime Rock,lime-rock,2016-07-23,201607231505_Race,97,28,1,Michael Marsal,1:28.930,31.732,33.073,24.125,59.6,31:08.923,88930,0,0,35
2016,13_Lime Rock,Lime Rock,lime-rock,2016-07-23,201607231505_Race,97,29,1,Michael Marsal,1:52.573,33.589,30.622,48.362,47.1,33:01.496,112573,0,1,35
2016,13_Lime Rock,Lime Rock,lime-rock,2016-07-23,201607231505_Race,97,30,1,Michael Marsal,1:06.324,31.490,21.421,13.413,80.0,34:07.820,66324,0,0,35
2016,13_Lime Rock,Lime Rock,lime-rock,2016-07-23,201607231505_Race,97,31,1,Michael Marsal,55.827,23.191,20.290,12.346,95.0,35:03.647,55827,0,0,35
2016,13_Lime Rock,Lime Rock,lime-rock,2016-07-23,201607231505_Race,97,32,1,Michael Marsal,55.767,22.792,20.245,12.730,95.1,35:59.414,55767,0,0,35
2016,13_Lime Rock,Lime Rock,lime-rock,2016-07-23,201607231505_Race,97,33,1,Michael Marsal,55.673,23.053,20.191,12.429,95.3,36:55.087,55673,0,0,35
2016,13_Lime Rock,Lime Rock,lime-rock,2016-07-23,201607231505_Race,97,34,1,Michael Marsal,55.738,22.780,20.415,12.543,95.1,37:50.825,55738,0,0,35
2016,13_Lime Rock,Lime Rock,lime-rock,2016-07-23,201607231505_Race,97,35,1,Michael Marsal,55.760,22.963,20.356,12.441,95.1,38:46.585,55760,0,0,35
2016,13_Lime Rock,Lime Rock,lime-rock,2016-07-23,201607231505_Race,97,36,1,Michael Marsal,55.424,22.924,19.866,12.634,95.7,39:42.009,55424,0,0,35
2016,13_Lime Rock,Lime Rock,lime-rock,2016-07-23,201607231505_Race,97,37,1,Michael Marsal,54.879,22.694,19.784,12.401,96.6,40:36.888,54879,0,0,35
2016,13_Lime Rock,Lime Rock,lime-rock,2016-07-23,201607231505_Race,97,38,1,Michael Marsal,55.793,23.170,20.168,12.455,95.1,41:32.681,55793,0,0,35
2016,13_Lime Rock,Lime Rock,lime-rock,2016-07-23,201607231505_Race,97,39,1,Michael Marsal,55.212,22.954,19.891,12.367,96.1,42:27.893,55212,0,0,35
2016,13_Lime Rock,Lime Rock,lime-rock,2016-07-23,201607231505_Race,97,40,1,Michael Marsal,55.344,23.113,19.916,12.315,95.8,43:23.237,55344,0,0,35
2016,13_Lime Rock,Lime Rock,lime-rock,2016-07-23,201607231505_Race,97,41,1,Michael Marsal,56.708,23.056,21.154,12.498,93.5,44:19.945,56708,0,0,35
2016,13_Lime Rock,Lime Rock,lime-rock,2016-07-23,201607231505_Race,97,42,1,Michael Marsal,1:16.261,24.534,29.255,22.472,69.5,45:36.206,76261,0,0,35
2016,13_Lime Rock,Lime Rock,lime-rock,2016-07-23,201607231505_Race,97,43,1,Michael Marsal,1:30.540,33.007,32.794,24.739,58.5,47:06.746,90540,0,0,35
2016,13_Lime Rock,Lime Rock,lime-rock,2016-07-23,201607231505_Race,97,44,1,Michael Marsal,1:03.391,28.886,21.330,13.175,83.6,48:10.137,63391,0,0,35
2016,13_Lime Rock,Lime Rock,lime-rock,2016-07-23,201607231505_Race,97,45,1,Michael Marsal,1:09.267,23.366,21.432,24.469,76.6,49:19.404,69267,0,0,35
2016,13_Lime Rock,Lime Rock,lime-rock,2016-07-23,201607231505_Race,97,46,1,Michael Marsal,1:17.618,30.906,33.301,13.411,68.3,50:37.022,77618,0,0,35
2016,13_Lime Rock,Lime Rock,lime-rock,2016-07-23,201607231505_Race,97,47,1,Michael Marsal,1:00.382,24.961,22.309,13.112,87.8,51:37.404,60382,0,0,35
2016,13_Lime Rock,Lime Rock,lime-rock,2016-07-23,201607231505_Race,97,48,1,Michael Marsal,1:37.742,23.212,20.695,53.835,54.3,53:15.146,97742,0,1,35
2016,13_Lime Rock,Lime Rock,lime-rock,2016-07-23,201607231505_Race,97,49,2,Markus Palttala,1:05.362,31.674,20.811,12.877,81.2,54:20.508,65362,0,0,35
2016,13_Lime Rock,Lime Rock,lime-rock,2016-07-23,201607231505_Race,97,50,2,Markus Palttala,55.043,22.926,19.877,12.240,96.3,55:15.551,55043,0,0,35
2016,13_Lime Rock,Lime Rock,lime-rock,2016-07-23,201607231505_Race,97,51,2,Markus Palttala,53.871,22.100,19.590,12.181,98.4,56:09.422,53871,0,0,35
2016,13_Lime Rock,Lime Rock,lime-rock,2016-07-23,201607231505_Race,97,52,2,Markus Palttala,55.562,23.195,20.177,12.190,95.5,57:04.984,55562,0,0,35
2016,13_Lime Rock,Lime Rock,lime-rock,2016-07-23,201607231505_Race,97,53,2,Markus Palttala,55.056,22.787,20.116,12.153,96.3,58:00.040,55056,0,0,35
2016,13_Lime Rock,Lime Rock,lime-rock,2016-07-23,201607231505_Race,97,54,2,Markus Palttala,56.432,22.906,20.869,12.657,94.0,58:56.472,56432,0,0,35
2016,13_Lime Rock,Lime Rock,lime-rock,2016-07-23,201607231505_Race,97,55,2,Markus Palttala,55.876,23.701,20.073,12.102,94.9,59:52.348,55876,0,0,35
2016,13_Lime Rock,Lime Rock,lime-rock,2016-07-23,201607231505_Race,97,56,2,Markus Palttala,56.298,22.987,21.048,12.263,94.2,1:00:48.646,56298,0,0,35
2016,13_Lime Rock,Lime Rock,lime-rock,2016-07-23,201607231505_Race,97,57,2,Markus Palttala,54.944,22.659,19.951,12.334,96.5,1:01:43.590,54944,0,0,35
2016,13_Lime Rock,Lime Rock,lime-rock,2016-07-23,201607231505_Race,97,58,2,Markus Palttala,53.793,22.232,19.363,12.198,98.6,1:02:37.383,53793,0,0,35
2016,13_Lime Rock,Lime Rock,lime-rock,2016-07-23,201607231505_Race,97,59,2,Markus Palttala,54.505,22.071,20.077,12.357,97.3,1:03:31.888,54505,0,0,35
2016,13_Lime Rock,Lime Rock,lime-rock,2016-07-23,201607231505_Race,97,60,2,Markus Palttala,54.038,22.175,19.707,12.156,98.1,1:04:25.926,54038,0,0,35
2016,13_Lime Rock,Lime Rock,lime-rock,2016-07-23,201607231505_Race,97,61,2,Markus Palttala,54.225,22.345,19.631,12.249,97.8,1:05:20.151,54225,0,0,35
2016,13_Lime Rock,Lime Rock,lime-rock,2016-07-23,201607231505_Race,97,62,2,Markus Palttala,54.094,22.145,19.709,12.240,98.1,1:06:14.245,54094,0,0,35
2016,13_Lime Rock,Lime Rock,lime-rock,2016-07-23,201607231505_Race,97,63,2,Markus Palttala,54.613,22.441,19.927,12.245,97.1,1:07:08.858,54613,0,0,35
2016,13_Lime Rock,Lime Rock,lime-rock,2016-07-23,201607231505_Race,97,64,2,Markus Palttala,54.998,22.638,20.125,12.235,96.4,1:08:03.856,54998,0,0,35
2016,13_Lime Rock,Lime Rock,lime-rock,2016-07-23,201607231505_Race,97,65,2,Markus Palttala,55.967,22.949,20.483,12.535,94.8,1:08:59.823,55967,0,0,35
2016,13_Lime Rock,Lime Rock,lime-rock,2016-07-23,201607231505_Race,97,66,2,Markus Palttala,55.280,22.461,20.589,12.230,96.0,1:09:55.103,55280,0,0,35
2016,13_Lime Rock,Lime Rock,lime-rock,2016-07-23,201607231505_Race,97,67,2,Markus Palttala,55.653,22.921,19.855,12.877,95.3,1:10:50.756,55653,0,0,35
2016,13_Lime Rock,Lime Rock,lime-rock,2016-07-23,201607231505_Race,97,68,2,Markus Palttala,56.077,22.906,20.659,12.512,94.6,1:11:46.833,56077,0,0,35
2016,13_Lime Rock,Lime Rock,lime-rock,2016-07-23,201607231505_Race,97,69,2,Markus Palttala,55.708,23.089,20.345,12.274,95.2,1:12:42.541,55708,0,0,35
2016,13_Lime Rock,Lime Rock,lime-rock,2016-07-23,201607231505_Race,97,70,2,Markus Palttala,54.990,22.457,20.145,12.388,96.4,1:13:37.531,54990,0,0,35
2016,13_Lime Rock,Lime Rock,lime-rock,2016-07-23,201607231505_Race,97,71,2,Markus Palttala,55.230,22.750,20.286,12.194,96.0,1:14:32.761,55230,0,0,35
2016,13_Lime Rock,Lime Rock,lime-rock,2016-07-23,201607231505_Race,97,72,2,Markus Palttala,55.084,22.478,20.309,12.297,96.3,1:15:27.845,55084,0,0,35
2016,13_Lime Rock,Lime Rock,lime-rock,2016-07-23,201607231505_Race,97,73,2,Markus Palttala,54.480,22.405,19.763,12.312,97.4,1:16:22.325,54480,0,0,35
2016,13_Lime Rock,Lime Rock,lime-rock,2016-07-23,201607231505_Race,97,74,2,Markus Palttala,55.170,22.686,19.990,12.494,96.1,1:17:17.495,55170,0,0,36
2016,13_Lime Rock,Lime Rock,lime-rock,2016-07-23,201607231505_Race,97,75,2,Markus Palttala,54.959,22.721,20.013,12.225,96.5,1:18:12.454,54959,0,0,36
2016,13_Lime Rock,Lime Rock,lime-rock,2016-07-23,201607231505_Race,97,76,2,Markus Palttala,54.943,22.898,19.823,12.222,96.5,1:19:07.397,54943,0,0,36
2016,13_Lime Rock,Lime Rock,lime-rock,2016-07-23,201607231505_Race,97,77,2,Markus Palttala,55.506,23.098,20.096,12.312,95.6,1:20:02.903,55506,0,0,36
2016,13_Lime Rock,Lime Rock,lime-rock,2016-07-23,201607231505_Race,97,78,2,Markus Palttala,57.674,23.631,21.711,12.332,92.0,1:21:00.577,57674,0,0,36
2016,13_Lime Rock,Lime Rock,lime-rock,2016-07-23,201607231505_Race,97,79,2,Markus Palttala,53.943,22.134,19.576,12.233,98.3,1:21:54.520,53943,0,0,36
2016,13_Lime Rock,Lime Rock,lime-rock,2016-07-23,201607231505_Race,97,80,2,Markus Palttala,55.126,23.118,19.837,12.171,96.2,1:22:49.646,55126,0,0,36
2016,13_Lime Rock,Lime Rock,lime-rock,2016-07-23,201607231505_Race,97,81,2,Markus Palttala,55.862,22.787,20.362,12.713,95.0,1:23:45.508,55862,0,0,36
2016,13_Lime Rock,Lime Rock,lime-rock,2016-07-23,201607231505_Race,97,82,2,Markus Palttala,54.371,22.266,19.793,12.312,97.6,1:24:39.879,54371,0,0,36
2016,13_Lime Rock,Lime Rock,lime-rock,2016-07-23,201607231505_Race,97,83,2,Markus Palttala,54.354,22.434,19.610,12.310,97.6,1:25:34.233,54354,0,0,36
2016,13_Lime Rock,Lime Rock,lime-rock,2016-07-23,201607231505_Race,97,84,2,Markus Palttala,54.227,22.415,19.651,12.161,97.8,1:26:28.460,54227,0,0,36
2016,13_Lime Rock,Lime Rock,lime-rock,2016-07-23,201607231505_Race,97,85,2,Markus Palttala,54.737,22.514,19.858,12.365,96.9,1:27:23.197,54737,0,0,36
2016,13_Lime Rock,Lime Rock,lime-rock,2016-07-23,201607231505_Race,97,86,2,Markus Palttala,54.805,22.587,19.850,12.368,96.8,1:28:18.002,54805,0,0,36
2016,13_Lime Rock,Lime Rock,lime-rock,2016-07-23,201607231505_Race,97,87,2,Markus Palttala,1:00.301,22.547,20.449,17.305,87.9,1:29:18.303,60301,0,0,36
2016,13_Lime Rock,Lime Rock,lime-rock,2016-07-23,201607231505_Race,97,88,2,Markus Palttala,1:10.479,25.545,23.083,21.851,75.3,1:30:28.782,70479,0,0,36
2016,13_Lime Rock,Lime Rock,lime-rock,2016-07-23,201607231505_Race,97,89,2,Markus Palttala,1:08.981,26.245,24.466,18.270,76.9,1:31:37.763,68981,0,0,36
2016,13_Lime Rock,Lime Rock,lime-rock,2016-07-23,201607231505_Race,97,90,2,Markus Palttala,1:17.890,26.091,23.826,27.973,68.1,1:32:55.653,77890,0,0,36
2016,13_Lime Rock,Lime Rock,lime-rock,2016-07-23,201607231505_Race,97,91,2,Markus Palttala,1:29.825,33.794,31.777,24.254,59.0,1:34:25.478,89825,0,0,36
2016,13_Lime Rock,Lime Rock,lime-rock,2016-07-23,201607231505_Race,97,92,2,Markus Palttala,2:00.288,33.364,32.335,54.589,44.1,1:36:25.766,120288,0,1,36
2016,13_Lime Rock,Lime Rock,lime-rock,2016-07-23,201607231505_Race,97,93,2,Markus Palttala,1:13.818,31.031,24.067,18.720,71.8,1:37:39.584,73818,0,0,36
2016,13_Lime Rock,Lime Rock,lime-rock,2016-07-23,201607231505_Race,97,94,2,Markus Palttala,58.542,24.665,20.323,13.554,90.6,1:38:38.126,58542,0,0,36
2016,13_Lime Rock,Lime Rock,lime-rock,2016-07-23,201607231505_Race,97,95,2,Markus Palttala,59.237,23.480,20.297,15.460,89.6,1:39:37.363,59237,0,0,36
2016,13_Lime Rock,Lime Rock,lime-rock,2016-07-23,201607231505_Race,97,96,2,Markus Palttala,1:25.651,35.641,36.545,13.465,61.9,1:41:03.014,85651,0,0,36
2016,13_Lime Rock,Lime Rock,lime-rock,2016-07-23,201607231505_Race,97,97,2,Markus Palttala,54.659,22.886,19.637,12.136,97.0,1:41:57.673,54659,0,0,36
2016,13_Lime Rock,Lime Rock,lime-rock,2016-07-23,201607231505_Race,97,98,2,Markus Palttala,53.907,22.424,19.402,12.081,98.4,1:42:51.580,53907,0,0,36
2016,13_Lime Rock,Lime Rock,lime-rock,2016-07-23,201607231505_Race,97,99,2,Markus Palttala,54.891,23.045,19.681,12.165,96.6,1:43:46.471,54891,0,0,36
2016,13_Lime Rock,Lime Rock,lime-rock,2016-07-23,201607231505_Race,97,100,2,Markus Palttala,54.185,22.485,19.438,12.262,97.9,1:44:40.656,54185,0,0,36
2016,13_Lime Rock,Lime Rock,lime-rock,2016-07-23,201607231505_Race,97,101,2,Markus Palttala,54.239,22.716,19.329,12.194,97.8,1:45:34.895,54239,0,0,36
2016,13_Lime Rock,Lime Rock,lime-rock,2016-07-23,201607231505_Race,97,102,2,Markus Palttala,54.261,22.395,19.708,12.158,97.8,1:46:29.156,54261,0,0,36
2016,13_Lime Rock,Lime Rock,lime-rock,2016-07-23,201607231505_Race,97,103,2,Markus Palttala,53.614,22.255,19.349,12.010,98.9,1:47:22.770,53614,0,0,36
2016,13_Lime Rock,Lime Rock,lime-rock,2016-07-23,201607231505_Race,97,104,2,Markus Palttala,53.989,22.335,19.597,12.057,98.3,1:48:16.759,53989,0,0,36
2016,13_Lime Rock,Lime Rock,lime-rock,2016-07-23,201607231505_Race,97,105,2,Markus Palttala,53.863,22.353,19.421,12.089,98.4,1:49:10.622,53863,0,0,36
2016,13_Lime Rock,Lime Rock,lime-rock,2016-07-23,201607231505_Race,97,106,2,Markus Palttala,54.209,22.510,19.579,12.120,97.8,1:50:04.831,54209,0,0,36
2016,13_Lime Rock,Lime Rock,lime-rock,2016-07-23,201607231505_Race,97,107,2,Markus Palttala,54.340,22.544,19.602,12.194,97.6,1:50:59.171,54340,0,0,36
2016,13_Lime Rock,Lime Rock,lime-rock,2016-07-23,201607231505_Race,97,108,2,Markus Palttala,54.319,22.519,19.608,12.192,97.6,1:51:53.490,54319,0,0,36
2016,13_Lime Rock,Lime Rock,lime-rock,2016-07-23,201607231505_Race,97,109,2,Markus Palttala,54.327,22.317,19.492,12.518,97.6,1:52:47.817,54327,0,0,36
2016,13_Lime Rock,Lime Rock,lime-rock,2016-07-23,201607231505_Race,97,110,2,Markus Palttala,53.930,22.355,19.432,12.143,98.4,1:53:41.747,53930,0,0,36
2016,13_Lime Rock,Lime Rock,lime-rock,2016-07-23,201607231505_Race,97,111,2,Markus Palttala,54.519,22.484,19.780,12.255,97.3,1:54:36.266,54519,0,0,36
2016,13_Lime Rock,Lime Rock,lime-rock,2016-07-23,201607231505_Race,97,112,2,Markus Palttala,54.779,22.672,19.706,12.401,96.8,1:55:31.045,54779,0,0,36
2016,13_Lime Rock,Lime Rock,lime-rock,2016-07-23,201607231505_Race,97,113,2,Markus Palttala,54.295,22.505,19.432,12.358,97.7,1:56:25.340,54295,0,0,36
2016,13_Lime Rock,Lime Rock,lime-rock,2016-07-23,201607231505_Race,97,114,2,Markus Palttala,54.642,22.517,19.895,12.230,97.1,1:57:19.982,54642,0,0,36
2016,13_Lime Rock,Lime Rock,lime-rock,2016-07-23,201607231505_Race,97,115,2,Markus Palttala,55.587,22.787,20.136,12.664,95.4,1:58:15.569,55587,0,0,36
2016,13_Lime Rock,Lime Rock,lime-rock,2016-07-23,201607231505_Race,97,116,2,Markus Palttala,56.663,23.732,20.576,12.355,93.6,1:59:12.232,56663,0,0,36
2016,13_Lime Rock,Lime Rock,lime-rock,2016-07-23,201607231505_Race,97,117,2,Markus Palttala,56.046,23.340,20.455,12.251,94.6,2:00:08.278,56046,0,0,36
2016,13_Lime Rock,Lime Rock,lime-rock,2016-07-23,201607231505_Race,97,118,2,Markus Palttala,54.729,22.717,19.722,12.290,96.9,2:01:03.007,54729,0,0,36
2016,13_Lime Rock,Lime Rock,lime-rock,2016-07-23,201607231505_Race,97,119,2,Markus Palttala,56.483,22.741,21.245,12.497,93.9,2:01:59.490,56483,0,0,36
2016,13_Lime Rock,Lime Rock,lime-rock,2016-07-23,201607231505_Race,97,120,2,Markus Palttala,54.584,22.623,19.699,12.262,97.2,2:02:54.074,54584,0,0,36
2016,13_Lime Rock,Lime Rock,lime-rock,2016-07-23,201607231505_Race,97,121,2,Markus Palttala,55.201,22.892,19.922,12.387,96.1,2:03:49.275,55201,0,0,36
2016,13_Lime Rock,Lime Rock,lime-rock,2016-07-23,201607231505_Race,97,122,2,Markus Palttala,55.182,23.132,19.856,12.194,96.1,2:04:44.457,55182,0,0,36
2016,13_Lime Rock,Lime Rock,lime-rock,2016-07-23,201607231505_Race,97,123,2,Markus Palttala,55.128,22.988,19.918,12.222,96.2,2:05:39.585,55128,0,0,36
2016,13_Lime Rock,Lime Rock,lime-rock,2016-07-23,201607231505_Race,97,124,2,Markus Palttala,55.080,22.583,19.867,12.630,96.3,2:06:34.665,55080,0,0,36
2016,13_Lime Rock,Lime Rock,lime-rock,2016-07-23,201607231505_Race,97,125,2,Markus Palttala,56.260,23.700,20.126,12.434,94.3,2:07:30.925,56260,0,0,36
2016,13_Lime Rock,Lime Rock,lime-rock,2016-07-23,201607231505_Race,97,126,2,Markus Palttala,54.845,22.518,19.991,12.336,96.7,2:08:25.770,54845,0,0,36
2016,13_Lime Rock,Lime Rock,lime-rock,2016-07-23,201607231505_Race,97,127,2,Markus Palttala,54.925,22.507,20.025,12.393,96.6,2:09:20.695,54925,0,0,36
2016,13_Lime Rock,Lime Rock,lime-rock,2016-07-23,201607231505_Race,97,128,2,Markus Palttala,55.054,22.802,19.965,12.287,96.3,2:10:15.749,55054,0,0,36
2016,13_Lime Rock,Lime Rock,lime-rock,2016-07-23,201607231505_Race,97,129,2,Markus Palttala,56.732,23.037,21.407,12.288,93.5,2:11:12.481,56732,0,0,36
2016,13_Lime Rock,Lime Rock,lime-rock,2016-07-23,201607231505_Race,97,130,2,Markus Palttala,55.087,22.518,19.880,12.689,96.3,2:12:07.568,55087,0,0,36
2016,13_Lime Rock,Lime Rock,lime-rock,2016-07-23,201607231505_Race,97,131,2,Markus Palttala,55.648,22.969,20.171,12.508,95.3,2:13:03.216,55648,0,0,36
2016,13_Lime Rock,Lime Rock,lime-rock,2016-07-23,201607231505_Race,97,132,2,Markus Palttala,57.066,23.406,21.189,12.471,92.9,2:14:00.282,57066,0,0,36
2016,13_Lime Rock,Lime Rock,lime-rock,2016-07-23,201607231505_Race,97,133,2,Markus Palttala,55.838,22.865,20.480,12.493,95.0,2:14:56.120,55838,0,0,36
2016,13_Lime Rock,Lime Rock,lime-rock,2016-07-23,201607231505_Race,97,134,2,Markus Palttala,54.875,22.814,19.751,12.310,96.6,2:15:50.995,54875,0,0,36
2016,13_Lime Rock,Lime Rock,lime-rock,2016-07-23,201607231505_Race,97,135,2,Markus Palttala,55.733,22.837,20.208,12.688,95.1,2:16:46.728,55733,0,0,36
2016,13_Lime Rock,Lime Rock,lime-rock,2016-07-23,201607231505_Race,97,136,2,Markus Palttala,54.755,22.679,19.782,12.294,96.9,2:17:41.483,54755,0,0,36
2016,13_Lime Rock,Lime Rock,lime-rock,2016-07-23,201607231505_Race,97,137,2,Markus Palttala,55.677,23.125,20.250,12.302,95.3,2:18:37.160,55677,0,0,36
2016,13_Lime Rock,Lime Rock,lime-rock,2016-07-23,201607231505_Race,97,138,2,Markus Palttala,56.338,22.867,20.495,12.976,94.1,2:19:33.498,56338,0,0,36
2016,13_Lime Rock,Lime Rock,lime-rock,2016-07-23,201607231505_Race,97,139,2,Markus Palttala,55.561,22.838,20.406,12.317,95.5,2:20:29.059,55561,0,0,36
2016,13_Lime Rock,Lime Rock,lime-rock,2016-07-23,201607231505_Race,97,140,2,Markus Palttala,55.186,22.712,20.162,12.312,96.1,2:21:24.245,55186,0,0,36
2016,13_Lime Rock,Lime Rock,lime-rock,2016-07-23,201607231505_Race,97,141,2,Markus Palttala,55.686,23.048,20.078,12.560,95.3,2:22:19.931,55686,0,0,36
2016,13_Lime Rock,Lime Rock,lime-rock,2016-07-23,201607231505_Race,97,142,2,Markus Palttala,55.561,23.001,20.196,12.364,95.5,2:23:15.492,55561,0,0,36
2016,13_Lime Rock,Lime Rock,lime-rock,2016-07-23,201607231505_Race,97,143,2,Markus Palttala,56.233,23.257,20.094,12.882,94.3,2:24:11.725,56233,0,0,36
2016,13_Lime Rock,Lime Rock,lime-rock,2016-07-23,201607231505_Race,97,144,2,Markus Palttala,56.886,23.304,21.089,12.493,93.2,2:25:08.611,56886,0,0,36
2016,13_Lime Rock,Lime Rock,lime-rock,2016-07-23,201607231505_Race,97,145,2,Markus Palttala,55.682,23.046,20.139,12.497,95.3,2:26:04.293,55682,0,0,36
2016,13_Lime Rock,Lime Rock,lime-rock,2016-07-23,201607231505_Race,97,146,2,Markus Palttala,55.961,23.176,20.243,12.542,94.8,2:27:00.254,55961,0,0,36
2016,13_Lime Rock,Lime Rock,lime-rock,2016-07-23,201607231505_Race,97,147,2,Markus Palttala,56.289,23.325,20.423,12.541,94.2,2:27:56.543,56289,0,0,36
2016,13_Lime Rock,Lime Rock,lime-rock,2016-07-23,201607231505_Race,97,148,2,Markus Palttala,56.203,23.399,20.444,12.360,94.3,2:28:52.746,56203,0,0,36
2016,13_Lime Rock,Lime Rock,lime-rock,2016-07-23,201607231505_Race,97,149,2,Markus Palttala,55.617,22.993,20.266,12.358,95.3,2:29:48.363,55617,0,0,36
2016,13_Lime Rock,Lime Rock,lime-rock,2016-07-23,201607231505_Race,97,150,2,Markus Palttala,55.798,23.231,20.208,12.359,95.0,2:30:44.161,55798,0,0,36
2016,13_Lime Rock,Lime Rock,lime-rock,2016-07-23,201607231505_Race,97,151,2,Markus Palttala,55.225,23.087,19.813,12.325,96.0,2:31:39.386,55225,0,0,36
2016,13_Lime Rock,Lime Rock,lime-rock,2016-07-23,201607231505_Race,97,152,2,Markus Palttala,55.468,23.106,19.902,12.460,95.6,2:32:34.854,55468,0,0,36
2016,13_Lime Rock,Lime Rock,lime-rock,2016-07-23,201607231505_Race,97,153,2,Markus Palttala,55.374,23.075,19.900,12.399,95.8,2:33:30.228,55374,0,0,36
2016,13_Lime Rock,Lime Rock,lime-rock,2016-07-23,201607231505_Race,97,154,2,Markus Palttala,55.536,23.031,20.162,12.343,95.5,2:34:25.764,55536,0,0,36
2016,13_Lime Rock,Lime Rock,lime-rock,2016-07-23,201607231505_Race,97,155,2,Markus Palttala,55.419,23.045,19.960,12.414,95.7,2:35:21.183,55419,0,0,36
2016,13_Lime Rock,Lime Rock,lime-rock,2016-07-23,201607231505_Race,97,156,2,Markus Palttala,55.449,23.021,19.987,12.441,95.6,2:36:16.632,55449,0,0,36
2016,13_Lime Rock,Lime Rock,lime-rock,2016-07-23,201607231505_Race,97,157,2,Markus Palttala,55.562,23.112,19.928,12.522,95.5,2:37:12.194,55562,0,0,36
2016,13_Lime Rock,Lime Rock,lime-rock,2016-07-23,201607231505_Race,97,158,2,Markus Palttala,56.140,23.506,20.115,12.519,94.5,2:38:08.334,56140,0,0,36
2016,13_Lime Rock,Lime Rock,lime-rock,2016-07-23,201607231505_Race,97,159,2,Markus Palttala,57.090,23.634,20.659,12.797,92.9,2:39:05.424,57090,0,0,36
2016,13_Lime Rock,Lime Rock,lime-rock,2016-07-23,201607231505_Race,97,160,2,Markus Palttala,56.537,23.737,20.279,12.521,93.8,2:40:01.961,56537,0,0,36
2016,13_Lime Rock,Lime Rock,lime-rock,2016-07-23,201607231505_Race,97,161,2,Markus Palttala,56.222,23.449,20.199,12.574,94.3,2:40:58.183,56222,0,0,36
2016,13_Lime Rock,Lime Rock,lime-rock,2016-07-23,201607231505_Race,100,1,1,John Edwards,1:31.696,42.492,27.587,21.617,57.8,1:31.696,,,0,36
2016,13_Lime Rock,Lime Rock,lime-rock,2016-07-23,201607231505_Race,100,2,1,John Edwards,1:06.481,28.095,25.169,13.217,79.8,2:38.177,66481,0,0,36
2016,13_Lime Rock,Lime Rock,lime-rock,2016-07-23,201607231505_Race,100,3,1,John Edwards,58.364,24.365,21.847,12.152,90.9,3:36.541,58364,0,0,36
2016,13_Lime Rock,Lime Rock,lime-rock,2016-07-23,201607231505_Race,100,4,1,John Edwards,53.810,22.217,19.670,11.923,98.6,4:30.351,53810,0,0,36
2016,13_Lime Rock,Lime Rock,lime-rock,2016-07-23,201607231505_Race,540,1,1,Timothy Pappas,1:07.731,,,,78.3,1:07.731,,,1,36
2016,13_Lime Rock,Lime Rock,lime-rock,2016-07-23,201607231505_Race,540,2,1,Timothy Pappas,1:10.000,,,,75.8,2:17.731,70000,0,0,36
2016,13_Lime Rock,Lime Rock,lime-rock,2016-07-23,201607231505_Race,540,3,2,Andy Pilgrim,1:36.549,1:02.901,20.824,12.824,54.9,3:54.280,96549,0,0,36
2016,13_Lime Rock,Lime Rock,lime-rock,2016-07-23,201607231505_Race,540,4,2,Andy Pilgrim,55.867,23.103,20.226,12.538,95.0,4:50.147,55867,0,0,36
2016,13_Lime Rock,Lime Rock,lime-rock,2016-07-23,201607231505_Race,540,5,2,Andy Pilgrim,55.931,22.780,20.278,12.873,94.8,5:46.078,55931,0,0,36
2016,13_Lime Rock,Lime Rock,lime-rock,2016-07-23,201607231505_Race,540,6,2,Andy Pilgrim,58.486,22.976,20.808,14.702,90.7,6:44.564,58486,0,0,36
2016,13_Lime Rock,Lime Rock,lime-rock,2016-07-23,201607231505_Race,540,7,2,Andy Pilgrim,1:09.857,25.180,24.516,20.161,75.9,7:54.421,69857,0,0,36
2016,13_Lime Rock,Lime Rock,lime-rock,2016-07-23,201607231505_Race,540,8,2,Andy Pilgrim,1:35.843,30.927,33.511,31.405,55.3,9:30.264,95843,0,0,36
2016,13_Lime Rock,Lime Rock,lime-rock,2016-07-23,201607231505_Race,540,9,2,Andy Pilgrim,1:33.914,32.178,34.547,27.189,56.4,11:04.178,93914,0,0,36
2016,13_Lime Rock,Lime Rock,lime-rock,2016-07-23,201607231505_Race,540,10,2,Andy Pilgrim,1:34.019,34.666,29.688,29.665,56.4,12:38.197,94019,0,0,36
2016,13_Lime Rock,Lime Rock,lime-rock,2016-07-23,201607231505_Race,540,11,2,Andy Pilgrim,1:27.713,30.865,28.005,28.843,60.5,14:05.910,87713,0,0,36
2016,13_Lime Rock,Lime Rock,lime-rock,2016-07-23,201607231505_Race,540,12,2,Andy Pilgrim,1:28.601,31.249,29.185,28.167,59.9,15:34.511,88601,0,0,36
2016,13_Lime Rock,Lime Rock,lime-rock,2016-07-23,201607231505_Race,540,13,2,Andy Pilgrim,1:15.593,27.390,23.082,25.121,70.2,16:50.104,75593,0,1,36
2016,13_Lime Rock,Lime Rock,lime-rock,2016-07-23,201607231505_Race,540,14,2,Andy Pilgrim,1:02.586,29.787,20.109,12.690,84.7,17:52.690,62586,0,0,36
2016,13_Lime Rock,Lime Rock,lime-rock,2016-07-23,201607231505_Race,540,15,2,Andy Pilgrim,55.544,22.920,20.060,12.564,95.5,18:48.234,55544,0,0,36
2016,13_Lime Rock,Lime Rock,lime-rock,2016-07-23,201607231505_Race,540,16,2,Andy Pilgrim,55.055,22.819,19.726,12.510,96.3,19:43.289,55055,0,0,36
2016,13_Lime Rock,Lime Rock,lime-rock,2016-07-23,201607231505_Race,540,17,2,Andy Pilgrim,56.287,23.676,19.968,12.643,94.2,20:39.576,56287,0,0,36
2016,13_Lime Rock,Lime Rock,lime-rock,2016-07-23,201607231505_Race,540,18,2,Andy Pilgrim,56.889,23.202,20.825,12.862,93.2,21:36.465,56889,0,0,36
2016,13_Lime Rock,Lime Rock,lime-rock,2016-07-23,201607231505_Race,540,19,2,Andy Pilgrim,56.826,23.000,19.909,13.917,93.3,22:33.291,56826,0,0,37
2016,13_Lime Rock,Lime Rock,lime-rock,2016-07-23,201607231505_Race,540,20,2,Andy Pilgrim,58.905,24.499,21.672,12.734,90.0,23:32.196,58905,0,0,37
2016,13_Lime Rock,Lime Rock,lime-rock,2016-07-23,201607231505_Race,540,21,2,Andy Pilgrim,55.488,22.829,20.102,12.557,95.6,24:27.684,55488,0,0,37
2016,13_Lime Rock,Lime Rock,lime-rock,2016-07-23,201607231505_Race,540,22,2,Andy Pilgrim,55.937,22.928,20.570,12.439,94.8,25:23.621,55937,0,0,37
2016,13_Lime Rock,Lime Rock,lime-rock,2016-07-23,201607231505_Race,540,23,2,Andy Pilgrim,55.282,22.822,19.909,12.551,96.0,26:18.903,55282,0,0,37
2016,13_Lime Rock,Lime Rock,lime-rock,2016-07-23,201607231505_Race,540,24,2,Andy Pilgrim,55.578,22.997,20.035,12.546,95.5,27:14.481,55578,0,0,37
2016,13_Lime Rock,Lime Rock,lime-rock,2016-07-23,201607231505_Race,540,25,2,Andy Pilgrim,56.575,23.373,20.617,12.585,93.7,28:11.056,56575,0,0,37
2016,13_Lime Rock,Lime Rock,lime-rock,2016-07-23,201607231505_Race,540,26,2,Andy Pilgrim,1:02.802,24.573,22.742,15.487,84.5,29:13.858,62802,0,0,37
2016,13_Lime Rock,Lime Rock,lime-rock,2016-07-23,201607231505_Race,540,27,2,Andy Pilgrim,1:03.225,27.292,22.323,13.610,83.9,30:17.083,63225,0,0,37
2016,13_Lime Rock,Lime Rock,lime-rock,2016-07-23,201607231505_Race,540,28,2,Andy Pilgrim,1:06.818,24.096,24.037,18.685,79.4,31:23.901,66818,0,0,37
2016,13_Lime Rock,Lime Rock,lime-rock,2016-07-23,201607231505_Race,540,29,2,Andy Pilgrim,2:13.871,26.674,32.163,1:15.034,39.6,33:37.772,133871,0,1,37
2016,13_Lime Rock,Lime Rock,lime-rock,2016-07-23,201607231505_Race,540,30,1,Timothy Pappas,1:08.155,32.728,21.899,13.528,77.8,34:45.927,68155,0,0,37
2016,13_Lime Rock,Lime Rock,lime-rock,2016-07-23,201607231505_Race,540,31,1,Timothy Pappas,58.041,23.933,21.257,12.851,91.4,35:43.968,58041,0,0,37
2016,13_Lime Rock,Lime Rock,lime-rock,2016-07-23,201607231505_Race,540,32,1,Timothy Pappas,56.773,23.695,20.381,12.697,93.4,36:40.741,56773,0,0,37
2016,13_Lime Rock,Lime Rock,lime-rock,2016-07-23,201607231505_Race,540,33,1,Timothy Pappas,55.899,23.063,20.230,12.606,94.9,37:36.640,55899,0,0,37
2016,13_Lime Rock,Lime Rock,lime-rock,2016-07-23,201607231505_Race,540,34,1,Timothy Pappas,57.222,23.690,20.598,12.934,92.7,38:33.862,57222,0,0,37
2016,13_Lime Rock,Lime Rock,lime-rock,2016-07-23,201607231505_Race,540,35,1,Timothy Pappas,56.180,23.218,20.074,12.888,94.4,39:30.042,56180,0,0,37
2016,13_Lime Rock,Lime Rock,lime-rock,2016-07-23,201607231505_Race,540,36,1,Timothy Pappas,56.719,23.008,20.870,12.841,93.5,40:26.761,56719,0,0,37
2016,13_Lime Rock,Lime Rock,lime-rock,2016-07-23,201607231505_Race,540,37,1,Timothy Pappas,55.868,22.949,20.185,12.734,95.0,41:22.629,55868,0,0,37
2016,13_Lime Rock,Lime Rock,lime-rock,2016-07-23,201607231505_Race,540,38,1,Timothy Pappas,55.392,22.889,19.978,12.525,95.8,42:18.021,55392,0,0,37
2016,13_Lime Rock,Lime Rock,lime-rock,2016-07-23,201607231505_Race,540,39,1,Timothy Pappas,55.688,23.013,19.941,12.734,95.3,43:13.709,55688,0,0,37
2016,13_Lime Rock,Lime Rock,lime-rock,2016-07-23,201607231505_Race,540,40,1,Timothy Pappas,55.377,22.919,19.940,12.518,95.8,44:09.086,55377,0,0,37
2016,13_Lime Rock,Lime Rock,lime-rock,2016-07-23,201607231505_Race,540,41,1,Timothy Pappas,1:04.860,23.599,24.020,17.241,81.8,45:13.946,64860,0,0,37
2016,13_Lime Rock,Lime Rock,lime-rock,2016-07-23,201607231505_Race,540,42,1,Timothy Pappas,1:01.900,24.222,24.293,13.385,85.7,46:15.846,61900,0,0,37
2016,13_Lime Rock,Lime Rock,lime-rock,2016-07-23,201607231505_Race,540,43,1,Timothy Pappas,1:02.537,23.750,21.142,17.645,84.8,47:18.383,62537,0,0,37
2016,13_Lime Rock,Lime Rock,lime-rock,2016-07-23,201607231505_Race,540,44,1,Timothy Pappas,1:01.610,26.879,21.700,13.031,86.1,48:19.993,61610,0,0,37
2016,13_Lime Rock,Lime Rock,lime-rock,2016-07-23,201607231505_Race,540,45,1,Timothy Pappas,1:05.149,24.017,20.729,20.403,81.4,49:25.142,65149,0,0,37
2016,13_Lime Rock,Lime Rock,lime-rock,2016-07-23,201607231505_Race,540,46,1,Timothy Pappas,1:15.381,28.104,34.374,12.903,70.4,50:40.523,75381,0,0,37
2016,13_Lime Rock,Lime Rock,lime-rock,2016-07-23,201607231505_Race,540,47,1,Timothy Pappas,58.148,23.613,21.384,13.151,91.2,51:38.671,58148,0,0,37
2016,13_Lime Rock,Lime Rock,lime-rock,2016-07-23,201607231505_Race,540,48,1,Timothy Pappas,56.831,23.391,20.820,12.620,93.3,52:35.502,56831,0,0,37
2016,13_Lime Rock,Lime Rock,lime-rock,2016-07-23,201607231505_Race,540,49,1,Timothy Pappas,56.310,23.400,20.294,12.616,94.2,53:31.812,56310,0,0,37
2016,13_Lime Rock,Lime Rock,lime-rock,2016-07-23,201607231505_Race,540,50,1,Timothy Pappas,59.056,23.179,22.127,13.750,89.8,54:30.868,59056,0,0,37
2016,13_Lime Rock,Lime Rock,lime-rock,2016-07-23,201607231505_Race,540,51,1,Timothy Pappas,56.275,23.118,20.370,12.787,94.3,55:27.143,56275,0,0,37
2016,13_Lime Rock,Lime Rock,lime-rock,2016-07-23,201607231505_Race,540,52,1,Timothy Pappas,56.309,22.996,20.465,12.848,94.2,56:23.452,56309,0,0,37
2016,13_Lime Rock,Lime Rock,lime-rock,2016-07-23,201607231505_Race,540,53,1,Timothy Pappas,56.357,23.030,20.730,12.597,94.1,57:19.809,56357,0,0,37
2016,13_Lime Rock,Lime Rock,lime-rock,2016-07-23,201607231505_Race,540,54,1,Timothy Pappas,57.312,23.011,21.191,13.110,92.5,58:17.121,57312,0,0,37
2016,13_Lime Rock,Lime Rock,lime-rock,2016-07-23,201607231505_Race,540,55,1,Timothy Pappas,56.505,23.444,20.422,12.639,93.8,59:13.626,56505,0,0,37
2016,13_Lime Rock,Lime Rock,lime-rock,2016-07-23,201607231505_Race,540,56,1,Timothy Pappas,57.320,23.196,21.275,12.849,92.5,1:00:10.946,57320,0,0,37
2016,13_Lime Rock,Lime Rock,lime-rock,2016-07-23,201607231505_Race,540,57,1,Timothy Pappas,57.591,23.613,20.838,13.140,92.1,1:01:08.537,57591,0,0,37
2016,13_Lime Rock,Lime Rock,lime-rock,2016-07-23,201607231505_Race,540,58,1,Timothy Pappas,56.047,23.110,20.280,12.657,94.6,1:02:04.584,56047,0,0,37
2016,13_Lime Rock,Lime Rock,lime-rock,2016-07-23,201607231505_Race,540,59,1,Timothy Pappas,56.050,23.028,20.156,12.866,94.6,1:03:00.634,56050,0,0,37
2016,13_Lime Rock,Lime Rock,lime-rock,2016-07-23,201607231505_Race,540,60,1,Timothy Pappas,58.640,23.977,21.524,13.139,90.4,1:03:59.274,58640,0,0,37
2016,13_Lime Rock,Lime Rock,lime-rock,2016-07-23,201607231505_Race,540,61,1,Timothy Pappas,56.730,23.421,20.558,12.751,93.5,1:04:56.004,56730,0,0,37
2016,13_Lime Rock,Lime Rock,lime-rock,2016-07-23,201607231505_Race,540,62,1,Timothy Pappas,56.263,23.238,20.303,12.722,94.3,1:05:52.267,56263,0,0,37
2016,13_Lime Rock,Lime Rock,lime-rock,2016-07-23,201607231505_Race,540,63,1,Timothy Pappas,56.213,23.319,20.242,12.652,94.3,1:06:48.480,56213,0,0,37
2016,13_Lime Rock,Lime Rock,lime-rock,2016-07-23,201607231505_Race,540,64,1,Timothy Pappas,56.108,23.259,20.158,12.691,94.5,1:07:44.588,56108,0,0,37
2016,13_Lime Rock,Lime Rock,lime-rock,2016-07-23,201607231505_Race,540,65,1,Timothy Pappas,56.649,23.114,20.323,13.212,93.6,1:08:41.237,56649,0,0,37
2016,13_Lime Rock,Lime Rock,lime-rock,2016-07-23,201607231505_Race,540,66,1,Timothy Pappas,57.236,23.596,20.871,12.769,92.7,1:09:38.473,57236,0,0,37
2016,13_Lime Rock,Lime Rock,lime-rock,2016-07-23,201607231505_Race,540,67,1,Timothy Pappas,56.124,23.315,20.284,12.525,94.5,1:10:34.597,56124,0,0,37
2016,13_Lime Rock,Lime Rock,lime-rock,2016-07-23,201607231505_Race,540,68,1,Timothy Pappas,56.258,23.395,20.210,12.653,94.3,1:11:30.855,56258,0,0,37
2016,13_Lime Rock,Lime Rock,lime-rock,2016-07-23,201607231505_Race,540,69,1,Timothy Pappas,55.888,23.149,20.066,12.673,94.9,1:12:26.743,55888,0,0,37
2016,13_Lime Rock,Lime Rock,lime-rock,2016-07-23,201607231505_Race,540,70,1,Timothy Pappas,55.983,23.101,20.201,12.681,94.7,1:13:22.726,55983,0,0,37
2016,13_Lime Rock,Lime Rock,lime-rock,2016-07-23,201607231505_Race,540,71,1,Timothy Pappas,55.634,23.083,19.997,12.554,95.3,1:14:18.360,55634,0,0,37
2016,13_Lime Rock,Lime Rock,lime-rock,2016-07-23,201607231505_Race,540,72,1,Timothy Pappas,55.682,22.983,20.153,12.546,95.3,1:15:14.042,55682,0,0,37
2016,13_Lime Rock,Lime Rock,lime-rock,2016-07-23,201607231505_Race,540,73,1,Timothy Pappas,57.683,23.548,21.012,13.123,91.9,1:16:11.725,57683,0,0,37
2016,13_Lime Rock,Lime Rock,lime-rock,2016-07-23,201607231505_Race,540,74,1,Timothy Pappas,1:00.704,23.932,23.991,12.781,87.4,1:17:12.429,60704,0,0,37
2016,13_Lime Rock,Lime Rock,lime-rock,2016-07-23,201607231505_Race,540,75,1,Timothy Pappas,56.417,23.402,20.270,12.745,94.0,1:18:08.846,56417,0,0,37
2016,13_Lime Rock,Lime Rock,lime-rock,2016-07-23,201607231505_Race,540,76,1,Timothy Pappas,56.483,23.350,20.368,12.765,93.9,1:19:05.329,56483,0,0,37
2016,13_Lime Rock,Lime Rock,lime-rock,2016-07-23,201607231505_Race,540,77,1,Timothy Pappas,56.857,23.836,20.328,12.693,93.3,1:20:02.186,56857,0,0,37
2016,13_Lime Rock,Lime Rock,lime-rock,2016-07-23,201607231505_Race,540,78,1,Timothy Pappas,59.458,23.929,22.362,13.167,89.2,1:21:01.644,59458,0,0,37
2016,13_Lime Rock,Lime Rock,lime-rock,2016-07-23,201607231505_Race,540,79,1,Timothy Pappas,58.852,25.458,20.614,12.780,90.1,1:22:00.496,58852,0,0,37
2016,13_Lime Rock,Lime Rock,lime-rock,2016-07-23,201607231505_Race,540,80,1,Timothy Pappas,56.597,23.531,20.297,12.769,93.7,1:22:57.093,56597,0,0,37
2016,13_Lime Rock,Lime Rock,lime-rock,2016-07-23,201607231505_Race,540,81,1,Timothy Pappas,56.469,23.508,20.291,12.670,93.9,1:23:53.562,56469,0,0,37
2016,13_Lime Rock,Lime Rock,lime-rock,2016-07-23,201607231505_Race,540,82,1,Timothy Pappas,56.601,23.548,20.354,12.699,93.7,1:24:50.163,56601,0,0,37
2016,13_Lime Rock,Lime Rock,lime-rock,2016-07-23,201607231505_Race,540,83,1,Timothy Pappas,56.266,23.405,20.193,12.668,94.3,1:25:46.429,56266,0,0,37
2016,13_Lime Rock,Lime Rock,lime-rock,2016-07-23,201607231505_Race,540,84,1,Timothy Pappas,56.934,23.602,20.512,12.820,93.2,1:26:43.363,56934,0,0,37
2016,13_Lime Rock,Lime Rock,lime-rock,2016-07-23,201607231505_Race,540,85,1,Timothy Pappas,56.632,23.684,20.258,12.690,93.7,1:27:39.995,56632,0,0,37
2016,13_Lime Rock,Lime Rock,lime-rock,2016-07-23,201607231505_Race,540,86,1,Timothy Pappas,1:20.846,44.516,22.072,14.258,65.6,1:29:00.841,80846,0,0,37
2016,13_Lime Rock,Lime Rock,lime-rock,2016-07-23,201607231505_Race,540,87,1,Timothy Pappas,1:02.014,24.954,22.951,14.109,85.5,1:30:02.855,62014,0,0,37
2016,13_Lime Rock,Lime Rock,lime-rock,2016-07-23,201607231505_Race,540,88,1,Timothy Pappas,1:16.463,24.245,22.232,29.986,69.4,1:31:19.318,76463,0,0,37
2016,13_Lime Rock,Lime Rock,lime-rock,2016-07-23,201607231505_Race,540,89,1,Timothy Pappas,1:03.283,27.382,22.265,13.636,83.8,1:32:22.601,63283,0,0,37
2016,13_Lime Rock,Lime Rock,lime-rock,2016-07-23,201607231505_Race,540,90,1,Timothy Pappas,59.886,24.300,21.324,14.262,88.6,1:33:22.487,59886,0,0,37
2016,13_Lime Rock,Lime Rock,lime-rock,2016-07-23,201607231505_Race,540,91,1,Timothy Pappas,1:10.162,24.231,28.563,17.368,75.6,1:34:32.649,70162,0,0,37
2016,13_Lime Rock,Lime Rock,lime-rock,2016-07-23,201607231505_Race,540,92,1,Timothy Pappas,1:23.641,33.082,32.504,18.055,63.4,1:35:56.290,83641,0,0,37
2016,13_Lime Rock,Lime Rock,lime-rock,2016-07-23,201607231505_Race,540,93,1,Timothy Pappas,1:34.939,33.143,35.490,26.306,55.9,1:37:31.229,94939,0,0,37
2016,13_Lime Rock,Lime Rock,lime-rock,2016-07-23,201607231505_Race,540,94,1,Timothy Pappas,1:01.074,25.788,21.210,14.076,86.8,1:38:32.303,61074,0,0,37
2016,13_Lime Rock,Lime Rock,lime-rock,2016-07-23,201607231505_Race,540,95,1,Timothy Pappas,2:02.626,23.999,20.602,1:18.025,43.2,1:40:34.929,122626,0,1,37
2016,13_Lime Rock,Lime Rock,lime-rock,2016-07-23,201607231505_Race,540,96,2,Andy Pilgrim,1:04.494,31.350,20.516,12.628,82.2,1:41:39.423,64494,0,0,37
2016,13_Lime Rock,Lime Rock,lime-rock,2016-07-23,201607231505_Race,540,97,2,Andy Pilgrim,56.052,22.954,20.132,12.966,94.6,1:42:35.475,56052,0,0,37
2016,13_Lime Rock,Lime Rock,lime-rock,2016-07-23,201607231505_Race,540,98,2,Andy Pilgrim,55.379,22.702,20.142,12.535,95.8,1:43:30.854,55379,0,0,37
2016,13_Lime Rock,Lime Rock,lime-rock,2016-07-23,201607231505_Race,540,99,2,Andy Pilgrim,56.188,23.172,20.457,12.559,94.4,1:44:27.042,56188,0,0,37
2016,13_Lime Rock,Lime Rock,lime-rock,2016-07-23,201607231505_Race,540,100,2,Andy Pilgrim,55.469,22.719,20.380,12.370,95.6,1:45:22.511,55469,0,0,37
2016,13_Lime Rock,Lime Rock,lime-rock,2016-07-23,201607231505_Race,540,101,2,Andy Pilgrim,54.388,22.426,19.686,12.276,97.5,1:46:16.899,54388,0,0,37
2016,13_Lime Rock,Lime Rock,lime-rock,2016-07-23,201607231505_Race,540,102,2,Andy Pilgrim,54.504,22.414,19.704,12.386,97.3,1:47:11.403,54504,0,0,37
2016,13_Lime Rock,Lime Rock,lime-rock,2016-07-23,201607231505_Race,540,103,2,Andy Pilgrim,55.361,23.310,19.693,12.358,95.8,1:48:06.764,55361,0,0,37
2016,13_Lime Rock,Lime Rock,lime-rock,2016-07-23,201607231505_Race,540,104,2,Andy Pilgrim,54.643,22.810,19.520,12.313,97.1,1:49:01.407,54643,0,0,37
2016,13_Lime Rock,Lime Rock,lime-rock,2016-07-23,201607231505_Race,540,105,2,Andy Pilgrim,54.662,22.471,19.697,12.494,97.0,1:49:56.069,54662,0,0,37
2016,13_Lime Rock,Lime Rock,lime-rock,2016-07-23,201607231505_Race,540,106,2,Andy Pilgrim,54.713,22.719,19.596,12.398,96.9,1:50:50.782,54713,0,0,37
2016,13_Lime Rock,Lime Rock,lime-rock,2016-07-23,201607231505_Race,540,107,2,Andy Pilgrim,54.965,22.582,19.993,12.390,96.5,1:51:45.747,54965,0,0,37
2016,13_Lime Rock,Lime Rock,lime-rock,2016-07-23,201607231505_Race,540,108,2,Andy Pilgrim,54.810,22.443,19.847,12.520,96.8,1:52:40.557,54810,0,0,37
2016,13_Lime Rock,Lime Rock,lime-rock,2016-07-23,201607231505_Race,540,109,2,Andy Pilgrim,54.708,22.616,19.631,12.461,96.9,1:53:35.265,54708,0,0,37
2016,13_Lime Rock,Lime Rock,lime-rock,2016-07-23,201607231505_Race,540,110,2,Andy Pilgrim,55.026,22.713,19.836,12.477,96.4,1:54:30.291,55026,0,0,37
2016,13_Lime Rock,Lime Rock,lime-rock,2016-07-23,201607231505_Race,540,111,2,Andy Pilgrim,55.374,22.840,20.065,12.469,95.8,1:55:25.665,55374,0,0,37
2016,13_Lime Rock,Lime Rock,lime-rock,2016-07-23,201607231505_Race,540,112,2,Andy Pilgrim,54.888,22.723,19.628,12.537,96.6,1:56:20.553,54888,0,0,37
2016,13_Lime Rock,Lime Rock,lime-rock,2016-07-23,201607231505_Race,540,113,2,Andy Pilgrim,54.690,22.559,19.705,12.426,96.9,1:57:15.243,54690,0,0,37
2016,13_Lime Rock,Lime Rock,lime-rock,2016-07-23,201607231505_Race,540,114,2,Andy Pilgrim,55.034,22.821,19.840,12.373,96.4,1:58:10.277,55034,0,0,37
2016,13_Lime Rock,Lime Rock,lime-rock,2016-07-23,201607231505_Race,540,115,2,Andy Pilgrim,55.095,22.861,19.870,12.364,96.3,1:59:05.372,55095,0,0,37
2016,13_Lime Rock,Lime Rock,lime-rock,2016-07-23,201607231505_Race,540,116,2,Andy Pilgrim,55.438,22.955,19.822,12.661,95.6,2:00:00.810,55438,0,0,37
2016,13_Lime Rock,Lime Rock,lime-rock,2016-07-23,201607231505_Race,540,117,2,Andy Pilgrim,56.098,23.379,20.149,12.570,94.5,2:00:56.908,56098,0,0,37
2016,13_Lime Rock,Lime Rock,lime-rock,2016-07-23,201607231505_Race,540,118,2,Andy Pilgrim,55.008,22.674,19.871,12.463,96.4,2:01:51.916,55008,0,0,37
2016,13_Lime Rock,Lime Rock,lime-rock,2016-07-23,201607231505_Race,540,119,2,Andy Pilgrim,54.772,22.741,19.659,12.372,96.8,2:02:46.688,54772,0,0,37
2016,13_Lime Rock,Lime Rock,lime-rock,2016-07-23,201607231505_Race,540,120,2,Andy Pilgrim,56.004,23.108,20.395,12.501,94.7,2:03:42.692,56004,0,0,37
2016,13_Lime Rock,Lime Rock,lime-rock,2016-07-23,201607231505_Race,540,121,2,Andy Pilgrim,56.240,23.209,20.380,12.651,94.3,2:04:38.932,56240,0,0,37
2016,13_Lime Rock,Lime Rock,lime-rock,2016-07-23,201607231505_Race,540,122,2,Andy Pilgrim,56.072,23.676,19.909,12.487,94.6,2:05:35.004,56072,0,0,37
2016,13_Lime Rock,Lime Rock,lime-rock,2016-07-23,201607231505_Race,540,123,2,Andy Pilgrim,57.100,22.866,21.624,12.610,92.9,2:06:32.104,57100,0,0,37
2016,13_Lime Rock,Lime Rock,lime-rock,2016-07-23,201607231505_Race,540,124,2,Andy Pilgrim,54.976,22.859,19.686,12.431,96.4,2:07:27.080,54976,0,0,37
2016,13_Lime Rock,Lime Rock,lime-rock,2016-07-23,201607231505_Race,540,125,2,Andy Pilgrim,55.346,22.828,20.011,12.507,95.8,2:08:22.426,55346,0,0,37
2016,13_Lime Rock,Lime Rock,lime-rock,2016-07-23,201607231505_Race,540,126,2,Andy Pilgrim,55.262,22.860,19.771,12.631,96.0,2:09:17.688,55262,0,0,37
2016,13_Lime Rock,Lime Rock,lime-rock,2016-07-23,201607231505_Race,540,127,2,Andy Pilgrim,55.295,22.931,19.826,12.538,95.9,2:10:12.983,55295,0,0,37
2016,13_Lime Rock,Lime Rock,lime-rock,2016-07-23,201607231505_Race,540,128,2,Andy Pilgrim,55.359,23.042,19.888,12.429,95.8,2:11:08.342,55359,0,0,37
2016,13_Lime Rock,Lime Rock,lime-rock,2016-07-23,201607231505_Race,540,129,2,Andy Pilgrim,55.173,22.818,19.893,12.462,96.1,2:12:03.515,55173,0,0,37
2016,13_Lime Rock,Lime Rock,lime-rock,2016-07-23,201607231505_Race,540,130,2,Andy Pilgrim,55.879,23.094,19.912,12.873,94.9,2:12:59.394,55879,0,0,37
2016,13_Lime Rock,Lime Rock,lime-rock,2016-07-23,201607231505_Race,540,131,2,Andy Pilgrim,56.073,23.292,20.206,12.575,94.6,2:13:55.467,56073,0,0,37
2016,13_Lime Rock,Lime Rock,lime-rock,2016-07-23,201607231505_Race,540,132,2,Andy Pilgrim,56.473,23.357,20.587,12.529,93.9,2:14:51.940,56473,0,0,37
2016,13_Lime Rock,Lime Rock,lime-rock,2016-07-23,201607231505_Race,540,133,2,Andy Pilgrim,55.577,23.131,19.937,12.509,95.5,2:15:47.517,55577,0,0,37
2016,13_Lime Rock,Lime Rock,lime-rock,2016-07-23,201607231505_Race,540,134,2,Andy Pilgrim,55.947,23.176,20.223,12.548,94.8,2:16:43.464,55947,0,0,37
2016,13_Lime Rock,Lime Rock,lime-rock,2016-07-23,201607231505_Race,540,135,2,Andy Pilgrim,55.694,23.070,20.081,12.543,95.2,2:17:39.158,55694,0,0,37
2016,13_Lime Rock,Lime Rock,lime-rock,2016-07-23,201607231505_Race,540,136,2,Andy Pilgrim,1:00.949,27.185,21.186,12.578,87.0,2:18:40.107,60949,0,0,37
2016,13_Lime Rock,Lime Rock,lime-rock,2016-07-23,201607231505_Race,540,137,2,Andy Pilgrim,56.248,23.142,20.031,13.075,94.3,2:19:36.355,56248,0,0,38
2016,13_Lime Rock,Lime Rock,lime-rock,2016-07-23,201607231505_Race,540,138,2,Andy Pilgrim,56.707,23.947,20.249,12.511,93.5,2:20:33.062,56707,0,0,38
2016,13_Lime Rock,Lime Rock,lime-rock,2016-07-23,201607231505_Race,540,139,2,Andy Pilgrim,56.767,24.015,20.150,12.602,93.4,2:21:29.829,56767,0,0,38
2016,13_Lime Rock,Lime Rock,lime-rock,2016-07-23,201607231505_Race,540,140,2,Andy Pilgrim,57.085,23.595,20.821,12.669,92.9,2:22:26.914,57085,0,0,38
2016,13_Lime Rock,Lime Rock,lime-rock,2016-07-23,201607231505_Race,540,141,2,Andy Pilgrim,59.246,23.858,22.378,13.010,89.5,2:23:26.160,59246,0,0,38
2016,13_Lime Rock,Lime Rock,lime-rock,2016-07-23,201607231505_Race,540,142,2,Andy Pilgrim,56.140,23.484,20.018,12.638,94.5,2:24:22.300,56140,0,0,38
2016,13_Lime Rock,Lime Rock,lime-rock,2016-07-23,201607231505_Race,540,143,2,Andy Pilgrim,56.147,23.312,20.195,12.640,94.5,2:25:18.447,56147,0,0,38
2016,13_Lime Rock,Lime Rock,lime-rock,2016-07-23,201607231505_Race,540,144,2,Andy Pilgrim,55.965,23.233,19.952,12.780,94.8,2:26:14.412,55965,0,0,38
2016,13_Lime Rock,Lime Rock,lime-rock,2016-07-23,201607231505_Race,540,145,2,Andy Pilgrim,56.179,23.421,20.056,12.702,94.4,2:27:10.591,56179,0,0,38
2016,13_Lime Rock,Lime Rock,lime-rock,2016-07-23,201607231505_Race,540,146,2,Andy Pilgrim,57.719,23.688,21.366,12.665,91.9,2:28:08.310,57719,0,0,38
2016,13_Lime Rock,Lime Rock,lime-rock,2016-07-23,201607231505_Race,540,147,2,Andy Pilgrim,56.299,23.473,20.172,12.654,94.2,2:29:04.609,56299,0,0,38
2016,13_Lime Rock,Lime Rock,lime-rock,2016-07-23,201607231505_Race,540,148,2,Andy Pilgrim,56.515,23.533,20.268,12.714,93.8,2:30:01.124,56515,0,0,38
2016,13_Lime Rock,Lime Rock,lime-rock,2016-07-23,201607231505_Race,540,149,2,Andy Pilgrim,56.092,23.391,20.035,12.666,94.5,2:30:57.216,56092,0,0,38
2016,13_Lime Rock,Lime Rock,lime-rock,2016-07-23,201607231505_Race,540,150,2,Andy Pilgrim,56.510,23.566,20.036,12.908,93.8,2:31:53.726,56510,0,0,38
2016,13_Lime Rock,Lime Rock,lime-rock,2016-07-23,201607231505_Race,540,151,2,Andy Pilgrim,56.562,23.645,20.273,12.644,93.8,2:32:50.288,56562,0,0,38
2016,13_Lime Rock,Lime Rock,lime-rock,2016-07-23,201607231505_Race,540,152,2,Andy Pilgrim,56.498,23.498,20.091,12.909,93.9,2:33:46.786,56498,0,0,38
2016,13_Lime Rock,Lime Rock,lime-rock,2016-07-23,201607231505_Race,540,153,2,Andy Pilgrim,56.744,23.599,20.369,12.776,93.5,2:34:43.530,56744,0,0,38
2016,13_Lime Rock,Lime Rock,lime-rock,2016-07-23,201607231505_Race,540,154,2,Andy Pilgrim,57.936,24.818,20.237,12.881,91.5,2:35:41.466,57936,0,0,38
2016,13_Lime Rock,Lime Rock,lime-rock,2016-07-23,201607231505_Race,540,155,2,Andy Pilgrim,58.115,24.193,21.039,12.883,91.2,2:36:39.581,58115,0,0,38
2016,13_Lime Rock,Lime Rock,lime-rock,2016-07-23,201607231505_Race,540,156,2,Andy Pilgrim,56.720,23.823,20.220,12.677,93.5,2:37:36.301,56720,0,0,38
2016,13_Lime Rock,Lime Rock,lime-rock,2016-07-23,201607231505_Race,540,157,2,Andy Pilgrim,57.459,23.898,20.744,12.817,92.3,2:38:33.760,57459,0,0,38
2016,13_Lime Rock,Lime Rock,lime-rock,2016-07-23,201607231505_Race,540,158,2,Andy Pilgrim,56.956,23.764,20.263,12.929,93.1,2:39:30.716,56956,0,0,38
2016,13_Lime Rock,Lime Rock,lime-rock,2016-07-23,201607231505_Race,540,159,2,Andy Pilgrim,56.668,23.590,20.292,12.786,93.6,2:40:27.384,56668,0,0,38
2016,13_Lime Rock,Lime Rock,lime-rock,2016-07-23,201607231505_Race,540,160,2,Andy Pilgrim,56.800,23.750,20.248,12.802,93.3,2:41:24.184,56800,0,0,38
2016,13_Lime Rock,Lime Rock,lime-rock,2016-07-23,201607231505_Race,911,1,1,Patrick Pilet,1:31.278,41.508,28.490,21.280,58.1,1:31.278,,,0,38
2016,13_Lime Rock,Lime Rock,lime-rock,2016-07-23,201607231505_Race,911,2,1,Patrick Pilet,1:07.173,27.813,25.795,13.565,78.9,2:38.451,67173,0,0,38
2016,13_Lime Rock,Lime Rock,lime-rock,2016-07-23,201607231505_Race,911,3,1,Patrick Pilet,57.846,24.242,21.448,12.156,91.7,3:36.297,57846,0,0,38
2016,13_Lime Rock,Lime Rock,lime-rock,2016-07-23,201607231505_Race,911,4,1,Patrick Pilet,53.240,21.787,19.369,12.084,99.6,4:29.537,53240,0,0,38
2016,13_Lime Rock,Lime Rock,lime-rock,2016-07-23,201607231505_Race,911,5,1,Patrick Pilet,52.988,21.919,19.183,11.886,100.1,5:22.525,52988,0,0,38
2016,13_Lime Rock,Lime Rock,lime-rock,2016-07-23,201607231505_Race,911,6,1,Patrick Pilet,52.415,21.660,18.829,11.926,101.2,6:14.940,52415,0,0,38
2016,13_Lime Rock,Lime Rock,lime-rock,2016-07-23,201607231505_Race,911,7,1,Patrick Pilet,1:21.255,22.996,25.270,32.989,65.3,7:36.195,81255,0,0,38
2016,13_Lime Rock,Lime Rock,lime-rock,2016-07-23,201607231505_Race,911,8,1,Patrick Pilet,1:37.127,33.380,33.291,30.456,54.6,9:13.322,97127,0,0,38
2016,13_Lime Rock,Lime Rock,lime-rock,2016-07-23,201607231505_Race,911,9,1,Patrick Pilet,1:33.088,31.888,33.811,27.389,56.9,10:46.410,93088,0,0,38
2016,13_Lime Rock,Lime Rock,lime-rock,2016-07-23,201607231505_Race,911,10,1,Patrick Pilet,1:31.459,30.900,33.282,27.277,58.0,12:17.869,91459,0,0,38
2016,13_Lime Rock,Lime Rock,lime-rock,2016-07-23,201607231505_Race,911,11,1,Patrick Pilet,1:29.617,29.080,32.285,28.252,59.2,13:47.486,89617,0,0,38
2016,13_Lime Rock,Lime Rock,lime-rock,2016-07-23,201607231505_Race,911,12,1,Patrick Pilet,1:28.512,32.023,31.533,24.956,59.9,15:15.998,88512,0,0,38
2016,13_Lime Rock,Lime Rock,lime-rock,2016-07-23,201607231505_Race,911,13,1,Patrick Pilet,1:14.203,27.734,32.442,14.027,71.5,16:30.201,74203,0,0,38
2016,13_Lime Rock,Lime Rock,lime-rock,2016-07-23,201607231505_Race,911,14,1,Patrick Pilet,53.699,22.442,19.289,11.968,98.7,17:23.900,53699,0,0,38
2016,13_Lime Rock,Lime Rock,lime-rock,2016-07-23,201607231505_Race,911,15,1,Patrick Pilet,52.318,21.504,18.970,11.844,101.4,18:16.218,52318,0,0,38
2016,13_Lime Rock,Lime Rock,lime-rock,2016-07-23,201607231505_Race,911,16,1,Patrick Pilet,52.305,21.550,18.913,11.842,101.4,19:08.523,52305,0,0,38
2016,13_Lime Rock,Lime Rock,lime-rock,2016-07-23,201607231505_Race,911,17,1,Patrick Pilet,52.294,21.487,18.931,11.876,101.4,20:00.817,52294,0,0,38
2016,13_Lime Rock,Lime Rock,lime-rock,2016-07-23,201607231505_Race,911,18,1,Patrick Pilet,52.243,21.473,18.858,11.912,101.5,20:53.060,52243,0,0,38
2016,13_Lime Rock,Lime Rock,lime-rock,2016-07-23,201607231505_Race,911,19,1,Patrick Pilet,52.216,21.497,18.882,11.837,101.5,21:45.276,52216,0,0,38
2016,13_Lime Rock,Lime Rock,lime-rock,2016-07-23,201607231505_Race,911,20,1,Patrick Pilet,52.153,21.478,18.842,11.833,101.7,22:37.429,52153,0,0,38
2016,13_Lime Rock,Lime Rock,lime-rock,2016-07-23,201607231505_Race,911,21,1,Patrick Pilet,53.062,21.717,19.310,12.035,99.9,23:30.491,53062,0,0,38
2016,13_Lime Rock,Lime Rock,lime-rock,2016-07-23,201607231505_Race,911,22,1,Patrick Pilet,52.244,21.512,18.889,11.843,101.5,24:22.735,52244,0,0,38
2016,13_Lime Rock,Lime Rock,lime-rock,2016-07-23,201607231505_Race,911,23,1,Patrick Pilet,52.454,21.571,19.003,11.880,101.1,25:15.189,52454,0,0,38
2016,13_Lime Rock,Lime Rock,lime-rock,2016-07-23,201607231505_Race,911,24,1,Patrick Pilet,52.301,21.520,18.918,11.863,101.4,26:07.490,52301,0,0,38
2016,13_Lime Rock,Lime Rock,lime-rock,2016-07-23,201607231505_Race,911,25,1,Patrick Pilet,52.233,21.548,18.858,11.827,101.5,26:59.723,52233,0,0,38
2016,13_Lime Rock,Lime Rock,lime-rock,2016-07-23,201607231505_Race,911,26,1,Patrick Pilet,5:34.116,21.790,3:31.966,1:40.360,15.9,32:33.839,334116,0,1,38
2016,13_Lime Rock,Lime Rock,lime-rock,2016-07-23,201607231505_Race,911,27,1,Patrick Pilet,1:32.590,52.647,26.354,13.589,57.2,34:06.429,92590,0,0,38
2016,13_Lime Rock,Lime Rock,lime-rock,2016-07-23,201607231505_Race,911,28,1,Patrick Pilet,54.305,22.075,20.147,12.083,97.7,35:00.734,54305,0,0,38
2016,13_Lime Rock,Lime Rock,lime-rock,2016-07-23,201607231505_Race,911,29,1,Patrick Pilet,56.519,22.221,22.272,12.026,93.8,35:57.253,56519,0,0,38
2016,13_Lime Rock,Lime Rock,lime-rock,2016-07-23,201607231505_Race,911,30,1,Patrick Pilet,53.544,21.614,19.716,12.214,99.1,36:50.797,53544,0,0,38
2016,13_Lime Rock,Lime Rock,lime-rock,2016-07-23,201607231505_Race,911,31,1,Patrick Pilet,54.848,22.444,20.508,11.896,96.7,37:45.645,54848,0,0,38
2016,13_Lime Rock,Lime Rock,lime-rock,2016-07-23,201607231505_Race,911,32,1,Patrick Pilet,52.773,21.266,19.178,12.329,100.5,38:38.418,52773,0,0,38
2016,13_Lime Rock,Lime Rock,lime-rock,2016-07-23,201607231505_Race,911,33,1,Patrick Pilet,53.971,22.029,19.411,12.531,98.3,39:32.389,53971,0,0,38
2016,13_Lime Rock,Lime Rock,lime-rock,2016-07-23,201607231505_Race,911,34,1,Patrick Pilet,53.221,21.749,19.426,12.046,99.7,40:25.610,53221,0,0,38
2016,13_Lime Rock,Lime Rock,lime-rock,2016-07-23,201607231505_Race,911,35,1,Patrick Pilet,52.238,21.596,18.823,11.819,101.5,41:17.848,52238,0,0,38
2016,13_Lime Rock,Lime Rock,lime-rock,2016-07-23,201607231505_Race,911,36,1,Patrick Pilet,51.836,21.328,18.775,11.733,102.3,42:09.684,51836,0,0,38
2016,13_Lime Rock,Lime Rock,lime-rock,2016-07-23,201607231505_Race,911,37,1,Patrick Pilet,51.811,21.291,18.751,11.769,102.4,43:01.495,51811,0,0,38
2016,13_Lime Rock,Lime Rock,lime-rock,2016-07-23,201607231505_Race,911,38,1,Patrick Pilet,4:38.632,21.434,3:12.244,1:04.954,19.0,47:40.127,278632,0,1,38
2016,13_Lime Rock,Lime Rock,lime-rock,2016-07-23,201607231505_Race,911,39,1,Patrick Pilet,1:35.108,29.649,30.175,35.284,55.7,49:15.235,95108,0,0,38
2016,13_Lime Rock,Lime Rock,lime-rock,2016-07-23,201607231505_Race,911,40,1,Patrick Pilet,1:20.932,32.081,34.502,14.349,65.5,50:36.167,80932,0,0,38
2016,13_Lime Rock,Lime Rock,lime-rock,2016-07-23,201607231505_Race,911,41,1,Patrick Pilet,56.054,23.085,20.517,12.452,94.6,51:32.221,56054,0,0,38
2016,13_Lime Rock,Lime Rock,lime-rock,2016-07-23,201607231505_Race,911,42,1,Patrick Pilet,53.499,22.018,19.472,12.009,99.1,52:25.720,53499,0,0,38
2016,13_Lime Rock,Lime Rock,lime-rock,2016-07-23,201607231505_Race,911,43,1,Patrick Pilet,1:03.803,21.818,19.019,22.966,83.1,53:29.523,63803,0,1,38
2016,13_Lime Rock,Lime Rock,lime-rock,2016-07-23,201607231505_Race,911,44,1,Patrick Pilet,1:13.802,42.907,19.021,11.874,71.8,54:43.325,73802,0,0,38
2016,13_Lime Rock,Lime Rock,lime-rock,2016-07-23,201607231505_Race,911,45,1,Patrick Pilet,53.566,22.074,19.576,11.916,99.0,55:36.891,53566,0,0,38
2016,13_Lime Rock,Lime Rock,lime-rock,2016-07-23,201607231505_Race,911,46,1,Patrick Pilet,53.008,21.591,18.965,12.452,100.1,56:29.899,53008,0,0,38
2016,13_Lime Rock,Lime Rock,lime-rock,2016-07-23,201607231505_Race,911,47,1,Patrick Pilet,52.668,21.633,19.187,11.848,100.7,57:22.567,52668,0,0,38
2016,13_Lime Rock,Lime Rock,lime-rock,2016-07-23,201607231505_Race,911,48,1,Patrick Pilet,54.127,22.287,19.355,12.485,98.0,58:16.694,54127,0,0,38
2016,13_Lime Rock,Lime Rock,lime-rock,2016-07-23,201607231505_Race,911,49,1,Patrick Pilet,54.314,21.856,20.292,12.166,97.6,59:11.008,54314,0,0,38
2016,13_Lime Rock,Lime Rock,lime-rock,2016-07-23,201607231505_Race,911,50,1,Patrick Pilet,52.639,21.679,19.092,11.868,100.7,1:00:03.647,52639,0,0,38
2016,13_Lime Rock,Lime Rock,lime-rock,2016-07-23,201607231505_Race,911,51,1,Patrick Pilet,52.540,21.593,19.122,11.825,100.9,1:00:56.187,52540,0,0,38
2016,13_Lime Rock,Lime Rock,lime-rock,2016-07-23,201607231505_Race,911,52,1,Patrick Pilet,52.631,21.710,18.955,11.966,100.8,1:01:48.818,52631,0,0,38
2016,13_Lime Rock,Lime Rock,lime-rock,2016-07-23,201607231505_Race,911,53,1,Patrick Pilet,53.886,21.800,19.567,12.519,98.4,1:02:42.704,53886,0,0,38
2016,13_Lime Rock,Lime Rock,lime-rock,2016-07-23,201607231505_Race,911,54,1,Patrick Pilet,54.674,22.503,19.589,12.582,97.0,1:03:37.378,54674,0,0,38
2016,13_Lime Rock,Lime Rock,lime-rock,2016-07-23,201607231505_Race,911,55,1,Patrick Pilet,54.348,22.861,19.549,11.938,97.6,1:04:31.726,54348,0,0,38
2016,13_Lime Rock,Lime Rock,lime-rock,2016-07-23,201607231505_Race,911,56,1,Patrick Pilet,53.906,21.948,19.630,12.328,98.4,1:05:25.632,53906,0,0,38
2016,13_Lime Rock,Lime Rock,lime-rock,2016-07-23,201607231505_Race,911,57,1,Patrick Pilet,53.410,22.475,19.063,11.872,99.3,1:06:19.042,53410,0,0,38
2016,13_Lime Rock,Lime Rock,lime-rock,2016-07-23,201607231505_Race,911,58,1,Patrick Pilet,52.445,21.599,18.969,11.877,101.1,1:07:11.487,52445,0,0,38
2016,13_Lime Rock,Lime Rock,lime-rock,2016-07-23,201607231505_Race,911,59,1,Patrick Pilet,52.827,21.829,19.105,11.893,100.4,1:08:04.314,52827,0,0,38
2016,13_Lime Rock,Lime Rock,lime-rock,2016-07-23,201607231505_Race,911,60,1,Patrick Pilet,54.901,22.652,20.155,12.094,96.6,1:08:59.215,54901,0,0,38
2016,13_Lime Rock,Lime Rock,lime-rock,2016-07-23,201607231505_Race,911,61,1,Patrick Pilet,54.376,22.573,19.355,12.448,97.6,1:09:53.591,54376,0,0,38
2016,13_Lime Rock,Lime Rock,lime-rock,2016-07-23,201607231505_Race,911,62,1,Patrick Pilet,53.320,22.376,19.101,11.843,99.5,1:10:46.911,53320,0,0,38
2016,13_Lime Rock,Lime Rock,lime-rock,2016-07-23,201607231505_Race,911,63,1,Patrick Pilet,52.907,21.900,19.117,11.890,100.2,1:11:39.818,52907,0,0,38
2016,13_Lime Rock,Lime Rock,lime-rock,2016-07-23,201607231505_Race,911,64,1,Patrick Pilet,53.640,21.819,19.455,12.366,98.9,1:12:33.458,53640,0,0,38
2016,13_Lime Rock,Lime Rock,lime-rock,2016-07-23,201607231505_Race,911,65,1,Patrick Pilet,55.390,22.910,19.939,12.541,95.8,1:13:28.848,55390,0,0,38
2016,13_Lime Rock,Lime Rock,lime-rock,2016-07-23,201607231505_Race,911,66,1,Patrick Pilet,53.509,22.088,19.404,12.017,99.1,1:14:22.357,53509,0,0,38
2016,13_Lime Rock,Lime Rock,lime-rock,2016-07-23,201607231505_Race,911,67,1,Patrick Pilet,53.984,21.904,19.507,12.573,98.3,1:15:16.341,53984,0,0,38
2016,13_Lime Rock,Lime Rock,lime-rock,2016-07-23,201607231505_Race,911,68,1,Patrick Pilet,54.885,22.942,19.493,12.450,96.6,1:16:11.226,54885,0,0,38
2016,13_Lime Rock,Lime Rock,lime-rock,2016-07-23,201607231505_Race,911,69,1,Patrick Pilet,53.397,22.323,19.116,11.958,99.3,1:17:04.623,53397,0,0,38
2016,13_Lime Rock,Lime Rock,lime-rock,2016-07-23,201607231505_Race,911,70,1,Patrick Pilet,53.090,22.038,19.046,12.006,99.9,1:17:57.713,53090,0,0,38
2016,13_Lime Rock,Lime Rock,lime-rock,2016-07-23,201607231505_Race,911,71,1,Patrick Pilet,53.482,22.219,19.368,11.895,99.2,1:18:51.195,53482,0,0,38
2016,13_Lime Rock,Lime Rock,lime-rock,2016-07-23,201607231505_Race,911,72,1,Patrick Pilet,52.987,21.902,19.101,11.984,100.1,1:19:44.182,52987,0,0,38
2016,13_Lime Rock,Lime Rock,lime-rock,2016-07-23,201607231505_Race,911,73,1,Patrick Pilet,55.094,22.279,20.721,12.094,96.3,1:20:39.276,55094,0,0,38
2016,13_Lime Rock,Lime Rock,lime-rock,2016-07-23,201607231505_Race,911,74,1,Patrick Pilet,54.005,22.393,19.625,11.987,98.2,1:21:33.281,54005,0,0,38
2016,13_Lime Rock,Lime Rock,lime-rock,2016-07-23,201607231505_Race,911,75,1,Patrick Pilet,53.339,22.048,19.235,12.056,99.4,1:22:26.620,53339,0,0,38
2016,13_Lime Rock,Lime Rock,lime-rock,2016-07-23,201607231505_Race,911,76,1,Patrick Pilet,53.569,22.042,19.365,12.162,99.0,1:23:20.189,53569,0,0,38
2016,13_Lime Rock,Lime Rock,lime-rock,2016-07-23,201607231505_Race,911,77,1,Patrick Pilet,54.946,23.491,19.329,12.126,96.5,1:24:15.135,54946,0,0,38
2016,13_Lime Rock,Lime Rock,lime-rock,2016-07-23,201607231505_Race,911,78,1,Patrick Pilet,53.821,22.447,19.321,12.053,98.6,1:25:08.956,53821,0,0,38
2016,13_Lime Rock,Lime Rock,lime-rock,2016-07-23,201607231505_Race,911,79,1,Patrick Pilet,54.784,22.786,19.700,12.298,96.8,1:26:03.740,54784,0,0,38
2016,13_Lime Rock,Lime Rock,lime-rock,2016-07-23,201607231505_Race,911,80,1,Patrick Pilet,53.870,22.619,19.200,12.051,98.4,1:26:57.610,53870,0,0,38
2016,13_Lime Rock,Lime Rock,lime-rock,2016-07-23,201607231505_Race,911,81,1,Patrick Pilet,53.620,21.939,19.652,12.029,98.9,1:27:51.230,53620,0,0,38
2016,13_Lime Rock,Lime Rock,lime-rock,2016-07-23,201607231505_Race,911,82,1,Patrick Pilet,56.497,22.734,20.169,13.594,93.9,1:28:47.727,56497,0,0,38
2016,13_Lime Rock,Lime Rock,lime-rock,2016-07-23,201607231505_Race,911,83,1,Patrick Pilet,1:04.354,25.454,21.891,17.009,82.4,1:29:52.081,64354,0,0,38
2016,13_Lime Rock,Lime Rock,lime-rock,2016-07-23,201607231505_Race,911,84,1,Patrick Pilet,1:24.233,23.848,28.628,31.757,63.0,1:31:16.314,84233,0,0,38
2016,13_Lime Rock,Lime Rock,lime-rock,2016-07-23,201607231505_Race,911,85,1,Patrick Pilet,1:02.089,27.188,20.944,13.957,85.4,1:32:18.403,62089,0,0,38
2016,13_Lime Rock,Lime Rock,lime-rock,2016-07-23,201607231505_Race,911,86,1,Patrick Pilet,57.984,23.505,20.619,13.860,91.5,1:33:16.387,57984,0,0,38
2016,13_Lime Rock,Lime Rock,lime-rock,2016-07-23,201607231505_Race,911,87,1,Patrick Pilet,1:53.528,24.416,30.564,58.548,46.7,1:35:09.915,113528,0,1,38
2016,13_Lime Rock,Lime Rock,lime-rock,2016-07-23,201607231505_Race,911,88,2,Nick Tandy,1:09.394,31.915,22.757,14.722,76.4,1:36:19.309,69394,0,0,38
2016,13_Lime Rock,Lime Rock,lime-rock,2016-07-23,201607231505_Race,911,89,2,Nick Tandy,1:23.541,25.168,32.726,25.647,63.5,1:37:42.850,83541,0,0,38
2016,13_Lime Rock,Lime Rock,lime-rock,2016-07-23,201607231505_Race,911,90,2,Nick Tandy,1:38.236,34.779,34.110,29.347,53.9,1:39:21.086,98236,0,0,38
2016,13_Lime Rock,Lime Rock,lime-rock,2016-07-23,201607231505_Race,911,91,2,Nick Tandy,1:34.760,39.547,39.700,15.513,55.9,1:40:55.846,94760,0,0,39
2016,13_Lime Rock,Lime Rock,lime-rock,2016-07-23,201607231505_Race,911,92,2,Nick Tandy,53.954,22.680,19.346,11.928,98.3,1:41:49.800,53954,0,0,39
2016,13_Lime Rock,Lime Rock,lime-rock,2016-07-23,201607231505_Race,911,93,2,Nick Tandy,53.538,21.284,19.428,12.826,99.1,1:42:43.338,53538,0,0,39
2016,13_Lime Rock,Lime Rock,lime-rock,2016-07-23,201607231505_Race,911,94,2,Nick Tandy,52.739,21.939,18.897,11.903,100.5,1:43:36.077,52739,0,0,39
2016,13_Lime Rock,Lime Rock,lime-rock,2016-07-23,201607231505_Race,911,95,2,Nick Tandy,52.185,21.219,18.824,12.142,101.6,1:44:28.262,52185,0,0,39
2016,13_Lime Rock,Lime Rock,lime-rock,2016-07-23,201607231505_Race,911,96,2,Nick Tandy,52.811,21.682,19.251,11.878,100.4,1:45:21.073,52811,0,0,39
2016,13_Lime Rock,Lime Rock,lime-rock,2016-07-23,201607231505_Race,911,97,2,Nick Tandy,52.096,21.102,19.198,11.796,101.8,1:46:13.169,52096,0,0,39
2016,13_Lime Rock,Lime Rock,lime-rock,2016-07-23,201607231505_Race,911,98,2,Nick Tandy,52.036,21.104,18.983,11.949,101.9,1:47:05.205,52036,0,0,39
2016,13_Lime Rock,Lime Rock,lime-rock,2016-07-23,201607231505_Race,911,99,2,Nick Tandy,52.137,21.239,19.126,11.772,101.7,1:47:57.342,52137,0,0,39
2016,13_Lime Rock,Lime Rock,lime-rock,2016-07-23,201607231505_Race,911,100,2,Nick Tandy,51.956,21.156,18.763,12.037,102.1,1:48:49.298,51956,0,0,39
2016,13_Lime Rock,Lime Rock,lime-rock,2016-07-23,201607231505_Race,911,101,2,Nick Tandy,51.922,21.184,18.689,12.049,102.2,1:49:41.220,51922,0,0,39
2016,13_Lime Rock,Lime Rock,lime-rock,2016-07-23,201607231505_Race,911,102,2,Nick Tandy,52.023,21.257,18.933,11.833,102.0,1:50:33.243,52023,0,0,39
2016,13_Lime Rock,Lime Rock,lime-rock,2016-07-23,201607231505_Race,911,103,2,Nick Tandy,52.264,21.318,19.069,11.877,101.5,1:51:25.507,52264,0,0,39
2016,13_Lime Rock,Lime Rock,lime-rock,2016-07-23,201607231505_Race,911,104,2,Nick Tandy,52.045,21.454,18.768,11.823,101.9,1:52:17.552,52045,0,0,39
2016,13_Lime Rock,Lime Rock,lime-rock,2016-07-23,201607231505_Race,911,105,2,Nick Tandy,52.113,21.257,18.803,12.053,101.8,1:53:09.665,52113,0,0,39
2016,13_Lime Rock,Lime Rock,lime-rock,2016-07-23,201607231505_Race,911,106,2,Nick Tandy,52.160,21.542,18.800,11.818,101.7,1:54:01.825,52160,0,0,39
2016,13_Lime Rock,Lime Rock,lime-rock,2016-07-23,201607231505_Race,911,107,2,Nick Tandy,51.933,21.327,18.782,11.824,102.1,1:54:53.758,51933,0,0,39
2016,13_Lime Rock,Lime Rock,lime-rock,2016-07-23,201607231505_Race,911,108,2,Nick Tandy,53.021,21.915,19.182,11.924,100.1,1:55:46.779,53021,0,0,39
2016,13_Lime Rock,Lime Rock,lime-rock,2016-07-23,201607231505_Race,911,109,2,Nick Tandy,52.161,21.374,18.949,11.838,101.7,1:56:38.940,52161,0,0,39
2016,13_Lime Rock,Lime Rock,lime-rock,2016-07-23,201607231505_Race,911,110,2,Nick Tandy,52.864,21.342,19.323,12.199,100.3,1:57:31.804,52864,0,0,39
2016,13_Lime Rock,Lime Rock,lime-rock,2016-07-23,201607231505_Race,911,111,2,Nick Tandy,53.181,22.296,19.030,11.855,99.7,1:58:24.985,53181,0,0,39
2016,13_Lime Rock,Lime Rock,lime-rock,2016-07-23,201607231505_Race,911,112,2,Nick Tandy,52.840,21.496,19.376,11.968,100.4,1:59:17.825,52840,0,0,39
2016,13_Lime Rock,Lime Rock,lime-rock,2016-07-23,201607231505_Race,911,113,2,Nick Tandy,53.250,22.000,19.086,12.164,99.6,2:00:11.075,53250,0,0,39
2016,13_Lime Rock,Lime Rock,lime-rock,2016-07-23,201607231505_Race,911,114,2,Nick Tandy,52.966,21.641,19.413,11.912,100.1,2:01:04.041,52966,0,0,39
2016,13_Lime Rock,Lime Rock,lime-rock,2016-07-23,201607231505_Race,911,115,2,Nick Tandy,54.680,22.161,20.521,11.998,97.0,2:01:58.721,54680,0,0,39
2016,13_Lime Rock,Lime Rock,lime-rock,2016-07-23,201607231505_Race,911,116,2,Nick Tandy,54.164,22.293,19.820,12.051,97.9,2:02:52.885,54164,0,0,39
2016,13_Lime Rock,Lime Rock,lime-rock,2016-07-23,201607231505_Race,911,117,2,Nick Tandy,55.045,22.354,20.497,12.194,96.3,2:03:47.930,55045,0,0,39
2016,13_Lime Rock,Lime Rock,lime-rock,2016-07-23,201607231505_Race,911,118,2,Nick Tandy,54.964,22.480,20.080,12.404,96.5,2:04:42.894,54964,0,0,39
2016,13_Lime Rock,Lime Rock,lime-rock,2016-07-23,201607231505_Race,911,119,2,Nick Tandy,53.914,21.745,19.734,12.435,98.4,2:05:36.808,53914,0,0,39
2016,13_Lime Rock,Lime Rock,lime-rock,2016-07-23,201607231505_Race,911,120,2,Nick Tandy,54.325,22.573,19.764,11.988,97.6,2:06:31.133,54325,0,0,39
2016,13_Lime Rock,Lime Rock,lime-rock,2016-07-23,201607231505_Race,911,121,2,Nick Tandy,52.527,21.654,19.001,11.872,101.0,2:07:23.660,52527,0,0,39
2016,13_Lime Rock,Lime Rock,lime-rock,2016-07-23,201607231505_Race,911,122,2,Nick Tandy,53.672,21.625,20.126,11.921,98.8,2:08:17.332,53672,0,0,39
2016,13_Lime Rock,Lime Rock,lime-rock,2016-07-23,201607231505_Race,911,123,2,Nick Tandy,52.519,21.578,19.024,11.917,101.0,2:09:09.851,52519,0,0,39
2016,13_Lime Rock,Lime Rock,lime-rock,2016-07-23,201607231505_Race,911,124,2,Nick Tandy,52.469,21.626,18.957,11.886,101.1,2:10:02.320,52469,0,0,39
2016,13_Lime Rock,Lime Rock,lime-rock,2016-07-23,201607231505_Race,911,125,2,Nick Tandy,52.313,21.500,18.957,11.856,101.4,2:10:54.633,52313,0,0,39
2016,13_Lime Rock,Lime Rock,lime-rock,2016-07-23,201607231505_Race,911,126,2,Nick Tandy,52.521,21.602,19.036,11.883,101.0,2:11:47.154,52521,0,0,39
2016,13_Lime Rock,Lime Rock,lime-rock,2016-07-23,201607231505_Race,911,127,2,Nick Tandy,53.038,21.801,19.281,11.956,100.0,2:12:40.192,53038,0,0,39
2016,13_Lime Rock,Lime Rock,lime-rock,2016-07-23,201607231505_Race,911,128,2,Nick Tandy,53.268,21.935,19.308,12.025,99.6,2:13:33.460,53268,0,0,39
2016,13_Lime Rock,Lime Rock,lime-rock,2016-07-23,201607231505_Race,911,129,2,Nick Tandy,53.020,21.857,19.175,11.988,100.1,2:14:26.480,53020,0,0,39
2016,13_Lime Rock,Lime Rock,lime-rock,2016-07-23,201607231505_Race,911,130,2,Nick Tandy,53.054,21.974,19.116,11.964,100.0,2:15:19.534,53054,0,0,39
2016,13_Lime Rock,Lime Rock,lime-rock,2016-07-23,201607231505_Race,911,131,2,Nick Tandy,52.960,21.763,19.212,11.985,100.2,2:16:12.494,52960,0,0,39
2016,13_Lime Rock,Lime Rock,lime-rock,2016-07-23,201607231505_Race,911,132,2,Nick Tandy,52.689,21.760,18.989,11.940,100.7,2:17:05.183,52689,0,0,39
2016,13_Lime Rock,Lime Rock,lime-rock,2016-07-23,201607231505_Race,911,133,2,Nick Tandy,52.840,21.780,19.022,12.038,100.4,2:17:58.023,52840,0,0,39
2016,13_Lime Rock,Lime Rock,lime-rock,2016-07-23,201607231505_Race,911,134,2,Nick Tandy,52.960,21.939,19.033,11.988,100.2,2:18:50.983,52960,0,0,39
2016,13_Lime Rock,Lime Rock,lime-rock,2016-07-23,201607231505_Race,911,135,2,Nick Tandy,52.997,21.706,19.141,12.150,100.1,2:19:43.980,52997,0,0,39
2016,13_Lime Rock,Lime Rock,lime-rock,2016-07-23,201607231505_Race,911,136,2,Nick Tandy,53.521,22.070,19.220,12.231,99.1,2:20:37.501,53521,0,0,39
2016,13_Lime Rock,Lime Rock,lime-rock,2016-07-23,201607231505_Race,911,137,2,Nick Tandy,53.430,21.886,19.390,12.154,99.2,2:21:30.931,53430,0,0,39
2016,13_Lime Rock,Lime Rock,lime-rock,2016-07-23,201607231505_Race,911,138,2,Nick Tandy,54.292,22.721,19.472,12.099,97.7,2:22:25.223,54292,0,0,39
2016,13_Lime Rock,Lime Rock,lime-rock,2016-07-23,201607231505_Race,911,139,2,Nick Tandy,56.771,22.982,20.810,12.979,93.4,2:23:21.994,56771,0,0,39
2016,13_Lime Rock,Lime Rock,lime-rock,2016-07-23,201607231505_Race,911,140,2,Nick Tandy,54.014,22.106,19.389,12.519,98.2,2:24:16.008,54014,0,0,39
2016,13_Lime Rock,Lime Rock,lime-rock,2016-07-23,201607231505_Race,911,141,2,Nick Tandy,55.365,22.806,20.101,12.458,95.8,2:25:11.373,55365,0,0,39
2016,13_Lime Rock,Lime Rock,lime-rock,2016-07-23,201607231505_Race,911,142,2,Nick Tandy,53.543,21.906,19.270,12.367,99.1,2:26:04.916,53543,0,0,39
2016,13_Lime Rock,Lime Rock,lime-rock,2016-07-23,201607231505_Race,911,143,2,Nick Tandy,55.475,23.125,19.973,12.377,95.6,2:27:00.391,55475,0,0,39
2016,13_Lime Rock,Lime Rock,lime-rock,2016-07-23,201607231505_Race,911,144,2,Nick Tandy,55.955,22.365,20.911,12.679,94.8,2:27:56.346,55955,0,0,39
2016,13_Lime Rock,Lime Rock,lime-rock,2016-07-23,201607231505_Race,911,145,2,Nick Tandy,54.740,22.449,19.762,12.529,96.9,2:28:51.086,54740,0,0,39
2016,13_Lime Rock,Lime Rock,lime-rock,2016-07-23,201607231505_Race,911,146,2,Nick Tandy,55.146,22.630,19.976,12.540,96.2,2:29:46.232,55146,0,0,39
2016,13_Lime Rock,Lime Rock,lime-rock,2016-07-23,201607231505_Race,911,147,2,Nick Tandy,54.774,22.509,19.657,12.608,96.8,2:30:41.006,54774,0,0,39
2016,13_Lime Rock,Lime Rock,lime-rock,2016-07-23,201607231505_Race,911,148,2,Nick Tandy,53.618,22.212,19.295,12.111,98.9,2:31:34.624,53618,0,0,39
2016,13_Lime Rock,Lime Rock,lime-rock,2016-07-23,201607231505_Race,911,149,2,Nick Tandy,53.584,22.112,19.308,12.164,99.0,2:32:28.208,53584,0,0,39
2016,13_Lime Rock,Lime Rock,lime-rock,2016-07-23,201607231505_Race,911,150,2,Nick Tandy,53.628,22.161,19.251,12.216,98.9,2:33:21.836,53628,0,0,39
2016,13_Lime Rock,Lime Rock,lime-rock,2016-07-23,201607231505_Race,911,151,2,Nick Tandy,54.380,22.135,19.317,12.928,97.5,2:34:16.216,54380,0,0,39
2016,13_Lime Rock,Lime Rock,lime-rock,2016-07-23,201607231505_Race,911,152,2,Nick Tandy,55.423,23.109,20.161,12.153,95.7,2:35:11.639,55423,0,0,39
2016,13_Lime Rock,Lime Rock,lime-rock,2016-07-23,201607231505_Race,911,153,2,Nick Tandy,53.047,21.944,19.000,12.103,100.0,2:36:04.686,53047,0,0,39
2016,13_Lime Rock,Lime Rock,lime-rock,2016-07-23,201607231505_Race,911,154,2,Nick Tandy,54.483,21.907,20.143,12.433,97.3,2:36:59.169,54483,0,0,39
2016,13_Lime Rock,Lime Rock,lime-rock,2016-07-23,201607231505_Race,911,155,2,Nick Tandy,53.125,21.845,19.153,12.127,99.8,2:37:52.294,53125,0,0,39
2016,13_Lime Rock,Lime Rock,lime-rock,2016-07-23,201607231505_Race,911,156,2,Nick Tandy,53.855,22.127,19.360,12.368,98.5,2:38:46.149,53855,0,0,39
2016,13_Lime Rock,Lime Rock,lime-rock,2016-07-23,201607231505_Race,911,157,2,Nick Tandy,54.690,22.603,19.786,12.301,96.9,2:39:40.839,54690,0,0,39
2016,13_Lime Rock,Lime Rock,lime-rock,2016-07-23,201607231505_Race,911,158,2,Nick Tandy,53.700,22.006,19.542,12.152,98.7,2:40:34.539,53700,0,0,39
2016,13_Lime Rock,Lime Rock,lime-rock,2016-07-23,201607231505_Race,911,159,2,Nick Tandy,54.316,22.507,19.549,12.260,97.6,2:41:28.855,54316,0,0,39
2016,13_Lime Rock,Lime Rock,lime-rock,2016-07-23,201607231505_Race,912,1,2,Frederic Makowiecki,1:31.979,43.144,27.208,21.627,57.6,1:31.979,,,0,39
2016,13_Lime Rock,Lime Rock,lime-rock,2016-07-23,201607231505_Race,912,2,2,Frederic Makowiecki,1:06.746,28.445,24.941,13.360,79.4,2:38.725,66746,0,0,39
2016,13_Lime Rock,Lime Rock,lime-rock,2016-07-23,201607231505_Race,912,3,2,Frederic Makowiecki,58.219,24.060,21.799,12.360,91.1,3:36.944,58219,0,0,39
2016,13_Lime Rock,Lime Rock,lime-rock,2016-07-23,201607231505_Race,912,4,2,Frederic Makowiecki,53.813,22.075,19.572,12.166,98.6,4:30.757,53813,0,0,39
2016,13_Lime Rock,Lime Rock,lime-rock,2016-07-23,201607231505_Race,912,5,2,Frederic Makowiecki,55.857,21.983,19.630,14.244,95.0,5:26.614,55857,0,0,39
2016,13_Lime Rock,Lime Rock,lime-rock,2016-07-23,201607231505_Race,912,6,2,Frederic Makowiecki,52.945,21.772,18.874,12.299,100.2,6:19.559,52945,0,0,39
2016,13_Lime Rock,Lime Rock,lime-rock,2016-07-23,201607231505_Race,912,7,2,Frederic Makowiecki,1:19.383,24.125,22.310,32.948,66.8,7:38.942,79383,0,0,39
2016,13_Lime Rock,Lime Rock,lime-rock,2016-07-23,201607231505_Race,912,8,2,Frederic Makowiecki,1:36.983,32.305,34.127,30.551,54.7,9:15.925,96983,0,0,39
2016,13_Lime Rock,Lime Rock,lime-rock,2016-07-23,201607231505_Race,912,9,2,Frederic Makowiecki,1:33.031,32.273,34.508,26.250,57.0,10:48.956,93031,0,0,39
2016,13_Lime Rock,Lime Rock,lime-rock,2016-07-23,201607231505_Race,912,10,2,Frederic Makowiecki,1:32.097,31.346,32.938,27.813,57.6,12:21.053,92097,0,0,39
2016,13_Lime Rock,Lime Rock,lime-rock,2016-07-23,201607231505_Race,912,11,2,Frederic Makowiecki,1:29.789,30.064,30.744,28.981,59.0,13:50.842,89789,0,0,39
2016,13_Lime Rock,Lime Rock,lime-rock,2016-07-23,201607231505_Race,912,12,2,Frederic Makowiecki,1:28.894,30.912,32.333,25.649,59.7,15:19.736,88894,0,0,39
2016,13_Lime Rock,Lime Rock,lime-rock,2016-07-23,201607231505_Race,912,13,2,Frederic Makowiecki,1:11.699,27.311,30.505,13.883,74.0,16:31.435,71699,0,0,39
2016,13_Lime Rock,Lime Rock,lime-rock,2016-07-23,201607231505_Race,912,14,2,Frederic Makowiecki,54.049,22.277,19.845,11.927,98.1,17:25.484,54049,0,0,39
2016,13_Lime Rock,Lime Rock,lime-rock,2016-07-23,201607231505_Race,912,15,2,Frederic Makowiecki,52.114,21.542,18.787,11.785,101.8,18:17.598,52114,0,0,39
2016,13_Lime Rock,Lime Rock,lime-rock,2016-07-23,201607231505_Race,912,16,2,Frederic Makowiecki,52.153,21.339,19.062,11.752,101.7,19:09.751,52153,0,0,39
2016,13_Lime Rock,Lime Rock,lime-rock,2016-07-23,201607231505_Race,912,17,2,Frederic Makowiecki,51.730,21.217,18.761,11.752,102.5,20:01.481,51730,0,0,39
2016,13_Lime Rock,Lime Rock,lime-rock,2016-07-23,201607231505_Race,912,18,2,Frederic Makowiecki,51.860,21.234,18.833,11.793,102.3,20:53.341,51860,0,0,39
2016,13_Lime Rock,Lime Rock,lime-rock,2016-07-23,201607231505_Race,912,19,2,Frederic Makowiecki,52.397,21.513,18.928,11.956,101.2,21:45.738,52397,0,0,39
2016,13_Lime Rock,Lime Rock,lime-rock,2016-07-23,201607231505_Race,912,20,2,Frederic Makowiecki,52.142,21.415,18.826,11.901,101.7,22:37.880,52142,0,0,39
2016,13_Lime Rock,Lime Rock,lime-rock,2016-07-23,201607231505_Race,912,21,2,Frederic Makowiecki,53.117,21.528,19.551,12.038,99.9,23:30.997,53117,0,0,39
2016,13_Lime Rock,Lime Rock,lime-rock,2016-07-23,201607231505_Race,912,22,2,Frederic Makowiecki,52.366,21.525,18.970,11.871,101.3,24:23.363,52366,0,0,39
2016,13_Lime Rock,Lime Rock,lime-rock,2016-07-23,201607231505_Race,912,23,2,Frederic Makowiecki,52.343,21.409,19.013,11.921,101.4,25:15.706,52343,0,0,39
2016,13_Lime Rock,Lime Rock,lime-rock,2016-07-23,201607231505_Race,912,24,2,Frederic Makowiecki,52.261,21.403,18.912,11.946,101.5,26:07.967,52261,0,0,39
2016,13_Lime Rock,Lime Rock,lime-rock,2016-07-23,201607231505_Race,912,25,2,Frederic Makowiecki,52.405,21.539,18.998,11.868,101.2,27:00.372,52405,0,0,39
2016,13_Lime Rock,Lime Rock,lime-rock,2016-07-23,201607231505_Race,912,26,2,Frederic Makowiecki,53.747,21.502,20.391,11.854,98.7,27:54.119,53747,0,0,39
2016,13_Lime Rock,Lime Rock,lime-rock,2016-07-23,201607231505_Race,912,27,2,Frederic Makowiecki,55.154,21.492,20.750,12.912,96.1,28:49.273,55154,0,0,39
2016,13_Lime Rock,Lime Rock,lime-rock,2016-07-23,201607231505_Race,912,28,2,Frederic Makowiecki,1:07.110,23.420,25.756,17.934,79.1,29:56.383,67110,0,0,39
2016,13_Lime Rock,Lime Rock,lime-rock,2016-07-23,201607231505_Race,912,29,2,Frederic Makowiecki,1:50.523,27.639,32.283,50.601,48.0,31:46.906,110523,0,1,39
2016,13_Lime Rock,Lime Rock,lime-rock,2016-07-23,201607231505_Race,912,30,1,Earl Bamber,1:06.379,32.558,21.267,12.554,79.9,32:53.285,66379,0,0,39
2016,13_Lime Rock,Lime Rock,lime-rock,2016-07-23,201607231505_Race,912,31,1,Earl Bamber,1:11.397,25.903,30.893,14.601,74.3,34:04.682,71397,0,0,39
2016,13_Lime Rock,Lime Rock,lime-rock,2016-07-23,201607231505_Race,912,32,1,Earl Bamber,54.671,22.466,20.240,11.965,97.0,34:59.353,54671,0,0,39
2016,13_Lime Rock,Lime Rock,lime-rock,2016-07-23,201607231505_Race,912,33,1,Earl Bamber,55.519,22.643,20.510,12.366,95.5,35:54.872,55519,0,0,39
2016,13_Lime Rock,Lime Rock,lime-rock,2016-07-23,201607231505_Race,912,34,1,Earl Bamber,53.435,21.925,19.558,11.952,99.2,36:48.307,53435,0,0,39
2016,13_Lime Rock,Lime Rock,lime-rock,2016-07-23,201607231505_Race,912,35,1,Earl Bamber,53.149,21.918,19.219,12.012,99.8,37:41.456,53149,0,0,39
2016,13_Lime Rock,Lime Rock,lime-rock,2016-07-23,201607231505_Race,912,36,1,Earl Bamber,52.547,21.726,18.957,11.864,100.9,38:34.003,52547,0,0,39
2016,13_Lime Rock,Lime Rock,lime-rock,2016-07-23,201607231505_Race,912,37,1,Earl Bamber,52.282,21.519,18.961,11.802,101.4,39:26.285,52282,0,0,39
2016,13_Lime Rock,Lime Rock,lime-rock,2016-07-23,201607231505_Race,912,38,1,Earl Bamber,51.922,21.295,18.826,11.801,102.2,40:18.207,51922,0,0,39
2016,13_Lime Rock,Lime Rock,lime-rock,2016-07-23,201607231505_Race,912,39,1,Earl Bamber,51.914,21.430,18.771,11.713,102.2,41:10.121,51914,0,0,39
2016,13_Lime Rock,Lime Rock,lime-rock,2016-07-23,201607231505_Race,912,40,1,Earl Bamber,51.893,21.330,18.808,11.755,102.2,42:02.014,51893,0,0,39
2016,13_Lime Rock,Lime Rock,lime-rock,2016-07-23,201607231505_Race,912,41,1,Earl Bamber,51.786,21.233,18.783,11.770,102.4,42:53.800,51786,0,0,39
2016,13_Lime Rock,Lime Rock,lime-rock,2016-07-23,201607231505_Race,912,42,1,Earl Bamber,52.024,21.385,18.859,11.780,102.0,43:45.824,52024,0,0,39
2016,13_Lime Rock,Lime Rock,lime-rock,2016-07-23,201607231505_Race,912,43,1,Earl Bamber,56.141,21.416,20.558,14.167,94.5,44:41.965,56141,0,0,39
2016,13_Lime Rock,Lime Rock,lime-rock,2016-07-23,201607231505_Race,912,44,1,Earl Bamber,1:09.487,22.977,22.573,23.937,76.3,45:51.452,69487,0,0,39
2016,13_Lime Rock,Lime Rock,lime-rock,2016-07-23,201607231505_Race,912,45,1,Earl Bamber,1:28.029,30.244,32.180,25.605,60.2,47:19.481,88029,0,0,39
2016,13_Lime Rock,Lime Rock,lime-rock,2016-07-23,201607231505_Race,912,46,1,Earl Bamber,1:44.051,35.108,37.461,31.482,51.0,49:03.532,104051,0,0,40
2016,13_Lime Rock,Lime Rock,lime-rock,2016-07-23,201607231505_Race,912,47,1,Earl Bamber,1:28.758,36.241,36.821,15.696,59.7,50:32.290,88758,0,0,40
2016,13_Lime Rock,Lime Rock,lime-rock,2016-07-23,201607231505_Race,912,48,1,Earl Bamber,53.981,22.375,19.663,11.943,98.3,51:26.271,53981,0,0,40
2016,13_Lime Rock,Lime Rock,lime-rock,2016-07-23,201607231505_Race,912,49,1,Earl Bamber,52.839,21.840,19.113,11.886,100.4,52:19.110,52839,0,0,40
2016,13_Lime Rock,Lime Rock,lime-rock,2016-07-23,201607231505_Race,912,50,1,Earl Bamber,52.438,21.551,19.085,11.802,101.2,53:11.548,52438,0,0,40
2016,13_Lime Rock,Lime Rock,lime-rock,2016-07-23,201607231505_Race,912,51,1,Earl Bamber,52.231,21.545,18.926,11.760,101.5,54:03.779,52231,0,0,40
2016,13_Lime Rock,Lime Rock,lime-rock,2016-07-23,201607231505_Race,912,52,1,Earl Bamber,52.047,21.407,18.919,11.721,101.9,54:55.826,52047,0,0,40
2016,13_Lime Rock,Lime Rock,lime-rock,2016-07-23,201607231505_Race,912,53,1,Earl Bamber,52.254,21.564,18.943,11.747,101.5,55:48.080,52254,0,0,40
2016,13_Lime Rock,Lime Rock,lime-rock,2016-07-23,201607231505_Race,912,54,1,Earl Bamber,52.201,21.490,18.786,11.925,101.6,56:40.281,52201,0,0,40
2016,13_Lime Rock,Lime Rock,lime-rock,2016-07-23,201607231505_Race,912,55,1,Earl Bamber,52.177,21.446,18.947,11.784,101.7,57:32.458,52177,0,0,40
2016,13_Lime Rock,Lime Rock,lime-rock,2016-07-23,201607231505_Race,912,56,1,Earl Bamber,52.116,21.381,18.912,11.823,101.8,58:24.574,52116,0,0,40
2016,13_Lime Rock,Lime Rock,lime-rock,2016-07-23,201607231505_Race,912,57,1,Earl Bamber,52.697,21.458,19.294,11.945,100.7,59:17.271,52697,0,0,40
2016,13_Lime Rock,Lime Rock,lime-rock,2016-07-23,201607231505_Race,912,58,1,Earl Bamber,53.137,21.645,19.331,12.161,99.8,1:00:10.408,53137,0,0,40
2016,13_Lime Rock,Lime Rock,lime-rock,2016-07-23,201607231505_Race,912,59,1,Earl Bamber,52.506,21.632,19.055,11.819,101.0,1:01:02.914,52506,0,0,40
2016,13_Lime Rock,Lime Rock,lime-rock,2016-07-23,201607231505_Race,912,60,1,Earl Bamber,52.284,21.546,18.959,11.779,101.4,1:01:55.198,52284,0,0,40
2016,13_Lime Rock,Lime Rock,lime-rock,2016-07-23,201607231505_Race,912,61,1,Earl Bamber,52.360,21.628,18.889,11.843,101.3,1:02:47.558,52360,0,0,40
2016,13_Lime Rock,Lime Rock,lime-rock,2016-07-23,201607231505_Race,912,62,1,Earl Bamber,52.657,21.586,19.084,11.987,100.7,1:03:40.215,52657,0,0,40
2016,13_Lime Rock,Lime Rock,lime-rock,2016-07-23,201607231505_Race,912,63,1,Earl Bamber,54.767,22.150,20.140,12.477,96.8,1:04:34.982,54767,0,0,40
2016,13_Lime Rock,Lime Rock,lime-rock,2016-07-23,201607231505_Race,912,64,1,Earl Bamber,55.307,22.482,20.725,12.100,95.9,1:05:30.289,55307,0,0,40
2016,13_Lime Rock,Lime Rock,lime-rock,2016-07-23,201607231505_Race,912,65,1,Earl Bamber,55.631,22.911,20.409,12.311,95.3,1:06:25.920,55631,0,0,40
2016,13_Lime Rock,Lime Rock,lime-rock,2016-07-23,201607231505_Race,912,66,1,Earl Bamber,52.398,21.621,18.898,11.879,101.2,1:07:18.318,52398,0,0,40
2016,13_Lime Rock,Lime Rock,lime-rock,2016-07-23,201607231505_Race,912,67,1,Earl Bamber,53.159,21.667,19.270,12.222,99.7,1:08:11.477,53159,0,0,40
2016,13_Lime Rock,Lime Rock,lime-rock,2016-07-23,201607231505_Race,912,68,1,Earl Bamber,52.938,22.077,19.029,11.832,100.2,1:09:04.415,52938,0,0,40
2016,13_Lime Rock,Lime Rock,lime-rock,2016-07-23,201607231505_Race,912,69,1,Earl Bamber,52.417,21.556,19.004,11.857,101.2,1:09:56.832,52417,0,0,40
2016,13_Lime Rock,Lime Rock,lime-rock,2016-07-23,201607231505_Race,912,70,1,Earl Bamber,53.956,21.874,19.550,12.532,98.3,1:10:50.788,53956,0,0,40
2016,13_Lime Rock,Lime Rock,lime-rock,2016-07-23,201607231505_Race,912,71,1,Earl Bamber,53.610,22.071,19.672,11.867,98.9,1:11:44.398,53610,0,0,40
2016,13_Lime Rock,Lime Rock,lime-rock,2016-07-23,201607231505_Race,912,72,1,Earl Bamber,52.555,21.719,18.962,11.874,100.9,1:12:36.953,52555,0,0,40
2016,13_Lime Rock,Lime Rock,lime-rock,2016-07-23,201607231505_Race,912,73,1,Earl Bamber,52.607,21.688,18.961,11.958,100.8,1:13:29.560,52607,0,0,40
2016,13_Lime Rock,Lime Rock,lime-rock,2016-07-23,201607231505_Race,912,74,1,Earl Bamber,53.990,22.405,19.481,12.104,98.3,1:14:23.550,53990,0,0,40
2016,13_Lime Rock,Lime Rock,lime-rock,2016-07-23,201607231505_Race,912,75,1,Earl Bamber,53.119,22.062,19.001,12.056,99.9,1:15:16.669,53119,0,0,40
2016,13_Lime Rock,Lime Rock,lime-rock,2016-07-23,201607231505_Race,912,76,1,Earl Bamber,53.347,21.832,19.544,11.971,99.4,1:16:10.016,53347,0,0,40
2016,13_Lime Rock,Lime Rock,lime-rock,2016-07-23,201607231505_Race,912,77,1,Earl Bamber,52.692,21.760,19.018,11.914,100.7,1:17:02.708,52692,0,0,40
2016,13_Lime Rock,Lime Rock,lime-rock,2016-07-23,201607231505_Race,912,78,1,Earl Bamber,52.840,21.881,19.060,11.899,100.4,1:17:55.548,52840,0,0,40
2016,13_Lime Rock,Lime Rock,lime-rock,2016-07-23,201607231505_Race,912,79,1,Earl Bamber,52.853,21.919,19.041,11.893,100.4,1:18:48.401,52853,0,0,40
2016,13_Lime Rock,Lime Rock,lime-rock,2016-07-23,201607231505_Race,912,80,1,Earl Bamber,53.641,21.876,19.403,12.362,98.9,1:19:42.042,53641,0,0,40
2016,13_Lime Rock,Lime Rock,lime-rock,2016-07-23,201607231505_Race,912,81,1,Earl Bamber,53.432,22.389,19.089,11.954,99.2,1:20:35.474,53432,0,0,40
2016,13_Lime Rock,Lime Rock,lime-rock,2016-07-23,201607231505_Race,912,82,1,Earl Bamber,52.658,21.876,18.915,11.867,100.7,1:21:28.132,52658,0,0,40
2016,13_Lime Rock,Lime Rock,lime-rock,2016-07-23,201607231505_Race,912,83,1,Earl Bamber,53.201,22.145,19.191,11.865,99.7,1:22:21.333,53201,0,0,40
2016,13_Lime Rock,Lime Rock,lime-rock,2016-07-23,201607231505_Race,912,84,1,Earl Bamber,53.344,21.893,19.229,12.222,99.4,1:23:14.677,53344,0,0,40
2016,13_Lime Rock,Lime Rock,lime-rock,2016-07-23,201607231505_Race,912,85,1,Earl Bamber,52.790,21.930,18.949,11.911,100.5,1:24:07.467,52790,0,0,40
2016,13_Lime Rock,Lime Rock,lime-rock,2016-07-23,201607231505_Race,912,86,1,Earl Bamber,52.965,21.914,19.041,12.010,100.1,1:25:00.432,52965,0,0,40
2016,13_Lime Rock,Lime Rock,lime-rock,2016-07-23,201607231505_Race,912,87,1,Earl Bamber,53.799,22.418,19.166,12.215,98.6,1:25:54.231,53799,0,0,40
2016,13_Lime Rock,Lime Rock,lime-rock,2016-07-23,201607231505_Race,912,88,1,Earl Bamber,53.495,22.063,19.270,12.162,99.1,1:26:47.726,53495,0,0,40
2016,13_Lime Rock,Lime Rock,lime-rock,2016-07-23,201607231505_Race,912,89,1,Earl Bamber,53.535,21.930,19.434,12.171,99.1,1:27:41.261,53535,0,0,40
