year,event_code,event_name,track_slug,race_date,session_directory,car_number,lap_number,driver_number,driver_name,lap_time,sector_1,sector_2,sector_3,speed_mph,elapsed_time,elapsed_delta_ms,elapsed_lap_time_difference_ms,pit_lane_crossing,source_page
2020,11_Charlotte Motor Speedway,Charlotte Motor Speedway,charlotte-motor-speedway,2020-10-10,202010102105_Race,3,1,2,Jordan Taylor,1:33.253,15.515,34.125,43.613,89.562,1:33.253,,,0,1
2020,11_Charlotte Motor Speedway,Charlotte Motor Speedway,charlotte-motor-speedway,2020-10-10,202010102105_Race,3,2,2,Jordan Taylor,1:31.829,15.307,33.314,43.208,90.951,3:05.082,91829,0,0,1
2020,11_Charlotte Motor Speedway,Charlotte Motor Speedway,charlotte-motor-speedway,2020-10-10,202010102105_Race,3,3,2,Jordan Taylor,1:30.860,14.498,33.109,43.253,91.921,4:35.942,90860,0,0,1
2020,11_Charlotte Motor Speedway,Charlotte Motor Speedway,charlotte-motor-speedway,2020-10-10,202010102105_Race,3,4,2,Jordan Taylor,1:34.694,15.511,35.010,44.173,88.199,6:10.636,94694,0,0,1
2020,11_Charlotte Motor Speedway,Charlotte Motor Speedway,charlotte-motor-speedway,2020-10-10,202010102105_Race,3,5,2,Jordan Taylor,1:35.447,15.263,35.338,44.846,87.503,7:46.083,95447,0,0,1
2020,11_Charlotte Motor Speedway,Charlotte Motor Speedway,charlotte-motor-speedway,2020-10-10,202010102105_Race,3,6,2,Jordan Taylor,1:37.289,15.928,35.696,45.665,85.847,9:23.372,97289,0,0,1
2020,11_Charlotte Motor Speedway,Charlotte Motor Speedway,charlotte-motor-speedway,2020-10-10,202010102105_Race,3,7,2,Jordan Taylor,1:43.218,15.980,37.258,49.980,80.915,11:06.590,103218,0,0,1
2020,11_Charlotte Motor Speedway,Charlotte Motor Speedway,charlotte-motor-speedway,2020-10-10,202010102105_Race,3,8,2,Jordan Taylor,2:28.549,18.914,47.979,1:21.656,56.223,13:35.139,148549,0,0,1
2020,11_Charlotte Motor Speedway,Charlotte Motor Speedway,charlotte-motor-speedway,2020-10-10,202010102105_Race,3,9,2,Jordan Taylor,2:28.647,25.431,50.357,1:12.859,56.186,16:03.786,148647,0,0,1
2020,11_Charlotte Motor Speedway,Charlotte Motor Speedway,charlotte-motor-speedway,2020-10-10,202010102105_Race,3,10,2,Jordan Taylor,1:46.706,15.663,35.773,55.270,78.270,17:50.492,106706,0,0,1
2020,11_Charlotte Motor Speedway,Charlotte Motor Speedway,charlotte-motor-speedway,2020-10-10,202010102105_Race,3,11,2,Jordan Taylor,2:29.064,20.711,44.815,1:23.538,56.029,20:19.556,149064,0,1,1
2020,11_Charlotte Motor Speedway,Charlotte Motor Speedway,charlotte-motor-speedway,2020-10-10,202010102105_Race,3,12,1,Antonio Garcia,2:43.488,46.622,40.441,1:16.425,51.086,23:03.044,163488,0,0,1
2020,11_Charlotte Motor Speedway,Charlotte Motor Speedway,charlotte-motor-speedway,2020-10-10,202010102105_Race,3,13,1,Antonio Garcia,2:19.905,24.808,41.748,1:13.349,59.697,25:22.949,139905,0,0,1
2020,11_Charlotte Motor Speedway,Charlotte Motor Speedway,charlotte-motor-speedway,2020-10-10,202010102105_Race,3,14,1,Antonio Garcia,2:21.457,23.793,47.079,1:10.585,59.042,27:44.406,141457,0,0,1
2020,11_Charlotte Motor Speedway,Charlotte Motor Speedway,charlotte-motor-speedway,2020-10-10,202010102105_Race,3,15,1,Antonio Garcia,1:29.827,14.520,33.041,42.266,92.978,29:14.233,89827,0,0,1
2020,11_Charlotte Motor Speedway,Charlotte Motor Speedway,charlotte-motor-speedway,2020-10-10,202010102105_Race,3,16,1,Antonio Garcia,1:29.651,14.114,32.664,42.873,93.161,30:43.884,89651,0,0,1
2020,11_Charlotte Motor Speedway,Charlotte Motor Speedway,charlotte-motor-speedway,2020-10-10,202010102105_Race,3,17,1,Antonio Garcia,1:28.502,14.023,32.173,42.306,94.370,32:12.386,88502,0,0,1
2020,11_Charlotte Motor Speedway,Charlotte Motor Speedway,charlotte-motor-speedway,2020-10-10,202010102105_Race,3,18,1,Antonio Garcia,1:28.200,14.091,32.024,42.085,94.693,33:40.586,88200,0,0,1
2020,11_Charlotte Motor Speedway,Charlotte Motor Speedway,charlotte-motor-speedway,2020-10-10,202010102105_Race,3,19,1,Antonio Garcia,1:29.183,14.053,32.861,42.269,93.649,35:09.769,89183,0,0,1
2020,11_Charlotte Motor Speedway,Charlotte Motor Speedway,charlotte-motor-speedway,2020-10-10,202010102105_Race,3,20,1,Antonio Garcia,1:28.447,14.020,32.614,41.813,94.429,36:38.216,88447,0,0,1
2020,11_Charlotte Motor Speedway,Charlotte Motor Speedway,charlotte-motor-speedway,2020-10-10,202010102105_Race,3,21,1,Antonio Garcia,1:27.810,13.689,32.170,41.951,95.114,38:06.026,87810,0,0,1
2020,11_Charlotte Motor Speedway,Charlotte Motor Speedway,charlotte-motor-speedway,2020-10-10,202010102105_Race,3,22,1,Antonio Garcia,1:27.715,13.732,32.196,41.787,95.217,39:33.741,87715,0,0,1
2020,11_Charlotte Motor Speedway,Charlotte Motor Speedway,charlotte-motor-speedway,2020-10-10,202010102105_Race,3,23,1,Antonio Garcia,1:27.859,13.733,32.102,42.024,95.061,41:01.600,87859,0,0,1
2020,11_Charlotte Motor Speedway,Charlotte Motor Speedway,charlotte-motor-speedway,2020-10-10,202010102105_Race,3,24,1,Antonio Garcia,1:29.123,13.995,32.714,42.414,93.712,42:30.723,89123,0,0,1
2020,11_Charlotte Motor Speedway,Charlotte Motor Speedway,charlotte-motor-speedway,2020-10-10,202010102105_Race,3,25,1,Antonio Garcia,1:29.033,14.346,32.818,41.869,93.807,43:59.756,89033,0,0,1
2020,11_Charlotte Motor Speedway,Charlotte Motor Speedway,charlotte-motor-speedway,2020-10-10,202010102105_Race,3,26,1,Antonio Garcia,1:27.684,13.691,32.056,41.937,95.250,45:27.440,87684,0,0,1
2020,11_Charlotte Motor Speedway,Charlotte Motor Speedway,charlotte-motor-speedway,2020-10-10,202010102105_Race,3,27,1,Antonio Garcia,1:27.659,14.111,31.966,41.582,95.278,46:55.099,87659,0,0,1
2020,11_Charlotte Motor Speedway,Charlotte Motor Speedway,charlotte-motor-speedway,2020-10-10,202010102105_Race,3,28,1,Antonio Garcia,1:26.994,13.591,32.143,41.260,96.006,48:22.093,86994,0,0,1
2020,11_Charlotte Motor Speedway,Charlotte Motor Speedway,charlotte-motor-speedway,2020-10-10,202010102105_Race,3,29,1,Antonio Garcia,1:27.778,13.645,32.195,41.938,95.148,49:49.871,87778,0,0,1
2020,11_Charlotte Motor Speedway,Charlotte Motor Speedway,charlotte-motor-speedway,2020-10-10,202010102105_Race,3,30,1,Antonio Garcia,1:27.288,13.696,32.158,41.434,95.683,51:17.159,87288,0,0,1
2020,11_Charlotte Motor Speedway,Charlotte Motor Speedway,charlotte-motor-speedway,2020-10-10,202010102105_Race,3,31,1,Antonio Garcia,1:27.149,13.725,32.064,41.360,95.835,52:44.308,87149,0,0,1
2020,11_Charlotte Motor Speedway,Charlotte Motor Speedway,charlotte-motor-speedway,2020-10-10,202010102105_Race,3,32,1,Antonio Garcia,1:27.291,13.587,32.136,41.568,95.679,54:11.599,87291,0,0,1
2020,11_Charlotte Motor Speedway,Charlotte Motor Speedway,charlotte-motor-speedway,2020-10-10,202010102105_Race,3,33,1,Antonio Garcia,1:27.346,13.556,32.258,41.532,95.619,55:38.945,87346,0,0,1
2020,11_Charlotte Motor Speedway,Charlotte Motor Speedway,charlotte-motor-speedway,2020-10-10,202010102105_Race,3,34,1,Antonio Garcia,1:27.831,13.577,32.155,42.099,95.091,57:06.776,87831,0,0,1
2020,11_Charlotte Motor Speedway,Charlotte Motor Speedway,charlotte-motor-speedway,2020-10-10,202010102105_Race,3,35,1,Antonio Garcia,1:27.583,14.007,32.099,41.477,95.360,58:34.359,87583,0,0,1
2020,11_Charlotte Motor Speedway,Charlotte Motor Speedway,charlotte-motor-speedway,2020-10-10,202010102105_Race,3,36,1,Antonio Garcia,1:27.243,13.889,32.021,41.333,95.732,1:00:01.602,87243,0,0,1
2020,11_Charlotte Motor Speedway,Charlotte Motor Speedway,charlotte-motor-speedway,2020-10-10,202010102105_Race,3,37,1,Antonio Garcia,1:26.963,13.508,32.199,41.256,96.040,1:01:28.565,86963,0,0,1
2020,11_Charlotte Motor Speedway,Charlotte Motor Speedway,charlotte-motor-speedway,2020-10-10,202010102105_Race,3,38,1,Antonio Garcia,1:27.008,13.645,32.146,41.217,95.990,1:02:55.573,87008,0,0,1
2020,11_Charlotte Motor Speedway,Charlotte Motor Speedway,charlotte-motor-speedway,2020-10-10,202010102105_Race,3,39,1,Antonio Garcia,1:27.198,13.525,32.242,41.431,95.781,1:04:22.771,87198,0,0,1
2020,11_Charlotte Motor Speedway,Charlotte Motor Speedway,charlotte-motor-speedway,2020-10-10,202010102105_Race,3,40,1,Antonio Garcia,1:27.214,13.722,32.101,41.391,95.764,1:05:49.985,87214,0,0,1
2020,11_Charlotte Motor Speedway,Charlotte Motor Speedway,charlotte-motor-speedway,2020-10-10,202010102105_Race,3,41,1,Antonio Garcia,1:27.155,13.678,32.204,41.273,95.829,1:07:17.140,87155,0,0,1
2020,11_Charlotte Motor Speedway,Charlotte Motor Speedway,charlotte-motor-speedway,2020-10-10,202010102105_Race,3,42,1,Antonio Garcia,1:27.187,13.638,32.173,41.376,95.793,1:08:44.327,87187,0,0,1
2020,11_Charlotte Motor Speedway,Charlotte Motor Speedway,charlotte-motor-speedway,2020-10-10,202010102105_Race,3,43,1,Antonio Garcia,1:27.269,13.708,32.245,41.316,95.703,1:10:11.596,87269,0,0,1
2020,11_Charlotte Motor Speedway,Charlotte Motor Speedway,charlotte-motor-speedway,2020-10-10,202010102105_Race,3,44,1,Antonio Garcia,1:27.106,13.640,32.159,41.307,95.882,1:11:38.702,87106,0,0,1
2020,11_Charlotte Motor Speedway,Charlotte Motor Speedway,charlotte-motor-speedway,2020-10-10,202010102105_Race,3,45,1,Antonio Garcia,1:28.031,13.698,32.640,41.693,94.875,1:13:06.733,88031,0,0,1
2020,11_Charlotte Motor Speedway,Charlotte Motor Speedway,charlotte-motor-speedway,2020-10-10,202010102105_Race,3,46,1,Antonio Garcia,1:27.279,13.688,32.337,41.254,95.692,1:14:34.012,87279,0,0,1
2020,11_Charlotte Motor Speedway,Charlotte Motor Speedway,charlotte-motor-speedway,2020-10-10,202010102105_Race,3,47,1,Antonio Garcia,1:27.376,13.698,32.562,41.116,95.586,1:16:01.388,87376,0,0,1
2020,11_Charlotte Motor Speedway,Charlotte Motor Speedway,charlotte-motor-speedway,2020-10-10,202010102105_Race,3,48,1,Antonio Garcia,1:26.663,13.530,31.980,41.153,96.373,1:17:28.051,86663,0,0,1
2020,11_Charlotte Motor Speedway,Charlotte Motor Speedway,charlotte-motor-speedway,2020-10-10,202010102105_Race,3,49,1,Antonio Garcia,1:27.003,13.653,32.013,41.337,95.996,1:18:55.054,87003,0,0,1
2020,11_Charlotte Motor Speedway,Charlotte Motor Speedway,charlotte-motor-speedway,2020-10-10,202010102105_Race,3,50,1,Antonio Garcia,1:26.989,13.617,32.124,41.248,96.011,1:20:22.043,86989,0,0,1
2020,11_Charlotte Motor Speedway,Charlotte Motor Speedway,charlotte-motor-speedway,2020-10-10,202010102105_Race,3,51,1,Antonio Garcia,1:27.064,13.623,32.069,41.372,95.929,1:21:49.107,87064,0,0,1
2020,11_Charlotte Motor Speedway,Charlotte Motor Speedway,charlotte-motor-speedway,2020-10-10,202010102105_Race,3,52,1,Antonio Garcia,1:27.755,13.645,32.416,41.694,95.173,1:23:16.862,87755,0,0,1
2020,11_Charlotte Motor Speedway,Charlotte Motor Speedway,charlotte-motor-speedway,2020-10-10,202010102105_Race,3,53,1,Antonio Garcia,1:27.658,13.777,32.326,41.555,95.279,1:24:44.520,87658,0,0,1
2020,11_Charlotte Motor Speedway,Charlotte Motor Speedway,charlotte-motor-speedway,2020-10-10,202010102105_Race,3,54,1,Antonio Garcia,1:27.707,13.799,32.348,41.560,95.225,1:26:12.227,87707,0,0,1
2020,11_Charlotte Motor Speedway,Charlotte Motor Speedway,charlotte-motor-speedway,2020-10-10,202010102105_Race,3,55,1,Antonio Garcia,1:28.083,13.868,32.309,41.906,94.819,1:27:40.310,88083,0,0,1
2020,11_Charlotte Motor Speedway,Charlotte Motor Speedway,charlotte-motor-speedway,2020-10-10,202010102105_Race,3,56,1,Antonio Garcia,1:55.212,13.773,38.496,1:02.943,72.492,1:29:35.522,115212,0,0,1
2020,11_Charlotte Motor Speedway,Charlotte Motor Speedway,charlotte-motor-speedway,2020-10-10,202010102105_Race,3,57,1,Antonio Garcia,2:25.658,18.808,46.524,1:20.326,57.339,1:32:01.180,145658,0,0,1
2020,11_Charlotte Motor Speedway,Charlotte Motor Speedway,charlotte-motor-speedway,2020-10-10,202010102105_Race,3,58,1,Antonio Garcia,2:16.014,22.059,46.513,1:07.442,61.405,1:34:17.194,136014,0,0,1
2020,11_Charlotte Motor Speedway,Charlotte Motor Speedway,charlotte-motor-speedway,2020-10-10,202010102105_Race,3,59,1,Antonio Garcia,1:27.563,13.797,32.385,41.381,95.382,1:35:44.757,87563,0,0,1
2020,11_Charlotte Motor Speedway,Charlotte Motor Speedway,charlotte-motor-speedway,2020-10-10,202010102105_Race,3,60,1,Antonio Garcia,1:27.323,13.660,32.206,41.457,95.644,1:37:12.080,87323,0,0,1
2020,11_Charlotte Motor Speedway,Charlotte Motor Speedway,charlotte-motor-speedway,2020-10-10,202010102105_Race,3,61,1,Antonio Garcia,1:27.436,13.589,32.195,41.652,95.521,1:38:39.516,87436,0,0,1
2020,11_Charlotte Motor Speedway,Charlotte Motor Speedway,charlotte-motor-speedway,2020-10-10,202010102105_Race,3,62,1,Antonio Garcia,1:28.654,13.775,32.568,42.311,94.208,1:40:08.170,88654,0,0,1
2020,11_Charlotte Motor Speedway,Charlotte Motor Speedway,charlotte-motor-speedway,2020-10-10,202010102105_Race,4,1,1,Oliver Gavin,1:37.879,16.878,35.741,45.260,85.329,1:37.879,,,0,1
2020,11_Charlotte Motor Speedway,Charlotte Motor Speedway,charlotte-motor-speedway,2020-10-10,202010102105_Race,4,2,1,Oliver Gavin,1:34.941,14.714,34.063,46.164,87.970,3:12.820,94941,0,0,1
2020,11_Charlotte Motor Speedway,Charlotte Motor Speedway,charlotte-motor-speedway,2020-10-10,202010102105_Race,4,3,1,Oliver Gavin,1:34.765,16.157,34.830,43.778,88.133,4:47.585,94765,0,0,1
2020,11_Charlotte Motor Speedway,Charlotte Motor Speedway,charlotte-motor-speedway,2020-10-10,202010102105_Race,4,4,1,Oliver Gavin,1:34.549,15.286,35.035,44.228,88.334,6:22.134,94549,0,0,1
2020,11_Charlotte Motor Speedway,Charlotte Motor Speedway,charlotte-motor-speedway,2020-10-10,202010102105_Race,4,5,1,Oliver Gavin,1:35.243,15.302,34.880,45.061,87.691,7:57.377,95243,0,0,1
2020,11_Charlotte Motor Speedway,Charlotte Motor Speedway,charlotte-motor-speedway,2020-10-10,202010102105_Race,4,6,1,Oliver Gavin,1:34.988,15.464,34.941,44.583,87.926,9:32.365,94988,0,0,1
2020,11_Charlotte Motor Speedway,Charlotte Motor Speedway,charlotte-motor-speedway,2020-10-10,202010102105_Race,4,7,1,Oliver Gavin,1:52.269,16.330,40.274,55.665,74.392,11:24.634,112269,0,0,1
2020,11_Charlotte Motor Speedway,Charlotte Motor Speedway,charlotte-motor-speedway,2020-10-10,202010102105_Race,4,8,1,Oliver Gavin,2:11.281,18.158,42.097,1:11.026,63.619,13:35.915,131281,0,0,1
2020,11_Charlotte Motor Speedway,Charlotte Motor Speedway,charlotte-motor-speedway,2020-10-10,202010102105_Race,4,9,1,Oliver Gavin,2:28.500,25.712,50.249,1:12.539,56.242,16:04.415,148500,0,0,1
2020,11_Charlotte Motor Speedway,Charlotte Motor Speedway,charlotte-motor-speedway,2020-10-10,202010102105_Race,4,10,1,Oliver Gavin,1:47.067,15.778,36.688,54.601,78.007,17:51.482,107067,0,0,1
2020,11_Charlotte Motor Speedway,Charlotte Motor Speedway,charlotte-motor-speedway,2020-10-10,202010102105_Race,4,11,1,Oliver Gavin,2:28.719,20.979,44.437,1:23.303,56.159,20:20.201,148719,0,1,1
2020,11_Charlotte Motor Speedway,Charlotte Motor Speedway,charlotte-motor-speedway,2020-10-10,202010102105_Race,4,12,2,Tommy Milner,2:45.644,49.127,41.046,1:15.471,50.421,23:05.845,165644,0,0,1
2020,11_Charlotte Motor Speedway,Charlotte Motor Speedway,charlotte-motor-speedway,2020-10-10,202010102105_Race,4,13,2,Tommy Milner,2:19.073,24.196,40.571,1:14.306,60.054,25:24.918,139073,0,0,1
2020,11_Charlotte Motor Speedway,Charlotte Motor Speedway,charlotte-motor-speedway,2020-10-10,202010102105_Race,4,14,2,Tommy Milner,2:20.274,23.869,46.354,1:10.051,59.540,27:45.192,140274,0,0,1
2020,11_Charlotte Motor Speedway,Charlotte Motor Speedway,charlotte-motor-speedway,2020-10-10,202010102105_Race,4,15,2,Tommy Milner,1:29.968,14.256,32.746,42.966,92.832,29:15.160,89968,0,0,1
2020,11_Charlotte Motor Speedway,Charlotte Motor Speedway,charlotte-motor-speedway,2020-10-10,202010102105_Race,4,16,2,Tommy Milner,1:29.754,13.986,32.740,43.028,93.054,30:44.914,89754,0,0,1
2020,11_Charlotte Motor Speedway,Charlotte Motor Speedway,charlotte-motor-speedway,2020-10-10,202010102105_Race,4,17,2,Tommy Milner,1:28.701,13.926,32.494,42.281,94.158,32:13.615,88701,0,0,1
2020,11_Charlotte Motor Speedway,Charlotte Motor Speedway,charlotte-motor-speedway,2020-10-10,202010102105_Race,4,18,2,Tommy Milner,1:28.404,13.759,32.241,42.404,94.475,33:42.019,88404,0,0,1
2020,11_Charlotte Motor Speedway,Charlotte Motor Speedway,charlotte-motor-speedway,2020-10-10,202010102105_Race,4,19,2,Tommy Milner,1:28.528,13.763,32.596,42.169,94.342,35:10.547,88528,0,0,1
2020,11_Charlotte Motor Speedway,Charlotte Motor Speedway,charlotte-motor-speedway,2020-10-10,202010102105_Race,4,20,2,Tommy Milner,1:28.725,13.766,32.561,42.398,94.133,36:39.272,88725,0,0,1
2020,11_Charlotte Motor Speedway,Charlotte Motor Speedway,charlotte-motor-speedway,2020-10-10,202010102105_Race,4,21,2,Tommy Milner,1:27.773,13.823,32.227,41.723,95.154,38:07.045,87773,0,0,1
2020,11_Charlotte Motor Speedway,Charlotte Motor Speedway,charlotte-motor-speedway,2020-10-10,202010102105_Race,4,22,2,Tommy Milner,1:27.627,13.678,32.257,41.692,95.312,39:34.672,87627,0,0,1
2020,11_Charlotte Motor Speedway,Charlotte Motor Speedway,charlotte-motor-speedway,2020-10-10,202010102105_Race,4,23,2,Tommy Milner,1:27.518,13.596,32.230,41.692,95.431,41:02.190,87518,0,0,1
2020,11_Charlotte Motor Speedway,Charlotte Motor Speedway,charlotte-motor-speedway,2020-10-10,202010102105_Race,4,24,2,Tommy Milner,1:28.849,13.885,32.668,42.296,94.001,42:31.039,88849,0,0,1
2020,11_Charlotte Motor Speedway,Charlotte Motor Speedway,charlotte-motor-speedway,2020-10-10,202010102105_Race,4,25,2,Tommy Milner,1:29.841,14.323,33.132,42.386,92.964,44:00.880,89841,0,0,1
2020,11_Charlotte Motor Speedway,Charlotte Motor Speedway,charlotte-motor-speedway,2020-10-10,202010102105_Race,4,26,2,Tommy Milner,1:30.003,15.087,33.007,41.909,92.796,45:30.883,90003,0,0,1
2020,11_Charlotte Motor Speedway,Charlotte Motor Speedway,charlotte-motor-speedway,2020-10-10,202010102105_Race,4,27,2,Tommy Milner,1:28.351,13.692,32.280,42.379,94.531,46:59.234,88351,0,0,1
2020,11_Charlotte Motor Speedway,Charlotte Motor Speedway,charlotte-motor-speedway,2020-10-10,202010102105_Race,4,28,2,Tommy Milner,1:27.487,13.969,32.243,41.275,95.465,48:26.721,87487,0,0,1
2020,11_Charlotte Motor Speedway,Charlotte Motor Speedway,charlotte-motor-speedway,2020-10-10,202010102105_Race,4,29,2,Tommy Milner,1:27.416,13.623,32.100,41.693,95.542,49:54.137,87416,0,0,1
2020,11_Charlotte Motor Speedway,Charlotte Motor Speedway,charlotte-motor-speedway,2020-10-10,202010102105_Race,4,30,2,Tommy Milner,1:27.097,13.548,31.999,41.550,95.892,51:21.234,87097,0,0,1
2020,11_Charlotte Motor Speedway,Charlotte Motor Speedway,charlotte-motor-speedway,2020-10-10,202010102105_Race,4,31,2,Tommy Milner,1:27.797,13.989,32.739,41.069,95.128,52:49.031,87797,0,0,1
2020,11_Charlotte Motor Speedway,Charlotte Motor Speedway,charlotte-motor-speedway,2020-10-10,202010102105_Race,4,32,2,Tommy Milner,1:27.197,13.715,32.287,41.195,95.782,54:16.228,87197,0,0,1
2020,11_Charlotte Motor Speedway,Charlotte Motor Speedway,charlotte-motor-speedway,2020-10-10,202010102105_Race,4,33,2,Tommy Milner,1:26.848,13.548,32.108,41.192,96.167,55:43.076,86848,0,0,1
2020,11_Charlotte Motor Speedway,Charlotte Motor Speedway,charlotte-motor-speedway,2020-10-10,202010102105_Race,4,34,2,Tommy Milner,1:27.006,13.616,32.056,41.334,95.993,57:10.082,87006,0,0,1
2020,11_Charlotte Motor Speedway,Charlotte Motor Speedway,charlotte-motor-speedway,2020-10-10,202010102105_Race,4,35,2,Tommy Milner,1:27.327,13.624,32.196,41.507,95.640,58:37.409,87327,0,0,1
2020,11_Charlotte Motor Speedway,Charlotte Motor Speedway,charlotte-motor-speedway,2020-10-10,202010102105_Race,4,36,2,Tommy Milner,1:28.185,13.945,32.518,41.722,94.709,1:00:05.594,88185,0,0,1
2020,11_Charlotte Motor Speedway,Charlotte Motor Speedway,charlotte-motor-speedway,2020-10-10,202010102105_Race,4,37,2,Tommy Milner,1:27.849,13.755,32.489,41.605,95.071,1:01:33.443,87849,0,0,1
2020,11_Charlotte Motor Speedway,Charlotte Motor Speedway,charlotte-motor-speedway,2020-10-10,202010102105_Race,4,38,2,Tommy Milner,1:26.804,13.639,32.054,41.111,96.216,1:03:00.247,86804,0,0,1
2020,11_Charlotte Motor Speedway,Charlotte Motor Speedway,charlotte-motor-speedway,2020-10-10,202010102105_Race,4,39,2,Tommy Milner,1:26.876,13.543,32.090,41.243,96.136,1:04:27.123,86876,0,0,1
2020,11_Charlotte Motor Speedway,Charlotte Motor Speedway,charlotte-motor-speedway,2020-10-10,202010102105_Race,4,40,2,Tommy Milner,1:26.731,13.570,32.025,41.136,96.297,1:05:53.854,86731,0,0,1
2020,11_Charlotte Motor Speedway,Charlotte Motor Speedway,charlotte-motor-speedway,2020-10-10,202010102105_Race,4,41,2,Tommy Milner,1:27.156,13.593,32.478,41.085,95.827,1:07:21.010,87156,0,0,1
2020,11_Charlotte Motor Speedway,Charlotte Motor Speedway,charlotte-motor-speedway,2020-10-10,202010102105_Race,4,42,2,Tommy Milner,1:27.176,13.617,32.482,41.077,95.805,1:08:48.186,87176,0,0,1
2020,11_Charlotte Motor Speedway,Charlotte Motor Speedway,charlotte-motor-speedway,2020-10-10,202010102105_Race,4,43,2,Tommy Milner,1:27.006,13.736,32.283,40.987,95.993,1:10:15.192,87006,0,0,1
2020,11_Charlotte Motor Speedway,Charlotte Motor Speedway,charlotte-motor-speedway,2020-10-10,202010102105_Race,4,44,2,Tommy Milner,1:26.758,13.587,32.189,40.982,96.267,1:11:41.950,86758,0,0,1
2020,11_Charlotte Motor Speedway,Charlotte Motor Speedway,charlotte-motor-speedway,2020-10-10,202010102105_Race,4,45,2,Tommy Milner,1:27.485,13.552,32.589,41.344,95.467,1:13:09.435,87485,0,0,1
2020,11_Charlotte Motor Speedway,Charlotte Motor Speedway,charlotte-motor-speedway,2020-10-10,202010102105_Race,4,46,2,Tommy Milner,1:27.948,14.332,32.691,40.925,94.964,1:14:37.383,87948,0,0,1
2020,11_Charlotte Motor Speedway,Charlotte Motor Speedway,charlotte-motor-speedway,2020-10-10,202010102105_Race,4,47,2,Tommy Milner,1:27.259,13.682,32.623,40.954,95.714,1:16:04.642,87259,0,0,1
2020,11_Charlotte Motor Speedway,Charlotte Motor Speedway,charlotte-motor-speedway,2020-10-10,202010102105_Race,4,48,2,Tommy Milner,1:27.092,13.580,32.353,41.159,95.898,1:17:31.734,87092,0,0,1
2020,11_Charlotte Motor Speedway,Charlotte Motor Speedway,charlotte-motor-speedway,2020-10-10,202010102105_Race,4,49,2,Tommy Milner,1:27.926,13.777,32.688,41.461,94.988,1:18:59.660,87926,0,0,2
2020,11_Charlotte Motor Speedway,Charlotte Motor Speedway,charlotte-motor-speedway,2020-10-10,202010102105_Race,4,50,2,Tommy Milner,1:27.975,13.736,32.908,41.331,94.935,1:20:27.635,87975,0,0,2
2020,11_Charlotte Motor Speedway,Charlotte Motor Speedway,charlotte-motor-speedway,2020-10-10,202010102105_Race,4,51,2,Tommy Milner,1:27.678,13.654,32.682,41.342,95.257,1:21:55.313,87678,0,0,2
2020,11_Charlotte Motor Speedway,Charlotte Motor Speedway,charlotte-motor-speedway,2020-10-10,202010102105_Race,4,52,2,Tommy Milner,1:28.085,13.817,32.907,41.361,94.817,1:23:23.398,88085,0,0,2
2020,11_Charlotte Motor Speedway,Charlotte Motor Speedway,charlotte-motor-speedway,2020-10-10,202010102105_Race,4,53,2,Tommy Milner,1:28.097,13.744,32.832,41.521,94.804,1:24:51.495,88097,0,0,2
2020,11_Charlotte Motor Speedway,Charlotte Motor Speedway,charlotte-motor-speedway,2020-10-10,202010102105_Race,4,54,2,Tommy Milner,1:27.845,13.620,32.762,41.463,95.076,1:26:19.340,87845,0,0,2
2020,11_Charlotte Motor Speedway,Charlotte Motor Speedway,charlotte-motor-speedway,2020-10-10,202010102105_Race,12,1,2,Michael De Quesada,1:42.751,20.015,37.303,45.433,81.283,1:42.751,,,0,2
2020,11_Charlotte Motor Speedway,Charlotte Motor Speedway,charlotte-motor-speedway,2020-10-10,202010102105_Race,12,2,2,Michael De Quesada,1:36.798,16.078,35.716,45.004,86.282,3:19.549,96798,0,0,2
2020,11_Charlotte Motor Speedway,Charlotte Motor Speedway,charlotte-motor-speedway,2020-10-10,202010102105_Race,12,3,2,Michael De Quesada,1:36.071,15.954,35.692,44.425,86.935,4:55.620,96071,0,0,2
2020,11_Charlotte Motor Speedway,Charlotte Motor Speedway,charlotte-motor-speedway,2020-10-10,202010102105_Race,12,4,2,Michael De Quesada,1:38.122,15.100,36.719,46.303,85.118,6:33.742,98122,0,0,2
2020,11_Charlotte Motor Speedway,Charlotte Motor Speedway,charlotte-motor-speedway,2020-10-10,202010102105_Race,12,5,2,Michael De Quesada,1:37.331,15.778,36.047,45.506,85.810,8:11.073,97331,0,0,2
2020,11_Charlotte Motor Speedway,Charlotte Motor Speedway,charlotte-motor-speedway,2020-10-10,202010102105_Race,12,6,2,Michael De Quesada,1:38.613,15.455,36.499,46.659,84.694,9:49.686,98613,0,0,2
2020,11_Charlotte Motor Speedway,Charlotte Motor Speedway,charlotte-motor-speedway,2020-10-10,202010102105_Race,12,7,2,Michael De Quesada,1:51.900,16.282,41.351,54.267,74.637,11:41.586,111900,0,0,2
2020,11_Charlotte Motor Speedway,Charlotte Motor Speedway,charlotte-motor-speedway,2020-10-10,202010102105_Race,12,8,2,Michael De Quesada,2:01.730,18.311,42.146,1:01.273,68.610,13:43.316,121730,0,0,2
2020,11_Charlotte Motor Speedway,Charlotte Motor Speedway,charlotte-motor-speedway,2020-10-10,202010102105_Race,12,9,2,Michael De Quesada,2:25.019,25.059,47.836,1:12.124,57.592,16:08.335,145019,0,0,2
2020,11_Charlotte Motor Speedway,Charlotte Motor Speedway,charlotte-motor-speedway,2020-10-10,202010102105_Race,12,10,2,Michael De Quesada,1:48.479,16.400,36.098,55.981,76.991,17:56.814,108479,0,0,2
2020,11_Charlotte Motor Speedway,Charlotte Motor Speedway,charlotte-motor-speedway,2020-10-10,202010102105_Race,12,11,2,Michael De Quesada,2:21.645,22.628,41.856,1:17.161,58.964,20:18.459,141645,0,0,2
2020,11_Charlotte Motor Speedway,Charlotte Motor Speedway,charlotte-motor-speedway,2020-10-10,202010102105_Race,12,12,2,Michael De Quesada,2:35.018,25.072,47.450,1:22.496,53.877,22:53.477,155018,0,0,2
2020,11_Charlotte Motor Speedway,Charlotte Motor Speedway,charlotte-motor-speedway,2020-10-10,202010102105_Race,12,13,2,Michael De Quesada,2:35.753,24.205,47.783,1:23.765,53.623,25:29.230,155753,0,0,2
2020,11_Charlotte Motor Speedway,Charlotte Motor Speedway,charlotte-motor-speedway,2020-10-10,202010102105_Race,12,14,2,Michael De Quesada,2:18.575,22.345,46.355,1:09.875,60.270,27:47.805,138575,0,0,2
2020,11_Charlotte Motor Speedway,Charlotte Motor Speedway,charlotte-motor-speedway,2020-10-10,202010102105_Race,12,15,2,Michael De Quesada,1:34.359,15.452,34.723,44.184,88.512,29:22.164,94359,0,0,2
2020,11_Charlotte Motor Speedway,Charlotte Motor Speedway,charlotte-motor-speedway,2020-10-10,202010102105_Race,12,16,2,Michael De Quesada,1:33.241,14.562,34.436,44.243,89.574,30:55.405,93241,0,0,2
2020,11_Charlotte Motor Speedway,Charlotte Motor Speedway,charlotte-motor-speedway,2020-10-10,202010102105_Race,12,17,2,Michael De Quesada,2:13.513,14.867,34.316,1:24.330,62.555,33:08.918,133513,0,1,2
2020,11_Charlotte Motor Speedway,Charlotte Motor Speedway,charlotte-motor-speedway,2020-10-10,202010102105_Race,12,18,1,Townsend Bell,1:38.885,20.904,34.839,43.142,84.461,34:47.803,98885,0,0,2
2020,11_Charlotte Motor Speedway,Charlotte Motor Speedway,charlotte-motor-speedway,2020-10-10,202010102105_Race,12,19,1,Townsend Bell,1:31.124,14.431,33.727,42.966,91.655,36:18.927,91124,0,0,2
2020,11_Charlotte Motor Speedway,Charlotte Motor Speedway,charlotte-motor-speedway,2020-10-10,202010102105_Race,12,20,1,Townsend Bell,1:30.763,14.273,32.981,43.509,92.019,37:49.690,90763,0,0,2
2020,11_Charlotte Motor Speedway,Charlotte Motor Speedway,charlotte-motor-speedway,2020-10-10,202010102105_Race,12,21,1,Townsend Bell,1:29.886,14.209,32.799,42.878,92.917,39:19.576,89886,0,0,2
2020,11_Charlotte Motor Speedway,Charlotte Motor Speedway,charlotte-motor-speedway,2020-10-10,202010102105_Race,12,22,1,Townsend Bell,1:32.211,14.152,34.086,43.973,90.574,40:51.787,92211,0,0,2
2020,11_Charlotte Motor Speedway,Charlotte Motor Speedway,charlotte-motor-speedway,2020-10-10,202010102105_Race,12,23,1,Townsend Bell,1:29.929,14.106,32.859,42.964,92.873,42:21.716,89929,0,0,2
2020,11_Charlotte Motor Speedway,Charlotte Motor Speedway,charlotte-motor-speedway,2020-10-10,202010102105_Race,12,24,1,Townsend Bell,1:29.434,13.947,32.823,42.664,93.387,43:51.150,89434,0,0,2
2020,11_Charlotte Motor Speedway,Charlotte Motor Speedway,charlotte-motor-speedway,2020-10-10,202010102105_Race,12,25,1,Townsend Bell,1:29.434,13.825,32.697,42.912,93.387,45:20.584,89434,0,0,2
2020,11_Charlotte Motor Speedway,Charlotte Motor Speedway,charlotte-motor-speedway,2020-10-10,202010102105_Race,12,26,1,Townsend Bell,1:29.673,14.021,32.850,42.802,93.138,46:50.257,89673,0,0,2
2020,11_Charlotte Motor Speedway,Charlotte Motor Speedway,charlotte-motor-speedway,2020-10-10,202010102105_Race,12,27,1,Townsend Bell,1:29.279,13.991,32.681,42.607,93.549,48:19.536,89279,0,0,2
2020,11_Charlotte Motor Speedway,Charlotte Motor Speedway,charlotte-motor-speedway,2020-10-10,202010102105_Race,12,28,1,Townsend Bell,1:31.214,14.061,32.645,44.508,91.564,49:50.750,91214,0,0,2
2020,11_Charlotte Motor Speedway,Charlotte Motor Speedway,charlotte-motor-speedway,2020-10-10,202010102105_Race,12,29,1,Townsend Bell,1:29.904,14.002,32.931,42.971,92.898,51:20.654,89904,0,0,2
2020,11_Charlotte Motor Speedway,Charlotte Motor Speedway,charlotte-motor-speedway,2020-10-10,202010102105_Race,12,30,1,Townsend Bell,1:29.908,14.119,32.838,42.951,92.894,52:50.562,89908,0,0,2
2020,11_Charlotte Motor Speedway,Charlotte Motor Speedway,charlotte-motor-speedway,2020-10-10,202010102105_Race,12,31,1,Townsend Bell,1:29.633,14.165,32.941,42.527,93.179,54:20.195,89633,0,0,2
2020,11_Charlotte Motor Speedway,Charlotte Motor Speedway,charlotte-motor-speedway,2020-10-10,202010102105_Race,12,32,1,Townsend Bell,1:29.382,13.792,33.076,42.514,93.441,55:49.577,89382,0,0,2
2020,11_Charlotte Motor Speedway,Charlotte Motor Speedway,charlotte-motor-speedway,2020-10-10,202010102105_Race,12,33,1,Townsend Bell,1:29.237,13.938,32.971,42.328,93.593,57:18.814,89237,0,0,2
2020,11_Charlotte Motor Speedway,Charlotte Motor Speedway,charlotte-motor-speedway,2020-10-10,202010102105_Race,12,34,1,Townsend Bell,1:29.372,13.746,33.069,42.557,93.451,58:48.186,89372,0,0,2
2020,11_Charlotte Motor Speedway,Charlotte Motor Speedway,charlotte-motor-speedway,2020-10-10,202010102105_Race,12,35,1,Townsend Bell,1:30.015,13.962,32.905,43.148,92.784,1:00:18.201,90015,0,0,2
2020,11_Charlotte Motor Speedway,Charlotte Motor Speedway,charlotte-motor-speedway,2020-10-10,202010102105_Race,12,36,1,Townsend Bell,1:29.321,13.991,32.973,42.357,93.505,1:01:47.522,89321,0,0,2
2020,11_Charlotte Motor Speedway,Charlotte Motor Speedway,charlotte-motor-speedway,2020-10-10,202010102105_Race,12,37,1,Townsend Bell,1:30.330,14.011,33.066,43.253,92.460,1:03:17.852,90330,0,0,2
2020,11_Charlotte Motor Speedway,Charlotte Motor Speedway,charlotte-motor-speedway,2020-10-10,202010102105_Race,12,38,1,Townsend Bell,1:29.772,14.230,32.978,42.564,93.035,1:04:47.624,89772,0,0,2
2020,11_Charlotte Motor Speedway,Charlotte Motor Speedway,charlotte-motor-speedway,2020-10-10,202010102105_Race,12,39,1,Townsend Bell,1:29.846,14.045,33.228,42.573,92.958,1:06:17.470,89846,0,0,2
2020,11_Charlotte Motor Speedway,Charlotte Motor Speedway,charlotte-motor-speedway,2020-10-10,202010102105_Race,12,40,1,Townsend Bell,1:29.464,13.902,33.022,42.540,93.355,1:07:46.934,89464,0,0,2
2020,11_Charlotte Motor Speedway,Charlotte Motor Speedway,charlotte-motor-speedway,2020-10-10,202010102105_Race,12,41,1,Townsend Bell,1:29.472,13.952,32.981,42.539,93.347,1:09:16.406,89472,0,0,2
2020,11_Charlotte Motor Speedway,Charlotte Motor Speedway,charlotte-motor-speedway,2020-10-10,202010102105_Race,12,42,1,Townsend Bell,1:29.461,14.085,32.897,42.479,93.358,1:10:45.867,89461,0,0,2
2020,11_Charlotte Motor Speedway,Charlotte Motor Speedway,charlotte-motor-speedway,2020-10-10,202010102105_Race,12,43,1,Townsend Bell,1:29.582,13.967,32.969,42.646,93.232,1:12:15.449,89582,0,0,2
2020,11_Charlotte Motor Speedway,Charlotte Motor Speedway,charlotte-motor-speedway,2020-10-10,202010102105_Race,12,44,1,Townsend Bell,1:29.870,14.058,33.306,42.506,92.934,1:13:45.319,89870,0,0,2
2020,11_Charlotte Motor Speedway,Charlotte Motor Speedway,charlotte-motor-speedway,2020-10-10,202010102105_Race,12,45,1,Townsend Bell,1:29.527,14.068,33.057,42.402,93.290,1:15:14.846,89527,0,0,2
2020,11_Charlotte Motor Speedway,Charlotte Motor Speedway,charlotte-motor-speedway,2020-10-10,202010102105_Race,12,46,1,Townsend Bell,1:29.431,14.083,32.884,42.464,93.390,1:16:44.277,89431,0,0,2
2020,11_Charlotte Motor Speedway,Charlotte Motor Speedway,charlotte-motor-speedway,2020-10-10,202010102105_Race,12,47,1,Townsend Bell,1:31.019,14.111,33.035,43.873,91.760,1:18:15.296,91019,0,0,2
2020,11_Charlotte Motor Speedway,Charlotte Motor Speedway,charlotte-motor-speedway,2020-10-10,202010102105_Race,12,48,1,Townsend Bell,1:29.893,14.078,33.206,42.609,92.910,1:19:45.189,89893,0,0,2
2020,11_Charlotte Motor Speedway,Charlotte Motor Speedway,charlotte-motor-speedway,2020-10-10,202010102105_Race,12,49,1,Townsend Bell,1:29.526,13.989,33.004,42.533,93.291,1:21:14.715,89526,0,0,2
2020,11_Charlotte Motor Speedway,Charlotte Motor Speedway,charlotte-motor-speedway,2020-10-10,202010102105_Race,12,50,1,Townsend Bell,1:30.327,14.001,33.353,42.973,92.463,1:22:45.042,90327,0,0,2
2020,11_Charlotte Motor Speedway,Charlotte Motor Speedway,charlotte-motor-speedway,2020-10-10,202010102105_Race,12,51,1,Townsend Bell,1:30.039,14.079,33.238,42.722,92.759,1:24:15.081,90039,0,0,2
2020,11_Charlotte Motor Speedway,Charlotte Motor Speedway,charlotte-motor-speedway,2020-10-10,202010102105_Race,12,52,1,Townsend Bell,1:29.779,13.973,33.306,42.500,93.028,1:25:44.860,89779,0,0,2
2020,11_Charlotte Motor Speedway,Charlotte Motor Speedway,charlotte-motor-speedway,2020-10-10,202010102105_Race,12,53,1,Townsend Bell,1:29.933,14.046,33.207,42.680,92.868,1:27:14.793,89933,0,0,2
2020,11_Charlotte Motor Speedway,Charlotte Motor Speedway,charlotte-motor-speedway,2020-10-10,202010102105_Race,12,54,1,Townsend Bell,1:34.944,14.047,33.500,47.397,87.967,1:28:49.737,94944,0,0,2
2020,11_Charlotte Motor Speedway,Charlotte Motor Speedway,charlotte-motor-speedway,2020-10-10,202010102105_Race,12,55,1,Townsend Bell,1:35.948,15.285,35.829,44.834,87.046,1:30:25.685,95948,0,0,2
2020,11_Charlotte Motor Speedway,Charlotte Motor Speedway,charlotte-motor-speedway,2020-10-10,202010102105_Race,12,56,1,Townsend Bell,1:46.269,14.898,34.533,56.838,78.592,1:32:11.954,106269,0,0,2
2020,11_Charlotte Motor Speedway,Charlotte Motor Speedway,charlotte-motor-speedway,2020-10-10,202010102105_Race,12,57,1,Townsend Bell,2:14.545,20.245,44.962,1:09.338,62.075,1:34:26.499,134545,0,0,2
2020,11_Charlotte Motor Speedway,Charlotte Motor Speedway,charlotte-motor-speedway,2020-10-10,202010102105_Race,12,58,1,Townsend Bell,1:32.236,14.618,34.350,43.268,90.550,1:35:58.735,92236,0,0,2
2020,11_Charlotte Motor Speedway,Charlotte Motor Speedway,charlotte-motor-speedway,2020-10-10,202010102105_Race,12,59,1,Townsend Bell,1:31.446,14.232,33.348,43.866,91.332,1:37:30.181,91446,0,0,2
2020,11_Charlotte Motor Speedway,Charlotte Motor Speedway,charlotte-motor-speedway,2020-10-10,202010102105_Race,12,60,1,Townsend Bell,1:29.985,14.002,33.137,42.846,92.815,1:39:00.166,89985,0,0,2
2020,11_Charlotte Motor Speedway,Charlotte Motor Speedway,charlotte-motor-speedway,2020-10-10,202010102105_Race,12,61,1,Townsend Bell,1:29.898,13.980,33.217,42.701,92.905,1:40:30.064,89898,0,0,2
2020,11_Charlotte Motor Speedway,Charlotte Motor Speedway,charlotte-motor-speedway,2020-10-10,202010102105_Race,14,1,1,Aaron Telitz,1:38.493,17.117,36.079,45.297,84.797,1:38.493,,,0,2
2020,11_Charlotte Motor Speedway,Charlotte Motor Speedway,charlotte-motor-speedway,2020-10-10,202010102105_Race,14,2,1,Aaron Telitz,1:33.152,14.688,34.172,44.292,89.659,3:11.645,93152,0,0,2
2020,11_Charlotte Motor Speedway,Charlotte Motor Speedway,charlotte-motor-speedway,2020-10-10,202010102105_Race,14,3,1,Aaron Telitz,1:33.343,14.667,34.408,44.268,89.476,4:44.988,93343,0,0,2
2020,11_Charlotte Motor Speedway,Charlotte Motor Speedway,charlotte-motor-speedway,2020-10-10,202010102105_Race,14,4,1,Aaron Telitz,1:33.781,14.713,34.656,44.412,89.058,6:18.769,93781,0,0,2
2020,11_Charlotte Motor Speedway,Charlotte Motor Speedway,charlotte-motor-speedway,2020-10-10,202010102105_Race,14,5,1,Aaron Telitz,1:34.471,14.690,34.644,45.137,88.407,7:53.240,94471,0,0,2
2020,11_Charlotte Motor Speedway,Charlotte Motor Speedway,charlotte-motor-speedway,2020-10-10,202010102105_Race,14,6,1,Aaron Telitz,1:34.506,14.627,34.720,45.159,88.375,9:27.746,94506,0,0,2
2020,11_Charlotte Motor Speedway,Charlotte Motor Speedway,charlotte-motor-speedway,2020-10-10,202010102105_Race,14,7,1,Aaron Telitz,1:44.722,15.976,36.515,52.231,79.753,11:12.468,104722,0,0,2
2020,11_Charlotte Motor Speedway,Charlotte Motor Speedway,charlotte-motor-speedway,2020-10-10,202010102105_Race,14,8,1,Aaron Telitz,2:26.866,16.975,45.032,1:24.859,56.868,13:39.334,146866,0,0,2
2020,11_Charlotte Motor Speedway,Charlotte Motor Speedway,charlotte-motor-speedway,2020-10-10,202010102105_Race,14,9,1,Aaron Telitz,2:27.051,24.495,50.390,1:12.166,56.796,16:06.385,147051,0,0,2
2020,11_Charlotte Motor Speedway,Charlotte Motor Speedway,charlotte-motor-speedway,2020-10-10,202010102105_Race,14,10,1,Aaron Telitz,1:48.448,15.024,37.215,56.209,77.013,17:54.833,108448,0,0,2
2020,11_Charlotte Motor Speedway,Charlotte Motor Speedway,charlotte-motor-speedway,2020-10-10,202010102105_Race,14,11,1,Aaron Telitz,2:21.936,20.778,43.722,1:17.436,58.843,20:16.769,141936,0,0,2
2020,11_Charlotte Motor Speedway,Charlotte Motor Speedway,charlotte-motor-speedway,2020-10-10,202010102105_Race,14,12,1,Aaron Telitz,2:33.752,24.280,48.727,1:20.745,54.321,22:50.521,153752,0,0,2
2020,11_Charlotte Motor Speedway,Charlotte Motor Speedway,charlotte-motor-speedway,2020-10-10,202010102105_Race,14,13,1,Aaron Telitz,2:35.377,24.917,48.024,1:22.436,53.752,25:25.898,155377,0,0,2
2020,11_Charlotte Motor Speedway,Charlotte Motor Speedway,charlotte-motor-speedway,2020-10-10,202010102105_Race,14,14,1,Aaron Telitz,2:20.572,24.080,46.155,1:10.337,59.414,27:46.470,140572,0,0,2
2020,11_Charlotte Motor Speedway,Charlotte Motor Speedway,charlotte-motor-speedway,2020-10-10,202010102105_Race,14,15,1,Aaron Telitz,1:32.242,14.524,33.947,43.771,90.544,29:18.712,92242,0,0,2
2020,11_Charlotte Motor Speedway,Charlotte Motor Speedway,charlotte-motor-speedway,2020-10-10,202010102105_Race,14,16,1,Aaron Telitz,1:31.068,14.271,33.393,43.404,91.711,30:49.780,91068,0,0,2
2020,11_Charlotte Motor Speedway,Charlotte Motor Speedway,charlotte-motor-speedway,2020-10-10,202010102105_Race,14,17,1,Aaron Telitz,2:21.111,14.091,33.186,1:33.834,59.187,33:10.891,141111,0,1,2
2020,11_Charlotte Motor Speedway,Charlotte Motor Speedway,charlotte-motor-speedway,2020-10-10,202010102105_Race,14,18,2,Jack Hawksworth,1:39.637,21.171,33.640,44.826,83.824,34:50.528,99637,0,0,2
2020,11_Charlotte Motor Speedway,Charlotte Motor Speedway,charlotte-motor-speedway,2020-10-10,202010102105_Race,14,19,2,Jack Hawksworth,1:30.248,14.074,32.867,43.307,92.544,36:20.776,90248,0,0,2
2020,11_Charlotte Motor Speedway,Charlotte Motor Speedway,charlotte-motor-speedway,2020-10-10,202010102105_Race,14,20,2,Jack Hawksworth,1:29.672,13.772,32.429,43.471,93.139,37:50.448,89672,0,0,2
2020,11_Charlotte Motor Speedway,Charlotte Motor Speedway,charlotte-motor-speedway,2020-10-10,202010102105_Race,14,21,2,Jack Hawksworth,1:29.573,13.851,32.684,43.038,93.242,39:20.021,89573,0,0,2
2020,11_Charlotte Motor Speedway,Charlotte Motor Speedway,charlotte-motor-speedway,2020-10-10,202010102105_Race,14,22,2,Jack Hawksworth,1:29.631,14.125,32.302,43.204,93.181,40:49.652,89631,0,0,2
2020,11_Charlotte Motor Speedway,Charlotte Motor Speedway,charlotte-motor-speedway,2020-10-10,202010102105_Race,14,23,2,Jack Hawksworth,1:29.003,13.851,32.157,42.995,93.839,42:18.655,89003,0,0,2
2020,11_Charlotte Motor Speedway,Charlotte Motor Speedway,charlotte-motor-speedway,2020-10-10,202010102105_Race,14,24,2,Jack Hawksworth,1:28.561,13.585,32.023,42.953,94.307,43:47.216,88561,0,0,2
2020,11_Charlotte Motor Speedway,Charlotte Motor Speedway,charlotte-motor-speedway,2020-10-10,202010102105_Race,14,25,2,Jack Hawksworth,1:28.656,13.701,32.081,42.874,94.206,45:15.872,88656,0,0,2
2020,11_Charlotte Motor Speedway,Charlotte Motor Speedway,charlotte-motor-speedway,2020-10-10,202010102105_Race,14,26,2,Jack Hawksworth,1:28.590,13.702,32.189,42.699,94.276,46:44.462,88590,0,0,2
2020,11_Charlotte Motor Speedway,Charlotte Motor Speedway,charlotte-motor-speedway,2020-10-10,202010102105_Race,14,27,2,Jack Hawksworth,1:28.525,13.698,32.079,42.748,94.346,48:12.987,88525,0,0,2
2020,11_Charlotte Motor Speedway,Charlotte Motor Speedway,charlotte-motor-speedway,2020-10-10,202010102105_Race,14,28,2,Jack Hawksworth,1:28.843,13.769,32.184,42.890,94.008,49:41.830,88843,0,0,2
2020,11_Charlotte Motor Speedway,Charlotte Motor Speedway,charlotte-motor-speedway,2020-10-10,202010102105_Race,14,29,2,Jack Hawksworth,1:28.665,13.805,32.038,42.822,94.197,51:10.495,88665,0,0,2
2020,11_Charlotte Motor Speedway,Charlotte Motor Speedway,charlotte-motor-speedway,2020-10-10,202010102105_Race,14,30,2,Jack Hawksworth,1:28.459,13.707,32.006,42.746,94.416,52:38.954,88459,0,0,2
2020,11_Charlotte Motor Speedway,Charlotte Motor Speedway,charlotte-motor-speedway,2020-10-10,202010102105_Race,14,31,2,Jack Hawksworth,1:28.730,13.675,32.367,42.688,94.128,54:07.684,88730,0,0,2
2020,11_Charlotte Motor Speedway,Charlotte Motor Speedway,charlotte-motor-speedway,2020-10-10,202010102105_Race,14,32,2,Jack Hawksworth,1:29.053,13.732,32.259,43.062,93.786,55:36.737,89053,0,0,2
2020,11_Charlotte Motor Speedway,Charlotte Motor Speedway,charlotte-motor-speedway,2020-10-10,202010102105_Race,14,33,2,Jack Hawksworth,1:29.662,13.756,32.412,43.494,93.149,57:06.399,89662,0,0,2
2020,11_Charlotte Motor Speedway,Charlotte Motor Speedway,charlotte-motor-speedway,2020-10-10,202010102105_Race,14,34,2,Jack Hawksworth,1:30.577,15.091,32.862,42.624,92.208,58:36.976,90577,0,0,2
2020,11_Charlotte Motor Speedway,Charlotte Motor Speedway,charlotte-motor-speedway,2020-10-10,202010102105_Race,14,35,2,Jack Hawksworth,1:29.765,13.946,32.599,43.220,93.042,1:00:06.741,89765,0,0,2
2020,11_Charlotte Motor Speedway,Charlotte Motor Speedway,charlotte-motor-speedway,2020-10-10,202010102105_Race,14,36,2,Jack Hawksworth,1:29.616,13.870,33.008,42.738,93.197,1:01:36.357,89616,0,0,2
2020,11_Charlotte Motor Speedway,Charlotte Motor Speedway,charlotte-motor-speedway,2020-10-10,202010102105_Race,14,37,2,Jack Hawksworth,1:29.058,13.882,32.679,42.497,93.781,1:03:05.415,89058,0,0,2
2020,11_Charlotte Motor Speedway,Charlotte Motor Speedway,charlotte-motor-speedway,2020-10-10,202010102105_Race,14,38,2,Jack Hawksworth,1:28.809,13.855,32.576,42.378,94.044,1:04:34.224,88809,0,0,2
2020,11_Charlotte Motor Speedway,Charlotte Motor Speedway,charlotte-motor-speedway,2020-10-10,202010102105_Race,14,39,2,Jack Hawksworth,1:29.241,13.770,32.698,42.773,93.589,1:06:03.465,89241,0,0,2
2020,11_Charlotte Motor Speedway,Charlotte Motor Speedway,charlotte-motor-speedway,2020-10-10,202010102105_Race,14,40,2,Jack Hawksworth,1:28.750,13.928,32.413,42.409,94.106,1:07:32.215,88750,0,0,2
2020,11_Charlotte Motor Speedway,Charlotte Motor Speedway,charlotte-motor-speedway,2020-10-10,202010102105_Race,14,41,2,Jack Hawksworth,1:29.187,13.848,32.519,42.820,93.645,1:09:01.402,89187,0,0,2
2020,11_Charlotte Motor Speedway,Charlotte Motor Speedway,charlotte-motor-speedway,2020-10-10,202010102105_Race,14,42,2,Jack Hawksworth,1:29.001,13.810,32.550,42.641,93.841,1:10:30.403,89001,0,0,2
2020,11_Charlotte Motor Speedway,Charlotte Motor Speedway,charlotte-motor-speedway,2020-10-10,202010102105_Race,14,43,2,Jack Hawksworth,1:29.200,13.828,32.822,42.550,93.632,1:11:59.603,89200,0,0,2
2020,11_Charlotte Motor Speedway,Charlotte Motor Speedway,charlotte-motor-speedway,2020-10-10,202010102105_Race,14,44,2,Jack Hawksworth,1:28.805,13.785,32.624,42.396,94.048,1:13:28.408,88805,0,0,3
2020,11_Charlotte Motor Speedway,Charlotte Motor Speedway,charlotte-motor-speedway,2020-10-10,202010102105_Race,14,45,2,Jack Hawksworth,1:28.945,13.822,32.677,42.446,93.900,1:14:57.353,88945,0,0,3
2020,11_Charlotte Motor Speedway,Charlotte Motor Speedway,charlotte-motor-speedway,2020-10-10,202010102105_Race,14,46,2,Jack Hawksworth,1:28.944,13.836,32.919,42.189,93.901,1:16:26.297,88944,0,0,3
2020,11_Charlotte Motor Speedway,Charlotte Motor Speedway,charlotte-motor-speedway,2020-10-10,202010102105_Race,14,47,2,Jack Hawksworth,1:29.341,13.867,32.754,42.720,93.484,1:17:55.638,89341,0,0,3
2020,11_Charlotte Motor Speedway,Charlotte Motor Speedway,charlotte-motor-speedway,2020-10-10,202010102105_Race,14,48,2,Jack Hawksworth,1:28.798,13.772,32.680,42.346,94.055,1:19:24.436,88798,0,0,3
2020,11_Charlotte Motor Speedway,Charlotte Motor Speedway,charlotte-motor-speedway,2020-10-10,202010102105_Race,14,49,2,Jack Hawksworth,1:29.618,13.911,32.913,42.794,93.195,1:20:54.054,89618,0,0,3
2020,11_Charlotte Motor Speedway,Charlotte Motor Speedway,charlotte-motor-speedway,2020-10-10,202010102105_Race,14,50,2,Jack Hawksworth,1:29.287,14.017,32.700,42.570,93.540,1:22:23.341,89287,0,0,3
2020,11_Charlotte Motor Speedway,Charlotte Motor Speedway,charlotte-motor-speedway,2020-10-10,202010102105_Race,14,51,2,Jack Hawksworth,1:29.057,13.926,32.723,42.408,93.782,1:23:52.398,89057,0,0,3
2020,11_Charlotte Motor Speedway,Charlotte Motor Speedway,charlotte-motor-speedway,2020-10-10,202010102105_Race,14,52,2,Jack Hawksworth,1:29.233,13.812,32.678,42.743,93.597,1:25:21.631,89233,0,0,3
2020,11_Charlotte Motor Speedway,Charlotte Motor Speedway,charlotte-motor-speedway,2020-10-10,202010102105_Race,14,53,2,Jack Hawksworth,1:28.980,13.897,32.585,42.498,93.863,1:26:50.611,88980,0,0,3
2020,11_Charlotte Motor Speedway,Charlotte Motor Speedway,charlotte-motor-speedway,2020-10-10,202010102105_Race,14,54,2,Jack Hawksworth,1:31.795,13.859,32.972,44.964,90.985,1:28:22.406,91795,0,0,3
2020,11_Charlotte Motor Speedway,Charlotte Motor Speedway,charlotte-motor-speedway,2020-10-10,202010102105_Race,14,55,2,Jack Hawksworth,1:35.969,14.826,34.960,46.183,87.027,1:29:58.375,95969,0,0,3
2020,11_Charlotte Motor Speedway,Charlotte Motor Speedway,charlotte-motor-speedway,2020-10-10,202010102105_Race,14,56,2,Jack Hawksworth,2:09.387,14.764,35.139,1:19.484,64.550,1:32:07.762,129387,0,0,3
2020,11_Charlotte Motor Speedway,Charlotte Motor Speedway,charlotte-motor-speedway,2020-10-10,202010102105_Race,14,57,2,Jack Hawksworth,2:17.358,21.012,45.960,1:10.386,60.804,1:34:25.120,137358,0,0,3
2020,11_Charlotte Motor Speedway,Charlotte Motor Speedway,charlotte-motor-speedway,2020-10-10,202010102105_Race,14,58,2,Jack Hawksworth,1:32.393,15.067,34.153,43.173,90.396,1:35:57.513,92393,0,0,3
2020,11_Charlotte Motor Speedway,Charlotte Motor Speedway,charlotte-motor-speedway,2020-10-10,202010102105_Race,14,59,2,Jack Hawksworth,1:29.724,14.020,32.927,42.777,93.085,1:37:27.237,89724,0,0,3
2020,11_Charlotte Motor Speedway,Charlotte Motor Speedway,charlotte-motor-speedway,2020-10-10,202010102105_Race,14,60,2,Jack Hawksworth,1:41.341,14.081,33.143,54.117,82.414,1:39:08.578,101341,0,1,3
2020,11_Charlotte Motor Speedway,Charlotte Motor Speedway,charlotte-motor-speedway,2020-10-10,202010102105_Race,14,61,2,Jack Hawksworth,1:37.661,20.276,33.205,44.180,85.520,1:40:46.239,97661,0,0,3
2020,11_Charlotte Motor Speedway,Charlotte Motor Speedway,charlotte-motor-speedway,2020-10-10,202010102105_Race,16,1,1,Ryan Hardwick,1:40.518,18.651,36.885,44.982,83.089,1:40.518,,,0,3
2020,11_Charlotte Motor Speedway,Charlotte Motor Speedway,charlotte-motor-speedway,2020-10-10,202010102105_Race,16,2,1,Ryan Hardwick,1:36.876,15.847,35.047,45.982,86.213,3:17.394,96876,0,0,3
2020,11_Charlotte Motor Speedway,Charlotte Motor Speedway,charlotte-motor-speedway,2020-10-10,202010102105_Race,16,3,1,Ryan Hardwick,1:36.886,15.893,36.273,44.720,86.204,4:54.280,96886,0,0,3
2020,11_Charlotte Motor Speedway,Charlotte Motor Speedway,charlotte-motor-speedway,2020-10-10,202010102105_Race,16,4,1,Ryan Hardwick,1:39.219,15.519,36.759,46.941,84.177,6:33.499,99219,0,0,3
2020,11_Charlotte Motor Speedway,Charlotte Motor Speedway,charlotte-motor-speedway,2020-10-10,202010102105_Race,16,5,1,Ryan Hardwick,1:39.167,16.824,36.794,45.549,84.221,8:12.666,99167,0,0,3
2020,11_Charlotte Motor Speedway,Charlotte Motor Speedway,charlotte-motor-speedway,2020-10-10,202010102105_Race,16,6,1,Ryan Hardwick,1:38.474,15.607,36.764,46.103,84.814,9:51.140,98474,0,0,3
2020,11_Charlotte Motor Speedway,Charlotte Motor Speedway,charlotte-motor-speedway,2020-10-10,202010102105_Race,16,7,1,Ryan Hardwick,1:54.323,17.247,42.886,54.190,73.055,11:45.463,114323,0,0,3
2020,11_Charlotte Motor Speedway,Charlotte Motor Speedway,charlotte-motor-speedway,2020-10-10,202010102105_Race,16,8,1,Ryan Hardwick,1:59.917,17.821,41.366,1:00.730,69.648,13:45.380,119917,0,0,3
2020,11_Charlotte Motor Speedway,Charlotte Motor Speedway,charlotte-motor-speedway,2020-10-10,202010102105_Race,16,9,1,Ryan Hardwick,2:24.337,25.076,47.512,1:11.749,57.864,16:09.717,144337,0,0,3
2020,11_Charlotte Motor Speedway,Charlotte Motor Speedway,charlotte-motor-speedway,2020-10-10,202010102105_Race,16,10,1,Ryan Hardwick,1:49.255,16.524,38.459,54.272,76.444,17:58.972,109255,0,0,3
2020,11_Charlotte Motor Speedway,Charlotte Motor Speedway,charlotte-motor-speedway,2020-10-10,202010102105_Race,16,11,1,Ryan Hardwick,2:21.095,21.790,42.247,1:17.058,59.194,20:20.067,141095,0,0,3
2020,11_Charlotte Motor Speedway,Charlotte Motor Speedway,charlotte-motor-speedway,2020-10-10,202010102105_Race,16,12,1,Ryan Hardwick,2:34.627,25.394,47.447,1:21.786,54.013,22:54.694,154627,0,0,3
2020,11_Charlotte Motor Speedway,Charlotte Motor Speedway,charlotte-motor-speedway,2020-10-10,202010102105_Race,16,13,1,Ryan Hardwick,2:36.395,24.549,47.778,1:24.068,53.403,25:31.089,156395,0,0,3
2020,11_Charlotte Motor Speedway,Charlotte Motor Speedway,charlotte-motor-speedway,2020-10-10,202010102105_Race,16,14,1,Ryan Hardwick,2:17.655,22.283,46.235,1:09.137,60.673,27:48.744,137655,0,0,3
2020,11_Charlotte Motor Speedway,Charlotte Motor Speedway,charlotte-motor-speedway,2020-10-10,202010102105_Race,16,15,1,Ryan Hardwick,1:35.338,15.766,35.740,43.832,87.603,29:24.082,95338,0,0,3
2020,11_Charlotte Motor Speedway,Charlotte Motor Speedway,charlotte-motor-speedway,2020-10-10,202010102105_Race,16,16,1,Ryan Hardwick,1:43.898,15.059,35.219,53.620,80.386,31:07.980,103898,0,1,3
2020,11_Charlotte Motor Speedway,Charlotte Motor Speedway,charlotte-motor-speedway,2020-10-10,202010102105_Race,16,17,2,Patrick Long,2:02.811,45.569,33.711,43.531,68.006,33:10.791,122811,0,0,3
2020,11_Charlotte Motor Speedway,Charlotte Motor Speedway,charlotte-motor-speedway,2020-10-10,202010102105_Race,16,18,2,Patrick Long,1:31.979,15.135,33.459,43.385,90.803,34:42.770,91979,0,0,3
2020,11_Charlotte Motor Speedway,Charlotte Motor Speedway,charlotte-motor-speedway,2020-10-10,202010102105_Race,16,19,2,Patrick Long,1:31.118,14.670,33.230,43.218,91.661,36:13.888,91118,0,0,3
2020,11_Charlotte Motor Speedway,Charlotte Motor Speedway,charlotte-motor-speedway,2020-10-10,202010102105_Race,16,20,2,Patrick Long,1:30.308,14.460,32.964,42.884,92.483,37:44.196,90308,0,0,3
2020,11_Charlotte Motor Speedway,Charlotte Motor Speedway,charlotte-motor-speedway,2020-10-10,202010102105_Race,16,21,2,Patrick Long,1:30.547,14.439,33.216,42.892,92.239,39:14.743,90547,0,0,3
2020,11_Charlotte Motor Speedway,Charlotte Motor Speedway,charlotte-motor-speedway,2020-10-10,202010102105_Race,16,22,2,Patrick Long,1:29.286,14.165,32.658,42.463,93.541,40:44.029,89286,0,0,3
2020,11_Charlotte Motor Speedway,Charlotte Motor Speedway,charlotte-motor-speedway,2020-10-10,202010102105_Race,16,23,2,Patrick Long,1:29.267,14.089,32.610,42.568,93.561,42:13.296,89267,0,0,3
2020,11_Charlotte Motor Speedway,Charlotte Motor Speedway,charlotte-motor-speedway,2020-10-10,202010102105_Race,16,24,2,Patrick Long,1:28.898,14.153,32.417,42.328,93.950,43:42.194,88898,0,0,3
2020,11_Charlotte Motor Speedway,Charlotte Motor Speedway,charlotte-motor-speedway,2020-10-10,202010102105_Race,16,25,2,Patrick Long,1:29.916,14.011,32.654,43.251,92.886,45:12.110,89916,0,0,3
2020,11_Charlotte Motor Speedway,Charlotte Motor Speedway,charlotte-motor-speedway,2020-10-10,202010102105_Race,16,26,2,Patrick Long,1:29.881,14.423,32.764,42.694,92.922,46:41.991,89881,0,0,3
2020,11_Charlotte Motor Speedway,Charlotte Motor Speedway,charlotte-motor-speedway,2020-10-10,202010102105_Race,16,27,2,Patrick Long,1:28.983,14.105,32.451,42.427,93.860,48:10.974,88983,0,0,3
2020,11_Charlotte Motor Speedway,Charlotte Motor Speedway,charlotte-motor-speedway,2020-10-10,202010102105_Race,16,28,2,Patrick Long,1:28.639,14.027,32.259,42.353,94.224,49:39.613,88639,0,0,3
2020,11_Charlotte Motor Speedway,Charlotte Motor Speedway,charlotte-motor-speedway,2020-10-10,202010102105_Race,16,29,2,Patrick Long,1:29.205,14.208,32.503,42.494,93.626,51:08.818,89205,0,0,3
2020,11_Charlotte Motor Speedway,Charlotte Motor Speedway,charlotte-motor-speedway,2020-10-10,202010102105_Race,16,30,2,Patrick Long,1:28.709,14.033,32.377,42.299,94.150,52:37.527,88709,0,0,3
2020,11_Charlotte Motor Speedway,Charlotte Motor Speedway,charlotte-motor-speedway,2020-10-10,202010102105_Race,16,31,2,Patrick Long,1:28.793,14.055,32.461,42.277,94.061,54:06.320,88793,0,0,3
2020,11_Charlotte Motor Speedway,Charlotte Motor Speedway,charlotte-motor-speedway,2020-10-10,202010102105_Race,16,32,2,Patrick Long,1:28.602,13.961,32.553,42.088,94.264,55:34.922,88602,0,0,3
2020,11_Charlotte Motor Speedway,Charlotte Motor Speedway,charlotte-motor-speedway,2020-10-10,202010102105_Race,16,33,2,Patrick Long,1:29.302,14.193,32.565,42.544,93.525,57:04.224,89302,0,0,3
2020,11_Charlotte Motor Speedway,Charlotte Motor Speedway,charlotte-motor-speedway,2020-10-10,202010102105_Race,16,34,2,Patrick Long,1:29.590,14.024,32.447,43.119,93.224,58:33.814,89590,0,0,3
2020,11_Charlotte Motor Speedway,Charlotte Motor Speedway,charlotte-motor-speedway,2020-10-10,202010102105_Race,16,35,2,Patrick Long,1:30.847,14.114,34.208,42.525,91.934,1:00:04.661,90847,0,0,3
2020,11_Charlotte Motor Speedway,Charlotte Motor Speedway,charlotte-motor-speedway,2020-10-10,202010102105_Race,16,36,2,Patrick Long,1:29.797,13.970,32.645,43.182,93.009,1:01:34.458,89797,0,0,3
2020,11_Charlotte Motor Speedway,Charlotte Motor Speedway,charlotte-motor-speedway,2020-10-10,202010102105_Race,16,37,2,Patrick Long,1:29.179,14.093,32.562,42.524,93.654,1:03:03.637,89179,0,0,3
2020,11_Charlotte Motor Speedway,Charlotte Motor Speedway,charlotte-motor-speedway,2020-10-10,202010102105_Race,16,38,2,Patrick Long,1:29.073,13.995,32.593,42.485,93.765,1:04:32.710,89073,0,0,3
2020,11_Charlotte Motor Speedway,Charlotte Motor Speedway,charlotte-motor-speedway,2020-10-10,202010102105_Race,16,39,2,Patrick Long,1:29.015,14.057,32.596,42.362,93.826,1:06:01.725,89015,0,0,3
2020,11_Charlotte Motor Speedway,Charlotte Motor Speedway,charlotte-motor-speedway,2020-10-10,202010102105_Race,16,40,2,Patrick Long,1:28.705,14.018,32.596,42.091,94.154,1:07:30.430,88705,0,0,3
2020,11_Charlotte Motor Speedway,Charlotte Motor Speedway,charlotte-motor-speedway,2020-10-10,202010102105_Race,16,41,2,Patrick Long,1:29.057,13.976,32.631,42.450,93.782,1:08:59.487,89057,0,0,3
2020,11_Charlotte Motor Speedway,Charlotte Motor Speedway,charlotte-motor-speedway,2020-10-10,202010102105_Race,16,42,2,Patrick Long,1:29.404,13.981,32.999,42.424,93.418,1:10:28.891,89404,0,0,3
2020,11_Charlotte Motor Speedway,Charlotte Motor Speedway,charlotte-motor-speedway,2020-10-10,202010102105_Race,16,43,2,Patrick Long,1:29.250,14.093,32.612,42.545,93.579,1:11:58.141,89250,0,0,3
2020,11_Charlotte Motor Speedway,Charlotte Motor Speedway,charlotte-motor-speedway,2020-10-10,202010102105_Race,16,44,2,Patrick Long,1:29.000,14.038,32.628,42.334,93.842,1:13:27.141,89000,0,0,3
2020,11_Charlotte Motor Speedway,Charlotte Motor Speedway,charlotte-motor-speedway,2020-10-10,202010102105_Race,16,45,2,Patrick Long,1:28.963,14.149,32.542,42.272,93.881,1:14:56.104,88963,0,0,3
2020,11_Charlotte Motor Speedway,Charlotte Motor Speedway,charlotte-motor-speedway,2020-10-10,202010102105_Race,16,46,2,Patrick Long,1:28.961,14.075,32.583,42.303,93.883,1:16:25.065,88961,0,0,3
2020,11_Charlotte Motor Speedway,Charlotte Motor Speedway,charlotte-motor-speedway,2020-10-10,202010102105_Race,16,47,2,Patrick Long,1:28.924,14.065,32.602,42.257,93.922,1:17:53.989,88924,0,0,3
2020,11_Charlotte Motor Speedway,Charlotte Motor Speedway,charlotte-motor-speedway,2020-10-10,202010102105_Race,16,48,2,Patrick Long,1:29.318,13.989,33.343,41.986,93.508,1:19:23.307,89318,0,0,3
2020,11_Charlotte Motor Speedway,Charlotte Motor Speedway,charlotte-motor-speedway,2020-10-10,202010102105_Race,16,49,2,Patrick Long,1:29.206,14.174,32.736,42.296,93.625,1:20:52.513,89206,0,0,3
2020,11_Charlotte Motor Speedway,Charlotte Motor Speedway,charlotte-motor-speedway,2020-10-10,202010102105_Race,16,50,2,Patrick Long,1:29.050,14.041,32.741,42.268,93.789,1:22:21.563,89050,0,0,3
2020,11_Charlotte Motor Speedway,Charlotte Motor Speedway,charlotte-motor-speedway,2020-10-10,202010102105_Race,16,51,2,Patrick Long,1:29.316,14.169,32.690,42.457,93.510,1:23:50.879,89316,0,0,3
2020,11_Charlotte Motor Speedway,Charlotte Motor Speedway,charlotte-motor-speedway,2020-10-10,202010102105_Race,16,52,2,Patrick Long,1:29.423,14.122,32.819,42.482,93.398,1:25:20.302,89423,0,0,3
2020,11_Charlotte Motor Speedway,Charlotte Motor Speedway,charlotte-motor-speedway,2020-10-10,202010102105_Race,16,53,2,Patrick Long,1:29.106,14.079,32.783,42.244,93.730,1:26:49.408,89106,0,0,3
2020,11_Charlotte Motor Speedway,Charlotte Motor Speedway,charlotte-motor-speedway,2020-10-10,202010102105_Race,16,54,2,Patrick Long,1:30.406,14.028,32.916,43.462,92.383,1:28:19.814,90406,0,0,3
2020,11_Charlotte Motor Speedway,Charlotte Motor Speedway,charlotte-motor-speedway,2020-10-10,202010102105_Race,16,55,2,Patrick Long,1:36.159,15.219,35.469,45.471,86.855,1:29:55.973,96159,0,0,3
2020,11_Charlotte Motor Speedway,Charlotte Motor Speedway,charlotte-motor-speedway,2020-10-10,202010102105_Race,16,56,2,Patrick Long,2:09.807,15.209,35.821,1:18.777,64.341,1:32:05.780,129807,0,0,3
2020,11_Charlotte Motor Speedway,Charlotte Motor Speedway,charlotte-motor-speedway,2020-10-10,202010102105_Race,16,57,2,Patrick Long,2:17.478,21.346,46.616,1:09.516,60.751,1:34:23.258,137478,0,0,3
2020,11_Charlotte Motor Speedway,Charlotte Motor Speedway,charlotte-motor-speedway,2020-10-10,202010102105_Race,16,58,2,Patrick Long,1:29.061,14.117,32.878,42.066,93.778,1:35:52.319,89061,0,0,3
2020,11_Charlotte Motor Speedway,Charlotte Motor Speedway,charlotte-motor-speedway,2020-10-10,202010102105_Race,16,59,2,Patrick Long,1:28.485,13.863,32.533,42.089,94.388,1:37:20.804,88485,0,0,3
2020,11_Charlotte Motor Speedway,Charlotte Motor Speedway,charlotte-motor-speedway,2020-10-10,202010102105_Race,16,60,2,Patrick Long,1:28.976,13.850,32.898,42.228,93.867,1:38:49.780,88976,0,0,3
2020,11_Charlotte Motor Speedway,Charlotte Motor Speedway,charlotte-motor-speedway,2020-10-10,202010102105_Race,16,61,2,Patrick Long,1:29.996,13.984,33.218,42.794,92.803,1:40:19.776,89996,0,0,3
2020,11_Charlotte Motor Speedway,Charlotte Motor Speedway,charlotte-motor-speedway,2020-10-10,202010102105_Race,22,1,1,Till Bechtolsheimer,1:42.159,19.232,37.446,45.481,81.754,1:42.159,,,0,3
2020,11_Charlotte Motor Speedway,Charlotte Motor Speedway,charlotte-motor-speedway,2020-10-10,202010102105_Race,22,2,1,Till Bechtolsheimer,1:36.741,16.247,35.538,44.956,86.333,3:18.900,96741,0,0,3
2020,11_Charlotte Motor Speedway,Charlotte Motor Speedway,charlotte-motor-speedway,2020-10-10,202010102105_Race,22,3,1,Till Bechtolsheimer,1:36.230,15.744,36.010,44.476,86.791,4:55.130,96230,0,0,3
2020,11_Charlotte Motor Speedway,Charlotte Motor Speedway,charlotte-motor-speedway,2020-10-10,202010102105_Race,22,4,1,Till Bechtolsheimer,1:37.999,15.194,36.647,46.158,85.225,6:33.129,97999,0,0,3
2020,11_Charlotte Motor Speedway,Charlotte Motor Speedway,charlotte-motor-speedway,2020-10-10,202010102105_Race,22,5,1,Till Bechtolsheimer,1:37.245,15.818,36.108,45.319,85.885,8:10.374,97245,0,0,3
2020,11_Charlotte Motor Speedway,Charlotte Motor Speedway,charlotte-motor-speedway,2020-10-10,202010102105_Race,22,6,1,Till Bechtolsheimer,1:36.648,15.392,36.508,44.748,86.416,9:47.022,96648,0,0,3
2020,11_Charlotte Motor Speedway,Charlotte Motor Speedway,charlotte-motor-speedway,2020-10-10,202010102105_Race,22,7,1,Till Bechtolsheimer,1:47.240,17.507,40.367,49.366,77.881,11:34.262,107240,0,0,3
2020,11_Charlotte Motor Speedway,Charlotte Motor Speedway,charlotte-motor-speedway,2020-10-10,202010102105_Race,22,8,1,Till Bechtolsheimer,2:06.672,20.206,39.604,1:06.862,65.933,13:40.934,126672,0,0,3
2020,11_Charlotte Motor Speedway,Charlotte Motor Speedway,charlotte-motor-speedway,2020-10-10,202010102105_Race,22,9,1,Till Bechtolsheimer,2:26.439,26.291,48.428,1:11.720,57.033,16:07.373,146439,0,0,3
2020,11_Charlotte Motor Speedway,Charlotte Motor Speedway,charlotte-motor-speedway,2020-10-10,202010102105_Race,23,1,1,Ian James,1:44.365,20.796,38.183,45.386,80.026,1:44.365,,,0,3
2020,11_Charlotte Motor Speedway,Charlotte Motor Speedway,charlotte-motor-speedway,2020-10-10,202010102105_Race,23,2,1,Ian James,1:36.569,15.758,35.703,45.108,86.487,3:20.934,96569,0,0,3
2020,11_Charlotte Motor Speedway,Charlotte Motor Speedway,charlotte-motor-speedway,2020-10-10,202010102105_Race,23,3,1,Ian James,1:35.713,15.774,35.307,44.632,87.260,4:56.647,95713,0,0,3
2020,11_Charlotte Motor Speedway,Charlotte Motor Speedway,charlotte-motor-speedway,2020-10-10,202010102105_Race,23,4,1,Ian James,1:37.962,16.359,35.460,46.143,85.257,6:34.609,97962,0,0,3
2020,11_Charlotte Motor Speedway,Charlotte Motor Speedway,charlotte-motor-speedway,2020-10-10,202010102105_Race,23,5,1,Ian James,1:38.642,16.598,36.671,45.373,84.669,8:13.251,98642,0,0,3
2020,11_Charlotte Motor Speedway,Charlotte Motor Speedway,charlotte-motor-speedway,2020-10-10,202010102105_Race,23,6,1,Ian James,1:38.268,16.245,36.176,45.847,84.991,9:51.519,98268,0,0,3
2020,11_Charlotte Motor Speedway,Charlotte Motor Speedway,charlotte-motor-speedway,2020-10-10,202010102105_Race,23,7,1,Ian James,1:55.249,18.178,42.289,54.782,72.468,11:46.768,115249,0,0,3
2020,11_Charlotte Motor Speedway,Charlotte Motor Speedway,charlotte-motor-speedway,2020-10-10,202010102105_Race,23,8,1,Ian James,2:00.365,19.019,41.017,1:00.329,69.388,13:47.133,120365,0,0,3
2020,11_Charlotte Motor Speedway,Charlotte Motor Speedway,charlotte-motor-speedway,2020-10-10,202010102105_Race,23,9,1,Ian James,2:23.708,24.379,48.316,1:11.013,58.117,16:10.841,143708,0,0,3
2020,11_Charlotte Motor Speedway,Charlotte Motor Speedway,charlotte-motor-speedway,2020-10-10,202010102105_Race,23,10,1,Ian James,1:50.906,17.952,40.394,52.560,75.306,18:01.747,110906,0,0,3
2020,11_Charlotte Motor Speedway,Charlotte Motor Speedway,charlotte-motor-speedway,2020-10-10,202010102105_Race,23,11,1,Ian James,2:20.879,21.818,42.472,1:16.589,59.284,20:22.626,140879,0,0,3
2020,11_Charlotte Motor Speedway,Charlotte Motor Speedway,charlotte-motor-speedway,2020-10-10,202010102105_Race,23,12,1,Ian James,2:34.339,25.852,47.036,1:21.451,54.114,22:56.965,154339,0,0,3
2020,11_Charlotte Motor Speedway,Charlotte Motor Speedway,charlotte-motor-speedway,2020-10-10,202010102105_Race,23,13,1,Ian James,2:36.374,24.898,47.231,1:24.245,53.410,25:33.339,156374,0,0,3
2020,11_Charlotte Motor Speedway,Charlotte Motor Speedway,charlotte-motor-speedway,2020-10-10,202010102105_Race,23,14,1,Ian James,2:16.706,21.594,46.331,1:08.781,61.094,27:50.045,136706,0,0,3
2020,11_Charlotte Motor Speedway,Charlotte Motor Speedway,charlotte-motor-speedway,2020-10-10,202010102105_Race,23,15,1,Ian James,1:35.470,15.968,35.616,43.886,87.482,29:25.515,95470,0,0,3
2020,11_Charlotte Motor Speedway,Charlotte Motor Speedway,charlotte-motor-speedway,2020-10-10,202010102105_Race,23,16,1,Ian James,2:11.527,15.716,34.723,1:21.088,63.500,31:37.042,131527,0,1,3
2020,11_Charlotte Motor Speedway,Charlotte Motor Speedway,charlotte-motor-speedway,2020-10-10,202010102105_Race,23,17,2,Roman De Angelis,1:39.728,21.091,34.992,43.645,83.747,33:16.770,99728,0,0,3
2020,11_Charlotte Motor Speedway,Charlotte Motor Speedway,charlotte-motor-speedway,2020-10-10,202010102105_Race,23,18,2,Roman De Angelis,1:31.668,14.448,33.929,43.291,91.111,34:48.438,91668,0,0,3
2020,11_Charlotte Motor Speedway,Charlotte Motor Speedway,charlotte-motor-speedway,2020-10-10,202010102105_Race,23,19,2,Roman De Angelis,1:33.559,14.326,35.751,43.482,89.269,36:21.997,93559,0,0,4
2020,11_Charlotte Motor Speedway,Charlotte Motor Speedway,charlotte-motor-speedway,2020-10-10,202010102105_Race,23,20,2,Roman De Angelis,1:31.677,14.470,33.826,43.381,91.102,37:53.674,91677,0,0,4
2020,11_Charlotte Motor Speedway,Charlotte Motor Speedway,charlotte-motor-speedway,2020-10-10,202010102105_Race,23,21,2,Roman De Angelis,1:31.328,14.328,33.633,43.367,91.450,39:25.002,91328,0,0,4
2020,11_Charlotte Motor Speedway,Charlotte Motor Speedway,charlotte-motor-speedway,2020-10-10,202010102105_Race,23,22,2,Roman De Angelis,1:30.914,14.308,33.407,43.199,91.866,40:55.916,90914,0,0,4
2020,11_Charlotte Motor Speedway,Charlotte Motor Speedway,charlotte-motor-speedway,2020-10-10,202010102105_Race,23,23,2,Roman De Angelis,1:30.442,14.195,33.249,42.998,92.346,42:26.358,90442,0,0,4
2020,11_Charlotte Motor Speedway,Charlotte Motor Speedway,charlotte-motor-speedway,2020-10-10,202010102105_Race,23,24,2,Roman De Angelis,1:29.925,14.156,32.848,42.921,92.877,43:56.283,89925,0,0,4
2020,11_Charlotte Motor Speedway,Charlotte Motor Speedway,charlotte-motor-speedway,2020-10-10,202010102105_Race,23,25,2,Roman De Angelis,1:30.799,14.066,33.189,43.544,91.983,45:27.082,90799,0,0,4
2020,11_Charlotte Motor Speedway,Charlotte Motor Speedway,charlotte-motor-speedway,2020-10-10,202010102105_Race,23,26,2,Roman De Angelis,1:31.727,15.321,33.259,43.147,91.052,46:58.809,91727,0,0,4
2020,11_Charlotte Motor Speedway,Charlotte Motor Speedway,charlotte-motor-speedway,2020-10-10,202010102105_Race,23,27,2,Roman De Angelis,1:30.526,14.089,33.575,42.862,92.260,48:29.335,90526,0,0,4
2020,11_Charlotte Motor Speedway,Charlotte Motor Speedway,charlotte-motor-speedway,2020-10-10,202010102105_Race,23,28,2,Roman De Angelis,1:29.884,14.127,33.040,42.717,92.919,49:59.219,89884,0,0,4
2020,11_Charlotte Motor Speedway,Charlotte Motor Speedway,charlotte-motor-speedway,2020-10-10,202010102105_Race,23,29,2,Roman De Angelis,1:29.554,14.093,32.872,42.589,93.261,51:28.773,89554,0,0,4
2020,11_Charlotte Motor Speedway,Charlotte Motor Speedway,charlotte-motor-speedway,2020-10-10,202010102105_Race,23,30,2,Roman De Angelis,1:29.605,14.106,32.767,42.732,93.208,52:58.378,89605,0,0,4
2020,11_Charlotte Motor Speedway,Charlotte Motor Speedway,charlotte-motor-speedway,2020-10-10,202010102105_Race,23,31,2,Roman De Angelis,1:29.419,14.051,32.950,42.418,93.402,54:27.797,89419,0,0,4
2020,11_Charlotte Motor Speedway,Charlotte Motor Speedway,charlotte-motor-speedway,2020-10-10,202010102105_Race,23,32,2,Roman De Angelis,1:29.164,14.038,32.740,42.386,93.669,55:56.961,89164,0,0,4
2020,11_Charlotte Motor Speedway,Charlotte Motor Speedway,charlotte-motor-speedway,2020-10-10,202010102105_Race,23,33,2,Roman De Angelis,1:29.333,14.142,32.817,42.374,93.492,57:26.294,89333,0,0,4
2020,11_Charlotte Motor Speedway,Charlotte Motor Speedway,charlotte-motor-speedway,2020-10-10,202010102105_Race,23,34,2,Roman De Angelis,1:29.298,14.032,32.782,42.484,93.529,58:55.592,89298,0,0,4
2020,11_Charlotte Motor Speedway,Charlotte Motor Speedway,charlotte-motor-speedway,2020-10-10,202010102105_Race,23,35,2,Roman De Angelis,1:29.587,14.012,33.243,42.332,93.227,1:00:25.179,89587,0,0,4
2020,11_Charlotte Motor Speedway,Charlotte Motor Speedway,charlotte-motor-speedway,2020-10-10,202010102105_Race,23,36,2,Roman De Angelis,1:29.372,14.015,32.629,42.728,93.451,1:01:54.551,89372,0,0,4
2020,11_Charlotte Motor Speedway,Charlotte Motor Speedway,charlotte-motor-speedway,2020-10-10,202010102105_Race,23,37,2,Roman De Angelis,1:29.078,14.041,32.604,42.433,93.760,1:03:23.629,89078,0,0,4
2020,11_Charlotte Motor Speedway,Charlotte Motor Speedway,charlotte-motor-speedway,2020-10-10,202010102105_Race,23,38,2,Roman De Angelis,1:29.148,14.017,32.728,42.403,93.686,1:04:52.777,89148,0,0,4
2020,11_Charlotte Motor Speedway,Charlotte Motor Speedway,charlotte-motor-speedway,2020-10-10,202010102105_Race,23,39,2,Roman De Angelis,1:29.057,13.987,32.654,42.416,93.782,1:06:21.834,89057,0,0,4
2020,11_Charlotte Motor Speedway,Charlotte Motor Speedway,charlotte-motor-speedway,2020-10-10,202010102105_Race,23,40,2,Roman De Angelis,1:29.490,14.049,32.857,42.584,93.328,1:07:51.324,89490,0,0,4
2020,11_Charlotte Motor Speedway,Charlotte Motor Speedway,charlotte-motor-speedway,2020-10-10,202010102105_Race,23,41,2,Roman De Angelis,1:29.213,14.099,32.805,42.309,93.618,1:09:20.537,89213,0,0,4
2020,11_Charlotte Motor Speedway,Charlotte Motor Speedway,charlotte-motor-speedway,2020-10-10,202010102105_Race,23,42,2,Roman De Angelis,1:29.316,14.065,32.838,42.413,93.510,1:10:49.853,89316,0,0,4
2020,11_Charlotte Motor Speedway,Charlotte Motor Speedway,charlotte-motor-speedway,2020-10-10,202010102105_Race,23,43,2,Roman De Angelis,1:29.232,14.051,32.886,42.295,93.598,1:12:19.085,89232,0,0,4
2020,11_Charlotte Motor Speedway,Charlotte Motor Speedway,charlotte-motor-speedway,2020-10-10,202010102105_Race,23,44,2,Roman De Angelis,1:29.100,14.067,32.783,42.250,93.737,1:13:48.185,89100,0,0,4
2020,11_Charlotte Motor Speedway,Charlotte Motor Speedway,charlotte-motor-speedway,2020-10-10,202010102105_Race,23,45,2,Roman De Angelis,1:29.634,14.167,33.182,42.285,93.178,1:15:17.819,89634,0,0,4
2020,11_Charlotte Motor Speedway,Charlotte Motor Speedway,charlotte-motor-speedway,2020-10-10,202010102105_Race,23,46,2,Roman De Angelis,1:29.619,14.180,33.260,42.179,93.194,1:16:47.438,89619,0,0,4
2020,11_Charlotte Motor Speedway,Charlotte Motor Speedway,charlotte-motor-speedway,2020-10-10,202010102105_Race,23,47,2,Roman De Angelis,1:29.393,14.083,33.058,42.252,93.429,1:18:16.831,89393,0,0,4
2020,11_Charlotte Motor Speedway,Charlotte Motor Speedway,charlotte-motor-speedway,2020-10-10,202010102105_Race,23,48,2,Roman De Angelis,1:29.365,14.129,33.139,42.097,93.459,1:19:46.196,89365,0,0,4
2020,11_Charlotte Motor Speedway,Charlotte Motor Speedway,charlotte-motor-speedway,2020-10-10,202010102105_Race,23,49,2,Roman De Angelis,1:29.330,14.090,33.042,42.198,93.495,1:21:15.526,89330,0,0,4
2020,11_Charlotte Motor Speedway,Charlotte Motor Speedway,charlotte-motor-speedway,2020-10-10,202010102105_Race,23,50,2,Roman De Angelis,1:30.100,14.119,33.274,42.707,92.696,1:22:45.626,90100,0,0,4
2020,11_Charlotte Motor Speedway,Charlotte Motor Speedway,charlotte-motor-speedway,2020-10-10,202010102105_Race,23,51,2,Roman De Angelis,1:30.033,14.315,33.214,42.504,92.765,1:24:15.659,90033,0,0,4
2020,11_Charlotte Motor Speedway,Charlotte Motor Speedway,charlotte-motor-speedway,2020-10-10,202010102105_Race,23,52,2,Roman De Angelis,1:29.756,14.177,33.283,42.296,93.052,1:25:45.415,89756,0,0,4
2020,11_Charlotte Motor Speedway,Charlotte Motor Speedway,charlotte-motor-speedway,2020-10-10,202010102105_Race,23,53,2,Roman De Angelis,1:29.873,14.178,33.175,42.520,92.930,1:27:15.288,89873,0,0,4
2020,11_Charlotte Motor Speedway,Charlotte Motor Speedway,charlotte-motor-speedway,2020-10-10,202010102105_Race,23,54,2,Roman De Angelis,1:35.567,14.191,33.423,47.953,87.393,1:28:50.855,95567,0,0,4
2020,11_Charlotte Motor Speedway,Charlotte Motor Speedway,charlotte-motor-speedway,2020-10-10,202010102105_Race,23,55,2,Roman De Angelis,1:35.701,15.223,35.343,45.135,87.271,1:30:26.556,95701,0,0,4
2020,11_Charlotte Motor Speedway,Charlotte Motor Speedway,charlotte-motor-speedway,2020-10-10,202010102105_Race,23,56,2,Roman De Angelis,1:46.046,14.772,34.381,56.893,78.758,1:32:12.602,106046,0,0,4
2020,11_Charlotte Motor Speedway,Charlotte Motor Speedway,charlotte-motor-speedway,2020-10-10,202010102105_Race,23,57,2,Roman De Angelis,2:14.393,20.207,45.096,1:09.090,62.145,1:34:26.995,134393,0,0,4
2020,11_Charlotte Motor Speedway,Charlotte Motor Speedway,charlotte-motor-speedway,2020-10-10,202010102105_Race,23,58,2,Roman De Angelis,1:31.920,14.406,34.268,43.246,90.861,1:35:58.915,91920,0,0,4
2020,11_Charlotte Motor Speedway,Charlotte Motor Speedway,charlotte-motor-speedway,2020-10-10,202010102105_Race,23,59,2,Roman De Angelis,1:30.226,14.443,33.211,42.572,92.567,1:37:29.141,90226,0,0,4
2020,11_Charlotte Motor Speedway,Charlotte Motor Speedway,charlotte-motor-speedway,2020-10-10,202010102105_Race,23,60,2,Roman De Angelis,1:29.054,13.916,33.050,42.088,93.785,1:38:58.195,89054,0,0,4
2020,11_Charlotte Motor Speedway,Charlotte Motor Speedway,charlotte-motor-speedway,2020-10-10,202010102105_Race,23,61,2,Roman De Angelis,1:29.718,13.917,33.023,42.778,93.091,1:40:27.913,89718,0,0,4
2020,11_Charlotte Motor Speedway,Charlotte Motor Speedway,charlotte-motor-speedway,2020-10-10,202010102105_Race,24,1,1,Jesse Krohn,1:33.580,16.134,34.569,42.877,89.249,1:33.580,,,0,4
2020,11_Charlotte Motor Speedway,Charlotte Motor Speedway,charlotte-motor-speedway,2020-10-10,202010102105_Race,24,2,1,Jesse Krohn,1:32.190,15.350,33.347,43.493,90.595,3:05.770,92190,0,0,4
2020,11_Charlotte Motor Speedway,Charlotte Motor Speedway,charlotte-motor-speedway,2020-10-10,202010102105_Race,24,3,1,Jesse Krohn,1:30.445,14.485,32.826,43.134,92.343,4:36.215,90445,0,0,4
2020,11_Charlotte Motor Speedway,Charlotte Motor Speedway,charlotte-motor-speedway,2020-10-10,202010102105_Race,24,4,1,Jesse Krohn,1:31.411,14.795,33.089,43.527,91.367,6:07.626,91411,0,0,4
2020,11_Charlotte Motor Speedway,Charlotte Motor Speedway,charlotte-motor-speedway,2020-10-10,202010102105_Race,24,5,1,Jesse Krohn,1:32.668,15.108,33.521,44.039,90.127,7:40.294,92668,0,0,4
2020,11_Charlotte Motor Speedway,Charlotte Motor Speedway,charlotte-motor-speedway,2020-10-10,202010102105_Race,24,6,1,Jesse Krohn,1:33.348,15.390,34.001,43.957,89.471,9:13.642,93348,0,0,4
2020,11_Charlotte Motor Speedway,Charlotte Motor Speedway,charlotte-motor-speedway,2020-10-10,202010102105_Race,24,7,1,Jesse Krohn,1:44.735,15.203,34.434,55.098,79.743,10:58.377,104735,0,0,4
2020,11_Charlotte Motor Speedway,Charlotte Motor Speedway,charlotte-motor-speedway,2020-10-10,202010102105_Race,24,8,1,Jesse Krohn,2:35.171,17.516,56.468,1:21.187,53.824,13:33.548,155171,0,0,4
2020,11_Charlotte Motor Speedway,Charlotte Motor Speedway,charlotte-motor-speedway,2020-10-10,202010102105_Race,24,9,1,Jesse Krohn,2:29.577,25.209,51.149,1:13.219,55.837,16:03.125,149577,0,0,4
2020,11_Charlotte Motor Speedway,Charlotte Motor Speedway,charlotte-motor-speedway,2020-10-10,202010102105_Race,24,10,1,Jesse Krohn,1:42.711,15.499,34.777,52.435,81.315,17:45.836,102711,0,0,4
2020,11_Charlotte Motor Speedway,Charlotte Motor Speedway,charlotte-motor-speedway,2020-10-10,202010102105_Race,24,11,1,Jesse Krohn,2:53.368,20.844,48.523,1:44.001,48.174,20:39.204,173368,0,1,4
2020,11_Charlotte Motor Speedway,Charlotte Motor Speedway,charlotte-motor-speedway,2020-10-10,202010102105_Race,24,12,2,John Edwards,2:22.616,23.481,40.182,1:18.953,58.562,23:01.820,142616,0,0,4
2020,11_Charlotte Motor Speedway,Charlotte Motor Speedway,charlotte-motor-speedway,2020-10-10,202010102105_Race,24,13,2,John Edwards,2:20.252,25.573,41.700,1:12.979,59.549,25:22.072,140252,0,0,4
2020,11_Charlotte Motor Speedway,Charlotte Motor Speedway,charlotte-motor-speedway,2020-10-10,202010102105_Race,24,14,2,John Edwards,2:22.007,23.859,47.242,1:10.906,58.813,27:44.079,142007,0,0,4
2020,11_Charlotte Motor Speedway,Charlotte Motor Speedway,charlotte-motor-speedway,2020-10-10,202010102105_Race,24,15,2,John Edwards,1:29.648,14.183,32.951,42.514,93.164,29:13.727,89648,0,0,4
2020,11_Charlotte Motor Speedway,Charlotte Motor Speedway,charlotte-motor-speedway,2020-10-10,202010102105_Race,24,16,2,John Edwards,1:28.398,13.845,32.316,42.237,94.481,30:42.125,88398,0,0,4
2020,11_Charlotte Motor Speedway,Charlotte Motor Speedway,charlotte-motor-speedway,2020-10-10,202010102105_Race,24,17,2,John Edwards,1:28.611,14.186,32.395,42.030,94.254,32:10.736,88611,0,0,4
2020,11_Charlotte Motor Speedway,Charlotte Motor Speedway,charlotte-motor-speedway,2020-10-10,202010102105_Race,24,18,2,John Edwards,1:28.376,13.958,32.325,42.093,94.505,33:39.112,88376,0,0,4
2020,11_Charlotte Motor Speedway,Charlotte Motor Speedway,charlotte-motor-speedway,2020-10-10,202010102105_Race,24,19,2,John Edwards,1:28.520,13.938,32.571,42.011,94.351,35:07.632,88520,0,0,4
2020,11_Charlotte Motor Speedway,Charlotte Motor Speedway,charlotte-motor-speedway,2020-10-10,202010102105_Race,24,20,2,John Edwards,1:28.635,14.231,32.657,41.747,94.228,36:36.267,88635,0,0,4
2020,11_Charlotte Motor Speedway,Charlotte Motor Speedway,charlotte-motor-speedway,2020-10-10,202010102105_Race,24,21,2,John Edwards,1:27.945,13.801,32.284,41.860,94.968,38:04.212,87945,0,0,4
2020,11_Charlotte Motor Speedway,Charlotte Motor Speedway,charlotte-motor-speedway,2020-10-10,202010102105_Race,24,22,2,John Edwards,1:27.710,13.754,32.224,41.732,95.222,39:31.922,87710,0,0,4
2020,11_Charlotte Motor Speedway,Charlotte Motor Speedway,charlotte-motor-speedway,2020-10-10,202010102105_Race,24,23,2,John Edwards,1:28.583,13.899,32.484,42.200,94.284,41:00.505,88583,0,0,4
2020,11_Charlotte Motor Speedway,Charlotte Motor Speedway,charlotte-motor-speedway,2020-10-10,202010102105_Race,24,24,2,John Edwards,1:29.134,13.897,32.926,42.311,93.701,42:29.639,89134,0,0,4
2020,11_Charlotte Motor Speedway,Charlotte Motor Speedway,charlotte-motor-speedway,2020-10-10,202010102105_Race,24,25,2,John Edwards,1:28.444,13.867,32.642,41.935,94.432,43:58.083,88444,0,0,4
2020,11_Charlotte Motor Speedway,Charlotte Motor Speedway,charlotte-motor-speedway,2020-10-10,202010102105_Race,24,26,2,John Edwards,1:27.952,13.742,32.363,41.847,94.960,45:26.035,87952,0,0,4
2020,11_Charlotte Motor Speedway,Charlotte Motor Speedway,charlotte-motor-speedway,2020-10-10,202010102105_Race,24,27,2,John Edwards,1:27.382,13.669,32.263,41.450,95.580,46:53.417,87382,0,0,4
2020,11_Charlotte Motor Speedway,Charlotte Motor Speedway,charlotte-motor-speedway,2020-10-10,202010102105_Race,24,28,2,John Edwards,1:27.544,13.646,32.529,41.369,95.403,48:20.961,87544,0,0,4
2020,11_Charlotte Motor Speedway,Charlotte Motor Speedway,charlotte-motor-speedway,2020-10-10,202010102105_Race,24,29,2,John Edwards,1:27.980,13.592,32.332,42.056,94.930,49:48.941,87980,0,0,4
2020,11_Charlotte Motor Speedway,Charlotte Motor Speedway,charlotte-motor-speedway,2020-10-10,202010102105_Race,24,30,2,John Edwards,1:27.069,13.714,32.481,40.874,95.923,51:16.010,87069,0,0,4
2020,11_Charlotte Motor Speedway,Charlotte Motor Speedway,charlotte-motor-speedway,2020-10-10,202010102105_Race,24,31,2,John Edwards,1:27.089,13.659,32.447,40.983,95.901,52:43.099,87089,0,0,4
2020,11_Charlotte Motor Speedway,Charlotte Motor Speedway,charlotte-motor-speedway,2020-10-10,202010102105_Race,24,32,2,John Edwards,1:27.266,13.709,32.341,41.216,95.707,54:10.365,87266,0,0,4
2020,11_Charlotte Motor Speedway,Charlotte Motor Speedway,charlotte-motor-speedway,2020-10-10,202010102105_Race,24,33,2,John Edwards,1:27.509,13.666,32.463,41.380,95.441,55:37.874,87509,0,0,4
2020,11_Charlotte Motor Speedway,Charlotte Motor Speedway,charlotte-motor-speedway,2020-10-10,202010102105_Race,24,34,2,John Edwards,1:27.681,13.739,32.349,41.593,95.254,57:05.555,87681,0,0,4
2020,11_Charlotte Motor Speedway,Charlotte Motor Speedway,charlotte-motor-speedway,2020-10-10,202010102105_Race,24,35,2,John Edwards,1:27.799,13.743,32.636,41.420,95.126,58:33.354,87799,0,0,4
2020,11_Charlotte Motor Speedway,Charlotte Motor Speedway,charlotte-motor-speedway,2020-10-10,202010102105_Race,24,36,2,John Edwards,1:27.014,13.686,32.360,40.968,95.984,1:00:00.368,87014,0,0,4
2020,11_Charlotte Motor Speedway,Charlotte Motor Speedway,charlotte-motor-speedway,2020-10-10,202010102105_Race,24,37,2,John Edwards,1:27.094,13.593,32.624,40.877,95.896,1:01:27.462,87094,0,0,4
2020,11_Charlotte Motor Speedway,Charlotte Motor Speedway,charlotte-motor-speedway,2020-10-10,202010102105_Race,24,38,2,John Edwards,1:27.061,13.703,32.480,40.878,95.932,1:02:54.523,87061,0,0,4
2020,11_Charlotte Motor Speedway,Charlotte Motor Speedway,charlotte-motor-speedway,2020-10-10,202010102105_Race,24,39,2,John Edwards,1:27.534,13.804,32.578,41.152,95.414,1:04:22.057,87534,0,0,4
2020,11_Charlotte Motor Speedway,Charlotte Motor Speedway,charlotte-motor-speedway,2020-10-10,202010102105_Race,24,40,2,John Edwards,1:27.140,13.710,32.453,40.977,95.845,1:05:49.197,87140,0,0,4
2020,11_Charlotte Motor Speedway,Charlotte Motor Speedway,charlotte-motor-speedway,2020-10-10,202010102105_Race,24,41,2,John Edwards,1:26.894,13.644,32.581,40.669,96.116,1:07:16.091,86894,0,0,4
2020,11_Charlotte Motor Speedway,Charlotte Motor Speedway,charlotte-motor-speedway,2020-10-10,202010102105_Race,24,42,2,John Edwards,1:27.229,13.694,32.663,40.872,95.747,1:08:43.320,87229,0,0,4
2020,11_Charlotte Motor Speedway,Charlotte Motor Speedway,charlotte-motor-speedway,2020-10-10,202010102105_Race,24,43,2,John Edwards,1:27.286,13.874,32.662,40.750,95.685,1:10:10.606,87286,0,0,4
2020,11_Charlotte Motor Speedway,Charlotte Motor Speedway,charlotte-motor-speedway,2020-10-10,202010102105_Race,24,44,2,John Edwards,1:27.443,13.722,32.552,41.169,95.513,1:11:38.049,87443,0,0,4
2020,11_Charlotte Motor Speedway,Charlotte Motor Speedway,charlotte-motor-speedway,2020-10-10,202010102105_Race,24,45,2,John Edwards,1:27.989,13.806,32.785,41.398,94.920,1:13:06.038,87989,0,0,4
2020,11_Charlotte Motor Speedway,Charlotte Motor Speedway,charlotte-motor-speedway,2020-10-10,202010102105_Race,24,46,2,John Edwards,1:27.289,13.861,32.644,40.784,95.681,1:14:33.327,87289,0,0,4
2020,11_Charlotte Motor Speedway,Charlotte Motor Speedway,charlotte-motor-speedway,2020-10-10,202010102105_Race,24,47,2,John Edwards,1:28.768,13.743,33.370,41.655,94.087,1:16:02.095,88768,0,0,4
2020,11_Charlotte Motor Speedway,Charlotte Motor Speedway,charlotte-motor-speedway,2020-10-10,202010102105_Race,24,48,2,John Edwards,1:28.067,13.742,32.905,41.420,94.836,1:17:30.162,88067,0,0,4
2020,11_Charlotte Motor Speedway,Charlotte Motor Speedway,charlotte-motor-speedway,2020-10-10,202010102105_Race,24,49,2,John Edwards,1:27.659,13.795,32.954,40.910,95.278,1:18:57.821,87659,0,0,4
2020,11_Charlotte Motor Speedway,Charlotte Motor Speedway,charlotte-motor-speedway,2020-10-10,202010102105_Race,24,50,2,John Edwards,1:27.870,13.895,32.905,41.070,95.049,1:20:25.691,87870,0,0,4
2020,11_Charlotte Motor Speedway,Charlotte Motor Speedway,charlotte-motor-speedway,2020-10-10,202010102105_Race,24,51,2,John Edwards,1:27.950,13.880,32.872,41.198,94.962,1:21:53.641,87950,0,0,4
2020,11_Charlotte Motor Speedway,Charlotte Motor Speedway,charlotte-motor-speedway,2020-10-10,202010102105_Race,24,52,2,John Edwards,1:28.047,13.765,32.968,41.314,94.858,1:23:21.688,88047,0,0,4
2020,11_Charlotte Motor Speedway,Charlotte Motor Speedway,charlotte-motor-speedway,2020-10-10,202010102105_Race,24,53,2,John Edwards,1:28.069,13.870,33.009,41.190,94.834,1:24:49.757,88069,0,0,4
2020,11_Charlotte Motor Speedway,Charlotte Motor Speedway,charlotte-motor-speedway,2020-10-10,202010102105_Race,24,54,2,John Edwards,1:28.388,13.922,33.000,41.466,94.492,1:26:18.145,88388,0,0,4
2020,11_Charlotte Motor Speedway,Charlotte Motor Speedway,charlotte-motor-speedway,2020-10-10,202010102105_Race,24,55,2,John Edwards,1:28.188,13.827,33.092,41.269,94.706,1:27:46.333,88188,0,0,4
2020,11_Charlotte Motor Speedway,Charlotte Motor Speedway,charlotte-motor-speedway,2020-10-10,202010102105_Race,24,56,2,John Edwards,1:51.067,13.859,36.971,1:00.237,75.197,1:29:37.400,111067,0,0,4
2020,11_Charlotte Motor Speedway,Charlotte Motor Speedway,charlotte-motor-speedway,2020-10-10,202010102105_Race,24,57,2,John Edwards,2:24.494,17.784,46.435,1:20.275,57.801,1:32:01.894,144494,0,0,4
2020,11_Charlotte Motor Speedway,Charlotte Motor Speedway,charlotte-motor-speedway,2020-10-10,202010102105_Race,24,58,2,John Edwards,2:15.655,22.113,46.518,1:07.024,61.567,1:34:17.549,135655,0,0,4
2020,11_Charlotte Motor Speedway,Charlotte Motor Speedway,charlotte-motor-speedway,2020-10-10,202010102105_Race,24,59,2,John Edwards,1:27.781,13.878,32.814,41.089,95.145,1:35:45.330,87781,0,0,4
2020,11_Charlotte Motor Speedway,Charlotte Motor Speedway,charlotte-motor-speedway,2020-10-10,202010102105_Race,24,60,2,John Edwards,1:28.338,13.791,33.324,41.223,94.545,1:37:13.668,88338,0,0,4
2020,11_Charlotte Motor Speedway,Charlotte Motor Speedway,charlotte-motor-speedway,2020-10-10,202010102105_Race,24,61,2,John Edwards,1:27.661,13.812,32.806,41.043,95.275,1:38:41.329,87661,0,0,4
2020,11_Charlotte Motor Speedway,Charlotte Motor Speedway,charlotte-motor-speedway,2020-10-10,202010102105_Race,24,62,2,John Edwards,1:28.315,13.753,32.826,41.736,94.570,1:40:09.644,88315,0,0,4
2020,11_Charlotte Motor Speedway,Charlotte Motor Speedway,charlotte-motor-speedway,2020-10-10,202010102105_Race,25,1,1,Bruno Spengler,1:39.124,16.113,35.088,47.923,84.257,1:39.124,,,0,4
2020,11_Charlotte Motor Speedway,Charlotte Motor Speedway,charlotte-motor-speedway,2020-10-10,202010102105_Race,25,2,1,Bruno Spengler,1:38.721,15.783,33.880,49.058,84.601,3:17.845,98721,0,0,4
2020,11_Charlotte Motor Speedway,Charlotte Motor Speedway,charlotte-motor-speedway,2020-10-10,202010102105_Race,25,3,1,Bruno Spengler,1:34.359,15.900,34.312,44.147,88.512,4:52.204,94359,0,0,4
2020,11_Charlotte Motor Speedway,Charlotte Motor Speedway,charlotte-motor-speedway,2020-10-10,202010102105_Race,25,4,1,Bruno Spengler,1:33.469,15.074,35.108,43.287,89.355,6:25.673,93469,0,0,4
2020,11_Charlotte Motor Speedway,Charlotte Motor Speedway,charlotte-motor-speedway,2020-10-10,202010102105_Race,25,5,1,Bruno Spengler,1:34.577,15.068,34.473,45.036,88.308,8:00.250,94577,0,0,4
2020,11_Charlotte Motor Speedway,Charlotte Motor Speedway,charlotte-motor-speedway,2020-10-10,202010102105_Race,25,6,1,Bruno Spengler,1:38.077,15.213,35.166,47.698,85.157,9:38.327,98077,0,0,5
2020,11_Charlotte Motor Speedway,Charlotte Motor Speedway,charlotte-motor-speedway,2020-10-10,202010102105_Race,25,7,1,Bruno Spengler,1:49.837,16.523,40.784,52.530,76.039,11:28.164,109837,0,0,5
2020,11_Charlotte Motor Speedway,Charlotte Motor Speedway,charlotte-motor-speedway,2020-10-10,202010102105_Race,25,8,1,Bruno Spengler,2:09.154,18.331,42.256,1:08.567,64.666,13:37.318,129154,0,0,5
2020,11_Charlotte Motor Speedway,Charlotte Motor Speedway,charlotte-motor-speedway,2020-10-10,202010102105_Race,25,9,1,Bruno Spengler,2:27.742,25.598,50.238,1:11.906,56.530,16:05.060,147742,0,0,5
2020,11_Charlotte Motor Speedway,Charlotte Motor Speedway,charlotte-motor-speedway,2020-10-10,202010102105_Race,25,10,1,Bruno Spengler,1:48.084,15.796,37.119,55.169,77.273,17:53.144,108084,0,0,5
2020,11_Charlotte Motor Speedway,Charlotte Motor Speedway,charlotte-motor-speedway,2020-10-10,202010102105_Race,25,11,1,Bruno Spengler,2:49.667,20.996,44.334,1:44.337,49.225,20:42.811,169667,0,1,5
2020,11_Charlotte Motor Speedway,Charlotte Motor Speedway,charlotte-motor-speedway,2020-10-10,202010102105_Race,25,12,2,Connor De Phillippi,2:21.739,24.624,41.228,1:15.887,58.925,23:04.550,141739,0,0,5
2020,11_Charlotte Motor Speedway,Charlotte Motor Speedway,charlotte-motor-speedway,2020-10-10,202010102105_Race,25,13,2,Connor De Phillippi,2:19.693,24.187,41.256,1:14.250,59.788,25:24.243,139693,0,0,5
2020,11_Charlotte Motor Speedway,Charlotte Motor Speedway,charlotte-motor-speedway,2020-10-10,202010102105_Race,25,14,2,Connor De Phillippi,2:20.819,23.740,46.381,1:10.698,59.310,27:45.062,140819,0,0,5
2020,11_Charlotte Motor Speedway,Charlotte Motor Speedway,charlotte-motor-speedway,2020-10-10,202010102105_Race,25,15,2,Connor De Phillippi,1:36.233,14.733,33.037,48.463,86.789,29:21.295,96233,0,0,5
2020,11_Charlotte Motor Speedway,Charlotte Motor Speedway,charlotte-motor-speedway,2020-10-10,202010102105_Race,25,16,2,Connor De Phillippi,1:29.575,13.916,32.596,43.063,93.240,30:50.870,89575,0,0,5
2020,11_Charlotte Motor Speedway,Charlotte Motor Speedway,charlotte-motor-speedway,2020-10-10,202010102105_Race,25,17,2,Connor De Phillippi,1:28.852,14.019,32.500,42.333,93.998,32:19.722,88852,0,0,5
2020,11_Charlotte Motor Speedway,Charlotte Motor Speedway,charlotte-motor-speedway,2020-10-10,202010102105_Race,25,18,2,Connor De Phillippi,1:28.106,13.694,32.374,42.038,94.794,33:47.828,88106,0,0,5
2020,11_Charlotte Motor Speedway,Charlotte Motor Speedway,charlotte-motor-speedway,2020-10-10,202010102105_Race,25,19,2,Connor De Phillippi,1:27.289,13.586,32.137,41.566,95.681,35:15.117,87289,0,0,5
2020,11_Charlotte Motor Speedway,Charlotte Motor Speedway,charlotte-motor-speedway,2020-10-10,202010102105_Race,25,20,2,Connor De Phillippi,1:27.928,13.615,32.327,41.986,94.986,36:43.045,87928,0,0,5
2020,11_Charlotte Motor Speedway,Charlotte Motor Speedway,charlotte-motor-speedway,2020-10-10,202010102105_Race,25,21,2,Connor De Phillippi,1:27.313,14.101,31.939,41.273,95.655,38:10.358,87313,0,0,5
2020,11_Charlotte Motor Speedway,Charlotte Motor Speedway,charlotte-motor-speedway,2020-10-10,202010102105_Race,25,22,2,Connor De Phillippi,1:26.862,13.642,32.059,41.161,96.152,39:37.220,86862,0,0,5
2020,11_Charlotte Motor Speedway,Charlotte Motor Speedway,charlotte-motor-speedway,2020-10-10,202010102105_Race,25,23,2,Connor De Phillippi,1:26.734,13.581,32.104,41.049,96.294,41:03.954,86734,0,0,5
2020,11_Charlotte Motor Speedway,Charlotte Motor Speedway,charlotte-motor-speedway,2020-10-10,202010102105_Race,25,24,2,Connor De Phillippi,1:27.695,13.597,32.320,41.778,95.238,42:31.649,87695,0,0,5
2020,11_Charlotte Motor Speedway,Charlotte Motor Speedway,charlotte-motor-speedway,2020-10-10,202010102105_Race,25,25,2,Connor De Phillippi,1:29.389,13.996,33.964,41.429,93.434,44:01.038,89389,0,0,5
2020,11_Charlotte Motor Speedway,Charlotte Motor Speedway,charlotte-motor-speedway,2020-10-10,202010102105_Race,25,26,2,Connor De Phillippi,1:27.987,14.656,32.234,41.097,94.922,45:29.025,87987,0,0,5
2020,11_Charlotte Motor Speedway,Charlotte Motor Speedway,charlotte-motor-speedway,2020-10-10,202010102105_Race,25,27,2,Connor De Phillippi,1:28.215,13.742,33.032,41.441,94.677,46:57.240,88215,0,0,5
2020,11_Charlotte Motor Speedway,Charlotte Motor Speedway,charlotte-motor-speedway,2020-10-10,202010102105_Race,25,28,2,Connor De Phillippi,1:26.744,13.528,32.242,40.974,96.283,48:23.984,86744,0,0,5
2020,11_Charlotte Motor Speedway,Charlotte Motor Speedway,charlotte-motor-speedway,2020-10-10,202010102105_Race,25,29,2,Connor De Phillippi,1:27.232,13.603,32.234,41.395,95.744,49:51.216,87232,0,0,5
2020,11_Charlotte Motor Speedway,Charlotte Motor Speedway,charlotte-motor-speedway,2020-10-10,202010102105_Race,25,30,2,Connor De Phillippi,1:27.530,13.830,32.767,40.933,95.418,51:18.746,87530,0,0,5
2020,11_Charlotte Motor Speedway,Charlotte Motor Speedway,charlotte-motor-speedway,2020-10-10,202010102105_Race,25,31,2,Connor De Phillippi,1:26.655,13.651,32.087,40.917,96.381,52:45.401,86655,0,0,5
2020,11_Charlotte Motor Speedway,Charlotte Motor Speedway,charlotte-motor-speedway,2020-10-10,202010102105_Race,25,32,2,Connor De Phillippi,1:26.939,13.585,32.353,41.001,96.067,54:12.340,86939,0,0,5
2020,11_Charlotte Motor Speedway,Charlotte Motor Speedway,charlotte-motor-speedway,2020-10-10,202010102105_Race,25,33,2,Connor De Phillippi,1:27.359,13.714,32.536,41.109,95.605,55:39.699,87359,0,0,5
2020,11_Charlotte Motor Speedway,Charlotte Motor Speedway,charlotte-motor-speedway,2020-10-10,202010102105_Race,25,34,2,Connor De Phillippi,1:27.496,13.673,32.351,41.472,95.455,57:07.195,87496,0,0,5
2020,11_Charlotte Motor Speedway,Charlotte Motor Speedway,charlotte-motor-speedway,2020-10-10,202010102105_Race,25,35,2,Connor De Phillippi,1:27.807,14.105,32.304,41.398,95.117,58:35.002,87807,0,0,5
2020,11_Charlotte Motor Speedway,Charlotte Motor Speedway,charlotte-motor-speedway,2020-10-10,202010102105_Race,25,36,2,Connor De Phillippi,1:27.500,13.797,32.668,41.035,95.451,1:00:02.502,87500,0,0,5
2020,11_Charlotte Motor Speedway,Charlotte Motor Speedway,charlotte-motor-speedway,2020-10-10,202010102105_Race,25,37,2,Connor De Phillippi,1:27.137,13.676,32.349,41.112,95.848,1:01:29.639,87137,0,0,5
2020,11_Charlotte Motor Speedway,Charlotte Motor Speedway,charlotte-motor-speedway,2020-10-10,202010102105_Race,25,38,2,Connor De Phillippi,1:27.445,13.653,32.587,41.205,95.511,1:02:57.084,87445,0,0,5
2020,11_Charlotte Motor Speedway,Charlotte Motor Speedway,charlotte-motor-speedway,2020-10-10,202010102105_Race,25,39,2,Connor De Phillippi,1:26.930,13.611,32.410,40.909,96.077,1:04:24.014,86930,0,0,5
2020,11_Charlotte Motor Speedway,Charlotte Motor Speedway,charlotte-motor-speedway,2020-10-10,202010102105_Race,25,40,2,Connor De Phillippi,1:27.431,13.727,32.438,41.266,95.526,1:05:51.445,87431,0,0,5
2020,11_Charlotte Motor Speedway,Charlotte Motor Speedway,charlotte-motor-speedway,2020-10-10,202010102105_Race,25,41,2,Connor De Phillippi,1:27.325,13.940,32.424,40.961,95.642,1:07:18.770,87325,0,0,5
2020,11_Charlotte Motor Speedway,Charlotte Motor Speedway,charlotte-motor-speedway,2020-10-10,202010102105_Race,25,42,2,Connor De Phillippi,1:26.803,13.641,32.351,40.811,96.217,1:08:45.573,86803,0,0,5
2020,11_Charlotte Motor Speedway,Charlotte Motor Speedway,charlotte-motor-speedway,2020-10-10,202010102105_Race,25,43,2,Connor De Phillippi,1:27.166,13.683,32.486,40.997,95.816,1:10:12.739,87166,0,0,5
2020,11_Charlotte Motor Speedway,Charlotte Motor Speedway,charlotte-motor-speedway,2020-10-10,202010102105_Race,25,44,2,Connor De Phillippi,1:27.229,13.733,32.676,40.820,95.747,1:11:39.968,87229,0,0,5
2020,11_Charlotte Motor Speedway,Charlotte Motor Speedway,charlotte-motor-speedway,2020-10-10,202010102105_Race,25,45,2,Connor De Phillippi,1:28.498,13.735,32.705,42.058,94.374,1:13:08.466,88498,0,0,5
2020,11_Charlotte Motor Speedway,Charlotte Motor Speedway,charlotte-motor-speedway,2020-10-10,202010102105_Race,25,46,2,Connor De Phillippi,1:27.203,13.855,32.443,40.905,95.776,1:14:35.669,87203,0,0,5
2020,11_Charlotte Motor Speedway,Charlotte Motor Speedway,charlotte-motor-speedway,2020-10-10,202010102105_Race,25,47,2,Connor De Phillippi,1:27.475,13.662,32.633,41.180,95.478,1:16:03.144,87475,0,0,5
2020,11_Charlotte Motor Speedway,Charlotte Motor Speedway,charlotte-motor-speedway,2020-10-10,202010102105_Race,25,48,2,Connor De Phillippi,1:27.910,13.734,32.542,41.634,95.006,1:17:31.054,87910,0,0,5
2020,11_Charlotte Motor Speedway,Charlotte Motor Speedway,charlotte-motor-speedway,2020-10-10,202010102105_Race,25,49,2,Connor De Phillippi,1:27.753,13.934,32.632,41.187,95.176,1:18:58.807,87753,0,0,5
2020,11_Charlotte Motor Speedway,Charlotte Motor Speedway,charlotte-motor-speedway,2020-10-10,202010102105_Race,25,50,2,Connor De Phillippi,1:27.875,13.731,32.711,41.433,95.043,1:20:26.682,87875,0,0,5
2020,11_Charlotte Motor Speedway,Charlotte Motor Speedway,charlotte-motor-speedway,2020-10-10,202010102105_Race,25,51,2,Connor De Phillippi,1:28.037,13.831,32.725,41.481,94.868,1:21:54.719,88037,0,0,5
2020,11_Charlotte Motor Speedway,Charlotte Motor Speedway,charlotte-motor-speedway,2020-10-10,202010102105_Race,25,52,2,Connor De Phillippi,1:27.842,13.756,32.766,41.320,95.079,1:23:22.561,87842,0,0,5
2020,11_Charlotte Motor Speedway,Charlotte Motor Speedway,charlotte-motor-speedway,2020-10-10,202010102105_Race,25,53,2,Connor De Phillippi,1:27.997,13.784,32.915,41.298,94.912,1:24:50.558,87997,0,0,5
2020,11_Charlotte Motor Speedway,Charlotte Motor Speedway,charlotte-motor-speedway,2020-10-10,202010102105_Race,25,54,2,Connor De Phillippi,1:28.104,13.883,32.770,41.451,94.796,1:26:18.662,88104,0,0,5
2020,11_Charlotte Motor Speedway,Charlotte Motor Speedway,charlotte-motor-speedway,2020-10-10,202010102105_Race,25,55,2,Connor De Phillippi,1:28.205,13.910,32.945,41.350,94.688,1:27:46.867,88205,0,0,5
2020,11_Charlotte Motor Speedway,Charlotte Motor Speedway,charlotte-motor-speedway,2020-10-10,202010102105_Race,25,56,2,Connor De Phillippi,1:52.676,13.959,37.377,1:01.340,74.123,1:29:39.543,112676,0,0,5
2020,11_Charlotte Motor Speedway,Charlotte Motor Speedway,charlotte-motor-speedway,2020-10-10,202010102105_Race,25,57,2,Connor De Phillippi,2:23.351,16.934,45.771,1:20.646,58.262,1:32:02.894,143351,0,0,5
2020,11_Charlotte Motor Speedway,Charlotte Motor Speedway,charlotte-motor-speedway,2020-10-10,202010102105_Race,25,58,2,Connor De Phillippi,2:15.253,22.532,46.056,1:06.665,61.750,1:34:18.147,135253,0,0,5
2020,11_Charlotte Motor Speedway,Charlotte Motor Speedway,charlotte-motor-speedway,2020-10-10,202010102105_Race,25,59,2,Connor De Phillippi,1:28.220,13.835,33.006,41.379,94.672,1:35:46.367,88220,0,0,5
2020,11_Charlotte Motor Speedway,Charlotte Motor Speedway,charlotte-motor-speedway,2020-10-10,202010102105_Race,25,60,2,Connor De Phillippi,1:27.996,13.680,32.716,41.600,94.913,1:37:14.363,87996,0,0,5
2020,11_Charlotte Motor Speedway,Charlotte Motor Speedway,charlotte-motor-speedway,2020-10-10,202010102105_Race,25,61,2,Connor De Phillippi,1:27.969,13.617,32.848,41.504,94.942,1:38:42.332,87969,0,0,5
2020,11_Charlotte Motor Speedway,Charlotte Motor Speedway,charlotte-motor-speedway,2020-10-10,202010102105_Race,25,62,2,Connor De Phillippi,1:27.897,13.803,32.613,41.481,95.020,1:40:10.229,87897,0,0,5
2020,11_Charlotte Motor Speedway,Charlotte Motor Speedway,charlotte-motor-speedway,2020-10-10,202010102105_Race,30,1,1,Rob Ferriol,1:48.766,21.257,39.272,48.237,76.788,1:48.766,,,0,5
2020,11_Charlotte Motor Speedway,Charlotte Motor Speedway,charlotte-motor-speedway,2020-10-10,202010102105_Race,30,2,1,Rob Ferriol,1:39.314,15.785,36.934,46.595,84.096,3:28.080,99314,0,0,5
2020,11_Charlotte Motor Speedway,Charlotte Motor Speedway,charlotte-motor-speedway,2020-10-10,202010102105_Race,30,3,1,Rob Ferriol,1:39.829,16.546,36.871,46.412,83.662,5:07.909,99829,0,0,5
2020,11_Charlotte Motor Speedway,Charlotte Motor Speedway,charlotte-motor-speedway,2020-10-10,202010102105_Race,30,4,1,Rob Ferriol,1:41.436,17.462,37.517,46.457,82.337,6:49.345,101436,0,0,5
2020,11_Charlotte Motor Speedway,Charlotte Motor Speedway,charlotte-motor-speedway,2020-10-10,202010102105_Race,30,5,1,Rob Ferriol,1:39.867,16.035,37.250,46.582,83.631,8:29.212,99867,0,0,5
2020,11_Charlotte Motor Speedway,Charlotte Motor Speedway,charlotte-motor-speedway,2020-10-10,202010102105_Race,30,6,1,Rob Ferriol,1:45.178,17.272,39.543,48.363,79.408,10:14.390,105178,0,0,5
2020,11_Charlotte Motor Speedway,Charlotte Motor Speedway,charlotte-motor-speedway,2020-10-10,202010102105_Race,30,7,1,Rob Ferriol,1:52.601,18.904,40.841,52.856,74.173,12:06.991,112601,0,0,5
2020,11_Charlotte Motor Speedway,Charlotte Motor Speedway,charlotte-motor-speedway,2020-10-10,202010102105_Race,30,8,1,Rob Ferriol,1:54.841,19.099,43.784,51.958,72.726,14:01.832,114841,0,0,5
2020,11_Charlotte Motor Speedway,Charlotte Motor Speedway,charlotte-motor-speedway,2020-10-10,202010102105_Race,30,9,1,Rob Ferriol,2:12.340,20.444,44.283,1:07.613,63.110,16:14.172,132340,0,0,5
2020,11_Charlotte Motor Speedway,Charlotte Motor Speedway,charlotte-motor-speedway,2020-10-10,202010102105_Race,30,10,1,Rob Ferriol,1:54.355,18.213,42.330,53.812,73.035,18:08.527,114355,0,0,5
2020,11_Charlotte Motor Speedway,Charlotte Motor Speedway,charlotte-motor-speedway,2020-10-10,202010102105_Race,30,11,1,Rob Ferriol,2:18.291,21.020,43.904,1:13.367,60.394,20:26.818,138291,0,0,5
2020,11_Charlotte Motor Speedway,Charlotte Motor Speedway,charlotte-motor-speedway,2020-10-10,202010102105_Race,30,12,1,Rob Ferriol,2:33.947,26.386,47.191,1:20.370,54.252,23:00.765,153947,0,0,5
2020,11_Charlotte Motor Speedway,Charlotte Motor Speedway,charlotte-motor-speedway,2020-10-10,202010102105_Race,30,13,1,Rob Ferriol,2:37.297,25.071,49.813,1:22.413,53.096,25:38.062,157297,0,0,5
2020,11_Charlotte Motor Speedway,Charlotte Motor Speedway,charlotte-motor-speedway,2020-10-10,202010102105_Race,30,14,1,Rob Ferriol,2:14.429,20.366,46.085,1:07.978,62.129,27:52.491,134429,0,0,5
2020,11_Charlotte Motor Speedway,Charlotte Motor Speedway,charlotte-motor-speedway,2020-10-10,202010102105_Race,30,15,1,Rob Ferriol,1:40.018,16.804,37.584,45.630,83.504,29:32.509,100018,0,0,5
2020,11_Charlotte Motor Speedway,Charlotte Motor Speedway,charlotte-motor-speedway,2020-10-10,202010102105_Race,30,16,1,Rob Ferriol,1:38.865,15.873,36.731,46.261,84.478,31:11.374,98865,0,0,5
2020,11_Charlotte Motor Speedway,Charlotte Motor Speedway,charlotte-motor-speedway,2020-10-10,202010102105_Race,30,17,1,Rob Ferriol,2:20.668,16.187,36.451,1:28.030,59.373,33:32.042,140668,0,1,5
2020,11_Charlotte Motor Speedway,Charlotte Motor Speedway,charlotte-motor-speedway,2020-10-10,202010102105_Race,30,18,2,Spencer Pumpelly,1:40.011,20.970,36.380,42.661,83.510,35:12.053,100011,0,0,5
2020,11_Charlotte Motor Speedway,Charlotte Motor Speedway,charlotte-motor-speedway,2020-10-10,202010102105_Race,30,19,2,Spencer Pumpelly,1:30.871,14.126,33.309,43.436,91.910,36:42.924,90871,0,0,5
2020,11_Charlotte Motor Speedway,Charlotte Motor Speedway,charlotte-motor-speedway,2020-10-10,202010102105_Race,30,20,2,Spencer Pumpelly,1:30.410,14.821,33.247,42.342,92.378,38:13.334,90410,0,0,5
2020,11_Charlotte Motor Speedway,Charlotte Motor Speedway,charlotte-motor-speedway,2020-10-10,202010102105_Race,30,21,2,Spencer Pumpelly,1:29.222,13.844,32.961,42.417,93.608,39:42.556,89222,0,0,5
2020,11_Charlotte Motor Speedway,Charlotte Motor Speedway,charlotte-motor-speedway,2020-10-10,202010102105_Race,30,22,2,Spencer Pumpelly,1:29.187,13.976,32.925,42.286,93.645,41:11.743,89187,0,0,5
2020,11_Charlotte Motor Speedway,Charlotte Motor Speedway,charlotte-motor-speedway,2020-10-10,202010102105_Race,30,23,2,Spencer Pumpelly,1:29.489,13.989,33.244,42.256,93.329,42:41.232,89489,0,0,5
2020,11_Charlotte Motor Speedway,Charlotte Motor Speedway,charlotte-motor-speedway,2020-10-10,202010102105_Race,30,24,2,Spencer Pumpelly,1:28.950,13.889,32.855,42.206,93.895,44:10.182,88950,0,0,5
2020,11_Charlotte Motor Speedway,Charlotte Motor Speedway,charlotte-motor-speedway,2020-10-10,202010102105_Race,30,25,2,Spencer Pumpelly,1:29.652,14.008,32.914,42.730,93.159,45:39.834,89652,0,0,5
2020,11_Charlotte Motor Speedway,Charlotte Motor Speedway,charlotte-motor-speedway,2020-10-10,202010102105_Race,30,26,2,Spencer Pumpelly,1:29.191,13.990,32.889,42.312,93.641,47:09.025,89191,0,0,5
2020,11_Charlotte Motor Speedway,Charlotte Motor Speedway,charlotte-motor-speedway,2020-10-10,202010102105_Race,30,27,2,Spencer Pumpelly,1:29.209,14.082,32.873,42.254,93.622,48:38.234,89209,0,0,5
2020,11_Charlotte Motor Speedway,Charlotte Motor Speedway,charlotte-motor-speedway,2020-10-10,202010102105_Race,30,28,2,Spencer Pumpelly,1:29.688,14.128,33.360,42.200,93.122,50:07.922,89688,0,0,5
2020,11_Charlotte Motor Speedway,Charlotte Motor Speedway,charlotte-motor-speedway,2020-10-10,202010102105_Race,30,29,2,Spencer Pumpelly,1:28.956,14.002,32.924,42.030,93.888,51:36.878,88956,0,0,5
2020,11_Charlotte Motor Speedway,Charlotte Motor Speedway,charlotte-motor-speedway,2020-10-10,202010102105_Race,30,30,2,Spencer Pumpelly,1:30.134,14.159,32.961,43.014,92.661,53:07.012,90134,0,0,5
2020,11_Charlotte Motor Speedway,Charlotte Motor Speedway,charlotte-motor-speedway,2020-10-10,202010102105_Race,30,31,2,Spencer Pumpelly,1:30.232,14.161,33.238,42.833,92.561,54:37.244,90232,0,0,5
2020,11_Charlotte Motor Speedway,Charlotte Motor Speedway,charlotte-motor-speedway,2020-10-10,202010102105_Race,30,32,2,Spencer Pumpelly,1:30.323,14.005,33.550,42.768,92.467,56:07.567,90323,0,0,5
2020,11_Charlotte Motor Speedway,Charlotte Motor Speedway,charlotte-motor-speedway,2020-10-10,202010102105_Race,30,33,2,Spencer Pumpelly,1:30.107,14.238,33.127,42.742,92.689,57:37.674,90107,0,0,5
2020,11_Charlotte Motor Speedway,Charlotte Motor Speedway,charlotte-motor-speedway,2020-10-10,202010102105_Race,30,34,2,Spencer Pumpelly,1:30.048,14.162,33.446,42.440,92.750,59:07.722,90048,0,0,5
2020,11_Charlotte Motor Speedway,Charlotte Motor Speedway,charlotte-motor-speedway,2020-10-10,202010102105_Race,30,35,2,Spencer Pumpelly,1:31.288,14.113,33.234,43.941,91.490,1:00:39.010,91288,0,0,5
2020,11_Charlotte Motor Speedway,Charlotte Motor Speedway,charlotte-motor-speedway,2020-10-10,202010102105_Race,30,36,2,Spencer Pumpelly,1:31.338,14.063,33.310,43.965,91.440,1:02:10.348,91338,0,0,5
2020,11_Charlotte Motor Speedway,Charlotte Motor Speedway,charlotte-motor-speedway,2020-10-10,202010102105_Race,30,37,2,Spencer Pumpelly,1:30.317,14.260,33.328,42.729,92.474,1:03:40.665,90317,0,0,5
2020,11_Charlotte Motor Speedway,Charlotte Motor Speedway,charlotte-motor-speedway,2020-10-10,202010102105_Race,30,38,2,Spencer Pumpelly,1:29.087,13.989,32.699,42.399,93.750,1:05:09.752,89087,0,0,5
2020,11_Charlotte Motor Speedway,Charlotte Motor Speedway,charlotte-motor-speedway,2020-10-10,202010102105_Race,30,39,2,Spencer Pumpelly,1:29.256,14.033,32.849,42.374,93.573,1:06:39.008,89256,0,0,5
2020,11_Charlotte Motor Speedway,Charlotte Motor Speedway,charlotte-motor-speedway,2020-10-10,202010102105_Race,30,40,2,Spencer Pumpelly,1:29.478,13.927,33.012,42.539,93.341,1:08:08.486,89478,0,0,5
2020,11_Charlotte Motor Speedway,Charlotte Motor Speedway,charlotte-motor-speedway,2020-10-10,202010102105_Race,30,41,2,Spencer Pumpelly,1:29.403,13.942,33.106,42.355,93.419,1:09:37.889,89403,0,0,5
2020,11_Charlotte Motor Speedway,Charlotte Motor Speedway,charlotte-motor-speedway,2020-10-10,202010102105_Race,30,42,2,Spencer Pumpelly,1:29.098,14.072,32.881,42.145,93.739,1:11:06.987,89098,0,0,5
2020,11_Charlotte Motor Speedway,Charlotte Motor Speedway,charlotte-motor-speedway,2020-10-10,202010102105_Race,30,43,2,Spencer Pumpelly,1:29.323,14.070,33.009,42.244,93.503,1:12:36.310,89323,0,0,5
2020,11_Charlotte Motor Speedway,Charlotte Motor Speedway,charlotte-motor-speedway,2020-10-10,202010102105_Race,30,44,2,Spencer Pumpelly,1:29.197,14.044,33.097,42.056,93.635,1:14:05.507,89197,0,0,5
2020,11_Charlotte Motor Speedway,Charlotte Motor Speedway,charlotte-motor-speedway,2020-10-10,202010102105_Race,30,45,2,Spencer Pumpelly,1:29.640,14.248,32.981,42.411,93.172,1:15:35.147,89640,0,0,5
2020,11_Charlotte Motor Speedway,Charlotte Motor Speedway,charlotte-motor-speedway,2020-10-10,202010102105_Race,30,46,2,Spencer Pumpelly,1:29.382,13.984,33.167,42.231,93.441,1:17:04.529,89382,0,0,5
2020,11_Charlotte Motor Speedway,Charlotte Motor Speedway,charlotte-motor-speedway,2020-10-10,202010102105_Race,30,47,2,Spencer Pumpelly,1:29.774,14.028,33.098,42.648,93.033,1:18:34.303,89774,0,0,5
2020,11_Charlotte Motor Speedway,Charlotte Motor Speedway,charlotte-motor-speedway,2020-10-10,202010102105_Race,30,48,2,Spencer Pumpelly,1:29.234,14.047,33.053,42.134,93.596,1:20:03.537,89234,0,0,5
2020,11_Charlotte Motor Speedway,Charlotte Motor Speedway,charlotte-motor-speedway,2020-10-10,202010102105_Race,30,49,2,Spencer Pumpelly,1:29.174,14.019,32.977,42.178,93.659,1:21:32.711,89174,0,0,5
2020,11_Charlotte Motor Speedway,Charlotte Motor Speedway,charlotte-motor-speedway,2020-10-10,202010102105_Race,30,50,2,Spencer Pumpelly,1:31.618,14.126,33.097,44.395,91.160,1:23:04.329,91618,0,0,5
2020,11_Charlotte Motor Speedway,Charlotte Motor Speedway,charlotte-motor-speedway,2020-10-10,202010102105_Race,30,51,2,Spencer Pumpelly,1:30.114,14.189,33.324,42.601,92.682,1:24:34.443,90114,0,0,5
2020,11_Charlotte Motor Speedway,Charlotte Motor Speedway,charlotte-motor-speedway,2020-10-10,202010102105_Race,30,52,2,Spencer Pumpelly,1:29.875,14.126,33.060,42.689,92.928,1:26:04.318,89875,0,0,5
2020,11_Charlotte Motor Speedway,Charlotte Motor Speedway,charlotte-motor-speedway,2020-10-10,202010102105_Race,30,53,2,Spencer Pumpelly,1:29.780,13.992,33.129,42.659,93.027,1:27:34.098,89780,0,0,5
2020,11_Charlotte Motor Speedway,Charlotte Motor Speedway,charlotte-motor-speedway,2020-10-10,202010102105_Race,30,54,2,Spencer Pumpelly,1:38.986,14.118,35.437,49.431,84.375,1:29:13.084,98986,0,0,5
2020,11_Charlotte Motor Speedway,Charlotte Motor Speedway,charlotte-motor-speedway,2020-10-10,202010102105_Race,30,55,2,Spencer Pumpelly,1:36.202,15.689,34.798,45.715,86.817,1:30:49.286,96202,0,0,5
2020,11_Charlotte Motor Speedway,Charlotte Motor Speedway,charlotte-motor-speedway,2020-10-10,202010102105_Race,30,56,2,Spencer Pumpelly,1:34.701,15.145,33.932,45.624,88.193,1:32:23.987,94701,0,0,6
2020,11_Charlotte Motor Speedway,Charlotte Motor Speedway,charlotte-motor-speedway,2020-10-10,202010102105_Race,30,57,2,Spencer Pumpelly,2:03.988,14.788,41.334,1:07.866,67.361,1:34:27.975,123988,0,0,6
2020,11_Charlotte Motor Speedway,Charlotte Motor Speedway,charlotte-motor-speedway,2020-10-10,202010102105_Race,30,58,2,Spencer Pumpelly,1:31.858,14.517,34.059,43.282,90.922,1:35:59.833,91858,0,0,6
2020,11_Charlotte Motor Speedway,Charlotte Motor Speedway,charlotte-motor-speedway,2020-10-10,202010102105_Race,30,59,2,Spencer Pumpelly,1:31.084,14.350,33.534,43.200,91.695,1:37:30.917,91084,0,0,6
2020,11_Charlotte Motor Speedway,Charlotte Motor Speedway,charlotte-motor-speedway,2020-10-10,202010102105_Race,30,60,2,Spencer Pumpelly,1:31.836,14.200,33.428,44.208,90.944,1:39:02.753,91836,0,0,6
2020,11_Charlotte Motor Speedway,Charlotte Motor Speedway,charlotte-motor-speedway,2020-10-10,202010102105_Race,30,61,2,Spencer Pumpelly,1:30.015,14.429,33.061,42.525,92.784,1:40:32.768,90015,0,0,6
2020,11_Charlotte Motor Speedway,Charlotte Motor Speedway,charlotte-motor-speedway,2020-10-10,202010102105_Race,44,1,1,John Potter,1:47.442,21.607,39.135,46.700,77.734,1:47.442,,,0,6
2020,11_Charlotte Motor Speedway,Charlotte Motor Speedway,charlotte-motor-speedway,2020-10-10,202010102105_Race,44,2,1,John Potter,1:37.627,15.799,36.667,45.161,85.549,3:25.069,97627,0,0,6
2020,11_Charlotte Motor Speedway,Charlotte Motor Speedway,charlotte-motor-speedway,2020-10-10,202010102105_Race,44,3,1,John Potter,1:36.021,16.083,35.209,44.729,86.980,5:01.090,96021,0,0,6
2020,11_Charlotte Motor Speedway,Charlotte Motor Speedway,charlotte-motor-speedway,2020-10-10,202010102105_Race,44,4,1,John Potter,1:39.860,17.796,36.183,45.881,83.636,6:40.950,99860,0,0,6
2020,11_Charlotte Motor Speedway,Charlotte Motor Speedway,charlotte-motor-speedway,2020-10-10,202010102105_Race,44,5,1,John Potter,1:45.908,21.487,37.617,46.804,78.860,8:26.858,105908,0,0,6
2020,11_Charlotte Motor Speedway,Charlotte Motor Speedway,charlotte-motor-speedway,2020-10-10,202010102105_Race,44,6,1,John Potter,1:47.382,16.566,36.879,53.937,77.778,10:14.240,107382,0,0,6
2020,11_Charlotte Motor Speedway,Charlotte Motor Speedway,charlotte-motor-speedway,2020-10-10,202010102105_Race,44,7,1,John Potter,1:51.429,20.930,39.472,51.027,74.953,12:05.669,111429,0,0,6
2020,11_Charlotte Motor Speedway,Charlotte Motor Speedway,charlotte-motor-speedway,2020-10-10,202010102105_Race,44,8,1,John Potter,1:55.189,19.200,43.545,52.444,72.506,14:00.858,115189,0,0,6
2020,11_Charlotte Motor Speedway,Charlotte Motor Speedway,charlotte-motor-speedway,2020-10-10,202010102105_Race,44,9,1,John Potter,2:12.647,20.356,43.961,1:08.330,62.963,16:13.505,132647,0,0,6
2020,11_Charlotte Motor Speedway,Charlotte Motor Speedway,charlotte-motor-speedway,2020-10-10,202010102105_Race,44,10,1,John Potter,1:52.818,18.225,41.296,53.297,74.030,18:06.323,112818,0,0,6
2020,11_Charlotte Motor Speedway,Charlotte Motor Speedway,charlotte-motor-speedway,2020-10-10,202010102105_Race,44,11,1,John Potter,2:18.751,20.795,44.721,1:13.235,60.194,20:25.074,138751,0,0,6
2020,11_Charlotte Motor Speedway,Charlotte Motor Speedway,charlotte-motor-speedway,2020-10-10,202010102105_Race,44,12,1,John Potter,2:34.214,25.915,48.006,1:20.293,54.158,22:59.288,154214,0,0,6
2020,11_Charlotte Motor Speedway,Charlotte Motor Speedway,charlotte-motor-speedway,2020-10-10,202010102105_Race,44,13,1,John Potter,2:36.732,24.816,49.164,1:22.752,53.288,25:36.020,156732,0,0,6
2020,11_Charlotte Motor Speedway,Charlotte Motor Speedway,charlotte-motor-speedway,2020-10-10,202010102105_Race,44,14,1,John Potter,2:15.856,20.878,45.940,1:09.038,61.476,27:51.876,135856,0,0,6
2020,11_Charlotte Motor Speedway,Charlotte Motor Speedway,charlotte-motor-speedway,2020-10-10,202010102105_Race,44,15,1,John Potter,1:39.112,16.629,36.639,45.844,84.268,29:30.988,99112,0,0,6
2020,11_Charlotte Motor Speedway,Charlotte Motor Speedway,charlotte-motor-speedway,2020-10-10,202010102105_Race,44,16,1,John Potter,2:16.919,16.458,35.742,1:24.719,60.999,31:47.907,136919,0,1,6
2020,11_Charlotte Motor Speedway,Charlotte Motor Speedway,charlotte-motor-speedway,2020-10-10,202010102105_Race,44,17,2,Andy Lally,1:45.499,21.689,38.121,45.689,79.166,33:33.406,105499,0,0,6
2020,11_Charlotte Motor Speedway,Charlotte Motor Speedway,charlotte-motor-speedway,2020-10-10,202010102105_Race,44,18,2,Andy Lally,1:33.761,15.434,34.434,43.893,89.077,35:07.167,93761,0,0,6
2020,11_Charlotte Motor Speedway,Charlotte Motor Speedway,charlotte-motor-speedway,2020-10-10,202010102105_Race,44,19,2,Andy Lally,1:35.853,14.677,34.367,46.809,87.133,36:43.020,95853,0,0,6
2020,11_Charlotte Motor Speedway,Charlotte Motor Speedway,charlotte-motor-speedway,2020-10-10,202010102105_Race,44,20,2,Andy Lally,2:59.093,22.928,47.972,1:48.193,46.634,39:42.113,179093,0,1,6
2020,11_Charlotte Motor Speedway,Charlotte Motor Speedway,charlotte-motor-speedway,2020-10-10,202010102105_Race,44,21,2,Andy Lally,1:42.753,21.892,36.127,44.734,81.282,41:24.866,102753,0,0,6
2020,11_Charlotte Motor Speedway,Charlotte Motor Speedway,charlotte-motor-speedway,2020-10-10,202010102105_Race,44,22,2,Andy Lally,1:31.925,14.412,34.064,43.449,90.856,42:56.791,91925,0,0,6
2020,11_Charlotte Motor Speedway,Charlotte Motor Speedway,charlotte-motor-speedway,2020-10-10,202010102105_Race,44,23,2,Andy Lally,1:31.180,14.185,33.289,43.706,91.598,44:27.971,91180,0,0,6
2020,11_Charlotte Motor Speedway,Charlotte Motor Speedway,charlotte-motor-speedway,2020-10-10,202010102105_Race,44,24,2,Andy Lally,1:31.263,14.362,33.498,43.403,91.515,45:59.234,91263,0,0,6
2020,11_Charlotte Motor Speedway,Charlotte Motor Speedway,charlotte-motor-speedway,2020-10-10,202010102105_Race,44,25,2,Andy Lally,1:30.720,14.070,33.626,43.024,92.063,47:29.954,90720,0,0,6
2020,11_Charlotte Motor Speedway,Charlotte Motor Speedway,charlotte-motor-speedway,2020-10-10,202010102105_Race,57,1,2,Misha Goikhberg,1:45.067,21.311,37.974,45.782,79.491,1:45.067,,,0,6
2020,11_Charlotte Motor Speedway,Charlotte Motor Speedway,charlotte-motor-speedway,2020-10-10,202010102105_Race,57,2,2,Misha Goikhberg,1:36.858,15.751,35.889,45.218,86.229,3:21.925,96858,0,0,6
2020,11_Charlotte Motor Speedway,Charlotte Motor Speedway,charlotte-motor-speedway,2020-10-10,202010102105_Race,57,3,2,Misha Goikhberg,1:36.235,15.675,35.277,45.283,86.787,4:58.160,96235,0,0,6
2020,11_Charlotte Motor Speedway,Charlotte Motor Speedway,charlotte-motor-speedway,2020-10-10,202010102105_Race,57,4,2,Misha Goikhberg,2:13.503,51.653,35.840,46.010,62.560,7:11.663,133503,0,0,6
2020,11_Charlotte Motor Speedway,Charlotte Motor Speedway,charlotte-motor-speedway,2020-10-10,202010102105_Race,57,5,2,Misha Goikhberg,1:39.435,16.553,36.833,46.049,83.994,8:51.098,99435,0,0,6
2020,11_Charlotte Motor Speedway,Charlotte Motor Speedway,charlotte-motor-speedway,2020-10-10,202010102105_Race,57,6,2,Misha Goikhberg,1:39.418,16.080,36.399,46.939,84.008,10:30.516,99418,0,0,6
2020,11_Charlotte Motor Speedway,Charlotte Motor Speedway,charlotte-motor-speedway,2020-10-10,202010102105_Race,57,7,2,Misha Goikhberg,1:43.791,16.825,37.861,49.105,80.469,12:14.307,103791,0,0,6
2020,11_Charlotte Motor Speedway,Charlotte Motor Speedway,charlotte-motor-speedway,2020-10-10,202010102105_Race,57,8,2,Misha Goikhberg,1:47.912,18.031,38.609,51.272,77.396,14:02.219,107912,0,0,6
2020,11_Charlotte Motor Speedway,Charlotte Motor Speedway,charlotte-motor-speedway,2020-10-10,202010102105_Race,57,9,2,Misha Goikhberg,2:12.225,20.626,44.059,1:07.540,63.164,16:14.444,132225,0,0,6
2020,11_Charlotte Motor Speedway,Charlotte Motor Speedway,charlotte-motor-speedway,2020-10-10,202010102105_Race,57,10,2,Misha Goikhberg,1:52.602,17.746,41.223,53.633,74.172,18:07.046,112602,0,0,6
2020,11_Charlotte Motor Speedway,Charlotte Motor Speedway,charlotte-motor-speedway,2020-10-10,202010102105_Race,57,11,2,Misha Goikhberg,2:18.480,20.913,44.262,1:13.305,60.311,20:25.526,138480,0,0,6
2020,11_Charlotte Motor Speedway,Charlotte Motor Speedway,charlotte-motor-speedway,2020-10-10,202010102105_Race,57,12,2,Misha Goikhberg,2:34.064,26.685,47.236,1:20.143,54.211,22:59.590,154064,0,0,6
2020,11_Charlotte Motor Speedway,Charlotte Motor Speedway,charlotte-motor-speedway,2020-10-10,202010102105_Race,57,13,2,Misha Goikhberg,2:36.935,25.202,49.368,1:22.365,53.219,25:36.525,156935,0,0,6
2020,11_Charlotte Motor Speedway,Charlotte Motor Speedway,charlotte-motor-speedway,2020-10-10,202010102105_Race,57,14,2,Misha Goikhberg,2:14.514,20.924,46.004,1:07.586,62.090,27:51.039,134514,0,0,6
2020,11_Charlotte Motor Speedway,Charlotte Motor Speedway,charlotte-motor-speedway,2020-10-10,202010102105_Race,57,15,2,Misha Goikhberg,1:37.619,15.831,35.941,45.847,85.556,29:28.658,97619,0,0,6
2020,11_Charlotte Motor Speedway,Charlotte Motor Speedway,charlotte-motor-speedway,2020-10-10,202010102105_Race,57,16,2,Misha Goikhberg,1:44.794,15.377,35.386,54.031,79.699,31:13.452,104794,0,1,6
2020,11_Charlotte Motor Speedway,Charlotte Motor Speedway,charlotte-motor-speedway,2020-10-10,202010102105_Race,57,17,1,Alvaro Parente,2:04.065,45.208,34.885,43.972,67.319,33:17.517,124065,0,0,6
2020,11_Charlotte Motor Speedway,Charlotte Motor Speedway,charlotte-motor-speedway,2020-10-10,202010102105_Race,57,18,1,Alvaro Parente,1:34.983,15.705,34.849,44.429,87.931,34:52.500,94983,0,0,6
2020,11_Charlotte Motor Speedway,Charlotte Motor Speedway,charlotte-motor-speedway,2020-10-10,202010102105_Race,57,19,1,Alvaro Parente,1:32.395,14.507,33.977,43.911,90.394,36:24.895,92395,0,0,6
2020,11_Charlotte Motor Speedway,Charlotte Motor Speedway,charlotte-motor-speedway,2020-10-10,202010102105_Race,57,20,1,Alvaro Parente,1:31.356,14.379,33.629,43.348,91.422,37:56.251,91356,0,0,6
2020,11_Charlotte Motor Speedway,Charlotte Motor Speedway,charlotte-motor-speedway,2020-10-10,202010102105_Race,57,21,1,Alvaro Parente,1:30.906,14.295,33.465,43.146,91.874,39:27.157,90906,0,0,6
2020,11_Charlotte Motor Speedway,Charlotte Motor Speedway,charlotte-motor-speedway,2020-10-10,202010102105_Race,57,22,1,Alvaro Parente,1:31.076,14.431,33.526,43.119,91.703,40:58.233,91076,0,0,6
2020,11_Charlotte Motor Speedway,Charlotte Motor Speedway,charlotte-motor-speedway,2020-10-10,202010102105_Race,57,23,1,Alvaro Parente,1:30.795,14.273,33.381,43.141,91.987,42:29.028,90795,0,0,6
2020,11_Charlotte Motor Speedway,Charlotte Motor Speedway,charlotte-motor-speedway,2020-10-10,202010102105_Race,57,24,1,Alvaro Parente,1:31.438,14.151,33.969,43.318,91.340,44:00.466,91438,0,0,6
2020,11_Charlotte Motor Speedway,Charlotte Motor Speedway,charlotte-motor-speedway,2020-10-10,202010102105_Race,57,25,1,Alvaro Parente,1:32.542,15.081,34.835,42.626,90.250,45:33.008,92542,0,0,6
2020,11_Charlotte Motor Speedway,Charlotte Motor Speedway,charlotte-motor-speedway,2020-10-10,202010102105_Race,57,26,1,Alvaro Parente,1:30.465,14.193,33.316,42.956,92.322,47:03.473,90465,0,0,6
2020,11_Charlotte Motor Speedway,Charlotte Motor Speedway,charlotte-motor-speedway,2020-10-10,202010102105_Race,57,27,1,Alvaro Parente,1:30.496,14.161,33.208,43.127,92.291,48:33.969,90496,0,0,6
2020,11_Charlotte Motor Speedway,Charlotte Motor Speedway,charlotte-motor-speedway,2020-10-10,202010102105_Race,57,28,1,Alvaro Parente,1:29.681,13.986,33.017,42.678,93.129,50:03.650,89681,0,0,6
2020,11_Charlotte Motor Speedway,Charlotte Motor Speedway,charlotte-motor-speedway,2020-10-10,202010102105_Race,57,29,1,Alvaro Parente,1:29.622,14.101,33.000,42.521,93.191,51:33.272,89622,0,0,6
2020,11_Charlotte Motor Speedway,Charlotte Motor Speedway,charlotte-motor-speedway,2020-10-10,202010102105_Race,57,30,1,Alvaro Parente,1:29.580,14.036,33.038,42.506,93.234,53:02.852,89580,0,0,6
2020,11_Charlotte Motor Speedway,Charlotte Motor Speedway,charlotte-motor-speedway,2020-10-10,202010102105_Race,57,31,1,Alvaro Parente,1:29.411,14.073,33.003,42.335,93.411,54:32.263,89411,0,0,6
2020,11_Charlotte Motor Speedway,Charlotte Motor Speedway,charlotte-motor-speedway,2020-10-10,202010102105_Race,57,32,1,Alvaro Parente,1:29.818,14.045,33.084,42.689,92.987,56:02.081,89818,0,0,6
2020,11_Charlotte Motor Speedway,Charlotte Motor Speedway,charlotte-motor-speedway,2020-10-10,202010102105_Race,57,33,1,Alvaro Parente,1:29.963,14.081,33.206,42.676,92.837,57:32.044,89963,0,0,6
2020,11_Charlotte Motor Speedway,Charlotte Motor Speedway,charlotte-motor-speedway,2020-10-10,202010102105_Race,57,34,1,Alvaro Parente,1:29.866,13.991,33.180,42.695,92.938,59:01.910,89866,0,0,6
2020,11_Charlotte Motor Speedway,Charlotte Motor Speedway,charlotte-motor-speedway,2020-10-10,202010102105_Race,57,35,1,Alvaro Parente,1:29.791,14.064,32.990,42.737,93.015,1:00:31.701,89791,0,0,6
2020,11_Charlotte Motor Speedway,Charlotte Motor Speedway,charlotte-motor-speedway,2020-10-10,202010102105_Race,57,36,1,Alvaro Parente,1:29.902,13.992,33.159,42.751,92.900,1:02:01.603,89902,0,0,6
2020,11_Charlotte Motor Speedway,Charlotte Motor Speedway,charlotte-motor-speedway,2020-10-10,202010102105_Race,57,37,1,Alvaro Parente,1:29.571,14.067,32.913,42.591,93.244,1:03:31.174,89571,0,0,6
2020,11_Charlotte Motor Speedway,Charlotte Motor Speedway,charlotte-motor-speedway,2020-10-10,202010102105_Race,57,38,1,Alvaro Parente,1:29.563,14.092,32.981,42.490,93.252,1:05:00.737,89563,0,0,6
2020,11_Charlotte Motor Speedway,Charlotte Motor Speedway,charlotte-motor-speedway,2020-10-10,202010102105_Race,57,39,1,Alvaro Parente,1:29.531,14.017,32.916,42.598,93.285,1:06:30.268,89531,0,0,6
2020,11_Charlotte Motor Speedway,Charlotte Motor Speedway,charlotte-motor-speedway,2020-10-10,202010102105_Race,57,40,1,Alvaro Parente,1:29.693,14.007,33.096,42.590,93.117,1:07:59.961,89693,0,0,6
2020,11_Charlotte Motor Speedway,Charlotte Motor Speedway,charlotte-motor-speedway,2020-10-10,202010102105_Race,57,41,1,Alvaro Parente,1:29.696,14.076,33.025,42.595,93.114,1:09:29.657,89696,0,0,6
2020,11_Charlotte Motor Speedway,Charlotte Motor Speedway,charlotte-motor-speedway,2020-10-10,202010102105_Race,57,42,1,Alvaro Parente,1:30.166,14.214,33.113,42.839,92.628,1:10:59.823,90166,0,0,6
2020,11_Charlotte Motor Speedway,Charlotte Motor Speedway,charlotte-motor-speedway,2020-10-10,202010102105_Race,57,43,1,Alvaro Parente,1:29.900,14.084,33.235,42.581,92.902,1:12:29.723,89900,0,0,6
2020,11_Charlotte Motor Speedway,Charlotte Motor Speedway,charlotte-motor-speedway,2020-10-10,202010102105_Race,57,44,1,Alvaro Parente,1:30.171,14.247,33.371,42.553,92.623,1:13:59.894,90171,0,0,6
2020,11_Charlotte Motor Speedway,Charlotte Motor Speedway,charlotte-motor-speedway,2020-10-10,202010102105_Race,57,45,1,Alvaro Parente,1:29.874,14.193,32.968,42.713,92.929,1:15:29.768,89874,0,0,6
2020,11_Charlotte Motor Speedway,Charlotte Motor Speedway,charlotte-motor-speedway,2020-10-10,202010102105_Race,57,46,1,Alvaro Parente,1:30.235,14.239,33.285,42.711,92.558,1:17:00.003,90235,0,0,6
2020,11_Charlotte Motor Speedway,Charlotte Motor Speedway,charlotte-motor-speedway,2020-10-10,202010102105_Race,57,47,1,Alvaro Parente,1:30.886,14.326,32.868,43.692,91.895,1:18:30.889,90886,0,0,6
2020,11_Charlotte Motor Speedway,Charlotte Motor Speedway,charlotte-motor-speedway,2020-10-10,202010102105_Race,57,48,1,Alvaro Parente,1:29.860,14.280,33.023,42.557,92.944,1:20:00.749,89860,0,0,6
2020,11_Charlotte Motor Speedway,Charlotte Motor Speedway,charlotte-motor-speedway,2020-10-10,202010102105_Race,57,49,1,Alvaro Parente,1:29.679,14.029,33.011,42.639,93.131,1:21:30.428,89679,0,0,6
2020,11_Charlotte Motor Speedway,Charlotte Motor Speedway,charlotte-motor-speedway,2020-10-10,202010102105_Race,57,50,1,Alvaro Parente,1:30.176,14.082,33.167,42.927,92.618,1:23:00.604,90176,0,0,6
2020,11_Charlotte Motor Speedway,Charlotte Motor Speedway,charlotte-motor-speedway,2020-10-10,202010102105_Race,57,51,1,Alvaro Parente,1:29.674,14.000,32.982,42.692,93.137,1:24:30.278,89674,0,0,6
2020,11_Charlotte Motor Speedway,Charlotte Motor Speedway,charlotte-motor-speedway,2020-10-10,202010102105_Race,57,52,1,Alvaro Parente,1:29.738,14.123,33.043,42.572,93.070,1:26:00.016,89738,0,0,6
2020,11_Charlotte Motor Speedway,Charlotte Motor Speedway,charlotte-motor-speedway,2020-10-10,202010102105_Race,57,53,1,Alvaro Parente,1:29.865,14.112,32.960,42.793,92.939,1:27:29.881,89865,0,0,6
2020,11_Charlotte Motor Speedway,Charlotte Motor Speedway,charlotte-motor-speedway,2020-10-10,202010102105_Race,57,54,1,Alvaro Parente,1:33.304,14.069,33.051,46.184,89.513,1:29:03.185,93304,0,0,6
2020,11_Charlotte Motor Speedway,Charlotte Motor Speedway,charlotte-motor-speedway,2020-10-10,202010102105_Race,57,55,1,Alvaro Parente,1:33.378,14.466,33.714,45.198,89.442,1:30:36.563,93378,0,0,6
2020,11_Charlotte Motor Speedway,Charlotte Motor Speedway,charlotte-motor-speedway,2020-10-10,202010102105_Race,57,56,1,Alvaro Parente,1:41.098,14.786,33.941,52.371,82.612,1:32:17.661,101098,0,0,6
2020,11_Charlotte Motor Speedway,Charlotte Motor Speedway,charlotte-motor-speedway,2020-10-10,202010102105_Race,57,57,1,Alvaro Parente,2:09.781,17.651,43.828,1:08.302,64.354,1:34:27.442,129781,0,0,6
2020,11_Charlotte Motor Speedway,Charlotte Motor Speedway,charlotte-motor-speedway,2020-10-10,202010102105_Race,57,58,1,Alvaro Parente,1:32.082,14.416,34.280,43.386,90.701,1:35:59.524,92082,0,0,6
2020,11_Charlotte Motor Speedway,Charlotte Motor Speedway,charlotte-motor-speedway,2020-10-10,202010102105_Race,57,59,1,Alvaro Parente,1:31.075,14.215,33.489,43.371,91.704,1:37:30.599,91075,0,0,6
2020,11_Charlotte Motor Speedway,Charlotte Motor Speedway,charlotte-motor-speedway,2020-10-10,202010102105_Race,57,60,1,Alvaro Parente,1:30.278,14.135,33.385,42.758,92.514,1:39:00.877,90278,0,0,6
2020,11_Charlotte Motor Speedway,Charlotte Motor Speedway,charlotte-motor-speedway,2020-10-10,202010102105_Race,57,61,1,Alvaro Parente,1:30.247,14.176,33.383,42.688,92.545,1:40:31.124,90247,0,0,6
2020,11_Charlotte Motor Speedway,Charlotte Motor Speedway,charlotte-motor-speedway,2020-10-10,202010102105_Race,74,1,1,Gar Robinson,1:43.859,19.636,38.671,45.552,80.416,1:43.859,,,0,6
2020,11_Charlotte Motor Speedway,Charlotte Motor Speedway,charlotte-motor-speedway,2020-10-10,202010102105_Race,74,2,1,Gar Robinson,1:36.808,15.405,36.079,45.324,86.273,3:20.667,96808,0,0,6
2020,11_Charlotte Motor Speedway,Charlotte Motor Speedway,charlotte-motor-speedway,2020-10-10,202010102105_Race,74,3,1,Gar Robinson,1:36.944,15.415,35.814,45.715,86.152,4:57.611,96944,0,0,6
2020,11_Charlotte Motor Speedway,Charlotte Motor Speedway,charlotte-motor-speedway,2020-10-10,202010102105_Race,74,4,1,Gar Robinson,1:37.752,15.661,36.305,45.786,85.440,6:35.363,97752,0,0,6
2020,11_Charlotte Motor Speedway,Charlotte Motor Speedway,charlotte-motor-speedway,2020-10-10,202010102105_Race,74,5,1,Gar Robinson,1:39.249,16.123,37.491,45.635,84.151,8:14.612,99249,0,0,6
2020,11_Charlotte Motor Speedway,Charlotte Motor Speedway,charlotte-motor-speedway,2020-10-10,202010102105_Race,74,6,1,Gar Robinson,1:38.788,15.524,37.184,46.080,84.544,9:53.400,98788,0,0,6
2020,11_Charlotte Motor Speedway,Charlotte Motor Speedway,charlotte-motor-speedway,2020-10-10,202010102105_Race,74,7,1,Gar Robinson,1:55.289,17.711,42.974,54.604,72.443,11:48.689,115289,0,0,6
2020,11_Charlotte Motor Speedway,Charlotte Motor Speedway,charlotte-motor-speedway,2020-10-10,202010102105_Race,74,8,1,Gar Robinson,1:59.536,18.341,41.944,59.251,69.869,13:48.225,119536,0,0,6
2020,11_Charlotte Motor Speedway,Charlotte Motor Speedway,charlotte-motor-speedway,2020-10-10,202010102105_Race,74,9,1,Gar Robinson,2:23.092,24.646,48.292,1:10.154,58.367,16:11.317,143092,0,0,6
2020,11_Charlotte Motor Speedway,Charlotte Motor Speedway,charlotte-motor-speedway,2020-10-10,202010102105_Race,74,10,1,Gar Robinson,1:48.814,16.852,38.775,53.187,76.754,18:00.131,108814,0,0,6
2020,11_Charlotte Motor Speedway,Charlotte Motor Speedway,charlotte-motor-speedway,2020-10-10,202010102105_Race,74,11,1,Gar Robinson,2:21.119,21.987,41.876,1:17.256,59.183,20:21.250,141119,0,0,6
2020,11_Charlotte Motor Speedway,Charlotte Motor Speedway,charlotte-motor-speedway,2020-10-10,202010102105_Race,74,12,1,Gar Robinson,2:34.400,26.049,46.884,1:21.467,54.093,22:55.650,154400,0,0,6
2020,11_Charlotte Motor Speedway,Charlotte Motor Speedway,charlotte-motor-speedway,2020-10-10,202010102105_Race,74,13,1,Gar Robinson,2:36.591,25.294,47.002,1:24.295,53.336,25:32.241,156591,0,0,6
2020,11_Charlotte Motor Speedway,Charlotte Motor Speedway,charlotte-motor-speedway,2020-10-10,202010102105_Race,74,14,1,Gar Robinson,2:17.302,21.807,46.312,1:09.183,60.829,27:49.543,137302,0,0,6
2020,11_Charlotte Motor Speedway,Charlotte Motor Speedway,charlotte-motor-speedway,2020-10-10,202010102105_Race,74,15,1,Gar Robinson,1:37.493,15.554,37.329,44.610,85.667,29:27.036,97493,0,0,7
2020,11_Charlotte Motor Speedway,Charlotte Motor Speedway,charlotte-motor-speedway,2020-10-10,202010102105_Race,74,16,1,Gar Robinson,1:34.248,14.620,35.463,44.165,88.617,31:01.284,94248,0,0,7
2020,11_Charlotte Motor Speedway,Charlotte Motor Speedway,charlotte-motor-speedway,2020-10-10,202010102105_Race,74,17,1,Gar Robinson,2:12.309,14.268,34.639,1:23.402,63.124,33:13.593,132309,0,1,7
2020,11_Charlotte Motor Speedway,Charlotte Motor Speedway,charlotte-motor-speedway,2020-10-10,202010102105_Race,74,18,2,Lawson Aschenbach,1:40.366,20.326,35.082,44.958,83.215,34:53.959,100366,0,0,7
2020,11_Charlotte Motor Speedway,Charlotte Motor Speedway,charlotte-motor-speedway,2020-10-10,202010102105_Race,74,19,2,Lawson Aschenbach,1:32.467,14.567,33.940,43.960,90.323,36:26.426,92467,0,0,7
2020,11_Charlotte Motor Speedway,Charlotte Motor Speedway,charlotte-motor-speedway,2020-10-10,202010102105_Race,74,20,2,Lawson Aschenbach,1:32.471,13.974,33.470,45.027,90.319,37:58.897,92471,0,0,7
2020,11_Charlotte Motor Speedway,Charlotte Motor Speedway,charlotte-motor-speedway,2020-10-10,202010102105_Race,74,21,2,Lawson Aschenbach,1:31.292,14.385,33.524,43.383,91.486,39:30.189,91292,0,0,7
2020,11_Charlotte Motor Speedway,Charlotte Motor Speedway,charlotte-motor-speedway,2020-10-10,202010102105_Race,74,22,2,Lawson Aschenbach,1:30.910,14.090,33.088,43.732,91.870,41:01.099,90910,0,0,7
2020,11_Charlotte Motor Speedway,Charlotte Motor Speedway,charlotte-motor-speedway,2020-10-10,202010102105_Race,74,23,2,Lawson Aschenbach,1:31.600,14.042,33.026,44.532,91.178,42:32.699,91600,0,0,7
2020,11_Charlotte Motor Speedway,Charlotte Motor Speedway,charlotte-motor-speedway,2020-10-10,202010102105_Race,74,24,2,Lawson Aschenbach,1:30.950,14.205,33.475,43.270,91.830,44:03.649,90950,0,0,7
2020,11_Charlotte Motor Speedway,Charlotte Motor Speedway,charlotte-motor-speedway,2020-10-10,202010102105_Race,74,25,2,Lawson Aschenbach,1:31.290,13.967,33.786,43.537,91.488,45:34.939,91290,0,0,7
2020,11_Charlotte Motor Speedway,Charlotte Motor Speedway,charlotte-motor-speedway,2020-10-10,202010102105_Race,74,26,2,Lawson Aschenbach,1:30.612,14.098,33.175,43.339,92.172,47:05.551,90612,0,0,7
2020,11_Charlotte Motor Speedway,Charlotte Motor Speedway,charlotte-motor-speedway,2020-10-10,202010102105_Race,74,27,2,Lawson Aschenbach,1:30.475,14.136,33.286,43.053,92.312,48:36.026,90475,0,0,7
2020,11_Charlotte Motor Speedway,Charlotte Motor Speedway,charlotte-motor-speedway,2020-10-10,202010102105_Race,74,28,2,Lawson Aschenbach,1:30.258,14.069,33.292,42.897,92.534,50:06.284,90258,0,0,7
2020,11_Charlotte Motor Speedway,Charlotte Motor Speedway,charlotte-motor-speedway,2020-10-10,202010102105_Race,74,29,2,Lawson Aschenbach,1:30.003,13.936,33.167,42.900,92.796,51:36.287,90003,0,0,7
2020,11_Charlotte Motor Speedway,Charlotte Motor Speedway,charlotte-motor-speedway,2020-10-10,202010102105_Race,74,30,2,Lawson Aschenbach,1:30.335,13.958,33.274,43.103,92.455,53:06.622,90335,0,0,7
2020,11_Charlotte Motor Speedway,Charlotte Motor Speedway,charlotte-motor-speedway,2020-10-10,202010102105_Race,74,31,2,Lawson Aschenbach,1:30.151,14.038,33.370,42.743,92.644,54:36.773,90151,0,0,7
2020,11_Charlotte Motor Speedway,Charlotte Motor Speedway,charlotte-motor-speedway,2020-10-10,202010102105_Race,74,32,2,Lawson Aschenbach,1:30.381,14.128,33.386,42.867,92.408,56:07.154,90381,0,0,7
2020,11_Charlotte Motor Speedway,Charlotte Motor Speedway,charlotte-motor-speedway,2020-10-10,202010102105_Race,74,33,2,Lawson Aschenbach,1:30.201,13.976,33.292,42.933,92.592,57:37.355,90201,0,0,7
2020,11_Charlotte Motor Speedway,Charlotte Motor Speedway,charlotte-motor-speedway,2020-10-10,202010102105_Race,74,34,2,Lawson Aschenbach,1:29.995,14.072,33.193,42.730,92.804,59:07.350,89995,0,0,7
2020,11_Charlotte Motor Speedway,Charlotte Motor Speedway,charlotte-motor-speedway,2020-10-10,202010102105_Race,74,35,2,Lawson Aschenbach,1:31.261,13.985,33.381,43.895,91.517,1:00:38.611,91261,0,0,7
2020,11_Charlotte Motor Speedway,Charlotte Motor Speedway,charlotte-motor-speedway,2020-10-10,202010102105_Race,74,36,2,Lawson Aschenbach,1:31.421,14.014,33.365,44.042,91.357,1:02:10.032,91421,0,0,7
2020,11_Charlotte Motor Speedway,Charlotte Motor Speedway,charlotte-motor-speedway,2020-10-10,202010102105_Race,74,37,2,Lawson Aschenbach,1:31.414,14.167,33.489,43.758,91.364,1:03:41.446,91414,0,0,7
2020,11_Charlotte Motor Speedway,Charlotte Motor Speedway,charlotte-motor-speedway,2020-10-10,202010102105_Race,74,38,2,Lawson Aschenbach,1:30.551,14.146,33.483,42.922,92.235,1:05:11.997,90551,0,0,7
2020,11_Charlotte Motor Speedway,Charlotte Motor Speedway,charlotte-motor-speedway,2020-10-10,202010102105_Race,74,39,2,Lawson Aschenbach,1:30.943,14.264,33.409,43.270,91.837,1:06:42.940,90943,0,0,7
2020,11_Charlotte Motor Speedway,Charlotte Motor Speedway,charlotte-motor-speedway,2020-10-10,202010102105_Race,74,40,2,Lawson Aschenbach,1:30.411,14.162,33.055,43.194,92.377,1:08:13.351,90411,0,0,7
2020,11_Charlotte Motor Speedway,Charlotte Motor Speedway,charlotte-motor-speedway,2020-10-10,202010102105_Race,74,41,2,Lawson Aschenbach,1:41.400,14.148,42.571,44.681,82.366,1:09:54.751,101400,0,0,7
2020,11_Charlotte Motor Speedway,Charlotte Motor Speedway,charlotte-motor-speedway,2020-10-10,202010102105_Race,74,42,2,Lawson Aschenbach,1:39.739,14.121,39.639,45.979,83.738,1:11:34.490,99739,0,0,7
2020,11_Charlotte Motor Speedway,Charlotte Motor Speedway,charlotte-motor-speedway,2020-10-10,202010102105_Race,74,43,2,Lawson Aschenbach,2:05.044,14.308,33.782,1:16.954,66.792,1:13:39.534,125044,0,1,7
2020,11_Charlotte Motor Speedway,Charlotte Motor Speedway,charlotte-motor-speedway,2020-10-10,202010102105_Race,74,44,2,Lawson Aschenbach,1:36.886,21.306,33.247,42.333,86.204,1:15:16.420,96886,0,0,7
2020,11_Charlotte Motor Speedway,Charlotte Motor Speedway,charlotte-motor-speedway,2020-10-10,202010102105_Race,74,45,2,Lawson Aschenbach,1:28.274,13.555,32.298,42.421,94.614,1:16:44.694,88274,0,0,7
2020,11_Charlotte Motor Speedway,Charlotte Motor Speedway,charlotte-motor-speedway,2020-10-10,202010102105_Race,74,46,2,Lawson Aschenbach,1:29.272,14.096,32.874,42.302,93.556,1:18:13.966,89272,0,0,7
2020,11_Charlotte Motor Speedway,Charlotte Motor Speedway,charlotte-motor-speedway,2020-10-10,202010102105_Race,74,47,2,Lawson Aschenbach,1:28.708,13.532,32.493,42.683,94.151,1:19:42.674,88708,0,0,7
2020,11_Charlotte Motor Speedway,Charlotte Motor Speedway,charlotte-motor-speedway,2020-10-10,202010102105_Race,74,48,2,Lawson Aschenbach,1:29.246,13.652,32.975,42.619,93.583,1:21:11.920,89246,0,0,7
2020,11_Charlotte Motor Speedway,Charlotte Motor Speedway,charlotte-motor-speedway,2020-10-10,202010102105_Race,74,49,2,Lawson Aschenbach,1:29.378,13.810,32.758,42.810,93.445,1:22:41.298,89378,0,0,7
2020,11_Charlotte Motor Speedway,Charlotte Motor Speedway,charlotte-motor-speedway,2020-10-10,202010102105_Race,74,50,2,Lawson Aschenbach,1:30.224,13.837,33.267,43.120,92.569,1:24:11.522,90224,0,0,7
2020,11_Charlotte Motor Speedway,Charlotte Motor Speedway,charlotte-motor-speedway,2020-10-10,202010102105_Race,74,51,2,Lawson Aschenbach,1:30.423,14.088,33.509,42.826,92.365,1:25:41.945,90423,0,0,7
2020,11_Charlotte Motor Speedway,Charlotte Motor Speedway,charlotte-motor-speedway,2020-10-10,202010102105_Race,74,52,2,Lawson Aschenbach,1:29.972,14.023,33.316,42.633,92.828,1:27:11.917,89972,0,0,7
2020,11_Charlotte Motor Speedway,Charlotte Motor Speedway,charlotte-motor-speedway,2020-10-10,202010102105_Race,74,53,2,Lawson Aschenbach,1:36.187,14.005,34.247,47.935,86.830,1:28:48.104,96187,0,0,7
2020,11_Charlotte Motor Speedway,Charlotte Motor Speedway,charlotte-motor-speedway,2020-10-10,202010102105_Race,74,54,2,Lawson Aschenbach,1:36.142,15.979,34.879,45.284,86.871,1:30:24.246,96142,0,0,7
2020,11_Charlotte Motor Speedway,Charlotte Motor Speedway,charlotte-motor-speedway,2020-10-10,202010102105_Race,74,55,2,Lawson Aschenbach,1:45.093,14.964,34.310,55.819,79.472,1:32:09.339,105093,0,0,7
2020,11_Charlotte Motor Speedway,Charlotte Motor Speedway,charlotte-motor-speedway,2020-10-10,202010102105_Race,74,56,2,Lawson Aschenbach,2:16.726,21.247,45.866,1:09.613,61.085,1:34:26.065,136726,0,0,7
2020,11_Charlotte Motor Speedway,Charlotte Motor Speedway,charlotte-motor-speedway,2020-10-10,202010102105_Race,74,57,2,Lawson Aschenbach,1:32.208,14.674,34.147,43.387,90.577,1:35:58.273,92208,0,0,7
2020,11_Charlotte Motor Speedway,Charlotte Motor Speedway,charlotte-motor-speedway,2020-10-10,202010102105_Race,74,58,2,Lawson Aschenbach,1:30.034,14.062,33.061,42.911,92.764,1:37:28.307,90034,0,0,7
2020,11_Charlotte Motor Speedway,Charlotte Motor Speedway,charlotte-motor-speedway,2020-10-10,202010102105_Race,74,59,2,Lawson Aschenbach,1:34.526,13.991,33.498,47.037,88.356,1:39:02.833,94526,0,0,7
2020,11_Charlotte Motor Speedway,Charlotte Motor Speedway,charlotte-motor-speedway,2020-10-10,202010102105_Race,74,60,2,Lawson Aschenbach,1:32.580,15.446,33.602,43.532,90.213,1:40:35.413,92580,0,0,7
2020,11_Charlotte Motor Speedway,Charlotte Motor Speedway,charlotte-motor-speedway,2020-10-10,202010102105_Race,76,1,1,Jeff Kingsley,1:41.178,19.366,36.557,45.255,82.547,1:41.178,,,0,7
2020,11_Charlotte Motor Speedway,Charlotte Motor Speedway,charlotte-motor-speedway,2020-10-10,202010102105_Race,76,2,1,Jeff Kingsley,1:34.977,15.763,34.655,44.559,87.936,3:16.155,94977,0,0,7
2020,11_Charlotte Motor Speedway,Charlotte Motor Speedway,charlotte-motor-speedway,2020-10-10,202010102105_Race,76,3,1,Jeff Kingsley,1:34.832,15.560,34.277,44.995,88.071,4:50.987,94832,0,0,7
2020,11_Charlotte Motor Speedway,Charlotte Motor Speedway,charlotte-motor-speedway,2020-10-10,202010102105_Race,76,4,1,Jeff Kingsley,1:40.237,15.889,37.924,46.424,83.322,6:31.224,100237,0,0,7
2020,11_Charlotte Motor Speedway,Charlotte Motor Speedway,charlotte-motor-speedway,2020-10-10,202010102105_Race,76,5,1,Jeff Kingsley,1:38.457,15.948,36.441,46.068,84.828,8:09.681,98457,0,0,7
2020,11_Charlotte Motor Speedway,Charlotte Motor Speedway,charlotte-motor-speedway,2020-10-10,202010102105_Race,76,6,1,Jeff Kingsley,1:40.574,15.750,37.430,47.394,83.043,9:50.255,100574,0,0,7
2020,11_Charlotte Motor Speedway,Charlotte Motor Speedway,charlotte-motor-speedway,2020-10-10,202010102105_Race,76,7,1,Jeff Kingsley,1:53.619,17.196,42.794,53.629,73.508,11:43.874,113619,0,0,7
2020,11_Charlotte Motor Speedway,Charlotte Motor Speedway,charlotte-motor-speedway,2020-10-10,202010102105_Race,76,8,1,Jeff Kingsley,2:00.484,18.720,40.900,1:00.864,69.320,13:44.358,120484,0,0,7
2020,11_Charlotte Motor Speedway,Charlotte Motor Speedway,charlotte-motor-speedway,2020-10-10,202010102105_Race,76,9,1,Jeff Kingsley,2:24.388,25.113,47.709,1:11.566,57.844,16:08.746,144388,0,0,7
2020,11_Charlotte Motor Speedway,Charlotte Motor Speedway,charlotte-motor-speedway,2020-10-10,202010102105_Race,76,10,1,Jeff Kingsley,1:49.602,16.834,38.168,54.600,76.202,17:58.348,109602,0,0,7
2020,11_Charlotte Motor Speedway,Charlotte Motor Speedway,charlotte-motor-speedway,2020-10-10,202010102105_Race,76,11,1,Jeff Kingsley,2:21.327,21.823,41.988,1:17.516,59.096,20:19.675,141327,0,0,7
2020,11_Charlotte Motor Speedway,Charlotte Motor Speedway,charlotte-motor-speedway,2020-10-10,202010102105_Race,76,12,1,Jeff Kingsley,2:34.493,25.185,47.160,1:22.148,54.060,22:54.168,154493,0,0,7
2020,11_Charlotte Motor Speedway,Charlotte Motor Speedway,charlotte-motor-speedway,2020-10-10,202010102105_Race,76,13,1,Jeff Kingsley,2:36.104,24.526,47.594,1:23.984,53.502,25:30.272,156104,0,0,7
2020,11_Charlotte Motor Speedway,Charlotte Motor Speedway,charlotte-motor-speedway,2020-10-10,202010102105_Race,76,14,1,Jeff Kingsley,2:17.841,22.762,45.930,1:09.149,60.591,27:48.113,137841,0,0,7
2020,11_Charlotte Motor Speedway,Charlotte Motor Speedway,charlotte-motor-speedway,2020-10-10,202010102105_Race,76,15,1,Jeff Kingsley,1:35.185,16.049,35.258,43.878,87.744,29:23.298,95185,0,0,7
2020,11_Charlotte Motor Speedway,Charlotte Motor Speedway,charlotte-motor-speedway,2020-10-10,202010102105_Race,76,16,1,Jeff Kingsley,2:15.662,14.972,34.603,1:26.087,61.564,31:38.960,135662,0,1,7
2020,11_Charlotte Motor Speedway,Charlotte Motor Speedway,charlotte-motor-speedway,2020-10-10,202010102105_Race,76,17,2,Paul Holton,1:43.646,21.623,37.880,44.143,80.581,33:22.606,103646,0,0,7
2020,11_Charlotte Motor Speedway,Charlotte Motor Speedway,charlotte-motor-speedway,2020-10-10,202010102105_Race,76,18,2,Paul Holton,1:32.221,15.200,33.419,43.602,90.564,34:54.827,92221,0,0,7
2020,11_Charlotte Motor Speedway,Charlotte Motor Speedway,charlotte-motor-speedway,2020-10-10,202010102105_Race,76,19,2,Paul Holton,1:32.069,14.753,34.227,43.089,90.714,36:26.896,92069,0,0,7
2020,11_Charlotte Motor Speedway,Charlotte Motor Speedway,charlotte-motor-speedway,2020-10-10,202010102105_Race,76,20,2,Paul Holton,1:31.200,14.618,33.080,43.502,91.578,37:58.096,91200,0,0,7
2020,11_Charlotte Motor Speedway,Charlotte Motor Speedway,charlotte-motor-speedway,2020-10-10,202010102105_Race,76,21,2,Paul Holton,1:30.837,14.836,33.160,42.841,91.944,39:28.933,90837,0,0,7
2020,11_Charlotte Motor Speedway,Charlotte Motor Speedway,charlotte-motor-speedway,2020-10-10,202010102105_Race,76,22,2,Paul Holton,1:30.488,14.386,33.260,42.842,92.299,40:59.421,90488,0,0,7
2020,11_Charlotte Motor Speedway,Charlotte Motor Speedway,charlotte-motor-speedway,2020-10-10,202010102105_Race,76,23,2,Paul Holton,1:30.970,14.154,33.464,43.352,91.810,42:30.391,90970,0,0,7
2020,11_Charlotte Motor Speedway,Charlotte Motor Speedway,charlotte-motor-speedway,2020-10-10,202010102105_Race,76,24,2,Paul Holton,1:32.024,14.419,34.897,42.708,90.758,44:02.415,92024,0,0,7
2020,11_Charlotte Motor Speedway,Charlotte Motor Speedway,charlotte-motor-speedway,2020-10-10,202010102105_Race,76,25,2,Paul Holton,1:31.363,14.308,34.271,42.784,91.415,45:33.778,91363,0,0,7
2020,11_Charlotte Motor Speedway,Charlotte Motor Speedway,charlotte-motor-speedway,2020-10-10,202010102105_Race,76,26,2,Paul Holton,1:30.220,14.252,33.160,42.808,92.573,47:03.998,90220,0,0,7
2020,11_Charlotte Motor Speedway,Charlotte Motor Speedway,charlotte-motor-speedway,2020-10-10,202010102105_Race,76,27,2,Paul Holton,1:30.508,14.186,33.204,43.118,92.278,48:34.506,90508,0,0,7
2020,11_Charlotte Motor Speedway,Charlotte Motor Speedway,charlotte-motor-speedway,2020-10-10,202010102105_Race,76,28,2,Paul Holton,1:55.173,14.018,58.895,42.260,72.516,50:29.679,115173,0,0,7
2020,11_Charlotte Motor Speedway,Charlotte Motor Speedway,charlotte-motor-speedway,2020-10-10,202010102105_Race,76,29,2,Paul Holton,1:30.585,14.532,33.389,42.664,92.200,52:00.264,90585,0,0,7
2020,11_Charlotte Motor Speedway,Charlotte Motor Speedway,charlotte-motor-speedway,2020-10-10,202010102105_Race,76,30,2,Paul Holton,1:30.235,14.396,33.320,42.519,92.558,53:30.499,90235,0,0,7
2020,11_Charlotte Motor Speedway,Charlotte Motor Speedway,charlotte-motor-speedway,2020-10-10,202010102105_Race,76,31,2,Paul Holton,1:31.004,14.870,33.458,42.676,91.775,55:01.503,91004,0,0,7
2020,11_Charlotte Motor Speedway,Charlotte Motor Speedway,charlotte-motor-speedway,2020-10-10,202010102105_Race,76,32,2,Paul Holton,1:30.162,14.420,33.342,42.400,92.633,56:31.665,90162,0,0,7
2020,11_Charlotte Motor Speedway,Charlotte Motor Speedway,charlotte-motor-speedway,2020-10-10,202010102105_Race,76,33,2,Paul Holton,1:29.945,14.458,33.343,42.144,92.856,58:01.610,89945,0,0,7
2020,11_Charlotte Motor Speedway,Charlotte Motor Speedway,charlotte-motor-speedway,2020-10-10,202010102105_Race,76,34,2,Paul Holton,1:29.512,14.282,33.380,41.850,93.305,59:31.122,89512,0,0,7
2020,11_Charlotte Motor Speedway,Charlotte Motor Speedway,charlotte-motor-speedway,2020-10-10,202010102105_Race,76,35,2,Paul Holton,1:29.680,14.343,33.258,42.079,93.130,1:01:00.802,89680,0,0,7
2020,11_Charlotte Motor Speedway,Charlotte Motor Speedway,charlotte-motor-speedway,2020-10-10,202010102105_Race,76,36,2,Paul Holton,1:30.207,14.418,33.130,42.659,92.586,1:02:31.009,90207,0,0,7
2020,11_Charlotte Motor Speedway,Charlotte Motor Speedway,charlotte-motor-speedway,2020-10-10,202010102105_Race,76,37,2,Paul Holton,1:34.897,14.516,33.515,46.866,88.010,1:04:05.906,94897,0,0,7
2020,11_Charlotte Motor Speedway,Charlotte Motor Speedway,charlotte-motor-speedway,2020-10-10,202010102105_Race,76,38,2,Paul Holton,1:29.980,14.216,33.574,42.190,92.820,1:05:35.886,89980,0,0,7
2020,11_Charlotte Motor Speedway,Charlotte Motor Speedway,charlotte-motor-speedway,2020-10-10,202010102105_Race,76,39,2,Paul Holton,1:29.731,14.242,33.217,42.272,93.077,1:07:05.617,89731,0,0,7
2020,11_Charlotte Motor Speedway,Charlotte Motor Speedway,charlotte-motor-speedway,2020-10-10,202010102105_Race,76,40,2,Paul Holton,1:30.157,14.444,33.546,42.167,92.638,1:08:35.774,90157,0,0,7
2020,11_Charlotte Motor Speedway,Charlotte Motor Speedway,charlotte-motor-speedway,2020-10-10,202010102105_Race,76,41,2,Paul Holton,2:00.775,14.236,33.403,1:13.136,69.153,1:10:36.549,120775,0,1,7
2020,11_Charlotte Motor Speedway,Charlotte Motor Speedway,charlotte-motor-speedway,2020-10-10,202010102105_Race,76,42,2,Paul Holton,1:37.424,21.146,34.039,42.239,85.728,1:12:13.973,97424,0,0,7
2020,11_Charlotte Motor Speedway,Charlotte Motor Speedway,charlotte-motor-speedway,2020-10-10,202010102105_Race,76,43,2,Paul Holton,1:28.202,13.894,32.669,41.639,94.691,1:13:42.175,88202,0,0,7
2020,11_Charlotte Motor Speedway,Charlotte Motor Speedway,charlotte-motor-speedway,2020-10-10,202010102105_Race,76,44,2,Paul Holton,1:28.589,13.928,32.915,41.746,94.277,1:15:10.764,88589,0,0,7
2020,11_Charlotte Motor Speedway,Charlotte Motor Speedway,charlotte-motor-speedway,2020-10-10,202010102105_Race,76,45,2,Paul Holton,1:29.045,14.099,33.011,41.935,93.795,1:16:39.809,89045,0,0,7
2020,11_Charlotte Motor Speedway,Charlotte Motor Speedway,charlotte-motor-speedway,2020-10-10,202010102105_Race,76,46,2,Paul Holton,1:29.625,14.443,33.209,41.973,93.188,1:18:09.434,89625,0,0,7
2020,11_Charlotte Motor Speedway,Charlotte Motor Speedway,charlotte-motor-speedway,2020-10-10,202010102105_Race,76,47,2,Paul Holton,1:29.976,14.128,33.517,42.331,92.824,1:19:39.410,89976,0,0,7
2020,11_Charlotte Motor Speedway,Charlotte Motor Speedway,charlotte-motor-speedway,2020-10-10,202010102105_Race,76,48,2,Paul Holton,1:30.273,14.416,33.598,42.259,92.519,1:21:09.683,90273,0,0,7
2020,11_Charlotte Motor Speedway,Charlotte Motor Speedway,charlotte-motor-speedway,2020-10-10,202010102105_Race,76,49,2,Paul Holton,1:29.446,14.257,33.233,41.956,93.374,1:22:39.129,89446,0,0,7
2020,11_Charlotte Motor Speedway,Charlotte Motor Speedway,charlotte-motor-speedway,2020-10-10,202010102105_Race,76,50,2,Paul Holton,1:29.722,14.317,33.398,42.007,93.087,1:24:08.851,89722,0,0,7
2020,11_Charlotte Motor Speedway,Charlotte Motor Speedway,charlotte-motor-speedway,2020-10-10,202010102105_Race,76,51,2,Paul Holton,1:30.245,14.337,33.512,42.396,92.547,1:25:39.096,90245,0,0,7
2020,11_Charlotte Motor Speedway,Charlotte Motor Speedway,charlotte-motor-speedway,2020-10-10,202010102105_Race,76,52,2,Paul Holton,1:30.502,14.526,33.545,42.431,92.285,1:27:09.598,90502,0,0,7
2020,11_Charlotte Motor Speedway,Charlotte Motor Speedway,charlotte-motor-speedway,2020-10-10,202010102105_Race,76,53,2,Paul Holton,1:37.986,14.377,33.938,49.671,85.236,1:28:47.584,97986,0,0,7
2020,11_Charlotte Motor Speedway,Charlotte Motor Speedway,charlotte-motor-speedway,2020-10-10,202010102105_Race,76,54,2,Paul Holton,1:35.866,15.806,34.616,45.444,87.121,1:30:23.450,95866,0,0,7
2020,11_Charlotte Motor Speedway,Charlotte Motor Speedway,charlotte-motor-speedway,2020-10-10,202010102105_Race,76,55,2,Paul Holton,1:45.188,15.264,33.647,56.277,79.400,1:32:08.638,105188,0,0,7
2020,11_Charlotte Motor Speedway,Charlotte Motor Speedway,charlotte-motor-speedway,2020-10-10,202010102105_Race,76,56,2,Paul Holton,2:16.716,20.994,46.037,1:09.685,61.089,1:34:25.354,136716,0,0,7
2020,11_Charlotte Motor Speedway,Charlotte Motor Speedway,charlotte-motor-speedway,2020-10-10,202010102105_Race,76,57,2,Paul Holton,1:30.570,14.760,33.803,42.007,92.215,1:35:55.924,90570,0,0,7
2020,11_Charlotte Motor Speedway,Charlotte Motor Speedway,charlotte-motor-speedway,2020-10-10,202010102105_Race,76,58,2,Paul Holton,1:29.249,14.148,33.070,42.031,93.580,1:37:25.173,89249,0,0,7
2020,11_Charlotte Motor Speedway,Charlotte Motor Speedway,charlotte-motor-speedway,2020-10-10,202010102105_Race,76,59,2,Paul Holton,1:29.721,14.426,33.243,42.052,93.088,1:38:54.894,89721,0,0,7
2020,11_Charlotte Motor Speedway,Charlotte Motor Speedway,charlotte-motor-speedway,2020-10-10,202010102105_Race,76,60,2,Paul Holton,1:30.105,14.383,33.340,42.382,92.691,1:40:24.999,90105,0,0,7
2020,11_Charlotte Motor Speedway,Charlotte Motor Speedway,charlotte-motor-speedway,2020-10-10,202010102105_Race,86,1,2,Matt McMurry,1:39.435,17.673,36.561,45.201,83.994,1:39.435,,,0,7
2020,11_Charlotte Motor Speedway,Charlotte Motor Speedway,charlotte-motor-speedway,2020-10-10,202010102105_Race,86,2,2,Matt McMurry,1:35.344,15.963,34.476,44.905,87.598,3:14.779,95344,0,0,7
2020,11_Charlotte Motor Speedway,Charlotte Motor Speedway,charlotte-motor-speedway,2020-10-10,202010102105_Race,86,3,2,Matt McMurry,1:34.013,15.129,34.491,44.393,88.838,4:48.792,94013,0,0,7
2020,11_Charlotte Motor Speedway,Charlotte Motor Speedway,charlotte-motor-speedway,2020-10-10,202010102105_Race,86,4,2,Matt McMurry,1:34.967,14.799,34.984,45.184,87.946,6:23.759,94967,0,0,7
2020,11_Charlotte Motor Speedway,Charlotte Motor Speedway,charlotte-motor-speedway,2020-10-10,202010102105_Race,86,5,2,Matt McMurry,1:36.041,14.839,35.446,45.756,86.962,7:59.800,96041,0,0,8
2020,11_Charlotte Motor Speedway,Charlotte Motor Speedway,charlotte-motor-speedway,2020-10-10,202010102105_Race,86,6,2,Matt McMurry,1:36.861,14.897,36.471,45.493,86.226,9:36.661,96861,0,0,8
2020,11_Charlotte Motor Speedway,Charlotte Motor Speedway,charlotte-motor-speedway,2020-10-10,202010102105_Race,86,7,2,Matt McMurry,1:49.848,16.187,38.580,55.081,76.032,11:26.509,109848,0,0,8
2020,11_Charlotte Motor Speedway,Charlotte Motor Speedway,charlotte-motor-speedway,2020-10-10,202010102105_Race,86,8,2,Matt McMurry,2:13.456,18.454,42.506,1:12.496,62.582,13:39.965,133456,0,0,8
2020,11_Charlotte Motor Speedway,Charlotte Motor Speedway,charlotte-motor-speedway,2020-10-10,202010102105_Race,86,9,2,Matt McMurry,2:26.640,24.923,50.059,1:11.658,56.955,16:06.605,146640,0,0,8
2020,11_Charlotte Motor Speedway,Charlotte Motor Speedway,charlotte-motor-speedway,2020-10-10,202010102105_Race,86,10,2,Matt McMurry,1:49.471,15.424,37.693,56.354,76.293,17:56.076,109471,0,0,8
2020,11_Charlotte Motor Speedway,Charlotte Motor Speedway,charlotte-motor-speedway,2020-10-10,202010102105_Race,86,11,2,Matt McMurry,2:21.336,21.044,43.155,1:17.137,59.093,20:17.412,141336,0,0,8
2020,11_Charlotte Motor Speedway,Charlotte Motor Speedway,charlotte-motor-speedway,2020-10-10,202010102105_Race,86,12,2,Matt McMurry,2:33.892,24.397,48.472,1:21.023,54.271,22:51.304,153892,0,0,8
2020,11_Charlotte Motor Speedway,Charlotte Motor Speedway,charlotte-motor-speedway,2020-10-10,202010102105_Race,86,13,2,Matt McMurry,2:36.227,24.944,47.857,1:23.426,53.460,25:27.531,156227,0,0,8
2020,11_Charlotte Motor Speedway,Charlotte Motor Speedway,charlotte-motor-speedway,2020-10-10,202010102105_Race,86,14,2,Matt McMurry,2:19.449,23.168,45.940,1:10.341,59.892,27:46.980,139449,0,0,8
2020,11_Charlotte Motor Speedway,Charlotte Motor Speedway,charlotte-motor-speedway,2020-10-10,202010102105_Race,86,15,2,Matt McMurry,1:33.320,14.780,34.272,44.268,89.498,29:20.300,93320,0,0,8
2020,11_Charlotte Motor Speedway,Charlotte Motor Speedway,charlotte-motor-speedway,2020-10-10,202010102105_Race,86,16,2,Matt McMurry,1:42.397,14.424,34.173,53.800,81.564,31:02.697,102397,0,1,8
2020,11_Charlotte Motor Speedway,Charlotte Motor Speedway,charlotte-motor-speedway,2020-10-10,202010102105_Race,86,17,1,Mario Farnbacher,1:58.071,41.489,33.429,43.153,70.736,33:00.768,118071,0,0,8
2020,11_Charlotte Motor Speedway,Charlotte Motor Speedway,charlotte-motor-speedway,2020-10-10,202010102105_Race,86,18,1,Mario Farnbacher,1:31.241,14.956,33.467,42.818,91.537,34:32.009,91241,0,0,8
2020,11_Charlotte Motor Speedway,Charlotte Motor Speedway,charlotte-motor-speedway,2020-10-10,202010102105_Race,86,19,1,Mario Farnbacher,1:30.835,14.790,33.476,42.569,91.946,36:02.844,90835,0,0,8
2020,11_Charlotte Motor Speedway,Charlotte Motor Speedway,charlotte-motor-speedway,2020-10-10,202010102105_Race,86,20,1,Mario Farnbacher,1:31.437,14.960,33.627,42.850,91.341,37:34.281,91437,0,0,8
2020,11_Charlotte Motor Speedway,Charlotte Motor Speedway,charlotte-motor-speedway,2020-10-10,202010102105_Race,86,21,1,Mario Farnbacher,1:30.637,14.802,33.369,42.466,92.147,39:04.918,90637,0,0,8
2020,11_Charlotte Motor Speedway,Charlotte Motor Speedway,charlotte-motor-speedway,2020-10-10,202010102105_Race,86,22,1,Mario Farnbacher,1:30.533,14.664,33.273,42.596,92.253,40:35.451,90533,0,0,8
2020,11_Charlotte Motor Speedway,Charlotte Motor Speedway,charlotte-motor-speedway,2020-10-10,202010102105_Race,86,23,1,Mario Farnbacher,1:30.327,14.751,32.964,42.612,92.463,42:05.778,90327,0,0,8
2020,11_Charlotte Motor Speedway,Charlotte Motor Speedway,charlotte-motor-speedway,2020-10-10,202010102105_Race,86,24,1,Mario Farnbacher,1:29.709,14.605,32.872,42.232,93.100,43:35.487,89709,0,0,8
2020,11_Charlotte Motor Speedway,Charlotte Motor Speedway,charlotte-motor-speedway,2020-10-10,202010102105_Race,86,25,1,Mario Farnbacher,1:29.831,14.591,33.108,42.132,92.974,45:05.318,89831,0,0,8
2020,11_Charlotte Motor Speedway,Charlotte Motor Speedway,charlotte-motor-speedway,2020-10-10,202010102105_Race,86,26,1,Mario Farnbacher,1:29.311,14.385,32.915,42.011,93.515,46:34.629,89311,0,0,8
2020,11_Charlotte Motor Speedway,Charlotte Motor Speedway,charlotte-motor-speedway,2020-10-10,202010102105_Race,86,27,1,Mario Farnbacher,1:29.212,14.383,33.015,41.814,93.619,48:03.841,89212,0,0,8
2020,11_Charlotte Motor Speedway,Charlotte Motor Speedway,charlotte-motor-speedway,2020-10-10,202010102105_Race,86,28,1,Mario Farnbacher,1:28.469,14.099,32.611,41.759,94.405,49:32.310,88469,0,0,8
2020,11_Charlotte Motor Speedway,Charlotte Motor Speedway,charlotte-motor-speedway,2020-10-10,202010102105_Race,86,29,1,Mario Farnbacher,1:28.742,14.369,32.651,41.722,94.115,51:01.052,88742,0,0,8
2020,11_Charlotte Motor Speedway,Charlotte Motor Speedway,charlotte-motor-speedway,2020-10-10,202010102105_Race,86,30,1,Mario Farnbacher,1:28.628,14.223,32.733,41.672,94.236,52:29.680,88628,0,0,8
2020,11_Charlotte Motor Speedway,Charlotte Motor Speedway,charlotte-motor-speedway,2020-10-10,202010102105_Race,86,31,1,Mario Farnbacher,1:31.597,14.203,32.876,44.518,91.181,54:01.277,91597,0,0,8
2020,11_Charlotte Motor Speedway,Charlotte Motor Speedway,charlotte-motor-speedway,2020-10-10,202010102105_Race,86,32,1,Mario Farnbacher,1:29.243,14.482,33.120,41.641,93.586,55:30.520,89243,0,0,8
2020,11_Charlotte Motor Speedway,Charlotte Motor Speedway,charlotte-motor-speedway,2020-10-10,202010102105_Race,86,33,1,Mario Farnbacher,1:29.417,14.332,32.883,42.202,93.404,56:59.937,89417,0,0,8
2020,11_Charlotte Motor Speedway,Charlotte Motor Speedway,charlotte-motor-speedway,2020-10-10,202010102105_Race,86,34,1,Mario Farnbacher,1:34.672,14.360,32.947,47.365,88.220,58:34.609,94672,0,0,8
2020,11_Charlotte Motor Speedway,Charlotte Motor Speedway,charlotte-motor-speedway,2020-10-10,202010102105_Race,86,35,1,Mario Farnbacher,1:31.473,15.323,33.030,43.120,91.305,1:00:06.082,91473,0,0,8
2020,11_Charlotte Motor Speedway,Charlotte Motor Speedway,charlotte-motor-speedway,2020-10-10,202010102105_Race,86,36,1,Mario Farnbacher,1:29.196,14.207,33.007,41.982,93.636,1:01:35.278,89196,0,0,8
2020,11_Charlotte Motor Speedway,Charlotte Motor Speedway,charlotte-motor-speedway,2020-10-10,202010102105_Race,86,37,1,Mario Farnbacher,1:28.984,14.301,32.975,41.708,93.859,1:03:04.262,88984,0,0,8
2020,11_Charlotte Motor Speedway,Charlotte Motor Speedway,charlotte-motor-speedway,2020-10-10,202010102105_Race,86,38,1,Mario Farnbacher,1:28.986,14.256,32.945,41.785,93.857,1:04:33.248,88986,0,0,8
2020,11_Charlotte Motor Speedway,Charlotte Motor Speedway,charlotte-motor-speedway,2020-10-10,202010102105_Race,86,39,1,Mario Farnbacher,1:28.996,14.276,32.911,41.809,93.846,1:06:02.244,88996,0,0,8
2020,11_Charlotte Motor Speedway,Charlotte Motor Speedway,charlotte-motor-speedway,2020-10-10,202010102105_Race,86,40,1,Mario Farnbacher,1:28.873,14.228,32.970,41.675,93.976,1:07:31.117,88873,0,0,8
2020,11_Charlotte Motor Speedway,Charlotte Motor Speedway,charlotte-motor-speedway,2020-10-10,202010102105_Race,86,41,1,Mario Farnbacher,1:29.066,14.165,33.041,41.860,93.772,1:09:00.183,89066,0,0,8
2020,11_Charlotte Motor Speedway,Charlotte Motor Speedway,charlotte-motor-speedway,2020-10-10,202010102105_Race,86,42,1,Mario Farnbacher,1:29.319,14.236,33.003,42.080,93.507,1:10:29.502,89319,0,0,8
2020,11_Charlotte Motor Speedway,Charlotte Motor Speedway,charlotte-motor-speedway,2020-10-10,202010102105_Race,86,43,1,Mario Farnbacher,1:28.974,14.197,33.017,41.760,93.869,1:11:58.476,88974,0,0,8
2020,11_Charlotte Motor Speedway,Charlotte Motor Speedway,charlotte-motor-speedway,2020-10-10,202010102105_Race,86,44,1,Mario Farnbacher,1:28.989,14.260,32.884,41.845,93.854,1:13:27.465,88989,0,0,8
2020,11_Charlotte Motor Speedway,Charlotte Motor Speedway,charlotte-motor-speedway,2020-10-10,202010102105_Race,86,45,1,Mario Farnbacher,1:28.964,14.318,32.897,41.749,93.880,1:14:56.429,88964,0,0,8
2020,11_Charlotte Motor Speedway,Charlotte Motor Speedway,charlotte-motor-speedway,2020-10-10,202010102105_Race,86,46,1,Mario Farnbacher,1:29.033,14.380,32.917,41.736,93.807,1:16:25.462,89033,0,0,8
2020,11_Charlotte Motor Speedway,Charlotte Motor Speedway,charlotte-motor-speedway,2020-10-10,202010102105_Race,86,47,1,Mario Farnbacher,1:28.881,14.268,32.975,41.638,93.968,1:17:54.343,88881,0,0,8
2020,11_Charlotte Motor Speedway,Charlotte Motor Speedway,charlotte-motor-speedway,2020-10-10,202010102105_Race,86,48,1,Mario Farnbacher,1:29.225,14.201,33.207,41.817,93.605,1:19:23.568,89225,0,0,8
2020,11_Charlotte Motor Speedway,Charlotte Motor Speedway,charlotte-motor-speedway,2020-10-10,202010102105_Race,86,49,1,Mario Farnbacher,1:29.609,14.397,33.127,42.085,93.204,1:20:53.177,89609,0,0,8
2020,11_Charlotte Motor Speedway,Charlotte Motor Speedway,charlotte-motor-speedway,2020-10-10,202010102105_Race,86,50,1,Mario Farnbacher,1:28.565,14.087,32.756,41.722,94.303,1:22:21.742,88565,0,0,8
2020,11_Charlotte Motor Speedway,Charlotte Motor Speedway,charlotte-motor-speedway,2020-10-10,202010102105_Race,86,51,1,Mario Farnbacher,1:29.547,14.274,33.121,42.152,93.269,1:23:51.289,89547,0,0,8
2020,11_Charlotte Motor Speedway,Charlotte Motor Speedway,charlotte-motor-speedway,2020-10-10,202010102105_Race,86,52,1,Mario Farnbacher,1:29.314,14.385,32.991,41.938,93.512,1:25:20.603,89314,0,0,8
2020,11_Charlotte Motor Speedway,Charlotte Motor Speedway,charlotte-motor-speedway,2020-10-10,202010102105_Race,86,53,1,Mario Farnbacher,1:29.217,14.196,32.966,42.055,93.614,1:26:49.820,89217,0,0,8
2020,11_Charlotte Motor Speedway,Charlotte Motor Speedway,charlotte-motor-speedway,2020-10-10,202010102105_Race,86,54,1,Mario Farnbacher,1:31.356,14.286,32.985,44.085,91.422,1:28:21.176,91356,0,0,8
2020,11_Charlotte Motor Speedway,Charlotte Motor Speedway,charlotte-motor-speedway,2020-10-10,202010102105_Race,86,55,1,Mario Farnbacher,1:36.104,15.218,34.595,46.291,86.905,1:29:57.280,96104,0,0,8
2020,11_Charlotte Motor Speedway,Charlotte Motor Speedway,charlotte-motor-speedway,2020-10-10,202010102105_Race,86,56,1,Mario Farnbacher,2:09.224,15.121,35.230,1:18.873,64.631,1:32:06.504,129224,0,0,8
2020,11_Charlotte Motor Speedway,Charlotte Motor Speedway,charlotte-motor-speedway,2020-10-10,202010102105_Race,86,57,1,Mario Farnbacher,2:26.230,21.206,46.324,1:18.700,57.115,1:34:32.734,146230,0,0,8
2020,11_Charlotte Motor Speedway,Charlotte Motor Speedway,charlotte-motor-speedway,2020-10-10,202010102105_Race,86,58,1,Mario Farnbacher,1:31.126,15.854,33.730,41.542,91.653,1:36:03.860,91126,0,0,8
2020,11_Charlotte Motor Speedway,Charlotte Motor Speedway,charlotte-motor-speedway,2020-10-10,202010102105_Race,86,59,1,Mario Farnbacher,1:28.658,14.206,32.753,41.699,94.204,1:37:32.518,88658,0,0,8
2020,11_Charlotte Motor Speedway,Charlotte Motor Speedway,charlotte-motor-speedway,2020-10-10,202010102105_Race,86,60,1,Mario Farnbacher,1:30.343,14.310,32.990,43.043,92.447,1:39:02.861,90343,0,0,8
2020,11_Charlotte Motor Speedway,Charlotte Motor Speedway,charlotte-motor-speedway,2020-10-10,202010102105_Race,86,61,1,Mario Farnbacher,1:30.001,14.993,33.262,41.746,92.798,1:40:32.862,90001,0,0,8
2020,11_Charlotte Motor Speedway,Charlotte Motor Speedway,charlotte-motor-speedway,2020-10-10,202010102105_Race,96,1,2,Robby Foley,1:39.062,17.618,35.965,45.479,84.310,1:39.062,,,0,8
2020,11_Charlotte Motor Speedway,Charlotte Motor Speedway,charlotte-motor-speedway,2020-10-10,202010102105_Race,96,2,2,Robby Foley,1:48.402,15.131,33.859,59.412,77.046,3:27.464,108402,0,0,8
2020,11_Charlotte Motor Speedway,Charlotte Motor Speedway,charlotte-motor-speedway,2020-10-10,202010102105_Race,96,3,2,Robby Foley,1:35.242,16.134,34.841,44.267,87.692,5:02.706,95242,0,0,8
2020,11_Charlotte Motor Speedway,Charlotte Motor Speedway,charlotte-motor-speedway,2020-10-10,202010102105_Race,96,4,2,Robby Foley,1:38.801,16.384,36.399,46.018,84.533,6:41.507,98801,0,0,8
2020,11_Charlotte Motor Speedway,Charlotte Motor Speedway,charlotte-motor-speedway,2020-10-10,202010102105_Race,96,5,2,Robby Foley,1:38.109,17.776,35.674,44.659,85.129,8:19.616,98109,0,0,8
2020,11_Charlotte Motor Speedway,Charlotte Motor Speedway,charlotte-motor-speedway,2020-10-10,202010102105_Race,96,6,2,Robby Foley,1:36.927,15.308,36.646,44.973,86.167,9:56.543,96927,0,0,8
2020,11_Charlotte Motor Speedway,Charlotte Motor Speedway,charlotte-motor-speedway,2020-10-10,202010102105_Race,96,7,2,Robby Foley,1:54.996,17.255,42.213,55.528,72.628,11:51.539,114996,0,0,8
2020,11_Charlotte Motor Speedway,Charlotte Motor Speedway,charlotte-motor-speedway,2020-10-10,202010102105_Race,96,8,2,Robby Foley,1:58.447,18.556,40.957,58.934,70.512,13:49.986,118447,0,0,8
2020,11_Charlotte Motor Speedway,Charlotte Motor Speedway,charlotte-motor-speedway,2020-10-10,202010102105_Race,96,9,2,Robby Foley,2:21.779,23.869,48.181,1:09.729,58.908,16:11.765,141779,0,0,8
2020,11_Charlotte Motor Speedway,Charlotte Motor Speedway,charlotte-motor-speedway,2020-10-10,202010102105_Race,96,10,2,Robby Foley,1:51.919,17.657,40.547,53.715,74.625,18:03.684,111919,0,0,8
2020,11_Charlotte Motor Speedway,Charlotte Motor Speedway,charlotte-motor-speedway,2020-10-10,202010102105_Race,96,11,2,Robby Foley,2:20.103,21.235,42.222,1:16.646,59.613,20:23.787,140103,0,0,8
2020,11_Charlotte Motor Speedway,Charlotte Motor Speedway,charlotte-motor-speedway,2020-10-10,202010102105_Race,96,12,2,Robby Foley,2:34.187,26.160,46.636,1:21.391,54.167,22:57.974,154187,0,0,8
2020,11_Charlotte Motor Speedway,Charlotte Motor Speedway,charlotte-motor-speedway,2020-10-10,202010102105_Race,96,13,2,Robby Foley,2:36.668,25.262,48.117,1:23.289,53.310,25:34.642,156668,0,0,8
2020,11_Charlotte Motor Speedway,Charlotte Motor Speedway,charlotte-motor-speedway,2020-10-10,202010102105_Race,96,14,2,Robby Foley,2:15.851,21.466,45.869,1:08.516,61.478,27:50.493,135851,0,0,8
2020,11_Charlotte Motor Speedway,Charlotte Motor Speedway,charlotte-motor-speedway,2020-10-10,202010102105_Race,96,15,2,Robby Foley,1:37.553,16.164,35.906,45.483,85.614,29:28.046,97553,0,0,8
2020,11_Charlotte Motor Speedway,Charlotte Motor Speedway,charlotte-motor-speedway,2020-10-10,202010102105_Race,96,16,2,Robby Foley,1:33.820,14.922,34.332,44.566,89.021,31:01.866,93820,0,0,8
2020,11_Charlotte Motor Speedway,Charlotte Motor Speedway,charlotte-motor-speedway,2020-10-10,202010102105_Race,96,17,2,Robby Foley,2:05.922,14.981,34.609,1:16.332,66.326,33:07.788,125922,0,1,8
2020,11_Charlotte Motor Speedway,Charlotte Motor Speedway,charlotte-motor-speedway,2020-10-10,202010102105_Race,96,18,1,Bill Auberlen,1:38.651,20.454,33.980,44.217,84.661,34:46.439,98651,0,0,8
2020,11_Charlotte Motor Speedway,Charlotte Motor Speedway,charlotte-motor-speedway,2020-10-10,202010102105_Race,96,19,1,Bill Auberlen,1:31.160,14.844,33.271,43.045,91.618,36:17.599,91160,0,0,8
2020,11_Charlotte Motor Speedway,Charlotte Motor Speedway,charlotte-motor-speedway,2020-10-10,202010102105_Race,96,20,1,Bill Auberlen,1:29.942,14.345,32.426,43.171,92.859,37:47.541,89942,0,0,8
2020,11_Charlotte Motor Speedway,Charlotte Motor Speedway,charlotte-motor-speedway,2020-10-10,202010102105_Race,96,21,1,Bill Auberlen,1:28.902,14.176,32.197,42.529,93.945,39:16.443,88902,0,0,8
2020,11_Charlotte Motor Speedway,Charlotte Motor Speedway,charlotte-motor-speedway,2020-10-10,202010102105_Race,96,22,1,Bill Auberlen,1:28.419,13.814,32.102,42.503,94.459,40:44.862,88419,0,0,8
2020,11_Charlotte Motor Speedway,Charlotte Motor Speedway,charlotte-motor-speedway,2020-10-10,202010102105_Race,96,23,1,Bill Auberlen,1:28.985,14.020,32.285,42.680,93.858,42:13.847,88985,0,0,8
2020,11_Charlotte Motor Speedway,Charlotte Motor Speedway,charlotte-motor-speedway,2020-10-10,202010102105_Race,96,24,1,Bill Auberlen,1:28.858,14.009,32.366,42.483,93.992,43:42.705,88858,0,0,8
2020,11_Charlotte Motor Speedway,Charlotte Motor Speedway,charlotte-motor-speedway,2020-10-10,202010102105_Race,96,25,1,Bill Auberlen,1:28.412,13.867,32.489,42.056,94.466,45:11.117,88412,0,0,8
2020,11_Charlotte Motor Speedway,Charlotte Motor Speedway,charlotte-motor-speedway,2020-10-10,202010102105_Race,96,26,1,Bill Auberlen,1:27.997,13.777,32.126,42.094,94.912,46:39.114,87997,0,0,8
2020,11_Charlotte Motor Speedway,Charlotte Motor Speedway,charlotte-motor-speedway,2020-10-10,202010102105_Race,96,27,1,Bill Auberlen,1:27.614,13.835,31.991,41.788,95.326,48:06.728,87614,0,0,8
2020,11_Charlotte Motor Speedway,Charlotte Motor Speedway,charlotte-motor-speedway,2020-10-10,202010102105_Race,96,28,1,Bill Auberlen,1:27.690,13.720,32.307,41.663,95.244,49:34.418,87690,0,0,8
2020,11_Charlotte Motor Speedway,Charlotte Motor Speedway,charlotte-motor-speedway,2020-10-10,202010102105_Race,96,29,1,Bill Auberlen,1:27.857,13.785,32.207,41.865,95.063,51:02.275,87857,0,0,8
2020,11_Charlotte Motor Speedway,Charlotte Motor Speedway,charlotte-motor-speedway,2020-10-10,202010102105_Race,96,30,1,Bill Auberlen,1:27.965,13.731,32.207,42.027,94.946,52:30.240,87965,0,0,8
2020,11_Charlotte Motor Speedway,Charlotte Motor Speedway,charlotte-motor-speedway,2020-10-10,202010102105_Race,96,31,1,Bill Auberlen,1:28.681,13.882,32.781,42.018,94.180,53:58.921,88681,0,0,8
2020,11_Charlotte Motor Speedway,Charlotte Motor Speedway,charlotte-motor-speedway,2020-10-10,202010102105_Race,96,32,1,Bill Auberlen,1:27.761,13.942,32.199,41.620,95.167,55:26.682,87761,0,0,8
2020,11_Charlotte Motor Speedway,Charlotte Motor Speedway,charlotte-motor-speedway,2020-10-10,202010102105_Race,96,33,1,Bill Auberlen,1:27.546,13.705,32.236,41.605,95.401,56:54.228,87546,0,0,8
2020,11_Charlotte Motor Speedway,Charlotte Motor Speedway,charlotte-motor-speedway,2020-10-10,202010102105_Race,96,34,1,Bill Auberlen,1:27.594,13.711,32.158,41.725,95.348,58:21.822,87594,0,0,8
2020,11_Charlotte Motor Speedway,Charlotte Motor Speedway,charlotte-motor-speedway,2020-10-10,202010102105_Race,96,35,1,Bill Auberlen,1:27.801,13.717,32.127,41.957,95.123,59:49.623,87801,0,0,8
2020,11_Charlotte Motor Speedway,Charlotte Motor Speedway,charlotte-motor-speedway,2020-10-10,202010102105_Race,96,36,1,Bill Auberlen,1:28.269,13.783,32.357,42.129,94.619,1:01:17.892,88269,0,0,8
2020,11_Charlotte Motor Speedway,Charlotte Motor Speedway,charlotte-motor-speedway,2020-10-10,202010102105_Race,96,37,1,Bill Auberlen,1:28.275,13.916,32.332,42.027,94.613,1:02:46.167,88275,0,0,8
2020,11_Charlotte Motor Speedway,Charlotte Motor Speedway,charlotte-motor-speedway,2020-10-10,202010102105_Race,96,38,1,Bill Auberlen,1:28.101,13.819,32.441,41.841,94.800,1:04:14.268,88101,0,0,8
2020,11_Charlotte Motor Speedway,Charlotte Motor Speedway,charlotte-motor-speedway,2020-10-10,202010102105_Race,96,39,1,Bill Auberlen,1:28.455,13.976,32.442,42.037,94.420,1:05:42.723,88455,0,0,8
2020,11_Charlotte Motor Speedway,Charlotte Motor Speedway,charlotte-motor-speedway,2020-10-10,202010102105_Race,96,40,1,Bill Auberlen,1:28.715,13.933,32.514,42.268,94.143,1:07:11.438,88715,0,0,8
2020,11_Charlotte Motor Speedway,Charlotte Motor Speedway,charlotte-motor-speedway,2020-10-10,202010102105_Race,96,41,1,Bill Auberlen,1:28.245,13.885,32.418,41.942,94.645,1:08:39.683,88245,0,0,8
2020,11_Charlotte Motor Speedway,Charlotte Motor Speedway,charlotte-motor-speedway,2020-10-10,202010102105_Race,96,42,1,Bill Auberlen,1:28.690,13.866,32.592,42.232,94.170,1:10:08.373,88690,0,0,8
2020,11_Charlotte Motor Speedway,Charlotte Motor Speedway,charlotte-motor-speedway,2020-10-10,202010102105_Race,96,43,1,Bill Auberlen,1:28.810,14.349,32.397,42.064,94.043,1:11:37.183,88810,0,0,8
2020,11_Charlotte Motor Speedway,Charlotte Motor Speedway,charlotte-motor-speedway,2020-10-10,202010102105_Race,96,44,1,Bill Auberlen,1:31.128,13.925,32.611,44.592,91.651,1:13:08.311,91128,0,0,8
2020,11_Charlotte Motor Speedway,Charlotte Motor Speedway,charlotte-motor-speedway,2020-10-10,202010102105_Race,96,45,1,Bill Auberlen,1:31.397,15.337,33.869,42.191,91.381,1:14:39.708,91397,0,0,8
2020,11_Charlotte Motor Speedway,Charlotte Motor Speedway,charlotte-motor-speedway,2020-10-10,202010102105_Race,96,46,1,Bill Auberlen,1:28.316,13.980,32.498,41.838,94.569,1:16:08.024,88316,0,0,8
2020,11_Charlotte Motor Speedway,Charlotte Motor Speedway,charlotte-motor-speedway,2020-10-10,202010102105_Race,96,47,1,Bill Auberlen,1:28.179,13.898,32.210,42.071,94.716,1:17:36.203,88179,0,0,8
2020,11_Charlotte Motor Speedway,Charlotte Motor Speedway,charlotte-motor-speedway,2020-10-10,202010102105_Race,96,48,1,Bill Auberlen,1:28.145,13.885,32.282,41.978,94.752,1:19:04.348,88145,0,0,8
2020,11_Charlotte Motor Speedway,Charlotte Motor Speedway,charlotte-motor-speedway,2020-10-10,202010102105_Race,96,49,1,Bill Auberlen,1:28.165,13.981,32.238,41.946,94.731,1:20:32.513,88165,0,0,8
2020,11_Charlotte Motor Speedway,Charlotte Motor Speedway,charlotte-motor-speedway,2020-10-10,202010102105_Race,96,50,1,Bill Auberlen,1:28.547,13.944,32.522,42.081,94.322,1:22:01.060,88547,0,0,8
2020,11_Charlotte Motor Speedway,Charlotte Motor Speedway,charlotte-motor-speedway,2020-10-10,202010102105_Race,96,51,1,Bill Auberlen,1:29.005,13.900,32.729,42.376,93.837,1:23:30.065,89005,0,0,8
2020,11_Charlotte Motor Speedway,Charlotte Motor Speedway,charlotte-motor-speedway,2020-10-10,202010102105_Race,96,52,1,Bill Auberlen,1:28.355,13.889,32.449,42.017,94.527,1:24:58.420,88355,0,0,8
2020,11_Charlotte Motor Speedway,Charlotte Motor Speedway,charlotte-motor-speedway,2020-10-10,202010102105_Race,96,53,1,Bill Auberlen,1:29.234,14.006,32.722,42.506,93.596,1:26:27.654,89234,0,0,8
2020,11_Charlotte Motor Speedway,Charlotte Motor Speedway,charlotte-motor-speedway,2020-10-10,202010102105_Race,96,54,1,Bill Auberlen,1:29.327,14.093,32.597,42.637,93.498,1:27:56.981,89327,0,0,8
2020,11_Charlotte Motor Speedway,Charlotte Motor Speedway,charlotte-motor-speedway,2020-10-10,202010102105_Race,96,55,1,Bill Auberlen,1:46.120,16.213,37.172,52.735,78.703,1:29:43.101,106120,0,0,8
2020,11_Charlotte Motor Speedway,Charlotte Motor Speedway,charlotte-motor-speedway,2020-10-10,202010102105_Race,96,56,1,Bill Auberlen,2:21.159,17.246,43.078,1:20.835,59.167,1:32:04.260,141159,0,0,9
2020,11_Charlotte Motor Speedway,Charlotte Motor Speedway,charlotte-motor-speedway,2020-10-10,202010102105_Race,96,57,1,Bill Auberlen,2:18.671,22.002,45.930,1:10.739,60.228,1:34:22.931,138671,0,0,9
2020,11_Charlotte Motor Speedway,Charlotte Motor Speedway,charlotte-motor-speedway,2020-10-10,202010102105_Race,96,58,1,Bill Auberlen,1:28.352,13.994,32.574,41.784,94.530,1:35:51.283,88352,0,0,9
2020,11_Charlotte Motor Speedway,Charlotte Motor Speedway,charlotte-motor-speedway,2020-10-10,202010102105_Race,96,59,1,Bill Auberlen,1:28.373,14.058,32.383,41.932,94.508,1:37:19.656,88373,0,0,9
2020,11_Charlotte Motor Speedway,Charlotte Motor Speedway,charlotte-motor-speedway,2020-10-10,202010102105_Race,96,60,1,Bill Auberlen,1:28.456,13.949,32.298,42.209,94.419,1:38:48.112,88456,0,0,9
2020,11_Charlotte Motor Speedway,Charlotte Motor Speedway,charlotte-motor-speedway,2020-10-10,202010102105_Race,96,61,1,Bill Auberlen,1:30.167,13.948,32.643,43.576,92.627,1:40:18.279,90167,0,0,9
2020,11_Charlotte Motor Speedway,Charlotte Motor Speedway,charlotte-motor-speedway,2020-10-10,202010102105_Race,911,1,2,Fred Makowiecki,1:36.994,15.916,34.759,46.319,86.108,1:36.994,,,0,9
2020,11_Charlotte Motor Speedway,Charlotte Motor Speedway,charlotte-motor-speedway,2020-10-10,202010102105_Race,911,2,2,Fred Makowiecki,1:30.686,14.435,32.723,43.528,92.097,3:07.680,90686,0,0,9
2020,11_Charlotte Motor Speedway,Charlotte Motor Speedway,charlotte-motor-speedway,2020-10-10,202010102105_Race,911,3,2,Fred Makowiecki,1:30.874,13.987,32.919,43.968,91.907,4:38.554,90874,0,0,9
2020,11_Charlotte Motor Speedway,Charlotte Motor Speedway,charlotte-motor-speedway,2020-10-10,202010102105_Race,911,4,2,Fred Makowiecki,1:33.007,13.992,34.453,44.562,89.799,6:11.561,93007,0,0,9
2020,11_Charlotte Motor Speedway,Charlotte Motor Speedway,charlotte-motor-speedway,2020-10-10,202010102105_Race,911,5,2,Fred Makowiecki,1:35.072,14.628,35.637,44.807,87.848,7:46.633,95072,0,0,9
2020,11_Charlotte Motor Speedway,Charlotte Motor Speedway,charlotte-motor-speedway,2020-10-10,202010102105_Race,911,6,2,Fred Makowiecki,1:34.776,14.710,35.295,44.771,88.123,9:21.409,94776,0,0,9
2020,11_Charlotte Motor Speedway,Charlotte Motor Speedway,charlotte-motor-speedway,2020-10-10,202010102105_Race,911,7,2,Fred Makowiecki,2:41.904,1:00.166,45.231,56.507,51.585,12:03.313,161904,0,0,9
2020,11_Charlotte Motor Speedway,Charlotte Motor Speedway,charlotte-motor-speedway,2020-10-10,202010102105_Race,911,8,2,Fred Makowiecki,1:55.620,19.101,40.841,55.678,72.236,13:58.933,115620,0,0,9
2020,11_Charlotte Motor Speedway,Charlotte Motor Speedway,charlotte-motor-speedway,2020-10-10,202010102105_Race,912,1,2,Laurens Vanthoor,1:37.320,16.480,35.313,45.527,85.819,1:37.320,,,0,9
2020,11_Charlotte Motor Speedway,Charlotte Motor Speedway,charlotte-motor-speedway,2020-10-10,202010102105_Race,912,2,2,Laurens Vanthoor,1:31.626,14.696,33.222,43.708,91.152,3:08.946,91626,0,0,9
2020,11_Charlotte Motor Speedway,Charlotte Motor Speedway,charlotte-motor-speedway,2020-10-10,202010102105_Race,912,3,2,Laurens Vanthoor,1:31.105,14.300,33.071,43.734,91.674,4:40.051,91105,0,0,9
2020,11_Charlotte Motor Speedway,Charlotte Motor Speedway,charlotte-motor-speedway,2020-10-10,202010102105_Race,912,4,2,Laurens Vanthoor,1:49.625,14.004,50.232,45.389,76.186,6:29.676,109625,0,0,9
