year,event_code,event_name,track_slug,race_date,session_directory,race_lap,car_lap_number,position,car_number,lap_time,gap,gap_seconds,gap_laps,source_page,source_column
2021,19_VIRginia International Raceway,VIRginia International Raceway,virginia-international-raceway,2021-10-09,202110091210_Race,1,1,1,3,1:47.468,0.000,0.000,,1,1
2021,19_VIRginia International Raceway,VIRginia International Raceway,virginia-international-raceway,2021-10-09,202110091210_Race,1,1,2,4,1:48.937,1.469,1.469,,1,1
2021,19_VIRginia International Raceway,VIRginia International Raceway,virginia-international-raceway,2021-10-09,202110091210_Race,1,1,3,96,1:54.068,6.600,6.600,,1,1
2021,19_VIRginia International Raceway,VIRginia International Raceway,virginia-international-raceway,2021-10-09,202110091210_Race,1,1,4,79,1:54.414,6.946,6.946,,1,1
2021,19_VIRginia International Raceway,VIRginia International Raceway,virginia-international-raceway,2021-10-09,202110091210_Race,1,1,5,1,1:56.558,9.090,9.090,,1,1
2021,19_VIRginia International Raceway,VIRginia International Raceway,virginia-international-raceway,2021-10-09,202110091210_Race,1,1,6,39,1:57.010,9.542,9.542,,1,1
2021,19_VIRginia International Raceway,VIRginia International Raceway,virginia-international-raceway,2021-10-09,202110091210_Race,1,1,7,14,1:57.099,9.631,9.631,,1,1
2021,19_VIRginia International Raceway,VIRginia International Raceway,virginia-international-raceway,2021-10-09,202110091210_Race,1,1,8,23,1:57.387,9.919,9.919,,1,1
2021,19_VIRginia International Raceway,VIRginia International Raceway,virginia-international-raceway,2021-10-09,202110091210_Race,1,1,9,28,1:57.825,10.357,10.357,,1,1
2021,19_VIRginia International Raceway,VIRginia International Raceway,virginia-international-raceway,2021-10-09,202110091210_Race,1,1,10,12,1:58.075,10.607,10.607,,1,1
2021,19_VIRginia International Raceway,VIRginia International Raceway,virginia-international-raceway,2021-10-09,202110091210_Race,1,1,11,32,1:58.491,11.023,11.023,,1,1
2021,19_VIRginia International Raceway,VIRginia International Raceway,virginia-international-raceway,2021-10-09,202110091210_Race,1,1,12,19,1:59.234,11.766,11.766,,1,1
2021,19_VIRginia International Raceway,VIRginia International Raceway,virginia-international-raceway,2021-10-09,202110091210_Race,1,1,13,9,1:59.460,11.992,11.992,,1,1
2021,19_VIRginia International Raceway,VIRginia International Raceway,virginia-international-raceway,2021-10-09,202110091210_Race,1,1,14,16,2:00.037,12.569,12.569,,1,1
2021,19_VIRginia International Raceway,VIRginia International Raceway,virginia-international-raceway,2021-10-09,202110091210_Race,1,1,15,66,2:00.733,13.265,13.265,,1,1
2021,19_VIRginia International Raceway,VIRginia International Raceway,virginia-international-raceway,2021-10-09,202110091210_Race,1,1,16,44,2:01.373,13.905,13.905,,1,1
2021,19_VIRginia International Raceway,VIRginia International Raceway,virginia-international-raceway,2021-10-09,202110091210_Race,1,1,17,88,2:02.249,14.781,14.781,,1,1
2021,19_VIRginia International Raceway,VIRginia International Raceway,virginia-international-raceway,2021-10-09,202110091210_Race,1,1,18,27,2:02.558,15.090,15.090,,1,1
2021,19_VIRginia International Raceway,VIRginia International Raceway,virginia-international-raceway,2021-10-09,202110091210_Race,2,2,1,3,1:43.955,,,,1,1
2021,19_VIRginia International Raceway,VIRginia International Raceway,virginia-international-raceway,2021-10-09,202110091210_Race,2,2,2,4,1:44.158,1.672,1.672,,1,1
2021,19_VIRginia International Raceway,VIRginia International Raceway,virginia-international-raceway,2021-10-09,202110091210_Race,2,2,3,79,1:49.337,12.328,12.328,,1,1
2021,19_VIRginia International Raceway,VIRginia International Raceway,virginia-international-raceway,2021-10-09,202110091210_Race,2,2,4,96,1:51.301,13.946,13.946,,1,1
2021,19_VIRginia International Raceway,VIRginia International Raceway,virginia-international-raceway,2021-10-09,202110091210_Race,2,2,5,1,1:50.007,15.142,15.142,,1,1
2021,19_VIRginia International Raceway,VIRginia International Raceway,virginia-international-raceway,2021-10-09,202110091210_Race,2,2,6,39,1:49.904,15.491,15.491,,1,1
2021,19_VIRginia International Raceway,VIRginia International Raceway,virginia-international-raceway,2021-10-09,202110091210_Race,2,2,7,14,1:50.145,15.821,15.821,,1,1
2021,19_VIRginia International Raceway,VIRginia International Raceway,virginia-international-raceway,2021-10-09,202110091210_Race,2,2,8,23,1:50.113,16.077,16.077,,1,1
2021,19_VIRginia International Raceway,VIRginia International Raceway,virginia-international-raceway,2021-10-09,202110091210_Race,2,2,9,28,1:50.353,16.755,16.755,,1,1
2021,19_VIRginia International Raceway,VIRginia International Raceway,virginia-international-raceway,2021-10-09,202110091210_Race,2,2,10,12,1:50.730,17.382,17.382,,1,1
2021,19_VIRginia International Raceway,VIRginia International Raceway,virginia-international-raceway,2021-10-09,202110091210_Race,2,2,11,32,1:50.471,17.539,17.539,,1,1
2021,19_VIRginia International Raceway,VIRginia International Raceway,virginia-international-raceway,2021-10-09,202110091210_Race,2,2,12,9,1:50.279,18.316,18.316,,1,1
2021,19_VIRginia International Raceway,VIRginia International Raceway,virginia-international-raceway,2021-10-09,202110091210_Race,2,2,13,16,1:50.491,19.105,19.105,,1,1
2021,19_VIRginia International Raceway,VIRginia International Raceway,virginia-international-raceway,2021-10-09,202110091210_Race,2,2,14,19,1:51.720,19.531,19.531,,1,1
2021,19_VIRginia International Raceway,VIRginia International Raceway,virginia-international-raceway,2021-10-09,202110091210_Race,2,2,15,66,1:50.415,19.725,19.725,,1,1
2021,19_VIRginia International Raceway,VIRginia International Raceway,virginia-international-raceway,2021-10-09,202110091210_Race,2,2,16,44,1:51.118,21.068,21.068,,1,1
2021,19_VIRginia International Raceway,VIRginia International Raceway,virginia-international-raceway,2021-10-09,202110091210_Race,2,2,17,88,1:51.257,22.083,22.083,,1,1
2021,19_VIRginia International Raceway,VIRginia International Raceway,virginia-international-raceway,2021-10-09,202110091210_Race,2,2,18,27,1:51.380,22.515,22.515,,1,1
2021,19_VIRginia International Raceway,VIRginia International Raceway,virginia-international-raceway,2021-10-09,202110091210_Race,3,3,1,3,1:42.910,,,,1,1
2021,19_VIRginia International Raceway,VIRginia International Raceway,virginia-international-raceway,2021-10-09,202110091210_Race,3,3,2,4,1:42.721,1.483,1.483,,1,1
2021,19_VIRginia International Raceway,VIRginia International Raceway,virginia-international-raceway,2021-10-09,202110091210_Race,3,3,3,79,1:47.768,17.186,17.186,,1,1
2021,19_VIRginia International Raceway,VIRginia International Raceway,virginia-international-raceway,2021-10-09,202110091210_Race,3,3,4,96,1:48.476,19.512,19.512,,1,1
2021,19_VIRginia International Raceway,VIRginia International Raceway,virginia-international-raceway,2021-10-09,202110091210_Race,3,3,5,1,1:48.057,20.289,20.289,,1,1
2021,19_VIRginia International Raceway,VIRginia International Raceway,virginia-international-raceway,2021-10-09,202110091210_Race,3,3,6,39,1:47.995,20.576,20.576,,1,1
2021,19_VIRginia International Raceway,VIRginia International Raceway,virginia-international-raceway,2021-10-09,202110091210_Race,3,3,7,14,1:48.151,21.062,21.062,,1,1
2021,19_VIRginia International Raceway,VIRginia International Raceway,virginia-international-raceway,2021-10-09,202110091210_Race,3,3,8,23,1:48.099,21.266,21.266,,1,1
2021,19_VIRginia International Raceway,VIRginia International Raceway,virginia-international-raceway,2021-10-09,202110091210_Race,3,3,9,28,1:48.317,22.162,22.162,,1,1
2021,19_VIRginia International Raceway,VIRginia International Raceway,virginia-international-raceway,2021-10-09,202110091210_Race,3,3,10,32,1:49.715,24.344,24.344,,1,1
2021,19_VIRginia International Raceway,VIRginia International Raceway,virginia-international-raceway,2021-10-09,202110091210_Race,3,3,11,9,1:49.146,24.552,24.552,,1,1
2021,19_VIRginia International Raceway,VIRginia International Raceway,virginia-international-raceway,2021-10-09,202110091210_Race,3,3,12,16,1:48.520,24.715,24.715,,1,1
2021,19_VIRginia International Raceway,VIRginia International Raceway,virginia-international-raceway,2021-10-09,202110091210_Race,3,3,13,19,1:49.660,26.281,26.281,,1,1
2021,19_VIRginia International Raceway,VIRginia International Raceway,virginia-international-raceway,2021-10-09,202110091210_Race,3,3,14,66,1:49.672,26.487,26.487,,1,1
2021,19_VIRginia International Raceway,VIRginia International Raceway,virginia-international-raceway,2021-10-09,202110091210_Race,3,3,15,44,1:49.742,27.900,27.900,,1,1
2021,19_VIRginia International Raceway,VIRginia International Raceway,virginia-international-raceway,2021-10-09,202110091210_Race,3,3,16,88,1:50.165,29.338,29.338,,1,1
2021,19_VIRginia International Raceway,VIRginia International Raceway,virginia-international-raceway,2021-10-09,202110091210_Race,3,3,17,27,1:49.837,29.442,29.442,,1,1
2021,19_VIRginia International Raceway,VIRginia International Raceway,virginia-international-raceway,2021-10-09,202110091210_Race,4,4,1,3,1:42.258,,,,1,2
2021,19_VIRginia International Raceway,VIRginia International Raceway,virginia-international-raceway,2021-10-09,202110091210_Race,4,4,2,4,1:42.040,1.265,1.265,,1,2
2021,19_VIRginia International Raceway,VIRginia International Raceway,virginia-international-raceway,2021-10-09,202110091210_Race,4,4,3,79,1:46.623,21.551,21.551,,1,2
2021,19_VIRginia International Raceway,VIRginia International Raceway,virginia-international-raceway,2021-10-09,202110091210_Race,4,4,4,96,1:47.498,24.752,24.752,,1,2
2021,19_VIRginia International Raceway,VIRginia International Raceway,virginia-international-raceway,2021-10-09,202110091210_Race,4,4,5,39,1:46.824,25.142,25.142,,1,2
2021,19_VIRginia International Raceway,VIRginia International Raceway,virginia-international-raceway,2021-10-09,202110091210_Race,4,4,6,1,1:48.365,26.396,26.396,,1,2
2021,19_VIRginia International Raceway,VIRginia International Raceway,virginia-international-raceway,2021-10-09,202110091210_Race,4,4,7,14,1:48.042,26.846,26.846,,1,2
2021,19_VIRginia International Raceway,VIRginia International Raceway,virginia-international-raceway,2021-10-09,202110091210_Race,4,4,8,23,1:48.215,27.223,27.223,,1,2
2021,19_VIRginia International Raceway,VIRginia International Raceway,virginia-international-raceway,2021-10-09,202110091210_Race,4,4,9,28,1:47.906,27.810,27.810,,1,2
2021,19_VIRginia International Raceway,VIRginia International Raceway,virginia-international-raceway,2021-10-09,202110091210_Race,4,4,10,9,1:47.855,30.149,30.149,,1,2
2021,19_VIRginia International Raceway,VIRginia International Raceway,virginia-international-raceway,2021-10-09,202110091210_Race,4,4,11,32,1:48.155,30.241,30.241,,1,2
2021,19_VIRginia International Raceway,VIRginia International Raceway,virginia-international-raceway,2021-10-09,202110091210_Race,4,4,12,16,1:47.800,30.257,30.257,,1,2
2021,19_VIRginia International Raceway,VIRginia International Raceway,virginia-international-raceway,2021-10-09,202110091210_Race,4,4,13,19,1:48.098,32.121,32.121,,1,2
2021,19_VIRginia International Raceway,VIRginia International Raceway,virginia-international-raceway,2021-10-09,202110091210_Race,4,4,14,66,1:48.273,32.502,32.502,,1,2
2021,19_VIRginia International Raceway,VIRginia International Raceway,virginia-international-raceway,2021-10-09,202110091210_Race,4,4,15,44,1:48.692,34.334,34.334,,1,2
2021,19_VIRginia International Raceway,VIRginia International Raceway,virginia-international-raceway,2021-10-09,202110091210_Race,4,4,16,88,1:49.125,36.205,36.205,,1,2
2021,19_VIRginia International Raceway,VIRginia International Raceway,virginia-international-raceway,2021-10-09,202110091210_Race,4,4,17,27,1:49.672,36.856,36.856,,1,2
2021,19_VIRginia International Raceway,VIRginia International Raceway,virginia-international-raceway,2021-10-09,202110091210_Race,4,3,18,12,4:05.805,1 Lap,,1,1,2
2021,19_VIRginia International Raceway,VIRginia International Raceway,virginia-international-raceway,2021-10-09,202110091210_Race,5,5,1,3,1:42.185,,,,1,2
2021,19_VIRginia International Raceway,VIRginia International Raceway,virginia-international-raceway,2021-10-09,202110091210_Race,5,5,2,4,1:41.942,1.022,1.022,,1,2
2021,19_VIRginia International Raceway,VIRginia International Raceway,virginia-international-raceway,2021-10-09,202110091210_Race,5,5,3,79,1:46.543,25.909,25.909,,1,2
2021,19_VIRginia International Raceway,VIRginia International Raceway,virginia-international-raceway,2021-10-09,202110091210_Race,5,5,4,96,1:46.899,29.466,29.466,,1,2
2021,19_VIRginia International Raceway,VIRginia International Raceway,virginia-international-raceway,2021-10-09,202110091210_Race,5,5,5,39,1:46.884,29.841,29.841,,1,2
2021,19_VIRginia International Raceway,VIRginia International Raceway,virginia-international-raceway,2021-10-09,202110091210_Race,5,5,6,1,1:46.771,30.982,30.982,,1,2
2021,19_VIRginia International Raceway,VIRginia International Raceway,virginia-international-raceway,2021-10-09,202110091210_Race,5,5,7,14,1:46.863,31.524,31.524,,1,2
2021,19_VIRginia International Raceway,VIRginia International Raceway,virginia-international-raceway,2021-10-09,202110091210_Race,5,5,8,23,1:46.826,31.864,31.864,,1,2
2021,19_VIRginia International Raceway,VIRginia International Raceway,virginia-international-raceway,2021-10-09,202110091210_Race,5,5,9,28,1:47.171,32.796,32.796,,1,2
2021,19_VIRginia International Raceway,VIRginia International Raceway,virginia-international-raceway,2021-10-09,202110091210_Race,5,5,10,9,1:46.291,34.255,34.255,,1,2
2021,19_VIRginia International Raceway,VIRginia International Raceway,virginia-international-raceway,2021-10-09,202110091210_Race,5,5,11,16,1:46.980,35.052,35.052,,1,2
2021,19_VIRginia International Raceway,VIRginia International Raceway,virginia-international-raceway,2021-10-09,202110091210_Race,5,5,12,32,1:48.401,36.457,36.457,,1,2
2021,19_VIRginia International Raceway,VIRginia International Raceway,virginia-international-raceway,2021-10-09,202110091210_Race,5,5,13,19,1:47.742,37.678,37.678,,1,2
2021,19_VIRginia International Raceway,VIRginia International Raceway,virginia-international-raceway,2021-10-09,202110091210_Race,5,5,14,66,1:47.773,38.090,38.090,,1,2
2021,19_VIRginia International Raceway,VIRginia International Raceway,virginia-international-raceway,2021-10-09,202110091210_Race,5,5,15,44,1:47.884,40.033,40.033,,1,2
2021,19_VIRginia International Raceway,VIRginia International Raceway,virginia-international-raceway,2021-10-09,202110091210_Race,5,5,16,88,1:48.502,42.522,42.522,,1,2
2021,19_VIRginia International Raceway,VIRginia International Raceway,virginia-international-raceway,2021-10-09,202110091210_Race,5,5,17,27,1:48.378,43.049,43.049,,1,2
2021,19_VIRginia International Raceway,VIRginia International Raceway,virginia-international-raceway,2021-10-09,202110091210_Race,5,4,18,12,2:02.524,1 Lap,,1,1,2
2021,19_VIRginia International Raceway,VIRginia International Raceway,virginia-international-raceway,2021-10-09,202110091210_Race,6,6,1,3,1:42.563,,,,1,2
2021,19_VIRginia International Raceway,VIRginia International Raceway,virginia-international-raceway,2021-10-09,202110091210_Race,6,6,2,4,1:42.255,0.714,0.714,,1,2
2021,19_VIRginia International Raceway,VIRginia International Raceway,virginia-international-raceway,2021-10-09,202110091210_Race,6,6,3,79,1:45.972,29.318,29.318,,1,2
2021,19_VIRginia International Raceway,VIRginia International Raceway,virginia-international-raceway,2021-10-09,202110091210_Race,6,6,4,96,1:46.518,33.421,33.421,,1,2
2021,19_VIRginia International Raceway,VIRginia International Raceway,virginia-international-raceway,2021-10-09,202110091210_Race,6,6,5,39,1:46.595,33.873,33.873,,1,2
2021,19_VIRginia International Raceway,VIRginia International Raceway,virginia-international-raceway,2021-10-09,202110091210_Race,6,6,6,1,1:46.518,34.937,34.937,,1,2
2021,19_VIRginia International Raceway,VIRginia International Raceway,virginia-international-raceway,2021-10-09,202110091210_Race,6,6,7,14,1:46.315,35.276,35.276,,1,2
2021,19_VIRginia International Raceway,VIRginia International Raceway,virginia-international-raceway,2021-10-09,202110091210_Race,6,6,8,23,1:46.293,35.594,35.594,,1,2
2021,19_VIRginia International Raceway,VIRginia International Raceway,virginia-international-raceway,2021-10-09,202110091210_Race,6,6,9,28,1:46.808,37.041,37.041,,1,2
2021,19_VIRginia International Raceway,VIRginia International Raceway,virginia-international-raceway,2021-10-09,202110091210_Race,6,6,10,9,1:46.400,38.092,38.092,,1,2
2021,19_VIRginia International Raceway,VIRginia International Raceway,virginia-international-raceway,2021-10-09,202110091210_Race,6,6,11,16,1:46.217,38.706,38.706,,1,2
2021,19_VIRginia International Raceway,VIRginia International Raceway,virginia-international-raceway,2021-10-09,202110091210_Race,6,6,12,32,1:47.433,41.327,41.327,,1,2
2021,19_VIRginia International Raceway,VIRginia International Raceway,virginia-international-raceway,2021-10-09,202110091210_Race,6,6,13,19,1:46.746,41.861,41.861,,1,2
2021,19_VIRginia International Raceway,VIRginia International Raceway,virginia-international-raceway,2021-10-09,202110091210_Race,6,6,14,66,1:46.896,42.423,42.423,,1,2
2021,19_VIRginia International Raceway,VIRginia International Raceway,virginia-international-raceway,2021-10-09,202110091210_Race,6,6,15,44,1:47.996,45.466,45.466,,1,2
2021,19_VIRginia International Raceway,VIRginia International Raceway,virginia-international-raceway,2021-10-09,202110091210_Race,6,6,16,88,1:48.695,48.654,48.654,,1,2
2021,19_VIRginia International Raceway,VIRginia International Raceway,virginia-international-raceway,2021-10-09,202110091210_Race,6,6,17,27,1:48.472,48.958,48.958,,1,2
2021,19_VIRginia International Raceway,VIRginia International Raceway,virginia-international-raceway,2021-10-09,202110091210_Race,6,5,18,12,1:49.399,1 Lap,,1,1,3
2021,19_VIRginia International Raceway,VIRginia International Raceway,virginia-international-raceway,2021-10-09,202110091210_Race,7,7,1,3,1:42.431,,,,1,3
2021,19_VIRginia International Raceway,VIRginia International Raceway,virginia-international-raceway,2021-10-09,202110091210_Race,7,7,2,4,1:42.421,0.704,0.704,,1,3
2021,19_VIRginia International Raceway,VIRginia International Raceway,virginia-international-raceway,2021-10-09,202110091210_Race,7,7,3,79,1:45.323,32.210,32.210,,1,3
2021,19_VIRginia International Raceway,VIRginia International Raceway,virginia-international-raceway,2021-10-09,202110091210_Race,7,7,4,96,1:46.189,37.179,37.179,,1,3
2021,19_VIRginia International Raceway,VIRginia International Raceway,virginia-international-raceway,2021-10-09,202110091210_Race,7,7,5,39,1:46.363,37.805,37.805,,1,3
2021,19_VIRginia International Raceway,VIRginia International Raceway,virginia-international-raceway,2021-10-09,202110091210_Race,7,7,6,1,1:46.256,38.762,38.762,,1,3
2021,19_VIRginia International Raceway,VIRginia International Raceway,virginia-international-raceway,2021-10-09,202110091210_Race,7,7,7,14,1:46.476,39.321,39.321,,1,3
2021,19_VIRginia International Raceway,VIRginia International Raceway,virginia-international-raceway,2021-10-09,202110091210_Race,7,7,8,23,1:46.453,39.616,39.616,,1,3
2021,19_VIRginia International Raceway,VIRginia International Raceway,virginia-international-raceway,2021-10-09,202110091210_Race,7,7,9,28,1:46.591,41.201,41.201,,1,3
2021,19_VIRginia International Raceway,VIRginia International Raceway,virginia-international-raceway,2021-10-09,202110091210_Race,7,7,10,9,1:45.987,41.648,41.648,,1,3
2021,19_VIRginia International Raceway,VIRginia International Raceway,virginia-international-raceway,2021-10-09,202110091210_Race,7,7,11,16,1:45.951,42.226,42.226,,1,3
2021,19_VIRginia International Raceway,VIRginia International Raceway,virginia-international-raceway,2021-10-09,202110091210_Race,7,7,12,32,1:46.728,45.624,45.624,,1,3
2021,19_VIRginia International Raceway,VIRginia International Raceway,virginia-international-raceway,2021-10-09,202110091210_Race,7,7,13,19,1:46.685,46.115,46.115,,1,3
2021,19_VIRginia International Raceway,VIRginia International Raceway,virginia-international-raceway,2021-10-09,202110091210_Race,7,7,14,66,1:46.833,46.825,46.825,,1,3
2021,19_VIRginia International Raceway,VIRginia International Raceway,virginia-international-raceway,2021-10-09,202110091210_Race,7,7,15,44,1:48.019,51.054,51.054,,1,3
2021,19_VIRginia International Raceway,VIRginia International Raceway,virginia-international-raceway,2021-10-09,202110091210_Race,7,7,16,88,1:48.395,54.618,54.618,,1,3
2021,19_VIRginia International Raceway,VIRginia International Raceway,virginia-international-raceway,2021-10-09,202110091210_Race,7,7,17,27,1:48.417,54.944,54.944,,1,3
2021,19_VIRginia International Raceway,VIRginia International Raceway,virginia-international-raceway,2021-10-09,202110091210_Race,7,6,18,12,1:47.041,1 Lap,,1,1,3
2021,19_VIRginia International Raceway,VIRginia International Raceway,virginia-international-raceway,2021-10-09,202110091210_Race,8,8,1,3,1:42.423,,,,1,3
2021,19_VIRginia International Raceway,VIRginia International Raceway,virginia-international-raceway,2021-10-09,202110091210_Race,8,8,2,4,1:42.465,0.746,0.746,,1,3
2021,19_VIRginia International Raceway,VIRginia International Raceway,virginia-international-raceway,2021-10-09,202110091210_Race,8,8,3,79,1:45.483,35.270,35.270,,1,3
2021,19_VIRginia International Raceway,VIRginia International Raceway,virginia-international-raceway,2021-10-09,202110091210_Race,8,8,4,96,1:46.535,41.291,41.291,,1,3
2021,19_VIRginia International Raceway,VIRginia International Raceway,virginia-international-raceway,2021-10-09,202110091210_Race,8,8,5,39,1:46.827,42.209,42.209,,1,3
2021,19_VIRginia International Raceway,VIRginia International Raceway,virginia-international-raceway,2021-10-09,202110091210_Race,8,8,6,1,1:46.703,43.042,43.042,,1,3
2021,19_VIRginia International Raceway,VIRginia International Raceway,virginia-international-raceway,2021-10-09,202110091210_Race,8,8,7,14,1:46.601,43.499,43.499,,1,3
2021,19_VIRginia International Raceway,VIRginia International Raceway,virginia-international-raceway,2021-10-09,202110091210_Race,8,8,8,23,1:46.723,43.916,43.916,,1,3
2021,19_VIRginia International Raceway,VIRginia International Raceway,virginia-international-raceway,2021-10-09,202110091210_Race,8,8,9,28,1:47.125,45.903,45.903,,1,3
2021,19_VIRginia International Raceway,VIRginia International Raceway,virginia-international-raceway,2021-10-09,202110091210_Race,8,8,10,9,1:46.956,46.181,46.181,,1,3
2021,19_VIRginia International Raceway,VIRginia International Raceway,virginia-international-raceway,2021-10-09,202110091210_Race,8,8,11,16,1:46.712,46.515,46.515,,1,3
2021,19_VIRginia International Raceway,VIRginia International Raceway,virginia-international-raceway,2021-10-09,202110091210_Race,8,8,12,32,1:46.956,50.157,50.157,,1,3
2021,19_VIRginia International Raceway,VIRginia International Raceway,virginia-international-raceway,2021-10-09,202110091210_Race,8,8,13,19,1:46.833,50.525,50.525,,1,3
2021,19_VIRginia International Raceway,VIRginia International Raceway,virginia-international-raceway,2021-10-09,202110091210_Race,8,8,14,66,1:46.802,51.204,51.204,,1,3
2021,19_VIRginia International Raceway,VIRginia International Raceway,virginia-international-raceway,2021-10-09,202110091210_Race,8,8,15,44,1:47.996,56.627,56.627,,1,3
2021,19_VIRginia International Raceway,VIRginia International Raceway,virginia-international-raceway,2021-10-09,202110091210_Race,8,8,16,88,1:48.150,1:00.345,60.345,,1,3
2021,19_VIRginia International Raceway,VIRginia International Raceway,virginia-international-raceway,2021-10-09,202110091210_Race,8,8,17,27,1:47.947,1:00.468,60.468,,1,3
2021,19_VIRginia International Raceway,VIRginia International Raceway,virginia-international-raceway,2021-10-09,202110091210_Race,8,7,18,12,1:47.130,1 Lap,,1,1,3
2021,19_VIRginia International Raceway,VIRginia International Raceway,virginia-international-raceway,2021-10-09,202110091210_Race,9,9,1,3,1:42.211,,,,1,3
2021,19_VIRginia International Raceway,VIRginia International Raceway,virginia-international-raceway,2021-10-09,202110091210_Race,9,9,2,4,1:42.251,0.786,0.786,,1,3
2021,19_VIRginia International Raceway,VIRginia International Raceway,virginia-international-raceway,2021-10-09,202110091210_Race,9,9,3,96,1:46.540,45.620,45.620,,1,3
2021,19_VIRginia International Raceway,VIRginia International Raceway,virginia-international-raceway,2021-10-09,202110091210_Race,9,9,4,39,1:46.782,46.780,46.780,,1,3
2021,19_VIRginia International Raceway,VIRginia International Raceway,virginia-international-raceway,2021-10-09,202110091210_Race,9,9,5,1,1:46.287,47.118,47.118,,1,3
2021,19_VIRginia International Raceway,VIRginia International Raceway,virginia-international-raceway,2021-10-09,202110091210_Race,9,9,6,14,1:46.270,47.558,47.558,,1,3
2021,19_VIRginia International Raceway,VIRginia International Raceway,virginia-international-raceway,2021-10-09,202110091210_Race,9,9,7,23,1:46.301,48.006,48.006,,1,3
2021,19_VIRginia International Raceway,VIRginia International Raceway,virginia-international-raceway,2021-10-09,202110091210_Race,9,9,8,28,1:46.744,50.436,50.436,,1,3
2021,19_VIRginia International Raceway,VIRginia International Raceway,virginia-international-raceway,2021-10-09,202110091210_Race,9,9,9,9,1:46.725,50.695,50.695,,1,3
2021,19_VIRginia International Raceway,VIRginia International Raceway,virginia-international-raceway,2021-10-09,202110091210_Race,9,9,10,16,1:46.595,50.899,50.899,,1,3
2021,19_VIRginia International Raceway,VIRginia International Raceway,virginia-international-raceway,2021-10-09,202110091210_Race,9,9,11,32,1:46.928,54.874,54.874,,1,3
2021,19_VIRginia International Raceway,VIRginia International Raceway,virginia-international-raceway,2021-10-09,202110091210_Race,9,9,12,19,1:46.792,55.106,55.106,,1,3
2021,19_VIRginia International Raceway,VIRginia International Raceway,virginia-international-raceway,2021-10-09,202110091210_Race,9,9,13,66,1:46.854,55.847,55.847,,1,3
2021,19_VIRginia International Raceway,VIRginia International Raceway,virginia-international-raceway,2021-10-09,202110091210_Race,9,9,14,44,1:47.549,1:01.965,61.965,,1,3
2021,19_VIRginia International Raceway,VIRginia International Raceway,virginia-international-raceway,2021-10-09,202110091210_Race,9,9,15,88,1:47.903,1:06.037,66.037,,1,3
2021,19_VIRginia International Raceway,VIRginia International Raceway,virginia-international-raceway,2021-10-09,202110091210_Race,9,9,16,27,1:48.020,1:06.277,66.277,,1,3
2021,19_VIRginia International Raceway,VIRginia International Raceway,virginia-international-raceway,2021-10-09,202110091210_Race,9,9,17,79,2:30.944,1:24.003,84.003,,1,4
2021,19_VIRginia International Raceway,VIRginia International Raceway,virginia-international-raceway,2021-10-09,202110091210_Race,9,8,18,12,1:47.162,1 Lap,,1,1,4
2021,19_VIRginia International Raceway,VIRginia International Raceway,virginia-international-raceway,2021-10-09,202110091210_Race,10,10,1,3,1:42.086,,,,1,4
2021,19_VIRginia International Raceway,VIRginia International Raceway,virginia-international-raceway,2021-10-09,202110091210_Race,10,10,2,4,1:41.929,0.629,0.629,,1,4
2021,19_VIRginia International Raceway,VIRginia International Raceway,virginia-international-raceway,2021-10-09,202110091210_Race,10,10,3,96,1:46.357,49.891,49.891,,1,4
2021,19_VIRginia International Raceway,VIRginia International Raceway,virginia-international-raceway,2021-10-09,202110091210_Race,10,10,4,39,1:46.394,51.088,51.088,,1,4
2021,19_VIRginia International Raceway,VIRginia International Raceway,virginia-international-raceway,2021-10-09,202110091210_Race,10,10,5,1,1:46.349,51.381,51.381,,1,4
2021,19_VIRginia International Raceway,VIRginia International Raceway,virginia-international-raceway,2021-10-09,202110091210_Race,10,10,6,14,1:46.506,51.978,51.978,,1,4
2021,19_VIRginia International Raceway,VIRginia International Raceway,virginia-international-raceway,2021-10-09,202110091210_Race,10,10,7,23,1:46.871,52.791,52.791,,1,4
2021,19_VIRginia International Raceway,VIRginia International Raceway,virginia-international-raceway,2021-10-09,202110091210_Race,10,10,8,28,1:46.650,55.000,55.000,,1,4
2021,19_VIRginia International Raceway,VIRginia International Raceway,virginia-international-raceway,2021-10-09,202110091210_Race,10,10,9,9,1:46.631,55.240,55.240,,1,4
2021,19_VIRginia International Raceway,VIRginia International Raceway,virginia-international-raceway,2021-10-09,202110091210_Race,10,10,10,16,1:46.722,55.535,55.535,,1,4
2021,19_VIRginia International Raceway,VIRginia International Raceway,virginia-international-raceway,2021-10-09,202110091210_Race,10,10,11,19,1:47.240,1:00.260,60.260,,1,4
2021,19_VIRginia International Raceway,VIRginia International Raceway,virginia-international-raceway,2021-10-09,202110091210_Race,10,10,12,32,1:48.341,1:01.129,61.129,,1,4
2021,19_VIRginia International Raceway,VIRginia International Raceway,virginia-international-raceway,2021-10-09,202110091210_Race,10,10,13,66,1:47.602,1:01.363,61.363,,1,4
2021,19_VIRginia International Raceway,VIRginia International Raceway,virginia-international-raceway,2021-10-09,202110091210_Race,10,10,14,44,1:48.134,1:08.013,68.013,,1,4
2021,19_VIRginia International Raceway,VIRginia International Raceway,virginia-international-raceway,2021-10-09,202110091210_Race,10,10,15,88,1:47.930,1:11.881,71.881,,1,4
2021,19_VIRginia International Raceway,VIRginia International Raceway,virginia-international-raceway,2021-10-09,202110091210_Race,10,10,16,27,1:47.966,1:12.157,72.157,,1,4
2021,19_VIRginia International Raceway,VIRginia International Raceway,virginia-international-raceway,2021-10-09,202110091210_Race,10,10,17,79,1:53.069,1:34.986,94.986,,1,4
2021,19_VIRginia International Raceway,VIRginia International Raceway,virginia-international-raceway,2021-10-09,202110091210_Race,11,11,1,3,1:42.854,,,,1,4
2021,19_VIRginia International Raceway,VIRginia International Raceway,virginia-international-raceway,2021-10-09,202110091210_Race,11,11,2,4,1:42.586,0.361,0.361,,1,4
2021,19_VIRginia International Raceway,VIRginia International Raceway,virginia-international-raceway,2021-10-09,202110091210_Race,11,9,3,12,1:47.461,2 Laps,,2,1,4
2021,19_VIRginia International Raceway,VIRginia International Raceway,virginia-international-raceway,2021-10-09,202110091210_Race,11,11,4,96,1:46.362,53.399,53.399,,1,4
2021,19_VIRginia International Raceway,VIRginia International Raceway,virginia-international-raceway,2021-10-09,202110091210_Race,11,11,5,39,1:46.322,54.556,54.556,,1,4
2021,19_VIRginia International Raceway,VIRginia International Raceway,virginia-international-raceway,2021-10-09,202110091210_Race,11,11,6,1,1:46.423,54.950,54.950,,1,4
2021,19_VIRginia International Raceway,VIRginia International Raceway,virginia-international-raceway,2021-10-09,202110091210_Race,11,11,7,14,1:46.366,55.490,55.490,,1,4
2021,19_VIRginia International Raceway,VIRginia International Raceway,virginia-international-raceway,2021-10-09,202110091210_Race,11,11,8,23,1:46.280,56.217,56.217,,1,4
2021,19_VIRginia International Raceway,VIRginia International Raceway,virginia-international-raceway,2021-10-09,202110091210_Race,11,11,9,28,1:46.774,58.920,58.920,,1,4
2021,19_VIRginia International Raceway,VIRginia International Raceway,virginia-international-raceway,2021-10-09,202110091210_Race,11,11,10,9,1:46.754,59.140,59.140,,1,4
2021,19_VIRginia International Raceway,VIRginia International Raceway,virginia-international-raceway,2021-10-09,202110091210_Race,11,11,11,16,1:46.879,59.560,59.560,,1,4
2021,19_VIRginia International Raceway,VIRginia International Raceway,virginia-international-raceway,2021-10-09,202110091210_Race,11,11,12,19,1:46.771,1:04.177,64.177,,1,4
2021,19_VIRginia International Raceway,VIRginia International Raceway,virginia-international-raceway,2021-10-09,202110091210_Race,11,11,13,32,1:47.015,1:05.290,65.290,,1,4
2021,19_VIRginia International Raceway,VIRginia International Raceway,virginia-international-raceway,2021-10-09,202110091210_Race,11,11,14,66,1:47.178,1:05.687,65.687,,1,4
2021,19_VIRginia International Raceway,VIRginia International Raceway,virginia-international-raceway,2021-10-09,202110091210_Race,11,11,15,44,1:48.298,1:13.457,73.457,,1,4
2021,19_VIRginia International Raceway,VIRginia International Raceway,virginia-international-raceway,2021-10-09,202110091210_Race,11,11,16,88,1:48.192,1:17.219,77.219,,1,4
2021,19_VIRginia International Raceway,VIRginia International Raceway,virginia-international-raceway,2021-10-09,202110091210_Race,11,11,17,27,1:48.014,1:17.317,77.317,,1,4
2021,19_VIRginia International Raceway,VIRginia International Raceway,virginia-international-raceway,2021-10-09,202110091210_Race,11,11,18,79,1:43.093,1:35.225,95.225,,1,4
2021,19_VIRginia International Raceway,VIRginia International Raceway,virginia-international-raceway,2021-10-09,202110091210_Race,12,12,1,3,1:42.344,,,,1,4
2021,19_VIRginia International Raceway,VIRginia International Raceway,virginia-international-raceway,2021-10-09,202110091210_Race,12,12,2,4,1:42.482,0.499,0.499,,1,4
2021,19_VIRginia International Raceway,VIRginia International Raceway,virginia-international-raceway,2021-10-09,202110091210_Race,12,10,3,12,1:47.212,2 Laps,,2,1,4
2021,19_VIRginia International Raceway,VIRginia International Raceway,virginia-international-raceway,2021-10-09,202110091210_Race,12,12,4,96,1:46.534,57.589,57.589,,1,4
2021,19_VIRginia International Raceway,VIRginia International Raceway,virginia-international-raceway,2021-10-09,202110091210_Race,12,12,5,39,1:46.463,58.675,58.675,,1,4
2021,19_VIRginia International Raceway,VIRginia International Raceway,virginia-international-raceway,2021-10-09,202110091210_Race,12,12,6,1,1:46.329,58.935,58.935,,1,4
2021,19_VIRginia International Raceway,VIRginia International Raceway,virginia-international-raceway,2021-10-09,202110091210_Race,12,12,7,14,1:46.424,59.570,59.570,,1,4
2021,19_VIRginia International Raceway,VIRginia International Raceway,virginia-international-raceway,2021-10-09,202110091210_Race,12,12,8,23,1:46.350,1:00.223,60.223,,1,4
2021,19_VIRginia International Raceway,VIRginia International Raceway,virginia-international-raceway,2021-10-09,202110091210_Race,12,12,9,28,1:46.524,1:03.100,63.100,,1,4
2021,19_VIRginia International Raceway,VIRginia International Raceway,virginia-international-raceway,2021-10-09,202110091210_Race,12,12,10,9,1:46.540,1:03.336,63.336,,1,4
2021,19_VIRginia International Raceway,VIRginia International Raceway,virginia-international-raceway,2021-10-09,202110091210_Race,12,12,11,16,1:46.591,1:03.807,63.807,,1,4
2021,19_VIRginia International Raceway,VIRginia International Raceway,virginia-international-raceway,2021-10-09,202110091210_Race,12,12,12,19,1:47.057,1:08.890,68.890,,1,4
2021,19_VIRginia International Raceway,VIRginia International Raceway,virginia-international-raceway,2021-10-09,202110091210_Race,12,12,13,32,1:47.161,1:10.107,70.107,,1,4
2021,19_VIRginia International Raceway,VIRginia International Raceway,virginia-international-raceway,2021-10-09,202110091210_Race,12,12,14,66,1:47.335,1:10.678,70.678,,1,4
2021,19_VIRginia International Raceway,VIRginia International Raceway,virginia-international-raceway,2021-10-09,202110091210_Race,12,12,15,44,1:48.163,1:19.276,79.276,,1,4
2021,19_VIRginia International Raceway,VIRginia International Raceway,virginia-international-raceway,2021-10-09,202110091210_Race,12,12,16,27,1:47.564,1:22.537,82.537,,1,4
2021,19_VIRginia International Raceway,VIRginia International Raceway,virginia-international-raceway,2021-10-09,202110091210_Race,12,12,17,88,1:48.382,1:23.257,83.257,,1,5
2021,19_VIRginia International Raceway,VIRginia International Raceway,virginia-international-raceway,2021-10-09,202110091210_Race,12,12,18,79,1:42.702,1:35.583,95.583,,1,5
2021,19_VIRginia International Raceway,VIRginia International Raceway,virginia-international-raceway,2021-10-09,202110091210_Race,13,13,1,3,1:42.187,,,,1,5
2021,19_VIRginia International Raceway,VIRginia International Raceway,virginia-international-raceway,2021-10-09,202110091210_Race,13,13,2,4,1:42.267,0.579,0.579,,1,5
2021,19_VIRginia International Raceway,VIRginia International Raceway,virginia-international-raceway,2021-10-09,202110091210_Race,13,11,3,12,1:47.010,2 Laps,,2,1,5
2021,19_VIRginia International Raceway,VIRginia International Raceway,virginia-international-raceway,2021-10-09,202110091210_Race,13,13,4,96,1:46.415,1:01.817,61.817,,1,5
2021,19_VIRginia International Raceway,VIRginia International Raceway,virginia-international-raceway,2021-10-09,202110091210_Race,13,13,5,39,1:46.146,1:02.634,62.634,,1,5
2021,19_VIRginia International Raceway,VIRginia International Raceway,virginia-international-raceway,2021-10-09,202110091210_Race,13,13,6,1,1:46.297,1:03.045,63.045,,1,5
2021,19_VIRginia International Raceway,VIRginia International Raceway,virginia-international-raceway,2021-10-09,202110091210_Race,13,13,7,14,1:46.304,1:03.687,63.687,,1,5
2021,19_VIRginia International Raceway,VIRginia International Raceway,virginia-international-raceway,2021-10-09,202110091210_Race,13,13,8,23,1:46.027,1:04.063,64.063,,1,5
2021,19_VIRginia International Raceway,VIRginia International Raceway,virginia-international-raceway,2021-10-09,202110091210_Race,13,13,9,28,1:46.901,1:07.814,67.814,,1,5
2021,19_VIRginia International Raceway,VIRginia International Raceway,virginia-international-raceway,2021-10-09,202110091210_Race,13,13,10,9,1:46.801,1:07.950,67.950,,1,5
2021,19_VIRginia International Raceway,VIRginia International Raceway,virginia-international-raceway,2021-10-09,202110091210_Race,13,13,11,16,1:46.760,1:08.380,68.380,,1,5
2021,19_VIRginia International Raceway,VIRginia International Raceway,virginia-international-raceway,2021-10-09,202110091210_Race,13,13,12,19,1:47.301,1:14.004,74.004,,1,5
2021,19_VIRginia International Raceway,VIRginia International Raceway,virginia-international-raceway,2021-10-09,202110091210_Race,13,13,13,32,1:47.099,1:15.019,75.019,,1,5
2021,19_VIRginia International Raceway,VIRginia International Raceway,virginia-international-raceway,2021-10-09,202110091210_Race,13,13,14,66,1:47.434,1:15.925,75.925,,1,5
2021,19_VIRginia International Raceway,VIRginia International Raceway,virginia-international-raceway,2021-10-09,202110091210_Race,13,13,15,44,1:48.597,1:25.686,85.686,,1,5
2021,19_VIRginia International Raceway,VIRginia International Raceway,virginia-international-raceway,2021-10-09,202110091210_Race,13,13,16,27,1:46.710,1:27.060,87.060,,1,5
2021,19_VIRginia International Raceway,VIRginia International Raceway,virginia-international-raceway,2021-10-09,202110091210_Race,13,13,17,88,1:48.443,1:29.513,89.513,,1,5
2021,19_VIRginia International Raceway,VIRginia International Raceway,virginia-international-raceway,2021-10-09,202110091210_Race,13,13,18,79,1:42.343,1:35.739,95.739,,1,5
2021,19_VIRginia International Raceway,VIRginia International Raceway,virginia-international-raceway,2021-10-09,202110091210_Race,14,14,1,3,1:42.268,,,,1,5
2021,19_VIRginia International Raceway,VIRginia International Raceway,virginia-international-raceway,2021-10-09,202110091210_Race,14,14,2,4,1:42.288,0.599,0.599,,1,5
2021,19_VIRginia International Raceway,VIRginia International Raceway,virginia-international-raceway,2021-10-09,202110091210_Race,14,12,3,12,1:46.883,2 Laps,,2,1,5
2021,19_VIRginia International Raceway,VIRginia International Raceway,virginia-international-raceway,2021-10-09,202110091210_Race,14,14,4,96,1:46.392,1:05.941,65.941,,1,5
2021,19_VIRginia International Raceway,VIRginia International Raceway,virginia-international-raceway,2021-10-09,202110091210_Race,14,14,5,39,1:46.345,1:06.711,66.711,,1,5
2021,19_VIRginia International Raceway,VIRginia International Raceway,virginia-international-raceway,2021-10-09,202110091210_Race,14,14,6,1,1:46.374,1:07.151,67.151,,1,5
2021,19_VIRginia International Raceway,VIRginia International Raceway,virginia-international-raceway,2021-10-09,202110091210_Race,14,14,7,14,1:46.595,1:08.014,68.014,,1,5
2021,19_VIRginia International Raceway,VIRginia International Raceway,virginia-international-raceway,2021-10-09,202110091210_Race,14,14,8,23,1:46.643,1:08.438,68.438,,1,5
2021,19_VIRginia International Raceway,VIRginia International Raceway,virginia-international-raceway,2021-10-09,202110091210_Race,14,14,9,9,1:46.231,1:11.913,71.913,,1,5
2021,19_VIRginia International Raceway,VIRginia International Raceway,virginia-international-raceway,2021-10-09,202110091210_Race,14,14,10,28,1:47.245,1:12.791,72.791,,1,5
2021,19_VIRginia International Raceway,VIRginia International Raceway,virginia-international-raceway,2021-10-09,202110091210_Race,14,14,11,16,1:46.934,1:13.046,73.046,,1,5
2021,19_VIRginia International Raceway,VIRginia International Raceway,virginia-international-raceway,2021-10-09,202110091210_Race,14,14,12,19,1:47.691,1:19.427,79.427,,1,5
2021,19_VIRginia International Raceway,VIRginia International Raceway,virginia-international-raceway,2021-10-09,202110091210_Race,14,14,13,32,1:47.218,1:19.969,79.969,,1,5
2021,19_VIRginia International Raceway,VIRginia International Raceway,virginia-international-raceway,2021-10-09,202110091210_Race,14,14,14,66,1:47.581,1:21.238,81.238,,1,5
2021,19_VIRginia International Raceway,VIRginia International Raceway,virginia-international-raceway,2021-10-09,202110091210_Race,14,14,15,44,1:48.043,1:31.461,91.461,,1,5
2021,19_VIRginia International Raceway,VIRginia International Raceway,virginia-international-raceway,2021-10-09,202110091210_Race,14,14,16,27,1:46.823,1:31.615,91.615,,1,5
2021,19_VIRginia International Raceway,VIRginia International Raceway,virginia-international-raceway,2021-10-09,202110091210_Race,14,14,17,79,1:42.233,1:35.704,95.704,,1,5
2021,19_VIRginia International Raceway,VIRginia International Raceway,virginia-international-raceway,2021-10-09,202110091210_Race,14,14,18,88,1:48.596,1:35.841,95.841,,1,5
2021,19_VIRginia International Raceway,VIRginia International Raceway,virginia-international-raceway,2021-10-09,202110091210_Race,15,15,1,3,1:42.435,,,,1,5
2021,19_VIRginia International Raceway,VIRginia International Raceway,virginia-international-raceway,2021-10-09,202110091210_Race,15,13,2,12,1:47.002,2 Laps,,2,1,5
2021,19_VIRginia International Raceway,VIRginia International Raceway,virginia-international-raceway,2021-10-09,202110091210_Race,15,15,3,4,2:20.739,38.903,38.903,,1,5
2021,19_VIRginia International Raceway,VIRginia International Raceway,virginia-international-raceway,2021-10-09,202110091210_Race,15,15,4,96,1:46.674,1:10.180,70.180,,1,5
2021,19_VIRginia International Raceway,VIRginia International Raceway,virginia-international-raceway,2021-10-09,202110091210_Race,15,15,5,39,1:46.646,1:10.922,70.922,,1,5
2021,19_VIRginia International Raceway,VIRginia International Raceway,virginia-international-raceway,2021-10-09,202110091210_Race,15,15,6,1,1:46.579,1:11.295,71.295,,1,5
2021,19_VIRginia International Raceway,VIRginia International Raceway,virginia-international-raceway,2021-10-09,202110091210_Race,15,15,7,14,1:46.472,1:12.051,72.051,,1,5
2021,19_VIRginia International Raceway,VIRginia International Raceway,virginia-international-raceway,2021-10-09,202110091210_Race,15,15,8,23,1:46.316,1:12.319,72.319,,1,5
2021,19_VIRginia International Raceway,VIRginia International Raceway,virginia-international-raceway,2021-10-09,202110091210_Race,15,15,9,9,1:46.198,1:15.676,75.676,,1,5
2021,19_VIRginia International Raceway,VIRginia International Raceway,virginia-international-raceway,2021-10-09,202110091210_Race,15,15,10,16,1:46.542,1:17.153,77.153,,1,5
2021,19_VIRginia International Raceway,VIRginia International Raceway,virginia-international-raceway,2021-10-09,202110091210_Race,15,15,11,28,1:46.804,1:17.160,77.160,,1,5
2021,19_VIRginia International Raceway,VIRginia International Raceway,virginia-international-raceway,2021-10-09,202110091210_Race,15,15,12,19,1:47.673,1:24.665,84.665,,1,5
2021,19_VIRginia International Raceway,VIRginia International Raceway,virginia-international-raceway,2021-10-09,202110091210_Race,15,15,13,32,1:47.758,1:25.292,85.292,,1,5
2021,19_VIRginia International Raceway,VIRginia International Raceway,virginia-international-raceway,2021-10-09,202110091210_Race,15,15,14,66,1:46.746,1:25.549,85.549,,1,5
2021,19_VIRginia International Raceway,VIRginia International Raceway,virginia-international-raceway,2021-10-09,202110091210_Race,15,15,15,79,1:43.191,1:36.460,96.460,,1,5
2021,19_VIRginia International Raceway,VIRginia International Raceway,virginia-international-raceway,2021-10-09,202110091210_Race,15,15,16,27,1:47.488,1:36.668,96.668,,2,1
2021,19_VIRginia International Raceway,VIRginia International Raceway,virginia-international-raceway,2021-10-09,202110091210_Race,15,15,17,44,1:49.262,1:38.288,98.288,,2,1
2021,19_VIRginia International Raceway,VIRginia International Raceway,virginia-international-raceway,2021-10-09,202110091210_Race,15,15,18,88,1:48.936,1:42.342,102.342,,2,1
2021,19_VIRginia International Raceway,VIRginia International Raceway,virginia-international-raceway,2021-10-09,202110091210_Race,16,16,1,3,1:42.688,,,,2,1
2021,19_VIRginia International Raceway,VIRginia International Raceway,virginia-international-raceway,2021-10-09,202110091210_Race,16,14,2,12,1:47.675,2 Laps,,2,2,1
2021,19_VIRginia International Raceway,VIRginia International Raceway,virginia-international-raceway,2021-10-09,202110091210_Race,16,16,3,4,1:55.250,51.465,51.465,,2,1
2021,19_VIRginia International Raceway,VIRginia International Raceway,virginia-international-raceway,2021-10-09,202110091210_Race,16,16,4,96,1:46.473,1:13.965,73.965,,2,1
2021,19_VIRginia International Raceway,VIRginia International Raceway,virginia-international-raceway,2021-10-09,202110091210_Race,16,16,5,39,1:46.452,1:14.686,74.686,,2,1
2021,19_VIRginia International Raceway,VIRginia International Raceway,virginia-international-raceway,2021-10-09,202110091210_Race,16,16,6,1,1:46.393,1:15.000,75.000,,2,1
2021,19_VIRginia International Raceway,VIRginia International Raceway,virginia-international-raceway,2021-10-09,202110091210_Race,16,16,7,23,1:47.768,1:17.399,77.399,,2,1
2021,19_VIRginia International Raceway,VIRginia International Raceway,virginia-international-raceway,2021-10-09,202110091210_Race,16,16,8,14,1:48.843,1:18.206,78.206,,2,1
2021,19_VIRginia International Raceway,VIRginia International Raceway,virginia-international-raceway,2021-10-09,202110091210_Race,16,16,9,9,1:46.683,1:19.671,79.671,,2,1
2021,19_VIRginia International Raceway,VIRginia International Raceway,virginia-international-raceway,2021-10-09,202110091210_Race,16,16,10,16,1:47.590,1:22.055,82.055,,2,1
2021,19_VIRginia International Raceway,VIRginia International Raceway,virginia-international-raceway,2021-10-09,202110091210_Race,16,16,11,28,1:48.944,1:23.416,83.416,,2,1
2021,19_VIRginia International Raceway,VIRginia International Raceway,virginia-international-raceway,2021-10-09,202110091210_Race,16,16,12,19,1:48.322,1:30.299,90.299,,2,1
2021,19_VIRginia International Raceway,VIRginia International Raceway,virginia-international-raceway,2021-10-09,202110091210_Race,16,16,13,32,1:48.208,1:30.812,90.812,,2,1
2021,19_VIRginia International Raceway,VIRginia International Raceway,virginia-international-raceway,2021-10-09,202110091210_Race,16,16,14,66,1:48.215,1:31.076,91.076,,2,1
2021,19_VIRginia International Raceway,VIRginia International Raceway,virginia-international-raceway,2021-10-09,202110091210_Race,16,16,15,79,1:42.268,1:36.040,96.040,,2,1
2021,19_VIRginia International Raceway,VIRginia International Raceway,virginia-international-raceway,2021-10-09,202110091210_Race,16,16,16,27,1:47.351,1:41.331,101.331,,2,1
2021,19_VIRginia International Raceway,VIRginia International Raceway,virginia-international-raceway,2021-10-09,202110091210_Race,17,17,1,3,1:43.865,,,,2,1
2021,19_VIRginia International Raceway,VIRginia International Raceway,virginia-international-raceway,2021-10-09,202110091210_Race,17,16,2,44,1:49.548,1 Lap,,1,2,1
2021,19_VIRginia International Raceway,VIRginia International Raceway,virginia-international-raceway,2021-10-09,202110091210_Race,17,16,3,88,1:49.463,1 Lap,,1,2,1
2021,19_VIRginia International Raceway,VIRginia International Raceway,virginia-international-raceway,2021-10-09,202110091210_Race,17,15,4,12,1:47.142,2 Laps,,2,2,1
2021,19_VIRginia International Raceway,VIRginia International Raceway,virginia-international-raceway,2021-10-09,202110091210_Race,17,17,5,4,1:44.766,52.366,52.366,,2,1
2021,19_VIRginia International Raceway,VIRginia International Raceway,virginia-international-raceway,2021-10-09,202110091210_Race,17,17,6,96,1:46.691,1:16.791,76.791,,2,1
2021,19_VIRginia International Raceway,VIRginia International Raceway,virginia-international-raceway,2021-10-09,202110091210_Race,17,17,7,39,1:47.413,1:18.234,78.234,,2,1
2021,19_VIRginia International Raceway,VIRginia International Raceway,virginia-international-raceway,2021-10-09,202110091210_Race,17,17,8,1,1:47.337,1:18.472,78.472,,2,1
2021,19_VIRginia International Raceway,VIRginia International Raceway,virginia-international-raceway,2021-10-09,202110091210_Race,17,17,9,23,1:46.649,1:20.183,80.183,,2,1
2021,19_VIRginia International Raceway,VIRginia International Raceway,virginia-international-raceway,2021-10-09,202110091210_Race,17,17,10,14,1:47.088,1:21.429,81.429,,2,1
2021,19_VIRginia International Raceway,VIRginia International Raceway,virginia-international-raceway,2021-10-09,202110091210_Race,17,17,11,9,1:46.072,1:21.878,81.878,,2,1
2021,19_VIRginia International Raceway,VIRginia International Raceway,virginia-international-raceway,2021-10-09,202110091210_Race,17,17,12,16,1:46.332,1:24.522,84.522,,2,1
2021,19_VIRginia International Raceway,VIRginia International Raceway,virginia-international-raceway,2021-10-09,202110091210_Race,17,17,13,28,1:47.021,1:26.572,86.572,,2,1
2021,19_VIRginia International Raceway,VIRginia International Raceway,virginia-international-raceway,2021-10-09,202110091210_Race,17,17,14,19,1:47.843,1:34.277,94.277,,2,1
2021,19_VIRginia International Raceway,VIRginia International Raceway,virginia-international-raceway,2021-10-09,202110091210_Race,17,17,15,79,1:42.673,1:34.848,94.848,,2,1
2021,19_VIRginia International Raceway,VIRginia International Raceway,virginia-international-raceway,2021-10-09,202110091210_Race,17,17,16,32,1:47.931,1:34.878,94.878,,2,1
2021,19_VIRginia International Raceway,VIRginia International Raceway,virginia-international-raceway,2021-10-09,202110091210_Race,17,17,17,66,1:47.889,1:35.100,95.100,,2,1
2021,19_VIRginia International Raceway,VIRginia International Raceway,virginia-international-raceway,2021-10-09,202110091210_Race,18,18,1,3,1:42.794,,,,2,1
2021,19_VIRginia International Raceway,VIRginia International Raceway,virginia-international-raceway,2021-10-09,202110091210_Race,18,17,2,27,1:47.080,1 Lap,,1,2,1
2021,19_VIRginia International Raceway,VIRginia International Raceway,virginia-international-raceway,2021-10-09,202110091210_Race,18,17,3,44,1:48.853,1 Lap,,1,2,1
2021,19_VIRginia International Raceway,VIRginia International Raceway,virginia-international-raceway,2021-10-09,202110091210_Race,18,17,4,88,1:48.171,1 Lap,,1,2,1
2021,19_VIRginia International Raceway,VIRginia International Raceway,virginia-international-raceway,2021-10-09,202110091210_Race,18,16,5,12,1:47.432,2 Laps,,2,2,1
2021,19_VIRginia International Raceway,VIRginia International Raceway,virginia-international-raceway,2021-10-09,202110091210_Race,18,18,6,4,1:44.532,54.104,54.104,,2,1
2021,19_VIRginia International Raceway,VIRginia International Raceway,virginia-international-raceway,2021-10-09,202110091210_Race,18,18,7,96,1:46.584,1:20.581,80.581,,2,1
2021,19_VIRginia International Raceway,VIRginia International Raceway,virginia-international-raceway,2021-10-09,202110091210_Race,18,18,8,39,1:46.629,1:22.069,82.069,,2,1
2021,19_VIRginia International Raceway,VIRginia International Raceway,virginia-international-raceway,2021-10-09,202110091210_Race,18,18,9,1,1:46.679,1:22.357,82.357,,2,1
2021,19_VIRginia International Raceway,VIRginia International Raceway,virginia-international-raceway,2021-10-09,202110091210_Race,18,18,10,23,1:46.332,1:23.721,83.721,,2,1
2021,19_VIRginia International Raceway,VIRginia International Raceway,virginia-international-raceway,2021-10-09,202110091210_Race,18,18,11,14,1:47.075,1:25.710,85.710,,2,1
2021,19_VIRginia International Raceway,VIRginia International Raceway,virginia-international-raceway,2021-10-09,202110091210_Race,18,18,12,9,1:47.129,1:26.213,86.213,,2,1
2021,19_VIRginia International Raceway,VIRginia International Raceway,virginia-international-raceway,2021-10-09,202110091210_Race,18,18,13,16,1:46.044,1:27.772,87.772,,2,1
2021,19_VIRginia International Raceway,VIRginia International Raceway,virginia-international-raceway,2021-10-09,202110091210_Race,18,18,14,28,1:47.344,1:31.122,91.122,,2,1
2021,19_VIRginia International Raceway,VIRginia International Raceway,virginia-international-raceway,2021-10-09,202110091210_Race,18,18,15,79,1:42.738,1:34.792,94.792,,2,1
2021,19_VIRginia International Raceway,VIRginia International Raceway,virginia-international-raceway,2021-10-09,202110091210_Race,18,18,16,19,1:47.837,1:39.320,99.320,,2,1
2021,19_VIRginia International Raceway,VIRginia International Raceway,virginia-international-raceway,2021-10-09,202110091210_Race,18,18,17,32,1:47.965,1:40.049,100.049,,2,1
2021,19_VIRginia International Raceway,VIRginia International Raceway,virginia-international-raceway,2021-10-09,202110091210_Race,18,18,18,66,1:48.049,1:40.355,100.355,,2,2
2021,19_VIRginia International Raceway,VIRginia International Raceway,virginia-international-raceway,2021-10-09,202110091210_Race,19,19,1,3,1:42.920,,,,2,2
2021,19_VIRginia International Raceway,VIRginia International Raceway,virginia-international-raceway,2021-10-09,202110091210_Race,19,18,2,27,1:47.059,1 Lap,,1,2,2
2021,19_VIRginia International Raceway,VIRginia International Raceway,virginia-international-raceway,2021-10-09,202110091210_Race,19,18,3,44,1:48.294,1 Lap,,1,2,2
2021,19_VIRginia International Raceway,VIRginia International Raceway,virginia-international-raceway,2021-10-09,202110091210_Race,19,18,4,88,1:47.690,1 Lap,,1,2,2
2021,19_VIRginia International Raceway,VIRginia International Raceway,virginia-international-raceway,2021-10-09,202110091210_Race,19,17,5,12,1:47.539,2 Laps,,2,2,2
2021,19_VIRginia International Raceway,VIRginia International Raceway,virginia-international-raceway,2021-10-09,202110091210_Race,19,19,6,4,1:44.744,55.928,55.928,,2,2
2021,19_VIRginia International Raceway,VIRginia International Raceway,virginia-international-raceway,2021-10-09,202110091210_Race,19,19,7,96,1:46.461,1:24.122,84.122,,2,2
2021,19_VIRginia International Raceway,VIRginia International Raceway,virginia-international-raceway,2021-10-09,202110091210_Race,19,19,8,39,1:46.377,1:25.526,85.526,,2,2
2021,19_VIRginia International Raceway,VIRginia International Raceway,virginia-international-raceway,2021-10-09,202110091210_Race,19,19,9,1,1:46.564,1:26.001,86.001,,2,2
2021,19_VIRginia International Raceway,VIRginia International Raceway,virginia-international-raceway,2021-10-09,202110091210_Race,19,19,10,23,1:46.211,1:27.012,87.012,,2,2
2021,19_VIRginia International Raceway,VIRginia International Raceway,virginia-international-raceway,2021-10-09,202110091210_Race,19,19,11,14,1:46.560,1:29.350,89.350,,2,2
2021,19_VIRginia International Raceway,VIRginia International Raceway,virginia-international-raceway,2021-10-09,202110091210_Race,19,19,12,9,1:46.545,1:29.838,89.838,,2,2
2021,19_VIRginia International Raceway,VIRginia International Raceway,virginia-international-raceway,2021-10-09,202110091210_Race,19,19,13,16,1:46.294,1:31.146,91.146,,2,2
2021,19_VIRginia International Raceway,VIRginia International Raceway,virginia-international-raceway,2021-10-09,202110091210_Race,19,19,14,79,1:42.894,1:34.766,94.766,,2,2
2021,19_VIRginia International Raceway,VIRginia International Raceway,virginia-international-raceway,2021-10-09,202110091210_Race,19,19,15,28,1:48.453,1:36.655,96.655,,2,2
2021,19_VIRginia International Raceway,VIRginia International Raceway,virginia-international-raceway,2021-10-09,202110091210_Race,20,20,1,3,1:44.007,,,,2,2
2021,19_VIRginia International Raceway,VIRginia International Raceway,virginia-international-raceway,2021-10-09,202110091210_Race,20,19,2,19,1:47.732,1 Lap,,1,2,2
2021,19_VIRginia International Raceway,VIRginia International Raceway,virginia-international-raceway,2021-10-09,202110091210_Race,20,19,3,32,1:48.123,1 Lap,,1,2,2
2021,19_VIRginia International Raceway,VIRginia International Raceway,virginia-international-raceway,2021-10-09,202110091210_Race,20,19,4,66,1:48.140,1 Lap,,1,2,2
2021,19_VIRginia International Raceway,VIRginia International Raceway,virginia-international-raceway,2021-10-09,202110091210_Race,20,19,5,27,1:48.342,1 Lap,,1,2,2
2021,19_VIRginia International Raceway,VIRginia International Raceway,virginia-international-raceway,2021-10-09,202110091210_Race,20,19,6,44,1:48.504,1 Lap,,1,2,2
2021,19_VIRginia International Raceway,VIRginia International Raceway,virginia-international-raceway,2021-10-09,202110091210_Race,20,19,7,88,1:48.039,1 Lap,,1,2,2
2021,19_VIRginia International Raceway,VIRginia International Raceway,virginia-international-raceway,2021-10-09,202110091210_Race,20,18,8,12,1:47.934,2 Laps,,2,2,2
2021,19_VIRginia International Raceway,VIRginia International Raceway,virginia-international-raceway,2021-10-09,202110091210_Race,20,20,9,4,1:43.582,55.503,55.503,,2,2
2021,19_VIRginia International Raceway,VIRginia International Raceway,virginia-international-raceway,2021-10-09,202110091210_Race,20,20,10,96,1:46.454,1:26.569,86.569,,2,2
2021,19_VIRginia International Raceway,VIRginia International Raceway,virginia-international-raceway,2021-10-09,202110091210_Race,20,20,11,39,1:46.267,1:27.786,87.786,,2,2
2021,19_VIRginia International Raceway,VIRginia International Raceway,virginia-international-raceway,2021-10-09,202110091210_Race,20,20,12,1,1:46.153,1:28.147,88.147,,2,2
2021,19_VIRginia International Raceway,VIRginia International Raceway,virginia-international-raceway,2021-10-09,202110091210_Race,20,20,13,23,1:46.095,1:29.100,89.100,,2,2
2021,19_VIRginia International Raceway,VIRginia International Raceway,virginia-international-raceway,2021-10-09,202110091210_Race,20,20,14,14,1:46.702,1:32.045,92.045,,2,2
2021,19_VIRginia International Raceway,VIRginia International Raceway,virginia-international-raceway,2021-10-09,202110091210_Race,20,20,15,9,1:46.711,1:32.542,92.542,,2,2
2021,19_VIRginia International Raceway,VIRginia International Raceway,virginia-international-raceway,2021-10-09,202110091210_Race,20,20,16,79,1:42.502,1:33.261,93.261,,2,2
2021,19_VIRginia International Raceway,VIRginia International Raceway,virginia-international-raceway,2021-10-09,202110091210_Race,20,20,17,16,1:46.248,1:33.387,93.387,,2,2
2021,19_VIRginia International Raceway,VIRginia International Raceway,virginia-international-raceway,2021-10-09,202110091210_Race,20,20,18,28,1:47.522,1:40.170,100.170,,2,2
2021,19_VIRginia International Raceway,VIRginia International Raceway,virginia-international-raceway,2021-10-09,202110091210_Race,21,21,1,3,1:42.922,,,,2,2
2021,19_VIRginia International Raceway,VIRginia International Raceway,virginia-international-raceway,2021-10-09,202110091210_Race,21,20,2,19,1:48.025,1 Lap,,1,2,2
2021,19_VIRginia International Raceway,VIRginia International Raceway,virginia-international-raceway,2021-10-09,202110091210_Race,21,20,3,32,1:47.535,1 Lap,,1,2,2
2021,19_VIRginia International Raceway,VIRginia International Raceway,virginia-international-raceway,2021-10-09,202110091210_Race,21,20,4,66,1:47.311,1 Lap,,1,2,2
2021,19_VIRginia International Raceway,VIRginia International Raceway,virginia-international-raceway,2021-10-09,202110091210_Race,21,20,5,27,1:46.674,1 Lap,,1,2,2
2021,19_VIRginia International Raceway,VIRginia International Raceway,virginia-international-raceway,2021-10-09,202110091210_Race,21,20,6,44,1:48.586,1 Lap,,1,2,2
2021,19_VIRginia International Raceway,VIRginia International Raceway,virginia-international-raceway,2021-10-09,202110091210_Race,21,20,7,88,1:47.935,1 Lap,,1,2,2
2021,19_VIRginia International Raceway,VIRginia International Raceway,virginia-international-raceway,2021-10-09,202110091210_Race,21,19,8,12,1:47.533,2 Laps,,2,2,2
2021,19_VIRginia International Raceway,VIRginia International Raceway,virginia-international-raceway,2021-10-09,202110091210_Race,21,21,9,4,1:42.839,55.420,55.420,,2,2
2021,19_VIRginia International Raceway,VIRginia International Raceway,virginia-international-raceway,2021-10-09,202110091210_Race,21,21,10,96,1:46.293,1:29.940,89.940,,2,2
2021,19_VIRginia International Raceway,VIRginia International Raceway,virginia-international-raceway,2021-10-09,202110091210_Race,21,21,11,39,1:46.749,1:31.613,91.613,,2,2
2021,19_VIRginia International Raceway,VIRginia International Raceway,virginia-international-raceway,2021-10-09,202110091210_Race,21,21,12,1,1:46.665,1:31.890,91.890,,2,2
2021,19_VIRginia International Raceway,VIRginia International Raceway,virginia-international-raceway,2021-10-09,202110091210_Race,21,21,13,23,1:46.376,1:32.554,92.554,,2,2
2021,19_VIRginia International Raceway,VIRginia International Raceway,virginia-international-raceway,2021-10-09,202110091210_Race,21,21,14,79,1:42.777,1:33.116,93.116,,2,2
2021,19_VIRginia International Raceway,VIRginia International Raceway,virginia-international-raceway,2021-10-09,202110091210_Race,21,21,15,14,1:46.912,1:36.035,96.035,,2,2
2021,19_VIRginia International Raceway,VIRginia International Raceway,virginia-international-raceway,2021-10-09,202110091210_Race,21,21,16,9,1:46.784,1:36.404,96.404,,2,2
2021,19_VIRginia International Raceway,VIRginia International Raceway,virginia-international-raceway,2021-10-09,202110091210_Race,21,21,17,16,1:46.667,1:37.132,97.132,,2,2
2021,19_VIRginia International Raceway,VIRginia International Raceway,virginia-international-raceway,2021-10-09,202110091210_Race,22,22,1,3,1:42.854,,,,2,3
2021,19_VIRginia International Raceway,VIRginia International Raceway,virginia-international-raceway,2021-10-09,202110091210_Race,22,21,2,28,1:47.179,1 Lap,,1,2,3
2021,19_VIRginia International Raceway,VIRginia International Raceway,virginia-international-raceway,2021-10-09,202110091210_Race,22,21,3,19,1:47.593,1 Lap,,1,2,3
2021,19_VIRginia International Raceway,VIRginia International Raceway,virginia-international-raceway,2021-10-09,202110091210_Race,22,21,4,32,1:47.730,1 Lap,,1,2,3
2021,19_VIRginia International Raceway,VIRginia International Raceway,virginia-international-raceway,2021-10-09,202110091210_Race,22,21,5,66,1:48.024,1 Lap,,1,2,3
2021,19_VIRginia International Raceway,VIRginia International Raceway,virginia-international-raceway,2021-10-09,202110091210_Race,22,21,6,27,1:46.750,1 Lap,,1,2,3
2021,19_VIRginia International Raceway,VIRginia International Raceway,virginia-international-raceway,2021-10-09,202110091210_Race,22,21,7,44,1:48.246,1 Lap,,1,2,3
2021,19_VIRginia International Raceway,VIRginia International Raceway,virginia-international-raceway,2021-10-09,202110091210_Race,22,21,8,88,1:47.442,1 Lap,,1,2,3
2021,19_VIRginia International Raceway,VIRginia International Raceway,virginia-international-raceway,2021-10-09,202110091210_Race,22,20,9,12,1:47.183,2 Laps,,2,2,3
2021,19_VIRginia International Raceway,VIRginia International Raceway,virginia-international-raceway,2021-10-09,202110091210_Race,22,22,10,4,1:42.639,55.205,55.205,,2,3
2021,19_VIRginia International Raceway,VIRginia International Raceway,virginia-international-raceway,2021-10-09,202110091210_Race,22,22,11,96,1:46.172,1:33.258,93.258,,2,3
2021,19_VIRginia International Raceway,VIRginia International Raceway,virginia-international-raceway,2021-10-09,202110091210_Race,22,22,12,79,1:43.648,1:33.910,93.910,,2,3
2021,19_VIRginia International Raceway,VIRginia International Raceway,virginia-international-raceway,2021-10-09,202110091210_Race,22,22,13,39,1:46.723,1:35.482,95.482,,2,3
2021,19_VIRginia International Raceway,VIRginia International Raceway,virginia-international-raceway,2021-10-09,202110091210_Race,22,22,14,1,1:46.645,1:35.681,95.681,,2,3
2021,19_VIRginia International Raceway,VIRginia International Raceway,virginia-international-raceway,2021-10-09,202110091210_Race,22,22,15,23,1:46.729,1:36.429,96.429,,2,3
2021,19_VIRginia International Raceway,VIRginia International Raceway,virginia-international-raceway,2021-10-09,202110091210_Race,22,22,16,14,1:46.569,1:39.750,99.750,,2,3
2021,19_VIRginia International Raceway,VIRginia International Raceway,virginia-international-raceway,2021-10-09,202110091210_Race,22,22,17,9,1:46.608,1:40.158,100.158,,2,3
2021,19_VIRginia International Raceway,VIRginia International Raceway,virginia-international-raceway,2021-10-09,202110091210_Race,22,22,18,16,1:46.439,1:40.717,100.717,,2,3
2021,19_VIRginia International Raceway,VIRginia International Raceway,virginia-international-raceway,2021-10-09,202110091210_Race,23,23,1,3,1:42.966,,,,2,3
2021,19_VIRginia International Raceway,VIRginia International Raceway,virginia-international-raceway,2021-10-09,202110091210_Race,23,22,2,28,1:46.662,1 Lap,,1,2,3
2021,19_VIRginia International Raceway,VIRginia International Raceway,virginia-international-raceway,2021-10-09,202110091210_Race,23,22,3,19,1:47.326,1 Lap,,1,2,3
2021,19_VIRginia International Raceway,VIRginia International Raceway,virginia-international-raceway,2021-10-09,202110091210_Race,23,22,4,32,1:47.394,1 Lap,,1,2,3
2021,19_VIRginia International Raceway,VIRginia International Raceway,virginia-international-raceway,2021-10-09,202110091210_Race,23,22,5,66,1:47.651,1 Lap,,1,2,3
2021,19_VIRginia International Raceway,VIRginia International Raceway,virginia-international-raceway,2021-10-09,202110091210_Race,23,22,6,27,1:46.745,1 Lap,,1,2,3
2021,19_VIRginia International Raceway,VIRginia International Raceway,virginia-international-raceway,2021-10-09,202110091210_Race,23,22,7,44,1:48.216,1 Lap,,1,2,3
2021,19_VIRginia International Raceway,VIRginia International Raceway,virginia-international-raceway,2021-10-09,202110091210_Race,23,22,8,88,1:48.006,1 Lap,,1,2,3
2021,19_VIRginia International Raceway,VIRginia International Raceway,virginia-international-raceway,2021-10-09,202110091210_Race,23,23,9,4,1:42.609,54.848,54.848,,2,3
2021,19_VIRginia International Raceway,VIRginia International Raceway,virginia-international-raceway,2021-10-09,202110091210_Race,23,21,10,12,1:47.974,2 Laps,,2,2,3
2021,19_VIRginia International Raceway,VIRginia International Raceway,virginia-international-raceway,2021-10-09,202110091210_Race,23,23,11,79,1:43.152,1:34.096,94.096,,2,3
2021,19_VIRginia International Raceway,VIRginia International Raceway,virginia-international-raceway,2021-10-09,202110091210_Race,23,23,12,96,1:47.050,1:37.342,97.342,,2,3
2021,19_VIRginia International Raceway,VIRginia International Raceway,virginia-international-raceway,2021-10-09,202110091210_Race,23,23,13,39,1:46.321,1:38.837,98.837,,2,3
2021,19_VIRginia International Raceway,VIRginia International Raceway,virginia-international-raceway,2021-10-09,202110091210_Race,23,23,14,1,1:46.420,1:39.135,99.135,,2,3
2021,19_VIRginia International Raceway,VIRginia International Raceway,virginia-international-raceway,2021-10-09,202110091210_Race,23,23,15,23,1:46.532,1:39.995,99.995,,2,3
2021,19_VIRginia International Raceway,VIRginia International Raceway,virginia-international-raceway,2021-10-09,202110091210_Race,23,23,16,14,1:46.761,1:43.545,103.545,,2,3
2021,19_VIRginia International Raceway,VIRginia International Raceway,virginia-international-raceway,2021-10-09,202110091210_Race,24,24,1,3,1:43.740,,,,2,3
2021,19_VIRginia International Raceway,VIRginia International Raceway,virginia-international-raceway,2021-10-09,202110091210_Race,24,23,2,9,1:46.752,1 Lap,,1,2,3
2021,19_VIRginia International Raceway,VIRginia International Raceway,virginia-international-raceway,2021-10-09,202110091210_Race,24,23,3,16,1:46.928,1 Lap,,1,2,3
2021,19_VIRginia International Raceway,VIRginia International Raceway,virginia-international-raceway,2021-10-09,202110091210_Race,24,23,4,28,1:46.572,1 Lap,,1,2,3
2021,19_VIRginia International Raceway,VIRginia International Raceway,virginia-international-raceway,2021-10-09,202110091210_Race,24,23,5,19,1:47.571,1 Lap,,1,2,3
2021,19_VIRginia International Raceway,VIRginia International Raceway,virginia-international-raceway,2021-10-09,202110091210_Race,24,23,6,32,1:47.364,1 Lap,,1,2,3
2021,19_VIRginia International Raceway,VIRginia International Raceway,virginia-international-raceway,2021-10-09,202110091210_Race,24,23,7,66,1:47.073,1 Lap,,1,2,3
2021,19_VIRginia International Raceway,VIRginia International Raceway,virginia-international-raceway,2021-10-09,202110091210_Race,24,23,8,27,1:46.575,1 Lap,,1,2,3
2021,19_VIRginia International Raceway,VIRginia International Raceway,virginia-international-raceway,2021-10-09,202110091210_Race,24,23,9,44,1:48.180,1 Lap,,1,2,3
2021,19_VIRginia International Raceway,VIRginia International Raceway,virginia-international-raceway,2021-10-09,202110091210_Race,24,23,10,88,1:48.209,1 Lap,,1,2,3
2021,19_VIRginia International Raceway,VIRginia International Raceway,virginia-international-raceway,2021-10-09,202110091210_Race,24,24,11,4,1:42.972,54.080,54.080,,2,3
2021,19_VIRginia International Raceway,VIRginia International Raceway,virginia-international-raceway,2021-10-09,202110091210_Race,24,22,12,12,1:47.114,2 Laps,,2,2,3
2021,19_VIRginia International Raceway,VIRginia International Raceway,virginia-international-raceway,2021-10-09,202110091210_Race,24,24,13,79,1:42.764,1:33.120,93.120,,2,3
2021,19_VIRginia International Raceway,VIRginia International Raceway,virginia-international-raceway,2021-10-09,202110091210_Race,24,24,14,96,1:46.458,1:40.060,100.060,,2,3
2021,19_VIRginia International Raceway,VIRginia International Raceway,virginia-international-raceway,2021-10-09,202110091210_Race,24,24,15,39,1:46.203,1:41.300,101.300,,2,3
2021,19_VIRginia International Raceway,VIRginia International Raceway,virginia-international-raceway,2021-10-09,202110091210_Race,24,24,16,1,1:46.194,1:41.589,101.589,,2,3
2021,19_VIRginia International Raceway,VIRginia International Raceway,virginia-international-raceway,2021-10-09,202110091210_Race,24,24,17,23,1:46.363,1:42.618,102.618,,2,3
2021,19_VIRginia International Raceway,VIRginia International Raceway,virginia-international-raceway,2021-10-09,202110091210_Race,25,25,1,3,1:43.097,,,,2,3
2021,19_VIRginia International Raceway,VIRginia International Raceway,virginia-international-raceway,2021-10-09,202110091210_Race,25,24,2,14,1:47.529,1 Lap,,1,2,3
2021,19_VIRginia International Raceway,VIRginia International Raceway,virginia-international-raceway,2021-10-09,202110091210_Race,25,24,3,9,1:47.830,1 Lap,,1,2,4
2021,19_VIRginia International Raceway,VIRginia International Raceway,virginia-international-raceway,2021-10-09,202110091210_Race,25,24,4,16,1:47.521,1 Lap,,1,2,4
2021,19_VIRginia International Raceway,VIRginia International Raceway,virginia-international-raceway,2021-10-09,202110091210_Race,25,24,5,28,1:46.895,1 Lap,,1,2,4
2021,19_VIRginia International Raceway,VIRginia International Raceway,virginia-international-raceway,2021-10-09,202110091210_Race,25,24,6,19,1:47.487,1 Lap,,1,2,4
2021,19_VIRginia International Raceway,VIRginia International Raceway,virginia-international-raceway,2021-10-09,202110091210_Race,25,24,7,32,1:47.631,1 Lap,,1,2,4
2021,19_VIRginia International Raceway,VIRginia International Raceway,virginia-international-raceway,2021-10-09,202110091210_Race,25,24,8,66,1:47.536,1 Lap,,1,2,4
2021,19_VIRginia International Raceway,VIRginia International Raceway,virginia-international-raceway,2021-10-09,202110091210_Race,25,24,9,27,1:46.742,1 Lap,,1,2,4
2021,19_VIRginia International Raceway,VIRginia International Raceway,virginia-international-raceway,2021-10-09,202110091210_Race,25,24,10,88,1:47.915,1 Lap,,1,2,4
2021,19_VIRginia International Raceway,VIRginia International Raceway,virginia-international-raceway,2021-10-09,202110091210_Race,25,25,11,4,1:43.329,54.312,54.312,,2,4
2021,19_VIRginia International Raceway,VIRginia International Raceway,virginia-international-raceway,2021-10-09,202110091210_Race,25,23,12,12,1:47.980,2 Laps,,2,2,4
2021,19_VIRginia International Raceway,VIRginia International Raceway,virginia-international-raceway,2021-10-09,202110091210_Race,25,24,13,44,2:17.701,1 Lap,,1,2,4
2021,19_VIRginia International Raceway,VIRginia International Raceway,virginia-international-raceway,2021-10-09,202110091210_Race,25,25,14,79,1:42.637,1:32.660,92.660,,2,4
2021,19_VIRginia International Raceway,VIRginia International Raceway,virginia-international-raceway,2021-10-09,202110091210_Race,25,25,15,96,1:46.554,1:43.517,103.517,,2,4
2021,19_VIRginia International Raceway,VIRginia International Raceway,virginia-international-raceway,2021-10-09,202110091210_Race,26,26,1,3,1:43.935,,,,2,4
2021,19_VIRginia International Raceway,VIRginia International Raceway,virginia-international-raceway,2021-10-09,202110091210_Race,26,25,2,39,1:46.929,1 Lap,,1,2,4
2021,19_VIRginia International Raceway,VIRginia International Raceway,virginia-international-raceway,2021-10-09,202110091210_Race,26,25,3,1,1:47.006,1 Lap,,1,2,4
2021,19_VIRginia International Raceway,VIRginia International Raceway,virginia-international-raceway,2021-10-09,202110091210_Race,26,25,4,23,1:46.714,1 Lap,,1,2,4
2021,19_VIRginia International Raceway,VIRginia International Raceway,virginia-international-raceway,2021-10-09,202110091210_Race,26,25,5,14,1:46.813,1 Lap,,1,2,4
2021,19_VIRginia International Raceway,VIRginia International Raceway,virginia-international-raceway,2021-10-09,202110091210_Race,26,25,6,9,1:46.605,1 Lap,,1,2,4
2021,19_VIRginia International Raceway,VIRginia International Raceway,virginia-international-raceway,2021-10-09,202110091210_Race,26,25,7,16,1:46.608,1 Lap,,1,2,4
2021,19_VIRginia International Raceway,VIRginia International Raceway,virginia-international-raceway,2021-10-09,202110091210_Race,26,25,8,28,1:47.126,1 Lap,,1,2,4
2021,19_VIRginia International Raceway,VIRginia International Raceway,virginia-international-raceway,2021-10-09,202110091210_Race,26,25,9,19,1:47.426,1 Lap,,1,2,4
2021,19_VIRginia International Raceway,VIRginia International Raceway,virginia-international-raceway,2021-10-09,202110091210_Race,26,25,10,32,1:47.516,1 Lap,,1,2,4
2021,19_VIRginia International Raceway,VIRginia International Raceway,virginia-international-raceway,2021-10-09,202110091210_Race,26,25,11,27,1:46.909,1 Lap,,1,2,4
2021,19_VIRginia International Raceway,VIRginia International Raceway,virginia-international-raceway,2021-10-09,202110091210_Race,26,25,12,88,1:49.044,1 Lap,,1,2,4
2021,19_VIRginia International Raceway,VIRginia International Raceway,virginia-international-raceway,2021-10-09,202110091210_Race,26,26,13,4,1:42.809,53.186,53.186,,2,4
2021,19_VIRginia International Raceway,VIRginia International Raceway,virginia-international-raceway,2021-10-09,202110091210_Race,26,24,14,12,1:46.888,2 Laps,,2,2,4
2021,19_VIRginia International Raceway,VIRginia International Raceway,virginia-international-raceway,2021-10-09,202110091210_Race,26,25,15,44,1:49.431,1 Lap,,1,2,4
2021,19_VIRginia International Raceway,VIRginia International Raceway,virginia-international-raceway,2021-10-09,202110091210_Race,26,26,16,79,1:42.665,1:31.390,91.390,,2,4
2021,19_VIRginia International Raceway,VIRginia International Raceway,virginia-international-raceway,2021-10-09,202110091210_Race,26,25,17,66,3:02.844,1 Lap,,1,2,4
2021,19_VIRginia International Raceway,VIRginia International Raceway,virginia-international-raceway,2021-10-09,202110091210_Race,27,27,1,3,1:44.195,,,,2,4
2021,19_VIRginia International Raceway,VIRginia International Raceway,virginia-international-raceway,2021-10-09,202110091210_Race,27,26,2,96,1:47.416,1 Lap,,1,2,4
2021,19_VIRginia International Raceway,VIRginia International Raceway,virginia-international-raceway,2021-10-09,202110091210_Race,27,26,3,39,1:46.646,1 Lap,,1,2,4
2021,19_VIRginia International Raceway,VIRginia International Raceway,virginia-international-raceway,2021-10-09,202110091210_Race,27,26,4,1,1:46.496,1 Lap,,1,2,4
2021,19_VIRginia International Raceway,VIRginia International Raceway,virginia-international-raceway,2021-10-09,202110091210_Race,27,26,5,23,1:46.202,1 Lap,,1,2,4
2021,19_VIRginia International Raceway,VIRginia International Raceway,virginia-international-raceway,2021-10-09,202110091210_Race,27,26,6,14,1:46.955,1 Lap,,1,2,4
2021,19_VIRginia International Raceway,VIRginia International Raceway,virginia-international-raceway,2021-10-09,202110091210_Race,27,26,7,9,1:46.874,1 Lap,,1,2,4
2021,19_VIRginia International Raceway,VIRginia International Raceway,virginia-international-raceway,2021-10-09,202110091210_Race,27,26,8,16,1:47.267,1 Lap,,1,2,4
2021,19_VIRginia International Raceway,VIRginia International Raceway,virginia-international-raceway,2021-10-09,202110091210_Race,27,26,9,28,1:46.842,1 Lap,,1,2,4
2021,19_VIRginia International Raceway,VIRginia International Raceway,virginia-international-raceway,2021-10-09,202110091210_Race,27,26,10,27,1:46.899,1 Lap,,1,2,4
2021,19_VIRginia International Raceway,VIRginia International Raceway,virginia-international-raceway,2021-10-09,202110091210_Race,27,27,11,4,1:42.903,51.894,51.894,,2,4
2021,19_VIRginia International Raceway,VIRginia International Raceway,virginia-international-raceway,2021-10-09,202110091210_Race,27,26,12,88,1:47.792,1 Lap,,1,2,4
2021,19_VIRginia International Raceway,VIRginia International Raceway,virginia-international-raceway,2021-10-09,202110091210_Race,27,25,13,12,1:47.161,2 Laps,,2,2,4
2021,19_VIRginia International Raceway,VIRginia International Raceway,virginia-international-raceway,2021-10-09,202110091210_Race,27,26,14,19,2:39.904,1 Lap,,1,2,4
2021,19_VIRginia International Raceway,VIRginia International Raceway,virginia-international-raceway,2021-10-09,202110091210_Race,27,26,15,44,1:49.576,1 Lap,,1,2,4
2021,19_VIRginia International Raceway,VIRginia International Raceway,virginia-international-raceway,2021-10-09,202110091210_Race,27,26,16,32,2:45.909,1 Lap,,1,2,4
2021,19_VIRginia International Raceway,VIRginia International Raceway,virginia-international-raceway,2021-10-09,202110091210_Race,27,27,17,79,1:42.551,1:29.746,89.746,,2,4
2021,19_VIRginia International Raceway,VIRginia International Raceway,virginia-international-raceway,2021-10-09,202110091210_Race,28,28,1,3,1:43.218,,,,2,4
2021,19_VIRginia International Raceway,VIRginia International Raceway,virginia-international-raceway,2021-10-09,202110091210_Race,28,27,2,39,1:46.615,1 Lap,,1,2,4
2021,19_VIRginia International Raceway,VIRginia International Raceway,virginia-international-raceway,2021-10-09,202110091210_Race,28,27,3,1,1:46.583,1 Lap,,1,2,4
2021,19_VIRginia International Raceway,VIRginia International Raceway,virginia-international-raceway,2021-10-09,202110091210_Race,28,27,4,23,1:46.767,1 Lap,,1,2,4
2021,19_VIRginia International Raceway,VIRginia International Raceway,virginia-international-raceway,2021-10-09,202110091210_Race,28,27,5,9,1:47.153,1 Lap,,1,2,4
2021,19_VIRginia International Raceway,VIRginia International Raceway,virginia-international-raceway,2021-10-09,202110091210_Race,28,27,6,16,1:46.812,1 Lap,,1,2,4
2021,19_VIRginia International Raceway,VIRginia International Raceway,virginia-international-raceway,2021-10-09,202110091210_Race,28,27,7,14,1:48.510,1 Lap,,1,2,5
2021,19_VIRginia International Raceway,VIRginia International Raceway,virginia-international-raceway,2021-10-09,202110091210_Race,28,26,8,66,2:00.937,2 Laps,,2,2,5
2021,19_VIRginia International Raceway,VIRginia International Raceway,virginia-international-raceway,2021-10-09,202110091210_Race,28,27,9,28,1:47.206,1 Lap,,1,2,5
2021,19_VIRginia International Raceway,VIRginia International Raceway,virginia-international-raceway,2021-10-09,202110091210_Race,28,27,10,27,1:46.831,1 Lap,,1,2,5
2021,19_VIRginia International Raceway,VIRginia International Raceway,virginia-international-raceway,2021-10-09,202110091210_Race,28,28,11,4,1:42.307,50.983,50.983,,2,5
2021,19_VIRginia International Raceway,VIRginia International Raceway,virginia-international-raceway,2021-10-09,202110091210_Race,28,27,12,96,2:43.876,1 Lap,,1,2,5
2021,19_VIRginia International Raceway,VIRginia International Raceway,virginia-international-raceway,2021-10-09,202110091210_Race,28,26,13,12,1:47.466,2 Laps,,2,2,5
2021,19_VIRginia International Raceway,VIRginia International Raceway,virginia-international-raceway,2021-10-09,202110091210_Race,28,28,14,79,1:43.114,1:29.642,89.642,,2,5
2021,19_VIRginia International Raceway,VIRginia International Raceway,virginia-international-raceway,2021-10-09,202110091210_Race,28,27,15,44,1:49.596,1 Lap,,1,2,5
2021,19_VIRginia International Raceway,VIRginia International Raceway,virginia-international-raceway,2021-10-09,202110091210_Race,28,27,16,19,1:59.504,1 Lap,,1,2,5
2021,19_VIRginia International Raceway,VIRginia International Raceway,virginia-international-raceway,2021-10-09,202110091210_Race,29,29,1,3,1:43.443,,,,2,5
2021,19_VIRginia International Raceway,VIRginia International Raceway,virginia-international-raceway,2021-10-09,202110091210_Race,29,27,2,32,1:59.366,2 Laps,,2,2,5
2021,19_VIRginia International Raceway,VIRginia International Raceway,virginia-international-raceway,2021-10-09,202110091210_Race,29,28,3,39,1:46.883,1 Lap,,1,2,5
2021,19_VIRginia International Raceway,VIRginia International Raceway,virginia-international-raceway,2021-10-09,202110091210_Race,29,28,4,1,1:47.115,1 Lap,,1,2,5
2021,19_VIRginia International Raceway,VIRginia International Raceway,virginia-international-raceway,2021-10-09,202110091210_Race,29,28,5,23,1:46.887,1 Lap,,1,2,5
2021,19_VIRginia International Raceway,VIRginia International Raceway,virginia-international-raceway,2021-10-09,202110091210_Race,29,27,6,88,2:46.265,2 Laps,,2,2,5
2021,19_VIRginia International Raceway,VIRginia International Raceway,virginia-international-raceway,2021-10-09,202110091210_Race,29,28,7,9,1:46.605,1 Lap,,1,2,5
2021,19_VIRginia International Raceway,VIRginia International Raceway,virginia-international-raceway,2021-10-09,202110091210_Race,29,28,8,16,1:46.697,1 Lap,,1,2,5
2021,19_VIRginia International Raceway,VIRginia International Raceway,virginia-international-raceway,2021-10-09,202110091210_Race,29,27,9,66,1:48.353,2 Laps,,2,2,5
2021,19_VIRginia International Raceway,VIRginia International Raceway,virginia-international-raceway,2021-10-09,202110091210_Race,29,28,10,14,1:52.042,1 Lap,,1,2,5
2021,19_VIRginia International Raceway,VIRginia International Raceway,virginia-international-raceway,2021-10-09,202110091210_Race,29,28,11,28,1:47.117,1 Lap,,1,2,5
2021,19_VIRginia International Raceway,VIRginia International Raceway,virginia-international-raceway,2021-10-09,202110091210_Race,29,28,12,27,1:47.067,1 Lap,,1,2,5
2021,19_VIRginia International Raceway,VIRginia International Raceway,virginia-international-raceway,2021-10-09,202110091210_Race,29,29,13,4,1:42.860,50.400,50.400,,2,5
2021,19_VIRginia International Raceway,VIRginia International Raceway,virginia-international-raceway,2021-10-09,202110091210_Race,29,28,14,96,1:58.411,1 Lap,,1,2,5
2021,19_VIRginia International Raceway,VIRginia International Raceway,virginia-international-raceway,2021-10-09,202110091210_Race,29,27,15,12,1:47.982,2 Laps,,2,2,5
2021,19_VIRginia International Raceway,VIRginia International Raceway,virginia-international-raceway,2021-10-09,202110091210_Race,29,29,16,79,1:42.421,1:28.620,88.620,,2,5
2021,19_VIRginia International Raceway,VIRginia International Raceway,virginia-international-raceway,2021-10-09,202110091210_Race,29,28,17,44,1:49.958,1 Lap,,1,2,5
2021,19_VIRginia International Raceway,VIRginia International Raceway,virginia-international-raceway,2021-10-09,202110091210_Race,29,28,18,19,1:48.565,1 Lap,,1,2,5
2021,19_VIRginia International Raceway,VIRginia International Raceway,virginia-international-raceway,2021-10-09,202110091210_Race,29,28,19,32,1:48.587,1 Lap,,1,2,5
2021,19_VIRginia International Raceway,VIRginia International Raceway,virginia-international-raceway,2021-10-09,202110091210_Race,29,29,20,1,1:46.527,1:57.428,117.428,,2,5
2021,19_VIRginia International Raceway,VIRginia International Raceway,virginia-international-raceway,2021-10-09,202110091210_Race,29,29,21,9,1:46.542,2:03.925,123.925,,2,5
2021,19_VIRginia International Raceway,VIRginia International Raceway,virginia-international-raceway,2021-10-09,202110091210_Race,29,28,22,66,1:47.146,1 Lap,,1,2,5
2021,19_VIRginia International Raceway,VIRginia International Raceway,virginia-international-raceway,2021-10-09,202110091210_Race,29,29,23,14,1:49.095,2:12.861,132.861,,2,5
2021,19_VIRginia International Raceway,VIRginia International Raceway,virginia-international-raceway,2021-10-09,202110091210_Race,29,28,24,88,2:03.208,1 Lap,,1,2,5
2021,19_VIRginia International Raceway,VIRginia International Raceway,virginia-international-raceway,2021-10-09,202110091210_Race,29,29,25,27,1:46.868,2:27.916,147.916,,2,5
2021,19_VIRginia International Raceway,VIRginia International Raceway,virginia-international-raceway,2021-10-09,202110091210_Race,30,30,1,4,1:42.740,,,,2,5
2021,19_VIRginia International Raceway,VIRginia International Raceway,virginia-international-raceway,2021-10-09,202110091210_Race,30,30,2,3,2:47.457,14.317,14.317,,2,5
2021,19_VIRginia International Raceway,VIRginia International Raceway,virginia-international-raceway,2021-10-09,202110091210_Race,30,29,3,39,2:46.869,1 Lap,,1,2,5
2021,19_VIRginia International Raceway,VIRginia International Raceway,virginia-international-raceway,2021-10-09,202110091210_Race,30,29,4,23,2:46.434,1 Lap,,1,2,5
2021,19_VIRginia International Raceway,VIRginia International Raceway,virginia-international-raceway,2021-10-09,202110091210_Race,30,29,5,96,1:47.282,1 Lap,,1,2,5
2021,19_VIRginia International Raceway,VIRginia International Raceway,virginia-international-raceway,2021-10-09,202110091210_Race,30,28,6,12,1:48.104,2 Laps,,2,2,5
2021,19_VIRginia International Raceway,VIRginia International Raceway,virginia-international-raceway,2021-10-09,202110091210_Race,30,30,7,79,1:42.942,38.422,38.422,,2,5
2021,19_VIRginia International Raceway,VIRginia International Raceway,virginia-international-raceway,2021-10-09,202110091210_Race,30,29,8,28,2:48.411,1 Lap,,1,2,5
2021,19_VIRginia International Raceway,VIRginia International Raceway,virginia-international-raceway,2021-10-09,202110091210_Race,30,29,9,16,2:56.539,1 Lap,,1,2,5
2021,19_VIRginia International Raceway,VIRginia International Raceway,virginia-international-raceway,2021-10-09,202110091210_Race,30,29,10,44,1:50.090,1 Lap,,1,2,5
2021,19_VIRginia International Raceway,VIRginia International Raceway,virginia-international-raceway,2021-10-09,202110091210_Race,30,29,11,19,1:47.088,1 Lap,,1,2,5
2021,19_VIRginia International Raceway,VIRginia International Raceway,virginia-international-raceway,2021-10-09,202110091210_Race,30,29,12,32,1:46.989,1 Lap,,1,2,5
2021,19_VIRginia International Raceway,VIRginia International Raceway,virginia-international-raceway,2021-10-09,202110091210_Race,30,30,13,1,1:45.932,1:10.220,70.220,,2,5
2021,19_VIRginia International Raceway,VIRginia International Raceway,virginia-international-raceway,2021-10-09,202110091210_Race,30,30,14,9,1:46.668,1:17.453,77.453,,2,5
2021,19_VIRginia International Raceway,VIRginia International Raceway,virginia-international-raceway,2021-10-09,202110091210_Race,30,29,15,66,1:45.581,1 Lap,,1,2,5
2021,19_VIRginia International Raceway,VIRginia International Raceway,virginia-international-raceway,2021-10-09,202110091210_Race,30,30,16,14,1:47.371,1:27.092,87.092,,2,5
2021,19_VIRginia International Raceway,VIRginia International Raceway,virginia-international-raceway,2021-10-09,202110091210_Race,30,29,17,88,1:50.333,1 Lap,,1,2,5
2021,19_VIRginia International Raceway,VIRginia International Raceway,virginia-international-raceway,2021-10-09,202110091210_Race,30,30,18,27,1:46.683,1:41.459,101.459,,2,5
2021,19_VIRginia International Raceway,VIRginia International Raceway,virginia-international-raceway,2021-10-09,202110091210_Race,31,31,1,4,1:42.411,,,,3,1
2021,19_VIRginia International Raceway,VIRginia International Raceway,virginia-international-raceway,2021-10-09,202110091210_Race,31,31,2,3,1:54.855,26.761,26.761,,3,1
2021,19_VIRginia International Raceway,VIRginia International Raceway,virginia-international-raceway,2021-10-09,202110091210_Race,31,31,3,79,1:43.594,39.605,39.605,,3,1
2021,19_VIRginia International Raceway,VIRginia International Raceway,virginia-international-raceway,2021-10-09,202110091210_Race,31,30,4,96,1:49.591,1 Lap,,1,3,1
2021,19_VIRginia International Raceway,VIRginia International Raceway,virginia-international-raceway,2021-10-09,202110091210_Race,31,30,5,23,1:59.293,1 Lap,,1,3,1
2021,19_VIRginia International Raceway,VIRginia International Raceway,virginia-international-raceway,2021-10-09,202110091210_Race,31,29,6,12,1:50.107,2 Laps,,2,3,1
2021,19_VIRginia International Raceway,VIRginia International Raceway,virginia-international-raceway,2021-10-09,202110091210_Race,31,30,7,39,2:03.861,1 Lap,,1,3,1
2021,19_VIRginia International Raceway,VIRginia International Raceway,virginia-international-raceway,2021-10-09,202110091210_Race,31,30,8,28,1:58.673,1 Lap,,1,3,1
2021,19_VIRginia International Raceway,VIRginia International Raceway,virginia-international-raceway,2021-10-09,202110091210_Race,31,30,9,16,1:58.606,1 Lap,,1,3,1
2021,19_VIRginia International Raceway,VIRginia International Raceway,virginia-international-raceway,2021-10-09,202110091210_Race,31,30,10,44,1:49.556,1 Lap,,1,3,1
2021,19_VIRginia International Raceway,VIRginia International Raceway,virginia-international-raceway,2021-10-09,202110091210_Race,31,30,11,19,1:47.056,1 Lap,,1,3,1
2021,19_VIRginia International Raceway,VIRginia International Raceway,virginia-international-raceway,2021-10-09,202110091210_Race,31,30,12,32,1:46.420,1 Lap,,1,3,1
2021,19_VIRginia International Raceway,VIRginia International Raceway,virginia-international-raceway,2021-10-09,202110091210_Race,31,30,13,66,1:45.918,1 Lap,,1,3,1
2021,19_VIRginia International Raceway,VIRginia International Raceway,virginia-international-raceway,2021-10-09,202110091210_Race,31,30,14,88,1:49.683,1 Lap,,1,3,1
2021,19_VIRginia International Raceway,VIRginia International Raceway,virginia-international-raceway,2021-10-09,202110091210_Race,32,32,1,4,1:43.531,,,,3,1
2021,19_VIRginia International Raceway,VIRginia International Raceway,virginia-international-raceway,2021-10-09,202110091210_Race,32,32,2,3,1:43.840,27.070,27.070,,3,1
2021,19_VIRginia International Raceway,VIRginia International Raceway,virginia-international-raceway,2021-10-09,202110091210_Race,32,31,3,1,2:45.515,1 Lap,,1,3,1
2021,19_VIRginia International Raceway,VIRginia International Raceway,virginia-international-raceway,2021-10-09,202110091210_Race,32,31,4,9,2:45.778,1 Lap,,1,3,1
2021,19_VIRginia International Raceway,VIRginia International Raceway,virginia-international-raceway,2021-10-09,202110091210_Race,32,32,5,79,1:42.369,38.443,38.443,,3,1
2021,19_VIRginia International Raceway,VIRginia International Raceway,virginia-international-raceway,2021-10-09,202110091210_Race,32,31,6,96,1:45.648,1 Lap,,1,3,1
2021,19_VIRginia International Raceway,VIRginia International Raceway,virginia-international-raceway,2021-10-09,202110091210_Race,32,30,7,12,1:47.946,2 Laps,,2,3,1
2021,19_VIRginia International Raceway,VIRginia International Raceway,virginia-international-raceway,2021-10-09,202110091210_Race,32,31,8,23,1:48.675,1 Lap,,1,3,1
2021,19_VIRginia International Raceway,VIRginia International Raceway,virginia-international-raceway,2021-10-09,202110091210_Race,32,31,9,14,2:47.407,1 Lap,,1,3,1
2021,19_VIRginia International Raceway,VIRginia International Raceway,virginia-international-raceway,2021-10-09,202110091210_Race,32,31,10,39,1:48.864,1 Lap,,1,3,1
2021,19_VIRginia International Raceway,VIRginia International Raceway,virginia-international-raceway,2021-10-09,202110091210_Race,32,31,11,28,1:47.841,1 Lap,,1,3,1
2021,19_VIRginia International Raceway,VIRginia International Raceway,virginia-international-raceway,2021-10-09,202110091210_Race,32,31,12,16,1:47.542,1 Lap,,1,3,1
2021,19_VIRginia International Raceway,VIRginia International Raceway,virginia-international-raceway,2021-10-09,202110091210_Race,32,31,13,27,2:49.084,1 Lap,,1,3,1
2021,19_VIRginia International Raceway,VIRginia International Raceway,virginia-international-raceway,2021-10-09,202110091210_Race,32,31,14,19,1:48.862,1 Lap,,1,3,1
2021,19_VIRginia International Raceway,VIRginia International Raceway,virginia-international-raceway,2021-10-09,202110091210_Race,32,31,15,32,1:46.258,1 Lap,,1,3,1
2021,19_VIRginia International Raceway,VIRginia International Raceway,virginia-international-raceway,2021-10-09,202110091210_Race,32,31,16,66,1:45.286,1 Lap,,1,3,1
2021,19_VIRginia International Raceway,VIRginia International Raceway,virginia-international-raceway,2021-10-09,202110091210_Race,33,33,1,4,1:43.130,,,,3,1
2021,19_VIRginia International Raceway,VIRginia International Raceway,virginia-international-raceway,2021-10-09,202110091210_Race,33,31,2,88,1:47.656,2 Laps,,2,3,1
2021,19_VIRginia International Raceway,VIRginia International Raceway,virginia-international-raceway,2021-10-09,202110091210_Race,33,31,3,44,2:51.165,2 Laps,,2,3,1
2021,19_VIRginia International Raceway,VIRginia International Raceway,virginia-international-raceway,2021-10-09,202110091210_Race,33,33,4,3,1:44.053,27.993,27.993,,3,1
2021,19_VIRginia International Raceway,VIRginia International Raceway,virginia-international-raceway,2021-10-09,202110091210_Race,33,33,5,79,1:42.573,37.886,37.886,,3,1
2021,19_VIRginia International Raceway,VIRginia International Raceway,virginia-international-raceway,2021-10-09,202110091210_Race,33,32,6,1,1:58.489,1 Lap,,1,3,1
2021,19_VIRginia International Raceway,VIRginia International Raceway,virginia-international-raceway,2021-10-09,202110091210_Race,33,32,7,96,1:46.535,1 Lap,,1,3,1
2021,19_VIRginia International Raceway,VIRginia International Raceway,virginia-international-raceway,2021-10-09,202110091210_Race,33,32,8,9,1:56.466,1 Lap,,1,3,1
2021,19_VIRginia International Raceway,VIRginia International Raceway,virginia-international-raceway,2021-10-09,202110091210_Race,33,32,9,23,1:47.222,1 Lap,,1,3,1
2021,19_VIRginia International Raceway,VIRginia International Raceway,virginia-international-raceway,2021-10-09,202110091210_Race,33,31,10,12,1:48.620,2 Laps,,2,3,1
2021,19_VIRginia International Raceway,VIRginia International Raceway,virginia-international-raceway,2021-10-09,202110091210_Race,33,32,11,39,1:46.966,1 Lap,,1,3,1
2021,19_VIRginia International Raceway,VIRginia International Raceway,virginia-international-raceway,2021-10-09,202110091210_Race,33,32,12,14,1:56.958,1 Lap,,1,3,1
2021,19_VIRginia International Raceway,VIRginia International Raceway,virginia-international-raceway,2021-10-09,202110091210_Race,33,32,13,28,1:46.907,1 Lap,,1,3,1
2021,19_VIRginia International Raceway,VIRginia International Raceway,virginia-international-raceway,2021-10-09,202110091210_Race,33,32,14,16,1:46.974,1 Lap,,1,3,1
2021,19_VIRginia International Raceway,VIRginia International Raceway,virginia-international-raceway,2021-10-09,202110091210_Race,33,32,15,19,1:46.607,1 Lap,,1,3,1
2021,19_VIRginia International Raceway,VIRginia International Raceway,virginia-international-raceway,2021-10-09,202110091210_Race,33,32,16,32,1:46.736,1 Lap,,1,3,1
2021,19_VIRginia International Raceway,VIRginia International Raceway,virginia-international-raceway,2021-10-09,202110091210_Race,33,32,17,27,1:58.870,1 Lap,,1,3,1
2021,19_VIRginia International Raceway,VIRginia International Raceway,virginia-international-raceway,2021-10-09,202110091210_Race,33,32,18,66,1:45.569,1 Lap,,1,3,1
2021,19_VIRginia International Raceway,VIRginia International Raceway,virginia-international-raceway,2021-10-09,202110091210_Race,34,34,1,4,1:42.790,,,,3,1
2021,19_VIRginia International Raceway,VIRginia International Raceway,virginia-international-raceway,2021-10-09,202110091210_Race,34,32,2,88,1:47.234,2 Laps,,2,3,1
2021,19_VIRginia International Raceway,VIRginia International Raceway,virginia-international-raceway,2021-10-09,202110091210_Race,34,34,3,3,1:42.545,27.748,27.748,,3,1
2021,19_VIRginia International Raceway,VIRginia International Raceway,virginia-international-raceway,2021-10-09,202110091210_Race,34,34,4,79,1:43.524,38.620,38.620,,3,1
2021,19_VIRginia International Raceway,VIRginia International Raceway,virginia-international-raceway,2021-10-09,202110091210_Race,34,32,5,44,2:00.767,2 Laps,,2,3,1
2021,19_VIRginia International Raceway,VIRginia International Raceway,virginia-international-raceway,2021-10-09,202110091210_Race,34,33,6,96,1:46.808,1 Lap,,1,3,2
2021,19_VIRginia International Raceway,VIRginia International Raceway,virginia-international-raceway,2021-10-09,202110091210_Race,34,33,7,1,1:48.127,1 Lap,,1,3,2
2021,19_VIRginia International Raceway,VIRginia International Raceway,virginia-international-raceway,2021-10-09,202110091210_Race,34,33,8,9,1:47.077,1 Lap,,1,3,2
2021,19_VIRginia International Raceway,VIRginia International Raceway,virginia-international-raceway,2021-10-09,202110091210_Race,34,33,9,23,1:47.231,1 Lap,,1,3,2
2021,19_VIRginia International Raceway,VIRginia International Raceway,virginia-international-raceway,2021-10-09,202110091210_Race,34,32,10,12,1:48.172,2 Laps,,2,3,2
2021,19_VIRginia International Raceway,VIRginia International Raceway,virginia-international-raceway,2021-10-09,202110091210_Race,34,33,11,39,1:46.026,1 Lap,,1,3,2
2021,19_VIRginia International Raceway,VIRginia International Raceway,virginia-international-raceway,2021-10-09,202110091210_Race,34,33,12,14,1:46.817,1 Lap,,1,3,2
2021,19_VIRginia International Raceway,VIRginia International Raceway,virginia-international-raceway,2021-10-09,202110091210_Race,34,33,13,28,1:46.520,1 Lap,,1,3,2
2021,19_VIRginia International Raceway,VIRginia International Raceway,virginia-international-raceway,2021-10-09,202110091210_Race,34,33,14,16,1:46.555,1 Lap,,1,3,2
2021,19_VIRginia International Raceway,VIRginia International Raceway,virginia-international-raceway,2021-10-09,202110091210_Race,34,33,15,19,1:46.359,1 Lap,,1,3,2
2021,19_VIRginia International Raceway,VIRginia International Raceway,virginia-international-raceway,2021-10-09,202110091210_Race,34,33,16,32,1:46.891,1 Lap,,1,3,2
2021,19_VIRginia International Raceway,VIRginia International Raceway,virginia-international-raceway,2021-10-09,202110091210_Race,34,33,17,27,1:47.643,1 Lap,,1,3,2
2021,19_VIRginia International Raceway,VIRginia International Raceway,virginia-international-raceway,2021-10-09,202110091210_Race,34,33,18,66,1:45.530,1 Lap,,1,3,2
2021,19_VIRginia International Raceway,VIRginia International Raceway,virginia-international-raceway,2021-10-09,202110091210_Race,35,35,1,4,1:42.719,,,,3,2
2021,19_VIRginia International Raceway,VIRginia International Raceway,virginia-international-raceway,2021-10-09,202110091210_Race,35,33,2,88,1:47.059,2 Laps,,2,3,2
2021,19_VIRginia International Raceway,VIRginia International Raceway,virginia-international-raceway,2021-10-09,202110091210_Race,35,35,3,3,1:43.198,28.227,28.227,,3,2
2021,19_VIRginia International Raceway,VIRginia International Raceway,virginia-international-raceway,2021-10-09,202110091210_Race,35,35,4,79,1:42.038,37.939,37.939,,3,2
2021,19_VIRginia International Raceway,VIRginia International Raceway,virginia-international-raceway,2021-10-09,202110091210_Race,35,33,5,44,1:48.292,2 Laps,,2,3,2
2021,19_VIRginia International Raceway,VIRginia International Raceway,virginia-international-raceway,2021-10-09,202110091210_Race,35,34,6,96,1:45.884,1 Lap,,1,3,2
2021,19_VIRginia International Raceway,VIRginia International Raceway,virginia-international-raceway,2021-10-09,202110091210_Race,35,34,7,1,1:46.399,1 Lap,,1,3,2
2021,19_VIRginia International Raceway,VIRginia International Raceway,virginia-international-raceway,2021-10-09,202110091210_Race,35,34,8,9,1:46.193,1 Lap,,1,3,2
2021,19_VIRginia International Raceway,VIRginia International Raceway,virginia-international-raceway,2021-10-09,202110091210_Race,35,34,9,23,1:46.275,1 Lap,,1,3,2
2021,19_VIRginia International Raceway,VIRginia International Raceway,virginia-international-raceway,2021-10-09,202110091210_Race,35,33,10,12,1:48.122,2 Laps,,2,3,2
2021,19_VIRginia International Raceway,VIRginia International Raceway,virginia-international-raceway,2021-10-09,202110091210_Race,35,34,11,39,1:47.482,1 Lap,,1,3,2
2021,19_VIRginia International Raceway,VIRginia International Raceway,virginia-international-raceway,2021-10-09,202110091210_Race,35,34,12,14,1:45.765,1 Lap,,1,3,2
2021,19_VIRginia International Raceway,VIRginia International Raceway,virginia-international-raceway,2021-10-09,202110091210_Race,35,34,13,28,1:46.072,1 Lap,,1,3,2
2021,19_VIRginia International Raceway,VIRginia International Raceway,virginia-international-raceway,2021-10-09,202110091210_Race,35,34,14,16,1:46.046,1 Lap,,1,3,2
2021,19_VIRginia International Raceway,VIRginia International Raceway,virginia-international-raceway,2021-10-09,202110091210_Race,35,34,15,19,1:46.189,1 Lap,,1,3,2
2021,19_VIRginia International Raceway,VIRginia International Raceway,virginia-international-raceway,2021-10-09,202110091210_Race,35,34,16,32,1:46.756,1 Lap,,1,3,2
2021,19_VIRginia International Raceway,VIRginia International Raceway,virginia-international-raceway,2021-10-09,202110091210_Race,35,34,17,27,1:45.757,1 Lap,,1,3,2
2021,19_VIRginia International Raceway,VIRginia International Raceway,virginia-international-raceway,2021-10-09,202110091210_Race,35,34,18,66,1:46.233,1 Lap,,1,3,2
2021,19_VIRginia International Raceway,VIRginia International Raceway,virginia-international-raceway,2021-10-09,202110091210_Race,36,36,1,4,1:42.668,,,,3,2
2021,19_VIRginia International Raceway,VIRginia International Raceway,virginia-international-raceway,2021-10-09,202110091210_Race,36,34,2,88,1:47.085,2 Laps,,2,3,2
2021,19_VIRginia International Raceway,VIRginia International Raceway,virginia-international-raceway,2021-10-09,202110091210_Race,36,36,3,3,1:42.863,28.422,28.422,,3,2
2021,19_VIRginia International Raceway,VIRginia International Raceway,virginia-international-raceway,2021-10-09,202110091210_Race,36,36,4,79,1:42.412,37.683,37.683,,3,2
2021,19_VIRginia International Raceway,VIRginia International Raceway,virginia-international-raceway,2021-10-09,202110091210_Race,36,34,5,44,1:47.751,2 Laps,,2,3,2
2021,19_VIRginia International Raceway,VIRginia International Raceway,virginia-international-raceway,2021-10-09,202110091210_Race,36,35,6,96,1:46.295,1 Lap,,1,3,2
2021,19_VIRginia International Raceway,VIRginia International Raceway,virginia-international-raceway,2021-10-09,202110091210_Race,36,35,7,1,1:46.353,1 Lap,,1,3,2
2021,19_VIRginia International Raceway,VIRginia International Raceway,virginia-international-raceway,2021-10-09,202110091210_Race,36,35,8,9,1:45.971,1 Lap,,1,3,2
2021,19_VIRginia International Raceway,VIRginia International Raceway,virginia-international-raceway,2021-10-09,202110091210_Race,36,35,9,23,1:45.788,1 Lap,,1,3,2
2021,19_VIRginia International Raceway,VIRginia International Raceway,virginia-international-raceway,2021-10-09,202110091210_Race,36,34,10,12,1:47.568,2 Laps,,2,3,2
2021,19_VIRginia International Raceway,VIRginia International Raceway,virginia-international-raceway,2021-10-09,202110091210_Race,36,35,11,39,1:47.535,1 Lap,,1,3,2
2021,19_VIRginia International Raceway,VIRginia International Raceway,virginia-international-raceway,2021-10-09,202110091210_Race,36,35,12,14,1:45.917,1 Lap,,1,3,2
2021,19_VIRginia International Raceway,VIRginia International Raceway,virginia-international-raceway,2021-10-09,202110091210_Race,36,35,13,28,1:46.092,1 Lap,,1,3,2
2021,19_VIRginia International Raceway,VIRginia International Raceway,virginia-international-raceway,2021-10-09,202110091210_Race,36,35,14,16,1:46.082,1 Lap,,1,3,2
2021,19_VIRginia International Raceway,VIRginia International Raceway,virginia-international-raceway,2021-10-09,202110091210_Race,36,35,15,19,1:46.273,1 Lap,,1,3,2
2021,19_VIRginia International Raceway,VIRginia International Raceway,virginia-international-raceway,2021-10-09,202110091210_Race,36,35,16,32,1:46.535,1 Lap,,1,3,2
2021,19_VIRginia International Raceway,VIRginia International Raceway,virginia-international-raceway,2021-10-09,202110091210_Race,36,35,17,27,1:45.408,1 Lap,,1,3,2
2021,19_VIRginia International Raceway,VIRginia International Raceway,virginia-international-raceway,2021-10-09,202110091210_Race,36,35,18,66,1:45.839,1 Lap,,1,3,2
2021,19_VIRginia International Raceway,VIRginia International Raceway,virginia-international-raceway,2021-10-09,202110091210_Race,37,37,1,4,1:42.440,,,,3,2
2021,19_VIRginia International Raceway,VIRginia International Raceway,virginia-international-raceway,2021-10-09,202110091210_Race,37,35,2,88,1:47.402,2 Laps,,2,3,2
2021,19_VIRginia International Raceway,VIRginia International Raceway,virginia-international-raceway,2021-10-09,202110091210_Race,37,37,3,3,1:42.432,28.414,28.414,,3,2
2021,19_VIRginia International Raceway,VIRginia International Raceway,virginia-international-raceway,2021-10-09,202110091210_Race,37,37,4,79,1:42.013,37.256,37.256,,3,2
2021,19_VIRginia International Raceway,VIRginia International Raceway,virginia-international-raceway,2021-10-09,202110091210_Race,37,35,5,44,1:46.873,2 Laps,,2,3,3
2021,19_VIRginia International Raceway,VIRginia International Raceway,virginia-international-raceway,2021-10-09,202110091210_Race,37,36,6,96,1:45.384,1 Lap,,1,3,3
2021,19_VIRginia International Raceway,VIRginia International Raceway,virginia-international-raceway,2021-10-09,202110091210_Race,37,36,7,1,1:45.816,1 Lap,,1,3,3
2021,19_VIRginia International Raceway,VIRginia International Raceway,virginia-international-raceway,2021-10-09,202110091210_Race,37,36,8,9,1:46.196,1 Lap,,1,3,3
2021,19_VIRginia International Raceway,VIRginia International Raceway,virginia-international-raceway,2021-10-09,202110091210_Race,37,36,9,23,1:46.666,1 Lap,,1,3,3
2021,19_VIRginia International Raceway,VIRginia International Raceway,virginia-international-raceway,2021-10-09,202110091210_Race,37,36,10,39,1:46.156,1 Lap,,1,3,3
2021,19_VIRginia International Raceway,VIRginia International Raceway,virginia-international-raceway,2021-10-09,202110091210_Race,37,36,11,14,1:45.970,1 Lap,,1,3,3
2021,19_VIRginia International Raceway,VIRginia International Raceway,virginia-international-raceway,2021-10-09,202110091210_Race,37,36,12,28,1:46.229,1 Lap,,1,3,3
2021,19_VIRginia International Raceway,VIRginia International Raceway,virginia-international-raceway,2021-10-09,202110091210_Race,37,36,13,16,1:46.199,1 Lap,,1,3,3
2021,19_VIRginia International Raceway,VIRginia International Raceway,virginia-international-raceway,2021-10-09,202110091210_Race,37,36,14,19,1:45.885,1 Lap,,1,3,3
2021,19_VIRginia International Raceway,VIRginia International Raceway,virginia-international-raceway,2021-10-09,202110091210_Race,37,36,15,32,1:47.010,1 Lap,,1,3,3
2021,19_VIRginia International Raceway,VIRginia International Raceway,virginia-international-raceway,2021-10-09,202110091210_Race,37,36,16,27,1:45.494,1 Lap,,1,3,3
2021,19_VIRginia International Raceway,VIRginia International Raceway,virginia-international-raceway,2021-10-09,202110091210_Race,37,36,17,66,1:45.810,1 Lap,,1,3,3
2021,19_VIRginia International Raceway,VIRginia International Raceway,virginia-international-raceway,2021-10-09,202110091210_Race,38,38,1,4,1:42.075,,,,3,3
2021,19_VIRginia International Raceway,VIRginia International Raceway,virginia-international-raceway,2021-10-09,202110091210_Race,38,36,2,88,1:47.758,2 Laps,,2,3,3
2021,19_VIRginia International Raceway,VIRginia International Raceway,virginia-international-raceway,2021-10-09,202110091210_Race,38,38,3,3,1:42.405,28.744,28.744,,3,3
2021,19_VIRginia International Raceway,VIRginia International Raceway,virginia-international-raceway,2021-10-09,202110091210_Race,38,35,4,12,2:49.286,3 Laps,,3,3,3
2021,19_VIRginia International Raceway,VIRginia International Raceway,virginia-international-raceway,2021-10-09,202110091210_Race,38,38,5,79,1:42.306,37.487,37.487,,3,3
2021,19_VIRginia International Raceway,VIRginia International Raceway,virginia-international-raceway,2021-10-09,202110091210_Race,38,36,6,44,1:46.658,2 Laps,,2,3,3
2021,19_VIRginia International Raceway,VIRginia International Raceway,virginia-international-raceway,2021-10-09,202110091210_Race,38,37,7,96,1:45.797,1 Lap,,1,3,3
2021,19_VIRginia International Raceway,VIRginia International Raceway,virginia-international-raceway,2021-10-09,202110091210_Race,38,37,8,1,1:46.158,1 Lap,,1,3,3
2021,19_VIRginia International Raceway,VIRginia International Raceway,virginia-international-raceway,2021-10-09,202110091210_Race,38,37,9,9,1:45.831,1 Lap,,1,3,3
2021,19_VIRginia International Raceway,VIRginia International Raceway,virginia-international-raceway,2021-10-09,202110091210_Race,38,37,10,23,1:45.509,1 Lap,,1,3,3
2021,19_VIRginia International Raceway,VIRginia International Raceway,virginia-international-raceway,2021-10-09,202110091210_Race,38,37,11,39,1:45.767,1 Lap,,1,3,3
2021,19_VIRginia International Raceway,VIRginia International Raceway,virginia-international-raceway,2021-10-09,202110091210_Race,38,37,12,14,1:46.545,1 Lap,,1,3,3
2021,19_VIRginia International Raceway,VIRginia International Raceway,virginia-international-raceway,2021-10-09,202110091210_Race,38,37,13,28,1:46.138,1 Lap,,1,3,3
2021,19_VIRginia International Raceway,VIRginia International Raceway,virginia-international-raceway,2021-10-09,202110091210_Race,38,37,14,16,1:46.078,1 Lap,,1,3,3
2021,19_VIRginia International Raceway,VIRginia International Raceway,virginia-international-raceway,2021-10-09,202110091210_Race,38,37,15,19,1:45.859,1 Lap,,1,3,3
2021,19_VIRginia International Raceway,VIRginia International Raceway,virginia-international-raceway,2021-10-09,202110091210_Race,38,37,16,32,1:46.486,1 Lap,,1,3,3
2021,19_VIRginia International Raceway,VIRginia International Raceway,virginia-international-raceway,2021-10-09,202110091210_Race,38,37,17,27,1:45.631,1 Lap,,1,3,3
2021,19_VIRginia International Raceway,VIRginia International Raceway,virginia-international-raceway,2021-10-09,202110091210_Race,39,39,1,4,1:42.602,,,,3,3
2021,19_VIRginia International Raceway,VIRginia International Raceway,virginia-international-raceway,2021-10-09,202110091210_Race,39,37,2,66,1:46.175,2 Laps,,2,3,3
2021,19_VIRginia International Raceway,VIRginia International Raceway,virginia-international-raceway,2021-10-09,202110091210_Race,39,39,3,3,1:42.743,28.885,28.885,,3,3
2021,19_VIRginia International Raceway,VIRginia International Raceway,virginia-international-raceway,2021-10-09,202110091210_Race,39,37,4,88,1:48.872,2 Laps,,2,3,3
2021,19_VIRginia International Raceway,VIRginia International Raceway,virginia-international-raceway,2021-10-09,202110091210_Race,39,39,5,79,1:42.308,37.193,37.193,,3,3
2021,19_VIRginia International Raceway,VIRginia International Raceway,virginia-international-raceway,2021-10-09,202110091210_Race,39,36,6,12,1:59.887,3 Laps,,3,3,3
2021,19_VIRginia International Raceway,VIRginia International Raceway,virginia-international-raceway,2021-10-09,202110091210_Race,39,38,7,96,1:46.205,1 Lap,,1,3,3
2021,19_VIRginia International Raceway,VIRginia International Raceway,virginia-international-raceway,2021-10-09,202110091210_Race,39,37,8,44,1:47.272,2 Laps,,2,3,3
2021,19_VIRginia International Raceway,VIRginia International Raceway,virginia-international-raceway,2021-10-09,202110091210_Race,39,38,9,1,1:46.103,1 Lap,,1,3,3
2021,19_VIRginia International Raceway,VIRginia International Raceway,virginia-international-raceway,2021-10-09,202110091210_Race,39,38,10,9,1:45.875,1 Lap,,1,3,3
2021,19_VIRginia International Raceway,VIRginia International Raceway,virginia-international-raceway,2021-10-09,202110091210_Race,39,38,11,23,1:45.967,1 Lap,,1,3,3
2021,19_VIRginia International Raceway,VIRginia International Raceway,virginia-international-raceway,2021-10-09,202110091210_Race,39,38,12,39,1:45.826,1 Lap,,1,3,3
2021,19_VIRginia International Raceway,VIRginia International Raceway,virginia-international-raceway,2021-10-09,202110091210_Race,39,38,13,14,1:46.384,1 Lap,,1,3,3
2021,19_VIRginia International Raceway,VIRginia International Raceway,virginia-international-raceway,2021-10-09,202110091210_Race,39,38,14,28,1:46.217,1 Lap,,1,3,3
2021,19_VIRginia International Raceway,VIRginia International Raceway,virginia-international-raceway,2021-10-09,202110091210_Race,39,38,15,16,1:46.143,1 Lap,,1,3,3
2021,19_VIRginia International Raceway,VIRginia International Raceway,virginia-international-raceway,2021-10-09,202110091210_Race,39,38,16,19,1:45.622,1 Lap,,1,3,3
2021,19_VIRginia International Raceway,VIRginia International Raceway,virginia-international-raceway,2021-10-09,202110091210_Race,39,38,17,32,1:47.099,1 Lap,,1,3,3
2021,19_VIRginia International Raceway,VIRginia International Raceway,virginia-international-raceway,2021-10-09,202110091210_Race,39,38,18,27,1:45.742,1 Lap,,1,3,3
2021,19_VIRginia International Raceway,VIRginia International Raceway,virginia-international-raceway,2021-10-09,202110091210_Race,40,40,1,4,1:42.458,,,,3,3
2021,19_VIRginia International Raceway,VIRginia International Raceway,virginia-international-raceway,2021-10-09,202110091210_Race,40,38,2,66,1:45.841,2 Laps,,2,3,3
2021,19_VIRginia International Raceway,VIRginia International Raceway,virginia-international-raceway,2021-10-09,202110091210_Race,40,40,3,3,1:42.588,29.015,29.015,,3,3
2021,19_VIRginia International Raceway,VIRginia International Raceway,virginia-international-raceway,2021-10-09,202110091210_Race,40,38,4,88,1:47.799,2 Laps,,2,3,3
2021,19_VIRginia International Raceway,VIRginia International Raceway,virginia-international-raceway,2021-10-09,202110091210_Race,40,40,5,79,1:42.118,36.853,36.853,,3,3
2021,19_VIRginia International Raceway,VIRginia International Raceway,virginia-international-raceway,2021-10-09,202110091210_Race,40,37,6,12,1:48.604,3 Laps,,3,3,4
2021,19_VIRginia International Raceway,VIRginia International Raceway,virginia-international-raceway,2021-10-09,202110091210_Race,40,39,7,96,1:45.885,1 Lap,,1,3,4
2021,19_VIRginia International Raceway,VIRginia International Raceway,virginia-international-raceway,2021-10-09,202110091210_Race,40,38,8,44,1:46.783,2 Laps,,2,3,4
2021,19_VIRginia International Raceway,VIRginia International Raceway,virginia-international-raceway,2021-10-09,202110091210_Race,40,39,9,1,1:45.864,1 Lap,,1,3,4
2021,19_VIRginia International Raceway,VIRginia International Raceway,virginia-international-raceway,2021-10-09,202110091210_Race,40,39,10,9,1:46.011,1 Lap,,1,3,4
2021,19_VIRginia International Raceway,VIRginia International Raceway,virginia-international-raceway,2021-10-09,202110091210_Race,40,39,11,23,1:45.980,1 Lap,,1,3,4
2021,19_VIRginia International Raceway,VIRginia International Raceway,virginia-international-raceway,2021-10-09,202110091210_Race,40,39,12,39,1:45.862,1 Lap,,1,3,4
2021,19_VIRginia International Raceway,VIRginia International Raceway,virginia-international-raceway,2021-10-09,202110091210_Race,40,39,13,14,1:46.486,1 Lap,,1,3,4
2021,19_VIRginia International Raceway,VIRginia International Raceway,virginia-international-raceway,2021-10-09,202110091210_Race,40,39,14,16,1:48.151,1 Lap,,1,3,4
2021,19_VIRginia International Raceway,VIRginia International Raceway,virginia-international-raceway,2021-10-09,202110091210_Race,40,39,15,28,1:49.268,1 Lap,,1,3,4
2021,19_VIRginia International Raceway,VIRginia International Raceway,virginia-international-raceway,2021-10-09,202110091210_Race,40,39,16,19,1:45.987,1 Lap,,1,3,4
2021,19_VIRginia International Raceway,VIRginia International Raceway,virginia-international-raceway,2021-10-09,202110091210_Race,41,41,1,4,1:42.615,,,,3,4
2021,19_VIRginia International Raceway,VIRginia International Raceway,virginia-international-raceway,2021-10-09,202110091210_Race,41,39,2,32,1:47.182,2 Laps,,2,3,4
2021,19_VIRginia International Raceway,VIRginia International Raceway,virginia-international-raceway,2021-10-09,202110091210_Race,41,39,3,27,1:47.120,2 Laps,,2,3,4
2021,19_VIRginia International Raceway,VIRginia International Raceway,virginia-international-raceway,2021-10-09,202110091210_Race,41,39,4,66,1:45.838,2 Laps,,2,3,4
2021,19_VIRginia International Raceway,VIRginia International Raceway,virginia-international-raceway,2021-10-09,202110091210_Race,41,41,5,3,1:42.802,29.202,29.202,,3,4
2021,19_VIRginia International Raceway,VIRginia International Raceway,virginia-international-raceway,2021-10-09,202110091210_Race,41,41,6,79,1:42.695,36.933,36.933,,3,4
2021,19_VIRginia International Raceway,VIRginia International Raceway,virginia-international-raceway,2021-10-09,202110091210_Race,41,39,7,88,1:47.953,2 Laps,,2,3,4
2021,19_VIRginia International Raceway,VIRginia International Raceway,virginia-international-raceway,2021-10-09,202110091210_Race,41,38,8,12,1:47.511,3 Laps,,3,3,4
2021,19_VIRginia International Raceway,VIRginia International Raceway,virginia-international-raceway,2021-10-09,202110091210_Race,41,40,9,96,1:45.684,1 Lap,,1,3,4
2021,19_VIRginia International Raceway,VIRginia International Raceway,virginia-international-raceway,2021-10-09,202110091210_Race,41,39,10,44,1:46.323,2 Laps,,2,3,4
2021,19_VIRginia International Raceway,VIRginia International Raceway,virginia-international-raceway,2021-10-09,202110091210_Race,41,40,11,1,1:46.068,1 Lap,,1,3,4
2021,19_VIRginia International Raceway,VIRginia International Raceway,virginia-international-raceway,2021-10-09,202110091210_Race,41,40,12,9,1:45.689,1 Lap,,1,3,4
2021,19_VIRginia International Raceway,VIRginia International Raceway,virginia-international-raceway,2021-10-09,202110091210_Race,41,40,13,23,1:46.078,1 Lap,,1,3,4
2021,19_VIRginia International Raceway,VIRginia International Raceway,virginia-international-raceway,2021-10-09,202110091210_Race,41,40,14,39,1:45.482,1 Lap,,1,3,4
2021,19_VIRginia International Raceway,VIRginia International Raceway,virginia-international-raceway,2021-10-09,202110091210_Race,41,40,15,14,1:46.197,1 Lap,,1,3,4
2021,19_VIRginia International Raceway,VIRginia International Raceway,virginia-international-raceway,2021-10-09,202110091210_Race,41,40,16,16,1:45.782,1 Lap,,1,3,4
2021,19_VIRginia International Raceway,VIRginia International Raceway,virginia-international-raceway,2021-10-09,202110091210_Race,41,40,17,28,1:46.616,1 Lap,,1,3,4
2021,19_VIRginia International Raceway,VIRginia International Raceway,virginia-international-raceway,2021-10-09,202110091210_Race,41,40,18,19,1:46.040,1 Lap,,1,3,4
2021,19_VIRginia International Raceway,VIRginia International Raceway,virginia-international-raceway,2021-10-09,202110091210_Race,42,42,1,4,1:42.756,,,,3,4
2021,19_VIRginia International Raceway,VIRginia International Raceway,virginia-international-raceway,2021-10-09,202110091210_Race,42,40,2,32,1:46.778,2 Laps,,2,3,4
2021,19_VIRginia International Raceway,VIRginia International Raceway,virginia-international-raceway,2021-10-09,202110091210_Race,42,40,3,27,1:46.325,2 Laps,,2,3,4
2021,19_VIRginia International Raceway,VIRginia International Raceway,virginia-international-raceway,2021-10-09,202110091210_Race,42,42,4,3,1:46.137,32.583,32.583,,3,4
2021,19_VIRginia International Raceway,VIRginia International Raceway,virginia-international-raceway,2021-10-09,202110091210_Race,42,42,5,79,1:43.941,38.118,38.118,,3,4
2021,19_VIRginia International Raceway,VIRginia International Raceway,virginia-international-raceway,2021-10-09,202110091210_Race,42,40,6,88,1:50.441,2 Laps,,2,3,4
2021,19_VIRginia International Raceway,VIRginia International Raceway,virginia-international-raceway,2021-10-09,202110091210_Race,42,39,7,12,1:53.508,3 Laps,,3,3,4
2021,19_VIRginia International Raceway,VIRginia International Raceway,virginia-international-raceway,2021-10-09,202110091210_Race,42,41,8,96,1:54.230,1 Lap,,1,3,4
2021,19_VIRginia International Raceway,VIRginia International Raceway,virginia-international-raceway,2021-10-09,202110091210_Race,42,40,9,44,1:52.294,2 Laps,,2,3,4
2021,19_VIRginia International Raceway,VIRginia International Raceway,virginia-international-raceway,2021-10-09,202110091210_Race,42,41,10,1,1:53.035,1 Lap,,1,3,4
2021,19_VIRginia International Raceway,VIRginia International Raceway,virginia-international-raceway,2021-10-09,202110091210_Race,42,41,11,9,2:03.352,1 Lap,,1,3,4
2021,19_VIRginia International Raceway,VIRginia International Raceway,virginia-international-raceway,2021-10-09,202110091210_Race,42,41,12,23,2:05.889,1 Lap,,1,3,4
2021,19_VIRginia International Raceway,VIRginia International Raceway,virginia-international-raceway,2021-10-09,202110091210_Race,42,41,13,39,2:02.593,1 Lap,,1,3,4
2021,19_VIRginia International Raceway,VIRginia International Raceway,virginia-international-raceway,2021-10-09,202110091210_Race,42,41,14,14,1:56.937,1 Lap,,1,3,4
2021,19_VIRginia International Raceway,VIRginia International Raceway,virginia-international-raceway,2021-10-09,202110091210_Race,42,41,15,16,1:53.923,1 Lap,,1,3,4
2021,19_VIRginia International Raceway,VIRginia International Raceway,virginia-international-raceway,2021-10-09,202110091210_Race,42,41,16,28,1:55.883,1 Lap,,1,3,4
2021,19_VIRginia International Raceway,VIRginia International Raceway,virginia-international-raceway,2021-10-09,202110091210_Race,42,41,17,19,1:57.745,1 Lap,,1,3,4
2021,19_VIRginia International Raceway,VIRginia International Raceway,virginia-international-raceway,2021-10-09,202110091210_Race,43,43,1,4,2:15.596,,,,3,4
2021,19_VIRginia International Raceway,VIRginia International Raceway,virginia-international-raceway,2021-10-09,202110091210_Race,43,41,2,32,2:10.958,2 Laps,,2,3,4
2021,19_VIRginia International Raceway,VIRginia International Raceway,virginia-international-raceway,2021-10-09,202110091210_Race,43,41,3,27,2:11.075,2 Laps,,2,3,4
2021,19_VIRginia International Raceway,VIRginia International Raceway,virginia-international-raceway,2021-10-09,202110091210_Race,43,43,4,3,1:58.861,15.848,15.848,,3,4
2021,19_VIRginia International Raceway,VIRginia International Raceway,virginia-international-raceway,2021-10-09,202110091210_Race,43,43,5,79,1:55.057,17.579,17.579,,3,4
2021,19_VIRginia International Raceway,VIRginia International Raceway,virginia-international-raceway,2021-10-09,202110091210_Race,43,41,6,88,1:53.815,2 Laps,,2,3,4
2021,19_VIRginia International Raceway,VIRginia International Raceway,virginia-international-raceway,2021-10-09,202110091210_Race,43,40,7,12,1:59.913,3 Laps,,3,3,4
2021,19_VIRginia International Raceway,VIRginia International Raceway,virginia-international-raceway,2021-10-09,202110091210_Race,43,42,8,96,2:03.594,1 Lap,,1,3,5
2021,19_VIRginia International Raceway,VIRginia International Raceway,virginia-international-raceway,2021-10-09,202110091210_Race,43,41,9,44,2:05.095,2 Laps,,2,3,5
2021,19_VIRginia International Raceway,VIRginia International Raceway,virginia-international-raceway,2021-10-09,202110091210_Race,43,42,10,1,2:08.690,1 Lap,,1,3,5
2021,19_VIRginia International Raceway,VIRginia International Raceway,virginia-international-raceway,2021-10-09,202110091210_Race,43,42,11,9,2:05.459,1 Lap,,1,3,5
2021,19_VIRginia International Raceway,VIRginia International Raceway,virginia-international-raceway,2021-10-09,202110091210_Race,43,42,12,23,2:04.356,1 Lap,,1,3,5
2021,19_VIRginia International Raceway,VIRginia International Raceway,virginia-international-raceway,2021-10-09,202110091210_Race,43,42,13,39,2:03.372,1 Lap,,1,3,5
2021,19_VIRginia International Raceway,VIRginia International Raceway,virginia-international-raceway,2021-10-09,202110091210_Race,43,42,14,14,2:03.247,1 Lap,,1,3,5
2021,19_VIRginia International Raceway,VIRginia International Raceway,virginia-international-raceway,2021-10-09,202110091210_Race,43,42,15,16,2:03.068,1 Lap,,1,3,5
2021,19_VIRginia International Raceway,VIRginia International Raceway,virginia-international-raceway,2021-10-09,202110091210_Race,43,42,16,28,2:00.973,1 Lap,,1,3,5
2021,19_VIRginia International Raceway,VIRginia International Raceway,virginia-international-raceway,2021-10-09,202110091210_Race,43,42,17,19,2:00.497,1 Lap,,1,3,5
2021,19_VIRginia International Raceway,VIRginia International Raceway,virginia-international-raceway,2021-10-09,202110091210_Race,43,42,18,32,3:09.025,1 Lap,,1,3,5
2021,19_VIRginia International Raceway,VIRginia International Raceway,virginia-international-raceway,2021-10-09,202110091210_Race,43,42,19,27,3:08.728,1 Lap,,1,3,5
2021,19_VIRginia International Raceway,VIRginia International Raceway,virginia-international-raceway,2021-10-09,202110091210_Race,43,42,20,88,2:43.933,1 Lap,,1,3,5
2021,19_VIRginia International Raceway,VIRginia International Raceway,virginia-international-raceway,2021-10-09,202110091210_Race,43,41,21,12,2:15.760,2 Laps,,2,3,5
2021,19_VIRginia International Raceway,VIRginia International Raceway,virginia-international-raceway,2021-10-09,202110091210_Race,43,43,22,96,2:48.821,4:01.141,241.141,,3,5
2021,19_VIRginia International Raceway,VIRginia International Raceway,virginia-international-raceway,2021-10-09,202110091210_Race,43,42,23,44,2:47.343,1 Lap,,1,3,5
2021,19_VIRginia International Raceway,VIRginia International Raceway,virginia-international-raceway,2021-10-09,202110091210_Race,43,43,24,1,2:43.269,4:02.315,242.315,,3,5
2021,19_VIRginia International Raceway,VIRginia International Raceway,virginia-international-raceway,2021-10-09,202110091210_Race,43,43,25,9,2:33.396,4:02.956,242.956,,3,5
2021,19_VIRginia International Raceway,VIRginia International Raceway,virginia-international-raceway,2021-10-09,202110091210_Race,43,43,26,23,2:31.855,4:03.587,243.587,,3,5
2021,19_VIRginia International Raceway,VIRginia International Raceway,virginia-international-raceway,2021-10-09,202110091210_Race,43,43,27,39,2:32.376,4:04.591,244.591,,3,5
2021,19_VIRginia International Raceway,VIRginia International Raceway,virginia-international-raceway,2021-10-09,202110091210_Race,43,43,28,14,2:31.430,4:05.361,245.361,,3,5
2021,19_VIRginia International Raceway,VIRginia International Raceway,virginia-international-raceway,2021-10-09,202110091210_Race,43,43,29,16,2:31.213,4:05.926,245.926,,3,5
2021,19_VIRginia International Raceway,VIRginia International Raceway,virginia-international-raceway,2021-10-09,202110091210_Race,43,43,30,28,2:30.393,4:06.701,246.701,,3,5
2021,19_VIRginia International Raceway,VIRginia International Raceway,virginia-international-raceway,2021-10-09,202110091210_Race,43,43,31,19,2:30.372,4:08.666,248.666,,3,5
2021,19_VIRginia International Raceway,VIRginia International Raceway,virginia-international-raceway,2021-10-09,202110091210_Race,44,44,1,3,4:05.819,,,,3,5
2021,19_VIRginia International Raceway,VIRginia International Raceway,virginia-international-raceway,2021-10-09,202110091210_Race,44,44,2,4,4:30.122,8.455,8.455,,3,5
2021,19_VIRginia International Raceway,VIRginia International Raceway,virginia-international-raceway,2021-10-09,202110091210_Race,44,44,3,79,4:25.610,21.522,21.522,,3,5
2021,19_VIRginia International Raceway,VIRginia International Raceway,virginia-international-raceway,2021-10-09,202110091210_Race,44,43,4,32,1:55.657,1 Lap,,1,3,5
2021,19_VIRginia International Raceway,VIRginia International Raceway,virginia-international-raceway,2021-10-09,202110091210_Race,44,43,5,27,1:56.055,1 Lap,,1,3,5
2021,19_VIRginia International Raceway,VIRginia International Raceway,virginia-international-raceway,2021-10-09,202110091210_Race,44,43,6,88,1:55.933,1 Lap,,1,3,5
2021,19_VIRginia International Raceway,VIRginia International Raceway,virginia-international-raceway,2021-10-09,202110091210_Race,44,42,7,12,1:56.628,2 Laps,,2,3,5
2021,19_VIRginia International Raceway,VIRginia International Raceway,virginia-international-raceway,2021-10-09,202110091210_Race,44,43,8,44,3:36.374,1 Lap,,1,3,5
2021,19_VIRginia International Raceway,VIRginia International Raceway,virginia-international-raceway,2021-10-09,202110091210_Race,44,44,9,19,3:30.840,3:17.839,197.839,,3,5
2021,19_VIRginia International Raceway,VIRginia International Raceway,virginia-international-raceway,2021-10-09,202110091210_Race,45,45,1,3,3:18.940,,,,3,5
2021,19_VIRginia International Raceway,VIRginia International Raceway,virginia-international-raceway,2021-10-09,202110091210_Race,45,45,2,4,3:12.430,1.945,1.945,,3,5
2021,19_VIRginia International Raceway,VIRginia International Raceway,virginia-international-raceway,2021-10-09,202110091210_Race,45,45,3,79,3:00.013,2.595,2.595,,3,5
2021,19_VIRginia International Raceway,VIRginia International Raceway,virginia-international-raceway,2021-10-09,202110091210_Race,45,44,4,32,2:38.963,1 Lap,,1,3,5
2021,19_VIRginia International Raceway,VIRginia International Raceway,virginia-international-raceway,2021-10-09,202110091210_Race,45,43,5,12,2:37.591,2 Laps,,2,3,5
2021,19_VIRginia International Raceway,VIRginia International Raceway,virginia-international-raceway,2021-10-09,202110091210_Race,45,44,6,9,4:00.389,1 Lap,,1,3,5
2021,19_VIRginia International Raceway,VIRginia International Raceway,virginia-international-raceway,2021-10-09,202110091210_Race,45,44,7,96,4:04.878,1 Lap,,1,3,5
2021,19_VIRginia International Raceway,VIRginia International Raceway,virginia-international-raceway,2021-10-09,202110091210_Race,45,44,8,1,4:04.075,1 Lap,,1,3,5
2021,19_VIRginia International Raceway,VIRginia International Raceway,virginia-international-raceway,2021-10-09,202110091210_Race,45,44,9,39,4:02.724,1 Lap,,1,3,5
2021,19_VIRginia International Raceway,VIRginia International Raceway,virginia-international-raceway,2021-10-09,202110091210_Race,45,44,10,14,4:02.570,1 Lap,,1,3,5
2021,19_VIRginia International Raceway,VIRginia International Raceway,virginia-international-raceway,2021-10-09,202110091210_Race,45,44,11,23,4:05.047,1 Lap,,1,3,5
2021,19_VIRginia International Raceway,VIRginia International Raceway,virginia-international-raceway,2021-10-09,202110091210_Race,45,44,12,16,4:04.061,1 Lap,,1,3,5
2021,19_VIRginia International Raceway,VIRginia International Raceway,virginia-international-raceway,2021-10-09,202110091210_Race,45,44,13,28,4:05.730,1 Lap,,1,3,5
2021,19_VIRginia International Raceway,VIRginia International Raceway,virginia-international-raceway,2021-10-09,202110091210_Race,45,44,14,27,3:06.834,1 Lap,,1,3,5
2021,19_VIRginia International Raceway,VIRginia International Raceway,virginia-international-raceway,2021-10-09,202110091210_Race,45,44,15,88,3:13.974,1 Lap,,1,3,5
2021,19_VIRginia International Raceway,VIRginia International Raceway,virginia-international-raceway,2021-10-09,202110091210_Race,45,44,16,44,2:20.159,1 Lap,,1,3,5
2021,19_VIRginia International Raceway,VIRginia International Raceway,virginia-international-raceway,2021-10-09,202110091210_Race,46,46,1,3,3:37.058,,,,3,5
2021,19_VIRginia International Raceway,VIRginia International Raceway,virginia-international-raceway,2021-10-09,202110091210_Race,46,46,2,4,3:36.728,1.615,1.615,,3,5
2021,19_VIRginia International Raceway,VIRginia International Raceway,virginia-international-raceway,2021-10-09,202110091210_Race,46,46,3,79,3:36.640,2.177,2.177,,3,5
2021,19_VIRginia International Raceway,VIRginia International Raceway,virginia-international-raceway,2021-10-09,202110091210_Race,46,45,4,19,3:41.616,1 Lap,,1,3,5
2021,19_VIRginia International Raceway,VIRginia International Raceway,virginia-international-raceway,2021-10-09,202110091210_Race,46,45,5,32,3:37.306,1 Lap,,1,4,1
2021,19_VIRginia International Raceway,VIRginia International Raceway,virginia-international-raceway,2021-10-09,202110091210_Race,46,45,6,9,3:19.445,1 Lap,,1,4,1
2021,19_VIRginia International Raceway,VIRginia International Raceway,virginia-international-raceway,2021-10-09,202110091210_Race,46,45,7,96,3:18.942,1 Lap,,1,4,1
2021,19_VIRginia International Raceway,VIRginia International Raceway,virginia-international-raceway,2021-10-09,202110091210_Race,46,45,8,1,3:20.411,1 Lap,,1,4,1
2021,19_VIRginia International Raceway,VIRginia International Raceway,virginia-international-raceway,2021-10-09,202110091210_Race,46,45,9,39,3:20.293,1 Lap,,1,4,1
2021,19_VIRginia International Raceway,VIRginia International Raceway,virginia-international-raceway,2021-10-09,202110091210_Race,46,45,10,14,3:21.053,1 Lap,,1,4,1
2021,19_VIRginia International Raceway,VIRginia International Raceway,virginia-international-raceway,2021-10-09,202110091210_Race,46,45,11,23,3:20.915,1 Lap,,1,4,1
2021,19_VIRginia International Raceway,VIRginia International Raceway,virginia-international-raceway,2021-10-09,202110091210_Race,46,45,12,16,3:21.904,1 Lap,,1,4,1
2021,19_VIRginia International Raceway,VIRginia International Raceway,virginia-international-raceway,2021-10-09,202110091210_Race,46,45,13,28,3:19.905,1 Lap,,1,4,1
2021,19_VIRginia International Raceway,VIRginia International Raceway,virginia-international-raceway,2021-10-09,202110091210_Race,46,45,14,27,3:19.592,1 Lap,,1,4,1
2021,19_VIRginia International Raceway,VIRginia International Raceway,virginia-international-raceway,2021-10-09,202110091210_Race,46,45,15,88,3:15.062,1 Lap,,1,4,1
2021,19_VIRginia International Raceway,VIRginia International Raceway,virginia-international-raceway,2021-10-09,202110091210_Race,46,44,16,12,3:53.220,2 Laps,,2,4,1
2021,19_VIRginia International Raceway,VIRginia International Raceway,virginia-international-raceway,2021-10-09,202110091210_Race,46,45,17,44,2:38.429,1 Lap,,1,4,1
2021,19_VIRginia International Raceway,VIRginia International Raceway,virginia-international-raceway,2021-10-09,202110091210_Race,47,47,1,3,3:32.076,,,,4,1
2021,19_VIRginia International Raceway,VIRginia International Raceway,virginia-international-raceway,2021-10-09,202110091210_Race,47,47,2,4,3:31.213,0.752,0.752,,4,1
2021,19_VIRginia International Raceway,VIRginia International Raceway,virginia-international-raceway,2021-10-09,202110091210_Race,47,47,3,79,3:32.163,2.264,2.264,,4,1
2021,19_VIRginia International Raceway,VIRginia International Raceway,virginia-international-raceway,2021-10-09,202110091210_Race,47,46,4,19,3:31.699,1 Lap,,1,4,1
2021,19_VIRginia International Raceway,VIRginia International Raceway,virginia-international-raceway,2021-10-09,202110091210_Race,47,46,5,32,3:32.370,1 Lap,,1,4,1
2021,19_VIRginia International Raceway,VIRginia International Raceway,virginia-international-raceway,2021-10-09,202110091210_Race,47,46,6,9,3:32.349,1 Lap,,1,4,1
2021,19_VIRginia International Raceway,VIRginia International Raceway,virginia-international-raceway,2021-10-09,202110091210_Race,47,46,7,96,3:31.590,1 Lap,,1,4,1
2021,19_VIRginia International Raceway,VIRginia International Raceway,virginia-international-raceway,2021-10-09,202110091210_Race,47,46,8,1,3:30.761,1 Lap,,1,4,1
2021,19_VIRginia International Raceway,VIRginia International Raceway,virginia-international-raceway,2021-10-09,202110091210_Race,47,46,9,39,3:31.775,1 Lap,,1,4,1
2021,19_VIRginia International Raceway,VIRginia International Raceway,virginia-international-raceway,2021-10-09,202110091210_Race,47,46,10,14,3:31.503,1 Lap,,1,4,1
2021,19_VIRginia International Raceway,VIRginia International Raceway,virginia-international-raceway,2021-10-09,202110091210_Race,47,46,11,23,3:31.776,1 Lap,,1,4,1
2021,19_VIRginia International Raceway,VIRginia International Raceway,virginia-international-raceway,2021-10-09,202110091210_Race,47,46,12,16,3:31.037,1 Lap,,1,4,1
2021,19_VIRginia International Raceway,VIRginia International Raceway,virginia-international-raceway,2021-10-09,202110091210_Race,47,46,13,28,3:31.398,1 Lap,,1,4,1
2021,19_VIRginia International Raceway,VIRginia International Raceway,virginia-international-raceway,2021-10-09,202110091210_Race,47,46,14,27,3:31.555,1 Lap,,1,4,1
2021,19_VIRginia International Raceway,VIRginia International Raceway,virginia-international-raceway,2021-10-09,202110091210_Race,47,46,15,88,3:31.814,1 Lap,,1,4,1
2021,19_VIRginia International Raceway,VIRginia International Raceway,virginia-international-raceway,2021-10-09,202110091210_Race,47,45,16,12,3:29.844,2 Laps,,2,4,1
2021,19_VIRginia International Raceway,VIRginia International Raceway,virginia-international-raceway,2021-10-09,202110091210_Race,47,46,17,44,2:32.844,1 Lap,,1,4,1
2021,19_VIRginia International Raceway,VIRginia International Raceway,virginia-international-raceway,2021-10-09,202110091210_Race,48,48,1,3,3:22.911,,,,4,1
2021,19_VIRginia International Raceway,VIRginia International Raceway,virginia-international-raceway,2021-10-09,202110091210_Race,48,48,2,4,3:22.278,0.119,0.119,,4,1
2021,19_VIRginia International Raceway,VIRginia International Raceway,virginia-international-raceway,2021-10-09,202110091210_Race,48,48,3,79,3:20.986,0.339,0.339,,4,1
2021,19_VIRginia International Raceway,VIRginia International Raceway,virginia-international-raceway,2021-10-09,202110091210_Race,48,47,4,19,3:21.887,1 Lap,,1,4,1
2021,19_VIRginia International Raceway,VIRginia International Raceway,virginia-international-raceway,2021-10-09,202110091210_Race,48,47,5,32,3:20.710,1 Lap,,1,4,1
2021,19_VIRginia International Raceway,VIRginia International Raceway,virginia-international-raceway,2021-10-09,202110091210_Race,48,47,6,9,3:20.061,1 Lap,,1,4,1
2021,19_VIRginia International Raceway,VIRginia International Raceway,virginia-international-raceway,2021-10-09,202110091210_Race,48,47,7,96,3:18.893,1 Lap,,1,4,1
2021,19_VIRginia International Raceway,VIRginia International Raceway,virginia-international-raceway,2021-10-09,202110091210_Race,48,47,8,1,3:18.383,1 Lap,,1,4,1
2021,19_VIRginia International Raceway,VIRginia International Raceway,virginia-international-raceway,2021-10-09,202110091210_Race,48,47,9,39,3:16.956,1 Lap,,1,4,1
2021,19_VIRginia International Raceway,VIRginia International Raceway,virginia-international-raceway,2021-10-09,202110091210_Race,48,47,10,14,3:15.989,1 Lap,,1,4,1
2021,19_VIRginia International Raceway,VIRginia International Raceway,virginia-international-raceway,2021-10-09,202110091210_Race,48,47,11,23,3:15.619,1 Lap,,1,4,1
2021,19_VIRginia International Raceway,VIRginia International Raceway,virginia-international-raceway,2021-10-09,202110091210_Race,48,47,12,16,3:14.680,1 Lap,,1,4,1
2021,19_VIRginia International Raceway,VIRginia International Raceway,virginia-international-raceway,2021-10-09,202110091210_Race,48,47,13,28,3:14.168,1 Lap,,1,4,1
2021,19_VIRginia International Raceway,VIRginia International Raceway,virginia-international-raceway,2021-10-09,202110091210_Race,48,47,14,27,3:13.878,1 Lap,,1,4,1
2021,19_VIRginia International Raceway,VIRginia International Raceway,virginia-international-raceway,2021-10-09,202110091210_Race,48,47,15,88,3:11.297,1 Lap,,1,4,1
2021,19_VIRginia International Raceway,VIRginia International Raceway,virginia-international-raceway,2021-10-09,202110091210_Race,48,46,16,12,3:10.486,2 Laps,,2,4,1
2021,19_VIRginia International Raceway,VIRginia International Raceway,virginia-international-raceway,2021-10-09,202110091210_Race,48,47,17,44,3:10.138,1 Lap,,1,4,1
2021,19_VIRginia International Raceway,VIRginia International Raceway,virginia-international-raceway,2021-10-09,202110091210_Race,49,49,1,3,1:45.375,,,,4,1
2021,19_VIRginia International Raceway,VIRginia International Raceway,virginia-international-raceway,2021-10-09,202110091210_Race,49,49,2,4,1:45.679,0.423,0.423,,4,1
2021,19_VIRginia International Raceway,VIRginia International Raceway,virginia-international-raceway,2021-10-09,202110091210_Race,49,49,3,79,1:45.720,0.684,0.684,,4,1
2021,19_VIRginia International Raceway,VIRginia International Raceway,virginia-international-raceway,2021-10-09,202110091210_Race,49,48,4,19,1:47.864,1 Lap,,1,4,1
2021,19_VIRginia International Raceway,VIRginia International Raceway,virginia-international-raceway,2021-10-09,202110091210_Race,49,48,5,9,1:47.992,1 Lap,,1,4,1
2021,19_VIRginia International Raceway,VIRginia International Raceway,virginia-international-raceway,2021-10-09,202110091210_Race,49,48,6,96,1:48.554,1 Lap,,1,4,1
2021,19_VIRginia International Raceway,VIRginia International Raceway,virginia-international-raceway,2021-10-09,202110091210_Race,49,48,7,1,1:49.107,1 Lap,,1,4,2
2021,19_VIRginia International Raceway,VIRginia International Raceway,virginia-international-raceway,2021-10-09,202110091210_Race,49,48,8,14,1:48.657,1 Lap,,1,4,2
2021,19_VIRginia International Raceway,VIRginia International Raceway,virginia-international-raceway,2021-10-09,202110091210_Race,49,48,9,39,1:49.559,1 Lap,,1,4,2
2021,19_VIRginia International Raceway,VIRginia International Raceway,virginia-international-raceway,2021-10-09,202110091210_Race,49,48,10,23,1:49.428,1 Lap,,1,4,2
2021,19_VIRginia International Raceway,VIRginia International Raceway,virginia-international-raceway,2021-10-09,202110091210_Race,49,48,11,16,1:49.192,1 Lap,,1,4,2
2021,19_VIRginia International Raceway,VIRginia International Raceway,virginia-international-raceway,2021-10-09,202110091210_Race,49,48,12,28,1:49.636,1 Lap,,1,4,2
2021,19_VIRginia International Raceway,VIRginia International Raceway,virginia-international-raceway,2021-10-09,202110091210_Race,49,48,13,27,1:49.467,1 Lap,,1,4,2
2021,19_VIRginia International Raceway,VIRginia International Raceway,virginia-international-raceway,2021-10-09,202110091210_Race,49,48,14,88,1:50.077,1 Lap,,1,4,2
2021,19_VIRginia International Raceway,VIRginia International Raceway,virginia-international-raceway,2021-10-09,202110091210_Race,49,48,15,44,1:49.801,1 Lap,,1,4,2
2021,19_VIRginia International Raceway,VIRginia International Raceway,virginia-international-raceway,2021-10-09,202110091210_Race,49,48,16,32,2:37.707,1 Lap,,1,4,2
2021,19_VIRginia International Raceway,VIRginia International Raceway,virginia-international-raceway,2021-10-09,202110091210_Race,49,47,17,12,3:07.023,2 Laps,,2,4,2
2021,19_VIRginia International Raceway,VIRginia International Raceway,virginia-international-raceway,2021-10-09,202110091210_Race,50,50,1,3,1:43.108,,,,4,2
2021,19_VIRginia International Raceway,VIRginia International Raceway,virginia-international-raceway,2021-10-09,202110091210_Race,50,50,2,79,1:42.760,0.336,0.336,,4,2
2021,19_VIRginia International Raceway,VIRginia International Raceway,virginia-international-raceway,2021-10-09,202110091210_Race,50,50,3,4,1:43.781,1.096,1.096,,4,2
2021,19_VIRginia International Raceway,VIRginia International Raceway,virginia-international-raceway,2021-10-09,202110091210_Race,50,49,4,19,1:46.573,1 Lap,,1,4,2
2021,19_VIRginia International Raceway,VIRginia International Raceway,virginia-international-raceway,2021-10-09,202110091210_Race,50,49,5,9,1:46.639,1 Lap,,1,4,2
2021,19_VIRginia International Raceway,VIRginia International Raceway,virginia-international-raceway,2021-10-09,202110091210_Race,50,49,6,96,1:46.234,1 Lap,,1,4,2
2021,19_VIRginia International Raceway,VIRginia International Raceway,virginia-international-raceway,2021-10-09,202110091210_Race,50,49,7,1,1:46.903,1 Lap,,1,4,2
2021,19_VIRginia International Raceway,VIRginia International Raceway,virginia-international-raceway,2021-10-09,202110091210_Race,50,49,8,14,1:47.344,1 Lap,,1,4,2
2021,19_VIRginia International Raceway,VIRginia International Raceway,virginia-international-raceway,2021-10-09,202110091210_Race,50,49,9,39,1:47.329,1 Lap,,1,4,2
2021,19_VIRginia International Raceway,VIRginia International Raceway,virginia-international-raceway,2021-10-09,202110091210_Race,50,49,10,23,1:47.176,1 Lap,,1,4,2
2021,19_VIRginia International Raceway,VIRginia International Raceway,virginia-international-raceway,2021-10-09,202110091210_Race,50,49,11,16,1:47.212,1 Lap,,1,4,2
2021,19_VIRginia International Raceway,VIRginia International Raceway,virginia-international-raceway,2021-10-09,202110091210_Race,50,49,12,28,1:47.522,1 Lap,,1,4,2
2021,19_VIRginia International Raceway,VIRginia International Raceway,virginia-international-raceway,2021-10-09,202110091210_Race,50,49,13,27,1:47.348,1 Lap,,1,4,2
2021,19_VIRginia International Raceway,VIRginia International Raceway,virginia-international-raceway,2021-10-09,202110091210_Race,50,49,14,88,1:47.996,1 Lap,,1,4,2
2021,19_VIRginia International Raceway,VIRginia International Raceway,virginia-international-raceway,2021-10-09,202110091210_Race,50,49,15,44,1:48.539,1 Lap,,1,4,2
2021,19_VIRginia International Raceway,VIRginia International Raceway,virginia-international-raceway,2021-10-09,202110091210_Race,50,49,16,32,1:58.566,1 Lap,,1,4,2
2021,19_VIRginia International Raceway,VIRginia International Raceway,virginia-international-raceway,2021-10-09,202110091210_Race,50,48,17,12,1:52.273,2 Laps,,2,4,2
2021,19_VIRginia International Raceway,VIRginia International Raceway,virginia-international-raceway,2021-10-09,202110091210_Race,51,51,1,3,1:42.178,,,,4,2
2021,19_VIRginia International Raceway,VIRginia International Raceway,virginia-international-raceway,2021-10-09,202110091210_Race,51,51,2,79,1:42.125,0.283,0.283,,4,2
2021,19_VIRginia International Raceway,VIRginia International Raceway,virginia-international-raceway,2021-10-09,202110091210_Race,51,51,3,4,1:42.311,1.229,1.229,,4,2
2021,19_VIRginia International Raceway,VIRginia International Raceway,virginia-international-raceway,2021-10-09,202110091210_Race,51,50,4,19,1:46.260,1 Lap,,1,4,2
2021,19_VIRginia International Raceway,VIRginia International Raceway,virginia-international-raceway,2021-10-09,202110091210_Race,51,50,5,9,1:45.867,1 Lap,,1,4,2
2021,19_VIRginia International Raceway,VIRginia International Raceway,virginia-international-raceway,2021-10-09,202110091210_Race,51,50,6,96,1:45.846,1 Lap,,1,4,2
2021,19_VIRginia International Raceway,VIRginia International Raceway,virginia-international-raceway,2021-10-09,202110091210_Race,51,50,7,1,1:46.589,1 Lap,,1,4,2
2021,19_VIRginia International Raceway,VIRginia International Raceway,virginia-international-raceway,2021-10-09,202110091210_Race,51,50,8,14,1:46.573,1 Lap,,1,4,2
2021,19_VIRginia International Raceway,VIRginia International Raceway,virginia-international-raceway,2021-10-09,202110091210_Race,51,50,9,39,1:46.545,1 Lap,,1,4,2
2021,19_VIRginia International Raceway,VIRginia International Raceway,virginia-international-raceway,2021-10-09,202110091210_Race,51,50,10,23,1:46.631,1 Lap,,1,4,2
2021,19_VIRginia International Raceway,VIRginia International Raceway,virginia-international-raceway,2021-10-09,202110091210_Race,51,50,11,16,1:46.647,1 Lap,,1,4,2
2021,19_VIRginia International Raceway,VIRginia International Raceway,virginia-international-raceway,2021-10-09,202110091210_Race,51,50,12,28,1:47.123,1 Lap,,1,4,2
2021,19_VIRginia International Raceway,VIRginia International Raceway,virginia-international-raceway,2021-10-09,202110091210_Race,51,50,13,27,1:47.201,1 Lap,,1,4,2
2021,19_VIRginia International Raceway,VIRginia International Raceway,virginia-international-raceway,2021-10-09,202110091210_Race,51,50,14,88,1:46.815,1 Lap,,1,4,2
2021,19_VIRginia International Raceway,VIRginia International Raceway,virginia-international-raceway,2021-10-09,202110091210_Race,51,50,15,44,1:48.331,1 Lap,,1,4,2
2021,19_VIRginia International Raceway,VIRginia International Raceway,virginia-international-raceway,2021-10-09,202110091210_Race,51,50,16,32,1:48.096,1 Lap,,1,4,2
2021,19_VIRginia International Raceway,VIRginia International Raceway,virginia-international-raceway,2021-10-09,202110091210_Race,51,49,17,12,1:46.720,2 Laps,,2,4,2
2021,19_VIRginia International Raceway,VIRginia International Raceway,virginia-international-raceway,2021-10-09,202110091210_Race,52,52,1,3,1:41.951,,,,4,2
2021,19_VIRginia International Raceway,VIRginia International Raceway,virginia-international-raceway,2021-10-09,202110091210_Race,52,52,2,79,1:42.054,0.386,0.386,,4,2
2021,19_VIRginia International Raceway,VIRginia International Raceway,virginia-international-raceway,2021-10-09,202110091210_Race,52,52,3,4,1:41.315,0.593,0.593,,4,2
2021,19_VIRginia International Raceway,VIRginia International Raceway,virginia-international-raceway,2021-10-09,202110091210_Race,52,51,4,19,1:45.819,1 Lap,,1,4,2
2021,19_VIRginia International Raceway,VIRginia International Raceway,virginia-international-raceway,2021-10-09,202110091210_Race,52,51,5,9,1:45.981,1 Lap,,1,4,2
2021,19_VIRginia International Raceway,VIRginia International Raceway,virginia-international-raceway,2021-10-09,202110091210_Race,52,51,6,96,1:45.932,1 Lap,,1,4,2
2021,19_VIRginia International Raceway,VIRginia International Raceway,virginia-international-raceway,2021-10-09,202110091210_Race,52,51,7,1,1:45.904,1 Lap,,1,4,2
2021,19_VIRginia International Raceway,VIRginia International Raceway,virginia-international-raceway,2021-10-09,202110091210_Race,52,51,8,14,1:46.159,1 Lap,,1,4,2
2021,19_VIRginia International Raceway,VIRginia International Raceway,virginia-international-raceway,2021-10-09,202110091210_Race,52,51,9,39,1:46.250,1 Lap,,1,4,3
2021,19_VIRginia International Raceway,VIRginia International Raceway,virginia-international-raceway,2021-10-09,202110091210_Race,52,51,10,23,1:46.495,1 Lap,,1,4,3
2021,19_VIRginia International Raceway,VIRginia International Raceway,virginia-international-raceway,2021-10-09,202110091210_Race,52,51,11,16,1:46.413,1 Lap,,1,4,3
2021,19_VIRginia International Raceway,VIRginia International Raceway,virginia-international-raceway,2021-10-09,202110091210_Race,52,51,12,28,1:45.680,1 Lap,,1,4,3
2021,19_VIRginia International Raceway,VIRginia International Raceway,virginia-international-raceway,2021-10-09,202110091210_Race,52,51,13,27,1:46.120,1 Lap,,1,4,3
2021,19_VIRginia International Raceway,VIRginia International Raceway,virginia-international-raceway,2021-10-09,202110091210_Race,52,51,14,88,1:46.584,1 Lap,,1,4,3
2021,19_VIRginia International Raceway,VIRginia International Raceway,virginia-international-raceway,2021-10-09,202110091210_Race,52,51,15,44,1:49.300,1 Lap,,1,4,3
2021,19_VIRginia International Raceway,VIRginia International Raceway,virginia-international-raceway,2021-10-09,202110091210_Race,52,51,16,32,1:46.510,1 Lap,,1,4,3
2021,19_VIRginia International Raceway,VIRginia International Raceway,virginia-international-raceway,2021-10-09,202110091210_Race,53,53,1,3,1:41.678,,,,4,3
2021,19_VIRginia International Raceway,VIRginia International Raceway,virginia-international-raceway,2021-10-09,202110091210_Race,53,53,2,79,1:41.687,0.395,0.395,,4,3
2021,19_VIRginia International Raceway,VIRginia International Raceway,virginia-international-raceway,2021-10-09,202110091210_Race,53,53,3,4,1:41.909,0.824,0.824,,4,3
2021,19_VIRginia International Raceway,VIRginia International Raceway,virginia-international-raceway,2021-10-09,202110091210_Race,53,50,4,12,1:47.138,3 Laps,,3,4,3
2021,19_VIRginia International Raceway,VIRginia International Raceway,virginia-international-raceway,2021-10-09,202110091210_Race,53,52,5,19,1:46.176,1 Lap,,1,4,3
2021,19_VIRginia International Raceway,VIRginia International Raceway,virginia-international-raceway,2021-10-09,202110091210_Race,53,52,6,9,1:46.206,1 Lap,,1,4,3
2021,19_VIRginia International Raceway,VIRginia International Raceway,virginia-international-raceway,2021-10-09,202110091210_Race,53,52,7,96,1:46.080,1 Lap,,1,4,3
2021,19_VIRginia International Raceway,VIRginia International Raceway,virginia-international-raceway,2021-10-09,202110091210_Race,53,52,8,1,1:45.667,1 Lap,,1,4,3
2021,19_VIRginia International Raceway,VIRginia International Raceway,virginia-international-raceway,2021-10-09,202110091210_Race,53,52,9,14,1:45.920,1 Lap,,1,4,3
2021,19_VIRginia International Raceway,VIRginia International Raceway,virginia-international-raceway,2021-10-09,202110091210_Race,53,52,10,39,1:45.863,1 Lap,,1,4,3
2021,19_VIRginia International Raceway,VIRginia International Raceway,virginia-international-raceway,2021-10-09,202110091210_Race,53,52,11,23,1:45.897,1 Lap,,1,4,3
2021,19_VIRginia International Raceway,VIRginia International Raceway,virginia-international-raceway,2021-10-09,202110091210_Race,53,52,12,16,1:46.013,1 Lap,,1,4,3
2021,19_VIRginia International Raceway,VIRginia International Raceway,virginia-international-raceway,2021-10-09,202110091210_Race,53,52,13,28,1:45.845,1 Lap,,1,4,3
2021,19_VIRginia International Raceway,VIRginia International Raceway,virginia-international-raceway,2021-10-09,202110091210_Race,53,52,14,27,1:46.066,1 Lap,,1,4,3
2021,19_VIRginia International Raceway,VIRginia International Raceway,virginia-international-raceway,2021-10-09,202110091210_Race,53,52,15,88,1:46.790,1 Lap,,1,4,3
2021,19_VIRginia International Raceway,VIRginia International Raceway,virginia-international-raceway,2021-10-09,202110091210_Race,53,52,16,44,1:49.091,1 Lap,,1,4,3
2021,19_VIRginia International Raceway,VIRginia International Raceway,virginia-international-raceway,2021-10-09,202110091210_Race,53,52,17,32,1:45.922,1 Lap,,1,4,3
2021,19_VIRginia International Raceway,VIRginia International Raceway,virginia-international-raceway,2021-10-09,202110091210_Race,54,54,1,3,1:41.603,,,,4,3
2021,19_VIRginia International Raceway,VIRginia International Raceway,virginia-international-raceway,2021-10-09,202110091210_Race,54,54,2,79,1:41.566,0.358,0.358,,4,3
2021,19_VIRginia International Raceway,VIRginia International Raceway,virginia-international-raceway,2021-10-09,202110091210_Race,54,54,3,4,1:41.464,0.685,0.685,,4,3
2021,19_VIRginia International Raceway,VIRginia International Raceway,virginia-international-raceway,2021-10-09,202110091210_Race,54,51,4,12,1:45.889,3 Laps,,3,4,3
2021,19_VIRginia International Raceway,VIRginia International Raceway,virginia-international-raceway,2021-10-09,202110091210_Race,54,53,5,9,1:46.020,1 Lap,,1,4,3
2021,19_VIRginia International Raceway,VIRginia International Raceway,virginia-international-raceway,2021-10-09,202110091210_Race,54,53,6,96,1:46.085,1 Lap,,1,4,3
2021,19_VIRginia International Raceway,VIRginia International Raceway,virginia-international-raceway,2021-10-09,202110091210_Race,54,53,7,1,1:45.564,1 Lap,,1,4,3
2021,19_VIRginia International Raceway,VIRginia International Raceway,virginia-international-raceway,2021-10-09,202110091210_Race,54,53,8,14,1:45.813,1 Lap,,1,4,3
2021,19_VIRginia International Raceway,VIRginia International Raceway,virginia-international-raceway,2021-10-09,202110091210_Race,54,53,9,39,1:45.906,1 Lap,,1,4,3
2021,19_VIRginia International Raceway,VIRginia International Raceway,virginia-international-raceway,2021-10-09,202110091210_Race,54,53,10,23,1:46.054,1 Lap,,1,4,3
2021,19_VIRginia International Raceway,VIRginia International Raceway,virginia-international-raceway,2021-10-09,202110091210_Race,54,53,11,16,1:46.029,1 Lap,,1,4,3
2021,19_VIRginia International Raceway,VIRginia International Raceway,virginia-international-raceway,2021-10-09,202110091210_Race,54,53,12,28,1:46.279,1 Lap,,1,4,3
2021,19_VIRginia International Raceway,VIRginia International Raceway,virginia-international-raceway,2021-10-09,202110091210_Race,54,53,13,27,1:46.302,1 Lap,,1,4,3
2021,19_VIRginia International Raceway,VIRginia International Raceway,virginia-international-raceway,2021-10-09,202110091210_Race,54,53,14,88,1:46.247,1 Lap,,1,4,3
2021,19_VIRginia International Raceway,VIRginia International Raceway,virginia-international-raceway,2021-10-09,202110091210_Race,54,53,15,44,1:48.508,1 Lap,,1,4,3
2021,19_VIRginia International Raceway,VIRginia International Raceway,virginia-international-raceway,2021-10-09,202110091210_Race,54,53,16,19,2:43.757,1 Lap,,1,4,3
2021,19_VIRginia International Raceway,VIRginia International Raceway,virginia-international-raceway,2021-10-09,202110091210_Race,54,53,17,32,1:46.905,1 Lap,,1,4,3
2021,19_VIRginia International Raceway,VIRginia International Raceway,virginia-international-raceway,2021-10-09,202110091210_Race,55,55,1,3,1:41.683,,,,4,3
2021,19_VIRginia International Raceway,VIRginia International Raceway,virginia-international-raceway,2021-10-09,202110091210_Race,55,55,2,79,1:41.755,0.430,0.430,,4,3
2021,19_VIRginia International Raceway,VIRginia International Raceway,virginia-international-raceway,2021-10-09,202110091210_Race,55,55,3,4,1:41.683,0.685,0.685,,4,3
2021,19_VIRginia International Raceway,VIRginia International Raceway,virginia-international-raceway,2021-10-09,202110091210_Race,55,52,4,12,1:45.897,3 Laps,,3,4,3
2021,19_VIRginia International Raceway,VIRginia International Raceway,virginia-international-raceway,2021-10-09,202110091210_Race,55,54,5,9,1:45.167,1 Lap,,1,4,3
2021,19_VIRginia International Raceway,VIRginia International Raceway,virginia-international-raceway,2021-10-09,202110091210_Race,55,54,6,96,1:45.343,1 Lap,,1,4,3
2021,19_VIRginia International Raceway,VIRginia International Raceway,virginia-international-raceway,2021-10-09,202110091210_Race,55,54,7,1,1:45.203,1 Lap,,1,4,3
2021,19_VIRginia International Raceway,VIRginia International Raceway,virginia-international-raceway,2021-10-09,202110091210_Race,55,54,8,14,1:46.025,1 Lap,,1,4,3
2021,19_VIRginia International Raceway,VIRginia International Raceway,virginia-international-raceway,2021-10-09,202110091210_Race,55,54,9,23,1:45.864,1 Lap,,1,4,3
2021,19_VIRginia International Raceway,VIRginia International Raceway,virginia-international-raceway,2021-10-09,202110091210_Race,55,54,10,16,1:45.787,1 Lap,,1,4,3
2021,19_VIRginia International Raceway,VIRginia International Raceway,virginia-international-raceway,2021-10-09,202110091210_Race,55,54,11,28,1:45.887,1 Lap,,1,4,3
2021,19_VIRginia International Raceway,VIRginia International Raceway,virginia-international-raceway,2021-10-09,202110091210_Race,55,54,12,27,1:46.819,1 Lap,,1,4,4
2021,19_VIRginia International Raceway,VIRginia International Raceway,virginia-international-raceway,2021-10-09,202110091210_Race,55,54,13,88,1:46.285,1 Lap,,1,4,4
2021,19_VIRginia International Raceway,VIRginia International Raceway,virginia-international-raceway,2021-10-09,202110091210_Race,55,54,14,39,2:21.430,1 Lap,,1,4,4
2021,19_VIRginia International Raceway,VIRginia International Raceway,virginia-international-raceway,2021-10-09,202110091210_Race,55,54,15,44,2:18.528,1 Lap,,1,4,4
2021,19_VIRginia International Raceway,VIRginia International Raceway,virginia-international-raceway,2021-10-09,202110091210_Race,55,54,16,32,1:48.913,1 Lap,,1,4,4
2021,19_VIRginia International Raceway,VIRginia International Raceway,virginia-international-raceway,2021-10-09,202110091210_Race,55,54,17,19,1:58.798,1 Lap,,1,4,4
2021,19_VIRginia International Raceway,VIRginia International Raceway,virginia-international-raceway,2021-10-09,202110091210_Race,56,56,1,3,1:41.443,,,,4,4
2021,19_VIRginia International Raceway,VIRginia International Raceway,virginia-international-raceway,2021-10-09,202110091210_Race,56,56,2,79,1:41.308,0.295,0.295,,4,4
2021,19_VIRginia International Raceway,VIRginia International Raceway,virginia-international-raceway,2021-10-09,202110091210_Race,56,56,3,4,1:41.431,0.673,0.673,,4,4
2021,19_VIRginia International Raceway,VIRginia International Raceway,virginia-international-raceway,2021-10-09,202110091210_Race,56,53,4,12,1:46.011,3 Laps,,3,4,4
2021,19_VIRginia International Raceway,VIRginia International Raceway,virginia-international-raceway,2021-10-09,202110091210_Race,56,55,5,9,1:45.377,1 Lap,,1,4,4
2021,19_VIRginia International Raceway,VIRginia International Raceway,virginia-international-raceway,2021-10-09,202110091210_Race,56,55,6,96,1:45.385,1 Lap,,1,4,4
2021,19_VIRginia International Raceway,VIRginia International Raceway,virginia-international-raceway,2021-10-09,202110091210_Race,56,55,7,1,1:45.524,1 Lap,,1,4,4
2021,19_VIRginia International Raceway,VIRginia International Raceway,virginia-international-raceway,2021-10-09,202110091210_Race,56,55,8,14,1:45.733,1 Lap,,1,4,4
2021,19_VIRginia International Raceway,VIRginia International Raceway,virginia-international-raceway,2021-10-09,202110091210_Race,56,55,9,23,1:45.289,1 Lap,,1,4,4
2021,19_VIRginia International Raceway,VIRginia International Raceway,virginia-international-raceway,2021-10-09,202110091210_Race,56,55,10,16,1:45.661,1 Lap,,1,4,4
2021,19_VIRginia International Raceway,VIRginia International Raceway,virginia-international-raceway,2021-10-09,202110091210_Race,56,55,11,28,1:46.197,1 Lap,,1,4,4
2021,19_VIRginia International Raceway,VIRginia International Raceway,virginia-international-raceway,2021-10-09,202110091210_Race,56,55,12,27,1:46.149,1 Lap,,1,4,4
2021,19_VIRginia International Raceway,VIRginia International Raceway,virginia-international-raceway,2021-10-09,202110091210_Race,56,55,13,88,1:47.118,1 Lap,,1,4,4
2021,19_VIRginia International Raceway,VIRginia International Raceway,virginia-international-raceway,2021-10-09,202110091210_Race,56,55,14,39,1:58.156,1 Lap,,1,4,4
2021,19_VIRginia International Raceway,VIRginia International Raceway,virginia-international-raceway,2021-10-09,202110091210_Race,56,55,15,44,1:52.912,1 Lap,,1,4,4
2021,19_VIRginia International Raceway,VIRginia International Raceway,virginia-international-raceway,2021-10-09,202110091210_Race,57,57,1,4,1:42.880,,,,4,4
2021,19_VIRginia International Raceway,VIRginia International Raceway,virginia-international-raceway,2021-10-09,202110091210_Race,57,55,2,32,1:47.769,2 Laps,,2,4,4
2021,19_VIRginia International Raceway,VIRginia International Raceway,virginia-international-raceway,2021-10-09,202110091210_Race,57,57,3,3,1:44.384,0.831,0.831,,4,4
2021,19_VIRginia International Raceway,VIRginia International Raceway,virginia-international-raceway,2021-10-09,202110091210_Race,57,57,4,79,1:45.908,2.650,2.650,,4,4
2021,19_VIRginia International Raceway,VIRginia International Raceway,virginia-international-raceway,2021-10-09,202110091210_Race,57,55,5,19,1:49.056,2 Laps,,2,4,4
2021,19_VIRginia International Raceway,VIRginia International Raceway,virginia-international-raceway,2021-10-09,202110091210_Race,57,54,6,12,1:46.795,3 Laps,,3,4,4
2021,19_VIRginia International Raceway,VIRginia International Raceway,virginia-international-raceway,2021-10-09,202110091210_Race,57,56,7,9,1:45.355,1 Lap,,1,4,4
2021,19_VIRginia International Raceway,VIRginia International Raceway,virginia-international-raceway,2021-10-09,202110091210_Race,57,56,8,96,1:45.297,1 Lap,,1,4,4
2021,19_VIRginia International Raceway,VIRginia International Raceway,virginia-international-raceway,2021-10-09,202110091210_Race,57,56,9,1,1:45.469,1 Lap,,1,4,4
2021,19_VIRginia International Raceway,VIRginia International Raceway,virginia-international-raceway,2021-10-09,202110091210_Race,57,56,10,14,1:45.996,1 Lap,,1,4,4
2021,19_VIRginia International Raceway,VIRginia International Raceway,virginia-international-raceway,2021-10-09,202110091210_Race,57,56,11,23,1:45.330,1 Lap,,1,4,4
2021,19_VIRginia International Raceway,VIRginia International Raceway,virginia-international-raceway,2021-10-09,202110091210_Race,57,56,12,16,1:45.578,1 Lap,,1,4,4
2021,19_VIRginia International Raceway,VIRginia International Raceway,virginia-international-raceway,2021-10-09,202110091210_Race,57,56,13,88,1:46.616,1 Lap,,1,4,4
2021,19_VIRginia International Raceway,VIRginia International Raceway,virginia-international-raceway,2021-10-09,202110091210_Race,57,56,14,28,2:17.740,1 Lap,,1,4,4
2021,19_VIRginia International Raceway,VIRginia International Raceway,virginia-international-raceway,2021-10-09,202110091210_Race,57,56,15,27,2:21.585,1 Lap,,1,4,4
2021,19_VIRginia International Raceway,VIRginia International Raceway,virginia-international-raceway,2021-10-09,202110091210_Race,57,56,16,39,1:47.597,1 Lap,,1,4,4
2021,19_VIRginia International Raceway,VIRginia International Raceway,virginia-international-raceway,2021-10-09,202110091210_Race,57,56,17,44,1:46.541,1 Lap,,1,4,4
2021,19_VIRginia International Raceway,VIRginia International Raceway,virginia-international-raceway,2021-10-09,202110091210_Race,58,58,1,4,1:41.620,,,,4,4
2021,19_VIRginia International Raceway,VIRginia International Raceway,virginia-international-raceway,2021-10-09,202110091210_Race,58,58,2,3,1:41.754,0.965,0.965,,4,4
2021,19_VIRginia International Raceway,VIRginia International Raceway,virginia-international-raceway,2021-10-09,202110091210_Race,58,58,3,79,1:41.329,2.359,2.359,,4,4
2021,19_VIRginia International Raceway,VIRginia International Raceway,virginia-international-raceway,2021-10-09,202110091210_Race,58,56,4,32,1:47.624,2 Laps,,2,4,4
2021,19_VIRginia International Raceway,VIRginia International Raceway,virginia-international-raceway,2021-10-09,202110091210_Race,58,56,5,19,1:46.186,2 Laps,,2,4,4
2021,19_VIRginia International Raceway,VIRginia International Raceway,virginia-international-raceway,2021-10-09,202110091210_Race,58,55,6,12,1:45.917,3 Laps,,3,4,4
2021,19_VIRginia International Raceway,VIRginia International Raceway,virginia-international-raceway,2021-10-09,202110091210_Race,58,57,7,9,1:45.336,1 Lap,,1,4,4
2021,19_VIRginia International Raceway,VIRginia International Raceway,virginia-international-raceway,2021-10-09,202110091210_Race,58,57,8,96,1:45.525,1 Lap,,1,4,4
2021,19_VIRginia International Raceway,VIRginia International Raceway,virginia-international-raceway,2021-10-09,202110091210_Race,58,57,9,1,1:45.438,1 Lap,,1,4,4
2021,19_VIRginia International Raceway,VIRginia International Raceway,virginia-international-raceway,2021-10-09,202110091210_Race,58,57,10,14,1:46.210,1 Lap,,1,4,4
2021,19_VIRginia International Raceway,VIRginia International Raceway,virginia-international-raceway,2021-10-09,202110091210_Race,58,57,11,23,1:46.330,1 Lap,,1,4,4
2021,19_VIRginia International Raceway,VIRginia International Raceway,virginia-international-raceway,2021-10-09,202110091210_Race,58,57,12,16,1:46.088,1 Lap,,1,4,4
2021,19_VIRginia International Raceway,VIRginia International Raceway,virginia-international-raceway,2021-10-09,202110091210_Race,58,57,13,88,1:47.112,1 Lap,,1,4,4
2021,19_VIRginia International Raceway,VIRginia International Raceway,virginia-international-raceway,2021-10-09,202110091210_Race,58,57,14,28,1:51.857,1 Lap,,1,4,4
2021,19_VIRginia International Raceway,VIRginia International Raceway,virginia-international-raceway,2021-10-09,202110091210_Race,58,57,15,27,1:53.820,1 Lap,,1,4,4
2021,19_VIRginia International Raceway,VIRginia International Raceway,virginia-international-raceway,2021-10-09,202110091210_Race,58,57,16,39,1:46.033,1 Lap,,1,4,5
2021,19_VIRginia International Raceway,VIRginia International Raceway,virginia-international-raceway,2021-10-09,202110091210_Race,58,57,17,44,1:46.650,1 Lap,,1,4,5
2021,19_VIRginia International Raceway,VIRginia International Raceway,virginia-international-raceway,2021-10-09,202110091210_Race,59,59,1,4,1:41.631,,,,4,5
2021,19_VIRginia International Raceway,VIRginia International Raceway,virginia-international-raceway,2021-10-09,202110091210_Race,59,59,2,3,1:41.807,1.141,1.141,,4,5
2021,19_VIRginia International Raceway,VIRginia International Raceway,virginia-international-raceway,2021-10-09,202110091210_Race,59,59,3,79,1:41.014,1.742,1.742,,4,5
2021,19_VIRginia International Raceway,VIRginia International Raceway,virginia-international-raceway,2021-10-09,202110091210_Race,59,57,4,32,1:47.277,2 Laps,,2,4,5
2021,19_VIRginia International Raceway,VIRginia International Raceway,virginia-international-raceway,2021-10-09,202110091210_Race,59,57,5,19,1:45.632,2 Laps,,2,4,5
2021,19_VIRginia International Raceway,VIRginia International Raceway,virginia-international-raceway,2021-10-09,202110091210_Race,59,56,6,12,1:46.601,3 Laps,,3,4,5
2021,19_VIRginia International Raceway,VIRginia International Raceway,virginia-international-raceway,2021-10-09,202110091210_Race,59,58,7,9,1:45.425,1 Lap,,1,4,5
2021,19_VIRginia International Raceway,VIRginia International Raceway,virginia-international-raceway,2021-10-09,202110091210_Race,59,58,8,96,1:45.315,1 Lap,,1,4,5
2021,19_VIRginia International Raceway,VIRginia International Raceway,virginia-international-raceway,2021-10-09,202110091210_Race,59,58,9,1,1:45.109,1 Lap,,1,4,5
2021,19_VIRginia International Raceway,VIRginia International Raceway,virginia-international-raceway,2021-10-09,202110091210_Race,59,58,10,14,1:46.290,1 Lap,,1,4,5
2021,19_VIRginia International Raceway,VIRginia International Raceway,virginia-international-raceway,2021-10-09,202110091210_Race,59,58,11,23,1:46.262,1 Lap,,1,4,5
2021,19_VIRginia International Raceway,VIRginia International Raceway,virginia-international-raceway,2021-10-09,202110091210_Race,59,58,12,16,1:46.150,1 Lap,,1,4,5
2021,19_VIRginia International Raceway,VIRginia International Raceway,virginia-international-raceway,2021-10-09,202110091210_Race,59,58,13,88,2:17.140,1 Lap,,1,4,5
2021,19_VIRginia International Raceway,VIRginia International Raceway,virginia-international-raceway,2021-10-09,202110091210_Race,59,58,14,28,1:46.179,1 Lap,,1,4,5
2021,19_VIRginia International Raceway,VIRginia International Raceway,virginia-international-raceway,2021-10-09,202110091210_Race,59,58,15,27,1:45.580,1 Lap,,1,4,5
2021,19_VIRginia International Raceway,VIRginia International Raceway,virginia-international-raceway,2021-10-09,202110091210_Race,59,58,16,39,1:45.820,1 Lap,,1,4,5
2021,19_VIRginia International Raceway,VIRginia International Raceway,virginia-international-raceway,2021-10-09,202110091210_Race,60,60,1,4,1:41.218,,,,4,5
2021,19_VIRginia International Raceway,VIRginia International Raceway,virginia-international-raceway,2021-10-09,202110091210_Race,60,60,2,3,1:42.753,2.676,2.676,,4,5
2021,19_VIRginia International Raceway,VIRginia International Raceway,virginia-international-raceway,2021-10-09,202110091210_Race,60,60,3,79,1:42.361,2.885,2.885,,4,5
2021,19_VIRginia International Raceway,VIRginia International Raceway,virginia-international-raceway,2021-10-09,202110091210_Race,60,58,4,44,1:47.651,2 Laps,,2,4,5
2021,19_VIRginia International Raceway,VIRginia International Raceway,virginia-international-raceway,2021-10-09,202110091210_Race,60,58,5,32,1:47.427,2 Laps,,2,4,5
2021,19_VIRginia International Raceway,VIRginia International Raceway,virginia-international-raceway,2021-10-09,202110091210_Race,60,58,6,19,1:47.134,2 Laps,,2,4,5
2021,19_VIRginia International Raceway,VIRginia International Raceway,virginia-international-raceway,2021-10-09,202110091210_Race,60,57,7,12,1:46.631,3 Laps,,3,4,5
2021,19_VIRginia International Raceway,VIRginia International Raceway,virginia-international-raceway,2021-10-09,202110091210_Race,60,59,8,9,1:45.563,1 Lap,,1,4,5
2021,19_VIRginia International Raceway,VIRginia International Raceway,virginia-international-raceway,2021-10-09,202110091210_Race,60,59,9,96,1:46.031,1 Lap,,1,4,5
2021,19_VIRginia International Raceway,VIRginia International Raceway,virginia-international-raceway,2021-10-09,202110091210_Race,60,59,10,1,1:45.789,1 Lap,,1,4,5
2021,19_VIRginia International Raceway,VIRginia International Raceway,virginia-international-raceway,2021-10-09,202110091210_Race,60,59,11,14,1:45.917,1 Lap,,1,4,5
2021,19_VIRginia International Raceway,VIRginia International Raceway,virginia-international-raceway,2021-10-09,202110091210_Race,60,59,12,23,1:46.168,1 Lap,,1,4,5
2021,19_VIRginia International Raceway,VIRginia International Raceway,virginia-international-raceway,2021-10-09,202110091210_Race,60,59,13,16,1:45.861,1 Lap,,1,4,5
2021,19_VIRginia International Raceway,VIRginia International Raceway,virginia-international-raceway,2021-10-09,202110091210_Race,60,59,14,28,1:46.269,1 Lap,,1,4,5
2021,19_VIRginia International Raceway,VIRginia International Raceway,virginia-international-raceway,2021-10-09,202110091210_Race,60,59,15,88,1:53.075,1 Lap,,1,4,5
2021,19_VIRginia International Raceway,VIRginia International Raceway,virginia-international-raceway,2021-10-09,202110091210_Race,61,61,1,4,1:41.301,,,,4,5
2021,19_VIRginia International Raceway,VIRginia International Raceway,virginia-international-raceway,2021-10-09,202110091210_Race,61,59,2,27,1:46.177,2 Laps,,2,4,5
2021,19_VIRginia International Raceway,VIRginia International Raceway,virginia-international-raceway,2021-10-09,202110091210_Race,61,59,3,39,1:45.832,2 Laps,,2,4,5
2021,19_VIRginia International Raceway,VIRginia International Raceway,virginia-international-raceway,2021-10-09,202110091210_Race,61,61,4,79,1:40.920,2.504,2.504,,4,5
2021,19_VIRginia International Raceway,VIRginia International Raceway,virginia-international-raceway,2021-10-09,202110091210_Race,61,59,5,44,1:47.385,2 Laps,,2,4,5
2021,19_VIRginia International Raceway,VIRginia International Raceway,virginia-international-raceway,2021-10-09,202110091210_Race,61,59,6,32,1:47.179,2 Laps,,2,4,5
2021,19_VIRginia International Raceway,VIRginia International Raceway,virginia-international-raceway,2021-10-09,202110091210_Race,61,59,7,19,1:47.210,2 Laps,,2,4,5
2021,19_VIRginia International Raceway,VIRginia International Raceway,virginia-international-raceway,2021-10-09,202110091210_Race,61,61,8,3,2:17.927,39.302,39.302,,4,5
2021,19_VIRginia International Raceway,VIRginia International Raceway,virginia-international-raceway,2021-10-09,202110091210_Race,61,58,9,12,1:46.500,3 Laps,,3,4,5
2021,19_VIRginia International Raceway,VIRginia International Raceway,virginia-international-raceway,2021-10-09,202110091210_Race,61,60,10,9,1:45.543,1 Lap,,1,4,5
2021,19_VIRginia International Raceway,VIRginia International Raceway,virginia-international-raceway,2021-10-09,202110091210_Race,61,60,11,96,1:45.550,1 Lap,,1,4,5
2021,19_VIRginia International Raceway,VIRginia International Raceway,virginia-international-raceway,2021-10-09,202110091210_Race,61,60,12,1,1:45.635,1 Lap,,1,4,5
2021,19_VIRginia International Raceway,VIRginia International Raceway,virginia-international-raceway,2021-10-09,202110091210_Race,61,60,13,14,1:45.918,1 Lap,,1,4,5
2021,19_VIRginia International Raceway,VIRginia International Raceway,virginia-international-raceway,2021-10-09,202110091210_Race,61,60,14,23,1:45.966,1 Lap,,1,4,5
2021,19_VIRginia International Raceway,VIRginia International Raceway,virginia-international-raceway,2021-10-09,202110091210_Race,61,60,15,16,1:46.234,1 Lap,,1,4,5
2021,19_VIRginia International Raceway,VIRginia International Raceway,virginia-international-raceway,2021-10-09,202110091210_Race,61,60,16,28,1:47.063,1 Lap,,1,4,5
2021,19_VIRginia International Raceway,VIRginia International Raceway,virginia-international-raceway,2021-10-09,202110091210_Race,62,62,1,4,1:41.704,,,,4,5
2021,19_VIRginia International Raceway,VIRginia International Raceway,virginia-international-raceway,2021-10-09,202110091210_Race,62,60,2,27,1:47.157,2 Laps,,2,4,5
2021,19_VIRginia International Raceway,VIRginia International Raceway,virginia-international-raceway,2021-10-09,202110091210_Race,62,62,3,79,1:46.041,6.841,6.841,,5,1
2021,19_VIRginia International Raceway,VIRginia International Raceway,virginia-international-raceway,2021-10-09,202110091210_Race,62,60,4,88,1:48.876,2 Laps,,2,5,1
2021,19_VIRginia International Raceway,VIRginia International Raceway,virginia-international-raceway,2021-10-09,202110091210_Race,62,60,5,39,1:47.603,2 Laps,,2,5,1
2021,19_VIRginia International Raceway,VIRginia International Raceway,virginia-international-raceway,2021-10-09,202110091210_Race,62,60,6,44,1:47.461,2 Laps,,2,5,1
2021,19_VIRginia International Raceway,VIRginia International Raceway,virginia-international-raceway,2021-10-09,202110091210_Race,62,60,7,19,1:46.490,2 Laps,,2,5,1
2021,19_VIRginia International Raceway,VIRginia International Raceway,virginia-international-raceway,2021-10-09,202110091210_Race,62,60,8,32,1:48.175,2 Laps,,2,5,1
2021,19_VIRginia International Raceway,VIRginia International Raceway,virginia-international-raceway,2021-10-09,202110091210_Race,62,59,9,12,1:46.697,3 Laps,,3,5,1
2021,19_VIRginia International Raceway,VIRginia International Raceway,virginia-international-raceway,2021-10-09,202110091210_Race,62,62,10,3,1:51.295,48.893,48.893,,5,1
2021,19_VIRginia International Raceway,VIRginia International Raceway,virginia-international-raceway,2021-10-09,202110091210_Race,62,61,11,9,1:45.879,1 Lap,,1,5,1
2021,19_VIRginia International Raceway,VIRginia International Raceway,virginia-international-raceway,2021-10-09,202110091210_Race,62,61,12,96,1:45.782,1 Lap,,1,5,1
2021,19_VIRginia International Raceway,VIRginia International Raceway,virginia-international-raceway,2021-10-09,202110091210_Race,62,61,13,1,1:45.536,1 Lap,,1,5,1
2021,19_VIRginia International Raceway,VIRginia International Raceway,virginia-international-raceway,2021-10-09,202110091210_Race,62,61,14,14,1:46.011,1 Lap,,1,5,1
2021,19_VIRginia International Raceway,VIRginia International Raceway,virginia-international-raceway,2021-10-09,202110091210_Race,62,61,15,23,1:45.770,1 Lap,,1,5,1
2021,19_VIRginia International Raceway,VIRginia International Raceway,virginia-international-raceway,2021-10-09,202110091210_Race,62,61,16,16,1:46.380,1 Lap,,1,5,1
2021,19_VIRginia International Raceway,VIRginia International Raceway,virginia-international-raceway,2021-10-09,202110091210_Race,63,63,1,4,1:41.737,,,,5,1
2021,19_VIRginia International Raceway,VIRginia International Raceway,virginia-international-raceway,2021-10-09,202110091210_Race,63,61,2,28,1:46.707,2 Laps,,2,5,1
2021,19_VIRginia International Raceway,VIRginia International Raceway,virginia-international-raceway,2021-10-09,202110091210_Race,63,63,3,79,1:42.109,7.213,7.213,,5,1
2021,19_VIRginia International Raceway,VIRginia International Raceway,virginia-international-raceway,2021-10-09,202110091210_Race,63,61,4,27,1:46.723,2 Laps,,2,5,1
2021,19_VIRginia International Raceway,VIRginia International Raceway,virginia-international-raceway,2021-10-09,202110091210_Race,63,61,5,88,1:46.992,2 Laps,,2,5,1
2021,19_VIRginia International Raceway,VIRginia International Raceway,virginia-international-raceway,2021-10-09,202110091210_Race,63,61,6,39,1:46.866,2 Laps,,2,5,1
2021,19_VIRginia International Raceway,VIRginia International Raceway,virginia-international-raceway,2021-10-09,202110091210_Race,63,61,7,44,1:48.012,2 Laps,,2,5,1
2021,19_VIRginia International Raceway,VIRginia International Raceway,virginia-international-raceway,2021-10-09,202110091210_Race,63,61,8,19,1:45.245,2 Laps,,2,5,1
2021,19_VIRginia International Raceway,VIRginia International Raceway,virginia-international-raceway,2021-10-09,202110091210_Race,63,61,9,32,1:47.490,2 Laps,,2,5,1
2021,19_VIRginia International Raceway,VIRginia International Raceway,virginia-international-raceway,2021-10-09,202110091210_Race,63,63,10,3,1:42.547,49.703,49.703,,5,1
2021,19_VIRginia International Raceway,VIRginia International Raceway,virginia-international-raceway,2021-10-09,202110091210_Race,63,60,11,12,1:47.239,3 Laps,,3,5,1
2021,19_VIRginia International Raceway,VIRginia International Raceway,virginia-international-raceway,2021-10-09,202110091210_Race,63,62,12,9,1:45.634,1 Lap,,1,5,1
2021,19_VIRginia International Raceway,VIRginia International Raceway,virginia-international-raceway,2021-10-09,202110091210_Race,63,62,13,96,1:45.379,1 Lap,,1,5,1
2021,19_VIRginia International Raceway,VIRginia International Raceway,virginia-international-raceway,2021-10-09,202110091210_Race,63,62,14,1,1:45.694,1 Lap,,1,5,1
2021,19_VIRginia International Raceway,VIRginia International Raceway,virginia-international-raceway,2021-10-09,202110091210_Race,63,62,15,14,1:46.560,1 Lap,,1,5,1
2021,19_VIRginia International Raceway,VIRginia International Raceway,virginia-international-raceway,2021-10-09,202110091210_Race,63,62,16,23,1:46.354,1 Lap,,1,5,1
2021,19_VIRginia International Raceway,VIRginia International Raceway,virginia-international-raceway,2021-10-09,202110091210_Race,63,62,17,16,1:46.392,1 Lap,,1,5,1
2021,19_VIRginia International Raceway,VIRginia International Raceway,virginia-international-raceway,2021-10-09,202110091210_Race,64,64,1,4,1:41.915,,,,5,1
2021,19_VIRginia International Raceway,VIRginia International Raceway,virginia-international-raceway,2021-10-09,202110091210_Race,64,64,2,79,1:41.344,6.642,6.642,,5,1
2021,19_VIRginia International Raceway,VIRginia International Raceway,virginia-international-raceway,2021-10-09,202110091210_Race,64,62,3,28,1:46.997,2 Laps,,2,5,1
2021,19_VIRginia International Raceway,VIRginia International Raceway,virginia-international-raceway,2021-10-09,202110091210_Race,64,62,4,27,1:45.927,2 Laps,,2,5,1
2021,19_VIRginia International Raceway,VIRginia International Raceway,virginia-international-raceway,2021-10-09,202110091210_Race,64,62,5,88,1:46.576,2 Laps,,2,5,1
2021,19_VIRginia International Raceway,VIRginia International Raceway,virginia-international-raceway,2021-10-09,202110091210_Race,64,62,6,39,1:46.457,2 Laps,,2,5,1
2021,19_VIRginia International Raceway,VIRginia International Raceway,virginia-international-raceway,2021-10-09,202110091210_Race,64,62,7,44,1:47.522,2 Laps,,2,5,1
2021,19_VIRginia International Raceway,VIRginia International Raceway,virginia-international-raceway,2021-10-09,202110091210_Race,64,62,8,19,1:45.685,2 Laps,,2,5,1
2021,19_VIRginia International Raceway,VIRginia International Raceway,virginia-international-raceway,2021-10-09,202110091210_Race,64,62,9,32,1:47.405,2 Laps,,2,5,1
2021,19_VIRginia International Raceway,VIRginia International Raceway,virginia-international-raceway,2021-10-09,202110091210_Race,64,64,10,3,1:41.487,49.275,49.275,,5,1
2021,19_VIRginia International Raceway,VIRginia International Raceway,virginia-international-raceway,2021-10-09,202110091210_Race,64,61,11,12,1:46.417,3 Laps,,3,5,1
2021,19_VIRginia International Raceway,VIRginia International Raceway,virginia-international-raceway,2021-10-09,202110091210_Race,64,63,12,9,1:45.678,1 Lap,,1,5,1
2021,19_VIRginia International Raceway,VIRginia International Raceway,virginia-international-raceway,2021-10-09,202110091210_Race,64,63,13,96,1:45.563,1 Lap,,1,5,1
2021,19_VIRginia International Raceway,VIRginia International Raceway,virginia-international-raceway,2021-10-09,202110091210_Race,64,63,14,1,1:45.754,1 Lap,,1,5,1
2021,19_VIRginia International Raceway,VIRginia International Raceway,virginia-international-raceway,2021-10-09,202110091210_Race,64,63,15,14,1:46.278,1 Lap,,1,5,1
2021,19_VIRginia International Raceway,VIRginia International Raceway,virginia-international-raceway,2021-10-09,202110091210_Race,64,63,16,23,1:46.237,1 Lap,,1,5,1
2021,19_VIRginia International Raceway,VIRginia International Raceway,virginia-international-raceway,2021-10-09,202110091210_Race,64,63,17,16,1:46.151,1 Lap,,1,5,1
2021,19_VIRginia International Raceway,VIRginia International Raceway,virginia-international-raceway,2021-10-09,202110091210_Race,64,63,18,28,1:46.544,1 Lap,,1,5,1
2021,19_VIRginia International Raceway,VIRginia International Raceway,virginia-international-raceway,2021-10-09,202110091210_Race,64,63,19,27,1:45.661,1 Lap,,1,5,1
2021,19_VIRginia International Raceway,VIRginia International Raceway,virginia-international-raceway,2021-10-09,202110091210_Race,64,63,20,39,1:46.449,1 Lap,,1,5,1
2021,19_VIRginia International Raceway,VIRginia International Raceway,virginia-international-raceway,2021-10-09,202110091210_Race,64,63,21,88,1:48.174,1 Lap,,1,5,1
2021,19_VIRginia International Raceway,VIRginia International Raceway,virginia-international-raceway,2021-10-09,202110091210_Race,65,65,1,79,2:07.494,,,,5,1
2021,19_VIRginia International Raceway,VIRginia International Raceway,virginia-international-raceway,2021-10-09,202110091210_Race,65,65,2,4,2:16.928,2.792,2.792,,5,2
2021,19_VIRginia International Raceway,VIRginia International Raceway,virginia-international-raceway,2021-10-09,202110091210_Race,65,63,3,44,1:48.152,2 Laps,,2,5,2
2021,19_VIRginia International Raceway,VIRginia International Raceway,virginia-international-raceway,2021-10-09,202110091210_Race,65,63,4,19,1:45.006,2 Laps,,2,5,2
2021,19_VIRginia International Raceway,VIRginia International Raceway,virginia-international-raceway,2021-10-09,202110091210_Race,65,63,5,32,1:47.296,2 Laps,,2,5,2
2021,19_VIRginia International Raceway,VIRginia International Raceway,virginia-international-raceway,2021-10-09,202110091210_Race,65,65,6,3,1:41.056,16.195,16.195,,5,2
2021,19_VIRginia International Raceway,VIRginia International Raceway,virginia-international-raceway,2021-10-09,202110091210_Race,65,62,7,12,1:46.574,3 Laps,,3,5,2
2021,19_VIRginia International Raceway,VIRginia International Raceway,virginia-international-raceway,2021-10-09,202110091210_Race,65,64,8,9,1:45.715,1 Lap,,1,5,2
2021,19_VIRginia International Raceway,VIRginia International Raceway,virginia-international-raceway,2021-10-09,202110091210_Race,65,64,9,96,1:45.651,1 Lap,,1,5,2
2021,19_VIRginia International Raceway,VIRginia International Raceway,virginia-international-raceway,2021-10-09,202110091210_Race,65,64,10,1,1:45.494,1 Lap,,1,5,2
2021,19_VIRginia International Raceway,VIRginia International Raceway,virginia-international-raceway,2021-10-09,202110091210_Race,65,64,11,14,1:46.232,1 Lap,,1,5,2
2021,19_VIRginia International Raceway,VIRginia International Raceway,virginia-international-raceway,2021-10-09,202110091210_Race,65,64,12,23,1:46.419,1 Lap,,1,5,2
2021,19_VIRginia International Raceway,VIRginia International Raceway,virginia-international-raceway,2021-10-09,202110091210_Race,65,64,13,16,1:45.914,1 Lap,,1,5,2
2021,19_VIRginia International Raceway,VIRginia International Raceway,virginia-international-raceway,2021-10-09,202110091210_Race,65,64,14,28,1:46.292,1 Lap,,1,5,2
2021,19_VIRginia International Raceway,VIRginia International Raceway,virginia-international-raceway,2021-10-09,202110091210_Race,65,64,15,27,1:45.345,1 Lap,,1,5,2
2021,19_VIRginia International Raceway,VIRginia International Raceway,virginia-international-raceway,2021-10-09,202110091210_Race,65,64,16,39,1:45.338,1 Lap,,1,5,2
2021,19_VIRginia International Raceway,VIRginia International Raceway,virginia-international-raceway,2021-10-09,202110091210_Race,65,64,17,88,1:47.076,1 Lap,,1,5,2
2021,19_VIRginia International Raceway,VIRginia International Raceway,virginia-international-raceway,2021-10-09,202110091210_Race,65,64,18,44,1:46.889,1 Lap,,1,5,2
2021,19_VIRginia International Raceway,VIRginia International Raceway,virginia-international-raceway,2021-10-09,202110091210_Race,65,64,19,19,1:45.368,1 Lap,,1,5,2
2021,19_VIRginia International Raceway,VIRginia International Raceway,virginia-international-raceway,2021-10-09,202110091210_Race,66,66,1,4,1:51.386,,,,5,2
2021,19_VIRginia International Raceway,VIRginia International Raceway,virginia-international-raceway,2021-10-09,202110091210_Race,66,66,2,3,1:41.410,3.427,3.427,,5,2
2021,19_VIRginia International Raceway,VIRginia International Raceway,virginia-international-raceway,2021-10-09,202110091210_Race,66,64,3,32,1:47.499,2 Laps,,2,5,2
2021,19_VIRginia International Raceway,VIRginia International Raceway,virginia-international-raceway,2021-10-09,202110091210_Race,66,63,4,12,1:47.255,3 Laps,,3,5,2
2021,19_VIRginia International Raceway,VIRginia International Raceway,virginia-international-raceway,2021-10-09,202110091210_Race,66,65,5,9,1:45.700,1 Lap,,1,5,2
2021,19_VIRginia International Raceway,VIRginia International Raceway,virginia-international-raceway,2021-10-09,202110091210_Race,66,65,6,96,1:45.713,1 Lap,,1,5,2
2021,19_VIRginia International Raceway,VIRginia International Raceway,virginia-international-raceway,2021-10-09,202110091210_Race,66,65,7,1,1:45.669,1 Lap,,1,5,2
2021,19_VIRginia International Raceway,VIRginia International Raceway,virginia-international-raceway,2021-10-09,202110091210_Race,66,66,8,79,2:21.929,27.751,27.751,,5,2
2021,19_VIRginia International Raceway,VIRginia International Raceway,virginia-international-raceway,2021-10-09,202110091210_Race,66,65,9,14,1:46.191,1 Lap,,1,5,2
2021,19_VIRginia International Raceway,VIRginia International Raceway,virginia-international-raceway,2021-10-09,202110091210_Race,66,65,10,23,1:46.053,1 Lap,,1,5,2
2021,19_VIRginia International Raceway,VIRginia International Raceway,virginia-international-raceway,2021-10-09,202110091210_Race,66,65,11,16,1:45.928,1 Lap,,1,5,2
2021,19_VIRginia International Raceway,VIRginia International Raceway,virginia-international-raceway,2021-10-09,202110091210_Race,66,65,12,28,1:46.454,1 Lap,,1,5,2
2021,19_VIRginia International Raceway,VIRginia International Raceway,virginia-international-raceway,2021-10-09,202110091210_Race,66,65,13,27,1:45.644,1 Lap,,1,5,2
2021,19_VIRginia International Raceway,VIRginia International Raceway,virginia-international-raceway,2021-10-09,202110091210_Race,66,65,14,39,1:45.822,1 Lap,,1,5,2
2021,19_VIRginia International Raceway,VIRginia International Raceway,virginia-international-raceway,2021-10-09,202110091210_Race,66,65,15,88,1:46.884,1 Lap,,1,5,2
2021,19_VIRginia International Raceway,VIRginia International Raceway,virginia-international-raceway,2021-10-09,202110091210_Race,67,67,1,4,1:43.663,,,,5,2
2021,19_VIRginia International Raceway,VIRginia International Raceway,virginia-international-raceway,2021-10-09,202110091210_Race,67,65,2,44,1:47.579,2 Laps,,2,5,2
2021,19_VIRginia International Raceway,VIRginia International Raceway,virginia-international-raceway,2021-10-09,202110091210_Race,67,65,3,19,1:46.308,2 Laps,,2,5,2
2021,19_VIRginia International Raceway,VIRginia International Raceway,virginia-international-raceway,2021-10-09,202110091210_Race,67,67,4,3,1:41.595,1.359,1.359,,5,2
2021,19_VIRginia International Raceway,VIRginia International Raceway,virginia-international-raceway,2021-10-09,202110091210_Race,67,65,5,32,1:47.433,2 Laps,,2,5,2
2021,19_VIRginia International Raceway,VIRginia International Raceway,virginia-international-raceway,2021-10-09,202110091210_Race,67,64,6,12,1:46.863,3 Laps,,3,5,2
2021,19_VIRginia International Raceway,VIRginia International Raceway,virginia-international-raceway,2021-10-09,202110091210_Race,67,66,7,9,1:45.554,1 Lap,,1,5,2
2021,19_VIRginia International Raceway,VIRginia International Raceway,virginia-international-raceway,2021-10-09,202110091210_Race,67,66,8,96,1:45.586,1 Lap,,1,5,2
2021,19_VIRginia International Raceway,VIRginia International Raceway,virginia-international-raceway,2021-10-09,202110091210_Race,67,66,9,1,1:45.980,1 Lap,,1,5,2
2021,19_VIRginia International Raceway,VIRginia International Raceway,virginia-international-raceway,2021-10-09,202110091210_Race,67,67,10,79,1:50.405,34.493,34.493,,5,2
2021,19_VIRginia International Raceway,VIRginia International Raceway,virginia-international-raceway,2021-10-09,202110091210_Race,67,66,11,14,1:46.362,1 Lap,,1,5,2
2021,19_VIRginia International Raceway,VIRginia International Raceway,virginia-international-raceway,2021-10-09,202110091210_Race,67,66,12,23,1:46.359,1 Lap,,1,5,2
2021,19_VIRginia International Raceway,VIRginia International Raceway,virginia-international-raceway,2021-10-09,202110091210_Race,67,66,13,16,1:46.469,1 Lap,,1,5,2
2021,19_VIRginia International Raceway,VIRginia International Raceway,virginia-international-raceway,2021-10-09,202110091210_Race,67,66,14,28,1:46.179,1 Lap,,1,5,2
2021,19_VIRginia International Raceway,VIRginia International Raceway,virginia-international-raceway,2021-10-09,202110091210_Race,67,66,15,27,1:45.349,1 Lap,,1,5,2
2021,19_VIRginia International Raceway,VIRginia International Raceway,virginia-international-raceway,2021-10-09,202110091210_Race,67,66,16,39,1:45.888,1 Lap,,1,5,2
2021,19_VIRginia International Raceway,VIRginia International Raceway,virginia-international-raceway,2021-10-09,202110091210_Race,67,66,17,88,1:46.600,1 Lap,,1,5,2
2021,19_VIRginia International Raceway,VIRginia International Raceway,virginia-international-raceway,2021-10-09,202110091210_Race,68,68,1,4,1:42.857,,,,5,2
2021,19_VIRginia International Raceway,VIRginia International Raceway,virginia-international-raceway,2021-10-09,202110091210_Race,68,68,2,3,1:43.245,1.747,1.747,,5,2
2021,19_VIRginia International Raceway,VIRginia International Raceway,virginia-international-raceway,2021-10-09,202110091210_Race,68,66,3,44,1:47.824,2 Laps,,2,5,2
2021,19_VIRginia International Raceway,VIRginia International Raceway,virginia-international-raceway,2021-10-09,202110091210_Race,68,66,4,19,1:47.331,2 Laps,,2,5,3
2021,19_VIRginia International Raceway,VIRginia International Raceway,virginia-international-raceway,2021-10-09,202110091210_Race,68,66,5,32,1:47.477,2 Laps,,2,5,3
2021,19_VIRginia International Raceway,VIRginia International Raceway,virginia-international-raceway,2021-10-09,202110091210_Race,68,67,6,9,1:45.580,1 Lap,,1,5,3
2021,19_VIRginia International Raceway,VIRginia International Raceway,virginia-international-raceway,2021-10-09,202110091210_Race,68,67,7,96,1:45.626,1 Lap,,1,5,3
2021,19_VIRginia International Raceway,VIRginia International Raceway,virginia-international-raceway,2021-10-09,202110091210_Race,68,67,8,1,1:46.107,1 Lap,,1,5,3
2021,19_VIRginia International Raceway,VIRginia International Raceway,virginia-international-raceway,2021-10-09,202110091210_Race,68,68,9,79,1:44.039,35.675,35.675,,5,3
2021,19_VIRginia International Raceway,VIRginia International Raceway,virginia-international-raceway,2021-10-09,202110091210_Race,68,67,10,14,1:46.347,1 Lap,,1,5,3
2021,19_VIRginia International Raceway,VIRginia International Raceway,virginia-international-raceway,2021-10-09,202110091210_Race,68,67,11,23,1:46.504,1 Lap,,1,5,3
2021,19_VIRginia International Raceway,VIRginia International Raceway,virginia-international-raceway,2021-10-09,202110091210_Race,68,67,12,16,1:46.446,1 Lap,,1,5,3
2021,19_VIRginia International Raceway,VIRginia International Raceway,virginia-international-raceway,2021-10-09,202110091210_Race,68,65,13,12,2:21.474,3 Laps,,3,5,3
2021,19_VIRginia International Raceway,VIRginia International Raceway,virginia-international-raceway,2021-10-09,202110091210_Race,68,67,14,28,1:46.700,1 Lap,,1,5,3
2021,19_VIRginia International Raceway,VIRginia International Raceway,virginia-international-raceway,2021-10-09,202110091210_Race,68,67,15,27,1:45.867,1 Lap,,1,5,3
2021,19_VIRginia International Raceway,VIRginia International Raceway,virginia-international-raceway,2021-10-09,202110091210_Race,68,67,16,39,1:45.947,1 Lap,,1,5,3
2021,19_VIRginia International Raceway,VIRginia International Raceway,virginia-international-raceway,2021-10-09,202110091210_Race,68,67,17,88,1:46.827,1 Lap,,1,5,3
2021,19_VIRginia International Raceway,VIRginia International Raceway,virginia-international-raceway,2021-10-09,202110091210_Race,69,69,1,4,1:42.953,,,,5,3
2021,19_VIRginia International Raceway,VIRginia International Raceway,virginia-international-raceway,2021-10-09,202110091210_Race,69,69,2,3,1:42.300,1.094,1.094,,5,3
2021,19_VIRginia International Raceway,VIRginia International Raceway,virginia-international-raceway,2021-10-09,202110091210_Race,69,67,3,19,1:46.691,2 Laps,,2,5,3
2021,19_VIRginia International Raceway,VIRginia International Raceway,virginia-international-raceway,2021-10-09,202110091210_Race,69,67,4,44,1:48.325,2 Laps,,2,5,3
2021,19_VIRginia International Raceway,VIRginia International Raceway,virginia-international-raceway,2021-10-09,202110091210_Race,69,67,5,32,1:47.172,2 Laps,,2,5,3
2021,19_VIRginia International Raceway,VIRginia International Raceway,virginia-international-raceway,2021-10-09,202110091210_Race,69,68,6,9,1:46.148,1 Lap,,1,5,3
2021,19_VIRginia International Raceway,VIRginia International Raceway,virginia-international-raceway,2021-10-09,202110091210_Race,69,68,7,96,1:46.043,1 Lap,,1,5,3
2021,19_VIRginia International Raceway,VIRginia International Raceway,virginia-international-raceway,2021-10-09,202110091210_Race,69,68,8,1,1:45.965,1 Lap,,1,5,3
2021,19_VIRginia International Raceway,VIRginia International Raceway,virginia-international-raceway,2021-10-09,202110091210_Race,69,69,9,79,1:43.704,36.426,36.426,,5,3
2021,19_VIRginia International Raceway,VIRginia International Raceway,virginia-international-raceway,2021-10-09,202110091210_Race,69,68,10,14,1:46.470,1 Lap,,1,5,3
2021,19_VIRginia International Raceway,VIRginia International Raceway,virginia-international-raceway,2021-10-09,202110091210_Race,69,68,11,23,1:46.295,1 Lap,,1,5,3
2021,19_VIRginia International Raceway,VIRginia International Raceway,virginia-international-raceway,2021-10-09,202110091210_Race,69,68,12,16,1:46.499,1 Lap,,1,5,3
2021,19_VIRginia International Raceway,VIRginia International Raceway,virginia-international-raceway,2021-10-09,202110091210_Race,69,66,13,12,1:54.973,3 Laps,,3,5,3
2021,19_VIRginia International Raceway,VIRginia International Raceway,virginia-international-raceway,2021-10-09,202110091210_Race,69,68,14,28,1:46.366,1 Lap,,1,5,3
2021,19_VIRginia International Raceway,VIRginia International Raceway,virginia-international-raceway,2021-10-09,202110091210_Race,69,68,15,27,1:45.951,1 Lap,,1,5,3
2021,19_VIRginia International Raceway,VIRginia International Raceway,virginia-international-raceway,2021-10-09,202110091210_Race,69,68,16,39,1:45.772,1 Lap,,1,5,3
2021,19_VIRginia International Raceway,VIRginia International Raceway,virginia-international-raceway,2021-10-09,202110091210_Race,70,70,1,4,1:42.223,,,,5,3
2021,19_VIRginia International Raceway,VIRginia International Raceway,virginia-international-raceway,2021-10-09,202110091210_Race,70,70,2,3,1:42.316,1.187,1.187,,5,3
2021,19_VIRginia International Raceway,VIRginia International Raceway,virginia-international-raceway,2021-10-09,202110091210_Race,70,68,3,88,1:49.738,2 Laps,,2,5,3
2021,19_VIRginia International Raceway,VIRginia International Raceway,virginia-international-raceway,2021-10-09,202110091210_Race,70,68,4,19,1:45.745,2 Laps,,2,5,3
2021,19_VIRginia International Raceway,VIRginia International Raceway,virginia-international-raceway,2021-10-09,202110091210_Race,70,68,5,44,1:48.286,2 Laps,,2,5,3
2021,19_VIRginia International Raceway,VIRginia International Raceway,virginia-international-raceway,2021-10-09,202110091210_Race,70,68,6,32,1:47.665,2 Laps,,2,5,3
2021,19_VIRginia International Raceway,VIRginia International Raceway,virginia-international-raceway,2021-10-09,202110091210_Race,70,69,7,9,1:45.587,1 Lap,,1,5,3
2021,19_VIRginia International Raceway,VIRginia International Raceway,virginia-international-raceway,2021-10-09,202110091210_Race,70,70,8,79,1:43.204,37.407,37.407,,5,3
2021,19_VIRginia International Raceway,VIRginia International Raceway,virginia-international-raceway,2021-10-09,202110091210_Race,70,69,9,96,1:45.841,1 Lap,,1,5,3
2021,19_VIRginia International Raceway,VIRginia International Raceway,virginia-international-raceway,2021-10-09,202110091210_Race,70,69,10,1,1:46.591,1 Lap,,1,5,3
2021,19_VIRginia International Raceway,VIRginia International Raceway,virginia-international-raceway,2021-10-09,202110091210_Race,70,69,11,14,1:46.595,1 Lap,,1,5,3
2021,19_VIRginia International Raceway,VIRginia International Raceway,virginia-international-raceway,2021-10-09,202110091210_Race,70,69,12,23,1:46.580,1 Lap,,1,5,3
2021,19_VIRginia International Raceway,VIRginia International Raceway,virginia-international-raceway,2021-10-09,202110091210_Race,70,69,13,16,1:46.224,1 Lap,,1,5,3
2021,19_VIRginia International Raceway,VIRginia International Raceway,virginia-international-raceway,2021-10-09,202110091210_Race,70,67,14,12,1:46.423,3 Laps,,3,5,3
2021,19_VIRginia International Raceway,VIRginia International Raceway,virginia-international-raceway,2021-10-09,202110091210_Race,70,69,15,28,1:46.356,1 Lap,,1,5,3
2021,19_VIRginia International Raceway,VIRginia International Raceway,virginia-international-raceway,2021-10-09,202110091210_Race,70,69,16,27,1:46.117,1 Lap,,1,5,3
2021,19_VIRginia International Raceway,VIRginia International Raceway,virginia-international-raceway,2021-10-09,202110091210_Race,70,69,17,39,1:45.722,1 Lap,,1,5,3
2021,19_VIRginia International Raceway,VIRginia International Raceway,virginia-international-raceway,2021-10-09,202110091210_Race,71,71,1,4,1:42.222,,,,5,3
2021,19_VIRginia International Raceway,VIRginia International Raceway,virginia-international-raceway,2021-10-09,202110091210_Race,71,71,2,3,1:42.218,1.183,1.183,,5,3
2021,19_VIRginia International Raceway,VIRginia International Raceway,virginia-international-raceway,2021-10-09,202110091210_Race,71,69,3,88,1:47.408,2 Laps,,2,5,3
2021,19_VIRginia International Raceway,VIRginia International Raceway,virginia-international-raceway,2021-10-09,202110091210_Race,71,69,4,19,1:45.909,2 Laps,,2,5,3
2021,19_VIRginia International Raceway,VIRginia International Raceway,virginia-international-raceway,2021-10-09,202110091210_Race,71,69,5,44,1:47.988,2 Laps,,2,5,3
2021,19_VIRginia International Raceway,VIRginia International Raceway,virginia-international-raceway,2021-10-09,202110091210_Race,71,69,6,32,1:47.521,2 Laps,,2,5,3
2021,19_VIRginia International Raceway,VIRginia International Raceway,virginia-international-raceway,2021-10-09,202110091210_Race,71,71,7,79,1:44.110,39.295,39.295,,5,4
2021,19_VIRginia International Raceway,VIRginia International Raceway,virginia-international-raceway,2021-10-09,202110091210_Race,71,70,8,9,1:45.998,1 Lap,,1,5,4
2021,19_VIRginia International Raceway,VIRginia International Raceway,virginia-international-raceway,2021-10-09,202110091210_Race,71,70,9,96,1:46.274,1 Lap,,1,5,4
2021,19_VIRginia International Raceway,VIRginia International Raceway,virginia-international-raceway,2021-10-09,202110091210_Race,71,70,10,1,1:46.020,1 Lap,,1,5,4
2021,19_VIRginia International Raceway,VIRginia International Raceway,virginia-international-raceway,2021-10-09,202110091210_Race,71,70,11,14,1:46.458,1 Lap,,1,5,4
2021,19_VIRginia International Raceway,VIRginia International Raceway,virginia-international-raceway,2021-10-09,202110091210_Race,71,70,12,23,1:46.523,1 Lap,,1,5,4
2021,19_VIRginia International Raceway,VIRginia International Raceway,virginia-international-raceway,2021-10-09,202110091210_Race,71,70,13,16,1:47.077,1 Lap,,1,5,4
2021,19_VIRginia International Raceway,VIRginia International Raceway,virginia-international-raceway,2021-10-09,202110091210_Race,71,68,14,12,1:46.469,3 Laps,,3,5,4
2021,19_VIRginia International Raceway,VIRginia International Raceway,virginia-international-raceway,2021-10-09,202110091210_Race,71,70,15,28,1:46.686,1 Lap,,1,5,4
2021,19_VIRginia International Raceway,VIRginia International Raceway,virginia-international-raceway,2021-10-09,202110091210_Race,71,70,16,27,1:45.903,1 Lap,,1,5,4
2021,19_VIRginia International Raceway,VIRginia International Raceway,virginia-international-raceway,2021-10-09,202110091210_Race,72,72,1,4,1:41.929,,,,5,4
2021,19_VIRginia International Raceway,VIRginia International Raceway,virginia-international-raceway,2021-10-09,202110091210_Race,72,70,2,39,1:46.019,2 Laps,,2,5,4
2021,19_VIRginia International Raceway,VIRginia International Raceway,virginia-international-raceway,2021-10-09,202110091210_Race,72,72,3,3,1:42.097,1.351,1.351,,5,4
2021,19_VIRginia International Raceway,VIRginia International Raceway,virginia-international-raceway,2021-10-09,202110091210_Race,72,70,4,88,1:47.515,2 Laps,,2,5,4
2021,19_VIRginia International Raceway,VIRginia International Raceway,virginia-international-raceway,2021-10-09,202110091210_Race,72,70,5,19,1:45.852,2 Laps,,2,5,4
2021,19_VIRginia International Raceway,VIRginia International Raceway,virginia-international-raceway,2021-10-09,202110091210_Race,72,70,6,44,1:47.649,2 Laps,,2,5,4
2021,19_VIRginia International Raceway,VIRginia International Raceway,virginia-international-raceway,2021-10-09,202110091210_Race,72,70,7,32,1:47.646,2 Laps,,2,5,4
2021,19_VIRginia International Raceway,VIRginia International Raceway,virginia-international-raceway,2021-10-09,202110091210_Race,72,72,8,79,1:42.450,39.816,39.816,,5,4
2021,19_VIRginia International Raceway,VIRginia International Raceway,virginia-international-raceway,2021-10-09,202110091210_Race,72,71,9,9,1:45.432,1 Lap,,1,5,4
2021,19_VIRginia International Raceway,VIRginia International Raceway,virginia-international-raceway,2021-10-09,202110091210_Race,72,71,10,96,1:45.489,1 Lap,,1,5,4
2021,19_VIRginia International Raceway,VIRginia International Raceway,virginia-international-raceway,2021-10-09,202110091210_Race,72,71,11,14,1:46.339,1 Lap,,1,5,4
2021,19_VIRginia International Raceway,VIRginia International Raceway,virginia-international-raceway,2021-10-09,202110091210_Race,72,71,12,1,2:20.004,1 Lap,,1,5,4
2021,19_VIRginia International Raceway,VIRginia International Raceway,virginia-international-raceway,2021-10-09,202110091210_Race,72,71,13,16,2:14.034,1 Lap,,1,5,4
2021,19_VIRginia International Raceway,VIRginia International Raceway,virginia-international-raceway,2021-10-09,202110091210_Race,72,69,14,12,1:46.329,3 Laps,,3,5,4
2021,19_VIRginia International Raceway,VIRginia International Raceway,virginia-international-raceway,2021-10-09,202110091210_Race,72,71,15,23,2:20.642,1 Lap,,1,5,4
2021,19_VIRginia International Raceway,VIRginia International Raceway,virginia-international-raceway,2021-10-09,202110091210_Race,73,73,1,4,1:42.486,,,,5,4
2021,19_VIRginia International Raceway,VIRginia International Raceway,virginia-international-raceway,2021-10-09,202110091210_Race,73,71,2,28,1:46.578,2 Laps,,2,5,4
2021,19_VIRginia International Raceway,VIRginia International Raceway,virginia-international-raceway,2021-10-09,202110091210_Race,73,71,3,27,1:46.399,2 Laps,,2,5,4
2021,19_VIRginia International Raceway,VIRginia International Raceway,virginia-international-raceway,2021-10-09,202110091210_Race,73,73,4,3,1:42.772,1.637,1.637,,5,4
2021,19_VIRginia International Raceway,VIRginia International Raceway,virginia-international-raceway,2021-10-09,202110091210_Race,73,71,5,39,1:46.819,2 Laps,,2,5,4
2021,19_VIRginia International Raceway,VIRginia International Raceway,virginia-international-raceway,2021-10-09,202110091210_Race,73,71,6,88,1:47.525,2 Laps,,2,5,4
2021,19_VIRginia International Raceway,VIRginia International Raceway,virginia-international-raceway,2021-10-09,202110091210_Race,73,71,7,19,1:45.932,2 Laps,,2,5,4
2021,19_VIRginia International Raceway,VIRginia International Raceway,virginia-international-raceway,2021-10-09,202110091210_Race,73,71,8,44,1:47.801,2 Laps,,2,5,4
2021,19_VIRginia International Raceway,VIRginia International Raceway,virginia-international-raceway,2021-10-09,202110091210_Race,73,73,9,79,1:43.756,41.086,41.086,,5,4
2021,19_VIRginia International Raceway,VIRginia International Raceway,virginia-international-raceway,2021-10-09,202110091210_Race,73,71,10,32,1:47.939,2 Laps,,2,5,4
2021,19_VIRginia International Raceway,VIRginia International Raceway,virginia-international-raceway,2021-10-09,202110091210_Race,73,72,11,96,1:45.649,1 Lap,,1,5,4
2021,19_VIRginia International Raceway,VIRginia International Raceway,virginia-international-raceway,2021-10-09,202110091210_Race,73,72,12,9,2:21.206,1 Lap,,1,5,4
2021,19_VIRginia International Raceway,VIRginia International Raceway,virginia-international-raceway,2021-10-09,202110091210_Race,73,72,13,1,1:54.809,1 Lap,,1,5,4
2021,19_VIRginia International Raceway,VIRginia International Raceway,virginia-international-raceway,2021-10-09,202110091210_Race,73,70,14,12,1:48.746,3 Laps,,3,5,4
2021,19_VIRginia International Raceway,VIRginia International Raceway,virginia-international-raceway,2021-10-09,202110091210_Race,73,72,15,14,2:19.220,1 Lap,,1,5,4
2021,19_VIRginia International Raceway,VIRginia International Raceway,virginia-international-raceway,2021-10-09,202110091210_Race,73,72,16,16,1:51.191,1 Lap,,1,5,4
2021,19_VIRginia International Raceway,VIRginia International Raceway,virginia-international-raceway,2021-10-09,202110091210_Race,74,74,1,4,1:42.345,,,,5,4
2021,19_VIRginia International Raceway,VIRginia International Raceway,virginia-international-raceway,2021-10-09,202110091210_Race,74,72,2,23,1:51.901,2 Laps,,2,5,4
2021,19_VIRginia International Raceway,VIRginia International Raceway,virginia-international-raceway,2021-10-09,202110091210_Race,74,74,3,3,1:43.082,2.374,2.374,,5,4
2021,19_VIRginia International Raceway,VIRginia International Raceway,virginia-international-raceway,2021-10-09,202110091210_Race,74,72,4,28,1:47.656,2 Laps,,2,5,4
2021,19_VIRginia International Raceway,VIRginia International Raceway,virginia-international-raceway,2021-10-09,202110091210_Race,74,72,5,39,1:45.839,2 Laps,,2,5,4
2021,19_VIRginia International Raceway,VIRginia International Raceway,virginia-international-raceway,2021-10-09,202110091210_Race,74,72,6,27,1:53.094,2 Laps,,2,5,4
2021,19_VIRginia International Raceway,VIRginia International Raceway,virginia-international-raceway,2021-10-09,202110091210_Race,74,72,7,88,1:47.990,2 Laps,,2,5,4
2021,19_VIRginia International Raceway,VIRginia International Raceway,virginia-international-raceway,2021-10-09,202110091210_Race,74,72,8,19,1:45.481,2 Laps,,2,5,4
2021,19_VIRginia International Raceway,VIRginia International Raceway,virginia-international-raceway,2021-10-09,202110091210_Race,74,74,9,79,1:43.088,41.829,41.829,,5,4
2021,19_VIRginia International Raceway,VIRginia International Raceway,virginia-international-raceway,2021-10-09,202110091210_Race,74,72,10,32,1:47.601,2 Laps,,2,5,4
2021,19_VIRginia International Raceway,VIRginia International Raceway,virginia-international-raceway,2021-10-09,202110091210_Race,74,73,11,96,2:17.498,1 Lap,,1,5,4
2021,19_VIRginia International Raceway,VIRginia International Raceway,virginia-international-raceway,2021-10-09,202110091210_Race,74,73,12,9,1:56.363,1 Lap,,1,5,4
2021,19_VIRginia International Raceway,VIRginia International Raceway,virginia-international-raceway,2021-10-09,202110091210_Race,74,73,13,1,1:46.166,1 Lap,,1,5,5
2021,19_VIRginia International Raceway,VIRginia International Raceway,virginia-international-raceway,2021-10-09,202110091210_Race,74,71,14,12,1:46.680,3 Laps,,3,5,5
2021,19_VIRginia International Raceway,VIRginia International Raceway,virginia-international-raceway,2021-10-09,202110091210_Race,74,73,15,16,1:46.937,1 Lap,,1,5,5
2021,19_VIRginia International Raceway,VIRginia International Raceway,virginia-international-raceway,2021-10-09,202110091210_Race,75,75,1,4,1:43.711,,,,5,5
2021,19_VIRginia International Raceway,VIRginia International Raceway,virginia-international-raceway,2021-10-09,202110091210_Race,75,75,2,3,1:43.070,1.733,1.733,,5,5
2021,19_VIRginia International Raceway,VIRginia International Raceway,virginia-international-raceway,2021-10-09,202110091210_Race,75,73,3,14,1:53.985,2 Laps,,2,5,5
2021,19_VIRginia International Raceway,VIRginia International Raceway,virginia-international-raceway,2021-10-09,202110091210_Race,75,73,4,23,1:46.900,2 Laps,,2,5,5
2021,19_VIRginia International Raceway,VIRginia International Raceway,virginia-international-raceway,2021-10-09,202110091210_Race,75,73,5,28,1:46.915,2 Laps,,2,5,5
2021,19_VIRginia International Raceway,VIRginia International Raceway,virginia-international-raceway,2021-10-09,202110091210_Race,75,73,6,39,1:46.188,2 Laps,,2,5,5
2021,19_VIRginia International Raceway,VIRginia International Raceway,virginia-international-raceway,2021-10-09,202110091210_Race,75,73,7,27,1:46.140,2 Laps,,2,5,5
2021,19_VIRginia International Raceway,VIRginia International Raceway,virginia-international-raceway,2021-10-09,202110091210_Race,75,73,8,88,1:47.679,2 Laps,,2,5,5
2021,19_VIRginia International Raceway,VIRginia International Raceway,virginia-international-raceway,2021-10-09,202110091210_Race,75,73,9,19,1:45.645,2 Laps,,2,5,5
2021,19_VIRginia International Raceway,VIRginia International Raceway,virginia-international-raceway,2021-10-09,202110091210_Race,75,75,10,79,1:42.520,40.638,40.638,,5,5
2021,19_VIRginia International Raceway,VIRginia International Raceway,virginia-international-raceway,2021-10-09,202110091210_Race,75,73,11,32,1:47.930,2 Laps,,2,5,5
2021,19_VIRginia International Raceway,VIRginia International Raceway,virginia-international-raceway,2021-10-09,202110091210_Race,75,74,12,96,1:51.517,1 Lap,,1,5,5
2021,19_VIRginia International Raceway,VIRginia International Raceway,virginia-international-raceway,2021-10-09,202110091210_Race,75,74,13,9,1:46.498,1 Lap,,1,5,5
2021,19_VIRginia International Raceway,VIRginia International Raceway,virginia-international-raceway,2021-10-09,202110091210_Race,75,74,14,1,1:45.788,1 Lap,,1,5,5
2021,19_VIRginia International Raceway,VIRginia International Raceway,virginia-international-raceway,2021-10-09,202110091210_Race,75,72,15,12,1:46.467,3 Laps,,3,5,5
2021,19_VIRginia International Raceway,VIRginia International Raceway,virginia-international-raceway,2021-10-09,202110091210_Race,75,72,16,44,4:34.934,3 Laps,,3,5,5
2021,19_VIRginia International Raceway,VIRginia International Raceway,virginia-international-raceway,2021-10-09,202110091210_Race,76,76,1,4,1:43.693,,,,5,5
2021,19_VIRginia International Raceway,VIRginia International Raceway,virginia-international-raceway,2021-10-09,202110091210_Race,76,74,2,16,1:46.943,2 Laps,,2,5,5
2021,19_VIRginia International Raceway,VIRginia International Raceway,virginia-international-raceway,2021-10-09,202110091210_Race,76,76,3,3,1:42.415,0.455,0.455,,5,5
2021,19_VIRginia International Raceway,VIRginia International Raceway,virginia-international-raceway,2021-10-09,202110091210_Race,76,74,4,14,1:46.350,2 Laps,,2,5,5
2021,19_VIRginia International Raceway,VIRginia International Raceway,virginia-international-raceway,2021-10-09,202110091210_Race,76,74,5,23,1:46.627,2 Laps,,2,5,5
2021,19_VIRginia International Raceway,VIRginia International Raceway,virginia-international-raceway,2021-10-09,202110091210_Race,76,74,6,28,1:46.575,2 Laps,,2,5,5
2021,19_VIRginia International Raceway,VIRginia International Raceway,virginia-international-raceway,2021-10-09,202110091210_Race,76,74,7,39,1:46.160,2 Laps,,2,5,5
2021,19_VIRginia International Raceway,VIRginia International Raceway,virginia-international-raceway,2021-10-09,202110091210_Race,76,74,8,27,1:46.204,2 Laps,,2,5,5
2021,19_VIRginia International Raceway,VIRginia International Raceway,virginia-international-raceway,2021-10-09,202110091210_Race,76,74,9,19,1:46.478,2 Laps,,2,5,5
2021,19_VIRginia International Raceway,VIRginia International Raceway,virginia-international-raceway,2021-10-09,202110091210_Race,76,74,10,88,1:48.549,2 Laps,,2,5,5
2021,19_VIRginia International Raceway,VIRginia International Raceway,virginia-international-raceway,2021-10-09,202110091210_Race,76,76,11,79,1:42.542,39.487,39.487,,5,5
2021,19_VIRginia International Raceway,VIRginia International Raceway,virginia-international-raceway,2021-10-09,202110091210_Race,76,74,12,32,1:47.657,2 Laps,,2,5,5
2021,19_VIRginia International Raceway,VIRginia International Raceway,virginia-international-raceway,2021-10-09,202110091210_Race,76,75,13,96,1:45.810,1 Lap,,1,5,5
2021,19_VIRginia International Raceway,VIRginia International Raceway,virginia-international-raceway,2021-10-09,202110091210_Race,76,75,14,9,1:45.256,1 Lap,,1,5,5
2021,19_VIRginia International Raceway,VIRginia International Raceway,virginia-international-raceway,2021-10-09,202110091210_Race,77,77,1,4,1:42.593,,,,5,5
2021,19_VIRginia International Raceway,VIRginia International Raceway,virginia-international-raceway,2021-10-09,202110091210_Race,77,75,2,1,1:46.221,2 Laps,,2,5,5
2021,19_VIRginia International Raceway,VIRginia International Raceway,virginia-international-raceway,2021-10-09,202110091210_Race,77,77,3,3,1:42.997,0.859,0.859,,5,5
2021,19_VIRginia International Raceway,VIRginia International Raceway,virginia-international-raceway,2021-10-09,202110091210_Race,77,73,4,12,1:47.166,4 Laps,,4,5,5
2021,19_VIRginia International Raceway,VIRginia International Raceway,virginia-international-raceway,2021-10-09,202110091210_Race,77,75,5,16,1:47.445,2 Laps,,2,5,5
2021,19_VIRginia International Raceway,VIRginia International Raceway,virginia-international-raceway,2021-10-09,202110091210_Race,77,75,6,14,1:45.949,2 Laps,,2,5,5
2021,19_VIRginia International Raceway,VIRginia International Raceway,virginia-international-raceway,2021-10-09,202110091210_Race,77,75,7,23,1:46.196,2 Laps,,2,5,5
2021,19_VIRginia International Raceway,VIRginia International Raceway,virginia-international-raceway,2021-10-09,202110091210_Race,77,75,8,28,1:46.776,2 Laps,,2,5,5
2021,19_VIRginia International Raceway,VIRginia International Raceway,virginia-international-raceway,2021-10-09,202110091210_Race,77,75,9,39,1:48.152,2 Laps,,2,5,5
2021,19_VIRginia International Raceway,VIRginia International Raceway,virginia-international-raceway,2021-10-09,202110091210_Race,77,75,10,27,1:45.994,2 Laps,,2,5,5
2021,19_VIRginia International Raceway,VIRginia International Raceway,virginia-international-raceway,2021-10-09,202110091210_Race,77,75,11,19,1:45.789,2 Laps,,2,5,5
2021,19_VIRginia International Raceway,VIRginia International Raceway,virginia-international-raceway,2021-10-09,202110091210_Race,77,75,12,88,1:47.657,2 Laps,,2,5,5
2021,19_VIRginia International Raceway,VIRginia International Raceway,virginia-international-raceway,2021-10-09,202110091210_Race,77,77,13,79,1:42.203,39.097,39.097,,5,5
2021,19_VIRginia International Raceway,VIRginia International Raceway,virginia-international-raceway,2021-10-09,202110091210_Race,77,75,14,32,1:48.366,2 Laps,,2,5,5
2021,19_VIRginia International Raceway,VIRginia International Raceway,virginia-international-raceway,2021-10-09,202110091210_Race,77,76,15,96,1:46.322,1 Lap,,1,5,5
2021,19_VIRginia International Raceway,VIRginia International Raceway,virginia-international-raceway,2021-10-09,202110091210_Race,78,78,1,4,1:42.505,,,,5,5
2021,19_VIRginia International Raceway,VIRginia International Raceway,virginia-international-raceway,2021-10-09,202110091210_Race,78,76,2,9,1:45.370,2 Laps,,2,5,5
2021,19_VIRginia International Raceway,VIRginia International Raceway,virginia-international-raceway,2021-10-09,202110091210_Race,78,78,3,3,1:43.172,1.526,1.526,,5,5
2021,19_VIRginia International Raceway,VIRginia International Raceway,virginia-international-raceway,2021-10-09,202110091210_Race,78,76,4,1,1:46.861,2 Laps,,2,6,1
2021,19_VIRginia International Raceway,VIRginia International Raceway,virginia-international-raceway,2021-10-09,202110091210_Race,78,74,5,12,1:46.599,4 Laps,,4,6,1
2021,19_VIRginia International Raceway,VIRginia International Raceway,virginia-international-raceway,2021-10-09,202110091210_Race,78,76,6,16,1:46.911,2 Laps,,2,6,1
2021,19_VIRginia International Raceway,VIRginia International Raceway,virginia-international-raceway,2021-10-09,202110091210_Race,78,76,7,14,1:45.913,2 Laps,,2,6,1
2021,19_VIRginia International Raceway,VIRginia International Raceway,virginia-international-raceway,2021-10-09,202110091210_Race,78,76,8,23,1:45.917,2 Laps,,2,6,1
2021,19_VIRginia International Raceway,VIRginia International Raceway,virginia-international-raceway,2021-10-09,202110091210_Race,78,76,9,28,1:46.508,2 Laps,,2,6,1
2021,19_VIRginia International Raceway,VIRginia International Raceway,virginia-international-raceway,2021-10-09,202110091210_Race,78,76,10,39,1:45.966,2 Laps,,2,6,1
2021,19_VIRginia International Raceway,VIRginia International Raceway,virginia-international-raceway,2021-10-09,202110091210_Race,78,76,11,27,1:46.029,2 Laps,,2,6,1
2021,19_VIRginia International Raceway,VIRginia International Raceway,virginia-international-raceway,2021-10-09,202110091210_Race,78,76,12,19,1:45.572,2 Laps,,2,6,1
2021,19_VIRginia International Raceway,VIRginia International Raceway,virginia-international-raceway,2021-10-09,202110091210_Race,78,78,13,79,1:42.698,39.290,39.290,,6,1
2021,19_VIRginia International Raceway,VIRginia International Raceway,virginia-international-raceway,2021-10-09,202110091210_Race,78,76,14,88,1:48.096,2 Laps,,2,6,1
2021,19_VIRginia International Raceway,VIRginia International Raceway,virginia-international-raceway,2021-10-09,202110091210_Race,78,76,15,32,1:48.375,2 Laps,,2,6,1
2021,19_VIRginia International Raceway,VIRginia International Raceway,virginia-international-raceway,2021-10-09,202110091210_Race,78,77,16,96,1:45.973,1 Lap,,1,6,1
2021,19_VIRginia International Raceway,VIRginia International Raceway,virginia-international-raceway,2021-10-09,202110091210_Race,79,79,1,4,1:42.222,,,,6,1
2021,19_VIRginia International Raceway,VIRginia International Raceway,virginia-international-raceway,2021-10-09,202110091210_Race,79,79,2,3,1:42.556,1.860,1.860,,6,1
2021,19_VIRginia International Raceway,VIRginia International Raceway,virginia-international-raceway,2021-10-09,202110091210_Race,79,77,3,9,1:45.403,2 Laps,,2,6,1
2021,19_VIRginia International Raceway,VIRginia International Raceway,virginia-international-raceway,2021-10-09,202110091210_Race,79,77,4,1,1:45.862,2 Laps,,2,6,1
2021,19_VIRginia International Raceway,VIRginia International Raceway,virginia-international-raceway,2021-10-09,202110091210_Race,79,75,5,12,1:46.408,4 Laps,,4,6,1
2021,19_VIRginia International Raceway,VIRginia International Raceway,virginia-international-raceway,2021-10-09,202110091210_Race,79,77,6,16,1:46.837,2 Laps,,2,6,1
2021,19_VIRginia International Raceway,VIRginia International Raceway,virginia-international-raceway,2021-10-09,202110091210_Race,79,77,7,14,1:45.961,2 Laps,,2,6,1
2021,19_VIRginia International Raceway,VIRginia International Raceway,virginia-international-raceway,2021-10-09,202110091210_Race,79,77,8,23,1:46.094,2 Laps,,2,6,1
2021,19_VIRginia International Raceway,VIRginia International Raceway,virginia-international-raceway,2021-10-09,202110091210_Race,79,77,9,28,1:46.955,2 Laps,,2,6,1
2021,19_VIRginia International Raceway,VIRginia International Raceway,virginia-international-raceway,2021-10-09,202110091210_Race,79,77,10,39,1:46.256,2 Laps,,2,6,1
2021,19_VIRginia International Raceway,VIRginia International Raceway,virginia-international-raceway,2021-10-09,202110091210_Race,79,77,11,27,1:46.618,2 Laps,,2,6,1
2021,19_VIRginia International Raceway,VIRginia International Raceway,virginia-international-raceway,2021-10-09,202110091210_Race,79,79,12,79,1:43.028,40.096,40.096,,6,1
2021,19_VIRginia International Raceway,VIRginia International Raceway,virginia-international-raceway,2021-10-09,202110091210_Race,79,77,13,19,1:45.802,2 Laps,,2,6,1
2021,19_VIRginia International Raceway,VIRginia International Raceway,virginia-international-raceway,2021-10-09,202110091210_Race,79,77,14,88,1:48.504,2 Laps,,2,6,1
2021,19_VIRginia International Raceway,VIRginia International Raceway,virginia-international-raceway,2021-10-09,202110091210_Race,79,77,15,32,1:48.415,2 Laps,,2,6,1
2021,19_VIRginia International Raceway,VIRginia International Raceway,virginia-international-raceway,2021-10-09,202110091210_Race,80,80,1,4,1:43.367,,,,6,1
2021,19_VIRginia International Raceway,VIRginia International Raceway,virginia-international-raceway,2021-10-09,202110091210_Race,80,78,2,96,1:47.123,2 Laps,,2,6,1
2021,19_VIRginia International Raceway,VIRginia International Raceway,virginia-international-raceway,2021-10-09,202110091210_Race,80,80,3,3,1:43.663,2.156,2.156,,6,1
2021,19_VIRginia International Raceway,VIRginia International Raceway,virginia-international-raceway,2021-10-09,202110091210_Race,80,78,4,9,1:45.034,2 Laps,,2,6,1
2021,19_VIRginia International Raceway,VIRginia International Raceway,virginia-international-raceway,2021-10-09,202110091210_Race,80,78,5,1,1:45.804,2 Laps,,2,6,1
2021,19_VIRginia International Raceway,VIRginia International Raceway,virginia-international-raceway,2021-10-09,202110091210_Race,80,76,6,12,1:46.440,4 Laps,,4,6,1
2021,19_VIRginia International Raceway,VIRginia International Raceway,virginia-international-raceway,2021-10-09,202110091210_Race,80,78,7,16,1:46.572,2 Laps,,2,6,1
2021,19_VIRginia International Raceway,VIRginia International Raceway,virginia-international-raceway,2021-10-09,202110091210_Race,80,78,8,14,1:45.974,2 Laps,,2,6,1
2021,19_VIRginia International Raceway,VIRginia International Raceway,virginia-international-raceway,2021-10-09,202110091210_Race,80,78,9,23,1:46.388,2 Laps,,2,6,1
2021,19_VIRginia International Raceway,VIRginia International Raceway,virginia-international-raceway,2021-10-09,202110091210_Race,80,78,10,28,1:46.959,2 Laps,,2,6,1
2021,19_VIRginia International Raceway,VIRginia International Raceway,virginia-international-raceway,2021-10-09,202110091210_Race,80,78,11,39,1:46.696,2 Laps,,2,6,1
2021,19_VIRginia International Raceway,VIRginia International Raceway,virginia-international-raceway,2021-10-09,202110091210_Race,80,78,12,27,1:46.340,2 Laps,,2,6,1
2021,19_VIRginia International Raceway,VIRginia International Raceway,virginia-international-raceway,2021-10-09,202110091210_Race,80,80,13,79,1:42.066,38.795,38.795,,6,1
2021,19_VIRginia International Raceway,VIRginia International Raceway,virginia-international-raceway,2021-10-09,202110091210_Race,80,78,14,19,1:46.488,2 Laps,,2,6,1
2021,19_VIRginia International Raceway,VIRginia International Raceway,virginia-international-raceway,2021-10-09,202110091210_Race,80,78,15,88,1:48.308,2 Laps,,2,6,1
2021,19_VIRginia International Raceway,VIRginia International Raceway,virginia-international-raceway,2021-10-09,202110091210_Race,80,78,16,32,1:48.163,2 Laps,,2,6,1
2021,19_VIRginia International Raceway,VIRginia International Raceway,virginia-international-raceway,2021-10-09,202110091210_Race,81,81,1,4,1:42.772,,,,6,1
2021,19_VIRginia International Raceway,VIRginia International Raceway,virginia-international-raceway,2021-10-09,202110091210_Race,81,79,2,9,1:46.576,2 Laps,,2,6,1
2021,19_VIRginia International Raceway,VIRginia International Raceway,virginia-international-raceway,2021-10-09,202110091210_Race,81,81,3,3,1:52.889,12.273,12.273,,6,1
2021,19_VIRginia International Raceway,VIRginia International Raceway,virginia-international-raceway,2021-10-09,202110091210_Race,81,79,4,1,1:47.178,2 Laps,,2,6,1
2021,19_VIRginia International Raceway,VIRginia International Raceway,virginia-international-raceway,2021-10-09,202110091210_Race,81,77,5,12,1:47.294,4 Laps,,4,6,1
2021,19_VIRginia International Raceway,VIRginia International Raceway,virginia-international-raceway,2021-10-09,202110091210_Race,81,79,6,16,1:46.873,2 Laps,,2,6,1
2021,19_VIRginia International Raceway,VIRginia International Raceway,virginia-international-raceway,2021-10-09,202110091210_Race,81,79,7,14,1:46.657,2 Laps,,2,6,1
2021,19_VIRginia International Raceway,VIRginia International Raceway,virginia-international-raceway,2021-10-09,202110091210_Race,81,79,8,23,1:47.275,2 Laps,,2,6,1
2021,19_VIRginia International Raceway,VIRginia International Raceway,virginia-international-raceway,2021-10-09,202110091210_Race,81,79,9,28,1:47.880,2 Laps,,2,6,1
2021,19_VIRginia International Raceway,VIRginia International Raceway,virginia-international-raceway,2021-10-09,202110091210_Race,81,79,10,39,1:47.960,2 Laps,,2,6,2
2021,19_VIRginia International Raceway,VIRginia International Raceway,virginia-international-raceway,2021-10-09,202110091210_Race,81,79,11,27,1:47.604,2 Laps,,2,6,2
2021,19_VIRginia International Raceway,VIRginia International Raceway,virginia-international-raceway,2021-10-09,202110091210_Race,81,81,12,79,1:43.019,39.042,39.042,,6,2
2021,19_VIRginia International Raceway,VIRginia International Raceway,virginia-international-raceway,2021-10-09,202110091210_Race,81,79,13,19,1:45.992,2 Laps,,2,6,2
2021,19_VIRginia International Raceway,VIRginia International Raceway,virginia-international-raceway,2021-10-09,202110091210_Race,81,79,14,88,1:49.022,2 Laps,,2,6,2
2021,19_VIRginia International Raceway,VIRginia International Raceway,virginia-international-raceway,2021-10-09,202110091210_Race,81,79,15,32,1:48.061,2 Laps,,2,6,2
2021,19_VIRginia International Raceway,VIRginia International Raceway,virginia-international-raceway,2021-10-09,202110091210_Race,81,79,16,96,3:19.463,2 Laps,,2,6,2
2021,19_VIRginia International Raceway,VIRginia International Raceway,virginia-international-raceway,2021-10-09,202110091210_Race,82,82,1,4,1:42.911,,,,6,2
2021,19_VIRginia International Raceway,VIRginia International Raceway,virginia-international-raceway,2021-10-09,202110091210_Race,82,82,2,3,1:43.044,12.406,12.406,,6,2
2021,19_VIRginia International Raceway,VIRginia International Raceway,virginia-international-raceway,2021-10-09,202110091210_Race,82,80,3,9,1:46.474,2 Laps,,2,6,2
2021,19_VIRginia International Raceway,VIRginia International Raceway,virginia-international-raceway,2021-10-09,202110091210_Race,82,80,4,1,1:46.208,2 Laps,,2,6,2
2021,19_VIRginia International Raceway,VIRginia International Raceway,virginia-international-raceway,2021-10-09,202110091210_Race,82,78,5,12,1:46.360,4 Laps,,4,6,2
2021,19_VIRginia International Raceway,VIRginia International Raceway,virginia-international-raceway,2021-10-09,202110091210_Race,82,80,6,16,1:46.502,2 Laps,,2,6,2
2021,19_VIRginia International Raceway,VIRginia International Raceway,virginia-international-raceway,2021-10-09,202110091210_Race,82,80,7,14,1:45.886,2 Laps,,2,6,2
2021,19_VIRginia International Raceway,VIRginia International Raceway,virginia-international-raceway,2021-10-09,202110091210_Race,82,80,8,23,1:45.923,2 Laps,,2,6,2
2021,19_VIRginia International Raceway,VIRginia International Raceway,virginia-international-raceway,2021-10-09,202110091210_Race,82,80,9,28,1:46.874,2 Laps,,2,6,2
2021,19_VIRginia International Raceway,VIRginia International Raceway,virginia-international-raceway,2021-10-09,202110091210_Race,82,80,10,39,1:46.168,2 Laps,,2,6,2
2021,19_VIRginia International Raceway,VIRginia International Raceway,virginia-international-raceway,2021-10-09,202110091210_Race,82,82,11,79,1:42.654,38.785,38.785,,6,2
2021,19_VIRginia International Raceway,VIRginia International Raceway,virginia-international-raceway,2021-10-09,202110091210_Race,82,80,12,27,1:46.863,2 Laps,,2,6,2
2021,19_VIRginia International Raceway,VIRginia International Raceway,virginia-international-raceway,2021-10-09,202110091210_Race,82,80,13,19,1:45.966,2 Laps,,2,6,2
2021,19_VIRginia International Raceway,VIRginia International Raceway,virginia-international-raceway,2021-10-09,202110091210_Race,82,80,14,88,1:48.345,2 Laps,,2,6,2
2021,19_VIRginia International Raceway,VIRginia International Raceway,virginia-international-raceway,2021-10-09,202110091210_Race,82,80,15,32,1:48.081,2 Laps,,2,6,2
2021,19_VIRginia International Raceway,VIRginia International Raceway,virginia-international-raceway,2021-10-09,202110091210_Race,83,83,1,4,1:43.001,,,,6,2
2021,19_VIRginia International Raceway,VIRginia International Raceway,virginia-international-raceway,2021-10-09,202110091210_Race,83,83,2,3,1:47.210,16.615,16.615,,6,2
2021,19_VIRginia International Raceway,VIRginia International Raceway,virginia-international-raceway,2021-10-09,202110091210_Race,83,80,3,96,2:04.041,3 Laps,,3,6,2
2021,19_VIRginia International Raceway,VIRginia International Raceway,virginia-international-raceway,2021-10-09,202110091210_Race,83,81,4,9,1:46.701,2 Laps,,2,6,2
2021,19_VIRginia International Raceway,VIRginia International Raceway,virginia-international-raceway,2021-10-09,202110091210_Race,83,81,5,1,1:45.728,2 Laps,,2,6,2
2021,19_VIRginia International Raceway,VIRginia International Raceway,virginia-international-raceway,2021-10-09,202110091210_Race,83,79,6,12,1:46.228,4 Laps,,4,6,2
2021,19_VIRginia International Raceway,VIRginia International Raceway,virginia-international-raceway,2021-10-09,202110091210_Race,83,81,7,16,1:46.647,2 Laps,,2,6,2
2021,19_VIRginia International Raceway,VIRginia International Raceway,virginia-international-raceway,2021-10-09,202110091210_Race,83,81,8,14,1:46.402,2 Laps,,2,6,2
2021,19_VIRginia International Raceway,VIRginia International Raceway,virginia-international-raceway,2021-10-09,202110091210_Race,83,81,9,23,1:46.017,2 Laps,,2,6,2
2021,19_VIRginia International Raceway,VIRginia International Raceway,virginia-international-raceway,2021-10-09,202110091210_Race,83,83,10,79,1:43.363,39.147,39.147,,6,2
2021,19_VIRginia International Raceway,VIRginia International Raceway,virginia-international-raceway,2021-10-09,202110091210_Race,83,81,11,28,1:46.784,2 Laps,,2,6,2
2021,19_VIRginia International Raceway,VIRginia International Raceway,virginia-international-raceway,2021-10-09,202110091210_Race,83,81,12,39,1:46.647,2 Laps,,2,6,2
2021,19_VIRginia International Raceway,VIRginia International Raceway,virginia-international-raceway,2021-10-09,202110091210_Race,83,81,13,27,1:47.121,2 Laps,,2,6,2
2021,19_VIRginia International Raceway,VIRginia International Raceway,virginia-international-raceway,2021-10-09,202110091210_Race,83,81,14,19,1:45.476,2 Laps,,2,6,2
2021,19_VIRginia International Raceway,VIRginia International Raceway,virginia-international-raceway,2021-10-09,202110091210_Race,83,81,15,88,1:48.470,2 Laps,,2,6,2
2021,19_VIRginia International Raceway,VIRginia International Raceway,virginia-international-raceway,2021-10-09,202110091210_Race,83,81,16,32,1:47.206,2 Laps,,2,6,2
2021,19_VIRginia International Raceway,VIRginia International Raceway,virginia-international-raceway,2021-10-09,202110091210_Race,84,84,1,4,1:43.024,,,,6,2
2021,19_VIRginia International Raceway,VIRginia International Raceway,virginia-international-raceway,2021-10-09,202110091210_Race,84,84,2,3,1:44.061,17.652,17.652,,6,2
2021,19_VIRginia International Raceway,VIRginia International Raceway,virginia-international-raceway,2021-10-09,202110091210_Race,84,82,3,9,1:46.253,2 Laps,,2,6,2
2021,19_VIRginia International Raceway,VIRginia International Raceway,virginia-international-raceway,2021-10-09,202110091210_Race,84,82,4,1,1:46.271,2 Laps,,2,6,2
2021,19_VIRginia International Raceway,VIRginia International Raceway,virginia-international-raceway,2021-10-09,202110091210_Race,84,81,5,96,1:53.620,3 Laps,,3,6,2
2021,19_VIRginia International Raceway,VIRginia International Raceway,virginia-international-raceway,2021-10-09,202110091210_Race,84,80,6,12,1:46.394,4 Laps,,4,6,2
2021,19_VIRginia International Raceway,VIRginia International Raceway,virginia-international-raceway,2021-10-09,202110091210_Race,84,82,7,16,1:46.419,2 Laps,,2,6,2
2021,19_VIRginia International Raceway,VIRginia International Raceway,virginia-international-raceway,2021-10-09,202110091210_Race,84,82,8,14,1:46.399,2 Laps,,2,6,2
2021,19_VIRginia International Raceway,VIRginia International Raceway,virginia-international-raceway,2021-10-09,202110091210_Race,84,82,9,23,1:45.834,2 Laps,,2,6,2
2021,19_VIRginia International Raceway,VIRginia International Raceway,virginia-international-raceway,2021-10-09,202110091210_Race,84,84,10,79,1:42.926,39.049,39.049,,6,2
2021,19_VIRginia International Raceway,VIRginia International Raceway,virginia-international-raceway,2021-10-09,202110091210_Race,84,82,11,28,1:46.705,2 Laps,,2,6,2
2021,19_VIRginia International Raceway,VIRginia International Raceway,virginia-international-raceway,2021-10-09,202110091210_Race,84,82,12,39,1:46.523,2 Laps,,2,6,2
2021,19_VIRginia International Raceway,VIRginia International Raceway,virginia-international-raceway,2021-10-09,202110091210_Race,84,82,13,27,1:46.325,2 Laps,,2,6,2
2021,19_VIRginia International Raceway,VIRginia International Raceway,virginia-international-raceway,2021-10-09,202110091210_Race,84,82,14,19,1:45.615,2 Laps,,2,6,2
2021,19_VIRginia International Raceway,VIRginia International Raceway,virginia-international-raceway,2021-10-09,202110091210_Race,84,82,15,88,1:48.156,2 Laps,,2,6,2
2021,19_VIRginia International Raceway,VIRginia International Raceway,virginia-international-raceway,2021-10-09,202110091210_Race,84,82,16,32,1:48.109,2 Laps,,2,6,3
2021,19_VIRginia International Raceway,VIRginia International Raceway,virginia-international-raceway,2021-10-09,202110091210_Race,85,85,1,4,1:42.845,,,,6,3
2021,19_VIRginia International Raceway,VIRginia International Raceway,virginia-international-raceway,2021-10-09,202110091210_Race,85,85,2,3,1:43.006,17.813,17.813,,6,3
2021,19_VIRginia International Raceway,VIRginia International Raceway,virginia-international-raceway,2021-10-09,202110091210_Race,85,83,3,9,1:46.138,2 Laps,,2,6,3
2021,19_VIRginia International Raceway,VIRginia International Raceway,virginia-international-raceway,2021-10-09,202110091210_Race,85,83,4,1,1:45.845,2 Laps,,2,6,3
2021,19_VIRginia International Raceway,VIRginia International Raceway,virginia-international-raceway,2021-10-09,202110091210_Race,85,81,5,12,1:46.677,4 Laps,,4,6,3
2021,19_VIRginia International Raceway,VIRginia International Raceway,virginia-international-raceway,2021-10-09,202110091210_Race,85,83,6,16,1:46.762,2 Laps,,2,6,3
2021,19_VIRginia International Raceway,VIRginia International Raceway,virginia-international-raceway,2021-10-09,202110091210_Race,85,83,7,14,1:46.601,2 Laps,,2,6,3
2021,19_VIRginia International Raceway,VIRginia International Raceway,virginia-international-raceway,2021-10-09,202110091210_Race,85,83,8,23,1:46.296,2 Laps,,2,6,3
2021,19_VIRginia International Raceway,VIRginia International Raceway,virginia-international-raceway,2021-10-09,202110091210_Race,85,85,9,79,1:42.889,39.093,39.093,,6,3
2021,19_VIRginia International Raceway,VIRginia International Raceway,virginia-international-raceway,2021-10-09,202110091210_Race,85,82,10,96,1:54.801,3 Laps,,3,6,3
2021,19_VIRginia International Raceway,VIRginia International Raceway,virginia-international-raceway,2021-10-09,202110091210_Race,85,83,11,28,1:46.949,2 Laps,,2,6,3
2021,19_VIRginia International Raceway,VIRginia International Raceway,virginia-international-raceway,2021-10-09,202110091210_Race,85,83,12,39,1:46.855,2 Laps,,2,6,3
2021,19_VIRginia International Raceway,VIRginia International Raceway,virginia-international-raceway,2021-10-09,202110091210_Race,85,83,13,27,1:46.080,2 Laps,,2,6,3
2021,19_VIRginia International Raceway,VIRginia International Raceway,virginia-international-raceway,2021-10-09,202110091210_Race,85,83,14,19,1:45.557,2 Laps,,2,6,3
2021,19_VIRginia International Raceway,VIRginia International Raceway,virginia-international-raceway,2021-10-09,202110091210_Race,85,83,15,88,1:47.800,2 Laps,,2,6,3
2021,19_VIRginia International Raceway,VIRginia International Raceway,virginia-international-raceway,2021-10-09,202110091210_Race,86,86,1,4,1:43.308,,,,6,3
2021,19_VIRginia International Raceway,VIRginia International Raceway,virginia-international-raceway,2021-10-09,202110091210_Race,86,83,2,32,1:50.290,3 Laps,,3,6,3
2021,19_VIRginia International Raceway,VIRginia International Raceway,virginia-international-raceway,2021-10-09,202110091210_Race,86,86,3,3,1:42.821,17.326,17.326,,6,3
2021,19_VIRginia International Raceway,VIRginia International Raceway,virginia-international-raceway,2021-10-09,202110091210_Race,86,84,4,9,1:46.587,2 Laps,,2,6,3
2021,19_VIRginia International Raceway,VIRginia International Raceway,virginia-international-raceway,2021-10-09,202110091210_Race,86,84,5,1,1:45.821,2 Laps,,2,6,3
2021,19_VIRginia International Raceway,VIRginia International Raceway,virginia-international-raceway,2021-10-09,202110091210_Race,86,82,6,12,1:46.605,4 Laps,,4,6,3
2021,19_VIRginia International Raceway,VIRginia International Raceway,virginia-international-raceway,2021-10-09,202110091210_Race,86,84,7,16,1:46.598,2 Laps,,2,6,3
2021,19_VIRginia International Raceway,VIRginia International Raceway,virginia-international-raceway,2021-10-09,202110091210_Race,86,86,8,79,1:43.607,39.392,39.392,,6,3
2021,19_VIRginia International Raceway,VIRginia International Raceway,virginia-international-raceway,2021-10-09,202110091210_Race,86,84,9,14,1:46.709,2 Laps,,2,6,3
2021,19_VIRginia International Raceway,VIRginia International Raceway,virginia-international-raceway,2021-10-09,202110091210_Race,86,84,10,23,1:46.585,2 Laps,,2,6,3
2021,19_VIRginia International Raceway,VIRginia International Raceway,virginia-international-raceway,2021-10-09,202110091210_Race,86,83,11,96,1:51.293,3 Laps,,3,6,3
2021,19_VIRginia International Raceway,VIRginia International Raceway,virginia-international-raceway,2021-10-09,202110091210_Race,86,84,12,28,1:47.832,2 Laps,,2,6,3
2021,19_VIRginia International Raceway,VIRginia International Raceway,virginia-international-raceway,2021-10-09,202110091210_Race,86,84,13,39,1:47.991,2 Laps,,2,6,3
2021,19_VIRginia International Raceway,VIRginia International Raceway,virginia-international-raceway,2021-10-09,202110091210_Race,86,84,14,27,1:47.561,2 Laps,,2,6,3
2021,19_VIRginia International Raceway,VIRginia International Raceway,virginia-international-raceway,2021-10-09,202110091210_Race,86,84,15,19,1:45.877,2 Laps,,2,6,3
2021,19_VIRginia International Raceway,VIRginia International Raceway,virginia-international-raceway,2021-10-09,202110091210_Race,86,84,16,88,1:48.017,2 Laps,,2,6,3
2021,19_VIRginia International Raceway,VIRginia International Raceway,virginia-international-raceway,2021-10-09,202110091210_Race,87,87,1,4,1:43.589,,,,6,3
2021,19_VIRginia International Raceway,VIRginia International Raceway,virginia-international-raceway,2021-10-09,202110091210_Race,87,84,2,32,1:54.725,3 Laps,,3,6,3
2021,19_VIRginia International Raceway,VIRginia International Raceway,virginia-international-raceway,2021-10-09,202110091210_Race,87,87,3,3,1:44.115,17.852,17.852,,6,3
2021,19_VIRginia International Raceway,VIRginia International Raceway,virginia-international-raceway,2021-10-09,202110091210_Race,87,85,4,9,1:47.343,2 Laps,,2,6,3
2021,19_VIRginia International Raceway,VIRginia International Raceway,virginia-international-raceway,2021-10-09,202110091210_Race,87,85,5,1,1:47.311,2 Laps,,2,6,3
2021,19_VIRginia International Raceway,VIRginia International Raceway,virginia-international-raceway,2021-10-09,202110091210_Race,87,87,6,79,1:42.852,38.655,38.655,,6,3
2021,19_VIRginia International Raceway,VIRginia International Raceway,virginia-international-raceway,2021-10-09,202110091210_Race,87,83,7,12,1:48.250,4 Laps,,4,6,3
2021,19_VIRginia International Raceway,VIRginia International Raceway,virginia-international-raceway,2021-10-09,202110091210_Race,87,85,8,14,1:46.687,2 Laps,,2,6,3
2021,19_VIRginia International Raceway,VIRginia International Raceway,virginia-international-raceway,2021-10-09,202110091210_Race,87,85,9,16,1:48.033,2 Laps,,2,6,3
2021,19_VIRginia International Raceway,VIRginia International Raceway,virginia-international-raceway,2021-10-09,202110091210_Race,87,85,10,23,1:47.546,2 Laps,,2,6,3
2021,19_VIRginia International Raceway,VIRginia International Raceway,virginia-international-raceway,2021-10-09,202110091210_Race,87,84,11,96,1:51.839,3 Laps,,3,6,3
2021,19_VIRginia International Raceway,VIRginia International Raceway,virginia-international-raceway,2021-10-09,202110091210_Race,87,85,12,27,1:47.128,2 Laps,,2,6,3
2021,19_VIRginia International Raceway,VIRginia International Raceway,virginia-international-raceway,2021-10-09,202110091210_Race,87,85,13,39,1:48.317,2 Laps,,2,6,3
2021,19_VIRginia International Raceway,VIRginia International Raceway,virginia-international-raceway,2021-10-09,202110091210_Race,87,85,14,28,1:55.245,2 Laps,,2,6,3
2021,19_VIRginia International Raceway,VIRginia International Raceway,virginia-international-raceway,2021-10-09,202110091210_Race,87,85,15,19,1:52.817,2 Laps,,2,6,3
2021,19_VIRginia International Raceway,VIRginia International Raceway,virginia-international-raceway,2021-10-09,202110091210_Race,87,85,16,88,1:48.616,2 Laps,,2,6,3
