year,event_code,event_name,track_slug,race_date,session_directory,car_number,car_metadata,stop_number,in_time,in_driver,out_time,out_driver,pit_time,cumulative_pit_time,source_report,source_page,source_column
2026,14_Watkins Glen International,Watkins Glen International,watkins-glen-international,2026-06-28,202606281210_Race,1,Paul Miller Racing | BMW M4 GT3 EVO GTDPRO,1,12:49:46.383,N. Verhagen,12:50:38.291,N. Verhagen,51.908,51.908,20_Pit Stops Time Cards_Race.PDF,1,1
2026,14_Watkins Glen International,Watkins Glen International,watkins-glen-international,2026-06-28,202606281210_Race,1,Paul Miller Racing | BMW M4 GT3 EVO GTDPRO,2,14:13:56.846,N. Verhagen,14:15:02.229,C. De Phillippi,1:05.383,1:57.291,20_Pit Stops Time Cards_Race.PDF,1,1
2026,14_Watkins Glen International,Watkins Glen International,watkins-glen-international,2026-06-28,202606281210_Race,1,Paul Miller Racing | BMW M4 GT3 EVO GTDPRO,3,15:26:49.522,C. De Phillippi,15:27:55.333,C. De Phillippi,1:05.811,3:03.102,20_Pit Stops Time Cards_Race.PDF,1,1
2026,14_Watkins Glen International,Watkins Glen International,watkins-glen-international,2026-06-28,202606281210_Race,1,Paul Miller Racing | BMW M4 GT3 EVO GTDPRO,4,16:49:06.038,C. De Phillippi,16:50:08.181,N. Verhagen,1:02.143,4:05.245,20_Pit Stops Time Cards_Race.PDF,1,1
2026,14_Watkins Glen International,Watkins Glen International,watkins-glen-international,2026-06-28,202606281210_Race,1,Paul Miller Racing | BMW M4 GT3 EVO GTDPRO,5,17:16:00.486,N. Verhagen,17:16:40.084,N. Verhagen,39.598,4:44.843,20_Pit Stops Time Cards_Race.PDF,1,1
2026,14_Watkins Glen International,Watkins Glen International,watkins-glen-international,2026-06-28,202606281210_Race,2,5 N. Verhagen N. Verhagen 39.598 4:44.843 | United Autosports USA | ORECA LMP2 07 LMP2,1,12:47:11.836,P. Fayer,12:48:14.481,P. Fayer,1:02.645,1:02.645,20_Pit Stops Time Cards_Race.PDF,1,1
2026,14_Watkins Glen International,Watkins Glen International,watkins-glen-international,2026-06-28,202606281210_Race,2,5 N. Verhagen N. Verhagen 39.598 4:44.843 | United Autosports USA | ORECA LMP2 07 LMP2,2,12:52:42.707,P. Fayer,12:53:48.637,P. Fayer,1:05.930,2:08.575,20_Pit Stops Time Cards_Race.PDF,1,1
2026,14_Watkins Glen International,Watkins Glen International,watkins-glen-international,2026-06-28,202606281210_Race,2,5 N. Verhagen N. Verhagen 39.598 4:44.843 | United Autosports USA | ORECA LMP2 07 LMP2,3,13:46:21.472,P. Fayer,13:47:24.388,H. McElrea,1:02.916,3:11.491,20_Pit Stops Time Cards_Race.PDF,1,1
2026,14_Watkins Glen International,Watkins Glen International,watkins-glen-international,2026-06-28,202606281210_Race,2,5 N. Verhagen N. Verhagen 39.598 4:44.843 | United Autosports USA | ORECA LMP2 07 LMP2,4,14:19:27.383,H. McElrea,14:20:27.376,H. McElrea,59.993,4:11.484,20_Pit Stops Time Cards_Race.PDF,1,1
2026,14_Watkins Glen International,Watkins Glen International,watkins-glen-international,2026-06-28,202606281210_Race,2,5 N. Verhagen N. Verhagen 39.598 4:44.843 | United Autosports USA | ORECA LMP2 07 LMP2,5,15:14:24.269,H. McElrea,15:15:39.008,H. McElrea,1:14.739,5:26.223,20_Pit Stops Time Cards_Race.PDF,1,1
2026,14_Watkins Glen International,Watkins Glen International,watkins-glen-international,2026-06-28,202606281210_Race,2,5 N. Verhagen N. Verhagen 39.598 4:44.843 | United Autosports USA | ORECA LMP2 07 LMP2,6,15:23:58.700,H. McElrea,15:24:40.264,H. McElrea,41.564,6:07.787,20_Pit Stops Time Cards_Race.PDF,1,1
2026,14_Watkins Glen International,Watkins Glen International,watkins-glen-international,2026-06-28,202606281210_Race,2,5 N. Verhagen N. Verhagen 39.598 4:44.843 | United Autosports USA | ORECA LMP2 07 LMP2,7,15:30:08.604,H. McElrea,15:30:53.361,H. McElrea,44.757,6:52.544,20_Pit Stops Time Cards_Race.PDF,1,1
2026,14_Watkins Glen International,Watkins Glen International,watkins-glen-international,2026-06-28,202606281210_Race,2,5 N. Verhagen N. Verhagen 39.598 4:44.843 | United Autosports USA | ORECA LMP2 07 LMP2,8,16:08:04.492,H. McElrea,16:09:04.263,M. Jensen,59.771,7:52.315,20_Pit Stops Time Cards_Race.PDF,1,1
2026,14_Watkins Glen International,Watkins Glen International,watkins-glen-international,2026-06-28,202606281210_Race,2,5 N. Verhagen N. Verhagen 39.598 4:44.843 | United Autosports USA | ORECA LMP2 07 LMP2,9,16:46:37.378,M. Jensen,16:47:40.425,M. Jensen,1:03.047,8:55.362,20_Pit Stops Time Cards_Race.PDF,1,1
2026,14_Watkins Glen International,Watkins Glen International,watkins-glen-international,2026-06-28,202606281210_Race,2,5 N. Verhagen N. Verhagen 39.598 4:44.843 | United Autosports USA | ORECA LMP2 07 LMP2,10,16:59:41.962,M. Jensen,17:00:11.984,M. Jensen,30.022,9:25.384,20_Pit Stops Time Cards_Race.PDF,1,1
2026,14_Watkins Glen International,Watkins Glen International,watkins-glen-international,2026-06-28,202606281210_Race,2,5 N. Verhagen N. Verhagen 39.598 4:44.843 | United Autosports USA | ORECA LMP2 07 LMP2,11,17:18:17.289,M. Jensen,17:19:16.336,M. Jensen,59.047,10:24.431,20_Pit Stops Time Cards_Race.PDF,1,1
2026,14_Watkins Glen International,Watkins Glen International,watkins-glen-international,2026-06-28,202606281210_Race,2,5 N. Verhagen N. Verhagen 39.598 4:44.843 | United Autosports USA | ORECA LMP2 07 LMP2,12,17:30:46.739,M. Jensen,17:31:31.744,M. Jensen,45.005,11:09.436,20_Pit Stops Time Cards_Race.PDF,1,1
2026,14_Watkins Glen International,Watkins Glen International,watkins-glen-international,2026-06-28,202606281210_Race,3,12 M. Jensen M. Jensen 45.005 11:09.436 | Corvette Racing by Pratt Miller Motorsports | Chevrolet Corvette Z06 GT3.R GTDPRO,1,12:49:50.561,A. Garcia,12:50:48.716,A. Garcia,58.155,58.155,20_Pit Stops Time Cards_Race.PDF,1,1
2026,14_Watkins Glen International,Watkins Glen International,watkins-glen-international,2026-06-28,202606281210_Race,3,12 M. Jensen M. Jensen 45.005 11:09.436 | Corvette Racing by Pratt Miller Motorsports | Chevrolet Corvette Z06 GT3.R GTDPRO,2,14:14:02.981,A. Garcia,14:15:10.209,A. Sims,1:07.228,2:05.383,20_Pit Stops Time Cards_Race.PDF,1,1
2026,14_Watkins Glen International,Watkins Glen International,watkins-glen-international,2026-06-28,202606281210_Race,3,12 M. Jensen M. Jensen 45.005 11:09.436 | Corvette Racing by Pratt Miller Motorsports | Chevrolet Corvette Z06 GT3.R GTDPRO,3,15:26:50.067,A. Sims,15:27:57.898,A. Garcia,1:07.831,3:13.214,20_Pit Stops Time Cards_Race.PDF,1,1
2026,14_Watkins Glen International,Watkins Glen International,watkins-glen-international,2026-06-28,202606281210_Race,3,12 M. Jensen M. Jensen 45.005 11:09.436 | Corvette Racing by Pratt Miller Motorsports | Chevrolet Corvette Z06 GT3.R GTDPRO,4,16:49:06.578,A. Garcia,16:50:11.988,A. Sims,1:05.410,4:18.624,20_Pit Stops Time Cards_Race.PDF,1,1
2026,14_Watkins Glen International,Watkins Glen International,watkins-glen-international,2026-06-28,202606281210_Race,3,12 M. Jensen M. Jensen 45.005 11:09.436 | Corvette Racing by Pratt Miller Motorsports | Chevrolet Corvette Z06 GT3.R GTDPRO,5,17:12:25.919,A. Sims,17:13:10.906,A. Sims,44.987,5:03.611,20_Pit Stops Time Cards_Race.PDF,1,1
2026,14_Watkins Glen International,Watkins Glen International,watkins-glen-international,2026-06-28,202606281210_Race,04,5 A. Sims A. Sims 44.987 5:03.611 | Crowdstrike Racing by APR | ORECA LMP2 07 LMP2,1,12:47:09.033,G. Kurtz,12:48:12.736,G. Kurtz,1:03.703,1:03.703,20_Pit Stops Time Cards_Race.PDF,1,1
2026,14_Watkins Glen International,Watkins Glen International,watkins-glen-international,2026-06-28,202606281210_Race,04,5 A. Sims A. Sims 44.987 5:03.611 | Crowdstrike Racing by APR | ORECA LMP2 07 LMP2,2,13:43:02.802,G. Kurtz,13:44:04.596,T. Sowery,1:01.794,2:05.497,20_Pit Stops Time Cards_Race.PDF,1,1
2026,14_Watkins Glen International,Watkins Glen International,watkins-glen-international,2026-06-28,202606281210_Race,04,5 A. Sims A. Sims 44.987 5:03.611 | Crowdstrike Racing by APR | ORECA LMP2 07 LMP2,3,14:19:25.785,T. Sowery,14:20:28.475,T. Sowery,1:02.690,3:08.187,20_Pit Stops Time Cards_Race.PDF,1,1
2026,14_Watkins Glen International,Watkins Glen International,watkins-glen-international,2026-06-28,202606281210_Race,04,5 A. Sims A. Sims 44.987 5:03.611 | Crowdstrike Racing by APR | ORECA LMP2 07 LMP2,4,15:14:11.677,T. Sowery,15:15:25.434,T. Sowery,1:13.757,4:21.944,20_Pit Stops Time Cards_Race.PDF,1,1
2026,14_Watkins Glen International,Watkins Glen International,watkins-glen-international,2026-06-28,202606281210_Race,04,5 A. Sims A. Sims 44.987 5:03.611 | Crowdstrike Racing by APR | ORECA LMP2 07 LMP2,5,16:27:37.162,T. Sowery,16:28:50.377,A. Quinn,1:13.215,5:35.159,20_Pit Stops Time Cards_Race.PDF,1,1
2026,14_Watkins Glen International,Watkins Glen International,watkins-glen-international,2026-06-28,202606281210_Race,04,5 A. Sims A. Sims 44.987 5:03.611 | Crowdstrike Racing by APR | ORECA LMP2 07 LMP2,6,16:46:32.983,A. Quinn,16:47:21.417,A. Quinn,48.434,6:23.593,20_Pit Stops Time Cards_Race.PDF,1,1
2026,14_Watkins Glen International,Watkins Glen International,watkins-glen-international,2026-06-28,202606281210_Race,04,5 A. Sims A. Sims 44.987 5:03.611 | Crowdstrike Racing by APR | ORECA LMP2 07 LMP2,7,17:29:12.712,A. Quinn,17:30:18.042,A. Quinn,1:05.330,7:28.923,20_Pit Stops Time Cards_Race.PDF,1,1
2026,14_Watkins Glen International,Watkins Glen International,watkins-glen-international,2026-06-28,202606281210_Race,4,7 A. Quinn A. Quinn 1:05.330 7:28.923 | Corvette Racing by Pratt Miller Motorsports | Chevrolet Corvette Z06 GT3.R GTDPRO,1,12:49:48.668,N. Catsburg,12:50:43.500,N. Catsburg,54.832,54.832,20_Pit Stops Time Cards_Race.PDF,1,1
2026,14_Watkins Glen International,Watkins Glen International,watkins-glen-international,2026-06-28,202606281210_Race,4,7 A. Quinn A. Quinn 1:05.330 7:28.923 | Corvette Racing by Pratt Miller Motorsports | Chevrolet Corvette Z06 GT3.R GTDPRO,2,14:22:12.011,N. Catsburg,14:23:21.272,T. Milner,1:09.261,2:04.093,20_Pit Stops Time Cards_Race.PDF,1,1
2026,14_Watkins Glen International,Watkins Glen International,watkins-glen-international,2026-06-28,202606281210_Race,4,7 A. Quinn A. Quinn 1:05.330 7:28.923 | Corvette Racing by Pratt Miller Motorsports | Chevrolet Corvette Z06 GT3.R GTDPRO,3,15:26:51.445,T. Milner,15:27:57.138,T. Milner,1:05.693,3:09.786,20_Pit Stops Time Cards_Race.PDF,1,1
2026,14_Watkins Glen International,Watkins Glen International,watkins-glen-international,2026-06-28,202606281210_Race,4,7 A. Quinn A. Quinn 1:05.330 7:28.923 | Corvette Racing by Pratt Miller Motorsports | Chevrolet Corvette Z06 GT3.R GTDPRO,4,16:23:24.271,T. Milner,16:24:18.712,N. Catsburg,54.441,4:04.227,20_Pit Stops Time Cards_Race.PDF,1,1
2026,14_Watkins Glen International,Watkins Glen International,watkins-glen-international,2026-06-28,202606281210_Race,4,7 A. Quinn A. Quinn 1:05.330 7:28.923 | Corvette Racing by Pratt Miller Motorsports | Chevrolet Corvette Z06 GT3.R GTDPRO,5,16:49:12.529,N. Catsburg,16:50:00.963,N. Catsburg,48.434,4:52.661,20_Pit Stops Time Cards_Race.PDF,1,1
2026,14_Watkins Glen International,Watkins Glen International,watkins-glen-international,2026-06-28,202606281210_Race,4,7 A. Quinn A. Quinn 1:05.330 7:28.923 | Corvette Racing by Pratt Miller Motorsports | Chevrolet Corvette Z06 GT3.R GTDPRO,6,17:12:22.479,N. Catsburg,17:13:07.063,N. Catsburg,44.584,5:37.245,20_Pit Stops Time Cards_Race.PDF,1,1
2026,14_Watkins Glen International,Watkins Glen International,watkins-glen-international,2026-06-28,202606281210_Race,5,6 N. Catsburg N. Catsburg 44.584 5:37.245 | JDC-Miller MotorSports | Porsche 963 GTP,1,12:47:02.513,L. Heinrich,12:47:59.648,T. van der Helm,57.135,57.135,20_Pit Stops Time Cards_Race.PDF,1,1
2026,14_Watkins Glen International,Watkins Glen International,watkins-glen-international,2026-06-28,202606281210_Race,5,6 N. Catsburg N. Catsburg 44.584 5:37.245 | JDC-Miller MotorSports | Porsche 963 GTP,2,13:03:04.951,T. van der Helm,13:04:38.247,T. van der Helm,1:33.296,2:30.431,20_Pit Stops Time Cards_Race.PDF,1,1
2026,14_Watkins Glen International,Watkins Glen International,watkins-glen-international,2026-06-28,202606281210_Race,5,6 N. Catsburg N. Catsburg 44.584 5:37.245 | JDC-Miller MotorSports | Porsche 963 GTP,3,14:19:25.234,T. van der Helm,14:20:39.275,K. Frederick,1:14.041,3:44.472,20_Pit Stops Time Cards_Race.PDF,1,1
2026,14_Watkins Glen International,Watkins Glen International,watkins-glen-international,2026-06-28,202606281210_Race,5,6 N. Catsburg N. Catsburg 44.584 5:37.245 | JDC-Miller MotorSports | Porsche 963 GTP,4,14:39:48.957,K. Frederick,14:42:39.174,K. Frederick,2:50.217,6:34.689,20_Pit Stops Time Cards_Race.PDF,1,1
2026,14_Watkins Glen International,Watkins Glen International,watkins-glen-international,2026-06-28,202606281210_Race,5,6 N. Catsburg N. Catsburg 44.584 5:37.245 | JDC-Miller MotorSports | Porsche 963 GTP,5,14:47:47.351,K. Frederick,14:48:31.361,K. Frederick,44.010,7:18.699,20_Pit Stops Time Cards_Race.PDF,1,2
2026,14_Watkins Glen International,Watkins Glen International,watkins-glen-international,2026-06-28,202606281210_Race,5,6 N. Catsburg N. Catsburg 44.584 5:37.245 | JDC-Miller MotorSports | Porsche 963 GTP,6,15:31:17.837,K. Frederick,15:32:20.649,L. Heinrich,1:02.812,8:21.511,20_Pit Stops Time Cards_Race.PDF,1,2
2026,14_Watkins Glen International,Watkins Glen International,watkins-glen-international,2026-06-28,202606281210_Race,5,6 N. Catsburg N. Catsburg 44.584 5:37.245 | JDC-Miller MotorSports | Porsche 963 GTP,7,16:46:03.297,L. Heinrich,16:47:10.892,L. Heinrich,1:07.595,9:29.106,20_Pit Stops Time Cards_Race.PDF,1,2
2026,14_Watkins Glen International,Watkins Glen International,watkins-glen-international,2026-06-28,202606281210_Race,5,6 N. Catsburg N. Catsburg 44.584 5:37.245 | JDC-Miller MotorSports | Porsche 963 GTP,8,17:20:30.165,L. Heinrich,17:21:25.090,L. Heinrich,54.925,10:24.031,20_Pit Stops Time Cards_Race.PDF,1,2
2026,14_Watkins Glen International,Watkins Glen International,watkins-glen-international,2026-06-28,202606281210_Race,6,8 L. Heinrich L. Heinrich 54.925 10:24.031 | Porsche Penske Motorsport | Porsche 963 GTP,1,12:47:03.281,L. Vanthoor,12:47:57.035,L. Vanthoor,53.754,53.754,20_Pit Stops Time Cards_Race.PDF,1,2
2026,14_Watkins Glen International,Watkins Glen International,watkins-glen-international,2026-06-28,202606281210_Race,6,8 L. Heinrich L. Heinrich 54.925 10:24.031 | Porsche Penske Motorsport | Porsche 963 GTP,2,14:19:21.958,L. Vanthoor,14:20:35.322,K. Estre,1:13.364,2:07.118,20_Pit Stops Time Cards_Race.PDF,1,2
2026,14_Watkins Glen International,Watkins Glen International,watkins-glen-international,2026-06-28,202606281210_Race,6,8 L. Heinrich L. Heinrich 54.925 10:24.031 | Porsche Penske Motorsport | Porsche 963 GTP,3,15:23:42.701,K. Estre,15:24:50.746,K. Estre,1:08.045,3:15.163,20_Pit Stops Time Cards_Race.PDF,1,2
2026,14_Watkins Glen International,Watkins Glen International,watkins-glen-international,2026-06-28,202606281210_Race,6,8 L. Heinrich L. Heinrich 54.925 10:24.031 | Porsche Penske Motorsport | Porsche 963 GTP,4,16:46:02.603,K. Estre,16:47:11.613,L. Vanthoor,1:09.010,4:24.173,20_Pit Stops Time Cards_Race.PDF,1,2
2026,14_Watkins Glen International,Watkins Glen International,watkins-glen-international,2026-06-28,202606281210_Race,6,8 L. Heinrich L. Heinrich 54.925 10:24.031 | Porsche Penske Motorsport | Porsche 963 GTP,5,17:18:56.528,L. Vanthoor,17:19:50.509,L. Vanthoor,53.981,5:18.154,20_Pit Stops Time Cards_Race.PDF,1,2
2026,14_Watkins Glen International,Watkins Glen International,watkins-glen-international,2026-06-28,202606281210_Race,7,5 L. Vanthoor L. Vanthoor 53.981 5:18.154 | Porsche Penske Motorsport | Porsche 963 GTP,1,12:59:21.905,F. Nasr,13:00:32.433,F. Nasr,1:10.528,1:10.528,20_Pit Stops Time Cards_Race.PDF,1,2
2026,14_Watkins Glen International,Watkins Glen International,watkins-glen-international,2026-06-28,202606281210_Race,7,5 L. Vanthoor L. Vanthoor 53.981 5:18.154 | Porsche Penske Motorsport | Porsche 963 GTP,2,14:19:23.845,F. Nasr,14:20:36.862,J. Andlauer,1:13.017,2:23.545,20_Pit Stops Time Cards_Race.PDF,1,2
2026,14_Watkins Glen International,Watkins Glen International,watkins-glen-international,2026-06-28,202606281210_Race,7,5 L. Vanthoor L. Vanthoor 53.981 5:18.154 | Porsche Penske Motorsport | Porsche 963 GTP,3,15:23:46.787,J. Andlauer,15:24:58.713,J. Andlauer,1:11.926,3:35.471,20_Pit Stops Time Cards_Race.PDF,1,2
2026,14_Watkins Glen International,Watkins Glen International,watkins-glen-international,2026-06-28,202606281210_Race,7,5 L. Vanthoor L. Vanthoor 53.981 5:18.154 | Porsche Penske Motorsport | Porsche 963 GTP,4,15:30:14.701,J. Andlauer,15:30:55.279,J. Andlauer,40.578,4:16.049,20_Pit Stops Time Cards_Race.PDF,1,2
2026,14_Watkins Glen International,Watkins Glen International,watkins-glen-international,2026-06-28,202606281210_Race,7,5 L. Vanthoor L. Vanthoor 53.981 5:18.154 | Porsche Penske Motorsport | Porsche 963 GTP,5,16:46:03.961,J. Andlauer,16:47:15.379,F. Nasr,1:11.418,5:27.467,20_Pit Stops Time Cards_Race.PDF,1,2
2026,14_Watkins Glen International,Watkins Glen International,watkins-glen-international,2026-06-28,202606281210_Race,7,5 L. Vanthoor L. Vanthoor 53.981 5:18.154 | Porsche Penske Motorsport | Porsche 963 GTP,6,16:52:12.619,F. Nasr,16:52:51.957,F. Nasr,39.338,6:06.805,20_Pit Stops Time Cards_Race.PDF,1,2
2026,14_Watkins Glen International,Watkins Glen International,watkins-glen-international,2026-06-28,202606281210_Race,7,5 L. Vanthoor L. Vanthoor 53.981 5:18.154 | Porsche Penske Motorsport | Porsche 963 GTP,7,17:20:35.053,F. Nasr,17:21:24.361,F. Nasr,49.308,6:56.113,20_Pit Stops Time Cards_Race.PDF,1,2
2026,14_Watkins Glen International,Watkins Glen International,watkins-glen-international,2026-06-28,202606281210_Race,8,7 F. Nasr F. Nasr 49.308 6:56.113 | Tower Motorsports | ORECA LMP2 07 LMP2,1,12:47:14.363,J. Farano,12:48:16.896,J. Farano,1:02.533,1:02.533,20_Pit Stops Time Cards_Race.PDF,1,2
2026,14_Watkins Glen International,Watkins Glen International,watkins-glen-international,2026-06-28,202606281210_Race,8,7 F. Nasr F. Nasr 49.308 6:56.113 | Tower Motorsports | ORECA LMP2 07 LMP2,2,12:52:46.285,J. Farano,12:53:52.844,J. Farano,1:06.559,2:09.092,20_Pit Stops Time Cards_Race.PDF,1,2
2026,14_Watkins Glen International,Watkins Glen International,watkins-glen-international,2026-06-28,202606281210_Race,8,7 F. Nasr F. Nasr 49.308 6:56.113 | Tower Motorsports | ORECA LMP2 07 LMP2,3,12:59:50.661,J. Farano,13:00:57.089,J. Farano,1:06.428,3:15.520,20_Pit Stops Time Cards_Race.PDF,1,2
2026,14_Watkins Glen International,Watkins Glen International,watkins-glen-international,2026-06-28,202606281210_Race,8,7 F. Nasr F. Nasr 49.308 6:56.113 | Tower Motorsports | ORECA LMP2 07 LMP2,4,13:44:52.126,J. Farano,13:45:47.915,S. Alvarez,55.789,4:11.309,20_Pit Stops Time Cards_Race.PDF,1,2
2026,14_Watkins Glen International,Watkins Glen International,watkins-glen-international,2026-06-28,202606281210_Race,8,7 F. Nasr F. Nasr 49.308 6:56.113 | Tower Motorsports | ORECA LMP2 07 LMP2,5,13:49:05.537,S. Alvarez,13:49:35.227,S. Alvarez,29.690,4:40.999,20_Pit Stops Time Cards_Race.PDF,1,2
2026,14_Watkins Glen International,Watkins Glen International,watkins-glen-international,2026-06-28,202606281210_Race,8,7 F. Nasr F. Nasr 49.308 6:56.113 | Tower Motorsports | ORECA LMP2 07 LMP2,6,14:19:32.750,S. Alvarez,14:20:34.128,S. Alvarez,1:01.378,5:42.377,20_Pit Stops Time Cards_Race.PDF,1,2
2026,14_Watkins Glen International,Watkins Glen International,watkins-glen-international,2026-06-28,202606281210_Race,8,7 F. Nasr F. Nasr 49.308 6:56.113 | Tower Motorsports | ORECA LMP2 07 LMP2,7,15:12:45.725,S. Alvarez,15:13:58.968,S. Alvarez,1:13.243,6:55.620,20_Pit Stops Time Cards_Race.PDF,1,2
2026,14_Watkins Glen International,Watkins Glen International,watkins-glen-international,2026-06-28,202606281210_Race,8,7 F. Nasr F. Nasr 49.308 6:56.113 | Tower Motorsports | ORECA LMP2 07 LMP2,8,15:23:58.188,S. Alvarez,15:24:39.354,S. Alvarez,41.166,7:36.786,20_Pit Stops Time Cards_Race.PDF,1,2
2026,14_Watkins Glen International,Watkins Glen International,watkins-glen-international,2026-06-28,202606281210_Race,8,7 F. Nasr F. Nasr 49.308 6:56.113 | Tower Motorsports | ORECA LMP2 07 LMP2,9,16:30:57.806,S. Alvarez,16:32:08.479,T. Vautier,1:10.673,8:47.459,20_Pit Stops Time Cards_Race.PDF,1,2
2026,14_Watkins Glen International,Watkins Glen International,watkins-glen-international,2026-06-28,202606281210_Race,8,7 F. Nasr F. Nasr 49.308 6:56.113 | Tower Motorsports | ORECA LMP2 07 LMP2,10,16:46:24.602,T. Vautier,16:47:07.726,T. Vautier,43.124,9:30.583,20_Pit Stops Time Cards_Race.PDF,1,2
2026,14_Watkins Glen International,Watkins Glen International,watkins-glen-international,2026-06-28,202606281210_Race,8,7 F. Nasr F. Nasr 49.308 6:56.113 | Tower Motorsports | ORECA LMP2 07 LMP2,11,17:29:14.766,T. Vautier,17:30:21.995,T. Vautier,1:07.229,10:37.812,20_Pit Stops Time Cards_Race.PDF,1,2
2026,14_Watkins Glen International,Watkins Glen International,watkins-glen-international,2026-06-28,202606281210_Race,9,11 T. Vautier T. Vautier 1:07.229 10:37.812 | Pfaff Motorsports | Lamborghini Temerario GT3 GTDPRO,1,12:49:51.389,S. Mitchell,12:50:53.244,A. Caldarelli,1:01.855,1:01.855,20_Pit Stops Time Cards_Race.PDF,1,2
2026,14_Watkins Glen International,Watkins Glen International,watkins-glen-international,2026-06-28,202606281210_Race,9,11 T. Vautier T. Vautier 1:07.229 10:37.812 | Pfaff Motorsports | Lamborghini Temerario GT3 GTDPRO,2,13:07:17.391,A. Caldarelli,13:08:13.043,A. Caldarelli,55.652,1:57.507,20_Pit Stops Time Cards_Race.PDF,1,2
2026,14_Watkins Glen International,Watkins Glen International,watkins-glen-international,2026-06-28,202606281210_Race,9,11 T. Vautier T. Vautier 1:07.229 10:37.812 | Pfaff Motorsports | Lamborghini Temerario GT3 GTDPRO,3,14:22:13.253,A. Caldarelli,14:23:35.538,S. Mitchell,1:22.285,3:19.792,20_Pit Stops Time Cards_Race.PDF,1,2
2026,14_Watkins Glen International,Watkins Glen International,watkins-glen-international,2026-06-28,202606281210_Race,9,11 T. Vautier T. Vautier 1:07.229 10:37.812 | Pfaff Motorsports | Lamborghini Temerario GT3 GTDPRO,4,15:26:57.155,S. Mitchell,15:28:10.064,S. Mitchell,1:12.909,4:32.701,20_Pit Stops Time Cards_Race.PDF,1,2
2026,14_Watkins Glen International,Watkins Glen International,watkins-glen-international,2026-06-28,202606281210_Race,9,11 T. Vautier T. Vautier 1:07.229 10:37.812 | Pfaff Motorsports | Lamborghini Temerario GT3 GTDPRO,5,16:25:15.823,S. Mitchell,16:26:16.983,A. Caldarelli,1:01.160,5:33.861,20_Pit Stops Time Cards_Race.PDF,1,2
2026,14_Watkins Glen International,Watkins Glen International,watkins-glen-international,2026-06-28,202606281210_Race,9,11 T. Vautier T. Vautier 1:07.229 10:37.812 | Pfaff Motorsports | Lamborghini Temerario GT3 GTDPRO,6,16:49:16.722,A. Caldarelli,16:50:01.683,A. Caldarelli,44.961,6:18.822,20_Pit Stops Time Cards_Race.PDF,1,2
2026,14_Watkins Glen International,Watkins Glen International,watkins-glen-international,2026-06-28,202606281210_Race,9,11 T. Vautier T. Vautier 1:07.229 10:37.812 | Pfaff Motorsports | Lamborghini Temerario GT3 GTDPRO,7,17:12:37.428,A. Caldarelli,17:13:29.861,S. Mitchell,52.433,7:11.255,20_Pit Stops Time Cards_Race.PDF,1,2
2026,14_Watkins Glen International,Watkins Glen International,watkins-glen-international,2026-06-28,202606281210_Race,10,7 A. Caldarelli S. Mitchell 52.433 7:11.255 | Cadillac Wayne Taylor Racing | Cadillac V-Series.R GTP,1,12:47:03.814,F. Albuquerque,12:48:00.317,F. Albuquerque,56.503,56.503,20_Pit Stops Time Cards_Race.PDF,1,2
2026,14_Watkins Glen International,Watkins Glen International,watkins-glen-international,2026-06-28,202606281210_Race,10,7 A. Caldarelli S. Mitchell 52.433 7:11.255 | Cadillac Wayne Taylor Racing | Cadillac V-Series.R GTP,2,14:19:23.381,F. Albuquerque,14:20:36.258,R. Taylor,1:12.877,2:09.380,20_Pit Stops Time Cards_Race.PDF,1,2
2026,14_Watkins Glen International,Watkins Glen International,watkins-glen-international,2026-06-28,202606281210_Race,10,7 A. Caldarelli S. Mitchell 52.433 7:11.255 | Cadillac Wayne Taylor Racing | Cadillac V-Series.R GTP,3,15:23:48.371,R. Taylor,15:24:58.176,R. Taylor,1:09.805,3:19.185,20_Pit Stops Time Cards_Race.PDF,1,2
2026,14_Watkins Glen International,Watkins Glen International,watkins-glen-international,2026-06-28,202606281210_Race,10,7 A. Caldarelli S. Mitchell 52.433 7:11.255 | Cadillac Wayne Taylor Racing | Cadillac V-Series.R GTP,4,16:37:08.248,R. Taylor,16:38:16.401,F. Albuquerque,1:08.153,4:27.338,20_Pit Stops Time Cards_Race.PDF,1,2
2026,14_Watkins Glen International,Watkins Glen International,watkins-glen-international,2026-06-28,202606281210_Race,10,7 A. Caldarelli S. Mitchell 52.433 7:11.255 | Cadillac Wayne Taylor Racing | Cadillac V-Series.R GTP,5,17:18:53.359,F. Albuquerque,17:19:45.994,F. Albuquerque,52.635,5:19.973,20_Pit Stops Time Cards_Race.PDF,1,2
2026,14_Watkins Glen International,Watkins Glen International,watkins-glen-international,2026-06-28,202606281210_Race,11,5 F. Albuquerque F. Albuquerque 52.635 5:19.973 | TDS Racing | ORECA LMP2 07 LMP2,1,12:47:12.955,T. Lutke,12:48:15.963,T. Lutke,1:03.008,1:03.008,20_Pit Stops Time Cards_Race.PDF,2,1
2026,14_Watkins Glen International,Watkins Glen International,watkins-glen-international,2026-06-28,202606281210_Race,11,5 F. Albuquerque F. Albuquerque 52.635 5:19.973 | TDS Racing | ORECA LMP2 07 LMP2,2,12:52:44.320,T. Lutke,12:53:49.818,T. Lutke,1:05.498,2:08.506,20_Pit Stops Time Cards_Race.PDF,2,1
2026,14_Watkins Glen International,Watkins Glen International,watkins-glen-international,2026-06-28,202606281210_Race,11,5 F. Albuquerque F. Albuquerque 52.635 5:19.973 | TDS Racing | ORECA LMP2 07 LMP2,3,13:10:26.722,T. Lutke,13:11:37.267,T. Lutke,1:10.545,3:19.051,20_Pit Stops Time Cards_Race.PDF,2,1
2026,14_Watkins Glen International,Watkins Glen International,watkins-glen-international,2026-06-28,202606281210_Race,11,5 F. Albuquerque F. Albuquerque 52.635 5:19.973 | TDS Racing | ORECA LMP2 07 LMP2,4,13:22:16.107,T. Lutke,13:22:45.533,T. Lutke,29.426,3:48.477,20_Pit Stops Time Cards_Race.PDF,2,1
2026,14_Watkins Glen International,Watkins Glen International,watkins-glen-international,2026-06-28,202606281210_Race,11,5 F. Albuquerque F. Albuquerque 52.635 5:19.973 | TDS Racing | ORECA LMP2 07 LMP2,5,13:44:52.711,T. Lutke,13:45:55.496,D. Hansson,1:02.785,4:51.262,20_Pit Stops Time Cards_Race.PDF,2,1
2026,14_Watkins Glen International,Watkins Glen International,watkins-glen-international,2026-06-28,202606281210_Race,11,5 F. Albuquerque F. Albuquerque 52.635 5:19.973 | TDS Racing | ORECA LMP2 07 LMP2,6,14:19:38.242,D. Hansson,14:20:39.966,D. Hansson,1:01.724,5:52.986,20_Pit Stops Time Cards_Race.PDF,2,1
2026,14_Watkins Glen International,Watkins Glen International,watkins-glen-international,2026-06-28,202606281210_Race,11,5 F. Albuquerque F. Albuquerque 52.635 5:19.973 | TDS Racing | ORECA LMP2 07 LMP2,7,15:06:14.071,D. Hansson,15:07:21.160,D. Hansson,1:07.089,7:00.075,20_Pit Stops Time Cards_Race.PDF,2,1
2026,14_Watkins Glen International,Watkins Glen International,watkins-glen-international,2026-06-28,202606281210_Race,12,7 D. Hansson D. Hansson 1:07.089 7:00.075 | Vasser Sullivan Racing w/Dreyer & Reinbold | Lexus RC F GT3 GTD,1,12:49:55.607,F. Montecalvo,12:50:50.168,F. Montecalvo,54.561,54.561,20_Pit Stops Time Cards_Race.PDF,2,1
2026,14_Watkins Glen International,Watkins Glen International,watkins-glen-international,2026-06-28,202606281210_Race,12,7 D. Hansson D. Hansson 1:07.089 7:00.075 | Vasser Sullivan Racing w/Dreyer & Reinbold | Lexus RC F GT3 GTD,2,14:12:29.735,F. Montecalvo,14:13:36.254,B. Pedersen,1:06.519,2:01.080,20_Pit Stops Time Cards_Race.PDF,2,1
2026,14_Watkins Glen International,Watkins Glen International,watkins-glen-international,2026-06-28,202606281210_Race,12,7 D. Hansson D. Hansson 1:07.089 7:00.075 | Vasser Sullivan Racing w/Dreyer & Reinbold | Lexus RC F GT3 GTD,3,15:26:54.619,B. Pedersen,15:28:04.215,B. Pedersen,1:09.596,3:10.676,20_Pit Stops Time Cards_Race.PDF,2,1
2026,14_Watkins Glen International,Watkins Glen International,watkins-glen-international,2026-06-28,202606281210_Race,12,7 D. Hansson D. Hansson 1:07.089 7:00.075 | Vasser Sullivan Racing w/Dreyer & Reinbold | Lexus RC F GT3 GTD,4,15:58:25.429,B. Pedersen,15:59:18.585,A. Telitz,53.156,4:03.832,20_Pit Stops Time Cards_Race.PDF,2,1
2026,14_Watkins Glen International,Watkins Glen International,watkins-glen-international,2026-06-28,202606281210_Race,12,7 D. Hansson D. Hansson 1:07.089 7:00.075 | Vasser Sullivan Racing w/Dreyer & Reinbold | Lexus RC F GT3 GTD,5,16:31:28.752,A. Telitz,16:31:58.717,A. Telitz,29.965,4:33.797,20_Pit Stops Time Cards_Race.PDF,2,1
2026,14_Watkins Glen International,Watkins Glen International,watkins-glen-international,2026-06-28,202606281210_Race,12,7 D. Hansson D. Hansson 1:07.089 7:00.075 | Vasser Sullivan Racing w/Dreyer & Reinbold | Lexus RC F GT3 GTD,6,16:49:19.493,A. Telitz,16:50:20.682,A. Telitz,1:01.189,5:34.986,20_Pit Stops Time Cards_Race.PDF,2,1
2026,14_Watkins Glen International,Watkins Glen International,watkins-glen-international,2026-06-28,202606281210_Race,12,7 D. Hansson D. Hansson 1:07.089 7:00.075 | Vasser Sullivan Racing w/Dreyer & Reinbold | Lexus RC F GT3 GTD,7,17:55:47.188,A. Telitz,17:56:29.682,A. Telitz,42.494,6:17.480,20_Pit Stops Time Cards_Race.PDF,2,1
2026,14_Watkins Glen International,Watkins Glen International,watkins-glen-international,2026-06-28,202606281210_Race,13,7 A. Telitz A. Telitz 42.494 6:17.480 | 13 Autosport | Chevrolet Corvette Z06 GT3.R GTD B,1,12:41:59.356,O. Fidani,12:42:51.749,O. Fidani,52.393,52.393,20_Pit Stops Time Cards_Race.PDF,2,1
2026,14_Watkins Glen International,Watkins Glen International,watkins-glen-international,2026-06-28,202606281210_Race,13,7 A. Telitz A. Telitz 42.494 6:17.480 | 13 Autosport | Chevrolet Corvette Z06 GT3.R GTD B,2,13:41:51.566,O. Fidani,13:42:51.491,L. Kern,59.925,1:52.318,20_Pit Stops Time Cards_Race.PDF,2,1
2026,14_Watkins Glen International,Watkins Glen International,watkins-glen-international,2026-06-28,202606281210_Race,13,7 A. Telitz A. Telitz 42.494 6:17.480 | 13 Autosport | Chevrolet Corvette Z06 GT3.R GTD B,3,14:22:29.021,L. Kern,14:23:26.871,L. Kern,57.850,2:50.168,20_Pit Stops Time Cards_Race.PDF,2,1
2026,14_Watkins Glen International,Watkins Glen International,watkins-glen-international,2026-06-28,202606281210_Race,13,7 A. Telitz A. Telitz 42.494 6:17.480 | 13 Autosport | Chevrolet Corvette Z06 GT3.R GTD B,4,15:15:17.481,L. Kern,15:16:32.239,M. Bell,1:14.758,4:04.926,20_Pit Stops Time Cards_Race.PDF,2,1
2026,14_Watkins Glen International,Watkins Glen International,watkins-glen-international,2026-06-28,202606281210_Race,13,7 A. Telitz A. Telitz 42.494 6:17.480 | 13 Autosport | Chevrolet Corvette Z06 GT3.R GTD B,5,15:43:02.587,M. Bell,15:43:44.728,M. Bell,42.141,4:47.067,20_Pit Stops Time Cards_Race.PDF,2,1
2026,14_Watkins Glen International,Watkins Glen International,watkins-glen-international,2026-06-28,202606281210_Race,13,7 A. Telitz A. Telitz 42.494 6:17.480 | 13 Autosport | Chevrolet Corvette Z06 GT3.R GTD B,6,15:58:27.177,M. Bell,15:58:56.926,M. Bell,29.749,5:16.816,20_Pit Stops Time Cards_Race.PDF,2,1
2026,14_Watkins Glen International,Watkins Glen International,watkins-glen-international,2026-06-28,202606281210_Race,13,7 A. Telitz A. Telitz 42.494 6:17.480 | 13 Autosport | Chevrolet Corvette Z06 GT3.R GTD B,7,16:13:14.425,M. Bell,16:14:08.706,M. Bell,54.281,6:11.097,20_Pit Stops Time Cards_Race.PDF,2,1
2026,14_Watkins Glen International,Watkins Glen International,watkins-glen-international,2026-06-28,202606281210_Race,13,7 A. Telitz A. Telitz 42.494 6:17.480 | 13 Autosport | Chevrolet Corvette Z06 GT3.R GTD B,8,16:49:21.286,M. Bell,16:50:14.546,M. Bell,53.260,7:04.357,20_Pit Stops Time Cards_Race.PDF,2,1
2026,14_Watkins Glen International,Watkins Glen International,watkins-glen-international,2026-06-28,202606281210_Race,13,7 A. Telitz A. Telitz 42.494 6:17.480 | 13 Autosport | Chevrolet Corvette Z06 GT3.R GTD B,9,17:25:36.595,M. Bell,17:26:29.868,M. Bell,53.273,7:57.630,20_Pit Stops Time Cards_Race.PDF,2,1
2026,14_Watkins Glen International,Watkins Glen International,watkins-glen-international,2026-06-28,202606281210_Race,14,9 M. Bell M. Bell 53.273 7:57.630 | Vasser Sullivan Racing w/Dreyer & Reinbold | Lexus RC F GT3 GTDPRO,1,12:49:45.769,J. Hawksworth,12:50:39.930,J. Hawksworth,54.161,54.161,20_Pit Stops Time Cards_Race.PDF,2,1
2026,14_Watkins Glen International,Watkins Glen International,watkins-glen-international,2026-06-28,202606281210_Race,14,9 M. Bell M. Bell 53.273 7:57.630 | Vasser Sullivan Racing w/Dreyer & Reinbold | Lexus RC F GT3 GTDPRO,2,14:13:58.536,J. Hawksworth,14:15:04.047,B. Barnicoat,1:05.511,1:59.672,20_Pit Stops Time Cards_Race.PDF,2,1
2026,14_Watkins Glen International,Watkins Glen International,watkins-glen-international,2026-06-28,202606281210_Race,14,9 M. Bell M. Bell 53.273 7:57.630 | Vasser Sullivan Racing w/Dreyer & Reinbold | Lexus RC F GT3 GTDPRO,3,15:26:48.647,B. Barnicoat,15:27:53.774,B. Barnicoat,1:05.127,3:04.799,20_Pit Stops Time Cards_Race.PDF,2,1
2026,14_Watkins Glen International,Watkins Glen International,watkins-glen-international,2026-06-28,202606281210_Race,14,9 M. Bell M. Bell 53.273 7:57.630 | Vasser Sullivan Racing w/Dreyer & Reinbold | Lexus RC F GT3 GTDPRO,4,16:49:04.715,B. Barnicoat,16:50:07.558,J. Hawksworth,1:02.843,4:07.642,20_Pit Stops Time Cards_Race.PDF,2,1
2026,14_Watkins Glen International,Watkins Glen International,watkins-glen-international,2026-06-28,202606281210_Race,14,9 M. Bell M. Bell 53.273 7:57.630 | Vasser Sullivan Racing w/Dreyer & Reinbold | Lexus RC F GT3 GTDPRO,5,17:15:57.392,J. Hawksworth,17:16:37.543,J. Hawksworth,40.151,4:47.793,20_Pit Stops Time Cards_Race.PDF,2,1
2026,14_Watkins Glen International,Watkins Glen International,watkins-glen-international,2026-06-28,202606281210_Race,16,5 J. Hawksworth J. Hawksworth 40.151 4:47.793 | Myers Riley Motorsports | Ford Mustang GT3 GTD B,1,12:50:32.041,S. Monk,12:51:29.510,S. Monk,57.469,57.469,20_Pit Stops Time Cards_Race.PDF,2,1
2026,14_Watkins Glen International,Watkins Glen International,watkins-glen-international,2026-06-28,202606281210_Race,16,5 J. Hawksworth J. Hawksworth 40.151 4:47.793 | Myers Riley Motorsports | Ford Mustang GT3 GTD B,2,13:45:26.788,S. Monk,13:46:27.345,J. Altzman,1:00.557,1:58.026,20_Pit Stops Time Cards_Race.PDF,2,1
2026,14_Watkins Glen International,Watkins Glen International,watkins-glen-international,2026-06-28,202606281210_Race,16,5 J. Hawksworth J. Hawksworth 40.151 4:47.793 | Myers Riley Motorsports | Ford Mustang GT3 GTD B,3,14:22:37.280,J. Altzman,14:23:34.808,J. Altzman,57.528,2:55.554,20_Pit Stops Time Cards_Race.PDF,2,1
2026,14_Watkins Glen International,Watkins Glen International,watkins-glen-international,2026-06-28,202606281210_Race,16,5 J. Hawksworth J. Hawksworth 40.151 4:47.793 | Myers Riley Motorsports | Ford Mustang GT3 GTD B,4,15:19:10.160,J. Altzman,15:21:07.749,F. Fraga,1:57.589,4:53.143,20_Pit Stops Time Cards_Race.PDF,2,1
2026,14_Watkins Glen International,Watkins Glen International,watkins-glen-international,2026-06-28,202606281210_Race,16,5 J. Hawksworth J. Hawksworth 40.151 4:47.793 | Myers Riley Motorsports | Ford Mustang GT3 GTD B,5,15:31:09.471,F. Fraga,15:31:48.457,F. Fraga,38.986,5:32.129,20_Pit Stops Time Cards_Race.PDF,2,1
2026,14_Watkins Glen International,Watkins Glen International,watkins-glen-international,2026-06-28,202606281210_Race,16,5 J. Hawksworth J. Hawksworth 40.151 4:47.793 | Myers Riley Motorsports | Ford Mustang GT3 GTD B,6,15:33:50.484,F. Fraga,15:34:28.712,F. Fraga,38.228,6:10.357,20_Pit Stops Time Cards_Race.PDF,2,1
2026,14_Watkins Glen International,Watkins Glen International,watkins-glen-international,2026-06-28,202606281210_Race,16,5 J. Hawksworth J. Hawksworth 40.151 4:47.793 | Myers Riley Motorsports | Ford Mustang GT3 GTD B,7,16:05:37.612,F. Fraga,16:06:17.415,F. Fraga,39.803,6:50.160,20_Pit Stops Time Cards_Race.PDF,2,1
2026,14_Watkins Glen International,Watkins Glen International,watkins-glen-international,2026-06-28,202606281210_Race,16,5 J. Hawksworth J. Hawksworth 40.151 4:47.793 | Myers Riley Motorsports | Ford Mustang GT3 GTD B,8,16:11:53.178,F. Fraga,16:30:02.278,F. Fraga,18:09.100,24:59.260,20_Pit Stops Time Cards_Race.PDF,2,1
2026,14_Watkins Glen International,Watkins Glen International,watkins-glen-international,2026-06-28,202606281210_Race,16,5 J. Hawksworth J. Hawksworth 40.151 4:47.793 | Myers Riley Motorsports | Ford Mustang GT3 GTD B,9,16:53:33.501,F. Fraga,16:54:29.089,F. Fraga,55.588,25:54.848,20_Pit Stops Time Cards_Race.PDF,2,1
2026,14_Watkins Glen International,Watkins Glen International,watkins-glen-international,2026-06-28,202606281210_Race,16,5 J. Hawksworth J. Hawksworth 40.151 4:47.793 | Myers Riley Motorsports | Ford Mustang GT3 GTD B,10,16:56:13.621,F. Fraga,16:56:49.660,F. Fraga,36.039,26:30.887,20_Pit Stops Time Cards_Race.PDF,2,1
2026,14_Watkins Glen International,Watkins Glen International,watkins-glen-international,2026-06-28,202606281210_Race,16,5 J. Hawksworth J. Hawksworth 40.151 4:47.793 | Myers Riley Motorsports | Ford Mustang GT3 GTD B,11,18:01:44.032,F. Fraga,18:02:29.348,F. Fraga,45.316,27:16.203,20_Pit Stops Time Cards_Race.PDF,2,1
2026,14_Watkins Glen International,Watkins Glen International,watkins-glen-international,2026-06-28,202606281210_Race,18,11 F. Fraga F. Fraga 45.316 27:16.203 | Era Motorsport | ORECA LMP2 07 LMP2,1,12:37:22.862,N. Rao,12:37:52.711,N. Rao,29.849,29.849,20_Pit Stops Time Cards_Race.PDF,2,1
2026,14_Watkins Glen International,Watkins Glen International,watkins-glen-international,2026-06-28,202606281210_Race,18,11 F. Fraga F. Fraga 45.316 27:16.203 | Era Motorsport | ORECA LMP2 07 LMP2,2,12:47:16.131,N. Rao,12:48:20.294,N. Rao,1:04.163,1:34.012,20_Pit Stops Time Cards_Race.PDF,2,1
2026,14_Watkins Glen International,Watkins Glen International,watkins-glen-international,2026-06-28,202606281210_Race,18,11 F. Fraga F. Fraga 45.316 27:16.203 | Era Motorsport | ORECA LMP2 07 LMP2,3,13:46:31.984,N. Rao,13:47:40.029,F. Habsburg,1:08.045,2:42.057,20_Pit Stops Time Cards_Race.PDF,2,2
2026,14_Watkins Glen International,Watkins Glen International,watkins-glen-international,2026-06-28,202606281210_Race,18,11 F. Fraga F. Fraga 45.316 27:16.203 | Era Motorsport | ORECA LMP2 07 LMP2,4,14:19:29.044,F. Habsburg,14:20:30.942,J. Abel,1:01.898,3:43.955,20_Pit Stops Time Cards_Race.PDF,2,2
2026,14_Watkins Glen International,Watkins Glen International,watkins-glen-international,2026-06-28,202606281210_Race,18,11 F. Fraga F. Fraga 45.316 27:16.203 | Era Motorsport | ORECA LMP2 07 LMP2,5,15:12:51.597,J. Abel,15:14:05.118,J. Abel,1:13.521,4:57.476,20_Pit Stops Time Cards_Race.PDF,2,2
2026,14_Watkins Glen International,Watkins Glen International,watkins-glen-international,2026-06-28,202606281210_Race,18,11 F. Fraga F. Fraga 45.316 27:16.203 | Era Motorsport | ORECA LMP2 07 LMP2,6,16:14:37.370,J. Abel,16:15:44.004,F. Habsburg,1:06.634,6:04.110,20_Pit Stops Time Cards_Race.PDF,2,2
2026,14_Watkins Glen International,Watkins Glen International,watkins-glen-international,2026-06-28,202606281210_Race,18,11 F. Fraga F. Fraga 45.316 27:16.203 | Era Motorsport | ORECA LMP2 07 LMP2,7,16:46:41.751,F. Habsburg,16:47:39.330,F. Habsburg,57.579,7:01.689,20_Pit Stops Time Cards_Race.PDF,2,2
2026,14_Watkins Glen International,Watkins Glen International,watkins-glen-international,2026-06-28,202606281210_Race,18,11 F. Fraga F. Fraga 45.316 27:16.203 | Era Motorsport | ORECA LMP2 07 LMP2,8,17:29:15.255,F. Habsburg,17:30:20.276,F. Habsburg,1:05.021,8:06.710,20_Pit Stops Time Cards_Race.PDF,2,2
2026,14_Watkins Glen International,Watkins Glen International,watkins-glen-international,2026-06-28,202606281210_Race,21,8 F. Habsburg F. Habsburg 1:05.021 8:06.710 | Af Corse Usa | Ferrari 296 GT3 EVO GTD,1,12:34:17.382,A. Fuoco,12:34:46.908,A. Fuoco,29.526,29.526,20_Pit Stops Time Cards_Race.PDF,2,2
2026,14_Watkins Glen International,Watkins Glen International,watkins-glen-international,2026-06-28,202606281210_Race,21,8 F. Habsburg F. Habsburg 1:05.021 8:06.710 | Af Corse Usa | Ferrari 296 GT3 EVO GTD,2,12:50:34.769,A. Fuoco,12:51:36.705,A. Fuoco,1:01.936,1:31.462,20_Pit Stops Time Cards_Race.PDF,2,2
2026,14_Watkins Glen International,Watkins Glen International,watkins-glen-international,2026-06-28,202606281210_Race,21,8 F. Habsburg F. Habsburg 1:05.021 8:06.710 | Af Corse Usa | Ferrari 296 GT3 EVO GTD,3,13:07:45.226,A. Fuoco,13:08:54.762,A. Udell,1:09.536,2:40.998,20_Pit Stops Time Cards_Race.PDF,2,2
2026,14_Watkins Glen International,Watkins Glen International,watkins-glen-international,2026-06-28,202606281210_Race,21,8 F. Habsburg F. Habsburg 1:05.021 8:06.710 | Af Corse Usa | Ferrari 296 GT3 EVO GTD,4,14:22:15.069,A. Udell,14:23:23.758,A. Udell,1:08.689,3:49.687,20_Pit Stops Time Cards_Race.PDF,2,2
2026,14_Watkins Glen International,Watkins Glen International,watkins-glen-international,2026-06-28,202606281210_Race,21,8 F. Habsburg F. Habsburg 1:05.021 8:06.710 | Af Corse Usa | Ferrari 296 GT3 EVO GTD,5,15:15:16.690,A. Udell,15:16:20.693,S. Mann,1:04.003,4:53.690,20_Pit Stops Time Cards_Race.PDF,2,2
2026,14_Watkins Glen International,Watkins Glen International,watkins-glen-international,2026-06-28,202606281210_Race,21,8 F. Habsburg F. Habsburg 1:05.021 8:06.710 | Af Corse Usa | Ferrari 296 GT3 EVO GTD,6,16:34:19.324,S. Mann,16:35:14.856,S. Mann,55.532,5:49.222,20_Pit Stops Time Cards_Race.PDF,2,2
2026,14_Watkins Glen International,Watkins Glen International,watkins-glen-international,2026-06-28,202606281210_Race,22,6 S. Mann S. Mann 55.532 5:49.222 | United Autosports USA | ORECA LMP2 07 LMP2,1,12:47:09.508,D. Goldburg,12:48:13.300,D. Goldburg,1:03.792,1:03.792,20_Pit Stops Time Cards_Race.PDF,2,2
2026,14_Watkins Glen International,Watkins Glen International,watkins-glen-international,2026-06-28,202606281210_Race,22,6 S. Mann S. Mann 55.532 5:49.222 | United Autosports USA | ORECA LMP2 07 LMP2,2,12:52:41.767,D. Goldburg,12:53:46.991,D. Goldburg,1:05.224,2:09.016,20_Pit Stops Time Cards_Race.PDF,2,2
2026,14_Watkins Glen International,Watkins Glen International,watkins-glen-international,2026-06-28,202606281210_Race,22,6 S. Mann S. Mann 55.532 5:49.222 | United Autosports USA | ORECA LMP2 07 LMP2,3,13:06:54.194,D. Goldburg,13:08:08.786,D. Goldburg,1:14.592,3:23.608,20_Pit Stops Time Cards_Race.PDF,2,2
2026,14_Watkins Glen International,Watkins Glen International,watkins-glen-international,2026-06-28,202606281210_Race,22,6 S. Mann S. Mann 55.532 5:49.222 | United Autosports USA | ORECA LMP2 07 LMP2,4,13:18:51.819,D. Goldburg,13:19:21.696,D. Goldburg,29.877,3:53.485,20_Pit Stops Time Cards_Race.PDF,2,2
2026,14_Watkins Glen International,Watkins Glen International,watkins-glen-international,2026-06-28,202606281210_Race,22,6 S. Mann S. Mann 55.532 5:49.222 | United Autosports USA | ORECA LMP2 07 LMP2,5,13:56:24.966,D. Goldburg,13:57:33.106,R. Lindh,1:08.140,5:01.625,20_Pit Stops Time Cards_Race.PDF,2,2
2026,14_Watkins Glen International,Watkins Glen International,watkins-glen-international,2026-06-28,202606281210_Race,22,6 S. Mann S. Mann 55.532 5:49.222 | United Autosports USA | ORECA LMP2 07 LMP2,6,14:19:28.107,R. Lindh,14:20:21.114,R. Lindh,53.007,5:54.632,20_Pit Stops Time Cards_Race.PDF,2,2
2026,14_Watkins Glen International,Watkins Glen International,watkins-glen-international,2026-06-28,202606281210_Race,22,6 S. Mann S. Mann 55.532 5:49.222 | United Autosports USA | ORECA LMP2 07 LMP2,7,15:12:44.412,R. Lindh,15:14:00.495,R. Lindh,1:16.083,7:10.715,20_Pit Stops Time Cards_Race.PDF,2,2
2026,14_Watkins Glen International,Watkins Glen International,watkins-glen-international,2026-06-28,202606281210_Race,22,6 S. Mann S. Mann 55.532 5:49.222 | United Autosports USA | ORECA LMP2 07 LMP2,8,15:23:59.273,R. Lindh,15:24:57.702,R. Lindh,58.429,8:09.144,20_Pit Stops Time Cards_Race.PDF,2,2
2026,14_Watkins Glen International,Watkins Glen International,watkins-glen-international,2026-06-28,202606281210_Race,22,6 S. Mann S. Mann 55.532 5:49.222 | United Autosports USA | ORECA LMP2 07 LMP2,9,15:30:12.350,R. Lindh,15:30:54.454,R. Lindh,42.104,8:51.248,20_Pit Stops Time Cards_Race.PDF,2,2
2026,14_Watkins Glen International,Watkins Glen International,watkins-glen-international,2026-06-28,202606281210_Race,22,6 S. Mann S. Mann 55.532 5:49.222 | United Autosports USA | ORECA LMP2 07 LMP2,10,16:03:10.965,R. Lindh,16:03:40.932,R. Lindh,29.967,9:21.215,20_Pit Stops Time Cards_Race.PDF,2,2
2026,14_Watkins Glen International,Watkins Glen International,watkins-glen-international,2026-06-28,202606281210_Race,22,6 S. Mann S. Mann 55.532 5:49.222 | United Autosports USA | ORECA LMP2 07 LMP2,11,16:18:10.071,R. Lindh,16:19:11.722,P. Di Resta,1:01.651,10:22.866,20_Pit Stops Time Cards_Race.PDF,2,2
2026,14_Watkins Glen International,Watkins Glen International,watkins-glen-international,2026-06-28,202606281210_Race,22,6 S. Mann S. Mann 55.532 5:49.222 | United Autosports USA | ORECA LMP2 07 LMP2,12,16:46:42.401,P. Di Resta,16:47:39.004,P. Di Resta,56.603,11:19.469,20_Pit Stops Time Cards_Race.PDF,2,2
2026,14_Watkins Glen International,Watkins Glen International,watkins-glen-international,2026-06-28,202606281210_Race,22,6 S. Mann S. Mann 55.532 5:49.222 | United Autosports USA | ORECA LMP2 07 LMP2,13,17:29:15.877,P. Di Resta,17:30:23.211,P. Di Resta,1:07.334,12:26.803,20_Pit Stops Time Cards_Race.PDF,2,2
2026,14_Watkins Glen International,Watkins Glen International,watkins-glen-international,2026-06-28,202606281210_Race,023,13 P. Di Resta P. Di Resta 1:07.334 12:26.803 | Triarsi Competizione | Ferrari 296 GT3 EVO GTD,1,13:07:18.091,R. Megennis,13:08:16.658,R. Megennis,58.567,58.567,20_Pit Stops Time Cards_Race.PDF,2,2
2026,14_Watkins Glen International,Watkins Glen International,watkins-glen-international,2026-06-28,202606281210_Race,023,13 P. Di Resta P. Di Resta 1:07.334 12:26.803 | Triarsi Competizione | Ferrari 296 GT3 EVO GTD,2,13:14:31.055,R. Megennis,13:15:09.748,R. Megennis,38.693,1:37.260,20_Pit Stops Time Cards_Race.PDF,2,2
2026,14_Watkins Glen International,Watkins Glen International,watkins-glen-international,2026-06-28,202606281210_Race,023,13 P. Di Resta P. Di Resta 1:07.334 12:26.803 | Triarsi Competizione | Ferrari 296 GT3 EVO GTD,3,14:22:18.044,R. Megennis,14:23:29.997,O. Triarsi,1:11.953,2:49.213,20_Pit Stops Time Cards_Race.PDF,2,2
2026,14_Watkins Glen International,Watkins Glen International,watkins-glen-international,2026-06-28,202606281210_Race,023,13 P. Di Resta P. Di Resta 1:07.334 12:26.803 | Triarsi Competizione | Ferrari 296 GT3 EVO GTD,4,15:09:54.752,O. Triarsi,15:10:55.646,O. Triarsi,1:00.894,3:50.107,20_Pit Stops Time Cards_Race.PDF,2,2
2026,14_Watkins Glen International,Watkins Glen International,watkins-glen-international,2026-06-28,202606281210_Race,023,13 P. Di Resta P. Di Resta 1:07.334 12:26.803 | Triarsi Competizione | Ferrari 296 GT3 EVO GTD,5,16:05:31.394,O. Triarsi,16:06:00.915,O. Triarsi,29.521,4:19.628,20_Pit Stops Time Cards_Race.PDF,2,2
2026,14_Watkins Glen International,Watkins Glen International,watkins-glen-international,2026-06-28,202606281210_Race,023,13 P. Di Resta P. Di Resta 1:07.334 12:26.803 | Triarsi Competizione | Ferrari 296 GT3 EVO GTD,6,16:13:07.379,O. Triarsi,16:14:07.684,K. Koch,1:00.305,5:19.933,20_Pit Stops Time Cards_Race.PDF,2,2
2026,14_Watkins Glen International,Watkins Glen International,watkins-glen-international,2026-06-28,202606281210_Race,023,13 P. Di Resta P. Di Resta 1:07.334 12:26.803 | Triarsi Competizione | Ferrari 296 GT3 EVO GTD,7,16:49:20.706,K. Koch,16:50:18.640,K. Koch,57.934,6:17.867,20_Pit Stops Time Cards_Race.PDF,2,2
2026,14_Watkins Glen International,Watkins Glen International,watkins-glen-international,2026-06-28,202606281210_Race,023,13 P. Di Resta P. Di Resta 1:07.334 12:26.803 | Triarsi Competizione | Ferrari 296 GT3 EVO GTD,8,17:12:40.675,K. Koch,17:13:25.489,K. Koch,44.814,7:02.681,20_Pit Stops Time Cards_Race.PDF,2,2
2026,14_Watkins Glen International,Watkins Glen International,watkins-glen-international,2026-06-28,202606281210_Race,23,8 K. Koch K. Koch 44.814 7:02.681 | ASTON MARTIN THOR Team | Aston Martin Valkyrie GTP,1,12:47:06.766,R. Gunn,12:48:03.094,R. De Angelis,56.328,56.328,20_Pit Stops Time Cards_Race.PDF,2,2
2026,14_Watkins Glen International,Watkins Glen International,watkins-glen-international,2026-06-28,202606281210_Race,23,8 K. Koch K. Koch 44.814 7:02.681 | ASTON MARTIN THOR Team | Aston Martin Valkyrie GTP,2,12:52:38.964,R. De Angelis,12:53:45.594,R. De Angelis,1:06.630,2:02.958,20_Pit Stops Time Cards_Race.PDF,2,2
2026,14_Watkins Glen International,Watkins Glen International,watkins-glen-international,2026-06-28,202606281210_Race,24,2 R. De Angelis R. De Angelis 1:06.630 2:02.958 | BMW M Team WRT | BMW M Hybrid V8 GTP,1,12:47:05.202,D. Vanthoor,12:47:58.993,D. Vanthoor,53.791,53.791,20_Pit Stops Time Cards_Race.PDF,2,2
2026,14_Watkins Glen International,Watkins Glen International,watkins-glen-international,2026-06-28,202606281210_Race,24,2 R. De Angelis R. De Angelis 1:06.630 2:02.958 | BMW M Team WRT | BMW M Hybrid V8 GTP,2,13:03:05.468,D. Vanthoor,13:04:36.830,D. Vanthoor,1:31.362,2:25.153,20_Pit Stops Time Cards_Race.PDF,2,2
2026,14_Watkins Glen International,Watkins Glen International,watkins-glen-international,2026-06-28,202606281210_Race,24,2 R. De Angelis R. De Angelis 1:06.630 2:02.958 | BMW M Team WRT | BMW M Hybrid V8 GTP,3,14:19:26.574,D. Vanthoor,14:20:37.678,S. van der Linde,1:11.104,3:36.257,20_Pit Stops Time Cards_Race.PDF,2,2
2026,14_Watkins Glen International,Watkins Glen International,watkins-glen-international,2026-06-28,202606281210_Race,24,2 R. De Angelis R. De Angelis 1:06.630 2:02.958 | BMW M Team WRT | BMW M Hybrid V8 GTP,4,15:23:43.847,S. van der Linde,15:24:53.309,S. van der Linde,1:09.462,4:45.719,20_Pit Stops Time Cards_Race.PDF,2,2
2026,14_Watkins Glen International,Watkins Glen International,watkins-glen-international,2026-06-28,202606281210_Race,24,2 R. De Angelis R. De Angelis 1:06.630 2:02.958 | BMW M Team WRT | BMW M Hybrid V8 GTP,5,16:46:01.836,S. van der Linde,16:47:10.400,S. van der Linde,1:08.564,5:54.283,20_Pit Stops Time Cards_Race.PDF,2,2
2026,14_Watkins Glen International,Watkins Glen International,watkins-glen-international,2026-06-28,202606281210_Race,24,2 R. De Angelis R. De Angelis 1:06.630 2:02.958 | BMW M Team WRT | BMW M Hybrid V8 GTP,6,17:20:32.416,S. van der Linde,17:21:24.009,S. van der Linde,51.593,6:45.876,20_Pit Stops Time Cards_Race.PDF,2,2
2026,14_Watkins Glen International,Watkins Glen International,watkins-glen-international,2026-06-28,202606281210_Race,25,BMW M Team WRT | BMW M Hybrid V8 GTP,1,12:47:06.187,M. Wittmann,12:49:24.912,P. Eng,2:18.725,2:18.725,20_Pit Stops Time Cards_Race.PDF,3,1
2026,14_Watkins Glen International,Watkins Glen International,watkins-glen-international,2026-06-28,202606281210_Race,25,BMW M Team WRT | BMW M Hybrid V8 GTP,2,12:53:02.826,P. Eng,12:53:53.757,P. Eng,50.931,3:09.656,20_Pit Stops Time Cards_Race.PDF,3,1
2026,14_Watkins Glen International,Watkins Glen International,watkins-glen-international,2026-06-28,202606281210_Race,25,BMW M Team WRT | BMW M Hybrid V8 GTP,3,13:03:06.187,P. Eng,13:04:39.164,P. Eng,1:32.977,4:42.633,20_Pit Stops Time Cards_Race.PDF,3,1
2026,14_Watkins Glen International,Watkins Glen International,watkins-glen-international,2026-06-28,202606281210_Race,25,BMW M Team WRT | BMW M Hybrid V8 GTP,4,13:52:37.137,P. Eng,13:53:31.761,M. Wittmann,54.624,5:37.257,20_Pit Stops Time Cards_Race.PDF,3,1
2026,14_Watkins Glen International,Watkins Glen International,watkins-glen-international,2026-06-28,202606281210_Race,25,BMW M Team WRT | BMW M Hybrid V8 GTP,5,14:19:46.443,M. Wittmann,14:20:38.399,M. Wittmann,51.956,6:29.213,20_Pit Stops Time Cards_Race.PDF,3,1
2026,14_Watkins Glen International,Watkins Glen International,watkins-glen-international,2026-06-28,202606281210_Race,25,BMW M Team WRT | BMW M Hybrid V8 GTP,6,14:59:08.853,M. Wittmann,15:00:03.388,P. Eng,54.535,7:23.748,20_Pit Stops Time Cards_Race.PDF,3,1
2026,14_Watkins Glen International,Watkins Glen International,watkins-glen-international,2026-06-28,202606281210_Race,25,BMW M Team WRT | BMW M Hybrid V8 GTP,7,15:59:45.059,P. Eng,16:00:45.448,P. Eng,1:00.389,8:24.137,20_Pit Stops Time Cards_Race.PDF,3,1
2026,14_Watkins Glen International,Watkins Glen International,watkins-glen-international,2026-06-28,202606281210_Race,25,BMW M Team WRT | BMW M Hybrid V8 GTP,8,16:08:53.612,P. Eng,16:09:23.021,P. Eng,29.409,8:53.546,20_Pit Stops Time Cards_Race.PDF,3,1
2026,14_Watkins Glen International,Watkins Glen International,watkins-glen-international,2026-06-28,202606281210_Race,25,BMW M Team WRT | BMW M Hybrid V8 GTP,9,16:53:11.234,P. Eng,16:54:14.563,M. Wittmann,1:03.329,9:56.875,20_Pit Stops Time Cards_Race.PDF,3,1
2026,14_Watkins Glen International,Watkins Glen International,watkins-glen-international,2026-06-28,202606281210_Race,25,BMW M Team WRT | BMW M Hybrid V8 GTP,10,17:25:37.078,M. Wittmann,17:26:29.386,M. Wittmann,52.308,10:49.183,20_Pit Stops Time Cards_Race.PDF,3,1
2026,14_Watkins Glen International,Watkins Glen International,watkins-glen-international,2026-06-28,202606281210_Race,27,10 M. Wittmann M. Wittmann 52.308 10:49.183 | Heart of Racing Team | Aston Martin Vantage GT3 Evo GTD,1,12:49:53.051,Z. Robichon,12:50:46.374,Z. Robichon,53.323,53.323,20_Pit Stops Time Cards_Race.PDF,3,1
2026,14_Watkins Glen International,Watkins Glen International,watkins-glen-international,2026-06-28,202606281210_Race,27,10 M. Wittmann M. Wittmann 52.308 10:49.183 | Heart of Racing Team | Aston Martin Vantage GT3 Evo GTD,2,14:14:07.137,Z. Robichon,14:15:16.380,D. Barrichello,1:09.243,2:02.566,20_Pit Stops Time Cards_Race.PDF,3,1
2026,14_Watkins Glen International,Watkins Glen International,watkins-glen-international,2026-06-28,202606281210_Race,27,10 M. Wittmann M. Wittmann 52.308 10:49.183 | Heart of Racing Team | Aston Martin Vantage GT3 Evo GTD,3,15:26:54.191,D. Barrichello,15:28:01.661,D. Barrichello,1:07.470,3:10.036,20_Pit Stops Time Cards_Race.PDF,3,1
2026,14_Watkins Glen International,Watkins Glen International,watkins-glen-international,2026-06-28,202606281210_Race,27,10 M. Wittmann M. Wittmann 52.308 10:49.183 | Heart of Racing Team | Aston Martin Vantage GT3 Evo GTD,4,16:12:45.634,D. Barrichello,16:13:46.543,T. Gamble,1:00.909,4:10.945,20_Pit Stops Time Cards_Race.PDF,3,1
2026,14_Watkins Glen International,Watkins Glen International,watkins-glen-international,2026-06-28,202606281210_Race,27,10 M. Wittmann M. Wittmann 52.308 10:49.183 | Heart of Racing Team | Aston Martin Vantage GT3 Evo GTD,5,16:49:16.007,T. Gamble,16:50:15.093,T. Gamble,59.086,5:10.031,20_Pit Stops Time Cards_Race.PDF,3,1
2026,14_Watkins Glen International,Watkins Glen International,watkins-glen-international,2026-06-28,202606281210_Race,27,10 M. Wittmann M. Wittmann 52.308 10:49.183 | Heart of Racing Team | Aston Martin Vantage GT3 Evo GTD,6,17:18:04.145,T. Gamble,17:18:50.068,T. Gamble,45.923,5:55.954,20_Pit Stops Time Cards_Race.PDF,3,1
2026,14_Watkins Glen International,Watkins Glen International,watkins-glen-international,2026-06-28,202606281210_Race,28,6 T. Gamble T. Gamble 45.923 5:55.954 | Rs1 | Porsche 911 GT3 R (992) GTD B,1,12:50:35.454,E. Lux,12:51:42.329,E. Lux,1:06.875,1:06.875,20_Pit Stops Time Cards_Race.PDF,3,1
2026,14_Watkins Glen International,Watkins Glen International,watkins-glen-international,2026-06-28,202606281210_Race,28,6 T. Gamble T. Gamble 45.923 5:55.954 | Rs1 | Porsche 911 GT3 R (992) GTD B,2,13:00:50.076,E. Lux,13:01:28.812,E. Lux,38.736,1:45.611,20_Pit Stops Time Cards_Race.PDF,3,1
2026,14_Watkins Glen International,Watkins Glen International,watkins-glen-international,2026-06-28,202606281210_Race,28,6 T. Gamble T. Gamble 45.923 5:55.954 | Rs1 | Porsche 911 GT3 R (992) GTD B,3,14:00:34.243,E. Lux,14:01:41.447,D. Machavern,1:07.204,2:52.815,20_Pit Stops Time Cards_Race.PDF,3,1
2026,14_Watkins Glen International,Watkins Glen International,watkins-glen-international,2026-06-28,202606281210_Race,28,6 T. Gamble T. Gamble 45.923 5:55.954 | Rs1 | Porsche 911 GT3 R (992) GTD B,4,14:26:22.363,D. Machavern,14:27:08.633,D. Machavern,46.270,3:39.085,20_Pit Stops Time Cards_Race.PDF,3,1
2026,14_Watkins Glen International,Watkins Glen International,watkins-glen-international,2026-06-28,202606281210_Race,28,6 T. Gamble T. Gamble 45.923 5:55.954 | Rs1 | Porsche 911 GT3 R (992) GTD B,5,14:48:18.483,D. Machavern,14:49:05.015,D. Machavern,46.532,4:25.617,20_Pit Stops Time Cards_Race.PDF,3,1
2026,14_Watkins Glen International,Watkins Glen International,watkins-glen-international,2026-06-28,202606281210_Race,28,6 T. Gamble T. Gamble 45.923 5:55.954 | Rs1 | Porsche 911 GT3 R (992) GTD B,6,15:33:39.650,D. Machavern,15:34:42.250,J. Heylen,1:02.600,5:28.217,20_Pit Stops Time Cards_Race.PDF,3,1
2026,14_Watkins Glen International,Watkins Glen International,watkins-glen-international,2026-06-28,202606281210_Race,28,6 T. Gamble T. Gamble 45.923 5:55.954 | Rs1 | Porsche 911 GT3 R (992) GTD B,7,16:49:11.335,J. Heylen,16:50:19.921,J. Heylen,1:08.586,6:36.803,20_Pit Stops Time Cards_Race.PDF,3,1
2026,14_Watkins Glen International,Watkins Glen International,watkins-glen-international,2026-06-28,202606281210_Race,28,6 T. Gamble T. Gamble 45.923 5:55.954 | Rs1 | Porsche 911 GT3 R (992) GTD B,8,17:12:41.265,J. Heylen,17:13:27.939,J. Heylen,46.674,7:23.477,20_Pit Stops Time Cards_Race.PDF,3,1
2026,14_Watkins Glen International,Watkins Glen International,watkins-glen-international,2026-06-28,202606281210_Race,31,8 J. Heylen J. Heylen 46.674 7:23.477 | Cadillac Whelen | Cadillac V-Series.R GTP,1,12:47:00.783,J. Aitken,12:47:53.201,F. Vesti,52.418,52.418,20_Pit Stops Time Cards_Race.PDF,3,1
2026,14_Watkins Glen International,Watkins Glen International,watkins-glen-international,2026-06-28,202606281210_Race,31,8 J. Heylen J. Heylen 46.674 7:23.477 | Cadillac Whelen | Cadillac V-Series.R GTP,2,14:19:21.007,F. Vesti,14:20:31.595,E. Bamber,1:10.588,2:03.006,20_Pit Stops Time Cards_Race.PDF,3,1
2026,14_Watkins Glen International,Watkins Glen International,watkins-glen-international,2026-06-28,202606281210_Race,31,8 J. Heylen J. Heylen 46.674 7:23.477 | Cadillac Whelen | Cadillac V-Series.R GTP,3,15:23:40.629,E. Bamber,15:24:48.045,E. Bamber,1:07.416,3:10.422,20_Pit Stops Time Cards_Race.PDF,3,1
2026,14_Watkins Glen International,Watkins Glen International,watkins-glen-international,2026-06-28,202606281210_Race,31,8 J. Heylen J. Heylen 46.674 7:23.477 | Cadillac Whelen | Cadillac V-Series.R GTP,4,16:46:02.279,E. Bamber,16:47:09.529,J. Aitken,1:07.250,4:17.672,20_Pit Stops Time Cards_Race.PDF,3,1
2026,14_Watkins Glen International,Watkins Glen International,watkins-glen-international,2026-06-28,202606281210_Race,31,8 J. Heylen J. Heylen 46.674 7:23.477 | Cadillac Whelen | Cadillac V-Series.R GTP,5,17:18:49.771,J. Aitken,17:19:37.602,J. Aitken,47.831,5:05.503,20_Pit Stops Time Cards_Race.PDF,3,1
2026,14_Watkins Glen International,Watkins Glen International,watkins-glen-international,2026-06-28,202606281210_Race,033,5 J. Aitken J. Aitken 47.831 5:05.503 | Triarsi Competizione | Ferrari 296 GT3 EVO GTDPRO,1,12:49:47.929,J. Calado,12:50:39.450,J. Calado,51.521,51.521,20_Pit Stops Time Cards_Race.PDF,3,1
2026,14_Watkins Glen International,Watkins Glen International,watkins-glen-international,2026-06-28,202606281210_Race,033,5 J. Aitken J. Aitken 47.831 5:05.503 | Triarsi Competizione | Ferrari 296 GT3 EVO GTDPRO,2,14:01:21.434,J. Calado,14:02:25.149,R. Agostini,1:03.715,1:55.236,20_Pit Stops Time Cards_Race.PDF,3,1
2026,14_Watkins Glen International,Watkins Glen International,watkins-glen-international,2026-06-28,202606281210_Race,033,5 J. Aitken J. Aitken 47.831 5:05.503 | Triarsi Competizione | Ferrari 296 GT3 EVO GTDPRO,3,15:18:29.025,R. Agostini,15:19:42.303,R. Agostini,1:13.278,3:08.514,20_Pit Stops Time Cards_Race.PDF,3,1
2026,14_Watkins Glen International,Watkins Glen International,watkins-glen-international,2026-06-28,202606281210_Race,033,5 J. Aitken J. Aitken 47.831 5:05.503 | Triarsi Competizione | Ferrari 296 GT3 EVO GTDPRO,4,15:30:05.839,R. Agostini,15:30:52.442,R. Agostini,46.603,3:55.117,20_Pit Stops Time Cards_Race.PDF,3,1
2026,14_Watkins Glen International,Watkins Glen International,watkins-glen-international,2026-06-28,202606281210_Race,033,5 J. Aitken J. Aitken 47.831 5:05.503 | Triarsi Competizione | Ferrari 296 GT3 EVO GTDPRO,5,16:00:08.492,R. Agostini,16:00:38.115,R. Agostini,29.623,4:24.740,20_Pit Stops Time Cards_Race.PDF,3,1
2026,14_Watkins Glen International,Watkins Glen International,watkins-glen-international,2026-06-28,202606281210_Race,033,5 J. Aitken J. Aitken 47.831 5:05.503 | Triarsi Competizione | Ferrari 296 GT3 EVO GTDPRO,6,16:05:53.878,R. Agostini,16:06:37.834,R. Agostini,43.956,5:08.696,20_Pit Stops Time Cards_Race.PDF,3,1
2026,14_Watkins Glen International,Watkins Glen International,watkins-glen-international,2026-06-28,202606281210_Race,033,5 J. Aitken J. Aitken 47.831 5:05.503 | Triarsi Competizione | Ferrari 296 GT3 EVO GTDPRO,7,16:49:15.552,R. Agostini,16:50:17.366,J. Calado,1:01.814,6:10.510,20_Pit Stops Time Cards_Race.PDF,3,1
2026,14_Watkins Glen International,Watkins Glen International,watkins-glen-international,2026-06-28,202606281210_Race,033,5 J. Aitken J. Aitken 47.831 5:05.503 | Triarsi Competizione | Ferrari 296 GT3 EVO GTDPRO,8,17:28:38.441,J. Calado,17:29:07.965,J. Calado,29.524,6:40.034,20_Pit Stops Time Cards_Race.PDF,3,1
2026,14_Watkins Glen International,Watkins Glen International,watkins-glen-international,2026-06-28,202606281210_Race,033,5 J. Aitken J. Aitken 47.831 5:05.503 | Triarsi Competizione | Ferrari 296 GT3 EVO GTDPRO,9,18:03:11.280,J. Calado,18:03:50.599,J. Calado,39.319,7:19.353,20_Pit Stops Time Cards_Race.PDF,3,1
2026,14_Watkins Glen International,Watkins Glen International,watkins-glen-international,2026-06-28,202606281210_Race,34,9 J. Calado J. Calado 39.319 7:19.353 | Conquest Racing | Ferrari 296 GT3 EVO GTD,1,12:49:53.758,F. Rueda,12:50:48.146,F. Rueda,54.388,54.388,20_Pit Stops Time Cards_Race.PDF,3,1
2026,14_Watkins Glen International,Watkins Glen International,watkins-glen-international,2026-06-28,202606281210_Race,34,9 J. Calado J. Calado 39.319 7:19.353 | Conquest Racing | Ferrari 296 GT3 EVO GTD,2,14:12:23.320,F. Rueda,14:13:33.034,L. Patrese,1:09.714,2:04.102,20_Pit Stops Time Cards_Race.PDF,3,2
2026,14_Watkins Glen International,Watkins Glen International,watkins-glen-international,2026-06-28,202606281210_Race,34,9 J. Calado J. Calado 39.319 7:19.353 | Conquest Racing | Ferrari 296 GT3 EVO GTD,3,15:15:04.457,L. Patrese,15:16:11.573,L. Patrese,1:07.116,3:11.218,20_Pit Stops Time Cards_Race.PDF,3,2
2026,14_Watkins Glen International,Watkins Glen International,watkins-glen-international,2026-06-28,202606281210_Race,34,9 J. Calado J. Calado 39.319 7:19.353 | Conquest Racing | Ferrari 296 GT3 EVO GTD,4,16:16:18.289,L. Patrese,16:17:15.440,A. Costa,57.151,4:08.369,20_Pit Stops Time Cards_Race.PDF,3,2
2026,14_Watkins Glen International,Watkins Glen International,watkins-glen-international,2026-06-28,202606281210_Race,34,9 J. Calado J. Calado 39.319 7:19.353 | Conquest Racing | Ferrari 296 GT3 EVO GTD,5,16:49:14.904,A. Costa,16:50:05.113,A. Costa,50.209,4:58.578,20_Pit Stops Time Cards_Race.PDF,3,2
2026,14_Watkins Glen International,Watkins Glen International,watkins-glen-international,2026-06-28,202606281210_Race,34,9 J. Calado J. Calado 39.319 7:19.353 | Conquest Racing | Ferrari 296 GT3 EVO GTD,6,17:25:04.653,A. Costa,17:25:57.508,A. Costa,52.855,5:51.433,20_Pit Stops Time Cards_Race.PDF,3,2
2026,14_Watkins Glen International,Watkins Glen International,watkins-glen-international,2026-06-28,202606281210_Race,36,6 A. Costa A. Costa 52.855 5:51.433 | DXDT Racing | Chevrolet Corvette Z06 GT3.R GTD,1,12:50:21.912,S. Yoluc,12:51:17.006,S. Yoluc,55.094,55.094,20_Pit Stops Time Cards_Race.PDF,3,2
2026,14_Watkins Glen International,Watkins Glen International,watkins-glen-international,2026-06-28,202606281210_Race,36,6 A. Costa A. Costa 52.855 5:51.433 | DXDT Racing | Chevrolet Corvette Z06 GT3.R GTD,2,13:43:33.961,S. Yoluc,13:44:31.583,M. Filippi,57.622,1:52.716,20_Pit Stops Time Cards_Race.PDF,3,2
2026,14_Watkins Glen International,Watkins Glen International,watkins-glen-international,2026-06-28,202606281210_Race,36,6 A. Costa A. Costa 52.855 5:51.433 | DXDT Racing | Chevrolet Corvette Z06 GT3.R GTD,3,14:22:27.085,M. Filippi,14:23:25.308,M. Filippi,58.223,2:50.939,20_Pit Stops Time Cards_Race.PDF,3,2
2026,14_Watkins Glen International,Watkins Glen International,watkins-glen-international,2026-06-28,202606281210_Race,36,6 A. Costa A. Costa 52.855 5:51.433 | DXDT Racing | Chevrolet Corvette Z06 GT3.R GTD,4,14:39:46.199,M. Filippi,14:42:23.530,M. Filippi,2:37.331,5:28.270,20_Pit Stops Time Cards_Race.PDF,3,2
2026,14_Watkins Glen International,Watkins Glen International,watkins-glen-international,2026-06-28,202606281210_Race,36,6 A. Costa A. Costa 52.855 5:51.433 | DXDT Racing | Chevrolet Corvette Z06 GT3.R GTD,5,14:48:19.978,M. Filippi,14:49:11.384,M. Filippi,51.406,6:19.676,20_Pit Stops Time Cards_Race.PDF,3,2
2026,14_Watkins Glen International,Watkins Glen International,watkins-glen-international,2026-06-28,202606281210_Race,36,6 A. Costa A. Costa 52.855 5:51.433 | DXDT Racing | Chevrolet Corvette Z06 GT3.R GTD,6,15:20:02.964,M. Filippi,15:21:09.549,C. Eastwood,1:06.585,7:26.261,20_Pit Stops Time Cards_Race.PDF,3,2
2026,14_Watkins Glen International,Watkins Glen International,watkins-glen-international,2026-06-28,202606281210_Race,36,6 A. Costa A. Costa 52.855 5:51.433 | DXDT Racing | Chevrolet Corvette Z06 GT3.R GTD,7,15:58:26.404,C. Eastwood,15:59:11.125,C. Eastwood,44.721,8:10.982,20_Pit Stops Time Cards_Race.PDF,3,2
2026,14_Watkins Glen International,Watkins Glen International,watkins-glen-international,2026-06-28,202606281210_Race,36,6 A. Costa A. Costa 52.855 5:51.433 | DXDT Racing | Chevrolet Corvette Z06 GT3.R GTD,8,16:55:56.121,C. Eastwood,16:57:00.765,C. Eastwood,1:04.644,9:15.626,20_Pit Stops Time Cards_Race.PDF,3,2
2026,14_Watkins Glen International,Watkins Glen International,watkins-glen-international,2026-06-28,202606281210_Race,36,6 A. Costa A. Costa 52.855 5:51.433 | DXDT Racing | Chevrolet Corvette Z06 GT3.R GTD,9,17:59:46.685,C. Eastwood,18:00:29.120,C. Eastwood,42.435,9:58.061,20_Pit Stops Time Cards_Race.PDF,3,2
2026,14_Watkins Glen International,Watkins Glen International,watkins-glen-international,2026-06-28,202606281210_Race,37,9 C. Eastwood C. Eastwood 42.435 9:58.061 | Intersport Racing | ORECA LMP2 07 LMP2,1,12:22:36.100,J. Field,12:28:24.410,J. Field,5:48.310,5:48.310,20_Pit Stops Time Cards_Race.PDF,3,2
2026,14_Watkins Glen International,Watkins Glen International,watkins-glen-international,2026-06-28,202606281210_Race,37,9 C. Eastwood C. Eastwood 42.435 9:58.061 | Intersport Racing | ORECA LMP2 07 LMP2,2,12:34:30.290,J. Field,12:36:04.411,J. Field,1:34.121,7:22.431,20_Pit Stops Time Cards_Race.PDF,3,2
2026,14_Watkins Glen International,Watkins Glen International,watkins-glen-international,2026-06-28,202606281210_Race,37,9 C. Eastwood C. Eastwood 42.435 9:58.061 | Intersport Racing | ORECA LMP2 07 LMP2,3,13:06:57.303,J. Field,13:08:14.296,J. Field,1:16.993,8:39.424,20_Pit Stops Time Cards_Race.PDF,3,2
2026,14_Watkins Glen International,Watkins Glen International,watkins-glen-international,2026-06-28,202606281210_Race,40,3 J. Field J. Field 1:16.993 8:39.424 | Cadillac Wayne Taylor Racing | Cadillac V-Series.R GTP,1,12:47:04.367,L. Deletraz,12:47:58.521,L. Deletraz,54.154,54.154,20_Pit Stops Time Cards_Race.PDF,3,2
2026,14_Watkins Glen International,Watkins Glen International,watkins-glen-international,2026-06-28,202606281210_Race,40,3 J. Field J. Field 1:16.993 8:39.424 | Cadillac Wayne Taylor Racing | Cadillac V-Series.R GTP,2,14:19:22.432,L. Deletraz,14:20:34.749,J. Taylor,1:12.317,2:06.471,20_Pit Stops Time Cards_Race.PDF,3,2
2026,14_Watkins Glen International,Watkins Glen International,watkins-glen-international,2026-06-28,202606281210_Race,40,3 J. Field J. Field 1:16.993 8:39.424 | Cadillac Wayne Taylor Racing | Cadillac V-Series.R GTP,3,15:23:42.172,J. Taylor,15:24:51.454,J. Taylor,1:09.282,3:15.753,20_Pit Stops Time Cards_Race.PDF,3,2
2026,14_Watkins Glen International,Watkins Glen International,watkins-glen-international,2026-06-28,202606281210_Race,40,3 J. Field J. Field 1:16.993 8:39.424 | Cadillac Wayne Taylor Racing | Cadillac V-Series.R GTP,4,16:06:17.932,J. Taylor,16:07:43.993,J. Taylor,1:26.061,4:41.814,20_Pit Stops Time Cards_Race.PDF,3,2
2026,14_Watkins Glen International,Watkins Glen International,watkins-glen-international,2026-06-28,202606281210_Race,40,3 J. Field J. Field 1:16.993 8:39.424 | Cadillac Wayne Taylor Racing | Cadillac V-Series.R GTP,5,16:46:17.001,J. Taylor,16:47:14.603,L. Deletraz,57.602,5:39.416,20_Pit Stops Time Cards_Race.PDF,3,2
2026,14_Watkins Glen International,Watkins Glen International,watkins-glen-international,2026-06-28,202606281210_Race,40,3 J. Field J. Field 1:16.993 8:39.424 | Cadillac Wayne Taylor Racing | Cadillac V-Series.R GTP,6,17:15:47.872,L. Deletraz,17:16:37.943,L. Deletraz,50.071,6:29.487,20_Pit Stops Time Cards_Race.PDF,3,2
2026,14_Watkins Glen International,Watkins Glen International,watkins-glen-international,2026-06-28,202606281210_Race,43,6 L. Deletraz L. Deletraz 50.071 6:29.487 | Inter Europol Competition | ORECA LMP2 07 LMP2,1,12:47:07.738,J. Clarke,12:48:07.035,J. Clarke,59.297,59.297,20_Pit Stops Time Cards_Race.PDF,3,2
2026,14_Watkins Glen International,Watkins Glen International,watkins-glen-international,2026-06-28,202606281210_Race,43,6 L. Deletraz L. Deletraz 50.071 6:29.487 | Inter Europol Competition | ORECA LMP2 07 LMP2,2,13:44:37.167,J. Clarke,13:45:34.617,B. Garg,57.450,1:56.747,20_Pit Stops Time Cards_Race.PDF,3,2
2026,14_Watkins Glen International,Watkins Glen International,watkins-glen-international,2026-06-28,202606281210_Race,43,6 L. Deletraz L. Deletraz 50.071 6:29.487 | Inter Europol Competition | ORECA LMP2 07 LMP2,3,14:19:22.870,B. Garg,14:20:23.597,B. Garg,1:00.727,2:57.474,20_Pit Stops Time Cards_Race.PDF,3,2
2026,14_Watkins Glen International,Watkins Glen International,watkins-glen-international,2026-06-28,202606281210_Race,43,6 L. Deletraz L. Deletraz 50.071 6:29.487 | Inter Europol Competition | ORECA LMP2 07 LMP2,4,15:06:05.742,B. Garg,15:07:11.405,B. Garg,1:05.663,4:03.137,20_Pit Stops Time Cards_Race.PDF,3,2
2026,14_Watkins Glen International,Watkins Glen International,watkins-glen-international,2026-06-28,202606281210_Race,43,6 L. Deletraz L. Deletraz 50.071 6:29.487 | Inter Europol Competition | ORECA LMP2 07 LMP2,5,15:15:24.211,B. Garg,15:16:22.775,B. Garg,58.564,5:01.701,20_Pit Stops Time Cards_Race.PDF,3,2
2026,14_Watkins Glen International,Watkins Glen International,watkins-glen-international,2026-06-28,202606281210_Race,43,6 L. Deletraz L. Deletraz 50.071 6:29.487 | Inter Europol Competition | ORECA LMP2 07 LMP2,6,15:24:15.173,B. Garg,15:25:12.313,T. Dillmann,57.140,5:58.841,20_Pit Stops Time Cards_Race.PDF,3,2
2026,14_Watkins Glen International,Watkins Glen International,watkins-glen-international,2026-06-28,202606281210_Race,43,6 L. Deletraz L. Deletraz 50.071 6:29.487 | Inter Europol Competition | ORECA LMP2 07 LMP2,7,16:24:27.448,T. Dillmann,16:25:50.206,T. Dillmann,1:22.758,7:21.599,20_Pit Stops Time Cards_Race.PDF,3,2
2026,14_Watkins Glen International,Watkins Glen International,watkins-glen-international,2026-06-28,202606281210_Race,43,6 L. Deletraz L. Deletraz 50.071 6:29.487 | Inter Europol Competition | ORECA LMP2 07 LMP2,8,16:33:59.529,T. Dillmann,16:34:41.107,T. Dillmann,41.578,8:03.177,20_Pit Stops Time Cards_Race.PDF,3,2
2026,14_Watkins Glen International,Watkins Glen International,watkins-glen-international,2026-06-28,202606281210_Race,43,6 L. Deletraz L. Deletraz 50.071 6:29.487 | Inter Europol Competition | ORECA LMP2 07 LMP2,9,16:46:49.659,T. Dillmann,16:47:31.058,T. Dillmann,41.399,8:44.576,20_Pit Stops Time Cards_Race.PDF,3,2
2026,14_Watkins Glen International,Watkins Glen International,watkins-glen-international,2026-06-28,202606281210_Race,43,6 L. Deletraz L. Deletraz 50.071 6:29.487 | Inter Europol Competition | ORECA LMP2 07 LMP2,10,17:27:36.506,T. Dillmann,17:28:42.065,T. Dillmann,1:05.559,9:50.135,20_Pit Stops Time Cards_Race.PDF,3,2
2026,14_Watkins Glen International,Watkins Glen International,watkins-glen-international,2026-06-28,202606281210_Race,44,10 T. Dillmann T. Dillmann 1:05.559 9:50.135 | Magnus Racing | Aston Martin Vantage GT3 Evo GTD B,1,12:50:33.965,J. Potter,12:51:41.714,J. Potter,1:07.749,1:07.749,20_Pit Stops Time Cards_Race.PDF,3,2
2026,14_Watkins Glen International,Watkins Glen International,watkins-glen-international,2026-06-28,202606281210_Race,44,10 T. Dillmann T. Dillmann 1:05.559 9:50.135 | Magnus Racing | Aston Martin Vantage GT3 Evo GTD B,2,12:56:44.467,J. Potter,12:57:39.411,J. Potter,54.944,2:02.693,20_Pit Stops Time Cards_Race.PDF,3,2
2026,14_Watkins Glen International,Watkins Glen International,watkins-glen-international,2026-06-28,202606281210_Race,44,10 T. Dillmann T. Dillmann 1:05.559 9:50.135 | Magnus Racing | Aston Martin Vantage GT3 Evo GTD B,3,14:01:48.864,J. Potter,14:02:54.383,S. Pumpelly,1:05.519,3:08.212,20_Pit Stops Time Cards_Race.PDF,3,2
2026,14_Watkins Glen International,Watkins Glen International,watkins-glen-international,2026-06-28,202606281210_Race,44,10 T. Dillmann T. Dillmann 1:05.559 9:50.135 | Magnus Racing | Aston Martin Vantage GT3 Evo GTD B,4,14:22:33.548,S. Pumpelly,14:23:20.552,S. Pumpelly,47.004,3:55.216,20_Pit Stops Time Cards_Race.PDF,3,2
2026,14_Watkins Glen International,Watkins Glen International,watkins-glen-international,2026-06-28,202606281210_Race,44,10 T. Dillmann T. Dillmann 1:05.559 9:50.135 | Magnus Racing | Aston Martin Vantage GT3 Evo GTD B,5,15:26:59.226,S. Pumpelly,15:28:07.433,S. Pumpelly,1:08.207,5:03.423,20_Pit Stops Time Cards_Race.PDF,3,2
2026,14_Watkins Glen International,Watkins Glen International,watkins-glen-international,2026-06-28,202606281210_Race,45,5 S. Pumpelly S. Pumpelly 1:08.207 5:03.423 | Wayne Taylor Racing | Lamborghini Huracan GT3 EVO2 GTD,1,12:22:33.126,G. Doyle,12:25:20.422,G. Doyle,2:47.296,2:47.296,20_Pit Stops Time Cards_Race.PDF,3,2
2026,14_Watkins Glen International,Watkins Glen International,watkins-glen-international,2026-06-28,202606281210_Race,45,5 S. Pumpelly S. Pumpelly 1:08.207 5:03.423 | Wayne Taylor Racing | Lamborghini Huracan GT3 EVO2 GTD,2,12:27:16.399,G. Doyle,12:30:27.517,G. Doyle,3:11.118,5:58.414,20_Pit Stops Time Cards_Race.PDF,4,1
2026,14_Watkins Glen International,Watkins Glen International,watkins-glen-international,2026-06-28,202606281210_Race,45,5 S. Pumpelly S. Pumpelly 1:08.207 5:03.423 | Wayne Taylor Racing | Lamborghini Huracan GT3 EVO2 GTD,3,12:32:51.257,G. Doyle,12:33:21.131,G. Doyle,29.874,6:28.288,20_Pit Stops Time Cards_Race.PDF,4,1
2026,14_Watkins Glen International,Watkins Glen International,watkins-glen-international,2026-06-28,202606281210_Race,45,5 S. Pumpelly S. Pumpelly 1:08.207 5:03.423 | Wayne Taylor Racing | Lamborghini Huracan GT3 EVO2 GTD,4,12:40:51.515,G. Doyle,12:44:22.481,D. Formal,3:30.966,9:59.254,20_Pit Stops Time Cards_Race.PDF,4,1
2026,14_Watkins Glen International,Watkins Glen International,watkins-glen-international,2026-06-28,202606281210_Race,45,5 S. Pumpelly S. Pumpelly 1:08.207 5:03.423 | Wayne Taylor Racing | Lamborghini Huracan GT3 EVO2 GTD,5,13:40:05.257,D. Formal,16:09:18.773,T. Hindman,2:29:13.516,2:39:12.770,20_Pit Stops Time Cards_Race.PDF,4,1
2026,14_Watkins Glen International,Watkins Glen International,watkins-glen-international,2026-06-28,202606281210_Race,52,5 D. Formal T. Hindman | Bryan Herta Autosport with PR1/Mathiasen | ORECA LMP2 07 LMP2,1,12:47:10.189,M. Goikhberg,12:48:12.231,M. Goikhberg,1:02.042,1:02.042,20_Pit Stops Time Cards_Race.PDF,4,1
2026,14_Watkins Glen International,Watkins Glen International,watkins-glen-international,2026-06-28,202606281210_Race,52,5 D. Formal T. Hindman | Bryan Herta Autosport with PR1/Mathiasen | ORECA LMP2 07 LMP2,2,13:48:08.291,M. Goikhberg,13:49:15.767,P. Thompson,1:07.476,2:09.518,20_Pit Stops Time Cards_Race.PDF,4,1
2026,14_Watkins Glen International,Watkins Glen International,watkins-glen-international,2026-06-28,202606281210_Race,52,5 D. Formal T. Hindman | Bryan Herta Autosport with PR1/Mathiasen | ORECA LMP2 07 LMP2,3,14:19:31.268,P. Thompson,14:20:29.645,P. Thompson,58.377,3:07.895,20_Pit Stops Time Cards_Race.PDF,4,1
2026,14_Watkins Glen International,Watkins Glen International,watkins-glen-international,2026-06-28,202606281210_Race,52,5 D. Formal T. Hindman | Bryan Herta Autosport with PR1/Mathiasen | ORECA LMP2 07 LMP2,4,15:02:43.723,P. Thompson,15:03:48.479,P. Thompson,1:04.756,4:12.651,20_Pit Stops Time Cards_Race.PDF,4,1
2026,14_Watkins Glen International,Watkins Glen International,watkins-glen-international,2026-06-28,202606281210_Race,52,5 D. Formal T. Hindman | Bryan Herta Autosport with PR1/Mathiasen | ORECA LMP2 07 LMP2,5,16:11:15.028,P. Thompson,16:12:26.447,H. Tincknell,1:11.419,5:24.070,20_Pit Stops Time Cards_Race.PDF,4,1
2026,14_Watkins Glen International,Watkins Glen International,watkins-glen-international,2026-06-28,202606281210_Race,52,5 D. Formal T. Hindman | Bryan Herta Autosport with PR1/Mathiasen | ORECA LMP2 07 LMP2,6,16:46:49.109,H. Tincknell,16:47:51.677,H. Tincknell,1:02.568,6:26.638,20_Pit Stops Time Cards_Race.PDF,4,1
2026,14_Watkins Glen International,Watkins Glen International,watkins-glen-international,2026-06-28,202606281210_Race,52,5 D. Formal T. Hindman | Bryan Herta Autosport with PR1/Mathiasen | ORECA LMP2 07 LMP2,7,16:52:20.724,H. Tincknell,16:52:58.842,H. Tincknell,38.118,7:04.756,20_Pit Stops Time Cards_Race.PDF,4,1
2026,14_Watkins Glen International,Watkins Glen International,watkins-glen-international,2026-06-28,202606281210_Race,52,5 D. Formal T. Hindman | Bryan Herta Autosport with PR1/Mathiasen | ORECA LMP2 07 LMP2,8,16:55:27.343,H. Tincknell,16:56:15.072,H. Tincknell,47.729,7:52.485,20_Pit Stops Time Cards_Race.PDF,4,1
2026,14_Watkins Glen International,Watkins Glen International,watkins-glen-international,2026-06-28,202606281210_Race,52,5 D. Formal T. Hindman | Bryan Herta Autosport with PR1/Mathiasen | ORECA LMP2 07 LMP2,9,17:29:16.494,H. Tincknell,17:30:21.665,H. Tincknell,1:05.171,8:57.656,20_Pit Stops Time Cards_Race.PDF,4,1
2026,14_Watkins Glen International,Watkins Glen International,watkins-glen-international,2026-06-28,202606281210_Race,57,9 H. Tincknell H. Tincknell 1:05.171 8:57.656 | WINWARD RACING | Mercedes-AMG GT3 GTD,1,12:49:57.160,I. Dontje,12:50:51.934,I. Dontje,54.774,54.774,20_Pit Stops Time Cards_Race.PDF,4,1
2026,14_Watkins Glen International,Watkins Glen International,watkins-glen-international,2026-06-28,202606281210_Race,57,9 H. Tincknell H. Tincknell 1:05.171 8:57.656 | WINWARD RACING | Mercedes-AMG GT3 GTD,2,14:22:13.816,I. Dontje,14:23:23.131,R. Ward,1:09.315,2:04.089,20_Pit Stops Time Cards_Race.PDF,4,1
2026,14_Watkins Glen International,Watkins Glen International,watkins-glen-international,2026-06-28,202606281210_Race,57,9 H. Tincknell H. Tincknell 1:05.171 8:57.656 | WINWARD RACING | Mercedes-AMG GT3 GTD,3,15:26:58.734,R. Ward,15:28:03.693,R. Ward,1:04.959,3:09.048,20_Pit Stops Time Cards_Race.PDF,4,1
2026,14_Watkins Glen International,Watkins Glen International,watkins-glen-international,2026-06-28,202606281210_Race,57,9 H. Tincknell H. Tincknell 1:05.171 8:57.656 | WINWARD RACING | Mercedes-AMG GT3 GTD,4,15:36:41.466,R. Ward,16:32:02.885,R. Ward,55:21.419,58:30.467,20_Pit Stops Time Cards_Race.PDF,4,1
2026,14_Watkins Glen International,Watkins Glen International,watkins-glen-international,2026-06-28,202606281210_Race,57,9 H. Tincknell H. Tincknell 1:05.171 8:57.656 | WINWARD RACING | Mercedes-AMG GT3 GTD,5,16:55:57.276,R. Ward,16:56:58.159,P. Ellis,1:00.883,59:31.350,20_Pit Stops Time Cards_Race.PDF,4,1
2026,14_Watkins Glen International,Watkins Glen International,watkins-glen-international,2026-06-28,202606281210_Race,57,9 H. Tincknell H. Tincknell 1:05.171 8:57.656 | WINWARD RACING | Mercedes-AMG GT3 GTD,6,17:04:19.184,P. Ellis,17:04:49.000,P. Ellis,29.816,1:00:01.166,20_Pit Stops Time Cards_Race.PDF,4,1
2026,14_Watkins Glen International,Watkins Glen International,watkins-glen-international,2026-06-28,202606281210_Race,57,9 H. Tincknell H. Tincknell 1:05.171 8:57.656 | WINWARD RACING | Mercedes-AMG GT3 GTD,7,18:04:24.078,P. Ellis,18:05:05.315,P. Ellis,41.237,1:00:42.403,20_Pit Stops Time Cards_Race.PDF,4,1
2026,14_Watkins Glen International,Watkins Glen International,watkins-glen-international,2026-06-28,202606281210_Race,59,7 P. Ellis P. Ellis 41.237 | RLL Team McLaren | McLaren 720S GT3 EVO GTDPRO,1,12:49:49.350,M. Esterson,12:50:51.395,M. Esterson,1:02.045,1:02.045,20_Pit Stops Time Cards_Race.PDF,4,1
2026,14_Watkins Glen International,Watkins Glen International,watkins-glen-international,2026-06-28,202606281210_Race,59,7 P. Ellis P. Ellis 41.237 | RLL Team McLaren | McLaren 720S GT3 EVO GTDPRO,2,13:07:16.449,M. Esterson,13:08:11.777,M. Esterson,55.328,1:57.373,20_Pit Stops Time Cards_Race.PDF,4,1
2026,14_Watkins Glen International,Watkins Glen International,watkins-glen-international,2026-06-28,202606281210_Race,59,7 P. Ellis P. Ellis 41.237 | RLL Team McLaren | McLaren 720S GT3 EVO GTDPRO,3,14:22:17.607,M. Esterson,14:38:53.970,N. Johnson,16:36.363,18:33.736,20_Pit Stops Time Cards_Race.PDF,4,1
2026,14_Watkins Glen International,Watkins Glen International,watkins-glen-international,2026-06-28,202606281210_Race,59,7 P. Ellis P. Ellis 41.237 | RLL Team McLaren | McLaren 720S GT3 EVO GTDPRO,4,15:31:17.420,N. Johnson,15:32:20.139,N. Johnson,1:02.719,19:36.455,20_Pit Stops Time Cards_Race.PDF,4,1
2026,14_Watkins Glen International,Watkins Glen International,watkins-glen-international,2026-06-28,202606281210_Race,59,7 P. Ellis P. Ellis 41.237 | RLL Team McLaren | McLaren 720S GT3 EVO GTDPRO,5,15:36:38.376,N. Johnson,15:40:57.561,N. Johnson,4:19.185,23:55.640,20_Pit Stops Time Cards_Race.PDF,4,1
2026,14_Watkins Glen International,Watkins Glen International,watkins-glen-international,2026-06-28,202606281210_Race,59,7 P. Ellis P. Ellis 41.237 | RLL Team McLaren | McLaren 720S GT3 EVO GTDPRO,6,15:58:22.123,N. Johnson,15:59:20.539,N. Johnson,58.416,24:54.056,20_Pit Stops Time Cards_Race.PDF,4,1
2026,14_Watkins Glen International,Watkins Glen International,watkins-glen-international,2026-06-28,202606281210_Race,59,7 P. Ellis P. Ellis 41.237 | RLL Team McLaren | McLaren 720S GT3 EVO GTDPRO,7,16:53:30.806,N. Johnson,16:54:37.416,M. Esterson,1:06.610,26:00.666,20_Pit Stops Time Cards_Race.PDF,4,1
2026,14_Watkins Glen International,Watkins Glen International,watkins-glen-international,2026-06-28,202606281210_Race,60,7 N. Johnson M. Esterson 1:06.610 26:00.666 | Acura Meyer Shank Racing w/Curb Agajanian | Acura ARX-06 GTP,1,12:47:02.077,T. Blomqvist,12:48:00.988,C. Braun,58.911,58.911,20_Pit Stops Time Cards_Race.PDF,4,1
2026,14_Watkins Glen International,Watkins Glen International,watkins-glen-international,2026-06-28,202606281210_Race,60,7 N. Johnson M. Esterson 1:06.610 26:00.666 | Acura Meyer Shank Racing w/Curb Agajanian | Acura ARX-06 GTP,2,12:52:38.472,C. Braun,12:53:43.998,C. Braun,1:05.526,2:04.437,20_Pit Stops Time Cards_Race.PDF,4,1
2026,14_Watkins Glen International,Watkins Glen International,watkins-glen-international,2026-06-28,202606281210_Race,62,2 C. Braun C. Braun 1:05.526 2:04.437 | Risi Competizione | Ferrari 296 GT3 EVO GTDPRO,1,12:49:50.918,D. Serra,12:50:45.745,D. Serra,54.827,54.827,20_Pit Stops Time Cards_Race.PDF,4,1
2026,14_Watkins Glen International,Watkins Glen International,watkins-glen-international,2026-06-28,202606281210_Race,62,2 C. Braun C. Braun 1:05.526 2:04.437 | Risi Competizione | Ferrari 296 GT3 EVO GTDPRO,2,14:22:12.413,D. Serra,14:23:31.129,D. Rigon,1:18.716,2:13.543,20_Pit Stops Time Cards_Race.PDF,4,1
2026,14_Watkins Glen International,Watkins Glen International,watkins-glen-international,2026-06-28,202606281210_Race,62,2 C. Braun C. Braun 1:05.526 2:04.437 | Risi Competizione | Ferrari 296 GT3 EVO GTDPRO,3,15:26:52.995,D. Rigon,15:28:00.723,D. Rigon,1:07.728,3:21.271,20_Pit Stops Time Cards_Race.PDF,4,1
2026,14_Watkins Glen International,Watkins Glen International,watkins-glen-international,2026-06-28,202606281210_Race,62,2 C. Braun C. Braun 1:05.526 2:04.437 | Risi Competizione | Ferrari 296 GT3 EVO GTDPRO,4,16:49:06.957,D. Rigon,16:50:13.796,D. Serra,1:06.839,4:28.110,20_Pit Stops Time Cards_Race.PDF,4,1
2026,14_Watkins Glen International,Watkins Glen International,watkins-glen-international,2026-06-28,202606281210_Race,62,2 C. Braun C. Braun 1:05.526 2:04.437 | Risi Competizione | Ferrari 296 GT3 EVO GTDPRO,5,16:55:39.841,D. Serra,16:56:17.585,D. Serra,37.744,5:05.854,20_Pit Stops Time Cards_Race.PDF,4,1
2026,14_Watkins Glen International,Watkins Glen International,watkins-glen-international,2026-06-28,202606281210_Race,62,2 C. Braun C. Braun 1:05.526 2:04.437 | Risi Competizione | Ferrari 296 GT3 EVO GTDPRO,6,18:00:57.572,D. Serra,18:01:39.264,D. Serra,41.692,5:47.546,20_Pit Stops Time Cards_Race.PDF,4,1
2026,14_Watkins Glen International,Watkins Glen International,watkins-glen-international,2026-06-28,202606281210_Race,64,6 D. Serra D. Serra 41.692 5:47.546 | Ford Racing | Ford Mustang GT3 GTDPRO,1,12:49:50.052,D. Olsen,12:50:42.811,D. Olsen,52.759,52.759,20_Pit Stops Time Cards_Race.PDF,4,1
2026,14_Watkins Glen International,Watkins Glen International,watkins-glen-international,2026-06-28,202606281210_Race,64,6 D. Serra D. Serra 41.692 5:47.546 | Ford Racing | Ford Mustang GT3 GTDPRO,2,13:19:02.587,D. Olsen,13:19:32.533,D. Olsen,29.946,1:22.705,20_Pit Stops Time Cards_Race.PDF,4,1
2026,14_Watkins Glen International,Watkins Glen International,watkins-glen-international,2026-06-28,202606281210_Race,64,6 D. Serra D. Serra 41.692 5:47.546 | Ford Racing | Ford Mustang GT3 GTDPRO,3,13:59:37.988,D. Olsen,14:00:41.266,B. Barker,1:03.278,2:25.983,20_Pit Stops Time Cards_Race.PDF,4,1
2026,14_Watkins Glen International,Watkins Glen International,watkins-glen-international,2026-06-28,202606281210_Race,64,6 D. Serra D. Serra 41.692 5:47.546 | Ford Racing | Ford Mustang GT3 GTDPRO,4,14:22:24.865,B. Barker,14:23:16.965,B. Barker,52.100,3:18.083,20_Pit Stops Time Cards_Race.PDF,4,1
2026,14_Watkins Glen International,Watkins Glen International,watkins-glen-international,2026-06-28,202606281210_Race,64,6 D. Serra D. Serra 41.692 5:47.546 | Ford Racing | Ford Mustang GT3 GTDPRO,5,15:13:15.393,B. Barker,15:14:16.577,B. Barker,1:01.184,4:19.267,20_Pit Stops Time Cards_Race.PDF,4,2
2026,14_Watkins Glen International,Watkins Glen International,watkins-glen-international,2026-06-28,202606281210_Race,64,6 D. Serra D. Serra 41.692 5:47.546 | Ford Racing | Ford Mustang GT3 GTDPRO,6,16:17:55.531,B. Barker,16:18:52.152,D. Olsen,56.621,5:15.888,20_Pit Stops Time Cards_Race.PDF,4,2
2026,14_Watkins Glen International,Watkins Glen International,watkins-glen-international,2026-06-28,202606281210_Race,64,6 D. Serra D. Serra 41.692 5:47.546 | Ford Racing | Ford Mustang GT3 GTDPRO,7,16:49:12.002,D. Olsen,16:50:06.017,D. Olsen,54.015,6:09.903,20_Pit Stops Time Cards_Race.PDF,4,2
2026,14_Watkins Glen International,Watkins Glen International,watkins-glen-international,2026-06-28,202606281210_Race,64,6 D. Serra D. Serra 41.692 5:47.546 | Ford Racing | Ford Mustang GT3 GTDPRO,8,17:59:07.850,D. Olsen,17:59:48.140,D. Olsen,40.290,6:50.193,20_Pit Stops Time Cards_Race.PDF,4,2
2026,14_Watkins Glen International,Watkins Glen International,watkins-glen-international,2026-06-28,202606281210_Race,65,8 D. Olsen D. Olsen 40.290 6:50.193 | Ford Racing | Ford Mustang GT3 GTDPRO,1,12:49:47.532,C. Mies,12:50:42.115,C. Mies,54.583,54.583,20_Pit Stops Time Cards_Race.PDF,4,2
2026,14_Watkins Glen International,Watkins Glen International,watkins-glen-international,2026-06-28,202606281210_Race,65,8 D. Olsen D. Olsen 40.290 6:50.193 | Ford Racing | Ford Mustang GT3 GTDPRO,2,14:14:01.329,C. Mies,14:15:08.671,F. Vervisch,1:07.342,2:01.925,20_Pit Stops Time Cards_Race.PDF,4,2
2026,14_Watkins Glen International,Watkins Glen International,watkins-glen-international,2026-06-28,202606281210_Race,65,8 D. Olsen D. Olsen 40.290 6:50.193 | Ford Racing | Ford Mustang GT3 GTDPRO,3,15:26:49.206,F. Vervisch,15:27:54.354,F. Vervisch,1:05.148,3:07.073,20_Pit Stops Time Cards_Race.PDF,4,2
2026,14_Watkins Glen International,Watkins Glen International,watkins-glen-international,2026-06-28,202606281210_Race,65,8 D. Olsen D. Olsen 40.290 6:50.193 | Ford Racing | Ford Mustang GT3 GTDPRO,4,16:49:05.257,F. Vervisch,16:50:09.950,C. Mies,1:04.693,4:11.766,20_Pit Stops Time Cards_Race.PDF,4,2
2026,14_Watkins Glen International,Watkins Glen International,watkins-glen-international,2026-06-28,202606281210_Race,65,8 D. Olsen D. Olsen 40.290 6:50.193 | Ford Racing | Ford Mustang GT3 GTDPRO,5,17:16:01.806,C. Mies,17:16:46.587,C. Mies,44.781,4:56.547,20_Pit Stops Time Cards_Race.PDF,4,2
2026,14_Watkins Glen International,Watkins Glen International,watkins-glen-international,2026-06-28,202606281210_Race,66,5 C. Mies C. Mies 44.781 4:56.547 | Gradient Racing | Ford Mustang GT3 GTD B,1,12:50:22.839,T. Bechtolsheimer,12:51:21.461,T. Bechtolsheimer,58.622,58.622,20_Pit Stops Time Cards_Race.PDF,4,2
2026,14_Watkins Glen International,Watkins Glen International,watkins-glen-international,2026-06-28,202606281210_Race,66,5 C. Mies C. Mies 44.781 4:56.547 | Gradient Racing | Ford Mustang GT3 GTD B,2,14:10:51.009,T. Bechtolsheimer,14:12:00.485,J. Walker,1:09.476,2:08.098,20_Pit Stops Time Cards_Race.PDF,4,2
2026,14_Watkins Glen International,Watkins Glen International,watkins-glen-international,2026-06-28,202606281210_Race,66,5 C. Mies C. Mies 44.781 4:56.547 | Gradient Racing | Ford Mustang GT3 GTD B,3,15:26:58.060,J. Walker,15:28:10.714,J. Walker,1:12.654,3:20.752,20_Pit Stops Time Cards_Race.PDF,4,2
2026,14_Watkins Glen International,Watkins Glen International,watkins-glen-international,2026-06-28,202606281210_Race,66,5 C. Mies C. Mies 44.781 4:56.547 | Gradient Racing | Ford Mustang GT3 GTD B,4,16:18:18.202,J. Walker,16:19:18.266,C. Lewis,1:00.064,4:20.816,20_Pit Stops Time Cards_Race.PDF,4,2
2026,14_Watkins Glen International,Watkins Glen International,watkins-glen-international,2026-06-28,202606281210_Race,66,5 C. Mies C. Mies 44.781 4:56.547 | Gradient Racing | Ford Mustang GT3 GTD B,5,16:49:18.877,C. Lewis,16:50:12.681,C. Lewis,53.804,5:14.620,20_Pit Stops Time Cards_Race.PDF,4,2
2026,14_Watkins Glen International,Watkins Glen International,watkins-glen-international,2026-06-28,202606281210_Race,66,5 C. Mies C. Mies 44.781 4:56.547 | Gradient Racing | Ford Mustang GT3 GTD B,6,18:01:39.136,C. Lewis,18:02:20.151,C. Lewis,41.015,5:55.635,20_Pit Stops Time Cards_Race.PDF,4,2
2026,14_Watkins Glen International,Watkins Glen International,watkins-glen-international,2026-06-28,202606281210_Race,068,6 C. Lewis C. Lewis 41.015 5:55.635 | Car Blanche | Aston Martin Vantage GT3 Evo GTD,1,12:49:54.365,T. Estep,12:50:52.480,T. Estep,58.115,58.115,20_Pit Stops Time Cards_Race.PDF,4,2
2026,14_Watkins Glen International,Watkins Glen International,watkins-glen-international,2026-06-28,202606281210_Race,068,6 C. Lewis C. Lewis 41.015 5:55.635 | Car Blanche | Aston Martin Vantage GT3 Evo GTD,2,14:22:14.421,T. Estep,14:23:29.283,M. Fossard,1:14.862,2:12.977,20_Pit Stops Time Cards_Race.PDF,4,2
2026,14_Watkins Glen International,Watkins Glen International,watkins-glen-international,2026-06-28,202606281210_Race,068,6 C. Lewis C. Lewis 41.015 5:55.635 | Car Blanche | Aston Martin Vantage GT3 Evo GTD,3,15:27:02.034,M. Fossard,15:28:11.876,M. Fossard,1:09.842,3:22.819,20_Pit Stops Time Cards_Race.PDF,4,2
2026,14_Watkins Glen International,Watkins Glen International,watkins-glen-international,2026-06-28,202606281210_Race,068,6 C. Lewis C. Lewis 41.015 5:55.635 | Car Blanche | Aston Martin Vantage GT3 Evo GTD,4,16:10:58.747,M. Fossard,16:12:12.834,V. Hasse Clot,1:14.087,4:36.906,20_Pit Stops Time Cards_Race.PDF,4,2
2026,14_Watkins Glen International,Watkins Glen International,watkins-glen-international,2026-06-28,202606281210_Race,068,6 C. Lewis C. Lewis 41.015 5:55.635 | Car Blanche | Aston Martin Vantage GT3 Evo GTD,5,16:49:20.176,V. Hasse Clot,16:50:15.774,V. Hasse Clot,55.598,5:32.504,20_Pit Stops Time Cards_Race.PDF,4,2
2026,14_Watkins Glen International,Watkins Glen International,watkins-glen-international,2026-06-28,202606281210_Race,068,6 C. Lewis C. Lewis 41.015 5:55.635 | Car Blanche | Aston Martin Vantage GT3 Evo GTD,6,17:10:50.548,V. Hasse Clot,17:11:34.431,V. Hasse Clot,43.883,6:16.387,20_Pit Stops Time Cards_Race.PDF,4,2
2026,14_Watkins Glen International,Watkins Glen International,watkins-glen-international,2026-06-28,202606281210_Race,70,6 V. Hasse Clot V. Hasse Clot 43.883 6:16.387 | Inception Racing | Ferrari 296 GT3 EVO GTD B,1,12:49:56.250,B. Iribe,12:50:54.081,B. Iribe,57.831,57.831,20_Pit Stops Time Cards_Race.PDF,4,2
2026,14_Watkins Glen International,Watkins Glen International,watkins-glen-international,2026-06-28,202606281210_Race,70,6 V. Hasse Clot V. Hasse Clot 43.883 6:16.387 | Inception Racing | Ferrari 296 GT3 EVO GTD B,2,13:43:31.766,B. Iribe,13:44:25.085,J. Evans,53.319,1:51.150,20_Pit Stops Time Cards_Race.PDF,4,2
2026,14_Watkins Glen International,Watkins Glen International,watkins-glen-international,2026-06-28,202606281210_Race,70,6 V. Hasse Clot V. Hasse Clot 43.883 6:16.387 | Inception Racing | Ferrari 296 GT3 EVO GTD B,3,14:22:26.010,J. Evans,14:23:22.145,J. Evans,56.135,2:47.285,20_Pit Stops Time Cards_Race.PDF,4,2
2026,14_Watkins Glen International,Watkins Glen International,watkins-glen-international,2026-06-28,202606281210_Race,70,6 V. Hasse Clot V. Hasse Clot 43.883 6:16.387 | Inception Racing | Ferrari 296 GT3 EVO GTD B,4,15:18:58.599,J. Evans,15:20:03.549,O. Millroy,1:04.950,3:52.235,20_Pit Stops Time Cards_Race.PDF,4,2
2026,14_Watkins Glen International,Watkins Glen International,watkins-glen-international,2026-06-28,202606281210_Race,73,4 J. Evans O. Millroy 1:04.950 3:52.235 | Pratt Miller Motorsports | ORECA LMP2 07 LMP2,1,12:47:15.215,C. Cumming,12:48:19.663,C. Cumming,1:04.448,1:04.448,20_Pit Stops Time Cards_Race.PDF,4,2
2026,14_Watkins Glen International,Watkins Glen International,watkins-glen-international,2026-06-28,202606281210_Race,73,4 J. Evans O. Millroy 1:04.950 3:52.235 | Pratt Miller Motorsports | ORECA LMP2 07 LMP2,2,13:46:26.635,C. Cumming,13:47:35.978,M. Espirito Santo,1:09.343,2:13.791,20_Pit Stops Time Cards_Race.PDF,4,2
2026,14_Watkins Glen International,Watkins Glen International,watkins-glen-international,2026-06-28,202606281210_Race,73,4 J. Evans O. Millroy 1:04.950 3:52.235 | Pratt Miller Motorsports | ORECA LMP2 07 LMP2,3,14:14:09.126,M. Espirito Santo,14:15:09.145,M. Espirito Santo,1:00.019,3:13.810,20_Pit Stops Time Cards_Race.PDF,4,2
2026,14_Watkins Glen International,Watkins Glen International,watkins-glen-international,2026-06-28,202606281210_Race,73,4 J. Evans O. Millroy 1:04.950 3:52.235 | Pratt Miller Motorsports | ORECA LMP2 07 LMP2,4,15:07:41.674,M. Espirito Santo,15:08:53.186,M. Espirito Santo,1:11.512,4:25.322,20_Pit Stops Time Cards_Race.PDF,4,2
2026,14_Watkins Glen International,Watkins Glen International,watkins-glen-international,2026-06-28,202606281210_Race,73,4 J. Evans O. Millroy 1:04.950 3:52.235 | Pratt Miller Motorsports | ORECA LMP2 07 LMP2,5,16:16:14.349,M. Espirito Santo,16:17:26.179,P. Fittipaldi,1:11.830,5:37.152,20_Pit Stops Time Cards_Race.PDF,4,2
2026,14_Watkins Glen International,Watkins Glen International,watkins-glen-international,2026-06-28,202606281210_Race,73,4 J. Evans O. Millroy 1:04.950 3:52.235 | Pratt Miller Motorsports | ORECA LMP2 07 LMP2,6,16:46:44.237,P. Fittipaldi,16:47:41.979,P. Fittipaldi,57.742,6:34.894,20_Pit Stops Time Cards_Race.PDF,4,2
2026,14_Watkins Glen International,Watkins Glen International,watkins-glen-international,2026-06-28,202606281210_Race,73,4 J. Evans O. Millroy 1:04.950 3:52.235 | Pratt Miller Motorsports | ORECA LMP2 07 LMP2,7,17:27:40.590,P. Fittipaldi,17:28:47.647,P. Fittipaldi,1:07.057,7:41.951,20_Pit Stops Time Cards_Race.PDF,4,2
2026,14_Watkins Glen International,Watkins Glen International,watkins-glen-international,2026-06-28,202606281210_Race,77,7 P. Fittipaldi P. Fittipaldi 1:07.057 7:41.951 | AO Racing | Porsche 911 GT3 R (992) GTDPRO,1,12:49:46.753,H. King,12:50:40.355,H. King,53.602,53.602,20_Pit Stops Time Cards_Race.PDF,4,2
2026,14_Watkins Glen International,Watkins Glen International,watkins-glen-international,2026-06-28,202606281210_Race,77,7 P. Fittipaldi P. Fittipaldi 1:07.057 7:41.951 | AO Racing | Porsche 911 GT3 R (992) GTDPRO,2,14:22:11.137,H. King,14:23:18.795,N. Tandy,1:07.658,2:01.260,20_Pit Stops Time Cards_Race.PDF,4,2
2026,14_Watkins Glen International,Watkins Glen International,watkins-glen-international,2026-06-28,202606281210_Race,77,7 P. Fittipaldi P. Fittipaldi 1:07.057 7:41.951 | AO Racing | Porsche 911 GT3 R (992) GTDPRO,3,15:26:50.379,N. Tandy,15:27:54.695,H. King,1:04.316,3:05.576,20_Pit Stops Time Cards_Race.PDF,4,2
2026,14_Watkins Glen International,Watkins Glen International,watkins-glen-international,2026-06-28,202606281210_Race,77,7 P. Fittipaldi P. Fittipaldi 1:07.057 7:41.951 | AO Racing | Porsche 911 GT3 R (992) GTDPRO,4,16:49:05.568,H. King,16:50:08.793,N. Tandy,1:03.225,4:08.801,20_Pit Stops Time Cards_Race.PDF,4,2
2026,14_Watkins Glen International,Watkins Glen International,watkins-glen-international,2026-06-28,202606281210_Race,77,7 P. Fittipaldi P. Fittipaldi 1:07.057 7:41.951 | AO Racing | Porsche 911 GT3 R (992) GTDPRO,5,17:53:44.934,N. Tandy,17:54:14.476,N. Tandy,29.542,4:38.343,20_Pit Stops Time Cards_Race.PDF,4,2
2026,14_Watkins Glen International,Watkins Glen International,watkins-glen-international,2026-06-28,202606281210_Race,77,7 P. Fittipaldi P. Fittipaldi 1:07.057 7:41.951 | AO Racing | Porsche 911 GT3 R (992) GTDPRO,6,17:55:55.674,N. Tandy,17:56:43.579,N. Tandy,47.905,5:26.248,20_Pit Stops Time Cards_Race.PDF,4,2
2026,14_Watkins Glen International,Watkins Glen International,watkins-glen-international,2026-06-28,202606281210_Race,80,Lone Star Racing | Mercedes-AMG GT3 GTD,1,12:50:32.788,J. Roe,12:51:38.347,J. Roe,1:05.559,1:05.559,20_Pit Stops Time Cards_Race.PDF,5,1
2026,14_Watkins Glen International,Watkins Glen International,watkins-glen-international,2026-06-28,202606281210_Race,80,Lone Star Racing | Mercedes-AMG GT3 GTD,2,14:03:32.960,J. Roe,14:04:38.435,L. Hodenius,1:05.475,2:11.034,20_Pit Stops Time Cards_Race.PDF,5,1
2026,14_Watkins Glen International,Watkins Glen International,watkins-glen-international,2026-06-28,202606281210_Race,80,Lone Star Racing | Mercedes-AMG GT3 GTD,3,14:08:11.943,L. Hodenius,14:08:42.184,L. Hodenius,30.241,2:41.275,20_Pit Stops Time Cards_Race.PDF,5,1
2026,14_Watkins Glen International,Watkins Glen International,watkins-glen-international,2026-06-28,202606281210_Race,80,Lone Star Racing | Mercedes-AMG GT3 GTD,4,15:16:51.534,L. Hodenius,15:18:05.187,L. Hodenius,1:13.653,3:54.928,20_Pit Stops Time Cards_Race.PDF,5,1
2026,14_Watkins Glen International,Watkins Glen International,watkins-glen-international,2026-06-28,202606281210_Race,80,Lone Star Racing | Mercedes-AMG GT3 GTD,5,16:19:53.489,L. Hodenius,16:20:54.240,S. Andrews,1:00.751,4:55.679,20_Pit Stops Time Cards_Race.PDF,5,1
2026,14_Watkins Glen International,Watkins Glen International,watkins-glen-international,2026-06-28,202606281210_Race,80,Lone Star Racing | Mercedes-AMG GT3 GTD,6,16:49:14.638,S. Andrews,16:50:16.467,S. Andrews,1:01.829,5:57.508,20_Pit Stops Time Cards_Race.PDF,5,1
2026,14_Watkins Glen International,Watkins Glen International,watkins-glen-international,2026-06-28,202606281210_Race,80,Lone Star Racing | Mercedes-AMG GT3 GTD,7,17:23:30.756,S. Andrews,17:24:22.779,S. Andrews,52.023,6:49.531,20_Pit Stops Time Cards_Race.PDF,5,1
2026,14_Watkins Glen International,Watkins Glen International,watkins-glen-international,2026-06-28,202606281210_Race,81,7 S. Andrews S. Andrews 52.023 6:49.531 | DragonSpeed | Chevrolet Corvette Z06 GT3.R GTD B,1,12:50:38.615,H. Hedman,12:51:39.083,H. Hedman,1:00.468,1:00.468,20_Pit Stops Time Cards_Race.PDF,5,1
2026,14_Watkins Glen International,Watkins Glen International,watkins-glen-international,2026-06-28,202606281210_Race,81,7 S. Andrews S. Andrews 52.023 6:49.531 | DragonSpeed | Chevrolet Corvette Z06 GT3.R GTD B,2,12:53:36.686,H. Hedman,14:13:38.038,C. Stevenson,1:20:01.352,1:21:01.820,20_Pit Stops Time Cards_Race.PDF,5,1
2026,14_Watkins Glen International,Watkins Glen International,watkins-glen-international,2026-06-28,202606281210_Race,81,7 S. Andrews S. Andrews 52.023 6:49.531 | DragonSpeed | Chevrolet Corvette Z06 GT3.R GTD B,3,15:30:03.379,C. Stevenson,15:31:21.236,G. Altoè,1:17.857,1:22:19.677,20_Pit Stops Time Cards_Race.PDF,5,1
2026,14_Watkins Glen International,Watkins Glen International,watkins-glen-international,2026-06-28,202606281210_Race,81,7 S. Andrews S. Andrews 52.023 6:49.531 | DragonSpeed | Chevrolet Corvette Z06 GT3.R GTD B,4,16:53:52.932,G. Altoè,16:55:05.667,G. Altoè,1:12.735,1:23:32.412,20_Pit Stops Time Cards_Race.PDF,5,1
2026,14_Watkins Glen International,Watkins Glen International,watkins-glen-international,2026-06-28,202606281210_Race,81,7 S. Andrews S. Andrews 52.023 6:49.531 | DragonSpeed | Chevrolet Corvette Z06 GT3.R GTD B,5,17:58:08.340,G. Altoè,17:58:54.636,G. Altoè,46.296,1:24:18.708,20_Pit Stops Time Cards_Race.PDF,5,1
2026,14_Watkins Glen International,Watkins Glen International,watkins-glen-international,2026-06-28,202606281210_Race,93,5 G. Altoè G. Altoè 46.296 | Acura Meyer Shank Racing w/Curb Agajanian | Acura ARX-06 GTP,1,12:47:02.876,R. van der Zande,12:47:58.130,R. van der Zande,55.254,55.254,20_Pit Stops Time Cards_Race.PDF,5,1
2026,14_Watkins Glen International,Watkins Glen International,watkins-glen-international,2026-06-28,202606281210_Race,93,5 G. Altoè G. Altoè 46.296 | Acura Meyer Shank Racing w/Curb Agajanian | Acura ARX-06 GTP,2,14:19:21.416,R. van der Zande,14:20:32.235,K. Ohta,1:10.819,2:06.073,20_Pit Stops Time Cards_Race.PDF,5,1
2026,14_Watkins Glen International,Watkins Glen International,watkins-glen-international,2026-06-28,202606281210_Race,93,5 G. Altoè G. Altoè 46.296 | Acura Meyer Shank Racing w/Curb Agajanian | Acura ARX-06 GTP,3,15:23:41.134,K. Ohta,15:24:49.456,K. Ohta,1:08.322,3:14.395,20_Pit Stops Time Cards_Race.PDF,5,1
2026,14_Watkins Glen International,Watkins Glen International,watkins-glen-international,2026-06-28,202606281210_Race,93,5 G. Altoè G. Altoè 46.296 | Acura Meyer Shank Racing w/Curb Agajanian | Acura ARX-06 GTP,4,16:37:07.731,K. Ohta,16:38:15.087,N. Yelloly,1:07.356,4:21.751,20_Pit Stops Time Cards_Race.PDF,5,1
2026,14_Watkins Glen International,Watkins Glen International,watkins-glen-international,2026-06-28,202606281210_Race,93,5 G. Altoè G. Altoè 46.296 | Acura Meyer Shank Racing w/Curb Agajanian | Acura ARX-06 GTP,5,17:18:48.015,N. Yelloly,17:19:42.248,N. Yelloly,54.233,5:15.984,20_Pit Stops Time Cards_Race.PDF,5,1
2026,14_Watkins Glen International,Watkins Glen International,watkins-glen-international,2026-06-28,202606281210_Race,96,5 N. Yelloly N. Yelloly 54.233 5:15.984 | Turner Motorsport | BMW M4 GT3 EVO GTD,1,12:49:52.539,P. Gallagher,12:50:49.451,F. Selldorff,56.912,56.912,20_Pit Stops Time Cards_Race.PDF,5,1
2026,14_Watkins Glen International,Watkins Glen International,watkins-glen-international,2026-06-28,202606281210_Race,96,5 N. Yelloly N. Yelloly 54.233 5:15.984 | Turner Motorsport | BMW M4 GT3 EVO GTD,2,14:22:15.956,F. Selldorff,14:23:28.343,P. Gallagher,1:12.387,2:09.299,20_Pit Stops Time Cards_Race.PDF,5,1
2026,14_Watkins Glen International,Watkins Glen International,watkins-glen-international,2026-06-28,202606281210_Race,96,5 N. Yelloly N. Yelloly 54.233 5:15.984 | Turner Motorsport | BMW M4 GT3 EVO GTD,3,15:15:19.940,P. Gallagher,15:16:22.146,R. Foley,1:02.206,3:11.505,20_Pit Stops Time Cards_Race.PDF,5,1
2026,14_Watkins Glen International,Watkins Glen International,watkins-glen-international,2026-06-28,202606281210_Race,96,5 N. Yelloly N. Yelloly 54.233 5:15.984 | Turner Motorsport | BMW M4 GT3 EVO GTD,4,16:01:59.897,R. Foley,16:02:45.058,R. Foley,45.161,3:56.666,20_Pit Stops Time Cards_Race.PDF,5,1
2026,14_Watkins Glen International,Watkins Glen International,watkins-glen-international,2026-06-28,202606281210_Race,96,5 N. Yelloly N. Yelloly 54.233 5:15.984 | Turner Motorsport | BMW M4 GT3 EVO GTD,5,16:49:13.162,R. Foley,16:50:11.333,R. Foley,58.171,4:54.837,20_Pit Stops Time Cards_Race.PDF,5,1
2026,14_Watkins Glen International,Watkins Glen International,watkins-glen-international,2026-06-28,202606281210_Race,96,5 N. Yelloly N. Yelloly 54.233 5:15.984 | Turner Motorsport | BMW M4 GT3 EVO GTD,6,17:46:52.021,R. Foley,17:47:33.849,R. Foley,41.828,5:36.665,20_Pit Stops Time Cards_Race.PDF,5,1
2026,14_Watkins Glen International,Watkins Glen International,watkins-glen-international,2026-06-28,202606281210_Race,99,6 R. Foley R. Foley 41.828 5:36.665 | AO Racing | ORECA LMP2 07 LMP2,1,12:47:08.478,P. Hyett,12:48:09.878,P. Hyett,1:01.400,1:01.400,20_Pit Stops Time Cards_Race.PDF,5,1
2026,14_Watkins Glen International,Watkins Glen International,watkins-glen-international,2026-06-28,202606281210_Race,99,6 R. Foley R. Foley 41.828 5:36.665 | AO Racing | ORECA LMP2 07 LMP2,2,13:44:38.607,P. Hyett,13:45:37.203,J. Edgar,58.596,1:59.996,20_Pit Stops Time Cards_Race.PDF,5,1
2026,14_Watkins Glen International,Watkins Glen International,watkins-glen-international,2026-06-28,202606281210_Race,99,6 R. Foley R. Foley 41.828 5:36.665 | AO Racing | ORECA LMP2 07 LMP2,3,14:19:24.464,J. Edgar,14:20:26.606,J. Edgar,1:02.142,3:02.138,20_Pit Stops Time Cards_Race.PDF,5,1
2026,14_Watkins Glen International,Watkins Glen International,watkins-glen-international,2026-06-28,202606281210_Race,99,6 R. Foley R. Foley 41.828 5:36.665 | AO Racing | ORECA LMP2 07 LMP2,4,15:12:33.419,J. Edgar,15:13:44.410,J. Edgar,1:10.991,4:13.129,20_Pit Stops Time Cards_Race.PDF,5,1
2026,14_Watkins Glen International,Watkins Glen International,watkins-glen-international,2026-06-28,202606281210_Race,99,6 R. Foley R. Foley 41.828 5:36.665 | AO Racing | ORECA LMP2 07 LMP2,5,16:14:33.508,J. Edgar,16:15:40.547,D. Cameron,1:07.039,5:20.168,20_Pit Stops Time Cards_Race.PDF,5,1
2026,14_Watkins Glen International,Watkins Glen International,watkins-glen-international,2026-06-28,202606281210_Race,99,6 R. Foley R. Foley 41.828 5:36.665 | AO Racing | ORECA LMP2 07 LMP2,6,16:46:28.553,D. Cameron,16:47:27.328,D. Cameron,58.775,6:18.943,20_Pit Stops Time Cards_Race.PDF,5,1
2026,14_Watkins Glen International,Watkins Glen International,watkins-glen-international,2026-06-28,202606281210_Race,99,6 R. Foley R. Foley 41.828 5:36.665 | AO Racing | ORECA LMP2 07 LMP2,7,17:29:08.476,D. Cameron,17:30:13.143,D. Cameron,1:04.667,7:23.610,20_Pit Stops Time Cards_Race.PDF,5,1
2026,14_Watkins Glen International,Watkins Glen International,watkins-glen-international,2026-06-28,202606281210_Race,120,7 D. Cameron D. Cameron 1:04.667 7:23.610 | Wright Motorsports | Porsche 911 GT3 R (992) GTD,1,12:49:57.555,A. Adelson,12:50:54.961,A. Adelson,57.406,57.406,20_Pit Stops Time Cards_Race.PDF,5,1
2026,14_Watkins Glen International,Watkins Glen International,watkins-glen-international,2026-06-28,202606281210_Race,120,7 D. Cameron D. Cameron 1:04.667 7:23.610 | Wright Motorsports | Porsche 911 GT3 R (992) GTD,2,14:19:45.772,A. Adelson,14:20:25.964,A. Adelson,40.192,1:37.598,20_Pit Stops Time Cards_Race.PDF,5,1
2026,14_Watkins Glen International,Watkins Glen International,watkins-glen-international,2026-06-28,202606281210_Race,120,7 D. Cameron D. Cameron 1:04.667 7:23.610 | Wright Motorsports | Porsche 911 GT3 R (992) GTD,3,14:22:34.063,A. Adelson,14:23:43.047,T. Sargent,1:08.984,2:46.582,20_Pit Stops Time Cards_Race.PDF,5,1
2026,14_Watkins Glen International,Watkins Glen International,watkins-glen-international,2026-06-28,202606281210_Race,120,7 D. Cameron D. Cameron 1:04.667 7:23.610 | Wright Motorsports | Porsche 911 GT3 R (992) GTD,4,14:25:47.851,T. Sargent,14:26:23.614,T. Sargent,35.763,3:22.345,20_Pit Stops Time Cards_Race.PDF,5,1
2026,14_Watkins Glen International,Watkins Glen International,watkins-glen-international,2026-06-28,202606281210_Race,120,7 D. Cameron D. Cameron 1:04.667 7:23.610 | Wright Motorsports | Porsche 911 GT3 R (992) GTD,5,14:57:15.917,T. Sargent,14:58:07.904,T. Sargent,51.987,4:14.332,20_Pit Stops Time Cards_Race.PDF,5,1
2026,14_Watkins Glen International,Watkins Glen International,watkins-glen-international,2026-06-28,202606281210_Race,120,7 D. Cameron D. Cameron 1:04.667 7:23.610 | Wright Motorsports | Porsche 911 GT3 R (992) GTD,6,15:27:06.002,T. Sargent,15:27:56.212,T. Sargent,50.210,5:04.542,20_Pit Stops Time Cards_Race.PDF,5,1
2026,14_Watkins Glen International,Watkins Glen International,watkins-glen-international,2026-06-28,202606281210_Race,120,7 D. Cameron D. Cameron 1:04.667 7:23.610 | Wright Motorsports | Porsche 911 GT3 R (992) GTD,7,16:14:33.018,T. Sargent,16:15:24.456,C. Ilott,51.438,5:55.980,20_Pit Stops Time Cards_Race.PDF,5,1
2026,14_Watkins Glen International,Watkins Glen International,watkins-glen-international,2026-06-28,202606281210_Race,120,7 D. Cameron D. Cameron 1:04.667 7:23.610 | Wright Motorsports | Porsche 911 GT3 R (992) GTD,8,16:49:13.690,C. Ilott,16:50:05.556,C. Ilott,51.866,6:47.846,20_Pit Stops Time Cards_Race.PDF,5,1
2026,14_Watkins Glen International,Watkins Glen International,watkins-glen-international,2026-06-28,202606281210_Race,120,7 D. Cameron D. Cameron 1:04.667 7:23.610 | Wright Motorsports | Porsche 911 GT3 R (992) GTD,9,17:12:33.927,C. Ilott,17:13:18.943,C. Ilott,45.016,7:32.862,20_Pit Stops Time Cards_Race.PDF,5,1
2026,14_Watkins Glen International,Watkins Glen International,watkins-glen-international,2026-06-28,202606281210_Race,911,Manthey | Porsche 911 GT3 R (992) GTDPRO,1,12:49:51.789,M. Christensen,12:50:44.067,L. Hartog,52.278,52.278,20_Pit Stops Time Cards_Race.PDF,5,2
2026,14_Watkins Glen International,Watkins Glen International,watkins-glen-international,2026-06-28,202606281210_Race,912,1 M. Christensen L. Hartog 52.278 52.278 | Manthey 1St Phorm | Porsche 911 GT3 R (992) GTD B,1,12:50:36.163,R. Hardwick,12:51:33.985,R. Hardwick,57.822,57.822,20_Pit Stops Time Cards_Race.PDF,5,2
2026,14_Watkins Glen International,Watkins Glen International,watkins-glen-international,2026-06-28,202606281210_Race,912,1 M. Christensen L. Hartog 52.278 52.278 | Manthey 1St Phorm | Porsche 911 GT3 R (992) GTD B,2,14:22:23.676,R. Hardwick,14:23:37.482,R. Lietz,1:13.806,2:11.628,20_Pit Stops Time Cards_Race.PDF,5,2
2026,14_Watkins Glen International,Watkins Glen International,watkins-glen-international,2026-06-28,202606281210_Race,912,1 M. Christensen L. Hartog 52.278 52.278 | Manthey 1St Phorm | Porsche 911 GT3 R (992) GTD B,3,15:27:00.313,R. Lietz,15:28:08.081,R. Pera,1:07.768,3:19.396,20_Pit Stops Time Cards_Race.PDF,5,2
2026,14_Watkins Glen International,Watkins Glen International,watkins-glen-international,2026-06-28,202606281210_Race,912,1 M. Christensen L. Hartog 52.278 52.278 | Manthey 1St Phorm | Porsche 911 GT3 R (992) GTD B,4,16:14:34.124,R. Pera,16:15:28.133,R. Lietz,54.009,4:13.405,20_Pit Stops Time Cards_Race.PDF,5,2
2026,14_Watkins Glen International,Watkins Glen International,watkins-glen-international,2026-06-28,202606281210_Race,912,1 M. Christensen L. Hartog 52.278 52.278 | Manthey 1St Phorm | Porsche 911 GT3 R (992) GTD B,5,16:49:14.124,R. Lietz,16:50:06.476,R. Pera,52.352,5:05.757,20_Pit Stops Time Cards_Race.PDF,5,2
2026,14_Watkins Glen International,Watkins Glen International,watkins-glen-international,2026-06-28,202606281210_Race,912,1 M. Christensen L. Hartog 52.278 52.278 | Manthey 1St Phorm | Porsche 911 GT3 R (992) GTD B,6,17:10:46.327,R. Pera,17:11:31.136,R. Pera,44.809,5:50.566,20_Pit Stops Time Cards_Race.PDF,5,2
