year,event_code,event_name,track_slug,race_date,session_directory,car_number,car_metadata,stop_number,in_time,in_driver,out_time,out_driver,pit_time,cumulative_pit_time,source_report,source_page,source_column
2020,15_Sebring International Raceway,Sebring International Raceway,sebring-international-raceway,2020-11-14,202011141010_Race,3,Corvette Racing | Chevrolet Corvette C8.R GTLM,1,11:06:34.428,A. Garcia,11:07:42.385,A. Garcia,1:07.957,1:07.957,20_Pit Stops Time Cards_Race.PDF,1,1
2020,15_Sebring International Raceway,Sebring International Raceway,sebring-international-raceway,2020-11-14,202011141010_Race,3,Corvette Racing | Chevrolet Corvette C8.R GTLM,2,12:19:57.050,A. Garcia,12:21:06.724,J. Taylor,1:09.674,2:17.631,20_Pit Stops Time Cards_Race.PDF,1,1
2020,15_Sebring International Raceway,Sebring International Raceway,sebring-international-raceway,2020-11-14,202011141010_Race,3,Corvette Racing | Chevrolet Corvette C8.R GTLM,3,12:39:38.110,J. Taylor,12:40:31.599,J. Taylor,53.489,3:11.120,20_Pit Stops Time Cards_Race.PDF,1,1
2020,15_Sebring International Raceway,Sebring International Raceway,sebring-international-raceway,2020-11-14,202011141010_Race,3,Corvette Racing | Chevrolet Corvette C8.R GTLM,4,13:54:20.184,J. Taylor,13:55:27.456,N. Catsburg,1:07.272,4:18.392,20_Pit Stops Time Cards_Race.PDF,1,1
2020,15_Sebring International Raceway,Sebring International Raceway,sebring-international-raceway,2020-11-14,202011141010_Race,3,Corvette Racing | Chevrolet Corvette C8.R GTLM,5,15:04:20.604,N. Catsburg,15:05:31.026,N. Catsburg,1:10.422,5:28.814,20_Pit Stops Time Cards_Race.PDF,1,1
2020,15_Sebring International Raceway,Sebring International Raceway,sebring-international-raceway,2020-11-14,202011141010_Race,3,Corvette Racing | Chevrolet Corvette C8.R GTLM,6,15:55:57.532,N. Catsburg,15:56:52.469,N. Catsburg,54.937,6:23.751,20_Pit Stops Time Cards_Race.PDF,1,1
2020,15_Sebring International Raceway,Sebring International Raceway,sebring-international-raceway,2020-11-14,202011141010_Race,3,Corvette Racing | Chevrolet Corvette C8.R GTLM,7,16:11:20.579,N. Catsburg,16:12:27.412,N. Catsburg,1:06.833,7:30.584,20_Pit Stops Time Cards_Race.PDF,1,1
2020,15_Sebring International Raceway,Sebring International Raceway,sebring-international-raceway,2020-11-14,202011141010_Race,3,Corvette Racing | Chevrolet Corvette C8.R GTLM,8,17:13:38.538,N. Catsburg,17:14:48.900,A. Garcia,1:10.362,8:40.946,20_Pit Stops Time Cards_Race.PDF,1,1
2020,15_Sebring International Raceway,Sebring International Raceway,sebring-international-raceway,2020-11-14,202011141010_Race,3,Corvette Racing | Chevrolet Corvette C8.R GTLM,9,18:14:00.013,A. Garcia,18:15:10.326,J. Taylor,1:10.313,9:51.259,20_Pit Stops Time Cards_Race.PDF,1,1
2020,15_Sebring International Raceway,Sebring International Raceway,sebring-international-raceway,2020-11-14,202011141010_Race,3,Corvette Racing | Chevrolet Corvette C8.R GTLM,10,18:45:33.980,J. Taylor,18:46:26.601,J. Taylor,52.621,10:43.880,20_Pit Stops Time Cards_Race.PDF,1,1
2020,15_Sebring International Raceway,Sebring International Raceway,sebring-international-raceway,2020-11-14,202011141010_Race,3,Corvette Racing | Chevrolet Corvette C8.R GTLM,11,19:27:54.739,J. Taylor,19:28:55.641,A. Garcia,1:00.902,11:44.782,20_Pit Stops Time Cards_Race.PDF,1,1
2020,15_Sebring International Raceway,Sebring International Raceway,sebring-international-raceway,2020-11-14,202011141010_Race,3,Corvette Racing | Chevrolet Corvette C8.R GTLM,12,19:37:47.282,A. Garcia,19:54:29.288,A. Garcia,16:42.006,28:26.788,20_Pit Stops Time Cards_Race.PDF,1,1
2020,15_Sebring International Raceway,Sebring International Raceway,sebring-international-raceway,2020-11-14,202011141010_Race,3,Corvette Racing | Chevrolet Corvette C8.R GTLM,13,20:28:16.979,A. Garcia,20:29:19.208,J. Taylor,1:02.229,29:29.017,20_Pit Stops Time Cards_Race.PDF,1,1
2020,15_Sebring International Raceway,Sebring International Raceway,sebring-international-raceway,2020-11-14,202011141010_Race,3,Corvette Racing | Chevrolet Corvette C8.R GTLM,14,21:20:51.089,J. Taylor,21:22:14.915,J. Taylor,1:23.826,30:52.843,20_Pit Stops Time Cards_Race.PDF,1,1
2020,15_Sebring International Raceway,Sebring International Raceway,sebring-international-raceway,2020-11-14,202011141010_Race,4,14 J. Taylor J. Taylor 1:23.826 30:52.843 | Corvette Racing | Chevrolet Corvette C8.R GTLM,1,11:04:58.667,T. Milner,11:06:06.799,T. Milner,1:08.132,1:08.132,20_Pit Stops Time Cards_Race.PDF,1,1
2020,15_Sebring International Raceway,Sebring International Raceway,sebring-international-raceway,2020-11-14,202011141010_Race,4,14 J. Taylor J. Taylor 1:23.826 30:52.843 | Corvette Racing | Chevrolet Corvette C8.R GTLM,2,12:16:12.813,T. Milner,12:17:24.733,O. Gavin,1:11.920,2:20.052,20_Pit Stops Time Cards_Race.PDF,1,1
2020,15_Sebring International Raceway,Sebring International Raceway,sebring-international-raceway,2020-11-14,202011141010_Race,4,14 J. Taylor J. Taylor 1:23.826 30:52.843 | Corvette Racing | Chevrolet Corvette C8.R GTLM,3,12:39:46.285,O. Gavin,12:40:43.606,O. Gavin,57.321,3:17.373,20_Pit Stops Time Cards_Race.PDF,1,1
2020,15_Sebring International Raceway,Sebring International Raceway,sebring-international-raceway,2020-11-14,202011141010_Race,4,14 J. Taylor J. Taylor 1:23.826 30:52.843 | Corvette Racing | Chevrolet Corvette C8.R GTLM,4,12:53:05.330,O. Gavin,13:11:45.037,O. Gavin,18:39.707,21:57.080,20_Pit Stops Time Cards_Race.PDF,1,1
2020,15_Sebring International Raceway,Sebring International Raceway,sebring-international-raceway,2020-11-14,202011141010_Race,4,14 J. Taylor J. Taylor 1:23.826 30:52.843 | Corvette Racing | Chevrolet Corvette C8.R GTLM,5,13:57:32.065,O. Gavin,13:59:03.578,M. Fassler,1:31.513,23:28.593,20_Pit Stops Time Cards_Race.PDF,1,1
2020,15_Sebring International Raceway,Sebring International Raceway,sebring-international-raceway,2020-11-14,202011141010_Race,4,14 J. Taylor J. Taylor 1:23.826 30:52.843 | Corvette Racing | Chevrolet Corvette C8.R GTLM,6,14:15:12.103,M. Fassler,14:16:47.457,M. Fassler,1:35.354,25:03.947,20_Pit Stops Time Cards_Race.PDF,1,1
2020,15_Sebring International Raceway,Sebring International Raceway,sebring-international-raceway,2020-11-14,202011141010_Race,4,14 J. Taylor J. Taylor 1:23.826 30:52.843 | Corvette Racing | Chevrolet Corvette C8.R GTLM,7,14:58:25.605,M. Fassler,14:59:31.645,M. Fassler,1:06.040,26:09.987,20_Pit Stops Time Cards_Race.PDF,1,1
2020,15_Sebring International Raceway,Sebring International Raceway,sebring-international-raceway,2020-11-14,202011141010_Race,4,14 J. Taylor J. Taylor 1:23.826 30:52.843 | Corvette Racing | Chevrolet Corvette C8.R GTLM,8,16:20:01.717,M. Fassler,16:21:08.531,T. Milner,1:06.814,27:16.801,20_Pit Stops Time Cards_Race.PDF,1,1
2020,15_Sebring International Raceway,Sebring International Raceway,sebring-international-raceway,2020-11-14,202011141010_Race,4,14 J. Taylor J. Taylor 1:23.826 30:52.843 | Corvette Racing | Chevrolet Corvette C8.R GTLM,9,17:18:32.519,T. Milner,17:19:41.819,T. Milner,1:09.300,28:26.101,20_Pit Stops Time Cards_Race.PDF,1,1
2020,15_Sebring International Raceway,Sebring International Raceway,sebring-international-raceway,2020-11-14,202011141010_Race,4,14 J. Taylor J. Taylor 1:23.826 30:52.843 | Corvette Racing | Chevrolet Corvette C8.R GTLM,10,18:17:10.348,T. Milner,18:18:19.910,O. Gavin,1:09.562,29:35.663,20_Pit Stops Time Cards_Race.PDF,1,1
2020,15_Sebring International Raceway,Sebring International Raceway,sebring-international-raceway,2020-11-14,202011141010_Race,4,14 J. Taylor J. Taylor 1:23.826 30:52.843 | Corvette Racing | Chevrolet Corvette C8.R GTLM,11,20:16:32.961,O. Gavin,20:21:30.285,O. Gavin,4:57.324,34:32.987,20_Pit Stops Time Cards_Race.PDF,1,1
2020,15_Sebring International Raceway,Sebring International Raceway,sebring-international-raceway,2020-11-14,202011141010_Race,4,14 J. Taylor J. Taylor 1:23.826 30:52.843 | Corvette Racing | Chevrolet Corvette C8.R GTLM,12,21:19:27.917,O. Gavin,21:21:37.220,O. Gavin,2:09.303,36:42.290,20_Pit Stops Time Cards_Race.PDF,1,1
2020,15_Sebring International Raceway,Sebring International Raceway,sebring-international-raceway,2020-11-14,202011141010_Race,5,12 O. Gavin O. Gavin 2:09.303 36:42.290 | Mustang Sampling Racing / JDC-Miller MotorSports | Cadillac DPi DPi,1,10:46:14.369,S. Bourdais,10:47:18.716,S. Bourdais,1:04.347,1:04.347,20_Pit Stops Time Cards_Race.PDF,1,1
2020,15_Sebring International Raceway,Sebring International Raceway,sebring-international-raceway,2020-11-14,202011141010_Race,5,12 O. Gavin O. Gavin 2:09.303 36:42.290 | Mustang Sampling Racing / JDC-Miller MotorSports | Cadillac DPi DPi,2,11:13:43.595,S. Bourdais,11:14:40.350,S. Bourdais,56.755,2:01.102,20_Pit Stops Time Cards_Race.PDF,1,1
2020,15_Sebring International Raceway,Sebring International Raceway,sebring-international-raceway,2020-11-14,202011141010_Race,5,12 O. Gavin O. Gavin 2:09.303 36:42.290 | Mustang Sampling Racing / JDC-Miller MotorSports | Cadillac DPi DPi,3,11:55:55.133,S. Bourdais,11:57:01.879,T. Vautier,1:06.746,3:07.848,20_Pit Stops Time Cards_Race.PDF,1,1
2020,15_Sebring International Raceway,Sebring International Raceway,sebring-international-raceway,2020-11-14,202011141010_Race,5,12 O. Gavin O. Gavin 2:09.303 36:42.290 | Mustang Sampling Racing / JDC-Miller MotorSports | Cadillac DPi DPi,4,12:35:45.763,T. Vautier,12:36:49.653,T. Vautier,1:03.890,4:11.738,20_Pit Stops Time Cards_Race.PDF,1,1
2020,15_Sebring International Raceway,Sebring International Raceway,sebring-international-raceway,2020-11-14,202011141010_Race,5,12 O. Gavin O. Gavin 2:09.303 36:42.290 | Mustang Sampling Racing / JDC-Miller MotorSports | Cadillac DPi DPi,5,13:34:45.122,T. Vautier,13:35:49.246,T. Vautier,1:04.124,5:15.862,20_Pit Stops Time Cards_Race.PDF,1,1
2020,15_Sebring International Raceway,Sebring International Raceway,sebring-international-raceway,2020-11-14,202011141010_Race,5,12 O. Gavin O. Gavin 2:09.303 36:42.290 | Mustang Sampling Racing / JDC-Miller MotorSports | Cadillac DPi DPi,6,14:05:37.252,T. Vautier,14:06:40.413,L. Duval,1:03.161,6:19.023,20_Pit Stops Time Cards_Race.PDF,1,1
2020,15_Sebring International Raceway,Sebring International Raceway,sebring-international-raceway,2020-11-14,202011141010_Race,5,12 O. Gavin O. Gavin 2:09.303 36:42.290 | Mustang Sampling Racing / JDC-Miller MotorSports | Cadillac DPi DPi,7,14:44:24.921,L. Duval,14:45:27.048,L. Duval,1:02.127,7:21.150,20_Pit Stops Time Cards_Race.PDF,1,1
2020,15_Sebring International Raceway,Sebring International Raceway,sebring-international-raceway,2020-11-14,202011141010_Race,5,12 O. Gavin O. Gavin 2:09.303 36:42.290 | Mustang Sampling Racing / JDC-Miller MotorSports | Cadillac DPi DPi,8,15:13:35.179,L. Duval,15:14:27.604,L. Duval,52.425,8:13.575,20_Pit Stops Time Cards_Race.PDF,1,1
2020,15_Sebring International Raceway,Sebring International Raceway,sebring-international-raceway,2020-11-14,202011141010_Race,5,12 O. Gavin O. Gavin 2:09.303 36:42.290 | Mustang Sampling Racing / JDC-Miller MotorSports | Cadillac DPi DPi,9,15:52:06.720,L. Duval,15:53:04.612,S. Bourdais,57.892,9:11.467,20_Pit Stops Time Cards_Race.PDF,1,1
2020,15_Sebring International Raceway,Sebring International Raceway,sebring-international-raceway,2020-11-14,202011141010_Race,5,12 O. Gavin O. Gavin 2:09.303 36:42.290 | Mustang Sampling Racing / JDC-Miller MotorSports | Cadillac DPi DPi,10,16:43:41.168,S. Bourdais,16:44:45.092,S. Bourdais,1:03.924,10:15.391,20_Pit Stops Time Cards_Race.PDF,1,1
2020,15_Sebring International Raceway,Sebring International Raceway,sebring-international-raceway,2020-11-14,202011141010_Race,5,12 O. Gavin O. Gavin 2:09.303 36:42.290 | Mustang Sampling Racing / JDC-Miller MotorSports | Cadillac DPi DPi,11,17:21:10.827,S. Bourdais,17:22:15.818,T. Vautier,1:04.991,11:20.382,20_Pit Stops Time Cards_Race.PDF,1,1
2020,15_Sebring International Raceway,Sebring International Raceway,sebring-international-raceway,2020-11-14,202011141010_Race,5,12 O. Gavin O. Gavin 2:09.303 36:42.290 | Mustang Sampling Racing / JDC-Miller MotorSports | Cadillac DPi DPi,12,17:58:51.694,T. Vautier,17:59:57.201,T. Vautier,1:05.507,12:25.889,20_Pit Stops Time Cards_Race.PDF,1,1
2020,15_Sebring International Raceway,Sebring International Raceway,sebring-international-raceway,2020-11-14,202011141010_Race,5,12 O. Gavin O. Gavin 2:09.303 36:42.290 | Mustang Sampling Racing / JDC-Miller MotorSports | Cadillac DPi DPi,13,18:41:29.935,T. Vautier,18:42:34.438,T. Vautier,1:04.503,13:30.392,20_Pit Stops Time Cards_Race.PDF,1,1
2020,15_Sebring International Raceway,Sebring International Raceway,sebring-international-raceway,2020-11-14,202011141010_Race,5,12 O. Gavin O. Gavin 2:09.303 36:42.290 | Mustang Sampling Racing / JDC-Miller MotorSports | Cadillac DPi DPi,14,19:27:16.493,T. Vautier,19:28:24.928,L. Duval,1:08.435,14:38.827,20_Pit Stops Time Cards_Race.PDF,1,1
2020,15_Sebring International Raceway,Sebring International Raceway,sebring-international-raceway,2020-11-14,202011141010_Race,5,12 O. Gavin O. Gavin 2:09.303 36:42.290 | Mustang Sampling Racing / JDC-Miller MotorSports | Cadillac DPi DPi,15,20:08:55.889,L. Duval,20:10:02.214,L. Duval,1:06.325,15:45.152,20_Pit Stops Time Cards_Race.PDF,1,1
2020,15_Sebring International Raceway,Sebring International Raceway,sebring-international-raceway,2020-11-14,202011141010_Race,5,12 O. Gavin O. Gavin 2:09.303 36:42.290 | Mustang Sampling Racing / JDC-Miller MotorSports | Cadillac DPi DPi,16,20:50:31.144,L. Duval,20:51:37.567,S. Bourdais,1:06.423,16:51.575,20_Pit Stops Time Cards_Race.PDF,1,1
2020,15_Sebring International Raceway,Sebring International Raceway,sebring-international-raceway,2020-11-14,202011141010_Race,5,12 O. Gavin O. Gavin 2:09.303 36:42.290 | Mustang Sampling Racing / JDC-Miller MotorSports | Cadillac DPi DPi,17,20:53:34.742,S. Bourdais,20:54:20.544,S. Bourdais,45.802,17:37.377,20_Pit Stops Time Cards_Race.PDF,1,1
2020,15_Sebring International Raceway,Sebring International Raceway,sebring-international-raceway,2020-11-14,202011141010_Race,5,12 O. Gavin O. Gavin 2:09.303 36:42.290 | Mustang Sampling Racing / JDC-Miller MotorSports | Cadillac DPi DPi,18,21:01:37.673,S. Bourdais,21:04:42.662,S. Bourdais,3:04.989,20:42.366,20_Pit Stops Time Cards_Race.PDF,1,1
2020,15_Sebring International Raceway,Sebring International Raceway,sebring-international-raceway,2020-11-14,202011141010_Race,5,12 O. Gavin O. Gavin 2:09.303 36:42.290 | Mustang Sampling Racing / JDC-Miller MotorSports | Cadillac DPi DPi,19,21:33:51.438,S. Bourdais,21:34:57.540,S. Bourdais,1:06.102,21:48.468,20_Pit Stops Time Cards_Race.PDF,1,1
2020,15_Sebring International Raceway,Sebring International Raceway,sebring-international-raceway,2020-11-14,202011141010_Race,6,19 S. Bourdais S. Bourdais 1:06.102 21:48.468 | ACURA TEAM PENSKE | Acura DPi DPi,1,10:46:08.203,D. Cameron,10:47:13.572,D. Cameron,1:05.369,1:05.369,20_Pit Stops Time Cards_Race.PDF,1,2
2020,15_Sebring International Raceway,Sebring International Raceway,sebring-international-raceway,2020-11-14,202011141010_Race,6,19 S. Bourdais S. Bourdais 1:06.102 21:48.468 | ACURA TEAM PENSKE | Acura DPi DPi,2,11:13:43.007,D. Cameron,11:14:38.127,D. Cameron,55.120,2:00.489,20_Pit Stops Time Cards_Race.PDF,1,2
2020,15_Sebring International Raceway,Sebring International Raceway,sebring-international-raceway,2020-11-14,202011141010_Race,6,19 S. Bourdais S. Bourdais 1:06.102 21:48.468 | ACURA TEAM PENSKE | Acura DPi DPi,3,11:59:16.619,D. Cameron,12:00:23.208,J. Montoya,1:06.589,3:07.078,20_Pit Stops Time Cards_Race.PDF,1,2
2020,15_Sebring International Raceway,Sebring International Raceway,sebring-international-raceway,2020-11-14,202011141010_Race,6,19 S. Bourdais S. Bourdais 1:06.102 21:48.468 | ACURA TEAM PENSKE | Acura DPi DPi,4,12:35:43.851,J. Montoya,12:36:46.101,J. Montoya,1:02.250,4:09.328,20_Pit Stops Time Cards_Race.PDF,1,2
2020,15_Sebring International Raceway,Sebring International Raceway,sebring-international-raceway,2020-11-14,202011141010_Race,6,19 S. Bourdais S. Bourdais 1:06.102 21:48.468 | ACURA TEAM PENSKE | Acura DPi DPi,5,13:34:44.146,J. Montoya,13:35:48.801,S. Pagenaud,1:04.655,5:13.983,20_Pit Stops Time Cards_Race.PDF,1,2
2020,15_Sebring International Raceway,Sebring International Raceway,sebring-international-raceway,2020-11-14,202011141010_Race,6,19 S. Bourdais S. Bourdais 1:06.102 21:48.468 | ACURA TEAM PENSKE | Acura DPi DPi,6,14:05:36.717,S. Pagenaud,14:06:29.539,S. Pagenaud,52.822,6:06.805,20_Pit Stops Time Cards_Race.PDF,1,2
2020,15_Sebring International Raceway,Sebring International Raceway,sebring-international-raceway,2020-11-14,202011141010_Race,6,19 S. Bourdais S. Bourdais 1:06.102 21:48.468 | ACURA TEAM PENSKE | Acura DPi DPi,7,14:42:25.108,S. Pagenaud,14:43:28.794,D. Cameron,1:03.686,7:10.491,20_Pit Stops Time Cards_Race.PDF,1,2
2020,15_Sebring International Raceway,Sebring International Raceway,sebring-international-raceway,2020-11-14,202011141010_Race,6,19 S. Bourdais S. Bourdais 1:06.102 21:48.468 | ACURA TEAM PENSKE | Acura DPi DPi,8,15:13:29.652,D. Cameron,15:14:20.996,D. Cameron,51.344,8:01.835,20_Pit Stops Time Cards_Race.PDF,1,2
2020,15_Sebring International Raceway,Sebring International Raceway,sebring-international-raceway,2020-11-14,202011141010_Race,6,19 S. Bourdais S. Bourdais 1:06.102 21:48.468 | ACURA TEAM PENSKE | Acura DPi DPi,9,15:52:04.999,D. Cameron,15:53:01.168,J. Montoya,56.169,8:58.004,20_Pit Stops Time Cards_Race.PDF,1,2
2020,15_Sebring International Raceway,Sebring International Raceway,sebring-international-raceway,2020-11-14,202011141010_Race,6,19 S. Bourdais S. Bourdais 1:06.102 21:48.468 | ACURA TEAM PENSKE | Acura DPi DPi,10,16:32:41.393,J. Montoya,16:33:43.379,J. Montoya,1:01.986,9:59.990,20_Pit Stops Time Cards_Race.PDF,1,2
2020,15_Sebring International Raceway,Sebring International Raceway,sebring-international-raceway,2020-11-14,202011141010_Race,6,19 S. Bourdais S. Bourdais 1:06.102 21:48.468 | ACURA TEAM PENSKE | Acura DPi DPi,11,17:10:18.935,J. Montoya,17:11:24.857,S. Pagenaud,1:05.922,11:05.912,20_Pit Stops Time Cards_Race.PDF,1,2
2020,15_Sebring International Raceway,Sebring International Raceway,sebring-international-raceway,2020-11-14,202011141010_Race,6,19 S. Bourdais S. Bourdais 1:06.102 21:48.468 | ACURA TEAM PENSKE | Acura DPi DPi,12,17:48:08.533,S. Pagenaud,17:49:13.738,S. Pagenaud,1:05.205,12:11.117,20_Pit Stops Time Cards_Race.PDF,1,2
2020,15_Sebring International Raceway,Sebring International Raceway,sebring-international-raceway,2020-11-14,202011141010_Race,6,19 S. Bourdais S. Bourdais 1:06.102 21:48.468 | ACURA TEAM PENSKE | Acura DPi DPi,13,18:25:59.688,S. Pagenaud,18:27:05.472,S. Pagenaud,1:05.784,13:16.901,20_Pit Stops Time Cards_Race.PDF,1,2
2020,15_Sebring International Raceway,Sebring International Raceway,sebring-international-raceway,2020-11-14,202011141010_Race,6,19 S. Bourdais S. Bourdais 1:06.102 21:48.468 | ACURA TEAM PENSKE | Acura DPi DPi,14,18:41:37.584,S. Pagenaud,18:42:21.498,S. Pagenaud,43.914,14:00.815,20_Pit Stops Time Cards_Race.PDF,1,2
2020,15_Sebring International Raceway,Sebring International Raceway,sebring-international-raceway,2020-11-14,202011141010_Race,6,19 S. Bourdais S. Bourdais 1:06.102 21:48.468 | ACURA TEAM PENSKE | Acura DPi DPi,15,19:28:59.418,S. Pagenaud,19:30:05.478,J. Montoya,1:06.060,15:06.875,20_Pit Stops Time Cards_Race.PDF,1,2
2020,15_Sebring International Raceway,Sebring International Raceway,sebring-international-raceway,2020-11-14,202011141010_Race,6,19 S. Bourdais S. Bourdais 1:06.102 21:48.468 | ACURA TEAM PENSKE | Acura DPi DPi,16,20:11:00.694,J. Montoya,20:12:06.896,J. Montoya,1:06.202,16:13.077,20_Pit Stops Time Cards_Race.PDF,1,2
2020,15_Sebring International Raceway,Sebring International Raceway,sebring-international-raceway,2020-11-14,202011141010_Race,6,19 S. Bourdais S. Bourdais 1:06.102 21:48.468 | ACURA TEAM PENSKE | Acura DPi DPi,17,20:52:41.207,J. Montoya,20:53:48.275,D. Cameron,1:07.068,17:20.145,20_Pit Stops Time Cards_Race.PDF,1,2
2020,15_Sebring International Raceway,Sebring International Raceway,sebring-international-raceway,2020-11-14,202011141010_Race,6,19 S. Bourdais S. Bourdais 1:06.102 21:48.468 | ACURA TEAM PENSKE | Acura DPi DPi,18,21:34:15.184,D. Cameron,21:35:22.364,D. Cameron,1:07.180,18:27.325,20_Pit Stops Time Cards_Race.PDF,1,2
2020,15_Sebring International Raceway,Sebring International Raceway,sebring-international-raceway,2020-11-14,202011141010_Race,7,18 D. Cameron D. Cameron 1:07.180 18:27.325 | ACURA TEAM PENSKE | Acura DPi DPi,1,10:46:06.004,R. Taylor,10:47:10.834,R. Taylor,1:04.830,1:04.830,20_Pit Stops Time Cards_Race.PDF,1,2
2020,15_Sebring International Raceway,Sebring International Raceway,sebring-international-raceway,2020-11-14,202011141010_Race,7,18 D. Cameron D. Cameron 1:07.180 18:27.325 | ACURA TEAM PENSKE | Acura DPi DPi,2,10:53:00.649,R. Taylor,11:19:09.480,R. Taylor,26:08.831,27:13.661,20_Pit Stops Time Cards_Race.PDF,1,2
2020,15_Sebring International Raceway,Sebring International Raceway,sebring-international-raceway,2020-11-14,202011141010_Race,7,18 D. Cameron D. Cameron 1:07.180 18:27.325 | ACURA TEAM PENSKE | Acura DPi DPi,3,11:50:21.845,R. Taylor,11:51:17.400,R. Taylor,55.555,28:09.216,20_Pit Stops Time Cards_Race.PDF,1,2
2020,15_Sebring International Raceway,Sebring International Raceway,sebring-international-raceway,2020-11-14,202011141010_Race,7,18 D. Cameron D. Cameron 1:07.180 18:27.325 | ACURA TEAM PENSKE | Acura DPi DPi,4,12:14:59.887,R. Taylor,12:15:59.519,H. Castroneves,59.632,29:08.848,20_Pit Stops Time Cards_Race.PDF,1,2
2020,15_Sebring International Raceway,Sebring International Raceway,sebring-international-raceway,2020-11-14,202011141010_Race,7,18 D. Cameron D. Cameron 1:07.180 18:27.325 | ACURA TEAM PENSKE | Acura DPi DPi,5,12:44:21.148,H. Castroneves,12:45:14.669,H. Castroneves,53.521,30:02.369,20_Pit Stops Time Cards_Race.PDF,1,2
2020,15_Sebring International Raceway,Sebring International Raceway,sebring-international-raceway,2020-11-14,202011141010_Race,7,18 D. Cameron D. Cameron 1:07.180 18:27.325 | ACURA TEAM PENSKE | Acura DPi DPi,6,13:36:43.023,H. Castroneves,13:37:47.030,A. Rossi,1:04.007,31:06.376,20_Pit Stops Time Cards_Race.PDF,1,2
2020,15_Sebring International Raceway,Sebring International Raceway,sebring-international-raceway,2020-11-14,202011141010_Race,7,18 D. Cameron D. Cameron 1:07.180 18:27.325 | ACURA TEAM PENSKE | Acura DPi DPi,7,14:05:39.142,A. Rossi,14:06:32.223,A. Rossi,53.081,31:59.457,20_Pit Stops Time Cards_Race.PDF,1,2
2020,15_Sebring International Raceway,Sebring International Raceway,sebring-international-raceway,2020-11-14,202011141010_Race,7,18 D. Cameron D. Cameron 1:07.180 18:27.325 | ACURA TEAM PENSKE | Acura DPi DPi,8,14:42:18.176,A. Rossi,14:43:19.902,A. Rossi,1:01.726,33:01.183,20_Pit Stops Time Cards_Race.PDF,1,2
2020,15_Sebring International Raceway,Sebring International Raceway,sebring-international-raceway,2020-11-14,202011141010_Race,7,18 D. Cameron D. Cameron 1:07.180 18:27.325 | ACURA TEAM PENSKE | Acura DPi DPi,9,15:21:49.706,A. Rossi,15:22:49.227,R. Taylor,59.521,34:00.704,20_Pit Stops Time Cards_Race.PDF,1,2
2020,15_Sebring International Raceway,Sebring International Raceway,sebring-international-raceway,2020-11-14,202011141010_Race,7,18 D. Cameron D. Cameron 1:07.180 18:27.325 | ACURA TEAM PENSKE | Acura DPi DPi,10,15:52:09.543,R. Taylor,15:53:03.948,R. Taylor,54.405,34:55.109,20_Pit Stops Time Cards_Race.PDF,1,2
2020,15_Sebring International Raceway,Sebring International Raceway,sebring-international-raceway,2020-11-14,202011141010_Race,7,18 D. Cameron D. Cameron 1:07.180 18:27.325 | ACURA TEAM PENSKE | Acura DPi DPi,11,16:32:37.090,R. Taylor,16:33:36.664,H. Castroneves,59.574,35:54.683,20_Pit Stops Time Cards_Race.PDF,1,2
2020,15_Sebring International Raceway,Sebring International Raceway,sebring-international-raceway,2020-11-14,202011141010_Race,7,18 D. Cameron D. Cameron 1:07.180 18:27.325 | ACURA TEAM PENSKE | Acura DPi DPi,12,17:08:19.044,H. Castroneves,17:09:23.132,H. Castroneves,1:04.088,36:58.771,20_Pit Stops Time Cards_Race.PDF,1,2
2020,15_Sebring International Raceway,Sebring International Raceway,sebring-international-raceway,2020-11-14,202011141010_Race,7,18 D. Cameron D. Cameron 1:07.180 18:27.325 | ACURA TEAM PENSKE | Acura DPi DPi,13,17:44:06.459,H. Castroneves,17:45:10.878,A. Rossi,1:04.419,38:03.190,20_Pit Stops Time Cards_Race.PDF,1,2
2020,15_Sebring International Raceway,Sebring International Raceway,sebring-international-raceway,2020-11-14,202011141010_Race,7,18 D. Cameron D. Cameron 1:07.180 18:27.325 | ACURA TEAM PENSKE | Acura DPi DPi,14,18:21:48.854,A. Rossi,18:22:54.982,A. Rossi,1:06.128,39:09.318,20_Pit Stops Time Cards_Race.PDF,1,2
2020,15_Sebring International Raceway,Sebring International Raceway,sebring-international-raceway,2020-11-14,202011141010_Race,7,18 D. Cameron D. Cameron 1:07.180 18:27.325 | ACURA TEAM PENSKE | Acura DPi DPi,15,18:50:16.042,A. Rossi,18:51:03.161,A. Rossi,47.119,39:56.437,20_Pit Stops Time Cards_Race.PDF,1,2
2020,15_Sebring International Raceway,Sebring International Raceway,sebring-international-raceway,2020-11-14,202011141010_Race,7,18 D. Cameron D. Cameron 1:07.180 18:27.325 | ACURA TEAM PENSKE | Acura DPi DPi,16,19:26:01.875,A. Rossi,19:27:07.028,A. Rossi,1:05.153,41:01.590,20_Pit Stops Time Cards_Race.PDF,1,2
2020,15_Sebring International Raceway,Sebring International Raceway,sebring-international-raceway,2020-11-14,202011141010_Race,7,18 D. Cameron D. Cameron 1:07.180 18:27.325 | ACURA TEAM PENSKE | Acura DPi DPi,17,20:02:01.784,A. Rossi,20:03:05.863,H. Castroneves,1:04.079,42:05.669,20_Pit Stops Time Cards_Race.PDF,1,2
2020,15_Sebring International Raceway,Sebring International Raceway,sebring-international-raceway,2020-11-14,202011141010_Race,7,18 D. Cameron D. Cameron 1:07.180 18:27.325 | ACURA TEAM PENSKE | Acura DPi DPi,18,20:39:57.052,H. Castroneves,20:41:02.782,R. Taylor,1:05.730,43:11.399,20_Pit Stops Time Cards_Race.PDF,1,2
2020,15_Sebring International Raceway,Sebring International Raceway,sebring-international-raceway,2020-11-14,202011141010_Race,7,18 D. Cameron D. Cameron 1:07.180 18:27.325 | ACURA TEAM PENSKE | Acura DPi DPi,19,21:17:54.557,R. Taylor,21:18:59.468,R. Taylor,1:04.911,44:16.310,20_Pit Stops Time Cards_Race.PDF,1,2
2020,15_Sebring International Raceway,Sebring International Raceway,sebring-international-raceway,2020-11-14,202011141010_Race,7,18 D. Cameron D. Cameron 1:07.180 18:27.325 | ACURA TEAM PENSKE | Acura DPi DPi,20,21:35:29.770,R. Taylor,21:36:24.432,R. Taylor,54.662,45:10.972,20_Pit Stops Time Cards_Race.PDF,1,2
2020,15_Sebring International Raceway,Sebring International Raceway,sebring-international-raceway,2020-11-14,202011141010_Race,8,20 R. Taylor R. Taylor 54.662 45:10.972 | Tower Motorsport by Starworks | ORECA LMP2 07 LMP2,1,10:50:53.641,J. Farano,10:52:06.107,J. Farano,1:12.466,1:12.466,20_Pit Stops Time Cards_Race.PDF,1,2
2020,15_Sebring International Raceway,Sebring International Raceway,sebring-international-raceway,2020-11-14,202011141010_Race,8,20 R. Taylor R. Taylor 54.662 45:10.972 | Tower Motorsport by Starworks | ORECA LMP2 07 LMP2,2,11:13:56.152,J. Farano,11:15:40.030,M. Jensen,1:43.878,2:56.344,20_Pit Stops Time Cards_Race.PDF,1,2
2020,15_Sebring International Raceway,Sebring International Raceway,sebring-international-raceway,2020-11-14,202011141010_Race,8,20 R. Taylor R. Taylor 54.662 45:10.972 | Tower Motorsport by Starworks | ORECA LMP2 07 LMP2,3,12:02:05.236,M. Jensen,12:03:20.229,D. Heinemeier Hansson,1:14.993,4:11.337,20_Pit Stops Time Cards_Race.PDF,1,2
2020,15_Sebring International Raceway,Sebring International Raceway,sebring-international-raceway,2020-11-14,202011141010_Race,8,20 R. Taylor R. Taylor 54.662 45:10.972 | Tower Motorsport by Starworks | ORECA LMP2 07 LMP2,4,12:36:09.587,D. Heinemeier,12:37:45.178,J. Farano,1:35.591,5:46.928,20_Pit Stops Time Cards_Race.PDF,1,2
2020,15_Sebring International Raceway,Sebring International Raceway,sebring-international-raceway,2020-11-14,202011141010_Race,8,20 R. Taylor R. Taylor 54.662 45:10.972 | Tower Motorsport by Starworks | ORECA LMP2 07 LMP2,5,12:43:34.396,J. Farano,12:44:46.382,J. Farano,1:11.986,6:58.914,20_Pit Stops Time Cards_Race.PDF,1,2
2020,15_Sebring International Raceway,Sebring International Raceway,sebring-international-raceway,2020-11-14,202011141010_Race,8,20 R. Taylor R. Taylor 54.662 45:10.972 | Tower Motorsport by Starworks | ORECA LMP2 07 LMP2,6,13:44:28.956,J. Farano,13:45:56.525,D. Heinemeier Hansson,1:27.569,8:26.483,20_Pit Stops Time Cards_Race.PDF,1,2
2020,15_Sebring International Raceway,Sebring International Raceway,sebring-international-raceway,2020-11-14,202011141010_Race,8,20 R. Taylor R. Taylor 54.662 45:10.972 | Tower Motorsport by Starworks | ORECA LMP2 07 LMP2,7,13:50:52.219,D. Heinemeier,13:52:25.090,D. Heinemeier Hansson,1:32.871,9:59.354,20_Pit Stops Time Cards_Race.PDF,1,2
2020,15_Sebring International Raceway,Sebring International Raceway,sebring-international-raceway,2020-11-14,202011141010_Race,8,20 R. Taylor R. Taylor 54.662 45:10.972 | Tower Motorsport by Starworks | ORECA LMP2 07 LMP2,8,13:56:08.275,D. Heinemeier,14:04:46.766,D. Heinemeier Hansson,8:38.491,18:37.845,20_Pit Stops Time Cards_Race.PDF,1,2
2020,15_Sebring International Raceway,Sebring International Raceway,sebring-international-raceway,2020-11-14,202011141010_Race,8,20 R. Taylor R. Taylor 54.662 45:10.972 | Tower Motorsport by Starworks | ORECA LMP2 07 LMP2,9,14:51:06.801,D. Heinemeier,14:52:22.803,M. Jensen,1:16.002,19:53.847,20_Pit Stops Time Cards_Race.PDF,1,2
2020,15_Sebring International Raceway,Sebring International Raceway,sebring-international-raceway,2020-11-14,202011141010_Race,8,20 R. Taylor R. Taylor 54.662 45:10.972 | Tower Motorsport by Starworks | ORECA LMP2 07 LMP2,10,15:13:42.329,M. Jensen,15:14:38.184,M. Jensen,55.855,20:49.702,20_Pit Stops Time Cards_Race.PDF,1,2
2020,15_Sebring International Raceway,Sebring International Raceway,sebring-international-raceway,2020-11-14,202011141010_Race,8,20 R. Taylor R. Taylor 54.662 45:10.972 | Tower Motorsport by Starworks | ORECA LMP2 07 LMP2,11,15:52:36.298,M. Jensen,15:54:46.110,J. Farano,2:09.812,22:59.514,20_Pit Stops Time Cards_Race.PDF,1,2
2020,15_Sebring International Raceway,Sebring International Raceway,sebring-international-raceway,2020-11-14,202011141010_Race,8,20 R. Taylor R. Taylor 54.662 45:10.972 | Tower Motorsport by Starworks | ORECA LMP2 07 LMP2,12,16:49:56.321,J. Farano,16:51:17.873,D. Heinemeier Hansson,1:21.552,24:21.066,20_Pit Stops Time Cards_Race.PDF,1,2
2020,15_Sebring International Raceway,Sebring International Raceway,sebring-international-raceway,2020-11-14,202011141010_Race,8,20 R. Taylor R. Taylor 54.662 45:10.972 | Tower Motorsport by Starworks | ORECA LMP2 07 LMP2,13,17:32:56.494,D. Heinemeier,17:34:18.254,M. Jensen,1:21.760,25:42.826,20_Pit Stops Time Cards_Race.PDF,2,1
2020,15_Sebring International Raceway,Sebring International Raceway,sebring-international-raceway,2020-11-14,202011141010_Race,8,20 R. Taylor R. Taylor 54.662 45:10.972 | Tower Motorsport by Starworks | ORECA LMP2 07 LMP2,14,18:15:15.962,M. Jensen,18:16:25.056,M. Jensen,1:09.094,26:51.920,20_Pit Stops Time Cards_Race.PDF,2,1
2020,15_Sebring International Raceway,Sebring International Raceway,sebring-international-raceway,2020-11-14,202011141010_Race,8,20 R. Taylor R. Taylor 54.662 45:10.972 | Tower Motorsport by Starworks | ORECA LMP2 07 LMP2,15,18:41:42.591,M. Jensen,18:43:07.244,D. Heinemeier Hansson,1:24.653,28:16.573,20_Pit Stops Time Cards_Race.PDF,2,1
2020,15_Sebring International Raceway,Sebring International Raceway,sebring-international-raceway,2020-11-14,202011141010_Race,8,20 R. Taylor R. Taylor 54.662 45:10.972 | Tower Motorsport by Starworks | ORECA LMP2 07 LMP2,16,19:30:25.230,D. Heinemeier,19:31:39.341,M. Jensen,1:14.111,29:30.684,20_Pit Stops Time Cards_Race.PDF,2,1
2020,15_Sebring International Raceway,Sebring International Raceway,sebring-international-raceway,2020-11-14,202011141010_Race,8,20 R. Taylor R. Taylor 54.662 45:10.972 | Tower Motorsport by Starworks | ORECA LMP2 07 LMP2,17,20:10:45.383,M. Jensen,20:11:54.744,M. Jensen,1:09.361,30:40.045,20_Pit Stops Time Cards_Race.PDF,2,1
2020,15_Sebring International Raceway,Sebring International Raceway,sebring-international-raceway,2020-11-14,202011141010_Race,8,20 R. Taylor R. Taylor 54.662 45:10.972 | Tower Motorsport by Starworks | ORECA LMP2 07 LMP2,18,20:51:02.014,M. Jensen,20:52:11.904,M. Jensen,1:09.890,31:49.935,20_Pit Stops Time Cards_Race.PDF,2,1
2020,15_Sebring International Raceway,Sebring International Raceway,sebring-international-raceway,2020-11-14,202011141010_Race,8,20 R. Taylor R. Taylor 54.662 45:10.972 | Tower Motorsport by Starworks | ORECA LMP2 07 LMP2,19,21:31:18.842,M. Jensen,21:32:40.138,D. Heinemeier Hansson,1:21.296,33:11.231,20_Pit Stops Time Cards_Race.PDF,2,1
2020,15_Sebring International Raceway,Sebring International Raceway,sebring-international-raceway,2020-11-14,202011141010_Race,10,19 M. Jensen D. Heinemeier Hansson 1:21.296 33:11.231 | Konica Minolta Cadillac DPi-V.R | Cadillac DPi DPi,1,10:20:18.410,R. van der Zande,10:20:50.954,R. van der Zande,32.544,32.544,20_Pit Stops Time Cards_Race.PDF,2,1
2020,15_Sebring International Raceway,Sebring International Raceway,sebring-international-raceway,2020-11-14,202011141010_Race,10,19 M. Jensen D. Heinemeier Hansson 1:21.296 33:11.231 | Konica Minolta Cadillac DPi-V.R | Cadillac DPi DPi,2,10:46:34.214,R. van der Zande,10:47:38.856,R. van der Zande,1:04.642,1:37.186,20_Pit Stops Time Cards_Race.PDF,2,1
2020,15_Sebring International Raceway,Sebring International Raceway,sebring-international-raceway,2020-11-14,202011141010_Race,10,19 M. Jensen D. Heinemeier Hansson 1:21.296 33:11.231 | Konica Minolta Cadillac DPi-V.R | Cadillac DPi DPi,3,11:13:53.185,R. van der Zande,11:14:41.694,R. van der Zande,48.509,2:25.695,20_Pit Stops Time Cards_Race.PDF,2,1
2020,15_Sebring International Raceway,Sebring International Raceway,sebring-international-raceway,2020-11-14,202011141010_Race,10,19 M. Jensen D. Heinemeier Hansson 1:21.296 33:11.231 | Konica Minolta Cadillac DPi-V.R | Cadillac DPi DPi,4,11:50:20.779,R. van der Zande,11:51:23.651,R. Briscoe,1:02.872,3:28.567,20_Pit Stops Time Cards_Race.PDF,2,1
2020,15_Sebring International Raceway,Sebring International Raceway,sebring-international-raceway,2020-11-14,202011141010_Race,10,19 M. Jensen D. Heinemeier Hansson 1:21.296 33:11.231 | Konica Minolta Cadillac DPi-V.R | Cadillac DPi DPi,5,12:30:10.269,R. Briscoe,12:31:15.245,R. Briscoe,1:04.976,4:33.543,20_Pit Stops Time Cards_Race.PDF,2,1
2020,15_Sebring International Raceway,Sebring International Raceway,sebring-international-raceway,2020-11-14,202011141010_Race,10,19 M. Jensen D. Heinemeier Hansson 1:21.296 33:11.231 | Konica Minolta Cadillac DPi-V.R | Cadillac DPi DPi,6,13:34:42.087,R. Briscoe,13:35:45.382,R. Briscoe,1:03.295,5:36.838,20_Pit Stops Time Cards_Race.PDF,2,1
2020,15_Sebring International Raceway,Sebring International Raceway,sebring-international-raceway,2020-11-14,202011141010_Race,10,19 M. Jensen D. Heinemeier Hansson 1:21.296 33:11.231 | Konica Minolta Cadillac DPi-V.R | Cadillac DPi DPi,7,14:25:50.648,R. Briscoe,14:26:54.871,S. Dixon,1:04.223,6:41.061,20_Pit Stops Time Cards_Race.PDF,2,1
2020,15_Sebring International Raceway,Sebring International Raceway,sebring-international-raceway,2020-11-14,202011141010_Race,10,19 M. Jensen D. Heinemeier Hansson 1:21.296 33:11.231 | Konica Minolta Cadillac DPi-V.R | Cadillac DPi DPi,8,15:05:17.227,S. Dixon,15:24:40.639,S. Dixon,19:23.412,26:04.473,20_Pit Stops Time Cards_Race.PDF,2,1
2020,15_Sebring International Raceway,Sebring International Raceway,sebring-international-raceway,2020-11-14,202011141010_Race,10,19 M. Jensen D. Heinemeier Hansson 1:21.296 33:11.231 | Konica Minolta Cadillac DPi-V.R | Cadillac DPi DPi,9,16:21:50.109,S. Dixon,16:22:55.590,R. van der Zande,1:05.481,27:09.954,20_Pit Stops Time Cards_Race.PDF,2,1
2020,15_Sebring International Raceway,Sebring International Raceway,sebring-international-raceway,2020-11-14,202011141010_Race,10,19 M. Jensen D. Heinemeier Hansson 1:21.296 33:11.231 | Konica Minolta Cadillac DPi-V.R | Cadillac DPi DPi,10,16:30:18.272,R. van der Zande,16:30:50.795,R. van der Zande,32.523,27:42.477,20_Pit Stops Time Cards_Race.PDF,2,1
2020,15_Sebring International Raceway,Sebring International Raceway,sebring-international-raceway,2020-11-14,202011141010_Race,10,19 M. Jensen D. Heinemeier Hansson 1:21.296 33:11.231 | Konica Minolta Cadillac DPi-V.R | Cadillac DPi DPi,11,17:02:01.983,R. van der Zande,17:03:07.511,R. van der Zande,1:05.528,28:48.005,20_Pit Stops Time Cards_Race.PDF,2,1
2020,15_Sebring International Raceway,Sebring International Raceway,sebring-international-raceway,2020-11-14,202011141010_Race,10,19 M. Jensen D. Heinemeier Hansson 1:21.296 33:11.231 | Konica Minolta Cadillac DPi-V.R | Cadillac DPi DPi,12,17:41:47.618,R. van der Zande,17:42:53.039,R. Briscoe,1:05.421,29:53.426,20_Pit Stops Time Cards_Race.PDF,2,1
2020,15_Sebring International Raceway,Sebring International Raceway,sebring-international-raceway,2020-11-14,202011141010_Race,10,19 M. Jensen D. Heinemeier Hansson 1:21.296 33:11.231 | Konica Minolta Cadillac DPi-V.R | Cadillac DPi DPi,13,18:23:31.083,R. Briscoe,18:24:38.807,R. Briscoe,1:07.724,31:01.150,20_Pit Stops Time Cards_Race.PDF,2,1
2020,15_Sebring International Raceway,Sebring International Raceway,sebring-international-raceway,2020-11-14,202011141010_Race,10,19 M. Jensen D. Heinemeier Hansson 1:21.296 33:11.231 | Konica Minolta Cadillac DPi-V.R | Cadillac DPi DPi,14,18:41:32.442,R. Briscoe,18:42:20.184,R. Briscoe,47.742,31:48.892,20_Pit Stops Time Cards_Race.PDF,2,1
2020,15_Sebring International Raceway,Sebring International Raceway,sebring-international-raceway,2020-11-14,202011141010_Race,10,19 M. Jensen D. Heinemeier Hansson 1:21.296 33:11.231 | Konica Minolta Cadillac DPi-V.R | Cadillac DPi DPi,15,19:25:56.422,R. Briscoe,19:27:03.309,S. Dixon,1:06.887,32:55.779,20_Pit Stops Time Cards_Race.PDF,2,1
2020,15_Sebring International Raceway,Sebring International Raceway,sebring-international-raceway,2020-11-14,202011141010_Race,10,19 M. Jensen D. Heinemeier Hansson 1:21.296 33:11.231 | Konica Minolta Cadillac DPi-V.R | Cadillac DPi DPi,16,20:02:01.120,S. Dixon,20:03:04.906,S. Dixon,1:03.786,33:59.565,20_Pit Stops Time Cards_Race.PDF,2,1
2020,15_Sebring International Raceway,Sebring International Raceway,sebring-international-raceway,2020-11-14,202011141010_Race,10,19 M. Jensen D. Heinemeier Hansson 1:21.296 33:11.231 | Konica Minolta Cadillac DPi-V.R | Cadillac DPi DPi,17,20:28:53.714,S. Dixon,20:30:04.947,R. van der Zande,1:11.233,35:10.798,20_Pit Stops Time Cards_Race.PDF,2,1
2020,15_Sebring International Raceway,Sebring International Raceway,sebring-international-raceway,2020-11-14,202011141010_Race,10,19 M. Jensen D. Heinemeier Hansson 1:21.296 33:11.231 | Konica Minolta Cadillac DPi-V.R | Cadillac DPi DPi,18,21:03:23.565,R. van der Zande,21:04:25.342,R. van der Zande,1:01.777,36:12.575,20_Pit Stops Time Cards_Race.PDF,2,1
2020,15_Sebring International Raceway,Sebring International Raceway,sebring-international-raceway,2020-11-14,202011141010_Race,10,19 M. Jensen D. Heinemeier Hansson 1:21.296 33:11.231 | Konica Minolta Cadillac DPi-V.R | Cadillac DPi DPi,19,21:34:13.041,R. van der Zande,21:35:13.685,R. Briscoe,1:00.644,37:13.219,20_Pit Stops Time Cards_Race.PDF,2,1
2020,15_Sebring International Raceway,Sebring International Raceway,sebring-international-raceway,2020-11-14,202011141010_Race,11,19 R. van der Zande R. Briscoe 1:00.644 37:13.219 | GRT Grasser Racing Team | Lamborghini Huracan GT3 GTD,1,11:05:29.089,R. Heistand,11:06:44.546,S. Schothorst,1:15.457,1:15.457,20_Pit Stops Time Cards_Race.PDF,2,1
2020,15_Sebring International Raceway,Sebring International Raceway,sebring-international-raceway,2020-11-14,202011141010_Race,11,19 R. van der Zande R. Briscoe 1:00.644 37:13.219 | GRT Grasser Racing Team | Lamborghini Huracan GT3 GTD,2,12:16:30.837,S. Schothorst,12:17:47.957,R. Heistand,1:17.120,2:32.577,20_Pit Stops Time Cards_Race.PDF,2,1
2020,15_Sebring International Raceway,Sebring International Raceway,sebring-international-raceway,2020-11-14,202011141010_Race,11,19 R. van der Zande R. Briscoe 1:00.644 37:13.219 | GRT Grasser Racing Team | Lamborghini Huracan GT3 GTD,3,12:39:31.114,R. Heistand,13:03:04.086,R. Heistand,23:32.972,26:05.549,20_Pit Stops Time Cards_Race.PDF,2,1
2020,15_Sebring International Raceway,Sebring International Raceway,sebring-international-raceway,2020-11-14,202011141010_Race,11,19 R. van der Zande R. Briscoe 1:00.644 37:13.219 | GRT Grasser Racing Team | Lamborghini Huracan GT3 GTD,4,14:09:34.972,R. Heistand,14:11:05.827,F. Perera,1:30.855,27:36.404,20_Pit Stops Time Cards_Race.PDF,2,1
2020,15_Sebring International Raceway,Sebring International Raceway,sebring-international-raceway,2020-11-14,202011141010_Race,11,19 R. van der Zande R. Briscoe 1:00.644 37:13.219 | GRT Grasser Racing Team | Lamborghini Huracan GT3 GTD,5,15:17:35.373,F. Perera,15:18:53.346,S. Schothorst,1:17.973,28:54.377,20_Pit Stops Time Cards_Race.PDF,2,1
2020,15_Sebring International Raceway,Sebring International Raceway,sebring-international-raceway,2020-11-14,202011141010_Race,11,19 R. van der Zande R. Briscoe 1:00.644 37:13.219 | GRT Grasser Racing Team | Lamborghini Huracan GT3 GTD,6,16:36:47.612,S. Schothorst,16:38:09.603,F. Perera,1:21.991,30:16.368,20_Pit Stops Time Cards_Race.PDF,2,1
2020,15_Sebring International Raceway,Sebring International Raceway,sebring-international-raceway,2020-11-14,202011141010_Race,11,19 R. van der Zande R. Briscoe 1:00.644 37:13.219 | GRT Grasser Racing Team | Lamborghini Huracan GT3 GTD,7,17:09:08.517,F. Perera,17:10:20.703,F. Perera,1:12.186,31:28.554,20_Pit Stops Time Cards_Race.PDF,2,1
2020,15_Sebring International Raceway,Sebring International Raceway,sebring-international-raceway,2020-11-14,202011141010_Race,11,19 R. van der Zande R. Briscoe 1:00.644 37:13.219 | GRT Grasser Racing Team | Lamborghini Huracan GT3 GTD,8,18:10:12.675,F. Perera,18:11:44.404,S. Schothorst,1:31.729,33:00.283,20_Pit Stops Time Cards_Race.PDF,2,1
2020,15_Sebring International Raceway,Sebring International Raceway,sebring-international-raceway,2020-11-14,202011141010_Race,11,19 R. van der Zande R. Briscoe 1:00.644 37:13.219 | GRT Grasser Racing Team | Lamborghini Huracan GT3 GTD,9,19:13:12.878,S. Schothorst,19:14:30.051,R. Heistand,1:17.173,34:17.456,20_Pit Stops Time Cards_Race.PDF,2,1
2020,15_Sebring International Raceway,Sebring International Raceway,sebring-international-raceway,2020-11-14,202011141010_Race,11,19 R. van der Zande R. Briscoe 1:00.644 37:13.219 | GRT Grasser Racing Team | Lamborghini Huracan GT3 GTD,10,20:14:30.245,R. Heistand,20:15:50.701,F. Perera,1:20.456,35:37.912,20_Pit Stops Time Cards_Race.PDF,2,1
2020,15_Sebring International Raceway,Sebring International Raceway,sebring-international-raceway,2020-11-14,202011141010_Race,12,10 R. Heistand F. Perera 1:20.456 35:37.912 | AIM VASSER SULLIVAN | Lexus RC F GT3 GTD,1,11:05:16.601,F. Montecalvo,11:06:30.858,M. De Quesada,1:14.257,1:14.257,20_Pit Stops Time Cards_Race.PDF,2,1
2020,15_Sebring International Raceway,Sebring International Raceway,sebring-international-raceway,2020-11-14,202011141010_Race,12,10 R. Heistand F. Perera 1:20.456 35:37.912 | AIM VASSER SULLIVAN | Lexus RC F GT3 GTD,2,12:14:50.070,M. De Quesada,12:16:06.992,T. Bell,1:16.922,2:31.179,20_Pit Stops Time Cards_Race.PDF,2,1
2020,15_Sebring International Raceway,Sebring International Raceway,sebring-international-raceway,2020-11-14,202011141010_Race,12,10 R. Heistand F. Perera 1:20.456 35:37.912 | AIM VASSER SULLIVAN | Lexus RC F GT3 GTD,3,12:53:33.832,T. Bell,14:00:14.557,M. De Quesada,1:06:40.725,1:09:11.904,20_Pit Stops Time Cards_Race.PDF,2,1
2020,15_Sebring International Raceway,Sebring International Raceway,sebring-international-raceway,2020-11-14,202011141010_Race,12,10 R. Heistand F. Perera 1:20.456 35:37.912 | AIM VASSER SULLIVAN | Lexus RC F GT3 GTD,4,14:19:29.115,M. De Quesada,14:21:06.239,M. De Quesada,1:37.124,1:10:49.028,20_Pit Stops Time Cards_Race.PDF,2,1
2020,15_Sebring International Raceway,Sebring International Raceway,sebring-international-raceway,2020-11-14,202011141010_Race,12,10 R. Heistand F. Perera 1:20.456 35:37.912 | AIM VASSER SULLIVAN | Lexus RC F GT3 GTD,5,15:09:44.141,M. De Quesada,15:10:29.142,M. De Quesada,45.001,1:11:34.029,20_Pit Stops Time Cards_Race.PDF,2,1
2020,15_Sebring International Raceway,Sebring International Raceway,sebring-international-raceway,2020-11-14,202011141010_Race,12,10 R. Heistand F. Perera 1:20.456 35:37.912 | AIM VASSER SULLIVAN | Lexus RC F GT3 GTD,6,15:20:06.936,M. De Quesada,15:21:43.062,M. De Quesada,1:36.126,1:13:10.155,20_Pit Stops Time Cards_Race.PDF,2,1
2020,15_Sebring International Raceway,Sebring International Raceway,sebring-international-raceway,2020-11-14,202011141010_Race,12,10 R. Heistand F. Perera 1:20.456 35:37.912 | AIM VASSER SULLIVAN | Lexus RC F GT3 GTD,7,16:01:05.916,M. De Quesada,16:02:07.285,T. Bell,1:01.369,1:14:11.524,20_Pit Stops Time Cards_Race.PDF,2,1
2020,15_Sebring International Raceway,Sebring International Raceway,sebring-international-raceway,2020-11-14,202011141010_Race,12,10 R. Heistand F. Perera 1:20.456 35:37.912 | AIM VASSER SULLIVAN | Lexus RC F GT3 GTD,8,17:06:02.331,T. Bell,17:07:18.368,T. Bell,1:16.037,1:15:27.561,20_Pit Stops Time Cards_Race.PDF,2,1
2020,15_Sebring International Raceway,Sebring International Raceway,sebring-international-raceway,2020-11-14,202011141010_Race,12,10 R. Heistand F. Perera 1:20.456 35:37.912 | AIM VASSER SULLIVAN | Lexus RC F GT3 GTD,9,17:48:46.075,T. Bell,17:49:51.017,T. Bell,1:04.942,1:16:32.503,20_Pit Stops Time Cards_Race.PDF,2,1
2020,15_Sebring International Raceway,Sebring International Raceway,sebring-international-raceway,2020-11-14,202011141010_Race,12,10 R. Heistand F. Perera 1:20.456 35:37.912 | AIM VASSER SULLIVAN | Lexus RC F GT3 GTD,10,18:29:07.588,T. Bell,18:30:29.679,F. Montecalvo,1:22.091,1:17:54.594,20_Pit Stops Time Cards_Race.PDF,2,1
2020,15_Sebring International Raceway,Sebring International Raceway,sebring-international-raceway,2020-11-14,202011141010_Race,12,10 R. Heistand F. Perera 1:20.456 35:37.912 | AIM VASSER SULLIVAN | Lexus RC F GT3 GTD,11,19:40:54.393,F. Montecalvo,19:42:10.160,F. Montecalvo,1:15.767,1:19:10.361,20_Pit Stops Time Cards_Race.PDF,2,1
2020,15_Sebring International Raceway,Sebring International Raceway,sebring-international-raceway,2020-11-14,202011141010_Race,12,10 R. Heistand F. Perera 1:20.456 35:37.912 | AIM VASSER SULLIVAN | Lexus RC F GT3 GTD,12,20:40:46.137,F. Montecalvo,20:41:50.974,T. Bell,1:04.837,1:20:15.198,20_Pit Stops Time Cards_Race.PDF,2,2
2020,15_Sebring International Raceway,Sebring International Raceway,sebring-international-raceway,2020-11-14,202011141010_Race,14,12 F. Montecalvo T. Bell 1:04.837 | AIM VASSER SULLIVAN | Lexus RC F GT3 GTD,1,11:07:24.261,A. Telitz,11:08:40.348,K. Kirkwood,1:16.087,1:16.087,20_Pit Stops Time Cards_Race.PDF,2,2
2020,15_Sebring International Raceway,Sebring International Raceway,sebring-international-raceway,2020-11-14,202011141010_Race,14,12 F. Montecalvo T. Bell 1:04.837 | AIM VASSER SULLIVAN | Lexus RC F GT3 GTD,2,12:16:56.411,K. Kirkwood,12:18:11.993,K. Kirkwood,1:15.582,2:31.669,20_Pit Stops Time Cards_Race.PDF,2,2
2020,15_Sebring International Raceway,Sebring International Raceway,sebring-international-raceway,2020-11-14,202011141010_Race,16,2 K. Kirkwood K. Kirkwood 1:15.582 2:31.669 | Wright Motorsports | Porsche 911 GT3R GTD,1,11:04:48.242,J. Heylen,11:06:07.602,R. Hardwick,1:19.360,1:19.360,20_Pit Stops Time Cards_Race.PDF,2,2
2020,15_Sebring International Raceway,Sebring International Raceway,sebring-international-raceway,2020-11-14,202011141010_Race,16,2 K. Kirkwood K. Kirkwood 1:15.582 2:31.669 | Wright Motorsports | Porsche 911 GT3R GTD,2,12:17:13.171,R. Hardwick,12:18:29.571,R. Hardwick,1:16.400,2:35.760,20_Pit Stops Time Cards_Race.PDF,2,2
2020,15_Sebring International Raceway,Sebring International Raceway,sebring-international-raceway,2020-11-14,202011141010_Race,16,2 K. Kirkwood K. Kirkwood 1:15.582 2:31.669 | Wright Motorsports | Porsche 911 GT3R GTD,3,12:39:42.977,R. Hardwick,12:40:32.054,R. Hardwick,49.077,3:24.837,20_Pit Stops Time Cards_Race.PDF,2,2
2020,15_Sebring International Raceway,Sebring International Raceway,sebring-international-raceway,2020-11-14,202011141010_Race,16,2 K. Kirkwood K. Kirkwood 1:15.582 2:31.669 | Wright Motorsports | Porsche 911 GT3R GTD,4,13:12:52.578,R. Hardwick,13:13:49.675,R. Hardwick,57.097,4:21.934,20_Pit Stops Time Cards_Race.PDF,2,2
2020,15_Sebring International Raceway,Sebring International Raceway,sebring-international-raceway,2020-11-14,202011141010_Race,16,2 K. Kirkwood K. Kirkwood 1:15.582 2:31.669 | Wright Motorsports | Porsche 911 GT3R GTD,5,13:53:32.118,R. Hardwick,13:54:36.480,R. Hardwick,1:04.362,5:26.296,20_Pit Stops Time Cards_Race.PDF,2,2
2020,15_Sebring International Raceway,Sebring International Raceway,sebring-international-raceway,2020-11-14,202011141010_Race,16,2 K. Kirkwood K. Kirkwood 1:15.582 2:31.669 | Wright Motorsports | Porsche 911 GT3R GTD,6,14:09:35.529,R. Hardwick,14:11:34.947,R. Hardwick,1:59.418,7:25.714,20_Pit Stops Time Cards_Race.PDF,2,2
2020,15_Sebring International Raceway,Sebring International Raceway,sebring-international-raceway,2020-11-14,202011141010_Race,16,2 K. Kirkwood K. Kirkwood 1:15.582 2:31.669 | Wright Motorsports | Porsche 911 GT3R GTD,7,14:47:10.316,R. Hardwick,14:48:11.690,P. Long,1:01.374,8:27.088,20_Pit Stops Time Cards_Race.PDF,2,2
2020,15_Sebring International Raceway,Sebring International Raceway,sebring-international-raceway,2020-11-14,202011141010_Race,16,2 K. Kirkwood K. Kirkwood 1:15.582 2:31.669 | Wright Motorsports | Porsche 911 GT3R GTD,8,15:17:24.087,P. Long,15:19:11.917,P. Long,1:47.830,10:14.918,20_Pit Stops Time Cards_Race.PDF,2,2
2020,15_Sebring International Raceway,Sebring International Raceway,sebring-international-raceway,2020-11-14,202011141010_Race,16,2 K. Kirkwood K. Kirkwood 1:15.582 2:31.669 | Wright Motorsports | Porsche 911 GT3R GTD,9,15:55:54.566,P. Long,15:56:53.352,J. Heylen,58.786,11:13.704,20_Pit Stops Time Cards_Race.PDF,2,2
2020,15_Sebring International Raceway,Sebring International Raceway,sebring-international-raceway,2020-11-14,202011141010_Race,16,2 K. Kirkwood K. Kirkwood 1:15.582 2:31.669 | Wright Motorsports | Porsche 911 GT3R GTD,10,16:59:25.363,J. Heylen,17:00:40.636,P. Long,1:15.273,12:28.977,20_Pit Stops Time Cards_Race.PDF,2,2
2020,15_Sebring International Raceway,Sebring International Raceway,sebring-international-raceway,2020-11-14,202011141010_Race,16,2 K. Kirkwood K. Kirkwood 1:15.582 2:31.669 | Wright Motorsports | Porsche 911 GT3R GTD,11,18:00:34.721,P. Long,18:01:53.354,J. Heylen,1:18.633,13:47.610,20_Pit Stops Time Cards_Race.PDF,2,2
2020,15_Sebring International Raceway,Sebring International Raceway,sebring-international-raceway,2020-11-14,202011141010_Race,16,2 K. Kirkwood K. Kirkwood 1:15.582 2:31.669 | Wright Motorsports | Porsche 911 GT3R GTD,12,18:45:33.455,J. Heylen,18:46:36.036,J. Heylen,1:02.581,14:50.191,20_Pit Stops Time Cards_Race.PDF,2,2
2020,15_Sebring International Raceway,Sebring International Raceway,sebring-international-raceway,2020-11-14,202011141010_Race,16,2 K. Kirkwood K. Kirkwood 1:15.582 2:31.669 | Wright Motorsports | Porsche 911 GT3R GTD,13,19:27:41.354,J. Heylen,19:28:56.475,P. Long,1:15.121,16:05.312,20_Pit Stops Time Cards_Race.PDF,2,2
2020,15_Sebring International Raceway,Sebring International Raceway,sebring-international-raceway,2020-11-14,202011141010_Race,16,2 K. Kirkwood K. Kirkwood 1:15.582 2:31.669 | Wright Motorsports | Porsche 911 GT3R GTD,14,20:22:44.529,P. Long,20:23:58.483,J. Heylen,1:13.954,17:19.266,20_Pit Stops Time Cards_Race.PDF,2,2
2020,15_Sebring International Raceway,Sebring International Raceway,sebring-international-raceway,2020-11-14,202011141010_Race,16,2 K. Kirkwood K. Kirkwood 1:15.582 2:31.669 | Wright Motorsports | Porsche 911 GT3R GTD,15,21:15:29.269,J. Heylen,21:16:43.127,P. Long,1:13.858,18:33.124,20_Pit Stops Time Cards_Race.PDF,2,2
2020,15_Sebring International Raceway,Sebring International Raceway,sebring-international-raceway,2020-11-14,202011141010_Race,23,15 J. Heylen P. Long 1:13.858 18:33.124 | Heart Of Racing Team | Aston Martin Vantage GT3 GTD,1,11:05:33.116,I. James,11:06:48.287,I. James,1:15.171,1:15.171,20_Pit Stops Time Cards_Race.PDF,2,2
2020,15_Sebring International Raceway,Sebring International Raceway,sebring-international-raceway,2020-11-14,202011141010_Race,23,15 J. Heylen P. Long 1:13.858 18:33.124 | Heart Of Racing Team | Aston Martin Vantage GT3 GTD,2,12:19:04.287,I. James,12:20:21.535,D. Turner,1:17.248,2:32.419,20_Pit Stops Time Cards_Race.PDF,2,2
2020,15_Sebring International Raceway,Sebring International Raceway,sebring-international-raceway,2020-11-14,202011141010_Race,23,15 J. Heylen P. Long 1:13.858 18:33.124 | Heart Of Racing Team | Aston Martin Vantage GT3 GTD,3,13:41:48.779,D. Turner,13:43:06.267,R. De Angelis,1:17.488,3:49.907,20_Pit Stops Time Cards_Race.PDF,2,2
2020,15_Sebring International Raceway,Sebring International Raceway,sebring-international-raceway,2020-11-14,202011141010_Race,23,15 J. Heylen P. Long 1:13.858 18:33.124 | Heart Of Racing Team | Aston Martin Vantage GT3 GTD,4,14:52:29.948,R. De Angelis,14:53:50.536,I. James,1:20.588,5:10.495,20_Pit Stops Time Cards_Race.PDF,2,2
2020,15_Sebring International Raceway,Sebring International Raceway,sebring-international-raceway,2020-11-14,202011141010_Race,23,15 J. Heylen P. Long 1:13.858 18:33.124 | Heart Of Racing Team | Aston Martin Vantage GT3 GTD,5,15:55:49.793,I. James,15:56:58.725,D. Turner,1:08.932,6:19.427,20_Pit Stops Time Cards_Race.PDF,2,2
2020,15_Sebring International Raceway,Sebring International Raceway,sebring-international-raceway,2020-11-14,202011141010_Race,23,15 J. Heylen P. Long 1:13.858 18:33.124 | Heart Of Racing Team | Aston Martin Vantage GT3 GTD,6,17:07:51.822,D. Turner,17:09:12.159,R. De Angelis,1:20.337,7:39.764,20_Pit Stops Time Cards_Race.PDF,2,2
2020,15_Sebring International Raceway,Sebring International Raceway,sebring-international-raceway,2020-11-14,202011141010_Race,23,15 J. Heylen P. Long 1:13.858 18:33.124 | Heart Of Racing Team | Aston Martin Vantage GT3 GTD,7,18:09:17.256,R. De Angelis,18:11:17.075,D. Turner,1:59.819,9:39.583,20_Pit Stops Time Cards_Race.PDF,2,2
2020,15_Sebring International Raceway,Sebring International Raceway,sebring-international-raceway,2020-11-14,202011141010_Race,23,15 J. Heylen P. Long 1:13.858 18:33.124 | Heart Of Racing Team | Aston Martin Vantage GT3 GTD,8,18:45:39.960,D. Turner,18:46:41.011,D. Turner,1:01.051,10:40.634,20_Pit Stops Time Cards_Race.PDF,2,2
2020,15_Sebring International Raceway,Sebring International Raceway,sebring-international-raceway,2020-11-14,202011141010_Race,23,15 J. Heylen P. Long 1:13.858 18:33.124 | Heart Of Racing Team | Aston Martin Vantage GT3 GTD,9,19:42:26.374,D. Turner,19:43:32.747,D. Turner,1:06.373,11:47.007,20_Pit Stops Time Cards_Race.PDF,2,2
2020,15_Sebring International Raceway,Sebring International Raceway,sebring-international-raceway,2020-11-14,202011141010_Race,23,15 J. Heylen P. Long 1:13.858 18:33.124 | Heart Of Racing Team | Aston Martin Vantage GT3 GTD,10,20:14:34.124,D. Turner,20:15:44.309,R. De Angelis,1:10.185,12:57.192,20_Pit Stops Time Cards_Race.PDF,2,2
2020,15_Sebring International Raceway,Sebring International Raceway,sebring-international-raceway,2020-11-14,202011141010_Race,23,15 J. Heylen P. Long 1:13.858 18:33.124 | Heart Of Racing Team | Aston Martin Vantage GT3 GTD,11,21:11:30.694,R. De Angelis,21:12:46.305,R. De Angelis,1:15.611,14:12.803,20_Pit Stops Time Cards_Race.PDF,2,2
2020,15_Sebring International Raceway,Sebring International Raceway,sebring-international-raceway,2020-11-14,202011141010_Race,24,11 R. De Angelis R. De Angelis 1:15.611 14:12.803 | BMW Team RLL | BMW M8 GTE GTLM,1,11:04:53.491,J. Krohn,11:06:02.373,J. Krohn,1:08.882,1:08.882,20_Pit Stops Time Cards_Race.PDF,2,2
2020,15_Sebring International Raceway,Sebring International Raceway,sebring-international-raceway,2020-11-14,202011141010_Race,24,11 R. De Angelis R. De Angelis 1:15.611 14:12.803 | BMW Team RLL | BMW M8 GTE GTLM,2,12:16:12.428,J. Krohn,12:17:21.416,A. Farfus,1:08.988,2:17.870,20_Pit Stops Time Cards_Race.PDF,2,2
2020,15_Sebring International Raceway,Sebring International Raceway,sebring-international-raceway,2020-11-14,202011141010_Race,24,11 R. De Angelis R. De Angelis 1:15.611 14:12.803 | BMW Team RLL | BMW M8 GTE GTLM,3,12:39:45.254,A. Farfus,12:40:44.412,A. Farfus,59.158,3:17.028,20_Pit Stops Time Cards_Race.PDF,2,2
2020,15_Sebring International Raceway,Sebring International Raceway,sebring-international-raceway,2020-11-14,202011141010_Race,24,11 R. De Angelis R. De Angelis 1:15.611 14:12.803 | BMW Team RLL | BMW M8 GTE GTLM,4,13:40:29.148,A. Farfus,13:41:27.586,A. Farfus,58.438,4:15.466,20_Pit Stops Time Cards_Race.PDF,2,2
2020,15_Sebring International Raceway,Sebring International Raceway,sebring-international-raceway,2020-11-14,202011141010_Race,24,11 R. De Angelis R. De Angelis 1:15.611 14:12.803 | BMW Team RLL | BMW M8 GTE GTLM,5,14:15:02.781,A. Farfus,14:16:15.808,J. Edwards,1:13.027,5:28.493,20_Pit Stops Time Cards_Race.PDF,2,2
2020,15_Sebring International Raceway,Sebring International Raceway,sebring-international-raceway,2020-11-14,202011141010_Race,24,11 R. De Angelis R. De Angelis 1:15.611 14:12.803 | BMW Team RLL | BMW M8 GTE GTLM,6,15:17:08.886,J. Edwards,15:19:57.083,J. Edwards,2:48.197,8:16.690,20_Pit Stops Time Cards_Race.PDF,2,2
2020,15_Sebring International Raceway,Sebring International Raceway,sebring-international-raceway,2020-11-14,202011141010_Race,24,11 R. De Angelis R. De Angelis 1:15.611 14:12.803 | BMW Team RLL | BMW M8 GTE GTLM,7,15:56:02.792,J. Edwards,15:57:03.962,J. Krohn,1:01.170,9:17.860,20_Pit Stops Time Cards_Race.PDF,2,2
2020,15_Sebring International Raceway,Sebring International Raceway,sebring-international-raceway,2020-11-14,202011141010_Race,24,11 R. De Angelis R. De Angelis 1:15.611 14:12.803 | BMW Team RLL | BMW M8 GTE GTLM,8,16:55:28.209,J. Krohn,16:56:32.665,J. Krohn,1:04.456,10:22.316,20_Pit Stops Time Cards_Race.PDF,2,2
2020,15_Sebring International Raceway,Sebring International Raceway,sebring-international-raceway,2020-11-14,202011141010_Race,24,11 R. De Angelis R. De Angelis 1:15.611 14:12.803 | BMW Team RLL | BMW M8 GTE GTLM,9,17:51:44.125,J. Krohn,17:52:52.900,A. Farfus,1:08.775,11:31.091,20_Pit Stops Time Cards_Race.PDF,2,2
2020,15_Sebring International Raceway,Sebring International Raceway,sebring-international-raceway,2020-11-14,202011141010_Race,24,11 R. De Angelis R. De Angelis 1:15.611 14:12.803 | BMW Team RLL | BMW M8 GTE GTLM,10,18:45:29.565,A. Farfus,18:46:34.507,A. Farfus,1:04.942,12:36.033,20_Pit Stops Time Cards_Race.PDF,2,2
2020,15_Sebring International Raceway,Sebring International Raceway,sebring-international-raceway,2020-11-14,202011141010_Race,24,11 R. De Angelis R. De Angelis 1:15.611 14:12.803 | BMW Team RLL | BMW M8 GTE GTLM,11,19:24:05.949,A. Farfus,19:25:09.131,J. Edwards,1:03.182,13:39.215,20_Pit Stops Time Cards_Race.PDF,2,2
2020,15_Sebring International Raceway,Sebring International Raceway,sebring-international-raceway,2020-11-14,202011141010_Race,24,11 R. De Angelis R. De Angelis 1:15.611 14:12.803 | BMW Team RLL | BMW M8 GTE GTLM,12,19:31:08.760,J. Edwards,19:32:55.413,J. Edwards,1:46.653,15:25.868,20_Pit Stops Time Cards_Race.PDF,2,2
2020,15_Sebring International Raceway,Sebring International Raceway,sebring-international-raceway,2020-11-14,202011141010_Race,24,11 R. De Angelis R. De Angelis 1:15.611 14:12.803 | BMW Team RLL | BMW M8 GTE GTLM,13,20:30:25.403,J. Edwards,20:31:35.500,J. Krohn,1:10.097,16:35.965,20_Pit Stops Time Cards_Race.PDF,2,2
2020,15_Sebring International Raceway,Sebring International Raceway,sebring-international-raceway,2020-11-14,202011141010_Race,24,11 R. De Angelis R. De Angelis 1:15.611 14:12.803 | BMW Team RLL | BMW M8 GTE GTLM,14,21:28:58.033,J. Krohn,21:30:02.736,J. Krohn,1:04.703,17:40.668,20_Pit Stops Time Cards_Race.PDF,2,2
2020,15_Sebring International Raceway,Sebring International Raceway,sebring-international-raceway,2020-11-14,202011141010_Race,25,BMW Team RLL | BMW M8 GTE GTLM,1,11:06:31.727,C. De Phillippi,11:07:41.287,C. De Phillippi,1:09.560,1:09.560,20_Pit Stops Time Cards_Race.PDF,3,1
2020,15_Sebring International Raceway,Sebring International Raceway,sebring-international-raceway,2020-11-14,202011141010_Race,25,BMW Team RLL | BMW M8 GTE GTLM,2,12:14:00.397,C. De Phillippi,12:15:08.279,C. Herta,1:07.882,2:17.442,20_Pit Stops Time Cards_Race.PDF,3,1
2020,15_Sebring International Raceway,Sebring International Raceway,sebring-international-raceway,2020-11-14,202011141010_Race,25,BMW Team RLL | BMW M8 GTE GTLM,3,12:39:40.435,C. Herta,12:40:51.840,C. Herta,1:11.405,3:28.847,20_Pit Stops Time Cards_Race.PDF,3,1
2020,15_Sebring International Raceway,Sebring International Raceway,sebring-international-raceway,2020-11-14,202011141010_Race,25,BMW Team RLL | BMW M8 GTE GTLM,4,13:50:20.174,C. Herta,13:51:29.301,B. Spengler,1:09.127,4:37.974,20_Pit Stops Time Cards_Race.PDF,3,1
2020,15_Sebring International Raceway,Sebring International Raceway,sebring-international-raceway,2020-11-14,202011141010_Race,25,BMW Team RLL | BMW M8 GTE GTLM,5,15:00:32.213,B. Spengler,15:01:42.463,B. Spengler,1:10.250,5:48.224,20_Pit Stops Time Cards_Race.PDF,3,1
2020,15_Sebring International Raceway,Sebring International Raceway,sebring-international-raceway,2020-11-14,202011141010_Race,25,BMW Team RLL | BMW M8 GTE GTLM,6,15:56:00.329,B. Spengler,15:56:57.415,C. De Phillippi,57.086,6:45.310,20_Pit Stops Time Cards_Race.PDF,3,1
2020,15_Sebring International Raceway,Sebring International Raceway,sebring-international-raceway,2020-11-14,202011141010_Race,25,BMW Team RLL | BMW M8 GTE GTLM,7,17:03:19.075,C. De Phillippi,17:04:28.898,C. De Phillippi,1:09.823,7:55.133,20_Pit Stops Time Cards_Race.PDF,3,1
2020,15_Sebring International Raceway,Sebring International Raceway,sebring-international-raceway,2020-11-14,202011141010_Race,25,BMW Team RLL | BMW M8 GTE GTLM,8,18:01:35.224,C. De Phillippi,18:02:45.667,C. Herta,1:10.443,9:05.576,20_Pit Stops Time Cards_Race.PDF,3,1
2020,15_Sebring International Raceway,Sebring International Raceway,sebring-international-raceway,2020-11-14,202011141010_Race,25,BMW Team RLL | BMW M8 GTE GTLM,9,18:45:32.145,C. Herta,18:46:30.910,C. Herta,58.765,10:04.341,20_Pit Stops Time Cards_Race.PDF,3,1
2020,15_Sebring International Raceway,Sebring International Raceway,sebring-international-raceway,2020-11-14,202011141010_Race,25,BMW Team RLL | BMW M8 GTE GTLM,10,19:37:47.905,C. Herta,19:38:55.303,B. Spengler,1:07.398,11:11.739,20_Pit Stops Time Cards_Race.PDF,3,1
2020,15_Sebring International Raceway,Sebring International Raceway,sebring-international-raceway,2020-11-14,202011141010_Race,25,BMW Team RLL | BMW M8 GTE GTLM,11,20:32:22.718,B. Spengler,20:33:31.185,C. De Phillippi,1:08.467,12:20.206,20_Pit Stops Time Cards_Race.PDF,3,1
2020,15_Sebring International Raceway,Sebring International Raceway,sebring-international-raceway,2020-11-14,202011141010_Race,25,BMW Team RLL | BMW M8 GTE GTLM,12,21:16:48.141,C. De Phillippi,21:18:02.758,C. De Phillippi,1:14.617,13:34.823,20_Pit Stops Time Cards_Race.PDF,3,1
2020,15_Sebring International Raceway,Sebring International Raceway,sebring-international-raceway,2020-11-14,202011141010_Race,25,BMW Team RLL | BMW M8 GTE GTLM,13,21:57:07.711,C. De Phillippi,21:59:20.930,C. De Phillippi,2:13.219,15:48.042,20_Pit Stops Time Cards_Race.PDF,3,1
2020,15_Sebring International Raceway,Sebring International Raceway,sebring-international-raceway,2020-11-14,202011141010_Race,30,13 C. De Phillippi C. De Phillippi 2:13.219 15:48.042 | Team Hardpoint | Audi R8 LMS GT3 GTD,1,11:07:14.719,A. Davis,11:08:38.014,R. Ferriol,1:23.295,1:23.295,20_Pit Stops Time Cards_Race.PDF,3,1
2020,15_Sebring International Raceway,Sebring International Raceway,sebring-international-raceway,2020-11-14,202011141010_Race,30,13 C. De Phillippi C. De Phillippi 2:13.219 15:48.042 | Team Hardpoint | Audi R8 LMS GT3 GTD,2,12:19:16.094,R. Ferriol,12:20:34.446,R. Ferriol,1:18.352,2:41.647,20_Pit Stops Time Cards_Race.PDF,3,1
2020,15_Sebring International Raceway,Sebring International Raceway,sebring-international-raceway,2020-11-14,202011141010_Race,30,13 C. De Phillippi C. De Phillippi 2:13.219 15:48.042 | Team Hardpoint | Audi R8 LMS GT3 GTD,3,13:40:11.297,R. Ferriol,13:41:26.727,P. Kaffer,1:15.430,3:57.077,20_Pit Stops Time Cards_Race.PDF,3,1
2020,15_Sebring International Raceway,Sebring International Raceway,sebring-international-raceway,2020-11-14,202011141010_Race,30,13 C. De Phillippi C. De Phillippi 2:13.219 15:48.042 | Team Hardpoint | Audi R8 LMS GT3 GTD,4,14:48:29.540,P. Kaffer,14:49:44.126,R. Ferriol,1:14.586,5:11.663,20_Pit Stops Time Cards_Race.PDF,3,1
2020,15_Sebring International Raceway,Sebring International Raceway,sebring-international-raceway,2020-11-14,202011141010_Race,30,13 C. De Phillippi C. De Phillippi 2:13.219 15:48.042 | Team Hardpoint | Audi R8 LMS GT3 GTD,5,15:17:23.508,R. Ferriol,15:18:25.692,R. Ferriol,1:02.184,6:13.847,20_Pit Stops Time Cards_Race.PDF,3,1
2020,15_Sebring International Raceway,Sebring International Raceway,sebring-international-raceway,2020-11-14,202011141010_Race,30,13 C. De Phillippi C. De Phillippi 2:13.219 15:48.042 | Team Hardpoint | Audi R8 LMS GT3 GTD,6,15:55:54.068,R. Ferriol,15:57:05.143,A. Davis,1:11.075,7:24.922,20_Pit Stops Time Cards_Race.PDF,3,1
2020,15_Sebring International Raceway,Sebring International Raceway,sebring-international-raceway,2020-11-14,202011141010_Race,30,13 C. De Phillippi C. De Phillippi 2:13.219 15:48.042 | Team Hardpoint | Audi R8 LMS GT3 GTD,7,17:05:55.236,A. Davis,17:07:11.339,P. Kaffer,1:16.103,8:41.025,20_Pit Stops Time Cards_Race.PDF,3,1
2020,15_Sebring International Raceway,Sebring International Raceway,sebring-international-raceway,2020-11-14,202011141010_Race,30,13 C. De Phillippi C. De Phillippi 2:13.219 15:48.042 | Team Hardpoint | Audi R8 LMS GT3 GTD,8,18:07:13.502,P. Kaffer,18:08:27.684,A. Davis,1:14.182,9:55.207,20_Pit Stops Time Cards_Race.PDF,3,1
2020,15_Sebring International Raceway,Sebring International Raceway,sebring-international-raceway,2020-11-14,202011141010_Race,30,13 C. De Phillippi C. De Phillippi 2:13.219 15:48.042 | Team Hardpoint | Audi R8 LMS GT3 GTD,9,19:15:22.693,A. Davis,19:16:38.533,P. Kaffer,1:15.840,11:11.047,20_Pit Stops Time Cards_Race.PDF,3,1
2020,15_Sebring International Raceway,Sebring International Raceway,sebring-international-raceway,2020-11-14,202011141010_Race,30,13 C. De Phillippi C. De Phillippi 2:13.219 15:48.042 | Team Hardpoint | Audi R8 LMS GT3 GTD,10,20:10:34.853,P. Kaffer,20:11:48.316,A. Davis,1:13.463,12:24.510,20_Pit Stops Time Cards_Race.PDF,3,1
2020,15_Sebring International Raceway,Sebring International Raceway,sebring-international-raceway,2020-11-14,202011141010_Race,30,13 C. De Phillippi C. De Phillippi 2:13.219 15:48.042 | Team Hardpoint | Audi R8 LMS GT3 GTD,11,21:05:37.646,A. Davis,21:06:50.005,P. Kaffer,1:12.359,13:36.869,20_Pit Stops Time Cards_Race.PDF,3,1
2020,15_Sebring International Raceway,Sebring International Raceway,sebring-international-raceway,2020-11-14,202011141010_Race,31,11 A. Davis P. Kaffer 1:12.359 13:36.869 | Whelen Engineering Racing | Cadillac DPi DPi,1,10:49:55.669,P. Derani,10:51:01.790,P. Derani,1:06.121,1:06.121,20_Pit Stops Time Cards_Race.PDF,3,1
2020,15_Sebring International Raceway,Sebring International Raceway,sebring-international-raceway,2020-11-14,202011141010_Race,31,11 A. Davis P. Kaffer 1:12.359 13:36.869 | Whelen Engineering Racing | Cadillac DPi DPi,2,11:35:25.903,P. Derani,11:36:28.508,G. Chaves,1:02.605,2:08.726,20_Pit Stops Time Cards_Race.PDF,3,1
2020,15_Sebring International Raceway,Sebring International Raceway,sebring-international-raceway,2020-11-14,202011141010_Race,31,11 A. Davis P. Kaffer 1:12.359 13:36.869 | Whelen Engineering Racing | Cadillac DPi DPi,3,12:15:21.894,G. Chaves,12:16:27.992,G. Chaves,1:06.098,3:14.824,20_Pit Stops Time Cards_Race.PDF,3,1
2020,15_Sebring International Raceway,Sebring International Raceway,sebring-international-raceway,2020-11-14,202011141010_Race,31,11 A. Davis P. Kaffer 1:12.359 13:36.869 | Whelen Engineering Racing | Cadillac DPi DPi,4,12:36:05.244,G. Chaves,12:37:07.269,F. Nasr,1:02.025,4:16.849,20_Pit Stops Time Cards_Race.PDF,3,1
2020,15_Sebring International Raceway,Sebring International Raceway,sebring-international-raceway,2020-11-14,202011141010_Race,31,11 A. Davis P. Kaffer 1:12.359 13:36.869 | Whelen Engineering Racing | Cadillac DPi DPi,5,13:33:03.148,F. Nasr,13:34:03.597,F. Nasr,1:00.449,5:17.298,20_Pit Stops Time Cards_Race.PDF,3,1
2020,15_Sebring International Raceway,Sebring International Raceway,sebring-international-raceway,2020-11-14,202011141010_Race,31,11 A. Davis P. Kaffer 1:12.359 13:36.869 | Whelen Engineering Racing | Cadillac DPi DPi,6,14:05:37.830,F. Nasr,14:06:34.188,P. Derani,56.358,6:13.656,20_Pit Stops Time Cards_Race.PDF,3,1
2020,15_Sebring International Raceway,Sebring International Raceway,sebring-international-raceway,2020-11-14,202011141010_Race,31,11 A. Davis P. Kaffer 1:12.359 13:36.869 | Whelen Engineering Racing | Cadillac DPi DPi,7,14:42:25.620,P. Derani,14:43:27.456,P. Derani,1:01.836,7:15.492,20_Pit Stops Time Cards_Race.PDF,3,1
2020,15_Sebring International Raceway,Sebring International Raceway,sebring-international-raceway,2020-11-14,202011141010_Race,31,11 A. Davis P. Kaffer 1:12.359 13:36.869 | Whelen Engineering Racing | Cadillac DPi DPi,8,15:13:27.088,P. Derani,15:14:17.589,P. Derani,50.501,8:05.993,20_Pit Stops Time Cards_Race.PDF,3,1
2020,15_Sebring International Raceway,Sebring International Raceway,sebring-international-raceway,2020-11-14,202011141010_Race,31,11 A. Davis P. Kaffer 1:12.359 13:36.869 | Whelen Engineering Racing | Cadillac DPi DPi,9,15:52:04.450,P. Derani,15:53:08.578,G. Chaves,1:04.128,9:10.121,20_Pit Stops Time Cards_Race.PDF,3,1
2020,15_Sebring International Raceway,Sebring International Raceway,sebring-international-raceway,2020-11-14,202011141010_Race,31,11 A. Davis P. Kaffer 1:12.359 13:36.869 | Whelen Engineering Racing | Cadillac DPi DPi,10,16:42:07.347,G. Chaves,16:43:11.110,F. Nasr,1:03.763,10:13.884,20_Pit Stops Time Cards_Race.PDF,3,1
2020,15_Sebring International Raceway,Sebring International Raceway,sebring-international-raceway,2020-11-14,202011141010_Race,31,11 A. Davis P. Kaffer 1:12.359 13:36.869 | Whelen Engineering Racing | Cadillac DPi DPi,11,17:23:27.447,F. Nasr,17:24:33.649,F. Nasr,1:06.202,11:20.086,20_Pit Stops Time Cards_Race.PDF,3,1
2020,15_Sebring International Raceway,Sebring International Raceway,sebring-international-raceway,2020-11-14,202011141010_Race,31,11 A. Davis P. Kaffer 1:12.359 13:36.869 | Whelen Engineering Racing | Cadillac DPi DPi,12,18:04:49.245,F. Nasr,18:05:55.490,F. Nasr,1:06.245,12:26.331,20_Pit Stops Time Cards_Race.PDF,3,1
2020,15_Sebring International Raceway,Sebring International Raceway,sebring-international-raceway,2020-11-14,202011141010_Race,31,11 A. Davis P. Kaffer 1:12.359 13:36.869 | Whelen Engineering Racing | Cadillac DPi DPi,13,18:41:30.986,F. Nasr,18:42:29.815,P. Derani,58.829,13:25.160,20_Pit Stops Time Cards_Race.PDF,3,1
2020,15_Sebring International Raceway,Sebring International Raceway,sebring-international-raceway,2020-11-14,202011141010_Race,31,11 A. Davis P. Kaffer 1:12.359 13:36.869 | Whelen Engineering Racing | Cadillac DPi DPi,14,19:29:03.597,P. Derani,19:30:10.572,P. Derani,1:06.975,14:32.135,20_Pit Stops Time Cards_Race.PDF,3,1
2020,15_Sebring International Raceway,Sebring International Raceway,sebring-international-raceway,2020-11-14,202011141010_Race,31,11 A. Davis P. Kaffer 1:12.359 13:36.869 | Whelen Engineering Racing | Cadillac DPi DPi,15,19:46:48.089,P. Derani,19:47:20.718,P. Derani,32.629,15:04.764,20_Pit Stops Time Cards_Race.PDF,3,1
2020,15_Sebring International Raceway,Sebring International Raceway,sebring-international-raceway,2020-11-14,202011141010_Race,31,11 A. Davis P. Kaffer 1:12.359 13:36.869 | Whelen Engineering Racing | Cadillac DPi DPi,16,19:50:07.860,P. Derani,19:53:35.497,P. Derani,3:27.637,18:32.401,20_Pit Stops Time Cards_Race.PDF,3,1
2020,15_Sebring International Raceway,Sebring International Raceway,sebring-international-raceway,2020-11-14,202011141010_Race,31,11 A. Davis P. Kaffer 1:12.359 13:36.869 | Whelen Engineering Racing | Cadillac DPi DPi,17,20:06:28.292,P. Derani,20:07:01.020,P. Derani,32.728,19:05.129,20_Pit Stops Time Cards_Race.PDF,3,1
2020,15_Sebring International Raceway,Sebring International Raceway,sebring-international-raceway,2020-11-14,202011141010_Race,31,11 A. Davis P. Kaffer 1:12.359 13:36.869 | Whelen Engineering Racing | Cadillac DPi DPi,18,20:32:48.553,P. Derani,20:33:54.152,F. Nasr,1:05.599,20:10.728,20_Pit Stops Time Cards_Race.PDF,3,1
2020,15_Sebring International Raceway,Sebring International Raceway,sebring-international-raceway,2020-11-14,202011141010_Race,31,11 A. Davis P. Kaffer 1:12.359 13:36.869 | Whelen Engineering Racing | Cadillac DPi DPi,19,21:10:25.808,F. Nasr,21:11:29.951,F. Nasr,1:04.143,21:14.871,20_Pit Stops Time Cards_Race.PDF,3,1
2020,15_Sebring International Raceway,Sebring International Raceway,sebring-international-raceway,2020-11-14,202011141010_Race,31,11 A. Davis P. Kaffer 1:12.359 13:36.869 | Whelen Engineering Racing | Cadillac DPi DPi,20,21:33:24.013,F. Nasr,21:34:18.083,F. Nasr,54.070,22:08.941,20_Pit Stops Time Cards_Race.PDF,3,1
2020,15_Sebring International Raceway,Sebring International Raceway,sebring-international-raceway,2020-11-14,202011141010_Race,38,20 F. Nasr F. Nasr 54.070 22:08.941 | Performance Tech Motorsports | ORECA LMP2 07 LMP2,1,10:50:20.594,D. Yount,10:52:54.419,P. Byrne,2:33.825,2:33.825,20_Pit Stops Time Cards_Race.PDF,3,1
2020,15_Sebring International Raceway,Sebring International Raceway,sebring-international-raceway,2020-11-14,202011141010_Race,38,20 F. Nasr F. Nasr 54.070 22:08.941 | Performance Tech Motorsports | ORECA LMP2 07 LMP2,2,11:45:45.773,P. Byrne,11:47:00.481,P. Byrne,1:14.708,3:48.533,20_Pit Stops Time Cards_Race.PDF,3,2
2020,15_Sebring International Raceway,Sebring International Raceway,sebring-international-raceway,2020-11-14,202011141010_Race,38,20 F. Nasr F. Nasr 54.070 22:08.941 | Performance Tech Motorsports | ORECA LMP2 07 LMP2,3,12:25:47.968,P. Byrne,12:28:22.269,D. Yount,2:34.301,6:22.834,20_Pit Stops Time Cards_Race.PDF,3,2
2020,15_Sebring International Raceway,Sebring International Raceway,sebring-international-raceway,2020-11-14,202011141010_Race,38,20 F. Nasr F. Nasr 54.070 22:08.941 | Performance Tech Motorsports | ORECA LMP2 07 LMP2,4,13:30:04.817,D. Yount,13:31:21.903,D. Yount,1:17.086,7:39.920,20_Pit Stops Time Cards_Race.PDF,3,2
2020,15_Sebring International Raceway,Sebring International Raceway,sebring-international-raceway,2020-11-14,202011141010_Race,38,20 F. Nasr F. Nasr 54.070 22:08.941 | Performance Tech Motorsports | ORECA LMP2 07 LMP2,5,14:06:00.313,D. Yount,14:08:24.861,G. Cosmo,2:24.548,10:04.468,20_Pit Stops Time Cards_Race.PDF,3,2
2020,15_Sebring International Raceway,Sebring International Raceway,sebring-international-raceway,2020-11-14,202011141010_Race,38,20 F. Nasr F. Nasr 54.070 22:08.941 | Performance Tech Motorsports | ORECA LMP2 07 LMP2,6,14:49:50.926,G. Cosmo,14:51:29.656,G. Cosmo,1:38.730,11:43.198,20_Pit Stops Time Cards_Race.PDF,3,2
2020,15_Sebring International Raceway,Sebring International Raceway,sebring-international-raceway,2020-11-14,202011141010_Race,38,20 F. Nasr F. Nasr 54.070 22:08.941 | Performance Tech Motorsports | ORECA LMP2 07 LMP2,7,15:14:03.574,G. Cosmo,15:22:31.414,D. Yount,8:27.840,20:11.038,20_Pit Stops Time Cards_Race.PDF,3,2
2020,15_Sebring International Raceway,Sebring International Raceway,sebring-international-raceway,2020-11-14,202011141010_Race,38,20 F. Nasr F. Nasr 54.070 22:08.941 | Performance Tech Motorsports | ORECA LMP2 07 LMP2,8,16:11:06.704,D. Yount,16:12:41.053,P. Byrne,1:34.349,21:45.387,20_Pit Stops Time Cards_Race.PDF,3,2
2020,15_Sebring International Raceway,Sebring International Raceway,sebring-international-raceway,2020-11-14,202011141010_Race,38,20 F. Nasr F. Nasr 54.070 22:08.941 | Performance Tech Motorsports | ORECA LMP2 07 LMP2,9,16:53:25.561,P. Byrne,16:54:42.094,P. Byrne,1:16.533,23:01.920,20_Pit Stops Time Cards_Race.PDF,3,2
2020,15_Sebring International Raceway,Sebring International Raceway,sebring-international-raceway,2020-11-14,202011141010_Race,38,20 F. Nasr F. Nasr 54.070 22:08.941 | Performance Tech Motorsports | ORECA LMP2 07 LMP2,10,17:35:15.450,P. Byrne,17:36:52.135,G. Cosmo,1:36.685,24:38.605,20_Pit Stops Time Cards_Race.PDF,3,2
2020,15_Sebring International Raceway,Sebring International Raceway,sebring-international-raceway,2020-11-14,202011141010_Race,38,20 F. Nasr F. Nasr 54.070 22:08.941 | Performance Tech Motorsports | ORECA LMP2 07 LMP2,11,18:17:29.175,G. Cosmo,18:18:43.138,G. Cosmo,1:13.963,25:52.568,20_Pit Stops Time Cards_Race.PDF,3,2
2020,15_Sebring International Raceway,Sebring International Raceway,sebring-international-raceway,2020-11-14,202011141010_Race,38,20 F. Nasr F. Nasr 54.070 22:08.941 | Performance Tech Motorsports | ORECA LMP2 07 LMP2,12,19:11:26.616,G. Cosmo,19:13:16.787,P. Byrne,1:50.171,27:42.739,20_Pit Stops Time Cards_Race.PDF,3,2
2020,15_Sebring International Raceway,Sebring International Raceway,sebring-international-raceway,2020-11-14,202011141010_Race,38,20 F. Nasr F. Nasr 54.070 22:08.941 | Performance Tech Motorsports | ORECA LMP2 07 LMP2,13,19:54:18.431,P. Byrne,19:55:30.159,P. Byrne,1:11.728,28:54.467,20_Pit Stops Time Cards_Race.PDF,3,2
2020,15_Sebring International Raceway,Sebring International Raceway,sebring-international-raceway,2020-11-14,202011141010_Race,38,20 F. Nasr F. Nasr 54.070 22:08.941 | Performance Tech Motorsports | ORECA LMP2 07 LMP2,14,20:34:22.846,P. Byrne,20:35:51.673,G. Cosmo,1:28.827,30:23.294,20_Pit Stops Time Cards_Race.PDF,3,2
2020,15_Sebring International Raceway,Sebring International Raceway,sebring-international-raceway,2020-11-14,202011141010_Race,38,20 F. Nasr F. Nasr 54.070 22:08.941 | Performance Tech Motorsports | ORECA LMP2 07 LMP2,15,21:16:45.206,G. Cosmo,21:17:57.537,G. Cosmo,1:12.331,31:35.625,20_Pit Stops Time Cards_Race.PDF,3,2
2020,15_Sebring International Raceway,Sebring International Raceway,sebring-international-raceway,2020-11-14,202011141010_Race,38,20 F. Nasr F. Nasr 54.070 22:08.941 | Performance Tech Motorsports | ORECA LMP2 07 LMP2,16,21:55:26.405,G. Cosmo,21:56:18.942,G. Cosmo,52.537,32:28.162,20_Pit Stops Time Cards_Race.PDF,3,2
2020,15_Sebring International Raceway,Sebring International Raceway,sebring-international-raceway,2020-11-14,202011141010_Race,44,16 G. Cosmo G. Cosmo 52.537 32:28.162 | GRT Magnus | Lamborghini Huracan GT3 GTD,1,10:13:23.469,J. Potter,10:13:56.694,J. Potter,33.225,33.225,20_Pit Stops Time Cards_Race.PDF,3,2
2020,15_Sebring International Raceway,Sebring International Raceway,sebring-international-raceway,2020-11-14,202011141010_Race,44,16 G. Cosmo G. Cosmo 52.537 32:28.162 | GRT Magnus | Lamborghini Huracan GT3 GTD,2,11:06:38.258,J. Potter,11:07:53.603,S. Pumpelly,1:15.345,1:48.570,20_Pit Stops Time Cards_Race.PDF,3,2
2020,15_Sebring International Raceway,Sebring International Raceway,sebring-international-raceway,2020-11-14,202011141010_Race,44,16 G. Cosmo G. Cosmo 52.537 32:28.162 | GRT Magnus | Lamborghini Huracan GT3 GTD,3,12:15:07.643,S. Pumpelly,12:16:22.919,J. Potter,1:15.276,3:03.846,20_Pit Stops Time Cards_Race.PDF,3,2
2020,15_Sebring International Raceway,Sebring International Raceway,sebring-international-raceway,2020-11-14,202011141010_Race,44,16 G. Cosmo G. Cosmo 52.537 32:28.162 | GRT Magnus | Lamborghini Huracan GT3 GTD,4,12:39:43.899,J. Potter,12:40:35.688,J. Potter,51.789,3:55.635,20_Pit Stops Time Cards_Race.PDF,3,2
2020,15_Sebring International Raceway,Sebring International Raceway,sebring-international-raceway,2020-11-14,202011141010_Race,44,16 G. Cosmo G. Cosmo 52.537 32:28.162 | GRT Magnus | Lamborghini Huracan GT3 GTD,5,12:43:32.824,J. Potter,12:44:32.750,J. Potter,59.926,4:55.561,20_Pit Stops Time Cards_Race.PDF,3,2
2020,15_Sebring International Raceway,Sebring International Raceway,sebring-international-raceway,2020-11-14,202011141010_Race,44,16 G. Cosmo G. Cosmo 52.537 32:28.162 | GRT Magnus | Lamborghini Huracan GT3 GTD,6,13:57:07.011,J. Potter,13:58:27.187,A. Lally,1:20.176,6:15.737,20_Pit Stops Time Cards_Race.PDF,3,2
2020,15_Sebring International Raceway,Sebring International Raceway,sebring-international-raceway,2020-11-14,202011141010_Race,44,16 G. Cosmo G. Cosmo 52.537 32:28.162 | GRT Magnus | Lamborghini Huracan GT3 GTD,7,14:09:33.449,A. Lally,14:10:16.143,A. Lally,42.694,6:58.431,20_Pit Stops Time Cards_Race.PDF,3,2
2020,15_Sebring International Raceway,Sebring International Raceway,sebring-international-raceway,2020-11-14,202011141010_Race,44,16 G. Cosmo G. Cosmo 52.537 32:28.162 | GRT Magnus | Lamborghini Huracan GT3 GTD,8,15:17:11.483,A. Lally,15:18:28.816,J. Potter,1:17.333,8:15.764,20_Pit Stops Time Cards_Race.PDF,3,2
2020,15_Sebring International Raceway,Sebring International Raceway,sebring-international-raceway,2020-11-14,202011141010_Race,44,16 G. Cosmo G. Cosmo 52.537 32:28.162 | GRT Magnus | Lamborghini Huracan GT3 GTD,9,15:55:56.443,J. Potter,15:57:03.238,S. Pumpelly,1:06.795,9:22.559,20_Pit Stops Time Cards_Race.PDF,3,2
2020,15_Sebring International Raceway,Sebring International Raceway,sebring-international-raceway,2020-11-14,202011141010_Race,44,16 G. Cosmo G. Cosmo 52.537 32:28.162 | GRT Magnus | Lamborghini Huracan GT3 GTD,10,17:01:49.820,S. Pumpelly,17:03:07.012,A. Lally,1:17.192,10:39.751,20_Pit Stops Time Cards_Race.PDF,3,2
2020,15_Sebring International Raceway,Sebring International Raceway,sebring-international-raceway,2020-11-14,202011141010_Race,44,16 G. Cosmo G. Cosmo 52.537 32:28.162 | GRT Magnus | Lamborghini Huracan GT3 GTD,11,18:01:20.674,A. Lally,18:02:41.003,S. Pumpelly,1:20.329,12:00.080,20_Pit Stops Time Cards_Race.PDF,3,2
2020,15_Sebring International Raceway,Sebring International Raceway,sebring-international-raceway,2020-11-14,202011141010_Race,44,16 G. Cosmo G. Cosmo 52.537 32:28.162 | GRT Magnus | Lamborghini Huracan GT3 GTD,12,18:45:37.228,S. Pumpelly,18:46:42.579,S. Pumpelly,1:05.351,13:05.431,20_Pit Stops Time Cards_Race.PDF,3,2
2020,15_Sebring International Raceway,Sebring International Raceway,sebring-international-raceway,2020-11-14,202011141010_Race,44,16 G. Cosmo G. Cosmo 52.537 32:28.162 | GRT Magnus | Lamborghini Huracan GT3 GTD,13,19:46:44.626,S. Pumpelly,19:48:01.567,A. Lally,1:16.941,14:22.372,20_Pit Stops Time Cards_Race.PDF,3,2
2020,15_Sebring International Raceway,Sebring International Raceway,sebring-international-raceway,2020-11-14,202011141010_Race,44,16 G. Cosmo G. Cosmo 52.537 32:28.162 | GRT Magnus | Lamborghini Huracan GT3 GTD,14,20:42:09.678,A. Lally,20:43:24.039,A. Lally,1:14.361,15:36.733,20_Pit Stops Time Cards_Race.PDF,3,2
2020,15_Sebring International Raceway,Sebring International Raceway,sebring-international-raceway,2020-11-14,202011141010_Race,44,16 G. Cosmo G. Cosmo 52.537 32:28.162 | GRT Magnus | Lamborghini Huracan GT3 GTD,15,21:16:41.182,A. Lally,21:17:46.303,S. Pumpelly,1:05.121,16:41.854,20_Pit Stops Time Cards_Race.PDF,3,2
2020,15_Sebring International Raceway,Sebring International Raceway,sebring-international-raceway,2020-11-14,202011141010_Race,48,15 A. Lally S. Pumpelly 1:05.121 16:41.854 | Paul Miller Racing | Lamborghini Huracan GT3 GTD,1,10:27:55.660,M. Snow,10:28:52.242,M. Snow,56.582,56.582,20_Pit Stops Time Cards_Race.PDF,3,2
2020,15_Sebring International Raceway,Sebring International Raceway,sebring-international-raceway,2020-11-14,202011141010_Race,48,15 A. Lally S. Pumpelly 1:05.121 16:41.854 | Paul Miller Racing | Lamborghini Huracan GT3 GTD,2,11:17:34.906,M. Snow,11:18:39.210,M. Snow,1:04.304,2:00.886,20_Pit Stops Time Cards_Race.PDF,3,2
2020,15_Sebring International Raceway,Sebring International Raceway,sebring-international-raceway,2020-11-14,202011141010_Race,48,15 A. Lally S. Pumpelly 1:05.121 16:41.854 | Paul Miller Racing | Lamborghini Huracan GT3 GTD,3,12:21:14.062,M. Snow,12:22:29.024,B. Sellers,1:14.962,3:15.848,20_Pit Stops Time Cards_Race.PDF,3,2
2020,15_Sebring International Raceway,Sebring International Raceway,sebring-international-raceway,2020-11-14,202011141010_Race,48,15 A. Lally S. Pumpelly 1:05.121 16:41.854 | Paul Miller Racing | Lamborghini Huracan GT3 GTD,4,12:39:36.780,B. Sellers,12:40:32.562,B. Sellers,55.782,4:11.630,20_Pit Stops Time Cards_Race.PDF,3,2
2020,15_Sebring International Raceway,Sebring International Raceway,sebring-international-raceway,2020-11-14,202011141010_Race,48,15 A. Lally S. Pumpelly 1:05.121 16:41.854 | Paul Miller Racing | Lamborghini Huracan GT3 GTD,5,13:21:12.362,B. Sellers,13:22:07.489,B. Sellers,55.127,5:06.757,20_Pit Stops Time Cards_Race.PDF,3,2
2020,15_Sebring International Raceway,Sebring International Raceway,sebring-international-raceway,2020-11-14,202011141010_Race,48,15 A. Lally S. Pumpelly 1:05.121 16:41.854 | Paul Miller Racing | Lamborghini Huracan GT3 GTD,6,13:39:04.134,B. Sellers,13:39:51.104,B. Sellers,46.970,5:53.727,20_Pit Stops Time Cards_Race.PDF,3,2
2020,15_Sebring International Raceway,Sebring International Raceway,sebring-international-raceway,2020-11-14,202011141010_Race,48,15 A. Lally S. Pumpelly 1:05.121 16:41.854 | Paul Miller Racing | Lamborghini Huracan GT3 GTD,7,14:09:34.286,B. Sellers,14:10:37.047,C. Lewis,1:02.761,6:56.488,20_Pit Stops Time Cards_Race.PDF,3,2
2020,15_Sebring International Raceway,Sebring International Raceway,sebring-international-raceway,2020-11-14,202011141010_Race,48,15 A. Lally S. Pumpelly 1:05.121 16:41.854 | Paul Miller Racing | Lamborghini Huracan GT3 GTD,8,14:40:08.174,C. Lewis,14:41:05.053,C. Lewis,56.879,7:53.367,20_Pit Stops Time Cards_Race.PDF,3,2
2020,15_Sebring International Raceway,Sebring International Raceway,sebring-international-raceway,2020-11-14,202011141010_Race,48,15 A. Lally S. Pumpelly 1:05.121 16:41.854 | Paul Miller Racing | Lamborghini Huracan GT3 GTD,9,15:17:15.906,C. Lewis,15:18:14.705,C. Lewis,58.799,8:52.166,20_Pit Stops Time Cards_Race.PDF,3,2
2020,15_Sebring International Raceway,Sebring International Raceway,sebring-international-raceway,2020-11-14,202011141010_Race,48,15 A. Lally S. Pumpelly 1:05.121 16:41.854 | Paul Miller Racing | Lamborghini Huracan GT3 GTD,10,15:55:51.261,C. Lewis,15:56:47.104,C. Lewis,55.843,9:48.009,20_Pit Stops Time Cards_Race.PDF,3,2
2020,15_Sebring International Raceway,Sebring International Raceway,sebring-international-raceway,2020-11-14,202011141010_Race,48,15 A. Lally S. Pumpelly 1:05.121 16:41.854 | Paul Miller Racing | Lamborghini Huracan GT3 GTD,11,16:42:59.079,C. Lewis,16:44:02.002,M. Snow,1:02.923,10:50.932,20_Pit Stops Time Cards_Race.PDF,3,2
2020,15_Sebring International Raceway,Sebring International Raceway,sebring-international-raceway,2020-11-14,202011141010_Race,48,15 A. Lally S. Pumpelly 1:05.121 16:41.854 | Paul Miller Racing | Lamborghini Huracan GT3 GTD,12,17:19:10.368,M. Snow,17:20:10.901,B. Sellers,1:00.533,11:51.465,20_Pit Stops Time Cards_Race.PDF,3,2
2020,15_Sebring International Raceway,Sebring International Raceway,sebring-international-raceway,2020-11-14,202011141010_Race,48,15 A. Lally S. Pumpelly 1:05.121 16:41.854 | Paul Miller Racing | Lamborghini Huracan GT3 GTD,13,18:16:16.664,B. Sellers,18:17:31.567,C. Lewis,1:14.903,13:06.368,20_Pit Stops Time Cards_Race.PDF,3,2
2020,15_Sebring International Raceway,Sebring International Raceway,sebring-international-raceway,2020-11-14,202011141010_Race,48,15 A. Lally S. Pumpelly 1:05.121 16:41.854 | Paul Miller Racing | Lamborghini Huracan GT3 GTD,14,18:45:39.159,C. Lewis,18:46:33.016,C. Lewis,53.857,14:00.225,20_Pit Stops Time Cards_Race.PDF,3,2
2020,15_Sebring International Raceway,Sebring International Raceway,sebring-international-raceway,2020-11-14,202011141010_Race,48,15 A. Lally S. Pumpelly 1:05.121 16:41.854 | Paul Miller Racing | Lamborghini Huracan GT3 GTD,15,19:34:23.638,C. Lewis,19:35:31.949,C. Lewis,1:08.311,15:08.536,20_Pit Stops Time Cards_Race.PDF,3,2
2020,15_Sebring International Raceway,Sebring International Raceway,sebring-international-raceway,2020-11-14,202011141010_Race,48,15 A. Lally S. Pumpelly 1:05.121 16:41.854 | Paul Miller Racing | Lamborghini Huracan GT3 GTD,16,20:02:42.545,C. Lewis,20:03:48.521,M. Snow,1:05.976,16:14.512,20_Pit Stops Time Cards_Race.PDF,3,2
2020,15_Sebring International Raceway,Sebring International Raceway,sebring-international-raceway,2020-11-14,202011141010_Race,48,15 A. Lally S. Pumpelly 1:05.121 16:41.854 | Paul Miller Racing | Lamborghini Huracan GT3 GTD,17,20:59:57.416,M. Snow,21:01:11.960,B. Sellers,1:14.544,17:29.056,20_Pit Stops Time Cards_Race.PDF,3,2
2020,15_Sebring International Raceway,Sebring International Raceway,sebring-international-raceway,2020-11-14,202011141010_Race,48,15 A. Lally S. Pumpelly 1:05.121 16:41.854 | Paul Miller Racing | Lamborghini Huracan GT3 GTD,18,21:24:12.448,B. Sellers,21:25:19.326,B. Sellers,1:06.878,18:35.934,20_Pit Stops Time Cards_Race.PDF,3,2
2020,15_Sebring International Raceway,Sebring International Raceway,sebring-international-raceway,2020-11-14,202011141010_Race,51,Inter Europol Competition | ORECA LMP2 07 LMP2,1,10:17:17.539,N. Rao,10:18:26.832,N. Rao,1:09.293,1:09.293,20_Pit Stops Time Cards_Race.PDF,4,1
2020,15_Sebring International Raceway,Sebring International Raceway,sebring-international-raceway,2020-11-14,202011141010_Race,51,Inter Europol Competition | ORECA LMP2 07 LMP2,2,11:01:38.613,N. Rao,11:03:00.795,M. Bell,1:22.182,2:31.475,20_Pit Stops Time Cards_Race.PDF,4,1
2020,15_Sebring International Raceway,Sebring International Raceway,sebring-international-raceway,2020-11-14,202011141010_Race,51,Inter Europol Competition | ORECA LMP2 07 LMP2,3,11:54:43.500,M. Bell,11:55:51.819,M. Bell,1:08.319,3:39.794,20_Pit Stops Time Cards_Race.PDF,4,1
2020,15_Sebring International Raceway,Sebring International Raceway,sebring-international-raceway,2020-11-14,202011141010_Race,51,Inter Europol Competition | ORECA LMP2 07 LMP2,4,12:36:08.219,M. Bell,12:37:21.697,J. Smiechowski,1:13.478,4:53.272,20_Pit Stops Time Cards_Race.PDF,4,1
2020,15_Sebring International Raceway,Sebring International Raceway,sebring-international-raceway,2020-11-14,202011141010_Race,51,Inter Europol Competition | ORECA LMP2 07 LMP2,5,13:37:14.284,J. Smiechowski,13:38:22.985,J. Smiechowski,1:08.701,6:01.973,20_Pit Stops Time Cards_Race.PDF,4,1
2020,15_Sebring International Raceway,Sebring International Raceway,sebring-international-raceway,2020-11-14,202011141010_Race,51,Inter Europol Competition | ORECA LMP2 07 LMP2,6,15:40:08.678,N. Rao,15:41:25.527,N. Rao,1:16.849,7:18.822,20_Pit Stops Time Cards_Race.PDF,4,1
2020,15_Sebring International Raceway,Sebring International Raceway,sebring-international-raceway,2020-11-14,202011141010_Race,51,Inter Europol Competition | ORECA LMP2 07 LMP2,7,16:40:02.349,N. Rao,16:41:17.433,M. Bell,1:15.084,8:33.906,20_Pit Stops Time Cards_Race.PDF,4,1
2020,15_Sebring International Raceway,Sebring International Raceway,sebring-international-raceway,2020-11-14,202011141010_Race,51,Inter Europol Competition | ORECA LMP2 07 LMP2,8,17:22:29.091,M. Bell,17:23:39.545,M. Bell,1:10.454,9:44.360,20_Pit Stops Time Cards_Race.PDF,4,1
2020,15_Sebring International Raceway,Sebring International Raceway,sebring-international-raceway,2020-11-14,202011141010_Race,51,Inter Europol Competition | ORECA LMP2 07 LMP2,9,18:05:03.790,M. Bell,18:06:58.613,N. Rao,1:54.823,11:39.183,20_Pit Stops Time Cards_Race.PDF,4,1
2020,15_Sebring International Raceway,Sebring International Raceway,sebring-international-raceway,2020-11-14,202011141010_Race,51,Inter Europol Competition | ORECA LMP2 07 LMP2,10,18:41:37.009,N. Rao,18:43:04.347,J. Smiechowski,1:27.338,13:06.521,20_Pit Stops Time Cards_Race.PDF,4,1
2020,15_Sebring International Raceway,Sebring International Raceway,sebring-international-raceway,2020-11-14,202011141010_Race,51,Inter Europol Competition | ORECA LMP2 07 LMP2,11,19:28:40.313,J. Smiechowski,19:29:51.836,J. Smiechowski,1:11.523,14:18.044,20_Pit Stops Time Cards_Race.PDF,4,1
2020,15_Sebring International Raceway,Sebring International Raceway,sebring-international-raceway,2020-11-14,202011141010_Race,51,Inter Europol Competition | ORECA LMP2 07 LMP2,12,20:12:05.443,J. Smiechowski,20:13:39.941,M. Bell,1:34.498,15:52.542,20_Pit Stops Time Cards_Race.PDF,4,1
2020,15_Sebring International Raceway,Sebring International Raceway,sebring-international-raceway,2020-11-14,202011141010_Race,51,Inter Europol Competition | ORECA LMP2 07 LMP2,13,20:54:54.051,M. Bell,20:56:08.618,J. Smiechowski,1:14.567,17:07.109,20_Pit Stops Time Cards_Race.PDF,4,1
2020,15_Sebring International Raceway,Sebring International Raceway,sebring-international-raceway,2020-11-14,202011141010_Race,51,Inter Europol Competition | ORECA LMP2 07 LMP2,14,21:02:02.351,J. Smiechowski,21:02:34.943,J. Smiechowski,32.592,17:39.701,20_Pit Stops Time Cards_Race.PDF,4,1
2020,15_Sebring International Raceway,Sebring International Raceway,sebring-international-raceway,2020-11-14,202011141010_Race,51,Inter Europol Competition | ORECA LMP2 07 LMP2,15,21:36:43.656,J. Smiechowski,21:38:32.828,M. Bell,1:49.172,19:28.873,20_Pit Stops Time Cards_Race.PDF,4,1
2020,15_Sebring International Raceway,Sebring International Raceway,sebring-international-raceway,2020-11-14,202011141010_Race,52,15 J. Smiechowski M. Bell 1:49.172 19:28.873 | PR1 Mathiasen Motorsports | ORECA LMP2 07 LMP2,1,10:47:17.912,P. Kelly,10:48:30.761,P. Kelly,1:12.849,1:12.849,20_Pit Stops Time Cards_Race.PDF,4,1
2020,15_Sebring International Raceway,Sebring International Raceway,sebring-international-raceway,2020-11-14,202011141010_Race,52,15 J. Smiechowski M. Bell 1:49.172 19:28.873 | PR1 Mathiasen Motorsports | ORECA LMP2 07 LMP2,2,11:41:38.416,P. Kelly,11:42:52.628,S. Trummer,1:14.212,2:27.061,20_Pit Stops Time Cards_Race.PDF,4,1
2020,15_Sebring International Raceway,Sebring International Raceway,sebring-international-raceway,2020-11-14,202011141010_Race,52,15 J. Smiechowski M. Bell 1:49.172 19:28.873 | PR1 Mathiasen Motorsports | ORECA LMP2 07 LMP2,3,12:22:23.593,S. Trummer,12:23:36.327,S. Trummer,1:12.734,3:39.795,20_Pit Stops Time Cards_Race.PDF,4,1
2020,15_Sebring International Raceway,Sebring International Raceway,sebring-international-raceway,2020-11-14,202011141010_Race,52,15 J. Smiechowski M. Bell 1:49.172 19:28.873 | PR1 Mathiasen Motorsports | ORECA LMP2 07 LMP2,4,13:25:52.980,S. Trummer,13:27:09.772,S. Huffaker,1:16.792,4:56.587,20_Pit Stops Time Cards_Race.PDF,4,1
2020,15_Sebring International Raceway,Sebring International Raceway,sebring-international-raceway,2020-11-14,202011141010_Race,52,15 J. Smiechowski M. Bell 1:49.172 19:28.873 | PR1 Mathiasen Motorsports | ORECA LMP2 07 LMP2,5,13:57:27.233,S. Huffaker,13:58:36.550,S. Huffaker,1:09.317,6:05.904,20_Pit Stops Time Cards_Race.PDF,4,1
2020,15_Sebring International Raceway,Sebring International Raceway,sebring-international-raceway,2020-11-14,202011141010_Race,52,15 J. Smiechowski M. Bell 1:49.172 19:28.873 | PR1 Mathiasen Motorsports | ORECA LMP2 07 LMP2,6,14:48:34.066,S. Huffaker,14:49:50.397,P. Kelly,1:16.331,7:22.235,20_Pit Stops Time Cards_Race.PDF,4,1
2020,15_Sebring International Raceway,Sebring International Raceway,sebring-international-raceway,2020-11-14,202011141010_Race,52,15 J. Smiechowski M. Bell 1:49.172 19:28.873 | PR1 Mathiasen Motorsports | ORECA LMP2 07 LMP2,7,15:20:53.627,P. Kelly,15:21:58.449,P. Kelly,1:04.822,8:27.057,20_Pit Stops Time Cards_Race.PDF,4,1
2020,15_Sebring International Raceway,Sebring International Raceway,sebring-international-raceway,2020-11-14,202011141010_Race,52,15 J. Smiechowski M. Bell 1:49.172 19:28.873 | PR1 Mathiasen Motorsports | ORECA LMP2 07 LMP2,8,15:59:42.025,P. Kelly,16:00:47.595,P. Kelly,1:05.570,9:32.627,20_Pit Stops Time Cards_Race.PDF,4,1
2020,15_Sebring International Raceway,Sebring International Raceway,sebring-international-raceway,2020-11-14,202011141010_Race,52,15 J. Smiechowski M. Bell 1:49.172 19:28.873 | PR1 Mathiasen Motorsports | ORECA LMP2 07 LMP2,9,16:11:26.380,P. Kelly,16:11:59.275,P. Kelly,32.895,10:05.522,20_Pit Stops Time Cards_Race.PDF,4,1
2020,15_Sebring International Raceway,Sebring International Raceway,sebring-international-raceway,2020-11-14,202011141010_Race,52,15 J. Smiechowski M. Bell 1:49.172 19:28.873 | PR1 Mathiasen Motorsports | ORECA LMP2 07 LMP2,10,16:22:10.434,P. Kelly,16:22:43.383,P. Kelly,32.949,10:38.471,20_Pit Stops Time Cards_Race.PDF,4,1
2020,15_Sebring International Raceway,Sebring International Raceway,sebring-international-raceway,2020-11-14,202011141010_Race,52,15 J. Smiechowski M. Bell 1:49.172 19:28.873 | PR1 Mathiasen Motorsports | ORECA LMP2 07 LMP2,11,16:49:31.519,P. Kelly,16:50:44.347,S. Trummer,1:12.828,11:51.299,20_Pit Stops Time Cards_Race.PDF,4,1
2020,15_Sebring International Raceway,Sebring International Raceway,sebring-international-raceway,2020-11-14,202011141010_Race,52,15 J. Smiechowski M. Bell 1:49.172 19:28.873 | PR1 Mathiasen Motorsports | ORECA LMP2 07 LMP2,12,17:30:27.747,S. Trummer,17:31:59.705,S. Trummer,1:31.958,13:23.257,20_Pit Stops Time Cards_Race.PDF,4,1
2020,15_Sebring International Raceway,Sebring International Raceway,sebring-international-raceway,2020-11-14,202011141010_Race,52,15 J. Smiechowski M. Bell 1:49.172 19:28.873 | PR1 Mathiasen Motorsports | ORECA LMP2 07 LMP2,13,18:11:23.417,S. Trummer,18:12:38.332,S. Huffaker,1:14.915,14:38.172,20_Pit Stops Time Cards_Race.PDF,4,1
2020,15_Sebring International Raceway,Sebring International Raceway,sebring-international-raceway,2020-11-14,202011141010_Race,52,15 J. Smiechowski M. Bell 1:49.172 19:28.873 | PR1 Mathiasen Motorsports | ORECA LMP2 07 LMP2,14,18:49:12.331,S. Huffaker,18:50:13.621,S. Huffaker,1:01.290,15:39.462,20_Pit Stops Time Cards_Race.PDF,4,1
2020,15_Sebring International Raceway,Sebring International Raceway,sebring-international-raceway,2020-11-14,202011141010_Race,52,15 J. Smiechowski M. Bell 1:49.172 19:28.873 | PR1 Mathiasen Motorsports | ORECA LMP2 07 LMP2,15,19:30:21.597,S. Huffaker,19:31:36.466,S. Trummer,1:14.869,16:54.331,20_Pit Stops Time Cards_Race.PDF,4,1
2020,15_Sebring International Raceway,Sebring International Raceway,sebring-international-raceway,2020-11-14,202011141010_Race,52,15 J. Smiechowski M. Bell 1:49.172 19:28.873 | PR1 Mathiasen Motorsports | ORECA LMP2 07 LMP2,16,20:11:08.192,S. Trummer,20:12:21.565,S. Trummer,1:13.373,18:07.704,20_Pit Stops Time Cards_Race.PDF,4,1
2020,15_Sebring International Raceway,Sebring International Raceway,sebring-international-raceway,2020-11-14,202011141010_Race,52,15 J. Smiechowski M. Bell 1:49.172 19:28.873 | PR1 Mathiasen Motorsports | ORECA LMP2 07 LMP2,17,20:51:38.472,S. Trummer,20:52:54.823,S. Huffaker,1:16.351,19:24.055,20_Pit Stops Time Cards_Race.PDF,4,1
2020,15_Sebring International Raceway,Sebring International Raceway,sebring-international-raceway,2020-11-14,202011141010_Race,52,15 J. Smiechowski M. Bell 1:49.172 19:28.873 | PR1 Mathiasen Motorsports | ORECA LMP2 07 LMP2,18,21:32:15.068,S. Huffaker,21:33:28.648,S. Huffaker,1:13.580,20:37.635,20_Pit Stops Time Cards_Race.PDF,4,1
2020,15_Sebring International Raceway,Sebring International Raceway,sebring-international-raceway,2020-11-14,202011141010_Race,55,18 S. Huffaker S. Huffaker 1:13.580 20:37.635 | Mazda Motorsports | Mazda DPi DPi,1,10:46:13.471,H. Tincknell,10:47:19.295,R. Hunter-Reay,1:05.824,1:05.824,20_Pit Stops Time Cards_Race.PDF,4,1
2020,15_Sebring International Raceway,Sebring International Raceway,sebring-international-raceway,2020-11-14,202011141010_Race,55,18 S. Huffaker S. Huffaker 1:13.580 20:37.635 | Mazda Motorsports | Mazda DPi DPi,2,11:37:21.621,R. Hunter-Reay,11:38:24.740,J. Bomarito,1:03.119,2:08.943,20_Pit Stops Time Cards_Race.PDF,4,1
2020,15_Sebring International Raceway,Sebring International Raceway,sebring-international-raceway,2020-11-14,202011141010_Race,55,18 S. Huffaker S. Huffaker 1:13.580 20:37.635 | Mazda Motorsports | Mazda DPi DPi,3,12:15:22.599,J. Bomarito,12:16:25.279,J. Bomarito,1:02.680,3:11.623,20_Pit Stops Time Cards_Race.PDF,4,1
2020,15_Sebring International Raceway,Sebring International Raceway,sebring-international-raceway,2020-11-14,202011141010_Race,55,18 S. Huffaker S. Huffaker 1:13.580 20:37.635 | Mazda Motorsports | Mazda DPi DPi,4,12:35:56.429,J. Bomarito,12:36:56.666,H. Tincknell,1:00.237,4:11.860,20_Pit Stops Time Cards_Race.PDF,4,1
2020,15_Sebring International Raceway,Sebring International Raceway,sebring-international-raceway,2020-11-14,202011141010_Race,55,18 S. Huffaker S. Huffaker 1:13.580 20:37.635 | Mazda Motorsports | Mazda DPi DPi,5,13:34:49.911,H. Tincknell,13:35:53.703,H. Tincknell,1:03.792,5:15.652,20_Pit Stops Time Cards_Race.PDF,4,1
2020,15_Sebring International Raceway,Sebring International Raceway,sebring-international-raceway,2020-11-14,202011141010_Race,55,18 S. Huffaker S. Huffaker 1:13.580 20:37.635 | Mazda Motorsports | Mazda DPi DPi,6,14:05:38.492,H. Tincknell,14:07:22.264,R. Hunter-Reay,1:43.772,6:59.424,20_Pit Stops Time Cards_Race.PDF,4,1
2020,15_Sebring International Raceway,Sebring International Raceway,sebring-international-raceway,2020-11-14,202011141010_Race,55,18 S. Huffaker S. Huffaker 1:13.580 20:37.635 | Mazda Motorsports | Mazda DPi DPi,7,14:46:16.607,R. Hunter-Reay,14:48:44.580,R. Hunter-Reay,2:27.973,9:27.397,20_Pit Stops Time Cards_Race.PDF,4,1
2020,15_Sebring International Raceway,Sebring International Raceway,sebring-international-raceway,2020-11-14,202011141010_Race,55,18 S. Huffaker S. Huffaker 1:13.580 20:37.635 | Mazda Motorsports | Mazda DPi DPi,8,15:13:40.154,R. Hunter-Reay,15:14:37.474,R. Hunter-Reay,57.320,10:24.717,20_Pit Stops Time Cards_Race.PDF,4,1
2020,15_Sebring International Raceway,Sebring International Raceway,sebring-international-raceway,2020-11-14,202011141010_Race,55,18 S. Huffaker S. Huffaker 1:13.580 20:37.635 | Mazda Motorsports | Mazda DPi DPi,9,15:52:07.567,R. Hunter-Reay,15:53:05.669,J. Bomarito,58.102,11:22.819,20_Pit Stops Time Cards_Race.PDF,4,1
2020,15_Sebring International Raceway,Sebring International Raceway,sebring-international-raceway,2020-11-14,202011141010_Race,55,18 S. Huffaker S. Huffaker 1:13.580 20:37.635 | Mazda Motorsports | Mazda DPi DPi,10,16:40:12.311,J. Bomarito,16:41:13.934,J. Bomarito,1:01.623,12:24.442,20_Pit Stops Time Cards_Race.PDF,4,1
2020,15_Sebring International Raceway,Sebring International Raceway,sebring-international-raceway,2020-11-14,202011141010_Race,55,18 S. Huffaker S. Huffaker 1:13.580 20:37.635 | Mazda Motorsports | Mazda DPi DPi,11,17:19:43.402,J. Bomarito,17:20:47.930,H. Tincknell,1:04.528,13:28.970,20_Pit Stops Time Cards_Race.PDF,4,1
2020,15_Sebring International Raceway,Sebring International Raceway,sebring-international-raceway,2020-11-14,202011141010_Race,55,18 S. Huffaker S. Huffaker 1:13.580 20:37.635 | Mazda Motorsports | Mazda DPi DPi,12,18:01:07.466,H. Tincknell,18:02:13.095,H. Tincknell,1:05.629,14:34.599,20_Pit Stops Time Cards_Race.PDF,4,1
2020,15_Sebring International Raceway,Sebring International Raceway,sebring-international-raceway,2020-11-14,202011141010_Race,55,18 S. Huffaker S. Huffaker 1:13.580 20:37.635 | Mazda Motorsports | Mazda DPi DPi,13,18:41:31.557,H. Tincknell,18:43:47.122,R. Hunter-Reay,2:15.565,16:50.164,20_Pit Stops Time Cards_Race.PDF,4,1
2020,15_Sebring International Raceway,Sebring International Raceway,sebring-international-raceway,2020-11-14,202011141010_Race,55,18 S. Huffaker S. Huffaker 1:13.580 20:37.635 | Mazda Motorsports | Mazda DPi DPi,14,19:29:10.642,R. Hunter-Reay,19:30:16.866,R. Hunter-Reay,1:06.224,17:56.388,20_Pit Stops Time Cards_Race.PDF,4,1
2020,15_Sebring International Raceway,Sebring International Raceway,sebring-international-raceway,2020-11-14,202011141010_Race,55,18 S. Huffaker S. Huffaker 1:13.580 20:37.635 | Mazda Motorsports | Mazda DPi DPi,15,20:10:46.400,R. Hunter-Reay,20:11:51.858,J. Bomarito,1:05.458,19:01.846,20_Pit Stops Time Cards_Race.PDF,4,2
2020,15_Sebring International Raceway,Sebring International Raceway,sebring-international-raceway,2020-11-14,202011141010_Race,55,18 S. Huffaker S. Huffaker 1:13.580 20:37.635 | Mazda Motorsports | Mazda DPi DPi,16,20:52:19.301,J. Bomarito,20:53:25.387,H. Tincknell,1:06.086,20:07.932,20_Pit Stops Time Cards_Race.PDF,4,2
2020,15_Sebring International Raceway,Sebring International Raceway,sebring-international-raceway,2020-11-14,202011141010_Race,55,18 S. Huffaker S. Huffaker 1:13.580 20:37.635 | Mazda Motorsports | Mazda DPi DPi,17,21:33:47.055,H. Tincknell,21:34:53.644,H. Tincknell,1:06.589,21:14.521,20_Pit Stops Time Cards_Race.PDF,4,2
2020,15_Sebring International Raceway,Sebring International Raceway,sebring-international-raceway,2020-11-14,202011141010_Race,57,17 H. Tincknell H. Tincknell 1:06.589 21:14.521 | Heinricher Racing w/MSR Curb-Agajanian | Acura NSX GT3 GTD,1,11:17:44.953,M. Goikhberg,11:19:03.467,J. Hand,1:18.514,1:18.514,20_Pit Stops Time Cards_Race.PDF,4,2
2020,15_Sebring International Raceway,Sebring International Raceway,sebring-international-raceway,2020-11-14,202011141010_Race,57,17 H. Tincknell H. Tincknell 1:06.589 21:14.521 | Heinricher Racing w/MSR Curb-Agajanian | Acura NSX GT3 GTD,2,12:23:35.993,J. Hand,12:24:53.890,M. Goikhberg,1:17.897,2:36.411,20_Pit Stops Time Cards_Race.PDF,4,2
2020,15_Sebring International Raceway,Sebring International Raceway,sebring-international-raceway,2020-11-14,202011141010_Race,57,17 H. Tincknell H. Tincknell 1:06.589 21:14.521 | Heinricher Racing w/MSR Curb-Agajanian | Acura NSX GT3 GTD,3,12:39:45.788,M. Goikhberg,12:40:42.165,M. Goikhberg,56.377,3:32.788,20_Pit Stops Time Cards_Race.PDF,4,2
2020,15_Sebring International Raceway,Sebring International Raceway,sebring-international-raceway,2020-11-14,202011141010_Race,57,17 H. Tincknell H. Tincknell 1:06.589 21:14.521 | Heinricher Racing w/MSR Curb-Agajanian | Acura NSX GT3 GTD,4,13:54:51.514,M. Goikhberg,13:56:06.338,T. Hindman,1:14.824,4:47.612,20_Pit Stops Time Cards_Race.PDF,4,2
2020,15_Sebring International Raceway,Sebring International Raceway,sebring-international-raceway,2020-11-14,202011141010_Race,57,17 H. Tincknell H. Tincknell 1:06.589 21:14.521 | Heinricher Racing w/MSR Curb-Agajanian | Acura NSX GT3 GTD,5,14:09:32.577,T. Hindman,14:10:17.620,T. Hindman,45.043,5:32.655,20_Pit Stops Time Cards_Race.PDF,4,2
2020,15_Sebring International Raceway,Sebring International Raceway,sebring-international-raceway,2020-11-14,202011141010_Race,57,17 H. Tincknell H. Tincknell 1:06.589 21:14.521 | Heinricher Racing w/MSR Curb-Agajanian | Acura NSX GT3 GTD,6,15:17:10.614,T. Hindman,15:18:28.224,M. Goikhberg,1:17.610,6:50.265,20_Pit Stops Time Cards_Race.PDF,4,2
2020,15_Sebring International Raceway,Sebring International Raceway,sebring-international-raceway,2020-11-14,202011141010_Race,57,17 H. Tincknell H. Tincknell 1:06.589 21:14.521 | Heinricher Racing w/MSR Curb-Agajanian | Acura NSX GT3 GTD,7,15:55:55.378,M. Goikhberg,15:56:56.825,J. Hand,1:01.447,7:51.712,20_Pit Stops Time Cards_Race.PDF,4,2
2020,15_Sebring International Raceway,Sebring International Raceway,sebring-international-raceway,2020-11-14,202011141010_Race,57,17 H. Tincknell H. Tincknell 1:06.589 21:14.521 | Heinricher Racing w/MSR Curb-Agajanian | Acura NSX GT3 GTD,8,17:05:58.233,J. Hand,17:07:14.485,T. Hindman,1:16.252,9:07.964,20_Pit Stops Time Cards_Race.PDF,4,2
2020,15_Sebring International Raceway,Sebring International Raceway,sebring-international-raceway,2020-11-14,202011141010_Race,57,17 H. Tincknell H. Tincknell 1:06.589 21:14.521 | Heinricher Racing w/MSR Curb-Agajanian | Acura NSX GT3 GTD,9,18:09:26.881,T. Hindman,18:10:50.147,J. Hand,1:23.266,10:31.230,20_Pit Stops Time Cards_Race.PDF,4,2
2020,15_Sebring International Raceway,Sebring International Raceway,sebring-international-raceway,2020-11-14,202011141010_Race,57,17 H. Tincknell H. Tincknell 1:06.589 21:14.521 | Heinricher Racing w/MSR Curb-Agajanian | Acura NSX GT3 GTD,10,18:45:36.589,J. Hand,18:46:34.884,J. Hand,58.295,11:29.525,20_Pit Stops Time Cards_Race.PDF,4,2
2020,15_Sebring International Raceway,Sebring International Raceway,sebring-international-raceway,2020-11-14,202011141010_Race,57,17 H. Tincknell H. Tincknell 1:06.589 21:14.521 | Heinricher Racing w/MSR Curb-Agajanian | Acura NSX GT3 GTD,11,19:40:37.831,J. Hand,19:41:48.740,J. Hand,1:10.909,12:40.434,20_Pit Stops Time Cards_Race.PDF,4,2
2020,15_Sebring International Raceway,Sebring International Raceway,sebring-international-raceway,2020-11-14,202011141010_Race,57,17 H. Tincknell H. Tincknell 1:06.589 21:14.521 | Heinricher Racing w/MSR Curb-Agajanian | Acura NSX GT3 GTD,12,20:33:46.549,J. Hand,20:35:14.101,T. Hindman,1:27.552,14:07.986,20_Pit Stops Time Cards_Race.PDF,4,2
2020,15_Sebring International Raceway,Sebring International Raceway,sebring-international-raceway,2020-11-14,202011141010_Race,57,17 H. Tincknell H. Tincknell 1:06.589 21:14.521 | Heinricher Racing w/MSR Curb-Agajanian | Acura NSX GT3 GTD,13,21:12:32.299,T. Hindman,21:13:35.512,T. Hindman,1:03.213,15:11.199,20_Pit Stops Time Cards_Race.PDF,4,2
2020,15_Sebring International Raceway,Sebring International Raceway,sebring-international-raceway,2020-11-14,202011141010_Race,63,13 T. Hindman T. Hindman 1:03.213 15:11.199 | Scuderia Corsa | Ferrari 488 GT3 GTD,1,11:17:31.543,C. MacNeil,11:18:49.824,C. MacNeil,1:18.281,1:18.281,20_Pit Stops Time Cards_Race.PDF,4,2
2020,15_Sebring International Raceway,Sebring International Raceway,sebring-international-raceway,2020-11-14,202011141010_Race,63,13 T. Hindman T. Hindman 1:03.213 15:11.199 | Scuderia Corsa | Ferrari 488 GT3 GTD,2,12:23:33.255,C. MacNeil,12:24:50.096,J. Westphal,1:16.841,2:35.122,20_Pit Stops Time Cards_Race.PDF,4,2
2020,15_Sebring International Raceway,Sebring International Raceway,sebring-international-raceway,2020-11-14,202011141010_Race,63,13 T. Hindman T. Hindman 1:03.213 15:11.199 | Scuderia Corsa | Ferrari 488 GT3 GTD,3,13:45:57.572,J. Westphal,13:47:13.882,A. Balzan,1:16.310,3:51.432,20_Pit Stops Time Cards_Race.PDF,4,2
2020,15_Sebring International Raceway,Sebring International Raceway,sebring-international-raceway,2020-11-14,202011141010_Race,63,13 T. Hindman T. Hindman 1:03.213 15:11.199 | Scuderia Corsa | Ferrari 488 GT3 GTD,4,14:56:24.829,A. Balzan,14:57:41.829,C. MacNeil,1:17.000,5:08.432,20_Pit Stops Time Cards_Race.PDF,4,2
2020,15_Sebring International Raceway,Sebring International Raceway,sebring-international-raceway,2020-11-14,202011141010_Race,63,13 T. Hindman T. Hindman 1:03.213 15:11.199 | Scuderia Corsa | Ferrari 488 GT3 GTD,5,15:55:48.423,C. MacNeil,15:56:54.435,J. Westphal,1:06.012,6:14.444,20_Pit Stops Time Cards_Race.PDF,4,2
2020,15_Sebring International Raceway,Sebring International Raceway,sebring-international-raceway,2020-11-14,202011141010_Race,63,13 T. Hindman T. Hindman 1:03.213 15:11.199 | Scuderia Corsa | Ferrari 488 GT3 GTD,6,17:05:37.184,J. Westphal,17:06:57.948,A. Balzan,1:20.764,7:35.208,20_Pit Stops Time Cards_Race.PDF,4,2
2020,15_Sebring International Raceway,Sebring International Raceway,sebring-international-raceway,2020-11-14,202011141010_Race,63,13 T. Hindman T. Hindman 1:03.213 15:11.199 | Scuderia Corsa | Ferrari 488 GT3 GTD,7,18:11:25.644,A. Balzan,18:12:48.473,J. Westphal,1:22.829,8:58.037,20_Pit Stops Time Cards_Race.PDF,4,2
2020,15_Sebring International Raceway,Sebring International Raceway,sebring-international-raceway,2020-11-14,202011141010_Race,63,13 T. Hindman T. Hindman 1:03.213 15:11.199 | Scuderia Corsa | Ferrari 488 GT3 GTD,8,18:45:35.854,J. Westphal,18:46:32.329,J. Westphal,56.475,9:54.512,20_Pit Stops Time Cards_Race.PDF,4,2
2020,15_Sebring International Raceway,Sebring International Raceway,sebring-international-raceway,2020-11-14,202011141010_Race,63,13 T. Hindman T. Hindman 1:03.213 15:11.199 | Scuderia Corsa | Ferrari 488 GT3 GTD,9,19:48:14.005,J. Westphal,19:49:32.494,A. Balzan,1:18.489,11:13.001,20_Pit Stops Time Cards_Race.PDF,4,2
2020,15_Sebring International Raceway,Sebring International Raceway,sebring-international-raceway,2020-11-14,202011141010_Race,63,13 T. Hindman T. Hindman 1:03.213 15:11.199 | Scuderia Corsa | Ferrari 488 GT3 GTD,10,20:35:06.327,A. Balzan,20:36:15.068,A. Balzan,1:08.741,12:21.742,20_Pit Stops Time Cards_Race.PDF,4,2
2020,15_Sebring International Raceway,Sebring International Raceway,sebring-international-raceway,2020-11-14,202011141010_Race,63,13 T. Hindman T. Hindman 1:03.213 15:11.199 | Scuderia Corsa | Ferrari 488 GT3 GTD,11,21:15:24.541,A. Balzan,21:16:29.503,J. Westphal,1:04.962,13:26.704,20_Pit Stops Time Cards_Race.PDF,4,2
2020,15_Sebring International Raceway,Sebring International Raceway,sebring-international-raceway,2020-11-14,202011141010_Race,74,11 A. Balzan J. Westphal 1:04.962 13:26.704 | Riley Motorsports | Mercedes-AMG GT3 GTD,1,11:10:25.255,G. Robinson,11:11:08.979,G. Robinson,43.724,43.724,20_Pit Stops Time Cards_Race.PDF,4,2
2020,15_Sebring International Raceway,Sebring International Raceway,sebring-international-raceway,2020-11-14,202011141010_Race,74,11 A. Balzan J. Westphal 1:04.962 13:26.704 | Riley Motorsports | Mercedes-AMG GT3 GTD,2,11:17:44.668,G. Robinson,11:18:58.997,G. Robinson,1:14.329,1:58.053,20_Pit Stops Time Cards_Race.PDF,4,2
2020,15_Sebring International Raceway,Sebring International Raceway,sebring-international-raceway,2020-11-14,202011141010_Race,74,11 A. Balzan J. Westphal 1:04.962 13:26.704 | Riley Motorsports | Mercedes-AMG GT3 GTD,3,11:21:39.118,G. Robinson,11:22:19.449,G. Robinson,40.331,2:38.384,20_Pit Stops Time Cards_Race.PDF,4,2
2020,15_Sebring International Raceway,Sebring International Raceway,sebring-international-raceway,2020-11-14,202011141010_Race,74,11 A. Balzan J. Westphal 1:04.962 13:26.704 | Riley Motorsports | Mercedes-AMG GT3 GTD,4,12:23:30.266,G. Robinson,12:24:48.465,L. Aschenbach,1:18.199,3:56.583,20_Pit Stops Time Cards_Race.PDF,4,2
2020,15_Sebring International Raceway,Sebring International Raceway,sebring-international-raceway,2020-11-14,202011141010_Race,74,11 A. Balzan J. Westphal 1:04.962 13:26.704 | Riley Motorsports | Mercedes-AMG GT3 GTD,5,12:39:37.556,L. Aschenbach,12:40:26.926,L. Aschenbach,49.370,4:45.953,20_Pit Stops Time Cards_Race.PDF,4,2
2020,15_Sebring International Raceway,Sebring International Raceway,sebring-international-raceway,2020-11-14,202011141010_Race,74,11 A. Balzan J. Westphal 1:04.962 13:26.704 | Riley Motorsports | Mercedes-AMG GT3 GTD,6,13:56:19.582,L. Aschenbach,13:57:38.456,M. Miller,1:18.874,6:04.827,20_Pit Stops Time Cards_Race.PDF,4,2
2020,15_Sebring International Raceway,Sebring International Raceway,sebring-international-raceway,2020-11-14,202011141010_Race,74,11 A. Balzan J. Westphal 1:04.962 13:26.704 | Riley Motorsports | Mercedes-AMG GT3 GTD,7,15:05:00.367,M. Miller,15:06:18.683,G. Robinson,1:18.316,7:23.143,20_Pit Stops Time Cards_Race.PDF,4,2
2020,15_Sebring International Raceway,Sebring International Raceway,sebring-international-raceway,2020-11-14,202011141010_Race,74,11 A. Balzan J. Westphal 1:04.962 13:26.704 | Riley Motorsports | Mercedes-AMG GT3 GTD,8,15:55:49.362,G. Robinson,15:56:52.065,G. Robinson,1:02.703,8:25.846,20_Pit Stops Time Cards_Race.PDF,4,2
2020,15_Sebring International Raceway,Sebring International Raceway,sebring-international-raceway,2020-11-14,202011141010_Race,74,11 A. Balzan J. Westphal 1:04.962 13:26.704 | Riley Motorsports | Mercedes-AMG GT3 GTD,9,15:59:43.125,G. Robinson,16:00:52.107,M. Miller,1:08.982,9:34.828,20_Pit Stops Time Cards_Race.PDF,4,2
2020,15_Sebring International Raceway,Sebring International Raceway,sebring-international-raceway,2020-11-14,202011141010_Race,74,11 A. Balzan J. Westphal 1:04.962 13:26.704 | Riley Motorsports | Mercedes-AMG GT3 GTD,10,17:05:47.852,M. Miller,17:07:06.896,L. Aschenbach,1:19.044,10:53.872,20_Pit Stops Time Cards_Race.PDF,4,2
2020,15_Sebring International Raceway,Sebring International Raceway,sebring-international-raceway,2020-11-14,202011141010_Race,74,11 A. Balzan J. Westphal 1:04.962 13:26.704 | Riley Motorsports | Mercedes-AMG GT3 GTD,11,18:06:48.171,L. Aschenbach,18:08:08.740,L. Aschenbach,1:20.569,12:14.441,20_Pit Stops Time Cards_Race.PDF,4,2
2020,15_Sebring International Raceway,Sebring International Raceway,sebring-international-raceway,2020-11-14,202011141010_Race,74,11 A. Balzan J. Westphal 1:04.962 13:26.704 | Riley Motorsports | Mercedes-AMG GT3 GTD,12,18:45:33.123,L. Aschenbach,18:46:44.851,M. Miller,1:11.728,13:26.169,20_Pit Stops Time Cards_Race.PDF,4,2
2020,15_Sebring International Raceway,Sebring International Raceway,sebring-international-raceway,2020-11-14,202011141010_Race,74,11 A. Balzan J. Westphal 1:04.962 13:26.704 | Riley Motorsports | Mercedes-AMG GT3 GTD,13,19:46:40.247,M. Miller,19:47:57.570,M. Miller,1:17.323,14:43.492,20_Pit Stops Time Cards_Race.PDF,4,2
2020,15_Sebring International Raceway,Sebring International Raceway,sebring-international-raceway,2020-11-14,202011141010_Race,74,11 A. Balzan J. Westphal 1:04.962 13:26.704 | Riley Motorsports | Mercedes-AMG GT3 GTD,14,20:33:29.778,M. Miller,20:34:40.428,L. Aschenbach,1:10.650,15:54.142,20_Pit Stops Time Cards_Race.PDF,4,2
2020,15_Sebring International Raceway,Sebring International Raceway,sebring-international-raceway,2020-11-14,202011141010_Race,74,11 A. Balzan J. Westphal 1:04.962 13:26.704 | Riley Motorsports | Mercedes-AMG GT3 GTD,15,21:15:37.515,L. Aschenbach,21:16:45.595,L. Aschenbach,1:08.080,17:02.222,20_Pit Stops Time Cards_Race.PDF,4,2
2020,15_Sebring International Raceway,Sebring International Raceway,sebring-international-raceway,2020-11-14,202011141010_Race,74,11 A. Balzan J. Westphal 1:04.962 13:26.704 | Riley Motorsports | Mercedes-AMG GT3 GTD,16,21:55:35.115,L. Aschenbach,21:56:08.055,L. Aschenbach,32.940,17:35.162,20_Pit Stops Time Cards_Race.PDF,4,2
2020,15_Sebring International Raceway,Sebring International Raceway,sebring-international-raceway,2020-11-14,202011141010_Race,77,16 L. Aschenbach L. Aschenbach 32.940 17:35.162 | Mazda Motorsports | Mazda DPi DPi,1,10:48:10.344,O. Jarvis,10:49:12.998,O. Jarvis,1:02.654,1:02.654,20_Pit Stops Time Cards_Race.PDF,4,2
2020,15_Sebring International Raceway,Sebring International Raceway,sebring-international-raceway,2020-11-14,202011141010_Race,77,16 L. Aschenbach L. Aschenbach 32.940 17:35.162 | Mazda Motorsports | Mazda DPi DPi,2,11:13:50.168,O. Jarvis,11:14:45.954,O. Pla,55.786,1:58.440,20_Pit Stops Time Cards_Race.PDF,4,2
2020,15_Sebring International Raceway,Sebring International Raceway,sebring-international-raceway,2020-11-14,202011141010_Race,77,16 L. Aschenbach L. Aschenbach 32.940 17:35.162 | Mazda Motorsports | Mazda DPi DPi,3,11:57:47.299,O. Pla,11:58:50.133,O. Pla,1:02.834,3:01.274,20_Pit Stops Time Cards_Race.PDF,5,1
2020,15_Sebring International Raceway,Sebring International Raceway,sebring-international-raceway,2020-11-14,202011141010_Race,77,16 L. Aschenbach L. Aschenbach 32.940 17:35.162 | Mazda Motorsports | Mazda DPi DPi,4,12:35:45.200,O. Pla,12:36:50.313,T. Nunez,1:05.113,4:06.387,20_Pit Stops Time Cards_Race.PDF,5,1
2020,15_Sebring International Raceway,Sebring International Raceway,sebring-international-raceway,2020-11-14,202011141010_Race,77,16 L. Aschenbach L. Aschenbach 32.940 17:35.162 | Mazda Motorsports | Mazda DPi DPi,5,13:36:39.742,T. Nunez,13:37:40.619,T. Nunez,1:00.877,5:07.264,20_Pit Stops Time Cards_Race.PDF,5,1
2020,15_Sebring International Raceway,Sebring International Raceway,sebring-international-raceway,2020-11-14,202011141010_Race,77,16 L. Aschenbach L. Aschenbach 32.940 17:35.162 | Mazda Motorsports | Mazda DPi DPi,6,14:05:36.184,T. Nunez,14:06:39.657,O. Jarvis,1:03.473,6:10.737,20_Pit Stops Time Cards_Race.PDF,5,1
2020,15_Sebring International Raceway,Sebring International Raceway,sebring-international-raceway,2020-11-14,202011141010_Race,77,16 L. Aschenbach L. Aschenbach 32.940 17:35.162 | Mazda Motorsports | Mazda DPi DPi,7,14:49:53.484,O. Jarvis,14:50:55.701,O. Jarvis,1:02.217,7:12.954,20_Pit Stops Time Cards_Race.PDF,5,1
2020,15_Sebring International Raceway,Sebring International Raceway,sebring-international-raceway,2020-11-14,202011141010_Race,77,16 L. Aschenbach L. Aschenbach 32.940 17:35.162 | Mazda Motorsports | Mazda DPi DPi,8,15:13:34.105,O. Jarvis,15:14:49.310,O. Jarvis,1:15.205,8:28.159,20_Pit Stops Time Cards_Race.PDF,5,1
2020,15_Sebring International Raceway,Sebring International Raceway,sebring-international-raceway,2020-11-14,202011141010_Race,77,16 L. Aschenbach L. Aschenbach 32.940 17:35.162 | Mazda Motorsports | Mazda DPi DPi,9,15:52:08.215,O. Jarvis,15:53:12.490,O. Pla,1:04.275,9:32.434,20_Pit Stops Time Cards_Race.PDF,5,1
2020,15_Sebring International Raceway,Sebring International Raceway,sebring-international-raceway,2020-11-14,202011141010_Race,77,16 L. Aschenbach L. Aschenbach 32.940 17:35.162 | Mazda Motorsports | Mazda DPi DPi,10,16:43:51.932,O. Pla,16:44:52.754,O. Pla,1:00.822,10:33.256,20_Pit Stops Time Cards_Race.PDF,5,1
2020,15_Sebring International Raceway,Sebring International Raceway,sebring-international-raceway,2020-11-14,202011141010_Race,77,16 L. Aschenbach L. Aschenbach 32.940 17:35.162 | Mazda Motorsports | Mazda DPi DPi,11,17:23:08.927,O. Pla,17:24:15.215,T. Nunez,1:06.288,11:39.544,20_Pit Stops Time Cards_Race.PDF,5,1
2020,15_Sebring International Raceway,Sebring International Raceway,sebring-international-raceway,2020-11-14,202011141010_Race,77,16 L. Aschenbach L. Aschenbach 32.940 17:35.162 | Mazda Motorsports | Mazda DPi DPi,12,18:04:27.005,T. Nunez,18:05:33.017,T. Nunez,1:06.012,12:45.556,20_Pit Stops Time Cards_Race.PDF,5,1
2020,15_Sebring International Raceway,Sebring International Raceway,sebring-international-raceway,2020-11-14,202011141010_Race,77,16 L. Aschenbach L. Aschenbach 32.940 17:35.162 | Mazda Motorsports | Mazda DPi DPi,13,18:41:30.362,T. Nunez,18:42:33.546,O. Jarvis,1:03.184,13:48.740,20_Pit Stops Time Cards_Race.PDF,5,1
2020,15_Sebring International Raceway,Sebring International Raceway,sebring-international-raceway,2020-11-14,202011141010_Race,77,16 L. Aschenbach L. Aschenbach 32.940 17:35.162 | Mazda Motorsports | Mazda DPi DPi,14,19:27:17.512,O. Jarvis,19:28:21.312,O. Pla,1:03.800,14:52.540,20_Pit Stops Time Cards_Race.PDF,5,1
2020,15_Sebring International Raceway,Sebring International Raceway,sebring-international-raceway,2020-11-14,202011141010_Race,77,16 L. Aschenbach L. Aschenbach 32.940 17:35.162 | Mazda Motorsports | Mazda DPi DPi,15,20:06:54.771,O. Pla,20:08:00.179,O. Pla,1:05.408,15:57.948,20_Pit Stops Time Cards_Race.PDF,5,1
2020,15_Sebring International Raceway,Sebring International Raceway,sebring-international-raceway,2020-11-14,202011141010_Race,77,16 L. Aschenbach L. Aschenbach 32.940 17:35.162 | Mazda Motorsports | Mazda DPi DPi,16,20:50:00.972,O. Pla,20:51:06.408,O. Jarvis,1:05.436,17:03.384,20_Pit Stops Time Cards_Race.PDF,5,1
2020,15_Sebring International Raceway,Sebring International Raceway,sebring-international-raceway,2020-11-14,202011141010_Race,77,16 L. Aschenbach L. Aschenbach 32.940 17:35.162 | Mazda Motorsports | Mazda DPi DPi,17,21:31:31.082,O. Jarvis,21:32:36.359,O. Jarvis,1:05.277,18:08.661,20_Pit Stops Time Cards_Race.PDF,5,1
2020,15_Sebring International Raceway,Sebring International Raceway,sebring-international-raceway,2020-11-14,202011141010_Race,77,16 L. Aschenbach L. Aschenbach 32.940 17:35.162 | Mazda Motorsports | Mazda DPi DPi,18,21:44:13.734,O. Jarvis,21:44:57.553,O. Jarvis,43.819,18:52.480,20_Pit Stops Time Cards_Race.PDF,5,1
2020,15_Sebring International Raceway,Sebring International Raceway,sebring-international-raceway,2020-11-14,202011141010_Race,85,18 O. Jarvis O. Jarvis 43.819 18:52.480 | JDC-Miller MotorSports | Cadillac DPi DPi,1,10:46:23.617,M. Leist,10:47:31.802,M. Leist,1:08.185,1:08.185,20_Pit Stops Time Cards_Race.PDF,5,1
2020,15_Sebring International Raceway,Sebring International Raceway,sebring-international-raceway,2020-11-14,202011141010_Race,85,18 O. Jarvis O. Jarvis 43.819 18:52.480 | JDC-Miller MotorSports | Cadillac DPi DPi,2,11:13:52.776,M. Leist,11:14:51.032,M. Leist,58.256,2:06.441,20_Pit Stops Time Cards_Race.PDF,5,1
2020,15_Sebring International Raceway,Sebring International Raceway,sebring-international-raceway,2020-11-14,202011141010_Race,85,18 O. Jarvis O. Jarvis 43.819 18:52.480 | JDC-Miller MotorSports | Cadillac DPi DPi,3,11:59:40.608,M. Leist,12:00:49.348,S. Andrews,1:08.740,3:15.181,20_Pit Stops Time Cards_Race.PDF,5,1
2020,15_Sebring International Raceway,Sebring International Raceway,sebring-international-raceway,2020-11-14,202011141010_Race,85,18 O. Jarvis O. Jarvis 43.819 18:52.480 | JDC-Miller MotorSports | Cadillac DPi DPi,4,12:35:46.406,S. Andrews,12:36:47.917,S. Andrews,1:01.511,4:16.692,20_Pit Stops Time Cards_Race.PDF,5,1
2020,15_Sebring International Raceway,Sebring International Raceway,sebring-international-raceway,2020-11-14,202011141010_Race,85,18 O. Jarvis O. Jarvis 43.819 18:52.480 | JDC-Miller MotorSports | Cadillac DPi DPi,5,13:33:00.135,S. Andrews,13:34:07.053,S. Simpson,1:06.918,5:23.610,20_Pit Stops Time Cards_Race.PDF,5,1
2020,15_Sebring International Raceway,Sebring International Raceway,sebring-international-raceway,2020-11-14,202011141010_Race,85,18 O. Jarvis O. Jarvis 43.819 18:52.480 | JDC-Miller MotorSports | Cadillac DPi DPi,6,14:05:39.760,S. Simpson,14:06:39.129,S. Simpson,59.369,6:22.979,20_Pit Stops Time Cards_Race.PDF,5,1
2020,15_Sebring International Raceway,Sebring International Raceway,sebring-international-raceway,2020-11-14,202011141010_Race,85,18 O. Jarvis O. Jarvis 43.819 18:52.480 | JDC-Miller MotorSports | Cadillac DPi DPi,7,14:46:10.808,S. Simpson,14:47:16.041,M. Leist,1:05.233,7:28.212,20_Pit Stops Time Cards_Race.PDF,5,1
2020,15_Sebring International Raceway,Sebring International Raceway,sebring-international-raceway,2020-11-14,202011141010_Race,85,18 O. Jarvis O. Jarvis 43.819 18:52.480 | JDC-Miller MotorSports | Cadillac DPi DPi,8,15:13:35.994,M. Leist,15:14:35.913,M. Leist,59.919,8:28.131,20_Pit Stops Time Cards_Race.PDF,5,1
2020,15_Sebring International Raceway,Sebring International Raceway,sebring-international-raceway,2020-11-14,202011141010_Race,85,18 O. Jarvis O. Jarvis 43.819 18:52.480 | JDC-Miller MotorSports | Cadillac DPi DPi,9,16:19:57.556,M. Leist,16:21:03.410,S. Andrews,1:05.854,9:33.985,20_Pit Stops Time Cards_Race.PDF,5,1
2020,15_Sebring International Raceway,Sebring International Raceway,sebring-international-raceway,2020-11-14,202011141010_Race,85,18 O. Jarvis O. Jarvis 43.819 18:52.480 | JDC-Miller MotorSports | Cadillac DPi DPi,10,16:59:46.968,S. Andrews,17:00:53.941,S. Andrews,1:06.973,10:40.958,20_Pit Stops Time Cards_Race.PDF,5,1
2020,15_Sebring International Raceway,Sebring International Raceway,sebring-international-raceway,2020-11-14,202011141010_Race,85,18 O. Jarvis O. Jarvis 43.819 18:52.480 | JDC-Miller MotorSports | Cadillac DPi DPi,11,17:39:31.843,S. Andrews,17:40:39.140,S. Simpson,1:07.297,11:48.255,20_Pit Stops Time Cards_Race.PDF,5,1
2020,15_Sebring International Raceway,Sebring International Raceway,sebring-international-raceway,2020-11-14,202011141010_Race,85,18 O. Jarvis O. Jarvis 43.819 18:52.480 | JDC-Miller MotorSports | Cadillac DPi DPi,12,18:19:17.242,S. Simpson,18:20:25.493,S. Simpson,1:08.251,12:56.506,20_Pit Stops Time Cards_Race.PDF,5,1
2020,15_Sebring International Raceway,Sebring International Raceway,sebring-international-raceway,2020-11-14,202011141010_Race,85,18 O. Jarvis O. Jarvis 43.819 18:52.480 | JDC-Miller MotorSports | Cadillac DPi DPi,13,18:50:14.922,S. Simpson,18:51:05.469,S. Simpson,50.547,13:47.053,20_Pit Stops Time Cards_Race.PDF,5,1
2020,15_Sebring International Raceway,Sebring International Raceway,sebring-international-raceway,2020-11-14,202011141010_Race,85,18 O. Jarvis O. Jarvis 43.819 18:52.480 | JDC-Miller MotorSports | Cadillac DPi DPi,14,19:29:56.725,S. Simpson,19:31:03.169,M. Leist,1:06.444,14:53.497,20_Pit Stops Time Cards_Race.PDF,5,1
2020,15_Sebring International Raceway,Sebring International Raceway,sebring-international-raceway,2020-11-14,202011141010_Race,85,18 O. Jarvis O. Jarvis 43.819 18:52.480 | JDC-Miller MotorSports | Cadillac DPi DPi,15,20:11:45.866,M. Leist,20:12:52.921,M. Leist,1:07.055,16:00.552,20_Pit Stops Time Cards_Race.PDF,5,1
2020,15_Sebring International Raceway,Sebring International Raceway,sebring-international-raceway,2020-11-14,202011141010_Race,85,18 O. Jarvis O. Jarvis 43.819 18:52.480 | JDC-Miller MotorSports | Cadillac DPi DPi,16,20:27:48.724,M. Leist,20:28:38.822,M. Leist,50.098,16:50.650,20_Pit Stops Time Cards_Race.PDF,5,1
2020,15_Sebring International Raceway,Sebring International Raceway,sebring-international-raceway,2020-11-14,202011141010_Race,85,18 O. Jarvis O. Jarvis 43.819 18:52.480 | JDC-Miller MotorSports | Cadillac DPi DPi,17,21:01:58.845,M. Leist,21:03:06.769,S. Andrews,1:07.924,17:58.574,20_Pit Stops Time Cards_Race.PDF,5,1
2020,15_Sebring International Raceway,Sebring International Raceway,sebring-international-raceway,2020-11-14,202011141010_Race,85,18 O. Jarvis O. Jarvis 43.819 18:52.480 | JDC-Miller MotorSports | Cadillac DPi DPi,18,21:36:19.035,S. Andrews,21:37:23.059,S. Simpson,1:04.024,19:02.598,20_Pit Stops Time Cards_Race.PDF,5,1
2020,15_Sebring International Raceway,Sebring International Raceway,sebring-international-raceway,2020-11-14,202011141010_Race,86,18 S. Andrews S. Simpson 1:04.024 19:02.598 | Meyer Shank Racing w/Curb-Agajanian | Acura NSX GT3 GTD,1,11:05:31.674,S. Michimi,11:06:47.570,S. Michimi,1:15.896,1:15.896,20_Pit Stops Time Cards_Race.PDF,5,1
2020,15_Sebring International Raceway,Sebring International Raceway,sebring-international-raceway,2020-11-14,202011141010_Race,86,18 S. Andrews S. Simpson 1:04.024 19:02.598 | Meyer Shank Racing w/Curb-Agajanian | Acura NSX GT3 GTD,2,12:19:04.815,S. Michimi,12:20:22.283,M. McMurry,1:17.468,2:33.364,20_Pit Stops Time Cards_Race.PDF,5,1
2020,15_Sebring International Raceway,Sebring International Raceway,sebring-international-raceway,2020-11-14,202011141010_Race,86,18 S. Andrews S. Simpson 1:04.024 19:02.598 | Meyer Shank Racing w/Curb-Agajanian | Acura NSX GT3 GTD,3,13:44:03.172,M. McMurry,13:45:20.821,M. McMurry,1:17.649,3:51.013,20_Pit Stops Time Cards_Race.PDF,5,1
2020,15_Sebring International Raceway,Sebring International Raceway,sebring-international-raceway,2020-11-14,202011141010_Race,86,18 S. Andrews S. Simpson 1:04.024 19:02.598 | Meyer Shank Racing w/Curb-Agajanian | Acura NSX GT3 GTD,4,14:56:49.238,M. McMurry,14:58:07.469,M. Farnbacher,1:18.231,5:09.244,20_Pit Stops Time Cards_Race.PDF,5,1
2020,15_Sebring International Raceway,Sebring International Raceway,sebring-international-raceway,2020-11-14,202011141010_Race,86,18 S. Andrews S. Simpson 1:04.024 19:02.598 | Meyer Shank Racing w/Curb-Agajanian | Acura NSX GT3 GTD,5,15:17:20.963,M. Farnbacher,15:18:07.975,M. Farnbacher,47.012,5:56.256,20_Pit Stops Time Cards_Race.PDF,5,1
2020,15_Sebring International Raceway,Sebring International Raceway,sebring-international-raceway,2020-11-14,202011141010_Race,86,18 S. Andrews S. Simpson 1:04.024 19:02.598 | Meyer Shank Racing w/Curb-Agajanian | Acura NSX GT3 GTD,6,15:55:54.944,M. Farnbacher,15:56:53.845,S. Michimi,58.901,6:55.157,20_Pit Stops Time Cards_Race.PDF,5,1
2020,15_Sebring International Raceway,Sebring International Raceway,sebring-international-raceway,2020-11-14,202011141010_Race,86,18 S. Andrews S. Simpson 1:04.024 19:02.598 | Meyer Shank Racing w/Curb-Agajanian | Acura NSX GT3 GTD,7,17:05:49.321,S. Michimi,17:07:08.566,M. McMurry,1:19.245,8:14.402,20_Pit Stops Time Cards_Race.PDF,5,1
2020,15_Sebring International Raceway,Sebring International Raceway,sebring-international-raceway,2020-11-14,202011141010_Race,86,18 S. Andrews S. Simpson 1:04.024 19:02.598 | Meyer Shank Racing w/Curb-Agajanian | Acura NSX GT3 GTD,8,18:07:17.437,M. McMurry,18:08:35.603,M. Farnbacher,1:18.166,9:32.568,20_Pit Stops Time Cards_Race.PDF,5,1
2020,15_Sebring International Raceway,Sebring International Raceway,sebring-international-raceway,2020-11-14,202011141010_Race,86,18 S. Andrews S. Simpson 1:04.024 19:02.598 | Meyer Shank Racing w/Curb-Agajanian | Acura NSX GT3 GTD,9,18:45:34.900,M. Farnbacher,18:46:35.399,M. Farnbacher,1:00.499,10:33.067,20_Pit Stops Time Cards_Race.PDF,5,1
2020,15_Sebring International Raceway,Sebring International Raceway,sebring-international-raceway,2020-11-14,202011141010_Race,86,18 S. Andrews S. Simpson 1:04.024 19:02.598 | Meyer Shank Racing w/Curb-Agajanian | Acura NSX GT3 GTD,10,19:40:03.197,M. Farnbacher,19:41:15.731,M. McMurry,1:12.534,11:45.601,20_Pit Stops Time Cards_Race.PDF,5,1
2020,15_Sebring International Raceway,Sebring International Raceway,sebring-international-raceway,2020-11-14,202011141010_Race,86,18 S. Andrews S. Simpson 1:04.024 19:02.598 | Meyer Shank Racing w/Curb-Agajanian | Acura NSX GT3 GTD,11,20:31:09.183,M. McMurry,20:32:21.175,M. Farnbacher,1:11.992,12:57.593,20_Pit Stops Time Cards_Race.PDF,5,1
2020,15_Sebring International Raceway,Sebring International Raceway,sebring-international-raceway,2020-11-14,202011141010_Race,86,18 S. Andrews S. Simpson 1:04.024 19:02.598 | Meyer Shank Racing w/Curb-Agajanian | Acura NSX GT3 GTD,12,21:13:40.060,M. Farnbacher,21:14:47.194,M. Farnbacher,1:07.134,14:04.727,20_Pit Stops Time Cards_Race.PDF,5,1
2020,15_Sebring International Raceway,Sebring International Raceway,sebring-international-raceway,2020-11-14,202011141010_Race,96,12 M. Farnbacher M. Farnbacher 1:07.134 14:04.727 | Turner Motorsport | BMW M6 GT3 GTD,1,11:07:30.032,R. Foley,11:08:45.844,R. Foley,1:15.812,1:15.812,20_Pit Stops Time Cards_Race.PDF,5,1
2020,15_Sebring International Raceway,Sebring International Raceway,sebring-international-raceway,2020-11-14,202011141010_Race,96,12 M. Farnbacher M. Farnbacher 1:07.134 14:04.727 | Turner Motorsport | BMW M6 GT3 GTD,2,11:17:43.798,R. Foley,11:18:38.640,D. Machavern,54.842,2:10.654,20_Pit Stops Time Cards_Race.PDF,5,2
2020,15_Sebring International Raceway,Sebring International Raceway,sebring-international-raceway,2020-11-14,202011141010_Race,96,12 M. Farnbacher M. Farnbacher 1:07.134 14:04.727 | Turner Motorsport | BMW M6 GT3 GTD,3,12:21:26.409,D. Machavern,12:22:43.256,D. Machavern,1:16.847,3:27.501,20_Pit Stops Time Cards_Race.PDF,5,2
2020,15_Sebring International Raceway,Sebring International Raceway,sebring-international-raceway,2020-11-14,202011141010_Race,96,12 M. Farnbacher M. Farnbacher 1:07.134 14:04.727 | Turner Motorsport | BMW M6 GT3 GTD,4,12:39:42.444,D. Machavern,12:40:28.349,D. Machavern,45.905,4:13.406,20_Pit Stops Time Cards_Race.PDF,5,2
2020,15_Sebring International Raceway,Sebring International Raceway,sebring-international-raceway,2020-11-14,202011141010_Race,96,12 M. Farnbacher M. Farnbacher 1:07.134 14:04.727 | Turner Motorsport | BMW M6 GT3 GTD,5,13:48:30.382,D. Machavern,13:49:40.981,N. Yelloly,1:10.599,5:24.005,20_Pit Stops Time Cards_Race.PDF,5,2
2020,15_Sebring International Raceway,Sebring International Raceway,sebring-international-raceway,2020-11-14,202011141010_Race,96,12 M. Farnbacher M. Farnbacher 1:07.134 14:04.727 | Turner Motorsport | BMW M6 GT3 GTD,6,14:09:31.489,N. Yelloly,14:10:31.695,D. Machavern,1:00.206,6:24.211,20_Pit Stops Time Cards_Race.PDF,5,2
2020,15_Sebring International Raceway,Sebring International Raceway,sebring-international-raceway,2020-11-14,202011141010_Race,96,12 M. Farnbacher M. Farnbacher 1:07.134 14:04.727 | Turner Motorsport | BMW M6 GT3 GTD,7,14:44:33.476,D. Machavern,14:45:33.645,N. Yelloly,1:00.169,7:24.380,20_Pit Stops Time Cards_Race.PDF,5,2
2020,15_Sebring International Raceway,Sebring International Raceway,sebring-international-raceway,2020-11-14,202011141010_Race,96,12 M. Farnbacher M. Farnbacher 1:07.134 14:04.727 | Turner Motorsport | BMW M6 GT3 GTD,8,15:17:17.043,N. Yelloly,15:18:13.908,N. Yelloly,56.865,8:21.245,20_Pit Stops Time Cards_Race.PDF,5,2
2020,15_Sebring International Raceway,Sebring International Raceway,sebring-international-raceway,2020-11-14,202011141010_Race,96,12 M. Farnbacher M. Farnbacher 1:07.134 14:04.727 | Turner Motorsport | BMW M6 GT3 GTD,9,15:30:44.628,N. Yelloly,15:31:17.484,N. Yelloly,32.856,8:54.101,20_Pit Stops Time Cards_Race.PDF,5,2
2020,15_Sebring International Raceway,Sebring International Raceway,sebring-international-raceway,2020-11-14,202011141010_Race,96,12 M. Farnbacher M. Farnbacher 1:07.134 14:04.727 | Turner Motorsport | BMW M6 GT3 GTD,10,15:55:56.910,N. Yelloly,15:56:54.940,N. Yelloly,58.030,9:52.131,20_Pit Stops Time Cards_Race.PDF,5,2
2020,15_Sebring International Raceway,Sebring International Raceway,sebring-international-raceway,2020-11-14,202011141010_Race,96,12 M. Farnbacher M. Farnbacher 1:07.134 14:04.727 | Turner Motorsport | BMW M6 GT3 GTD,11,17:06:01.328,N. Yelloly,17:07:19.810,R. Foley,1:18.482,11:10.613,20_Pit Stops Time Cards_Race.PDF,5,2
2020,15_Sebring International Raceway,Sebring International Raceway,sebring-international-raceway,2020-11-14,202011141010_Race,96,12 M. Farnbacher M. Farnbacher 1:07.134 14:04.727 | Turner Motorsport | BMW M6 GT3 GTD,12,18:09:47.254,R. Foley,18:11:04.109,R. Foley,1:16.855,12:27.468,20_Pit Stops Time Cards_Race.PDF,5,2
2020,15_Sebring International Raceway,Sebring International Raceway,sebring-international-raceway,2020-11-14,202011141010_Race,96,12 M. Farnbacher M. Farnbacher 1:07.134 14:04.727 | Turner Motorsport | BMW M6 GT3 GTD,13,18:45:38.281,R. Foley,18:46:36.535,R. Foley,58.254,13:25.722,20_Pit Stops Time Cards_Race.PDF,5,2
2020,15_Sebring International Raceway,Sebring International Raceway,sebring-international-raceway,2020-11-14,202011141010_Race,911,13 R. Foley R. Foley 58.254 13:25.722 | Porsche GT Team | Porsche 911 RSR - 19 GTLM,1,11:06:56.117,N. Tandy,11:08:05.984,E. Bamber,1:09.867,1:09.867,20_Pit Stops Time Cards_Race.PDF,5,2
2020,15_Sebring International Raceway,Sebring International Raceway,sebring-international-raceway,2020-11-14,202011141010_Race,911,13 R. Foley R. Foley 58.254 13:25.722 | Porsche GT Team | Porsche 911 RSR - 19 GTLM,2,12:18:08.424,E. Bamber,12:19:18.784,E. Bamber,1:10.360,2:20.227,20_Pit Stops Time Cards_Race.PDF,5,2
2020,15_Sebring International Raceway,Sebring International Raceway,sebring-international-raceway,2020-11-14,202011141010_Race,911,13 R. Foley R. Foley 58.254 13:25.722 | Porsche GT Team | Porsche 911 RSR - 19 GTLM,3,12:39:44.411,E. Bamber,12:40:35.033,E. Bamber,50.622,3:10.849,20_Pit Stops Time Cards_Race.PDF,5,2
2020,15_Sebring International Raceway,Sebring International Raceway,sebring-international-raceway,2020-11-14,202011141010_Race,911,13 R. Foley R. Foley 58.254 13:25.722 | Porsche GT Team | Porsche 911 RSR - 19 GTLM,4,13:44:21.683,E. Bamber,13:45:21.464,F. Makowiecki,59.781,4:10.630,20_Pit Stops Time Cards_Race.PDF,5,2
2020,15_Sebring International Raceway,Sebring International Raceway,sebring-international-raceway,2020-11-14,202011141010_Race,911,13 R. Foley R. Foley 58.254 13:25.722 | Porsche GT Team | Porsche 911 RSR - 19 GTLM,5,14:40:36.282,F. Makowiecki,14:41:47.313,F. Makowiecki,1:11.031,5:21.661,20_Pit Stops Time Cards_Race.PDF,5,2
2020,15_Sebring International Raceway,Sebring International Raceway,sebring-international-raceway,2020-11-14,202011141010_Race,911,13 R. Foley R. Foley 58.254 13:25.722 | Porsche GT Team | Porsche 911 RSR - 19 GTLM,6,15:17:06.628,F. Makowiecki,15:17:59.743,N. Tandy,53.115,6:14.776,20_Pit Stops Time Cards_Race.PDF,5,2
2020,15_Sebring International Raceway,Sebring International Raceway,sebring-international-raceway,2020-11-14,202011141010_Race,911,13 R. Foley R. Foley 58.254 13:25.722 | Porsche GT Team | Porsche 911 RSR - 19 GTLM,7,15:56:00.776,N. Tandy,15:56:51.297,N. Tandy,50.521,7:05.297,20_Pit Stops Time Cards_Race.PDF,5,2
2020,15_Sebring International Raceway,Sebring International Raceway,sebring-international-raceway,2020-11-14,202011141010_Race,911,13 R. Foley R. Foley 58.254 13:25.722 | Porsche GT Team | Porsche 911 RSR - 19 GTLM,8,16:53:26.021,N. Tandy,16:54:34.734,N. Tandy,1:08.713,8:14.010,20_Pit Stops Time Cards_Race.PDF,5,2
2020,15_Sebring International Raceway,Sebring International Raceway,sebring-international-raceway,2020-11-14,202011141010_Race,911,13 R. Foley R. Foley 58.254 13:25.722 | Porsche GT Team | Porsche 911 RSR - 19 GTLM,9,17:49:56.892,N. Tandy,17:51:08.012,F. Makowiecki,1:11.120,9:25.130,20_Pit Stops Time Cards_Race.PDF,5,2
2020,15_Sebring International Raceway,Sebring International Raceway,sebring-international-raceway,2020-11-14,202011141010_Race,911,13 R. Foley R. Foley 58.254 13:25.722 | Porsche GT Team | Porsche 911 RSR - 19 GTLM,10,18:28:52.901,F. Makowiecki,18:29:52.921,F. Makowiecki,1:00.020,10:25.150,20_Pit Stops Time Cards_Race.PDF,5,2
2020,15_Sebring International Raceway,Sebring International Raceway,sebring-international-raceway,2020-11-14,202011141010_Race,911,13 R. Foley R. Foley 58.254 13:25.722 | Porsche GT Team | Porsche 911 RSR - 19 GTLM,11,18:45:37.821,F. Makowiecki,18:46:22.124,F. Makowiecki,44.303,11:09.453,20_Pit Stops Time Cards_Race.PDF,5,2
2020,15_Sebring International Raceway,Sebring International Raceway,sebring-international-raceway,2020-11-14,202011141010_Race,911,13 R. Foley R. Foley 58.254 13:25.722 | Porsche GT Team | Porsche 911 RSR - 19 GTLM,12,19:46:02.803,F. Makowiecki,19:47:12.853,F. Makowiecki,1:10.050,12:19.503,20_Pit Stops Time Cards_Race.PDF,5,2
2020,15_Sebring International Raceway,Sebring International Raceway,sebring-international-raceway,2020-11-14,202011141010_Race,911,13 R. Foley R. Foley 58.254 13:25.722 | Porsche GT Team | Porsche 911 RSR - 19 GTLM,13,20:42:29.578,F. Makowiecki,20:43:39.212,N. Tandy,1:09.634,13:29.137,20_Pit Stops Time Cards_Race.PDF,5,2
2020,15_Sebring International Raceway,Sebring International Raceway,sebring-international-raceway,2020-11-14,202011141010_Race,911,13 R. Foley R. Foley 58.254 13:25.722 | Porsche GT Team | Porsche 911 RSR - 19 GTLM,14,21:27:01.047,N. Tandy,21:27:58.734,N. Tandy,57.687,14:26.824,20_Pit Stops Time Cards_Race.PDF,5,2
2020,15_Sebring International Raceway,Sebring International Raceway,sebring-international-raceway,2020-11-14,202011141010_Race,912,14 N. Tandy N. Tandy 57.687 14:26.824 | Porsche GT Team | Porsche 911 RSR - 19 GTLM,1,11:05:12.656,N. Jani,11:06:24.353,N. Jani,1:11.697,1:11.697,20_Pit Stops Time Cards_Race.PDF,5,2
2020,15_Sebring International Raceway,Sebring International Raceway,sebring-international-raceway,2020-11-14,202011141010_Race,912,14 N. Tandy N. Tandy 57.687 14:26.824 | Porsche GT Team | Porsche 911 RSR - 19 GTLM,2,11:58:35.483,N. Jani,11:59:38.832,L. Vanthoor,1:03.349,2:15.046,20_Pit Stops Time Cards_Race.PDF,5,2
2020,15_Sebring International Raceway,Sebring International Raceway,sebring-international-raceway,2020-11-14,202011141010_Race,912,14 N. Tandy N. Tandy 57.687 14:26.824 | Porsche GT Team | Porsche 911 RSR - 19 GTLM,3,12:39:46.880,L. Vanthoor,12:41:45.150,L. Vanthoor,1:58.270,4:13.316,20_Pit Stops Time Cards_Race.PDF,5,2
2020,15_Sebring International Raceway,Sebring International Raceway,sebring-international-raceway,2020-11-14,202011141010_Race,912,14 N. Tandy N. Tandy 57.687 14:26.824 | Porsche GT Team | Porsche 911 RSR - 19 GTLM,4,13:56:23.466,L. Vanthoor,13:57:36.174,N. Jani,1:12.708,5:26.024,20_Pit Stops Time Cards_Race.PDF,5,2
2020,15_Sebring International Raceway,Sebring International Raceway,sebring-international-raceway,2020-11-14,202011141010_Race,912,14 N. Tandy N. Tandy 57.687 14:26.824 | Porsche GT Team | Porsche 911 RSR - 19 GTLM,5,15:04:59.371,N. Jani,15:06:11.469,N. Jani,1:12.098,6:38.122,20_Pit Stops Time Cards_Race.PDF,5,2
2020,15_Sebring International Raceway,Sebring International Raceway,sebring-international-raceway,2020-11-14,202011141010_Race,912,14 N. Tandy N. Tandy 57.687 14:26.824 | Porsche GT Team | Porsche 911 RSR - 19 GTLM,6,15:56:02.285,N. Jani,15:57:22.576,E. Bamber,1:20.291,7:58.413,20_Pit Stops Time Cards_Race.PDF,5,2
2020,15_Sebring International Raceway,Sebring International Raceway,sebring-international-raceway,2020-11-14,202011141010_Race,912,14 N. Tandy N. Tandy 57.687 14:26.824 | Porsche GT Team | Porsche 911 RSR - 19 GTLM,7,17:07:26.587,E. Bamber,17:08:38.121,E. Bamber,1:11.534,9:09.947,20_Pit Stops Time Cards_Race.PDF,5,2
2020,15_Sebring International Raceway,Sebring International Raceway,sebring-international-raceway,2020-11-14,202011141010_Race,912,14 N. Tandy N. Tandy 57.687 14:26.824 | Porsche GT Team | Porsche 911 RSR - 19 GTLM,8,18:08:00.770,E. Bamber,18:09:12.827,L. Vanthoor,1:12.057,10:22.004,20_Pit Stops Time Cards_Race.PDF,5,2
2020,15_Sebring International Raceway,Sebring International Raceway,sebring-international-raceway,2020-11-14,202011141010_Race,912,14 N. Tandy N. Tandy 57.687 14:26.824 | Porsche GT Team | Porsche 911 RSR - 19 GTLM,9,18:45:34.438,L. Vanthoor,18:46:29.299,L. Vanthoor,54.861,11:16.865,20_Pit Stops Time Cards_Race.PDF,5,2
2020,15_Sebring International Raceway,Sebring International Raceway,sebring-international-raceway,2020-11-14,202011141010_Race,912,14 N. Tandy N. Tandy 57.687 14:26.824 | Porsche GT Team | Porsche 911 RSR - 19 GTLM,10,19:20:13.851,L. Vanthoor,19:21:24.314,L. Vanthoor,1:10.463,12:27.328,20_Pit Stops Time Cards_Race.PDF,5,2
2020,15_Sebring International Raceway,Sebring International Raceway,sebring-international-raceway,2020-11-14,202011141010_Race,912,14 N. Tandy N. Tandy 57.687 14:26.824 | Porsche GT Team | Porsche 911 RSR - 19 GTLM,11,20:16:50.591,L. Vanthoor,20:18:01.307,E. Bamber,1:10.716,13:38.044,20_Pit Stops Time Cards_Race.PDF,5,2
2020,15_Sebring International Raceway,Sebring International Raceway,sebring-international-raceway,2020-11-14,202011141010_Race,912,14 N. Tandy N. Tandy 57.687 14:26.824 | Porsche GT Team | Porsche 911 RSR - 19 GTLM,12,21:15:19.847,E. Bamber,21:16:31.404,E. Bamber,1:11.557,14:49.601,20_Pit Stops Time Cards_Race.PDF,5,2
2020,15_Sebring International Raceway,Sebring International Raceway,sebring-international-raceway,2020-11-14,202011141010_Race,912,14 N. Tandy N. Tandy 57.687 14:26.824 | Porsche GT Team | Porsche 911 RSR - 19 GTLM,13,21:44:14.756,E. Bamber,21:45:05.923,E. Bamber,51.167,15:40.768,20_Pit Stops Time Cards_Race.PDF,5,2
