year,event_code,event_name,track_slug,race_date,session_directory,race_lap,car_lap_number,position,car_number,lap_time,gap,gap_seconds,gap_laps,source_page,source_column
2026,15_Canadian Tire Motorsport Park,Canadian Tire Motorsport Park,canadian-tire-motorsport-park,2026-07-12,202607121405_Race,1,1,1,43,1:12.066,0.000,0.000,,1,1
2026,15_Canadian Tire Motorsport Park,Canadian Tire Motorsport Park,canadian-tire-motorsport-park,2026-07-12,202607121405_Race,1,1,2,52,1:13.266,1.200,1.200,,1,1
2026,15_Canadian Tire Motorsport Park,Canadian Tire Motorsport Park,canadian-tire-motorsport-park,2026-07-12,202607121405_Race,1,1,3,22,1:14.035,1.969,1.969,,1,1
2026,15_Canadian Tire Motorsport Park,Canadian Tire Motorsport Park,canadian-tire-motorsport-park,2026-07-12,202607121405_Race,1,1,4,04,1:14.573,2.507,2.507,,1,1
2026,15_Canadian Tire Motorsport Park,Canadian Tire Motorsport Park,canadian-tire-motorsport-park,2026-07-12,202607121405_Race,1,1,5,2,1:15.085,3.019,3.019,,1,1
2026,15_Canadian Tire Motorsport Park,Canadian Tire Motorsport Park,canadian-tire-motorsport-park,2026-07-12,202607121405_Race,1,1,6,73,1:15.641,3.575,3.575,,1,1
2026,15_Canadian Tire Motorsport Park,Canadian Tire Motorsport Park,canadian-tire-motorsport-park,2026-07-12,202607121405_Race,1,1,7,99,1:16.163,4.097,4.097,,1,1
2026,15_Canadian Tire Motorsport Park,Canadian Tire Motorsport Park,canadian-tire-motorsport-park,2026-07-12,202607121405_Race,1,1,8,11,1:17.251,5.185,5.185,,1,1
2026,15_Canadian Tire Motorsport Park,Canadian Tire Motorsport Park,canadian-tire-motorsport-park,2026-07-12,202607121405_Race,1,1,9,8,1:18.194,6.128,6.128,,1,1
2026,15_Canadian Tire Motorsport Park,Canadian Tire Motorsport Park,canadian-tire-motorsport-park,2026-07-12,202607121405_Race,1,1,10,1,1:38.405,26.339,26.339,,1,1
2026,15_Canadian Tire Motorsport Park,Canadian Tire Motorsport Park,canadian-tire-motorsport-park,2026-07-12,202607121405_Race,1,1,11,59,1:39.120,27.054,27.054,,1,1
2026,15_Canadian Tire Motorsport Park,Canadian Tire Motorsport Park,canadian-tire-motorsport-park,2026-07-12,202607121405_Race,1,1,12,3,1:39.385,27.319,27.319,,1,1
2026,15_Canadian Tire Motorsport Park,Canadian Tire Motorsport Park,canadian-tire-motorsport-park,2026-07-12,202607121405_Race,1,1,13,4,1:39.834,27.768,27.768,,1,1
2026,15_Canadian Tire Motorsport Park,Canadian Tire Motorsport Park,canadian-tire-motorsport-park,2026-07-12,202607121405_Race,1,1,14,14,1:40.070,28.004,28.004,,1,1
2026,15_Canadian Tire Motorsport Park,Canadian Tire Motorsport Park,canadian-tire-motorsport-park,2026-07-12,202607121405_Race,1,1,15,68,1:40.483,28.417,28.417,,1,1
2026,15_Canadian Tire Motorsport Park,Canadian Tire Motorsport Park,canadian-tire-motorsport-park,2026-07-12,202607121405_Race,1,1,16,77,1:40.751,28.685,28.685,,1,1
2026,15_Canadian Tire Motorsport Park,Canadian Tire Motorsport Park,canadian-tire-motorsport-park,2026-07-12,202607121405_Race,1,1,17,9,1:41.000,28.934,28.934,,1,1
2026,15_Canadian Tire Motorsport Park,Canadian Tire Motorsport Park,canadian-tire-motorsport-park,2026-07-12,202607121405_Race,1,1,18,64,1:41.615,29.549,29.549,,1,1
2026,15_Canadian Tire Motorsport Park,Canadian Tire Motorsport Park,canadian-tire-motorsport-park,2026-07-12,202607121405_Race,1,1,19,65,1:41.712,29.646,29.646,,1,1
2026,15_Canadian Tire Motorsport Park,Canadian Tire Motorsport Park,canadian-tire-motorsport-park,2026-07-12,202607121405_Race,1,1,20,27,1:42.175,30.109,30.109,,1,1
2026,15_Canadian Tire Motorsport Park,Canadian Tire Motorsport Park,canadian-tire-motorsport-park,2026-07-12,202607121405_Race,1,1,21,12,1:43.116,31.050,31.050,,1,1
2026,15_Canadian Tire Motorsport Park,Canadian Tire Motorsport Park,canadian-tire-motorsport-park,2026-07-12,202607121405_Race,1,1,22,34,1:43.337,31.271,31.271,,1,1
2026,15_Canadian Tire Motorsport Park,Canadian Tire Motorsport Park,canadian-tire-motorsport-park,2026-07-12,202607121405_Race,1,1,23,45,1:43.706,31.640,31.640,,1,1
2026,15_Canadian Tire Motorsport Park,Canadian Tire Motorsport Park,canadian-tire-motorsport-park,2026-07-12,202607121405_Race,1,1,24,36,1:44.162,32.096,32.096,,1,1
2026,15_Canadian Tire Motorsport Park,Canadian Tire Motorsport Park,canadian-tire-motorsport-park,2026-07-12,202607121405_Race,1,1,25,81,1:44.373,32.307,32.307,,1,1
2026,15_Canadian Tire Motorsport Park,Canadian Tire Motorsport Park,canadian-tire-motorsport-park,2026-07-12,202607121405_Race,1,1,26,57,1:45.001,32.935,32.935,,1,1
2026,15_Canadian Tire Motorsport Park,Canadian Tire Motorsport Park,canadian-tire-motorsport-park,2026-07-12,202607121405_Race,1,1,27,66,1:45.230,33.164,33.164,,1,1
2026,15_Canadian Tire Motorsport Park,Canadian Tire Motorsport Park,canadian-tire-motorsport-park,2026-07-12,202607121405_Race,1,1,28,96,1:45.288,33.222,33.222,,1,1
2026,15_Canadian Tire Motorsport Park,Canadian Tire Motorsport Park,canadian-tire-motorsport-park,2026-07-12,202607121405_Race,1,1,29,120,1:45.650,33.584,33.584,,1,1
2026,15_Canadian Tire Motorsport Park,Canadian Tire Motorsport Park,canadian-tire-motorsport-park,2026-07-12,202607121405_Race,1,1,30,16,1:45.938,33.872,33.872,,1,1
2026,15_Canadian Tire Motorsport Park,Canadian Tire Motorsport Park,canadian-tire-motorsport-park,2026-07-12,202607121405_Race,1,1,31,70,1:46.258,34.192,34.192,,1,1
2026,15_Canadian Tire Motorsport Park,Canadian Tire Motorsport Park,canadian-tire-motorsport-park,2026-07-12,202607121405_Race,1,1,32,13,1:46.610,34.544,34.544,,1,1
2026,15_Canadian Tire Motorsport Park,Canadian Tire Motorsport Park,canadian-tire-motorsport-park,2026-07-12,202607121405_Race,2,2,1,43,1:09.723,,,,1,1
2026,15_Canadian Tire Motorsport Park,Canadian Tire Motorsport Park,canadian-tire-motorsport-park,2026-07-12,202607121405_Race,2,2,2,52,1:09.668,1.145,1.145,,1,1
2026,15_Canadian Tire Motorsport Park,Canadian Tire Motorsport Park,canadian-tire-motorsport-park,2026-07-12,202607121405_Race,2,2,3,22,1:10.463,2.709,2.709,,1,1
2026,15_Canadian Tire Motorsport Park,Canadian Tire Motorsport Park,canadian-tire-motorsport-park,2026-07-12,202607121405_Race,2,2,4,04,1:10.542,3.326,3.326,,1,1
2026,15_Canadian Tire Motorsport Park,Canadian Tire Motorsport Park,canadian-tire-motorsport-park,2026-07-12,202607121405_Race,2,2,5,2,1:10.525,3.821,3.821,,1,1
2026,15_Canadian Tire Motorsport Park,Canadian Tire Motorsport Park,canadian-tire-motorsport-park,2026-07-12,202607121405_Race,2,2,6,73,1:10.754,4.606,4.606,,1,1
2026,15_Canadian Tire Motorsport Park,Canadian Tire Motorsport Park,canadian-tire-motorsport-park,2026-07-12,202607121405_Race,2,2,7,99,1:10.813,5.187,5.187,,1,1
2026,15_Canadian Tire Motorsport Park,Canadian Tire Motorsport Park,canadian-tire-motorsport-park,2026-07-12,202607121405_Race,2,2,8,11,1:11.320,6.782,6.782,,1,1
2026,15_Canadian Tire Motorsport Park,Canadian Tire Motorsport Park,canadian-tire-motorsport-park,2026-07-12,202607121405_Race,2,2,9,8,1:12.048,8.453,8.453,,1,1
2026,15_Canadian Tire Motorsport Park,Canadian Tire Motorsport Park,canadian-tire-motorsport-park,2026-07-12,202607121405_Race,2,2,10,1,1:17.241,33.857,33.857,,1,1
2026,15_Canadian Tire Motorsport Park,Canadian Tire Motorsport Park,canadian-tire-motorsport-park,2026-07-12,202607121405_Race,2,2,11,59,1:17.082,34.413,34.413,,1,1
2026,15_Canadian Tire Motorsport Park,Canadian Tire Motorsport Park,canadian-tire-motorsport-park,2026-07-12,202607121405_Race,2,2,12,3,1:17.102,34.698,34.698,,1,1
2026,15_Canadian Tire Motorsport Park,Canadian Tire Motorsport Park,canadian-tire-motorsport-park,2026-07-12,202607121405_Race,2,2,13,4,1:17.019,35.064,35.064,,1,1
2026,15_Canadian Tire Motorsport Park,Canadian Tire Motorsport Park,canadian-tire-motorsport-park,2026-07-12,202607121405_Race,2,2,14,14,1:17.093,35.374,35.374,,1,1
2026,15_Canadian Tire Motorsport Park,Canadian Tire Motorsport Park,canadian-tire-motorsport-park,2026-07-12,202607121405_Race,2,2,15,68,1:17.118,35.812,35.812,,1,1
2026,15_Canadian Tire Motorsport Park,Canadian Tire Motorsport Park,canadian-tire-motorsport-park,2026-07-12,202607121405_Race,2,2,16,77,1:17.151,36.113,36.113,,1,1
2026,15_Canadian Tire Motorsport Park,Canadian Tire Motorsport Park,canadian-tire-motorsport-park,2026-07-12,202607121405_Race,2,2,17,9,1:17.274,36.485,36.485,,1,1
2026,15_Canadian Tire Motorsport Park,Canadian Tire Motorsport Park,canadian-tire-motorsport-park,2026-07-12,202607121405_Race,2,2,18,65,1:17.035,36.958,36.958,,1,1
2026,15_Canadian Tire Motorsport Park,Canadian Tire Motorsport Park,canadian-tire-motorsport-park,2026-07-12,202607121405_Race,2,2,19,64,1:17.620,37.446,37.446,,1,1
2026,15_Canadian Tire Motorsport Park,Canadian Tire Motorsport Park,canadian-tire-motorsport-park,2026-07-12,202607121405_Race,2,2,20,27,1:17.639,38.025,38.025,,1,1
2026,15_Canadian Tire Motorsport Park,Canadian Tire Motorsport Park,canadian-tire-motorsport-park,2026-07-12,202607121405_Race,2,2,21,12,1:18.177,39.504,39.504,,1,1
2026,15_Canadian Tire Motorsport Park,Canadian Tire Motorsport Park,canadian-tire-motorsport-park,2026-07-12,202607121405_Race,2,2,22,34,1:18.255,39.803,39.803,,1,1
2026,15_Canadian Tire Motorsport Park,Canadian Tire Motorsport Park,canadian-tire-motorsport-park,2026-07-12,202607121405_Race,2,2,23,45,1:17.916,39.833,39.833,,1,1
2026,15_Canadian Tire Motorsport Park,Canadian Tire Motorsport Park,canadian-tire-motorsport-park,2026-07-12,202607121405_Race,2,2,24,36,1:17.785,40.158,40.158,,1,2
2026,15_Canadian Tire Motorsport Park,Canadian Tire Motorsport Park,canadian-tire-motorsport-park,2026-07-12,202607121405_Race,2,2,25,81,1:17.901,40.485,40.485,,1,2
2026,15_Canadian Tire Motorsport Park,Canadian Tire Motorsport Park,canadian-tire-motorsport-park,2026-07-12,202607121405_Race,2,2,26,57,1:17.805,41.017,41.017,,1,2
2026,15_Canadian Tire Motorsport Park,Canadian Tire Motorsport Park,canadian-tire-motorsport-park,2026-07-12,202607121405_Race,2,2,27,66,1:17.898,41.339,41.339,,1,2
2026,15_Canadian Tire Motorsport Park,Canadian Tire Motorsport Park,canadian-tire-motorsport-park,2026-07-12,202607121405_Race,2,2,28,96,1:18.122,41.621,41.621,,1,2
2026,15_Canadian Tire Motorsport Park,Canadian Tire Motorsport Park,canadian-tire-motorsport-park,2026-07-12,202607121405_Race,2,2,29,120,1:18.769,42.630,42.630,,1,2
2026,15_Canadian Tire Motorsport Park,Canadian Tire Motorsport Park,canadian-tire-motorsport-park,2026-07-12,202607121405_Race,2,2,30,16,1:19.178,43.327,43.327,,1,2
2026,15_Canadian Tire Motorsport Park,Canadian Tire Motorsport Park,canadian-tire-motorsport-park,2026-07-12,202607121405_Race,2,2,31,70,1:19.203,43.672,43.672,,1,2
2026,15_Canadian Tire Motorsport Park,Canadian Tire Motorsport Park,canadian-tire-motorsport-park,2026-07-12,202607121405_Race,2,2,32,13,1:19.210,44.031,44.031,,1,2
2026,15_Canadian Tire Motorsport Park,Canadian Tire Motorsport Park,canadian-tire-motorsport-park,2026-07-12,202607121405_Race,3,3,1,43,1:09.093,,,,1,2
2026,15_Canadian Tire Motorsport Park,Canadian Tire Motorsport Park,canadian-tire-motorsport-park,2026-07-12,202607121405_Race,3,3,2,52,1:09.541,1.593,1.593,,1,2
2026,15_Canadian Tire Motorsport Park,Canadian Tire Motorsport Park,canadian-tire-motorsport-park,2026-07-12,202607121405_Race,3,3,3,22,1:09.788,3.404,3.404,,1,2
2026,15_Canadian Tire Motorsport Park,Canadian Tire Motorsport Park,canadian-tire-motorsport-park,2026-07-12,202607121405_Race,3,3,4,04,1:10.330,4.563,4.563,,1,2
2026,15_Canadian Tire Motorsport Park,Canadian Tire Motorsport Park,canadian-tire-motorsport-park,2026-07-12,202607121405_Race,3,3,5,2,1:10.407,5.135,5.135,,1,2
2026,15_Canadian Tire Motorsport Park,Canadian Tire Motorsport Park,canadian-tire-motorsport-park,2026-07-12,202607121405_Race,3,3,6,73,1:10.627,6.140,6.140,,1,2
2026,15_Canadian Tire Motorsport Park,Canadian Tire Motorsport Park,canadian-tire-motorsport-park,2026-07-12,202607121405_Race,3,3,7,99,1:10.451,6.545,6.545,,1,2
2026,15_Canadian Tire Motorsport Park,Canadian Tire Motorsport Park,canadian-tire-motorsport-park,2026-07-12,202607121405_Race,3,3,8,11,1:11.581,9.270,9.270,,1,2
2026,15_Canadian Tire Motorsport Park,Canadian Tire Motorsport Park,canadian-tire-motorsport-park,2026-07-12,202607121405_Race,3,3,9,8,1:11.664,11.024,11.024,,1,2
2026,15_Canadian Tire Motorsport Park,Canadian Tire Motorsport Park,canadian-tire-motorsport-park,2026-07-12,202607121405_Race,3,3,10,1,1:17.236,42.000,42.000,,1,2
2026,15_Canadian Tire Motorsport Park,Canadian Tire Motorsport Park,canadian-tire-motorsport-park,2026-07-12,202607121405_Race,3,3,11,59,1:17.183,42.503,42.503,,1,2
2026,15_Canadian Tire Motorsport Park,Canadian Tire Motorsport Park,canadian-tire-motorsport-park,2026-07-12,202607121405_Race,3,3,12,3,1:17.207,42.812,42.812,,1,2
2026,15_Canadian Tire Motorsport Park,Canadian Tire Motorsport Park,canadian-tire-motorsport-park,2026-07-12,202607121405_Race,3,3,13,4,1:17.334,43.305,43.305,,1,2
2026,15_Canadian Tire Motorsport Park,Canadian Tire Motorsport Park,canadian-tire-motorsport-park,2026-07-12,202607121405_Race,3,3,14,14,1:17.224,43.505,43.505,,1,2
2026,15_Canadian Tire Motorsport Park,Canadian Tire Motorsport Park,canadian-tire-motorsport-park,2026-07-12,202607121405_Race,3,3,15,68,1:16.976,43.695,43.695,,1,2
2026,15_Canadian Tire Motorsport Park,Canadian Tire Motorsport Park,canadian-tire-motorsport-park,2026-07-12,202607121405_Race,3,3,16,77,1:16.967,43.987,43.987,,1,2
2026,15_Canadian Tire Motorsport Park,Canadian Tire Motorsport Park,canadian-tire-motorsport-park,2026-07-12,202607121405_Race,3,3,17,9,1:16.973,44.365,44.365,,1,2
2026,15_Canadian Tire Motorsport Park,Canadian Tire Motorsport Park,canadian-tire-motorsport-park,2026-07-12,202607121405_Race,3,3,18,65,1:17.161,45.026,45.026,,1,2
2026,15_Canadian Tire Motorsport Park,Canadian Tire Motorsport Park,canadian-tire-motorsport-park,2026-07-12,202607121405_Race,3,3,19,64,1:17.098,45.451,45.451,,1,2
2026,15_Canadian Tire Motorsport Park,Canadian Tire Motorsport Park,canadian-tire-motorsport-park,2026-07-12,202607121405_Race,3,3,20,27,1:17.210,46.142,46.142,,1,2
2026,15_Canadian Tire Motorsport Park,Canadian Tire Motorsport Park,canadian-tire-motorsport-park,2026-07-12,202607121405_Race,3,3,21,12,1:16.949,47.360,47.360,,1,2
2026,15_Canadian Tire Motorsport Park,Canadian Tire Motorsport Park,canadian-tire-motorsport-park,2026-07-12,202607121405_Race,3,3,22,45,1:17.385,48.125,48.125,,1,2
2026,15_Canadian Tire Motorsport Park,Canadian Tire Motorsport Park,canadian-tire-motorsport-park,2026-07-12,202607121405_Race,3,3,23,34,1:17.834,48.544,48.544,,1,2
2026,15_Canadian Tire Motorsport Park,Canadian Tire Motorsport Park,canadian-tire-motorsport-park,2026-07-12,202607121405_Race,3,3,24,36,1:18.061,49.126,49.126,,1,2
2026,15_Canadian Tire Motorsport Park,Canadian Tire Motorsport Park,canadian-tire-motorsport-park,2026-07-12,202607121405_Race,3,3,25,81,1:18.211,49.603,49.603,,1,2
2026,15_Canadian Tire Motorsport Park,Canadian Tire Motorsport Park,canadian-tire-motorsport-park,2026-07-12,202607121405_Race,3,3,26,57,1:18.041,49.965,49.965,,1,2
2026,15_Canadian Tire Motorsport Park,Canadian Tire Motorsport Park,canadian-tire-motorsport-park,2026-07-12,202607121405_Race,3,3,27,66,1:18.050,50.296,50.296,,1,2
2026,15_Canadian Tire Motorsport Park,Canadian Tire Motorsport Park,canadian-tire-motorsport-park,2026-07-12,202607121405_Race,3,3,28,96,1:18.074,50.602,50.602,,1,2
2026,15_Canadian Tire Motorsport Park,Canadian Tire Motorsport Park,canadian-tire-motorsport-park,2026-07-12,202607121405_Race,3,3,29,120,1:17.898,51.435,51.435,,1,2
2026,15_Canadian Tire Motorsport Park,Canadian Tire Motorsport Park,canadian-tire-motorsport-park,2026-07-12,202607121405_Race,3,3,30,16,1:18.223,52.457,52.457,,1,2
2026,15_Canadian Tire Motorsport Park,Canadian Tire Motorsport Park,canadian-tire-motorsport-park,2026-07-12,202607121405_Race,3,3,31,70,1:18.684,53.263,53.263,,1,2
2026,15_Canadian Tire Motorsport Park,Canadian Tire Motorsport Park,canadian-tire-motorsport-park,2026-07-12,202607121405_Race,3,3,32,13,1:18.829,53.767,53.767,,1,2
2026,15_Canadian Tire Motorsport Park,Canadian Tire Motorsport Park,canadian-tire-motorsport-park,2026-07-12,202607121405_Race,4,4,1,43,1:09.346,,,,1,2
2026,15_Canadian Tire Motorsport Park,Canadian Tire Motorsport Park,canadian-tire-motorsport-park,2026-07-12,202607121405_Race,4,4,2,52,1:09.412,1.659,1.659,,1,2
2026,15_Canadian Tire Motorsport Park,Canadian Tire Motorsport Park,canadian-tire-motorsport-park,2026-07-12,202607121405_Race,4,4,3,22,1:09.803,3.861,3.861,,1,2
2026,15_Canadian Tire Motorsport Park,Canadian Tire Motorsport Park,canadian-tire-motorsport-park,2026-07-12,202607121405_Race,4,4,4,04,1:09.742,4.959,4.959,,1,2
2026,15_Canadian Tire Motorsport Park,Canadian Tire Motorsport Park,canadian-tire-motorsport-park,2026-07-12,202607121405_Race,4,4,5,2,1:10.300,6.089,6.089,,1,2
2026,15_Canadian Tire Motorsport Park,Canadian Tire Motorsport Park,canadian-tire-motorsport-park,2026-07-12,202607121405_Race,4,4,6,73,1:10.982,7.776,7.776,,1,2
2026,15_Canadian Tire Motorsport Park,Canadian Tire Motorsport Park,canadian-tire-motorsport-park,2026-07-12,202607121405_Race,4,4,7,99,1:10.862,8.061,8.061,,1,2
2026,15_Canadian Tire Motorsport Park,Canadian Tire Motorsport Park,canadian-tire-motorsport-park,2026-07-12,202607121405_Race,4,4,8,11,1:11.248,11.172,11.172,,1,2
2026,15_Canadian Tire Motorsport Park,Canadian Tire Motorsport Park,canadian-tire-motorsport-park,2026-07-12,202607121405_Race,4,4,9,8,1:12.011,13.689,13.689,,1,2
2026,15_Canadian Tire Motorsport Park,Canadian Tire Motorsport Park,canadian-tire-motorsport-park,2026-07-12,202607121405_Race,4,4,10,1,1:17.177,49.831,49.831,,1,2
2026,15_Canadian Tire Motorsport Park,Canadian Tire Motorsport Park,canadian-tire-motorsport-park,2026-07-12,202607121405_Race,4,4,11,59,1:17.307,50.464,50.464,,1,2
2026,15_Canadian Tire Motorsport Park,Canadian Tire Motorsport Park,canadian-tire-motorsport-park,2026-07-12,202607121405_Race,4,4,12,3,1:17.321,50.787,50.787,,1,2
2026,15_Canadian Tire Motorsport Park,Canadian Tire Motorsport Park,canadian-tire-motorsport-park,2026-07-12,202607121405_Race,4,4,13,4,1:17.196,51.155,51.155,,1,2
2026,15_Canadian Tire Motorsport Park,Canadian Tire Motorsport Park,canadian-tire-motorsport-park,2026-07-12,202607121405_Race,4,4,14,14,1:17.317,51.476,51.476,,1,2
2026,15_Canadian Tire Motorsport Park,Canadian Tire Motorsport Park,canadian-tire-motorsport-park,2026-07-12,202607121405_Race,4,4,15,68,1:17.494,51.843,51.843,,1,3
2026,15_Canadian Tire Motorsport Park,Canadian Tire Motorsport Park,canadian-tire-motorsport-park,2026-07-12,202607121405_Race,4,4,16,77,1:17.508,52.149,52.149,,1,3
2026,15_Canadian Tire Motorsport Park,Canadian Tire Motorsport Park,canadian-tire-motorsport-park,2026-07-12,202607121405_Race,4,4,17,9,1:17.445,52.464,52.464,,1,3
2026,15_Canadian Tire Motorsport Park,Canadian Tire Motorsport Park,canadian-tire-motorsport-park,2026-07-12,202607121405_Race,4,4,18,65,1:17.203,52.883,52.883,,1,3
2026,15_Canadian Tire Motorsport Park,Canadian Tire Motorsport Park,canadian-tire-motorsport-park,2026-07-12,202607121405_Race,4,4,19,64,1:17.255,53.360,53.360,,1,3
2026,15_Canadian Tire Motorsport Park,Canadian Tire Motorsport Park,canadian-tire-motorsport-park,2026-07-12,202607121405_Race,4,4,20,27,1:17.158,53.954,53.954,,1,3
2026,15_Canadian Tire Motorsport Park,Canadian Tire Motorsport Park,canadian-tire-motorsport-park,2026-07-12,202607121405_Race,4,4,21,12,1:16.952,54.966,54.966,,1,3
2026,15_Canadian Tire Motorsport Park,Canadian Tire Motorsport Park,canadian-tire-motorsport-park,2026-07-12,202607121405_Race,4,4,22,45,1:17.085,55.864,55.864,,1,3
2026,15_Canadian Tire Motorsport Park,Canadian Tire Motorsport Park,canadian-tire-motorsport-park,2026-07-12,202607121405_Race,4,4,23,34,1:17.114,56.312,56.312,,1,3
2026,15_Canadian Tire Motorsport Park,Canadian Tire Motorsport Park,canadian-tire-motorsport-park,2026-07-12,202607121405_Race,4,4,24,36,1:17.138,56.918,56.918,,1,3
2026,15_Canadian Tire Motorsport Park,Canadian Tire Motorsport Park,canadian-tire-motorsport-park,2026-07-12,202607121405_Race,4,4,25,81,1:17.153,57.410,57.410,,1,3
2026,15_Canadian Tire Motorsport Park,Canadian Tire Motorsport Park,canadian-tire-motorsport-park,2026-07-12,202607121405_Race,4,4,26,57,1:17.399,58.018,58.018,,1,3
2026,15_Canadian Tire Motorsport Park,Canadian Tire Motorsport Park,canadian-tire-motorsport-park,2026-07-12,202607121405_Race,4,4,27,66,1:17.593,58.543,58.543,,1,3
2026,15_Canadian Tire Motorsport Park,Canadian Tire Motorsport Park,canadian-tire-motorsport-park,2026-07-12,202607121405_Race,4,4,28,96,1:17.624,58.880,58.880,,1,3
2026,15_Canadian Tire Motorsport Park,Canadian Tire Motorsport Park,canadian-tire-motorsport-park,2026-07-12,202607121405_Race,4,4,29,120,1:17.506,59.595,59.595,,1,3
2026,15_Canadian Tire Motorsport Park,Canadian Tire Motorsport Park,canadian-tire-motorsport-park,2026-07-12,202607121405_Race,4,4,30,16,1:17.968,1:01.079,61.079,,1,3
2026,15_Canadian Tire Motorsport Park,Canadian Tire Motorsport Park,canadian-tire-motorsport-park,2026-07-12,202607121405_Race,4,4,31,70,1:17.977,1:01.894,61.894,,1,3
2026,15_Canadian Tire Motorsport Park,Canadian Tire Motorsport Park,canadian-tire-motorsport-park,2026-07-12,202607121405_Race,4,4,32,13,1:18.247,1:02.668,62.668,,1,3
2026,15_Canadian Tire Motorsport Park,Canadian Tire Motorsport Park,canadian-tire-motorsport-park,2026-07-12,202607121405_Race,5,5,1,43,1:09.566,,,,1,3
2026,15_Canadian Tire Motorsport Park,Canadian Tire Motorsport Park,canadian-tire-motorsport-park,2026-07-12,202607121405_Race,5,5,2,52,1:09.613,1.706,1.706,,1,3
2026,15_Canadian Tire Motorsport Park,Canadian Tire Motorsport Park,canadian-tire-motorsport-park,2026-07-12,202607121405_Race,5,5,3,22,1:09.685,3.980,3.980,,1,3
2026,15_Canadian Tire Motorsport Park,Canadian Tire Motorsport Park,canadian-tire-motorsport-park,2026-07-12,202607121405_Race,5,5,4,04,1:09.549,4.942,4.942,,1,3
2026,15_Canadian Tire Motorsport Park,Canadian Tire Motorsport Park,canadian-tire-motorsport-park,2026-07-12,202607121405_Race,5,5,5,2,1:09.969,6.492,6.492,,1,3
2026,15_Canadian Tire Motorsport Park,Canadian Tire Motorsport Park,canadian-tire-motorsport-park,2026-07-12,202607121405_Race,5,5,6,73,1:10.649,8.859,8.859,,1,3
2026,15_Canadian Tire Motorsport Park,Canadian Tire Motorsport Park,canadian-tire-motorsport-park,2026-07-12,202607121405_Race,5,5,7,99,1:11.010,9.505,9.505,,1,3
2026,15_Canadian Tire Motorsport Park,Canadian Tire Motorsport Park,canadian-tire-motorsport-park,2026-07-12,202607121405_Race,5,5,8,11,1:11.323,12.929,12.929,,1,3
2026,15_Canadian Tire Motorsport Park,Canadian Tire Motorsport Park,canadian-tire-motorsport-park,2026-07-12,202607121405_Race,5,5,9,8,1:11.953,16.076,16.076,,1,3
2026,15_Canadian Tire Motorsport Park,Canadian Tire Motorsport Park,canadian-tire-motorsport-park,2026-07-12,202607121405_Race,5,5,10,1,1:17.224,57.489,57.489,,1,3
2026,15_Canadian Tire Motorsport Park,Canadian Tire Motorsport Park,canadian-tire-motorsport-park,2026-07-12,202607121405_Race,5,5,11,59,1:17.189,58.087,58.087,,1,3
2026,15_Canadian Tire Motorsport Park,Canadian Tire Motorsport Park,canadian-tire-motorsport-park,2026-07-12,202607121405_Race,5,5,12,3,1:17.218,58.439,58.439,,1,3
2026,15_Canadian Tire Motorsport Park,Canadian Tire Motorsport Park,canadian-tire-motorsport-park,2026-07-12,202607121405_Race,5,5,13,4,1:17.178,58.767,58.767,,1,3
2026,15_Canadian Tire Motorsport Park,Canadian Tire Motorsport Park,canadian-tire-motorsport-park,2026-07-12,202607121405_Race,5,5,14,14,1:17.274,59.184,59.184,,1,3
2026,15_Canadian Tire Motorsport Park,Canadian Tire Motorsport Park,canadian-tire-motorsport-park,2026-07-12,202607121405_Race,5,5,15,68,1:17.300,59.577,59.577,,1,3
2026,15_Canadian Tire Motorsport Park,Canadian Tire Motorsport Park,canadian-tire-motorsport-park,2026-07-12,202607121405_Race,5,5,16,77,1:17.299,59.882,59.882,,1,3
2026,15_Canadian Tire Motorsport Park,Canadian Tire Motorsport Park,canadian-tire-motorsport-park,2026-07-12,202607121405_Race,5,5,17,9,1:17.356,1:00.254,60.254,,1,3
2026,15_Canadian Tire Motorsport Park,Canadian Tire Motorsport Park,canadian-tire-motorsport-park,2026-07-12,202607121405_Race,5,5,18,65,1:17.393,1:00.710,60.710,,1,3
2026,15_Canadian Tire Motorsport Park,Canadian Tire Motorsport Park,canadian-tire-motorsport-park,2026-07-12,202607121405_Race,5,5,19,64,1:17.360,1:01.154,61.154,,1,3
2026,15_Canadian Tire Motorsport Park,Canadian Tire Motorsport Park,canadian-tire-motorsport-park,2026-07-12,202607121405_Race,5,5,20,27,1:17.460,1:01.848,61.848,,1,3
2026,15_Canadian Tire Motorsport Park,Canadian Tire Motorsport Park,canadian-tire-motorsport-park,2026-07-12,202607121405_Race,5,5,21,12,1:17.233,1:02.633,62.633,,1,3
2026,15_Canadian Tire Motorsport Park,Canadian Tire Motorsport Park,canadian-tire-motorsport-park,2026-07-12,202607121405_Race,5,5,22,45,1:17.169,1:03.467,63.467,,1,3
2026,15_Canadian Tire Motorsport Park,Canadian Tire Motorsport Park,canadian-tire-motorsport-park,2026-07-12,202607121405_Race,5,5,23,34,1:17.186,1:03.932,63.932,,1,3
2026,15_Canadian Tire Motorsport Park,Canadian Tire Motorsport Park,canadian-tire-motorsport-park,2026-07-12,202607121405_Race,5,5,24,36,1:17.240,1:04.592,64.592,,1,3
2026,15_Canadian Tire Motorsport Park,Canadian Tire Motorsport Park,canadian-tire-motorsport-park,2026-07-12,202607121405_Race,5,5,25,81,1:17.352,1:05.196,65.196,,1,3
2026,15_Canadian Tire Motorsport Park,Canadian Tire Motorsport Park,canadian-tire-motorsport-park,2026-07-12,202607121405_Race,5,5,26,57,1:17.205,1:05.657,65.657,,1,3
2026,15_Canadian Tire Motorsport Park,Canadian Tire Motorsport Park,canadian-tire-motorsport-park,2026-07-12,202607121405_Race,5,5,27,66,1:17.713,1:06.690,66.690,,1,3
2026,15_Canadian Tire Motorsport Park,Canadian Tire Motorsport Park,canadian-tire-motorsport-park,2026-07-12,202607121405_Race,5,5,28,96,1:17.984,1:07.298,67.298,,1,3
2026,15_Canadian Tire Motorsport Park,Canadian Tire Motorsport Park,canadian-tire-motorsport-park,2026-07-12,202607121405_Race,5,5,29,120,1:17.812,1:07.841,67.841,,1,3
2026,15_Canadian Tire Motorsport Park,Canadian Tire Motorsport Park,canadian-tire-motorsport-park,2026-07-12,202607121405_Race,5,5,30,16,1:17.858,1:09.371,69.371,,1,3
2026,15_Canadian Tire Motorsport Park,Canadian Tire Motorsport Park,canadian-tire-motorsport-park,2026-07-12,202607121405_Race,5,5,31,70,1:18.032,1:10.360,70.360,,1,3
2026,15_Canadian Tire Motorsport Park,Canadian Tire Motorsport Park,canadian-tire-motorsport-park,2026-07-12,202607121405_Race,6,6,1,43,1:10.849,,,,1,3
2026,15_Canadian Tire Motorsport Park,Canadian Tire Motorsport Park,canadian-tire-motorsport-park,2026-07-12,202607121405_Race,6,5,2,13,1:18.183,1 Lap,,1,1,3
2026,15_Canadian Tire Motorsport Park,Canadian Tire Motorsport Park,canadian-tire-motorsport-park,2026-07-12,202607121405_Race,6,6,3,52,1:09.742,0.599,0.599,,1,3
2026,15_Canadian Tire Motorsport Park,Canadian Tire Motorsport Park,canadian-tire-motorsport-park,2026-07-12,202607121405_Race,6,6,4,22,1:09.899,3.030,3.030,,1,3
2026,15_Canadian Tire Motorsport Park,Canadian Tire Motorsport Park,canadian-tire-motorsport-park,2026-07-12,202607121405_Race,6,6,5,04,1:09.728,3.821,3.821,,1,3
2026,15_Canadian Tire Motorsport Park,Canadian Tire Motorsport Park,canadian-tire-motorsport-park,2026-07-12,202607121405_Race,6,6,6,2,1:10.108,5.751,5.751,,1,3
2026,15_Canadian Tire Motorsport Park,Canadian Tire Motorsport Park,canadian-tire-motorsport-park,2026-07-12,202607121405_Race,6,6,7,73,1:11.023,9.033,9.033,,1,4
2026,15_Canadian Tire Motorsport Park,Canadian Tire Motorsport Park,canadian-tire-motorsport-park,2026-07-12,202607121405_Race,6,6,8,99,1:11.125,9.781,9.781,,1,4
2026,15_Canadian Tire Motorsport Park,Canadian Tire Motorsport Park,canadian-tire-motorsport-park,2026-07-12,202607121405_Race,6,6,9,11,1:11.777,13.857,13.857,,1,4
2026,15_Canadian Tire Motorsport Park,Canadian Tire Motorsport Park,canadian-tire-motorsport-park,2026-07-12,202607121405_Race,6,6,10,8,1:11.865,17.092,17.092,,1,4
2026,15_Canadian Tire Motorsport Park,Canadian Tire Motorsport Park,canadian-tire-motorsport-park,2026-07-12,202607121405_Race,6,6,11,1,1:17.222,1:03.862,63.862,,1,4
2026,15_Canadian Tire Motorsport Park,Canadian Tire Motorsport Park,canadian-tire-motorsport-park,2026-07-12,202607121405_Race,6,6,12,59,1:17.257,1:04.495,64.495,,1,4
2026,15_Canadian Tire Motorsport Park,Canadian Tire Motorsport Park,canadian-tire-motorsport-park,2026-07-12,202607121405_Race,6,6,13,3,1:17.293,1:04.883,64.883,,1,4
2026,15_Canadian Tire Motorsport Park,Canadian Tire Motorsport Park,canadian-tire-motorsport-park,2026-07-12,202607121405_Race,6,6,14,4,1:17.253,1:05.171,65.171,,1,4
2026,15_Canadian Tire Motorsport Park,Canadian Tire Motorsport Park,canadian-tire-motorsport-park,2026-07-12,202607121405_Race,6,6,15,14,1:17.234,1:05.569,65.569,,1,4
2026,15_Canadian Tire Motorsport Park,Canadian Tire Motorsport Park,canadian-tire-motorsport-park,2026-07-12,202607121405_Race,6,6,16,68,1:17.270,1:05.998,65.998,,1,4
2026,15_Canadian Tire Motorsport Park,Canadian Tire Motorsport Park,canadian-tire-motorsport-park,2026-07-12,202607121405_Race,6,6,17,77,1:17.249,1:06.282,66.282,,1,4
2026,15_Canadian Tire Motorsport Park,Canadian Tire Motorsport Park,canadian-tire-motorsport-park,2026-07-12,202607121405_Race,6,6,18,9,1:17.424,1:06.829,66.829,,1,4
2026,15_Canadian Tire Motorsport Park,Canadian Tire Motorsport Park,canadian-tire-motorsport-park,2026-07-12,202607121405_Race,6,6,19,65,1:17.371,1:07.232,67.232,,1,4
2026,15_Canadian Tire Motorsport Park,Canadian Tire Motorsport Park,canadian-tire-motorsport-park,2026-07-12,202607121405_Race,6,6,20,64,1:17.382,1:07.687,67.687,,1,4
2026,15_Canadian Tire Motorsport Park,Canadian Tire Motorsport Park,canadian-tire-motorsport-park,2026-07-12,202607121405_Race,6,6,21,27,1:17.222,1:08.221,68.221,,1,4
2026,15_Canadian Tire Motorsport Park,Canadian Tire Motorsport Park,canadian-tire-motorsport-park,2026-07-12,202607121405_Race,6,6,22,12,1:17.384,1:09.168,69.168,,1,4
2026,15_Canadian Tire Motorsport Park,Canadian Tire Motorsport Park,canadian-tire-motorsport-park,2026-07-12,202607121405_Race,6,6,23,45,1:17.202,1:09.820,69.820,,1,4
2026,15_Canadian Tire Motorsport Park,Canadian Tire Motorsport Park,canadian-tire-motorsport-park,2026-07-12,202607121405_Race,6,6,24,34,1:17.435,1:10.518,70.518,,1,4
2026,15_Canadian Tire Motorsport Park,Canadian Tire Motorsport Park,canadian-tire-motorsport-park,2026-07-12,202607121405_Race,6,6,25,36,1:17.306,1:11.049,71.049,,1,4
2026,15_Canadian Tire Motorsport Park,Canadian Tire Motorsport Park,canadian-tire-motorsport-park,2026-07-12,202607121405_Race,6,6,26,81,1:17.370,1:11.717,71.717,,1,4
2026,15_Canadian Tire Motorsport Park,Canadian Tire Motorsport Park,canadian-tire-motorsport-park,2026-07-12,202607121405_Race,6,6,27,57,1:17.389,1:12.197,72.197,,1,4
2026,15_Canadian Tire Motorsport Park,Canadian Tire Motorsport Park,canadian-tire-motorsport-park,2026-07-12,202607121405_Race,7,7,1,43,1:13.098,,,,1,4
2026,15_Canadian Tire Motorsport Park,Canadian Tire Motorsport Park,canadian-tire-motorsport-park,2026-07-12,202607121405_Race,7,6,2,66,1:17.694,1 Lap,,1,1,4
2026,15_Canadian Tire Motorsport Park,Canadian Tire Motorsport Park,canadian-tire-motorsport-park,2026-07-12,202607121405_Race,7,7,3,52,1:13.493,0.994,0.994,,1,4
2026,15_Canadian Tire Motorsport Park,Canadian Tire Motorsport Park,canadian-tire-motorsport-park,2026-07-12,202607121405_Race,7,6,4,96,1:18.197,1 Lap,,1,1,4
2026,15_Canadian Tire Motorsport Park,Canadian Tire Motorsport Park,canadian-tire-motorsport-park,2026-07-12,202607121405_Race,7,7,5,22,1:12.032,1.964,1.964,,1,4
2026,15_Canadian Tire Motorsport Park,Canadian Tire Motorsport Park,canadian-tire-motorsport-park,2026-07-12,202607121405_Race,7,6,6,120,1:18.370,1 Lap,,1,1,4
2026,15_Canadian Tire Motorsport Park,Canadian Tire Motorsport Park,canadian-tire-motorsport-park,2026-07-12,202607121405_Race,7,7,7,04,1:12.868,3.591,3.591,,1,4
2026,15_Canadian Tire Motorsport Park,Canadian Tire Motorsport Park,canadian-tire-motorsport-park,2026-07-12,202607121405_Race,7,6,8,16,1:18.609,1 Lap,,1,1,4
2026,15_Canadian Tire Motorsport Park,Canadian Tire Motorsport Park,canadian-tire-motorsport-park,2026-07-12,202607121405_Race,7,7,9,2,1:12.341,4.994,4.994,,1,4
2026,15_Canadian Tire Motorsport Park,Canadian Tire Motorsport Park,canadian-tire-motorsport-park,2026-07-12,202607121405_Race,7,6,10,70,1:19.328,1 Lap,,1,1,4
2026,15_Canadian Tire Motorsport Park,Canadian Tire Motorsport Park,canadian-tire-motorsport-park,2026-07-12,202607121405_Race,7,6,11,13,1:19.377,1 Lap,,1,1,4
2026,15_Canadian Tire Motorsport Park,Canadian Tire Motorsport Park,canadian-tire-motorsport-park,2026-07-12,202607121405_Race,7,7,12,73,1:11.340,7.275,7.275,,1,4
2026,15_Canadian Tire Motorsport Park,Canadian Tire Motorsport Park,canadian-tire-motorsport-park,2026-07-12,202607121405_Race,7,7,13,99,1:11.271,7.954,7.954,,1,4
2026,15_Canadian Tire Motorsport Park,Canadian Tire Motorsport Park,canadian-tire-motorsport-park,2026-07-12,202607121405_Race,7,7,14,11,1:11.457,12.216,12.216,,1,4
2026,15_Canadian Tire Motorsport Park,Canadian Tire Motorsport Park,canadian-tire-motorsport-park,2026-07-12,202607121405_Race,7,7,15,8,1:11.794,15.788,15.788,,1,4
2026,15_Canadian Tire Motorsport Park,Canadian Tire Motorsport Park,canadian-tire-motorsport-park,2026-07-12,202607121405_Race,7,7,16,1,1:17.673,1:08.437,68.437,,1,4
2026,15_Canadian Tire Motorsport Park,Canadian Tire Motorsport Park,canadian-tire-motorsport-park,2026-07-12,202607121405_Race,7,7,17,59,1:17.753,1:09.150,69.150,,1,4
2026,15_Canadian Tire Motorsport Park,Canadian Tire Motorsport Park,canadian-tire-motorsport-park,2026-07-12,202607121405_Race,7,7,18,3,1:17.769,1:09.554,69.554,,1,4
2026,15_Canadian Tire Motorsport Park,Canadian Tire Motorsport Park,canadian-tire-motorsport-park,2026-07-12,202607121405_Race,7,7,19,4,1:17.738,1:09.811,69.811,,1,4
2026,15_Canadian Tire Motorsport Park,Canadian Tire Motorsport Park,canadian-tire-motorsport-park,2026-07-12,202607121405_Race,7,7,20,14,1:17.641,1:10.112,70.112,,1,4
2026,15_Canadian Tire Motorsport Park,Canadian Tire Motorsport Park,canadian-tire-motorsport-park,2026-07-12,202607121405_Race,7,7,21,68,1:17.578,1:10.478,70.478,,1,4
2026,15_Canadian Tire Motorsport Park,Canadian Tire Motorsport Park,canadian-tire-motorsport-park,2026-07-12,202607121405_Race,7,7,22,77,1:17.586,1:10.770,70.770,,1,4
2026,15_Canadian Tire Motorsport Park,Canadian Tire Motorsport Park,canadian-tire-motorsport-park,2026-07-12,202607121405_Race,7,7,23,9,1:17.509,1:11.240,71.240,,1,4
2026,15_Canadian Tire Motorsport Park,Canadian Tire Motorsport Park,canadian-tire-motorsport-park,2026-07-12,202607121405_Race,7,7,24,65,1:17.510,1:11.644,71.644,,1,4
2026,15_Canadian Tire Motorsport Park,Canadian Tire Motorsport Park,canadian-tire-motorsport-park,2026-07-12,202607121405_Race,7,7,25,64,1:17.473,1:12.062,72.062,,1,4
2026,15_Canadian Tire Motorsport Park,Canadian Tire Motorsport Park,canadian-tire-motorsport-park,2026-07-12,202607121405_Race,7,7,26,27,1:17.526,1:12.649,72.649,,1,4
2026,15_Canadian Tire Motorsport Park,Canadian Tire Motorsport Park,canadian-tire-motorsport-park,2026-07-12,202607121405_Race,8,8,1,43,1:13.258,,,,1,4
2026,15_Canadian Tire Motorsport Park,Canadian Tire Motorsport Park,canadian-tire-motorsport-park,2026-07-12,202607121405_Race,8,7,2,12,1:17.723,1 Lap,,1,1,4
2026,15_Canadian Tire Motorsport Park,Canadian Tire Motorsport Park,canadian-tire-motorsport-park,2026-07-12,202607121405_Race,8,7,3,45,1:17.707,1 Lap,,1,1,4
2026,15_Canadian Tire Motorsport Park,Canadian Tire Motorsport Park,canadian-tire-motorsport-park,2026-07-12,202607121405_Race,8,8,4,52,1:13.884,1.620,1.620,,1,4
2026,15_Canadian Tire Motorsport Park,Canadian Tire Motorsport Park,canadian-tire-motorsport-park,2026-07-12,202607121405_Race,8,7,5,34,1:17.821,1 Lap,,1,1,4
2026,15_Canadian Tire Motorsport Park,Canadian Tire Motorsport Park,canadian-tire-motorsport-park,2026-07-12,202607121405_Race,8,7,6,36,1:18.182,1 Lap,,1,1,4
2026,15_Canadian Tire Motorsport Park,Canadian Tire Motorsport Park,canadian-tire-motorsport-park,2026-07-12,202607121405_Race,8,8,7,22,1:14.233,2.939,2.939,,1,4
2026,15_Canadian Tire Motorsport Park,Canadian Tire Motorsport Park,canadian-tire-motorsport-park,2026-07-12,202607121405_Race,8,7,8,81,1:18.643,1 Lap,,1,1,4
2026,15_Canadian Tire Motorsport Park,Canadian Tire Motorsport Park,canadian-tire-motorsport-park,2026-07-12,202607121405_Race,8,8,9,04,1:13.753,4.086,4.086,,1,5
2026,15_Canadian Tire Motorsport Park,Canadian Tire Motorsport Park,canadian-tire-motorsport-park,2026-07-12,202607121405_Race,8,7,10,57,1:18.701,1 Lap,,1,1,5
2026,15_Canadian Tire Motorsport Park,Canadian Tire Motorsport Park,canadian-tire-motorsport-park,2026-07-12,202607121405_Race,8,8,11,2,1:13.929,5.665,5.665,,1,5
2026,15_Canadian Tire Motorsport Park,Canadian Tire Motorsport Park,canadian-tire-motorsport-park,2026-07-12,202607121405_Race,8,7,12,66,1:18.978,1 Lap,,1,1,5
2026,15_Canadian Tire Motorsport Park,Canadian Tire Motorsport Park,canadian-tire-motorsport-park,2026-07-12,202607121405_Race,8,7,13,96,1:18.270,1 Lap,,1,1,5
2026,15_Canadian Tire Motorsport Park,Canadian Tire Motorsport Park,canadian-tire-motorsport-park,2026-07-12,202607121405_Race,8,8,14,99,1:12.688,7.384,7.384,,1,5
2026,15_Canadian Tire Motorsport Park,Canadian Tire Motorsport Park,canadian-tire-motorsport-park,2026-07-12,202607121405_Race,8,7,15,120,1:19.141,1 Lap,,1,1,5
2026,15_Canadian Tire Motorsport Park,Canadian Tire Motorsport Park,canadian-tire-motorsport-park,2026-07-12,202607121405_Race,8,8,16,73,1:15.511,9.528,9.528,,1,5
2026,15_Canadian Tire Motorsport Park,Canadian Tire Motorsport Park,canadian-tire-motorsport-park,2026-07-12,202607121405_Race,8,7,17,16,1:19.127,1 Lap,,1,1,5
2026,15_Canadian Tire Motorsport Park,Canadian Tire Motorsport Park,canadian-tire-motorsport-park,2026-07-12,202607121405_Race,8,8,18,11,1:11.984,10.942,10.942,,1,5
2026,15_Canadian Tire Motorsport Park,Canadian Tire Motorsport Park,canadian-tire-motorsport-park,2026-07-12,202607121405_Race,8,7,19,70,1:18.799,1 Lap,,1,1,5
2026,15_Canadian Tire Motorsport Park,Canadian Tire Motorsport Park,canadian-tire-motorsport-park,2026-07-12,202607121405_Race,8,7,20,13,1:19.275,1 Lap,,1,1,5
2026,15_Canadian Tire Motorsport Park,Canadian Tire Motorsport Park,canadian-tire-motorsport-park,2026-07-12,202607121405_Race,8,8,21,8,1:11.869,14.399,14.399,,1,5
2026,15_Canadian Tire Motorsport Park,Canadian Tire Motorsport Park,canadian-tire-motorsport-park,2026-07-12,202607121405_Race,8,8,22,1,1:17.942,1:13.121,73.121,,1,5
2026,15_Canadian Tire Motorsport Park,Canadian Tire Motorsport Park,canadian-tire-motorsport-park,2026-07-12,202607121405_Race,8,8,23,59,1:17.828,1:13.720,73.720,,1,5
2026,15_Canadian Tire Motorsport Park,Canadian Tire Motorsport Park,canadian-tire-motorsport-park,2026-07-12,202607121405_Race,8,8,24,3,1:17.712,1:14.008,74.008,,1,5
2026,15_Canadian Tire Motorsport Park,Canadian Tire Motorsport Park,canadian-tire-motorsport-park,2026-07-12,202607121405_Race,8,8,25,4,1:17.826,1:14.379,74.379,,1,5
2026,15_Canadian Tire Motorsport Park,Canadian Tire Motorsport Park,canadian-tire-motorsport-park,2026-07-12,202607121405_Race,8,8,26,14,1:17.888,1:14.742,74.742,,1,5
2026,15_Canadian Tire Motorsport Park,Canadian Tire Motorsport Park,canadian-tire-motorsport-park,2026-07-12,202607121405_Race,9,9,1,43,1:15.438,,,,1,5
2026,15_Canadian Tire Motorsport Park,Canadian Tire Motorsport Park,canadian-tire-motorsport-park,2026-07-12,202607121405_Race,9,8,2,68,1:18.568,1 Lap,,1,1,5
2026,15_Canadian Tire Motorsport Park,Canadian Tire Motorsport Park,canadian-tire-motorsport-park,2026-07-12,202607121405_Race,9,8,3,77,1:18.302,1 Lap,,1,1,5
2026,15_Canadian Tire Motorsport Park,Canadian Tire Motorsport Park,canadian-tire-motorsport-park,2026-07-12,202607121405_Race,9,8,4,9,1:17.949,1 Lap,,1,1,5
2026,15_Canadian Tire Motorsport Park,Canadian Tire Motorsport Park,canadian-tire-motorsport-park,2026-07-12,202607121405_Race,9,9,5,52,1:14.352,0.534,0.534,,1,5
2026,15_Canadian Tire Motorsport Park,Canadian Tire Motorsport Park,canadian-tire-motorsport-park,2026-07-12,202607121405_Race,9,8,6,65,1:18.521,1 Lap,,1,1,5
2026,15_Canadian Tire Motorsport Park,Canadian Tire Motorsport Park,canadian-tire-motorsport-park,2026-07-12,202607121405_Race,9,8,7,64,1:18.443,1 Lap,,1,1,5
2026,15_Canadian Tire Motorsport Park,Canadian Tire Motorsport Park,canadian-tire-motorsport-park,2026-07-12,202607121405_Race,9,9,8,22,1:15.442,2.943,2.943,,1,5
2026,15_Canadian Tire Motorsport Park,Canadian Tire Motorsport Park,canadian-tire-motorsport-park,2026-07-12,202607121405_Race,9,8,9,27,1:19.064,1 Lap,,1,1,5
2026,15_Canadian Tire Motorsport Park,Canadian Tire Motorsport Park,canadian-tire-motorsport-park,2026-07-12,202607121405_Race,9,9,10,04,1:14.480,3.128,3.128,,1,5
2026,15_Canadian Tire Motorsport Park,Canadian Tire Motorsport Park,canadian-tire-motorsport-park,2026-07-12,202607121405_Race,9,8,11,12,1:18.512,1 Lap,,1,1,5
2026,15_Canadian Tire Motorsport Park,Canadian Tire Motorsport Park,canadian-tire-motorsport-park,2026-07-12,202607121405_Race,9,8,12,45,1:18.260,1 Lap,,1,1,5
2026,15_Canadian Tire Motorsport Park,Canadian Tire Motorsport Park,canadian-tire-motorsport-park,2026-07-12,202607121405_Race,9,8,13,34,1:18.255,1 Lap,,1,1,5
2026,15_Canadian Tire Motorsport Park,Canadian Tire Motorsport Park,canadian-tire-motorsport-park,2026-07-12,202607121405_Race,9,9,14,2,1:14.780,5.007,5.007,,1,5
2026,15_Canadian Tire Motorsport Park,Canadian Tire Motorsport Park,canadian-tire-motorsport-park,2026-07-12,202607121405_Race,9,8,15,36,1:18.836,1 Lap,,1,1,5
2026,15_Canadian Tire Motorsport Park,Canadian Tire Motorsport Park,canadian-tire-motorsport-park,2026-07-12,202607121405_Race,9,9,16,99,1:14.888,6.834,6.834,,1,5
2026,15_Canadian Tire Motorsport Park,Canadian Tire Motorsport Park,canadian-tire-motorsport-park,2026-07-12,202607121405_Race,9,8,17,81,1:18.578,1 Lap,,1,1,5
2026,15_Canadian Tire Motorsport Park,Canadian Tire Motorsport Park,canadian-tire-motorsport-park,2026-07-12,202607121405_Race,9,8,18,57,1:18.611,1 Lap,,1,1,5
2026,15_Canadian Tire Motorsport Park,Canadian Tire Motorsport Park,canadian-tire-motorsport-park,2026-07-12,202607121405_Race,9,9,19,73,1:13.937,8.027,8.027,,1,5
2026,15_Canadian Tire Motorsport Park,Canadian Tire Motorsport Park,canadian-tire-motorsport-park,2026-07-12,202607121405_Race,9,8,20,66,1:18.502,1 Lap,,1,1,5
2026,15_Canadian Tire Motorsport Park,Canadian Tire Motorsport Park,canadian-tire-motorsport-park,2026-07-12,202607121405_Race,9,9,21,11,1:14.325,9.829,9.829,,1,5
2026,15_Canadian Tire Motorsport Park,Canadian Tire Motorsport Park,canadian-tire-motorsport-park,2026-07-12,202607121405_Race,9,8,22,96,1:18.932,1 Lap,,1,1,5
2026,15_Canadian Tire Motorsport Park,Canadian Tire Motorsport Park,canadian-tire-motorsport-park,2026-07-12,202607121405_Race,9,8,23,120,1:18.823,1 Lap,,1,1,5
2026,15_Canadian Tire Motorsport Park,Canadian Tire Motorsport Park,canadian-tire-motorsport-park,2026-07-12,202607121405_Race,9,8,24,16,1:19.502,1 Lap,,1,1,5
2026,15_Canadian Tire Motorsport Park,Canadian Tire Motorsport Park,canadian-tire-motorsport-park,2026-07-12,202607121405_Race,9,9,25,8,1:15.981,14.942,14.942,,1,5
2026,15_Canadian Tire Motorsport Park,Canadian Tire Motorsport Park,canadian-tire-motorsport-park,2026-07-12,202607121405_Race,9,8,26,70,1:19.119,1 Lap,,1,1,5
2026,15_Canadian Tire Motorsport Park,Canadian Tire Motorsport Park,canadian-tire-motorsport-park,2026-07-12,202607121405_Race,9,8,27,13,1:19.306,1 Lap,,1,1,5
2026,15_Canadian Tire Motorsport Park,Canadian Tire Motorsport Park,canadian-tire-motorsport-park,2026-07-12,202607121405_Race,10,10,1,43,1:13.170,,,,1,5
2026,15_Canadian Tire Motorsport Park,Canadian Tire Motorsport Park,canadian-tire-motorsport-park,2026-07-12,202607121405_Race,10,10,2,52,1:14.654,2.018,2.018,,1,5
2026,15_Canadian Tire Motorsport Park,Canadian Tire Motorsport Park,canadian-tire-motorsport-park,2026-07-12,202607121405_Race,10,9,3,1,1:17.994,1 Lap,,1,1,5
2026,15_Canadian Tire Motorsport Park,Canadian Tire Motorsport Park,canadian-tire-motorsport-park,2026-07-12,202607121405_Race,10,9,4,59,1:17.925,1 Lap,,1,1,5
2026,15_Canadian Tire Motorsport Park,Canadian Tire Motorsport Park,canadian-tire-motorsport-park,2026-07-12,202607121405_Race,10,9,5,3,1:17.951,1 Lap,,1,1,5
2026,15_Canadian Tire Motorsport Park,Canadian Tire Motorsport Park,canadian-tire-motorsport-park,2026-07-12,202607121405_Race,10,9,6,4,1:18.513,1 Lap,,1,1,5
2026,15_Canadian Tire Motorsport Park,Canadian Tire Motorsport Park,canadian-tire-motorsport-park,2026-07-12,202607121405_Race,10,9,7,14,1:18.549,1 Lap,,1,1,5
2026,15_Canadian Tire Motorsport Park,Canadian Tire Motorsport Park,canadian-tire-motorsport-park,2026-07-12,202607121405_Race,10,9,8,77,1:17.856,1 Lap,,1,1,5
2026,15_Canadian Tire Motorsport Park,Canadian Tire Motorsport Park,canadian-tire-motorsport-park,2026-07-12,202607121405_Race,10,10,9,22,1:15.763,5.536,5.536,,1,5
2026,15_Canadian Tire Motorsport Park,Canadian Tire Motorsport Park,canadian-tire-motorsport-park,2026-07-12,202607121405_Race,10,9,10,9,1:18.434,1 Lap,,1,1,5
2026,15_Canadian Tire Motorsport Park,Canadian Tire Motorsport Park,canadian-tire-motorsport-park,2026-07-12,202607121405_Race,10,10,11,04,1:16.652,6.610,6.610,,2,1
2026,15_Canadian Tire Motorsport Park,Canadian Tire Motorsport Park,canadian-tire-motorsport-park,2026-07-12,202607121405_Race,10,9,12,65,1:18.772,1 Lap,,1,2,1
2026,15_Canadian Tire Motorsport Park,Canadian Tire Motorsport Park,canadian-tire-motorsport-park,2026-07-12,202607121405_Race,10,10,13,2,1:15.385,7.222,7.222,,2,1
2026,15_Canadian Tire Motorsport Park,Canadian Tire Motorsport Park,canadian-tire-motorsport-park,2026-07-12,202607121405_Race,10,9,14,64,1:18.903,1 Lap,,1,2,1
2026,15_Canadian Tire Motorsport Park,Canadian Tire Motorsport Park,canadian-tire-motorsport-park,2026-07-12,202607121405_Race,10,9,15,68,1:20.925,1 Lap,,1,2,1
2026,15_Canadian Tire Motorsport Park,Canadian Tire Motorsport Park,canadian-tire-motorsport-park,2026-07-12,202607121405_Race,10,10,16,99,1:14.515,8.179,8.179,,2,1
2026,15_Canadian Tire Motorsport Park,Canadian Tire Motorsport Park,canadian-tire-motorsport-park,2026-07-12,202607121405_Race,10,9,17,27,1:19.103,1 Lap,,1,2,1
2026,15_Canadian Tire Motorsport Park,Canadian Tire Motorsport Park,canadian-tire-motorsport-park,2026-07-12,202607121405_Race,10,9,18,12,1:18.960,1 Lap,,1,2,1
2026,15_Canadian Tire Motorsport Park,Canadian Tire Motorsport Park,canadian-tire-motorsport-park,2026-07-12,202607121405_Race,10,9,19,45,1:18.891,1 Lap,,1,2,1
2026,15_Canadian Tire Motorsport Park,Canadian Tire Motorsport Park,canadian-tire-motorsport-park,2026-07-12,202607121405_Race,10,9,20,34,1:19.153,1 Lap,,1,2,1
2026,15_Canadian Tire Motorsport Park,Canadian Tire Motorsport Park,canadian-tire-motorsport-park,2026-07-12,202607121405_Race,10,10,21,73,1:16.067,10.924,10.924,,2,1
2026,15_Canadian Tire Motorsport Park,Canadian Tire Motorsport Park,canadian-tire-motorsport-park,2026-07-12,202607121405_Race,10,9,22,36,1:17.953,1 Lap,,1,2,1
2026,15_Canadian Tire Motorsport Park,Canadian Tire Motorsport Park,canadian-tire-motorsport-park,2026-07-12,202607121405_Race,10,9,23,81,1:18.539,1 Lap,,1,2,1
2026,15_Canadian Tire Motorsport Park,Canadian Tire Motorsport Park,canadian-tire-motorsport-park,2026-07-12,202607121405_Race,10,9,24,57,1:18.698,1 Lap,,1,2,1
2026,15_Canadian Tire Motorsport Park,Canadian Tire Motorsport Park,canadian-tire-motorsport-park,2026-07-12,202607121405_Race,10,10,25,11,1:16.940,13.599,13.599,,2,1
2026,15_Canadian Tire Motorsport Park,Canadian Tire Motorsport Park,canadian-tire-motorsport-park,2026-07-12,202607121405_Race,10,9,26,96,1:18.766,1 Lap,,1,2,1
2026,15_Canadian Tire Motorsport Park,Canadian Tire Motorsport Park,canadian-tire-motorsport-park,2026-07-12,202607121405_Race,10,9,27,66,1:19.968,1 Lap,,1,2,1
2026,15_Canadian Tire Motorsport Park,Canadian Tire Motorsport Park,canadian-tire-motorsport-park,2026-07-12,202607121405_Race,10,9,28,120,1:18.044,1 Lap,,1,2,1
2026,15_Canadian Tire Motorsport Park,Canadian Tire Motorsport Park,canadian-tire-motorsport-park,2026-07-12,202607121405_Race,10,10,29,8,1:15.086,16.858,16.858,,2,1
2026,15_Canadian Tire Motorsport Park,Canadian Tire Motorsport Park,canadian-tire-motorsport-park,2026-07-12,202607121405_Race,10,9,30,16,1:19.523,1 Lap,,1,2,1
2026,15_Canadian Tire Motorsport Park,Canadian Tire Motorsport Park,canadian-tire-motorsport-park,2026-07-12,202607121405_Race,10,9,31,70,1:20.397,1 Lap,,1,2,1
2026,15_Canadian Tire Motorsport Park,Canadian Tire Motorsport Park,canadian-tire-motorsport-park,2026-07-12,202607121405_Race,10,9,32,13,1:19.225,1 Lap,,1,2,1
2026,15_Canadian Tire Motorsport Park,Canadian Tire Motorsport Park,canadian-tire-motorsport-park,2026-07-12,202607121405_Race,11,11,1,43,1:10.082,,,,2,1
2026,15_Canadian Tire Motorsport Park,Canadian Tire Motorsport Park,canadian-tire-motorsport-park,2026-07-12,202607121405_Race,11,11,2,52,1:10.007,1.943,1.943,,2,1
2026,15_Canadian Tire Motorsport Park,Canadian Tire Motorsport Park,canadian-tire-motorsport-park,2026-07-12,202607121405_Race,11,10,3,1,1:17.818,1 Lap,,1,2,1
2026,15_Canadian Tire Motorsport Park,Canadian Tire Motorsport Park,canadian-tire-motorsport-park,2026-07-12,202607121405_Race,11,10,4,59,1:17.914,1 Lap,,1,2,1
2026,15_Canadian Tire Motorsport Park,Canadian Tire Motorsport Park,canadian-tire-motorsport-park,2026-07-12,202607121405_Race,11,11,5,22,1:15.665,11.119,11.119,,2,1
2026,15_Canadian Tire Motorsport Park,Canadian Tire Motorsport Park,canadian-tire-motorsport-park,2026-07-12,202607121405_Race,11,10,6,3,1:18.234,1 Lap,,1,2,1
2026,15_Canadian Tire Motorsport Park,Canadian Tire Motorsport Park,canadian-tire-motorsport-park,2026-07-12,202607121405_Race,11,10,7,4,1:17.903,1 Lap,,1,2,1
2026,15_Canadian Tire Motorsport Park,Canadian Tire Motorsport Park,canadian-tire-motorsport-park,2026-07-12,202607121405_Race,11,10,8,14,1:17.874,1 Lap,,1,2,1
2026,15_Canadian Tire Motorsport Park,Canadian Tire Motorsport Park,canadian-tire-motorsport-park,2026-07-12,202607121405_Race,11,11,9,04,1:16.032,12.560,12.560,,2,1
2026,15_Canadian Tire Motorsport Park,Canadian Tire Motorsport Park,canadian-tire-motorsport-park,2026-07-12,202607121405_Race,11,11,10,2,1:15.903,13.043,13.043,,2,1
2026,15_Canadian Tire Motorsport Park,Canadian Tire Motorsport Park,canadian-tire-motorsport-park,2026-07-12,202607121405_Race,11,11,11,99,1:15.050,13.147,13.147,,2,1
2026,15_Canadian Tire Motorsport Park,Canadian Tire Motorsport Park,canadian-tire-motorsport-park,2026-07-12,202607121405_Race,11,10,12,77,1:18.498,1 Lap,,1,2,1
2026,15_Canadian Tire Motorsport Park,Canadian Tire Motorsport Park,canadian-tire-motorsport-park,2026-07-12,202607121405_Race,11,10,13,9,1:18.368,1 Lap,,1,2,1
2026,15_Canadian Tire Motorsport Park,Canadian Tire Motorsport Park,canadian-tire-motorsport-park,2026-07-12,202607121405_Race,11,10,14,65,1:17.863,1 Lap,,1,2,1
2026,15_Canadian Tire Motorsport Park,Canadian Tire Motorsport Park,canadian-tire-motorsport-park,2026-07-12,202607121405_Race,11,10,15,64,1:17.861,1 Lap,,1,2,1
2026,15_Canadian Tire Motorsport Park,Canadian Tire Motorsport Park,canadian-tire-motorsport-park,2026-07-12,202607121405_Race,11,10,16,68,1:17.792,1 Lap,,1,2,1
2026,15_Canadian Tire Motorsport Park,Canadian Tire Motorsport Park,canadian-tire-motorsport-park,2026-07-12,202607121405_Race,11,10,17,27,1:17.757,1 Lap,,1,2,1
2026,15_Canadian Tire Motorsport Park,Canadian Tire Motorsport Park,canadian-tire-motorsport-park,2026-07-12,202607121405_Race,11,11,18,73,1:15.996,16.838,16.838,,2,1
2026,15_Canadian Tire Motorsport Park,Canadian Tire Motorsport Park,canadian-tire-motorsport-park,2026-07-12,202607121405_Race,11,10,19,12,1:18.212,1 Lap,,1,2,1
2026,15_Canadian Tire Motorsport Park,Canadian Tire Motorsport Park,canadian-tire-motorsport-park,2026-07-12,202607121405_Race,11,10,20,45,1:18.199,1 Lap,,1,2,1
2026,15_Canadian Tire Motorsport Park,Canadian Tire Motorsport Park,canadian-tire-motorsport-park,2026-07-12,202607121405_Race,11,10,21,34,1:17.723,1 Lap,,1,2,1
2026,15_Canadian Tire Motorsport Park,Canadian Tire Motorsport Park,canadian-tire-motorsport-park,2026-07-12,202607121405_Race,11,10,22,36,1:18.176,1 Lap,,1,2,1
2026,15_Canadian Tire Motorsport Park,Canadian Tire Motorsport Park,canadian-tire-motorsport-park,2026-07-12,202607121405_Race,11,10,23,81,1:17.839,1 Lap,,1,2,1
2026,15_Canadian Tire Motorsport Park,Canadian Tire Motorsport Park,canadian-tire-motorsport-park,2026-07-12,202607121405_Race,11,11,24,11,1:16.957,20.474,20.474,,2,1
2026,15_Canadian Tire Motorsport Park,Canadian Tire Motorsport Park,canadian-tire-motorsport-park,2026-07-12,202607121405_Race,11,10,25,57,1:18.742,1 Lap,,1,2,1
2026,15_Canadian Tire Motorsport Park,Canadian Tire Motorsport Park,canadian-tire-motorsport-park,2026-07-12,202607121405_Race,11,10,26,96,1:18.057,1 Lap,,1,2,1
2026,15_Canadian Tire Motorsport Park,Canadian Tire Motorsport Park,canadian-tire-motorsport-park,2026-07-12,202607121405_Race,11,11,27,8,1:17.061,23.837,23.837,,2,1
2026,15_Canadian Tire Motorsport Park,Canadian Tire Motorsport Park,canadian-tire-motorsport-park,2026-07-12,202607121405_Race,11,10,28,66,1:18.427,1 Lap,,1,2,1
2026,15_Canadian Tire Motorsport Park,Canadian Tire Motorsport Park,canadian-tire-motorsport-park,2026-07-12,202607121405_Race,11,10,29,120,1:18.997,1 Lap,,1,2,1
2026,15_Canadian Tire Motorsport Park,Canadian Tire Motorsport Park,canadian-tire-motorsport-park,2026-07-12,202607121405_Race,11,10,30,16,1:18.770,1 Lap,,1,2,1
2026,15_Canadian Tire Motorsport Park,Canadian Tire Motorsport Park,canadian-tire-motorsport-park,2026-07-12,202607121405_Race,11,10,31,70,1:19.035,1 Lap,,1,2,1
2026,15_Canadian Tire Motorsport Park,Canadian Tire Motorsport Park,canadian-tire-motorsport-park,2026-07-12,202607121405_Race,11,10,32,13,1:18.992,1 Lap,,1,2,1
2026,15_Canadian Tire Motorsport Park,Canadian Tire Motorsport Park,canadian-tire-motorsport-park,2026-07-12,202607121405_Race,12,12,1,43,1:11.286,,,,2,1
2026,15_Canadian Tire Motorsport Park,Canadian Tire Motorsport Park,canadian-tire-motorsport-park,2026-07-12,202607121405_Race,12,12,2,52,1:11.128,1.785,1.785,,2,2
2026,15_Canadian Tire Motorsport Park,Canadian Tire Motorsport Park,canadian-tire-motorsport-park,2026-07-12,202607121405_Race,12,12,3,22,1:19.676,19.509,19.509,,2,2
2026,15_Canadian Tire Motorsport Park,Canadian Tire Motorsport Park,canadian-tire-motorsport-park,2026-07-12,202607121405_Race,12,12,4,04,1:18.833,20.107,20.107,,2,2
2026,15_Canadian Tire Motorsport Park,Canadian Tire Motorsport Park,canadian-tire-motorsport-park,2026-07-12,202607121405_Race,12,11,5,1,1:23.872,1 Lap,,1,2,2
2026,15_Canadian Tire Motorsport Park,Canadian Tire Motorsport Park,canadian-tire-motorsport-park,2026-07-12,202607121405_Race,12,12,6,2,1:21.629,23.386,23.386,,2,2
2026,15_Canadian Tire Motorsport Park,Canadian Tire Motorsport Park,canadian-tire-motorsport-park,2026-07-12,202607121405_Race,12,11,7,59,1:25.050,1 Lap,,1,2,2
2026,15_Canadian Tire Motorsport Park,Canadian Tire Motorsport Park,canadian-tire-motorsport-park,2026-07-12,202607121405_Race,12,12,8,99,1:23.200,25.061,25.061,,2,2
2026,15_Canadian Tire Motorsport Park,Canadian Tire Motorsport Park,canadian-tire-motorsport-park,2026-07-12,202607121405_Race,12,11,9,3,1:26.538,1 Lap,,1,2,2
2026,15_Canadian Tire Motorsport Park,Canadian Tire Motorsport Park,canadian-tire-motorsport-park,2026-07-12,202607121405_Race,12,11,10,4,1:26.657,1 Lap,,1,2,2
2026,15_Canadian Tire Motorsport Park,Canadian Tire Motorsport Park,canadian-tire-motorsport-park,2026-07-12,202607121405_Race,12,11,11,14,1:27.000,1 Lap,,1,2,2
2026,15_Canadian Tire Motorsport Park,Canadian Tire Motorsport Park,canadian-tire-motorsport-park,2026-07-12,202607121405_Race,12,11,12,77,1:27.123,1 Lap,,1,2,2
2026,15_Canadian Tire Motorsport Park,Canadian Tire Motorsport Park,canadian-tire-motorsport-park,2026-07-12,202607121405_Race,12,11,13,9,1:26.931,1 Lap,,1,2,2
2026,15_Canadian Tire Motorsport Park,Canadian Tire Motorsport Park,canadian-tire-motorsport-park,2026-07-12,202607121405_Race,12,11,14,65,1:27.266,1 Lap,,1,2,2
2026,15_Canadian Tire Motorsport Park,Canadian Tire Motorsport Park,canadian-tire-motorsport-park,2026-07-12,202607121405_Race,12,11,15,64,1:27.480,1 Lap,,1,2,2
2026,15_Canadian Tire Motorsport Park,Canadian Tire Motorsport Park,canadian-tire-motorsport-park,2026-07-12,202607121405_Race,12,12,16,73,1:26.975,32.527,32.527,,2,2
2026,15_Canadian Tire Motorsport Park,Canadian Tire Motorsport Park,canadian-tire-motorsport-park,2026-07-12,202607121405_Race,12,11,17,68,1:28.667,1 Lap,,1,2,2
2026,15_Canadian Tire Motorsport Park,Canadian Tire Motorsport Park,canadian-tire-motorsport-park,2026-07-12,202607121405_Race,12,11,18,27,1:29.400,1 Lap,,1,2,2
2026,15_Canadian Tire Motorsport Park,Canadian Tire Motorsport Park,canadian-tire-motorsport-park,2026-07-12,202607121405_Race,12,11,19,12,1:29.342,1 Lap,,1,2,2
2026,15_Canadian Tire Motorsport Park,Canadian Tire Motorsport Park,canadian-tire-motorsport-park,2026-07-12,202607121405_Race,12,11,20,45,1:32.570,1 Lap,,1,2,2
2026,15_Canadian Tire Motorsport Park,Canadian Tire Motorsport Park,canadian-tire-motorsport-park,2026-07-12,202607121405_Race,12,11,21,34,1:32.478,1 Lap,,1,2,2
2026,15_Canadian Tire Motorsport Park,Canadian Tire Motorsport Park,canadian-tire-motorsport-park,2026-07-12,202607121405_Race,12,12,22,11,1:31.534,40.722,40.722,,2,2
2026,15_Canadian Tire Motorsport Park,Canadian Tire Motorsport Park,canadian-tire-motorsport-park,2026-07-12,202607121405_Race,12,11,23,36,1:33.451,1 Lap,,1,2,2
2026,15_Canadian Tire Motorsport Park,Canadian Tire Motorsport Park,canadian-tire-motorsport-park,2026-07-12,202607121405_Race,12,11,24,81,1:33.308,1 Lap,,1,2,2
2026,15_Canadian Tire Motorsport Park,Canadian Tire Motorsport Park,canadian-tire-motorsport-park,2026-07-12,202607121405_Race,12,11,25,57,1:33.195,1 Lap,,1,2,2
2026,15_Canadian Tire Motorsport Park,Canadian Tire Motorsport Park,canadian-tire-motorsport-park,2026-07-12,202607121405_Race,12,11,26,96,1:32.702,1 Lap,,1,2,2
2026,15_Canadian Tire Motorsport Park,Canadian Tire Motorsport Park,canadian-tire-motorsport-park,2026-07-12,202607121405_Race,12,11,27,66,1:32.940,1 Lap,,1,2,2
2026,15_Canadian Tire Motorsport Park,Canadian Tire Motorsport Park,canadian-tire-motorsport-park,2026-07-12,202607121405_Race,12,11,28,120,1:32.976,1 Lap,,1,2,2
2026,15_Canadian Tire Motorsport Park,Canadian Tire Motorsport Park,canadian-tire-motorsport-park,2026-07-12,202607121405_Race,12,11,29,16,1:30.708,1 Lap,,1,2,2
2026,15_Canadian Tire Motorsport Park,Canadian Tire Motorsport Park,canadian-tire-motorsport-park,2026-07-12,202607121405_Race,12,11,30,70,1:29.251,1 Lap,,1,2,2
2026,15_Canadian Tire Motorsport Park,Canadian Tire Motorsport Park,canadian-tire-motorsport-park,2026-07-12,202607121405_Race,12,11,31,13,1:29.744,1 Lap,,1,2,2
2026,15_Canadian Tire Motorsport Park,Canadian Tire Motorsport Park,canadian-tire-motorsport-park,2026-07-12,202607121405_Race,12,12,32,8,2:11.456,1:24.007,84.007,,2,2
2026,15_Canadian Tire Motorsport Park,Canadian Tire Motorsport Park,canadian-tire-motorsport-park,2026-07-12,202607121405_Race,13,13,1,43,2:47.738,,,,2,2
2026,15_Canadian Tire Motorsport Park,Canadian Tire Motorsport Park,canadian-tire-motorsport-park,2026-07-12,202607121405_Race,13,13,2,52,2:48.126,2.173,2.173,,2,2
2026,15_Canadian Tire Motorsport Park,Canadian Tire Motorsport Park,canadian-tire-motorsport-park,2026-07-12,202607121405_Race,13,13,3,22,2:31.520,3.291,3.291,,2,2
2026,15_Canadian Tire Motorsport Park,Canadian Tire Motorsport Park,canadian-tire-motorsport-park,2026-07-12,202607121405_Race,13,13,4,04,2:31.461,3.830,3.830,,2,2
2026,15_Canadian Tire Motorsport Park,Canadian Tire Motorsport Park,canadian-tire-motorsport-park,2026-07-12,202607121405_Race,13,13,5,2,2:29.348,4.996,4.996,,2,2
2026,15_Canadian Tire Motorsport Park,Canadian Tire Motorsport Park,canadian-tire-motorsport-park,2026-07-12,202607121405_Race,13,13,6,99,2:28.444,5.767,5.767,,2,2
2026,15_Canadian Tire Motorsport Park,Canadian Tire Motorsport Park,canadian-tire-motorsport-park,2026-07-12,202607121405_Race,13,13,7,73,2:21.689,6.478,6.478,,2,2
2026,15_Canadian Tire Motorsport Park,Canadian Tire Motorsport Park,canadian-tire-motorsport-park,2026-07-12,202607121405_Race,13,13,8,11,2:13.969,6.953,6.953,,2,2
2026,15_Canadian Tire Motorsport Park,Canadian Tire Motorsport Park,canadian-tire-motorsport-park,2026-07-12,202607121405_Race,13,12,9,1,2:36.892,1 Lap,,1,2,2
2026,15_Canadian Tire Motorsport Park,Canadian Tire Motorsport Park,canadian-tire-motorsport-park,2026-07-12,202607121405_Race,13,12,10,59,2:36.763,1 Lap,,1,2,2
2026,15_Canadian Tire Motorsport Park,Canadian Tire Motorsport Park,canadian-tire-motorsport-park,2026-07-12,202607121405_Race,13,12,11,3,2:35.474,1 Lap,,1,2,2
2026,15_Canadian Tire Motorsport Park,Canadian Tire Motorsport Park,canadian-tire-motorsport-park,2026-07-12,202607121405_Race,13,12,12,4,2:35.369,1 Lap,,1,2,2
2026,15_Canadian Tire Motorsport Park,Canadian Tire Motorsport Park,canadian-tire-motorsport-park,2026-07-12,202607121405_Race,13,12,13,14,2:35.608,1 Lap,,1,2,2
2026,15_Canadian Tire Motorsport Park,Canadian Tire Motorsport Park,canadian-tire-motorsport-park,2026-07-12,202607121405_Race,13,12,14,77,2:35.113,1 Lap,,1,2,2
2026,15_Canadian Tire Motorsport Park,Canadian Tire Motorsport Park,canadian-tire-motorsport-park,2026-07-12,202607121405_Race,13,12,15,9,2:35.252,1 Lap,,1,2,2
2026,15_Canadian Tire Motorsport Park,Canadian Tire Motorsport Park,canadian-tire-motorsport-park,2026-07-12,202607121405_Race,13,12,16,65,2:36.147,1 Lap,,1,2,2
2026,15_Canadian Tire Motorsport Park,Canadian Tire Motorsport Park,canadian-tire-motorsport-park,2026-07-12,202607121405_Race,13,12,17,64,2:36.642,1 Lap,,1,2,2
2026,15_Canadian Tire Motorsport Park,Canadian Tire Motorsport Park,canadian-tire-motorsport-park,2026-07-12,202607121405_Race,13,12,18,68,2:35.903,1 Lap,,1,2,2
2026,15_Canadian Tire Motorsport Park,Canadian Tire Motorsport Park,canadian-tire-motorsport-park,2026-07-12,202607121405_Race,13,12,19,27,2:36.380,1 Lap,,1,2,2
2026,15_Canadian Tire Motorsport Park,Canadian Tire Motorsport Park,canadian-tire-motorsport-park,2026-07-12,202607121405_Race,13,12,20,12,2:36.252,1 Lap,,1,2,2
2026,15_Canadian Tire Motorsport Park,Canadian Tire Motorsport Park,canadian-tire-motorsport-park,2026-07-12,202607121405_Race,13,12,21,45,2:36.554,1 Lap,,1,2,2
2026,15_Canadian Tire Motorsport Park,Canadian Tire Motorsport Park,canadian-tire-motorsport-park,2026-07-12,202607121405_Race,13,12,22,34,2:36.694,1 Lap,,1,2,2
2026,15_Canadian Tire Motorsport Park,Canadian Tire Motorsport Park,canadian-tire-motorsport-park,2026-07-12,202607121405_Race,13,12,23,36,2:35.798,1 Lap,,1,2,2
2026,15_Canadian Tire Motorsport Park,Canadian Tire Motorsport Park,canadian-tire-motorsport-park,2026-07-12,202607121405_Race,13,12,24,81,2:35.514,1 Lap,,1,2,2
2026,15_Canadian Tire Motorsport Park,Canadian Tire Motorsport Park,canadian-tire-motorsport-park,2026-07-12,202607121405_Race,13,12,25,57,2:35.076,1 Lap,,1,2,2
2026,15_Canadian Tire Motorsport Park,Canadian Tire Motorsport Park,canadian-tire-motorsport-park,2026-07-12,202607121405_Race,13,12,26,96,2:34.670,1 Lap,,1,2,2
2026,15_Canadian Tire Motorsport Park,Canadian Tire Motorsport Park,canadian-tire-motorsport-park,2026-07-12,202607121405_Race,13,12,27,66,2:34.481,1 Lap,,1,2,3
2026,15_Canadian Tire Motorsport Park,Canadian Tire Motorsport Park,canadian-tire-motorsport-park,2026-07-12,202607121405_Race,13,12,28,120,2:34.354,1 Lap,,1,2,3
2026,15_Canadian Tire Motorsport Park,Canadian Tire Motorsport Park,canadian-tire-motorsport-park,2026-07-12,202607121405_Race,13,12,29,16,2:35.047,1 Lap,,1,2,3
2026,15_Canadian Tire Motorsport Park,Canadian Tire Motorsport Park,canadian-tire-motorsport-park,2026-07-12,202607121405_Race,13,12,30,70,2:35.234,1 Lap,,1,2,3
2026,15_Canadian Tire Motorsport Park,Canadian Tire Motorsport Park,canadian-tire-motorsport-park,2026-07-12,202607121405_Race,13,12,31,13,2:34.905,1 Lap,,1,2,3
2026,15_Canadian Tire Motorsport Park,Canadian Tire Motorsport Park,canadian-tire-motorsport-park,2026-07-12,202607121405_Race,13,13,32,8,2:09.459,45.728,45.728,,2,3
2026,15_Canadian Tire Motorsport Park,Canadian Tire Motorsport Park,canadian-tire-motorsport-park,2026-07-12,202607121405_Race,14,14,1,43,2:17.827,,,,2,3
2026,15_Canadian Tire Motorsport Park,Canadian Tire Motorsport Park,canadian-tire-motorsport-park,2026-07-12,202607121405_Race,14,14,2,52,2:16.067,0.413,0.413,,2,3
2026,15_Canadian Tire Motorsport Park,Canadian Tire Motorsport Park,canadian-tire-motorsport-park,2026-07-12,202607121405_Race,14,14,3,22,2:15.283,0.747,0.747,,2,3
2026,15_Canadian Tire Motorsport Park,Canadian Tire Motorsport Park,canadian-tire-motorsport-park,2026-07-12,202607121405_Race,14,14,4,04,2:15.116,1.119,1.119,,2,3
2026,15_Canadian Tire Motorsport Park,Canadian Tire Motorsport Park,canadian-tire-motorsport-park,2026-07-12,202607121405_Race,14,14,5,2,2:14.216,1.385,1.385,,2,3
2026,15_Canadian Tire Motorsport Park,Canadian Tire Motorsport Park,canadian-tire-motorsport-park,2026-07-12,202607121405_Race,14,14,6,99,2:13.716,1.656,1.656,,2,3
2026,15_Canadian Tire Motorsport Park,Canadian Tire Motorsport Park,canadian-tire-motorsport-park,2026-07-12,202607121405_Race,14,14,7,73,2:13.489,2.140,2.140,,2,3
2026,15_Canadian Tire Motorsport Park,Canadian Tire Motorsport Park,canadian-tire-motorsport-park,2026-07-12,202607121405_Race,14,14,8,11,2:13.312,2.438,2.438,,2,3
2026,15_Canadian Tire Motorsport Park,Canadian Tire Motorsport Park,canadian-tire-motorsport-park,2026-07-12,202607121405_Race,14,13,9,1,2:12.373,1 Lap,,1,2,3
2026,15_Canadian Tire Motorsport Park,Canadian Tire Motorsport Park,canadian-tire-motorsport-park,2026-07-12,202607121405_Race,14,13,10,59,2:11.082,1 Lap,,1,2,3
2026,15_Canadian Tire Motorsport Park,Canadian Tire Motorsport Park,canadian-tire-motorsport-park,2026-07-12,202607121405_Race,14,13,11,3,2:10.494,1 Lap,,1,2,3
2026,15_Canadian Tire Motorsport Park,Canadian Tire Motorsport Park,canadian-tire-motorsport-park,2026-07-12,202607121405_Race,14,13,12,4,2:10.297,1 Lap,,1,2,3
2026,15_Canadian Tire Motorsport Park,Canadian Tire Motorsport Park,canadian-tire-motorsport-park,2026-07-12,202607121405_Race,14,13,13,14,2:09.726,1 Lap,,1,2,3
2026,15_Canadian Tire Motorsport Park,Canadian Tire Motorsport Park,canadian-tire-motorsport-park,2026-07-12,202607121405_Race,14,13,14,77,2:09.358,1 Lap,,1,2,3
2026,15_Canadian Tire Motorsport Park,Canadian Tire Motorsport Park,canadian-tire-motorsport-park,2026-07-12,202607121405_Race,14,13,15,9,2:09.183,1 Lap,,1,2,3
2026,15_Canadian Tire Motorsport Park,Canadian Tire Motorsport Park,canadian-tire-motorsport-park,2026-07-12,202607121405_Race,14,13,16,65,2:07.452,1 Lap,,1,2,3
2026,15_Canadian Tire Motorsport Park,Canadian Tire Motorsport Park,canadian-tire-motorsport-park,2026-07-12,202607121405_Race,14,13,17,68,2:05.697,1 Lap,,1,2,3
2026,15_Canadian Tire Motorsport Park,Canadian Tire Motorsport Park,canadian-tire-motorsport-park,2026-07-12,202607121405_Race,14,13,18,27,2:04.046,1 Lap,,1,2,3
2026,15_Canadian Tire Motorsport Park,Canadian Tire Motorsport Park,canadian-tire-motorsport-park,2026-07-12,202607121405_Race,14,13,19,12,2:03.766,1 Lap,,1,2,3
2026,15_Canadian Tire Motorsport Park,Canadian Tire Motorsport Park,canadian-tire-motorsport-park,2026-07-12,202607121405_Race,14,13,20,45,2:00.439,1 Lap,,1,2,3
2026,15_Canadian Tire Motorsport Park,Canadian Tire Motorsport Park,canadian-tire-motorsport-park,2026-07-12,202607121405_Race,14,13,21,34,2:00.347,1 Lap,,1,2,3
2026,15_Canadian Tire Motorsport Park,Canadian Tire Motorsport Park,canadian-tire-motorsport-park,2026-07-12,202607121405_Race,14,13,22,36,1:59.913,1 Lap,,1,2,3
2026,15_Canadian Tire Motorsport Park,Canadian Tire Motorsport Park,canadian-tire-motorsport-park,2026-07-12,202607121405_Race,14,13,23,81,1:59.507,1 Lap,,1,2,3
2026,15_Canadian Tire Motorsport Park,Canadian Tire Motorsport Park,canadian-tire-motorsport-park,2026-07-12,202607121405_Race,14,13,24,57,1:58.899,1 Lap,,1,2,3
2026,15_Canadian Tire Motorsport Park,Canadian Tire Motorsport Park,canadian-tire-motorsport-park,2026-07-12,202607121405_Race,14,13,25,96,1:58.396,1 Lap,,1,2,3
2026,15_Canadian Tire Motorsport Park,Canadian Tire Motorsport Park,canadian-tire-motorsport-park,2026-07-12,202607121405_Race,14,13,26,66,1:57.793,1 Lap,,1,2,3
2026,15_Canadian Tire Motorsport Park,Canadian Tire Motorsport Park,canadian-tire-motorsport-park,2026-07-12,202607121405_Race,14,13,27,70,1:54.362,1 Lap,,1,2,3
2026,15_Canadian Tire Motorsport Park,Canadian Tire Motorsport Park,canadian-tire-motorsport-park,2026-07-12,202607121405_Race,14,13,28,120,1:57.736,1 Lap,,1,2,3
2026,15_Canadian Tire Motorsport Park,Canadian Tire Motorsport Park,canadian-tire-motorsport-park,2026-07-12,202607121405_Race,14,13,29,16,1:55.848,1 Lap,,1,2,3
2026,15_Canadian Tire Motorsport Park,Canadian Tire Motorsport Park,canadian-tire-motorsport-park,2026-07-12,202607121405_Race,14,13,30,13,1:54.658,1 Lap,,1,2,3
2026,15_Canadian Tire Motorsport Park,Canadian Tire Motorsport Park,canadian-tire-motorsport-park,2026-07-12,202607121405_Race,14,13,31,64,2:14.500,1 Lap,,1,2,3
2026,15_Canadian Tire Motorsport Park,Canadian Tire Motorsport Park,canadian-tire-motorsport-park,2026-07-12,202607121405_Race,15,15,1,43,1:10.831,,,,2,3
2026,15_Canadian Tire Motorsport Park,Canadian Tire Motorsport Park,canadian-tire-motorsport-park,2026-07-12,202607121405_Race,15,15,2,52,1:11.012,0.594,0.594,,2,3
2026,15_Canadian Tire Motorsport Park,Canadian Tire Motorsport Park,canadian-tire-motorsport-park,2026-07-12,202607121405_Race,15,15,3,22,1:12.175,2.091,2.091,,2,3
2026,15_Canadian Tire Motorsport Park,Canadian Tire Motorsport Park,canadian-tire-motorsport-park,2026-07-12,202607121405_Race,15,15,4,04,1:12.527,2.815,2.815,,2,3
2026,15_Canadian Tire Motorsport Park,Canadian Tire Motorsport Park,canadian-tire-motorsport-park,2026-07-12,202607121405_Race,15,15,5,2,1:12.997,3.551,3.551,,2,3
2026,15_Canadian Tire Motorsport Park,Canadian Tire Motorsport Park,canadian-tire-motorsport-park,2026-07-12,202607121405_Race,15,15,6,99,1:13.215,4.040,4.040,,2,3
2026,15_Canadian Tire Motorsport Park,Canadian Tire Motorsport Park,canadian-tire-motorsport-park,2026-07-12,202607121405_Race,15,15,7,73,1:13.417,4.726,4.726,,2,3
2026,15_Canadian Tire Motorsport Park,Canadian Tire Motorsport Park,canadian-tire-motorsport-park,2026-07-12,202607121405_Race,15,15,8,11,1:14.444,6.051,6.051,,2,3
2026,15_Canadian Tire Motorsport Park,Canadian Tire Motorsport Park,canadian-tire-motorsport-park,2026-07-12,202607121405_Race,15,14,9,1,1:18.265,1 Lap,,1,2,3
2026,15_Canadian Tire Motorsport Park,Canadian Tire Motorsport Park,canadian-tire-motorsport-park,2026-07-12,202607121405_Race,15,14,10,59,1:18.408,1 Lap,,1,2,3
2026,15_Canadian Tire Motorsport Park,Canadian Tire Motorsport Park,canadian-tire-motorsport-park,2026-07-12,202607121405_Race,15,14,11,3,1:18.402,1 Lap,,1,2,3
2026,15_Canadian Tire Motorsport Park,Canadian Tire Motorsport Park,canadian-tire-motorsport-park,2026-07-12,202607121405_Race,15,14,12,4,1:18.495,1 Lap,,1,2,3
2026,15_Canadian Tire Motorsport Park,Canadian Tire Motorsport Park,canadian-tire-motorsport-park,2026-07-12,202607121405_Race,15,14,13,14,1:18.504,1 Lap,,1,2,3
2026,15_Canadian Tire Motorsport Park,Canadian Tire Motorsport Park,canadian-tire-motorsport-park,2026-07-12,202607121405_Race,15,14,14,77,1:18.537,1 Lap,,1,2,3
2026,15_Canadian Tire Motorsport Park,Canadian Tire Motorsport Park,canadian-tire-motorsport-park,2026-07-12,202607121405_Race,15,14,15,9,1:18.514,1 Lap,,1,2,3
2026,15_Canadian Tire Motorsport Park,Canadian Tire Motorsport Park,canadian-tire-motorsport-park,2026-07-12,202607121405_Race,15,14,16,65,1:18.617,1 Lap,,1,2,3
2026,15_Canadian Tire Motorsport Park,Canadian Tire Motorsport Park,canadian-tire-motorsport-park,2026-07-12,202607121405_Race,15,14,17,68,1:18.417,1 Lap,,1,2,3
2026,15_Canadian Tire Motorsport Park,Canadian Tire Motorsport Park,canadian-tire-motorsport-park,2026-07-12,202607121405_Race,15,14,18,27,1:18.678,1 Lap,,1,2,3
2026,15_Canadian Tire Motorsport Park,Canadian Tire Motorsport Park,canadian-tire-motorsport-park,2026-07-12,202607121405_Race,15,14,19,12,1:18.835,1 Lap,,1,2,4
2026,15_Canadian Tire Motorsport Park,Canadian Tire Motorsport Park,canadian-tire-motorsport-park,2026-07-12,202607121405_Race,15,14,20,45,1:18.608,1 Lap,,1,2,4
2026,15_Canadian Tire Motorsport Park,Canadian Tire Motorsport Park,canadian-tire-motorsport-park,2026-07-12,202607121405_Race,15,14,21,34,1:18.277,1 Lap,,1,2,4
2026,15_Canadian Tire Motorsport Park,Canadian Tire Motorsport Park,canadian-tire-motorsport-park,2026-07-12,202607121405_Race,15,14,22,36,1:18.322,1 Lap,,1,2,4
2026,15_Canadian Tire Motorsport Park,Canadian Tire Motorsport Park,canadian-tire-motorsport-park,2026-07-12,202607121405_Race,15,14,23,81,1:18.238,1 Lap,,1,2,4
2026,15_Canadian Tire Motorsport Park,Canadian Tire Motorsport Park,canadian-tire-motorsport-park,2026-07-12,202607121405_Race,15,14,24,57,1:18.095,1 Lap,,1,2,4
2026,15_Canadian Tire Motorsport Park,Canadian Tire Motorsport Park,canadian-tire-motorsport-park,2026-07-12,202607121405_Race,15,14,25,96,1:18.382,1 Lap,,1,2,4
2026,15_Canadian Tire Motorsport Park,Canadian Tire Motorsport Park,canadian-tire-motorsport-park,2026-07-12,202607121405_Race,15,14,26,66,1:18.652,1 Lap,,1,2,4
2026,15_Canadian Tire Motorsport Park,Canadian Tire Motorsport Park,canadian-tire-motorsport-park,2026-07-12,202607121405_Race,15,14,27,70,1:19.298,1 Lap,,1,2,4
2026,15_Canadian Tire Motorsport Park,Canadian Tire Motorsport Park,canadian-tire-motorsport-park,2026-07-12,202607121405_Race,15,14,28,120,1:19.521,1 Lap,,1,2,4
2026,15_Canadian Tire Motorsport Park,Canadian Tire Motorsport Park,canadian-tire-motorsport-park,2026-07-12,202607121405_Race,15,14,29,16,1:19.850,1 Lap,,1,2,4
2026,15_Canadian Tire Motorsport Park,Canadian Tire Motorsport Park,canadian-tire-motorsport-park,2026-07-12,202607121405_Race,15,14,30,13,1:20.000,1 Lap,,1,2,4
2026,15_Canadian Tire Motorsport Park,Canadian Tire Motorsport Park,canadian-tire-motorsport-park,2026-07-12,202607121405_Race,15,14,31,64,1:48.231,1 Lap,,1,2,4
2026,15_Canadian Tire Motorsport Park,Canadian Tire Motorsport Park,canadian-tire-motorsport-park,2026-07-12,202607121405_Race,16,16,1,43,1:09.795,,,,2,4
2026,15_Canadian Tire Motorsport Park,Canadian Tire Motorsport Park,canadian-tire-motorsport-park,2026-07-12,202607121405_Race,16,16,2,52,1:09.905,0.704,0.704,,2,4
2026,15_Canadian Tire Motorsport Park,Canadian Tire Motorsport Park,canadian-tire-motorsport-park,2026-07-12,202607121405_Race,16,16,3,22,1:11.334,3.630,3.630,,2,4
2026,15_Canadian Tire Motorsport Park,Canadian Tire Motorsport Park,canadian-tire-motorsport-park,2026-07-12,202607121405_Race,16,16,4,04,1:11.168,4.188,4.188,,2,4
2026,15_Canadian Tire Motorsport Park,Canadian Tire Motorsport Park,canadian-tire-motorsport-park,2026-07-12,202607121405_Race,16,16,5,2,1:11.138,4.894,4.894,,2,4
2026,15_Canadian Tire Motorsport Park,Canadian Tire Motorsport Park,canadian-tire-motorsport-park,2026-07-12,202607121405_Race,16,16,6,99,1:11.376,5.621,5.621,,2,4
2026,15_Canadian Tire Motorsport Park,Canadian Tire Motorsport Park,canadian-tire-motorsport-park,2026-07-12,202607121405_Race,16,16,7,73,1:11.665,6.596,6.596,,2,4
2026,15_Canadian Tire Motorsport Park,Canadian Tire Motorsport Park,canadian-tire-motorsport-park,2026-07-12,202607121405_Race,16,16,8,11,1:13.030,9.286,9.286,,2,4
2026,15_Canadian Tire Motorsport Park,Canadian Tire Motorsport Park,canadian-tire-motorsport-park,2026-07-12,202607121405_Race,16,15,9,1,1:17.722,1 Lap,,1,2,4
2026,15_Canadian Tire Motorsport Park,Canadian Tire Motorsport Park,canadian-tire-motorsport-park,2026-07-12,202607121405_Race,16,15,10,59,1:17.871,1 Lap,,1,2,4
2026,15_Canadian Tire Motorsport Park,Canadian Tire Motorsport Park,canadian-tire-motorsport-park,2026-07-12,202607121405_Race,16,15,11,3,1:17.910,1 Lap,,1,2,4
2026,15_Canadian Tire Motorsport Park,Canadian Tire Motorsport Park,canadian-tire-motorsport-park,2026-07-12,202607121405_Race,16,15,12,4,1:17.797,1 Lap,,1,2,4
2026,15_Canadian Tire Motorsport Park,Canadian Tire Motorsport Park,canadian-tire-motorsport-park,2026-07-12,202607121405_Race,16,15,13,14,1:17.730,1 Lap,,1,2,4
2026,15_Canadian Tire Motorsport Park,Canadian Tire Motorsport Park,canadian-tire-motorsport-park,2026-07-12,202607121405_Race,16,15,14,77,1:17.718,1 Lap,,1,2,4
2026,15_Canadian Tire Motorsport Park,Canadian Tire Motorsport Park,canadian-tire-motorsport-park,2026-07-12,202607121405_Race,16,15,15,9,1:17.788,1 Lap,,1,2,4
2026,15_Canadian Tire Motorsport Park,Canadian Tire Motorsport Park,canadian-tire-motorsport-park,2026-07-12,202607121405_Race,16,15,16,65,1:17.808,1 Lap,,1,2,4
2026,15_Canadian Tire Motorsport Park,Canadian Tire Motorsport Park,canadian-tire-motorsport-park,2026-07-12,202607121405_Race,16,15,17,68,1:17.887,1 Lap,,1,2,4
2026,15_Canadian Tire Motorsport Park,Canadian Tire Motorsport Park,canadian-tire-motorsport-park,2026-07-12,202607121405_Race,16,15,18,27,1:18.060,1 Lap,,1,2,4
2026,15_Canadian Tire Motorsport Park,Canadian Tire Motorsport Park,canadian-tire-motorsport-park,2026-07-12,202607121405_Race,16,15,19,12,1:18.296,1 Lap,,1,2,4
2026,15_Canadian Tire Motorsport Park,Canadian Tire Motorsport Park,canadian-tire-motorsport-park,2026-07-12,202607121405_Race,16,15,20,45,1:18.314,1 Lap,,1,2,4
2026,15_Canadian Tire Motorsport Park,Canadian Tire Motorsport Park,canadian-tire-motorsport-park,2026-07-12,202607121405_Race,16,15,21,34,1:18.366,1 Lap,,1,2,4
2026,15_Canadian Tire Motorsport Park,Canadian Tire Motorsport Park,canadian-tire-motorsport-park,2026-07-12,202607121405_Race,16,15,22,36,1:18.381,1 Lap,,1,2,4
2026,15_Canadian Tire Motorsport Park,Canadian Tire Motorsport Park,canadian-tire-motorsport-park,2026-07-12,202607121405_Race,16,15,23,81,1:18.516,1 Lap,,1,2,4
2026,15_Canadian Tire Motorsport Park,Canadian Tire Motorsport Park,canadian-tire-motorsport-park,2026-07-12,202607121405_Race,16,15,24,57,1:18.627,1 Lap,,1,2,4
2026,15_Canadian Tire Motorsport Park,Canadian Tire Motorsport Park,canadian-tire-motorsport-park,2026-07-12,202607121405_Race,16,15,25,96,1:18.364,1 Lap,,1,2,4
2026,15_Canadian Tire Motorsport Park,Canadian Tire Motorsport Park,canadian-tire-motorsport-park,2026-07-12,202607121405_Race,16,15,26,66,1:18.264,1 Lap,,1,2,4
2026,15_Canadian Tire Motorsport Park,Canadian Tire Motorsport Park,canadian-tire-motorsport-park,2026-07-12,202607121405_Race,16,15,27,70,1:18.972,1 Lap,,1,2,4
2026,15_Canadian Tire Motorsport Park,Canadian Tire Motorsport Park,canadian-tire-motorsport-park,2026-07-12,202607121405_Race,16,15,28,120,1:18.641,1 Lap,,1,2,4
2026,15_Canadian Tire Motorsport Park,Canadian Tire Motorsport Park,canadian-tire-motorsport-park,2026-07-12,202607121405_Race,16,15,29,16,1:19.038,1 Lap,,1,2,4
2026,15_Canadian Tire Motorsport Park,Canadian Tire Motorsport Park,canadian-tire-motorsport-park,2026-07-12,202607121405_Race,16,15,30,13,1:18.997,1 Lap,,1,2,4
2026,15_Canadian Tire Motorsport Park,Canadian Tire Motorsport Park,canadian-tire-motorsport-park,2026-07-12,202607121405_Race,16,15,31,64,1:16.776,1 Lap,,1,2,4
2026,15_Canadian Tire Motorsport Park,Canadian Tire Motorsport Park,canadian-tire-motorsport-park,2026-07-12,202607121405_Race,17,17,1,43,1:09.523,,,,2,4
2026,15_Canadian Tire Motorsport Park,Canadian Tire Motorsport Park,canadian-tire-motorsport-park,2026-07-12,202607121405_Race,17,17,2,52,1:09.701,0.882,0.882,,2,4
2026,15_Canadian Tire Motorsport Park,Canadian Tire Motorsport Park,canadian-tire-motorsport-park,2026-07-12,202607121405_Race,17,17,3,22,1:10.636,4.743,4.743,,2,4
2026,15_Canadian Tire Motorsport Park,Canadian Tire Motorsport Park,canadian-tire-motorsport-park,2026-07-12,202607121405_Race,17,17,4,2,1:10.881,6.252,6.252,,2,4
2026,15_Canadian Tire Motorsport Park,Canadian Tire Motorsport Park,canadian-tire-motorsport-park,2026-07-12,202607121405_Race,17,17,5,04,1:12.965,7.630,7.630,,2,4
2026,15_Canadian Tire Motorsport Park,Canadian Tire Motorsport Park,canadian-tire-motorsport-park,2026-07-12,202607121405_Race,17,17,6,99,1:12.089,8.187,8.187,,2,4
2026,15_Canadian Tire Motorsport Park,Canadian Tire Motorsport Park,canadian-tire-motorsport-park,2026-07-12,202607121405_Race,17,17,7,73,1:11.558,8.631,8.631,,2,4
2026,15_Canadian Tire Motorsport Park,Canadian Tire Motorsport Park,canadian-tire-motorsport-park,2026-07-12,202607121405_Race,17,17,8,11,1:11.224,10.987,10.987,,2,4
2026,15_Canadian Tire Motorsport Park,Canadian Tire Motorsport Park,canadian-tire-motorsport-park,2026-07-12,202607121405_Race,17,16,9,1,1:17.605,1 Lap,,1,2,4
2026,15_Canadian Tire Motorsport Park,Canadian Tire Motorsport Park,canadian-tire-motorsport-park,2026-07-12,202607121405_Race,17,16,10,59,1:17.676,1 Lap,,1,2,4
2026,15_Canadian Tire Motorsport Park,Canadian Tire Motorsport Park,canadian-tire-motorsport-park,2026-07-12,202607121405_Race,17,16,11,3,1:17.776,1 Lap,,1,2,4
2026,15_Canadian Tire Motorsport Park,Canadian Tire Motorsport Park,canadian-tire-motorsport-park,2026-07-12,202607121405_Race,17,16,12,4,1:17.766,1 Lap,,1,2,5
2026,15_Canadian Tire Motorsport Park,Canadian Tire Motorsport Park,canadian-tire-motorsport-park,2026-07-12,202607121405_Race,17,16,13,14,1:17.831,1 Lap,,1,2,5
2026,15_Canadian Tire Motorsport Park,Canadian Tire Motorsport Park,canadian-tire-motorsport-park,2026-07-12,202607121405_Race,17,16,14,77,1:17.838,1 Lap,,1,2,5
2026,15_Canadian Tire Motorsport Park,Canadian Tire Motorsport Park,canadian-tire-motorsport-park,2026-07-12,202607121405_Race,17,16,15,9,1:17.878,1 Lap,,1,2,5
2026,15_Canadian Tire Motorsport Park,Canadian Tire Motorsport Park,canadian-tire-motorsport-park,2026-07-12,202607121405_Race,17,16,16,65,1:17.816,1 Lap,,1,2,5
2026,15_Canadian Tire Motorsport Park,Canadian Tire Motorsport Park,canadian-tire-motorsport-park,2026-07-12,202607121405_Race,17,16,17,68,1:17.925,1 Lap,,1,2,5
2026,15_Canadian Tire Motorsport Park,Canadian Tire Motorsport Park,canadian-tire-motorsport-park,2026-07-12,202607121405_Race,17,16,18,27,1:17.977,1 Lap,,1,2,5
2026,15_Canadian Tire Motorsport Park,Canadian Tire Motorsport Park,canadian-tire-motorsport-park,2026-07-12,202607121405_Race,17,16,19,12,1:17.873,1 Lap,,1,2,5
2026,15_Canadian Tire Motorsport Park,Canadian Tire Motorsport Park,canadian-tire-motorsport-park,2026-07-12,202607121405_Race,17,16,20,45,1:18.032,1 Lap,,1,2,5
2026,15_Canadian Tire Motorsport Park,Canadian Tire Motorsport Park,canadian-tire-motorsport-park,2026-07-12,202607121405_Race,17,16,21,34,1:18.134,1 Lap,,1,2,5
2026,15_Canadian Tire Motorsport Park,Canadian Tire Motorsport Park,canadian-tire-motorsport-park,2026-07-12,202607121405_Race,17,16,22,36,1:18.249,1 Lap,,1,2,5
2026,15_Canadian Tire Motorsport Park,Canadian Tire Motorsport Park,canadian-tire-motorsport-park,2026-07-12,202607121405_Race,17,16,23,81,1:18.217,1 Lap,,1,2,5
2026,15_Canadian Tire Motorsport Park,Canadian Tire Motorsport Park,canadian-tire-motorsport-park,2026-07-12,202607121405_Race,17,16,24,57,1:18.109,1 Lap,,1,2,5
2026,15_Canadian Tire Motorsport Park,Canadian Tire Motorsport Park,canadian-tire-motorsport-park,2026-07-12,202607121405_Race,17,16,25,96,1:18.193,1 Lap,,1,2,5
2026,15_Canadian Tire Motorsport Park,Canadian Tire Motorsport Park,canadian-tire-motorsport-park,2026-07-12,202607121405_Race,17,16,26,66,1:18.327,1 Lap,,1,2,5
2026,15_Canadian Tire Motorsport Park,Canadian Tire Motorsport Park,canadian-tire-motorsport-park,2026-07-12,202607121405_Race,17,16,27,70,1:19.003,1 Lap,,1,2,5
2026,15_Canadian Tire Motorsport Park,Canadian Tire Motorsport Park,canadian-tire-motorsport-park,2026-07-12,202607121405_Race,17,16,28,120,1:19.232,1 Lap,,1,2,5
2026,15_Canadian Tire Motorsport Park,Canadian Tire Motorsport Park,canadian-tire-motorsport-park,2026-07-12,202607121405_Race,17,16,29,16,1:18.830,1 Lap,,1,2,5
2026,15_Canadian Tire Motorsport Park,Canadian Tire Motorsport Park,canadian-tire-motorsport-park,2026-07-12,202607121405_Race,17,16,30,13,1:18.872,1 Lap,,1,2,5
2026,15_Canadian Tire Motorsport Park,Canadian Tire Motorsport Park,canadian-tire-motorsport-park,2026-07-12,202607121405_Race,17,16,31,64,1:16.069,1 Lap,,1,2,5
2026,15_Canadian Tire Motorsport Park,Canadian Tire Motorsport Park,canadian-tire-motorsport-park,2026-07-12,202607121405_Race,18,18,1,43,1:09.887,,,,2,5
2026,15_Canadian Tire Motorsport Park,Canadian Tire Motorsport Park,canadian-tire-motorsport-park,2026-07-12,202607121405_Race,18,18,2,52,1:09.892,0.887,0.887,,2,5
2026,15_Canadian Tire Motorsport Park,Canadian Tire Motorsport Park,canadian-tire-motorsport-park,2026-07-12,202607121405_Race,18,18,3,22,1:10.607,5.463,5.463,,2,5
2026,15_Canadian Tire Motorsport Park,Canadian Tire Motorsport Park,canadian-tire-motorsport-park,2026-07-12,202607121405_Race,18,18,4,2,1:10.464,6.829,6.829,,2,5
2026,15_Canadian Tire Motorsport Park,Canadian Tire Motorsport Park,canadian-tire-motorsport-park,2026-07-12,202607121405_Race,18,18,5,04,1:10.876,8.619,8.619,,2,5
2026,15_Canadian Tire Motorsport Park,Canadian Tire Motorsport Park,canadian-tire-motorsport-park,2026-07-12,202607121405_Race,18,18,6,99,1:11.286,9.586,9.586,,2,5
2026,15_Canadian Tire Motorsport Park,Canadian Tire Motorsport Park,canadian-tire-motorsport-park,2026-07-12,202607121405_Race,18,18,7,73,1:11.757,10.501,10.501,,2,5
2026,15_Canadian Tire Motorsport Park,Canadian Tire Motorsport Park,canadian-tire-motorsport-park,2026-07-12,202607121405_Race,18,18,8,11,1:11.126,12.226,12.226,,2,5
2026,15_Canadian Tire Motorsport Park,Canadian Tire Motorsport Park,canadian-tire-motorsport-park,2026-07-12,202607121405_Race,18,17,9,1,1:17.467,1 Lap,,1,2,5
2026,15_Canadian Tire Motorsport Park,Canadian Tire Motorsport Park,canadian-tire-motorsport-park,2026-07-12,202607121405_Race,18,17,10,59,1:17.493,1 Lap,,1,2,5
2026,15_Canadian Tire Motorsport Park,Canadian Tire Motorsport Park,canadian-tire-motorsport-park,2026-07-12,202607121405_Race,18,17,11,3,1:17.438,1 Lap,,1,2,5
2026,15_Canadian Tire Motorsport Park,Canadian Tire Motorsport Park,canadian-tire-motorsport-park,2026-07-12,202607121405_Race,18,17,12,4,1:17.611,1 Lap,,1,2,5
2026,15_Canadian Tire Motorsport Park,Canadian Tire Motorsport Park,canadian-tire-motorsport-park,2026-07-12,202607121405_Race,18,17,13,14,1:17.632,1 Lap,,1,2,5
2026,15_Canadian Tire Motorsport Park,Canadian Tire Motorsport Park,canadian-tire-motorsport-park,2026-07-12,202607121405_Race,18,17,14,77,1:17.655,1 Lap,,1,2,5
2026,15_Canadian Tire Motorsport Park,Canadian Tire Motorsport Park,canadian-tire-motorsport-park,2026-07-12,202607121405_Race,18,17,15,9,1:17.729,1 Lap,,1,2,5
2026,15_Canadian Tire Motorsport Park,Canadian Tire Motorsport Park,canadian-tire-motorsport-park,2026-07-12,202607121405_Race,18,17,16,65,1:17.889,1 Lap,,1,2,5
2026,15_Canadian Tire Motorsport Park,Canadian Tire Motorsport Park,canadian-tire-motorsport-park,2026-07-12,202607121405_Race,18,17,17,68,1:17.931,1 Lap,,1,2,5
2026,15_Canadian Tire Motorsport Park,Canadian Tire Motorsport Park,canadian-tire-motorsport-park,2026-07-12,202607121405_Race,18,17,18,27,1:17.920,1 Lap,,1,2,5
2026,15_Canadian Tire Motorsport Park,Canadian Tire Motorsport Park,canadian-tire-motorsport-park,2026-07-12,202607121405_Race,18,17,19,12,1:17.975,1 Lap,,1,2,5
2026,15_Canadian Tire Motorsport Park,Canadian Tire Motorsport Park,canadian-tire-motorsport-park,2026-07-12,202607121405_Race,18,17,20,45,1:17.946,1 Lap,,1,2,5
2026,15_Canadian Tire Motorsport Park,Canadian Tire Motorsport Park,canadian-tire-motorsport-park,2026-07-12,202607121405_Race,18,17,21,34,1:17.906,1 Lap,,1,2,5
2026,15_Canadian Tire Motorsport Park,Canadian Tire Motorsport Park,canadian-tire-motorsport-park,2026-07-12,202607121405_Race,18,17,22,36,1:17.949,1 Lap,,1,2,5
2026,15_Canadian Tire Motorsport Park,Canadian Tire Motorsport Park,canadian-tire-motorsport-park,2026-07-12,202607121405_Race,18,17,23,81,1:17.991,1 Lap,,1,2,5
2026,15_Canadian Tire Motorsport Park,Canadian Tire Motorsport Park,canadian-tire-motorsport-park,2026-07-12,202607121405_Race,18,17,24,57,1:17.982,1 Lap,,1,2,5
2026,15_Canadian Tire Motorsport Park,Canadian Tire Motorsport Park,canadian-tire-motorsport-park,2026-07-12,202607121405_Race,18,17,25,96,1:18.264,1 Lap,,1,2,5
2026,15_Canadian Tire Motorsport Park,Canadian Tire Motorsport Park,canadian-tire-motorsport-park,2026-07-12,202607121405_Race,18,17,26,66,1:18.246,1 Lap,,1,2,5
2026,15_Canadian Tire Motorsport Park,Canadian Tire Motorsport Park,canadian-tire-motorsport-park,2026-07-12,202607121405_Race,18,17,27,70,1:18.628,1 Lap,,1,2,5
2026,15_Canadian Tire Motorsport Park,Canadian Tire Motorsport Park,canadian-tire-motorsport-park,2026-07-12,202607121405_Race,18,17,28,120,1:18.345,1 Lap,,1,2,5
2026,15_Canadian Tire Motorsport Park,Canadian Tire Motorsport Park,canadian-tire-motorsport-park,2026-07-12,202607121405_Race,18,17,29,16,1:19.209,1 Lap,,1,2,5
2026,15_Canadian Tire Motorsport Park,Canadian Tire Motorsport Park,canadian-tire-motorsport-park,2026-07-12,202607121405_Race,18,17,30,13,1:19.134,1 Lap,,1,2,5
2026,15_Canadian Tire Motorsport Park,Canadian Tire Motorsport Park,canadian-tire-motorsport-park,2026-07-12,202607121405_Race,19,19,1,43,1:10.130,,,,2,5
2026,15_Canadian Tire Motorsport Park,Canadian Tire Motorsport Park,canadian-tire-motorsport-park,2026-07-12,202607121405_Race,19,19,2,52,1:10.557,1.314,1.314,,2,5
2026,15_Canadian Tire Motorsport Park,Canadian Tire Motorsport Park,canadian-tire-motorsport-park,2026-07-12,202607121405_Race,19,17,3,64,1:16.729,2 Laps,,2,2,5
2026,15_Canadian Tire Motorsport Park,Canadian Tire Motorsport Park,canadian-tire-motorsport-park,2026-07-12,202607121405_Race,19,19,4,22,1:10.484,5.817,5.817,,2,5
2026,15_Canadian Tire Motorsport Park,Canadian Tire Motorsport Park,canadian-tire-motorsport-park,2026-07-12,202607121405_Race,19,19,5,2,1:10.303,7.002,7.002,,2,5
2026,15_Canadian Tire Motorsport Park,Canadian Tire Motorsport Park,canadian-tire-motorsport-park,2026-07-12,202607121405_Race,19,19,6,04,1:10.414,8.903,8.903,,3,1
2026,15_Canadian Tire Motorsport Park,Canadian Tire Motorsport Park,canadian-tire-motorsport-park,2026-07-12,202607121405_Race,19,19,7,99,1:10.983,10.439,10.439,,3,1
2026,15_Canadian Tire Motorsport Park,Canadian Tire Motorsport Park,canadian-tire-motorsport-park,2026-07-12,202607121405_Race,19,19,8,73,1:11.404,11.775,11.775,,3,1
2026,15_Canadian Tire Motorsport Park,Canadian Tire Motorsport Park,canadian-tire-motorsport-park,2026-07-12,202607121405_Race,19,19,9,11,1:11.285,13.381,13.381,,3,1
2026,15_Canadian Tire Motorsport Park,Canadian Tire Motorsport Park,canadian-tire-motorsport-park,2026-07-12,202607121405_Race,19,18,10,1,1:17.444,1 Lap,,1,3,1
2026,15_Canadian Tire Motorsport Park,Canadian Tire Motorsport Park,canadian-tire-motorsport-park,2026-07-12,202607121405_Race,19,18,11,59,1:17.408,1 Lap,,1,3,1
2026,15_Canadian Tire Motorsport Park,Canadian Tire Motorsport Park,canadian-tire-motorsport-park,2026-07-12,202607121405_Race,19,18,12,3,1:17.554,1 Lap,,1,3,1
2026,15_Canadian Tire Motorsport Park,Canadian Tire Motorsport Park,canadian-tire-motorsport-park,2026-07-12,202607121405_Race,19,18,13,4,1:17.533,1 Lap,,1,3,1
2026,15_Canadian Tire Motorsport Park,Canadian Tire Motorsport Park,canadian-tire-motorsport-park,2026-07-12,202607121405_Race,19,18,14,14,1:17.535,1 Lap,,1,3,1
2026,15_Canadian Tire Motorsport Park,Canadian Tire Motorsport Park,canadian-tire-motorsport-park,2026-07-12,202607121405_Race,19,18,15,77,1:17.604,1 Lap,,1,3,1
2026,15_Canadian Tire Motorsport Park,Canadian Tire Motorsport Park,canadian-tire-motorsport-park,2026-07-12,202607121405_Race,19,18,16,9,1:17.502,1 Lap,,1,3,1
2026,15_Canadian Tire Motorsport Park,Canadian Tire Motorsport Park,canadian-tire-motorsport-park,2026-07-12,202607121405_Race,19,18,17,65,1:17.515,1 Lap,,1,3,1
2026,15_Canadian Tire Motorsport Park,Canadian Tire Motorsport Park,canadian-tire-motorsport-park,2026-07-12,202607121405_Race,19,18,18,68,1:17.527,1 Lap,,1,3,1
2026,15_Canadian Tire Motorsport Park,Canadian Tire Motorsport Park,canadian-tire-motorsport-park,2026-07-12,202607121405_Race,19,18,19,27,1:17.741,1 Lap,,1,3,1
2026,15_Canadian Tire Motorsport Park,Canadian Tire Motorsport Park,canadian-tire-motorsport-park,2026-07-12,202607121405_Race,19,18,20,12,1:17.741,1 Lap,,1,3,1
2026,15_Canadian Tire Motorsport Park,Canadian Tire Motorsport Park,canadian-tire-motorsport-park,2026-07-12,202607121405_Race,19,18,21,45,1:17.855,1 Lap,,1,3,1
2026,15_Canadian Tire Motorsport Park,Canadian Tire Motorsport Park,canadian-tire-motorsport-park,2026-07-12,202607121405_Race,19,18,22,34,1:17.861,1 Lap,,1,3,1
2026,15_Canadian Tire Motorsport Park,Canadian Tire Motorsport Park,canadian-tire-motorsport-park,2026-07-12,202607121405_Race,19,18,23,36,1:17.963,1 Lap,,1,3,1
2026,15_Canadian Tire Motorsport Park,Canadian Tire Motorsport Park,canadian-tire-motorsport-park,2026-07-12,202607121405_Race,19,18,24,81,1:17.929,1 Lap,,1,3,1
2026,15_Canadian Tire Motorsport Park,Canadian Tire Motorsport Park,canadian-tire-motorsport-park,2026-07-12,202607121405_Race,19,18,25,57,1:18.041,1 Lap,,1,3,1
2026,15_Canadian Tire Motorsport Park,Canadian Tire Motorsport Park,canadian-tire-motorsport-park,2026-07-12,202607121405_Race,19,18,26,96,1:17.963,1 Lap,,1,3,1
2026,15_Canadian Tire Motorsport Park,Canadian Tire Motorsport Park,canadian-tire-motorsport-park,2026-07-12,202607121405_Race,19,18,27,66,1:18.011,1 Lap,,1,3,1
2026,15_Canadian Tire Motorsport Park,Canadian Tire Motorsport Park,canadian-tire-motorsport-park,2026-07-12,202607121405_Race,19,18,28,70,1:19.016,1 Lap,,1,3,1
2026,15_Canadian Tire Motorsport Park,Canadian Tire Motorsport Park,canadian-tire-motorsport-park,2026-07-12,202607121405_Race,19,18,29,120,1:18.877,1 Lap,,1,3,1
2026,15_Canadian Tire Motorsport Park,Canadian Tire Motorsport Park,canadian-tire-motorsport-park,2026-07-12,202607121405_Race,19,18,30,16,1:19.393,1 Lap,,1,3,1
2026,15_Canadian Tire Motorsport Park,Canadian Tire Motorsport Park,canadian-tire-motorsport-park,2026-07-12,202607121405_Race,19,18,31,13,1:19.513,1 Lap,,1,3,1
2026,15_Canadian Tire Motorsport Park,Canadian Tire Motorsport Park,canadian-tire-motorsport-park,2026-07-12,202607121405_Race,20,20,1,43,1:10.034,,,,3,1
2026,15_Canadian Tire Motorsport Park,Canadian Tire Motorsport Park,canadian-tire-motorsport-park,2026-07-12,202607121405_Race,20,20,2,52,1:13.086,4.366,4.366,,3,1
2026,15_Canadian Tire Motorsport Park,Canadian Tire Motorsport Park,canadian-tire-motorsport-park,2026-07-12,202607121405_Race,20,20,3,22,1:12.829,8.612,8.612,,3,1
2026,15_Canadian Tire Motorsport Park,Canadian Tire Motorsport Park,canadian-tire-motorsport-park,2026-07-12,202607121405_Race,20,20,4,2,1:12.431,9.399,9.399,,3,1
2026,15_Canadian Tire Motorsport Park,Canadian Tire Motorsport Park,canadian-tire-motorsport-park,2026-07-12,202607121405_Race,20,20,5,04,1:11.298,10.167,10.167,,3,1
2026,15_Canadian Tire Motorsport Park,Canadian Tire Motorsport Park,canadian-tire-motorsport-park,2026-07-12,202607121405_Race,20,18,6,64,1:17.422,2 Laps,,2,3,1
2026,15_Canadian Tire Motorsport Park,Canadian Tire Motorsport Park,canadian-tire-motorsport-park,2026-07-12,202607121405_Race,20,20,7,99,1:11.796,12.201,12.201,,3,1
2026,15_Canadian Tire Motorsport Park,Canadian Tire Motorsport Park,canadian-tire-motorsport-park,2026-07-12,202607121405_Race,20,20,8,73,1:11.831,13.572,13.572,,3,1
2026,15_Canadian Tire Motorsport Park,Canadian Tire Motorsport Park,canadian-tire-motorsport-park,2026-07-12,202607121405_Race,20,20,9,11,1:11.040,14.387,14.387,,3,1
2026,15_Canadian Tire Motorsport Park,Canadian Tire Motorsport Park,canadian-tire-motorsport-park,2026-07-12,202607121405_Race,20,19,10,1,1:17.438,1 Lap,,1,3,1
2026,15_Canadian Tire Motorsport Park,Canadian Tire Motorsport Park,canadian-tire-motorsport-park,2026-07-12,202607121405_Race,20,19,11,59,1:17.336,1 Lap,,1,3,1
2026,15_Canadian Tire Motorsport Park,Canadian Tire Motorsport Park,canadian-tire-motorsport-park,2026-07-12,202607121405_Race,20,19,12,3,1:17.268,1 Lap,,1,3,1
2026,15_Canadian Tire Motorsport Park,Canadian Tire Motorsport Park,canadian-tire-motorsport-park,2026-07-12,202607121405_Race,20,19,13,4,1:17.275,1 Lap,,1,3,1
2026,15_Canadian Tire Motorsport Park,Canadian Tire Motorsport Park,canadian-tire-motorsport-park,2026-07-12,202607121405_Race,20,19,14,14,1:17.432,1 Lap,,1,3,1
2026,15_Canadian Tire Motorsport Park,Canadian Tire Motorsport Park,canadian-tire-motorsport-park,2026-07-12,202607121405_Race,20,19,15,77,1:17.461,1 Lap,,1,3,1
2026,15_Canadian Tire Motorsport Park,Canadian Tire Motorsport Park,canadian-tire-motorsport-park,2026-07-12,202607121405_Race,20,19,16,9,1:17.531,1 Lap,,1,3,1
2026,15_Canadian Tire Motorsport Park,Canadian Tire Motorsport Park,canadian-tire-motorsport-park,2026-07-12,202607121405_Race,20,19,17,65,1:17.508,1 Lap,,1,3,1
2026,15_Canadian Tire Motorsport Park,Canadian Tire Motorsport Park,canadian-tire-motorsport-park,2026-07-12,202607121405_Race,20,19,18,68,1:17.666,1 Lap,,1,3,1
2026,15_Canadian Tire Motorsport Park,Canadian Tire Motorsport Park,canadian-tire-motorsport-park,2026-07-12,202607121405_Race,20,19,19,27,1:17.594,1 Lap,,1,3,1
2026,15_Canadian Tire Motorsport Park,Canadian Tire Motorsport Park,canadian-tire-motorsport-park,2026-07-12,202607121405_Race,20,19,20,12,1:17.754,1 Lap,,1,3,1
2026,15_Canadian Tire Motorsport Park,Canadian Tire Motorsport Park,canadian-tire-motorsport-park,2026-07-12,202607121405_Race,20,19,21,45,1:17.824,1 Lap,,1,3,1
2026,15_Canadian Tire Motorsport Park,Canadian Tire Motorsport Park,canadian-tire-motorsport-park,2026-07-12,202607121405_Race,20,19,22,34,1:18.031,1 Lap,,1,3,1
2026,15_Canadian Tire Motorsport Park,Canadian Tire Motorsport Park,canadian-tire-motorsport-park,2026-07-12,202607121405_Race,20,19,23,36,1:17.997,1 Lap,,1,3,1
2026,15_Canadian Tire Motorsport Park,Canadian Tire Motorsport Park,canadian-tire-motorsport-park,2026-07-12,202607121405_Race,20,19,24,57,1:19.112,1 Lap,,1,3,1
2026,15_Canadian Tire Motorsport Park,Canadian Tire Motorsport Park,canadian-tire-motorsport-park,2026-07-12,202607121405_Race,20,19,25,81,1:19.630,1 Lap,,1,3,1
2026,15_Canadian Tire Motorsport Park,Canadian Tire Motorsport Park,canadian-tire-motorsport-park,2026-07-12,202607121405_Race,20,19,26,96,1:18.694,1 Lap,,1,3,1
2026,15_Canadian Tire Motorsport Park,Canadian Tire Motorsport Park,canadian-tire-motorsport-park,2026-07-12,202607121405_Race,20,19,27,66,1:18.495,1 Lap,,1,3,1
2026,15_Canadian Tire Motorsport Park,Canadian Tire Motorsport Park,canadian-tire-motorsport-park,2026-07-12,202607121405_Race,20,19,28,120,1:19.979,1 Lap,,1,3,1
2026,15_Canadian Tire Motorsport Park,Canadian Tire Motorsport Park,canadian-tire-motorsport-park,2026-07-12,202607121405_Race,20,19,29,70,1:20.468,1 Lap,,1,3,1
2026,15_Canadian Tire Motorsport Park,Canadian Tire Motorsport Park,canadian-tire-motorsport-park,2026-07-12,202607121405_Race,20,19,30,16,1:19.144,1 Lap,,1,3,1
2026,15_Canadian Tire Motorsport Park,Canadian Tire Motorsport Park,canadian-tire-motorsport-park,2026-07-12,202607121405_Race,20,19,31,13,1:19.173,1 Lap,,1,3,1
2026,15_Canadian Tire Motorsport Park,Canadian Tire Motorsport Park,canadian-tire-motorsport-park,2026-07-12,202607121405_Race,21,21,1,43,1:10.744,,,,3,2
2026,15_Canadian Tire Motorsport Park,Canadian Tire Motorsport Park,canadian-tire-motorsport-park,2026-07-12,202607121405_Race,21,21,2,52,1:09.841,3.463,3.463,,3,2
2026,15_Canadian Tire Motorsport Park,Canadian Tire Motorsport Park,canadian-tire-motorsport-park,2026-07-12,202607121405_Race,21,21,3,22,1:10.643,8.511,8.511,,3,2
2026,15_Canadian Tire Motorsport Park,Canadian Tire Motorsport Park,canadian-tire-motorsport-park,2026-07-12,202607121405_Race,21,21,4,2,1:10.857,9.512,9.512,,3,2
2026,15_Canadian Tire Motorsport Park,Canadian Tire Motorsport Park,canadian-tire-motorsport-park,2026-07-12,202607121405_Race,21,21,5,04,1:10.591,10.014,10.014,,3,2
2026,15_Canadian Tire Motorsport Park,Canadian Tire Motorsport Park,canadian-tire-motorsport-park,2026-07-12,202607121405_Race,21,21,6,99,1:11.749,13.206,13.206,,3,2
2026,15_Canadian Tire Motorsport Park,Canadian Tire Motorsport Park,canadian-tire-motorsport-park,2026-07-12,202607121405_Race,21,21,7,73,1:13.855,16.683,16.683,,3,2
2026,15_Canadian Tire Motorsport Park,Canadian Tire Motorsport Park,canadian-tire-motorsport-park,2026-07-12,202607121405_Race,21,21,8,11,1:13.632,17.275,17.275,,3,2
2026,15_Canadian Tire Motorsport Park,Canadian Tire Motorsport Park,canadian-tire-motorsport-park,2026-07-12,202607121405_Race,21,19,9,64,1:17.375,2 Laps,,2,3,2
2026,15_Canadian Tire Motorsport Park,Canadian Tire Motorsport Park,canadian-tire-motorsport-park,2026-07-12,202607121405_Race,21,20,10,1,1:17.291,1 Lap,,1,3,2
2026,15_Canadian Tire Motorsport Park,Canadian Tire Motorsport Park,canadian-tire-motorsport-park,2026-07-12,202607121405_Race,21,20,11,59,1:17.391,1 Lap,,1,3,2
2026,15_Canadian Tire Motorsport Park,Canadian Tire Motorsport Park,canadian-tire-motorsport-park,2026-07-12,202607121405_Race,21,20,12,3,1:17.498,1 Lap,,1,3,2
2026,15_Canadian Tire Motorsport Park,Canadian Tire Motorsport Park,canadian-tire-motorsport-park,2026-07-12,202607121405_Race,21,20,13,4,1:17.533,1 Lap,,1,3,2
2026,15_Canadian Tire Motorsport Park,Canadian Tire Motorsport Park,canadian-tire-motorsport-park,2026-07-12,202607121405_Race,21,20,14,14,1:17.560,1 Lap,,1,3,2
2026,15_Canadian Tire Motorsport Park,Canadian Tire Motorsport Park,canadian-tire-motorsport-park,2026-07-12,202607121405_Race,21,20,15,77,1:17.607,1 Lap,,1,3,2
2026,15_Canadian Tire Motorsport Park,Canadian Tire Motorsport Park,canadian-tire-motorsport-park,2026-07-12,202607121405_Race,21,20,16,9,1:17.615,1 Lap,,1,3,2
2026,15_Canadian Tire Motorsport Park,Canadian Tire Motorsport Park,canadian-tire-motorsport-park,2026-07-12,202607121405_Race,21,20,17,65,1:17.592,1 Lap,,1,3,2
2026,15_Canadian Tire Motorsport Park,Canadian Tire Motorsport Park,canadian-tire-motorsport-park,2026-07-12,202607121405_Race,21,20,18,27,1:17.514,1 Lap,,1,3,2
2026,15_Canadian Tire Motorsport Park,Canadian Tire Motorsport Park,canadian-tire-motorsport-park,2026-07-12,202607121405_Race,21,20,19,12,1:17.844,1 Lap,,1,3,2
2026,15_Canadian Tire Motorsport Park,Canadian Tire Motorsport Park,canadian-tire-motorsport-park,2026-07-12,202607121405_Race,21,20,20,45,1:17.785,1 Lap,,1,3,2
2026,15_Canadian Tire Motorsport Park,Canadian Tire Motorsport Park,canadian-tire-motorsport-park,2026-07-12,202607121405_Race,21,20,21,34,1:17.692,1 Lap,,1,3,2
2026,15_Canadian Tire Motorsport Park,Canadian Tire Motorsport Park,canadian-tire-motorsport-park,2026-07-12,202607121405_Race,21,20,22,36,1:17.903,1 Lap,,1,3,2
2026,15_Canadian Tire Motorsport Park,Canadian Tire Motorsport Park,canadian-tire-motorsport-park,2026-07-12,202607121405_Race,21,20,23,57,1:18.409,1 Lap,,1,3,2
2026,15_Canadian Tire Motorsport Park,Canadian Tire Motorsport Park,canadian-tire-motorsport-park,2026-07-12,202607121405_Race,21,20,24,81,1:18.734,1 Lap,,1,3,2
2026,15_Canadian Tire Motorsport Park,Canadian Tire Motorsport Park,canadian-tire-motorsport-park,2026-07-12,202607121405_Race,21,20,25,96,1:19.376,1 Lap,,1,3,2
2026,15_Canadian Tire Motorsport Park,Canadian Tire Motorsport Park,canadian-tire-motorsport-park,2026-07-12,202607121405_Race,21,20,26,66,1:19.469,1 Lap,,1,3,2
2026,15_Canadian Tire Motorsport Park,Canadian Tire Motorsport Park,canadian-tire-motorsport-park,2026-07-12,202607121405_Race,21,20,27,68,1:26.062,1 Lap,,1,3,2
2026,15_Canadian Tire Motorsport Park,Canadian Tire Motorsport Park,canadian-tire-motorsport-park,2026-07-12,202607121405_Race,22,22,1,43,1:13.647,,,,3,2
2026,15_Canadian Tire Motorsport Park,Canadian Tire Motorsport Park,canadian-tire-motorsport-park,2026-07-12,202607121405_Race,22,22,2,52,1:12.064,1.880,1.880,,3,2
2026,15_Canadian Tire Motorsport Park,Canadian Tire Motorsport Park,canadian-tire-motorsport-park,2026-07-12,202607121405_Race,22,20,3,120,1:18.988,2 Laps,,2,3,2
2026,15_Canadian Tire Motorsport Park,Canadian Tire Motorsport Park,canadian-tire-motorsport-park,2026-07-12,202607121405_Race,22,20,4,70,1:19.557,2 Laps,,2,3,2
2026,15_Canadian Tire Motorsport Park,Canadian Tire Motorsport Park,canadian-tire-motorsport-park,2026-07-12,202607121405_Race,22,20,5,16,1:20.818,2 Laps,,2,3,2
2026,15_Canadian Tire Motorsport Park,Canadian Tire Motorsport Park,canadian-tire-motorsport-park,2026-07-12,202607121405_Race,22,20,6,13,1:20.890,2 Laps,,2,3,2
2026,15_Canadian Tire Motorsport Park,Canadian Tire Motorsport Park,canadian-tire-motorsport-park,2026-07-12,202607121405_Race,22,22,7,22,1:11.166,6.030,6.030,,3,2
2026,15_Canadian Tire Motorsport Park,Canadian Tire Motorsport Park,canadian-tire-motorsport-park,2026-07-12,202607121405_Race,22,22,8,2,1:11.308,7.173,7.173,,3,2
2026,15_Canadian Tire Motorsport Park,Canadian Tire Motorsport Park,canadian-tire-motorsport-park,2026-07-12,202607121405_Race,22,22,9,04,1:11.659,8.026,8.026,,3,2
2026,15_Canadian Tire Motorsport Park,Canadian Tire Motorsport Park,canadian-tire-motorsport-park,2026-07-12,202607121405_Race,22,22,10,99,1:11.857,11.416,11.416,,3,2
2026,15_Canadian Tire Motorsport Park,Canadian Tire Motorsport Park,canadian-tire-motorsport-park,2026-07-12,202607121405_Race,22,22,11,73,1:11.808,14.844,14.844,,3,2
2026,15_Canadian Tire Motorsport Park,Canadian Tire Motorsport Park,canadian-tire-motorsport-park,2026-07-12,202607121405_Race,22,22,12,11,1:11.657,15.285,15.285,,3,2
2026,15_Canadian Tire Motorsport Park,Canadian Tire Motorsport Park,canadian-tire-motorsport-park,2026-07-12,202607121405_Race,22,20,13,64,1:17.304,2 Laps,,2,3,2
2026,15_Canadian Tire Motorsport Park,Canadian Tire Motorsport Park,canadian-tire-motorsport-park,2026-07-12,202607121405_Race,22,21,14,1,1:17.748,1 Lap,,1,3,2
2026,15_Canadian Tire Motorsport Park,Canadian Tire Motorsport Park,canadian-tire-motorsport-park,2026-07-12,202607121405_Race,22,21,15,59,1:17.825,1 Lap,,1,3,2
2026,15_Canadian Tire Motorsport Park,Canadian Tire Motorsport Park,canadian-tire-motorsport-park,2026-07-12,202607121405_Race,22,21,16,3,1:17.853,1 Lap,,1,3,2
2026,15_Canadian Tire Motorsport Park,Canadian Tire Motorsport Park,canadian-tire-motorsport-park,2026-07-12,202607121405_Race,22,21,17,14,1:17.631,1 Lap,,1,3,2
2026,15_Canadian Tire Motorsport Park,Canadian Tire Motorsport Park,canadian-tire-motorsport-park,2026-07-12,202607121405_Race,22,21,18,77,1:17.933,1 Lap,,1,3,2
2026,15_Canadian Tire Motorsport Park,Canadian Tire Motorsport Park,canadian-tire-motorsport-park,2026-07-12,202607121405_Race,22,21,19,4,1:19.513,1 Lap,,1,3,2
2026,15_Canadian Tire Motorsport Park,Canadian Tire Motorsport Park,canadian-tire-motorsport-park,2026-07-12,202607121405_Race,22,21,20,9,1:18.334,1 Lap,,1,3,2
2026,15_Canadian Tire Motorsport Park,Canadian Tire Motorsport Park,canadian-tire-motorsport-park,2026-07-12,202607121405_Race,22,21,21,65,1:18.197,1 Lap,,1,3,2
2026,15_Canadian Tire Motorsport Park,Canadian Tire Motorsport Park,canadian-tire-motorsport-park,2026-07-12,202607121405_Race,22,21,22,27,1:18.019,1 Lap,,1,3,2
2026,15_Canadian Tire Motorsport Park,Canadian Tire Motorsport Park,canadian-tire-motorsport-park,2026-07-12,202607121405_Race,22,21,23,12,1:17.994,1 Lap,,1,3,2
2026,15_Canadian Tire Motorsport Park,Canadian Tire Motorsport Park,canadian-tire-motorsport-park,2026-07-12,202607121405_Race,22,21,24,45,1:17.897,1 Lap,,1,3,2
2026,15_Canadian Tire Motorsport Park,Canadian Tire Motorsport Park,canadian-tire-motorsport-park,2026-07-12,202607121405_Race,22,21,25,34,1:17.898,1 Lap,,1,3,2
2026,15_Canadian Tire Motorsport Park,Canadian Tire Motorsport Park,canadian-tire-motorsport-park,2026-07-12,202607121405_Race,22,21,26,36,1:17.997,1 Lap,,1,3,2
2026,15_Canadian Tire Motorsport Park,Canadian Tire Motorsport Park,canadian-tire-motorsport-park,2026-07-12,202607121405_Race,23,23,1,43,1:13.482,,,,3,3
2026,15_Canadian Tire Motorsport Park,Canadian Tire Motorsport Park,canadian-tire-motorsport-park,2026-07-12,202607121405_Race,23,21,2,57,1:17.981,2 Laps,,2,3,3
2026,15_Canadian Tire Motorsport Park,Canadian Tire Motorsport Park,canadian-tire-motorsport-park,2026-07-12,202607121405_Race,23,23,3,52,1:12.518,0.916,0.916,,3,3
2026,15_Canadian Tire Motorsport Park,Canadian Tire Motorsport Park,canadian-tire-motorsport-park,2026-07-12,202607121405_Race,23,21,4,81,1:18.290,2 Laps,,2,3,3
2026,15_Canadian Tire Motorsport Park,Canadian Tire Motorsport Park,canadian-tire-motorsport-park,2026-07-12,202607121405_Race,23,21,5,96,1:18.743,2 Laps,,2,3,3
2026,15_Canadian Tire Motorsport Park,Canadian Tire Motorsport Park,canadian-tire-motorsport-park,2026-07-12,202607121405_Race,23,21,6,66,1:18.773,2 Laps,,2,3,3
2026,15_Canadian Tire Motorsport Park,Canadian Tire Motorsport Park,canadian-tire-motorsport-park,2026-07-12,202607121405_Race,23,23,7,22,1:14.604,7.152,7.152,,3,3
2026,15_Canadian Tire Motorsport Park,Canadian Tire Motorsport Park,canadian-tire-motorsport-park,2026-07-12,202607121405_Race,23,21,8,120,1:18.636,2 Laps,,2,3,3
2026,15_Canadian Tire Motorsport Park,Canadian Tire Motorsport Park,canadian-tire-motorsport-park,2026-07-12,202607121405_Race,23,23,9,2,1:14.219,7.910,7.910,,3,3
2026,15_Canadian Tire Motorsport Park,Canadian Tire Motorsport Park,canadian-tire-motorsport-park,2026-07-12,202607121405_Race,23,21,10,70,1:19.005,2 Laps,,2,3,3
2026,15_Canadian Tire Motorsport Park,Canadian Tire Motorsport Park,canadian-tire-motorsport-park,2026-07-12,202607121405_Race,23,23,11,04,1:14.500,9.044,9.044,,3,3
2026,15_Canadian Tire Motorsport Park,Canadian Tire Motorsport Park,canadian-tire-motorsport-park,2026-07-12,202607121405_Race,23,21,12,16,1:20.833,2 Laps,,2,3,3
2026,15_Canadian Tire Motorsport Park,Canadian Tire Motorsport Park,canadian-tire-motorsport-park,2026-07-12,202607121405_Race,23,21,13,13,1:20.606,2 Laps,,2,3,3
2026,15_Canadian Tire Motorsport Park,Canadian Tire Motorsport Park,canadian-tire-motorsport-park,2026-07-12,202607121405_Race,23,23,14,73,1:11.971,13.333,13.333,,3,3
2026,15_Canadian Tire Motorsport Park,Canadian Tire Motorsport Park,canadian-tire-motorsport-park,2026-07-12,202607121405_Race,23,23,15,11,1:11.990,13.793,13.793,,3,3
2026,15_Canadian Tire Motorsport Park,Canadian Tire Motorsport Park,canadian-tire-motorsport-park,2026-07-12,202607121405_Race,23,23,16,99,1:22.022,19.956,19.956,,3,3
2026,15_Canadian Tire Motorsport Park,Canadian Tire Motorsport Park,canadian-tire-motorsport-park,2026-07-12,202607121405_Race,23,21,17,64,1:16.952,2 Laps,,2,3,3
2026,15_Canadian Tire Motorsport Park,Canadian Tire Motorsport Park,canadian-tire-motorsport-park,2026-07-12,202607121405_Race,23,21,18,68,1:56.533,2 Laps,,2,3,3
2026,15_Canadian Tire Motorsport Park,Canadian Tire Motorsport Park,canadian-tire-motorsport-park,2026-07-12,202607121405_Race,23,22,19,1,1:17.440,1 Lap,,1,3,3
2026,15_Canadian Tire Motorsport Park,Canadian Tire Motorsport Park,canadian-tire-motorsport-park,2026-07-12,202607121405_Race,23,22,20,59,1:17.609,1 Lap,,1,3,3
2026,15_Canadian Tire Motorsport Park,Canadian Tire Motorsport Park,canadian-tire-motorsport-park,2026-07-12,202607121405_Race,23,22,21,3,1:17.394,1 Lap,,1,3,3
2026,15_Canadian Tire Motorsport Park,Canadian Tire Motorsport Park,canadian-tire-motorsport-park,2026-07-12,202607121405_Race,23,22,22,14,1:17.116,1 Lap,,1,3,3
2026,15_Canadian Tire Motorsport Park,Canadian Tire Motorsport Park,canadian-tire-motorsport-park,2026-07-12,202607121405_Race,23,22,23,77,1:17.394,1 Lap,,1,3,3
2026,15_Canadian Tire Motorsport Park,Canadian Tire Motorsport Park,canadian-tire-motorsport-park,2026-07-12,202607121405_Race,23,22,24,4,1:17.495,1 Lap,,1,3,3
2026,15_Canadian Tire Motorsport Park,Canadian Tire Motorsport Park,canadian-tire-motorsport-park,2026-07-12,202607121405_Race,23,22,25,9,1:17.700,1 Lap,,1,3,3
2026,15_Canadian Tire Motorsport Park,Canadian Tire Motorsport Park,canadian-tire-motorsport-park,2026-07-12,202607121405_Race,23,22,26,65,1:17.836,1 Lap,,1,3,3
2026,15_Canadian Tire Motorsport Park,Canadian Tire Motorsport Park,canadian-tire-motorsport-park,2026-07-12,202607121405_Race,23,22,27,27,1:18.051,1 Lap,,1,3,3
2026,15_Canadian Tire Motorsport Park,Canadian Tire Motorsport Park,canadian-tire-motorsport-park,2026-07-12,202607121405_Race,24,24,1,43,1:14.130,,,,3,3
2026,15_Canadian Tire Motorsport Park,Canadian Tire Motorsport Park,canadian-tire-motorsport-park,2026-07-12,202607121405_Race,24,22,2,12,1:18.291,2 Laps,,2,3,3
2026,15_Canadian Tire Motorsport Park,Canadian Tire Motorsport Park,canadian-tire-motorsport-park,2026-07-12,202607121405_Race,24,22,3,45,1:18.313,2 Laps,,2,3,3
2026,15_Canadian Tire Motorsport Park,Canadian Tire Motorsport Park,canadian-tire-motorsport-park,2026-07-12,202607121405_Race,24,24,4,52,1:14.571,1.357,1.357,,3,3
2026,15_Canadian Tire Motorsport Park,Canadian Tire Motorsport Park,canadian-tire-motorsport-park,2026-07-12,202607121405_Race,24,22,5,34,1:18.671,2 Laps,,2,3,3
2026,15_Canadian Tire Motorsport Park,Canadian Tire Motorsport Park,canadian-tire-motorsport-park,2026-07-12,202607121405_Race,24,22,6,36,1:18.607,2 Laps,,2,3,3
2026,15_Canadian Tire Motorsport Park,Canadian Tire Motorsport Park,canadian-tire-motorsport-park,2026-07-12,202607121405_Race,24,22,7,57,1:18.019,2 Laps,,2,3,3
2026,15_Canadian Tire Motorsport Park,Canadian Tire Motorsport Park,canadian-tire-motorsport-park,2026-07-12,202607121405_Race,24,22,8,81,1:17.991,2 Laps,,2,3,3
2026,15_Canadian Tire Motorsport Park,Canadian Tire Motorsport Park,canadian-tire-motorsport-park,2026-07-12,202607121405_Race,24,24,9,22,1:12.182,5.204,5.204,,3,3
2026,15_Canadian Tire Motorsport Park,Canadian Tire Motorsport Park,canadian-tire-motorsport-park,2026-07-12,202607121405_Race,24,22,10,96,1:18.203,2 Laps,,2,3,3
2026,15_Canadian Tire Motorsport Park,Canadian Tire Motorsport Park,canadian-tire-motorsport-park,2026-07-12,202607121405_Race,24,24,11,2,1:13.330,7.110,7.110,,3,3
2026,15_Canadian Tire Motorsport Park,Canadian Tire Motorsport Park,canadian-tire-motorsport-park,2026-07-12,202607121405_Race,24,22,12,66,1:18.702,2 Laps,,2,3,3
2026,15_Canadian Tire Motorsport Park,Canadian Tire Motorsport Park,canadian-tire-motorsport-park,2026-07-12,202607121405_Race,24,24,13,04,1:12.596,7.510,7.510,,3,3
2026,15_Canadian Tire Motorsport Park,Canadian Tire Motorsport Park,canadian-tire-motorsport-park,2026-07-12,202607121405_Race,24,22,14,120,1:19.034,2 Laps,,2,3,3
2026,15_Canadian Tire Motorsport Park,Canadian Tire Motorsport Park,canadian-tire-motorsport-park,2026-07-12,202607121405_Race,24,24,15,73,1:14.917,14.120,14.120,,3,3
2026,15_Canadian Tire Motorsport Park,Canadian Tire Motorsport Park,canadian-tire-motorsport-park,2026-07-12,202607121405_Race,24,22,16,70,1:19.636,2 Laps,,2,3,3
2026,15_Canadian Tire Motorsport Park,Canadian Tire Motorsport Park,canadian-tire-motorsport-park,2026-07-12,202607121405_Race,24,22,17,16,1:21.212,2 Laps,,2,3,3
2026,15_Canadian Tire Motorsport Park,Canadian Tire Motorsport Park,canadian-tire-motorsport-park,2026-07-12,202607121405_Race,24,22,18,13,1:21.156,2 Laps,,2,3,3
2026,15_Canadian Tire Motorsport Park,Canadian Tire Motorsport Park,canadian-tire-motorsport-park,2026-07-12,202607121405_Race,24,14,19,8,13:50.314,10 Laps,,10,3,3
2026,15_Canadian Tire Motorsport Park,Canadian Tire Motorsport Park,canadian-tire-motorsport-park,2026-07-12,202607121405_Race,24,22,20,64,1:16.778,2 Laps,,2,3,3
2026,15_Canadian Tire Motorsport Park,Canadian Tire Motorsport Park,canadian-tire-motorsport-park,2026-07-12,202607121405_Race,24,22,21,68,1:17.118,2 Laps,,2,3,3
2026,15_Canadian Tire Motorsport Park,Canadian Tire Motorsport Park,canadian-tire-motorsport-park,2026-07-12,202607121405_Race,24,24,22,11,1:54.712,54.375,54.375,,3,3
2026,15_Canadian Tire Motorsport Park,Canadian Tire Motorsport Park,canadian-tire-motorsport-park,2026-07-12,202607121405_Race,24,24,23,99,1:52.565,58.391,58.391,,3,3
2026,15_Canadian Tire Motorsport Park,Canadian Tire Motorsport Park,canadian-tire-motorsport-park,2026-07-12,202607121405_Race,24,23,24,1,1:17.168,1 Lap,,1,3,3
2026,15_Canadian Tire Motorsport Park,Canadian Tire Motorsport Park,canadian-tire-motorsport-park,2026-07-12,202607121405_Race,24,23,25,59,1:17.283,1 Lap,,1,3,3
2026,15_Canadian Tire Motorsport Park,Canadian Tire Motorsport Park,canadian-tire-motorsport-park,2026-07-12,202607121405_Race,24,23,26,3,1:17.543,1 Lap,,1,3,3
2026,15_Canadian Tire Motorsport Park,Canadian Tire Motorsport Park,canadian-tire-motorsport-park,2026-07-12,202607121405_Race,24,23,27,14,1:17.425,1 Lap,,1,3,3
2026,15_Canadian Tire Motorsport Park,Canadian Tire Motorsport Park,canadian-tire-motorsport-park,2026-07-12,202607121405_Race,24,23,28,77,1:17.377,1 Lap,,1,3,3
2026,15_Canadian Tire Motorsport Park,Canadian Tire Motorsport Park,canadian-tire-motorsport-park,2026-07-12,202607121405_Race,25,25,1,43,1:13.985,,,,3,4
2026,15_Canadian Tire Motorsport Park,Canadian Tire Motorsport Park,canadian-tire-motorsport-park,2026-07-12,202607121405_Race,25,23,2,4,1:17.878,2 Laps,,2,3,4
2026,15_Canadian Tire Motorsport Park,Canadian Tire Motorsport Park,canadian-tire-motorsport-park,2026-07-12,202607121405_Race,25,23,3,9,1:17.665,2 Laps,,2,3,4
2026,15_Canadian Tire Motorsport Park,Canadian Tire Motorsport Park,canadian-tire-motorsport-park,2026-07-12,202607121405_Race,25,25,4,52,1:14.188,1.560,1.560,,3,4
2026,15_Canadian Tire Motorsport Park,Canadian Tire Motorsport Park,canadian-tire-motorsport-park,2026-07-12,202607121405_Race,25,23,5,65,1:18.442,2 Laps,,2,3,4
2026,15_Canadian Tire Motorsport Park,Canadian Tire Motorsport Park,canadian-tire-motorsport-park,2026-07-12,202607121405_Race,25,23,6,12,1:18.225,2 Laps,,2,3,4
2026,15_Canadian Tire Motorsport Park,Canadian Tire Motorsport Park,canadian-tire-motorsport-park,2026-07-12,202607121405_Race,25,23,7,45,1:18.297,2 Laps,,2,3,4
2026,15_Canadian Tire Motorsport Park,Canadian Tire Motorsport Park,canadian-tire-motorsport-park,2026-07-12,202607121405_Race,25,23,8,34,1:17.805,2 Laps,,2,3,4
2026,15_Canadian Tire Motorsport Park,Canadian Tire Motorsport Park,canadian-tire-motorsport-park,2026-07-12,202607121405_Race,25,23,9,36,1:18.473,2 Laps,,2,3,4
2026,15_Canadian Tire Motorsport Park,Canadian Tire Motorsport Park,canadian-tire-motorsport-park,2026-07-12,202607121405_Race,25,25,10,22,1:16.272,7.491,7.491,,3,4
2026,15_Canadian Tire Motorsport Park,Canadian Tire Motorsport Park,canadian-tire-motorsport-park,2026-07-12,202607121405_Race,25,25,11,2,1:14.701,7.826,7.826,,3,4
2026,15_Canadian Tire Motorsport Park,Canadian Tire Motorsport Park,canadian-tire-motorsport-park,2026-07-12,202607121405_Race,25,23,12,57,1:18.173,2 Laps,,2,3,4
2026,15_Canadian Tire Motorsport Park,Canadian Tire Motorsport Park,canadian-tire-motorsport-park,2026-07-12,202607121405_Race,25,23,13,81,1:18.279,2 Laps,,2,3,4
2026,15_Canadian Tire Motorsport Park,Canadian Tire Motorsport Park,canadian-tire-motorsport-park,2026-07-12,202607121405_Race,25,23,14,96,1:18.574,2 Laps,,2,3,4
2026,15_Canadian Tire Motorsport Park,Canadian Tire Motorsport Park,canadian-tire-motorsport-park,2026-07-12,202607121405_Race,25,23,15,66,1:18.560,2 Laps,,2,3,4
2026,15_Canadian Tire Motorsport Park,Canadian Tire Motorsport Park,canadian-tire-motorsport-park,2026-07-12,202607121405_Race,25,25,16,73,1:12.815,12.950,12.950,,3,4
2026,15_Canadian Tire Motorsport Park,Canadian Tire Motorsport Park,canadian-tire-motorsport-park,2026-07-12,202607121405_Race,25,23,17,120,1:18.497,2 Laps,,2,3,4
2026,15_Canadian Tire Motorsport Park,Canadian Tire Motorsport Park,canadian-tire-motorsport-park,2026-07-12,202607121405_Race,25,25,18,04,1:24.289,17.814,17.814,,3,4
2026,15_Canadian Tire Motorsport Park,Canadian Tire Motorsport Park,canadian-tire-motorsport-park,2026-07-12,202607121405_Race,25,23,19,70,1:18.970,2 Laps,,2,3,4
2026,15_Canadian Tire Motorsport Park,Canadian Tire Motorsport Park,canadian-tire-motorsport-park,2026-07-12,202607121405_Race,25,23,20,16,1:19.222,2 Laps,,2,3,4
2026,15_Canadian Tire Motorsport Park,Canadian Tire Motorsport Park,canadian-tire-motorsport-park,2026-07-12,202607121405_Race,25,23,21,13,1:20.442,2 Laps,,2,3,4
2026,15_Canadian Tire Motorsport Park,Canadian Tire Motorsport Park,canadian-tire-motorsport-park,2026-07-12,202607121405_Race,25,15,22,8,1:14.868,10 Laps,,10,3,4
2026,15_Canadian Tire Motorsport Park,Canadian Tire Motorsport Park,canadian-tire-motorsport-park,2026-07-12,202607121405_Race,25,23,23,64,1:16.926,2 Laps,,2,3,4
2026,15_Canadian Tire Motorsport Park,Canadian Tire Motorsport Park,canadian-tire-motorsport-park,2026-07-12,202607121405_Race,25,23,24,68,1:16.630,2 Laps,,2,3,4
2026,15_Canadian Tire Motorsport Park,Canadian Tire Motorsport Park,canadian-tire-motorsport-park,2026-07-12,202607121405_Race,25,25,25,99,1:10.187,54.593,54.593,,3,4
2026,15_Canadian Tire Motorsport Park,Canadian Tire Motorsport Park,canadian-tire-motorsport-park,2026-07-12,202607121405_Race,25,23,26,27,2:15.125,2 Laps,,2,3,4
2026,15_Canadian Tire Motorsport Park,Canadian Tire Motorsport Park,canadian-tire-motorsport-park,2026-07-12,202607121405_Race,25,25,27,11,1:24.234,1:04.624,64.624,,3,4
2026,15_Canadian Tire Motorsport Park,Canadian Tire Motorsport Park,canadian-tire-motorsport-park,2026-07-12,202607121405_Race,26,26,1,43,1:13.375,,,,3,4
2026,15_Canadian Tire Motorsport Park,Canadian Tire Motorsport Park,canadian-tire-motorsport-park,2026-07-12,202607121405_Race,26,24,2,1,1:17.848,2 Laps,,2,3,4
2026,15_Canadian Tire Motorsport Park,Canadian Tire Motorsport Park,canadian-tire-motorsport-park,2026-07-12,202607121405_Race,26,24,3,59,1:17.583,2 Laps,,2,3,4
2026,15_Canadian Tire Motorsport Park,Canadian Tire Motorsport Park,canadian-tire-motorsport-park,2026-07-12,202607121405_Race,26,26,4,52,1:13.295,1.480,1.480,,3,4
2026,15_Canadian Tire Motorsport Park,Canadian Tire Motorsport Park,canadian-tire-motorsport-park,2026-07-12,202607121405_Race,26,24,5,3,1:17.557,2 Laps,,2,3,4
2026,15_Canadian Tire Motorsport Park,Canadian Tire Motorsport Park,canadian-tire-motorsport-park,2026-07-12,202607121405_Race,26,24,6,14,1:17.792,2 Laps,,2,3,4
2026,15_Canadian Tire Motorsport Park,Canadian Tire Motorsport Park,canadian-tire-motorsport-park,2026-07-12,202607121405_Race,26,24,7,77,1:17.609,2 Laps,,2,3,4
2026,15_Canadian Tire Motorsport Park,Canadian Tire Motorsport Park,canadian-tire-motorsport-park,2026-07-12,202607121405_Race,26,24,8,4,1:17.820,2 Laps,,2,3,4
2026,15_Canadian Tire Motorsport Park,Canadian Tire Motorsport Park,canadian-tire-motorsport-park,2026-07-12,202607121405_Race,26,24,9,9,1:17.919,2 Laps,,2,3,4
2026,15_Canadian Tire Motorsport Park,Canadian Tire Motorsport Park,canadian-tire-motorsport-park,2026-07-12,202607121405_Race,26,24,10,65,1:17.260,2 Laps,,2,3,4
2026,15_Canadian Tire Motorsport Park,Canadian Tire Motorsport Park,canadian-tire-motorsport-park,2026-07-12,202607121405_Race,26,26,11,22,1:14.425,8.541,8.541,,3,4
2026,15_Canadian Tire Motorsport Park,Canadian Tire Motorsport Park,canadian-tire-motorsport-park,2026-07-12,202607121405_Race,26,24,12,12,1:17.610,2 Laps,,2,3,4
2026,15_Canadian Tire Motorsport Park,Canadian Tire Motorsport Park,canadian-tire-motorsport-park,2026-07-12,202607121405_Race,26,24,13,45,1:17.871,2 Laps,,2,3,4
2026,15_Canadian Tire Motorsport Park,Canadian Tire Motorsport Park,canadian-tire-motorsport-park,2026-07-12,202607121405_Race,26,26,14,2,1:15.385,9.836,9.836,,3,4
2026,15_Canadian Tire Motorsport Park,Canadian Tire Motorsport Park,canadian-tire-motorsport-park,2026-07-12,202607121405_Race,26,24,15,34,1:17.951,2 Laps,,2,3,4
2026,15_Canadian Tire Motorsport Park,Canadian Tire Motorsport Park,canadian-tire-motorsport-park,2026-07-12,202607121405_Race,26,24,16,36,1:18.444,2 Laps,,2,3,4
2026,15_Canadian Tire Motorsport Park,Canadian Tire Motorsport Park,canadian-tire-motorsport-park,2026-07-12,202607121405_Race,26,24,17,57,1:17.470,2 Laps,,2,3,4
2026,15_Canadian Tire Motorsport Park,Canadian Tire Motorsport Park,canadian-tire-motorsport-park,2026-07-12,202607121405_Race,26,24,18,81,1:17.913,2 Laps,,2,3,4
2026,15_Canadian Tire Motorsport Park,Canadian Tire Motorsport Park,canadian-tire-motorsport-park,2026-07-12,202607121405_Race,26,26,19,73,1:14.482,14.057,14.057,,3,4
2026,15_Canadian Tire Motorsport Park,Canadian Tire Motorsport Park,canadian-tire-motorsport-park,2026-07-12,202607121405_Race,26,24,20,96,1:18.081,2 Laps,,2,3,4
2026,15_Canadian Tire Motorsport Park,Canadian Tire Motorsport Park,canadian-tire-motorsport-park,2026-07-12,202607121405_Race,26,24,21,66,1:18.111,2 Laps,,2,3,4
2026,15_Canadian Tire Motorsport Park,Canadian Tire Motorsport Park,canadian-tire-motorsport-park,2026-07-12,202607121405_Race,26,24,22,120,1:18.158,2 Laps,,2,3,4
2026,15_Canadian Tire Motorsport Park,Canadian Tire Motorsport Park,canadian-tire-motorsport-park,2026-07-12,202607121405_Race,26,24,23,70,1:19.036,2 Laps,,2,3,4
2026,15_Canadian Tire Motorsport Park,Canadian Tire Motorsport Park,canadian-tire-motorsport-park,2026-07-12,202607121405_Race,26,24,24,16,1:18.903,2 Laps,,2,3,4
2026,15_Canadian Tire Motorsport Park,Canadian Tire Motorsport Park,canadian-tire-motorsport-park,2026-07-12,202607121405_Race,26,16,25,8,1:17.767,10 Laps,,10,3,4
2026,15_Canadian Tire Motorsport Park,Canadian Tire Motorsport Park,canadian-tire-motorsport-park,2026-07-12,202607121405_Race,26,24,26,13,1:19.781,2 Laps,,2,3,4
2026,15_Canadian Tire Motorsport Park,Canadian Tire Motorsport Park,canadian-tire-motorsport-park,2026-07-12,202607121405_Race,26,24,27,64,1:16.721,2 Laps,,2,3,4
2026,15_Canadian Tire Motorsport Park,Canadian Tire Motorsport Park,canadian-tire-motorsport-park,2026-07-12,202607121405_Race,26,24,28,68,1:16.447,2 Laps,,2,3,4
2026,15_Canadian Tire Motorsport Park,Canadian Tire Motorsport Park,canadian-tire-motorsport-park,2026-07-12,202607121405_Race,26,26,29,99,1:09.207,50.425,50.425,,3,4
2026,15_Canadian Tire Motorsport Park,Canadian Tire Motorsport Park,canadian-tire-motorsport-park,2026-07-12,202607121405_Race,26,26,30,04,1:53.772,58.211,58.211,,3,4
2026,15_Canadian Tire Motorsport Park,Canadian Tire Motorsport Park,canadian-tire-motorsport-park,2026-07-12,202607121405_Race,26,26,31,11,1:11.521,1:02.770,62.770,,3,5
2026,15_Canadian Tire Motorsport Park,Canadian Tire Motorsport Park,canadian-tire-motorsport-park,2026-07-12,202607121405_Race,27,27,1,43,1:11.244,,,,3,5
2026,15_Canadian Tire Motorsport Park,Canadian Tire Motorsport Park,canadian-tire-motorsport-park,2026-07-12,202607121405_Race,27,27,2,52,1:12.025,2.261,2.261,,3,5
2026,15_Canadian Tire Motorsport Park,Canadian Tire Motorsport Park,canadian-tire-motorsport-park,2026-07-12,202607121405_Race,27,24,3,27,1:29.698,3 Laps,,3,3,5
2026,15_Canadian Tire Motorsport Park,Canadian Tire Motorsport Park,canadian-tire-motorsport-park,2026-07-12,202607121405_Race,27,25,4,1,1:17.918,2 Laps,,2,3,5
2026,15_Canadian Tire Motorsport Park,Canadian Tire Motorsport Park,canadian-tire-motorsport-park,2026-07-12,202607121405_Race,27,25,5,59,1:17.869,2 Laps,,2,3,5
2026,15_Canadian Tire Motorsport Park,Canadian Tire Motorsport Park,canadian-tire-motorsport-park,2026-07-12,202607121405_Race,27,25,6,3,1:17.658,2 Laps,,2,3,5
2026,15_Canadian Tire Motorsport Park,Canadian Tire Motorsport Park,canadian-tire-motorsport-park,2026-07-12,202607121405_Race,27,25,7,14,1:17.524,2 Laps,,2,3,5
2026,15_Canadian Tire Motorsport Park,Canadian Tire Motorsport Park,canadian-tire-motorsport-park,2026-07-12,202607121405_Race,27,25,8,77,1:17.348,2 Laps,,2,3,5
2026,15_Canadian Tire Motorsport Park,Canadian Tire Motorsport Park,canadian-tire-motorsport-park,2026-07-12,202607121405_Race,27,27,9,22,1:12.273,9.570,9.570,,3,5
2026,15_Canadian Tire Motorsport Park,Canadian Tire Motorsport Park,canadian-tire-motorsport-park,2026-07-12,202607121405_Race,27,25,10,4,1:17.323,2 Laps,,2,3,5
2026,15_Canadian Tire Motorsport Park,Canadian Tire Motorsport Park,canadian-tire-motorsport-park,2026-07-12,202607121405_Race,27,25,11,9,1:17.379,2 Laps,,2,3,5
2026,15_Canadian Tire Motorsport Park,Canadian Tire Motorsport Park,canadian-tire-motorsport-park,2026-07-12,202607121405_Race,27,27,12,2,1:14.119,12.711,12.711,,3,5
2026,15_Canadian Tire Motorsport Park,Canadian Tire Motorsport Park,canadian-tire-motorsport-park,2026-07-12,202607121405_Race,27,25,13,65,1:18.777,2 Laps,,2,3,5
2026,15_Canadian Tire Motorsport Park,Canadian Tire Motorsport Park,canadian-tire-motorsport-park,2026-07-12,202607121405_Race,27,25,14,12,1:18.121,2 Laps,,2,3,5
2026,15_Canadian Tire Motorsport Park,Canadian Tire Motorsport Park,canadian-tire-motorsport-park,2026-07-12,202607121405_Race,27,25,15,45,1:18.053,2 Laps,,2,3,5
2026,15_Canadian Tire Motorsport Park,Canadian Tire Motorsport Park,canadian-tire-motorsport-park,2026-07-12,202607121405_Race,27,25,16,34,1:18.123,2 Laps,,2,3,5
2026,15_Canadian Tire Motorsport Park,Canadian Tire Motorsport Park,canadian-tire-motorsport-park,2026-07-12,202607121405_Race,27,27,17,73,1:14.300,17.113,17.113,,3,5
2026,15_Canadian Tire Motorsport Park,Canadian Tire Motorsport Park,canadian-tire-motorsport-park,2026-07-12,202607121405_Race,27,25,18,36,1:17.906,2 Laps,,2,3,5
2026,15_Canadian Tire Motorsport Park,Canadian Tire Motorsport Park,canadian-tire-motorsport-park,2026-07-12,202607121405_Race,27,25,19,57,1:18.027,2 Laps,,2,3,5
2026,15_Canadian Tire Motorsport Park,Canadian Tire Motorsport Park,canadian-tire-motorsport-park,2026-07-12,202607121405_Race,27,25,20,81,1:17.711,2 Laps,,2,3,5
2026,15_Canadian Tire Motorsport Park,Canadian Tire Motorsport Park,canadian-tire-motorsport-park,2026-07-12,202607121405_Race,27,25,21,96,1:17.819,2 Laps,,2,3,5
2026,15_Canadian Tire Motorsport Park,Canadian Tire Motorsport Park,canadian-tire-motorsport-park,2026-07-12,202607121405_Race,27,25,22,66,1:17.695,2 Laps,,2,3,5
2026,15_Canadian Tire Motorsport Park,Canadian Tire Motorsport Park,canadian-tire-motorsport-park,2026-07-12,202607121405_Race,27,25,23,120,1:18.335,2 Laps,,2,3,5
2026,15_Canadian Tire Motorsport Park,Canadian Tire Motorsport Park,canadian-tire-motorsport-park,2026-07-12,202607121405_Race,27,25,24,70,1:18.617,2 Laps,,2,3,5
2026,15_Canadian Tire Motorsport Park,Canadian Tire Motorsport Park,canadian-tire-motorsport-park,2026-07-12,202607121405_Race,27,17,25,8,1:17.570,10 Laps,,10,3,5
2026,15_Canadian Tire Motorsport Park,Canadian Tire Motorsport Park,canadian-tire-motorsport-park,2026-07-12,202607121405_Race,27,25,26,16,1:20.722,2 Laps,,2,3,5
2026,15_Canadian Tire Motorsport Park,Canadian Tire Motorsport Park,canadian-tire-motorsport-park,2026-07-12,202607121405_Race,27,25,27,13,1:18.740,2 Laps,,2,3,5
2026,15_Canadian Tire Motorsport Park,Canadian Tire Motorsport Park,canadian-tire-motorsport-park,2026-07-12,202607121405_Race,27,25,28,64,1:17.186,2 Laps,,2,3,5
2026,15_Canadian Tire Motorsport Park,Canadian Tire Motorsport Park,canadian-tire-motorsport-park,2026-07-12,202607121405_Race,27,27,29,99,1:09.702,48.883,48.883,,3,5
2026,15_Canadian Tire Motorsport Park,Canadian Tire Motorsport Park,canadian-tire-motorsport-park,2026-07-12,202607121405_Race,27,25,30,68,1:16.992,2 Laps,,2,3,5
2026,15_Canadian Tire Motorsport Park,Canadian Tire Motorsport Park,canadian-tire-motorsport-park,2026-07-12,202607121405_Race,27,27,31,04,1:11.276,58.243,58.243,,3,5
2026,15_Canadian Tire Motorsport Park,Canadian Tire Motorsport Park,canadian-tire-motorsport-park,2026-07-12,202607121405_Race,27,27,32,11,1:11.500,1:03.026,63.026,,3,5
2026,15_Canadian Tire Motorsport Park,Canadian Tire Motorsport Park,canadian-tire-motorsport-park,2026-07-12,202607121405_Race,28,28,1,43,1:10.118,,,,3,5
2026,15_Canadian Tire Motorsport Park,Canadian Tire Motorsport Park,canadian-tire-motorsport-park,2026-07-12,202607121405_Race,28,28,2,52,1:09.962,2.105,2.105,,3,5
2026,15_Canadian Tire Motorsport Park,Canadian Tire Motorsport Park,canadian-tire-motorsport-park,2026-07-12,202607121405_Race,28,28,3,22,1:13.618,13.070,13.070,,3,5
2026,15_Canadian Tire Motorsport Park,Canadian Tire Motorsport Park,canadian-tire-motorsport-park,2026-07-12,202607121405_Race,28,26,4,1,1:17.588,2 Laps,,2,3,5
2026,15_Canadian Tire Motorsport Park,Canadian Tire Motorsport Park,canadian-tire-motorsport-park,2026-07-12,202607121405_Race,28,26,5,59,1:17.651,2 Laps,,2,3,5
2026,15_Canadian Tire Motorsport Park,Canadian Tire Motorsport Park,canadian-tire-motorsport-park,2026-07-12,202607121405_Race,28,26,6,3,1:17.714,2 Laps,,2,3,5
2026,15_Canadian Tire Motorsport Park,Canadian Tire Motorsport Park,canadian-tire-motorsport-park,2026-07-12,202607121405_Race,28,26,7,14,1:17.646,2 Laps,,2,3,5
2026,15_Canadian Tire Motorsport Park,Canadian Tire Motorsport Park,canadian-tire-motorsport-park,2026-07-12,202607121405_Race,28,28,8,2,1:14.644,17.237,17.237,,3,5
2026,15_Canadian Tire Motorsport Park,Canadian Tire Motorsport Park,canadian-tire-motorsport-park,2026-07-12,202607121405_Race,28,26,9,77,1:17.881,2 Laps,,2,3,5
2026,15_Canadian Tire Motorsport Park,Canadian Tire Motorsport Park,canadian-tire-motorsport-park,2026-07-12,202607121405_Race,28,26,10,4,1:17.741,2 Laps,,2,3,5
2026,15_Canadian Tire Motorsport Park,Canadian Tire Motorsport Park,canadian-tire-motorsport-park,2026-07-12,202607121405_Race,28,26,11,9,1:17.777,2 Laps,,2,3,5
2026,15_Canadian Tire Motorsport Park,Canadian Tire Motorsport Park,canadian-tire-motorsport-park,2026-07-12,202607121405_Race,28,25,12,27,1:25.287,3 Laps,,3,3,5
2026,15_Canadian Tire Motorsport Park,Canadian Tire Motorsport Park,canadian-tire-motorsport-park,2026-07-12,202607121405_Race,28,26,13,65,1:17.402,2 Laps,,2,3,5
2026,15_Canadian Tire Motorsport Park,Canadian Tire Motorsport Park,canadian-tire-motorsport-park,2026-07-12,202607121405_Race,28,28,14,73,1:13.701,20.696,20.696,,3,5
2026,15_Canadian Tire Motorsport Park,Canadian Tire Motorsport Park,canadian-tire-motorsport-park,2026-07-12,202607121405_Race,28,26,15,12,1:17.962,2 Laps,,2,3,5
2026,15_Canadian Tire Motorsport Park,Canadian Tire Motorsport Park,canadian-tire-motorsport-park,2026-07-12,202607121405_Race,28,26,16,45,1:17.844,2 Laps,,2,3,5
2026,15_Canadian Tire Motorsport Park,Canadian Tire Motorsport Park,canadian-tire-motorsport-park,2026-07-12,202607121405_Race,28,26,17,34,1:17.910,2 Laps,,2,3,5
2026,15_Canadian Tire Motorsport Park,Canadian Tire Motorsport Park,canadian-tire-motorsport-park,2026-07-12,202607121405_Race,28,26,18,36,1:17.552,2 Laps,,2,3,5
2026,15_Canadian Tire Motorsport Park,Canadian Tire Motorsport Park,canadian-tire-motorsport-park,2026-07-12,202607121405_Race,28,26,19,57,1:17.621,2 Laps,,2,3,5
2026,15_Canadian Tire Motorsport Park,Canadian Tire Motorsport Park,canadian-tire-motorsport-park,2026-07-12,202607121405_Race,28,26,20,81,1:17.594,2 Laps,,2,3,5
2026,15_Canadian Tire Motorsport Park,Canadian Tire Motorsport Park,canadian-tire-motorsport-park,2026-07-12,202607121405_Race,28,26,21,96,1:17.877,2 Laps,,2,3,5
2026,15_Canadian Tire Motorsport Park,Canadian Tire Motorsport Park,canadian-tire-motorsport-park,2026-07-12,202607121405_Race,28,26,22,66,1:17.790,2 Laps,,2,3,5
2026,15_Canadian Tire Motorsport Park,Canadian Tire Motorsport Park,canadian-tire-motorsport-park,2026-07-12,202607121405_Race,28,26,23,120,1:18.391,2 Laps,,2,4,1
2026,15_Canadian Tire Motorsport Park,Canadian Tire Motorsport Park,canadian-tire-motorsport-park,2026-07-12,202607121405_Race,28,26,24,70,1:18.726,2 Laps,,2,4,1
2026,15_Canadian Tire Motorsport Park,Canadian Tire Motorsport Park,canadian-tire-motorsport-park,2026-07-12,202607121405_Race,28,18,25,8,1:14.095,10 Laps,,10,4,1
2026,15_Canadian Tire Motorsport Park,Canadian Tire Motorsport Park,canadian-tire-motorsport-park,2026-07-12,202607121405_Race,28,26,26,64,1:17.823,2 Laps,,2,4,1
2026,15_Canadian Tire Motorsport Park,Canadian Tire Motorsport Park,canadian-tire-motorsport-park,2026-07-12,202607121405_Race,28,28,27,99,1:11.359,50.124,50.124,,4,1
2026,15_Canadian Tire Motorsport Park,Canadian Tire Motorsport Park,canadian-tire-motorsport-park,2026-07-12,202607121405_Race,28,26,28,16,1:20.650,2 Laps,,2,4,1
2026,15_Canadian Tire Motorsport Park,Canadian Tire Motorsport Park,canadian-tire-motorsport-park,2026-07-12,202607121405_Race,28,26,29,13,1:20.633,2 Laps,,2,4,1
2026,15_Canadian Tire Motorsport Park,Canadian Tire Motorsport Park,canadian-tire-motorsport-park,2026-07-12,202607121405_Race,28,28,30,04,1:11.209,59.334,59.334,,4,1
2026,15_Canadian Tire Motorsport Park,Canadian Tire Motorsport Park,canadian-tire-motorsport-park,2026-07-12,202607121405_Race,28,26,31,68,1:17.015,2 Laps,,2,4,1
2026,15_Canadian Tire Motorsport Park,Canadian Tire Motorsport Park,canadian-tire-motorsport-park,2026-07-12,202607121405_Race,28,28,32,11,1:12.010,1:04.918,64.918,,4,1
2026,15_Canadian Tire Motorsport Park,Canadian Tire Motorsport Park,canadian-tire-motorsport-park,2026-07-12,202607121405_Race,29,29,1,43,1:10.368,,,,4,1
2026,15_Canadian Tire Motorsport Park,Canadian Tire Motorsport Park,canadian-tire-motorsport-park,2026-07-12,202607121405_Race,29,29,2,52,1:09.562,1.299,1.299,,4,1
2026,15_Canadian Tire Motorsport Park,Canadian Tire Motorsport Park,canadian-tire-motorsport-park,2026-07-12,202607121405_Race,29,29,3,22,1:10.422,13.124,13.124,,4,1
2026,15_Canadian Tire Motorsport Park,Canadian Tire Motorsport Park,canadian-tire-motorsport-park,2026-07-12,202607121405_Race,29,29,4,2,1:14.869,21.738,21.738,,4,1
2026,15_Canadian Tire Motorsport Park,Canadian Tire Motorsport Park,canadian-tire-motorsport-park,2026-07-12,202607121405_Race,29,27,5,1,1:17.885,2 Laps,,2,4,1
2026,15_Canadian Tire Motorsport Park,Canadian Tire Motorsport Park,canadian-tire-motorsport-park,2026-07-12,202607121405_Race,29,27,6,59,1:17.649,2 Laps,,2,4,1
2026,15_Canadian Tire Motorsport Park,Canadian Tire Motorsport Park,canadian-tire-motorsport-park,2026-07-12,202607121405_Race,29,27,7,3,1:17.758,2 Laps,,2,4,1
2026,15_Canadian Tire Motorsport Park,Canadian Tire Motorsport Park,canadian-tire-motorsport-park,2026-07-12,202607121405_Race,29,27,8,14,1:17.668,2 Laps,,2,4,1
2026,15_Canadian Tire Motorsport Park,Canadian Tire Motorsport Park,canadian-tire-motorsport-park,2026-07-12,202607121405_Race,29,27,9,77,1:17.572,2 Laps,,2,4,1
2026,15_Canadian Tire Motorsport Park,Canadian Tire Motorsport Park,canadian-tire-motorsport-park,2026-07-12,202607121405_Race,29,29,10,73,1:14.230,24.558,24.558,,4,1
2026,15_Canadian Tire Motorsport Park,Canadian Tire Motorsport Park,canadian-tire-motorsport-park,2026-07-12,202607121405_Race,29,27,11,9,1:17.711,2 Laps,,2,4,1
2026,15_Canadian Tire Motorsport Park,Canadian Tire Motorsport Park,canadian-tire-motorsport-park,2026-07-12,202607121405_Race,29,27,12,65,1:17.238,2 Laps,,2,4,1
2026,15_Canadian Tire Motorsport Park,Canadian Tire Motorsport Park,canadian-tire-motorsport-park,2026-07-12,202607121405_Race,29,27,13,12,1:17.568,2 Laps,,2,4,1
2026,15_Canadian Tire Motorsport Park,Canadian Tire Motorsport Park,canadian-tire-motorsport-park,2026-07-12,202607121405_Race,29,27,14,45,1:17.594,2 Laps,,2,4,1
2026,15_Canadian Tire Motorsport Park,Canadian Tire Motorsport Park,canadian-tire-motorsport-park,2026-07-12,202607121405_Race,29,27,15,34,1:17.582,2 Laps,,2,4,1
2026,15_Canadian Tire Motorsport Park,Canadian Tire Motorsport Park,canadian-tire-motorsport-park,2026-07-12,202607121405_Race,29,27,16,36,1:17.463,2 Laps,,2,4,1
2026,15_Canadian Tire Motorsport Park,Canadian Tire Motorsport Park,canadian-tire-motorsport-park,2026-07-12,202607121405_Race,29,27,17,4,1:25.351,2 Laps,,2,4,1
2026,15_Canadian Tire Motorsport Park,Canadian Tire Motorsport Park,canadian-tire-motorsport-park,2026-07-12,202607121405_Race,29,27,18,57,1:18.131,2 Laps,,2,4,1
2026,15_Canadian Tire Motorsport Park,Canadian Tire Motorsport Park,canadian-tire-motorsport-park,2026-07-12,202607121405_Race,29,27,19,81,1:17.783,2 Laps,,2,4,1
2026,15_Canadian Tire Motorsport Park,Canadian Tire Motorsport Park,canadian-tire-motorsport-park,2026-07-12,202607121405_Race,29,26,20,27,1:26.495,3 Laps,,3,4,1
2026,15_Canadian Tire Motorsport Park,Canadian Tire Motorsport Park,canadian-tire-motorsport-park,2026-07-12,202607121405_Race,29,27,21,96,1:17.908,2 Laps,,2,4,1
2026,15_Canadian Tire Motorsport Park,Canadian Tire Motorsport Park,canadian-tire-motorsport-park,2026-07-12,202607121405_Race,29,27,22,66,1:17.859,2 Laps,,2,4,1
2026,15_Canadian Tire Motorsport Park,Canadian Tire Motorsport Park,canadian-tire-motorsport-park,2026-07-12,202607121405_Race,29,27,23,120,1:18.350,2 Laps,,2,4,1
2026,15_Canadian Tire Motorsport Park,Canadian Tire Motorsport Park,canadian-tire-motorsport-park,2026-07-12,202607121405_Race,29,19,24,8,1:17.293,10 Laps,,10,4,1
2026,15_Canadian Tire Motorsport Park,Canadian Tire Motorsport Park,canadian-tire-motorsport-park,2026-07-12,202607121405_Race,29,27,25,70,1:19.220,2 Laps,,2,4,1
2026,15_Canadian Tire Motorsport Park,Canadian Tire Motorsport Park,canadian-tire-motorsport-park,2026-07-12,202607121405_Race,29,29,26,99,1:10.914,50.670,50.670,,4,1
2026,15_Canadian Tire Motorsport Park,Canadian Tire Motorsport Park,canadian-tire-motorsport-park,2026-07-12,202607121405_Race,29,27,27,64,1:17.010,2 Laps,,2,4,1
2026,15_Canadian Tire Motorsport Park,Canadian Tire Motorsport Park,canadian-tire-motorsport-park,2026-07-12,202607121405_Race,29,27,28,16,1:19.599,2 Laps,,2,4,1
2026,15_Canadian Tire Motorsport Park,Canadian Tire Motorsport Park,canadian-tire-motorsport-park,2026-07-12,202607121405_Race,29,27,29,13,1:19.744,2 Laps,,2,4,1
2026,15_Canadian Tire Motorsport Park,Canadian Tire Motorsport Park,canadian-tire-motorsport-park,2026-07-12,202607121405_Race,29,29,30,04,1:11.619,1:00.585,60.585,,4,1
2026,15_Canadian Tire Motorsport Park,Canadian Tire Motorsport Park,canadian-tire-motorsport-park,2026-07-12,202607121405_Race,29,29,31,11,1:12.162,1:06.712,66.712,,4,1
2026,15_Canadian Tire Motorsport Park,Canadian Tire Motorsport Park,canadian-tire-motorsport-park,2026-07-12,202607121405_Race,29,27,32,68,1:16.838,2 Laps,,2,4,1
2026,15_Canadian Tire Motorsport Park,Canadian Tire Motorsport Park,canadian-tire-motorsport-park,2026-07-12,202607121405_Race,30,30,1,43,1:09.962,,,,4,1
2026,15_Canadian Tire Motorsport Park,Canadian Tire Motorsport Park,canadian-tire-motorsport-park,2026-07-12,202607121405_Race,30,30,2,52,1:09.626,0.963,0.963,,4,1
2026,15_Canadian Tire Motorsport Park,Canadian Tire Motorsport Park,canadian-tire-motorsport-park,2026-07-12,202607121405_Race,30,30,3,22,1:10.092,13.254,13.254,,4,1
2026,15_Canadian Tire Motorsport Park,Canadian Tire Motorsport Park,canadian-tire-motorsport-park,2026-07-12,202607121405_Race,30,30,4,2,1:11.010,22.786,22.786,,4,1
2026,15_Canadian Tire Motorsport Park,Canadian Tire Motorsport Park,canadian-tire-motorsport-park,2026-07-12,202607121405_Race,30,28,5,1,1:17.508,2 Laps,,2,4,1
2026,15_Canadian Tire Motorsport Park,Canadian Tire Motorsport Park,canadian-tire-motorsport-park,2026-07-12,202607121405_Race,30,30,6,73,1:15.148,29.744,29.744,,4,1
2026,15_Canadian Tire Motorsport Park,Canadian Tire Motorsport Park,canadian-tire-motorsport-park,2026-07-12,202607121405_Race,30,28,7,59,1:17.884,2 Laps,,2,4,1
2026,15_Canadian Tire Motorsport Park,Canadian Tire Motorsport Park,canadian-tire-motorsport-park,2026-07-12,202607121405_Race,30,28,8,3,1:17.675,2 Laps,,2,4,1
2026,15_Canadian Tire Motorsport Park,Canadian Tire Motorsport Park,canadian-tire-motorsport-park,2026-07-12,202607121405_Race,30,28,9,14,1:17.821,2 Laps,,2,4,1
2026,15_Canadian Tire Motorsport Park,Canadian Tire Motorsport Park,canadian-tire-motorsport-park,2026-07-12,202607121405_Race,30,28,10,77,1:17.676,2 Laps,,2,4,1
2026,15_Canadian Tire Motorsport Park,Canadian Tire Motorsport Park,canadian-tire-motorsport-park,2026-07-12,202607121405_Race,30,28,11,9,1:17.154,2 Laps,,2,4,1
2026,15_Canadian Tire Motorsport Park,Canadian Tire Motorsport Park,canadian-tire-motorsport-park,2026-07-12,202607121405_Race,30,28,12,65,1:17.159,2 Laps,,2,4,1
2026,15_Canadian Tire Motorsport Park,Canadian Tire Motorsport Park,canadian-tire-motorsport-park,2026-07-12,202607121405_Race,30,28,13,12,1:17.784,2 Laps,,2,4,1
2026,15_Canadian Tire Motorsport Park,Canadian Tire Motorsport Park,canadian-tire-motorsport-park,2026-07-12,202607121405_Race,30,28,14,45,1:17.750,2 Laps,,2,4,2
2026,15_Canadian Tire Motorsport Park,Canadian Tire Motorsport Park,canadian-tire-motorsport-park,2026-07-12,202607121405_Race,30,28,15,34,1:17.781,2 Laps,,2,4,2
2026,15_Canadian Tire Motorsport Park,Canadian Tire Motorsport Park,canadian-tire-motorsport-park,2026-07-12,202607121405_Race,30,28,16,36,1:17.121,2 Laps,,2,4,2
2026,15_Canadian Tire Motorsport Park,Canadian Tire Motorsport Park,canadian-tire-motorsport-park,2026-07-12,202607121405_Race,30,28,17,57,1:17.416,2 Laps,,2,4,2
2026,15_Canadian Tire Motorsport Park,Canadian Tire Motorsport Park,canadian-tire-motorsport-park,2026-07-12,202607121405_Race,30,28,18,81,1:17.776,2 Laps,,2,4,2
2026,15_Canadian Tire Motorsport Park,Canadian Tire Motorsport Park,canadian-tire-motorsport-park,2026-07-12,202607121405_Race,30,27,19,27,1:16.991,3 Laps,,3,4,2
2026,15_Canadian Tire Motorsport Park,Canadian Tire Motorsport Park,canadian-tire-motorsport-park,2026-07-12,202607121405_Race,30,28,20,96,1:17.717,2 Laps,,2,4,2
2026,15_Canadian Tire Motorsport Park,Canadian Tire Motorsport Park,canadian-tire-motorsport-park,2026-07-12,202607121405_Race,30,28,21,66,1:18.775,2 Laps,,2,4,2
2026,15_Canadian Tire Motorsport Park,Canadian Tire Motorsport Park,canadian-tire-motorsport-park,2026-07-12,202607121405_Race,30,28,22,120,1:18.335,2 Laps,,2,4,2
2026,15_Canadian Tire Motorsport Park,Canadian Tire Motorsport Park,canadian-tire-motorsport-park,2026-07-12,202607121405_Race,30,30,23,99,1:12.905,53.613,53.613,,4,2
2026,15_Canadian Tire Motorsport Park,Canadian Tire Motorsport Park,canadian-tire-motorsport-park,2026-07-12,202607121405_Race,30,20,24,8,1:15.553,10 Laps,,10,4,2
2026,15_Canadian Tire Motorsport Park,Canadian Tire Motorsport Park,canadian-tire-motorsport-park,2026-07-12,202607121405_Race,30,28,25,70,1:19.169,2 Laps,,2,4,2
2026,15_Canadian Tire Motorsport Park,Canadian Tire Motorsport Park,canadian-tire-motorsport-park,2026-07-12,202607121405_Race,30,28,26,64,1:16.698,2 Laps,,2,4,2
2026,15_Canadian Tire Motorsport Park,Canadian Tire Motorsport Park,canadian-tire-motorsport-park,2026-07-12,202607121405_Race,30,30,27,04,1:12.726,1:03.349,63.349,,4,2
2026,15_Canadian Tire Motorsport Park,Canadian Tire Motorsport Park,canadian-tire-motorsport-park,2026-07-12,202607121405_Race,30,28,28,16,1:19.888,2 Laps,,2,4,2
2026,15_Canadian Tire Motorsport Park,Canadian Tire Motorsport Park,canadian-tire-motorsport-park,2026-07-12,202607121405_Race,30,28,29,13,1:19.711,2 Laps,,2,4,2
2026,15_Canadian Tire Motorsport Park,Canadian Tire Motorsport Park,canadian-tire-motorsport-park,2026-07-12,202607121405_Race,30,30,30,11,1:13.502,1:10.252,70.252,,4,2
2026,15_Canadian Tire Motorsport Park,Canadian Tire Motorsport Park,canadian-tire-motorsport-park,2026-07-12,202607121405_Race,31,31,1,43,1:11.090,,,,4,2
2026,15_Canadian Tire Motorsport Park,Canadian Tire Motorsport Park,canadian-tire-motorsport-park,2026-07-12,202607121405_Race,31,31,2,52,1:10.747,0.620,0.620,,4,2
2026,15_Canadian Tire Motorsport Park,Canadian Tire Motorsport Park,canadian-tire-motorsport-park,2026-07-12,202607121405_Race,31,28,3,68,1:17.594,3 Laps,,3,4,2
2026,15_Canadian Tire Motorsport Park,Canadian Tire Motorsport Park,canadian-tire-motorsport-park,2026-07-12,202607121405_Race,31,31,4,22,1:10.496,12.660,12.660,,4,2
2026,15_Canadian Tire Motorsport Park,Canadian Tire Motorsport Park,canadian-tire-motorsport-park,2026-07-12,202607121405_Race,31,28,5,4,2:02.257,3 Laps,,3,4,2
2026,15_Canadian Tire Motorsport Park,Canadian Tire Motorsport Park,canadian-tire-motorsport-park,2026-07-12,202607121405_Race,31,31,6,2,1:10.343,22.039,22.039,,4,2
2026,15_Canadian Tire Motorsport Park,Canadian Tire Motorsport Park,canadian-tire-motorsport-park,2026-07-12,202607121405_Race,31,31,7,73,1:11.738,30.392,30.392,,4,2
2026,15_Canadian Tire Motorsport Park,Canadian Tire Motorsport Park,canadian-tire-motorsport-park,2026-07-12,202607121405_Race,31,29,8,1,1:17.873,2 Laps,,2,4,2
2026,15_Canadian Tire Motorsport Park,Canadian Tire Motorsport Park,canadian-tire-motorsport-park,2026-07-12,202607121405_Race,31,29,9,3,1:17.422,2 Laps,,2,4,2
2026,15_Canadian Tire Motorsport Park,Canadian Tire Motorsport Park,canadian-tire-motorsport-park,2026-07-12,202607121405_Race,31,29,10,14,1:17.452,2 Laps,,2,4,2
2026,15_Canadian Tire Motorsport Park,Canadian Tire Motorsport Park,canadian-tire-motorsport-park,2026-07-12,202607121405_Race,31,29,11,77,1:17.416,2 Laps,,2,4,2
2026,15_Canadian Tire Motorsport Park,Canadian Tire Motorsport Park,canadian-tire-motorsport-park,2026-07-12,202607121405_Race,31,29,12,9,1:17.027,2 Laps,,2,4,2
2026,15_Canadian Tire Motorsport Park,Canadian Tire Motorsport Park,canadian-tire-motorsport-park,2026-07-12,202607121405_Race,31,29,13,65,1:17.133,2 Laps,,2,4,2
2026,15_Canadian Tire Motorsport Park,Canadian Tire Motorsport Park,canadian-tire-motorsport-park,2026-07-12,202607121405_Race,31,29,14,12,1:17.693,2 Laps,,2,4,2
2026,15_Canadian Tire Motorsport Park,Canadian Tire Motorsport Park,canadian-tire-motorsport-park,2026-07-12,202607121405_Race,31,29,15,59,1:25.868,2 Laps,,2,4,2
2026,15_Canadian Tire Motorsport Park,Canadian Tire Motorsport Park,canadian-tire-motorsport-park,2026-07-12,202607121405_Race,31,29,16,45,1:17.718,2 Laps,,2,4,2
2026,15_Canadian Tire Motorsport Park,Canadian Tire Motorsport Park,canadian-tire-motorsport-park,2026-07-12,202607121405_Race,31,29,17,34,1:17.736,2 Laps,,2,4,2
2026,15_Canadian Tire Motorsport Park,Canadian Tire Motorsport Park,canadian-tire-motorsport-park,2026-07-12,202607121405_Race,31,29,18,36,1:17.650,2 Laps,,2,4,2
2026,15_Canadian Tire Motorsport Park,Canadian Tire Motorsport Park,canadian-tire-motorsport-park,2026-07-12,202607121405_Race,31,29,19,57,1:17.322,2 Laps,,2,4,2
2026,15_Canadian Tire Motorsport Park,Canadian Tire Motorsport Park,canadian-tire-motorsport-park,2026-07-12,202607121405_Race,31,29,20,81,1:17.447,2 Laps,,2,4,2
2026,15_Canadian Tire Motorsport Park,Canadian Tire Motorsport Park,canadian-tire-motorsport-park,2026-07-12,202607121405_Race,31,28,21,27,1:17.421,3 Laps,,3,4,2
2026,15_Canadian Tire Motorsport Park,Canadian Tire Motorsport Park,canadian-tire-motorsport-park,2026-07-12,202607121405_Race,31,29,22,96,1:17.811,2 Laps,,2,4,2
2026,15_Canadian Tire Motorsport Park,Canadian Tire Motorsport Park,canadian-tire-motorsport-park,2026-07-12,202607121405_Race,31,31,23,99,1:11.328,53.851,53.851,,4,2
2026,15_Canadian Tire Motorsport Park,Canadian Tire Motorsport Park,canadian-tire-motorsport-park,2026-07-12,202607121405_Race,31,29,24,66,1:18.265,2 Laps,,2,4,2
2026,15_Canadian Tire Motorsport Park,Canadian Tire Motorsport Park,canadian-tire-motorsport-park,2026-07-12,202607121405_Race,31,21,25,8,1:15.106,10 Laps,,10,4,2
2026,15_Canadian Tire Motorsport Park,Canadian Tire Motorsport Park,canadian-tire-motorsport-park,2026-07-12,202607121405_Race,31,29,26,120,1:19.902,2 Laps,,2,4,2
2026,15_Canadian Tire Motorsport Park,Canadian Tire Motorsport Park,canadian-tire-motorsport-park,2026-07-12,202607121405_Race,31,31,27,04,1:12.233,1:04.492,64.492,,4,2
2026,15_Canadian Tire Motorsport Park,Canadian Tire Motorsport Park,canadian-tire-motorsport-park,2026-07-12,202607121405_Race,31,29,28,70,1:18.829,2 Laps,,2,4,2
2026,15_Canadian Tire Motorsport Park,Canadian Tire Motorsport Park,canadian-tire-motorsport-park,2026-07-12,202607121405_Race,31,29,29,64,1:17.238,2 Laps,,2,4,2
2026,15_Canadian Tire Motorsport Park,Canadian Tire Motorsport Park,canadian-tire-motorsport-park,2026-07-12,202607121405_Race,32,32,1,43,1:13.505,,,,4,2
2026,15_Canadian Tire Motorsport Park,Canadian Tire Motorsport Park,canadian-tire-motorsport-park,2026-07-12,202607121405_Race,32,32,2,52,1:13.643,0.758,0.758,,4,2
2026,15_Canadian Tire Motorsport Park,Canadian Tire Motorsport Park,canadian-tire-motorsport-park,2026-07-12,202607121405_Race,32,29,3,16,1:22.070,3 Laps,,3,4,2
2026,15_Canadian Tire Motorsport Park,Canadian Tire Motorsport Park,canadian-tire-motorsport-park,2026-07-12,202607121405_Race,32,29,4,13,1:22.055,3 Laps,,3,4,2
2026,15_Canadian Tire Motorsport Park,Canadian Tire Motorsport Park,canadian-tire-motorsport-park,2026-07-12,202607121405_Race,32,29,5,68,1:17.045,3 Laps,,3,4,2
2026,15_Canadian Tire Motorsport Park,Canadian Tire Motorsport Park,canadian-tire-motorsport-park,2026-07-12,202607121405_Race,32,32,6,22,1:10.191,9.346,9.346,,4,2
2026,15_Canadian Tire Motorsport Park,Canadian Tire Motorsport Park,canadian-tire-motorsport-park,2026-07-12,202607121405_Race,32,29,7,4,1:19.362,3 Laps,,3,4,2
2026,15_Canadian Tire Motorsport Park,Canadian Tire Motorsport Park,canadian-tire-motorsport-park,2026-07-12,202607121405_Race,32,32,8,2,1:13.428,21.962,21.962,,4,2
2026,15_Canadian Tire Motorsport Park,Canadian Tire Motorsport Park,canadian-tire-motorsport-park,2026-07-12,202607121405_Race,32,32,9,73,1:16.371,33.258,33.258,,4,2
2026,15_Canadian Tire Motorsport Park,Canadian Tire Motorsport Park,canadian-tire-motorsport-park,2026-07-12,202607121405_Race,32,30,10,1,1:29.443,2 Laps,,2,4,3
2026,15_Canadian Tire Motorsport Park,Canadian Tire Motorsport Park,canadian-tire-motorsport-park,2026-07-12,202607121405_Race,32,30,11,3,1:30.483,2 Laps,,2,4,3
2026,15_Canadian Tire Motorsport Park,Canadian Tire Motorsport Park,canadian-tire-motorsport-park,2026-07-12,202607121405_Race,32,30,12,14,1:30.571,2 Laps,,2,4,3
2026,15_Canadian Tire Motorsport Park,Canadian Tire Motorsport Park,canadian-tire-motorsport-park,2026-07-12,202607121405_Race,32,30,13,77,1:30.795,2 Laps,,2,4,3
2026,15_Canadian Tire Motorsport Park,Canadian Tire Motorsport Park,canadian-tire-motorsport-park,2026-07-12,202607121405_Race,32,30,14,9,1:30.384,2 Laps,,2,4,3
2026,15_Canadian Tire Motorsport Park,Canadian Tire Motorsport Park,canadian-tire-motorsport-park,2026-07-12,202607121405_Race,32,30,15,65,1:30.580,2 Laps,,2,4,3
2026,15_Canadian Tire Motorsport Park,Canadian Tire Motorsport Park,canadian-tire-motorsport-park,2026-07-12,202607121405_Race,32,30,16,12,1:27.024,2 Laps,,2,4,3
2026,15_Canadian Tire Motorsport Park,Canadian Tire Motorsport Park,canadian-tire-motorsport-park,2026-07-12,202607121405_Race,32,30,17,45,1:35.084,2 Laps,,2,4,3
2026,15_Canadian Tire Motorsport Park,Canadian Tire Motorsport Park,canadian-tire-motorsport-park,2026-07-12,202607121405_Race,32,30,18,34,1:35.070,2 Laps,,2,4,3
2026,15_Canadian Tire Motorsport Park,Canadian Tire Motorsport Park,canadian-tire-motorsport-park,2026-07-12,202607121405_Race,32,30,19,36,1:35.491,2 Laps,,2,4,3
2026,15_Canadian Tire Motorsport Park,Canadian Tire Motorsport Park,canadian-tire-motorsport-park,2026-07-12,202607121405_Race,32,30,20,57,1:34.652,2 Laps,,2,4,3
2026,15_Canadian Tire Motorsport Park,Canadian Tire Motorsport Park,canadian-tire-motorsport-park,2026-07-12,202607121405_Race,32,30,21,81,1:34.479,2 Laps,,2,4,3
2026,15_Canadian Tire Motorsport Park,Canadian Tire Motorsport Park,canadian-tire-motorsport-park,2026-07-12,202607121405_Race,32,29,22,27,1:36.941,3 Laps,,3,4,3
2026,15_Canadian Tire Motorsport Park,Canadian Tire Motorsport Park,canadian-tire-motorsport-park,2026-07-12,202607121405_Race,32,32,23,99,1:33.542,1:13.888,73.888,,4,3
2026,15_Canadian Tire Motorsport Park,Canadian Tire Motorsport Park,canadian-tire-motorsport-park,2026-07-12,202607121405_Race,32,30,24,96,1:35.852,2 Laps,,2,4,3
2026,15_Canadian Tire Motorsport Park,Canadian Tire Motorsport Park,canadian-tire-motorsport-park,2026-07-12,202607121405_Race,32,30,25,66,1:34.501,2 Laps,,2,4,3
2026,15_Canadian Tire Motorsport Park,Canadian Tire Motorsport Park,canadian-tire-motorsport-park,2026-07-12,202607121405_Race,32,22,26,8,1:32.861,10 Laps,,10,4,3
2026,15_Canadian Tire Motorsport Park,Canadian Tire Motorsport Park,canadian-tire-motorsport-park,2026-07-12,202607121405_Race,32,32,27,04,1:27.141,1:18.128,78.128,,4,3
2026,15_Canadian Tire Motorsport Park,Canadian Tire Motorsport Park,canadian-tire-motorsport-park,2026-07-12,202607121405_Race,32,30,28,120,1:30.496,2 Laps,,2,4,3
2026,15_Canadian Tire Motorsport Park,Canadian Tire Motorsport Park,canadian-tire-motorsport-park,2026-07-12,202607121405_Race,32,30,29,70,1:30.295,2 Laps,,2,4,3
2026,15_Canadian Tire Motorsport Park,Canadian Tire Motorsport Park,canadian-tire-motorsport-park,2026-07-12,202607121405_Race,32,30,30,64,1:30.823,2 Laps,,2,4,3
2026,15_Canadian Tire Motorsport Park,Canadian Tire Motorsport Park,canadian-tire-motorsport-park,2026-07-12,202607121405_Race,33,33,1,43,1:55.010,,,,4,3
2026,15_Canadian Tire Motorsport Park,Canadian Tire Motorsport Park,canadian-tire-motorsport-park,2026-07-12,202607121405_Race,33,33,2,52,1:55.136,0.884,0.884,,4,3
2026,15_Canadian Tire Motorsport Park,Canadian Tire Motorsport Park,canadian-tire-motorsport-park,2026-07-12,202607121405_Race,33,30,3,16,1:49.627,3 Laps,,3,4,3
2026,15_Canadian Tire Motorsport Park,Canadian Tire Motorsport Park,canadian-tire-motorsport-park,2026-07-12,202607121405_Race,33,30,4,13,1:50.013,3 Laps,,3,4,3
2026,15_Canadian Tire Motorsport Park,Canadian Tire Motorsport Park,canadian-tire-motorsport-park,2026-07-12,202607121405_Race,33,30,5,68,1:49.212,3 Laps,,3,4,3
2026,15_Canadian Tire Motorsport Park,Canadian Tire Motorsport Park,canadian-tire-motorsport-park,2026-07-12,202607121405_Race,33,33,6,22,1:49.535,3.871,3.871,,4,3
2026,15_Canadian Tire Motorsport Park,Canadian Tire Motorsport Park,canadian-tire-motorsport-park,2026-07-12,202607121405_Race,33,30,7,59,2:29.553,3 Laps,,3,4,3
2026,15_Canadian Tire Motorsport Park,Canadian Tire Motorsport Park,canadian-tire-motorsport-park,2026-07-12,202607121405_Race,33,30,8,4,1:42.040,3 Laps,,3,4,3
2026,15_Canadian Tire Motorsport Park,Canadian Tire Motorsport Park,canadian-tire-motorsport-park,2026-07-12,202607121405_Race,33,33,9,2,1:41.056,8.008,8.008,,4,3
2026,15_Canadian Tire Motorsport Park,Canadian Tire Motorsport Park,canadian-tire-motorsport-park,2026-07-12,202607121405_Race,33,33,10,73,1:32.066,10.314,10.314,,4,3
2026,15_Canadian Tire Motorsport Park,Canadian Tire Motorsport Park,canadian-tire-motorsport-park,2026-07-12,202607121405_Race,33,31,11,1,1:38.018,2 Laps,,2,4,3
2026,15_Canadian Tire Motorsport Park,Canadian Tire Motorsport Park,canadian-tire-motorsport-park,2026-07-12,202607121405_Race,33,31,12,3,1:38.210,2 Laps,,2,4,3
2026,15_Canadian Tire Motorsport Park,Canadian Tire Motorsport Park,canadian-tire-motorsport-park,2026-07-12,202607121405_Race,33,31,13,14,1:39.432,2 Laps,,2,4,3
2026,15_Canadian Tire Motorsport Park,Canadian Tire Motorsport Park,canadian-tire-motorsport-park,2026-07-12,202607121405_Race,33,31,14,77,1:40.578,2 Laps,,2,4,3
2026,15_Canadian Tire Motorsport Park,Canadian Tire Motorsport Park,canadian-tire-motorsport-park,2026-07-12,202607121405_Race,33,31,15,9,1:40.652,2 Laps,,2,4,3
2026,15_Canadian Tire Motorsport Park,Canadian Tire Motorsport Park,canadian-tire-motorsport-park,2026-07-12,202607121405_Race,33,31,16,65,1:42.653,2 Laps,,2,4,3
2026,15_Canadian Tire Motorsport Park,Canadian Tire Motorsport Park,canadian-tire-motorsport-park,2026-07-12,202607121405_Race,33,31,17,12,1:47.463,2 Laps,,2,4,3
2026,15_Canadian Tire Motorsport Park,Canadian Tire Motorsport Park,canadian-tire-motorsport-park,2026-07-12,202607121405_Race,33,31,18,45,1:47.237,2 Laps,,2,4,3
2026,15_Canadian Tire Motorsport Park,Canadian Tire Motorsport Park,canadian-tire-motorsport-park,2026-07-12,202607121405_Race,33,31,19,34,1:48.013,2 Laps,,2,4,3
2026,15_Canadian Tire Motorsport Park,Canadian Tire Motorsport Park,canadian-tire-motorsport-park,2026-07-12,202607121405_Race,33,31,20,36,1:47.864,2 Laps,,2,4,3
2026,15_Canadian Tire Motorsport Park,Canadian Tire Motorsport Park,canadian-tire-motorsport-park,2026-07-12,202607121405_Race,33,31,21,57,1:47.978,2 Laps,,2,4,3
2026,15_Canadian Tire Motorsport Park,Canadian Tire Motorsport Park,canadian-tire-motorsport-park,2026-07-12,202607121405_Race,33,31,22,81,1:48.287,2 Laps,,2,4,3
2026,15_Canadian Tire Motorsport Park,Canadian Tire Motorsport Park,canadian-tire-motorsport-park,2026-07-12,202607121405_Race,33,30,23,27,1:47.632,3 Laps,,3,4,3
2026,15_Canadian Tire Motorsport Park,Canadian Tire Motorsport Park,canadian-tire-motorsport-park,2026-07-12,202607121405_Race,33,33,24,99,1:47.770,1:06.648,66.648,,4,3
2026,15_Canadian Tire Motorsport Park,Canadian Tire Motorsport Park,canadian-tire-motorsport-park,2026-07-12,202607121405_Race,33,31,25,96,1:48.184,2 Laps,,2,4,3
2026,15_Canadian Tire Motorsport Park,Canadian Tire Motorsport Park,canadian-tire-motorsport-park,2026-07-12,202607121405_Race,33,31,26,66,1:48.831,2 Laps,,2,4,3
2026,15_Canadian Tire Motorsport Park,Canadian Tire Motorsport Park,canadian-tire-motorsport-park,2026-07-12,202607121405_Race,33,23,27,8,1:49.259,10 Laps,,10,4,3
2026,15_Canadian Tire Motorsport Park,Canadian Tire Motorsport Park,canadian-tire-motorsport-park,2026-07-12,202607121405_Race,33,33,28,04,1:49.145,1:12.263,72.263,,4,3
2026,15_Canadian Tire Motorsport Park,Canadian Tire Motorsport Park,canadian-tire-motorsport-park,2026-07-12,202607121405_Race,33,31,29,120,1:50.125,2 Laps,,2,4,3
2026,15_Canadian Tire Motorsport Park,Canadian Tire Motorsport Park,canadian-tire-motorsport-park,2026-07-12,202607121405_Race,33,31,30,70,1:50.612,2 Laps,,2,4,3
2026,15_Canadian Tire Motorsport Park,Canadian Tire Motorsport Park,canadian-tire-motorsport-park,2026-07-12,202607121405_Race,33,31,31,64,1:51.097,2 Laps,,2,4,3
2026,15_Canadian Tire Motorsport Park,Canadian Tire Motorsport Park,canadian-tire-motorsport-park,2026-07-12,202607121405_Race,33,31,32,16,1:50.645,2 Laps,,2,4,3
2026,15_Canadian Tire Motorsport Park,Canadian Tire Motorsport Park,canadian-tire-motorsport-park,2026-07-12,202607121405_Race,33,31,33,13,1:50.349,2 Laps,,2,4,3
2026,15_Canadian Tire Motorsport Park,Canadian Tire Motorsport Park,canadian-tire-motorsport-park,2026-07-12,202607121405_Race,33,31,34,68,1:50.277,2 Laps,,2,4,3
2026,15_Canadian Tire Motorsport Park,Canadian Tire Motorsport Park,canadian-tire-motorsport-park,2026-07-12,202607121405_Race,33,31,35,59,1:50.746,2 Laps,,2,4,3
2026,15_Canadian Tire Motorsport Park,Canadian Tire Motorsport Park,canadian-tire-motorsport-park,2026-07-12,202607121405_Race,33,31,36,4,1:50.088,2 Laps,,2,4,3
2026,15_Canadian Tire Motorsport Park,Canadian Tire Motorsport Park,canadian-tire-motorsport-park,2026-07-12,202607121405_Race,33,32,37,1,1:51.210,1 Lap,,1,4,4
2026,15_Canadian Tire Motorsport Park,Canadian Tire Motorsport Park,canadian-tire-motorsport-park,2026-07-12,202607121405_Race,33,32,38,3,1:50.566,1 Lap,,1,4,4
2026,15_Canadian Tire Motorsport Park,Canadian Tire Motorsport Park,canadian-tire-motorsport-park,2026-07-12,202607121405_Race,33,32,39,14,1:49.478,1 Lap,,1,4,4
2026,15_Canadian Tire Motorsport Park,Canadian Tire Motorsport Park,canadian-tire-motorsport-park,2026-07-12,202607121405_Race,33,32,40,77,1:48.700,1 Lap,,1,4,4
2026,15_Canadian Tire Motorsport Park,Canadian Tire Motorsport Park,canadian-tire-motorsport-park,2026-07-12,202607121405_Race,33,32,41,9,1:48.685,1 Lap,,1,4,4
2026,15_Canadian Tire Motorsport Park,Canadian Tire Motorsport Park,canadian-tire-motorsport-park,2026-07-12,202607121405_Race,34,34,1,43,2:30.751,,,,4,4
2026,15_Canadian Tire Motorsport Park,Canadian Tire Motorsport Park,canadian-tire-motorsport-park,2026-07-12,202607121405_Race,34,34,2,52,2:30.366,0.499,0.499,,4,4
2026,15_Canadian Tire Motorsport Park,Canadian Tire Motorsport Park,canadian-tire-motorsport-park,2026-07-12,202607121405_Race,34,32,3,65,1:45.949,2 Laps,,2,4,4
2026,15_Canadian Tire Motorsport Park,Canadian Tire Motorsport Park,canadian-tire-motorsport-park,2026-07-12,202607121405_Race,34,34,4,22,2:27.920,1.040,1.040,,4,4
2026,15_Canadian Tire Motorsport Park,Canadian Tire Motorsport Park,canadian-tire-motorsport-park,2026-07-12,202607121405_Race,34,32,5,12,1:41.081,2 Laps,,2,4,4
2026,15_Canadian Tire Motorsport Park,Canadian Tire Motorsport Park,canadian-tire-motorsport-park,2026-07-12,202607121405_Race,34,34,6,2,2:24.471,1.728,1.728,,4,4
2026,15_Canadian Tire Motorsport Park,Canadian Tire Motorsport Park,canadian-tire-motorsport-park,2026-07-12,202607121405_Race,34,34,7,73,2:22.790,2.353,2.353,,4,4
2026,15_Canadian Tire Motorsport Park,Canadian Tire Motorsport Park,canadian-tire-motorsport-park,2026-07-12,202607121405_Race,34,32,8,45,1:34.576,2 Laps,,2,4,4
2026,15_Canadian Tire Motorsport Park,Canadian Tire Motorsport Park,canadian-tire-motorsport-park,2026-07-12,202607121405_Race,34,32,9,34,1:34.105,2 Laps,,2,4,4
2026,15_Canadian Tire Motorsport Park,Canadian Tire Motorsport Park,canadian-tire-motorsport-park,2026-07-12,202607121405_Race,34,32,10,36,1:33.859,2 Laps,,2,4,4
2026,15_Canadian Tire Motorsport Park,Canadian Tire Motorsport Park,canadian-tire-motorsport-park,2026-07-12,202607121405_Race,34,32,11,57,1:33.647,2 Laps,,2,4,4
2026,15_Canadian Tire Motorsport Park,Canadian Tire Motorsport Park,canadian-tire-motorsport-park,2026-07-12,202607121405_Race,34,32,12,81,1:33.597,2 Laps,,2,4,4
2026,15_Canadian Tire Motorsport Park,Canadian Tire Motorsport Park,canadian-tire-motorsport-park,2026-07-12,202607121405_Race,34,31,13,27,1:32.990,3 Laps,,3,4,4
2026,15_Canadian Tire Motorsport Park,Canadian Tire Motorsport Park,canadian-tire-motorsport-park,2026-07-12,202607121405_Race,34,32,14,96,1:31.917,2 Laps,,2,4,4
2026,15_Canadian Tire Motorsport Park,Canadian Tire Motorsport Park,canadian-tire-motorsport-park,2026-07-12,202607121405_Race,34,32,15,66,1:31.274,2 Laps,,2,4,4
2026,15_Canadian Tire Motorsport Park,Canadian Tire Motorsport Park,canadian-tire-motorsport-park,2026-07-12,202607121405_Race,34,24,16,8,1:30.313,10 Laps,,10,4,4
2026,15_Canadian Tire Motorsport Park,Canadian Tire Motorsport Park,canadian-tire-motorsport-park,2026-07-12,202607121405_Race,34,34,17,04,1:30.044,11.556,11.556,,4,4
2026,15_Canadian Tire Motorsport Park,Canadian Tire Motorsport Park,canadian-tire-motorsport-park,2026-07-12,202607121405_Race,34,32,18,120,1:28.811,2 Laps,,2,4,4
2026,15_Canadian Tire Motorsport Park,Canadian Tire Motorsport Park,canadian-tire-motorsport-park,2026-07-12,202607121405_Race,34,34,19,99,1:39.187,15.084,15.084,,4,4
2026,15_Canadian Tire Motorsport Park,Canadian Tire Motorsport Park,canadian-tire-motorsport-park,2026-07-12,202607121405_Race,34,32,20,70,1:28.119,2 Laps,,2,4,4
2026,15_Canadian Tire Motorsport Park,Canadian Tire Motorsport Park,canadian-tire-motorsport-park,2026-07-12,202607121405_Race,34,32,21,64,1:29.347,2 Laps,,2,4,4
2026,15_Canadian Tire Motorsport Park,Canadian Tire Motorsport Park,canadian-tire-motorsport-park,2026-07-12,202607121405_Race,34,32,22,16,1:25.499,2 Laps,,2,4,4
2026,15_Canadian Tire Motorsport Park,Canadian Tire Motorsport Park,canadian-tire-motorsport-park,2026-07-12,202607121405_Race,34,32,23,13,1:25.494,2 Laps,,2,4,4
2026,15_Canadian Tire Motorsport Park,Canadian Tire Motorsport Park,canadian-tire-motorsport-park,2026-07-12,202607121405_Race,34,32,24,68,1:25.339,2 Laps,,2,4,4
2026,15_Canadian Tire Motorsport Park,Canadian Tire Motorsport Park,canadian-tire-motorsport-park,2026-07-12,202607121405_Race,34,32,25,59,1:22.792,2 Laps,,2,4,4
2026,15_Canadian Tire Motorsport Park,Canadian Tire Motorsport Park,canadian-tire-motorsport-park,2026-07-12,202607121405_Race,34,32,26,4,1:23.063,2 Laps,,2,4,4
2026,15_Canadian Tire Motorsport Park,Canadian Tire Motorsport Park,canadian-tire-motorsport-park,2026-07-12,202607121405_Race,34,32,27,27,2:00.231,2 Laps,,2,4,4
2026,15_Canadian Tire Motorsport Park,Canadian Tire Motorsport Park,canadian-tire-motorsport-park,2026-07-12,202607121405_Race,34,33,28,1,2:14.964,1 Lap,,1,4,4
2026,15_Canadian Tire Motorsport Park,Canadian Tire Motorsport Park,canadian-tire-motorsport-park,2026-07-12,202607121405_Race,34,33,29,3,2:14.158,1 Lap,,1,4,4
2026,15_Canadian Tire Motorsport Park,Canadian Tire Motorsport Park,canadian-tire-motorsport-park,2026-07-12,202607121405_Race,34,25,30,8,2:00.194,9 Laps,,9,4,4
2026,15_Canadian Tire Motorsport Park,Canadian Tire Motorsport Park,canadian-tire-motorsport-park,2026-07-12,202607121405_Race,34,33,31,14,2:13.669,1 Lap,,1,4,4
2026,15_Canadian Tire Motorsport Park,Canadian Tire Motorsport Park,canadian-tire-motorsport-park,2026-07-12,202607121405_Race,35,35,1,04,2:00.681,,,,4,4
2026,15_Canadian Tire Motorsport Park,Canadian Tire Motorsport Park,canadian-tire-motorsport-park,2026-07-12,202607121405_Race,35,33,2,77,2:12.952,2 Laps,,2,4,4
2026,15_Canadian Tire Motorsport Park,Canadian Tire Motorsport Park,canadian-tire-motorsport-park,2026-07-12,202607121405_Race,35,33,3,9,2:12.899,2 Laps,,2,4,4
2026,15_Canadian Tire Motorsport Park,Canadian Tire Motorsport Park,canadian-tire-motorsport-park,2026-07-12,202607121405_Race,35,33,4,65,2:12.692,2 Laps,,2,4,4
2026,15_Canadian Tire Motorsport Park,Canadian Tire Motorsport Park,canadian-tire-motorsport-park,2026-07-12,202607121405_Race,35,33,5,12,2:12.339,2 Laps,,2,4,4
2026,15_Canadian Tire Motorsport Park,Canadian Tire Motorsport Park,canadian-tire-motorsport-park,2026-07-12,202607121405_Race,35,35,6,99,1:59.805,2.652,2.652,,4,4
2026,15_Canadian Tire Motorsport Park,Canadian Tire Motorsport Park,canadian-tire-motorsport-park,2026-07-12,202607121405_Race,35,35,7,43,2:18.672,6.435,6.435,,4,4
2026,15_Canadian Tire Motorsport Park,Canadian Tire Motorsport Park,canadian-tire-motorsport-park,2026-07-12,202607121405_Race,35,33,8,59,1:31.650,2 Laps,,2,4,4
2026,15_Canadian Tire Motorsport Park,Canadian Tire Motorsport Park,canadian-tire-motorsport-park,2026-07-12,202607121405_Race,35,33,9,64,2:01.265,2 Laps,,2,4,4
2026,15_Canadian Tire Motorsport Park,Canadian Tire Motorsport Park,canadian-tire-motorsport-park,2026-07-12,202607121405_Race,35,35,10,2,2:19.686,9.177,9.177,,4,4
2026,15_Canadian Tire Motorsport Park,Canadian Tire Motorsport Park,canadian-tire-motorsport-park,2026-07-12,202607121405_Race,35,35,11,73,2:20.678,10.794,10.794,,4,4
2026,15_Canadian Tire Motorsport Park,Canadian Tire Motorsport Park,canadian-tire-motorsport-park,2026-07-12,202607121405_Race,35,35,12,22,2:22.422,11.225,11.225,,4,4
2026,15_Canadian Tire Motorsport Park,Canadian Tire Motorsport Park,canadian-tire-motorsport-park,2026-07-12,202607121405_Race,35,33,13,68,1:39.546,2 Laps,,2,4,4
2026,15_Canadian Tire Motorsport Park,Canadian Tire Motorsport Park,canadian-tire-motorsport-park,2026-07-12,202607121405_Race,35,33,14,4,1:38.389,2 Laps,,2,4,4
2026,15_Canadian Tire Motorsport Park,Canadian Tire Motorsport Park,canadian-tire-motorsport-park,2026-07-12,202607121405_Race,35,33,15,45,2:38.621,2 Laps,,2,4,4
2026,15_Canadian Tire Motorsport Park,Canadian Tire Motorsport Park,canadian-tire-motorsport-park,2026-07-12,202607121405_Race,35,33,16,34,2:38.035,2 Laps,,2,4,4
2026,15_Canadian Tire Motorsport Park,Canadian Tire Motorsport Park,canadian-tire-motorsport-park,2026-07-12,202607121405_Race,35,33,17,57,2:37.472,2 Laps,,2,4,4
2026,15_Canadian Tire Motorsport Park,Canadian Tire Motorsport Park,canadian-tire-motorsport-park,2026-07-12,202607121405_Race,35,33,18,96,2:36.199,2 Laps,,2,4,4
2026,15_Canadian Tire Motorsport Park,Canadian Tire Motorsport Park,canadian-tire-motorsport-park,2026-07-12,202607121405_Race,35,33,19,70,2:30.347,2 Laps,,2,4,4
2026,15_Canadian Tire Motorsport Park,Canadian Tire Motorsport Park,canadian-tire-motorsport-park,2026-07-12,202607121405_Race,35,33,20,120,2:35.083,2 Laps,,2,4,5
2026,15_Canadian Tire Motorsport Park,Canadian Tire Motorsport Park,canadian-tire-motorsport-park,2026-07-12,202607121405_Race,35,33,21,81,2:41.908,2 Laps,,2,4,5
2026,15_Canadian Tire Motorsport Park,Canadian Tire Motorsport Park,canadian-tire-motorsport-park,2026-07-12,202607121405_Race,35,33,22,66,2:42.089,2 Laps,,2,4,5
2026,15_Canadian Tire Motorsport Park,Canadian Tire Motorsport Park,canadian-tire-motorsport-park,2026-07-12,202607121405_Race,35,35,23,52,2:53.387,41.649,41.649,,4,5
2026,15_Canadian Tire Motorsport Park,Canadian Tire Motorsport Park,canadian-tire-motorsport-park,2026-07-12,202607121405_Race,35,33,24,36,2:49.447,2 Laps,,2,4,5
2026,15_Canadian Tire Motorsport Park,Canadian Tire Motorsport Park,canadian-tire-motorsport-park,2026-07-12,202607121405_Race,35,33,25,16,2:07.676,2 Laps,,2,4,5
2026,15_Canadian Tire Motorsport Park,Canadian Tire Motorsport Park,canadian-tire-motorsport-park,2026-07-12,202607121405_Race,35,33,26,13,2:07.804,2 Laps,,2,4,5
2026,15_Canadian Tire Motorsport Park,Canadian Tire Motorsport Park,canadian-tire-motorsport-park,2026-07-12,202607121405_Race,35,33,27,27,1:48.909,2 Laps,,2,4,5
2026,15_Canadian Tire Motorsport Park,Canadian Tire Motorsport Park,canadian-tire-motorsport-park,2026-07-12,202607121405_Race,35,26,28,8,1:46.765,9 Laps,,9,4,5
2026,15_Canadian Tire Motorsport Park,Canadian Tire Motorsport Park,canadian-tire-motorsport-park,2026-07-12,202607121405_Race,36,36,1,04,2:05.358,,,,4,5
2026,15_Canadian Tire Motorsport Park,Canadian Tire Motorsport Park,canadian-tire-motorsport-park,2026-07-12,202607121405_Race,36,36,2,99,2:03.224,0.518,0.518,,4,5
2026,15_Canadian Tire Motorsport Park,Canadian Tire Motorsport Park,canadian-tire-motorsport-park,2026-07-12,202607121405_Race,36,36,3,43,2:00.593,1.670,1.670,,4,5
2026,15_Canadian Tire Motorsport Park,Canadian Tire Motorsport Park,canadian-tire-motorsport-park,2026-07-12,202607121405_Race,36,36,4,2,1:58.571,2.390,2.390,,4,5
2026,15_Canadian Tire Motorsport Park,Canadian Tire Motorsport Park,canadian-tire-motorsport-park,2026-07-12,202607121405_Race,36,36,5,73,1:57.783,3.219,3.219,,4,5
2026,15_Canadian Tire Motorsport Park,Canadian Tire Motorsport Park,canadian-tire-motorsport-park,2026-07-12,202607121405_Race,36,36,6,22,1:58.182,4.049,4.049,,4,5
2026,15_Canadian Tire Motorsport Park,Canadian Tire Motorsport Park,canadian-tire-motorsport-park,2026-07-12,202607121405_Race,36,34,7,59,2:02.057,2 Laps,,2,4,5
2026,15_Canadian Tire Motorsport Park,Canadian Tire Motorsport Park,canadian-tire-motorsport-park,2026-07-12,202607121405_Race,36,34,8,14,2:17.440,2 Laps,,2,4,5
2026,15_Canadian Tire Motorsport Park,Canadian Tire Motorsport Park,canadian-tire-motorsport-park,2026-07-12,202607121405_Race,36,34,9,1,2:22.101,2 Laps,,2,4,5
2026,15_Canadian Tire Motorsport Park,Canadian Tire Motorsport Park,canadian-tire-motorsport-park,2026-07-12,202607121405_Race,36,36,10,52,1:41.210,17.501,17.501,,4,5
2026,15_Canadian Tire Motorsport Park,Canadian Tire Motorsport Park,canadian-tire-motorsport-park,2026-07-12,202607121405_Race,36,34,11,77,2:25.615,2 Laps,,2,4,5
2026,15_Canadian Tire Motorsport Park,Canadian Tire Motorsport Park,canadian-tire-motorsport-park,2026-07-12,202607121405_Race,36,34,12,65,2:25.688,2 Laps,,2,4,5
2026,15_Canadian Tire Motorsport Park,Canadian Tire Motorsport Park,canadian-tire-motorsport-park,2026-07-12,202607121405_Race,36,34,13,9,2:26.824,2 Laps,,2,4,5
2026,15_Canadian Tire Motorsport Park,Canadian Tire Motorsport Park,canadian-tire-motorsport-park,2026-07-12,202607121405_Race,36,34,14,4,2:12.454,2 Laps,,2,4,5
2026,15_Canadian Tire Motorsport Park,Canadian Tire Motorsport Park,canadian-tire-motorsport-park,2026-07-12,202607121405_Race,36,34,15,68,2:13.753,2 Laps,,2,4,5
2026,15_Canadian Tire Motorsport Park,Canadian Tire Motorsport Park,canadian-tire-motorsport-park,2026-07-12,202607121405_Race,36,34,16,64,2:21.042,2 Laps,,2,4,5
2026,15_Canadian Tire Motorsport Park,Canadian Tire Motorsport Park,canadian-tire-motorsport-park,2026-07-12,202607121405_Race,36,34,17,3,2:32.114,2 Laps,,2,4,5
2026,15_Canadian Tire Motorsport Park,Canadian Tire Motorsport Park,canadian-tire-motorsport-park,2026-07-12,202607121405_Race,36,34,18,12,2:32.488,2 Laps,,2,4,5
2026,15_Canadian Tire Motorsport Park,Canadian Tire Motorsport Park,canadian-tire-motorsport-park,2026-07-12,202607121405_Race,36,34,19,45,2:05.132,2 Laps,,2,4,5
2026,15_Canadian Tire Motorsport Park,Canadian Tire Motorsport Park,canadian-tire-motorsport-park,2026-07-12,202607121405_Race,36,34,20,34,2:05.575,2 Laps,,2,4,5
2026,15_Canadian Tire Motorsport Park,Canadian Tire Motorsport Park,canadian-tire-motorsport-park,2026-07-12,202607121405_Race,36,34,21,57,2:06.741,2 Laps,,2,4,5
2026,15_Canadian Tire Motorsport Park,Canadian Tire Motorsport Park,canadian-tire-motorsport-park,2026-07-12,202607121405_Race,36,34,22,96,2:08.222,2 Laps,,2,4,5
2026,15_Canadian Tire Motorsport Park,Canadian Tire Motorsport Park,canadian-tire-motorsport-park,2026-07-12,202607121405_Race,36,34,23,70,2:08.139,2 Laps,,2,4,5
2026,15_Canadian Tire Motorsport Park,Canadian Tire Motorsport Park,canadian-tire-motorsport-park,2026-07-12,202607121405_Race,36,34,24,120,2:08.088,2 Laps,,2,4,5
2026,15_Canadian Tire Motorsport Park,Canadian Tire Motorsport Park,canadian-tire-motorsport-park,2026-07-12,202607121405_Race,36,34,25,81,2:08.580,2 Laps,,2,4,5
2026,15_Canadian Tire Motorsport Park,Canadian Tire Motorsport Park,canadian-tire-motorsport-park,2026-07-12,202607121405_Race,36,34,26,66,2:07.830,2 Laps,,2,4,5
2026,15_Canadian Tire Motorsport Park,Canadian Tire Motorsport Park,canadian-tire-motorsport-park,2026-07-12,202607121405_Race,36,34,27,13,2:06.143,2 Laps,,2,4,5
2026,15_Canadian Tire Motorsport Park,Canadian Tire Motorsport Park,canadian-tire-motorsport-park,2026-07-12,202607121405_Race,36,34,28,16,2:20.136,2 Laps,,2,4,5
2026,15_Canadian Tire Motorsport Park,Canadian Tire Motorsport Park,canadian-tire-motorsport-park,2026-07-12,202607121405_Race,36,34,29,27,1:22.241,2 Laps,,2,4,5
2026,15_Canadian Tire Motorsport Park,Canadian Tire Motorsport Park,canadian-tire-motorsport-park,2026-07-12,202607121405_Race,36,27,30,8,1:33.849,9 Laps,,9,4,5
2026,15_Canadian Tire Motorsport Park,Canadian Tire Motorsport Park,canadian-tire-motorsport-park,2026-07-12,202607121405_Race,37,37,1,04,2:36.424,,,,4,5
2026,15_Canadian Tire Motorsport Park,Canadian Tire Motorsport Park,canadian-tire-motorsport-park,2026-07-12,202607121405_Race,37,37,2,99,2:36.392,0.486,0.486,,4,5
2026,15_Canadian Tire Motorsport Park,Canadian Tire Motorsport Park,canadian-tire-motorsport-park,2026-07-12,202607121405_Race,37,37,3,43,2:36.062,1.308,1.308,,4,5
2026,15_Canadian Tire Motorsport Park,Canadian Tire Motorsport Park,canadian-tire-motorsport-park,2026-07-12,202607121405_Race,37,37,4,2,2:35.555,1.521,1.521,,4,5
2026,15_Canadian Tire Motorsport Park,Canadian Tire Motorsport Park,canadian-tire-motorsport-park,2026-07-12,202607121405_Race,37,37,5,73,2:35.232,2.027,2.027,,4,5
2026,15_Canadian Tire Motorsport Park,Canadian Tire Motorsport Park,canadian-tire-motorsport-park,2026-07-12,202607121405_Race,37,37,6,22,2:34.665,2.290,2.290,,4,5
2026,15_Canadian Tire Motorsport Park,Canadian Tire Motorsport Park,canadian-tire-motorsport-park,2026-07-12,202607121405_Race,37,37,7,52,2:21.620,2.697,2.697,,4,5
2026,15_Canadian Tire Motorsport Park,Canadian Tire Motorsport Park,canadian-tire-motorsport-park,2026-07-12,202607121405_Race,37,35,8,14,2:35.614,2 Laps,,2,4,5
2026,15_Canadian Tire Motorsport Park,Canadian Tire Motorsport Park,canadian-tire-motorsport-park,2026-07-12,202607121405_Race,37,35,9,59,2:42.224,2 Laps,,2,4,5
2026,15_Canadian Tire Motorsport Park,Canadian Tire Motorsport Park,canadian-tire-motorsport-park,2026-07-12,202607121405_Race,37,35,10,77,2:27.885,2 Laps,,2,4,5
2026,15_Canadian Tire Motorsport Park,Canadian Tire Motorsport Park,canadian-tire-motorsport-park,2026-07-12,202607121405_Race,37,35,11,1,2:33.111,2 Laps,,2,4,5
2026,15_Canadian Tire Motorsport Park,Canadian Tire Motorsport Park,canadian-tire-motorsport-park,2026-07-12,202607121405_Race,37,35,12,65,2:27.301,2 Laps,,2,4,5
2026,15_Canadian Tire Motorsport Park,Canadian Tire Motorsport Park,canadian-tire-motorsport-park,2026-07-12,202607121405_Race,37,35,13,9,2:26.869,2 Laps,,2,4,5
2026,15_Canadian Tire Motorsport Park,Canadian Tire Motorsport Park,canadian-tire-motorsport-park,2026-07-12,202607121405_Race,37,35,14,4,2:26.080,2 Laps,,2,4,5
2026,15_Canadian Tire Motorsport Park,Canadian Tire Motorsport Park,canadian-tire-motorsport-park,2026-07-12,202607121405_Race,37,35,15,68,2:25.731,2 Laps,,2,4,5
2026,15_Canadian Tire Motorsport Park,Canadian Tire Motorsport Park,canadian-tire-motorsport-park,2026-07-12,202607121405_Race,37,35,16,64,2:24.975,2 Laps,,2,4,5
2026,15_Canadian Tire Motorsport Park,Canadian Tire Motorsport Park,canadian-tire-motorsport-park,2026-07-12,202607121405_Race,37,35,17,3,2:23.922,2 Laps,,2,5,1
2026,15_Canadian Tire Motorsport Park,Canadian Tire Motorsport Park,canadian-tire-motorsport-park,2026-07-12,202607121405_Race,37,35,18,45,2:21.316,2 Laps,,2,5,1
2026,15_Canadian Tire Motorsport Park,Canadian Tire Motorsport Park,canadian-tire-motorsport-park,2026-07-12,202607121405_Race,37,35,19,57,2:19.420,2 Laps,,2,5,1
2026,15_Canadian Tire Motorsport Park,Canadian Tire Motorsport Park,canadian-tire-motorsport-park,2026-07-12,202607121405_Race,37,35,20,12,2:22.706,2 Laps,,2,5,1
2026,15_Canadian Tire Motorsport Park,Canadian Tire Motorsport Park,canadian-tire-motorsport-park,2026-07-12,202607121405_Race,37,35,21,34,2:21.302,2 Laps,,2,5,1
2026,15_Canadian Tire Motorsport Park,Canadian Tire Motorsport Park,canadian-tire-motorsport-park,2026-07-12,202607121405_Race,37,35,22,96,2:16.156,2 Laps,,2,5,1
2026,15_Canadian Tire Motorsport Park,Canadian Tire Motorsport Park,canadian-tire-motorsport-park,2026-07-12,202607121405_Race,37,35,23,70,2:14.428,2 Laps,,2,5,1
2026,15_Canadian Tire Motorsport Park,Canadian Tire Motorsport Park,canadian-tire-motorsport-park,2026-07-12,202607121405_Race,37,35,24,81,2:12.820,2 Laps,,2,5,1
2026,15_Canadian Tire Motorsport Park,Canadian Tire Motorsport Park,canadian-tire-motorsport-park,2026-07-12,202607121405_Race,37,35,25,120,2:14.217,2 Laps,,2,5,1
2026,15_Canadian Tire Motorsport Park,Canadian Tire Motorsport Park,canadian-tire-motorsport-park,2026-07-12,202607121405_Race,37,35,26,66,2:10.546,2 Laps,,2,5,1
2026,15_Canadian Tire Motorsport Park,Canadian Tire Motorsport Park,canadian-tire-motorsport-park,2026-07-12,202607121405_Race,37,35,27,13,2:08.616,2 Laps,,2,5,1
2026,15_Canadian Tire Motorsport Park,Canadian Tire Motorsport Park,canadian-tire-motorsport-park,2026-07-12,202607121405_Race,37,35,28,16,1:55.505,2 Laps,,2,5,1
2026,15_Canadian Tire Motorsport Park,Canadian Tire Motorsport Park,canadian-tire-motorsport-park,2026-07-12,202607121405_Race,37,35,29,27,1:51.407,2 Laps,,2,5,1
2026,15_Canadian Tire Motorsport Park,Canadian Tire Motorsport Park,canadian-tire-motorsport-park,2026-07-12,202607121405_Race,37,28,30,8,1:46.454,9 Laps,,9,5,1
2026,15_Canadian Tire Motorsport Park,Canadian Tire Motorsport Park,canadian-tire-motorsport-park,2026-07-12,202607121405_Race,38,38,1,04,1:12.017,,,,5,1
2026,15_Canadian Tire Motorsport Park,Canadian Tire Motorsport Park,canadian-tire-motorsport-park,2026-07-12,202607121405_Race,38,38,2,99,1:11.947,0.416,0.416,,5,1
2026,15_Canadian Tire Motorsport Park,Canadian Tire Motorsport Park,canadian-tire-motorsport-park,2026-07-12,202607121405_Race,38,38,3,43,1:11.645,0.936,0.936,,5,1
2026,15_Canadian Tire Motorsport Park,Canadian Tire Motorsport Park,canadian-tire-motorsport-park,2026-07-12,202607121405_Race,38,38,4,2,1:11.877,1.381,1.381,,5,1
2026,15_Canadian Tire Motorsport Park,Canadian Tire Motorsport Park,canadian-tire-motorsport-park,2026-07-12,202607121405_Race,38,38,5,73,1:12.152,2.162,2.162,,5,1
2026,15_Canadian Tire Motorsport Park,Canadian Tire Motorsport Park,canadian-tire-motorsport-park,2026-07-12,202607121405_Race,38,38,6,22,1:12.344,2.617,2.617,,5,1
2026,15_Canadian Tire Motorsport Park,Canadian Tire Motorsport Park,canadian-tire-motorsport-park,2026-07-12,202607121405_Race,38,38,7,52,1:12.301,2.981,2.981,,5,1
2026,15_Canadian Tire Motorsport Park,Canadian Tire Motorsport Park,canadian-tire-motorsport-park,2026-07-12,202607121405_Race,38,36,8,14,1:18.173,2 Laps,,2,5,1
2026,15_Canadian Tire Motorsport Park,Canadian Tire Motorsport Park,canadian-tire-motorsport-park,2026-07-12,202607121405_Race,38,36,9,59,1:18.541,2 Laps,,2,5,1
2026,15_Canadian Tire Motorsport Park,Canadian Tire Motorsport Park,canadian-tire-motorsport-park,2026-07-12,202607121405_Race,38,36,10,77,1:18.475,2 Laps,,2,5,1
2026,15_Canadian Tire Motorsport Park,Canadian Tire Motorsport Park,canadian-tire-motorsport-park,2026-07-12,202607121405_Race,38,36,11,1,1:18.570,2 Laps,,2,5,1
2026,15_Canadian Tire Motorsport Park,Canadian Tire Motorsport Park,canadian-tire-motorsport-park,2026-07-12,202607121405_Race,38,36,12,65,1:18.713,2 Laps,,2,5,1
2026,15_Canadian Tire Motorsport Park,Canadian Tire Motorsport Park,canadian-tire-motorsport-park,2026-07-12,202607121405_Race,38,36,13,9,1:18.861,2 Laps,,2,5,1
2026,15_Canadian Tire Motorsport Park,Canadian Tire Motorsport Park,canadian-tire-motorsport-park,2026-07-12,202607121405_Race,38,36,14,4,1:18.818,2 Laps,,2,5,1
2026,15_Canadian Tire Motorsport Park,Canadian Tire Motorsport Park,canadian-tire-motorsport-park,2026-07-12,202607121405_Race,38,36,15,68,1:18.991,2 Laps,,2,5,1
2026,15_Canadian Tire Motorsport Park,Canadian Tire Motorsport Park,canadian-tire-motorsport-park,2026-07-12,202607121405_Race,38,36,16,64,1:19.251,2 Laps,,2,5,1
2026,15_Canadian Tire Motorsport Park,Canadian Tire Motorsport Park,canadian-tire-motorsport-park,2026-07-12,202607121405_Race,38,36,17,3,1:19.255,2 Laps,,2,5,1
2026,15_Canadian Tire Motorsport Park,Canadian Tire Motorsport Park,canadian-tire-motorsport-park,2026-07-12,202607121405_Race,38,36,18,45,1:18.453,2 Laps,,2,5,1
2026,15_Canadian Tire Motorsport Park,Canadian Tire Motorsport Park,canadian-tire-motorsport-park,2026-07-12,202607121405_Race,38,36,19,57,1:18.471,2 Laps,,2,5,1
2026,15_Canadian Tire Motorsport Park,Canadian Tire Motorsport Park,canadian-tire-motorsport-park,2026-07-12,202607121405_Race,38,36,20,12,1:18.704,2 Laps,,2,5,1
2026,15_Canadian Tire Motorsport Park,Canadian Tire Motorsport Park,canadian-tire-motorsport-park,2026-07-12,202607121405_Race,38,36,21,34,1:18.953,2 Laps,,2,5,1
2026,15_Canadian Tire Motorsport Park,Canadian Tire Motorsport Park,canadian-tire-motorsport-park,2026-07-12,202607121405_Race,38,36,22,96,1:19.251,2 Laps,,2,5,1
2026,15_Canadian Tire Motorsport Park,Canadian Tire Motorsport Park,canadian-tire-motorsport-park,2026-07-12,202607121405_Race,38,36,23,70,1:19.503,2 Laps,,2,5,1
2026,15_Canadian Tire Motorsport Park,Canadian Tire Motorsport Park,canadian-tire-motorsport-park,2026-07-12,202607121405_Race,38,36,24,81,1:19.644,2 Laps,,2,5,1
2026,15_Canadian Tire Motorsport Park,Canadian Tire Motorsport Park,canadian-tire-motorsport-park,2026-07-12,202607121405_Race,38,36,25,66,1:19.692,2 Laps,,2,5,1
2026,15_Canadian Tire Motorsport Park,Canadian Tire Motorsport Park,canadian-tire-motorsport-park,2026-07-12,202607121405_Race,38,36,26,13,1:19.875,2 Laps,,2,5,1
2026,15_Canadian Tire Motorsport Park,Canadian Tire Motorsport Park,canadian-tire-motorsport-park,2026-07-12,202607121405_Race,38,36,27,16,1:19.850,2 Laps,,2,5,1
2026,15_Canadian Tire Motorsport Park,Canadian Tire Motorsport Park,canadian-tire-motorsport-park,2026-07-12,202607121405_Race,38,36,28,27,1:19.637,2 Laps,,2,5,1
2026,15_Canadian Tire Motorsport Park,Canadian Tire Motorsport Park,canadian-tire-motorsport-park,2026-07-12,202607121405_Race,38,36,29,120,1:20.791,2 Laps,,2,5,1
2026,15_Canadian Tire Motorsport Park,Canadian Tire Motorsport Park,canadian-tire-motorsport-park,2026-07-12,202607121405_Race,38,29,30,8,1:13.688,9 Laps,,9,5,1
2026,15_Canadian Tire Motorsport Park,Canadian Tire Motorsport Park,canadian-tire-motorsport-park,2026-07-12,202607121405_Race,38,34,31,36,5:38.428,4 Laps,,4,5,1
2026,15_Canadian Tire Motorsport Park,Canadian Tire Motorsport Park,canadian-tire-motorsport-park,2026-07-12,202607121405_Race,39,39,1,04,1:10.252,,,,5,1
2026,15_Canadian Tire Motorsport Park,Canadian Tire Motorsport Park,canadian-tire-motorsport-park,2026-07-12,202607121405_Race,39,39,2,99,1:10.295,0.459,0.459,,5,1
2026,15_Canadian Tire Motorsport Park,Canadian Tire Motorsport Park,canadian-tire-motorsport-park,2026-07-12,202607121405_Race,39,39,3,43,1:10.198,0.882,0.882,,5,1
2026,15_Canadian Tire Motorsport Park,Canadian Tire Motorsport Park,canadian-tire-motorsport-park,2026-07-12,202607121405_Race,39,39,4,2,1:10.640,1.769,1.769,,5,1
2026,15_Canadian Tire Motorsport Park,Canadian Tire Motorsport Park,canadian-tire-motorsport-park,2026-07-12,202607121405_Race,39,39,5,73,1:11.082,2.992,2.992,,5,1
2026,15_Canadian Tire Motorsport Park,Canadian Tire Motorsport Park,canadian-tire-motorsport-park,2026-07-12,202607121405_Race,39,39,6,22,1:10.975,3.340,3.340,,5,1
2026,15_Canadian Tire Motorsport Park,Canadian Tire Motorsport Park,canadian-tire-motorsport-park,2026-07-12,202607121405_Race,39,39,7,52,1:11.266,3.995,3.995,,5,1
2026,15_Canadian Tire Motorsport Park,Canadian Tire Motorsport Park,canadian-tire-motorsport-park,2026-07-12,202607121405_Race,39,37,8,14,1:17.882,2 Laps,,2,5,1
2026,15_Canadian Tire Motorsport Park,Canadian Tire Motorsport Park,canadian-tire-motorsport-park,2026-07-12,202607121405_Race,39,37,9,59,1:17.845,2 Laps,,2,5,1
2026,15_Canadian Tire Motorsport Park,Canadian Tire Motorsport Park,canadian-tire-motorsport-park,2026-07-12,202607121405_Race,39,37,10,77,1:17.856,2 Laps,,2,5,1
2026,15_Canadian Tire Motorsport Park,Canadian Tire Motorsport Park,canadian-tire-motorsport-park,2026-07-12,202607121405_Race,39,37,11,1,1:17.916,2 Laps,,2,5,2
2026,15_Canadian Tire Motorsport Park,Canadian Tire Motorsport Park,canadian-tire-motorsport-park,2026-07-12,202607121405_Race,39,37,12,65,1:17.889,2 Laps,,2,5,2
2026,15_Canadian Tire Motorsport Park,Canadian Tire Motorsport Park,canadian-tire-motorsport-park,2026-07-12,202607121405_Race,39,37,13,9,1:17.978,2 Laps,,2,5,2
2026,15_Canadian Tire Motorsport Park,Canadian Tire Motorsport Park,canadian-tire-motorsport-park,2026-07-12,202607121405_Race,39,37,14,4,1:18.064,2 Laps,,2,5,2
2026,15_Canadian Tire Motorsport Park,Canadian Tire Motorsport Park,canadian-tire-motorsport-park,2026-07-12,202607121405_Race,39,37,15,68,1:18.049,2 Laps,,2,5,2
2026,15_Canadian Tire Motorsport Park,Canadian Tire Motorsport Park,canadian-tire-motorsport-park,2026-07-12,202607121405_Race,39,37,16,64,1:18.056,2 Laps,,2,5,2
2026,15_Canadian Tire Motorsport Park,Canadian Tire Motorsport Park,canadian-tire-motorsport-park,2026-07-12,202607121405_Race,39,37,17,3,1:18.111,2 Laps,,2,5,2
2026,15_Canadian Tire Motorsport Park,Canadian Tire Motorsport Park,canadian-tire-motorsport-park,2026-07-12,202607121405_Race,39,37,18,45,1:18.295,2 Laps,,2,5,2
2026,15_Canadian Tire Motorsport Park,Canadian Tire Motorsport Park,canadian-tire-motorsport-park,2026-07-12,202607121405_Race,39,37,19,57,1:18.234,2 Laps,,2,5,2
2026,15_Canadian Tire Motorsport Park,Canadian Tire Motorsport Park,canadian-tire-motorsport-park,2026-07-12,202607121405_Race,39,37,20,12,1:18.260,2 Laps,,2,5,2
2026,15_Canadian Tire Motorsport Park,Canadian Tire Motorsport Park,canadian-tire-motorsport-park,2026-07-12,202607121405_Race,39,37,21,34,1:18.210,2 Laps,,2,5,2
2026,15_Canadian Tire Motorsport Park,Canadian Tire Motorsport Park,canadian-tire-motorsport-park,2026-07-12,202607121405_Race,39,37,22,70,1:18.192,2 Laps,,2,5,2
2026,15_Canadian Tire Motorsport Park,Canadian Tire Motorsport Park,canadian-tire-motorsport-park,2026-07-12,202607121405_Race,39,37,23,81,1:18.028,2 Laps,,2,5,2
2026,15_Canadian Tire Motorsport Park,Canadian Tire Motorsport Park,canadian-tire-motorsport-park,2026-07-12,202607121405_Race,39,37,24,96,1:18.924,2 Laps,,2,5,2
2026,15_Canadian Tire Motorsport Park,Canadian Tire Motorsport Park,canadian-tire-motorsport-park,2026-07-12,202607121405_Race,39,37,25,66,1:17.995,2 Laps,,2,5,2
2026,15_Canadian Tire Motorsport Park,Canadian Tire Motorsport Park,canadian-tire-motorsport-park,2026-07-12,202607121405_Race,39,37,26,13,1:18.020,2 Laps,,2,5,2
2026,15_Canadian Tire Motorsport Park,Canadian Tire Motorsport Park,canadian-tire-motorsport-park,2026-07-12,202607121405_Race,39,37,27,16,1:18.124,2 Laps,,2,5,2
2026,15_Canadian Tire Motorsport Park,Canadian Tire Motorsport Park,canadian-tire-motorsport-park,2026-07-12,202607121405_Race,39,37,28,27,1:18.216,2 Laps,,2,5,2
2026,15_Canadian Tire Motorsport Park,Canadian Tire Motorsport Park,canadian-tire-motorsport-park,2026-07-12,202607121405_Race,39,30,29,8,1:16.819,9 Laps,,9,5,2
2026,15_Canadian Tire Motorsport Park,Canadian Tire Motorsport Park,canadian-tire-motorsport-park,2026-07-12,202607121405_Race,39,37,30,120,1:19.256,2 Laps,,2,5,2
2026,15_Canadian Tire Motorsport Park,Canadian Tire Motorsport Park,canadian-tire-motorsport-park,2026-07-12,202607121405_Race,39,35,31,36,1:29.109,4 Laps,,4,5,2
2026,15_Canadian Tire Motorsport Park,Canadian Tire Motorsport Park,canadian-tire-motorsport-park,2026-07-12,202607121405_Race,40,40,1,04,1:10.167,,,,5,2
2026,15_Canadian Tire Motorsport Park,Canadian Tire Motorsport Park,canadian-tire-motorsport-park,2026-07-12,202607121405_Race,40,40,2,43,1:09.846,0.561,0.561,,5,2
2026,15_Canadian Tire Motorsport Park,Canadian Tire Motorsport Park,canadian-tire-motorsport-park,2026-07-12,202607121405_Race,40,40,3,99,1:12.131,2.423,2.423,,5,2
2026,15_Canadian Tire Motorsport Park,Canadian Tire Motorsport Park,canadian-tire-motorsport-park,2026-07-12,202607121405_Race,40,40,4,2,1:11.923,3.525,3.525,,5,2
2026,15_Canadian Tire Motorsport Park,Canadian Tire Motorsport Park,canadian-tire-motorsport-park,2026-07-12,202607121405_Race,40,40,5,73,1:11.790,4.615,4.615,,5,2
2026,15_Canadian Tire Motorsport Park,Canadian Tire Motorsport Park,canadian-tire-motorsport-park,2026-07-12,202607121405_Race,40,40,6,22,1:11.758,4.931,4.931,,5,2
2026,15_Canadian Tire Motorsport Park,Canadian Tire Motorsport Park,canadian-tire-motorsport-park,2026-07-12,202607121405_Race,40,40,7,52,1:11.652,5.480,5.480,,5,2
2026,15_Canadian Tire Motorsport Park,Canadian Tire Motorsport Park,canadian-tire-motorsport-park,2026-07-12,202607121405_Race,40,38,8,14,1:18.009,2 Laps,,2,5,2
2026,15_Canadian Tire Motorsport Park,Canadian Tire Motorsport Park,canadian-tire-motorsport-park,2026-07-12,202607121405_Race,40,38,9,59,1:18.050,2 Laps,,2,5,2
2026,15_Canadian Tire Motorsport Park,Canadian Tire Motorsport Park,canadian-tire-motorsport-park,2026-07-12,202607121405_Race,40,38,10,77,1:18.115,2 Laps,,2,5,2
2026,15_Canadian Tire Motorsport Park,Canadian Tire Motorsport Park,canadian-tire-motorsport-park,2026-07-12,202607121405_Race,40,38,11,1,1:18.195,2 Laps,,2,5,2
2026,15_Canadian Tire Motorsport Park,Canadian Tire Motorsport Park,canadian-tire-motorsport-park,2026-07-12,202607121405_Race,40,38,12,65,1:17.911,2 Laps,,2,5,2
2026,15_Canadian Tire Motorsport Park,Canadian Tire Motorsport Park,canadian-tire-motorsport-park,2026-07-12,202607121405_Race,40,38,13,9,1:17.802,2 Laps,,2,5,2
2026,15_Canadian Tire Motorsport Park,Canadian Tire Motorsport Park,canadian-tire-motorsport-park,2026-07-12,202607121405_Race,40,38,14,4,1:17.714,2 Laps,,2,5,2
2026,15_Canadian Tire Motorsport Park,Canadian Tire Motorsport Park,canadian-tire-motorsport-park,2026-07-12,202607121405_Race,40,38,15,68,1:17.742,2 Laps,,2,5,2
2026,15_Canadian Tire Motorsport Park,Canadian Tire Motorsport Park,canadian-tire-motorsport-park,2026-07-12,202607121405_Race,40,38,16,64,1:17.579,2 Laps,,2,5,2
2026,15_Canadian Tire Motorsport Park,Canadian Tire Motorsport Park,canadian-tire-motorsport-park,2026-07-12,202607121405_Race,40,38,17,3,1:17.688,2 Laps,,2,5,2
2026,15_Canadian Tire Motorsport Park,Canadian Tire Motorsport Park,canadian-tire-motorsport-park,2026-07-12,202607121405_Race,40,38,18,45,1:17.598,2 Laps,,2,5,2
2026,15_Canadian Tire Motorsport Park,Canadian Tire Motorsport Park,canadian-tire-motorsport-park,2026-07-12,202607121405_Race,40,38,19,57,1:17.715,2 Laps,,2,5,2
2026,15_Canadian Tire Motorsport Park,Canadian Tire Motorsport Park,canadian-tire-motorsport-park,2026-07-12,202607121405_Race,40,38,20,12,1:17.805,2 Laps,,2,5,2
2026,15_Canadian Tire Motorsport Park,Canadian Tire Motorsport Park,canadian-tire-motorsport-park,2026-07-12,202607121405_Race,40,38,21,34,1:17.746,2 Laps,,2,5,2
2026,15_Canadian Tire Motorsport Park,Canadian Tire Motorsport Park,canadian-tire-motorsport-park,2026-07-12,202607121405_Race,40,38,22,70,1:17.384,2 Laps,,2,5,2
2026,15_Canadian Tire Motorsport Park,Canadian Tire Motorsport Park,canadian-tire-motorsport-park,2026-07-12,202607121405_Race,40,38,23,81,1:17.522,2 Laps,,2,5,2
2026,15_Canadian Tire Motorsport Park,Canadian Tire Motorsport Park,canadian-tire-motorsport-park,2026-07-12,202607121405_Race,40,38,24,96,1:17.848,2 Laps,,2,5,2
2026,15_Canadian Tire Motorsport Park,Canadian Tire Motorsport Park,canadian-tire-motorsport-park,2026-07-12,202607121405_Race,40,38,25,66,1:18.178,2 Laps,,2,5,2
2026,15_Canadian Tire Motorsport Park,Canadian Tire Motorsport Park,canadian-tire-motorsport-park,2026-07-12,202607121405_Race,40,38,26,13,1:18.120,2 Laps,,2,5,2
2026,15_Canadian Tire Motorsport Park,Canadian Tire Motorsport Park,canadian-tire-motorsport-park,2026-07-12,202607121405_Race,40,31,27,8,1:17.575,9 Laps,,9,5,2
2026,15_Canadian Tire Motorsport Park,Canadian Tire Motorsport Park,canadian-tire-motorsport-park,2026-07-12,202607121405_Race,40,38,28,16,1:18.483,2 Laps,,2,5,2
2026,15_Canadian Tire Motorsport Park,Canadian Tire Motorsport Park,canadian-tire-motorsport-park,2026-07-12,202607121405_Race,40,38,29,27,1:19.093,2 Laps,,2,5,2
2026,15_Canadian Tire Motorsport Park,Canadian Tire Motorsport Park,canadian-tire-motorsport-park,2026-07-12,202607121405_Race,40,38,30,120,1:18.222,2 Laps,,2,5,2
2026,15_Canadian Tire Motorsport Park,Canadian Tire Motorsport Park,canadian-tire-motorsport-park,2026-07-12,202607121405_Race,40,36,31,36,1:17.476,4 Laps,,4,5,2
2026,15_Canadian Tire Motorsport Park,Canadian Tire Motorsport Park,canadian-tire-motorsport-park,2026-07-12,202607121405_Race,41,41,1,04,1:10.160,,,,5,2
2026,15_Canadian Tire Motorsport Park,Canadian Tire Motorsport Park,canadian-tire-motorsport-park,2026-07-12,202607121405_Race,41,41,2,43,1:09.924,0.325,0.325,,5,2
2026,15_Canadian Tire Motorsport Park,Canadian Tire Motorsport Park,canadian-tire-motorsport-park,2026-07-12,202607121405_Race,41,41,3,99,1:09.454,1.717,1.717,,5,2
2026,15_Canadian Tire Motorsport Park,Canadian Tire Motorsport Park,canadian-tire-motorsport-park,2026-07-12,202607121405_Race,41,41,4,2,1:10.379,3.744,3.744,,5,3
2026,15_Canadian Tire Motorsport Park,Canadian Tire Motorsport Park,canadian-tire-motorsport-park,2026-07-12,202607121405_Race,41,41,5,73,1:10.603,5.058,5.058,,5,3
2026,15_Canadian Tire Motorsport Park,Canadian Tire Motorsport Park,canadian-tire-motorsport-park,2026-07-12,202607121405_Race,41,41,6,22,1:10.621,5.392,5.392,,5,3
2026,15_Canadian Tire Motorsport Park,Canadian Tire Motorsport Park,canadian-tire-motorsport-park,2026-07-12,202607121405_Race,41,41,7,52,1:10.490,5.810,5.810,,5,3
2026,15_Canadian Tire Motorsport Park,Canadian Tire Motorsport Park,canadian-tire-motorsport-park,2026-07-12,202607121405_Race,41,39,8,14,1:17.978,2 Laps,,2,5,3
2026,15_Canadian Tire Motorsport Park,Canadian Tire Motorsport Park,canadian-tire-motorsport-park,2026-07-12,202607121405_Race,41,39,9,59,1:17.853,2 Laps,,2,5,3
2026,15_Canadian Tire Motorsport Park,Canadian Tire Motorsport Park,canadian-tire-motorsport-park,2026-07-12,202607121405_Race,41,39,10,77,1:17.712,2 Laps,,2,5,3
2026,15_Canadian Tire Motorsport Park,Canadian Tire Motorsport Park,canadian-tire-motorsport-park,2026-07-12,202607121405_Race,41,39,11,1,1:17.629,2 Laps,,2,5,3
2026,15_Canadian Tire Motorsport Park,Canadian Tire Motorsport Park,canadian-tire-motorsport-park,2026-07-12,202607121405_Race,41,39,12,65,1:17.840,2 Laps,,2,5,3
2026,15_Canadian Tire Motorsport Park,Canadian Tire Motorsport Park,canadian-tire-motorsport-park,2026-07-12,202607121405_Race,41,39,13,9,1:17.943,2 Laps,,2,5,3
2026,15_Canadian Tire Motorsport Park,Canadian Tire Motorsport Park,canadian-tire-motorsport-park,2026-07-12,202607121405_Race,41,39,14,4,1:17.962,2 Laps,,2,5,3
2026,15_Canadian Tire Motorsport Park,Canadian Tire Motorsport Park,canadian-tire-motorsport-park,2026-07-12,202607121405_Race,41,39,15,68,1:17.974,2 Laps,,2,5,3
2026,15_Canadian Tire Motorsport Park,Canadian Tire Motorsport Park,canadian-tire-motorsport-park,2026-07-12,202607121405_Race,41,39,16,64,1:18.178,2 Laps,,2,5,3
2026,15_Canadian Tire Motorsport Park,Canadian Tire Motorsport Park,canadian-tire-motorsport-park,2026-07-12,202607121405_Race,41,39,17,3,1:18.102,2 Laps,,2,5,3
2026,15_Canadian Tire Motorsport Park,Canadian Tire Motorsport Park,canadian-tire-motorsport-park,2026-07-12,202607121405_Race,41,39,18,45,1:18.178,2 Laps,,2,5,3
2026,15_Canadian Tire Motorsport Park,Canadian Tire Motorsport Park,canadian-tire-motorsport-park,2026-07-12,202607121405_Race,41,39,19,57,1:18.090,2 Laps,,2,5,3
2026,15_Canadian Tire Motorsport Park,Canadian Tire Motorsport Park,canadian-tire-motorsport-park,2026-07-12,202607121405_Race,41,39,20,12,1:18.056,2 Laps,,2,5,3
2026,15_Canadian Tire Motorsport Park,Canadian Tire Motorsport Park,canadian-tire-motorsport-park,2026-07-12,202607121405_Race,41,39,21,34,1:17.942,2 Laps,,2,5,3
2026,15_Canadian Tire Motorsport Park,Canadian Tire Motorsport Park,canadian-tire-motorsport-park,2026-07-12,202607121405_Race,41,39,22,70,1:17.649,2 Laps,,2,5,3
2026,15_Canadian Tire Motorsport Park,Canadian Tire Motorsport Park,canadian-tire-motorsport-park,2026-07-12,202607121405_Race,41,39,23,81,1:17.615,2 Laps,,2,5,3
2026,15_Canadian Tire Motorsport Park,Canadian Tire Motorsport Park,canadian-tire-motorsport-park,2026-07-12,202607121405_Race,41,39,24,96,1:17.413,2 Laps,,2,5,3
2026,15_Canadian Tire Motorsport Park,Canadian Tire Motorsport Park,canadian-tire-motorsport-park,2026-07-12,202607121405_Race,41,32,25,8,1:16.912,9 Laps,,9,5,3
2026,15_Canadian Tire Motorsport Park,Canadian Tire Motorsport Park,canadian-tire-motorsport-park,2026-07-12,202607121405_Race,41,39,26,66,1:18.129,2 Laps,,2,5,3
2026,15_Canadian Tire Motorsport Park,Canadian Tire Motorsport Park,canadian-tire-motorsport-park,2026-07-12,202607121405_Race,41,39,27,13,1:18.000,2 Laps,,2,5,3
2026,15_Canadian Tire Motorsport Park,Canadian Tire Motorsport Park,canadian-tire-motorsport-park,2026-07-12,202607121405_Race,41,39,28,16,1:17.616,2 Laps,,2,5,3
2026,15_Canadian Tire Motorsport Park,Canadian Tire Motorsport Park,canadian-tire-motorsport-park,2026-07-12,202607121405_Race,41,39,29,27,1:17.057,2 Laps,,2,5,3
2026,15_Canadian Tire Motorsport Park,Canadian Tire Motorsport Park,canadian-tire-motorsport-park,2026-07-12,202607121405_Race,41,39,30,120,1:17.365,2 Laps,,2,5,3
2026,15_Canadian Tire Motorsport Park,Canadian Tire Motorsport Park,canadian-tire-motorsport-park,2026-07-12,202607121405_Race,41,37,31,36,1:16.931,4 Laps,,4,5,3
2026,15_Canadian Tire Motorsport Park,Canadian Tire Motorsport Park,canadian-tire-motorsport-park,2026-07-12,202607121405_Race,42,42,1,04,1:10.016,,,,5,3
2026,15_Canadian Tire Motorsport Park,Canadian Tire Motorsport Park,canadian-tire-motorsport-park,2026-07-12,202607121405_Race,42,42,2,43,1:10.087,0.396,0.396,,5,3
2026,15_Canadian Tire Motorsport Park,Canadian Tire Motorsport Park,canadian-tire-motorsport-park,2026-07-12,202607121405_Race,42,42,3,99,1:09.739,1.440,1.440,,5,3
2026,15_Canadian Tire Motorsport Park,Canadian Tire Motorsport Park,canadian-tire-motorsport-park,2026-07-12,202607121405_Race,42,42,4,2,1:10.341,4.069,4.069,,5,3
2026,15_Canadian Tire Motorsport Park,Canadian Tire Motorsport Park,canadian-tire-motorsport-park,2026-07-12,202607121405_Race,42,42,5,73,1:10.907,5.949,5.949,,5,3
2026,15_Canadian Tire Motorsport Park,Canadian Tire Motorsport Park,canadian-tire-motorsport-park,2026-07-12,202607121405_Race,42,42,6,22,1:10.799,6.175,6.175,,5,3
2026,15_Canadian Tire Motorsport Park,Canadian Tire Motorsport Park,canadian-tire-motorsport-park,2026-07-12,202607121405_Race,42,42,7,52,1:11.189,6.983,6.983,,5,3
2026,15_Canadian Tire Motorsport Park,Canadian Tire Motorsport Park,canadian-tire-motorsport-park,2026-07-12,202607121405_Race,42,40,8,14,1:17.870,2 Laps,,2,5,3
2026,15_Canadian Tire Motorsport Park,Canadian Tire Motorsport Park,canadian-tire-motorsport-park,2026-07-12,202607121405_Race,42,40,9,59,1:17.984,2 Laps,,2,5,3
2026,15_Canadian Tire Motorsport Park,Canadian Tire Motorsport Park,canadian-tire-motorsport-park,2026-07-12,202607121405_Race,42,40,10,77,1:17.922,2 Laps,,2,5,3
2026,15_Canadian Tire Motorsport Park,Canadian Tire Motorsport Park,canadian-tire-motorsport-park,2026-07-12,202607121405_Race,42,40,11,1,1:17.997,2 Laps,,2,5,3
2026,15_Canadian Tire Motorsport Park,Canadian Tire Motorsport Park,canadian-tire-motorsport-park,2026-07-12,202607121405_Race,42,40,12,65,1:18.306,2 Laps,,2,5,3
2026,15_Canadian Tire Motorsport Park,Canadian Tire Motorsport Park,canadian-tire-motorsport-park,2026-07-12,202607121405_Race,42,40,13,9,1:18.144,2 Laps,,2,5,3
2026,15_Canadian Tire Motorsport Park,Canadian Tire Motorsport Park,canadian-tire-motorsport-park,2026-07-12,202607121405_Race,42,40,14,4,1:17.967,2 Laps,,2,5,3
2026,15_Canadian Tire Motorsport Park,Canadian Tire Motorsport Park,canadian-tire-motorsport-park,2026-07-12,202607121405_Race,42,40,15,68,1:17.886,2 Laps,,2,5,3
2026,15_Canadian Tire Motorsport Park,Canadian Tire Motorsport Park,canadian-tire-motorsport-park,2026-07-12,202607121405_Race,42,40,16,64,1:17.748,2 Laps,,2,5,3
2026,15_Canadian Tire Motorsport Park,Canadian Tire Motorsport Park,canadian-tire-motorsport-park,2026-07-12,202607121405_Race,42,40,17,3,1:17.782,2 Laps,,2,5,3
2026,15_Canadian Tire Motorsport Park,Canadian Tire Motorsport Park,canadian-tire-motorsport-park,2026-07-12,202607121405_Race,42,40,18,45,1:17.886,2 Laps,,2,5,3
2026,15_Canadian Tire Motorsport Park,Canadian Tire Motorsport Park,canadian-tire-motorsport-park,2026-07-12,202607121405_Race,42,40,19,57,1:17.824,2 Laps,,2,5,3
2026,15_Canadian Tire Motorsport Park,Canadian Tire Motorsport Park,canadian-tire-motorsport-park,2026-07-12,202607121405_Race,42,40,20,12,1:17.833,2 Laps,,2,5,3
2026,15_Canadian Tire Motorsport Park,Canadian Tire Motorsport Park,canadian-tire-motorsport-park,2026-07-12,202607121405_Race,42,40,21,34,1:17.913,2 Laps,,2,5,3
2026,15_Canadian Tire Motorsport Park,Canadian Tire Motorsport Park,canadian-tire-motorsport-park,2026-07-12,202607121405_Race,42,40,22,70,1:18.169,2 Laps,,2,5,3
2026,15_Canadian Tire Motorsport Park,Canadian Tire Motorsport Park,canadian-tire-motorsport-park,2026-07-12,202607121405_Race,42,40,23,81,1:18.281,2 Laps,,2,5,3
2026,15_Canadian Tire Motorsport Park,Canadian Tire Motorsport Park,canadian-tire-motorsport-park,2026-07-12,202607121405_Race,42,40,24,96,1:18.333,2 Laps,,2,5,3
2026,15_Canadian Tire Motorsport Park,Canadian Tire Motorsport Park,canadian-tire-motorsport-park,2026-07-12,202607121405_Race,42,33,25,8,1:18.327,9 Laps,,9,5,3
2026,15_Canadian Tire Motorsport Park,Canadian Tire Motorsport Park,canadian-tire-motorsport-park,2026-07-12,202607121405_Race,42,40,26,66,1:17.868,2 Laps,,2,5,3
2026,15_Canadian Tire Motorsport Park,Canadian Tire Motorsport Park,canadian-tire-motorsport-park,2026-07-12,202607121405_Race,42,40,27,13,1:18.142,2 Laps,,2,5,3
2026,15_Canadian Tire Motorsport Park,Canadian Tire Motorsport Park,canadian-tire-motorsport-park,2026-07-12,202607121405_Race,42,40,28,27,1:18.184,2 Laps,,2,5,3
2026,15_Canadian Tire Motorsport Park,Canadian Tire Motorsport Park,canadian-tire-motorsport-park,2026-07-12,202607121405_Race,42,40,29,16,1:18.430,2 Laps,,2,5,3
2026,15_Canadian Tire Motorsport Park,Canadian Tire Motorsport Park,canadian-tire-motorsport-park,2026-07-12,202607121405_Race,42,40,30,120,1:17.885,2 Laps,,2,5,4
2026,15_Canadian Tire Motorsport Park,Canadian Tire Motorsport Park,canadian-tire-motorsport-park,2026-07-12,202607121405_Race,42,38,31,36,1:17.162,4 Laps,,4,5,4
2026,15_Canadian Tire Motorsport Park,Canadian Tire Motorsport Park,canadian-tire-motorsport-park,2026-07-12,202607121405_Race,43,43,1,04,1:09.994,,,,5,4
2026,15_Canadian Tire Motorsport Park,Canadian Tire Motorsport Park,canadian-tire-motorsport-park,2026-07-12,202607121405_Race,43,43,2,43,1:09.862,0.264,0.264,,5,4
2026,15_Canadian Tire Motorsport Park,Canadian Tire Motorsport Park,canadian-tire-motorsport-park,2026-07-12,202607121405_Race,43,43,3,99,1:09.735,1.181,1.181,,5,4
2026,15_Canadian Tire Motorsport Park,Canadian Tire Motorsport Park,canadian-tire-motorsport-park,2026-07-12,202607121405_Race,43,43,4,2,1:10.383,4.458,4.458,,5,4
2026,15_Canadian Tire Motorsport Park,Canadian Tire Motorsport Park,canadian-tire-motorsport-park,2026-07-12,202607121405_Race,43,43,5,73,1:10.664,6.619,6.619,,5,4
2026,15_Canadian Tire Motorsport Park,Canadian Tire Motorsport Park,canadian-tire-motorsport-park,2026-07-12,202607121405_Race,43,43,6,22,1:10.733,6.914,6.914,,5,4
2026,15_Canadian Tire Motorsport Park,Canadian Tire Motorsport Park,canadian-tire-motorsport-park,2026-07-12,202607121405_Race,43,43,7,52,1:10.892,7.881,7.881,,5,4
2026,15_Canadian Tire Motorsport Park,Canadian Tire Motorsport Park,canadian-tire-motorsport-park,2026-07-12,202607121405_Race,43,41,8,14,1:17.974,2 Laps,,2,5,4
2026,15_Canadian Tire Motorsport Park,Canadian Tire Motorsport Park,canadian-tire-motorsport-park,2026-07-12,202607121405_Race,43,41,9,59,1:18.148,2 Laps,,2,5,4
2026,15_Canadian Tire Motorsport Park,Canadian Tire Motorsport Park,canadian-tire-motorsport-park,2026-07-12,202607121405_Race,43,41,10,77,1:18.135,2 Laps,,2,5,4
2026,15_Canadian Tire Motorsport Park,Canadian Tire Motorsport Park,canadian-tire-motorsport-park,2026-07-12,202607121405_Race,43,41,11,1,1:18.007,2 Laps,,2,5,4
2026,15_Canadian Tire Motorsport Park,Canadian Tire Motorsport Park,canadian-tire-motorsport-park,2026-07-12,202607121405_Race,43,41,12,65,1:17.736,2 Laps,,2,5,4
2026,15_Canadian Tire Motorsport Park,Canadian Tire Motorsport Park,canadian-tire-motorsport-park,2026-07-12,202607121405_Race,43,41,13,9,1:17.838,2 Laps,,2,5,4
2026,15_Canadian Tire Motorsport Park,Canadian Tire Motorsport Park,canadian-tire-motorsport-park,2026-07-12,202607121405_Race,43,41,14,4,1:18.010,2 Laps,,2,5,4
2026,15_Canadian Tire Motorsport Park,Canadian Tire Motorsport Park,canadian-tire-motorsport-park,2026-07-12,202607121405_Race,43,41,15,68,1:18.122,2 Laps,,2,5,4
2026,15_Canadian Tire Motorsport Park,Canadian Tire Motorsport Park,canadian-tire-motorsport-park,2026-07-12,202607121405_Race,43,41,16,64,1:18.274,2 Laps,,2,5,4
2026,15_Canadian Tire Motorsport Park,Canadian Tire Motorsport Park,canadian-tire-motorsport-park,2026-07-12,202607121405_Race,43,41,17,3,1:18.269,2 Laps,,2,5,4
2026,15_Canadian Tire Motorsport Park,Canadian Tire Motorsport Park,canadian-tire-motorsport-park,2026-07-12,202607121405_Race,43,41,18,45,1:18.087,2 Laps,,2,5,4
2026,15_Canadian Tire Motorsport Park,Canadian Tire Motorsport Park,canadian-tire-motorsport-park,2026-07-12,202607121405_Race,43,41,19,57,1:18.182,2 Laps,,2,5,4
2026,15_Canadian Tire Motorsport Park,Canadian Tire Motorsport Park,canadian-tire-motorsport-park,2026-07-12,202607121405_Race,43,41,20,12,1:18.146,2 Laps,,2,5,4
2026,15_Canadian Tire Motorsport Park,Canadian Tire Motorsport Park,canadian-tire-motorsport-park,2026-07-12,202607121405_Race,43,41,21,34,1:18.171,2 Laps,,2,5,4
2026,15_Canadian Tire Motorsport Park,Canadian Tire Motorsport Park,canadian-tire-motorsport-park,2026-07-12,202607121405_Race,43,41,22,70,1:18.128,2 Laps,,2,5,4
2026,15_Canadian Tire Motorsport Park,Canadian Tire Motorsport Park,canadian-tire-motorsport-park,2026-07-12,202607121405_Race,43,41,23,81,1:18.127,2 Laps,,2,5,4
2026,15_Canadian Tire Motorsport Park,Canadian Tire Motorsport Park,canadian-tire-motorsport-park,2026-07-12,202607121405_Race,43,34,24,8,1:17.414,9 Laps,,9,5,4
2026,15_Canadian Tire Motorsport Park,Canadian Tire Motorsport Park,canadian-tire-motorsport-park,2026-07-12,202607121405_Race,43,41,25,96,1:18.271,2 Laps,,2,5,4
2026,15_Canadian Tire Motorsport Park,Canadian Tire Motorsport Park,canadian-tire-motorsport-park,2026-07-12,202607121405_Race,43,41,26,66,1:18.072,2 Laps,,2,5,4
2026,15_Canadian Tire Motorsport Park,Canadian Tire Motorsport Park,canadian-tire-motorsport-park,2026-07-12,202607121405_Race,43,41,27,13,1:17.953,2 Laps,,2,5,4
2026,15_Canadian Tire Motorsport Park,Canadian Tire Motorsport Park,canadian-tire-motorsport-park,2026-07-12,202607121405_Race,43,41,28,27,1:17.628,2 Laps,,2,5,4
2026,15_Canadian Tire Motorsport Park,Canadian Tire Motorsport Park,canadian-tire-motorsport-park,2026-07-12,202607121405_Race,43,41,29,16,1:18.396,2 Laps,,2,5,4
2026,15_Canadian Tire Motorsport Park,Canadian Tire Motorsport Park,canadian-tire-motorsport-park,2026-07-12,202607121405_Race,43,41,30,120,1:18.214,2 Laps,,2,5,4
2026,15_Canadian Tire Motorsport Park,Canadian Tire Motorsport Park,canadian-tire-motorsport-park,2026-07-12,202607121405_Race,44,44,1,04,1:10.391,,,,5,4
2026,15_Canadian Tire Motorsport Park,Canadian Tire Motorsport Park,canadian-tire-motorsport-park,2026-07-12,202607121405_Race,44,44,2,43,1:10.764,0.637,0.637,,5,4
2026,15_Canadian Tire Motorsport Park,Canadian Tire Motorsport Park,canadian-tire-motorsport-park,2026-07-12,202607121405_Race,44,44,3,99,1:10.488,1.278,1.278,,5,4
2026,15_Canadian Tire Motorsport Park,Canadian Tire Motorsport Park,canadian-tire-motorsport-park,2026-07-12,202607121405_Race,44,39,4,36,1:17.944,5 Laps,,5,5,4
2026,15_Canadian Tire Motorsport Park,Canadian Tire Motorsport Park,canadian-tire-motorsport-park,2026-07-12,202607121405_Race,44,44,5,2,1:10.639,4.706,4.706,,5,4
2026,15_Canadian Tire Motorsport Park,Canadian Tire Motorsport Park,canadian-tire-motorsport-park,2026-07-12,202607121405_Race,44,44,6,73,1:10.845,7.073,7.073,,5,4
2026,15_Canadian Tire Motorsport Park,Canadian Tire Motorsport Park,canadian-tire-motorsport-park,2026-07-12,202607121405_Race,44,44,7,22,1:11.099,7.622,7.622,,5,4
2026,15_Canadian Tire Motorsport Park,Canadian Tire Motorsport Park,canadian-tire-motorsport-park,2026-07-12,202607121405_Race,44,44,8,52,1:10.926,8.416,8.416,,5,4
2026,15_Canadian Tire Motorsport Park,Canadian Tire Motorsport Park,canadian-tire-motorsport-park,2026-07-12,202607121405_Race,44,42,9,14,1:18.108,2 Laps,,2,5,4
2026,15_Canadian Tire Motorsport Park,Canadian Tire Motorsport Park,canadian-tire-motorsport-park,2026-07-12,202607121405_Race,44,42,10,59,1:18.007,2 Laps,,2,5,4
2026,15_Canadian Tire Motorsport Park,Canadian Tire Motorsport Park,canadian-tire-motorsport-park,2026-07-12,202607121405_Race,44,42,11,77,1:18.056,2 Laps,,2,5,4
2026,15_Canadian Tire Motorsport Park,Canadian Tire Motorsport Park,canadian-tire-motorsport-park,2026-07-12,202607121405_Race,44,42,12,1,1:18.190,2 Laps,,2,5,4
2026,15_Canadian Tire Motorsport Park,Canadian Tire Motorsport Park,canadian-tire-motorsport-park,2026-07-12,202607121405_Race,44,42,13,65,1:18.117,2 Laps,,2,5,4
2026,15_Canadian Tire Motorsport Park,Canadian Tire Motorsport Park,canadian-tire-motorsport-park,2026-07-12,202607121405_Race,44,42,14,9,1:18.084,2 Laps,,2,5,4
2026,15_Canadian Tire Motorsport Park,Canadian Tire Motorsport Park,canadian-tire-motorsport-park,2026-07-12,202607121405_Race,44,42,15,4,1:18.056,2 Laps,,2,5,4
2026,15_Canadian Tire Motorsport Park,Canadian Tire Motorsport Park,canadian-tire-motorsport-park,2026-07-12,202607121405_Race,44,42,16,68,1:17.927,2 Laps,,2,5,4
2026,15_Canadian Tire Motorsport Park,Canadian Tire Motorsport Park,canadian-tire-motorsport-park,2026-07-12,202607121405_Race,44,42,17,64,1:17.863,2 Laps,,2,5,4
2026,15_Canadian Tire Motorsport Park,Canadian Tire Motorsport Park,canadian-tire-motorsport-park,2026-07-12,202607121405_Race,44,42,18,3,1:17.824,2 Laps,,2,5,4
2026,15_Canadian Tire Motorsport Park,Canadian Tire Motorsport Park,canadian-tire-motorsport-park,2026-07-12,202607121405_Race,44,42,19,45,1:17.823,2 Laps,,2,5,4
2026,15_Canadian Tire Motorsport Park,Canadian Tire Motorsport Park,canadian-tire-motorsport-park,2026-07-12,202607121405_Race,44,42,20,57,1:17.814,2 Laps,,2,5,4
2026,15_Canadian Tire Motorsport Park,Canadian Tire Motorsport Park,canadian-tire-motorsport-park,2026-07-12,202607121405_Race,44,42,21,12,1:17.946,2 Laps,,2,5,4
2026,15_Canadian Tire Motorsport Park,Canadian Tire Motorsport Park,canadian-tire-motorsport-park,2026-07-12,202607121405_Race,44,42,22,34,1:18.076,2 Laps,,2,5,4
2026,15_Canadian Tire Motorsport Park,Canadian Tire Motorsport Park,canadian-tire-motorsport-park,2026-07-12,202607121405_Race,44,42,23,70,1:18.194,2 Laps,,2,5,4
2026,15_Canadian Tire Motorsport Park,Canadian Tire Motorsport Park,canadian-tire-motorsport-park,2026-07-12,202607121405_Race,44,35,24,8,1:17.975,9 Laps,,9,5,5
2026,15_Canadian Tire Motorsport Park,Canadian Tire Motorsport Park,canadian-tire-motorsport-park,2026-07-12,202607121405_Race,44,42,25,96,1:18.198,2 Laps,,2,5,5
2026,15_Canadian Tire Motorsport Park,Canadian Tire Motorsport Park,canadian-tire-motorsport-park,2026-07-12,202607121405_Race,44,42,26,66,1:18.619,2 Laps,,2,5,5
2026,15_Canadian Tire Motorsport Park,Canadian Tire Motorsport Park,canadian-tire-motorsport-park,2026-07-12,202607121405_Race,44,42,27,13,1:18.439,2 Laps,,2,5,5
2026,15_Canadian Tire Motorsport Park,Canadian Tire Motorsport Park,canadian-tire-motorsport-park,2026-07-12,202607121405_Race,44,42,28,27,1:18.233,2 Laps,,2,5,5
2026,15_Canadian Tire Motorsport Park,Canadian Tire Motorsport Park,canadian-tire-motorsport-park,2026-07-12,202607121405_Race,44,42,29,16,1:17.925,2 Laps,,2,5,5
2026,15_Canadian Tire Motorsport Park,Canadian Tire Motorsport Park,canadian-tire-motorsport-park,2026-07-12,202607121405_Race,45,45,1,43,1:11.835,,,,5,5
2026,15_Canadian Tire Motorsport Park,Canadian Tire Motorsport Park,canadian-tire-motorsport-park,2026-07-12,202607121405_Race,45,45,2,99,1:11.684,0.490,0.490,,5,5
2026,15_Canadian Tire Motorsport Park,Canadian Tire Motorsport Park,canadian-tire-motorsport-park,2026-07-12,202607121405_Race,45,42,3,120,1:18.653,3 Laps,,3,5,5
2026,15_Canadian Tire Motorsport Park,Canadian Tire Motorsport Park,canadian-tire-motorsport-park,2026-07-12,202607121405_Race,45,45,4,2,1:10.777,3.011,3.011,,5,5
2026,15_Canadian Tire Motorsport Park,Canadian Tire Motorsport Park,canadian-tire-motorsport-park,2026-07-12,202607121405_Race,45,45,5,73,1:11.518,6.119,6.119,,5,5
2026,15_Canadian Tire Motorsport Park,Canadian Tire Motorsport Park,canadian-tire-motorsport-park,2026-07-12,202607121405_Race,45,42,6,81,1:26.553,3 Laps,,3,5,5
2026,15_Canadian Tire Motorsport Park,Canadian Tire Motorsport Park,canadian-tire-motorsport-park,2026-07-12,202607121405_Race,45,45,7,22,1:11.515,6.665,6.665,,5,5
2026,15_Canadian Tire Motorsport Park,Canadian Tire Motorsport Park,canadian-tire-motorsport-park,2026-07-12,202607121405_Race,45,45,8,52,1:11.623,7.567,7.567,,5,5
2026,15_Canadian Tire Motorsport Park,Canadian Tire Motorsport Park,canadian-tire-motorsport-park,2026-07-12,202607121405_Race,45,45,9,04,1:21.376,8.904,8.904,,5,5
2026,15_Canadian Tire Motorsport Park,Canadian Tire Motorsport Park,canadian-tire-motorsport-park,2026-07-12,202607121405_Race,45,40,10,36,1:17.966,5 Laps,,5,5,5
2026,15_Canadian Tire Motorsport Park,Canadian Tire Motorsport Park,canadian-tire-motorsport-park,2026-07-12,202607121405_Race,45,43,11,14,1:17.532,2 Laps,,2,5,5
2026,15_Canadian Tire Motorsport Park,Canadian Tire Motorsport Park,canadian-tire-motorsport-park,2026-07-12,202607121405_Race,45,43,12,59,1:17.653,2 Laps,,2,5,5
2026,15_Canadian Tire Motorsport Park,Canadian Tire Motorsport Park,canadian-tire-motorsport-park,2026-07-12,202607121405_Race,45,43,13,77,1:17.709,2 Laps,,2,5,5
2026,15_Canadian Tire Motorsport Park,Canadian Tire Motorsport Park,canadian-tire-motorsport-park,2026-07-12,202607121405_Race,45,43,14,1,1:17.795,2 Laps,,2,5,5
2026,15_Canadian Tire Motorsport Park,Canadian Tire Motorsport Park,canadian-tire-motorsport-park,2026-07-12,202607121405_Race,45,43,15,65,1:17.880,2 Laps,,2,5,5
2026,15_Canadian Tire Motorsport Park,Canadian Tire Motorsport Park,canadian-tire-motorsport-park,2026-07-12,202607121405_Race,45,43,16,9,1:17.953,2 Laps,,2,5,5
2026,15_Canadian Tire Motorsport Park,Canadian Tire Motorsport Park,canadian-tire-motorsport-park,2026-07-12,202607121405_Race,45,43,17,4,1:17.938,2 Laps,,2,5,5
2026,15_Canadian Tire Motorsport Park,Canadian Tire Motorsport Park,canadian-tire-motorsport-park,2026-07-12,202607121405_Race,45,43,18,68,1:18.051,2 Laps,,2,5,5
2026,15_Canadian Tire Motorsport Park,Canadian Tire Motorsport Park,canadian-tire-motorsport-park,2026-07-12,202607121405_Race,45,43,19,64,1:18.033,2 Laps,,2,5,5
2026,15_Canadian Tire Motorsport Park,Canadian Tire Motorsport Park,canadian-tire-motorsport-park,2026-07-12,202607121405_Race,45,43,20,3,1:17.976,2 Laps,,2,5,5
2026,15_Canadian Tire Motorsport Park,Canadian Tire Motorsport Park,canadian-tire-motorsport-park,2026-07-12,202607121405_Race,45,43,21,45,1:18.068,2 Laps,,2,5,5
2026,15_Canadian Tire Motorsport Park,Canadian Tire Motorsport Park,canadian-tire-motorsport-park,2026-07-12,202607121405_Race,45,43,22,57,1:17.970,2 Laps,,2,5,5
2026,15_Canadian Tire Motorsport Park,Canadian Tire Motorsport Park,canadian-tire-motorsport-park,2026-07-12,202607121405_Race,45,43,23,12,1:18.106,2 Laps,,2,5,5
2026,15_Canadian Tire Motorsport Park,Canadian Tire Motorsport Park,canadian-tire-motorsport-park,2026-07-12,202607121405_Race,45,43,24,34,1:17.990,2 Laps,,2,5,5
2026,15_Canadian Tire Motorsport Park,Canadian Tire Motorsport Park,canadian-tire-motorsport-park,2026-07-12,202607121405_Race,45,36,25,8,1:17.550,9 Laps,,9,5,5
2026,15_Canadian Tire Motorsport Park,Canadian Tire Motorsport Park,canadian-tire-motorsport-park,2026-07-12,202607121405_Race,46,46,1,43,1:15.550,,,,5,5
2026,15_Canadian Tire Motorsport Park,Canadian Tire Motorsport Park,canadian-tire-motorsport-park,2026-07-12,202607121405_Race,46,43,2,70,1:18.564,3 Laps,,3,5,5
2026,15_Canadian Tire Motorsport Park,Canadian Tire Motorsport Park,canadian-tire-motorsport-park,2026-07-12,202607121405_Race,46,46,3,99,1:15.712,0.652,0.652,,5,5
2026,15_Canadian Tire Motorsport Park,Canadian Tire Motorsport Park,canadian-tire-motorsport-park,2026-07-12,202607121405_Race,46,43,4,96,1:18.261,3 Laps,,3,5,5
2026,15_Canadian Tire Motorsport Park,Canadian Tire Motorsport Park,canadian-tire-motorsport-park,2026-07-12,202607121405_Race,46,43,5,66,1:18.261,3 Laps,,3,5,5
2026,15_Canadian Tire Motorsport Park,Canadian Tire Motorsport Park,canadian-tire-motorsport-park,2026-07-12,202607121405_Race,46,43,6,13,1:18.713,3 Laps,,3,5,5
2026,15_Canadian Tire Motorsport Park,Canadian Tire Motorsport Park,canadian-tire-motorsport-park,2026-07-12,202607121405_Race,46,43,7,27,1:19.143,3 Laps,,3,5,5
2026,15_Canadian Tire Motorsport Park,Canadian Tire Motorsport Park,canadian-tire-motorsport-park,2026-07-12,202607121405_Race,46,43,8,16,1:19.281,3 Laps,,3,5,5
2026,15_Canadian Tire Motorsport Park,Canadian Tire Motorsport Park,canadian-tire-motorsport-park,2026-07-12,202607121405_Race,46,46,9,73,1:13.373,3.942,3.942,,5,5
2026,15_Canadian Tire Motorsport Park,Canadian Tire Motorsport Park,canadian-tire-motorsport-park,2026-07-12,202607121405_Race,46,46,10,52,1:12.280,4.297,4.297,,5,5
2026,15_Canadian Tire Motorsport Park,Canadian Tire Motorsport Park,canadian-tire-motorsport-park,2026-07-12,202607121405_Race,46,43,11,120,1:19.231,3 Laps,,3,5,5
2026,15_Canadian Tire Motorsport Park,Canadian Tire Motorsport Park,canadian-tire-motorsport-park,2026-07-12,202607121405_Race,46,41,12,36,1:17.494,5 Laps,,5,5,5
2026,15_Canadian Tire Motorsport Park,Canadian Tire Motorsport Park,canadian-tire-motorsport-park,2026-07-12,202607121405_Race,46,46,13,2,1:25.082,12.543,12.543,,5,5
2026,15_Canadian Tire Motorsport Park,Canadian Tire Motorsport Park,canadian-tire-motorsport-park,2026-07-12,202607121405_Race,46,46,14,22,1:22.428,13.543,13.543,,5,5
2026,15_Canadian Tire Motorsport Park,Canadian Tire Motorsport Park,canadian-tire-motorsport-park,2026-07-12,202607121405_Race,46,43,15,81,1:26.883,3 Laps,,3,5,5
2026,15_Canadian Tire Motorsport Park,Canadian Tire Motorsport Park,canadian-tire-motorsport-park,2026-07-12,202607121405_Race,46,46,16,04,1:54.013,47.367,47.367,,5,5
2026,15_Canadian Tire Motorsport Park,Canadian Tire Motorsport Park,canadian-tire-motorsport-park,2026-07-12,202607121405_Race,46,44,17,14,1:18.478,2 Laps,,2,5,5
2026,15_Canadian Tire Motorsport Park,Canadian Tire Motorsport Park,canadian-tire-motorsport-park,2026-07-12,202607121405_Race,46,44,18,59,1:18.306,2 Laps,,2,5,5
2026,15_Canadian Tire Motorsport Park,Canadian Tire Motorsport Park,canadian-tire-motorsport-park,2026-07-12,202607121405_Race,46,44,19,77,1:18.224,2 Laps,,2,5,5
2026,15_Canadian Tire Motorsport Park,Canadian Tire Motorsport Park,canadian-tire-motorsport-park,2026-07-12,202607121405_Race,46,44,20,1,1:18.102,2 Laps,,2,5,5
2026,15_Canadian Tire Motorsport Park,Canadian Tire Motorsport Park,canadian-tire-motorsport-park,2026-07-12,202607121405_Race,46,44,21,65,1:18.136,2 Laps,,2,5,5
2026,15_Canadian Tire Motorsport Park,Canadian Tire Motorsport Park,canadian-tire-motorsport-park,2026-07-12,202607121405_Race,46,44,22,9,1:18.097,2 Laps,,2,5,5
2026,15_Canadian Tire Motorsport Park,Canadian Tire Motorsport Park,canadian-tire-motorsport-park,2026-07-12,202607121405_Race,46,44,23,4,1:18.051,2 Laps,,2,5,5
2026,15_Canadian Tire Motorsport Park,Canadian Tire Motorsport Park,canadian-tire-motorsport-park,2026-07-12,202607121405_Race,46,44,24,68,1:17.884,2 Laps,,2,5,5
2026,15_Canadian Tire Motorsport Park,Canadian Tire Motorsport Park,canadian-tire-motorsport-park,2026-07-12,202607121405_Race,46,44,25,64,1:17.917,2 Laps,,2,6,1
2026,15_Canadian Tire Motorsport Park,Canadian Tire Motorsport Park,canadian-tire-motorsport-park,2026-07-12,202607121405_Race,46,44,26,3,1:18.464,2 Laps,,2,6,1
2026,15_Canadian Tire Motorsport Park,Canadian Tire Motorsport Park,canadian-tire-motorsport-park,2026-07-12,202607121405_Race,46,44,27,45,1:18.383,2 Laps,,2,6,1
2026,15_Canadian Tire Motorsport Park,Canadian Tire Motorsport Park,canadian-tire-motorsport-park,2026-07-12,202607121405_Race,46,44,28,57,1:18.658,2 Laps,,2,6,1
2026,15_Canadian Tire Motorsport Park,Canadian Tire Motorsport Park,canadian-tire-motorsport-park,2026-07-12,202607121405_Race,46,44,29,12,1:18.564,2 Laps,,2,6,1
2026,15_Canadian Tire Motorsport Park,Canadian Tire Motorsport Park,canadian-tire-motorsport-park,2026-07-12,202607121405_Race,46,37,30,8,1:18.017,9 Laps,,9,6,1
2026,15_Canadian Tire Motorsport Park,Canadian Tire Motorsport Park,canadian-tire-motorsport-park,2026-07-12,202607121405_Race,46,44,31,34,1:18.963,2 Laps,,2,6,1
2026,15_Canadian Tire Motorsport Park,Canadian Tire Motorsport Park,canadian-tire-motorsport-park,2026-07-12,202607121405_Race,46,44,32,70,1:18.634,2 Laps,,2,6,1
2026,15_Canadian Tire Motorsport Park,Canadian Tire Motorsport Park,canadian-tire-motorsport-park,2026-07-12,202607121405_Race,46,44,33,96,1:18.440,2 Laps,,2,6,1
2026,15_Canadian Tire Motorsport Park,Canadian Tire Motorsport Park,canadian-tire-motorsport-park,2026-07-12,202607121405_Race,46,44,34,66,1:17.978,2 Laps,,2,6,1
2026,15_Canadian Tire Motorsport Park,Canadian Tire Motorsport Park,canadian-tire-motorsport-park,2026-07-12,202607121405_Race,46,44,35,13,1:17.613,2 Laps,,2,6,1
2026,15_Canadian Tire Motorsport Park,Canadian Tire Motorsport Park,canadian-tire-motorsport-park,2026-07-12,202607121405_Race,47,47,1,52,1:16.173,,,,6,1
2026,15_Canadian Tire Motorsport Park,Canadian Tire Motorsport Park,canadian-tire-motorsport-park,2026-07-12,202607121405_Race,47,44,2,27,1:18.029,3 Laps,,3,6,1
2026,15_Canadian Tire Motorsport Park,Canadian Tire Motorsport Park,canadian-tire-motorsport-park,2026-07-12,202607121405_Race,47,44,3,16,1:18.703,3 Laps,,3,6,1
2026,15_Canadian Tire Motorsport Park,Canadian Tire Motorsport Park,canadian-tire-motorsport-park,2026-07-12,202607121405_Race,47,44,4,120,1:18.154,3 Laps,,3,6,1
2026,15_Canadian Tire Motorsport Park,Canadian Tire Motorsport Park,canadian-tire-motorsport-park,2026-07-12,202607121405_Race,47,47,5,43,1:24.146,3.676,3.676,,6,1
2026,15_Canadian Tire Motorsport Park,Canadian Tire Motorsport Park,canadian-tire-motorsport-park,2026-07-12,202607121405_Race,47,47,6,99,1:24.716,4.898,4.898,,6,1
2026,15_Canadian Tire Motorsport Park,Canadian Tire Motorsport Park,canadian-tire-motorsport-park,2026-07-12,202607121405_Race,47,47,7,73,1:25.134,8.606,8.606,,6,1
2026,15_Canadian Tire Motorsport Park,Canadian Tire Motorsport Park,canadian-tire-motorsport-park,2026-07-12,202607121405_Race,47,42,8,36,1:17.919,5 Laps,,5,6,1
2026,15_Canadian Tire Motorsport Park,Canadian Tire Motorsport Park,canadian-tire-motorsport-park,2026-07-12,202607121405_Race,47,44,9,81,1:16.993,3 Laps,,3,6,1
2026,15_Canadian Tire Motorsport Park,Canadian Tire Motorsport Park,canadian-tire-motorsport-park,2026-07-12,202607121405_Race,47,47,10,04,1:09.041,35.938,35.938,,6,1
2026,15_Canadian Tire Motorsport Park,Canadian Tire Motorsport Park,canadian-tire-motorsport-park,2026-07-12,202607121405_Race,47,47,11,2,1:55.954,48.027,48.027,,6,1
2026,15_Canadian Tire Motorsport Park,Canadian Tire Motorsport Park,canadian-tire-motorsport-park,2026-07-12,202607121405_Race,47,47,12,22,2:14.149,1:07.222,67.222,,6,1
2026,15_Canadian Tire Motorsport Park,Canadian Tire Motorsport Park,canadian-tire-motorsport-park,2026-07-12,202607121405_Race,47,45,13,14,1:18.274,2 Laps,,2,6,1
2026,15_Canadian Tire Motorsport Park,Canadian Tire Motorsport Park,canadian-tire-motorsport-park,2026-07-12,202607121405_Race,47,45,14,59,1:18.204,2 Laps,,2,6,1
2026,15_Canadian Tire Motorsport Park,Canadian Tire Motorsport Park,canadian-tire-motorsport-park,2026-07-12,202607121405_Race,47,45,15,77,1:18.283,2 Laps,,2,6,1
2026,15_Canadian Tire Motorsport Park,Canadian Tire Motorsport Park,canadian-tire-motorsport-park,2026-07-12,202607121405_Race,47,45,16,1,1:18.371,2 Laps,,2,6,1
2026,15_Canadian Tire Motorsport Park,Canadian Tire Motorsport Park,canadian-tire-motorsport-park,2026-07-12,202607121405_Race,47,45,17,65,1:18.341,2 Laps,,2,6,1
2026,15_Canadian Tire Motorsport Park,Canadian Tire Motorsport Park,canadian-tire-motorsport-park,2026-07-12,202607121405_Race,47,45,18,9,1:18.340,2 Laps,,2,6,1
2026,15_Canadian Tire Motorsport Park,Canadian Tire Motorsport Park,canadian-tire-motorsport-park,2026-07-12,202607121405_Race,47,45,19,4,1:18.323,2 Laps,,2,6,1
2026,15_Canadian Tire Motorsport Park,Canadian Tire Motorsport Park,canadian-tire-motorsport-park,2026-07-12,202607121405_Race,47,45,20,68,1:18.371,2 Laps,,2,6,1
2026,15_Canadian Tire Motorsport Park,Canadian Tire Motorsport Park,canadian-tire-motorsport-park,2026-07-12,202607121405_Race,47,45,21,64,1:18.294,2 Laps,,2,6,1
2026,15_Canadian Tire Motorsport Park,Canadian Tire Motorsport Park,canadian-tire-motorsport-park,2026-07-12,202607121405_Race,47,45,22,3,1:17.772,2 Laps,,2,6,1
2026,15_Canadian Tire Motorsport Park,Canadian Tire Motorsport Park,canadian-tire-motorsport-park,2026-07-12,202607121405_Race,47,45,23,45,1:18.077,2 Laps,,2,6,1
2026,15_Canadian Tire Motorsport Park,Canadian Tire Motorsport Park,canadian-tire-motorsport-park,2026-07-12,202607121405_Race,47,45,24,57,1:17.932,2 Laps,,2,6,1
2026,15_Canadian Tire Motorsport Park,Canadian Tire Motorsport Park,canadian-tire-motorsport-park,2026-07-12,202607121405_Race,47,38,25,8,1:17.459,9 Laps,,9,6,1
2026,15_Canadian Tire Motorsport Park,Canadian Tire Motorsport Park,canadian-tire-motorsport-park,2026-07-12,202607121405_Race,47,45,26,12,1:18.554,2 Laps,,2,6,1
2026,15_Canadian Tire Motorsport Park,Canadian Tire Motorsport Park,canadian-tire-motorsport-park,2026-07-12,202607121405_Race,47,45,27,34,1:18.293,2 Laps,,2,6,1
2026,15_Canadian Tire Motorsport Park,Canadian Tire Motorsport Park,canadian-tire-motorsport-park,2026-07-12,202607121405_Race,47,45,28,70,1:18.126,2 Laps,,2,6,1
2026,15_Canadian Tire Motorsport Park,Canadian Tire Motorsport Park,canadian-tire-motorsport-park,2026-07-12,202607121405_Race,47,45,29,96,1:18.219,2 Laps,,2,6,1
2026,15_Canadian Tire Motorsport Park,Canadian Tire Motorsport Park,canadian-tire-motorsport-park,2026-07-12,202607121405_Race,48,48,1,52,1:17.154,,,,6,1
2026,15_Canadian Tire Motorsport Park,Canadian Tire Motorsport Park,canadian-tire-motorsport-park,2026-07-12,202607121405_Race,48,45,2,16,1:17.551,3 Laps,,3,6,1
2026,15_Canadian Tire Motorsport Park,Canadian Tire Motorsport Park,canadian-tire-motorsport-park,2026-07-12,202607121405_Race,48,45,3,13,1:20.761,3 Laps,,3,6,1
2026,15_Canadian Tire Motorsport Park,Canadian Tire Motorsport Park,canadian-tire-motorsport-park,2026-07-12,202607121405_Race,48,45,4,120,1:18.469,3 Laps,,3,6,1
2026,15_Canadian Tire Motorsport Park,Canadian Tire Motorsport Park,canadian-tire-motorsport-park,2026-07-12,202607121405_Race,48,45,5,27,1:20.408,3 Laps,,3,6,1
2026,15_Canadian Tire Motorsport Park,Canadian Tire Motorsport Park,canadian-tire-motorsport-park,2026-07-12,202607121405_Race,48,45,6,66,1:25.281,3 Laps,,3,6,1
2026,15_Canadian Tire Motorsport Park,Canadian Tire Motorsport Park,canadian-tire-motorsport-park,2026-07-12,202607121405_Race,48,43,7,36,1:18.334,5 Laps,,5,6,1
2026,15_Canadian Tire Motorsport Park,Canadian Tire Motorsport Park,canadian-tire-motorsport-park,2026-07-12,202607121405_Race,48,45,8,81,1:16.866,3 Laps,,3,6,1
2026,15_Canadian Tire Motorsport Park,Canadian Tire Motorsport Park,canadian-tire-motorsport-park,2026-07-12,202607121405_Race,48,48,9,04,1:09.032,27.816,27.816,,6,1
2026,15_Canadian Tire Motorsport Park,Canadian Tire Motorsport Park,canadian-tire-motorsport-park,2026-07-12,202607121405_Race,48,48,10,43,1:44.360,30.882,30.882,,6,1
2026,15_Canadian Tire Motorsport Park,Canadian Tire Motorsport Park,canadian-tire-motorsport-park,2026-07-12,202607121405_Race,48,48,11,99,1:47.366,35.110,35.110,,6,1
2026,15_Canadian Tire Motorsport Park,Canadian Tire Motorsport Park,canadian-tire-motorsport-park,2026-07-12,202607121405_Race,48,48,12,2,1:11.437,42.310,42.310,,6,1
2026,15_Canadian Tire Motorsport Park,Canadian Tire Motorsport Park,canadian-tire-motorsport-park,2026-07-12,202607121405_Race,48,48,13,73,1:54.559,46.011,46.011,,6,1
2026,15_Canadian Tire Motorsport Park,Canadian Tire Motorsport Park,canadian-tire-motorsport-park,2026-07-12,202607121405_Race,48,48,14,22,1:09.552,59.620,59.620,,6,1
2026,15_Canadian Tire Motorsport Park,Canadian Tire Motorsport Park,canadian-tire-motorsport-park,2026-07-12,202607121405_Race,48,46,15,14,1:17.923,2 Laps,,2,6,1
2026,15_Canadian Tire Motorsport Park,Canadian Tire Motorsport Park,canadian-tire-motorsport-park,2026-07-12,202607121405_Race,48,46,16,59,1:18.173,2 Laps,,2,6,2
2026,15_Canadian Tire Motorsport Park,Canadian Tire Motorsport Park,canadian-tire-motorsport-park,2026-07-12,202607121405_Race,48,46,17,77,1:18.142,2 Laps,,2,6,2
2026,15_Canadian Tire Motorsport Park,Canadian Tire Motorsport Park,canadian-tire-motorsport-park,2026-07-12,202607121405_Race,48,46,18,1,1:18.180,2 Laps,,2,6,2
2026,15_Canadian Tire Motorsport Park,Canadian Tire Motorsport Park,canadian-tire-motorsport-park,2026-07-12,202607121405_Race,48,46,19,65,1:18.163,2 Laps,,2,6,2
2026,15_Canadian Tire Motorsport Park,Canadian Tire Motorsport Park,canadian-tire-motorsport-park,2026-07-12,202607121405_Race,48,46,20,9,1:18.183,2 Laps,,2,6,2
2026,15_Canadian Tire Motorsport Park,Canadian Tire Motorsport Park,canadian-tire-motorsport-park,2026-07-12,202607121405_Race,48,46,21,4,1:18.179,2 Laps,,2,6,2
2026,15_Canadian Tire Motorsport Park,Canadian Tire Motorsport Park,canadian-tire-motorsport-park,2026-07-12,202607121405_Race,48,46,22,68,1:18.143,2 Laps,,2,6,2
2026,15_Canadian Tire Motorsport Park,Canadian Tire Motorsport Park,canadian-tire-motorsport-park,2026-07-12,202607121405_Race,48,46,23,64,1:18.207,2 Laps,,2,6,2
2026,15_Canadian Tire Motorsport Park,Canadian Tire Motorsport Park,canadian-tire-motorsport-park,2026-07-12,202607121405_Race,48,46,24,3,1:18.384,2 Laps,,2,6,2
2026,15_Canadian Tire Motorsport Park,Canadian Tire Motorsport Park,canadian-tire-motorsport-park,2026-07-12,202607121405_Race,49,49,1,52,1:15.167,,,,6,2
2026,15_Canadian Tire Motorsport Park,Canadian Tire Motorsport Park,canadian-tire-motorsport-park,2026-07-12,202607121405_Race,49,46,2,45,1:18.387,3 Laps,,3,6,2
2026,15_Canadian Tire Motorsport Park,Canadian Tire Motorsport Park,canadian-tire-motorsport-park,2026-07-12,202607121405_Race,49,46,3,57,1:18.592,3 Laps,,3,6,2
2026,15_Canadian Tire Motorsport Park,Canadian Tire Motorsport Park,canadian-tire-motorsport-park,2026-07-12,202607121405_Race,49,39,4,8,1:18.500,10 Laps,,10,6,2
2026,15_Canadian Tire Motorsport Park,Canadian Tire Motorsport Park,canadian-tire-motorsport-park,2026-07-12,202607121405_Race,49,46,5,12,1:18.546,3 Laps,,3,6,2
2026,15_Canadian Tire Motorsport Park,Canadian Tire Motorsport Park,canadian-tire-motorsport-park,2026-07-12,202607121405_Race,49,46,6,34,1:18.487,3 Laps,,3,6,2
2026,15_Canadian Tire Motorsport Park,Canadian Tire Motorsport Park,canadian-tire-motorsport-park,2026-07-12,202607121405_Race,49,46,7,70,1:18.644,3 Laps,,3,6,2
2026,15_Canadian Tire Motorsport Park,Canadian Tire Motorsport Park,canadian-tire-motorsport-park,2026-07-12,202607121405_Race,49,46,8,96,1:18.437,3 Laps,,3,6,2
2026,15_Canadian Tire Motorsport Park,Canadian Tire Motorsport Park,canadian-tire-motorsport-park,2026-07-12,202607121405_Race,49,46,9,16,1:17.412,3 Laps,,3,6,2
2026,15_Canadian Tire Motorsport Park,Canadian Tire Motorsport Park,canadian-tire-motorsport-park,2026-07-12,202607121405_Race,49,46,10,13,1:17.929,3 Laps,,3,6,2
2026,15_Canadian Tire Motorsport Park,Canadian Tire Motorsport Park,canadian-tire-motorsport-park,2026-07-12,202607121405_Race,49,46,11,120,1:18.184,3 Laps,,3,6,2
2026,15_Canadian Tire Motorsport Park,Canadian Tire Motorsport Park,canadian-tire-motorsport-park,2026-07-12,202607121405_Race,49,46,12,27,1:18.661,3 Laps,,3,6,2
2026,15_Canadian Tire Motorsport Park,Canadian Tire Motorsport Park,canadian-tire-motorsport-park,2026-07-12,202607121405_Race,49,46,13,66,1:17.773,3 Laps,,3,6,2
2026,15_Canadian Tire Motorsport Park,Canadian Tire Motorsport Park,canadian-tire-motorsport-park,2026-07-12,202607121405_Race,49,44,14,36,1:18.144,5 Laps,,5,6,2
2026,15_Canadian Tire Motorsport Park,Canadian Tire Motorsport Park,canadian-tire-motorsport-park,2026-07-12,202607121405_Race,49,46,15,81,1:17.236,3 Laps,,3,6,2
2026,15_Canadian Tire Motorsport Park,Canadian Tire Motorsport Park,canadian-tire-motorsport-park,2026-07-12,202607121405_Race,49,49,16,04,1:08.792,21.441,21.441,,6,2
2026,15_Canadian Tire Motorsport Park,Canadian Tire Motorsport Park,canadian-tire-motorsport-park,2026-07-12,202607121405_Race,49,49,17,43,1:09.664,25.379,25.379,,6,2
2026,15_Canadian Tire Motorsport Park,Canadian Tire Motorsport Park,canadian-tire-motorsport-park,2026-07-12,202607121405_Race,49,49,18,99,1:09.403,29.346,29.346,,6,2
2026,15_Canadian Tire Motorsport Park,Canadian Tire Motorsport Park,canadian-tire-motorsport-park,2026-07-12,202607121405_Race,49,49,19,2,1:10.825,37.968,37.968,,6,2
2026,15_Canadian Tire Motorsport Park,Canadian Tire Motorsport Park,canadian-tire-motorsport-park,2026-07-12,202607121405_Race,49,49,20,73,1:11.203,42.047,42.047,,6,2
2026,15_Canadian Tire Motorsport Park,Canadian Tire Motorsport Park,canadian-tire-motorsport-park,2026-07-12,202607121405_Race,49,49,21,22,1:09.523,53.976,53.976,,6,2
2026,15_Canadian Tire Motorsport Park,Canadian Tire Motorsport Park,canadian-tire-motorsport-park,2026-07-12,202607121405_Race,49,47,22,14,1:17.062,2 Laps,,2,6,2
2026,15_Canadian Tire Motorsport Park,Canadian Tire Motorsport Park,canadian-tire-motorsport-park,2026-07-12,202607121405_Race,49,47,23,59,1:17.709,2 Laps,,2,6,2
2026,15_Canadian Tire Motorsport Park,Canadian Tire Motorsport Park,canadian-tire-motorsport-park,2026-07-12,202607121405_Race,49,47,24,77,1:17.890,2 Laps,,2,6,2
2026,15_Canadian Tire Motorsport Park,Canadian Tire Motorsport Park,canadian-tire-motorsport-park,2026-07-12,202607121405_Race,49,47,25,1,1:18.008,2 Laps,,2,6,2
2026,15_Canadian Tire Motorsport Park,Canadian Tire Motorsport Park,canadian-tire-motorsport-park,2026-07-12,202607121405_Race,49,47,26,65,1:18.045,2 Laps,,2,6,2
2026,15_Canadian Tire Motorsport Park,Canadian Tire Motorsport Park,canadian-tire-motorsport-park,2026-07-12,202607121405_Race,50,50,1,52,1:15.681,,,,6,2
2026,15_Canadian Tire Motorsport Park,Canadian Tire Motorsport Park,canadian-tire-motorsport-park,2026-07-12,202607121405_Race,50,47,2,9,1:18.357,3 Laps,,3,6,2
2026,15_Canadian Tire Motorsport Park,Canadian Tire Motorsport Park,canadian-tire-motorsport-park,2026-07-12,202607121405_Race,50,47,3,4,1:18.357,3 Laps,,3,6,2
2026,15_Canadian Tire Motorsport Park,Canadian Tire Motorsport Park,canadian-tire-motorsport-park,2026-07-12,202607121405_Race,50,47,4,68,1:18.577,3 Laps,,3,6,2
2026,15_Canadian Tire Motorsport Park,Canadian Tire Motorsport Park,canadian-tire-motorsport-park,2026-07-12,202607121405_Race,50,47,5,64,1:18.597,3 Laps,,3,6,2
2026,15_Canadian Tire Motorsport Park,Canadian Tire Motorsport Park,canadian-tire-motorsport-park,2026-07-12,202607121405_Race,50,47,6,3,1:18.427,3 Laps,,3,6,2
2026,15_Canadian Tire Motorsport Park,Canadian Tire Motorsport Park,canadian-tire-motorsport-park,2026-07-12,202607121405_Race,50,40,7,8,1:17.173,10 Laps,,10,6,2
2026,15_Canadian Tire Motorsport Park,Canadian Tire Motorsport Park,canadian-tire-motorsport-park,2026-07-12,202607121405_Race,50,47,8,45,1:18.492,3 Laps,,3,6,2
2026,15_Canadian Tire Motorsport Park,Canadian Tire Motorsport Park,canadian-tire-motorsport-park,2026-07-12,202607121405_Race,50,47,9,57,1:18.189,3 Laps,,3,6,2
2026,15_Canadian Tire Motorsport Park,Canadian Tire Motorsport Park,canadian-tire-motorsport-park,2026-07-12,202607121405_Race,50,47,10,12,1:18.194,3 Laps,,3,6,2
2026,15_Canadian Tire Motorsport Park,Canadian Tire Motorsport Park,canadian-tire-motorsport-park,2026-07-12,202607121405_Race,50,47,11,34,1:18.085,3 Laps,,3,6,2
2026,15_Canadian Tire Motorsport Park,Canadian Tire Motorsport Park,canadian-tire-motorsport-park,2026-07-12,202607121405_Race,50,47,12,70,1:18.120,3 Laps,,3,6,2
2026,15_Canadian Tire Motorsport Park,Canadian Tire Motorsport Park,canadian-tire-motorsport-park,2026-07-12,202607121405_Race,50,47,13,96,1:18.234,3 Laps,,3,6,2
2026,15_Canadian Tire Motorsport Park,Canadian Tire Motorsport Park,canadian-tire-motorsport-park,2026-07-12,202607121405_Race,50,47,14,16,1:17.651,3 Laps,,3,6,2
2026,15_Canadian Tire Motorsport Park,Canadian Tire Motorsport Park,canadian-tire-motorsport-park,2026-07-12,202607121405_Race,50,47,15,13,1:17.950,3 Laps,,3,6,2
2026,15_Canadian Tire Motorsport Park,Canadian Tire Motorsport Park,canadian-tire-motorsport-park,2026-07-12,202607121405_Race,50,47,16,120,1:17.674,3 Laps,,3,6,2
2026,15_Canadian Tire Motorsport Park,Canadian Tire Motorsport Park,canadian-tire-motorsport-park,2026-07-12,202607121405_Race,50,47,17,27,1:17.570,3 Laps,,3,6,2
2026,15_Canadian Tire Motorsport Park,Canadian Tire Motorsport Park,canadian-tire-motorsport-park,2026-07-12,202607121405_Race,50,47,18,66,1:17.799,3 Laps,,3,6,2
2026,15_Canadian Tire Motorsport Park,Canadian Tire Motorsport Park,canadian-tire-motorsport-park,2026-07-12,202607121405_Race,50,50,19,04,1:09.399,15.159,15.159,,6,2
2026,15_Canadian Tire Motorsport Park,Canadian Tire Motorsport Park,canadian-tire-motorsport-park,2026-07-12,202607121405_Race,50,45,20,36,1:17.858,5 Laps,,5,6,2
2026,15_Canadian Tire Motorsport Park,Canadian Tire Motorsport Park,canadian-tire-motorsport-park,2026-07-12,202607121405_Race,50,47,21,81,1:17.478,3 Laps,,3,6,3
2026,15_Canadian Tire Motorsport Park,Canadian Tire Motorsport Park,canadian-tire-motorsport-park,2026-07-12,202607121405_Race,50,50,22,43,1:09.152,18.850,18.850,,6,3
2026,15_Canadian Tire Motorsport Park,Canadian Tire Motorsport Park,canadian-tire-motorsport-park,2026-07-12,202607121405_Race,50,50,23,99,1:09.188,22.853,22.853,,6,3
2026,15_Canadian Tire Motorsport Park,Canadian Tire Motorsport Park,canadian-tire-motorsport-park,2026-07-12,202607121405_Race,50,50,24,2,1:10.331,32.618,32.618,,6,3
2026,15_Canadian Tire Motorsport Park,Canadian Tire Motorsport Park,canadian-tire-motorsport-park,2026-07-12,202607121405_Race,50,50,25,73,1:09.863,36.229,36.229,,6,3
2026,15_Canadian Tire Motorsport Park,Canadian Tire Motorsport Park,canadian-tire-motorsport-park,2026-07-12,202607121405_Race,50,50,26,22,1:08.969,47.264,47.264,,6,3
2026,15_Canadian Tire Motorsport Park,Canadian Tire Motorsport Park,canadian-tire-motorsport-park,2026-07-12,202607121405_Race,51,51,1,52,1:14.121,,,,6,3
2026,15_Canadian Tire Motorsport Park,Canadian Tire Motorsport Park,canadian-tire-motorsport-park,2026-07-12,202607121405_Race,51,48,2,14,1:17.786,3 Laps,,3,6,3
2026,15_Canadian Tire Motorsport Park,Canadian Tire Motorsport Park,canadian-tire-motorsport-park,2026-07-12,202607121405_Race,51,48,3,59,1:17.724,3 Laps,,3,6,3
2026,15_Canadian Tire Motorsport Park,Canadian Tire Motorsport Park,canadian-tire-motorsport-park,2026-07-12,202607121405_Race,51,48,4,77,1:17.729,3 Laps,,3,6,3
2026,15_Canadian Tire Motorsport Park,Canadian Tire Motorsport Park,canadian-tire-motorsport-park,2026-07-12,202607121405_Race,51,48,5,1,1:18.090,3 Laps,,3,6,3
2026,15_Canadian Tire Motorsport Park,Canadian Tire Motorsport Park,canadian-tire-motorsport-park,2026-07-12,202607121405_Race,51,48,6,65,1:18.043,3 Laps,,3,6,3
2026,15_Canadian Tire Motorsport Park,Canadian Tire Motorsport Park,canadian-tire-motorsport-park,2026-07-12,202607121405_Race,51,48,7,9,1:17.881,3 Laps,,3,6,3
2026,15_Canadian Tire Motorsport Park,Canadian Tire Motorsport Park,canadian-tire-motorsport-park,2026-07-12,202607121405_Race,51,48,8,4,1:18.122,3 Laps,,3,6,3
2026,15_Canadian Tire Motorsport Park,Canadian Tire Motorsport Park,canadian-tire-motorsport-park,2026-07-12,202607121405_Race,51,48,9,68,1:18.103,3 Laps,,3,6,3
2026,15_Canadian Tire Motorsport Park,Canadian Tire Motorsport Park,canadian-tire-motorsport-park,2026-07-12,202607121405_Race,51,41,10,8,1:17.329,10 Laps,,10,6,3
2026,15_Canadian Tire Motorsport Park,Canadian Tire Motorsport Park,canadian-tire-motorsport-park,2026-07-12,202607121405_Race,51,48,11,64,1:18.341,3 Laps,,3,6,3
2026,15_Canadian Tire Motorsport Park,Canadian Tire Motorsport Park,canadian-tire-motorsport-park,2026-07-12,202607121405_Race,51,48,12,3,1:18.443,3 Laps,,3,6,3
2026,15_Canadian Tire Motorsport Park,Canadian Tire Motorsport Park,canadian-tire-motorsport-park,2026-07-12,202607121405_Race,51,48,13,45,1:18.337,3 Laps,,3,6,3
2026,15_Canadian Tire Motorsport Park,Canadian Tire Motorsport Park,canadian-tire-motorsport-park,2026-07-12,202607121405_Race,51,48,14,57,1:18.294,3 Laps,,3,6,3
2026,15_Canadian Tire Motorsport Park,Canadian Tire Motorsport Park,canadian-tire-motorsport-park,2026-07-12,202607121405_Race,51,48,15,12,1:18.084,3 Laps,,3,6,3
2026,15_Canadian Tire Motorsport Park,Canadian Tire Motorsport Park,canadian-tire-motorsport-park,2026-07-12,202607121405_Race,51,48,16,34,1:18.153,3 Laps,,3,6,3
2026,15_Canadian Tire Motorsport Park,Canadian Tire Motorsport Park,canadian-tire-motorsport-park,2026-07-12,202607121405_Race,51,48,17,70,1:17.949,3 Laps,,3,6,3
2026,15_Canadian Tire Motorsport Park,Canadian Tire Motorsport Park,canadian-tire-motorsport-park,2026-07-12,202607121405_Race,51,48,18,96,1:17.908,3 Laps,,3,6,3
2026,15_Canadian Tire Motorsport Park,Canadian Tire Motorsport Park,canadian-tire-motorsport-park,2026-07-12,202607121405_Race,51,48,19,16,1:17.883,3 Laps,,3,6,3
2026,15_Canadian Tire Motorsport Park,Canadian Tire Motorsport Park,canadian-tire-motorsport-park,2026-07-12,202607121405_Race,51,48,20,13,1:17.832,3 Laps,,3,6,3
2026,15_Canadian Tire Motorsport Park,Canadian Tire Motorsport Park,canadian-tire-motorsport-park,2026-07-12,202607121405_Race,51,48,21,120,1:18.017,3 Laps,,3,6,3
2026,15_Canadian Tire Motorsport Park,Canadian Tire Motorsport Park,canadian-tire-motorsport-park,2026-07-12,202607121405_Race,51,51,22,04,1:11.544,12.582,12.582,,6,3
2026,15_Canadian Tire Motorsport Park,Canadian Tire Motorsport Park,canadian-tire-motorsport-park,2026-07-12,202607121405_Race,51,48,23,27,1:17.985,3 Laps,,3,6,3
2026,15_Canadian Tire Motorsport Park,Canadian Tire Motorsport Park,canadian-tire-motorsport-park,2026-07-12,202607121405_Race,51,51,24,43,1:10.714,15.443,15.443,,6,3
2026,15_Canadian Tire Motorsport Park,Canadian Tire Motorsport Park,canadian-tire-motorsport-park,2026-07-12,202607121405_Race,51,48,25,66,1:18.082,3 Laps,,3,6,3
2026,15_Canadian Tire Motorsport Park,Canadian Tire Motorsport Park,canadian-tire-motorsport-park,2026-07-12,202607121405_Race,51,51,26,99,1:10.245,18.977,18.977,,6,3
2026,15_Canadian Tire Motorsport Park,Canadian Tire Motorsport Park,canadian-tire-motorsport-park,2026-07-12,202607121405_Race,51,46,27,36,1:17.907,5 Laps,,5,6,3
2026,15_Canadian Tire Motorsport Park,Canadian Tire Motorsport Park,canadian-tire-motorsport-park,2026-07-12,202607121405_Race,51,48,28,81,1:17.698,3 Laps,,3,6,3
2026,15_Canadian Tire Motorsport Park,Canadian Tire Motorsport Park,canadian-tire-motorsport-park,2026-07-12,202607121405_Race,51,51,29,2,1:09.573,28.070,28.070,,6,3
2026,15_Canadian Tire Motorsport Park,Canadian Tire Motorsport Park,canadian-tire-motorsport-park,2026-07-12,202607121405_Race,51,51,30,73,1:09.849,31.957,31.957,,6,3
2026,15_Canadian Tire Motorsport Park,Canadian Tire Motorsport Park,canadian-tire-motorsport-park,2026-07-12,202607121405_Race,51,51,31,22,1:08.826,41.969,41.969,,6,3
2026,15_Canadian Tire Motorsport Park,Canadian Tire Motorsport Park,canadian-tire-motorsport-park,2026-07-12,202607121405_Race,52,52,1,52,1:11.349,,,,6,3
2026,15_Canadian Tire Motorsport Park,Canadian Tire Motorsport Park,canadian-tire-motorsport-park,2026-07-12,202607121405_Race,52,49,2,14,1:16.720,3 Laps,,3,6,3
2026,15_Canadian Tire Motorsport Park,Canadian Tire Motorsport Park,canadian-tire-motorsport-park,2026-07-12,202607121405_Race,52,49,3,59,1:17.376,3 Laps,,3,6,3
2026,15_Canadian Tire Motorsport Park,Canadian Tire Motorsport Park,canadian-tire-motorsport-park,2026-07-12,202607121405_Race,52,49,4,77,1:17.477,3 Laps,,3,6,3
2026,15_Canadian Tire Motorsport Park,Canadian Tire Motorsport Park,canadian-tire-motorsport-park,2026-07-12,202607121405_Race,52,49,5,1,1:17.522,3 Laps,,3,6,3
2026,15_Canadian Tire Motorsport Park,Canadian Tire Motorsport Park,canadian-tire-motorsport-park,2026-07-12,202607121405_Race,52,49,6,65,1:17.466,3 Laps,,3,6,3
2026,15_Canadian Tire Motorsport Park,Canadian Tire Motorsport Park,canadian-tire-motorsport-park,2026-07-12,202607121405_Race,52,49,7,9,1:17.930,3 Laps,,3,6,3
2026,15_Canadian Tire Motorsport Park,Canadian Tire Motorsport Park,canadian-tire-motorsport-park,2026-07-12,202607121405_Race,52,42,8,8,1:16.926,10 Laps,,10,6,3
2026,15_Canadian Tire Motorsport Park,Canadian Tire Motorsport Park,canadian-tire-motorsport-park,2026-07-12,202607121405_Race,52,49,9,4,1:18.105,3 Laps,,3,6,3
2026,15_Canadian Tire Motorsport Park,Canadian Tire Motorsport Park,canadian-tire-motorsport-park,2026-07-12,202607121405_Race,52,49,10,68,1:17.982,3 Laps,,3,6,3
2026,15_Canadian Tire Motorsport Park,Canadian Tire Motorsport Park,canadian-tire-motorsport-park,2026-07-12,202607121405_Race,52,49,11,64,1:17.981,3 Laps,,3,6,3
2026,15_Canadian Tire Motorsport Park,Canadian Tire Motorsport Park,canadian-tire-motorsport-park,2026-07-12,202607121405_Race,52,49,12,3,1:17.981,3 Laps,,3,6,3
2026,15_Canadian Tire Motorsport Park,Canadian Tire Motorsport Park,canadian-tire-motorsport-park,2026-07-12,202607121405_Race,52,49,13,45,1:18.173,3 Laps,,3,6,3
2026,15_Canadian Tire Motorsport Park,Canadian Tire Motorsport Park,canadian-tire-motorsport-park,2026-07-12,202607121405_Race,52,49,14,57,1:18.056,3 Laps,,3,6,3
2026,15_Canadian Tire Motorsport Park,Canadian Tire Motorsport Park,canadian-tire-motorsport-park,2026-07-12,202607121405_Race,52,52,15,04,1:13.223,14.456,14.456,,6,3
2026,15_Canadian Tire Motorsport Park,Canadian Tire Motorsport Park,canadian-tire-motorsport-park,2026-07-12,202607121405_Race,52,49,16,12,1:18.128,3 Laps,,3,6,3
2026,15_Canadian Tire Motorsport Park,Canadian Tire Motorsport Park,canadian-tire-motorsport-park,2026-07-12,202607121405_Race,52,49,17,34,1:18.243,3 Laps,,3,6,3
2026,15_Canadian Tire Motorsport Park,Canadian Tire Motorsport Park,canadian-tire-motorsport-park,2026-07-12,202607121405_Race,52,49,18,70,1:18.210,3 Laps,,3,6,3
2026,15_Canadian Tire Motorsport Park,Canadian Tire Motorsport Park,canadian-tire-motorsport-park,2026-07-12,202607121405_Race,52,49,19,96,1:18.200,3 Laps,,3,6,4
2026,15_Canadian Tire Motorsport Park,Canadian Tire Motorsport Park,canadian-tire-motorsport-park,2026-07-12,202607121405_Race,52,52,20,43,1:12.359,16.453,16.453,,6,4
2026,15_Canadian Tire Motorsport Park,Canadian Tire Motorsport Park,canadian-tire-motorsport-park,2026-07-12,202607121405_Race,52,49,21,16,1:18.044,3 Laps,,3,6,4
2026,15_Canadian Tire Motorsport Park,Canadian Tire Motorsport Park,canadian-tire-motorsport-park,2026-07-12,202607121405_Race,52,49,22,13,1:18.575,3 Laps,,3,6,4
2026,15_Canadian Tire Motorsport Park,Canadian Tire Motorsport Park,canadian-tire-motorsport-park,2026-07-12,202607121405_Race,52,52,23,99,1:11.768,19.396,19.396,,6,4
2026,15_Canadian Tire Motorsport Park,Canadian Tire Motorsport Park,canadian-tire-motorsport-park,2026-07-12,202607121405_Race,52,49,24,120,1:18.928,3 Laps,,3,6,4
2026,15_Canadian Tire Motorsport Park,Canadian Tire Motorsport Park,canadian-tire-motorsport-park,2026-07-12,202607121405_Race,52,49,25,27,1:18.353,3 Laps,,3,6,4
2026,15_Canadian Tire Motorsport Park,Canadian Tire Motorsport Park,canadian-tire-motorsport-park,2026-07-12,202607121405_Race,52,49,26,66,1:17.899,3 Laps,,3,6,4
2026,15_Canadian Tire Motorsport Park,Canadian Tire Motorsport Park,canadian-tire-motorsport-park,2026-07-12,202607121405_Race,52,47,27,36,1:17.671,5 Laps,,5,6,4
2026,15_Canadian Tire Motorsport Park,Canadian Tire Motorsport Park,canadian-tire-motorsport-park,2026-07-12,202607121405_Race,52,52,28,2,1:10.350,27.071,27.071,,6,4
2026,15_Canadian Tire Motorsport Park,Canadian Tire Motorsport Park,canadian-tire-motorsport-park,2026-07-12,202607121405_Race,52,49,29,81,1:17.310,3 Laps,,3,6,4
2026,15_Canadian Tire Motorsport Park,Canadian Tire Motorsport Park,canadian-tire-motorsport-park,2026-07-12,202607121405_Race,52,52,30,73,1:09.775,30.383,30.383,,6,4
2026,15_Canadian Tire Motorsport Park,Canadian Tire Motorsport Park,canadian-tire-motorsport-park,2026-07-12,202607121405_Race,52,52,31,22,1:08.900,39.520,39.520,,6,4
2026,15_Canadian Tire Motorsport Park,Canadian Tire Motorsport Park,canadian-tire-motorsport-park,2026-07-12,202607121405_Race,53,53,1,52,1:10.734,,,,6,4
2026,15_Canadian Tire Motorsport Park,Canadian Tire Motorsport Park,canadian-tire-motorsport-park,2026-07-12,202607121405_Race,53,50,2,14,1:17.033,3 Laps,,3,6,4
2026,15_Canadian Tire Motorsport Park,Canadian Tire Motorsport Park,canadian-tire-motorsport-park,2026-07-12,202607121405_Race,53,50,3,59,1:17.294,3 Laps,,3,6,4
2026,15_Canadian Tire Motorsport Park,Canadian Tire Motorsport Park,canadian-tire-motorsport-park,2026-07-12,202607121405_Race,53,50,4,77,1:17.321,3 Laps,,3,6,4
2026,15_Canadian Tire Motorsport Park,Canadian Tire Motorsport Park,canadian-tire-motorsport-park,2026-07-12,202607121405_Race,53,50,5,1,1:17.486,3 Laps,,3,6,4
2026,15_Canadian Tire Motorsport Park,Canadian Tire Motorsport Park,canadian-tire-motorsport-park,2026-07-12,202607121405_Race,53,50,6,65,1:17.546,3 Laps,,3,6,4
2026,15_Canadian Tire Motorsport Park,Canadian Tire Motorsport Park,canadian-tire-motorsport-park,2026-07-12,202607121405_Race,53,43,7,8,1:16.814,10 Laps,,10,6,4
2026,15_Canadian Tire Motorsport Park,Canadian Tire Motorsport Park,canadian-tire-motorsport-park,2026-07-12,202607121405_Race,53,50,8,9,1:17.687,3 Laps,,3,6,4
2026,15_Canadian Tire Motorsport Park,Canadian Tire Motorsport Park,canadian-tire-motorsport-park,2026-07-12,202607121405_Race,53,53,9,04,1:14.980,18.702,18.702,,6,4
2026,15_Canadian Tire Motorsport Park,Canadian Tire Motorsport Park,canadian-tire-motorsport-park,2026-07-12,202607121405_Race,53,50,10,4,1:17.968,3 Laps,,3,6,4
2026,15_Canadian Tire Motorsport Park,Canadian Tire Motorsport Park,canadian-tire-motorsport-park,2026-07-12,202607121405_Race,53,50,11,68,1:18.372,3 Laps,,3,6,4
2026,15_Canadian Tire Motorsport Park,Canadian Tire Motorsport Park,canadian-tire-motorsport-park,2026-07-12,202607121405_Race,53,50,12,64,1:17.906,3 Laps,,3,6,4
2026,15_Canadian Tire Motorsport Park,Canadian Tire Motorsport Park,canadian-tire-motorsport-park,2026-07-12,202607121405_Race,53,53,13,43,1:14.100,19.819,19.819,,6,4
2026,15_Canadian Tire Motorsport Park,Canadian Tire Motorsport Park,canadian-tire-motorsport-park,2026-07-12,202607121405_Race,53,50,14,3,1:18.180,3 Laps,,3,6,4
2026,15_Canadian Tire Motorsport Park,Canadian Tire Motorsport Park,canadian-tire-motorsport-park,2026-07-12,202607121405_Race,53,53,15,99,1:12.578,21.240,21.240,,6,4
2026,15_Canadian Tire Motorsport Park,Canadian Tire Motorsport Park,canadian-tire-motorsport-park,2026-07-12,202607121405_Race,53,50,16,45,1:18.147,3 Laps,,3,6,4
2026,15_Canadian Tire Motorsport Park,Canadian Tire Motorsport Park,canadian-tire-motorsport-park,2026-07-12,202607121405_Race,53,50,17,57,1:18.372,3 Laps,,3,6,4
2026,15_Canadian Tire Motorsport Park,Canadian Tire Motorsport Park,canadian-tire-motorsport-park,2026-07-12,202607121405_Race,53,50,18,12,1:18.498,3 Laps,,3,6,4
2026,15_Canadian Tire Motorsport Park,Canadian Tire Motorsport Park,canadian-tire-motorsport-park,2026-07-12,202607121405_Race,53,50,19,34,1:18.528,3 Laps,,3,6,4
2026,15_Canadian Tire Motorsport Park,Canadian Tire Motorsport Park,canadian-tire-motorsport-park,2026-07-12,202607121405_Race,53,50,20,70,1:18.699,3 Laps,,3,6,4
2026,15_Canadian Tire Motorsport Park,Canadian Tire Motorsport Park,canadian-tire-motorsport-park,2026-07-12,202607121405_Race,53,50,21,96,1:18.671,3 Laps,,3,6,4
2026,15_Canadian Tire Motorsport Park,Canadian Tire Motorsport Park,canadian-tire-motorsport-park,2026-07-12,202607121405_Race,53,50,22,16,1:18.508,3 Laps,,3,6,4
2026,15_Canadian Tire Motorsport Park,Canadian Tire Motorsport Park,canadian-tire-motorsport-park,2026-07-12,202607121405_Race,53,50,23,13,1:17.769,3 Laps,,3,6,4
2026,15_Canadian Tire Motorsport Park,Canadian Tire Motorsport Park,canadian-tire-motorsport-park,2026-07-12,202607121405_Race,53,50,24,120,1:17.839,3 Laps,,3,6,4
2026,15_Canadian Tire Motorsport Park,Canadian Tire Motorsport Park,canadian-tire-motorsport-park,2026-07-12,202607121405_Race,53,53,25,2,1:10.984,27.321,27.321,,6,4
2026,15_Canadian Tire Motorsport Park,Canadian Tire Motorsport Park,canadian-tire-motorsport-park,2026-07-12,202607121405_Race,53,50,26,27,1:18.091,3 Laps,,3,6,4
2026,15_Canadian Tire Motorsport Park,Canadian Tire Motorsport Park,canadian-tire-motorsport-park,2026-07-12,202607121405_Race,53,50,27,66,1:17.716,3 Laps,,3,6,4
2026,15_Canadian Tire Motorsport Park,Canadian Tire Motorsport Park,canadian-tire-motorsport-park,2026-07-12,202607121405_Race,53,53,28,73,1:10.435,30.084,30.084,,6,4
2026,15_Canadian Tire Motorsport Park,Canadian Tire Motorsport Park,canadian-tire-motorsport-park,2026-07-12,202607121405_Race,53,48,29,36,1:18.010,5 Laps,,5,6,4
2026,15_Canadian Tire Motorsport Park,Canadian Tire Motorsport Park,canadian-tire-motorsport-park,2026-07-12,202607121405_Race,53,50,30,81,1:17.602,3 Laps,,3,6,4
2026,15_Canadian Tire Motorsport Park,Canadian Tire Motorsport Park,canadian-tire-motorsport-park,2026-07-12,202607121405_Race,53,53,31,22,1:08.817,37.603,37.603,,6,4
2026,15_Canadian Tire Motorsport Park,Canadian Tire Motorsport Park,canadian-tire-motorsport-park,2026-07-12,202607121405_Race,54,54,1,52,1:10.498,,,,6,4
2026,15_Canadian Tire Motorsport Park,Canadian Tire Motorsport Park,canadian-tire-motorsport-park,2026-07-12,202607121405_Race,54,51,2,14,1:17.241,3 Laps,,3,6,4
2026,15_Canadian Tire Motorsport Park,Canadian Tire Motorsport Park,canadian-tire-motorsport-park,2026-07-12,202607121405_Race,54,51,3,59,1:17.750,3 Laps,,3,6,4
2026,15_Canadian Tire Motorsport Park,Canadian Tire Motorsport Park,canadian-tire-motorsport-park,2026-07-12,202607121405_Race,54,54,4,04,1:13.384,21.588,21.588,,6,4
2026,15_Canadian Tire Motorsport Park,Canadian Tire Motorsport Park,canadian-tire-motorsport-park,2026-07-12,202607121405_Race,54,51,5,77,1:17.563,3 Laps,,3,6,4
2026,15_Canadian Tire Motorsport Park,Canadian Tire Motorsport Park,canadian-tire-motorsport-park,2026-07-12,202607121405_Race,54,54,6,43,1:13.682,23.003,23.003,,6,4
2026,15_Canadian Tire Motorsport Park,Canadian Tire Motorsport Park,canadian-tire-motorsport-park,2026-07-12,202607121405_Race,54,51,7,1,1:17.752,3 Laps,,3,6,4
2026,15_Canadian Tire Motorsport Park,Canadian Tire Motorsport Park,canadian-tire-motorsport-park,2026-07-12,202607121405_Race,54,54,8,99,1:13.570,24.312,24.312,,6,4
2026,15_Canadian Tire Motorsport Park,Canadian Tire Motorsport Park,canadian-tire-motorsport-park,2026-07-12,202607121405_Race,54,44,9,8,1:17.624,10 Laps,,10,6,4
2026,15_Canadian Tire Motorsport Park,Canadian Tire Motorsport Park,canadian-tire-motorsport-park,2026-07-12,202607121405_Race,54,51,10,65,1:18.779,3 Laps,,3,6,4
2026,15_Canadian Tire Motorsport Park,Canadian Tire Motorsport Park,canadian-tire-motorsport-park,2026-07-12,202607121405_Race,54,51,11,9,1:18.899,3 Laps,,3,6,4
2026,15_Canadian Tire Motorsport Park,Canadian Tire Motorsport Park,canadian-tire-motorsport-park,2026-07-12,202607121405_Race,54,51,12,4,1:18.409,3 Laps,,3,6,5
2026,15_Canadian Tire Motorsport Park,Canadian Tire Motorsport Park,canadian-tire-motorsport-park,2026-07-12,202607121405_Race,54,51,13,68,1:18.169,3 Laps,,3,6,5
2026,15_Canadian Tire Motorsport Park,Canadian Tire Motorsport Park,canadian-tire-motorsport-park,2026-07-12,202607121405_Race,54,51,14,64,1:18.431,3 Laps,,3,6,5
2026,15_Canadian Tire Motorsport Park,Canadian Tire Motorsport Park,canadian-tire-motorsport-park,2026-07-12,202607121405_Race,54,51,15,3,1:18.214,3 Laps,,3,6,5
2026,15_Canadian Tire Motorsport Park,Canadian Tire Motorsport Park,canadian-tire-motorsport-park,2026-07-12,202607121405_Race,54,51,16,57,1:18.008,3 Laps,,3,6,5
2026,15_Canadian Tire Motorsport Park,Canadian Tire Motorsport Park,canadian-tire-motorsport-park,2026-07-12,202607121405_Race,54,51,17,45,1:18.903,3 Laps,,3,6,5
2026,15_Canadian Tire Motorsport Park,Canadian Tire Motorsport Park,canadian-tire-motorsport-park,2026-07-12,202607121405_Race,54,54,18,2,1:12.951,29.774,29.774,,6,5
2026,15_Canadian Tire Motorsport Park,Canadian Tire Motorsport Park,canadian-tire-motorsport-park,2026-07-12,202607121405_Race,54,51,19,12,1:18.434,3 Laps,,3,6,5
2026,15_Canadian Tire Motorsport Park,Canadian Tire Motorsport Park,canadian-tire-motorsport-park,2026-07-12,202607121405_Race,54,51,20,34,1:18.719,3 Laps,,3,6,5
2026,15_Canadian Tire Motorsport Park,Canadian Tire Motorsport Park,canadian-tire-motorsport-park,2026-07-12,202607121405_Race,54,51,21,70,1:18.675,3 Laps,,3,6,5
2026,15_Canadian Tire Motorsport Park,Canadian Tire Motorsport Park,canadian-tire-motorsport-park,2026-07-12,202607121405_Race,54,51,22,96,1:18.726,3 Laps,,3,6,5
2026,15_Canadian Tire Motorsport Park,Canadian Tire Motorsport Park,canadian-tire-motorsport-park,2026-07-12,202607121405_Race,54,51,23,16,1:18.713,3 Laps,,3,6,5
2026,15_Canadian Tire Motorsport Park,Canadian Tire Motorsport Park,canadian-tire-motorsport-park,2026-07-12,202607121405_Race,54,54,24,73,1:13.416,33.002,33.002,,6,5
2026,15_Canadian Tire Motorsport Park,Canadian Tire Motorsport Park,canadian-tire-motorsport-park,2026-07-12,202607121405_Race,54,51,25,13,1:18.262,3 Laps,,3,6,5
2026,15_Canadian Tire Motorsport Park,Canadian Tire Motorsport Park,canadian-tire-motorsport-park,2026-07-12,202607121405_Race,54,51,26,120,1:18.282,3 Laps,,3,6,5
2026,15_Canadian Tire Motorsport Park,Canadian Tire Motorsport Park,canadian-tire-motorsport-park,2026-07-12,202607121405_Race,54,51,27,27,1:18.499,3 Laps,,3,6,5
2026,15_Canadian Tire Motorsport Park,Canadian Tire Motorsport Park,canadian-tire-motorsport-park,2026-07-12,202607121405_Race,54,54,28,22,1:10.196,37.301,37.301,,6,5
2026,15_Canadian Tire Motorsport Park,Canadian Tire Motorsport Park,canadian-tire-motorsport-park,2026-07-12,202607121405_Race,54,51,29,66,1:18.067,3 Laps,,3,6,5
2026,15_Canadian Tire Motorsport Park,Canadian Tire Motorsport Park,canadian-tire-motorsport-park,2026-07-12,202607121405_Race,54,51,30,81,1:17.695,3 Laps,,3,6,5
2026,15_Canadian Tire Motorsport Park,Canadian Tire Motorsport Park,canadian-tire-motorsport-park,2026-07-12,202607121405_Race,54,49,31,36,1:19.010,5 Laps,,5,6,5
2026,15_Canadian Tire Motorsport Park,Canadian Tire Motorsport Park,canadian-tire-motorsport-park,2026-07-12,202607121405_Race,55,55,1,52,1:11.005,,,,6,5
2026,15_Canadian Tire Motorsport Park,Canadian Tire Motorsport Park,canadian-tire-motorsport-park,2026-07-12,202607121405_Race,55,55,2,04,1:10.495,21.078,21.078,,6,5
2026,15_Canadian Tire Motorsport Park,Canadian Tire Motorsport Park,canadian-tire-motorsport-park,2026-07-12,202607121405_Race,55,55,3,43,1:10.373,22.371,22.371,,6,5
2026,15_Canadian Tire Motorsport Park,Canadian Tire Motorsport Park,canadian-tire-motorsport-park,2026-07-12,202607121405_Race,55,55,4,99,1:11.242,24.549,24.549,,6,5
2026,15_Canadian Tire Motorsport Park,Canadian Tire Motorsport Park,canadian-tire-motorsport-park,2026-07-12,202607121405_Race,55,52,5,14,1:17.508,3 Laps,,3,6,5
2026,15_Canadian Tire Motorsport Park,Canadian Tire Motorsport Park,canadian-tire-motorsport-park,2026-07-12,202607121405_Race,55,52,6,59,1:17.940,3 Laps,,3,6,5
2026,15_Canadian Tire Motorsport Park,Canadian Tire Motorsport Park,canadian-tire-motorsport-park,2026-07-12,202607121405_Race,55,52,7,77,1:17.959,3 Laps,,3,6,5
2026,15_Canadian Tire Motorsport Park,Canadian Tire Motorsport Park,canadian-tire-motorsport-park,2026-07-12,202607121405_Race,55,52,8,1,1:17.636,3 Laps,,3,6,5
2026,15_Canadian Tire Motorsport Park,Canadian Tire Motorsport Park,canadian-tire-motorsport-park,2026-07-12,202607121405_Race,55,52,9,65,1:17.559,3 Laps,,3,6,5
2026,15_Canadian Tire Motorsport Park,Canadian Tire Motorsport Park,canadian-tire-motorsport-park,2026-07-12,202607121405_Race,55,52,10,9,1:17.566,3 Laps,,3,6,5
2026,15_Canadian Tire Motorsport Park,Canadian Tire Motorsport Park,canadian-tire-motorsport-park,2026-07-12,202607121405_Race,55,55,11,2,1:14.118,32.887,32.887,,6,5
2026,15_Canadian Tire Motorsport Park,Canadian Tire Motorsport Park,canadian-tire-motorsport-park,2026-07-12,202607121405_Race,55,52,12,4,1:18.050,3 Laps,,3,6,5
2026,15_Canadian Tire Motorsport Park,Canadian Tire Motorsport Park,canadian-tire-motorsport-park,2026-07-12,202607121405_Race,55,52,13,68,1:17.977,3 Laps,,3,6,5
2026,15_Canadian Tire Motorsport Park,Canadian Tire Motorsport Park,canadian-tire-motorsport-park,2026-07-12,202607121405_Race,55,52,14,64,1:17.936,3 Laps,,3,6,5
2026,15_Canadian Tire Motorsport Park,Canadian Tire Motorsport Park,canadian-tire-motorsport-park,2026-07-12,202607121405_Race,55,52,15,3,1:18.111,3 Laps,,3,6,5
2026,15_Canadian Tire Motorsport Park,Canadian Tire Motorsport Park,canadian-tire-motorsport-park,2026-07-12,202607121405_Race,55,52,16,57,1:17.608,3 Laps,,3,6,5
2026,15_Canadian Tire Motorsport Park,Canadian Tire Motorsport Park,canadian-tire-motorsport-park,2026-07-12,202607121405_Race,55,55,17,73,1:14.888,36.885,36.885,,6,5
2026,15_Canadian Tire Motorsport Park,Canadian Tire Motorsport Park,canadian-tire-motorsport-park,2026-07-12,202607121405_Race,55,52,18,45,1:18.681,3 Laps,,3,6,5
2026,15_Canadian Tire Motorsport Park,Canadian Tire Motorsport Park,canadian-tire-motorsport-park,2026-07-12,202607121405_Race,55,52,19,12,1:18.370,3 Laps,,3,6,5
2026,15_Canadian Tire Motorsport Park,Canadian Tire Motorsport Park,canadian-tire-motorsport-park,2026-07-12,202607121405_Race,55,52,20,34,1:18.529,3 Laps,,3,6,5
2026,15_Canadian Tire Motorsport Park,Canadian Tire Motorsport Park,canadian-tire-motorsport-park,2026-07-12,202607121405_Race,55,55,21,22,1:13.287,39.583,39.583,,6,5
2026,15_Canadian Tire Motorsport Park,Canadian Tire Motorsport Park,canadian-tire-motorsport-park,2026-07-12,202607121405_Race,55,52,22,70,1:18.915,3 Laps,,3,6,5
2026,15_Canadian Tire Motorsport Park,Canadian Tire Motorsport Park,canadian-tire-motorsport-park,2026-07-12,202607121405_Race,55,52,23,96,1:18.732,3 Laps,,3,6,5
2026,15_Canadian Tire Motorsport Park,Canadian Tire Motorsport Park,canadian-tire-motorsport-park,2026-07-12,202607121405_Race,55,52,24,16,1:18.647,3 Laps,,3,6,5
2026,15_Canadian Tire Motorsport Park,Canadian Tire Motorsport Park,canadian-tire-motorsport-park,2026-07-12,202607121405_Race,55,45,25,8,1:27.226,10 Laps,,10,6,5
2026,15_Canadian Tire Motorsport Park,Canadian Tire Motorsport Park,canadian-tire-motorsport-park,2026-07-12,202607121405_Race,55,52,26,13,1:18.169,3 Laps,,3,6,5
2026,15_Canadian Tire Motorsport Park,Canadian Tire Motorsport Park,canadian-tire-motorsport-park,2026-07-12,202607121405_Race,55,52,27,120,1:18.168,3 Laps,,3,6,5
2026,15_Canadian Tire Motorsport Park,Canadian Tire Motorsport Park,canadian-tire-motorsport-park,2026-07-12,202607121405_Race,55,52,28,27,1:17.897,3 Laps,,3,6,5
2026,15_Canadian Tire Motorsport Park,Canadian Tire Motorsport Park,canadian-tire-motorsport-park,2026-07-12,202607121405_Race,55,52,29,66,1:18.475,3 Laps,,3,6,5
2026,15_Canadian Tire Motorsport Park,Canadian Tire Motorsport Park,canadian-tire-motorsport-park,2026-07-12,202607121405_Race,55,52,30,81,1:17.224,3 Laps,,3,6,5
2026,15_Canadian Tire Motorsport Park,Canadian Tire Motorsport Park,canadian-tire-motorsport-park,2026-07-12,202607121405_Race,55,50,31,36,1:18.180,5 Laps,,5,6,5
2026,15_Canadian Tire Motorsport Park,Canadian Tire Motorsport Park,canadian-tire-motorsport-park,2026-07-12,202607121405_Race,56,56,1,52,1:10.738,,,,6,5
2026,15_Canadian Tire Motorsport Park,Canadian Tire Motorsport Park,canadian-tire-motorsport-park,2026-07-12,202607121405_Race,56,56,2,04,1:08.885,19.225,19.225,,6,5
2026,15_Canadian Tire Motorsport Park,Canadian Tire Motorsport Park,canadian-tire-motorsport-park,2026-07-12,202607121405_Race,56,56,3,43,1:08.866,20.499,20.499,,6,5
2026,15_Canadian Tire Motorsport Park,Canadian Tire Motorsport Park,canadian-tire-motorsport-park,2026-07-12,202607121405_Race,56,56,4,99,1:09.729,23.540,23.540,,6,5
2026,15_Canadian Tire Motorsport Park,Canadian Tire Motorsport Park,canadian-tire-motorsport-park,2026-07-12,202607121405_Race,56,53,5,14,1:17.244,3 Laps,,3,7,1
2026,15_Canadian Tire Motorsport Park,Canadian Tire Motorsport Park,canadian-tire-motorsport-park,2026-07-12,202607121405_Race,56,56,6,2,1:12.095,34.244,34.244,,7,1
2026,15_Canadian Tire Motorsport Park,Canadian Tire Motorsport Park,canadian-tire-motorsport-park,2026-07-12,202607121405_Race,56,53,7,59,1:17.619,3 Laps,,3,7,1
2026,15_Canadian Tire Motorsport Park,Canadian Tire Motorsport Park,canadian-tire-motorsport-park,2026-07-12,202607121405_Race,56,53,8,77,1:17.489,3 Laps,,3,7,1
2026,15_Canadian Tire Motorsport Park,Canadian Tire Motorsport Park,canadian-tire-motorsport-park,2026-07-12,202607121405_Race,56,53,9,1,1:17.840,3 Laps,,3,7,1
2026,15_Canadian Tire Motorsport Park,Canadian Tire Motorsport Park,canadian-tire-motorsport-park,2026-07-12,202607121405_Race,56,53,10,65,1:17.581,3 Laps,,3,7,1
2026,15_Canadian Tire Motorsport Park,Canadian Tire Motorsport Park,canadian-tire-motorsport-park,2026-07-12,202607121405_Race,56,53,11,9,1:17.812,3 Laps,,3,7,1
2026,15_Canadian Tire Motorsport Park,Canadian Tire Motorsport Park,canadian-tire-motorsport-park,2026-07-12,202607121405_Race,56,56,12,73,1:14.236,40.383,40.383,,7,1
2026,15_Canadian Tire Motorsport Park,Canadian Tire Motorsport Park,canadian-tire-motorsport-park,2026-07-12,202607121405_Race,56,53,13,4,1:17.824,3 Laps,,3,7,1
2026,15_Canadian Tire Motorsport Park,Canadian Tire Motorsport Park,canadian-tire-motorsport-park,2026-07-12,202607121405_Race,56,53,14,68,1:17.905,3 Laps,,3,7,1
2026,15_Canadian Tire Motorsport Park,Canadian Tire Motorsport Park,canadian-tire-motorsport-park,2026-07-12,202607121405_Race,56,56,15,22,1:12.741,41.586,41.586,,7,1
2026,15_Canadian Tire Motorsport Park,Canadian Tire Motorsport Park,canadian-tire-motorsport-park,2026-07-12,202607121405_Race,56,53,16,64,1:18.303,3 Laps,,3,7,1
2026,15_Canadian Tire Motorsport Park,Canadian Tire Motorsport Park,canadian-tire-motorsport-park,2026-07-12,202607121405_Race,56,53,17,3,1:18.226,3 Laps,,3,7,1
2026,15_Canadian Tire Motorsport Park,Canadian Tire Motorsport Park,canadian-tire-motorsport-park,2026-07-12,202607121405_Race,56,53,18,57,1:18.132,3 Laps,,3,7,1
2026,15_Canadian Tire Motorsport Park,Canadian Tire Motorsport Park,canadian-tire-motorsport-park,2026-07-12,202607121405_Race,56,53,19,45,1:18.026,3 Laps,,3,7,1
2026,15_Canadian Tire Motorsport Park,Canadian Tire Motorsport Park,canadian-tire-motorsport-park,2026-07-12,202607121405_Race,56,53,20,12,1:18.162,3 Laps,,3,7,1
2026,15_Canadian Tire Motorsport Park,Canadian Tire Motorsport Park,canadian-tire-motorsport-park,2026-07-12,202607121405_Race,56,53,21,34,1:18.688,3 Laps,,3,7,1
2026,15_Canadian Tire Motorsport Park,Canadian Tire Motorsport Park,canadian-tire-motorsport-park,2026-07-12,202607121405_Race,56,53,22,70,1:18.484,3 Laps,,3,7,1
2026,15_Canadian Tire Motorsport Park,Canadian Tire Motorsport Park,canadian-tire-motorsport-park,2026-07-12,202607121405_Race,56,53,23,96,1:18.664,3 Laps,,3,7,1
2026,15_Canadian Tire Motorsport Park,Canadian Tire Motorsport Park,canadian-tire-motorsport-park,2026-07-12,202607121405_Race,56,53,24,16,1:18.679,3 Laps,,3,7,1
2026,15_Canadian Tire Motorsport Park,Canadian Tire Motorsport Park,canadian-tire-motorsport-park,2026-07-12,202607121405_Race,56,53,25,13,1:18.520,3 Laps,,3,7,1
2026,15_Canadian Tire Motorsport Park,Canadian Tire Motorsport Park,canadian-tire-motorsport-park,2026-07-12,202607121405_Race,56,53,26,120,1:17.991,3 Laps,,3,7,1
2026,15_Canadian Tire Motorsport Park,Canadian Tire Motorsport Park,canadian-tire-motorsport-park,2026-07-12,202607121405_Race,56,53,27,27,1:18.006,3 Laps,,3,7,1
2026,15_Canadian Tire Motorsport Park,Canadian Tire Motorsport Park,canadian-tire-motorsport-park,2026-07-12,202607121405_Race,56,53,28,66,1:17.820,3 Laps,,3,7,1
2026,15_Canadian Tire Motorsport Park,Canadian Tire Motorsport Park,canadian-tire-motorsport-park,2026-07-12,202607121405_Race,56,53,29,81,1:17.466,3 Laps,,3,7,1
2026,15_Canadian Tire Motorsport Park,Canadian Tire Motorsport Park,canadian-tire-motorsport-park,2026-07-12,202607121405_Race,56,51,30,36,1:17.896,5 Laps,,5,7,1
2026,15_Canadian Tire Motorsport Park,Canadian Tire Motorsport Park,canadian-tire-motorsport-park,2026-07-12,202607121405_Race,57,57,1,52,1:10.446,,,,7,1
2026,15_Canadian Tire Motorsport Park,Canadian Tire Motorsport Park,canadian-tire-motorsport-park,2026-07-12,202607121405_Race,57,57,2,04,1:09.407,18.186,18.186,,7,1
2026,15_Canadian Tire Motorsport Park,Canadian Tire Motorsport Park,canadian-tire-motorsport-park,2026-07-12,202607121405_Race,57,57,3,43,1:09.003,19.056,19.056,,7,1
2026,15_Canadian Tire Motorsport Park,Canadian Tire Motorsport Park,canadian-tire-motorsport-park,2026-07-12,202607121405_Race,57,46,4,8,2:00.995,11 Laps,,11,7,1
2026,15_Canadian Tire Motorsport Park,Canadian Tire Motorsport Park,canadian-tire-motorsport-park,2026-07-12,202607121405_Race,57,57,5,99,1:09.119,22.213,22.213,,7,1
2026,15_Canadian Tire Motorsport Park,Canadian Tire Motorsport Park,canadian-tire-motorsport-park,2026-07-12,202607121405_Race,57,57,6,2,1:10.067,33.865,33.865,,7,1
2026,15_Canadian Tire Motorsport Park,Canadian Tire Motorsport Park,canadian-tire-motorsport-park,2026-07-12,202607121405_Race,57,54,7,14,1:16.792,3 Laps,,3,7,1
2026,15_Canadian Tire Motorsport Park,Canadian Tire Motorsport Park,canadian-tire-motorsport-park,2026-07-12,202607121405_Race,57,54,8,59,1:17.408,3 Laps,,3,7,1
2026,15_Canadian Tire Motorsport Park,Canadian Tire Motorsport Park,canadian-tire-motorsport-park,2026-07-12,202607121405_Race,57,57,9,73,1:12.770,42.707,42.707,,7,1
2026,15_Canadian Tire Motorsport Park,Canadian Tire Motorsport Park,canadian-tire-motorsport-park,2026-07-12,202607121405_Race,57,54,10,77,1:17.728,3 Laps,,3,7,1
2026,15_Canadian Tire Motorsport Park,Canadian Tire Motorsport Park,canadian-tire-motorsport-park,2026-07-12,202607121405_Race,57,57,11,22,1:12.586,43.726,43.726,,7,1
2026,15_Canadian Tire Motorsport Park,Canadian Tire Motorsport Park,canadian-tire-motorsport-park,2026-07-12,202607121405_Race,57,54,12,1,1:17.439,3 Laps,,3,7,1
2026,15_Canadian Tire Motorsport Park,Canadian Tire Motorsport Park,canadian-tire-motorsport-park,2026-07-12,202607121405_Race,57,54,13,65,1:17.656,3 Laps,,3,7,1
2026,15_Canadian Tire Motorsport Park,Canadian Tire Motorsport Park,canadian-tire-motorsport-park,2026-07-12,202607121405_Race,57,54,14,9,1:17.644,3 Laps,,3,7,1
2026,15_Canadian Tire Motorsport Park,Canadian Tire Motorsport Park,canadian-tire-motorsport-park,2026-07-12,202607121405_Race,57,54,15,4,1:17.528,3 Laps,,3,7,1
2026,15_Canadian Tire Motorsport Park,Canadian Tire Motorsport Park,canadian-tire-motorsport-park,2026-07-12,202607121405_Race,57,54,16,68,1:17.756,3 Laps,,3,7,1
2026,15_Canadian Tire Motorsport Park,Canadian Tire Motorsport Park,canadian-tire-motorsport-park,2026-07-12,202607121405_Race,57,54,17,64,1:17.915,3 Laps,,3,7,1
2026,15_Canadian Tire Motorsport Park,Canadian Tire Motorsport Park,canadian-tire-motorsport-park,2026-07-12,202607121405_Race,57,54,18,3,1:17.679,3 Laps,,3,7,1
2026,15_Canadian Tire Motorsport Park,Canadian Tire Motorsport Park,canadian-tire-motorsport-park,2026-07-12,202607121405_Race,57,54,19,57,1:17.465,3 Laps,,3,7,1
2026,15_Canadian Tire Motorsport Park,Canadian Tire Motorsport Park,canadian-tire-motorsport-park,2026-07-12,202607121405_Race,57,54,20,45,1:18.107,3 Laps,,3,7,1
2026,15_Canadian Tire Motorsport Park,Canadian Tire Motorsport Park,canadian-tire-motorsport-park,2026-07-12,202607121405_Race,57,54,21,12,1:18.062,3 Laps,,3,7,1
2026,15_Canadian Tire Motorsport Park,Canadian Tire Motorsport Park,canadian-tire-motorsport-park,2026-07-12,202607121405_Race,57,54,22,34,1:18.470,3 Laps,,3,7,1
2026,15_Canadian Tire Motorsport Park,Canadian Tire Motorsport Park,canadian-tire-motorsport-park,2026-07-12,202607121405_Race,57,54,23,70,1:18.286,3 Laps,,3,7,1
2026,15_Canadian Tire Motorsport Park,Canadian Tire Motorsport Park,canadian-tire-motorsport-park,2026-07-12,202607121405_Race,57,54,24,96,1:18.282,3 Laps,,3,7,1
2026,15_Canadian Tire Motorsport Park,Canadian Tire Motorsport Park,canadian-tire-motorsport-park,2026-07-12,202607121405_Race,57,54,25,16,1:18.446,3 Laps,,3,7,1
2026,15_Canadian Tire Motorsport Park,Canadian Tire Motorsport Park,canadian-tire-motorsport-park,2026-07-12,202607121405_Race,57,54,26,13,1:18.399,3 Laps,,3,7,1
2026,15_Canadian Tire Motorsport Park,Canadian Tire Motorsport Park,canadian-tire-motorsport-park,2026-07-12,202607121405_Race,57,54,27,120,1:18.538,3 Laps,,3,7,1
2026,15_Canadian Tire Motorsport Park,Canadian Tire Motorsport Park,canadian-tire-motorsport-park,2026-07-12,202607121405_Race,57,54,28,27,1:18.410,3 Laps,,3,7,1
2026,15_Canadian Tire Motorsport Park,Canadian Tire Motorsport Park,canadian-tire-motorsport-park,2026-07-12,202607121405_Race,57,54,29,66,1:17.910,3 Laps,,3,7,1
2026,15_Canadian Tire Motorsport Park,Canadian Tire Motorsport Park,canadian-tire-motorsport-park,2026-07-12,202607121405_Race,57,54,30,81,1:17.440,3 Laps,,3,7,1
2026,15_Canadian Tire Motorsport Park,Canadian Tire Motorsport Park,canadian-tire-motorsport-park,2026-07-12,202607121405_Race,57,52,31,36,1:18.050,5 Laps,,5,7,1
2026,15_Canadian Tire Motorsport Park,Canadian Tire Motorsport Park,canadian-tire-motorsport-park,2026-07-12,202607121405_Race,58,58,1,52,1:10.392,,,,7,2
2026,15_Canadian Tire Motorsport Park,Canadian Tire Motorsport Park,canadian-tire-motorsport-park,2026-07-12,202607121405_Race,58,58,2,04,1:09.139,16.933,16.933,,7,2
2026,15_Canadian Tire Motorsport Park,Canadian Tire Motorsport Park,canadian-tire-motorsport-park,2026-07-12,202607121405_Race,58,58,3,43,1:09.057,17.721,17.721,,7,2
2026,15_Canadian Tire Motorsport Park,Canadian Tire Motorsport Park,canadian-tire-motorsport-park,2026-07-12,202607121405_Race,58,47,4,8,1:10.675,11 Laps,,11,7,2
2026,15_Canadian Tire Motorsport Park,Canadian Tire Motorsport Park,canadian-tire-motorsport-park,2026-07-12,202607121405_Race,58,58,5,99,1:09.510,21.331,21.331,,7,2
2026,15_Canadian Tire Motorsport Park,Canadian Tire Motorsport Park,canadian-tire-motorsport-park,2026-07-12,202607121405_Race,58,58,6,2,1:09.582,33.055,33.055,,7,2
2026,15_Canadian Tire Motorsport Park,Canadian Tire Motorsport Park,canadian-tire-motorsport-park,2026-07-12,202607121405_Race,58,58,7,73,1:11.931,44.246,44.246,,7,2
2026,15_Canadian Tire Motorsport Park,Canadian Tire Motorsport Park,canadian-tire-motorsport-park,2026-07-12,202607121405_Race,58,58,8,22,1:11.367,44.701,44.701,,7,2
2026,15_Canadian Tire Motorsport Park,Canadian Tire Motorsport Park,canadian-tire-motorsport-park,2026-07-12,202607121405_Race,58,55,9,14,1:17.092,3 Laps,,3,7,2
2026,15_Canadian Tire Motorsport Park,Canadian Tire Motorsport Park,canadian-tire-motorsport-park,2026-07-12,202607121405_Race,58,55,10,59,1:18.082,3 Laps,,3,7,2
2026,15_Canadian Tire Motorsport Park,Canadian Tire Motorsport Park,canadian-tire-motorsport-park,2026-07-12,202607121405_Race,58,55,11,77,1:17.715,3 Laps,,3,7,2
2026,15_Canadian Tire Motorsport Park,Canadian Tire Motorsport Park,canadian-tire-motorsport-park,2026-07-12,202607121405_Race,58,55,12,1,1:17.437,3 Laps,,3,7,2
2026,15_Canadian Tire Motorsport Park,Canadian Tire Motorsport Park,canadian-tire-motorsport-park,2026-07-12,202607121405_Race,58,55,13,65,1:17.641,3 Laps,,3,7,2
2026,15_Canadian Tire Motorsport Park,Canadian Tire Motorsport Park,canadian-tire-motorsport-park,2026-07-12,202607121405_Race,58,55,14,9,1:17.144,3 Laps,,3,7,2
2026,15_Canadian Tire Motorsport Park,Canadian Tire Motorsport Park,canadian-tire-motorsport-park,2026-07-12,202607121405_Race,58,55,15,4,1:17.364,3 Laps,,3,7,2
2026,15_Canadian Tire Motorsport Park,Canadian Tire Motorsport Park,canadian-tire-motorsport-park,2026-07-12,202607121405_Race,58,55,16,68,1:17.340,3 Laps,,3,7,2
2026,15_Canadian Tire Motorsport Park,Canadian Tire Motorsport Park,canadian-tire-motorsport-park,2026-07-12,202607121405_Race,58,55,17,64,1:17.441,3 Laps,,3,7,2
2026,15_Canadian Tire Motorsport Park,Canadian Tire Motorsport Park,canadian-tire-motorsport-park,2026-07-12,202607121405_Race,58,55,18,3,1:17.662,3 Laps,,3,7,2
2026,15_Canadian Tire Motorsport Park,Canadian Tire Motorsport Park,canadian-tire-motorsport-park,2026-07-12,202607121405_Race,58,55,19,57,1:18.012,3 Laps,,3,7,2
2026,15_Canadian Tire Motorsport Park,Canadian Tire Motorsport Park,canadian-tire-motorsport-park,2026-07-12,202607121405_Race,58,55,20,45,1:17.909,3 Laps,,3,7,2
2026,15_Canadian Tire Motorsport Park,Canadian Tire Motorsport Park,canadian-tire-motorsport-park,2026-07-12,202607121405_Race,58,55,21,12,1:17.938,3 Laps,,3,7,2
2026,15_Canadian Tire Motorsport Park,Canadian Tire Motorsport Park,canadian-tire-motorsport-park,2026-07-12,202607121405_Race,58,55,22,34,1:18.462,3 Laps,,3,7,2
2026,15_Canadian Tire Motorsport Park,Canadian Tire Motorsport Park,canadian-tire-motorsport-park,2026-07-12,202607121405_Race,58,55,23,70,1:18.305,3 Laps,,3,7,2
2026,15_Canadian Tire Motorsport Park,Canadian Tire Motorsport Park,canadian-tire-motorsport-park,2026-07-12,202607121405_Race,58,55,24,96,1:18.273,3 Laps,,3,7,2
2026,15_Canadian Tire Motorsport Park,Canadian Tire Motorsport Park,canadian-tire-motorsport-park,2026-07-12,202607121405_Race,58,55,25,16,1:18.300,3 Laps,,3,7,2
2026,15_Canadian Tire Motorsport Park,Canadian Tire Motorsport Park,canadian-tire-motorsport-park,2026-07-12,202607121405_Race,58,55,26,13,1:18.258,3 Laps,,3,7,2
2026,15_Canadian Tire Motorsport Park,Canadian Tire Motorsport Park,canadian-tire-motorsport-park,2026-07-12,202607121405_Race,58,55,27,120,1:18.095,3 Laps,,3,7,2
2026,15_Canadian Tire Motorsport Park,Canadian Tire Motorsport Park,canadian-tire-motorsport-park,2026-07-12,202607121405_Race,58,55,28,27,1:18.229,3 Laps,,3,7,2
2026,15_Canadian Tire Motorsport Park,Canadian Tire Motorsport Park,canadian-tire-motorsport-park,2026-07-12,202607121405_Race,58,55,29,66,1:18.124,3 Laps,,3,7,2
2026,15_Canadian Tire Motorsport Park,Canadian Tire Motorsport Park,canadian-tire-motorsport-park,2026-07-12,202607121405_Race,58,55,30,81,1:17.309,3 Laps,,3,7,2
2026,15_Canadian Tire Motorsport Park,Canadian Tire Motorsport Park,canadian-tire-motorsport-park,2026-07-12,202607121405_Race,58,53,31,36,1:18.179,5 Laps,,5,7,2
2026,15_Canadian Tire Motorsport Park,Canadian Tire Motorsport Park,canadian-tire-motorsport-park,2026-07-12,202607121405_Race,59,59,1,52,1:20.794,,,,7,2
2026,15_Canadian Tire Motorsport Park,Canadian Tire Motorsport Park,canadian-tire-motorsport-park,2026-07-12,202607121405_Race,59,59,2,04,1:09.048,5.187,5.187,,7,2
2026,15_Canadian Tire Motorsport Park,Canadian Tire Motorsport Park,canadian-tire-motorsport-park,2026-07-12,202607121405_Race,59,59,3,43,1:09.276,6.203,6.203,,7,2
2026,15_Canadian Tire Motorsport Park,Canadian Tire Motorsport Park,canadian-tire-motorsport-park,2026-07-12,202607121405_Race,59,48,4,8,1:09.203,11 Laps,,11,7,2
2026,15_Canadian Tire Motorsport Park,Canadian Tire Motorsport Park,canadian-tire-motorsport-park,2026-07-12,202607121405_Race,59,59,5,99,1:09.370,9.907,9.907,,7,2
2026,15_Canadian Tire Motorsport Park,Canadian Tire Motorsport Park,canadian-tire-motorsport-park,2026-07-12,202607121405_Race,59,59,6,2,1:09.377,21.638,21.638,,7,2
2026,15_Canadian Tire Motorsport Park,Canadian Tire Motorsport Park,canadian-tire-motorsport-park,2026-07-12,202607121405_Race,59,59,7,73,1:10.164,33.616,33.616,,7,2
2026,15_Canadian Tire Motorsport Park,Canadian Tire Motorsport Park,canadian-tire-motorsport-park,2026-07-12,202607121405_Race,59,59,8,22,1:10.221,34.128,34.128,,7,2
2026,15_Canadian Tire Motorsport Park,Canadian Tire Motorsport Park,canadian-tire-motorsport-park,2026-07-12,202607121405_Race,59,56,9,14,1:17.024,3 Laps,,3,7,2
2026,15_Canadian Tire Motorsport Park,Canadian Tire Motorsport Park,canadian-tire-motorsport-park,2026-07-12,202607121405_Race,59,56,10,59,1:17.258,3 Laps,,3,7,2
2026,15_Canadian Tire Motorsport Park,Canadian Tire Motorsport Park,canadian-tire-motorsport-park,2026-07-12,202607121405_Race,59,56,11,77,1:17.434,3 Laps,,3,7,2
2026,15_Canadian Tire Motorsport Park,Canadian Tire Motorsport Park,canadian-tire-motorsport-park,2026-07-12,202607121405_Race,59,56,12,1,1:17.553,3 Laps,,3,7,2
2026,15_Canadian Tire Motorsport Park,Canadian Tire Motorsport Park,canadian-tire-motorsport-park,2026-07-12,202607121405_Race,59,56,13,65,1:17.386,3 Laps,,3,7,2
2026,15_Canadian Tire Motorsport Park,Canadian Tire Motorsport Park,canadian-tire-motorsport-park,2026-07-12,202607121405_Race,59,56,14,9,1:17.136,3 Laps,,3,7,2
2026,15_Canadian Tire Motorsport Park,Canadian Tire Motorsport Park,canadian-tire-motorsport-park,2026-07-12,202607121405_Race,59,56,15,4,1:17.249,3 Laps,,3,7,2
2026,15_Canadian Tire Motorsport Park,Canadian Tire Motorsport Park,canadian-tire-motorsport-park,2026-07-12,202607121405_Race,59,56,16,68,1:17.916,3 Laps,,3,7,2
2026,15_Canadian Tire Motorsport Park,Canadian Tire Motorsport Park,canadian-tire-motorsport-park,2026-07-12,202607121405_Race,59,56,17,64,1:17.542,3 Laps,,3,7,2
2026,15_Canadian Tire Motorsport Park,Canadian Tire Motorsport Park,canadian-tire-motorsport-park,2026-07-12,202607121405_Race,59,56,18,3,1:17.488,3 Laps,,3,7,2
2026,15_Canadian Tire Motorsport Park,Canadian Tire Motorsport Park,canadian-tire-motorsport-park,2026-07-12,202607121405_Race,59,56,19,57,1:18.176,3 Laps,,3,7,2
2026,15_Canadian Tire Motorsport Park,Canadian Tire Motorsport Park,canadian-tire-motorsport-park,2026-07-12,202607121405_Race,59,56,20,45,1:18.094,3 Laps,,3,7,2
2026,15_Canadian Tire Motorsport Park,Canadian Tire Motorsport Park,canadian-tire-motorsport-park,2026-07-12,202607121405_Race,59,56,21,12,1:18.279,3 Laps,,3,7,2
2026,15_Canadian Tire Motorsport Park,Canadian Tire Motorsport Park,canadian-tire-motorsport-park,2026-07-12,202607121405_Race,59,56,22,34,1:18.090,3 Laps,,3,7,2
2026,15_Canadian Tire Motorsport Park,Canadian Tire Motorsport Park,canadian-tire-motorsport-park,2026-07-12,202607121405_Race,59,56,23,70,1:18.214,3 Laps,,3,7,2
2026,15_Canadian Tire Motorsport Park,Canadian Tire Motorsport Park,canadian-tire-motorsport-park,2026-07-12,202607121405_Race,59,56,24,96,1:18.241,3 Laps,,3,7,2
2026,15_Canadian Tire Motorsport Park,Canadian Tire Motorsport Park,canadian-tire-motorsport-park,2026-07-12,202607121405_Race,59,56,25,16,1:18.325,3 Laps,,3,7,3
2026,15_Canadian Tire Motorsport Park,Canadian Tire Motorsport Park,canadian-tire-motorsport-park,2026-07-12,202607121405_Race,59,56,26,13,1:18.306,3 Laps,,3,7,3
2026,15_Canadian Tire Motorsport Park,Canadian Tire Motorsport Park,canadian-tire-motorsport-park,2026-07-12,202607121405_Race,59,56,27,120,1:18.394,3 Laps,,3,7,3
2026,15_Canadian Tire Motorsport Park,Canadian Tire Motorsport Park,canadian-tire-motorsport-park,2026-07-12,202607121405_Race,59,56,28,27,1:18.359,3 Laps,,3,7,3
2026,15_Canadian Tire Motorsport Park,Canadian Tire Motorsport Park,canadian-tire-motorsport-park,2026-07-12,202607121405_Race,59,56,29,66,1:17.918,3 Laps,,3,7,3
2026,15_Canadian Tire Motorsport Park,Canadian Tire Motorsport Park,canadian-tire-motorsport-park,2026-07-12,202607121405_Race,59,56,30,81,1:17.334,3 Laps,,3,7,3
2026,15_Canadian Tire Motorsport Park,Canadian Tire Motorsport Park,canadian-tire-motorsport-park,2026-07-12,202607121405_Race,59,54,31,36,1:17.809,5 Laps,,5,7,3
2026,15_Canadian Tire Motorsport Park,Canadian Tire Motorsport Park,canadian-tire-motorsport-park,2026-07-12,202607121405_Race,60,60,1,04,1:09.006,,,,7,3
2026,15_Canadian Tire Motorsport Park,Canadian Tire Motorsport Park,canadian-tire-motorsport-park,2026-07-12,202607121405_Race,60,60,2,43,1:09.024,1.034,1.034,,7,3
2026,15_Canadian Tire Motorsport Park,Canadian Tire Motorsport Park,canadian-tire-motorsport-park,2026-07-12,202607121405_Race,60,49,3,8,1:09.282,11 Laps,,11,7,3
2026,15_Canadian Tire Motorsport Park,Canadian Tire Motorsport Park,canadian-tire-motorsport-park,2026-07-12,202607121405_Race,60,60,4,99,1:09.090,4.804,4.804,,7,3
2026,15_Canadian Tire Motorsport Park,Canadian Tire Motorsport Park,canadian-tire-motorsport-park,2026-07-12,202607121405_Race,60,60,5,2,1:09.167,16.612,16.612,,7,3
2026,15_Canadian Tire Motorsport Park,Canadian Tire Motorsport Park,canadian-tire-motorsport-park,2026-07-12,202607121405_Race,60,60,6,73,1:09.860,29.283,29.283,,7,3
2026,15_Canadian Tire Motorsport Park,Canadian Tire Motorsport Park,canadian-tire-motorsport-park,2026-07-12,202607121405_Race,60,60,7,22,1:10.022,29.957,29.957,,7,3
2026,15_Canadian Tire Motorsport Park,Canadian Tire Motorsport Park,canadian-tire-motorsport-park,2026-07-12,202607121405_Race,60,57,8,14,1:16.550,3 Laps,,3,7,3
2026,15_Canadian Tire Motorsport Park,Canadian Tire Motorsport Park,canadian-tire-motorsport-park,2026-07-12,202607121405_Race,60,60,9,52,1:59.274,45.081,45.081,,7,3
2026,15_Canadian Tire Motorsport Park,Canadian Tire Motorsport Park,canadian-tire-motorsport-park,2026-07-12,202607121405_Race,60,57,10,59,1:17.361,3 Laps,,3,7,3
2026,15_Canadian Tire Motorsport Park,Canadian Tire Motorsport Park,canadian-tire-motorsport-park,2026-07-12,202607121405_Race,60,57,11,77,1:17.211,3 Laps,,3,7,3
2026,15_Canadian Tire Motorsport Park,Canadian Tire Motorsport Park,canadian-tire-motorsport-park,2026-07-12,202607121405_Race,60,57,12,1,1:17.468,3 Laps,,3,7,3
2026,15_Canadian Tire Motorsport Park,Canadian Tire Motorsport Park,canadian-tire-motorsport-park,2026-07-12,202607121405_Race,60,57,13,65,1:17.630,3 Laps,,3,7,3
2026,15_Canadian Tire Motorsport Park,Canadian Tire Motorsport Park,canadian-tire-motorsport-park,2026-07-12,202607121405_Race,60,57,14,9,1:17.433,3 Laps,,3,7,3
2026,15_Canadian Tire Motorsport Park,Canadian Tire Motorsport Park,canadian-tire-motorsport-park,2026-07-12,202607121405_Race,60,57,15,4,1:17.089,3 Laps,,3,7,3
2026,15_Canadian Tire Motorsport Park,Canadian Tire Motorsport Park,canadian-tire-motorsport-park,2026-07-12,202607121405_Race,60,57,16,68,1:17.285,3 Laps,,3,7,3
2026,15_Canadian Tire Motorsport Park,Canadian Tire Motorsport Park,canadian-tire-motorsport-park,2026-07-12,202607121405_Race,60,57,17,64,1:17.409,3 Laps,,3,7,3
2026,15_Canadian Tire Motorsport Park,Canadian Tire Motorsport Park,canadian-tire-motorsport-park,2026-07-12,202607121405_Race,60,57,18,3,1:17.443,3 Laps,,3,7,3
2026,15_Canadian Tire Motorsport Park,Canadian Tire Motorsport Park,canadian-tire-motorsport-park,2026-07-12,202607121405_Race,60,57,19,57,1:17.577,3 Laps,,3,7,3
2026,15_Canadian Tire Motorsport Park,Canadian Tire Motorsport Park,canadian-tire-motorsport-park,2026-07-12,202607121405_Race,60,57,20,45,1:18.116,3 Laps,,3,7,3
2026,15_Canadian Tire Motorsport Park,Canadian Tire Motorsport Park,canadian-tire-motorsport-park,2026-07-12,202607121405_Race,60,57,21,12,1:18.067,3 Laps,,3,7,3
2026,15_Canadian Tire Motorsport Park,Canadian Tire Motorsport Park,canadian-tire-motorsport-park,2026-07-12,202607121405_Race,60,57,22,34,1:17.682,3 Laps,,3,7,3
2026,15_Canadian Tire Motorsport Park,Canadian Tire Motorsport Park,canadian-tire-motorsport-park,2026-07-12,202607121405_Race,60,57,23,70,1:18.031,3 Laps,,3,7,3
2026,15_Canadian Tire Motorsport Park,Canadian Tire Motorsport Park,canadian-tire-motorsport-park,2026-07-12,202607121405_Race,60,57,24,96,1:18.197,3 Laps,,3,7,3
2026,15_Canadian Tire Motorsport Park,Canadian Tire Motorsport Park,canadian-tire-motorsport-park,2026-07-12,202607121405_Race,60,57,25,16,1:18.248,3 Laps,,3,7,3
2026,15_Canadian Tire Motorsport Park,Canadian Tire Motorsport Park,canadian-tire-motorsport-park,2026-07-12,202607121405_Race,60,57,26,13,1:18.328,3 Laps,,3,7,3
2026,15_Canadian Tire Motorsport Park,Canadian Tire Motorsport Park,canadian-tire-motorsport-park,2026-07-12,202607121405_Race,60,57,27,120,1:18.232,3 Laps,,3,7,3
2026,15_Canadian Tire Motorsport Park,Canadian Tire Motorsport Park,canadian-tire-motorsport-park,2026-07-12,202607121405_Race,60,57,28,27,1:18.283,3 Laps,,3,7,3
2026,15_Canadian Tire Motorsport Park,Canadian Tire Motorsport Park,canadian-tire-motorsport-park,2026-07-12,202607121405_Race,60,57,29,66,1:18.034,3 Laps,,3,7,3
2026,15_Canadian Tire Motorsport Park,Canadian Tire Motorsport Park,canadian-tire-motorsport-park,2026-07-12,202607121405_Race,60,57,30,81,1:17.999,3 Laps,,3,7,3
2026,15_Canadian Tire Motorsport Park,Canadian Tire Motorsport Park,canadian-tire-motorsport-park,2026-07-12,202607121405_Race,61,61,1,04,1:09.160,,,,7,3
2026,15_Canadian Tire Motorsport Park,Canadian Tire Motorsport Park,canadian-tire-motorsport-park,2026-07-12,202607121405_Race,61,61,2,43,1:10.481,2.355,2.355,,7,3
2026,15_Canadian Tire Motorsport Park,Canadian Tire Motorsport Park,canadian-tire-motorsport-park,2026-07-12,202607121405_Race,61,55,3,36,1:17.906,6 Laps,,6,7,3
2026,15_Canadian Tire Motorsport Park,Canadian Tire Motorsport Park,canadian-tire-motorsport-park,2026-07-12,202607121405_Race,61,61,4,99,1:09.360,5.004,5.004,,7,3
2026,15_Canadian Tire Motorsport Park,Canadian Tire Motorsport Park,canadian-tire-motorsport-park,2026-07-12,202607121405_Race,61,50,5,8,1:10.949,11 Laps,,11,7,3
2026,15_Canadian Tire Motorsport Park,Canadian Tire Motorsport Park,canadian-tire-motorsport-park,2026-07-12,202607121405_Race,61,61,6,2,1:09.487,16.939,16.939,,7,3
2026,15_Canadian Tire Motorsport Park,Canadian Tire Motorsport Park,canadian-tire-motorsport-park,2026-07-12,202607121405_Race,61,61,7,73,1:09.860,29.983,29.983,,7,3
2026,15_Canadian Tire Motorsport Park,Canadian Tire Motorsport Park,canadian-tire-motorsport-park,2026-07-12,202607121405_Race,61,61,8,22,1:09.748,30.545,30.545,,7,3
2026,15_Canadian Tire Motorsport Park,Canadian Tire Motorsport Park,canadian-tire-motorsport-park,2026-07-12,202607121405_Race,61,61,9,52,1:10.293,46.214,46.214,,7,3
2026,15_Canadian Tire Motorsport Park,Canadian Tire Motorsport Park,canadian-tire-motorsport-park,2026-07-12,202607121405_Race,61,58,10,14,1:16.911,3 Laps,,3,7,3
2026,15_Canadian Tire Motorsport Park,Canadian Tire Motorsport Park,canadian-tire-motorsport-park,2026-07-12,202607121405_Race,61,58,11,59,1:17.189,3 Laps,,3,7,3
2026,15_Canadian Tire Motorsport Park,Canadian Tire Motorsport Park,canadian-tire-motorsport-park,2026-07-12,202607121405_Race,61,58,12,77,1:17.310,3 Laps,,3,7,3
2026,15_Canadian Tire Motorsport Park,Canadian Tire Motorsport Park,canadian-tire-motorsport-park,2026-07-12,202607121405_Race,61,58,13,1,1:17.280,3 Laps,,3,7,3
2026,15_Canadian Tire Motorsport Park,Canadian Tire Motorsport Park,canadian-tire-motorsport-park,2026-07-12,202607121405_Race,61,58,14,65,1:17.653,3 Laps,,3,7,3
2026,15_Canadian Tire Motorsport Park,Canadian Tire Motorsport Park,canadian-tire-motorsport-park,2026-07-12,202607121405_Race,61,58,15,9,1:17.707,3 Laps,,3,7,3
2026,15_Canadian Tire Motorsport Park,Canadian Tire Motorsport Park,canadian-tire-motorsport-park,2026-07-12,202607121405_Race,61,58,16,4,1:17.360,3 Laps,,3,7,3
2026,15_Canadian Tire Motorsport Park,Canadian Tire Motorsport Park,canadian-tire-motorsport-park,2026-07-12,202607121405_Race,61,58,17,68,1:18.014,3 Laps,,3,7,3
2026,15_Canadian Tire Motorsport Park,Canadian Tire Motorsport Park,canadian-tire-motorsport-park,2026-07-12,202607121405_Race,61,58,18,64,1:17.585,3 Laps,,3,7,3
2026,15_Canadian Tire Motorsport Park,Canadian Tire Motorsport Park,canadian-tire-motorsport-park,2026-07-12,202607121405_Race,61,58,19,3,1:17.507,3 Laps,,3,7,4
2026,15_Canadian Tire Motorsport Park,Canadian Tire Motorsport Park,canadian-tire-motorsport-park,2026-07-12,202607121405_Race,61,58,20,57,1:17.420,3 Laps,,3,7,4
2026,15_Canadian Tire Motorsport Park,Canadian Tire Motorsport Park,canadian-tire-motorsport-park,2026-07-12,202607121405_Race,61,58,21,45,1:18.116,3 Laps,,3,7,4
2026,15_Canadian Tire Motorsport Park,Canadian Tire Motorsport Park,canadian-tire-motorsport-park,2026-07-12,202607121405_Race,61,58,22,12,1:17.791,3 Laps,,3,7,4
2026,15_Canadian Tire Motorsport Park,Canadian Tire Motorsport Park,canadian-tire-motorsport-park,2026-07-12,202607121405_Race,61,58,23,34,1:17.248,3 Laps,,3,7,4
2026,15_Canadian Tire Motorsport Park,Canadian Tire Motorsport Park,canadian-tire-motorsport-park,2026-07-12,202607121405_Race,61,58,24,70,1:17.902,3 Laps,,3,7,4
2026,15_Canadian Tire Motorsport Park,Canadian Tire Motorsport Park,canadian-tire-motorsport-park,2026-07-12,202607121405_Race,62,62,1,04,1:13.736,,,,7,4
2026,15_Canadian Tire Motorsport Park,Canadian Tire Motorsport Park,canadian-tire-motorsport-park,2026-07-12,202607121405_Race,62,58,2,96,1:17.949,4 Laps,,4,7,4
2026,15_Canadian Tire Motorsport Park,Canadian Tire Motorsport Park,canadian-tire-motorsport-park,2026-07-12,202607121405_Race,62,62,3,43,1:12.035,0.654,0.654,,7,4
2026,15_Canadian Tire Motorsport Park,Canadian Tire Motorsport Park,canadian-tire-motorsport-park,2026-07-12,202607121405_Race,62,58,4,16,1:18.093,4 Laps,,4,7,4
2026,15_Canadian Tire Motorsport Park,Canadian Tire Motorsport Park,canadian-tire-motorsport-park,2026-07-12,202607121405_Race,62,58,5,13,1:18.280,4 Laps,,4,7,4
2026,15_Canadian Tire Motorsport Park,Canadian Tire Motorsport Park,canadian-tire-motorsport-park,2026-07-12,202607121405_Race,62,58,6,120,1:18.533,4 Laps,,4,7,4
2026,15_Canadian Tire Motorsport Park,Canadian Tire Motorsport Park,canadian-tire-motorsport-park,2026-07-12,202607121405_Race,62,62,7,99,1:11.252,2.520,2.520,,7,4
2026,15_Canadian Tire Motorsport Park,Canadian Tire Motorsport Park,canadian-tire-motorsport-park,2026-07-12,202607121405_Race,62,58,8,27,1:18.761,4 Laps,,4,7,4
2026,15_Canadian Tire Motorsport Park,Canadian Tire Motorsport Park,canadian-tire-motorsport-park,2026-07-12,202607121405_Race,62,58,9,81,1:18.347,4 Laps,,4,7,4
2026,15_Canadian Tire Motorsport Park,Canadian Tire Motorsport Park,canadian-tire-motorsport-park,2026-07-12,202607121405_Race,62,51,10,8,1:11.707,11 Laps,,11,7,4
2026,15_Canadian Tire Motorsport Park,Canadian Tire Motorsport Park,canadian-tire-motorsport-park,2026-07-12,202607121405_Race,62,58,11,66,1:19.537,4 Laps,,4,7,4
2026,15_Canadian Tire Motorsport Park,Canadian Tire Motorsport Park,canadian-tire-motorsport-park,2026-07-12,202607121405_Race,62,56,12,36,1:18.294,6 Laps,,6,7,4
2026,15_Canadian Tire Motorsport Park,Canadian Tire Motorsport Park,canadian-tire-motorsport-park,2026-07-12,202607121405_Race,62,62,13,2,1:09.575,12.778,12.778,,7,4
2026,15_Canadian Tire Motorsport Park,Canadian Tire Motorsport Park,canadian-tire-motorsport-park,2026-07-12,202607121405_Race,62,62,14,73,1:09.596,25.843,25.843,,7,4
2026,15_Canadian Tire Motorsport Park,Canadian Tire Motorsport Park,canadian-tire-motorsport-park,2026-07-12,202607121405_Race,62,62,15,22,1:09.569,26.378,26.378,,7,4
2026,15_Canadian Tire Motorsport Park,Canadian Tire Motorsport Park,canadian-tire-motorsport-park,2026-07-12,202607121405_Race,62,62,16,52,1:09.522,42.000,42.000,,7,4
2026,15_Canadian Tire Motorsport Park,Canadian Tire Motorsport Park,canadian-tire-motorsport-park,2026-07-12,202607121405_Race,62,59,17,14,1:16.809,3 Laps,,3,7,4
2026,15_Canadian Tire Motorsport Park,Canadian Tire Motorsport Park,canadian-tire-motorsport-park,2026-07-12,202607121405_Race,62,59,18,59,1:17.193,3 Laps,,3,7,4
2026,15_Canadian Tire Motorsport Park,Canadian Tire Motorsport Park,canadian-tire-motorsport-park,2026-07-12,202607121405_Race,62,59,19,77,1:17.223,3 Laps,,3,7,4
2026,15_Canadian Tire Motorsport Park,Canadian Tire Motorsport Park,canadian-tire-motorsport-park,2026-07-12,202607121405_Race,62,59,20,1,1:17.082,3 Laps,,3,7,4
2026,15_Canadian Tire Motorsport Park,Canadian Tire Motorsport Park,canadian-tire-motorsport-park,2026-07-12,202607121405_Race,62,59,21,65,1:17.368,3 Laps,,3,7,4
2026,15_Canadian Tire Motorsport Park,Canadian Tire Motorsport Park,canadian-tire-motorsport-park,2026-07-12,202607121405_Race,62,59,22,9,1:17.639,3 Laps,,3,7,4
2026,15_Canadian Tire Motorsport Park,Canadian Tire Motorsport Park,canadian-tire-motorsport-park,2026-07-12,202607121405_Race,62,59,23,4,1:17.599,3 Laps,,3,7,4
2026,15_Canadian Tire Motorsport Park,Canadian Tire Motorsport Park,canadian-tire-motorsport-park,2026-07-12,202607121405_Race,62,59,24,68,1:17.156,3 Laps,,3,7,4
2026,15_Canadian Tire Motorsport Park,Canadian Tire Motorsport Park,canadian-tire-motorsport-park,2026-07-12,202607121405_Race,62,59,25,64,1:18.312,3 Laps,,3,7,4
2026,15_Canadian Tire Motorsport Park,Canadian Tire Motorsport Park,canadian-tire-motorsport-park,2026-07-12,202607121405_Race,62,59,26,3,1:18.230,3 Laps,,3,7,4
2026,15_Canadian Tire Motorsport Park,Canadian Tire Motorsport Park,canadian-tire-motorsport-park,2026-07-12,202607121405_Race,62,59,27,57,1:17.547,3 Laps,,3,7,4
2026,15_Canadian Tire Motorsport Park,Canadian Tire Motorsport Park,canadian-tire-motorsport-park,2026-07-12,202607121405_Race,63,63,1,04,1:10.933,,,,7,4
2026,15_Canadian Tire Motorsport Park,Canadian Tire Motorsport Park,canadian-tire-motorsport-park,2026-07-12,202607121405_Race,63,63,2,43,1:11.229,0.950,0.950,,7,4
2026,15_Canadian Tire Motorsport Park,Canadian Tire Motorsport Park,canadian-tire-motorsport-park,2026-07-12,202607121405_Race,63,59,3,45,1:17.763,4 Laps,,4,7,4
2026,15_Canadian Tire Motorsport Park,Canadian Tire Motorsport Park,canadian-tire-motorsport-park,2026-07-12,202607121405_Race,63,59,4,12,1:18.149,4 Laps,,4,7,4
2026,15_Canadian Tire Motorsport Park,Canadian Tire Motorsport Park,canadian-tire-motorsport-park,2026-07-12,202607121405_Race,63,63,5,99,1:12.983,4.570,4.570,,7,4
2026,15_Canadian Tire Motorsport Park,Canadian Tire Motorsport Park,canadian-tire-motorsport-park,2026-07-12,202607121405_Race,63,59,6,34,1:17.828,4 Laps,,4,7,4
2026,15_Canadian Tire Motorsport Park,Canadian Tire Motorsport Park,canadian-tire-motorsport-park,2026-07-12,202607121405_Race,63,52,7,8,1:13.663,11 Laps,,11,7,4
2026,15_Canadian Tire Motorsport Park,Canadian Tire Motorsport Park,canadian-tire-motorsport-park,2026-07-12,202607121405_Race,63,59,8,70,1:18.595,4 Laps,,4,7,4
2026,15_Canadian Tire Motorsport Park,Canadian Tire Motorsport Park,canadian-tire-motorsport-park,2026-07-12,202607121405_Race,63,59,9,96,1:18.500,4 Laps,,4,7,4
2026,15_Canadian Tire Motorsport Park,Canadian Tire Motorsport Park,canadian-tire-motorsport-park,2026-07-12,202607121405_Race,63,59,10,16,1:18.185,4 Laps,,4,7,4
2026,15_Canadian Tire Motorsport Park,Canadian Tire Motorsport Park,canadian-tire-motorsport-park,2026-07-12,202607121405_Race,63,59,11,13,1:18.554,4 Laps,,4,7,4
2026,15_Canadian Tire Motorsport Park,Canadian Tire Motorsport Park,canadian-tire-motorsport-park,2026-07-12,202607121405_Race,63,59,12,120,1:18.393,4 Laps,,4,7,4
2026,15_Canadian Tire Motorsport Park,Canadian Tire Motorsport Park,canadian-tire-motorsport-park,2026-07-12,202607121405_Race,63,59,13,27,1:18.228,4 Laps,,4,7,4
2026,15_Canadian Tire Motorsport Park,Canadian Tire Motorsport Park,canadian-tire-motorsport-park,2026-07-12,202607121405_Race,63,59,14,81,1:17.952,4 Laps,,4,7,4
2026,15_Canadian Tire Motorsport Park,Canadian Tire Motorsport Park,canadian-tire-motorsport-park,2026-07-12,202607121405_Race,63,59,15,66,1:18.174,4 Laps,,4,7,4
2026,15_Canadian Tire Motorsport Park,Canadian Tire Motorsport Park,canadian-tire-motorsport-park,2026-07-12,202607121405_Race,63,57,16,36,1:18.179,6 Laps,,6,7,4
2026,15_Canadian Tire Motorsport Park,Canadian Tire Motorsport Park,canadian-tire-motorsport-park,2026-07-12,202607121405_Race,63,63,17,73,1:09.689,24.599,24.599,,7,4
2026,15_Canadian Tire Motorsport Park,Canadian Tire Motorsport Park,canadian-tire-motorsport-park,2026-07-12,202607121405_Race,63,63,18,22,1:10.154,25.599,25.599,,7,4
2026,15_Canadian Tire Motorsport Park,Canadian Tire Motorsport Park,canadian-tire-motorsport-park,2026-07-12,202607121405_Race,63,63,19,52,1:13.782,44.849,44.849,,7,4
2026,15_Canadian Tire Motorsport Park,Canadian Tire Motorsport Park,canadian-tire-motorsport-park,2026-07-12,202607121405_Race,63,60,20,14,1:17.390,3 Laps,,3,7,4
2026,15_Canadian Tire Motorsport Park,Canadian Tire Motorsport Park,canadian-tire-motorsport-park,2026-07-12,202607121405_Race,63,60,21,59,1:17.550,3 Laps,,3,7,4
2026,15_Canadian Tire Motorsport Park,Canadian Tire Motorsport Park,canadian-tire-motorsport-park,2026-07-12,202607121405_Race,63,60,22,77,1:17.381,3 Laps,,3,7,4
2026,15_Canadian Tire Motorsport Park,Canadian Tire Motorsport Park,canadian-tire-motorsport-park,2026-07-12,202607121405_Race,63,60,23,1,1:17.312,3 Laps,,3,7,5
2026,15_Canadian Tire Motorsport Park,Canadian Tire Motorsport Park,canadian-tire-motorsport-park,2026-07-12,202607121405_Race,63,60,24,65,1:17.579,3 Laps,,3,7,5
2026,15_Canadian Tire Motorsport Park,Canadian Tire Motorsport Park,canadian-tire-motorsport-park,2026-07-12,202607121405_Race,63,60,25,9,1:17.647,3 Laps,,3,7,5
2026,15_Canadian Tire Motorsport Park,Canadian Tire Motorsport Park,canadian-tire-motorsport-park,2026-07-12,202607121405_Race,64,64,1,04,1:12.780,,,,7,5
2026,15_Canadian Tire Motorsport Park,Canadian Tire Motorsport Park,canadian-tire-motorsport-park,2026-07-12,202607121405_Race,64,60,2,4,1:17.878,4 Laps,,4,7,5
2026,15_Canadian Tire Motorsport Park,Canadian Tire Motorsport Park,canadian-tire-motorsport-park,2026-07-12,202607121405_Race,64,64,3,43,1:12.276,0.446,0.446,,7,5
2026,15_Canadian Tire Motorsport Park,Canadian Tire Motorsport Park,canadian-tire-motorsport-park,2026-07-12,202607121405_Race,64,63,4,2,2:12.885,1 Lap,,1,7,5
2026,15_Canadian Tire Motorsport Park,Canadian Tire Motorsport Park,canadian-tire-motorsport-park,2026-07-12,202607121405_Race,64,60,5,68,1:17.630,4 Laps,,4,7,5
2026,15_Canadian Tire Motorsport Park,Canadian Tire Motorsport Park,canadian-tire-motorsport-park,2026-07-12,202607121405_Race,64,60,6,64,1:17.899,4 Laps,,4,7,5
2026,15_Canadian Tire Motorsport Park,Canadian Tire Motorsport Park,canadian-tire-motorsport-park,2026-07-12,202607121405_Race,64,60,7,3,1:18.113,4 Laps,,4,7,5
2026,15_Canadian Tire Motorsport Park,Canadian Tire Motorsport Park,canadian-tire-motorsport-park,2026-07-12,202607121405_Race,64,64,8,99,1:12.780,4.570,4.570,,7,5
2026,15_Canadian Tire Motorsport Park,Canadian Tire Motorsport Park,canadian-tire-motorsport-park,2026-07-12,202607121405_Race,64,60,9,57,1:18.303,4 Laps,,4,7,5
2026,15_Canadian Tire Motorsport Park,Canadian Tire Motorsport Park,canadian-tire-motorsport-park,2026-07-12,202607121405_Race,64,53,10,8,1:12.126,11 Laps,,11,7,5
2026,15_Canadian Tire Motorsport Park,Canadian Tire Motorsport Park,canadian-tire-motorsport-park,2026-07-12,202607121405_Race,64,60,11,45,1:18.260,4 Laps,,4,7,5
2026,15_Canadian Tire Motorsport Park,Canadian Tire Motorsport Park,canadian-tire-motorsport-park,2026-07-12,202607121405_Race,64,60,12,12,1:18.247,4 Laps,,4,7,5
2026,15_Canadian Tire Motorsport Park,Canadian Tire Motorsport Park,canadian-tire-motorsport-park,2026-07-12,202607121405_Race,64,60,13,34,1:17.917,4 Laps,,4,7,5
2026,15_Canadian Tire Motorsport Park,Canadian Tire Motorsport Park,canadian-tire-motorsport-park,2026-07-12,202607121405_Race,64,60,14,70,1:18.095,4 Laps,,4,7,5
2026,15_Canadian Tire Motorsport Park,Canadian Tire Motorsport Park,canadian-tire-motorsport-park,2026-07-12,202607121405_Race,64,60,15,96,1:18.120,4 Laps,,4,7,5
2026,15_Canadian Tire Motorsport Park,Canadian Tire Motorsport Park,canadian-tire-motorsport-park,2026-07-12,202607121405_Race,64,60,16,16,1:18.026,4 Laps,,4,7,5
2026,15_Canadian Tire Motorsport Park,Canadian Tire Motorsport Park,canadian-tire-motorsport-park,2026-07-12,202607121405_Race,64,60,17,13,1:18.049,4 Laps,,4,7,5
2026,15_Canadian Tire Motorsport Park,Canadian Tire Motorsport Park,canadian-tire-motorsport-park,2026-07-12,202607121405_Race,64,60,18,120,1:18.124,4 Laps,,4,7,5
2026,15_Canadian Tire Motorsport Park,Canadian Tire Motorsport Park,canadian-tire-motorsport-park,2026-07-12,202607121405_Race,64,60,19,27,1:18.105,4 Laps,,4,7,5
2026,15_Canadian Tire Motorsport Park,Canadian Tire Motorsport Park,canadian-tire-motorsport-park,2026-07-12,202607121405_Race,64,60,20,81,1:17.931,4 Laps,,4,7,5
2026,15_Canadian Tire Motorsport Park,Canadian Tire Motorsport Park,canadian-tire-motorsport-park,2026-07-12,202607121405_Race,64,60,21,66,1:18.206,4 Laps,,4,7,5
2026,15_Canadian Tire Motorsport Park,Canadian Tire Motorsport Park,canadian-tire-motorsport-park,2026-07-12,202607121405_Race,64,58,22,36,1:18.116,6 Laps,,6,7,5
2026,15_Canadian Tire Motorsport Park,Canadian Tire Motorsport Park,canadian-tire-motorsport-park,2026-07-12,202607121405_Race,64,64,23,73,1:09.856,21.675,21.675,,7,5
2026,15_Canadian Tire Motorsport Park,Canadian Tire Motorsport Park,canadian-tire-motorsport-park,2026-07-12,202607121405_Race,64,64,24,22,1:09.639,22.458,22.458,,7,5
2026,15_Canadian Tire Motorsport Park,Canadian Tire Motorsport Park,canadian-tire-motorsport-park,2026-07-12,202607121405_Race,64,64,25,52,1:09.558,41.627,41.627,,7,5
2026,15_Canadian Tire Motorsport Park,Canadian Tire Motorsport Park,canadian-tire-motorsport-park,2026-07-12,202607121405_Race,64,61,26,14,1:16.752,3 Laps,,3,7,5
2026,15_Canadian Tire Motorsport Park,Canadian Tire Motorsport Park,canadian-tire-motorsport-park,2026-07-12,202607121405_Race,64,61,27,59,1:16.990,3 Laps,,3,7,5
2026,15_Canadian Tire Motorsport Park,Canadian Tire Motorsport Park,canadian-tire-motorsport-park,2026-07-12,202607121405_Race,65,65,1,43,1:11.579,,,,7,5
2026,15_Canadian Tire Motorsport Park,Canadian Tire Motorsport Park,canadian-tire-motorsport-park,2026-07-12,202607121405_Race,65,61,2,77,1:17.351,4 Laps,,4,7,5
2026,15_Canadian Tire Motorsport Park,Canadian Tire Motorsport Park,canadian-tire-motorsport-park,2026-07-12,202607121405_Race,65,65,3,04,1:12.979,0.954,0.954,,7,5
2026,15_Canadian Tire Motorsport Park,Canadian Tire Motorsport Park,canadian-tire-motorsport-park,2026-07-12,202607121405_Race,65,61,4,1,1:17.559,4 Laps,,4,7,5
2026,15_Canadian Tire Motorsport Park,Canadian Tire Motorsport Park,canadian-tire-motorsport-park,2026-07-12,202607121405_Race,65,65,5,99,1:11.939,4.484,4.484,,7,5
2026,15_Canadian Tire Motorsport Park,Canadian Tire Motorsport Park,canadian-tire-motorsport-park,2026-07-12,202607121405_Race,65,61,6,65,1:18.357,4 Laps,,4,7,5
2026,15_Canadian Tire Motorsport Park,Canadian Tire Motorsport Park,canadian-tire-motorsport-park,2026-07-12,202607121405_Race,65,61,7,9,1:18.192,4 Laps,,4,7,5
2026,15_Canadian Tire Motorsport Park,Canadian Tire Motorsport Park,canadian-tire-motorsport-park,2026-07-12,202607121405_Race,65,61,8,4,1:18.926,4 Laps,,4,7,5
2026,15_Canadian Tire Motorsport Park,Canadian Tire Motorsport Park,canadian-tire-motorsport-park,2026-07-12,202607121405_Race,65,54,9,8,1:13.298,11 Laps,,11,7,5
2026,15_Canadian Tire Motorsport Park,Canadian Tire Motorsport Park,canadian-tire-motorsport-park,2026-07-12,202607121405_Race,65,61,10,68,1:18.234,4 Laps,,4,7,5
2026,15_Canadian Tire Motorsport Park,Canadian Tire Motorsport Park,canadian-tire-motorsport-park,2026-07-12,202607121405_Race,65,61,11,64,1:18.002,4 Laps,,4,7,5
2026,15_Canadian Tire Motorsport Park,Canadian Tire Motorsport Park,canadian-tire-motorsport-park,2026-07-12,202607121405_Race,65,61,12,3,1:18.182,4 Laps,,4,7,5
2026,15_Canadian Tire Motorsport Park,Canadian Tire Motorsport Park,canadian-tire-motorsport-park,2026-07-12,202607121405_Race,65,61,13,57,1:18.261,4 Laps,,4,7,5
2026,15_Canadian Tire Motorsport Park,Canadian Tire Motorsport Park,canadian-tire-motorsport-park,2026-07-12,202607121405_Race,65,61,14,45,1:18.148,4 Laps,,4,7,5
2026,15_Canadian Tire Motorsport Park,Canadian Tire Motorsport Park,canadian-tire-motorsport-park,2026-07-12,202607121405_Race,65,61,15,12,1:17.924,4 Laps,,4,7,5
2026,15_Canadian Tire Motorsport Park,Canadian Tire Motorsport Park,canadian-tire-motorsport-park,2026-07-12,202607121405_Race,65,61,16,34,1:17.820,4 Laps,,4,7,5
2026,15_Canadian Tire Motorsport Park,Canadian Tire Motorsport Park,canadian-tire-motorsport-park,2026-07-12,202607121405_Race,65,61,17,70,1:17.818,4 Laps,,4,7,5
2026,15_Canadian Tire Motorsport Park,Canadian Tire Motorsport Park,canadian-tire-motorsport-park,2026-07-12,202607121405_Race,65,61,18,96,1:17.811,4 Laps,,4,7,5
2026,15_Canadian Tire Motorsport Park,Canadian Tire Motorsport Park,canadian-tire-motorsport-park,2026-07-12,202607121405_Race,65,61,19,16,1:18.286,4 Laps,,4,7,5
2026,15_Canadian Tire Motorsport Park,Canadian Tire Motorsport Park,canadian-tire-motorsport-park,2026-07-12,202607121405_Race,65,61,20,13,1:18.146,4 Laps,,4,7,5
2026,15_Canadian Tire Motorsport Park,Canadian Tire Motorsport Park,canadian-tire-motorsport-park,2026-07-12,202607121405_Race,65,61,21,120,1:17.946,4 Laps,,4,7,5
2026,15_Canadian Tire Motorsport Park,Canadian Tire Motorsport Park,canadian-tire-motorsport-park,2026-07-12,202607121405_Race,65,61,22,27,1:18.036,4 Laps,,4,7,5
2026,15_Canadian Tire Motorsport Park,Canadian Tire Motorsport Park,canadian-tire-motorsport-park,2026-07-12,202607121405_Race,65,65,23,73,1:12.197,21.847,21.847,,7,5
2026,15_Canadian Tire Motorsport Park,Canadian Tire Motorsport Park,canadian-tire-motorsport-park,2026-07-12,202607121405_Race,65,61,24,81,1:17.909,4 Laps,,4,7,5
2026,15_Canadian Tire Motorsport Park,Canadian Tire Motorsport Park,canadian-tire-motorsport-park,2026-07-12,202607121405_Race,65,65,25,22,1:12.272,22.705,22.705,,7,5
2026,15_Canadian Tire Motorsport Park,Canadian Tire Motorsport Park,canadian-tire-motorsport-park,2026-07-12,202607121405_Race,65,61,26,66,1:18.122,4 Laps,,4,8,1
2026,15_Canadian Tire Motorsport Park,Canadian Tire Motorsport Park,canadian-tire-motorsport-park,2026-07-12,202607121405_Race,65,59,27,36,1:18.389,6 Laps,,6,8,1
2026,15_Canadian Tire Motorsport Park,Canadian Tire Motorsport Park,canadian-tire-motorsport-park,2026-07-12,202607121405_Race,65,65,28,52,1:09.289,38.891,38.891,,8,1
2026,15_Canadian Tire Motorsport Park,Canadian Tire Motorsport Park,canadian-tire-motorsport-park,2026-07-12,202607121405_Race,65,62,29,14,1:16.659,3 Laps,,3,8,1
2026,15_Canadian Tire Motorsport Park,Canadian Tire Motorsport Park,canadian-tire-motorsport-park,2026-07-12,202607121405_Race,66,66,1,43,1:09.458,,,,8,1
2026,15_Canadian Tire Motorsport Park,Canadian Tire Motorsport Park,canadian-tire-motorsport-park,2026-07-12,202607121405_Race,66,66,2,04,1:09.820,1.316,1.316,,8,1
2026,15_Canadian Tire Motorsport Park,Canadian Tire Motorsport Park,canadian-tire-motorsport-park,2026-07-12,202607121405_Race,66,66,3,99,1:10.561,5.587,5.587,,8,1
2026,15_Canadian Tire Motorsport Park,Canadian Tire Motorsport Park,canadian-tire-motorsport-park,2026-07-12,202607121405_Race,66,62,4,59,1:17.651,4 Laps,,4,8,1
2026,15_Canadian Tire Motorsport Park,Canadian Tire Motorsport Park,canadian-tire-motorsport-park,2026-07-12,202607121405_Race,66,62,5,77,1:17.465,4 Laps,,4,8,1
2026,15_Canadian Tire Motorsport Park,Canadian Tire Motorsport Park,canadian-tire-motorsport-park,2026-07-12,202607121405_Race,66,55,6,8,1:11.971,11 Laps,,11,8,1
2026,15_Canadian Tire Motorsport Park,Canadian Tire Motorsport Park,canadian-tire-motorsport-park,2026-07-12,202607121405_Race,66,62,7,1,1:17.843,4 Laps,,4,8,1
2026,15_Canadian Tire Motorsport Park,Canadian Tire Motorsport Park,canadian-tire-motorsport-park,2026-07-12,202607121405_Race,66,62,8,65,1:17.707,4 Laps,,4,8,1
2026,15_Canadian Tire Motorsport Park,Canadian Tire Motorsport Park,canadian-tire-motorsport-park,2026-07-12,202607121405_Race,66,62,9,9,1:17.719,4 Laps,,4,8,1
2026,15_Canadian Tire Motorsport Park,Canadian Tire Motorsport Park,canadian-tire-motorsport-park,2026-07-12,202607121405_Race,66,62,10,4,1:17.506,4 Laps,,4,8,1
2026,15_Canadian Tire Motorsport Park,Canadian Tire Motorsport Park,canadian-tire-motorsport-park,2026-07-12,202607121405_Race,66,62,11,68,1:17.534,4 Laps,,4,8,1
2026,15_Canadian Tire Motorsport Park,Canadian Tire Motorsport Park,canadian-tire-motorsport-park,2026-07-12,202607121405_Race,66,62,12,64,1:17.724,4 Laps,,4,8,1
2026,15_Canadian Tire Motorsport Park,Canadian Tire Motorsport Park,canadian-tire-motorsport-park,2026-07-12,202607121405_Race,66,62,13,3,1:17.508,4 Laps,,4,8,1
2026,15_Canadian Tire Motorsport Park,Canadian Tire Motorsport Park,canadian-tire-motorsport-park,2026-07-12,202607121405_Race,66,62,14,57,1:17.750,4 Laps,,4,8,1
2026,15_Canadian Tire Motorsport Park,Canadian Tire Motorsport Park,canadian-tire-motorsport-park,2026-07-12,202607121405_Race,66,64,15,2,2:40.195,2 Laps,,2,8,1
2026,15_Canadian Tire Motorsport Park,Canadian Tire Motorsport Park,canadian-tire-motorsport-park,2026-07-12,202607121405_Race,66,62,16,45,1:17.673,4 Laps,,4,8,1
2026,15_Canadian Tire Motorsport Park,Canadian Tire Motorsport Park,canadian-tire-motorsport-park,2026-07-12,202607121405_Race,66,62,17,12,1:17.909,4 Laps,,4,8,1
2026,15_Canadian Tire Motorsport Park,Canadian Tire Motorsport Park,canadian-tire-motorsport-park,2026-07-12,202607121405_Race,66,62,18,34,1:18.007,4 Laps,,4,8,1
2026,15_Canadian Tire Motorsport Park,Canadian Tire Motorsport Park,canadian-tire-motorsport-park,2026-07-12,202607121405_Race,66,62,19,70,1:18.119,4 Laps,,4,8,1
2026,15_Canadian Tire Motorsport Park,Canadian Tire Motorsport Park,canadian-tire-motorsport-park,2026-07-12,202607121405_Race,66,62,20,96,1:18.174,4 Laps,,4,8,1
2026,15_Canadian Tire Motorsport Park,Canadian Tire Motorsport Park,canadian-tire-motorsport-park,2026-07-12,202607121405_Race,66,66,21,73,1:15.910,28.299,28.299,,8,1
2026,15_Canadian Tire Motorsport Park,Canadian Tire Motorsport Park,canadian-tire-motorsport-park,2026-07-12,202607121405_Race,66,66,22,22,1:15.430,28.677,28.677,,8,1
2026,15_Canadian Tire Motorsport Park,Canadian Tire Motorsport Park,canadian-tire-motorsport-park,2026-07-12,202607121405_Race,66,62,23,16,1:18.217,4 Laps,,4,8,1
2026,15_Canadian Tire Motorsport Park,Canadian Tire Motorsport Park,canadian-tire-motorsport-park,2026-07-12,202607121405_Race,66,62,24,13,1:19.406,4 Laps,,4,8,1
2026,15_Canadian Tire Motorsport Park,Canadian Tire Motorsport Park,canadian-tire-motorsport-park,2026-07-12,202607121405_Race,66,62,25,120,1:19.443,4 Laps,,4,8,1
2026,15_Canadian Tire Motorsport Park,Canadian Tire Motorsport Park,canadian-tire-motorsport-park,2026-07-12,202607121405_Race,66,62,26,81,1:18.966,4 Laps,,4,8,1
2026,15_Canadian Tire Motorsport Park,Canadian Tire Motorsport Park,canadian-tire-motorsport-park,2026-07-12,202607121405_Race,66,62,27,27,1:19.806,4 Laps,,4,8,1
2026,15_Canadian Tire Motorsport Park,Canadian Tire Motorsport Park,canadian-tire-motorsport-park,2026-07-12,202607121405_Race,66,62,28,66,1:18.400,4 Laps,,4,8,1
2026,15_Canadian Tire Motorsport Park,Canadian Tire Motorsport Park,canadian-tire-motorsport-park,2026-07-12,202607121405_Race,66,60,29,36,1:17.845,6 Laps,,6,8,1
2026,15_Canadian Tire Motorsport Park,Canadian Tire Motorsport Park,canadian-tire-motorsport-park,2026-07-12,202607121405_Race,66,66,30,52,1:09.029,38.462,38.462,,8,1
2026,15_Canadian Tire Motorsport Park,Canadian Tire Motorsport Park,canadian-tire-motorsport-park,2026-07-12,202607121405_Race,67,67,1,43,1:09.049,,,,8,1
2026,15_Canadian Tire Motorsport Park,Canadian Tire Motorsport Park,canadian-tire-motorsport-park,2026-07-12,202607121405_Race,67,67,2,04,1:09.156,1.423,1.423,,8,1
2026,15_Canadian Tire Motorsport Park,Canadian Tire Motorsport Park,canadian-tire-motorsport-park,2026-07-12,202607121405_Race,67,67,3,99,1:08.732,5.270,5.270,,8,1
2026,15_Canadian Tire Motorsport Park,Canadian Tire Motorsport Park,canadian-tire-motorsport-park,2026-07-12,202607121405_Race,67,63,4,14,1:17.393,4 Laps,,4,8,1
2026,15_Canadian Tire Motorsport Park,Canadian Tire Motorsport Park,canadian-tire-motorsport-park,2026-07-12,202607121405_Race,67,56,5,8,1:11.052,11 Laps,,11,8,1
2026,15_Canadian Tire Motorsport Park,Canadian Tire Motorsport Park,canadian-tire-motorsport-park,2026-07-12,202607121405_Race,67,63,6,59,1:17.672,4 Laps,,4,8,1
2026,15_Canadian Tire Motorsport Park,Canadian Tire Motorsport Park,canadian-tire-motorsport-park,2026-07-12,202607121405_Race,67,63,7,77,1:17.680,4 Laps,,4,8,1
2026,15_Canadian Tire Motorsport Park,Canadian Tire Motorsport Park,canadian-tire-motorsport-park,2026-07-12,202607121405_Race,67,63,8,1,1:17.275,4 Laps,,4,8,1
2026,15_Canadian Tire Motorsport Park,Canadian Tire Motorsport Park,canadian-tire-motorsport-park,2026-07-12,202607121405_Race,67,63,9,65,1:17.632,4 Laps,,4,8,1
2026,15_Canadian Tire Motorsport Park,Canadian Tire Motorsport Park,canadian-tire-motorsport-park,2026-07-12,202607121405_Race,67,63,10,9,1:17.504,4 Laps,,4,8,1
2026,15_Canadian Tire Motorsport Park,Canadian Tire Motorsport Park,canadian-tire-motorsport-park,2026-07-12,202607121405_Race,67,63,11,4,1:17.037,4 Laps,,4,8,1
2026,15_Canadian Tire Motorsport Park,Canadian Tire Motorsport Park,canadian-tire-motorsport-park,2026-07-12,202607121405_Race,67,63,12,68,1:17.159,4 Laps,,4,8,1
2026,15_Canadian Tire Motorsport Park,Canadian Tire Motorsport Park,canadian-tire-motorsport-park,2026-07-12,202607121405_Race,67,63,13,64,1:17.691,4 Laps,,4,8,1
2026,15_Canadian Tire Motorsport Park,Canadian Tire Motorsport Park,canadian-tire-motorsport-park,2026-07-12,202607121405_Race,67,63,14,3,1:17.648,4 Laps,,4,8,1
2026,15_Canadian Tire Motorsport Park,Canadian Tire Motorsport Park,canadian-tire-motorsport-park,2026-07-12,202607121405_Race,67,63,15,57,1:17.646,4 Laps,,4,8,1
2026,15_Canadian Tire Motorsport Park,Canadian Tire Motorsport Park,canadian-tire-motorsport-park,2026-07-12,202607121405_Race,67,63,16,45,1:17.723,4 Laps,,4,8,1
2026,15_Canadian Tire Motorsport Park,Canadian Tire Motorsport Park,canadian-tire-motorsport-park,2026-07-12,202607121405_Race,67,63,17,12,1:17.687,4 Laps,,4,8,1
2026,15_Canadian Tire Motorsport Park,Canadian Tire Motorsport Park,canadian-tire-motorsport-park,2026-07-12,202607121405_Race,67,67,18,22,1:13.644,33.272,33.272,,8,1
2026,15_Canadian Tire Motorsport Park,Canadian Tire Motorsport Park,canadian-tire-motorsport-park,2026-07-12,202607121405_Race,67,67,19,73,1:14.570,33.820,33.820,,8,1
2026,15_Canadian Tire Motorsport Park,Canadian Tire Motorsport Park,canadian-tire-motorsport-park,2026-07-12,202607121405_Race,67,63,20,34,1:18.252,4 Laps,,4,8,1
2026,15_Canadian Tire Motorsport Park,Canadian Tire Motorsport Park,canadian-tire-motorsport-park,2026-07-12,202607121405_Race,67,63,21,70,1:18.270,4 Laps,,4,8,1
2026,15_Canadian Tire Motorsport Park,Canadian Tire Motorsport Park,canadian-tire-motorsport-park,2026-07-12,202607121405_Race,67,63,22,96,1:18.292,4 Laps,,4,8,2
2026,15_Canadian Tire Motorsport Park,Canadian Tire Motorsport Park,canadian-tire-motorsport-park,2026-07-12,202607121405_Race,67,63,23,16,1:18.256,4 Laps,,4,8,2
2026,15_Canadian Tire Motorsport Park,Canadian Tire Motorsport Park,canadian-tire-motorsport-park,2026-07-12,202607121405_Race,67,63,24,13,1:18.228,4 Laps,,4,8,2
2026,15_Canadian Tire Motorsport Park,Canadian Tire Motorsport Park,canadian-tire-motorsport-park,2026-07-12,202607121405_Race,67,63,25,120,1:18.446,4 Laps,,4,8,2
2026,15_Canadian Tire Motorsport Park,Canadian Tire Motorsport Park,canadian-tire-motorsport-park,2026-07-12,202607121405_Race,67,63,26,81,1:18.583,4 Laps,,4,8,2
2026,15_Canadian Tire Motorsport Park,Canadian Tire Motorsport Park,canadian-tire-motorsport-park,2026-07-12,202607121405_Race,67,67,27,52,1:11.558,40.971,40.971,,8,2
2026,15_Canadian Tire Motorsport Park,Canadian Tire Motorsport Park,canadian-tire-motorsport-park,2026-07-12,202607121405_Race,67,63,28,27,1:18.617,4 Laps,,4,8,2
2026,15_Canadian Tire Motorsport Park,Canadian Tire Motorsport Park,canadian-tire-motorsport-park,2026-07-12,202607121405_Race,67,63,29,66,1:18.753,4 Laps,,4,8,2
2026,15_Canadian Tire Motorsport Park,Canadian Tire Motorsport Park,canadian-tire-motorsport-park,2026-07-12,202607121405_Race,67,61,30,36,1:18.001,6 Laps,,6,8,2
2026,15_Canadian Tire Motorsport Park,Canadian Tire Motorsport Park,canadian-tire-motorsport-park,2026-07-12,202607121405_Race,68,68,1,43,1:08.897,,,,8,2
2026,15_Canadian Tire Motorsport Park,Canadian Tire Motorsport Park,canadian-tire-motorsport-park,2026-07-12,202607121405_Race,68,68,2,04,1:08.862,1.388,1.388,,8,2
2026,15_Canadian Tire Motorsport Park,Canadian Tire Motorsport Park,canadian-tire-motorsport-park,2026-07-12,202607121405_Race,68,68,3,99,1:08.703,5.076,5.076,,8,2
2026,15_Canadian Tire Motorsport Park,Canadian Tire Motorsport Park,canadian-tire-motorsport-park,2026-07-12,202607121405_Race,68,57,4,8,1:10.279,11 Laps,,11,8,2
2026,15_Canadian Tire Motorsport Park,Canadian Tire Motorsport Park,canadian-tire-motorsport-park,2026-07-12,202607121405_Race,68,64,5,14,1:16.846,4 Laps,,4,8,2
2026,15_Canadian Tire Motorsport Park,Canadian Tire Motorsport Park,canadian-tire-motorsport-park,2026-07-12,202607121405_Race,68,64,6,59,1:17.095,4 Laps,,4,8,2
2026,15_Canadian Tire Motorsport Park,Canadian Tire Motorsport Park,canadian-tire-motorsport-park,2026-07-12,202607121405_Race,68,64,7,77,1:17.204,4 Laps,,4,8,2
2026,15_Canadian Tire Motorsport Park,Canadian Tire Motorsport Park,canadian-tire-motorsport-park,2026-07-12,202607121405_Race,68,64,8,1,1:17.113,4 Laps,,4,8,2
2026,15_Canadian Tire Motorsport Park,Canadian Tire Motorsport Park,canadian-tire-motorsport-park,2026-07-12,202607121405_Race,68,64,9,65,1:17.377,4 Laps,,4,8,2
2026,15_Canadian Tire Motorsport Park,Canadian Tire Motorsport Park,canadian-tire-motorsport-park,2026-07-12,202607121405_Race,68,64,10,9,1:17.266,4 Laps,,4,8,2
2026,15_Canadian Tire Motorsport Park,Canadian Tire Motorsport Park,canadian-tire-motorsport-park,2026-07-12,202607121405_Race,68,64,11,4,1:17.235,4 Laps,,4,8,2
2026,15_Canadian Tire Motorsport Park,Canadian Tire Motorsport Park,canadian-tire-motorsport-park,2026-07-12,202607121405_Race,68,64,12,68,1:17.330,4 Laps,,4,8,2
2026,15_Canadian Tire Motorsport Park,Canadian Tire Motorsport Park,canadian-tire-motorsport-park,2026-07-12,202607121405_Race,68,64,13,3,1:17.703,4 Laps,,4,8,2
2026,15_Canadian Tire Motorsport Park,Canadian Tire Motorsport Park,canadian-tire-motorsport-park,2026-07-12,202607121405_Race,68,68,14,22,1:12.274,36.649,36.649,,8,2
2026,15_Canadian Tire Motorsport Park,Canadian Tire Motorsport Park,canadian-tire-motorsport-park,2026-07-12,202607121405_Race,68,64,15,57,1:17.802,4 Laps,,4,8,2
2026,15_Canadian Tire Motorsport Park,Canadian Tire Motorsport Park,canadian-tire-motorsport-park,2026-07-12,202607121405_Race,68,68,16,73,1:12.886,37.809,37.809,,8,2
2026,15_Canadian Tire Motorsport Park,Canadian Tire Motorsport Park,canadian-tire-motorsport-park,2026-07-12,202607121405_Race,68,64,17,45,1:17.884,4 Laps,,4,8,2
2026,15_Canadian Tire Motorsport Park,Canadian Tire Motorsport Park,canadian-tire-motorsport-park,2026-07-12,202607121405_Race,68,64,18,12,1:18.053,4 Laps,,4,8,2
2026,15_Canadian Tire Motorsport Park,Canadian Tire Motorsport Park,canadian-tire-motorsport-park,2026-07-12,202607121405_Race,68,64,19,34,1:18.272,4 Laps,,4,8,2
2026,15_Canadian Tire Motorsport Park,Canadian Tire Motorsport Park,canadian-tire-motorsport-park,2026-07-12,202607121405_Race,68,64,20,64,1:25.970,4 Laps,,4,8,2
2026,15_Canadian Tire Motorsport Park,Canadian Tire Motorsport Park,canadian-tire-motorsport-park,2026-07-12,202607121405_Race,68,68,21,52,1:12.481,44.555,44.555,,8,2
2026,15_Canadian Tire Motorsport Park,Canadian Tire Motorsport Park,canadian-tire-motorsport-park,2026-07-12,202607121405_Race,68,64,22,70,1:17.483,4 Laps,,4,8,2
2026,15_Canadian Tire Motorsport Park,Canadian Tire Motorsport Park,canadian-tire-motorsport-park,2026-07-12,202607121405_Race,68,64,23,96,1:17.856,4 Laps,,4,8,2
2026,15_Canadian Tire Motorsport Park,Canadian Tire Motorsport Park,canadian-tire-motorsport-park,2026-07-12,202607121405_Race,68,64,24,16,1:17.808,4 Laps,,4,8,2
2026,15_Canadian Tire Motorsport Park,Canadian Tire Motorsport Park,canadian-tire-motorsport-park,2026-07-12,202607121405_Race,68,64,25,13,1:18.444,4 Laps,,4,8,2
2026,15_Canadian Tire Motorsport Park,Canadian Tire Motorsport Park,canadian-tire-motorsport-park,2026-07-12,202607121405_Race,68,64,26,120,1:18.204,4 Laps,,4,8,2
2026,15_Canadian Tire Motorsport Park,Canadian Tire Motorsport Park,canadian-tire-motorsport-park,2026-07-12,202607121405_Race,68,64,27,81,1:18.122,4 Laps,,4,8,2
2026,15_Canadian Tire Motorsport Park,Canadian Tire Motorsport Park,canadian-tire-motorsport-park,2026-07-12,202607121405_Race,68,64,28,27,1:17.899,4 Laps,,4,8,2
2026,15_Canadian Tire Motorsport Park,Canadian Tire Motorsport Park,canadian-tire-motorsport-park,2026-07-12,202607121405_Race,68,62,29,36,1:17.699,6 Laps,,6,8,2
2026,15_Canadian Tire Motorsport Park,Canadian Tire Motorsport Park,canadian-tire-motorsport-park,2026-07-12,202607121405_Race,69,69,1,43,1:08.815,,,,8,2
2026,15_Canadian Tire Motorsport Park,Canadian Tire Motorsport Park,canadian-tire-motorsport-park,2026-07-12,202607121405_Race,69,69,2,04,1:09.043,1.616,1.616,,8,2
2026,15_Canadian Tire Motorsport Park,Canadian Tire Motorsport Park,canadian-tire-motorsport-park,2026-07-12,202607121405_Race,69,69,3,99,1:08.689,4.950,4.950,,8,2
2026,15_Canadian Tire Motorsport Park,Canadian Tire Motorsport Park,canadian-tire-motorsport-park,2026-07-12,202607121405_Race,69,58,4,8,1:09.107,11 Laps,,11,8,2
2026,15_Canadian Tire Motorsport Park,Canadian Tire Motorsport Park,canadian-tire-motorsport-park,2026-07-12,202607121405_Race,69,64,5,66,1:56.447,5 Laps,,5,8,2
2026,15_Canadian Tire Motorsport Park,Canadian Tire Motorsport Park,canadian-tire-motorsport-park,2026-07-12,202607121405_Race,69,65,6,14,1:25.529,4 Laps,,4,8,2
2026,15_Canadian Tire Motorsport Park,Canadian Tire Motorsport Park,canadian-tire-motorsport-park,2026-07-12,202607121405_Race,69,65,7,59,1:17.060,4 Laps,,4,8,2
2026,15_Canadian Tire Motorsport Park,Canadian Tire Motorsport Park,canadian-tire-motorsport-park,2026-07-12,202607121405_Race,69,65,8,77,1:17.092,4 Laps,,4,8,2
2026,15_Canadian Tire Motorsport Park,Canadian Tire Motorsport Park,canadian-tire-motorsport-park,2026-07-12,202607121405_Race,69,65,9,1,1:17.176,4 Laps,,4,8,2
2026,15_Canadian Tire Motorsport Park,Canadian Tire Motorsport Park,canadian-tire-motorsport-park,2026-07-12,202607121405_Race,69,65,10,65,1:17.521,4 Laps,,4,8,2
2026,15_Canadian Tire Motorsport Park,Canadian Tire Motorsport Park,canadian-tire-motorsport-park,2026-07-12,202607121405_Race,69,69,11,22,1:11.596,39.430,39.430,,8,2
2026,15_Canadian Tire Motorsport Park,Canadian Tire Motorsport Park,canadian-tire-motorsport-park,2026-07-12,202607121405_Race,69,65,12,9,1:17.632,4 Laps,,4,8,2
2026,15_Canadian Tire Motorsport Park,Canadian Tire Motorsport Park,canadian-tire-motorsport-park,2026-07-12,202607121405_Race,69,65,13,4,1:17.642,4 Laps,,4,8,2
2026,15_Canadian Tire Motorsport Park,Canadian Tire Motorsport Park,canadian-tire-motorsport-park,2026-07-12,202607121405_Race,69,69,14,73,1:12.376,41.370,41.370,,8,2
2026,15_Canadian Tire Motorsport Park,Canadian Tire Motorsport Park,canadian-tire-motorsport-park,2026-07-12,202607121405_Race,69,65,15,68,1:17.364,4 Laps,,4,8,2
2026,15_Canadian Tire Motorsport Park,Canadian Tire Motorsport Park,canadian-tire-motorsport-park,2026-07-12,202607121405_Race,69,65,16,3,1:17.219,4 Laps,,4,8,2
2026,15_Canadian Tire Motorsport Park,Canadian Tire Motorsport Park,canadian-tire-motorsport-park,2026-07-12,202607121405_Race,69,65,17,57,1:17.885,4 Laps,,4,8,2
2026,15_Canadian Tire Motorsport Park,Canadian Tire Motorsport Park,canadian-tire-motorsport-park,2026-07-12,202607121405_Race,69,69,18,52,1:11.898,47.638,47.638,,8,3
2026,15_Canadian Tire Motorsport Park,Canadian Tire Motorsport Park,canadian-tire-motorsport-park,2026-07-12,202607121405_Race,69,65,19,45,1:18.089,4 Laps,,4,8,3
2026,15_Canadian Tire Motorsport Park,Canadian Tire Motorsport Park,canadian-tire-motorsport-park,2026-07-12,202607121405_Race,69,65,20,34,1:17.815,4 Laps,,4,8,3
2026,15_Canadian Tire Motorsport Park,Canadian Tire Motorsport Park,canadian-tire-motorsport-park,2026-07-12,202607121405_Race,69,65,21,70,1:17.287,4 Laps,,4,8,3
2026,15_Canadian Tire Motorsport Park,Canadian Tire Motorsport Park,canadian-tire-motorsport-park,2026-07-12,202607121405_Race,69,65,22,16,1:17.612,4 Laps,,4,8,3
2026,15_Canadian Tire Motorsport Park,Canadian Tire Motorsport Park,canadian-tire-motorsport-park,2026-07-12,202607121405_Race,69,65,23,12,1:25.828,4 Laps,,4,8,3
2026,15_Canadian Tire Motorsport Park,Canadian Tire Motorsport Park,canadian-tire-motorsport-park,2026-07-12,202607121405_Race,69,65,24,13,1:18.391,4 Laps,,4,8,3
2026,15_Canadian Tire Motorsport Park,Canadian Tire Motorsport Park,canadian-tire-motorsport-park,2026-07-12,202607121405_Race,69,65,25,120,1:18.480,4 Laps,,4,8,3
2026,15_Canadian Tire Motorsport Park,Canadian Tire Motorsport Park,canadian-tire-motorsport-park,2026-07-12,202607121405_Race,69,65,26,81,1:18.480,4 Laps,,4,8,3
2026,15_Canadian Tire Motorsport Park,Canadian Tire Motorsport Park,canadian-tire-motorsport-park,2026-07-12,202607121405_Race,69,65,27,27,1:18.437,4 Laps,,4,8,3
2026,15_Canadian Tire Motorsport Park,Canadian Tire Motorsport Park,canadian-tire-motorsport-park,2026-07-12,202607121405_Race,69,63,28,36,1:17.763,6 Laps,,6,8,3
2026,15_Canadian Tire Motorsport Park,Canadian Tire Motorsport Park,canadian-tire-motorsport-park,2026-07-12,202607121405_Race,70,70,1,43,1:08.625,,,,8,3
2026,15_Canadian Tire Motorsport Park,Canadian Tire Motorsport Park,canadian-tire-motorsport-park,2026-07-12,202607121405_Race,70,70,2,04,1:08.698,1.689,1.689,,8,3
2026,15_Canadian Tire Motorsport Park,Canadian Tire Motorsport Park,canadian-tire-motorsport-park,2026-07-12,202607121405_Race,70,70,3,99,1:08.509,4.834,4.834,,8,3
2026,15_Canadian Tire Motorsport Park,Canadian Tire Motorsport Park,canadian-tire-motorsport-park,2026-07-12,202607121405_Race,70,59,4,8,1:10.604,11 Laps,,11,8,3
2026,15_Canadian Tire Motorsport Park,Canadian Tire Motorsport Park,canadian-tire-motorsport-park,2026-07-12,202607121405_Race,70,65,5,96,1:52.621,5 Laps,,5,8,3
2026,15_Canadian Tire Motorsport Park,Canadian Tire Motorsport Park,canadian-tire-motorsport-park,2026-07-12,202607121405_Race,70,65,6,64,1:55.833,5 Laps,,5,8,3
2026,15_Canadian Tire Motorsport Park,Canadian Tire Motorsport Park,canadian-tire-motorsport-park,2026-07-12,202607121405_Race,70,65,7,66,1:28.648,5 Laps,,5,8,3
2026,15_Canadian Tire Motorsport Park,Canadian Tire Motorsport Park,canadian-tire-motorsport-park,2026-07-12,202607121405_Race,70,66,8,77,1:16.988,4 Laps,,4,8,3
2026,15_Canadian Tire Motorsport Park,Canadian Tire Motorsport Park,canadian-tire-motorsport-park,2026-07-12,202607121405_Race,70,70,9,22,1:12.279,43.084,43.084,,8,3
2026,15_Canadian Tire Motorsport Park,Canadian Tire Motorsport Park,canadian-tire-motorsport-park,2026-07-12,202607121405_Race,70,70,10,73,1:12.883,45.628,45.628,,8,3
2026,15_Canadian Tire Motorsport Park,Canadian Tire Motorsport Park,canadian-tire-motorsport-park,2026-07-12,202607121405_Race,70,66,11,65,1:17.741,4 Laps,,4,8,3
2026,15_Canadian Tire Motorsport Park,Canadian Tire Motorsport Park,canadian-tire-motorsport-park,2026-07-12,202607121405_Race,70,66,12,9,1:17.994,4 Laps,,4,8,3
2026,15_Canadian Tire Motorsport Park,Canadian Tire Motorsport Park,canadian-tire-motorsport-park,2026-07-12,202607121405_Race,70,66,13,4,1:17.950,4 Laps,,4,8,3
2026,15_Canadian Tire Motorsport Park,Canadian Tire Motorsport Park,canadian-tire-motorsport-park,2026-07-12,202607121405_Race,70,70,14,52,1:11.031,50.044,50.044,,8,3
2026,15_Canadian Tire Motorsport Park,Canadian Tire Motorsport Park,canadian-tire-motorsport-park,2026-07-12,202607121405_Race,70,66,15,68,1:17.922,4 Laps,,4,8,3
2026,15_Canadian Tire Motorsport Park,Canadian Tire Motorsport Park,canadian-tire-motorsport-park,2026-07-12,202607121405_Race,70,66,16,59,1:26.468,4 Laps,,4,8,3
2026,15_Canadian Tire Motorsport Park,Canadian Tire Motorsport Park,canadian-tire-motorsport-park,2026-07-12,202607121405_Race,70,66,17,1,1:25.344,4 Laps,,4,8,3
2026,15_Canadian Tire Motorsport Park,Canadian Tire Motorsport Park,canadian-tire-motorsport-park,2026-07-12,202607121405_Race,70,66,18,45,1:17.841,4 Laps,,4,8,3
2026,15_Canadian Tire Motorsport Park,Canadian Tire Motorsport Park,canadian-tire-motorsport-park,2026-07-12,202607121405_Race,70,66,19,3,1:25.231,4 Laps,,4,8,3
2026,15_Canadian Tire Motorsport Park,Canadian Tire Motorsport Park,canadian-tire-motorsport-park,2026-07-12,202607121405_Race,70,66,20,34,1:17.606,4 Laps,,4,8,3
2026,15_Canadian Tire Motorsport Park,Canadian Tire Motorsport Park,canadian-tire-motorsport-park,2026-07-12,202607121405_Race,70,66,21,70,1:17.385,4 Laps,,4,8,3
2026,15_Canadian Tire Motorsport Park,Canadian Tire Motorsport Park,canadian-tire-motorsport-park,2026-07-12,202607121405_Race,70,66,22,16,1:17.474,4 Laps,,4,8,3
2026,15_Canadian Tire Motorsport Park,Canadian Tire Motorsport Park,canadian-tire-motorsport-park,2026-07-12,202607121405_Race,70,66,23,13,1:18.121,4 Laps,,4,8,3
2026,15_Canadian Tire Motorsport Park,Canadian Tire Motorsport Park,canadian-tire-motorsport-park,2026-07-12,202607121405_Race,70,66,24,81,1:17.909,4 Laps,,4,8,3
2026,15_Canadian Tire Motorsport Park,Canadian Tire Motorsport Park,canadian-tire-motorsport-park,2026-07-12,202607121405_Race,71,71,1,43,1:09.887,,,,8,3
2026,15_Canadian Tire Motorsport Park,Canadian Tire Motorsport Park,canadian-tire-motorsport-park,2026-07-12,202607121405_Race,71,71,2,04,1:09.057,0.859,0.859,,8,3
2026,15_Canadian Tire Motorsport Park,Canadian Tire Motorsport Park,canadian-tire-motorsport-park,2026-07-12,202607121405_Race,71,64,3,36,1:17.916,7 Laps,,7,8,3
2026,15_Canadian Tire Motorsport Park,Canadian Tire Motorsport Park,canadian-tire-motorsport-park,2026-07-12,202607121405_Race,71,71,4,99,1:08.520,3.467,3.467,,8,3
2026,15_Canadian Tire Motorsport Park,Canadian Tire Motorsport Park,canadian-tire-motorsport-park,2026-07-12,202607121405_Race,71,66,5,14,1:58.745,5 Laps,,5,8,3
2026,15_Canadian Tire Motorsport Park,Canadian Tire Motorsport Park,canadian-tire-motorsport-park,2026-07-12,202607121405_Race,71,60,6,8,1:08.804,11 Laps,,11,8,3
2026,15_Canadian Tire Motorsport Park,Canadian Tire Motorsport Park,canadian-tire-motorsport-park,2026-07-12,202607121405_Race,71,66,7,57,1:54.757,5 Laps,,5,8,3
2026,15_Canadian Tire Motorsport Park,Canadian Tire Motorsport Park,canadian-tire-motorsport-park,2026-07-12,202607121405_Race,71,66,8,64,1:17.312,5 Laps,,5,8,3
2026,15_Canadian Tire Motorsport Park,Canadian Tire Motorsport Park,canadian-tire-motorsport-park,2026-07-12,202607121405_Race,71,66,9,12,1:55.536,5 Laps,,5,8,3
2026,15_Canadian Tire Motorsport Park,Canadian Tire Motorsport Park,canadian-tire-motorsport-park,2026-07-12,202607121405_Race,71,66,10,120,1:57.565,5 Laps,,5,8,3
2026,15_Canadian Tire Motorsport Park,Canadian Tire Motorsport Park,canadian-tire-motorsport-park,2026-07-12,202607121405_Race,71,66,11,96,1:28.307,5 Laps,,5,8,3
2026,15_Canadian Tire Motorsport Park,Canadian Tire Motorsport Park,canadian-tire-motorsport-park,2026-07-12,202607121405_Race,71,66,12,27,2:00.873,5 Laps,,5,8,3
2026,15_Canadian Tire Motorsport Park,Canadian Tire Motorsport Park,canadian-tire-motorsport-park,2026-07-12,202607121405_Race,71,71,13,22,1:11.024,44.221,44.221,,8,3
2026,15_Canadian Tire Motorsport Park,Canadian Tire Motorsport Park,canadian-tire-motorsport-park,2026-07-12,202607121405_Race,71,71,14,73,1:10.175,45.916,45.916,,8,3
2026,15_Canadian Tire Motorsport Park,Canadian Tire Motorsport Park,canadian-tire-motorsport-park,2026-07-12,202607121405_Race,71,66,15,66,1:17.577,5 Laps,,5,8,3
2026,15_Canadian Tire Motorsport Park,Canadian Tire Motorsport Park,canadian-tire-motorsport-park,2026-07-12,202607121405_Race,71,71,16,52,1:10.906,51.063,51.063,,8,3
2026,15_Canadian Tire Motorsport Park,Canadian Tire Motorsport Park,canadian-tire-motorsport-park,2026-07-12,202607121405_Race,71,67,17,9,1:17.595,4 Laps,,4,8,3
2026,15_Canadian Tire Motorsport Park,Canadian Tire Motorsport Park,canadian-tire-motorsport-park,2026-07-12,202607121405_Race,71,67,18,77,1:25.016,4 Laps,,4,8,3
2026,15_Canadian Tire Motorsport Park,Canadian Tire Motorsport Park,canadian-tire-motorsport-park,2026-07-12,202607121405_Race,71,67,19,68,1:17.597,4 Laps,,4,8,3
2026,15_Canadian Tire Motorsport Park,Canadian Tire Motorsport Park,canadian-tire-motorsport-park,2026-07-12,202607121405_Race,71,67,20,65,1:25.812,4 Laps,,4,8,3
2026,15_Canadian Tire Motorsport Park,Canadian Tire Motorsport Park,canadian-tire-motorsport-park,2026-07-12,202607121405_Race,71,67,21,4,1:25.394,4 Laps,,4,8,4
2026,15_Canadian Tire Motorsport Park,Canadian Tire Motorsport Park,canadian-tire-motorsport-park,2026-07-12,202607121405_Race,71,67,22,45,1:17.718,4 Laps,,4,8,4
2026,15_Canadian Tire Motorsport Park,Canadian Tire Motorsport Park,canadian-tire-motorsport-park,2026-07-12,202607121405_Race,72,72,1,43,1:09.758,,,,8,4
2026,15_Canadian Tire Motorsport Park,Canadian Tire Motorsport Park,canadian-tire-motorsport-park,2026-07-12,202607121405_Race,72,72,2,04,1:10.811,1.912,1.912,,8,4
2026,15_Canadian Tire Motorsport Park,Canadian Tire Motorsport Park,canadian-tire-motorsport-park,2026-07-12,202607121405_Race,72,67,3,16,1:17.703,5 Laps,,5,8,4
2026,15_Canadian Tire Motorsport Park,Canadian Tire Motorsport Park,canadian-tire-motorsport-park,2026-07-12,202607121405_Race,72,72,4,99,1:10.074,3.783,3.783,,8,4
2026,15_Canadian Tire Motorsport Park,Canadian Tire Motorsport Park,canadian-tire-motorsport-park,2026-07-12,202607121405_Race,72,67,5,13,1:19.478,5 Laps,,5,8,4
2026,15_Canadian Tire Motorsport Park,Canadian Tire Motorsport Park,canadian-tire-motorsport-park,2026-07-12,202607121405_Race,72,65,6,36,1:18.249,7 Laps,,7,8,4
2026,15_Canadian Tire Motorsport Park,Canadian Tire Motorsport Park,canadian-tire-motorsport-park,2026-07-12,202607121405_Race,72,61,7,8,1:09.318,11 Laps,,11,8,4
2026,15_Canadian Tire Motorsport Park,Canadian Tire Motorsport Park,canadian-tire-motorsport-park,2026-07-12,202607121405_Race,72,67,8,14,1:16.932,5 Laps,,5,8,4
2026,15_Canadian Tire Motorsport Park,Canadian Tire Motorsport Park,canadian-tire-motorsport-park,2026-07-12,202607121405_Race,72,67,9,1,1:54.967,5 Laps,,5,8,4
2026,15_Canadian Tire Motorsport Park,Canadian Tire Motorsport Park,canadian-tire-motorsport-park,2026-07-12,202607121405_Race,72,67,10,59,2:00.632,5 Laps,,5,8,4
2026,15_Canadian Tire Motorsport Park,Canadian Tire Motorsport Park,canadian-tire-motorsport-park,2026-07-12,202607121405_Race,72,67,11,34,1:54.917,5 Laps,,5,8,4
2026,15_Canadian Tire Motorsport Park,Canadian Tire Motorsport Park,canadian-tire-motorsport-park,2026-07-12,202607121405_Race,72,67,12,64,1:16.797,5 Laps,,5,8,4
2026,15_Canadian Tire Motorsport Park,Canadian Tire Motorsport Park,canadian-tire-motorsport-park,2026-07-12,202607121405_Race,72,67,13,70,1:56.188,5 Laps,,5,8,4
2026,15_Canadian Tire Motorsport Park,Canadian Tire Motorsport Park,canadian-tire-motorsport-park,2026-07-12,202607121405_Race,72,67,14,3,1:57.742,5 Laps,,5,8,4
2026,15_Canadian Tire Motorsport Park,Canadian Tire Motorsport Park,canadian-tire-motorsport-park,2026-07-12,202607121405_Race,72,67,15,57,1:28.654,5 Laps,,5,8,4
2026,15_Canadian Tire Motorsport Park,Canadian Tire Motorsport Park,canadian-tire-motorsport-park,2026-07-12,202607121405_Race,72,67,16,12,1:17.295,5 Laps,,5,8,4
2026,15_Canadian Tire Motorsport Park,Canadian Tire Motorsport Park,canadian-tire-motorsport-park,2026-07-12,202607121405_Race,72,72,17,22,1:09.721,44.184,44.184,,8,4
2026,15_Canadian Tire Motorsport Park,Canadian Tire Motorsport Park,canadian-tire-motorsport-park,2026-07-12,202607121405_Race,72,72,18,73,1:10.591,46.749,46.749,,8,4
2026,15_Canadian Tire Motorsport Park,Canadian Tire Motorsport Park,canadian-tire-motorsport-park,2026-07-12,202607121405_Race,72,67,19,81,1:57.638,5 Laps,,5,8,4
2026,15_Canadian Tire Motorsport Park,Canadian Tire Motorsport Park,canadian-tire-motorsport-park,2026-07-12,202607121405_Race,72,67,20,96,1:17.308,5 Laps,,5,8,4
2026,15_Canadian Tire Motorsport Park,Canadian Tire Motorsport Park,canadian-tire-motorsport-park,2026-07-12,202607121405_Race,72,72,21,52,1:09.840,51.145,51.145,,8,4
2026,15_Canadian Tire Motorsport Park,Canadian Tire Motorsport Park,canadian-tire-motorsport-park,2026-07-12,202607121405_Race,72,67,22,120,1:28.433,5 Laps,,5,8,4
2026,15_Canadian Tire Motorsport Park,Canadian Tire Motorsport Park,canadian-tire-motorsport-park,2026-07-12,202607121405_Race,72,67,23,66,1:18.717,5 Laps,,5,8,4
2026,15_Canadian Tire Motorsport Park,Canadian Tire Motorsport Park,canadian-tire-motorsport-park,2026-07-12,202607121405_Race,72,67,24,27,1:28.800,5 Laps,,5,8,4
2026,15_Canadian Tire Motorsport Park,Canadian Tire Motorsport Park,canadian-tire-motorsport-park,2026-07-12,202607121405_Race,72,68,25,9,1:16.718,4 Laps,,4,8,4
2026,15_Canadian Tire Motorsport Park,Canadian Tire Motorsport Park,canadian-tire-motorsport-park,2026-07-12,202607121405_Race,72,68,26,68,1:17.051,4 Laps,,4,8,4
2026,15_Canadian Tire Motorsport Park,Canadian Tire Motorsport Park,canadian-tire-motorsport-park,2026-07-12,202607121405_Race,73,73,1,43,1:09.893,,,,8,4
2026,15_Canadian Tire Motorsport Park,Canadian Tire Motorsport Park,canadian-tire-motorsport-park,2026-07-12,202607121405_Race,73,73,2,04,1:09.409,1.428,1.428,,8,4
2026,15_Canadian Tire Motorsport Park,Canadian Tire Motorsport Park,canadian-tire-motorsport-park,2026-07-12,202607121405_Race,73,73,3,99,1:10.891,4.781,4.781,,8,4
2026,15_Canadian Tire Motorsport Park,Canadian Tire Motorsport Park,canadian-tire-motorsport-park,2026-07-12,202607121405_Race,73,68,4,16,1:17.987,5 Laps,,5,8,4
2026,15_Canadian Tire Motorsport Park,Canadian Tire Motorsport Park,canadian-tire-motorsport-park,2026-07-12,202607121405_Race,73,62,5,8,1:09.402,11 Laps,,11,8,4
2026,15_Canadian Tire Motorsport Park,Canadian Tire Motorsport Park,canadian-tire-motorsport-park,2026-07-12,202607121405_Race,73,66,6,36,1:18.228,7 Laps,,7,8,4
2026,15_Canadian Tire Motorsport Park,Canadian Tire Motorsport Park,canadian-tire-motorsport-park,2026-07-12,202607121405_Race,73,68,7,14,1:17.144,5 Laps,,5,8,4
2026,15_Canadian Tire Motorsport Park,Canadian Tire Motorsport Park,canadian-tire-motorsport-park,2026-07-12,202607121405_Race,73,68,8,77,1:56.035,5 Laps,,5,8,4
2026,15_Canadian Tire Motorsport Park,Canadian Tire Motorsport Park,canadian-tire-motorsport-park,2026-07-12,202607121405_Race,73,68,9,1,1:17.001,5 Laps,,5,8,4
2026,15_Canadian Tire Motorsport Park,Canadian Tire Motorsport Park,canadian-tire-motorsport-park,2026-07-12,202607121405_Race,73,68,10,4,1:55.024,5 Laps,,5,8,4
2026,15_Canadian Tire Motorsport Park,Canadian Tire Motorsport Park,canadian-tire-motorsport-park,2026-07-12,202607121405_Race,73,68,11,65,1:56.940,5 Laps,,5,8,4
2026,15_Canadian Tire Motorsport Park,Canadian Tire Motorsport Park,canadian-tire-motorsport-park,2026-07-12,202607121405_Race,73,68,12,59,1:20.334,5 Laps,,5,8,4
2026,15_Canadian Tire Motorsport Park,Canadian Tire Motorsport Park,canadian-tire-motorsport-park,2026-07-12,202607121405_Race,73,68,13,64,1:16.683,5 Laps,,5,8,4
2026,15_Canadian Tire Motorsport Park,Canadian Tire Motorsport Park,canadian-tire-motorsport-park,2026-07-12,202607121405_Race,73,68,14,45,1:57.535,5 Laps,,5,8,4
2026,15_Canadian Tire Motorsport Park,Canadian Tire Motorsport Park,canadian-tire-motorsport-park,2026-07-12,202607121405_Race,73,73,15,22,1:11.918,46.209,46.209,,8,4
2026,15_Canadian Tire Motorsport Park,Canadian Tire Motorsport Park,canadian-tire-motorsport-park,2026-07-12,202607121405_Race,73,68,16,3,1:17.412,5 Laps,,5,8,4
2026,15_Canadian Tire Motorsport Park,Canadian Tire Motorsport Park,canadian-tire-motorsport-park,2026-07-12,202607121405_Race,73,73,17,73,1:10.310,47.166,47.166,,8,4
2026,15_Canadian Tire Motorsport Park,Canadian Tire Motorsport Park,canadian-tire-motorsport-park,2026-07-12,202607121405_Race,73,68,18,57,1:17.740,5 Laps,,5,8,4
2026,15_Canadian Tire Motorsport Park,Canadian Tire Motorsport Park,canadian-tire-motorsport-park,2026-07-12,202607121405_Race,73,68,19,12,1:17.762,5 Laps,,5,8,4
2026,15_Canadian Tire Motorsport Park,Canadian Tire Motorsport Park,canadian-tire-motorsport-park,2026-07-12,202607121405_Race,73,73,20,52,1:11.111,52.363,52.363,,8,4
2026,15_Canadian Tire Motorsport Park,Canadian Tire Motorsport Park,canadian-tire-motorsport-park,2026-07-12,202607121405_Race,73,68,21,96,1:17.902,5 Laps,,5,8,4
2026,15_Canadian Tire Motorsport Park,Canadian Tire Motorsport Park,canadian-tire-motorsport-park,2026-07-12,202607121405_Race,73,68,22,34,1:29.243,5 Laps,,5,8,4
2026,15_Canadian Tire Motorsport Park,Canadian Tire Motorsport Park,canadian-tire-motorsport-park,2026-07-12,202607121405_Race,73,68,23,13,1:57.547,5 Laps,,5,8,4
2026,15_Canadian Tire Motorsport Park,Canadian Tire Motorsport Park,canadian-tire-motorsport-park,2026-07-12,202607121405_Race,73,68,24,70,1:29.097,5 Laps,,5,8,4
2026,15_Canadian Tire Motorsport Park,Canadian Tire Motorsport Park,canadian-tire-motorsport-park,2026-07-12,202607121405_Race,73,68,25,120,1:17.011,5 Laps,,5,8,4
2026,15_Canadian Tire Motorsport Park,Canadian Tire Motorsport Park,canadian-tire-motorsport-park,2026-07-12,202607121405_Race,73,68,26,81,1:29.184,5 Laps,,5,8,4
2026,15_Canadian Tire Motorsport Park,Canadian Tire Motorsport Park,canadian-tire-motorsport-park,2026-07-12,202607121405_Race,73,68,27,66,1:19.163,5 Laps,,5,8,4
2026,15_Canadian Tire Motorsport Park,Canadian Tire Motorsport Park,canadian-tire-motorsport-park,2026-07-12,202607121405_Race,73,68,28,27,1:17.588,5 Laps,,5,8,5
2026,15_Canadian Tire Motorsport Park,Canadian Tire Motorsport Park,canadian-tire-motorsport-park,2026-07-12,202607121405_Race,74,74,1,43,1:10.886,,,,8,5
2026,15_Canadian Tire Motorsport Park,Canadian Tire Motorsport Park,canadian-tire-motorsport-park,2026-07-12,202607121405_Race,74,69,2,9,1:17.299,5 Laps,,5,8,5
2026,15_Canadian Tire Motorsport Park,Canadian Tire Motorsport Park,canadian-tire-motorsport-park,2026-07-12,202607121405_Race,74,74,3,04,1:09.916,0.458,0.458,,8,5
2026,15_Canadian Tire Motorsport Park,Canadian Tire Motorsport Park,canadian-tire-motorsport-park,2026-07-12,202607121405_Race,74,74,4,99,1:09.318,3.213,3.213,,8,5
2026,15_Canadian Tire Motorsport Park,Canadian Tire Motorsport Park,canadian-tire-motorsport-park,2026-07-12,202607121405_Race,74,69,5,68,1:26.330,5 Laps,,5,8,5
2026,15_Canadian Tire Motorsport Park,Canadian Tire Motorsport Park,canadian-tire-motorsport-park,2026-07-12,202607121405_Race,74,63,6,8,1:09.625,11 Laps,,11,8,5
2026,15_Canadian Tire Motorsport Park,Canadian Tire Motorsport Park,canadian-tire-motorsport-park,2026-07-12,202607121405_Race,74,67,7,36,1:17.482,7 Laps,,7,8,5
2026,15_Canadian Tire Motorsport Park,Canadian Tire Motorsport Park,canadian-tire-motorsport-park,2026-07-12,202607121405_Race,74,69,8,14,1:16.747,5 Laps,,5,8,5
2026,15_Canadian Tire Motorsport Park,Canadian Tire Motorsport Park,canadian-tire-motorsport-park,2026-07-12,202607121405_Race,74,69,9,77,1:17.465,5 Laps,,5,8,5
2026,15_Canadian Tire Motorsport Park,Canadian Tire Motorsport Park,canadian-tire-motorsport-park,2026-07-12,202607121405_Race,74,69,10,1,1:17.963,5 Laps,,5,8,5
2026,15_Canadian Tire Motorsport Park,Canadian Tire Motorsport Park,canadian-tire-motorsport-park,2026-07-12,202607121405_Race,74,69,11,4,1:17.414,5 Laps,,5,8,5
2026,15_Canadian Tire Motorsport Park,Canadian Tire Motorsport Park,canadian-tire-motorsport-park,2026-07-12,202607121405_Race,74,74,12,22,1:12.142,47.465,47.465,,8,5
2026,15_Canadian Tire Motorsport Park,Canadian Tire Motorsport Park,canadian-tire-motorsport-park,2026-07-12,202607121405_Race,74,69,13,65,1:17.256,5 Laps,,5,8,5
2026,15_Canadian Tire Motorsport Park,Canadian Tire Motorsport Park,canadian-tire-motorsport-park,2026-07-12,202607121405_Race,74,74,14,73,1:11.720,48.000,48.000,,8,5
2026,15_Canadian Tire Motorsport Park,Canadian Tire Motorsport Park,canadian-tire-motorsport-park,2026-07-12,202607121405_Race,74,69,15,59,1:17.944,5 Laps,,5,8,5
2026,15_Canadian Tire Motorsport Park,Canadian Tire Motorsport Park,canadian-tire-motorsport-park,2026-07-12,202607121405_Race,74,69,16,64,1:17.311,5 Laps,,5,8,5
2026,15_Canadian Tire Motorsport Park,Canadian Tire Motorsport Park,canadian-tire-motorsport-park,2026-07-12,202607121405_Race,74,74,17,52,1:10.034,51.511,51.511,,8,5
2026,15_Canadian Tire Motorsport Park,Canadian Tire Motorsport Park,canadian-tire-motorsport-park,2026-07-12,202607121405_Race,74,69,18,3,1:17.542,5 Laps,,5,8,5
2026,15_Canadian Tire Motorsport Park,Canadian Tire Motorsport Park,canadian-tire-motorsport-park,2026-07-12,202607121405_Race,74,69,19,57,1:17.324,5 Laps,,5,8,5
2026,15_Canadian Tire Motorsport Park,Canadian Tire Motorsport Park,canadian-tire-motorsport-park,2026-07-12,202607121405_Race,74,69,20,12,1:17.359,5 Laps,,5,8,5
2026,15_Canadian Tire Motorsport Park,Canadian Tire Motorsport Park,canadian-tire-motorsport-park,2026-07-12,202607121405_Race,74,69,21,16,1:58.766,5 Laps,,5,8,5
2026,15_Canadian Tire Motorsport Park,Canadian Tire Motorsport Park,canadian-tire-motorsport-park,2026-07-12,202607121405_Race,74,69,22,96,1:17.371,5 Laps,,5,8,5
2026,15_Canadian Tire Motorsport Park,Canadian Tire Motorsport Park,canadian-tire-motorsport-park,2026-07-12,202607121405_Race,74,69,23,34,1:17.974,5 Laps,,5,8,5
2026,15_Canadian Tire Motorsport Park,Canadian Tire Motorsport Park,canadian-tire-motorsport-park,2026-07-12,202607121405_Race,74,69,24,45,1:29.988,5 Laps,,5,8,5
2026,15_Canadian Tire Motorsport Park,Canadian Tire Motorsport Park,canadian-tire-motorsport-park,2026-07-12,202607121405_Race,74,69,25,70,1:17.543,5 Laps,,5,8,5
2026,15_Canadian Tire Motorsport Park,Canadian Tire Motorsport Park,canadian-tire-motorsport-park,2026-07-12,202607121405_Race,74,69,26,120,1:16.929,5 Laps,,5,8,5
2026,15_Canadian Tire Motorsport Park,Canadian Tire Motorsport Park,canadian-tire-motorsport-park,2026-07-12,202607121405_Race,75,75,1,43,1:11.888,,,,8,5
2026,15_Canadian Tire Motorsport Park,Canadian Tire Motorsport Park,canadian-tire-motorsport-park,2026-07-12,202607121405_Race,75,75,2,04,1:12.580,1.150,1.150,,8,5
2026,15_Canadian Tire Motorsport Park,Canadian Tire Motorsport Park,canadian-tire-motorsport-park,2026-07-12,202607121405_Race,75,69,3,81,1:18.590,6 Laps,,6,8,5
2026,15_Canadian Tire Motorsport Park,Canadian Tire Motorsport Park,canadian-tire-motorsport-park,2026-07-12,202607121405_Race,75,69,4,66,1:18.845,6 Laps,,6,8,5
2026,15_Canadian Tire Motorsport Park,Canadian Tire Motorsport Park,canadian-tire-motorsport-park,2026-07-12,202607121405_Race,75,75,5,99,1:11.619,2.944,2.944,,8,5
2026,15_Canadian Tire Motorsport Park,Canadian Tire Motorsport Park,canadian-tire-motorsport-park,2026-07-12,202607121405_Race,75,69,6,13,1:30.153,6 Laps,,6,8,5
2026,15_Canadian Tire Motorsport Park,Canadian Tire Motorsport Park,canadian-tire-motorsport-park,2026-07-12,202607121405_Race,75,69,7,27,1:17.526,6 Laps,,6,8,5
2026,15_Canadian Tire Motorsport Park,Canadian Tire Motorsport Park,canadian-tire-motorsport-park,2026-07-12,202607121405_Race,75,70,8,9,1:17.793,5 Laps,,5,8,5
2026,15_Canadian Tire Motorsport Park,Canadian Tire Motorsport Park,canadian-tire-motorsport-park,2026-07-12,202607121405_Race,75,64,9,8,1:08.541,11 Laps,,11,8,5
2026,15_Canadian Tire Motorsport Park,Canadian Tire Motorsport Park,canadian-tire-motorsport-park,2026-07-12,202607121405_Race,75,68,10,36,1:17.427,7 Laps,,7,8,5
2026,15_Canadian Tire Motorsport Park,Canadian Tire Motorsport Park,canadian-tire-motorsport-park,2026-07-12,202607121405_Race,75,70,11,14,1:17.044,5 Laps,,5,8,5
2026,15_Canadian Tire Motorsport Park,Canadian Tire Motorsport Park,canadian-tire-motorsport-park,2026-07-12,202607121405_Race,75,65,12,2,10:46.167,10 Laps,,10,8,5
2026,15_Canadian Tire Motorsport Park,Canadian Tire Motorsport Park,canadian-tire-motorsport-park,2026-07-12,202607121405_Race,75,70,13,77,1:16.642,5 Laps,,5,8,5
2026,15_Canadian Tire Motorsport Park,Canadian Tire Motorsport Park,canadian-tire-motorsport-park,2026-07-12,202607121405_Race,75,70,14,1,1:16.613,5 Laps,,5,8,5
2026,15_Canadian Tire Motorsport Park,Canadian Tire Motorsport Park,canadian-tire-motorsport-park,2026-07-12,202607121405_Race,75,75,15,22,1:11.001,46.578,46.578,,8,5
2026,15_Canadian Tire Motorsport Park,Canadian Tire Motorsport Park,canadian-tire-motorsport-park,2026-07-12,202607121405_Race,75,75,16,73,1:11.626,47.738,47.738,,8,5
2026,15_Canadian Tire Motorsport Park,Canadian Tire Motorsport Park,canadian-tire-motorsport-park,2026-07-12,202607121405_Race,75,75,17,52,1:11.231,50.854,50.854,,8,5
2026,15_Canadian Tire Motorsport Park,Canadian Tire Motorsport Park,canadian-tire-motorsport-park,2026-07-12,202607121405_Race,75,70,18,4,1:17.918,5 Laps,,5,8,5
2026,15_Canadian Tire Motorsport Park,Canadian Tire Motorsport Park,canadian-tire-motorsport-park,2026-07-12,202607121405_Race,75,70,19,65,1:17.772,5 Laps,,5,8,5
2026,15_Canadian Tire Motorsport Park,Canadian Tire Motorsport Park,canadian-tire-motorsport-park,2026-07-12,202607121405_Race,75,70,20,59,1:17.111,5 Laps,,5,8,5
2026,15_Canadian Tire Motorsport Park,Canadian Tire Motorsport Park,canadian-tire-motorsport-park,2026-07-12,202607121405_Race,75,70,21,64,1:17.443,5 Laps,,5,8,5
2026,15_Canadian Tire Motorsport Park,Canadian Tire Motorsport Park,canadian-tire-motorsport-park,2026-07-12,202607121405_Race,75,70,22,3,1:18.136,5 Laps,,5,8,5
2026,15_Canadian Tire Motorsport Park,Canadian Tire Motorsport Park,canadian-tire-motorsport-park,2026-07-12,202607121405_Race,75,70,23,68,2:02.055,5 Laps,,5,8,5
2026,15_Canadian Tire Motorsport Park,Canadian Tire Motorsport Park,canadian-tire-motorsport-park,2026-07-12,202607121405_Race,75,70,24,57,1:17.927,5 Laps,,5,8,5
2026,15_Canadian Tire Motorsport Park,Canadian Tire Motorsport Park,canadian-tire-motorsport-park,2026-07-12,202607121405_Race,75,70,25,12,1:16.964,5 Laps,,5,8,5
2026,15_Canadian Tire Motorsport Park,Canadian Tire Motorsport Park,canadian-tire-motorsport-park,2026-07-12,202607121405_Race,75,70,26,96,1:16.558,5 Laps,,5,8,5
2026,15_Canadian Tire Motorsport Park,Canadian Tire Motorsport Park,canadian-tire-motorsport-park,2026-07-12,202607121405_Race,75,70,27,34,1:16.840,5 Laps,,5,8,5
2026,15_Canadian Tire Motorsport Park,Canadian Tire Motorsport Park,canadian-tire-motorsport-park,2026-07-12,202607121405_Race,75,70,28,45,1:17.926,5 Laps,,5,8,5
2026,15_Canadian Tire Motorsport Park,Canadian Tire Motorsport Park,canadian-tire-motorsport-park,2026-07-12,202607121405_Race,76,76,1,43,1:10.348,,,,9,1
2026,15_Canadian Tire Motorsport Park,Canadian Tire Motorsport Park,canadian-tire-motorsport-park,2026-07-12,202607121405_Race,76,70,2,70,1:17.497,6 Laps,,6,9,1
2026,15_Canadian Tire Motorsport Park,Canadian Tire Motorsport Park,canadian-tire-motorsport-park,2026-07-12,202607121405_Race,76,76,3,04,1:10.411,1.213,1.213,,9,1
2026,15_Canadian Tire Motorsport Park,Canadian Tire Motorsport Park,canadian-tire-motorsport-park,2026-07-12,202607121405_Race,76,76,4,99,1:11.419,4.015,4.015,,9,1
2026,15_Canadian Tire Motorsport Park,Canadian Tire Motorsport Park,canadian-tire-motorsport-park,2026-07-12,202607121405_Race,76,70,5,16,1:28.451,6 Laps,,6,9,1
2026,15_Canadian Tire Motorsport Park,Canadian Tire Motorsport Park,canadian-tire-motorsport-park,2026-07-12,202607121405_Race,76,70,6,120,1:17.348,6 Laps,,6,9,1
2026,15_Canadian Tire Motorsport Park,Canadian Tire Motorsport Park,canadian-tire-motorsport-park,2026-07-12,202607121405_Race,76,70,7,81,1:17.485,6 Laps,,6,9,1
2026,15_Canadian Tire Motorsport Park,Canadian Tire Motorsport Park,canadian-tire-motorsport-park,2026-07-12,202607121405_Race,76,65,8,8,1:10.906,11 Laps,,11,9,1
2026,15_Canadian Tire Motorsport Park,Canadian Tire Motorsport Park,canadian-tire-motorsport-park,2026-07-12,202607121405_Race,76,70,9,66,1:17.775,6 Laps,,6,9,1
2026,15_Canadian Tire Motorsport Park,Canadian Tire Motorsport Park,canadian-tire-motorsport-park,2026-07-12,202607121405_Race,76,70,10,13,1:17.822,6 Laps,,6,9,1
2026,15_Canadian Tire Motorsport Park,Canadian Tire Motorsport Park,canadian-tire-motorsport-park,2026-07-12,202607121405_Race,76,70,11,27,1:17.539,6 Laps,,6,9,1
2026,15_Canadian Tire Motorsport Park,Canadian Tire Motorsport Park,canadian-tire-motorsport-park,2026-07-12,202607121405_Race,76,71,12,9,1:25.793,5 Laps,,5,9,1
2026,15_Canadian Tire Motorsport Park,Canadian Tire Motorsport Park,canadian-tire-motorsport-park,2026-07-12,202607121405_Race,76,69,13,36,1:17.539,7 Laps,,7,9,1
2026,15_Canadian Tire Motorsport Park,Canadian Tire Motorsport Park,canadian-tire-motorsport-park,2026-07-12,202607121405_Race,76,66,14,2,1:11.549,10 Laps,,10,9,1
2026,15_Canadian Tire Motorsport Park,Canadian Tire Motorsport Park,canadian-tire-motorsport-park,2026-07-12,202607121405_Race,76,71,15,14,1:17.020,5 Laps,,5,9,1
2026,15_Canadian Tire Motorsport Park,Canadian Tire Motorsport Park,canadian-tire-motorsport-park,2026-07-12,202607121405_Race,76,76,16,22,1:10.503,46.733,46.733,,9,1
2026,15_Canadian Tire Motorsport Park,Canadian Tire Motorsport Park,canadian-tire-motorsport-park,2026-07-12,202607121405_Race,76,76,17,73,1:11.380,48.770,48.770,,9,1
2026,15_Canadian Tire Motorsport Park,Canadian Tire Motorsport Park,canadian-tire-motorsport-park,2026-07-12,202607121405_Race,76,76,18,52,1:09.564,50.070,50.070,,9,1
2026,15_Canadian Tire Motorsport Park,Canadian Tire Motorsport Park,canadian-tire-motorsport-park,2026-07-12,202607121405_Race,76,71,19,77,1:16.965,5 Laps,,5,9,1
2026,15_Canadian Tire Motorsport Park,Canadian Tire Motorsport Park,canadian-tire-motorsport-park,2026-07-12,202607121405_Race,76,71,20,1,1:16.547,5 Laps,,5,9,1
2026,15_Canadian Tire Motorsport Park,Canadian Tire Motorsport Park,canadian-tire-motorsport-park,2026-07-12,202607121405_Race,76,71,21,4,1:17.003,5 Laps,,5,9,1
2026,15_Canadian Tire Motorsport Park,Canadian Tire Motorsport Park,canadian-tire-motorsport-park,2026-07-12,202607121405_Race,76,71,22,65,1:17.045,5 Laps,,5,9,1
2026,15_Canadian Tire Motorsport Park,Canadian Tire Motorsport Park,canadian-tire-motorsport-park,2026-07-12,202607121405_Race,76,71,23,59,1:16.869,5 Laps,,5,9,1
2026,15_Canadian Tire Motorsport Park,Canadian Tire Motorsport Park,canadian-tire-motorsport-park,2026-07-12,202607121405_Race,76,71,24,64,1:17.027,5 Laps,,5,9,1
2026,15_Canadian Tire Motorsport Park,Canadian Tire Motorsport Park,canadian-tire-motorsport-park,2026-07-12,202607121405_Race,76,71,25,3,1:16.911,5 Laps,,5,9,1
2026,15_Canadian Tire Motorsport Park,Canadian Tire Motorsport Park,canadian-tire-motorsport-park,2026-07-12,202607121405_Race,76,71,26,68,1:17.595,5 Laps,,5,9,1
2026,15_Canadian Tire Motorsport Park,Canadian Tire Motorsport Park,canadian-tire-motorsport-park,2026-07-12,202607121405_Race,76,71,27,57,1:17.871,5 Laps,,5,9,1
2026,15_Canadian Tire Motorsport Park,Canadian Tire Motorsport Park,canadian-tire-motorsport-park,2026-07-12,202607121405_Race,76,71,28,12,1:17.596,5 Laps,,5,9,1
2026,15_Canadian Tire Motorsport Park,Canadian Tire Motorsport Park,canadian-tire-motorsport-park,2026-07-12,202607121405_Race,77,77,1,43,1:10.332,,,,9,1
2026,15_Canadian Tire Motorsport Park,Canadian Tire Motorsport Park,canadian-tire-motorsport-park,2026-07-12,202607121405_Race,77,77,2,04,1:11.556,2.437,2.437,,9,1
2026,15_Canadian Tire Motorsport Park,Canadian Tire Motorsport Park,canadian-tire-motorsport-park,2026-07-12,202607121405_Race,77,71,3,96,1:17.426,6 Laps,,6,9,1
2026,15_Canadian Tire Motorsport Park,Canadian Tire Motorsport Park,canadian-tire-motorsport-park,2026-07-12,202607121405_Race,77,71,4,34,1:16.877,6 Laps,,6,9,1
2026,15_Canadian Tire Motorsport Park,Canadian Tire Motorsport Park,canadian-tire-motorsport-park,2026-07-12,202607121405_Race,77,77,5,99,1:10.475,4.158,4.158,,9,1
2026,15_Canadian Tire Motorsport Park,Canadian Tire Motorsport Park,canadian-tire-motorsport-park,2026-07-12,202607121405_Race,77,71,6,45,1:17.923,6 Laps,,6,9,1
2026,15_Canadian Tire Motorsport Park,Canadian Tire Motorsport Park,canadian-tire-motorsport-park,2026-07-12,202607121405_Race,77,71,7,70,1:18.365,6 Laps,,6,9,1
2026,15_Canadian Tire Motorsport Park,Canadian Tire Motorsport Park,canadian-tire-motorsport-park,2026-07-12,202607121405_Race,77,66,8,8,1:10.573,11 Laps,,11,9,1
2026,15_Canadian Tire Motorsport Park,Canadian Tire Motorsport Park,canadian-tire-motorsport-park,2026-07-12,202607121405_Race,77,71,9,16,1:17.858,6 Laps,,6,9,1
2026,15_Canadian Tire Motorsport Park,Canadian Tire Motorsport Park,canadian-tire-motorsport-park,2026-07-12,202607121405_Race,77,71,10,120,1:17.465,6 Laps,,6,9,1
2026,15_Canadian Tire Motorsport Park,Canadian Tire Motorsport Park,canadian-tire-motorsport-park,2026-07-12,202607121405_Race,77,71,11,81,1:17.441,6 Laps,,6,9,1
2026,15_Canadian Tire Motorsport Park,Canadian Tire Motorsport Park,canadian-tire-motorsport-park,2026-07-12,202607121405_Race,77,71,12,66,1:17.666,6 Laps,,6,9,1
2026,15_Canadian Tire Motorsport Park,Canadian Tire Motorsport Park,canadian-tire-motorsport-park,2026-07-12,202607121405_Race,77,71,13,13,1:17.481,6 Laps,,6,9,1
2026,15_Canadian Tire Motorsport Park,Canadian Tire Motorsport Park,canadian-tire-motorsport-park,2026-07-12,202607121405_Race,77,71,14,27,1:17.597,6 Laps,,6,9,1
2026,15_Canadian Tire Motorsport Park,Canadian Tire Motorsport Park,canadian-tire-motorsport-park,2026-07-12,202607121405_Race,77,70,15,36,1:17.771,7 Laps,,7,9,1
2026,15_Canadian Tire Motorsport Park,Canadian Tire Motorsport Park,canadian-tire-motorsport-park,2026-07-12,202607121405_Race,77,77,16,22,1:10.016,46.417,46.417,,9,1
2026,15_Canadian Tire Motorsport Park,Canadian Tire Motorsport Park,canadian-tire-motorsport-park,2026-07-12,202607121405_Race,77,77,17,73,1:10.668,49.106,49.106,,9,1
2026,15_Canadian Tire Motorsport Park,Canadian Tire Motorsport Park,canadian-tire-motorsport-park,2026-07-12,202607121405_Race,77,77,18,52,1:10.004,49.742,49.742,,9,1
2026,15_Canadian Tire Motorsport Park,Canadian Tire Motorsport Park,canadian-tire-motorsport-park,2026-07-12,202607121405_Race,77,67,19,2,1:21.679,10 Laps,,10,9,1
2026,15_Canadian Tire Motorsport Park,Canadian Tire Motorsport Park,canadian-tire-motorsport-park,2026-07-12,202607121405_Race,77,72,20,14,1:17.317,5 Laps,,5,9,1
2026,15_Canadian Tire Motorsport Park,Canadian Tire Motorsport Park,canadian-tire-motorsport-park,2026-07-12,202607121405_Race,77,72,21,77,1:16.764,5 Laps,,5,9,1
2026,15_Canadian Tire Motorsport Park,Canadian Tire Motorsport Park,canadian-tire-motorsport-park,2026-07-12,202607121405_Race,77,72,22,1,1:16.735,5 Laps,,5,9,1
2026,15_Canadian Tire Motorsport Park,Canadian Tire Motorsport Park,canadian-tire-motorsport-park,2026-07-12,202607121405_Race,77,72,23,4,1:17.095,5 Laps,,5,9,1
2026,15_Canadian Tire Motorsport Park,Canadian Tire Motorsport Park,canadian-tire-motorsport-park,2026-07-12,202607121405_Race,77,72,24,65,1:17.156,5 Laps,,5,9,1
2026,15_Canadian Tire Motorsport Park,Canadian Tire Motorsport Park,canadian-tire-motorsport-park,2026-07-12,202607121405_Race,77,72,25,59,1:17.021,5 Laps,,5,9,1
2026,15_Canadian Tire Motorsport Park,Canadian Tire Motorsport Park,canadian-tire-motorsport-park,2026-07-12,202607121405_Race,77,72,26,64,1:17.631,5 Laps,,5,9,1
2026,15_Canadian Tire Motorsport Park,Canadian Tire Motorsport Park,canadian-tire-motorsport-park,2026-07-12,202607121405_Race,78,78,1,43,1:11.155,,,,9,2
2026,15_Canadian Tire Motorsport Park,Canadian Tire Motorsport Park,canadian-tire-motorsport-park,2026-07-12,202607121405_Race,78,78,2,04,1:11.640,2.922,2.922,,9,2
2026,15_Canadian Tire Motorsport Park,Canadian Tire Motorsport Park,canadian-tire-motorsport-park,2026-07-12,202607121405_Race,78,72,3,9,2:03.068,6 Laps,,6,9,2
2026,15_Canadian Tire Motorsport Park,Canadian Tire Motorsport Park,canadian-tire-motorsport-park,2026-07-12,202607121405_Race,78,72,4,3,1:19.194,6 Laps,,6,9,2
2026,15_Canadian Tire Motorsport Park,Canadian Tire Motorsport Park,canadian-tire-motorsport-park,2026-07-12,202607121405_Race,78,78,5,99,1:10.817,3.820,3.820,,9,2
2026,15_Canadian Tire Motorsport Park,Canadian Tire Motorsport Park,canadian-tire-motorsport-park,2026-07-12,202607121405_Race,78,72,6,68,1:17.132,6 Laps,,6,9,2
2026,15_Canadian Tire Motorsport Park,Canadian Tire Motorsport Park,canadian-tire-motorsport-park,2026-07-12,202607121405_Race,78,72,7,57,1:18.092,6 Laps,,6,9,2
2026,15_Canadian Tire Motorsport Park,Canadian Tire Motorsport Park,canadian-tire-motorsport-park,2026-07-12,202607121405_Race,78,72,8,12,1:18.858,6 Laps,,6,9,2
2026,15_Canadian Tire Motorsport Park,Canadian Tire Motorsport Park,canadian-tire-motorsport-park,2026-07-12,202607121405_Race,78,72,9,96,1:17.444,6 Laps,,6,9,2
2026,15_Canadian Tire Motorsport Park,Canadian Tire Motorsport Park,canadian-tire-motorsport-park,2026-07-12,202607121405_Race,78,67,10,8,1:11.198,11 Laps,,11,9,2
2026,15_Canadian Tire Motorsport Park,Canadian Tire Motorsport Park,canadian-tire-motorsport-park,2026-07-12,202607121405_Race,78,72,11,34,1:17.755,6 Laps,,6,9,2
2026,15_Canadian Tire Motorsport Park,Canadian Tire Motorsport Park,canadian-tire-motorsport-park,2026-07-12,202607121405_Race,78,72,12,45,1:17.666,6 Laps,,6,9,2
2026,15_Canadian Tire Motorsport Park,Canadian Tire Motorsport Park,canadian-tire-motorsport-park,2026-07-12,202607121405_Race,78,72,13,70,1:17.461,6 Laps,,6,9,2
2026,15_Canadian Tire Motorsport Park,Canadian Tire Motorsport Park,canadian-tire-motorsport-park,2026-07-12,202607121405_Race,78,72,14,16,1:17.442,6 Laps,,6,9,2
2026,15_Canadian Tire Motorsport Park,Canadian Tire Motorsport Park,canadian-tire-motorsport-park,2026-07-12,202607121405_Race,78,72,15,120,1:17.466,6 Laps,,6,9,2
2026,15_Canadian Tire Motorsport Park,Canadian Tire Motorsport Park,canadian-tire-motorsport-park,2026-07-12,202607121405_Race,78,72,16,81,1:17.305,6 Laps,,6,9,2
2026,15_Canadian Tire Motorsport Park,Canadian Tire Motorsport Park,canadian-tire-motorsport-park,2026-07-12,202607121405_Race,78,72,17,66,1:17.630,6 Laps,,6,9,2
2026,15_Canadian Tire Motorsport Park,Canadian Tire Motorsport Park,canadian-tire-motorsport-park,2026-07-12,202607121405_Race,78,72,18,13,1:17.499,6 Laps,,6,9,2
2026,15_Canadian Tire Motorsport Park,Canadian Tire Motorsport Park,canadian-tire-motorsport-park,2026-07-12,202607121405_Race,78,72,19,27,1:17.503,6 Laps,,6,9,2
2026,15_Canadian Tire Motorsport Park,Canadian Tire Motorsport Park,canadian-tire-motorsport-park,2026-07-12,202607121405_Race,78,78,20,22,1:09.856,45.118,45.118,,9,2
2026,15_Canadian Tire Motorsport Park,Canadian Tire Motorsport Park,canadian-tire-motorsport-park,2026-07-12,202607121405_Race,78,78,21,73,1:09.718,47.669,47.669,,9,2
2026,15_Canadian Tire Motorsport Park,Canadian Tire Motorsport Park,canadian-tire-motorsport-park,2026-07-12,202607121405_Race,78,78,22,52,1:10.058,48.645,48.645,,9,2
2026,15_Canadian Tire Motorsport Park,Canadian Tire Motorsport Park,canadian-tire-motorsport-park,2026-07-12,202607121405_Race,78,71,23,36,1:24.311,7 Laps,,7,9,2
2026,15_Canadian Tire Motorsport Park,Canadian Tire Motorsport Park,canadian-tire-motorsport-park,2026-07-12,202607121405_Race,78,73,24,14,1:17.186,5 Laps,,5,9,2
2026,15_Canadian Tire Motorsport Park,Canadian Tire Motorsport Park,canadian-tire-motorsport-park,2026-07-12,202607121405_Race,78,73,25,77,1:16.988,5 Laps,,5,9,2
2026,15_Canadian Tire Motorsport Park,Canadian Tire Motorsport Park,canadian-tire-motorsport-park,2026-07-12,202607121405_Race,78,73,26,1,1:16.955,5 Laps,,5,9,2
2026,15_Canadian Tire Motorsport Park,Canadian Tire Motorsport Park,canadian-tire-motorsport-park,2026-07-12,202607121405_Race,78,68,27,2,1:24.055,10 Laps,,10,9,2
2026,15_Canadian Tire Motorsport Park,Canadian Tire Motorsport Park,canadian-tire-motorsport-park,2026-07-12,202607121405_Race,79,79,1,43,1:12.575,,,,9,2
2026,15_Canadian Tire Motorsport Park,Canadian Tire Motorsport Park,canadian-tire-motorsport-park,2026-07-12,202607121405_Race,79,73,2,4,1:17.584,6 Laps,,6,9,2
2026,15_Canadian Tire Motorsport Park,Canadian Tire Motorsport Park,canadian-tire-motorsport-park,2026-07-12,202607121405_Race,79,73,3,65,1:17.553,6 Laps,,6,9,2
2026,15_Canadian Tire Motorsport Park,Canadian Tire Motorsport Park,canadian-tire-motorsport-park,2026-07-12,202607121405_Race,79,79,4,04,1:10.888,1.235,1.235,,9,2
2026,15_Canadian Tire Motorsport Park,Canadian Tire Motorsport Park,canadian-tire-motorsport-park,2026-07-12,202607121405_Race,79,73,5,59,1:17.618,6 Laps,,6,9,2
2026,15_Canadian Tire Motorsport Park,Canadian Tire Motorsport Park,canadian-tire-motorsport-park,2026-07-12,202607121405_Race,79,79,6,99,1:11.564,2.809,2.809,,9,2
2026,15_Canadian Tire Motorsport Park,Canadian Tire Motorsport Park,canadian-tire-motorsport-park,2026-07-12,202607121405_Race,79,73,7,64,1:17.931,6 Laps,,6,9,2
2026,15_Canadian Tire Motorsport Park,Canadian Tire Motorsport Park,canadian-tire-motorsport-park,2026-07-12,202607121405_Race,79,73,8,9,1:17.990,6 Laps,,6,9,2
2026,15_Canadian Tire Motorsport Park,Canadian Tire Motorsport Park,canadian-tire-motorsport-park,2026-07-12,202607121405_Race,79,73,9,3,1:18.076,6 Laps,,6,9,2
2026,15_Canadian Tire Motorsport Park,Canadian Tire Motorsport Park,canadian-tire-motorsport-park,2026-07-12,202607121405_Race,79,68,10,8,1:12.154,11 Laps,,11,9,2
2026,15_Canadian Tire Motorsport Park,Canadian Tire Motorsport Park,canadian-tire-motorsport-park,2026-07-12,202607121405_Race,79,73,11,68,1:18.062,6 Laps,,6,9,2
2026,15_Canadian Tire Motorsport Park,Canadian Tire Motorsport Park,canadian-tire-motorsport-park,2026-07-12,202607121405_Race,79,73,12,57,1:17.845,6 Laps,,6,9,2
2026,15_Canadian Tire Motorsport Park,Canadian Tire Motorsport Park,canadian-tire-motorsport-park,2026-07-12,202607121405_Race,79,73,13,12,1:17.604,6 Laps,,6,9,2
2026,15_Canadian Tire Motorsport Park,Canadian Tire Motorsport Park,canadian-tire-motorsport-park,2026-07-12,202607121405_Race,79,73,14,96,1:17.617,6 Laps,,6,9,2
2026,15_Canadian Tire Motorsport Park,Canadian Tire Motorsport Park,canadian-tire-motorsport-park,2026-07-12,202607121405_Race,79,73,15,34,1:17.275,6 Laps,,6,9,2
2026,15_Canadian Tire Motorsport Park,Canadian Tire Motorsport Park,canadian-tire-motorsport-park,2026-07-12,202607121405_Race,79,73,16,45,1:17.293,6 Laps,,6,9,2
2026,15_Canadian Tire Motorsport Park,Canadian Tire Motorsport Park,canadian-tire-motorsport-park,2026-07-12,202607121405_Race,79,73,17,70,1:17.347,6 Laps,,6,9,2
2026,15_Canadian Tire Motorsport Park,Canadian Tire Motorsport Park,canadian-tire-motorsport-park,2026-07-12,202607121405_Race,79,73,18,16,1:17.532,6 Laps,,6,9,2
2026,15_Canadian Tire Motorsport Park,Canadian Tire Motorsport Park,canadian-tire-motorsport-park,2026-07-12,202607121405_Race,79,73,19,120,1:17.671,6 Laps,,6,9,2
2026,15_Canadian Tire Motorsport Park,Canadian Tire Motorsport Park,canadian-tire-motorsport-park,2026-07-12,202607121405_Race,79,73,20,81,1:17.153,6 Laps,,6,9,2
2026,15_Canadian Tire Motorsport Park,Canadian Tire Motorsport Park,canadian-tire-motorsport-park,2026-07-12,202607121405_Race,79,73,21,66,1:18.001,6 Laps,,6,9,2
2026,15_Canadian Tire Motorsport Park,Canadian Tire Motorsport Park,canadian-tire-motorsport-park,2026-07-12,202607121405_Race,79,73,22,13,1:18.230,6 Laps,,6,9,2
2026,15_Canadian Tire Motorsport Park,Canadian Tire Motorsport Park,canadian-tire-motorsport-park,2026-07-12,202607121405_Race,79,73,23,27,1:18.166,6 Laps,,6,9,2
2026,15_Canadian Tire Motorsport Park,Canadian Tire Motorsport Park,canadian-tire-motorsport-park,2026-07-12,202607121405_Race,79,79,24,22,1:09.576,42.119,42.119,,9,2
2026,15_Canadian Tire Motorsport Park,Canadian Tire Motorsport Park,canadian-tire-motorsport-park,2026-07-12,202607121405_Race,79,79,25,73,1:09.254,44.348,44.348,,9,2
2026,15_Canadian Tire Motorsport Park,Canadian Tire Motorsport Park,canadian-tire-motorsport-park,2026-07-12,202607121405_Race,79,79,26,52,1:09.255,45.325,45.325,,9,2
2026,15_Canadian Tire Motorsport Park,Canadian Tire Motorsport Park,canadian-tire-motorsport-park,2026-07-12,202607121405_Race,79,74,27,14,1:17.429,5 Laps,,5,9,2
2026,15_Canadian Tire Motorsport Park,Canadian Tire Motorsport Park,canadian-tire-motorsport-park,2026-07-12,202607121405_Race,79,72,28,36,1:18.823,7 Laps,,7,9,2
2026,15_Canadian Tire Motorsport Park,Canadian Tire Motorsport Park,canadian-tire-motorsport-park,2026-07-12,202607121405_Race,79,69,29,2,1:12.589,10 Laps,,10,9,3
2026,15_Canadian Tire Motorsport Park,Canadian Tire Motorsport Park,canadian-tire-motorsport-park,2026-07-12,202607121405_Race,79,74,30,77,1:17.535,5 Laps,,5,9,3
2026,15_Canadian Tire Motorsport Park,Canadian Tire Motorsport Park,canadian-tire-motorsport-park,2026-07-12,202607121405_Race,80,80,1,43,1:09.434,,,,9,3
2026,15_Canadian Tire Motorsport Park,Canadian Tire Motorsport Park,canadian-tire-motorsport-park,2026-07-12,202607121405_Race,80,74,2,1,1:19.618,6 Laps,,6,9,3
2026,15_Canadian Tire Motorsport Park,Canadian Tire Motorsport Park,canadian-tire-motorsport-park,2026-07-12,202607121405_Race,80,80,3,04,1:10.455,2.256,2.256,,9,3
2026,15_Canadian Tire Motorsport Park,Canadian Tire Motorsport Park,canadian-tire-motorsport-park,2026-07-12,202607121405_Race,80,80,4,99,1:11.215,4.590,4.590,,9,3
2026,15_Canadian Tire Motorsport Park,Canadian Tire Motorsport Park,canadian-tire-motorsport-park,2026-07-12,202607121405_Race,80,74,5,4,1:17.805,6 Laps,,6,9,3
2026,15_Canadian Tire Motorsport Park,Canadian Tire Motorsport Park,canadian-tire-motorsport-park,2026-07-12,202607121405_Race,80,74,6,65,1:18.113,6 Laps,,6,9,3
2026,15_Canadian Tire Motorsport Park,Canadian Tire Motorsport Park,canadian-tire-motorsport-park,2026-07-12,202607121405_Race,80,74,7,59,1:18.123,6 Laps,,6,9,3
2026,15_Canadian Tire Motorsport Park,Canadian Tire Motorsport Park,canadian-tire-motorsport-park,2026-07-12,202607121405_Race,80,69,8,8,1:11.022,11 Laps,,11,9,3
2026,15_Canadian Tire Motorsport Park,Canadian Tire Motorsport Park,canadian-tire-motorsport-park,2026-07-12,202607121405_Race,80,74,9,64,1:17.655,6 Laps,,6,9,3
2026,15_Canadian Tire Motorsport Park,Canadian Tire Motorsport Park,canadian-tire-motorsport-park,2026-07-12,202607121405_Race,80,74,10,9,1:17.460,6 Laps,,6,9,3
2026,15_Canadian Tire Motorsport Park,Canadian Tire Motorsport Park,canadian-tire-motorsport-park,2026-07-12,202607121405_Race,80,74,11,3,1:17.609,6 Laps,,6,9,3
2026,15_Canadian Tire Motorsport Park,Canadian Tire Motorsport Park,canadian-tire-motorsport-park,2026-07-12,202607121405_Race,80,74,12,68,1:17.558,6 Laps,,6,9,3
2026,15_Canadian Tire Motorsport Park,Canadian Tire Motorsport Park,canadian-tire-motorsport-park,2026-07-12,202607121405_Race,80,74,13,57,1:17.383,6 Laps,,6,9,3
2026,15_Canadian Tire Motorsport Park,Canadian Tire Motorsport Park,canadian-tire-motorsport-park,2026-07-12,202607121405_Race,80,74,14,12,1:17.387,6 Laps,,6,9,3
2026,15_Canadian Tire Motorsport Park,Canadian Tire Motorsport Park,canadian-tire-motorsport-park,2026-07-12,202607121405_Race,80,31,15,11,1:04:19.449,49 Laps,,49,9,3
2026,15_Canadian Tire Motorsport Park,Canadian Tire Motorsport Park,canadian-tire-motorsport-park,2026-07-12,202607121405_Race,80,74,16,96,1:17.391,6 Laps,,6,9,3
2026,15_Canadian Tire Motorsport Park,Canadian Tire Motorsport Park,canadian-tire-motorsport-park,2026-07-12,202607121405_Race,80,74,17,34,1:17.425,6 Laps,,6,9,3
2026,15_Canadian Tire Motorsport Park,Canadian Tire Motorsport Park,canadian-tire-motorsport-park,2026-07-12,202607121405_Race,80,74,18,45,1:17.505,6 Laps,,6,9,3
2026,15_Canadian Tire Motorsport Park,Canadian Tire Motorsport Park,canadian-tire-motorsport-park,2026-07-12,202607121405_Race,80,74,19,70,1:17.503,6 Laps,,6,9,3
2026,15_Canadian Tire Motorsport Park,Canadian Tire Motorsport Park,canadian-tire-motorsport-park,2026-07-12,202607121405_Race,80,74,20,16,1:17.353,6 Laps,,6,9,3
2026,15_Canadian Tire Motorsport Park,Canadian Tire Motorsport Park,canadian-tire-motorsport-park,2026-07-12,202607121405_Race,80,74,21,120,1:17.291,6 Laps,,6,9,3
2026,15_Canadian Tire Motorsport Park,Canadian Tire Motorsport Park,canadian-tire-motorsport-park,2026-07-12,202607121405_Race,80,74,22,81,1:17.206,6 Laps,,6,9,3
2026,15_Canadian Tire Motorsport Park,Canadian Tire Motorsport Park,canadian-tire-motorsport-park,2026-07-12,202607121405_Race,80,74,23,66,1:17.679,6 Laps,,6,9,3
2026,15_Canadian Tire Motorsport Park,Canadian Tire Motorsport Park,canadian-tire-motorsport-park,2026-07-12,202607121405_Race,80,74,24,13,1:17.668,6 Laps,,6,9,3
2026,15_Canadian Tire Motorsport Park,Canadian Tire Motorsport Park,canadian-tire-motorsport-park,2026-07-12,202607121405_Race,80,74,25,27,1:17.778,6 Laps,,6,9,3
2026,15_Canadian Tire Motorsport Park,Canadian Tire Motorsport Park,canadian-tire-motorsport-park,2026-07-12,202607121405_Race,80,80,26,22,1:09.260,41.945,41.945,,9,3
2026,15_Canadian Tire Motorsport Park,Canadian Tire Motorsport Park,canadian-tire-motorsport-park,2026-07-12,202607121405_Race,80,80,27,73,1:09.120,44.034,44.034,,9,3
2026,15_Canadian Tire Motorsport Park,Canadian Tire Motorsport Park,canadian-tire-motorsport-park,2026-07-12,202607121405_Race,80,80,28,52,1:09.444,45.335,45.335,,9,3
2026,15_Canadian Tire Motorsport Park,Canadian Tire Motorsport Park,canadian-tire-motorsport-park,2026-07-12,202607121405_Race,80,70,29,2,1:11.830,10 Laps,,10,9,3
2026,15_Canadian Tire Motorsport Park,Canadian Tire Motorsport Park,canadian-tire-motorsport-park,2026-07-12,202607121405_Race,80,75,30,14,1:17.050,5 Laps,,5,9,3
2026,15_Canadian Tire Motorsport Park,Canadian Tire Motorsport Park,canadian-tire-motorsport-park,2026-07-12,202607121405_Race,81,81,1,43,1:10.621,,,,9,3
2026,15_Canadian Tire Motorsport Park,Canadian Tire Motorsport Park,canadian-tire-motorsport-park,2026-07-12,202607121405_Race,81,73,2,36,1:18.120,8 Laps,,8,9,3
2026,15_Canadian Tire Motorsport Park,Canadian Tire Motorsport Park,canadian-tire-motorsport-park,2026-07-12,202607121405_Race,81,81,3,04,1:10.456,2.091,2.091,,9,3
2026,15_Canadian Tire Motorsport Park,Canadian Tire Motorsport Park,canadian-tire-motorsport-park,2026-07-12,202607121405_Race,81,81,4,99,1:11.669,5.638,5.638,,9,3
2026,15_Canadian Tire Motorsport Park,Canadian Tire Motorsport Park,canadian-tire-motorsport-park,2026-07-12,202607121405_Race,81,75,5,77,1:17.286,6 Laps,,6,9,3
2026,15_Canadian Tire Motorsport Park,Canadian Tire Motorsport Park,canadian-tire-motorsport-park,2026-07-12,202607121405_Race,81,75,6,1,1:17.166,6 Laps,,6,9,3
2026,15_Canadian Tire Motorsport Park,Canadian Tire Motorsport Park,canadian-tire-motorsport-park,2026-07-12,202607121405_Race,81,70,7,8,1:11.137,11 Laps,,11,9,3
2026,15_Canadian Tire Motorsport Park,Canadian Tire Motorsport Park,canadian-tire-motorsport-park,2026-07-12,202607121405_Race,81,75,8,4,1:17.227,6 Laps,,6,9,3
2026,15_Canadian Tire Motorsport Park,Canadian Tire Motorsport Park,canadian-tire-motorsport-park,2026-07-12,202607121405_Race,81,75,9,65,1:17.742,6 Laps,,6,9,3
2026,15_Canadian Tire Motorsport Park,Canadian Tire Motorsport Park,canadian-tire-motorsport-park,2026-07-12,202607121405_Race,81,75,10,59,1:17.710,6 Laps,,6,9,3
2026,15_Canadian Tire Motorsport Park,Canadian Tire Motorsport Park,canadian-tire-motorsport-park,2026-07-12,202607121405_Race,81,75,11,64,1:17.557,6 Laps,,6,9,3
2026,15_Canadian Tire Motorsport Park,Canadian Tire Motorsport Park,canadian-tire-motorsport-park,2026-07-12,202607121405_Race,81,75,12,9,1:17.060,6 Laps,,6,9,3
2026,15_Canadian Tire Motorsport Park,Canadian Tire Motorsport Park,canadian-tire-motorsport-park,2026-07-12,202607121405_Race,81,32,13,11,1:12.235,49 Laps,,49,9,3
2026,15_Canadian Tire Motorsport Park,Canadian Tire Motorsport Park,canadian-tire-motorsport-park,2026-07-12,202607121405_Race,81,75,14,3,1:17.755,6 Laps,,6,9,3
2026,15_Canadian Tire Motorsport Park,Canadian Tire Motorsport Park,canadian-tire-motorsport-park,2026-07-12,202607121405_Race,81,75,15,68,1:17.611,6 Laps,,6,9,3
2026,15_Canadian Tire Motorsport Park,Canadian Tire Motorsport Park,canadian-tire-motorsport-park,2026-07-12,202607121405_Race,81,75,16,57,1:17.639,6 Laps,,6,9,3
2026,15_Canadian Tire Motorsport Park,Canadian Tire Motorsport Park,canadian-tire-motorsport-park,2026-07-12,202607121405_Race,81,75,17,12,1:17.627,6 Laps,,6,9,3
2026,15_Canadian Tire Motorsport Park,Canadian Tire Motorsport Park,canadian-tire-motorsport-park,2026-07-12,202607121405_Race,81,75,18,96,1:17.400,6 Laps,,6,9,3
2026,15_Canadian Tire Motorsport Park,Canadian Tire Motorsport Park,canadian-tire-motorsport-park,2026-07-12,202607121405_Race,81,75,19,34,1:17.308,6 Laps,,6,9,3
2026,15_Canadian Tire Motorsport Park,Canadian Tire Motorsport Park,canadian-tire-motorsport-park,2026-07-12,202607121405_Race,81,75,20,45,1:17.221,6 Laps,,6,9,3
2026,15_Canadian Tire Motorsport Park,Canadian Tire Motorsport Park,canadian-tire-motorsport-park,2026-07-12,202607121405_Race,81,75,21,70,1:17.772,6 Laps,,6,9,3
2026,15_Canadian Tire Motorsport Park,Canadian Tire Motorsport Park,canadian-tire-motorsport-park,2026-07-12,202607121405_Race,81,75,22,16,1:17.341,6 Laps,,6,9,3
2026,15_Canadian Tire Motorsport Park,Canadian Tire Motorsport Park,canadian-tire-motorsport-park,2026-07-12,202607121405_Race,81,75,23,120,1:17.410,6 Laps,,6,9,3
2026,15_Canadian Tire Motorsport Park,Canadian Tire Motorsport Park,canadian-tire-motorsport-park,2026-07-12,202607121405_Race,81,75,24,81,1:17.231,6 Laps,,6,9,4
2026,15_Canadian Tire Motorsport Park,Canadian Tire Motorsport Park,canadian-tire-motorsport-park,2026-07-12,202607121405_Race,81,81,25,22,1:10.793,42.117,42.117,,9,4
2026,15_Canadian Tire Motorsport Park,Canadian Tire Motorsport Park,canadian-tire-motorsport-park,2026-07-12,202607121405_Race,81,81,26,73,1:10.996,44.409,44.409,,9,4
2026,15_Canadian Tire Motorsport Park,Canadian Tire Motorsport Park,canadian-tire-motorsport-park,2026-07-12,202607121405_Race,81,81,27,52,1:10.403,45.117,45.117,,9,4
2026,15_Canadian Tire Motorsport Park,Canadian Tire Motorsport Park,canadian-tire-motorsport-park,2026-07-12,202607121405_Race,81,75,28,66,1:18.020,6 Laps,,6,9,4
2026,15_Canadian Tire Motorsport Park,Canadian Tire Motorsport Park,canadian-tire-motorsport-park,2026-07-12,202607121405_Race,81,75,29,13,1:18.978,6 Laps,,6,9,4
2026,15_Canadian Tire Motorsport Park,Canadian Tire Motorsport Park,canadian-tire-motorsport-park,2026-07-12,202607121405_Race,81,75,30,27,1:18.630,6 Laps,,6,9,4
2026,15_Canadian Tire Motorsport Park,Canadian Tire Motorsport Park,canadian-tire-motorsport-park,2026-07-12,202607121405_Race,81,71,31,2,1:10.412,10 Laps,,10,9,4
2026,15_Canadian Tire Motorsport Park,Canadian Tire Motorsport Park,canadian-tire-motorsport-park,2026-07-12,202607121405_Race,82,82,1,43,1:09.528,,,,9,4
2026,15_Canadian Tire Motorsport Park,Canadian Tire Motorsport Park,canadian-tire-motorsport-park,2026-07-12,202607121405_Race,82,82,2,04,1:09.675,2.238,2.238,,9,4
2026,15_Canadian Tire Motorsport Park,Canadian Tire Motorsport Park,canadian-tire-motorsport-park,2026-07-12,202607121405_Race,82,82,3,99,1:11.311,7.421,7.421,,9,4
2026,15_Canadian Tire Motorsport Park,Canadian Tire Motorsport Park,canadian-tire-motorsport-park,2026-07-12,202607121405_Race,82,76,4,14,1:17.648,6 Laps,,6,9,4
2026,15_Canadian Tire Motorsport Park,Canadian Tire Motorsport Park,canadian-tire-motorsport-park,2026-07-12,202607121405_Race,82,74,5,36,1:17.854,8 Laps,,8,9,4
2026,15_Canadian Tire Motorsport Park,Canadian Tire Motorsport Park,canadian-tire-motorsport-park,2026-07-12,202607121405_Race,82,71,6,8,1:09.768,11 Laps,,11,9,4
2026,15_Canadian Tire Motorsport Park,Canadian Tire Motorsport Park,canadian-tire-motorsport-park,2026-07-12,202607121405_Race,82,76,7,77,1:17.061,6 Laps,,6,9,4
2026,15_Canadian Tire Motorsport Park,Canadian Tire Motorsport Park,canadian-tire-motorsport-park,2026-07-12,202607121405_Race,82,76,8,1,1:16.751,6 Laps,,6,9,4
2026,15_Canadian Tire Motorsport Park,Canadian Tire Motorsport Park,canadian-tire-motorsport-park,2026-07-12,202607121405_Race,82,76,9,4,1:17.203,6 Laps,,6,9,4
2026,15_Canadian Tire Motorsport Park,Canadian Tire Motorsport Park,canadian-tire-motorsport-park,2026-07-12,202607121405_Race,82,76,10,65,1:17.488,6 Laps,,6,9,4
2026,15_Canadian Tire Motorsport Park,Canadian Tire Motorsport Park,canadian-tire-motorsport-park,2026-07-12,202607121405_Race,82,76,11,59,1:17.731,6 Laps,,6,9,4
2026,15_Canadian Tire Motorsport Park,Canadian Tire Motorsport Park,canadian-tire-motorsport-park,2026-07-12,202607121405_Race,82,33,12,11,1:12.067,49 Laps,,49,9,4
2026,15_Canadian Tire Motorsport Park,Canadian Tire Motorsport Park,canadian-tire-motorsport-park,2026-07-12,202607121405_Race,82,76,13,64,1:17.479,6 Laps,,6,9,4
2026,15_Canadian Tire Motorsport Park,Canadian Tire Motorsport Park,canadian-tire-motorsport-park,2026-07-12,202607121405_Race,82,76,14,9,1:17.215,6 Laps,,6,9,4
2026,15_Canadian Tire Motorsport Park,Canadian Tire Motorsport Park,canadian-tire-motorsport-park,2026-07-12,202607121405_Race,82,76,15,3,1:17.051,6 Laps,,6,9,4
2026,15_Canadian Tire Motorsport Park,Canadian Tire Motorsport Park,canadian-tire-motorsport-park,2026-07-12,202607121405_Race,82,76,16,68,1:17.244,6 Laps,,6,9,4
2026,15_Canadian Tire Motorsport Park,Canadian Tire Motorsport Park,canadian-tire-motorsport-park,2026-07-12,202607121405_Race,82,76,17,57,1:17.506,6 Laps,,6,9,4
2026,15_Canadian Tire Motorsport Park,Canadian Tire Motorsport Park,canadian-tire-motorsport-park,2026-07-12,202607121405_Race,82,76,18,12,1:17.468,6 Laps,,6,9,4
2026,15_Canadian Tire Motorsport Park,Canadian Tire Motorsport Park,canadian-tire-motorsport-park,2026-07-12,202607121405_Race,82,76,19,96,1:17.437,6 Laps,,6,9,4
2026,15_Canadian Tire Motorsport Park,Canadian Tire Motorsport Park,canadian-tire-motorsport-park,2026-07-12,202607121405_Race,82,76,20,34,1:17.520,6 Laps,,6,9,4
2026,15_Canadian Tire Motorsport Park,Canadian Tire Motorsport Park,canadian-tire-motorsport-park,2026-07-12,202607121405_Race,82,76,21,45,1:17.107,6 Laps,,6,9,4
2026,15_Canadian Tire Motorsport Park,Canadian Tire Motorsport Park,canadian-tire-motorsport-park,2026-07-12,202607121405_Race,82,76,22,70,1:17.339,6 Laps,,6,9,4
2026,15_Canadian Tire Motorsport Park,Canadian Tire Motorsport Park,canadian-tire-motorsport-park,2026-07-12,202607121405_Race,82,82,23,22,1:10.880,43.469,43.469,,9,4
2026,15_Canadian Tire Motorsport Park,Canadian Tire Motorsport Park,canadian-tire-motorsport-park,2026-07-12,202607121405_Race,82,76,24,16,1:17.214,6 Laps,,6,9,4
2026,15_Canadian Tire Motorsport Park,Canadian Tire Motorsport Park,canadian-tire-motorsport-park,2026-07-12,202607121405_Race,82,82,25,73,1:11.527,46.408,46.408,,9,4
2026,15_Canadian Tire Motorsport Park,Canadian Tire Motorsport Park,canadian-tire-motorsport-park,2026-07-12,202607121405_Race,82,76,26,120,1:17.765,6 Laps,,6,9,4
2026,15_Canadian Tire Motorsport Park,Canadian Tire Motorsport Park,canadian-tire-motorsport-park,2026-07-12,202607121405_Race,82,82,27,52,1:11.378,46.967,46.967,,9,4
2026,15_Canadian Tire Motorsport Park,Canadian Tire Motorsport Park,canadian-tire-motorsport-park,2026-07-12,202607121405_Race,82,76,28,81,1:17.803,6 Laps,,6,9,4
2026,15_Canadian Tire Motorsport Park,Canadian Tire Motorsport Park,canadian-tire-motorsport-park,2026-07-12,202607121405_Race,82,76,29,66,1:18.206,6 Laps,,6,9,4
2026,15_Canadian Tire Motorsport Park,Canadian Tire Motorsport Park,canadian-tire-motorsport-park,2026-07-12,202607121405_Race,82,76,30,13,1:18.685,6 Laps,,6,9,4
2026,15_Canadian Tire Motorsport Park,Canadian Tire Motorsport Park,canadian-tire-motorsport-park,2026-07-12,202607121405_Race,82,76,31,27,1:18.864,6 Laps,,6,9,4
2026,15_Canadian Tire Motorsport Park,Canadian Tire Motorsport Park,canadian-tire-motorsport-park,2026-07-12,202607121405_Race,82,72,32,2,1:10.566,10 Laps,,10,9,4
2026,15_Canadian Tire Motorsport Park,Canadian Tire Motorsport Park,canadian-tire-motorsport-park,2026-07-12,202607121405_Race,83,83,1,43,1:09.277,,,,9,4
2026,15_Canadian Tire Motorsport Park,Canadian Tire Motorsport Park,canadian-tire-motorsport-park,2026-07-12,202607121405_Race,83,83,2,04,1:08.842,1.803,1.803,,9,4
2026,15_Canadian Tire Motorsport Park,Canadian Tire Motorsport Park,canadian-tire-motorsport-park,2026-07-12,202607121405_Race,83,83,3,99,1:09.430,7.574,7.574,,9,4
2026,15_Canadian Tire Motorsport Park,Canadian Tire Motorsport Park,canadian-tire-motorsport-park,2026-07-12,202607121405_Race,83,72,4,8,1:10.411,11 Laps,,11,9,4
2026,15_Canadian Tire Motorsport Park,Canadian Tire Motorsport Park,canadian-tire-motorsport-park,2026-07-12,202607121405_Race,83,77,5,14,1:16.989,6 Laps,,6,9,4
2026,15_Canadian Tire Motorsport Park,Canadian Tire Motorsport Park,canadian-tire-motorsport-park,2026-07-12,202607121405_Race,83,75,6,36,1:18.000,8 Laps,,8,9,4
2026,15_Canadian Tire Motorsport Park,Canadian Tire Motorsport Park,canadian-tire-motorsport-park,2026-07-12,202607121405_Race,83,77,7,77,1:16.923,6 Laps,,6,9,4
2026,15_Canadian Tire Motorsport Park,Canadian Tire Motorsport Park,canadian-tire-motorsport-park,2026-07-12,202607121405_Race,83,77,8,1,1:16.824,6 Laps,,6,9,4
2026,15_Canadian Tire Motorsport Park,Canadian Tire Motorsport Park,canadian-tire-motorsport-park,2026-07-12,202607121405_Race,83,34,9,11,1:11.668,49 Laps,,49,9,4
2026,15_Canadian Tire Motorsport Park,Canadian Tire Motorsport Park,canadian-tire-motorsport-park,2026-07-12,202607121405_Race,83,77,10,4,1:17.144,6 Laps,,6,9,4
2026,15_Canadian Tire Motorsport Park,Canadian Tire Motorsport Park,canadian-tire-motorsport-park,2026-07-12,202607121405_Race,83,77,11,65,1:17.597,6 Laps,,6,9,4
2026,15_Canadian Tire Motorsport Park,Canadian Tire Motorsport Park,canadian-tire-motorsport-park,2026-07-12,202607121405_Race,83,77,12,59,1:17.747,6 Laps,,6,9,4
2026,15_Canadian Tire Motorsport Park,Canadian Tire Motorsport Park,canadian-tire-motorsport-park,2026-07-12,202607121405_Race,83,77,13,64,1:17.746,6 Laps,,6,9,4
2026,15_Canadian Tire Motorsport Park,Canadian Tire Motorsport Park,canadian-tire-motorsport-park,2026-07-12,202607121405_Race,83,77,14,9,1:16.989,6 Laps,,6,9,4
2026,15_Canadian Tire Motorsport Park,Canadian Tire Motorsport Park,canadian-tire-motorsport-park,2026-07-12,202607121405_Race,83,77,15,3,1:16.955,6 Laps,,6,9,4
2026,15_Canadian Tire Motorsport Park,Canadian Tire Motorsport Park,canadian-tire-motorsport-park,2026-07-12,202607121405_Race,83,77,16,68,1:17.106,6 Laps,,6,9,5
2026,15_Canadian Tire Motorsport Park,Canadian Tire Motorsport Park,canadian-tire-motorsport-park,2026-07-12,202607121405_Race,83,77,17,57,1:17.543,6 Laps,,6,9,5
2026,15_Canadian Tire Motorsport Park,Canadian Tire Motorsport Park,canadian-tire-motorsport-park,2026-07-12,202607121405_Race,83,77,18,12,1:17.529,6 Laps,,6,9,5
2026,15_Canadian Tire Motorsport Park,Canadian Tire Motorsport Park,canadian-tire-motorsport-park,2026-07-12,202607121405_Race,83,77,19,96,1:17.375,6 Laps,,6,9,5
2026,15_Canadian Tire Motorsport Park,Canadian Tire Motorsport Park,canadian-tire-motorsport-park,2026-07-12,202607121405_Race,83,77,20,34,1:18.050,6 Laps,,6,9,5
2026,15_Canadian Tire Motorsport Park,Canadian Tire Motorsport Park,canadian-tire-motorsport-park,2026-07-12,202607121405_Race,83,83,21,73,1:11.573,48.704,48.704,,9,5
2026,15_Canadian Tire Motorsport Park,Canadian Tire Motorsport Park,canadian-tire-motorsport-park,2026-07-12,202607121405_Race,83,77,22,45,1:17.366,6 Laps,,6,9,5
2026,15_Canadian Tire Motorsport Park,Canadian Tire Motorsport Park,canadian-tire-motorsport-park,2026-07-12,202607121405_Race,83,83,23,52,1:11.205,48.895,48.895,,9,5
2026,15_Canadian Tire Motorsport Park,Canadian Tire Motorsport Park,canadian-tire-motorsport-park,2026-07-12,202607121405_Race,83,77,24,70,1:18.312,6 Laps,,6,9,5
2026,15_Canadian Tire Motorsport Park,Canadian Tire Motorsport Park,canadian-tire-motorsport-park,2026-07-12,202607121405_Race,83,77,25,16,1:17.728,6 Laps,,6,9,5
2026,15_Canadian Tire Motorsport Park,Canadian Tire Motorsport Park,canadian-tire-motorsport-park,2026-07-12,202607121405_Race,83,83,26,22,1:20.783,54.975,54.975,,9,5
2026,15_Canadian Tire Motorsport Park,Canadian Tire Motorsport Park,canadian-tire-motorsport-park,2026-07-12,202607121405_Race,83,77,27,120,1:17.724,6 Laps,,6,9,5
2026,15_Canadian Tire Motorsport Park,Canadian Tire Motorsport Park,canadian-tire-motorsport-park,2026-07-12,202607121405_Race,83,77,28,81,1:17.341,6 Laps,,6,9,5
2026,15_Canadian Tire Motorsport Park,Canadian Tire Motorsport Park,canadian-tire-motorsport-park,2026-07-12,202607121405_Race,83,77,29,66,1:17.831,6 Laps,,6,9,5
2026,15_Canadian Tire Motorsport Park,Canadian Tire Motorsport Park,canadian-tire-motorsport-park,2026-07-12,202607121405_Race,83,77,30,27,1:17.369,6 Laps,,6,9,5
2026,15_Canadian Tire Motorsport Park,Canadian Tire Motorsport Park,canadian-tire-motorsport-park,2026-07-12,202607121405_Race,83,77,31,13,1:18.547,6 Laps,,6,9,5
2026,15_Canadian Tire Motorsport Park,Canadian Tire Motorsport Park,canadian-tire-motorsport-park,2026-07-12,202607121405_Race,84,84,1,43,1:09.458,,,,9,5
2026,15_Canadian Tire Motorsport Park,Canadian Tire Motorsport Park,canadian-tire-motorsport-park,2026-07-12,202607121405_Race,84,73,2,2,1:11.888,11 Laps,,11,9,5
2026,15_Canadian Tire Motorsport Park,Canadian Tire Motorsport Park,canadian-tire-motorsport-park,2026-07-12,202607121405_Race,84,84,3,99,1:08.859,6.975,6.975,,9,5
2026,15_Canadian Tire Motorsport Park,Canadian Tire Motorsport Park,canadian-tire-motorsport-park,2026-07-12,202607121405_Race,84,84,4,04,1:18.480,10.825,10.825,,9,5
2026,15_Canadian Tire Motorsport Park,Canadian Tire Motorsport Park,canadian-tire-motorsport-park,2026-07-12,202607121405_Race,84,73,5,8,1:08.672,11 Laps,,11,9,5
2026,15_Canadian Tire Motorsport Park,Canadian Tire Motorsport Park,canadian-tire-motorsport-park,2026-07-12,202607121405_Race,84,78,6,14,1:16.807,6 Laps,,6,9,5
2026,15_Canadian Tire Motorsport Park,Canadian Tire Motorsport Park,canadian-tire-motorsport-park,2026-07-12,202607121405_Race,84,76,7,36,1:17.886,8 Laps,,8,9,5
2026,15_Canadian Tire Motorsport Park,Canadian Tire Motorsport Park,canadian-tire-motorsport-park,2026-07-12,202607121405_Race,84,78,8,77,1:16.835,6 Laps,,6,9,5
2026,15_Canadian Tire Motorsport Park,Canadian Tire Motorsport Park,canadian-tire-motorsport-park,2026-07-12,202607121405_Race,84,78,9,1,1:16.828,6 Laps,,6,9,5
2026,15_Canadian Tire Motorsport Park,Canadian Tire Motorsport Park,canadian-tire-motorsport-park,2026-07-12,202607121405_Race,84,35,10,11,1:11.813,49 Laps,,49,9,5
2026,15_Canadian Tire Motorsport Park,Canadian Tire Motorsport Park,canadian-tire-motorsport-park,2026-07-12,202607121405_Race,84,78,11,4,1:17.357,6 Laps,,6,9,5
2026,15_Canadian Tire Motorsport Park,Canadian Tire Motorsport Park,canadian-tire-motorsport-park,2026-07-12,202607121405_Race,84,78,12,65,1:17.534,6 Laps,,6,9,5
2026,15_Canadian Tire Motorsport Park,Canadian Tire Motorsport Park,canadian-tire-motorsport-park,2026-07-12,202607121405_Race,84,78,13,59,1:17.347,6 Laps,,6,9,5
2026,15_Canadian Tire Motorsport Park,Canadian Tire Motorsport Park,canadian-tire-motorsport-park,2026-07-12,202607121405_Race,84,78,14,64,1:17.446,6 Laps,,6,9,5
2026,15_Canadian Tire Motorsport Park,Canadian Tire Motorsport Park,canadian-tire-motorsport-park,2026-07-12,202607121405_Race,84,78,15,9,1:16.929,6 Laps,,6,9,5
2026,15_Canadian Tire Motorsport Park,Canadian Tire Motorsport Park,canadian-tire-motorsport-park,2026-07-12,202607121405_Race,84,78,16,3,1:17.132,6 Laps,,6,9,5
2026,15_Canadian Tire Motorsport Park,Canadian Tire Motorsport Park,canadian-tire-motorsport-park,2026-07-12,202607121405_Race,84,78,17,68,1:17.043,6 Laps,,6,9,5
2026,15_Canadian Tire Motorsport Park,Canadian Tire Motorsport Park,canadian-tire-motorsport-park,2026-07-12,202607121405_Race,84,78,18,57,1:17.451,6 Laps,,6,9,5
2026,15_Canadian Tire Motorsport Park,Canadian Tire Motorsport Park,canadian-tire-motorsport-park,2026-07-12,202607121405_Race,84,84,19,52,1:11.751,51.188,51.188,,9,5
2026,15_Canadian Tire Motorsport Park,Canadian Tire Motorsport Park,canadian-tire-motorsport-park,2026-07-12,202607121405_Race,84,78,20,12,1:17.671,6 Laps,,6,9,5
2026,15_Canadian Tire Motorsport Park,Canadian Tire Motorsport Park,canadian-tire-motorsport-park,2026-07-12,202607121405_Race,84,78,21,96,1:17.682,6 Laps,,6,9,5
2026,15_Canadian Tire Motorsport Park,Canadian Tire Motorsport Park,canadian-tire-motorsport-park,2026-07-12,202607121405_Race,84,78,22,34,1:18.484,6 Laps,,6,9,5
2026,15_Canadian Tire Motorsport Park,Canadian Tire Motorsport Park,canadian-tire-motorsport-park,2026-07-12,202607121405_Race,84,78,23,45,1:17.982,6 Laps,,6,9,5
2026,15_Canadian Tire Motorsport Park,Canadian Tire Motorsport Park,canadian-tire-motorsport-park,2026-07-12,202607121405_Race,84,78,24,70,1:18.148,6 Laps,,6,9,5
2026,15_Canadian Tire Motorsport Park,Canadian Tire Motorsport Park,canadian-tire-motorsport-park,2026-07-12,202607121405_Race,84,84,25,73,1:22.872,1:02.118,62.118,,9,5
2026,15_Canadian Tire Motorsport Park,Canadian Tire Motorsport Park,canadian-tire-motorsport-park,2026-07-12,202607121405_Race,84,78,26,16,1:18.131,6 Laps,,6,9,5
2026,15_Canadian Tire Motorsport Park,Canadian Tire Motorsport Park,canadian-tire-motorsport-park,2026-07-12,202607121405_Race,84,78,27,120,1:17.566,6 Laps,,6,9,5
2026,15_Canadian Tire Motorsport Park,Canadian Tire Motorsport Park,canadian-tire-motorsport-park,2026-07-12,202607121405_Race,84,78,28,81,1:17.380,6 Laps,,6,9,5
2026,15_Canadian Tire Motorsport Park,Canadian Tire Motorsport Park,canadian-tire-motorsport-park,2026-07-12,202607121405_Race,84,78,29,66,1:17.918,6 Laps,,6,9,5
2026,15_Canadian Tire Motorsport Park,Canadian Tire Motorsport Park,canadian-tire-motorsport-park,2026-07-12,202607121405_Race,84,78,30,27,1:17.130,6 Laps,,6,9,5
2026,15_Canadian Tire Motorsport Park,Canadian Tire Motorsport Park,canadian-tire-motorsport-park,2026-07-12,202607121405_Race,84,74,31,2,1:11.625,10 Laps,,10,9,5
2026,15_Canadian Tire Motorsport Park,Canadian Tire Motorsport Park,canadian-tire-motorsport-park,2026-07-12,202607121405_Race,84,78,32,13,1:18.865,6 Laps,,6,9,5
2026,15_Canadian Tire Motorsport Park,Canadian Tire Motorsport Park,canadian-tire-motorsport-park,2026-07-12,202607121405_Race,85,85,1,43,1:20.293,,,,9,5
2026,15_Canadian Tire Motorsport Park,Canadian Tire Motorsport Park,canadian-tire-motorsport-park,2026-07-12,202607121405_Race,85,74,2,8,1:08.481,11 Laps,,11,9,5
2026,15_Canadian Tire Motorsport Park,Canadian Tire Motorsport Park,canadian-tire-motorsport-park,2026-07-12,202607121405_Race,85,85,3,99,1:20.126,6.808,6.808,,9,5
2026,15_Canadian Tire Motorsport Park,Canadian Tire Motorsport Park,canadian-tire-motorsport-park,2026-07-12,202607121405_Race,85,79,4,14,1:16.942,6 Laps,,6,9,5
2026,15_Canadian Tire Motorsport Park,Canadian Tire Motorsport Park,canadian-tire-motorsport-park,2026-07-12,202607121405_Race,85,36,5,11,1:11.319,49 Laps,,49,9,5
2026,15_Canadian Tire Motorsport Park,Canadian Tire Motorsport Park,canadian-tire-motorsport-park,2026-07-12,202607121405_Race,85,77,6,36,1:17.642,8 Laps,,8,9,5
2026,15_Canadian Tire Motorsport Park,Canadian Tire Motorsport Park,canadian-tire-motorsport-park,2026-07-12,202607121405_Race,85,79,7,77,1:17.206,6 Laps,,6,9,5
2026,15_Canadian Tire Motorsport Park,Canadian Tire Motorsport Park,canadian-tire-motorsport-park,2026-07-12,202607121405_Race,85,79,8,1,1:17.129,6 Laps,,6,10,1
2026,15_Canadian Tire Motorsport Park,Canadian Tire Motorsport Park,canadian-tire-motorsport-park,2026-07-12,202607121405_Race,85,84,9,22,2:07.659,1 Lap,,1,10,1
2026,15_Canadian Tire Motorsport Park,Canadian Tire Motorsport Park,canadian-tire-motorsport-park,2026-07-12,202607121405_Race,85,79,10,4,1:17.550,6 Laps,,6,10,1
2026,15_Canadian Tire Motorsport Park,Canadian Tire Motorsport Park,canadian-tire-motorsport-park,2026-07-12,202607121405_Race,85,79,11,65,1:17.397,6 Laps,,6,10,1
2026,15_Canadian Tire Motorsport Park,Canadian Tire Motorsport Park,canadian-tire-motorsport-park,2026-07-12,202607121405_Race,85,79,12,59,1:17.394,6 Laps,,6,10,1
2026,15_Canadian Tire Motorsport Park,Canadian Tire Motorsport Park,canadian-tire-motorsport-park,2026-07-12,202607121405_Race,85,79,13,64,1:17.678,6 Laps,,6,10,1
2026,15_Canadian Tire Motorsport Park,Canadian Tire Motorsport Park,canadian-tire-motorsport-park,2026-07-12,202607121405_Race,85,85,14,52,1:11.811,42.706,42.706,,10,1
2026,15_Canadian Tire Motorsport Park,Canadian Tire Motorsport Park,canadian-tire-motorsport-park,2026-07-12,202607121405_Race,85,79,15,9,1:17.271,6 Laps,,6,10,1
2026,15_Canadian Tire Motorsport Park,Canadian Tire Motorsport Park,canadian-tire-motorsport-park,2026-07-12,202607121405_Race,85,79,16,3,1:17.340,6 Laps,,6,10,1
2026,15_Canadian Tire Motorsport Park,Canadian Tire Motorsport Park,canadian-tire-motorsport-park,2026-07-12,202607121405_Race,85,79,17,68,1:17.361,6 Laps,,6,10,1
2026,15_Canadian Tire Motorsport Park,Canadian Tire Motorsport Park,canadian-tire-motorsport-park,2026-07-12,202607121405_Race,85,79,18,57,1:17.510,6 Laps,,6,10,1
2026,15_Canadian Tire Motorsport Park,Canadian Tire Motorsport Park,canadian-tire-motorsport-park,2026-07-12,202607121405_Race,85,79,19,12,1:17.401,6 Laps,,6,10,1
2026,15_Canadian Tire Motorsport Park,Canadian Tire Motorsport Park,canadian-tire-motorsport-park,2026-07-12,202607121405_Race,85,79,20,96,1:17.290,6 Laps,,6,10,1
2026,15_Canadian Tire Motorsport Park,Canadian Tire Motorsport Park,canadian-tire-motorsport-park,2026-07-12,202607121405_Race,85,79,21,34,1:17.609,6 Laps,,6,10,1
2026,15_Canadian Tire Motorsport Park,Canadian Tire Motorsport Park,canadian-tire-motorsport-park,2026-07-12,202607121405_Race,85,79,22,45,1:17.578,6 Laps,,6,10,1
2026,15_Canadian Tire Motorsport Park,Canadian Tire Motorsport Park,canadian-tire-motorsport-park,2026-07-12,202607121405_Race,85,79,23,70,1:17.950,6 Laps,,6,10,1
2026,15_Canadian Tire Motorsport Park,Canadian Tire Motorsport Park,canadian-tire-motorsport-park,2026-07-12,202607121405_Race,85,85,24,04,2:07.423,57.955,57.955,,10,1
2026,15_Canadian Tire Motorsport Park,Canadian Tire Motorsport Park,canadian-tire-motorsport-park,2026-07-12,202607121405_Race,85,79,25,16,1:17.728,6 Laps,,6,10,1
2026,15_Canadian Tire Motorsport Park,Canadian Tire Motorsport Park,canadian-tire-motorsport-park,2026-07-12,202607121405_Race,85,79,26,120,1:17.648,6 Laps,,6,10,1
2026,15_Canadian Tire Motorsport Park,Canadian Tire Motorsport Park,canadian-tire-motorsport-park,2026-07-12,202607121405_Race,85,79,27,81,1:17.636,6 Laps,,6,10,1
2026,15_Canadian Tire Motorsport Park,Canadian Tire Motorsport Park,canadian-tire-motorsport-park,2026-07-12,202607121405_Race,85,75,28,2,1:11.250,10 Laps,,10,10,1
2026,15_Canadian Tire Motorsport Park,Canadian Tire Motorsport Park,canadian-tire-motorsport-park,2026-07-12,202607121405_Race,85,79,29,66,1:18.039,6 Laps,,6,10,1
2026,15_Canadian Tire Motorsport Park,Canadian Tire Motorsport Park,canadian-tire-motorsport-park,2026-07-12,202607121405_Race,85,79,30,27,1:17.425,6 Laps,,6,10,1
2026,15_Canadian Tire Motorsport Park,Canadian Tire Motorsport Park,canadian-tire-motorsport-park,2026-07-12,202607121405_Race,85,75,31,8,1:08.888,10 Laps,,10,10,1
2026,15_Canadian Tire Motorsport Park,Canadian Tire Motorsport Park,canadian-tire-motorsport-park,2026-07-12,202607121405_Race,85,79,32,13,1:17.822,6 Laps,,6,10,1
2026,15_Canadian Tire Motorsport Park,Canadian Tire Motorsport Park,canadian-tire-motorsport-park,2026-07-12,202607121405_Race,85,37,33,11,1:10.995,48 Laps,,48,10,1
2026,15_Canadian Tire Motorsport Park,Canadian Tire Motorsport Park,canadian-tire-motorsport-park,2026-07-12,202607121405_Race,85,80,34,14,1:16.974,5 Laps,,5,10,1
2026,15_Canadian Tire Motorsport Park,Canadian Tire Motorsport Park,canadian-tire-motorsport-park,2026-07-12,202607121405_Race,85,78,35,36,1:17.784,7 Laps,,7,10,1
2026,15_Canadian Tire Motorsport Park,Canadian Tire Motorsport Park,canadian-tire-motorsport-park,2026-07-12,202607121405_Race,85,80,36,77,1:17.161,5 Laps,,5,10,1
2026,15_Canadian Tire Motorsport Park,Canadian Tire Motorsport Park,canadian-tire-motorsport-park,2026-07-12,202607121405_Race,85,85,37,22,1:11.200,1:44.083,104.083,,10,1
2026,15_Canadian Tire Motorsport Park,Canadian Tire Motorsport Park,canadian-tire-motorsport-park,2026-07-12,202607121405_Race,85,80,38,1,1:16.952,5 Laps,,5,10,1
2026,15_Canadian Tire Motorsport Park,Canadian Tire Motorsport Park,canadian-tire-motorsport-park,2026-07-12,202607121405_Race,85,85,39,73,2:09.417,1:51.242,111.242,,10,1
2026,15_Canadian Tire Motorsport Park,Canadian Tire Motorsport Park,canadian-tire-motorsport-park,2026-07-12,202607121405_Race,85,80,40,4,1:17.144,5 Laps,,5,10,1
2026,15_Canadian Tire Motorsport Park,Canadian Tire Motorsport Park,canadian-tire-motorsport-park,2026-07-12,202607121405_Race,86,86,1,52,1:11.138,,,,10,1
2026,15_Canadian Tire Motorsport Park,Canadian Tire Motorsport Park,canadian-tire-motorsport-park,2026-07-12,202607121405_Race,86,80,2,65,1:17.532,6 Laps,,6,10,1
2026,15_Canadian Tire Motorsport Park,Canadian Tire Motorsport Park,canadian-tire-motorsport-park,2026-07-12,202607121405_Race,86,80,3,59,1:17.440,6 Laps,,6,10,1
2026,15_Canadian Tire Motorsport Park,Canadian Tire Motorsport Park,canadian-tire-motorsport-park,2026-07-12,202607121405_Race,86,80,4,64,1:17.784,6 Laps,,6,10,1
2026,15_Canadian Tire Motorsport Park,Canadian Tire Motorsport Park,canadian-tire-motorsport-park,2026-07-12,202607121405_Race,86,80,5,9,1:16.970,6 Laps,,6,10,1
2026,15_Canadian Tire Motorsport Park,Canadian Tire Motorsport Park,canadian-tire-motorsport-park,2026-07-12,202607121405_Race,86,80,6,3,1:17.171,6 Laps,,6,10,1
2026,15_Canadian Tire Motorsport Park,Canadian Tire Motorsport Park,canadian-tire-motorsport-park,2026-07-12,202607121405_Race,86,80,7,68,1:17.225,6 Laps,,6,10,1
2026,15_Canadian Tire Motorsport Park,Canadian Tire Motorsport Park,canadian-tire-motorsport-park,2026-07-12,202607121405_Race,86,80,8,57,1:17.010,6 Laps,,6,10,1
2026,15_Canadian Tire Motorsport Park,Canadian Tire Motorsport Park,canadian-tire-motorsport-park,2026-07-12,202607121405_Race,86,86,9,43,2:05.435,11.591,11.591,,10,1
2026,15_Canadian Tire Motorsport Park,Canadian Tire Motorsport Park,canadian-tire-motorsport-park,2026-07-12,202607121405_Race,86,80,10,12,1:17.330,6 Laps,,6,10,1
2026,15_Canadian Tire Motorsport Park,Canadian Tire Motorsport Park,canadian-tire-motorsport-park,2026-07-12,202607121405_Race,86,80,11,96,1:17.273,6 Laps,,6,10,1
2026,15_Canadian Tire Motorsport Park,Canadian Tire Motorsport Park,canadian-tire-motorsport-park,2026-07-12,202607121405_Race,86,86,12,04,1:11.807,15.918,15.918,,10,1
2026,15_Canadian Tire Motorsport Park,Canadian Tire Motorsport Park,canadian-tire-motorsport-park,2026-07-12,202607121405_Race,86,80,13,34,1:17.897,6 Laps,,6,10,1
2026,15_Canadian Tire Motorsport Park,Canadian Tire Motorsport Park,canadian-tire-motorsport-park,2026-07-12,202607121405_Race,86,80,14,45,1:17.499,6 Laps,,6,10,1
2026,15_Canadian Tire Motorsport Park,Canadian Tire Motorsport Park,canadian-tire-motorsport-park,2026-07-12,202607121405_Race,86,86,15,99,2:08.131,21.095,21.095,,10,1
2026,15_Canadian Tire Motorsport Park,Canadian Tire Motorsport Park,canadian-tire-motorsport-park,2026-07-12,202607121405_Race,86,76,16,2,1:12.083,10 Laps,,10,10,1
2026,15_Canadian Tire Motorsport Park,Canadian Tire Motorsport Park,canadian-tire-motorsport-park,2026-07-12,202607121405_Race,86,80,17,70,1:18.181,6 Laps,,6,10,1
2026,15_Canadian Tire Motorsport Park,Canadian Tire Motorsport Park,canadian-tire-motorsport-park,2026-07-12,202607121405_Race,86,80,18,16,1:17.661,6 Laps,,6,10,1
2026,15_Canadian Tire Motorsport Park,Canadian Tire Motorsport Park,canadian-tire-motorsport-park,2026-07-12,202607121405_Race,86,80,19,120,1:18.184,6 Laps,,6,10,1
2026,15_Canadian Tire Motorsport Park,Canadian Tire Motorsport Park,canadian-tire-motorsport-park,2026-07-12,202607121405_Race,86,76,20,8,1:11.762,10 Laps,,10,10,1
2026,15_Canadian Tire Motorsport Park,Canadian Tire Motorsport Park,canadian-tire-motorsport-park,2026-07-12,202607121405_Race,86,80,21,81,1:18.473,6 Laps,,6,10,1
2026,15_Canadian Tire Motorsport Park,Canadian Tire Motorsport Park,canadian-tire-motorsport-park,2026-07-12,202607121405_Race,86,80,22,66,1:18.280,6 Laps,,6,10,1
2026,15_Canadian Tire Motorsport Park,Canadian Tire Motorsport Park,canadian-tire-motorsport-park,2026-07-12,202607121405_Race,86,80,23,27,1:18.143,6 Laps,,6,10,1
2026,15_Canadian Tire Motorsport Park,Canadian Tire Motorsport Park,canadian-tire-motorsport-park,2026-07-12,202607121405_Race,86,80,24,13,1:17.763,6 Laps,,6,10,1
2026,15_Canadian Tire Motorsport Park,Canadian Tire Motorsport Park,canadian-tire-motorsport-park,2026-07-12,202607121405_Race,86,38,25,11,1:08.967,48 Laps,,48,10,2
2026,15_Canadian Tire Motorsport Park,Canadian Tire Motorsport Park,canadian-tire-motorsport-park,2026-07-12,202607121405_Race,86,81,26,14,1:16.681,5 Laps,,5,10,2
2026,15_Canadian Tire Motorsport Park,Canadian Tire Motorsport Park,canadian-tire-motorsport-park,2026-07-12,202607121405_Race,86,86,27,22,1:12.699,1:02.938,62.938,,10,2
2026,15_Canadian Tire Motorsport Park,Canadian Tire Motorsport Park,canadian-tire-motorsport-park,2026-07-12,202607121405_Race,86,81,28,77,1:17.583,5 Laps,,5,10,2
2026,15_Canadian Tire Motorsport Park,Canadian Tire Motorsport Park,canadian-tire-motorsport-park,2026-07-12,202607121405_Race,86,79,29,36,1:18.936,7 Laps,,7,10,2
2026,15_Canadian Tire Motorsport Park,Canadian Tire Motorsport Park,canadian-tire-motorsport-park,2026-07-12,202607121405_Race,86,81,30,1,1:17.265,5 Laps,,5,10,2
2026,15_Canadian Tire Motorsport Park,Canadian Tire Motorsport Park,canadian-tire-motorsport-park,2026-07-12,202607121405_Race,86,86,31,73,1:10.638,1:08.036,68.036,,10,2
2026,15_Canadian Tire Motorsport Park,Canadian Tire Motorsport Park,canadian-tire-motorsport-park,2026-07-12,202607121405_Race,87,87,1,52,1:10.458,,,,10,2
2026,15_Canadian Tire Motorsport Park,Canadian Tire Motorsport Park,canadian-tire-motorsport-park,2026-07-12,202607121405_Race,87,81,2,4,1:17.362,6 Laps,,6,10,2
2026,15_Canadian Tire Motorsport Park,Canadian Tire Motorsport Park,canadian-tire-motorsport-park,2026-07-12,202607121405_Race,87,81,3,65,1:17.402,6 Laps,,6,10,2
2026,15_Canadian Tire Motorsport Park,Canadian Tire Motorsport Park,canadian-tire-motorsport-park,2026-07-12,202607121405_Race,87,81,4,59,1:17.300,6 Laps,,6,10,2
2026,15_Canadian Tire Motorsport Park,Canadian Tire Motorsport Park,canadian-tire-motorsport-park,2026-07-12,202607121405_Race,87,81,5,64,1:17.482,6 Laps,,6,10,2
2026,15_Canadian Tire Motorsport Park,Canadian Tire Motorsport Park,canadian-tire-motorsport-park,2026-07-12,202607121405_Race,87,87,6,43,1:11.189,12.322,12.322,,10,2
2026,15_Canadian Tire Motorsport Park,Canadian Tire Motorsport Park,canadian-tire-motorsport-park,2026-07-12,202607121405_Race,87,81,7,9,1:17.247,6 Laps,,6,10,2
2026,15_Canadian Tire Motorsport Park,Canadian Tire Motorsport Park,canadian-tire-motorsport-park,2026-07-12,202607121405_Race,87,81,8,3,1:17.733,6 Laps,,6,10,2
2026,15_Canadian Tire Motorsport Park,Canadian Tire Motorsport Park,canadian-tire-motorsport-park,2026-07-12,202607121405_Race,87,81,9,68,1:17.575,6 Laps,,6,10,2
2026,15_Canadian Tire Motorsport Park,Canadian Tire Motorsport Park,canadian-tire-motorsport-park,2026-07-12,202607121405_Race,87,87,10,04,1:11.454,16.914,16.914,,10,2
2026,15_Canadian Tire Motorsport Park,Canadian Tire Motorsport Park,canadian-tire-motorsport-park,2026-07-12,202607121405_Race,87,81,11,57,1:17.339,6 Laps,,6,10,2
2026,15_Canadian Tire Motorsport Park,Canadian Tire Motorsport Park,canadian-tire-motorsport-park,2026-07-12,202607121405_Race,87,81,12,12,1:17.117,6 Laps,,6,10,2
2026,15_Canadian Tire Motorsport Park,Canadian Tire Motorsport Park,canadian-tire-motorsport-park,2026-07-12,202607121405_Race,87,81,13,96,1:17.648,6 Laps,,6,10,2
2026,15_Canadian Tire Motorsport Park,Canadian Tire Motorsport Park,canadian-tire-motorsport-park,2026-07-12,202607121405_Race,87,87,14,99,1:10.659,21.296,21.296,,10,2
2026,15_Canadian Tire Motorsport Park,Canadian Tire Motorsport Park,canadian-tire-motorsport-park,2026-07-12,202607121405_Race,87,77,15,2,1:10.940,10 Laps,,10,10,2
2026,15_Canadian Tire Motorsport Park,Canadian Tire Motorsport Park,canadian-tire-motorsport-park,2026-07-12,202607121405_Race,87,81,16,34,1:17.810,6 Laps,,6,10,2
2026,15_Canadian Tire Motorsport Park,Canadian Tire Motorsport Park,canadian-tire-motorsport-park,2026-07-12,202607121405_Race,87,81,17,45,1:17.644,6 Laps,,6,10,2
2026,15_Canadian Tire Motorsport Park,Canadian Tire Motorsport Park,canadian-tire-motorsport-park,2026-07-12,202607121405_Race,87,77,18,8,1:12.532,10 Laps,,10,10,2
2026,15_Canadian Tire Motorsport Park,Canadian Tire Motorsport Park,canadian-tire-motorsport-park,2026-07-12,202607121405_Race,87,81,19,70,1:18.156,6 Laps,,6,10,2
2026,15_Canadian Tire Motorsport Park,Canadian Tire Motorsport Park,canadian-tire-motorsport-park,2026-07-12,202607121405_Race,87,81,20,16,1:18.403,6 Laps,,6,10,2
2026,15_Canadian Tire Motorsport Park,Canadian Tire Motorsport Park,canadian-tire-motorsport-park,2026-07-12,202607121405_Race,87,81,21,120,1:17.794,6 Laps,,6,10,2
2026,15_Canadian Tire Motorsport Park,Canadian Tire Motorsport Park,canadian-tire-motorsport-park,2026-07-12,202607121405_Race,87,81,22,81,1:17.538,6 Laps,,6,10,2
2026,15_Canadian Tire Motorsport Park,Canadian Tire Motorsport Park,canadian-tire-motorsport-park,2026-07-12,202607121405_Race,87,81,23,27,1:17.487,6 Laps,,6,10,2
2026,15_Canadian Tire Motorsport Park,Canadian Tire Motorsport Park,canadian-tire-motorsport-park,2026-07-12,202607121405_Race,87,81,24,66,1:18.961,6 Laps,,6,10,2
2026,15_Canadian Tire Motorsport Park,Canadian Tire Motorsport Park,canadian-tire-motorsport-park,2026-07-12,202607121405_Race,87,81,25,13,1:17.719,6 Laps,,6,10,2
2026,15_Canadian Tire Motorsport Park,Canadian Tire Motorsport Park,canadian-tire-motorsport-park,2026-07-12,202607121405_Race,87,39,26,11,1:08.914,48 Laps,,48,10,2
2026,15_Canadian Tire Motorsport Park,Canadian Tire Motorsport Park,canadian-tire-motorsport-park,2026-07-12,202607121405_Race,87,87,27,22,1:09.931,1:02.411,62.411,,10,2
2026,15_Canadian Tire Motorsport Park,Canadian Tire Motorsport Park,canadian-tire-motorsport-park,2026-07-12,202607121405_Race,87,82,28,14,1:17.335,5 Laps,,5,10,2
2026,15_Canadian Tire Motorsport Park,Canadian Tire Motorsport Park,canadian-tire-motorsport-park,2026-07-12,202607121405_Race,87,87,29,73,1:11.300,1:08.878,68.878,,10,2
2026,15_Canadian Tire Motorsport Park,Canadian Tire Motorsport Park,canadian-tire-motorsport-park,2026-07-12,202607121405_Race,88,88,1,52,1:10.184,,,,10,2
2026,15_Canadian Tire Motorsport Park,Canadian Tire Motorsport Park,canadian-tire-motorsport-park,2026-07-12,202607121405_Race,88,82,2,77,1:17.080,6 Laps,,6,10,2
2026,15_Canadian Tire Motorsport Park,Canadian Tire Motorsport Park,canadian-tire-motorsport-park,2026-07-12,202607121405_Race,88,82,3,1,1:17.784,6 Laps,,6,10,2
2026,15_Canadian Tire Motorsport Park,Canadian Tire Motorsport Park,canadian-tire-motorsport-park,2026-07-12,202607121405_Race,88,80,4,36,1:19.230,8 Laps,,8,10,2
2026,15_Canadian Tire Motorsport Park,Canadian Tire Motorsport Park,canadian-tire-motorsport-park,2026-07-12,202607121405_Race,88,82,5,4,1:17.104,6 Laps,,6,10,2
2026,15_Canadian Tire Motorsport Park,Canadian Tire Motorsport Park,canadian-tire-motorsport-park,2026-07-12,202607121405_Race,88,88,6,43,1:11.436,13.574,13.574,,10,2
2026,15_Canadian Tire Motorsport Park,Canadian Tire Motorsport Park,canadian-tire-motorsport-park,2026-07-12,202607121405_Race,88,82,7,65,1:17.363,6 Laps,,6,10,2
2026,15_Canadian Tire Motorsport Park,Canadian Tire Motorsport Park,canadian-tire-motorsport-park,2026-07-12,202607121405_Race,88,82,8,59,1:17.360,6 Laps,,6,10,2
2026,15_Canadian Tire Motorsport Park,Canadian Tire Motorsport Park,canadian-tire-motorsport-park,2026-07-12,202607121405_Race,88,88,9,04,1:11.559,18.289,18.289,,10,2
2026,15_Canadian Tire Motorsport Park,Canadian Tire Motorsport Park,canadian-tire-motorsport-park,2026-07-12,202607121405_Race,88,82,10,64,1:17.593,6 Laps,,6,10,2
2026,15_Canadian Tire Motorsport Park,Canadian Tire Motorsport Park,canadian-tire-motorsport-park,2026-07-12,202607121405_Race,88,82,11,9,1:17.304,6 Laps,,6,10,2
2026,15_Canadian Tire Motorsport Park,Canadian Tire Motorsport Park,canadian-tire-motorsport-park,2026-07-12,202607121405_Race,88,82,12,3,1:17.436,6 Laps,,6,10,2
2026,15_Canadian Tire Motorsport Park,Canadian Tire Motorsport Park,canadian-tire-motorsport-park,2026-07-12,202607121405_Race,88,88,13,99,1:11.258,22.370,22.370,,10,2
2026,15_Canadian Tire Motorsport Park,Canadian Tire Motorsport Park,canadian-tire-motorsport-park,2026-07-12,202607121405_Race,88,82,14,68,1:17.554,6 Laps,,6,10,2
2026,15_Canadian Tire Motorsport Park,Canadian Tire Motorsport Park,canadian-tire-motorsport-park,2026-07-12,202607121405_Race,88,78,15,2,1:12.195,10 Laps,,10,10,2
2026,15_Canadian Tire Motorsport Park,Canadian Tire Motorsport Park,canadian-tire-motorsport-park,2026-07-12,202607121405_Race,88,82,16,57,1:17.404,6 Laps,,6,10,2
2026,15_Canadian Tire Motorsport Park,Canadian Tire Motorsport Park,canadian-tire-motorsport-park,2026-07-12,202607121405_Race,88,82,17,12,1:17.267,6 Laps,,6,10,2
2026,15_Canadian Tire Motorsport Park,Canadian Tire Motorsport Park,canadian-tire-motorsport-park,2026-07-12,202607121405_Race,88,82,18,96,1:17.935,6 Laps,,6,10,2
2026,15_Canadian Tire Motorsport Park,Canadian Tire Motorsport Park,canadian-tire-motorsport-park,2026-07-12,202607121405_Race,88,78,19,8,1:11.109,10 Laps,,10,10,2
2026,15_Canadian Tire Motorsport Park,Canadian Tire Motorsport Park,canadian-tire-motorsport-park,2026-07-12,202607121405_Race,88,82,20,34,1:17.686,6 Laps,,6,10,3
2026,15_Canadian Tire Motorsport Park,Canadian Tire Motorsport Park,canadian-tire-motorsport-park,2026-07-12,202607121405_Race,88,82,21,45,1:18.021,6 Laps,,6,10,3
2026,15_Canadian Tire Motorsport Park,Canadian Tire Motorsport Park,canadian-tire-motorsport-park,2026-07-12,202607121405_Race,88,82,22,70,1:18.226,6 Laps,,6,10,3
2026,15_Canadian Tire Motorsport Park,Canadian Tire Motorsport Park,canadian-tire-motorsport-park,2026-07-12,202607121405_Race,88,82,23,16,1:17.609,6 Laps,,6,10,3
2026,15_Canadian Tire Motorsport Park,Canadian Tire Motorsport Park,canadian-tire-motorsport-park,2026-07-12,202607121405_Race,88,82,24,120,1:17.850,6 Laps,,6,10,3
2026,15_Canadian Tire Motorsport Park,Canadian Tire Motorsport Park,canadian-tire-motorsport-park,2026-07-12,202607121405_Race,88,82,25,81,1:17.610,6 Laps,,6,10,3
2026,15_Canadian Tire Motorsport Park,Canadian Tire Motorsport Park,canadian-tire-motorsport-park,2026-07-12,202607121405_Race,88,82,26,27,1:16.906,6 Laps,,6,10,3
2026,15_Canadian Tire Motorsport Park,Canadian Tire Motorsport Park,canadian-tire-motorsport-park,2026-07-12,202607121405_Race,88,40,27,11,1:10.774,48 Laps,,48,10,3
2026,15_Canadian Tire Motorsport Park,Canadian Tire Motorsport Park,canadian-tire-motorsport-park,2026-07-12,202607121405_Race,88,82,28,66,1:18.058,6 Laps,,6,10,3
2026,15_Canadian Tire Motorsport Park,Canadian Tire Motorsport Park,canadian-tire-motorsport-park,2026-07-12,202607121405_Race,88,82,29,13,1:17.899,6 Laps,,6,10,3
2026,15_Canadian Tire Motorsport Park,Canadian Tire Motorsport Park,canadian-tire-motorsport-park,2026-07-12,202607121405_Race,88,88,30,22,1:09.956,1:02.183,62.183,,10,3
2026,15_Canadian Tire Motorsport Park,Canadian Tire Motorsport Park,canadian-tire-motorsport-park,2026-07-12,202607121405_Race,88,88,31,73,1:10.282,1:08.976,68.976,,10,3
2026,15_Canadian Tire Motorsport Park,Canadian Tire Motorsport Park,canadian-tire-motorsport-park,2026-07-12,202607121405_Race,89,89,1,52,1:10.076,,,,10,3
2026,15_Canadian Tire Motorsport Park,Canadian Tire Motorsport Park,canadian-tire-motorsport-park,2026-07-12,202607121405_Race,89,83,2,14,1:17.419,6 Laps,,6,10,3
2026,15_Canadian Tire Motorsport Park,Canadian Tire Motorsport Park,canadian-tire-motorsport-park,2026-07-12,202607121405_Race,89,83,3,77,1:17.034,6 Laps,,6,10,3
2026,15_Canadian Tire Motorsport Park,Canadian Tire Motorsport Park,canadian-tire-motorsport-park,2026-07-12,202607121405_Race,89,83,4,1,1:16.911,6 Laps,,6,10,3
2026,15_Canadian Tire Motorsport Park,Canadian Tire Motorsport Park,canadian-tire-motorsport-park,2026-07-12,202607121405_Race,89,89,5,43,1:09.541,13.039,13.039,,10,3
2026,15_Canadian Tire Motorsport Park,Canadian Tire Motorsport Park,canadian-tire-motorsport-park,2026-07-12,202607121405_Race,89,81,6,36,1:17.625,8 Laps,,8,10,3
2026,15_Canadian Tire Motorsport Park,Canadian Tire Motorsport Park,canadian-tire-motorsport-park,2026-07-12,202607121405_Race,89,89,7,04,1:09.572,17.785,17.785,,10,3
2026,15_Canadian Tire Motorsport Park,Canadian Tire Motorsport Park,canadian-tire-motorsport-park,2026-07-12,202607121405_Race,89,83,8,4,1:17.537,6 Laps,,6,10,3
2026,15_Canadian Tire Motorsport Park,Canadian Tire Motorsport Park,canadian-tire-motorsport-park,2026-07-12,202607121405_Race,89,83,9,65,1:17.446,6 Laps,,6,10,3
2026,15_Canadian Tire Motorsport Park,Canadian Tire Motorsport Park,canadian-tire-motorsport-park,2026-07-12,202607121405_Race,89,89,10,99,1:12.019,24.313,24.313,,10,3
2026,15_Canadian Tire Motorsport Park,Canadian Tire Motorsport Park,canadian-tire-motorsport-park,2026-07-12,202607121405_Race,89,83,11,59,1:18.135,6 Laps,,6,10,3
2026,15_Canadian Tire Motorsport Park,Canadian Tire Motorsport Park,canadian-tire-motorsport-park,2026-07-12,202607121405_Race,89,83,12,64,1:17.897,6 Laps,,6,10,3
2026,15_Canadian Tire Motorsport Park,Canadian Tire Motorsport Park,canadian-tire-motorsport-park,2026-07-12,202607121405_Race,89,79,13,2,1:13.146,10 Laps,,10,10,3
2026,15_Canadian Tire Motorsport Park,Canadian Tire Motorsport Park,canadian-tire-motorsport-park,2026-07-12,202607121405_Race,89,83,14,9,1:17.797,6 Laps,,6,10,3
2026,15_Canadian Tire Motorsport Park,Canadian Tire Motorsport Park,canadian-tire-motorsport-park,2026-07-12,202607121405_Race,89,83,15,3,1:18.032,6 Laps,,6,10,3
2026,15_Canadian Tire Motorsport Park,Canadian Tire Motorsport Park,canadian-tire-motorsport-park,2026-07-12,202607121405_Race,89,83,16,68,1:17.955,6 Laps,,6,10,3
2026,15_Canadian Tire Motorsport Park,Canadian Tire Motorsport Park,canadian-tire-motorsport-park,2026-07-12,202607121405_Race,89,83,17,57,1:18.020,6 Laps,,6,10,3
2026,15_Canadian Tire Motorsport Park,Canadian Tire Motorsport Park,canadian-tire-motorsport-park,2026-07-12,202607121405_Race,89,83,18,12,1:17.685,6 Laps,,6,10,3
2026,15_Canadian Tire Motorsport Park,Canadian Tire Motorsport Park,canadian-tire-motorsport-park,2026-07-12,202607121405_Race,89,83,19,96,1:17.678,6 Laps,,6,10,3
2026,15_Canadian Tire Motorsport Park,Canadian Tire Motorsport Park,canadian-tire-motorsport-park,2026-07-12,202607121405_Race,89,83,20,34,1:17.581,6 Laps,,6,10,3
2026,15_Canadian Tire Motorsport Park,Canadian Tire Motorsport Park,canadian-tire-motorsport-park,2026-07-12,202607121405_Race,89,83,21,45,1:17.510,6 Laps,,6,10,3
2026,15_Canadian Tire Motorsport Park,Canadian Tire Motorsport Park,canadian-tire-motorsport-park,2026-07-12,202607121405_Race,89,79,22,8,1:22.091,10 Laps,,10,10,3
2026,15_Canadian Tire Motorsport Park,Canadian Tire Motorsport Park,canadian-tire-motorsport-park,2026-07-12,202607121405_Race,89,83,23,70,1:17.813,6 Laps,,6,10,3
2026,15_Canadian Tire Motorsport Park,Canadian Tire Motorsport Park,canadian-tire-motorsport-park,2026-07-12,202607121405_Race,89,83,24,16,1:18.526,6 Laps,,6,10,3
2026,15_Canadian Tire Motorsport Park,Canadian Tire Motorsport Park,canadian-tire-motorsport-park,2026-07-12,202607121405_Race,89,41,25,11,1:11.166,48 Laps,,48,10,3
2026,15_Canadian Tire Motorsport Park,Canadian Tire Motorsport Park,canadian-tire-motorsport-park,2026-07-12,202607121405_Race,89,83,26,120,1:18.067,6 Laps,,6,10,3
2026,15_Canadian Tire Motorsport Park,Canadian Tire Motorsport Park,canadian-tire-motorsport-park,2026-07-12,202607121405_Race,89,83,27,81,1:17.387,6 Laps,,6,10,3
2026,15_Canadian Tire Motorsport Park,Canadian Tire Motorsport Park,canadian-tire-motorsport-park,2026-07-12,202607121405_Race,89,83,28,27,1:17.246,6 Laps,,6,10,3
2026,15_Canadian Tire Motorsport Park,Canadian Tire Motorsport Park,canadian-tire-motorsport-park,2026-07-12,202607121405_Race,89,83,29,66,1:17.954,6 Laps,,6,10,3
2026,15_Canadian Tire Motorsport Park,Canadian Tire Motorsport Park,canadian-tire-motorsport-park,2026-07-12,202607121405_Race,89,83,30,13,1:17.859,6 Laps,,6,10,3
2026,15_Canadian Tire Motorsport Park,Canadian Tire Motorsport Park,canadian-tire-motorsport-park,2026-07-12,202607121405_Race,89,89,31,22,1:09.646,1:01.753,61.753,,10,3
2026,15_Canadian Tire Motorsport Park,Canadian Tire Motorsport Park,canadian-tire-motorsport-park,2026-07-12,202607121405_Race,89,89,32,73,1:09.348,1:08.248,68.248,,10,3
2026,15_Canadian Tire Motorsport Park,Canadian Tire Motorsport Park,canadian-tire-motorsport-park,2026-07-12,202607121405_Race,90,90,1,52,1:09.482,,,,10,3
2026,15_Canadian Tire Motorsport Park,Canadian Tire Motorsport Park,canadian-tire-motorsport-park,2026-07-12,202607121405_Race,90,84,2,14,1:16.892,6 Laps,,6,10,3
2026,15_Canadian Tire Motorsport Park,Canadian Tire Motorsport Park,canadian-tire-motorsport-park,2026-07-12,202607121405_Race,90,90,3,43,1:09.542,13.099,13.099,,10,3
2026,15_Canadian Tire Motorsport Park,Canadian Tire Motorsport Park,canadian-tire-motorsport-park,2026-07-12,202607121405_Race,90,84,4,77,1:17.141,6 Laps,,6,10,3
2026,15_Canadian Tire Motorsport Park,Canadian Tire Motorsport Park,canadian-tire-motorsport-park,2026-07-12,202607121405_Race,90,90,5,04,1:09.451,17.754,17.754,,10,3
2026,15_Canadian Tire Motorsport Park,Canadian Tire Motorsport Park,canadian-tire-motorsport-park,2026-07-12,202607121405_Race,90,84,6,1,1:17.382,6 Laps,,6,10,3
2026,15_Canadian Tire Motorsport Park,Canadian Tire Motorsport Park,canadian-tire-motorsport-park,2026-07-12,202607121405_Race,90,82,7,36,1:18.187,8 Laps,,8,10,3
2026,15_Canadian Tire Motorsport Park,Canadian Tire Motorsport Park,canadian-tire-motorsport-park,2026-07-12,202607121405_Race,90,90,8,99,1:10.937,25.768,25.768,,10,3
2026,15_Canadian Tire Motorsport Park,Canadian Tire Motorsport Park,canadian-tire-motorsport-park,2026-07-12,202607121405_Race,90,84,9,4,1:17.384,6 Laps,,6,10,3
2026,15_Canadian Tire Motorsport Park,Canadian Tire Motorsport Park,canadian-tire-motorsport-park,2026-07-12,202607121405_Race,90,80,10,2,1:11.408,10 Laps,,10,10,3
2026,15_Canadian Tire Motorsport Park,Canadian Tire Motorsport Park,canadian-tire-motorsport-park,2026-07-12,202607121405_Race,90,84,11,65,1:17.712,6 Laps,,6,10,3
2026,15_Canadian Tire Motorsport Park,Canadian Tire Motorsport Park,canadian-tire-motorsport-park,2026-07-12,202607121405_Race,90,84,12,59,1:18.106,6 Laps,,6,10,4
2026,15_Canadian Tire Motorsport Park,Canadian Tire Motorsport Park,canadian-tire-motorsport-park,2026-07-12,202607121405_Race,90,84,13,64,1:17.589,6 Laps,,6,10,4
2026,15_Canadian Tire Motorsport Park,Canadian Tire Motorsport Park,canadian-tire-motorsport-park,2026-07-12,202607121405_Race,90,84,14,9,1:17.595,6 Laps,,6,10,4
2026,15_Canadian Tire Motorsport Park,Canadian Tire Motorsport Park,canadian-tire-motorsport-park,2026-07-12,202607121405_Race,90,84,15,3,1:17.167,6 Laps,,6,10,4
2026,15_Canadian Tire Motorsport Park,Canadian Tire Motorsport Park,canadian-tire-motorsport-park,2026-07-12,202607121405_Race,90,84,16,68,1:17.211,6 Laps,,6,10,4
2026,15_Canadian Tire Motorsport Park,Canadian Tire Motorsport Park,canadian-tire-motorsport-park,2026-07-12,202607121405_Race,90,84,17,57,1:17.692,6 Laps,,6,10,4
2026,15_Canadian Tire Motorsport Park,Canadian Tire Motorsport Park,canadian-tire-motorsport-park,2026-07-12,202607121405_Race,90,84,18,12,1:17.659,6 Laps,,6,10,4
2026,15_Canadian Tire Motorsport Park,Canadian Tire Motorsport Park,canadian-tire-motorsport-park,2026-07-12,202607121405_Race,90,84,19,96,1:17.513,6 Laps,,6,10,4
2026,15_Canadian Tire Motorsport Park,Canadian Tire Motorsport Park,canadian-tire-motorsport-park,2026-07-12,202607121405_Race,90,84,20,34,1:17.620,6 Laps,,6,10,4
2026,15_Canadian Tire Motorsport Park,Canadian Tire Motorsport Park,canadian-tire-motorsport-park,2026-07-12,202607121405_Race,90,84,21,45,1:17.411,6 Laps,,6,10,4
2026,15_Canadian Tire Motorsport Park,Canadian Tire Motorsport Park,canadian-tire-motorsport-park,2026-07-12,202607121405_Race,90,42,22,11,1:10.552,48 Laps,,48,10,4
2026,15_Canadian Tire Motorsport Park,Canadian Tire Motorsport Park,canadian-tire-motorsport-park,2026-07-12,202607121405_Race,90,84,23,70,1:18.143,6 Laps,,6,10,4
2026,15_Canadian Tire Motorsport Park,Canadian Tire Motorsport Park,canadian-tire-motorsport-park,2026-07-12,202607121405_Race,90,84,24,16,1:18.080,6 Laps,,6,10,4
2026,15_Canadian Tire Motorsport Park,Canadian Tire Motorsport Park,canadian-tire-motorsport-park,2026-07-12,202607121405_Race,90,84,25,120,1:18.506,6 Laps,,6,10,4
2026,15_Canadian Tire Motorsport Park,Canadian Tire Motorsport Park,canadian-tire-motorsport-park,2026-07-12,202607121405_Race,90,84,26,81,1:17.609,6 Laps,,6,10,4
2026,15_Canadian Tire Motorsport Park,Canadian Tire Motorsport Park,canadian-tire-motorsport-park,2026-07-12,202607121405_Race,90,84,27,27,1:17.142,6 Laps,,6,10,4
2026,15_Canadian Tire Motorsport Park,Canadian Tire Motorsport Park,canadian-tire-motorsport-park,2026-07-12,202607121405_Race,90,90,28,22,1:10.768,1:03.039,63.039,,10,4
2026,15_Canadian Tire Motorsport Park,Canadian Tire Motorsport Park,canadian-tire-motorsport-park,2026-07-12,202607121405_Race,90,84,29,66,1:17.995,6 Laps,,6,10,4
2026,15_Canadian Tire Motorsport Park,Canadian Tire Motorsport Park,canadian-tire-motorsport-park,2026-07-12,202607121405_Race,90,84,30,13,1:18.412,6 Laps,,6,10,4
2026,15_Canadian Tire Motorsport Park,Canadian Tire Motorsport Park,canadian-tire-motorsport-park,2026-07-12,202607121405_Race,90,90,31,73,1:09.255,1:08.021,68.021,,10,4
2026,15_Canadian Tire Motorsport Park,Canadian Tire Motorsport Park,canadian-tire-motorsport-park,2026-07-12,202607121405_Race,91,91,1,52,1:18.435,,,,10,4
2026,15_Canadian Tire Motorsport Park,Canadian Tire Motorsport Park,canadian-tire-motorsport-park,2026-07-12,202607121405_Race,91,91,2,43,1:09.195,3.859,3.859,,10,4
2026,15_Canadian Tire Motorsport Park,Canadian Tire Motorsport Park,canadian-tire-motorsport-park,2026-07-12,202607121405_Race,91,91,3,04,1:10.061,9.380,9.380,,10,4
2026,15_Canadian Tire Motorsport Park,Canadian Tire Motorsport Park,canadian-tire-motorsport-park,2026-07-12,202607121405_Race,91,85,4,14,1:17.272,6 Laps,,6,10,4
2026,15_Canadian Tire Motorsport Park,Canadian Tire Motorsport Park,canadian-tire-motorsport-park,2026-07-12,202607121405_Race,91,85,5,77,1:17.349,6 Laps,,6,10,4
2026,15_Canadian Tire Motorsport Park,Canadian Tire Motorsport Park,canadian-tire-motorsport-park,2026-07-12,202607121405_Race,91,91,6,99,1:10.820,18.153,18.153,,10,4
2026,15_Canadian Tire Motorsport Park,Canadian Tire Motorsport Park,canadian-tire-motorsport-park,2026-07-12,202607121405_Race,91,85,7,1,1:17.328,6 Laps,,6,10,4
2026,15_Canadian Tire Motorsport Park,Canadian Tire Motorsport Park,canadian-tire-motorsport-park,2026-07-12,202607121405_Race,91,80,8,8,2:05.374,11 Laps,,11,10,4
2026,15_Canadian Tire Motorsport Park,Canadian Tire Motorsport Park,canadian-tire-motorsport-park,2026-07-12,202607121405_Race,91,83,9,36,1:17.829,8 Laps,,8,10,4
2026,15_Canadian Tire Motorsport Park,Canadian Tire Motorsport Park,canadian-tire-motorsport-park,2026-07-12,202607121405_Race,91,85,10,4,1:17.462,6 Laps,,6,10,4
2026,15_Canadian Tire Motorsport Park,Canadian Tire Motorsport Park,canadian-tire-motorsport-park,2026-07-12,202607121405_Race,91,85,11,65,1:17.562,6 Laps,,6,10,4
2026,15_Canadian Tire Motorsport Park,Canadian Tire Motorsport Park,canadian-tire-motorsport-park,2026-07-12,202607121405_Race,91,81,12,2,1:20.570,10 Laps,,10,10,4
2026,15_Canadian Tire Motorsport Park,Canadian Tire Motorsport Park,canadian-tire-motorsport-park,2026-07-12,202607121405_Race,91,85,13,59,1:17.534,6 Laps,,6,10,4
2026,15_Canadian Tire Motorsport Park,Canadian Tire Motorsport Park,canadian-tire-motorsport-park,2026-07-12,202607121405_Race,91,85,14,64,1:17.565,6 Laps,,6,10,4
2026,15_Canadian Tire Motorsport Park,Canadian Tire Motorsport Park,canadian-tire-motorsport-park,2026-07-12,202607121405_Race,91,85,15,9,1:17.539,6 Laps,,6,10,4
2026,15_Canadian Tire Motorsport Park,Canadian Tire Motorsport Park,canadian-tire-motorsport-park,2026-07-12,202607121405_Race,91,85,16,3,1:17.205,6 Laps,,6,10,4
2026,15_Canadian Tire Motorsport Park,Canadian Tire Motorsport Park,canadian-tire-motorsport-park,2026-07-12,202607121405_Race,91,85,17,68,1:17.213,6 Laps,,6,10,4
2026,15_Canadian Tire Motorsport Park,Canadian Tire Motorsport Park,canadian-tire-motorsport-park,2026-07-12,202607121405_Race,91,85,18,57,1:17.514,6 Laps,,6,10,4
2026,15_Canadian Tire Motorsport Park,Canadian Tire Motorsport Park,canadian-tire-motorsport-park,2026-07-12,202607121405_Race,91,85,19,12,1:17.456,6 Laps,,6,10,4
2026,15_Canadian Tire Motorsport Park,Canadian Tire Motorsport Park,canadian-tire-motorsport-park,2026-07-12,202607121405_Race,91,43,20,11,1:12.251,48 Laps,,48,10,4
2026,15_Canadian Tire Motorsport Park,Canadian Tire Motorsport Park,canadian-tire-motorsport-park,2026-07-12,202607121405_Race,91,85,21,96,1:17.448,6 Laps,,6,10,4
2026,15_Canadian Tire Motorsport Park,Canadian Tire Motorsport Park,canadian-tire-motorsport-park,2026-07-12,202607121405_Race,91,85,22,34,1:17.763,6 Laps,,6,10,4
2026,15_Canadian Tire Motorsport Park,Canadian Tire Motorsport Park,canadian-tire-motorsport-park,2026-07-12,202607121405_Race,91,85,23,45,1:17.976,6 Laps,,6,10,4
2026,15_Canadian Tire Motorsport Park,Canadian Tire Motorsport Park,canadian-tire-motorsport-park,2026-07-12,202607121405_Race,91,85,24,70,1:17.973,6 Laps,,6,10,4
2026,15_Canadian Tire Motorsport Park,Canadian Tire Motorsport Park,canadian-tire-motorsport-park,2026-07-12,202607121405_Race,91,85,25,16,1:17.599,6 Laps,,6,10,4
2026,15_Canadian Tire Motorsport Park,Canadian Tire Motorsport Park,canadian-tire-motorsport-park,2026-07-12,202607121405_Race,91,91,26,22,1:11.551,56.155,56.155,,10,4
2026,15_Canadian Tire Motorsport Park,Canadian Tire Motorsport Park,canadian-tire-motorsport-park,2026-07-12,202607121405_Race,91,85,27,120,1:17.726,6 Laps,,6,10,4
2026,15_Canadian Tire Motorsport Park,Canadian Tire Motorsport Park,canadian-tire-motorsport-park,2026-07-12,202607121405_Race,91,85,28,81,1:17.851,6 Laps,,6,10,4
2026,15_Canadian Tire Motorsport Park,Canadian Tire Motorsport Park,canadian-tire-motorsport-park,2026-07-12,202607121405_Race,91,85,29,27,1:17.118,6 Laps,,6,10,4
2026,15_Canadian Tire Motorsport Park,Canadian Tire Motorsport Park,canadian-tire-motorsport-park,2026-07-12,202607121405_Race,91,91,30,73,1:11.318,1:00.904,60.904,,10,4
2026,15_Canadian Tire Motorsport Park,Canadian Tire Motorsport Park,canadian-tire-motorsport-park,2026-07-12,202607121405_Race,91,85,31,66,1:17.922,6 Laps,,6,10,4
2026,15_Canadian Tire Motorsport Park,Canadian Tire Motorsport Park,canadian-tire-motorsport-park,2026-07-12,202607121405_Race,91,85,32,13,1:18.260,6 Laps,,6,10,4
2026,15_Canadian Tire Motorsport Park,Canadian Tire Motorsport Park,canadian-tire-motorsport-park,2026-07-12,202607121405_Race,92,92,1,43,1:08.821,,,,10,4
2026,15_Canadian Tire Motorsport Park,Canadian Tire Motorsport Park,canadian-tire-motorsport-park,2026-07-12,202607121405_Race,92,92,2,04,1:08.900,5.600,5.600,,10,4
2026,15_Canadian Tire Motorsport Park,Canadian Tire Motorsport Park,canadian-tire-motorsport-park,2026-07-12,202607121405_Race,92,86,3,14,1:16.904,6 Laps,,6,10,4
2026,15_Canadian Tire Motorsport Park,Canadian Tire Motorsport Park,canadian-tire-motorsport-park,2026-07-12,202607121405_Race,92,92,4,99,1:09.752,15.225,15.225,,10,5
2026,15_Canadian Tire Motorsport Park,Canadian Tire Motorsport Park,canadian-tire-motorsport-park,2026-07-12,202607121405_Race,92,81,5,8,1:10.036,11 Laps,,11,10,5
2026,15_Canadian Tire Motorsport Park,Canadian Tire Motorsport Park,canadian-tire-motorsport-park,2026-07-12,202607121405_Race,92,86,6,77,1:17.603,6 Laps,,6,10,5
2026,15_Canadian Tire Motorsport Park,Canadian Tire Motorsport Park,canadian-tire-motorsport-park,2026-07-12,202607121405_Race,92,86,7,1,1:17.201,6 Laps,,6,10,5
2026,15_Canadian Tire Motorsport Park,Canadian Tire Motorsport Park,canadian-tire-motorsport-park,2026-07-12,202607121405_Race,92,84,8,36,1:17.765,8 Laps,,8,10,5
2026,15_Canadian Tire Motorsport Park,Canadian Tire Motorsport Park,canadian-tire-motorsport-park,2026-07-12,202607121405_Race,92,86,9,4,1:17.106,6 Laps,,6,10,5
2026,15_Canadian Tire Motorsport Park,Canadian Tire Motorsport Park,canadian-tire-motorsport-park,2026-07-12,202607121405_Race,92,86,10,65,1:17.312,6 Laps,,6,10,5
2026,15_Canadian Tire Motorsport Park,Canadian Tire Motorsport Park,canadian-tire-motorsport-park,2026-07-12,202607121405_Race,92,86,11,59,1:17.104,6 Laps,,6,10,5
2026,15_Canadian Tire Motorsport Park,Canadian Tire Motorsport Park,canadian-tire-motorsport-park,2026-07-12,202607121405_Race,92,86,12,64,1:17.350,6 Laps,,6,10,5
2026,15_Canadian Tire Motorsport Park,Canadian Tire Motorsport Park,canadian-tire-motorsport-park,2026-07-12,202607121405_Race,92,86,13,9,1:17.198,6 Laps,,6,10,5
2026,15_Canadian Tire Motorsport Park,Canadian Tire Motorsport Park,canadian-tire-motorsport-park,2026-07-12,202607121405_Race,92,86,14,3,1:17.133,6 Laps,,6,10,5
2026,15_Canadian Tire Motorsport Park,Canadian Tire Motorsport Park,canadian-tire-motorsport-park,2026-07-12,202607121405_Race,92,44,15,11,1:11.353,48 Laps,,48,10,5
2026,15_Canadian Tire Motorsport Park,Canadian Tire Motorsport Park,canadian-tire-motorsport-park,2026-07-12,202607121405_Race,92,86,16,68,1:17.475,6 Laps,,6,10,5
2026,15_Canadian Tire Motorsport Park,Canadian Tire Motorsport Park,canadian-tire-motorsport-park,2026-07-12,202607121405_Race,92,86,17,57,1:17.911,6 Laps,,6,10,5
2026,15_Canadian Tire Motorsport Park,Canadian Tire Motorsport Park,canadian-tire-motorsport-park,2026-07-12,202607121405_Race,92,86,18,12,1:17.911,6 Laps,,6,10,5
2026,15_Canadian Tire Motorsport Park,Canadian Tire Motorsport Park,canadian-tire-motorsport-park,2026-07-12,202607121405_Race,92,86,19,96,1:17.347,6 Laps,,6,10,5
2026,15_Canadian Tire Motorsport Park,Canadian Tire Motorsport Park,canadian-tire-motorsport-park,2026-07-12,202607121405_Race,92,92,20,52,2:02.543,49.863,49.863,,10,5
2026,15_Canadian Tire Motorsport Park,Canadian Tire Motorsport Park,canadian-tire-motorsport-park,2026-07-12,202607121405_Race,92,86,21,34,1:17.713,6 Laps,,6,10,5
2026,15_Canadian Tire Motorsport Park,Canadian Tire Motorsport Park,canadian-tire-motorsport-park,2026-07-12,202607121405_Race,92,86,22,45,1:17.624,6 Laps,,6,10,5
2026,15_Canadian Tire Motorsport Park,Canadian Tire Motorsport Park,canadian-tire-motorsport-park,2026-07-12,202607121405_Race,92,92,23,22,1:11.241,54.716,54.716,,10,5
2026,15_Canadian Tire Motorsport Park,Canadian Tire Motorsport Park,canadian-tire-motorsport-park,2026-07-12,202607121405_Race,92,86,24,70,1:18.028,6 Laps,,6,10,5
2026,15_Canadian Tire Motorsport Park,Canadian Tire Motorsport Park,canadian-tire-motorsport-park,2026-07-12,202607121405_Race,92,86,25,16,1:17.403,6 Laps,,6,10,5
2026,15_Canadian Tire Motorsport Park,Canadian Tire Motorsport Park,canadian-tire-motorsport-park,2026-07-12,202607121405_Race,92,92,26,73,1:12.693,1:00.917,60.917,,10,5
2026,15_Canadian Tire Motorsport Park,Canadian Tire Motorsport Park,canadian-tire-motorsport-park,2026-07-12,202607121405_Race,92,86,27,120,1:17.634,6 Laps,,6,10,5
2026,15_Canadian Tire Motorsport Park,Canadian Tire Motorsport Park,canadian-tire-motorsport-park,2026-07-12,202607121405_Race,92,86,28,81,1:17.713,6 Laps,,6,10,5
2026,15_Canadian Tire Motorsport Park,Canadian Tire Motorsport Park,canadian-tire-motorsport-park,2026-07-12,202607121405_Race,92,86,29,27,1:17.229,6 Laps,,6,10,5
2026,15_Canadian Tire Motorsport Park,Canadian Tire Motorsport Park,canadian-tire-motorsport-park,2026-07-12,202607121405_Race,92,82,30,2,1:46.651,10 Laps,,10,10,5
2026,15_Canadian Tire Motorsport Park,Canadian Tire Motorsport Park,canadian-tire-motorsport-park,2026-07-12,202607121405_Race,93,93,1,43,1:10.545,,,,10,5
2026,15_Canadian Tire Motorsport Park,Canadian Tire Motorsport Park,canadian-tire-motorsport-park,2026-07-12,202607121405_Race,93,86,2,66,1:18.497,7 Laps,,7,10,5
2026,15_Canadian Tire Motorsport Park,Canadian Tire Motorsport Park,canadian-tire-motorsport-park,2026-07-12,202607121405_Race,93,93,3,04,1:09.149,4.204,4.204,,10,5
2026,15_Canadian Tire Motorsport Park,Canadian Tire Motorsport Park,canadian-tire-motorsport-park,2026-07-12,202607121405_Race,93,86,4,13,1:23.372,7 Laps,,7,10,5
2026,15_Canadian Tire Motorsport Park,Canadian Tire Motorsport Park,canadian-tire-motorsport-park,2026-07-12,202607121405_Race,93,93,5,99,1:09.230,13.910,13.910,,10,5
2026,15_Canadian Tire Motorsport Park,Canadian Tire Motorsport Park,canadian-tire-motorsport-park,2026-07-12,202607121405_Race,93,82,6,8,1:10.182,11 Laps,,11,10,5
2026,15_Canadian Tire Motorsport Park,Canadian Tire Motorsport Park,canadian-tire-motorsport-park,2026-07-12,202607121405_Race,93,87,7,14,1:17.156,6 Laps,,6,10,5
2026,15_Canadian Tire Motorsport Park,Canadian Tire Motorsport Park,canadian-tire-motorsport-park,2026-07-12,202607121405_Race,93,87,8,77,1:17.332,6 Laps,,6,10,5
2026,15_Canadian Tire Motorsport Park,Canadian Tire Motorsport Park,canadian-tire-motorsport-park,2026-07-12,202607121405_Race,93,87,9,1,1:17.329,6 Laps,,6,10,5
2026,15_Canadian Tire Motorsport Park,Canadian Tire Motorsport Park,canadian-tire-motorsport-park,2026-07-12,202607121405_Race,93,85,10,36,1:17.867,8 Laps,,8,10,5
2026,15_Canadian Tire Motorsport Park,Canadian Tire Motorsport Park,canadian-tire-motorsport-park,2026-07-12,202607121405_Race,93,87,11,4,1:17.206,6 Laps,,6,10,5
2026,15_Canadian Tire Motorsport Park,Canadian Tire Motorsport Park,canadian-tire-motorsport-park,2026-07-12,202607121405_Race,93,87,12,65,1:17.336,6 Laps,,6,10,5
2026,15_Canadian Tire Motorsport Park,Canadian Tire Motorsport Park,canadian-tire-motorsport-park,2026-07-12,202607121405_Race,93,45,13,11,1:12.434,48 Laps,,48,10,5
2026,15_Canadian Tire Motorsport Park,Canadian Tire Motorsport Park,canadian-tire-motorsport-park,2026-07-12,202607121405_Race,93,87,14,59,1:17.501,6 Laps,,6,10,5
2026,15_Canadian Tire Motorsport Park,Canadian Tire Motorsport Park,canadian-tire-motorsport-park,2026-07-12,202607121405_Race,93,87,15,64,1:17.175,6 Laps,,6,10,5
2026,15_Canadian Tire Motorsport Park,Canadian Tire Motorsport Park,canadian-tire-motorsport-park,2026-07-12,202607121405_Race,93,87,16,9,1:17.417,6 Laps,,6,10,5
2026,15_Canadian Tire Motorsport Park,Canadian Tire Motorsport Park,canadian-tire-motorsport-park,2026-07-12,202607121405_Race,93,87,17,3,1:17.354,6 Laps,,6,10,5
2026,15_Canadian Tire Motorsport Park,Canadian Tire Motorsport Park,canadian-tire-motorsport-park,2026-07-12,202607121405_Race,93,87,18,68,1:17.249,6 Laps,,6,10,5
2026,15_Canadian Tire Motorsport Park,Canadian Tire Motorsport Park,canadian-tire-motorsport-park,2026-07-12,202607121405_Race,93,93,19,52,1:12.741,52.059,52.059,,10,5
2026,15_Canadian Tire Motorsport Park,Canadian Tire Motorsport Park,canadian-tire-motorsport-park,2026-07-12,202607121405_Race,93,87,20,57,1:17.585,6 Laps,,6,10,5
2026,15_Canadian Tire Motorsport Park,Canadian Tire Motorsport Park,canadian-tire-motorsport-park,2026-07-12,202607121405_Race,93,87,21,12,1:17.897,6 Laps,,6,10,5
2026,15_Canadian Tire Motorsport Park,Canadian Tire Motorsport Park,canadian-tire-motorsport-park,2026-07-12,202607121405_Race,93,93,22,22,1:10.939,55.110,55.110,,10,5
2026,15_Canadian Tire Motorsport Park,Canadian Tire Motorsport Park,canadian-tire-motorsport-park,2026-07-12,202607121405_Race,93,87,23,96,1:17.636,6 Laps,,6,10,5
2026,15_Canadian Tire Motorsport Park,Canadian Tire Motorsport Park,canadian-tire-motorsport-park,2026-07-12,202607121405_Race,93,87,24,34,1:17.565,6 Laps,,6,10,5
2026,15_Canadian Tire Motorsport Park,Canadian Tire Motorsport Park,canadian-tire-motorsport-park,2026-07-12,202607121405_Race,93,87,25,45,1:17.749,6 Laps,,6,10,5
2026,15_Canadian Tire Motorsport Park,Canadian Tire Motorsport Park,canadian-tire-motorsport-park,2026-07-12,202607121405_Race,93,93,26,73,1:11.159,1:01.531,61.531,,10,5
2026,15_Canadian Tire Motorsport Park,Canadian Tire Motorsport Park,canadian-tire-motorsport-park,2026-07-12,202607121405_Race,93,87,27,70,1:18.046,6 Laps,,6,10,5
2026,15_Canadian Tire Motorsport Park,Canadian Tire Motorsport Park,canadian-tire-motorsport-park,2026-07-12,202607121405_Race,93,87,28,16,1:17.871,6 Laps,,6,10,5
2026,15_Canadian Tire Motorsport Park,Canadian Tire Motorsport Park,canadian-tire-motorsport-park,2026-07-12,202607121405_Race,93,83,29,2,1:13.409,10 Laps,,10,10,5
2026,15_Canadian Tire Motorsport Park,Canadian Tire Motorsport Park,canadian-tire-motorsport-park,2026-07-12,202607121405_Race,93,87,30,120,1:17.955,6 Laps,,6,10,5
2026,15_Canadian Tire Motorsport Park,Canadian Tire Motorsport Park,canadian-tire-motorsport-park,2026-07-12,202607121405_Race,93,87,31,81,1:17.674,6 Laps,,6,11,1
2026,15_Canadian Tire Motorsport Park,Canadian Tire Motorsport Park,canadian-tire-motorsport-park,2026-07-12,202607121405_Race,94,94,1,43,1:09.321,,,,11,1
2026,15_Canadian Tire Motorsport Park,Canadian Tire Motorsport Park,canadian-tire-motorsport-park,2026-07-12,202607121405_Race,94,87,2,27,1:17.089,7 Laps,,7,11,1
2026,15_Canadian Tire Motorsport Park,Canadian Tire Motorsport Park,canadian-tire-motorsport-park,2026-07-12,202607121405_Race,94,94,3,04,1:09.634,4.517,4.517,,11,1
2026,15_Canadian Tire Motorsport Park,Canadian Tire Motorsport Park,canadian-tire-motorsport-park,2026-07-12,202607121405_Race,94,87,4,66,1:18.374,7 Laps,,7,11,1
2026,15_Canadian Tire Motorsport Park,Canadian Tire Motorsport Park,canadian-tire-motorsport-park,2026-07-12,202607121405_Race,94,94,5,99,1:09.038,13.627,13.627,,11,1
2026,15_Canadian Tire Motorsport Park,Canadian Tire Motorsport Park,canadian-tire-motorsport-park,2026-07-12,202607121405_Race,94,83,6,8,1:09.612,11 Laps,,11,11,1
2026,15_Canadian Tire Motorsport Park,Canadian Tire Motorsport Park,canadian-tire-motorsport-park,2026-07-12,202607121405_Race,94,87,7,13,1:19.066,7 Laps,,7,11,1
2026,15_Canadian Tire Motorsport Park,Canadian Tire Motorsport Park,canadian-tire-motorsport-park,2026-07-12,202607121405_Race,94,88,8,14,1:16.906,6 Laps,,6,11,1
2026,15_Canadian Tire Motorsport Park,Canadian Tire Motorsport Park,canadian-tire-motorsport-park,2026-07-12,202607121405_Race,94,88,9,77,1:17.091,6 Laps,,6,11,1
2026,15_Canadian Tire Motorsport Park,Canadian Tire Motorsport Park,canadian-tire-motorsport-park,2026-07-12,202607121405_Race,94,88,10,1,1:17.019,6 Laps,,6,11,1
2026,15_Canadian Tire Motorsport Park,Canadian Tire Motorsport Park,canadian-tire-motorsport-park,2026-07-12,202607121405_Race,94,86,11,36,1:17.711,8 Laps,,8,11,1
2026,15_Canadian Tire Motorsport Park,Canadian Tire Motorsport Park,canadian-tire-motorsport-park,2026-07-12,202607121405_Race,94,46,12,11,1:09.526,48 Laps,,48,11,1
2026,15_Canadian Tire Motorsport Park,Canadian Tire Motorsport Park,canadian-tire-motorsport-park,2026-07-12,202607121405_Race,94,88,13,4,1:17.394,6 Laps,,6,11,1
2026,15_Canadian Tire Motorsport Park,Canadian Tire Motorsport Park,canadian-tire-motorsport-park,2026-07-12,202607121405_Race,94,88,14,65,1:17.385,6 Laps,,6,11,1
2026,15_Canadian Tire Motorsport Park,Canadian Tire Motorsport Park,canadian-tire-motorsport-park,2026-07-12,202607121405_Race,94,88,15,59,1:17.415,6 Laps,,6,11,1
2026,15_Canadian Tire Motorsport Park,Canadian Tire Motorsport Park,canadian-tire-motorsport-park,2026-07-12,202607121405_Race,94,88,16,64,1:17.367,6 Laps,,6,11,1
2026,15_Canadian Tire Motorsport Park,Canadian Tire Motorsport Park,canadian-tire-motorsport-park,2026-07-12,202607121405_Race,94,88,17,9,1:17.175,6 Laps,,6,11,1
2026,15_Canadian Tire Motorsport Park,Canadian Tire Motorsport Park,canadian-tire-motorsport-park,2026-07-12,202607121405_Race,94,94,18,52,1:12.862,55.600,55.600,,11,1
2026,15_Canadian Tire Motorsport Park,Canadian Tire Motorsport Park,canadian-tire-motorsport-park,2026-07-12,202607121405_Race,94,88,19,3,1:17.397,6 Laps,,6,11,1
2026,15_Canadian Tire Motorsport Park,Canadian Tire Motorsport Park,canadian-tire-motorsport-park,2026-07-12,202607121405_Race,94,88,20,68,1:17.323,6 Laps,,6,11,1
2026,15_Canadian Tire Motorsport Park,Canadian Tire Motorsport Park,canadian-tire-motorsport-park,2026-07-12,202607121405_Race,94,94,21,22,1:11.138,56.927,56.927,,11,1
2026,15_Canadian Tire Motorsport Park,Canadian Tire Motorsport Park,canadian-tire-motorsport-park,2026-07-12,202607121405_Race,94,88,22,57,1:17.490,6 Laps,,6,11,1
2026,15_Canadian Tire Motorsport Park,Canadian Tire Motorsport Park,canadian-tire-motorsport-park,2026-07-12,202607121405_Race,94,88,23,12,1:17.849,6 Laps,,6,11,1
2026,15_Canadian Tire Motorsport Park,Canadian Tire Motorsport Park,canadian-tire-motorsport-park,2026-07-12,202607121405_Race,94,94,24,73,1:10.993,1:03.203,63.203,,11,1
2026,15_Canadian Tire Motorsport Park,Canadian Tire Motorsport Park,canadian-tire-motorsport-park,2026-07-12,202607121405_Race,94,88,25,96,1:17.873,6 Laps,,6,11,1
2026,15_Canadian Tire Motorsport Park,Canadian Tire Motorsport Park,canadian-tire-motorsport-park,2026-07-12,202607121405_Race,94,88,26,34,1:17.629,6 Laps,,6,11,1
2026,15_Canadian Tire Motorsport Park,Canadian Tire Motorsport Park,canadian-tire-motorsport-park,2026-07-12,202607121405_Race,94,88,27,45,1:17.816,6 Laps,,6,11,1
2026,15_Canadian Tire Motorsport Park,Canadian Tire Motorsport Park,canadian-tire-motorsport-park,2026-07-12,202607121405_Race,95,95,1,43,1:10.944,,,,11,1
2026,15_Canadian Tire Motorsport Park,Canadian Tire Motorsport Park,canadian-tire-motorsport-park,2026-07-12,202607121405_Race,95,84,2,2,1:12.757,11 Laps,,11,11,1
2026,15_Canadian Tire Motorsport Park,Canadian Tire Motorsport Park,canadian-tire-motorsport-park,2026-07-12,202607121405_Race,95,95,3,04,1:10.380,3.953,3.953,,11,1
2026,15_Canadian Tire Motorsport Park,Canadian Tire Motorsport Park,canadian-tire-motorsport-park,2026-07-12,202607121405_Race,95,88,4,70,1:18.598,7 Laps,,7,11,1
2026,15_Canadian Tire Motorsport Park,Canadian Tire Motorsport Park,canadian-tire-motorsport-park,2026-07-12,202607121405_Race,95,88,5,16,1:18.516,7 Laps,,7,11,1
2026,15_Canadian Tire Motorsport Park,Canadian Tire Motorsport Park,canadian-tire-motorsport-park,2026-07-12,202607121405_Race,95,88,6,120,1:17.908,7 Laps,,7,11,1
2026,15_Canadian Tire Motorsport Park,Canadian Tire Motorsport Park,canadian-tire-motorsport-park,2026-07-12,202607121405_Race,95,88,7,81,1:18.368,7 Laps,,7,11,1
2026,15_Canadian Tire Motorsport Park,Canadian Tire Motorsport Park,canadian-tire-motorsport-park,2026-07-12,202607121405_Race,95,88,8,27,1:16.889,7 Laps,,7,11,1
2026,15_Canadian Tire Motorsport Park,Canadian Tire Motorsport Park,canadian-tire-motorsport-park,2026-07-12,202607121405_Race,95,95,9,99,1:09.320,12.003,12.003,,11,1
2026,15_Canadian Tire Motorsport Park,Canadian Tire Motorsport Park,canadian-tire-motorsport-park,2026-07-12,202607121405_Race,95,84,10,8,1:10.190,11 Laps,,11,11,1
2026,15_Canadian Tire Motorsport Park,Canadian Tire Motorsport Park,canadian-tire-motorsport-park,2026-07-12,202607121405_Race,95,88,11,66,1:18.186,7 Laps,,7,11,1
2026,15_Canadian Tire Motorsport Park,Canadian Tire Motorsport Park,canadian-tire-motorsport-park,2026-07-12,202607121405_Race,95,88,12,13,1:18.724,7 Laps,,7,11,1
2026,15_Canadian Tire Motorsport Park,Canadian Tire Motorsport Park,canadian-tire-motorsport-park,2026-07-12,202607121405_Race,95,89,13,14,1:16.847,6 Laps,,6,11,1
2026,15_Canadian Tire Motorsport Park,Canadian Tire Motorsport Park,canadian-tire-motorsport-park,2026-07-12,202607121405_Race,95,89,14,77,1:17.114,6 Laps,,6,11,1
2026,15_Canadian Tire Motorsport Park,Canadian Tire Motorsport Park,canadian-tire-motorsport-park,2026-07-12,202607121405_Race,95,47,15,11,1:10.876,48 Laps,,48,11,1
2026,15_Canadian Tire Motorsport Park,Canadian Tire Motorsport Park,canadian-tire-motorsport-park,2026-07-12,202607121405_Race,95,89,16,1,1:17.408,6 Laps,,6,11,1
2026,15_Canadian Tire Motorsport Park,Canadian Tire Motorsport Park,canadian-tire-motorsport-park,2026-07-12,202607121405_Race,95,87,17,36,1:18.067,8 Laps,,8,11,1
2026,15_Canadian Tire Motorsport Park,Canadian Tire Motorsport Park,canadian-tire-motorsport-park,2026-07-12,202607121405_Race,95,89,18,4,1:17.341,6 Laps,,6,11,1
2026,15_Canadian Tire Motorsport Park,Canadian Tire Motorsport Park,canadian-tire-motorsport-park,2026-07-12,202607121405_Race,95,89,19,65,1:17.341,6 Laps,,6,11,1
2026,15_Canadian Tire Motorsport Park,Canadian Tire Motorsport Park,canadian-tire-motorsport-park,2026-07-12,202607121405_Race,95,95,20,52,1:13.856,58.512,58.512,,11,1
2026,15_Canadian Tire Motorsport Park,Canadian Tire Motorsport Park,canadian-tire-motorsport-park,2026-07-12,202607121405_Race,95,95,21,22,1:13.038,59.021,59.021,,11,1
2026,15_Canadian Tire Motorsport Park,Canadian Tire Motorsport Park,canadian-tire-motorsport-park,2026-07-12,202607121405_Race,95,89,22,59,1:17.841,6 Laps,,6,11,1
2026,15_Canadian Tire Motorsport Park,Canadian Tire Motorsport Park,canadian-tire-motorsport-park,2026-07-12,202607121405_Race,95,89,23,64,1:17.768,6 Laps,,6,11,1
2026,15_Canadian Tire Motorsport Park,Canadian Tire Motorsport Park,canadian-tire-motorsport-park,2026-07-12,202607121405_Race,95,89,24,9,1:18.127,6 Laps,,6,11,1
2026,15_Canadian Tire Motorsport Park,Canadian Tire Motorsport Park,canadian-tire-motorsport-park,2026-07-12,202607121405_Race,95,89,25,3,1:17.594,6 Laps,,6,11,1
2026,15_Canadian Tire Motorsport Park,Canadian Tire Motorsport Park,canadian-tire-motorsport-park,2026-07-12,202607121405_Race,95,95,26,73,1:11.278,1:03.537,63.537,,11,1
2026,15_Canadian Tire Motorsport Park,Canadian Tire Motorsport Park,canadian-tire-motorsport-park,2026-07-12,202607121405_Race,95,89,27,68,1:17.623,6 Laps,,6,11,1
2026,15_Canadian Tire Motorsport Park,Canadian Tire Motorsport Park,canadian-tire-motorsport-park,2026-07-12,202607121405_Race,95,89,28,57,1:17.462,6 Laps,,6,11,2
2026,15_Canadian Tire Motorsport Park,Canadian Tire Motorsport Park,canadian-tire-motorsport-park,2026-07-12,202607121405_Race,95,89,29,12,1:17.669,6 Laps,,6,11,2
2026,15_Canadian Tire Motorsport Park,Canadian Tire Motorsport Park,canadian-tire-motorsport-park,2026-07-12,202607121405_Race,95,89,30,96,1:17.537,6 Laps,,6,11,2
2026,15_Canadian Tire Motorsport Park,Canadian Tire Motorsport Park,canadian-tire-motorsport-park,2026-07-12,202607121405_Race,96,96,1,43,1:10.536,,,,11,2
2026,15_Canadian Tire Motorsport Park,Canadian Tire Motorsport Park,canadian-tire-motorsport-park,2026-07-12,202607121405_Race,96,85,2,2,1:10.676,11 Laps,,11,11,2
2026,15_Canadian Tire Motorsport Park,Canadian Tire Motorsport Park,canadian-tire-motorsport-park,2026-07-12,202607121405_Race,96,96,3,04,1:09.579,2.996,2.996,,11,2
2026,15_Canadian Tire Motorsport Park,Canadian Tire Motorsport Park,canadian-tire-motorsport-park,2026-07-12,202607121405_Race,96,89,4,34,1:17.646,7 Laps,,7,11,2
2026,15_Canadian Tire Motorsport Park,Canadian Tire Motorsport Park,canadian-tire-motorsport-park,2026-07-12,202607121405_Race,96,89,5,45,1:18.067,7 Laps,,7,11,2
2026,15_Canadian Tire Motorsport Park,Canadian Tire Motorsport Park,canadian-tire-motorsport-park,2026-07-12,202607121405_Race,96,89,6,70,1:18.045,7 Laps,,7,11,2
2026,15_Canadian Tire Motorsport Park,Canadian Tire Motorsport Park,canadian-tire-motorsport-park,2026-07-12,202607121405_Race,96,96,7,99,1:11.240,12.707,12.707,,11,2
2026,15_Canadian Tire Motorsport Park,Canadian Tire Motorsport Park,canadian-tire-motorsport-park,2026-07-12,202607121405_Race,96,89,8,16,1:17.806,7 Laps,,7,11,2
2026,15_Canadian Tire Motorsport Park,Canadian Tire Motorsport Park,canadian-tire-motorsport-park,2026-07-12,202607121405_Race,96,89,9,120,1:18.112,7 Laps,,7,11,2
2026,15_Canadian Tire Motorsport Park,Canadian Tire Motorsport Park,canadian-tire-motorsport-park,2026-07-12,202607121405_Race,96,89,10,81,1:17.690,7 Laps,,7,11,2
2026,15_Canadian Tire Motorsport Park,Canadian Tire Motorsport Park,canadian-tire-motorsport-park,2026-07-12,202607121405_Race,96,85,11,8,1:10.215,11 Laps,,11,11,2
2026,15_Canadian Tire Motorsport Park,Canadian Tire Motorsport Park,canadian-tire-motorsport-park,2026-07-12,202607121405_Race,96,89,12,27,1:18.506,7 Laps,,7,11,2
2026,15_Canadian Tire Motorsport Park,Canadian Tire Motorsport Park,canadian-tire-motorsport-park,2026-07-12,202607121405_Race,96,89,13,66,1:17.995,7 Laps,,7,11,2
2026,15_Canadian Tire Motorsport Park,Canadian Tire Motorsport Park,canadian-tire-motorsport-park,2026-07-12,202607121405_Race,96,89,14,13,1:18.598,7 Laps,,7,11,2
2026,15_Canadian Tire Motorsport Park,Canadian Tire Motorsport Park,canadian-tire-motorsport-park,2026-07-12,202607121405_Race,96,90,15,14,1:17.052,6 Laps,,6,11,2
2026,15_Canadian Tire Motorsport Park,Canadian Tire Motorsport Park,canadian-tire-motorsport-park,2026-07-12,202607121405_Race,96,48,16,11,1:09.478,48 Laps,,48,11,2
2026,15_Canadian Tire Motorsport Park,Canadian Tire Motorsport Park,canadian-tire-motorsport-park,2026-07-12,202607121405_Race,96,90,17,77,1:17.390,6 Laps,,6,11,2
2026,15_Canadian Tire Motorsport Park,Canadian Tire Motorsport Park,canadian-tire-motorsport-park,2026-07-12,202607121405_Race,96,90,18,1,1:17.437,6 Laps,,6,11,2
2026,15_Canadian Tire Motorsport Park,Canadian Tire Motorsport Park,canadian-tire-motorsport-park,2026-07-12,202607121405_Race,96,88,19,36,1:17.777,8 Laps,,8,11,2
2026,15_Canadian Tire Motorsport Park,Canadian Tire Motorsport Park,canadian-tire-motorsport-park,2026-07-12,202607121405_Race,96,96,20,52,1:11.595,59.571,59.571,,11,2
2026,15_Canadian Tire Motorsport Park,Canadian Tire Motorsport Park,canadian-tire-motorsport-park,2026-07-12,202607121405_Race,96,90,21,4,1:17.337,6 Laps,,6,11,2
2026,15_Canadian Tire Motorsport Park,Canadian Tire Motorsport Park,canadian-tire-motorsport-park,2026-07-12,202607121405_Race,96,96,22,22,1:11.627,1:00.112,60.112,,11,2
2026,15_Canadian Tire Motorsport Park,Canadian Tire Motorsport Park,canadian-tire-motorsport-park,2026-07-12,202607121405_Race,96,90,23,65,1:17.898,6 Laps,,6,11,2
2026,15_Canadian Tire Motorsport Park,Canadian Tire Motorsport Park,canadian-tire-motorsport-park,2026-07-12,202607121405_Race,96,96,24,73,1:13.077,1:06.078,66.078,,11,2
2026,15_Canadian Tire Motorsport Park,Canadian Tire Motorsport Park,canadian-tire-motorsport-park,2026-07-12,202607121405_Race,96,90,25,59,1:17.998,6 Laps,,6,11,2
2026,15_Canadian Tire Motorsport Park,Canadian Tire Motorsport Park,canadian-tire-motorsport-park,2026-07-12,202607121405_Race,96,90,26,64,1:17.398,6 Laps,,6,11,2
2026,15_Canadian Tire Motorsport Park,Canadian Tire Motorsport Park,canadian-tire-motorsport-park,2026-07-12,202607121405_Race,96,90,27,9,1:17.994,6 Laps,,6,11,2
2026,15_Canadian Tire Motorsport Park,Canadian Tire Motorsport Park,canadian-tire-motorsport-park,2026-07-12,202607121405_Race,96,90,28,3,1:17.505,6 Laps,,6,11,2
2026,15_Canadian Tire Motorsport Park,Canadian Tire Motorsport Park,canadian-tire-motorsport-park,2026-07-12,202607121405_Race,97,97,1,43,1:10.841,,,,11,2
2026,15_Canadian Tire Motorsport Park,Canadian Tire Motorsport Park,canadian-tire-motorsport-park,2026-07-12,202607121405_Race,97,90,2,68,1:17.838,7 Laps,,7,11,2
2026,15_Canadian Tire Motorsport Park,Canadian Tire Motorsport Park,canadian-tire-motorsport-park,2026-07-12,202607121405_Race,97,86,3,2,1:10.838,11 Laps,,11,11,2
2026,15_Canadian Tire Motorsport Park,Canadian Tire Motorsport Park,canadian-tire-motorsport-park,2026-07-12,202607121405_Race,97,97,4,04,1:10.642,2.797,2.797,,11,2
2026,15_Canadian Tire Motorsport Park,Canadian Tire Motorsport Park,canadian-tire-motorsport-park,2026-07-12,202607121405_Race,97,90,5,57,1:17.672,7 Laps,,7,11,2
2026,15_Canadian Tire Motorsport Park,Canadian Tire Motorsport Park,canadian-tire-motorsport-park,2026-07-12,202607121405_Race,97,90,6,12,1:17.763,7 Laps,,7,11,2
2026,15_Canadian Tire Motorsport Park,Canadian Tire Motorsport Park,canadian-tire-motorsport-park,2026-07-12,202607121405_Race,97,90,7,96,1:18.039,7 Laps,,7,11,2
2026,15_Canadian Tire Motorsport Park,Canadian Tire Motorsport Park,canadian-tire-motorsport-park,2026-07-12,202607121405_Race,97,90,8,34,1:17.572,7 Laps,,7,11,2
2026,15_Canadian Tire Motorsport Park,Canadian Tire Motorsport Park,canadian-tire-motorsport-park,2026-07-12,202607121405_Race,97,90,9,45,1:17.739,7 Laps,,7,11,2
2026,15_Canadian Tire Motorsport Park,Canadian Tire Motorsport Park,canadian-tire-motorsport-park,2026-07-12,202607121405_Race,97,97,10,99,1:10.621,12.487,12.487,,11,2
2026,15_Canadian Tire Motorsport Park,Canadian Tire Motorsport Park,canadian-tire-motorsport-park,2026-07-12,202607121405_Race,97,86,11,8,1:11.443,11 Laps,,11,11,2
2026,15_Canadian Tire Motorsport Park,Canadian Tire Motorsport Park,canadian-tire-motorsport-park,2026-07-12,202607121405_Race,97,90,12,70,1:18.132,7 Laps,,7,11,2
2026,15_Canadian Tire Motorsport Park,Canadian Tire Motorsport Park,canadian-tire-motorsport-park,2026-07-12,202607121405_Race,97,90,13,16,1:18.168,7 Laps,,7,11,2
2026,15_Canadian Tire Motorsport Park,Canadian Tire Motorsport Park,canadian-tire-motorsport-park,2026-07-12,202607121405_Race,97,90,14,120,1:17.852,7 Laps,,7,11,2
2026,15_Canadian Tire Motorsport Park,Canadian Tire Motorsport Park,canadian-tire-motorsport-park,2026-07-12,202607121405_Race,97,90,15,81,1:17.963,7 Laps,,7,11,2
2026,15_Canadian Tire Motorsport Park,Canadian Tire Motorsport Park,canadian-tire-motorsport-park,2026-07-12,202607121405_Race,97,90,16,27,1:17.115,7 Laps,,7,11,2
2026,15_Canadian Tire Motorsport Park,Canadian Tire Motorsport Park,canadian-tire-motorsport-park,2026-07-12,202607121405_Race,97,90,17,66,1:17.829,7 Laps,,7,11,2
2026,15_Canadian Tire Motorsport Park,Canadian Tire Motorsport Park,canadian-tire-motorsport-park,2026-07-12,202607121405_Race,97,90,18,13,1:18.542,7 Laps,,7,11,2
2026,15_Canadian Tire Motorsport Park,Canadian Tire Motorsport Park,canadian-tire-motorsport-park,2026-07-12,202607121405_Race,97,49,19,11,1:09.332,48 Laps,,48,11,2
2026,15_Canadian Tire Motorsport Park,Canadian Tire Motorsport Park,canadian-tire-motorsport-park,2026-07-12,202607121405_Race,97,91,20,14,1:17.182,6 Laps,,6,11,2
2026,15_Canadian Tire Motorsport Park,Canadian Tire Motorsport Park,canadian-tire-motorsport-park,2026-07-12,202607121405_Race,97,91,21,77,1:17.017,6 Laps,,6,11,2
2026,15_Canadian Tire Motorsport Park,Canadian Tire Motorsport Park,canadian-tire-motorsport-park,2026-07-12,202607121405_Race,97,91,22,1,1:17.603,6 Laps,,6,11,2
2026,15_Canadian Tire Motorsport Park,Canadian Tire Motorsport Park,canadian-tire-motorsport-park,2026-07-12,202607121405_Race,97,97,23,52,1:10.473,59.203,59.203,,11,2
2026,15_Canadian Tire Motorsport Park,Canadian Tire Motorsport Park,canadian-tire-motorsport-park,2026-07-12,202607121405_Race,97,97,24,22,1:10.807,1:00.078,60.078,,11,2
2026,15_Canadian Tire Motorsport Park,Canadian Tire Motorsport Park,canadian-tire-motorsport-park,2026-07-12,202607121405_Race,97,89,25,36,1:18.270,8 Laps,,8,11,3
2026,15_Canadian Tire Motorsport Park,Canadian Tire Motorsport Park,canadian-tire-motorsport-park,2026-07-12,202607121405_Race,97,97,26,73,1:11.016,1:06.253,66.253,,11,3
2026,15_Canadian Tire Motorsport Park,Canadian Tire Motorsport Park,canadian-tire-motorsport-park,2026-07-12,202607121405_Race,97,91,27,4,1:17.568,6 Laps,,6,11,3
2026,15_Canadian Tire Motorsport Park,Canadian Tire Motorsport Park,canadian-tire-motorsport-park,2026-07-12,202607121405_Race,98,98,1,43,1:10.925,,,,11,3
2026,15_Canadian Tire Motorsport Park,Canadian Tire Motorsport Park,canadian-tire-motorsport-park,2026-07-12,202607121405_Race,98,91,2,65,1:17.577,7 Laps,,7,11,3
2026,15_Canadian Tire Motorsport Park,Canadian Tire Motorsport Park,canadian-tire-motorsport-park,2026-07-12,202607121405_Race,98,91,3,59,1:17.469,7 Laps,,7,11,3
2026,15_Canadian Tire Motorsport Park,Canadian Tire Motorsport Park,canadian-tire-motorsport-park,2026-07-12,202607121405_Race,98,87,4,2,1:12.563,11 Laps,,11,11,3
2026,15_Canadian Tire Motorsport Park,Canadian Tire Motorsport Park,canadian-tire-motorsport-park,2026-07-12,202607121405_Race,98,91,5,64,1:17.749,7 Laps,,7,11,3
2026,15_Canadian Tire Motorsport Park,Canadian Tire Motorsport Park,canadian-tire-motorsport-park,2026-07-12,202607121405_Race,98,98,6,04,1:11.179,3.051,3.051,,11,3
2026,15_Canadian Tire Motorsport Park,Canadian Tire Motorsport Park,canadian-tire-motorsport-park,2026-07-12,202607121405_Race,98,91,7,9,1:18.890,7 Laps,,7,11,3
2026,15_Canadian Tire Motorsport Park,Canadian Tire Motorsport Park,canadian-tire-motorsport-park,2026-07-12,202607121405_Race,98,91,8,3,1:18.599,7 Laps,,7,11,3
2026,15_Canadian Tire Motorsport Park,Canadian Tire Motorsport Park,canadian-tire-motorsport-park,2026-07-12,202607121405_Race,98,91,9,68,1:18.120,7 Laps,,7,11,3
2026,15_Canadian Tire Motorsport Park,Canadian Tire Motorsport Park,canadian-tire-motorsport-park,2026-07-12,202607121405_Race,98,91,10,57,1:17.296,7 Laps,,7,11,3
2026,15_Canadian Tire Motorsport Park,Canadian Tire Motorsport Park,canadian-tire-motorsport-park,2026-07-12,202607121405_Race,98,98,11,99,1:10.014,11.576,11.576,,11,3
2026,15_Canadian Tire Motorsport Park,Canadian Tire Motorsport Park,canadian-tire-motorsport-park,2026-07-12,202607121405_Race,98,91,12,12,1:17.416,7 Laps,,7,11,3
2026,15_Canadian Tire Motorsport Park,Canadian Tire Motorsport Park,canadian-tire-motorsport-park,2026-07-12,202607121405_Race,98,91,13,96,1:17.869,7 Laps,,7,11,3
2026,15_Canadian Tire Motorsport Park,Canadian Tire Motorsport Park,canadian-tire-motorsport-park,2026-07-12,202607121405_Race,98,87,14,8,1:09.525,11 Laps,,11,11,3
2026,15_Canadian Tire Motorsport Park,Canadian Tire Motorsport Park,canadian-tire-motorsport-park,2026-07-12,202607121405_Race,98,91,15,34,1:18.032,7 Laps,,7,11,3
2026,15_Canadian Tire Motorsport Park,Canadian Tire Motorsport Park,canadian-tire-motorsport-park,2026-07-12,202607121405_Race,98,91,16,45,1:18.251,7 Laps,,7,11,3
2026,15_Canadian Tire Motorsport Park,Canadian Tire Motorsport Park,canadian-tire-motorsport-park,2026-07-12,202607121405_Race,98,91,17,70,1:18.353,7 Laps,,7,11,3
2026,15_Canadian Tire Motorsport Park,Canadian Tire Motorsport Park,canadian-tire-motorsport-park,2026-07-12,202607121405_Race,98,91,18,16,1:17.817,7 Laps,,7,11,3
2026,15_Canadian Tire Motorsport Park,Canadian Tire Motorsport Park,canadian-tire-motorsport-park,2026-07-12,202607121405_Race,98,91,19,120,1:17.848,7 Laps,,7,11,3
2026,15_Canadian Tire Motorsport Park,Canadian Tire Motorsport Park,canadian-tire-motorsport-park,2026-07-12,202607121405_Race,98,91,20,81,1:17.679,7 Laps,,7,11,3
2026,15_Canadian Tire Motorsport Park,Canadian Tire Motorsport Park,canadian-tire-motorsport-park,2026-07-12,202607121405_Race,98,91,21,27,1:17.577,7 Laps,,7,11,3
2026,15_Canadian Tire Motorsport Park,Canadian Tire Motorsport Park,canadian-tire-motorsport-park,2026-07-12,202607121405_Race,98,91,22,66,1:17.954,7 Laps,,7,11,3
2026,15_Canadian Tire Motorsport Park,Canadian Tire Motorsport Park,canadian-tire-motorsport-park,2026-07-12,202607121405_Race,98,50,23,11,1:09.152,48 Laps,,48,11,3
2026,15_Canadian Tire Motorsport Park,Canadian Tire Motorsport Park,canadian-tire-motorsport-park,2026-07-12,202607121405_Race,98,91,24,13,1:18.899,7 Laps,,7,11,3
2026,15_Canadian Tire Motorsport Park,Canadian Tire Motorsport Park,canadian-tire-motorsport-park,2026-07-12,202607121405_Race,98,92,25,14,1:16.787,6 Laps,,6,11,3
2026,15_Canadian Tire Motorsport Park,Canadian Tire Motorsport Park,canadian-tire-motorsport-park,2026-07-12,202607121405_Race,98,98,26,52,1:10.269,58.547,58.547,,11,3
2026,15_Canadian Tire Motorsport Park,Canadian Tire Motorsport Park,canadian-tire-motorsport-park,2026-07-12,202607121405_Race,98,98,27,22,1:10.348,59.501,59.501,,11,3
2026,15_Canadian Tire Motorsport Park,Canadian Tire Motorsport Park,canadian-tire-motorsport-park,2026-07-12,202607121405_Race,98,92,28,77,1:17.342,6 Laps,,6,11,3
2026,15_Canadian Tire Motorsport Park,Canadian Tire Motorsport Park,canadian-tire-motorsport-park,2026-07-12,202607121405_Race,98,92,29,1,1:17.865,6 Laps,,6,11,3
2026,15_Canadian Tire Motorsport Park,Canadian Tire Motorsport Park,canadian-tire-motorsport-park,2026-07-12,202607121405_Race,98,98,30,73,1:10.308,1:05.636,65.636,,11,3
2026,15_Canadian Tire Motorsport Park,Canadian Tire Motorsport Park,canadian-tire-motorsport-park,2026-07-12,202607121405_Race,99,99,1,43,1:11.234,,,,11,3
2026,15_Canadian Tire Motorsport Park,Canadian Tire Motorsport Park,canadian-tire-motorsport-park,2026-07-12,202607121405_Race,99,90,2,36,1:18.318,9 Laps,,9,11,3
2026,15_Canadian Tire Motorsport Park,Canadian Tire Motorsport Park,canadian-tire-motorsport-park,2026-07-12,202607121405_Race,99,92,3,4,1:17.241,7 Laps,,7,11,3
2026,15_Canadian Tire Motorsport Park,Canadian Tire Motorsport Park,canadian-tire-motorsport-park,2026-07-12,202607121405_Race,99,99,4,04,1:10.920,2.737,2.737,,11,3
2026,15_Canadian Tire Motorsport Park,Canadian Tire Motorsport Park,canadian-tire-motorsport-park,2026-07-12,202607121405_Race,99,88,5,2,1:13.338,11 Laps,,11,11,3
2026,15_Canadian Tire Motorsport Park,Canadian Tire Motorsport Park,canadian-tire-motorsport-park,2026-07-12,202607121405_Race,99,92,6,65,1:18.379,7 Laps,,7,11,3
2026,15_Canadian Tire Motorsport Park,Canadian Tire Motorsport Park,canadian-tire-motorsport-park,2026-07-12,202607121405_Race,99,92,7,59,1:17.806,7 Laps,,7,11,3
2026,15_Canadian Tire Motorsport Park,Canadian Tire Motorsport Park,canadian-tire-motorsport-park,2026-07-12,202607121405_Race,99,92,8,64,1:17.791,7 Laps,,7,11,3
2026,15_Canadian Tire Motorsport Park,Canadian Tire Motorsport Park,canadian-tire-motorsport-park,2026-07-12,202607121405_Race,99,99,9,99,1:11.766,12.108,12.108,,11,3
2026,15_Canadian Tire Motorsport Park,Canadian Tire Motorsport Park,canadian-tire-motorsport-park,2026-07-12,202607121405_Race,99,92,10,9,1:17.844,7 Laps,,7,11,3
2026,15_Canadian Tire Motorsport Park,Canadian Tire Motorsport Park,canadian-tire-motorsport-park,2026-07-12,202607121405_Race,99,92,11,3,1:17.944,7 Laps,,7,11,3
2026,15_Canadian Tire Motorsport Park,Canadian Tire Motorsport Park,canadian-tire-motorsport-park,2026-07-12,202607121405_Race,99,88,12,8,1:10.135,11 Laps,,11,11,3
2026,15_Canadian Tire Motorsport Park,Canadian Tire Motorsport Park,canadian-tire-motorsport-park,2026-07-12,202607121405_Race,99,92,13,68,1:17.847,7 Laps,,7,11,3
2026,15_Canadian Tire Motorsport Park,Canadian Tire Motorsport Park,canadian-tire-motorsport-park,2026-07-12,202607121405_Race,99,92,14,57,1:17.735,7 Laps,,7,11,3
2026,15_Canadian Tire Motorsport Park,Canadian Tire Motorsport Park,canadian-tire-motorsport-park,2026-07-12,202607121405_Race,99,92,15,12,1:17.477,7 Laps,,7,11,3
2026,15_Canadian Tire Motorsport Park,Canadian Tire Motorsport Park,canadian-tire-motorsport-park,2026-07-12,202607121405_Race,99,92,16,96,1:17.839,7 Laps,,7,11,3
2026,15_Canadian Tire Motorsport Park,Canadian Tire Motorsport Park,canadian-tire-motorsport-park,2026-07-12,202607121405_Race,99,92,17,34,1:17.590,7 Laps,,7,11,3
2026,15_Canadian Tire Motorsport Park,Canadian Tire Motorsport Park,canadian-tire-motorsport-park,2026-07-12,202607121405_Race,99,92,18,45,1:17.716,7 Laps,,7,11,3
2026,15_Canadian Tire Motorsport Park,Canadian Tire Motorsport Park,canadian-tire-motorsport-park,2026-07-12,202607121405_Race,99,92,19,70,1:18.196,7 Laps,,7,11,3
2026,15_Canadian Tire Motorsport Park,Canadian Tire Motorsport Park,canadian-tire-motorsport-park,2026-07-12,202607121405_Race,99,92,20,16,1:18.023,7 Laps,,7,11,3
2026,15_Canadian Tire Motorsport Park,Canadian Tire Motorsport Park,canadian-tire-motorsport-park,2026-07-12,202607121405_Race,99,92,21,120,1:18.028,7 Laps,,7,11,3
2026,15_Canadian Tire Motorsport Park,Canadian Tire Motorsport Park,canadian-tire-motorsport-park,2026-07-12,202607121405_Race,99,92,22,81,1:17.949,7 Laps,,7,11,3
2026,15_Canadian Tire Motorsport Park,Canadian Tire Motorsport Park,canadian-tire-motorsport-park,2026-07-12,202607121405_Race,99,92,23,27,1:17.705,7 Laps,,7,11,4
2026,15_Canadian Tire Motorsport Park,Canadian Tire Motorsport Park,canadian-tire-motorsport-park,2026-07-12,202607121405_Race,99,51,24,11,1:08.991,48 Laps,,48,11,4
2026,15_Canadian Tire Motorsport Park,Canadian Tire Motorsport Park,canadian-tire-motorsport-park,2026-07-12,202607121405_Race,99,92,25,66,1:18.011,7 Laps,,7,11,4
2026,15_Canadian Tire Motorsport Park,Canadian Tire Motorsport Park,canadian-tire-motorsport-park,2026-07-12,202607121405_Race,99,92,26,13,1:18.434,7 Laps,,7,11,4
2026,15_Canadian Tire Motorsport Park,Canadian Tire Motorsport Park,canadian-tire-motorsport-park,2026-07-12,202607121405_Race,99,99,27,52,1:11.067,58.380,58.380,,11,4
2026,15_Canadian Tire Motorsport Park,Canadian Tire Motorsport Park,canadian-tire-motorsport-park,2026-07-12,202607121405_Race,99,99,28,22,1:10.646,58.913,58.913,,11,4
2026,15_Canadian Tire Motorsport Park,Canadian Tire Motorsport Park,canadian-tire-motorsport-park,2026-07-12,202607121405_Race,99,93,29,14,1:17.283,6 Laps,,6,11,4
2026,15_Canadian Tire Motorsport Park,Canadian Tire Motorsport Park,canadian-tire-motorsport-park,2026-07-12,202607121405_Race,99,99,30,73,1:10.158,1:04.560,64.560,,11,4
2026,15_Canadian Tire Motorsport Park,Canadian Tire Motorsport Park,canadian-tire-motorsport-park,2026-07-12,202607121405_Race,99,93,31,77,1:17.402,6 Laps,,6,11,4
2026,15_Canadian Tire Motorsport Park,Canadian Tire Motorsport Park,canadian-tire-motorsport-park,2026-07-12,202607121405_Race,100,100,1,43,1:09.006,,,,11,4
2026,15_Canadian Tire Motorsport Park,Canadian Tire Motorsport Park,canadian-tire-motorsport-park,2026-07-12,202607121405_Race,100,93,2,1,1:17.637,7 Laps,,7,11,4
2026,15_Canadian Tire Motorsport Park,Canadian Tire Motorsport Park,canadian-tire-motorsport-park,2026-07-12,202607121405_Race,100,100,3,04,1:09.607,3.338,3.338,,11,4
2026,15_Canadian Tire Motorsport Park,Canadian Tire Motorsport Park,canadian-tire-motorsport-park,2026-07-12,202607121405_Race,100,89,4,2,1:10.809,11 Laps,,11,11,4
2026,15_Canadian Tire Motorsport Park,Canadian Tire Motorsport Park,canadian-tire-motorsport-park,2026-07-12,202607121405_Race,100,91,5,36,1:18.021,9 Laps,,9,11,4
2026,15_Canadian Tire Motorsport Park,Canadian Tire Motorsport Park,canadian-tire-motorsport-park,2026-07-12,202607121405_Race,100,93,6,4,1:17.450,7 Laps,,7,11,4
2026,15_Canadian Tire Motorsport Park,Canadian Tire Motorsport Park,canadian-tire-motorsport-park,2026-07-12,202607121405_Race,100,100,7,99,1:10.397,13.499,13.499,,11,4
2026,15_Canadian Tire Motorsport Park,Canadian Tire Motorsport Park,canadian-tire-motorsport-park,2026-07-12,202607121405_Race,100,93,8,65,1:17.630,7 Laps,,7,11,4
2026,15_Canadian Tire Motorsport Park,Canadian Tire Motorsport Park,canadian-tire-motorsport-park,2026-07-12,202607121405_Race,100,93,9,59,1:17.396,7 Laps,,7,11,4
2026,15_Canadian Tire Motorsport Park,Canadian Tire Motorsport Park,canadian-tire-motorsport-park,2026-07-12,202607121405_Race,100,93,10,64,1:17.659,7 Laps,,7,11,4
2026,15_Canadian Tire Motorsport Park,Canadian Tire Motorsport Park,canadian-tire-motorsport-park,2026-07-12,202607121405_Race,100,89,11,8,1:15.463,11 Laps,,11,11,4
2026,15_Canadian Tire Motorsport Park,Canadian Tire Motorsport Park,canadian-tire-motorsport-park,2026-07-12,202607121405_Race,100,93,12,9,1:17.867,7 Laps,,7,11,4
2026,15_Canadian Tire Motorsport Park,Canadian Tire Motorsport Park,canadian-tire-motorsport-park,2026-07-12,202607121405_Race,100,93,13,3,1:17.946,7 Laps,,7,11,4
2026,15_Canadian Tire Motorsport Park,Canadian Tire Motorsport Park,canadian-tire-motorsport-park,2026-07-12,202607121405_Race,100,93,14,68,1:18.092,7 Laps,,7,11,4
2026,15_Canadian Tire Motorsport Park,Canadian Tire Motorsport Park,canadian-tire-motorsport-park,2026-07-12,202607121405_Race,100,93,15,57,1:17.407,7 Laps,,7,11,4
2026,15_Canadian Tire Motorsport Park,Canadian Tire Motorsport Park,canadian-tire-motorsport-park,2026-07-12,202607121405_Race,100,93,16,12,1:17.117,7 Laps,,7,11,4
2026,15_Canadian Tire Motorsport Park,Canadian Tire Motorsport Park,canadian-tire-motorsport-park,2026-07-12,202607121405_Race,100,93,17,96,1:17.443,7 Laps,,7,11,4
2026,15_Canadian Tire Motorsport Park,Canadian Tire Motorsport Park,canadian-tire-motorsport-park,2026-07-12,202607121405_Race,100,93,18,34,1:17.681,7 Laps,,7,11,4
2026,15_Canadian Tire Motorsport Park,Canadian Tire Motorsport Park,canadian-tire-motorsport-park,2026-07-12,202607121405_Race,100,93,19,45,1:17.589,7 Laps,,7,11,4
2026,15_Canadian Tire Motorsport Park,Canadian Tire Motorsport Park,canadian-tire-motorsport-park,2026-07-12,202607121405_Race,100,52,20,11,1:12.786,48 Laps,,48,11,4
2026,15_Canadian Tire Motorsport Park,Canadian Tire Motorsport Park,canadian-tire-motorsport-park,2026-07-12,202607121405_Race,100,93,21,70,1:18.658,7 Laps,,7,11,4
2026,15_Canadian Tire Motorsport Park,Canadian Tire Motorsport Park,canadian-tire-motorsport-park,2026-07-12,202607121405_Race,100,93,22,16,1:18.546,7 Laps,,7,11,4
2026,15_Canadian Tire Motorsport Park,Canadian Tire Motorsport Park,canadian-tire-motorsport-park,2026-07-12,202607121405_Race,100,93,23,120,1:18.521,7 Laps,,7,11,4
2026,15_Canadian Tire Motorsport Park,Canadian Tire Motorsport Park,canadian-tire-motorsport-park,2026-07-12,202607121405_Race,100,93,24,81,1:18.444,7 Laps,,7,11,4
2026,15_Canadian Tire Motorsport Park,Canadian Tire Motorsport Park,canadian-tire-motorsport-park,2026-07-12,202607121405_Race,100,93,25,27,1:18.415,7 Laps,,7,11,4
2026,15_Canadian Tire Motorsport Park,Canadian Tire Motorsport Park,canadian-tire-motorsport-park,2026-07-12,202607121405_Race,100,93,26,66,1:18.065,7 Laps,,7,11,4
2026,15_Canadian Tire Motorsport Park,Canadian Tire Motorsport Park,canadian-tire-motorsport-park,2026-07-12,202607121405_Race,100,100,27,52,1:09.729,59.103,59.103,,11,4
2026,15_Canadian Tire Motorsport Park,Canadian Tire Motorsport Park,canadian-tire-motorsport-park,2026-07-12,202607121405_Race,100,100,28,22,1:11.348,1:01.255,61.255,,11,4
2026,15_Canadian Tire Motorsport Park,Canadian Tire Motorsport Park,canadian-tire-motorsport-park,2026-07-12,202607121405_Race,100,100,29,73,1:10.026,1:05.580,65.580,,11,4
2026,15_Canadian Tire Motorsport Park,Canadian Tire Motorsport Park,canadian-tire-motorsport-park,2026-07-12,202607121405_Race,100,93,30,13,1:19.144,7 Laps,,7,11,4
2026,15_Canadian Tire Motorsport Park,Canadian Tire Motorsport Park,canadian-tire-motorsport-park,2026-07-12,202607121405_Race,100,94,31,14,1:17.726,6 Laps,,6,11,4
2026,15_Canadian Tire Motorsport Park,Canadian Tire Motorsport Park,canadian-tire-motorsport-park,2026-07-12,202607121405_Race,101,101,1,43,1:09.084,,,,11,4
2026,15_Canadian Tire Motorsport Park,Canadian Tire Motorsport Park,canadian-tire-motorsport-park,2026-07-12,202607121405_Race,101,101,2,04,1:09.863,4.117,4.117,,11,4
2026,15_Canadian Tire Motorsport Park,Canadian Tire Motorsport Park,canadian-tire-motorsport-park,2026-07-12,202607121405_Race,101,94,3,77,1:17.480,7 Laps,,7,11,4
2026,15_Canadian Tire Motorsport Park,Canadian Tire Motorsport Park,canadian-tire-motorsport-park,2026-07-12,202607121405_Race,101,90,4,2,1:09.985,11 Laps,,11,11,4
2026,15_Canadian Tire Motorsport Park,Canadian Tire Motorsport Park,canadian-tire-motorsport-park,2026-07-12,202607121405_Race,101,94,5,1,1:17.515,7 Laps,,7,11,4
2026,15_Canadian Tire Motorsport Park,Canadian Tire Motorsport Park,canadian-tire-motorsport-park,2026-07-12,202607121405_Race,101,101,6,99,1:09.751,14.166,14.166,,11,4
2026,15_Canadian Tire Motorsport Park,Canadian Tire Motorsport Park,canadian-tire-motorsport-park,2026-07-12,202607121405_Race,101,94,7,4,1:17.486,7 Laps,,7,11,4
2026,15_Canadian Tire Motorsport Park,Canadian Tire Motorsport Park,canadian-tire-motorsport-park,2026-07-12,202607121405_Race,101,90,8,8,1:12.807,11 Laps,,11,11,4
2026,15_Canadian Tire Motorsport Park,Canadian Tire Motorsport Park,canadian-tire-motorsport-park,2026-07-12,202607121405_Race,101,94,9,65,1:17.691,7 Laps,,7,11,4
2026,15_Canadian Tire Motorsport Park,Canadian Tire Motorsport Park,canadian-tire-motorsport-park,2026-07-12,202607121405_Race,101,94,10,59,1:17.165,7 Laps,,7,11,4
2026,15_Canadian Tire Motorsport Park,Canadian Tire Motorsport Park,canadian-tire-motorsport-park,2026-07-12,202607121405_Race,101,94,11,64,1:17.510,7 Laps,,7,11,4
2026,15_Canadian Tire Motorsport Park,Canadian Tire Motorsport Park,canadian-tire-motorsport-park,2026-07-12,202607121405_Race,101,94,12,9,1:17.546,7 Laps,,7,11,4
2026,15_Canadian Tire Motorsport Park,Canadian Tire Motorsport Park,canadian-tire-motorsport-park,2026-07-12,202607121405_Race,101,94,13,3,1:17.595,7 Laps,,7,11,4
2026,15_Canadian Tire Motorsport Park,Canadian Tire Motorsport Park,canadian-tire-motorsport-park,2026-07-12,202607121405_Race,101,94,14,68,1:17.407,7 Laps,,7,11,4
2026,15_Canadian Tire Motorsport Park,Canadian Tire Motorsport Park,canadian-tire-motorsport-park,2026-07-12,202607121405_Race,101,94,15,57,1:17.508,7 Laps,,7,11,4
2026,15_Canadian Tire Motorsport Park,Canadian Tire Motorsport Park,canadian-tire-motorsport-park,2026-07-12,202607121405_Race,101,94,16,12,1:17.278,7 Laps,,7,11,5
2026,15_Canadian Tire Motorsport Park,Canadian Tire Motorsport Park,canadian-tire-motorsport-park,2026-07-12,202607121405_Race,101,94,17,96,1:17.413,7 Laps,,7,11,5
2026,15_Canadian Tire Motorsport Park,Canadian Tire Motorsport Park,canadian-tire-motorsport-park,2026-07-12,202607121405_Race,101,94,18,34,1:17.563,7 Laps,,7,11,5
2026,15_Canadian Tire Motorsport Park,Canadian Tire Motorsport Park,canadian-tire-motorsport-park,2026-07-12,202607121405_Race,101,53,19,11,1:11.375,48 Laps,,48,11,5
2026,15_Canadian Tire Motorsport Park,Canadian Tire Motorsport Park,canadian-tire-motorsport-park,2026-07-12,202607121405_Race,101,94,20,45,1:18.071,7 Laps,,7,11,5
2026,15_Canadian Tire Motorsport Park,Canadian Tire Motorsport Park,canadian-tire-motorsport-park,2026-07-12,202607121405_Race,101,94,21,70,1:18.554,7 Laps,,7,11,5
2026,15_Canadian Tire Motorsport Park,Canadian Tire Motorsport Park,canadian-tire-motorsport-park,2026-07-12,202607121405_Race,101,94,22,16,1:18.859,7 Laps,,7,11,5
2026,15_Canadian Tire Motorsport Park,Canadian Tire Motorsport Park,canadian-tire-motorsport-park,2026-07-12,202607121405_Race,101,94,23,120,1:18.701,7 Laps,,7,11,5
2026,15_Canadian Tire Motorsport Park,Canadian Tire Motorsport Park,canadian-tire-motorsport-park,2026-07-12,202607121405_Race,101,94,24,81,1:18.654,7 Laps,,7,11,5
2026,15_Canadian Tire Motorsport Park,Canadian Tire Motorsport Park,canadian-tire-motorsport-park,2026-07-12,202607121405_Race,101,94,25,27,1:18.495,7 Laps,,7,11,5
2026,15_Canadian Tire Motorsport Park,Canadian Tire Motorsport Park,canadian-tire-motorsport-park,2026-07-12,202607121405_Race,101,101,26,52,1:09.515,59.534,59.534,,11,5
2026,15_Canadian Tire Motorsport Park,Canadian Tire Motorsport Park,canadian-tire-motorsport-park,2026-07-12,202607121405_Race,101,101,27,22,1:10.288,1:02.459,62.459,,11,5
2026,15_Canadian Tire Motorsport Park,Canadian Tire Motorsport Park,canadian-tire-motorsport-park,2026-07-12,202607121405_Race,101,94,28,66,1:18.147,7 Laps,,7,11,5
2026,15_Canadian Tire Motorsport Park,Canadian Tire Motorsport Park,canadian-tire-motorsport-park,2026-07-12,202607121405_Race,101,101,29,73,1:09.186,1:05.682,65.682,,11,5
2026,15_Canadian Tire Motorsport Park,Canadian Tire Motorsport Park,canadian-tire-motorsport-park,2026-07-12,202607121405_Race,102,102,1,43,1:10.125,,,,11,5
2026,15_Canadian Tire Motorsport Park,Canadian Tire Motorsport Park,canadian-tire-motorsport-park,2026-07-12,202607121405_Race,102,102,2,04,1:09.195,3.187,3.187,,11,5
2026,15_Canadian Tire Motorsport Park,Canadian Tire Motorsport Park,canadian-tire-motorsport-park,2026-07-12,202607121405_Race,102,92,3,36,2:13.118,10 Laps,,10,11,5
2026,15_Canadian Tire Motorsport Park,Canadian Tire Motorsport Park,canadian-tire-motorsport-park,2026-07-12,202607121405_Race,102,95,4,14,1:18.035,7 Laps,,7,11,5
2026,15_Canadian Tire Motorsport Park,Canadian Tire Motorsport Park,canadian-tire-motorsport-park,2026-07-12,202607121405_Race,102,94,5,13,1:19.725,8 Laps,,8,11,5
2026,15_Canadian Tire Motorsport Park,Canadian Tire Motorsport Park,canadian-tire-motorsport-park,2026-07-12,202607121405_Race,102,91,6,2,1:09.636,11 Laps,,11,11,5
2026,15_Canadian Tire Motorsport Park,Canadian Tire Motorsport Park,canadian-tire-motorsport-park,2026-07-12,202607121405_Race,102,102,7,99,1:10.372,14.413,14.413,,11,5
2026,15_Canadian Tire Motorsport Park,Canadian Tire Motorsport Park,canadian-tire-motorsport-park,2026-07-12,202607121405_Race,102,95,8,77,1:17.970,7 Laps,,7,11,5
2026,15_Canadian Tire Motorsport Park,Canadian Tire Motorsport Park,canadian-tire-motorsport-park,2026-07-12,202607121405_Race,102,95,9,1,1:17.326,7 Laps,,7,11,5
2026,15_Canadian Tire Motorsport Park,Canadian Tire Motorsport Park,canadian-tire-motorsport-park,2026-07-12,202607121405_Race,102,91,10,8,1:09.560,11 Laps,,11,11,5
2026,15_Canadian Tire Motorsport Park,Canadian Tire Motorsport Park,canadian-tire-motorsport-park,2026-07-12,202607121405_Race,102,95,11,4,1:17.165,7 Laps,,7,11,5
2026,15_Canadian Tire Motorsport Park,Canadian Tire Motorsport Park,canadian-tire-motorsport-park,2026-07-12,202607121405_Race,102,95,12,65,1:17.618,7 Laps,,7,11,5
2026,15_Canadian Tire Motorsport Park,Canadian Tire Motorsport Park,canadian-tire-motorsport-park,2026-07-12,202607121405_Race,102,95,13,59,1:17.742,7 Laps,,7,11,5
2026,15_Canadian Tire Motorsport Park,Canadian Tire Motorsport Park,canadian-tire-motorsport-park,2026-07-12,202607121405_Race,102,95,14,64,1:17.546,7 Laps,,7,11,5
2026,15_Canadian Tire Motorsport Park,Canadian Tire Motorsport Park,canadian-tire-motorsport-park,2026-07-12,202607121405_Race,102,95,15,9,1:17.312,7 Laps,,7,11,5
2026,15_Canadian Tire Motorsport Park,Canadian Tire Motorsport Park,canadian-tire-motorsport-park,2026-07-12,202607121405_Race,102,95,16,3,1:17.296,7 Laps,,7,11,5
2026,15_Canadian Tire Motorsport Park,Canadian Tire Motorsport Park,canadian-tire-motorsport-park,2026-07-12,202607121405_Race,102,95,17,68,1:17.527,7 Laps,,7,11,5
2026,15_Canadian Tire Motorsport Park,Canadian Tire Motorsport Park,canadian-tire-motorsport-park,2026-07-12,202607121405_Race,102,95,18,57,1:17.258,7 Laps,,7,11,5
2026,15_Canadian Tire Motorsport Park,Canadian Tire Motorsport Park,canadian-tire-motorsport-park,2026-07-12,202607121405_Race,102,95,19,12,1:17.429,7 Laps,,7,11,5
2026,15_Canadian Tire Motorsport Park,Canadian Tire Motorsport Park,canadian-tire-motorsport-park,2026-07-12,202607121405_Race,102,95,20,96,1:17.487,7 Laps,,7,11,5
2026,15_Canadian Tire Motorsport Park,Canadian Tire Motorsport Park,canadian-tire-motorsport-park,2026-07-12,202607121405_Race,102,54,21,11,1:11.631,48 Laps,,48,11,5
2026,15_Canadian Tire Motorsport Park,Canadian Tire Motorsport Park,canadian-tire-motorsport-park,2026-07-12,202607121405_Race,102,95,22,34,1:17.574,7 Laps,,7,11,5
2026,15_Canadian Tire Motorsport Park,Canadian Tire Motorsport Park,canadian-tire-motorsport-park,2026-07-12,202607121405_Race,102,95,23,45,1:17.844,7 Laps,,7,11,5
2026,15_Canadian Tire Motorsport Park,Canadian Tire Motorsport Park,canadian-tire-motorsport-park,2026-07-12,202607121405_Race,102,95,24,70,1:17.727,7 Laps,,7,11,5
2026,15_Canadian Tire Motorsport Park,Canadian Tire Motorsport Park,canadian-tire-motorsport-park,2026-07-12,202607121405_Race,102,102,25,52,1:11.640,1:01.049,61.049,,11,5
2026,15_Canadian Tire Motorsport Park,Canadian Tire Motorsport Park,canadian-tire-motorsport-park,2026-07-12,202607121405_Race,102,95,26,16,1:17.918,7 Laps,,7,11,5
2026,15_Canadian Tire Motorsport Park,Canadian Tire Motorsport Park,canadian-tire-motorsport-park,2026-07-12,202607121405_Race,102,95,27,120,1:18.254,7 Laps,,7,11,5
2026,15_Canadian Tire Motorsport Park,Canadian Tire Motorsport Park,canadian-tire-motorsport-park,2026-07-12,202607121405_Race,102,95,28,81,1:18.402,7 Laps,,7,11,5
2026,15_Canadian Tire Motorsport Park,Canadian Tire Motorsport Park,canadian-tire-motorsport-park,2026-07-12,202607121405_Race,102,102,29,22,1:10.407,1:02.741,62.741,,11,5
2026,15_Canadian Tire Motorsport Park,Canadian Tire Motorsport Park,canadian-tire-motorsport-park,2026-07-12,202607121405_Race,102,95,30,27,1:18.449,7 Laps,,7,11,5
2026,15_Canadian Tire Motorsport Park,Canadian Tire Motorsport Park,canadian-tire-motorsport-park,2026-07-12,202607121405_Race,102,102,31,73,1:09.740,1:05.297,65.297,,11,5
2026,15_Canadian Tire Motorsport Park,Canadian Tire Motorsport Park,canadian-tire-motorsport-park,2026-07-12,202607121405_Race,103,103,1,43,1:09.015,,,,11,5
2026,15_Canadian Tire Motorsport Park,Canadian Tire Motorsport Park,canadian-tire-motorsport-park,2026-07-12,202607121405_Race,103,95,2,66,1:18.416,8 Laps,,8,11,5
2026,15_Canadian Tire Motorsport Park,Canadian Tire Motorsport Park,canadian-tire-motorsport-park,2026-07-12,202607121405_Race,103,103,3,04,1:08.935,3.107,3.107,,11,5
2026,15_Canadian Tire Motorsport Park,Canadian Tire Motorsport Park,canadian-tire-motorsport-park,2026-07-12,202607121405_Race,103,92,4,2,1:10.406,11 Laps,,11,11,5
2026,15_Canadian Tire Motorsport Park,Canadian Tire Motorsport Park,canadian-tire-motorsport-park,2026-07-12,202607121405_Race,103,103,5,99,1:09.562,14.960,14.960,,11,5
2026,15_Canadian Tire Motorsport Park,Canadian Tire Motorsport Park,canadian-tire-motorsport-park,2026-07-12,202607121405_Race,103,96,6,14,1:18.252,7 Laps,,7,11,5
2026,15_Canadian Tire Motorsport Park,Canadian Tire Motorsport Park,canadian-tire-motorsport-park,2026-07-12,202607121405_Race,103,95,7,13,1:19.530,8 Laps,,8,11,5
2026,15_Canadian Tire Motorsport Park,Canadian Tire Motorsport Park,canadian-tire-motorsport-park,2026-07-12,202607121405_Race,103,96,8,77,1:17.881,7 Laps,,7,11,5
2026,15_Canadian Tire Motorsport Park,Canadian Tire Motorsport Park,canadian-tire-motorsport-park,2026-07-12,202607121405_Race,103,92,9,8,1:09.743,11 Laps,,11,11,5
2026,15_Canadian Tire Motorsport Park,Canadian Tire Motorsport Park,canadian-tire-motorsport-park,2026-07-12,202607121405_Race,103,96,10,1,1:17.344,7 Laps,,7,11,5
2026,15_Canadian Tire Motorsport Park,Canadian Tire Motorsport Park,canadian-tire-motorsport-park,2026-07-12,202607121405_Race,103,93,11,36,1:33.976,10 Laps,,10,12,1
2026,15_Canadian Tire Motorsport Park,Canadian Tire Motorsport Park,canadian-tire-motorsport-park,2026-07-12,202607121405_Race,103,96,12,4,1:17.159,7 Laps,,7,12,1
2026,15_Canadian Tire Motorsport Park,Canadian Tire Motorsport Park,canadian-tire-motorsport-park,2026-07-12,202607121405_Race,103,96,13,65,1:17.380,7 Laps,,7,12,1
2026,15_Canadian Tire Motorsport Park,Canadian Tire Motorsport Park,canadian-tire-motorsport-park,2026-07-12,202607121405_Race,103,96,14,59,1:17.296,7 Laps,,7,12,1
2026,15_Canadian Tire Motorsport Park,Canadian Tire Motorsport Park,canadian-tire-motorsport-park,2026-07-12,202607121405_Race,103,96,15,64,1:17.581,7 Laps,,7,12,1
2026,15_Canadian Tire Motorsport Park,Canadian Tire Motorsport Park,canadian-tire-motorsport-park,2026-07-12,202607121405_Race,103,96,16,9,1:17.135,7 Laps,,7,12,1
2026,15_Canadian Tire Motorsport Park,Canadian Tire Motorsport Park,canadian-tire-motorsport-park,2026-07-12,202607121405_Race,103,96,17,3,1:17.391,7 Laps,,7,12,1
2026,15_Canadian Tire Motorsport Park,Canadian Tire Motorsport Park,canadian-tire-motorsport-park,2026-07-12,202607121405_Race,103,55,18,11,1:11.113,48 Laps,,48,12,1
2026,15_Canadian Tire Motorsport Park,Canadian Tire Motorsport Park,canadian-tire-motorsport-park,2026-07-12,202607121405_Race,103,96,19,68,1:17.676,7 Laps,,7,12,1
2026,15_Canadian Tire Motorsport Park,Canadian Tire Motorsport Park,canadian-tire-motorsport-park,2026-07-12,202607121405_Race,103,96,20,57,1:17.340,7 Laps,,7,12,1
2026,15_Canadian Tire Motorsport Park,Canadian Tire Motorsport Park,canadian-tire-motorsport-park,2026-07-12,202607121405_Race,103,96,21,12,1:17.391,7 Laps,,7,12,1
2026,15_Canadian Tire Motorsport Park,Canadian Tire Motorsport Park,canadian-tire-motorsport-park,2026-07-12,202607121405_Race,103,96,22,96,1:17.574,7 Laps,,7,12,1
2026,15_Canadian Tire Motorsport Park,Canadian Tire Motorsport Park,canadian-tire-motorsport-park,2026-07-12,202607121405_Race,103,96,23,34,1:17.473,7 Laps,,7,12,1
2026,15_Canadian Tire Motorsport Park,Canadian Tire Motorsport Park,canadian-tire-motorsport-park,2026-07-12,202607121405_Race,103,96,24,45,1:17.339,7 Laps,,7,12,1
2026,15_Canadian Tire Motorsport Park,Canadian Tire Motorsport Park,canadian-tire-motorsport-park,2026-07-12,202607121405_Race,103,103,25,52,1:10.672,1:02.706,62.706,,12,1
2026,15_Canadian Tire Motorsport Park,Canadian Tire Motorsport Park,canadian-tire-motorsport-park,2026-07-12,202607121405_Race,103,103,26,22,1:12.988,1:06.714,66.714,,12,1
2026,15_Canadian Tire Motorsport Park,Canadian Tire Motorsport Park,canadian-tire-motorsport-park,2026-07-12,202607121405_Race,103,103,27,73,1:13.037,1:09.319,69.319,,12,1
2026,15_Canadian Tire Motorsport Park,Canadian Tire Motorsport Park,canadian-tire-motorsport-park,2026-07-12,202607121405_Race,103,96,28,70,1:18.413,7 Laps,,7,12,1
2026,15_Canadian Tire Motorsport Park,Canadian Tire Motorsport Park,canadian-tire-motorsport-park,2026-07-12,202607121405_Race,103,96,29,16,1:18.134,7 Laps,,7,12,1
2026,15_Canadian Tire Motorsport Park,Canadian Tire Motorsport Park,canadian-tire-motorsport-park,2026-07-12,202607121405_Race,104,104,1,43,1:10.682,,,,12,1
2026,15_Canadian Tire Motorsport Park,Canadian Tire Motorsport Park,canadian-tire-motorsport-park,2026-07-12,202607121405_Race,104,96,2,120,1:18.155,8 Laps,,8,12,1
2026,15_Canadian Tire Motorsport Park,Canadian Tire Motorsport Park,canadian-tire-motorsport-park,2026-07-12,202607121405_Race,104,96,3,81,1:18.313,8 Laps,,8,12,1
2026,15_Canadian Tire Motorsport Park,Canadian Tire Motorsport Park,canadian-tire-motorsport-park,2026-07-12,202607121405_Race,104,96,4,27,1:18.325,8 Laps,,8,12,1
2026,15_Canadian Tire Motorsport Park,Canadian Tire Motorsport Park,canadian-tire-motorsport-park,2026-07-12,202607121405_Race,104,104,5,04,1:09.770,2.195,2.195,,12,1
2026,15_Canadian Tire Motorsport Park,Canadian Tire Motorsport Park,canadian-tire-motorsport-park,2026-07-12,202607121405_Race,104,93,6,2,1:09.226,11 Laps,,11,12,1
2026,15_Canadian Tire Motorsport Park,Canadian Tire Motorsport Park,canadian-tire-motorsport-park,2026-07-12,202607121405_Race,104,96,7,66,1:17.902,8 Laps,,8,12,1
2026,15_Canadian Tire Motorsport Park,Canadian Tire Motorsport Park,canadian-tire-motorsport-park,2026-07-12,202607121405_Race,104,104,8,99,1:08.914,13.192,13.192,,12,1
2026,15_Canadian Tire Motorsport Park,Canadian Tire Motorsport Park,canadian-tire-motorsport-park,2026-07-12,202607121405_Race,104,97,9,14,1:17.511,7 Laps,,7,12,1
2026,15_Canadian Tire Motorsport Park,Canadian Tire Motorsport Park,canadian-tire-motorsport-park,2026-07-12,202607121405_Race,104,93,10,8,1:09.195,11 Laps,,11,12,1
2026,15_Canadian Tire Motorsport Park,Canadian Tire Motorsport Park,canadian-tire-motorsport-park,2026-07-12,202607121405_Race,104,96,11,13,1:18.632,8 Laps,,8,12,1
2026,15_Canadian Tire Motorsport Park,Canadian Tire Motorsport Park,canadian-tire-motorsport-park,2026-07-12,202607121405_Race,104,97,12,77,1:17.674,7 Laps,,7,12,1
2026,15_Canadian Tire Motorsport Park,Canadian Tire Motorsport Park,canadian-tire-motorsport-park,2026-07-12,202607121405_Race,104,97,13,1,1:16.964,7 Laps,,7,12,1
2026,15_Canadian Tire Motorsport Park,Canadian Tire Motorsport Park,canadian-tire-motorsport-park,2026-07-12,202607121405_Race,104,94,14,36,1:18.728,10 Laps,,10,12,1
2026,15_Canadian Tire Motorsport Park,Canadian Tire Motorsport Park,canadian-tire-motorsport-park,2026-07-12,202607121405_Race,104,97,15,4,1:17.316,7 Laps,,7,12,1
2026,15_Canadian Tire Motorsport Park,Canadian Tire Motorsport Park,canadian-tire-motorsport-park,2026-07-12,202607121405_Race,104,97,16,65,1:17.406,7 Laps,,7,12,1
2026,15_Canadian Tire Motorsport Park,Canadian Tire Motorsport Park,canadian-tire-motorsport-park,2026-07-12,202607121405_Race,104,56,17,11,1:11.289,48 Laps,,48,12,1
2026,15_Canadian Tire Motorsport Park,Canadian Tire Motorsport Park,canadian-tire-motorsport-park,2026-07-12,202607121405_Race,104,97,18,59,1:17.446,7 Laps,,7,12,1
2026,15_Canadian Tire Motorsport Park,Canadian Tire Motorsport Park,canadian-tire-motorsport-park,2026-07-12,202607121405_Race,104,97,19,64,1:17.275,7 Laps,,7,12,1
2026,15_Canadian Tire Motorsport Park,Canadian Tire Motorsport Park,canadian-tire-motorsport-park,2026-07-12,202607121405_Race,104,97,20,9,1:17.555,7 Laps,,7,12,1
2026,15_Canadian Tire Motorsport Park,Canadian Tire Motorsport Park,canadian-tire-motorsport-park,2026-07-12,202607121405_Race,104,97,21,3,1:17.418,7 Laps,,7,12,1
2026,15_Canadian Tire Motorsport Park,Canadian Tire Motorsport Park,canadian-tire-motorsport-park,2026-07-12,202607121405_Race,104,97,22,57,1:17.323,7 Laps,,7,12,1
2026,15_Canadian Tire Motorsport Park,Canadian Tire Motorsport Park,canadian-tire-motorsport-park,2026-07-12,202607121405_Race,104,97,23,12,1:17.659,7 Laps,,7,12,1
2026,15_Canadian Tire Motorsport Park,Canadian Tire Motorsport Park,canadian-tire-motorsport-park,2026-07-12,202607121405_Race,104,97,24,96,1:17.173,7 Laps,,7,12,1
2026,15_Canadian Tire Motorsport Park,Canadian Tire Motorsport Park,canadian-tire-motorsport-park,2026-07-12,202607121405_Race,104,97,25,68,1:26.335,7 Laps,,7,12,1
2026,15_Canadian Tire Motorsport Park,Canadian Tire Motorsport Park,canadian-tire-motorsport-park,2026-07-12,202607121405_Race,104,104,26,52,1:10.972,1:02.996,62.996,,12,1
2026,15_Canadian Tire Motorsport Park,Canadian Tire Motorsport Park,canadian-tire-motorsport-park,2026-07-12,202607121405_Race,104,97,27,34,1:17.532,7 Laps,,7,12,1
2026,15_Canadian Tire Motorsport Park,Canadian Tire Motorsport Park,canadian-tire-motorsport-park,2026-07-12,202607121405_Race,104,104,28,22,1:10.174,1:06.206,66.206,,12,1
2026,15_Canadian Tire Motorsport Park,Canadian Tire Motorsport Park,canadian-tire-motorsport-park,2026-07-12,202607121405_Race,104,97,29,45,1:17.309,7 Laps,,7,12,1
2026,15_Canadian Tire Motorsport Park,Canadian Tire Motorsport Park,canadian-tire-motorsport-park,2026-07-12,202607121405_Race,104,104,30,73,1:09.440,1:08.077,68.077,,12,1
2026,15_Canadian Tire Motorsport Park,Canadian Tire Motorsport Park,canadian-tire-motorsport-park,2026-07-12,202607121405_Race,105,105,1,43,1:10.014,,,,12,1
2026,15_Canadian Tire Motorsport Park,Canadian Tire Motorsport Park,canadian-tire-motorsport-park,2026-07-12,202607121405_Race,105,105,2,04,1:12.189,4.370,4.370,,12,1
2026,15_Canadian Tire Motorsport Park,Canadian Tire Motorsport Park,canadian-tire-motorsport-park,2026-07-12,202607121405_Race,105,97,3,70,1:18.316,8 Laps,,8,12,1
2026,15_Canadian Tire Motorsport Park,Canadian Tire Motorsport Park,canadian-tire-motorsport-park,2026-07-12,202607121405_Race,105,97,4,16,1:18.371,8 Laps,,8,12,1
2026,15_Canadian Tire Motorsport Park,Canadian Tire Motorsport Park,canadian-tire-motorsport-park,2026-07-12,202607121405_Race,105,94,5,2,1:11.626,11 Laps,,11,12,1
2026,15_Canadian Tire Motorsport Park,Canadian Tire Motorsport Park,canadian-tire-motorsport-park,2026-07-12,202607121405_Race,105,97,6,120,1:18.360,8 Laps,,8,12,1
2026,15_Canadian Tire Motorsport Park,Canadian Tire Motorsport Park,canadian-tire-motorsport-park,2026-07-12,202607121405_Race,105,97,7,81,1:18.142,8 Laps,,8,12,2
2026,15_Canadian Tire Motorsport Park,Canadian Tire Motorsport Park,canadian-tire-motorsport-park,2026-07-12,202607121405_Race,105,97,8,27,1:18.077,8 Laps,,8,12,2
2026,15_Canadian Tire Motorsport Park,Canadian Tire Motorsport Park,canadian-tire-motorsport-park,2026-07-12,202607121405_Race,105,105,9,99,1:09.819,12.997,12.997,,12,2
2026,15_Canadian Tire Motorsport Park,Canadian Tire Motorsport Park,canadian-tire-motorsport-park,2026-07-12,202607121405_Race,105,97,10,66,1:18.181,8 Laps,,8,12,2
2026,15_Canadian Tire Motorsport Park,Canadian Tire Motorsport Park,canadian-tire-motorsport-park,2026-07-12,202607121405_Race,105,94,11,8,1:08.617,11 Laps,,11,12,2
2026,15_Canadian Tire Motorsport Park,Canadian Tire Motorsport Park,canadian-tire-motorsport-park,2026-07-12,202607121405_Race,105,98,12,14,1:17.534,7 Laps,,7,12,2
2026,15_Canadian Tire Motorsport Park,Canadian Tire Motorsport Park,canadian-tire-motorsport-park,2026-07-12,202607121405_Race,105,97,13,13,1:18.147,8 Laps,,8,12,2
2026,15_Canadian Tire Motorsport Park,Canadian Tire Motorsport Park,canadian-tire-motorsport-park,2026-07-12,202607121405_Race,105,98,14,77,1:17.181,7 Laps,,7,12,2
2026,15_Canadian Tire Motorsport Park,Canadian Tire Motorsport Park,canadian-tire-motorsport-park,2026-07-12,202607121405_Race,105,98,15,1,1:17.012,7 Laps,,7,12,2
2026,15_Canadian Tire Motorsport Park,Canadian Tire Motorsport Park,canadian-tire-motorsport-park,2026-07-12,202607121405_Race,105,95,16,36,1:18.604,10 Laps,,10,12,2
2026,15_Canadian Tire Motorsport Park,Canadian Tire Motorsport Park,canadian-tire-motorsport-park,2026-07-12,202607121405_Race,105,98,17,4,1:17.448,7 Laps,,7,12,2
2026,15_Canadian Tire Motorsport Park,Canadian Tire Motorsport Park,canadian-tire-motorsport-park,2026-07-12,202607121405_Race,105,57,18,11,1:10.660,48 Laps,,48,12,2
2026,15_Canadian Tire Motorsport Park,Canadian Tire Motorsport Park,canadian-tire-motorsport-park,2026-07-12,202607121405_Race,105,98,19,65,1:17.581,7 Laps,,7,12,2
2026,15_Canadian Tire Motorsport Park,Canadian Tire Motorsport Park,canadian-tire-motorsport-park,2026-07-12,202607121405_Race,105,98,20,59,1:17.680,7 Laps,,7,12,2
2026,15_Canadian Tire Motorsport Park,Canadian Tire Motorsport Park,canadian-tire-motorsport-park,2026-07-12,202607121405_Race,105,98,21,64,1:17.515,7 Laps,,7,12,2
2026,15_Canadian Tire Motorsport Park,Canadian Tire Motorsport Park,canadian-tire-motorsport-park,2026-07-12,202607121405_Race,105,98,22,9,1:17.366,7 Laps,,7,12,2
2026,15_Canadian Tire Motorsport Park,Canadian Tire Motorsport Park,canadian-tire-motorsport-park,2026-07-12,202607121405_Race,105,98,23,3,1:17.441,7 Laps,,7,12,2
2026,15_Canadian Tire Motorsport Park,Canadian Tire Motorsport Park,canadian-tire-motorsport-park,2026-07-12,202607121405_Race,105,98,24,57,1:17.257,7 Laps,,7,12,2
2026,15_Canadian Tire Motorsport Park,Canadian Tire Motorsport Park,canadian-tire-motorsport-park,2026-07-12,202607121405_Race,105,105,25,52,1:11.016,1:03.998,63.998,,12,2
2026,15_Canadian Tire Motorsport Park,Canadian Tire Motorsport Park,canadian-tire-motorsport-park,2026-07-12,202607121405_Race,105,98,26,12,1:17.791,7 Laps,,7,12,2
2026,15_Canadian Tire Motorsport Park,Canadian Tire Motorsport Park,canadian-tire-motorsport-park,2026-07-12,202607121405_Race,105,98,27,96,1:17.491,7 Laps,,7,12,2
2026,15_Canadian Tire Motorsport Park,Canadian Tire Motorsport Park,canadian-tire-motorsport-park,2026-07-12,202607121405_Race,105,105,28,22,1:10.997,1:07.189,67.189,,12,2
2026,15_Canadian Tire Motorsport Park,Canadian Tire Motorsport Park,canadian-tire-motorsport-park,2026-07-12,202607121405_Race,105,105,29,73,1:10.786,1:08.849,68.849,,12,2
2026,15_Canadian Tire Motorsport Park,Canadian Tire Motorsport Park,canadian-tire-motorsport-park,2026-07-12,202607121405_Race,106,106,1,43,1:10.861,,,,12,2
2026,15_Canadian Tire Motorsport Park,Canadian Tire Motorsport Park,canadian-tire-motorsport-park,2026-07-12,202607121405_Race,106,98,2,34,1:18.090,8 Laps,,8,12,2
2026,15_Canadian Tire Motorsport Park,Canadian Tire Motorsport Park,canadian-tire-motorsport-park,2026-07-12,202607121405_Race,106,106,3,04,1:09.783,3.292,3.292,,12,2
2026,15_Canadian Tire Motorsport Park,Canadian Tire Motorsport Park,canadian-tire-motorsport-park,2026-07-12,202607121405_Race,106,98,4,45,1:18.444,8 Laps,,8,12,2
2026,15_Canadian Tire Motorsport Park,Canadian Tire Motorsport Park,canadian-tire-motorsport-park,2026-07-12,202607121405_Race,106,95,5,2,1:10.669,11 Laps,,11,12,2
2026,15_Canadian Tire Motorsport Park,Canadian Tire Motorsport Park,canadian-tire-motorsport-park,2026-07-12,202607121405_Race,106,106,6,99,1:11.054,13.190,13.190,,12,2
2026,15_Canadian Tire Motorsport Park,Canadian Tire Motorsport Park,canadian-tire-motorsport-park,2026-07-12,202607121405_Race,106,98,7,70,1:18.633,8 Laps,,8,12,2
2026,15_Canadian Tire Motorsport Park,Canadian Tire Motorsport Park,canadian-tire-motorsport-park,2026-07-12,202607121405_Race,106,98,8,16,1:18.353,8 Laps,,8,12,2
2026,15_Canadian Tire Motorsport Park,Canadian Tire Motorsport Park,canadian-tire-motorsport-park,2026-07-12,202607121405_Race,106,98,9,120,1:18.187,8 Laps,,8,12,2
2026,15_Canadian Tire Motorsport Park,Canadian Tire Motorsport Park,canadian-tire-motorsport-park,2026-07-12,202607121405_Race,106,98,10,81,1:18.301,8 Laps,,8,12,2
2026,15_Canadian Tire Motorsport Park,Canadian Tire Motorsport Park,canadian-tire-motorsport-park,2026-07-12,202607121405_Race,106,98,11,27,1:18.313,8 Laps,,8,12,2
2026,15_Canadian Tire Motorsport Park,Canadian Tire Motorsport Park,canadian-tire-motorsport-park,2026-07-12,202607121405_Race,106,95,12,8,1:10.130,11 Laps,,11,12,2
2026,15_Canadian Tire Motorsport Park,Canadian Tire Motorsport Park,canadian-tire-motorsport-park,2026-07-12,202607121405_Race,106,98,13,66,1:18.114,8 Laps,,8,12,2
2026,15_Canadian Tire Motorsport Park,Canadian Tire Motorsport Park,canadian-tire-motorsport-park,2026-07-12,202607121405_Race,106,98,14,68,1:49.377,8 Laps,,8,12,2
2026,15_Canadian Tire Motorsport Park,Canadian Tire Motorsport Park,canadian-tire-motorsport-park,2026-07-12,202607121405_Race,106,99,15,14,1:17.327,7 Laps,,7,12,2
2026,15_Canadian Tire Motorsport Park,Canadian Tire Motorsport Park,canadian-tire-motorsport-park,2026-07-12,202607121405_Race,106,98,16,13,1:18.063,8 Laps,,8,12,2
2026,15_Canadian Tire Motorsport Park,Canadian Tire Motorsport Park,canadian-tire-motorsport-park,2026-07-12,202607121405_Race,106,99,17,77,1:17.123,7 Laps,,7,12,2
2026,15_Canadian Tire Motorsport Park,Canadian Tire Motorsport Park,canadian-tire-motorsport-park,2026-07-12,202607121405_Race,106,99,18,1,1:16.824,7 Laps,,7,12,2
2026,15_Canadian Tire Motorsport Park,Canadian Tire Motorsport Park,canadian-tire-motorsport-park,2026-07-12,202607121405_Race,106,58,19,11,1:09.430,48 Laps,,48,12,2
2026,15_Canadian Tire Motorsport Park,Canadian Tire Motorsport Park,canadian-tire-motorsport-park,2026-07-12,202607121405_Race,106,96,20,36,1:18.311,10 Laps,,10,12,2
2026,15_Canadian Tire Motorsport Park,Canadian Tire Motorsport Park,canadian-tire-motorsport-park,2026-07-12,202607121405_Race,106,99,21,4,1:17.530,7 Laps,,7,12,2
2026,15_Canadian Tire Motorsport Park,Canadian Tire Motorsport Park,canadian-tire-motorsport-park,2026-07-12,202607121405_Race,106,99,22,65,1:17.482,7 Laps,,7,12,2
2026,15_Canadian Tire Motorsport Park,Canadian Tire Motorsport Park,canadian-tire-motorsport-park,2026-07-12,202607121405_Race,106,99,23,59,1:17.422,7 Laps,,7,12,2
2026,15_Canadian Tire Motorsport Park,Canadian Tire Motorsport Park,canadian-tire-motorsport-park,2026-07-12,202607121405_Race,106,99,24,64,1:17.391,7 Laps,,7,12,2
2026,15_Canadian Tire Motorsport Park,Canadian Tire Motorsport Park,canadian-tire-motorsport-park,2026-07-12,202607121405_Race,106,106,25,52,1:11.152,1:04.289,64.289,,12,2
2026,15_Canadian Tire Motorsport Park,Canadian Tire Motorsport Park,canadian-tire-motorsport-park,2026-07-12,202607121405_Race,106,99,26,9,1:17.433,7 Laps,,7,12,2
2026,15_Canadian Tire Motorsport Park,Canadian Tire Motorsport Park,canadian-tire-motorsport-park,2026-07-12,202607121405_Race,106,106,27,22,1:10.678,1:07.006,67.006,,12,2
2026,15_Canadian Tire Motorsport Park,Canadian Tire Motorsport Park,canadian-tire-motorsport-park,2026-07-12,202607121405_Race,106,99,28,3,1:17.466,7 Laps,,7,12,2
2026,15_Canadian Tire Motorsport Park,Canadian Tire Motorsport Park,canadian-tire-motorsport-park,2026-07-12,202607121405_Race,106,106,29,73,1:10.695,1:08.683,68.683,,12,2
2026,15_Canadian Tire Motorsport Park,Canadian Tire Motorsport Park,canadian-tire-motorsport-park,2026-07-12,202607121405_Race,106,99,30,57,1:17.683,7 Laps,,7,12,2
2026,15_Canadian Tire Motorsport Park,Canadian Tire Motorsport Park,canadian-tire-motorsport-park,2026-07-12,202607121405_Race,107,107,1,43,1:10.354,,,,12,2
2026,15_Canadian Tire Motorsport Park,Canadian Tire Motorsport Park,canadian-tire-motorsport-park,2026-07-12,202607121405_Race,107,99,2,12,1:17.322,8 Laps,,8,12,2
2026,15_Canadian Tire Motorsport Park,Canadian Tire Motorsport Park,canadian-tire-motorsport-park,2026-07-12,202607121405_Race,107,107,3,04,1:10.859,3.797,3.797,,12,3
2026,15_Canadian Tire Motorsport Park,Canadian Tire Motorsport Park,canadian-tire-motorsport-park,2026-07-12,202607121405_Race,107,99,4,96,1:18.384,8 Laps,,8,12,3
2026,15_Canadian Tire Motorsport Park,Canadian Tire Motorsport Park,canadian-tire-motorsport-park,2026-07-12,202607121405_Race,107,96,5,2,1:10.436,11 Laps,,11,12,3
2026,15_Canadian Tire Motorsport Park,Canadian Tire Motorsport Park,canadian-tire-motorsport-park,2026-07-12,202607121405_Race,107,99,6,34,1:17.775,8 Laps,,8,12,3
2026,15_Canadian Tire Motorsport Park,Canadian Tire Motorsport Park,canadian-tire-motorsport-park,2026-07-12,202607121405_Race,107,99,7,45,1:17.567,8 Laps,,8,12,3
2026,15_Canadian Tire Motorsport Park,Canadian Tire Motorsport Park,canadian-tire-motorsport-park,2026-07-12,202607121405_Race,107,107,8,99,1:09.210,12.046,12.046,,12,3
2026,15_Canadian Tire Motorsport Park,Canadian Tire Motorsport Park,canadian-tire-motorsport-park,2026-07-12,202607121405_Race,107,96,9,8,1:10.494,11 Laps,,11,12,3
2026,15_Canadian Tire Motorsport Park,Canadian Tire Motorsport Park,canadian-tire-motorsport-park,2026-07-12,202607121405_Race,107,99,10,70,1:17.988,8 Laps,,8,12,3
2026,15_Canadian Tire Motorsport Park,Canadian Tire Motorsport Park,canadian-tire-motorsport-park,2026-07-12,202607121405_Race,107,99,11,16,1:18.086,8 Laps,,8,12,3
2026,15_Canadian Tire Motorsport Park,Canadian Tire Motorsport Park,canadian-tire-motorsport-park,2026-07-12,202607121405_Race,107,99,12,120,1:18.174,8 Laps,,8,12,3
2026,15_Canadian Tire Motorsport Park,Canadian Tire Motorsport Park,canadian-tire-motorsport-park,2026-07-12,202607121405_Race,107,99,13,27,1:17.694,8 Laps,,8,12,3
2026,15_Canadian Tire Motorsport Park,Canadian Tire Motorsport Park,canadian-tire-motorsport-park,2026-07-12,202607121405_Race,107,99,14,81,1:18.621,8 Laps,,8,12,3
2026,15_Canadian Tire Motorsport Park,Canadian Tire Motorsport Park,canadian-tire-motorsport-park,2026-07-12,202607121405_Race,107,99,15,66,1:18.164,8 Laps,,8,12,3
2026,15_Canadian Tire Motorsport Park,Canadian Tire Motorsport Park,canadian-tire-motorsport-park,2026-07-12,202607121405_Race,107,99,16,68,1:18.120,8 Laps,,8,12,3
2026,15_Canadian Tire Motorsport Park,Canadian Tire Motorsport Park,canadian-tire-motorsport-park,2026-07-12,202607121405_Race,107,100,17,14,1:17.388,7 Laps,,7,12,3
2026,15_Canadian Tire Motorsport Park,Canadian Tire Motorsport Park,canadian-tire-motorsport-park,2026-07-12,202607121405_Race,107,59,18,11,1:11.468,48 Laps,,48,12,3
2026,15_Canadian Tire Motorsport Park,Canadian Tire Motorsport Park,canadian-tire-motorsport-park,2026-07-12,202607121405_Race,107,99,19,13,1:18.122,8 Laps,,8,12,3
2026,15_Canadian Tire Motorsport Park,Canadian Tire Motorsport Park,canadian-tire-motorsport-park,2026-07-12,202607121405_Race,107,100,20,77,1:17.218,7 Laps,,7,12,3
2026,15_Canadian Tire Motorsport Park,Canadian Tire Motorsport Park,canadian-tire-motorsport-park,2026-07-12,202607121405_Race,107,100,21,1,1:16.718,7 Laps,,7,12,3
2026,15_Canadian Tire Motorsport Park,Canadian Tire Motorsport Park,canadian-tire-motorsport-park,2026-07-12,202607121405_Race,107,97,22,36,1:17.865,10 Laps,,10,12,3
2026,15_Canadian Tire Motorsport Park,Canadian Tire Motorsport Park,canadian-tire-motorsport-park,2026-07-12,202607121405_Race,107,100,23,4,1:17.350,7 Laps,,7,12,3
2026,15_Canadian Tire Motorsport Park,Canadian Tire Motorsport Park,canadian-tire-motorsport-park,2026-07-12,202607121405_Race,107,107,24,52,1:10.386,1:04.321,64.321,,12,3
2026,15_Canadian Tire Motorsport Park,Canadian Tire Motorsport Park,canadian-tire-motorsport-park,2026-07-12,202607121405_Race,107,107,25,22,1:11.508,1:08.160,68.160,,12,3
2026,15_Canadian Tire Motorsport Park,Canadian Tire Motorsport Park,canadian-tire-motorsport-park,2026-07-12,202607121405_Race,107,100,26,65,1:17.870,7 Laps,,7,12,3
2026,15_Canadian Tire Motorsport Park,Canadian Tire Motorsport Park,canadian-tire-motorsport-park,2026-07-12,202607121405_Race,107,100,27,59,1:17.949,7 Laps,,7,12,3
2026,15_Canadian Tire Motorsport Park,Canadian Tire Motorsport Park,canadian-tire-motorsport-park,2026-07-12,202607121405_Race,107,107,28,73,1:12.084,1:10.413,70.413,,12,3
2026,15_Canadian Tire Motorsport Park,Canadian Tire Motorsport Park,canadian-tire-motorsport-park,2026-07-12,202607121405_Race,107,100,29,64,1:18.002,7 Laps,,7,12,3
2026,15_Canadian Tire Motorsport Park,Canadian Tire Motorsport Park,canadian-tire-motorsport-park,2026-07-12,202607121405_Race,108,108,1,43,1:11.016,,,,12,3
2026,15_Canadian Tire Motorsport Park,Canadian Tire Motorsport Park,canadian-tire-motorsport-park,2026-07-12,202607121405_Race,108,100,2,9,1:18.405,8 Laps,,8,12,3
2026,15_Canadian Tire Motorsport Park,Canadian Tire Motorsport Park,canadian-tire-motorsport-park,2026-07-12,202607121405_Race,108,108,3,04,1:10.562,3.343,3.343,,12,3
2026,15_Canadian Tire Motorsport Park,Canadian Tire Motorsport Park,canadian-tire-motorsport-park,2026-07-12,202607121405_Race,108,100,4,3,1:18.217,8 Laps,,8,12,3
2026,15_Canadian Tire Motorsport Park,Canadian Tire Motorsport Park,canadian-tire-motorsport-park,2026-07-12,202607121405_Race,108,100,5,57,1:17.094,8 Laps,,8,12,3
2026,15_Canadian Tire Motorsport Park,Canadian Tire Motorsport Park,canadian-tire-motorsport-park,2026-07-12,202607121405_Race,108,100,6,12,1:17.184,8 Laps,,8,12,3
2026,15_Canadian Tire Motorsport Park,Canadian Tire Motorsport Park,canadian-tire-motorsport-park,2026-07-12,202607121405_Race,108,97,7,2,1:10.428,11 Laps,,11,12,3
2026,15_Canadian Tire Motorsport Park,Canadian Tire Motorsport Park,canadian-tire-motorsport-park,2026-07-12,202607121405_Race,108,100,8,96,1:17.581,8 Laps,,8,12,3
2026,15_Canadian Tire Motorsport Park,Canadian Tire Motorsport Park,canadian-tire-motorsport-park,2026-07-12,202607121405_Race,108,100,9,34,1:17.917,8 Laps,,8,12,3
2026,15_Canadian Tire Motorsport Park,Canadian Tire Motorsport Park,canadian-tire-motorsport-park,2026-07-12,202607121405_Race,108,100,10,45,1:17.563,8 Laps,,8,12,3
2026,15_Canadian Tire Motorsport Park,Canadian Tire Motorsport Park,canadian-tire-motorsport-park,2026-07-12,202607121405_Race,108,97,11,8,1:08.717,11 Laps,,11,12,3
2026,15_Canadian Tire Motorsport Park,Canadian Tire Motorsport Park,canadian-tire-motorsport-park,2026-07-12,202607121405_Race,108,108,12,99,1:19.274,20.304,20.304,,12,3
2026,15_Canadian Tire Motorsport Park,Canadian Tire Motorsport Park,canadian-tire-motorsport-park,2026-07-12,202607121405_Race,108,100,13,70,1:17.649,8 Laps,,8,12,3
2026,15_Canadian Tire Motorsport Park,Canadian Tire Motorsport Park,canadian-tire-motorsport-park,2026-07-12,202607121405_Race,108,100,14,16,1:17.966,8 Laps,,8,12,3
2026,15_Canadian Tire Motorsport Park,Canadian Tire Motorsport Park,canadian-tire-motorsport-park,2026-07-12,202607121405_Race,108,100,15,120,1:17.866,8 Laps,,8,12,3
2026,15_Canadian Tire Motorsport Park,Canadian Tire Motorsport Park,canadian-tire-motorsport-park,2026-07-12,202607121405_Race,108,100,16,27,1:17.890,8 Laps,,8,12,3
2026,15_Canadian Tire Motorsport Park,Canadian Tire Motorsport Park,canadian-tire-motorsport-park,2026-07-12,202607121405_Race,108,100,17,81,1:17.877,8 Laps,,8,12,3
2026,15_Canadian Tire Motorsport Park,Canadian Tire Motorsport Park,canadian-tire-motorsport-park,2026-07-12,202607121405_Race,108,100,18,66,1:18.176,8 Laps,,8,12,3
2026,15_Canadian Tire Motorsport Park,Canadian Tire Motorsport Park,canadian-tire-motorsport-park,2026-07-12,202607121405_Race,108,100,19,68,1:16.644,8 Laps,,8,12,3
2026,15_Canadian Tire Motorsport Park,Canadian Tire Motorsport Park,canadian-tire-motorsport-park,2026-07-12,202607121405_Race,108,60,20,11,1:09.771,48 Laps,,48,12,3
2026,15_Canadian Tire Motorsport Park,Canadian Tire Motorsport Park,canadian-tire-motorsport-park,2026-07-12,202607121405_Race,108,101,21,14,1:17.191,7 Laps,,7,12,3
2026,15_Canadian Tire Motorsport Park,Canadian Tire Motorsport Park,canadian-tire-motorsport-park,2026-07-12,202607121405_Race,108,100,22,13,1:17.952,8 Laps,,8,12,3
2026,15_Canadian Tire Motorsport Park,Canadian Tire Motorsport Park,canadian-tire-motorsport-park,2026-07-12,202607121405_Race,108,101,23,77,1:16.951,7 Laps,,7,12,3
2026,15_Canadian Tire Motorsport Park,Canadian Tire Motorsport Park,canadian-tire-motorsport-park,2026-07-12,202607121405_Race,108,101,24,1,1:16.905,7 Laps,,7,12,3
2026,15_Canadian Tire Motorsport Park,Canadian Tire Motorsport Park,canadian-tire-motorsport-park,2026-07-12,202607121405_Race,108,108,25,52,1:10.218,1:03.523,63.523,,12,3
2026,15_Canadian Tire Motorsport Park,Canadian Tire Motorsport Park,canadian-tire-motorsport-park,2026-07-12,202607121405_Race,108,98,26,36,1:17.641,10 Laps,,10,12,3
2026,15_Canadian Tire Motorsport Park,Canadian Tire Motorsport Park,canadian-tire-motorsport-park,2026-07-12,202607121405_Race,108,108,27,22,1:10.426,1:07.570,67.570,,12,3
2026,15_Canadian Tire Motorsport Park,Canadian Tire Motorsport Park,canadian-tire-motorsport-park,2026-07-12,202607121405_Race,108,101,28,4,1:17.417,7 Laps,,7,12,3
2026,15_Canadian Tire Motorsport Park,Canadian Tire Motorsport Park,canadian-tire-motorsport-park,2026-07-12,202607121405_Race,108,108,29,73,1:10.130,1:09.527,69.527,,12,3
2026,15_Canadian Tire Motorsport Park,Canadian Tire Motorsport Park,canadian-tire-motorsport-park,2026-07-12,202607121405_Race,109,109,1,43,1:10.786,,,,12,4
2026,15_Canadian Tire Motorsport Park,Canadian Tire Motorsport Park,canadian-tire-motorsport-park,2026-07-12,202607121405_Race,109,101,2,65,1:17.708,8 Laps,,8,12,4
2026,15_Canadian Tire Motorsport Park,Canadian Tire Motorsport Park,canadian-tire-motorsport-park,2026-07-12,202607121405_Race,109,109,3,04,1:12.617,5.174,5.174,,12,4
2026,15_Canadian Tire Motorsport Park,Canadian Tire Motorsport Park,canadian-tire-motorsport-park,2026-07-12,202607121405_Race,109,101,4,59,1:17.856,8 Laps,,8,12,4
2026,15_Canadian Tire Motorsport Park,Canadian Tire Motorsport Park,canadian-tire-motorsport-park,2026-07-12,202607121405_Race,109,101,5,64,1:17.548,8 Laps,,8,12,4
2026,15_Canadian Tire Motorsport Park,Canadian Tire Motorsport Park,canadian-tire-motorsport-park,2026-07-12,202607121405_Race,109,98,6,2,1:10.819,11 Laps,,11,12,4
2026,15_Canadian Tire Motorsport Park,Canadian Tire Motorsport Park,canadian-tire-motorsport-park,2026-07-12,202607121405_Race,109,101,7,9,1:17.954,8 Laps,,8,12,4
2026,15_Canadian Tire Motorsport Park,Canadian Tire Motorsport Park,canadian-tire-motorsport-park,2026-07-12,202607121405_Race,109,101,8,3,1:17.796,8 Laps,,8,12,4
2026,15_Canadian Tire Motorsport Park,Canadian Tire Motorsport Park,canadian-tire-motorsport-park,2026-07-12,202607121405_Race,109,101,9,57,1:17.498,8 Laps,,8,12,4
2026,15_Canadian Tire Motorsport Park,Canadian Tire Motorsport Park,canadian-tire-motorsport-park,2026-07-12,202607121405_Race,109,101,10,12,1:17.254,8 Laps,,8,12,4
2026,15_Canadian Tire Motorsport Park,Canadian Tire Motorsport Park,canadian-tire-motorsport-park,2026-07-12,202607121405_Race,109,98,11,8,1:10.388,11 Laps,,11,12,4
2026,15_Canadian Tire Motorsport Park,Canadian Tire Motorsport Park,canadian-tire-motorsport-park,2026-07-12,202607121405_Race,109,101,12,96,1:17.849,8 Laps,,8,12,4
2026,15_Canadian Tire Motorsport Park,Canadian Tire Motorsport Park,canadian-tire-motorsport-park,2026-07-12,202607121405_Race,109,101,13,34,1:17.435,8 Laps,,8,12,4
2026,15_Canadian Tire Motorsport Park,Canadian Tire Motorsport Park,canadian-tire-motorsport-park,2026-07-12,202607121405_Race,109,101,14,45,1:17.573,8 Laps,,8,12,4
2026,15_Canadian Tire Motorsport Park,Canadian Tire Motorsport Park,canadian-tire-motorsport-park,2026-07-12,202607121405_Race,109,101,15,70,1:17.826,8 Laps,,8,12,4
2026,15_Canadian Tire Motorsport Park,Canadian Tire Motorsport Park,canadian-tire-motorsport-park,2026-07-12,202607121405_Race,109,101,16,16,1:17.757,8 Laps,,8,12,4
2026,15_Canadian Tire Motorsport Park,Canadian Tire Motorsport Park,canadian-tire-motorsport-park,2026-07-12,202607121405_Race,109,101,17,120,1:17.782,8 Laps,,8,12,4
2026,15_Canadian Tire Motorsport Park,Canadian Tire Motorsport Park,canadian-tire-motorsport-park,2026-07-12,202607121405_Race,109,101,18,27,1:17.793,8 Laps,,8,12,4
2026,15_Canadian Tire Motorsport Park,Canadian Tire Motorsport Park,canadian-tire-motorsport-park,2026-07-12,202607121405_Race,109,101,19,81,1:17.752,8 Laps,,8,12,4
2026,15_Canadian Tire Motorsport Park,Canadian Tire Motorsport Park,canadian-tire-motorsport-park,2026-07-12,202607121405_Race,109,109,20,99,1:33.491,43.009,43.009,,12,4
2026,15_Canadian Tire Motorsport Park,Canadian Tire Motorsport Park,canadian-tire-motorsport-park,2026-07-12,202607121405_Race,109,61,21,11,1:11.395,48 Laps,,48,12,4
2026,15_Canadian Tire Motorsport Park,Canadian Tire Motorsport Park,canadian-tire-motorsport-park,2026-07-12,202607121405_Race,109,101,22,66,1:18.401,8 Laps,,8,12,4
2026,15_Canadian Tire Motorsport Park,Canadian Tire Motorsport Park,canadian-tire-motorsport-park,2026-07-12,202607121405_Race,109,101,23,68,1:16.715,8 Laps,,8,12,4
2026,15_Canadian Tire Motorsport Park,Canadian Tire Motorsport Park,canadian-tire-motorsport-park,2026-07-12,202607121405_Race,109,102,24,14,1:17.254,7 Laps,,7,12,4
2026,15_Canadian Tire Motorsport Park,Canadian Tire Motorsport Park,canadian-tire-motorsport-park,2026-07-12,202607121405_Race,109,101,25,13,1:17.925,8 Laps,,8,12,4
2026,15_Canadian Tire Motorsport Park,Canadian Tire Motorsport Park,canadian-tire-motorsport-park,2026-07-12,202607121405_Race,109,102,26,77,1:17.239,7 Laps,,7,12,4
2026,15_Canadian Tire Motorsport Park,Canadian Tire Motorsport Park,canadian-tire-motorsport-park,2026-07-12,202607121405_Race,109,109,27,52,1:10.961,1:03.698,63.698,,12,4
2026,15_Canadian Tire Motorsport Park,Canadian Tire Motorsport Park,canadian-tire-motorsport-park,2026-07-12,202607121405_Race,109,102,28,1,1:17.253,7 Laps,,7,12,4
2026,15_Canadian Tire Motorsport Park,Canadian Tire Motorsport Park,canadian-tire-motorsport-park,2026-07-12,202607121405_Race,109,109,29,22,1:09.762,1:06.546,66.546,,12,4
2026,15_Canadian Tire Motorsport Park,Canadian Tire Motorsport Park,canadian-tire-motorsport-park,2026-07-12,202607121405_Race,109,109,30,73,1:10.242,1:08.983,68.983,,12,4
2026,15_Canadian Tire Motorsport Park,Canadian Tire Motorsport Park,canadian-tire-motorsport-park,2026-07-12,202607121405_Race,110,110,1,43,1:10.122,,,,12,4
2026,15_Canadian Tire Motorsport Park,Canadian Tire Motorsport Park,canadian-tire-motorsport-park,2026-07-12,202607121405_Race,110,102,2,4,1:17.829,8 Laps,,8,12,4
2026,15_Canadian Tire Motorsport Park,Canadian Tire Motorsport Park,canadian-tire-motorsport-park,2026-07-12,202607121405_Race,110,110,3,04,1:10.350,5.402,5.402,,12,4
2026,15_Canadian Tire Motorsport Park,Canadian Tire Motorsport Park,canadian-tire-motorsport-park,2026-07-12,202607121405_Race,110,99,4,36,1:19.980,11 Laps,,11,12,4
2026,15_Canadian Tire Motorsport Park,Canadian Tire Motorsport Park,canadian-tire-motorsport-park,2026-07-12,202607121405_Race,110,99,5,2,1:10.486,11 Laps,,11,12,4
2026,15_Canadian Tire Motorsport Park,Canadian Tire Motorsport Park,canadian-tire-motorsport-park,2026-07-12,202607121405_Race,110,102,6,65,1:17.821,8 Laps,,8,12,4
2026,15_Canadian Tire Motorsport Park,Canadian Tire Motorsport Park,canadian-tire-motorsport-park,2026-07-12,202607121405_Race,110,102,7,59,1:17.748,8 Laps,,8,12,4
2026,15_Canadian Tire Motorsport Park,Canadian Tire Motorsport Park,canadian-tire-motorsport-park,2026-07-12,202607121405_Race,110,102,8,64,1:17.699,8 Laps,,8,12,4
2026,15_Canadian Tire Motorsport Park,Canadian Tire Motorsport Park,canadian-tire-motorsport-park,2026-07-12,202607121405_Race,110,102,9,9,1:17.381,8 Laps,,8,12,4
2026,15_Canadian Tire Motorsport Park,Canadian Tire Motorsport Park,canadian-tire-motorsport-park,2026-07-12,202607121405_Race,110,102,10,3,1:17.495,8 Laps,,8,12,4
2026,15_Canadian Tire Motorsport Park,Canadian Tire Motorsport Park,canadian-tire-motorsport-park,2026-07-12,202607121405_Race,110,99,11,8,1:10.566,11 Laps,,11,12,4
2026,15_Canadian Tire Motorsport Park,Canadian Tire Motorsport Park,canadian-tire-motorsport-park,2026-07-12,202607121405_Race,110,102,12,57,1:17.436,8 Laps,,8,12,4
2026,15_Canadian Tire Motorsport Park,Canadian Tire Motorsport Park,canadian-tire-motorsport-park,2026-07-12,202607121405_Race,110,102,13,12,1:17.186,8 Laps,,8,12,4
2026,15_Canadian Tire Motorsport Park,Canadian Tire Motorsport Park,canadian-tire-motorsport-park,2026-07-12,202607121405_Race,110,102,14,96,1:17.795,8 Laps,,8,12,4
2026,15_Canadian Tire Motorsport Park,Canadian Tire Motorsport Park,canadian-tire-motorsport-park,2026-07-12,202607121405_Race,110,102,15,34,1:17.430,8 Laps,,8,12,4
2026,15_Canadian Tire Motorsport Park,Canadian Tire Motorsport Park,canadian-tire-motorsport-park,2026-07-12,202607121405_Race,110,102,16,45,1:17.416,8 Laps,,8,12,4
2026,15_Canadian Tire Motorsport Park,Canadian Tire Motorsport Park,canadian-tire-motorsport-park,2026-07-12,202607121405_Race,110,102,17,70,1:17.986,8 Laps,,8,12,4
2026,15_Canadian Tire Motorsport Park,Canadian Tire Motorsport Park,canadian-tire-motorsport-park,2026-07-12,202607121405_Race,110,110,18,99,1:11.829,44.716,44.716,,12,4
2026,15_Canadian Tire Motorsport Park,Canadian Tire Motorsport Park,canadian-tire-motorsport-park,2026-07-12,202607121405_Race,110,102,19,16,1:18.056,8 Laps,,8,12,4
2026,15_Canadian Tire Motorsport Park,Canadian Tire Motorsport Park,canadian-tire-motorsport-park,2026-07-12,202607121405_Race,110,102,20,120,1:17.999,8 Laps,,8,12,4
2026,15_Canadian Tire Motorsport Park,Canadian Tire Motorsport Park,canadian-tire-motorsport-park,2026-07-12,202607121405_Race,110,102,21,27,1:18.034,8 Laps,,8,12,4
2026,15_Canadian Tire Motorsport Park,Canadian Tire Motorsport Park,canadian-tire-motorsport-park,2026-07-12,202607121405_Race,110,62,22,11,1:09.661,48 Laps,,48,12,4
2026,15_Canadian Tire Motorsport Park,Canadian Tire Motorsport Park,canadian-tire-motorsport-park,2026-07-12,202607121405_Race,110,102,23,81,1:18.528,8 Laps,,8,12,4
2026,15_Canadian Tire Motorsport Park,Canadian Tire Motorsport Park,canadian-tire-motorsport-park,2026-07-12,202607121405_Race,110,102,24,66,1:18.555,8 Laps,,8,12,4
2026,15_Canadian Tire Motorsport Park,Canadian Tire Motorsport Park,canadian-tire-motorsport-park,2026-07-12,202607121405_Race,110,102,25,68,1:16.226,8 Laps,,8,12,4
2026,15_Canadian Tire Motorsport Park,Canadian Tire Motorsport Park,canadian-tire-motorsport-park,2026-07-12,202607121405_Race,110,103,26,14,1:17.282,7 Laps,,7,12,5
2026,15_Canadian Tire Motorsport Park,Canadian Tire Motorsport Park,canadian-tire-motorsport-park,2026-07-12,202607121405_Race,110,110,27,52,1:10.556,1:04.132,64.132,,12,5
2026,15_Canadian Tire Motorsport Park,Canadian Tire Motorsport Park,canadian-tire-motorsport-park,2026-07-12,202607121405_Race,110,110,28,22,1:10.548,1:06.972,66.972,,12,5
2026,15_Canadian Tire Motorsport Park,Canadian Tire Motorsport Park,canadian-tire-motorsport-park,2026-07-12,202607121405_Race,110,110,29,73,1:11.720,1:10.581,70.581,,12,5
2026,15_Canadian Tire Motorsport Park,Canadian Tire Motorsport Park,canadian-tire-motorsport-park,2026-07-12,202607121405_Race,111,111,1,43,1:11.033,,,,12,5
2026,15_Canadian Tire Motorsport Park,Canadian Tire Motorsport Park,canadian-tire-motorsport-park,2026-07-12,202607121405_Race,111,102,2,13,1:18.853,9 Laps,,9,12,5
2026,15_Canadian Tire Motorsport Park,Canadian Tire Motorsport Park,canadian-tire-motorsport-park,2026-07-12,202607121405_Race,111,103,3,77,1:17.976,8 Laps,,8,12,5
2026,15_Canadian Tire Motorsport Park,Canadian Tire Motorsport Park,canadian-tire-motorsport-park,2026-07-12,202607121405_Race,111,103,4,1,1:17.651,8 Laps,,8,12,5
2026,15_Canadian Tire Motorsport Park,Canadian Tire Motorsport Park,canadian-tire-motorsport-park,2026-07-12,202607121405_Race,111,111,5,04,1:10.179,4.548,4.548,,12,5
2026,15_Canadian Tire Motorsport Park,Canadian Tire Motorsport Park,canadian-tire-motorsport-park,2026-07-12,202607121405_Race,111,100,6,2,1:09.912,11 Laps,,11,12,5
2026,15_Canadian Tire Motorsport Park,Canadian Tire Motorsport Park,canadian-tire-motorsport-park,2026-07-12,202607121405_Race,111,103,7,4,1:17.486,8 Laps,,8,12,5
2026,15_Canadian Tire Motorsport Park,Canadian Tire Motorsport Park,canadian-tire-motorsport-park,2026-07-12,202607121405_Race,111,100,8,36,1:18.329,11 Laps,,11,12,5
2026,15_Canadian Tire Motorsport Park,Canadian Tire Motorsport Park,canadian-tire-motorsport-park,2026-07-12,202607121405_Race,111,103,9,65,1:17.254,8 Laps,,8,12,5
2026,15_Canadian Tire Motorsport Park,Canadian Tire Motorsport Park,canadian-tire-motorsport-park,2026-07-12,202607121405_Race,111,100,10,8,1:11.127,11 Laps,,11,12,5
2026,15_Canadian Tire Motorsport Park,Canadian Tire Motorsport Park,canadian-tire-motorsport-park,2026-07-12,202607121405_Race,111,103,11,59,1:18.562,8 Laps,,8,12,5
2026,15_Canadian Tire Motorsport Park,Canadian Tire Motorsport Park,canadian-tire-motorsport-park,2026-07-12,202607121405_Race,111,103,12,64,1:18.136,8 Laps,,8,12,5
2026,15_Canadian Tire Motorsport Park,Canadian Tire Motorsport Park,canadian-tire-motorsport-park,2026-07-12,202607121405_Race,111,103,13,9,1:17.425,8 Laps,,8,12,5
2026,15_Canadian Tire Motorsport Park,Canadian Tire Motorsport Park,canadian-tire-motorsport-park,2026-07-12,202607121405_Race,111,103,14,3,1:17.593,8 Laps,,8,12,5
2026,15_Canadian Tire Motorsport Park,Canadian Tire Motorsport Park,canadian-tire-motorsport-park,2026-07-12,202607121405_Race,111,103,15,57,1:17.305,8 Laps,,8,12,5
2026,15_Canadian Tire Motorsport Park,Canadian Tire Motorsport Park,canadian-tire-motorsport-park,2026-07-12,202607121405_Race,111,103,16,12,1:17.883,8 Laps,,8,12,5
2026,15_Canadian Tire Motorsport Park,Canadian Tire Motorsport Park,canadian-tire-motorsport-park,2026-07-12,202607121405_Race,111,103,17,96,1:18.379,8 Laps,,8,12,5
2026,15_Canadian Tire Motorsport Park,Canadian Tire Motorsport Park,canadian-tire-motorsport-park,2026-07-12,202607121405_Race,111,103,18,34,1:18.194,8 Laps,,8,12,5
2026,15_Canadian Tire Motorsport Park,Canadian Tire Motorsport Park,canadian-tire-motorsport-park,2026-07-12,202607121405_Race,111,103,19,45,1:22.114,8 Laps,,8,12,5
2026,15_Canadian Tire Motorsport Park,Canadian Tire Motorsport Park,canadian-tire-motorsport-park,2026-07-12,202607121405_Race,111,111,20,99,1:09.637,43.320,43.320,,12,5
2026,15_Canadian Tire Motorsport Park,Canadian Tire Motorsport Park,canadian-tire-motorsport-park,2026-07-12,202607121405_Race,111,63,21,11,1:13.068,48 Laps,,48,12,5
2026,15_Canadian Tire Motorsport Park,Canadian Tire Motorsport Park,canadian-tire-motorsport-park,2026-07-12,202607121405_Race,111,103,22,70,1:18.490,8 Laps,,8,12,5
2026,15_Canadian Tire Motorsport Park,Canadian Tire Motorsport Park,canadian-tire-motorsport-park,2026-07-12,202607121405_Race,111,103,23,16,1:18.662,8 Laps,,8,12,5
2026,15_Canadian Tire Motorsport Park,Canadian Tire Motorsport Park,canadian-tire-motorsport-park,2026-07-12,202607121405_Race,111,103,24,27,1:18.466,8 Laps,,8,12,5
2026,15_Canadian Tire Motorsport Park,Canadian Tire Motorsport Park,canadian-tire-motorsport-park,2026-07-12,202607121405_Race,111,103,25,120,1:19.518,8 Laps,,8,12,5
2026,15_Canadian Tire Motorsport Park,Canadian Tire Motorsport Park,canadian-tire-motorsport-park,2026-07-12,202607121405_Race,111,103,26,81,1:18.342,8 Laps,,8,12,5
2026,15_Canadian Tire Motorsport Park,Canadian Tire Motorsport Park,canadian-tire-motorsport-park,2026-07-12,202607121405_Race,111,103,27,68,1:16.826,8 Laps,,8,12,5
2026,15_Canadian Tire Motorsport Park,Canadian Tire Motorsport Park,canadian-tire-motorsport-park,2026-07-12,202607121405_Race,111,111,28,52,1:10.510,1:03.609,63.609,,12,5
2026,15_Canadian Tire Motorsport Park,Canadian Tire Motorsport Park,canadian-tire-motorsport-park,2026-07-12,202607121405_Race,111,103,29,66,1:19.216,8 Laps,,8,12,5
2026,15_Canadian Tire Motorsport Park,Canadian Tire Motorsport Park,canadian-tire-motorsport-park,2026-07-12,202607121405_Race,111,111,30,22,1:09.547,1:05.486,65.486,,12,5
2026,15_Canadian Tire Motorsport Park,Canadian Tire Motorsport Park,canadian-tire-motorsport-park,2026-07-12,202607121405_Race,111,111,31,73,1:10.254,1:09.802,69.802,,12,5
2026,15_Canadian Tire Motorsport Park,Canadian Tire Motorsport Park,canadian-tire-motorsport-park,2026-07-12,202607121405_Race,111,104,32,14,1:17.462,7 Laps,,7,12,5
2026,15_Canadian Tire Motorsport Park,Canadian Tire Motorsport Park,canadian-tire-motorsport-park,2026-07-12,202607121405_Race,112,112,1,43,1:10.181,,,,12,5
2026,15_Canadian Tire Motorsport Park,Canadian Tire Motorsport Park,canadian-tire-motorsport-park,2026-07-12,202607121405_Race,112,112,2,04,1:10.817,5.184,5.184,,12,5
2026,15_Canadian Tire Motorsport Park,Canadian Tire Motorsport Park,canadian-tire-motorsport-park,2026-07-12,202607121405_Race,112,101,3,2,1:11.469,11 Laps,,11,12,5
2026,15_Canadian Tire Motorsport Park,Canadian Tire Motorsport Park,canadian-tire-motorsport-park,2026-07-12,202607121405_Race,112,104,4,77,1:17.993,8 Laps,,8,12,5
2026,15_Canadian Tire Motorsport Park,Canadian Tire Motorsport Park,canadian-tire-motorsport-park,2026-07-12,202607121405_Race,112,104,5,1,1:18.412,8 Laps,,8,12,5
2026,15_Canadian Tire Motorsport Park,Canadian Tire Motorsport Park,canadian-tire-motorsport-park,2026-07-12,202607121405_Race,112,103,6,13,1:19.957,9 Laps,,9,12,5
2026,15_Canadian Tire Motorsport Park,Canadian Tire Motorsport Park,canadian-tire-motorsport-park,2026-07-12,202607121405_Race,112,101,7,8,1:10.212,11 Laps,,11,12,5
2026,15_Canadian Tire Motorsport Park,Canadian Tire Motorsport Park,canadian-tire-motorsport-park,2026-07-12,202607121405_Race,112,104,8,4,1:17.705,8 Laps,,8,12,5
2026,15_Canadian Tire Motorsport Park,Canadian Tire Motorsport Park,canadian-tire-motorsport-park,2026-07-12,202607121405_Race,112,101,9,36,1:18.568,11 Laps,,11,12,5
2026,15_Canadian Tire Motorsport Park,Canadian Tire Motorsport Park,canadian-tire-motorsport-park,2026-07-12,202607121405_Race,112,104,10,65,1:17.563,8 Laps,,8,12,5
2026,15_Canadian Tire Motorsport Park,Canadian Tire Motorsport Park,canadian-tire-motorsport-park,2026-07-12,202607121405_Race,112,104,11,59,1:17.693,8 Laps,,8,12,5
2026,15_Canadian Tire Motorsport Park,Canadian Tire Motorsport Park,canadian-tire-motorsport-park,2026-07-12,202607121405_Race,112,104,12,64,1:17.901,8 Laps,,8,12,5
2026,15_Canadian Tire Motorsport Park,Canadian Tire Motorsport Park,canadian-tire-motorsport-park,2026-07-12,202607121405_Race,112,104,13,9,1:17.163,8 Laps,,8,12,5
2026,15_Canadian Tire Motorsport Park,Canadian Tire Motorsport Park,canadian-tire-motorsport-park,2026-07-12,202607121405_Race,112,104,14,3,1:17.307,8 Laps,,8,12,5
2026,15_Canadian Tire Motorsport Park,Canadian Tire Motorsport Park,canadian-tire-motorsport-park,2026-07-12,202607121405_Race,112,104,15,57,1:17.572,8 Laps,,8,12,5
2026,15_Canadian Tire Motorsport Park,Canadian Tire Motorsport Park,canadian-tire-motorsport-park,2026-07-12,202607121405_Race,112,104,16,12,1:17.233,8 Laps,,8,12,5
2026,15_Canadian Tire Motorsport Park,Canadian Tire Motorsport Park,canadian-tire-motorsport-park,2026-07-12,202607121405_Race,112,104,17,96,1:17.583,8 Laps,,8,12,5
2026,15_Canadian Tire Motorsport Park,Canadian Tire Motorsport Park,canadian-tire-motorsport-park,2026-07-12,202607121405_Race,112,104,18,34,1:17.333,8 Laps,,8,12,5
2026,15_Canadian Tire Motorsport Park,Canadian Tire Motorsport Park,canadian-tire-motorsport-park,2026-07-12,202607121405_Race,112,112,19,99,1:10.467,43.606,43.606,,12,5
2026,15_Canadian Tire Motorsport Park,Canadian Tire Motorsport Park,canadian-tire-motorsport-park,2026-07-12,202607121405_Race,112,64,20,11,1:09.277,48 Laps,,48,13,1
2026,15_Canadian Tire Motorsport Park,Canadian Tire Motorsport Park,canadian-tire-motorsport-park,2026-07-12,202607121405_Race,112,104,21,45,1:18.109,8 Laps,,8,13,1
2026,15_Canadian Tire Motorsport Park,Canadian Tire Motorsport Park,canadian-tire-motorsport-park,2026-07-12,202607121405_Race,112,104,22,70,1:18.378,8 Laps,,8,13,1
2026,15_Canadian Tire Motorsport Park,Canadian Tire Motorsport Park,canadian-tire-motorsport-park,2026-07-12,202607121405_Race,112,104,23,27,1:17.470,8 Laps,,8,13,1
2026,15_Canadian Tire Motorsport Park,Canadian Tire Motorsport Park,canadian-tire-motorsport-park,2026-07-12,202607121405_Race,112,104,24,16,1:18.575,8 Laps,,8,13,1
2026,15_Canadian Tire Motorsport Park,Canadian Tire Motorsport Park,canadian-tire-motorsport-park,2026-07-12,202607121405_Race,112,104,25,120,1:17.966,8 Laps,,8,13,1
2026,15_Canadian Tire Motorsport Park,Canadian Tire Motorsport Park,canadian-tire-motorsport-park,2026-07-12,202607121405_Race,112,104,26,81,1:18.191,8 Laps,,8,13,1
2026,15_Canadian Tire Motorsport Park,Canadian Tire Motorsport Park,canadian-tire-motorsport-park,2026-07-12,202607121405_Race,112,112,27,52,1:09.564,1:02.992,62.992,,13,1
2026,15_Canadian Tire Motorsport Park,Canadian Tire Motorsport Park,canadian-tire-motorsport-park,2026-07-12,202607121405_Race,112,112,28,22,1:09.845,1:05.150,65.150,,13,1
2026,15_Canadian Tire Motorsport Park,Canadian Tire Motorsport Park,canadian-tire-motorsport-park,2026-07-12,202607121405_Race,112,104,29,68,1:17.026,8 Laps,,8,13,1
2026,15_Canadian Tire Motorsport Park,Canadian Tire Motorsport Park,canadian-tire-motorsport-park,2026-07-12,202607121405_Race,112,112,30,73,1:09.932,1:09.553,69.553,,13,1
2026,15_Canadian Tire Motorsport Park,Canadian Tire Motorsport Park,canadian-tire-motorsport-park,2026-07-12,202607121405_Race,113,113,1,43,1:10.119,,,,13,1
2026,15_Canadian Tire Motorsport Park,Canadian Tire Motorsport Park,canadian-tire-motorsport-park,2026-07-12,202607121405_Race,113,104,2,66,1:18.625,9 Laps,,9,13,1
2026,15_Canadian Tire Motorsport Park,Canadian Tire Motorsport Park,canadian-tire-motorsport-park,2026-07-12,202607121405_Race,113,113,3,04,1:09.215,4.280,4.280,,13,1
2026,15_Canadian Tire Motorsport Park,Canadian Tire Motorsport Park,canadian-tire-motorsport-park,2026-07-12,202607121405_Race,113,105,4,14,1:17.890,8 Laps,,8,13,1
2026,15_Canadian Tire Motorsport Park,Canadian Tire Motorsport Park,canadian-tire-motorsport-park,2026-07-12,202607121405_Race,113,102,5,2,1:10.134,11 Laps,,11,13,1
2026,15_Canadian Tire Motorsport Park,Canadian Tire Motorsport Park,canadian-tire-motorsport-park,2026-07-12,202607121405_Race,113,105,6,77,1:17.349,8 Laps,,8,13,1
2026,15_Canadian Tire Motorsport Park,Canadian Tire Motorsport Park,canadian-tire-motorsport-park,2026-07-12,202607121405_Race,113,105,7,1,1:18.080,8 Laps,,8,13,1
2026,15_Canadian Tire Motorsport Park,Canadian Tire Motorsport Park,canadian-tire-motorsport-park,2026-07-12,202607121405_Race,113,102,8,8,1:09.376,11 Laps,,11,13,1
2026,15_Canadian Tire Motorsport Park,Canadian Tire Motorsport Park,canadian-tire-motorsport-park,2026-07-12,202607121405_Race,113,104,9,13,1:18.135,9 Laps,,9,13,1
2026,15_Canadian Tire Motorsport Park,Canadian Tire Motorsport Park,canadian-tire-motorsport-park,2026-07-12,202607121405_Race,113,105,10,4,1:17.425,8 Laps,,8,13,1
2026,15_Canadian Tire Motorsport Park,Canadian Tire Motorsport Park,canadian-tire-motorsport-park,2026-07-12,202607121405_Race,113,102,11,36,1:17.971,11 Laps,,11,13,1
2026,15_Canadian Tire Motorsport Park,Canadian Tire Motorsport Park,canadian-tire-motorsport-park,2026-07-12,202607121405_Race,113,105,12,65,1:17.772,8 Laps,,8,13,1
2026,15_Canadian Tire Motorsport Park,Canadian Tire Motorsport Park,canadian-tire-motorsport-park,2026-07-12,202607121405_Race,113,105,13,59,1:17.620,8 Laps,,8,13,1
2026,15_Canadian Tire Motorsport Park,Canadian Tire Motorsport Park,canadian-tire-motorsport-park,2026-07-12,202607121405_Race,113,105,14,64,1:17.666,8 Laps,,8,13,1
2026,15_Canadian Tire Motorsport Park,Canadian Tire Motorsport Park,canadian-tire-motorsport-park,2026-07-12,202607121405_Race,113,105,15,9,1:17.362,8 Laps,,8,13,1
2026,15_Canadian Tire Motorsport Park,Canadian Tire Motorsport Park,canadian-tire-motorsport-park,2026-07-12,202607121405_Race,113,105,16,3,1:17.493,8 Laps,,8,13,1
2026,15_Canadian Tire Motorsport Park,Canadian Tire Motorsport Park,canadian-tire-motorsport-park,2026-07-12,202607121405_Race,113,105,17,57,1:17.393,8 Laps,,8,13,1
2026,15_Canadian Tire Motorsport Park,Canadian Tire Motorsport Park,canadian-tire-motorsport-park,2026-07-12,202607121405_Race,113,105,18,12,1:17.236,8 Laps,,8,13,1
2026,15_Canadian Tire Motorsport Park,Canadian Tire Motorsport Park,canadian-tire-motorsport-park,2026-07-12,202607121405_Race,113,113,19,99,1:10.275,43.762,43.762,,13,1
2026,15_Canadian Tire Motorsport Park,Canadian Tire Motorsport Park,canadian-tire-motorsport-park,2026-07-12,202607121405_Race,113,65,20,11,1:09.937,48 Laps,,48,13,1
2026,15_Canadian Tire Motorsport Park,Canadian Tire Motorsport Park,canadian-tire-motorsport-park,2026-07-12,202607121405_Race,113,105,21,96,1:17.916,8 Laps,,8,13,1
2026,15_Canadian Tire Motorsport Park,Canadian Tire Motorsport Park,canadian-tire-motorsport-park,2026-07-12,202607121405_Race,113,105,22,34,1:18.137,8 Laps,,8,13,1
2026,15_Canadian Tire Motorsport Park,Canadian Tire Motorsport Park,canadian-tire-motorsport-park,2026-07-12,202607121405_Race,113,105,23,45,1:17.732,8 Laps,,8,13,1
2026,15_Canadian Tire Motorsport Park,Canadian Tire Motorsport Park,canadian-tire-motorsport-park,2026-07-12,202607121405_Race,113,113,24,52,1:11.543,1:04.416,64.416,,13,1
2026,15_Canadian Tire Motorsport Park,Canadian Tire Motorsport Park,canadian-tire-motorsport-park,2026-07-12,202607121405_Race,113,113,25,22,1:11.052,1:06.083,66.083,,13,1
2026,15_Canadian Tire Motorsport Park,Canadian Tire Motorsport Park,canadian-tire-motorsport-park,2026-07-12,202607121405_Race,113,105,26,27,1:18.452,8 Laps,,8,13,1
2026,15_Canadian Tire Motorsport Park,Canadian Tire Motorsport Park,canadian-tire-motorsport-park,2026-07-12,202607121405_Race,113,105,27,70,1:19.838,8 Laps,,8,13,1
2026,15_Canadian Tire Motorsport Park,Canadian Tire Motorsport Park,canadian-tire-motorsport-park,2026-07-12,202607121405_Race,113,105,28,16,1:18.920,8 Laps,,8,13,1
2026,15_Canadian Tire Motorsport Park,Canadian Tire Motorsport Park,canadian-tire-motorsport-park,2026-07-12,202607121405_Race,113,105,29,120,1:18.385,8 Laps,,8,13,1
2026,15_Canadian Tire Motorsport Park,Canadian Tire Motorsport Park,canadian-tire-motorsport-park,2026-07-12,202607121405_Race,113,113,30,73,1:11.214,1:10.648,70.648,,13,1
2026,15_Canadian Tire Motorsport Park,Canadian Tire Motorsport Park,canadian-tire-motorsport-park,2026-07-12,202607121405_Race,114,114,1,43,1:10.834,,,,13,1
2026,15_Canadian Tire Motorsport Park,Canadian Tire Motorsport Park,canadian-tire-motorsport-park,2026-07-12,202607121405_Race,114,105,2,81,1:18.734,9 Laps,,9,13,1
2026,15_Canadian Tire Motorsport Park,Canadian Tire Motorsport Park,canadian-tire-motorsport-park,2026-07-12,202607121405_Race,114,114,3,04,1:09.696,3.142,3.142,,13,1
2026,15_Canadian Tire Motorsport Park,Canadian Tire Motorsport Park,canadian-tire-motorsport-park,2026-07-12,202607121405_Race,114,105,4,68,1:16.963,9 Laps,,9,13,1
2026,15_Canadian Tire Motorsport Park,Canadian Tire Motorsport Park,canadian-tire-motorsport-park,2026-07-12,202607121405_Race,114,103,5,2,1:09.987,11 Laps,,11,13,1
2026,15_Canadian Tire Motorsport Park,Canadian Tire Motorsport Park,canadian-tire-motorsport-park,2026-07-12,202607121405_Race,114,105,6,66,1:18.801,9 Laps,,9,13,1
2026,15_Canadian Tire Motorsport Park,Canadian Tire Motorsport Park,canadian-tire-motorsport-park,2026-07-12,202607121405_Race,114,106,7,14,1:17.495,8 Laps,,8,13,1
2026,15_Canadian Tire Motorsport Park,Canadian Tire Motorsport Park,canadian-tire-motorsport-park,2026-07-12,202607121405_Race,114,103,8,8,1:10.114,11 Laps,,11,13,1
2026,15_Canadian Tire Motorsport Park,Canadian Tire Motorsport Park,canadian-tire-motorsport-park,2026-07-12,202607121405_Race,114,106,9,77,1:17.557,8 Laps,,8,13,1
2026,15_Canadian Tire Motorsport Park,Canadian Tire Motorsport Park,canadian-tire-motorsport-park,2026-07-12,202607121405_Race,114,106,10,1,1:17.859,8 Laps,,8,13,1
2026,15_Canadian Tire Motorsport Park,Canadian Tire Motorsport Park,canadian-tire-motorsport-park,2026-07-12,202607121405_Race,114,105,11,13,1:18.233,9 Laps,,9,13,1
2026,15_Canadian Tire Motorsport Park,Canadian Tire Motorsport Park,canadian-tire-motorsport-park,2026-07-12,202607121405_Race,114,106,12,4,1:17.323,8 Laps,,8,13,1
2026,15_Canadian Tire Motorsport Park,Canadian Tire Motorsport Park,canadian-tire-motorsport-park,2026-07-12,202607121405_Race,114,103,13,36,1:17.768,11 Laps,,11,13,1
2026,15_Canadian Tire Motorsport Park,Canadian Tire Motorsport Park,canadian-tire-motorsport-park,2026-07-12,202607121405_Race,114,106,14,65,1:17.398,8 Laps,,8,13,1
2026,15_Canadian Tire Motorsport Park,Canadian Tire Motorsport Park,canadian-tire-motorsport-park,2026-07-12,202607121405_Race,114,106,15,59,1:17.822,8 Laps,,8,13,2
2026,15_Canadian Tire Motorsport Park,Canadian Tire Motorsport Park,canadian-tire-motorsport-park,2026-07-12,202607121405_Race,114,106,16,64,1:17.794,8 Laps,,8,13,2
2026,15_Canadian Tire Motorsport Park,Canadian Tire Motorsport Park,canadian-tire-motorsport-park,2026-07-12,202607121405_Race,114,114,17,99,1:11.209,44.137,44.137,,13,2
2026,15_Canadian Tire Motorsport Park,Canadian Tire Motorsport Park,canadian-tire-motorsport-park,2026-07-12,202607121405_Race,114,106,18,9,1:17.414,8 Laps,,8,13,2
2026,15_Canadian Tire Motorsport Park,Canadian Tire Motorsport Park,canadian-tire-motorsport-park,2026-07-12,202607121405_Race,114,106,19,3,1:17.226,8 Laps,,8,13,2
2026,15_Canadian Tire Motorsport Park,Canadian Tire Motorsport Park,canadian-tire-motorsport-park,2026-07-12,202607121405_Race,114,66,20,11,1:09.859,48 Laps,,48,13,2
2026,15_Canadian Tire Motorsport Park,Canadian Tire Motorsport Park,canadian-tire-motorsport-park,2026-07-12,202607121405_Race,114,106,21,57,1:17.953,8 Laps,,8,13,2
2026,15_Canadian Tire Motorsport Park,Canadian Tire Motorsport Park,canadian-tire-motorsport-park,2026-07-12,202607121405_Race,114,106,22,12,1:17.937,8 Laps,,8,13,2
2026,15_Canadian Tire Motorsport Park,Canadian Tire Motorsport Park,canadian-tire-motorsport-park,2026-07-12,202607121405_Race,114,106,23,96,1:17.507,8 Laps,,8,13,2
2026,15_Canadian Tire Motorsport Park,Canadian Tire Motorsport Park,canadian-tire-motorsport-park,2026-07-12,202607121405_Race,114,106,24,34,1:17.339,8 Laps,,8,13,2
2026,15_Canadian Tire Motorsport Park,Canadian Tire Motorsport Park,canadian-tire-motorsport-park,2026-07-12,202607121405_Race,114,114,25,52,1:09.192,1:02.774,62.774,,13,2
2026,15_Canadian Tire Motorsport Park,Canadian Tire Motorsport Park,canadian-tire-motorsport-park,2026-07-12,202607121405_Race,114,114,26,22,1:10.013,1:05.262,65.262,,13,2
2026,15_Canadian Tire Motorsport Park,Canadian Tire Motorsport Park,canadian-tire-motorsport-park,2026-07-12,202607121405_Race,114,106,27,45,1:18.286,8 Laps,,8,13,2
2026,15_Canadian Tire Motorsport Park,Canadian Tire Motorsport Park,canadian-tire-motorsport-park,2026-07-12,202607121405_Race,115,115,1,43,1:12.776,,,,13,2
2026,15_Canadian Tire Motorsport Park,Canadian Tire Motorsport Park,canadian-tire-motorsport-park,2026-07-12,202607121405_Race,115,114,2,73,1:15.484,1 Lap,,1,13,2
2026,15_Canadian Tire Motorsport Park,Canadian Tire Motorsport Park,canadian-tire-motorsport-park,2026-07-12,202607121405_Race,115,106,3,27,1:17.443,9 Laps,,9,13,2
2026,15_Canadian Tire Motorsport Park,Canadian Tire Motorsport Park,canadian-tire-motorsport-park,2026-07-12,202607121405_Race,115,115,4,04,1:12.579,2.945,2.945,,13,2
2026,15_Canadian Tire Motorsport Park,Canadian Tire Motorsport Park,canadian-tire-motorsport-park,2026-07-12,202607121405_Race,115,106,5,70,1:18.539,9 Laps,,9,13,2
2026,15_Canadian Tire Motorsport Park,Canadian Tire Motorsport Park,canadian-tire-motorsport-park,2026-07-12,202607121405_Race,115,106,6,16,1:19.433,9 Laps,,9,13,2
2026,15_Canadian Tire Motorsport Park,Canadian Tire Motorsport Park,canadian-tire-motorsport-park,2026-07-12,202607121405_Race,115,106,7,120,1:19.815,9 Laps,,9,13,2
2026,15_Canadian Tire Motorsport Park,Canadian Tire Motorsport Park,canadian-tire-motorsport-park,2026-07-12,202607121405_Race,115,104,8,2,1:11.885,11 Laps,,11,13,2
2026,15_Canadian Tire Motorsport Park,Canadian Tire Motorsport Park,canadian-tire-motorsport-park,2026-07-12,202607121405_Race,115,106,9,81,1:19.496,9 Laps,,9,13,2
2026,15_Canadian Tire Motorsport Park,Canadian Tire Motorsport Park,canadian-tire-motorsport-park,2026-07-12,202607121405_Race,115,106,10,68,1:16.884,9 Laps,,9,13,2
2026,15_Canadian Tire Motorsport Park,Canadian Tire Motorsport Park,canadian-tire-motorsport-park,2026-07-12,202607121405_Race,115,104,11,8,1:11.254,11 Laps,,11,13,2
2026,15_Canadian Tire Motorsport Park,Canadian Tire Motorsport Park,canadian-tire-motorsport-park,2026-07-12,202607121405_Race,115,106,12,66,1:18.729,9 Laps,,9,13,2
2026,15_Canadian Tire Motorsport Park,Canadian Tire Motorsport Park,canadian-tire-motorsport-park,2026-07-12,202607121405_Race,115,107,13,14,1:17.619,8 Laps,,8,13,2
2026,15_Canadian Tire Motorsport Park,Canadian Tire Motorsport Park,canadian-tire-motorsport-park,2026-07-12,202607121405_Race,115,107,14,77,1:17.255,8 Laps,,8,13,2
2026,15_Canadian Tire Motorsport Park,Canadian Tire Motorsport Park,canadian-tire-motorsport-park,2026-07-12,202607121405_Race,115,107,15,1,1:17.851,8 Laps,,8,13,2
2026,15_Canadian Tire Motorsport Park,Canadian Tire Motorsport Park,canadian-tire-motorsport-park,2026-07-12,202607121405_Race,115,106,16,13,1:18.406,9 Laps,,9,13,2
2026,15_Canadian Tire Motorsport Park,Canadian Tire Motorsport Park,canadian-tire-motorsport-park,2026-07-12,202607121405_Race,115,107,17,4,1:17.217,8 Laps,,8,13,2
2026,15_Canadian Tire Motorsport Park,Canadian Tire Motorsport Park,canadian-tire-motorsport-park,2026-07-12,202607121405_Race,115,104,18,36,1:18.238,11 Laps,,11,13,2
2026,15_Canadian Tire Motorsport Park,Canadian Tire Motorsport Park,canadian-tire-motorsport-park,2026-07-12,202607121405_Race,115,115,19,99,1:11.444,42.805,42.805,,13,2
2026,15_Canadian Tire Motorsport Park,Canadian Tire Motorsport Park,canadian-tire-motorsport-park,2026-07-12,202607121405_Race,115,107,20,65,1:17.886,8 Laps,,8,13,2
2026,15_Canadian Tire Motorsport Park,Canadian Tire Motorsport Park,canadian-tire-motorsport-park,2026-07-12,202607121405_Race,115,107,21,59,1:17.993,8 Laps,,8,13,2
2026,15_Canadian Tire Motorsport Park,Canadian Tire Motorsport Park,canadian-tire-motorsport-park,2026-07-12,202607121405_Race,115,107,22,64,1:18.347,8 Laps,,8,13,2
2026,15_Canadian Tire Motorsport Park,Canadian Tire Motorsport Park,canadian-tire-motorsport-park,2026-07-12,202607121405_Race,115,107,23,9,1:18.102,8 Laps,,8,13,2
2026,15_Canadian Tire Motorsport Park,Canadian Tire Motorsport Park,canadian-tire-motorsport-park,2026-07-12,202607121405_Race,115,107,24,3,1:17.667,8 Laps,,8,13,2
2026,15_Canadian Tire Motorsport Park,Canadian Tire Motorsport Park,canadian-tire-motorsport-park,2026-07-12,202607121405_Race,115,107,25,57,1:17.354,8 Laps,,8,13,2
2026,15_Canadian Tire Motorsport Park,Canadian Tire Motorsport Park,canadian-tire-motorsport-park,2026-07-12,202607121405_Race,115,107,26,12,1:18.053,8 Laps,,8,13,2
2026,15_Canadian Tire Motorsport Park,Canadian Tire Motorsport Park,canadian-tire-motorsport-park,2026-07-12,202607121405_Race,115,115,27,52,1:09.661,59.659,59.659,,13,2
2026,15_Canadian Tire Motorsport Park,Canadian Tire Motorsport Park,canadian-tire-motorsport-park,2026-07-12,202607121405_Race,115,107,28,96,1:17.589,8 Laps,,8,13,2
2026,15_Canadian Tire Motorsport Park,Canadian Tire Motorsport Park,canadian-tire-motorsport-park,2026-07-12,202607121405_Race,115,115,29,22,1:09.596,1:02.082,62.082,,13,2
2026,15_Canadian Tire Motorsport Park,Canadian Tire Motorsport Park,canadian-tire-motorsport-park,2026-07-12,202607121405_Race,115,107,30,34,1:17.371,8 Laps,,8,13,2
2026,15_Canadian Tire Motorsport Park,Canadian Tire Motorsport Park,canadian-tire-motorsport-park,2026-07-12,202607121405_Race,116,116,1,43,1:10.155,,,,13,2
2026,15_Canadian Tire Motorsport Park,Canadian Tire Motorsport Park,canadian-tire-motorsport-park,2026-07-12,202607121405_Race,116,107,2,45,1:18.081,9 Laps,,9,13,2
2026,15_Canadian Tire Motorsport Park,Canadian Tire Motorsport Park,canadian-tire-motorsport-park,2026-07-12,202607121405_Race,116,115,3,73,1:09.823,1 Lap,,1,13,2
2026,15_Canadian Tire Motorsport Park,Canadian Tire Motorsport Park,canadian-tire-motorsport-park,2026-07-12,202607121405_Race,116,116,4,04,1:10.287,3.077,3.077,,13,2
2026,15_Canadian Tire Motorsport Park,Canadian Tire Motorsport Park,canadian-tire-motorsport-park,2026-07-12,202607121405_Race,116,105,5,2,1:11.213,11 Laps,,11,13,2
2026,15_Canadian Tire Motorsport Park,Canadian Tire Motorsport Park,canadian-tire-motorsport-park,2026-07-12,202607121405_Race,116,107,6,27,1:17.340,9 Laps,,9,13,2
2026,15_Canadian Tire Motorsport Park,Canadian Tire Motorsport Park,canadian-tire-motorsport-park,2026-07-12,202607121405_Race,116,107,7,70,1:18.559,9 Laps,,9,13,2
2026,15_Canadian Tire Motorsport Park,Canadian Tire Motorsport Park,canadian-tire-motorsport-park,2026-07-12,202607121405_Race,116,107,8,16,1:18.095,9 Laps,,9,13,2
2026,15_Canadian Tire Motorsport Park,Canadian Tire Motorsport Park,canadian-tire-motorsport-park,2026-07-12,202607121405_Race,116,107,9,120,1:18.082,9 Laps,,9,13,2
2026,15_Canadian Tire Motorsport Park,Canadian Tire Motorsport Park,canadian-tire-motorsport-park,2026-07-12,202607121405_Race,116,67,10,11,1:51.120,49 Laps,,49,13,2
2026,15_Canadian Tire Motorsport Park,Canadian Tire Motorsport Park,canadian-tire-motorsport-park,2026-07-12,202607121405_Race,116,107,11,81,1:18.194,9 Laps,,9,13,2
2026,15_Canadian Tire Motorsport Park,Canadian Tire Motorsport Park,canadian-tire-motorsport-park,2026-07-12,202607121405_Race,116,107,12,68,1:16.942,9 Laps,,9,13,2
2026,15_Canadian Tire Motorsport Park,Canadian Tire Motorsport Park,canadian-tire-motorsport-park,2026-07-12,202607121405_Race,116,105,13,8,1:11.211,11 Laps,,11,13,3
2026,15_Canadian Tire Motorsport Park,Canadian Tire Motorsport Park,canadian-tire-motorsport-park,2026-07-12,202607121405_Race,116,107,14,66,1:18.592,9 Laps,,9,13,3
2026,15_Canadian Tire Motorsport Park,Canadian Tire Motorsport Park,canadian-tire-motorsport-park,2026-07-12,202607121405_Race,116,108,15,14,1:17.605,8 Laps,,8,13,3
2026,15_Canadian Tire Motorsport Park,Canadian Tire Motorsport Park,canadian-tire-motorsport-park,2026-07-12,202607121405_Race,116,108,16,77,1:17.489,8 Laps,,8,13,3
2026,15_Canadian Tire Motorsport Park,Canadian Tire Motorsport Park,canadian-tire-motorsport-park,2026-07-12,202607121405_Race,116,108,17,1,1:17.474,8 Laps,,8,13,3
2026,15_Canadian Tire Motorsport Park,Canadian Tire Motorsport Park,canadian-tire-motorsport-park,2026-07-12,202607121405_Race,116,107,18,13,1:17.844,9 Laps,,9,13,3
2026,15_Canadian Tire Motorsport Park,Canadian Tire Motorsport Park,canadian-tire-motorsport-park,2026-07-12,202607121405_Race,116,116,19,99,1:09.771,42.421,42.421,,13,3
2026,15_Canadian Tire Motorsport Park,Canadian Tire Motorsport Park,canadian-tire-motorsport-park,2026-07-12,202607121405_Race,116,108,20,4,1:17.261,8 Laps,,8,13,3
2026,15_Canadian Tire Motorsport Park,Canadian Tire Motorsport Park,canadian-tire-motorsport-park,2026-07-12,202607121405_Race,116,105,21,36,1:18.071,11 Laps,,11,13,3
2026,15_Canadian Tire Motorsport Park,Canadian Tire Motorsport Park,canadian-tire-motorsport-park,2026-07-12,202607121405_Race,116,108,22,65,1:17.834,8 Laps,,8,13,3
2026,15_Canadian Tire Motorsport Park,Canadian Tire Motorsport Park,canadian-tire-motorsport-park,2026-07-12,202607121405_Race,116,108,23,59,1:17.714,8 Laps,,8,13,3
2026,15_Canadian Tire Motorsport Park,Canadian Tire Motorsport Park,canadian-tire-motorsport-park,2026-07-12,202607121405_Race,116,108,24,64,1:17.498,8 Laps,,8,13,3
2026,15_Canadian Tire Motorsport Park,Canadian Tire Motorsport Park,canadian-tire-motorsport-park,2026-07-12,202607121405_Race,116,108,25,9,1:17.337,8 Laps,,8,13,3
2026,15_Canadian Tire Motorsport Park,Canadian Tire Motorsport Park,canadian-tire-motorsport-park,2026-07-12,202607121405_Race,116,108,26,3,1:17.477,8 Laps,,8,13,3
2026,15_Canadian Tire Motorsport Park,Canadian Tire Motorsport Park,canadian-tire-motorsport-park,2026-07-12,202607121405_Race,116,108,27,57,1:17.370,8 Laps,,8,13,3
2026,15_Canadian Tire Motorsport Park,Canadian Tire Motorsport Park,canadian-tire-motorsport-park,2026-07-12,202607121405_Race,116,116,28,52,1:09.613,59.117,59.117,,13,3
2026,15_Canadian Tire Motorsport Park,Canadian Tire Motorsport Park,canadian-tire-motorsport-park,2026-07-12,202607121405_Race,116,116,29,22,1:09.809,1:01.736,61.736,,13,3
2026,15_Canadian Tire Motorsport Park,Canadian Tire Motorsport Park,canadian-tire-motorsport-park,2026-07-12,202607121405_Race,116,108,30,12,1:18.095,8 Laps,,8,13,3
2026,15_Canadian Tire Motorsport Park,Canadian Tire Motorsport Park,canadian-tire-motorsport-park,2026-07-12,202607121405_Race,116,108,31,96,1:17.789,8 Laps,,8,13,3
2026,15_Canadian Tire Motorsport Park,Canadian Tire Motorsport Park,canadian-tire-motorsport-park,2026-07-12,202607121405_Race,117,117,1,43,1:09.391,,,,13,3
2026,15_Canadian Tire Motorsport Park,Canadian Tire Motorsport Park,canadian-tire-motorsport-park,2026-07-12,202607121405_Race,117,108,2,34,1:17.499,9 Laps,,9,13,3
2026,15_Canadian Tire Motorsport Park,Canadian Tire Motorsport Park,canadian-tire-motorsport-park,2026-07-12,202607121405_Race,117,116,3,73,1:09.920,1 Lap,,1,13,3
2026,15_Canadian Tire Motorsport Park,Canadian Tire Motorsport Park,canadian-tire-motorsport-park,2026-07-12,202607121405_Race,117,117,4,04,1:09.831,3.517,3.517,,13,3
2026,15_Canadian Tire Motorsport Park,Canadian Tire Motorsport Park,canadian-tire-motorsport-park,2026-07-12,202607121405_Race,117,106,5,2,1:10.884,11 Laps,,11,13,3
2026,15_Canadian Tire Motorsport Park,Canadian Tire Motorsport Park,canadian-tire-motorsport-park,2026-07-12,202607121405_Race,117,108,6,45,1:18.793,9 Laps,,9,13,3
2026,15_Canadian Tire Motorsport Park,Canadian Tire Motorsport Park,canadian-tire-motorsport-park,2026-07-12,202607121405_Race,117,108,7,27,1:16.971,9 Laps,,9,13,3
2026,15_Canadian Tire Motorsport Park,Canadian Tire Motorsport Park,canadian-tire-motorsport-park,2026-07-12,202607121405_Race,117,106,8,8,1:12.327,11 Laps,,11,13,3
2026,15_Canadian Tire Motorsport Park,Canadian Tire Motorsport Park,canadian-tire-motorsport-park,2026-07-12,202607121405_Race,117,108,9,70,1:18.558,9 Laps,,9,13,3
2026,15_Canadian Tire Motorsport Park,Canadian Tire Motorsport Park,canadian-tire-motorsport-park,2026-07-12,202607121405_Race,117,108,10,16,1:18.307,9 Laps,,9,13,3
2026,15_Canadian Tire Motorsport Park,Canadian Tire Motorsport Park,canadian-tire-motorsport-park,2026-07-12,202607121405_Race,117,108,11,120,1:18.394,9 Laps,,9,13,3
2026,15_Canadian Tire Motorsport Park,Canadian Tire Motorsport Park,canadian-tire-motorsport-park,2026-07-12,202607121405_Race,117,108,12,81,1:18.204,9 Laps,,9,13,3
2026,15_Canadian Tire Motorsport Park,Canadian Tire Motorsport Park,canadian-tire-motorsport-park,2026-07-12,202607121405_Race,117,108,13,68,1:17.276,9 Laps,,9,13,3
2026,15_Canadian Tire Motorsport Park,Canadian Tire Motorsport Park,canadian-tire-motorsport-park,2026-07-12,202607121405_Race,117,68,14,11,1:21.738,49 Laps,,49,13,3
2026,15_Canadian Tire Motorsport Park,Canadian Tire Motorsport Park,canadian-tire-motorsport-park,2026-07-12,202607121405_Race,117,109,15,14,1:17.472,8 Laps,,8,13,3
2026,15_Canadian Tire Motorsport Park,Canadian Tire Motorsport Park,canadian-tire-motorsport-park,2026-07-12,202607121405_Race,117,108,16,66,1:19.541,9 Laps,,9,13,3
2026,15_Canadian Tire Motorsport Park,Canadian Tire Motorsport Park,canadian-tire-motorsport-park,2026-07-12,202607121405_Race,117,109,17,77,1:17.539,8 Laps,,8,13,3
2026,15_Canadian Tire Motorsport Park,Canadian Tire Motorsport Park,canadian-tire-motorsport-park,2026-07-12,202607121405_Race,117,117,18,99,1:10.765,43.795,43.795,,13,3
2026,15_Canadian Tire Motorsport Park,Canadian Tire Motorsport Park,canadian-tire-motorsport-park,2026-07-12,202607121405_Race,117,109,19,1,1:17.342,8 Laps,,8,13,3
2026,15_Canadian Tire Motorsport Park,Canadian Tire Motorsport Park,canadian-tire-motorsport-park,2026-07-12,202607121405_Race,117,108,20,13,1:18.202,9 Laps,,9,13,3
2026,15_Canadian Tire Motorsport Park,Canadian Tire Motorsport Park,canadian-tire-motorsport-park,2026-07-12,202607121405_Race,117,109,21,4,1:17.031,8 Laps,,8,13,3
2026,15_Canadian Tire Motorsport Park,Canadian Tire Motorsport Park,canadian-tire-motorsport-park,2026-07-12,202607121405_Race,117,106,22,36,1:17.516,11 Laps,,11,13,3
2026,15_Canadian Tire Motorsport Park,Canadian Tire Motorsport Park,canadian-tire-motorsport-park,2026-07-12,202607121405_Race,117,109,23,65,1:17.568,8 Laps,,8,13,3
2026,15_Canadian Tire Motorsport Park,Canadian Tire Motorsport Park,canadian-tire-motorsport-park,2026-07-12,202607121405_Race,117,117,24,52,1:11.791,1:01.517,61.517,,13,3
2026,15_Canadian Tire Motorsport Park,Canadian Tire Motorsport Park,canadian-tire-motorsport-park,2026-07-12,202607121405_Race,117,109,25,59,1:17.842,8 Laps,,8,13,3
2026,15_Canadian Tire Motorsport Park,Canadian Tire Motorsport Park,canadian-tire-motorsport-park,2026-07-12,202607121405_Race,117,117,26,22,1:11.958,1:04.303,64.303,,13,3
2026,15_Canadian Tire Motorsport Park,Canadian Tire Motorsport Park,canadian-tire-motorsport-park,2026-07-12,202607121405_Race,117,109,27,64,1:17.829,8 Laps,,8,13,3
2026,15_Canadian Tire Motorsport Park,Canadian Tire Motorsport Park,canadian-tire-motorsport-park,2026-07-12,202607121405_Race,117,109,28,9,1:17.862,8 Laps,,8,13,3
2026,15_Canadian Tire Motorsport Park,Canadian Tire Motorsport Park,canadian-tire-motorsport-park,2026-07-12,202607121405_Race,117,109,29,3,1:17.713,8 Laps,,8,13,3
2026,15_Canadian Tire Motorsport Park,Canadian Tire Motorsport Park,canadian-tire-motorsport-park,2026-07-12,202607121405_Race,117,109,30,57,1:17.892,8 Laps,,8,13,3
2026,15_Canadian Tire Motorsport Park,Canadian Tire Motorsport Park,canadian-tire-motorsport-park,2026-07-12,202607121405_Race,118,118,1,43,1:09.878,,,,13,3
2026,15_Canadian Tire Motorsport Park,Canadian Tire Motorsport Park,canadian-tire-motorsport-park,2026-07-12,202607121405_Race,118,109,2,12,1:17.597,9 Laps,,9,13,3
2026,15_Canadian Tire Motorsport Park,Canadian Tire Motorsport Park,canadian-tire-motorsport-park,2026-07-12,202607121405_Race,118,117,3,73,1:09.995,1 Lap,,1,13,3
2026,15_Canadian Tire Motorsport Park,Canadian Tire Motorsport Park,canadian-tire-motorsport-park,2026-07-12,202607121405_Race,118,109,4,96,1:17.607,9 Laps,,9,13,3
2026,15_Canadian Tire Motorsport Park,Canadian Tire Motorsport Park,canadian-tire-motorsport-park,2026-07-12,202607121405_Race,118,109,5,34,1:17.422,9 Laps,,9,13,3
2026,15_Canadian Tire Motorsport Park,Canadian Tire Motorsport Park,canadian-tire-motorsport-park,2026-07-12,202607121405_Race,118,107,6,2,1:10.350,11 Laps,,11,13,3
2026,15_Canadian Tire Motorsport Park,Canadian Tire Motorsport Park,canadian-tire-motorsport-park,2026-07-12,202607121405_Race,118,118,7,04,1:20.562,14.201,14.201,,13,4
2026,15_Canadian Tire Motorsport Park,Canadian Tire Motorsport Park,canadian-tire-motorsport-park,2026-07-12,202607121405_Race,118,109,8,45,1:17.785,9 Laps,,9,13,4
2026,15_Canadian Tire Motorsport Park,Canadian Tire Motorsport Park,canadian-tire-motorsport-park,2026-07-12,202607121405_Race,118,107,9,8,1:09.565,11 Laps,,11,13,4
2026,15_Canadian Tire Motorsport Park,Canadian Tire Motorsport Park,canadian-tire-motorsport-park,2026-07-12,202607121405_Race,118,109,10,27,1:17.176,9 Laps,,9,13,4
2026,15_Canadian Tire Motorsport Park,Canadian Tire Motorsport Park,canadian-tire-motorsport-park,2026-07-12,202607121405_Race,118,109,11,70,1:18.258,9 Laps,,9,13,4
2026,15_Canadian Tire Motorsport Park,Canadian Tire Motorsport Park,canadian-tire-motorsport-park,2026-07-12,202607121405_Race,118,109,12,16,1:18.314,9 Laps,,9,13,4
2026,15_Canadian Tire Motorsport Park,Canadian Tire Motorsport Park,canadian-tire-motorsport-park,2026-07-12,202607121405_Race,118,69,13,11,1:14.342,49 Laps,,49,13,4
2026,15_Canadian Tire Motorsport Park,Canadian Tire Motorsport Park,canadian-tire-motorsport-park,2026-07-12,202607121405_Race,118,109,14,120,1:18.506,9 Laps,,9,13,4
2026,15_Canadian Tire Motorsport Park,Canadian Tire Motorsport Park,canadian-tire-motorsport-park,2026-07-12,202607121405_Race,118,109,15,81,1:18.352,9 Laps,,9,13,4
2026,15_Canadian Tire Motorsport Park,Canadian Tire Motorsport Park,canadian-tire-motorsport-park,2026-07-12,202607121405_Race,118,109,16,68,1:18.116,9 Laps,,9,13,4
2026,15_Canadian Tire Motorsport Park,Canadian Tire Motorsport Park,canadian-tire-motorsport-park,2026-07-12,202607121405_Race,118,110,17,14,1:17.679,8 Laps,,8,13,4
2026,15_Canadian Tire Motorsport Park,Canadian Tire Motorsport Park,canadian-tire-motorsport-park,2026-07-12,202607121405_Race,118,109,18,66,1:18.825,9 Laps,,9,13,4
2026,15_Canadian Tire Motorsport Park,Canadian Tire Motorsport Park,canadian-tire-motorsport-park,2026-07-12,202607121405_Race,118,118,19,99,1:10.318,44.235,44.235,,13,4
2026,15_Canadian Tire Motorsport Park,Canadian Tire Motorsport Park,canadian-tire-motorsport-park,2026-07-12,202607121405_Race,118,110,20,77,1:17.328,8 Laps,,8,13,4
2026,15_Canadian Tire Motorsport Park,Canadian Tire Motorsport Park,canadian-tire-motorsport-park,2026-07-12,202607121405_Race,118,110,21,1,1:17.046,8 Laps,,8,13,4
2026,15_Canadian Tire Motorsport Park,Canadian Tire Motorsport Park,canadian-tire-motorsport-park,2026-07-12,202607121405_Race,118,109,22,13,1:17.820,9 Laps,,9,13,4
2026,15_Canadian Tire Motorsport Park,Canadian Tire Motorsport Park,canadian-tire-motorsport-park,2026-07-12,202607121405_Race,118,110,23,4,1:16.855,8 Laps,,8,13,4
2026,15_Canadian Tire Motorsport Park,Canadian Tire Motorsport Park,canadian-tire-motorsport-park,2026-07-12,202607121405_Race,118,118,24,52,1:10.708,1:02.347,62.347,,13,4
2026,15_Canadian Tire Motorsport Park,Canadian Tire Motorsport Park,canadian-tire-motorsport-park,2026-07-12,202607121405_Race,118,118,25,22,1:12.000,1:06.425,66.425,,13,4
2026,15_Canadian Tire Motorsport Park,Canadian Tire Motorsport Park,canadian-tire-motorsport-park,2026-07-12,202607121405_Race,118,107,26,36,1:18.948,11 Laps,,11,13,4
2026,15_Canadian Tire Motorsport Park,Canadian Tire Motorsport Park,canadian-tire-motorsport-park,2026-07-12,202607121405_Race,118,110,27,65,1:17.842,8 Laps,,8,13,4
2026,15_Canadian Tire Motorsport Park,Canadian Tire Motorsport Park,canadian-tire-motorsport-park,2026-07-12,202607121405_Race,118,110,28,59,1:18.282,8 Laps,,8,13,4
2026,15_Canadian Tire Motorsport Park,Canadian Tire Motorsport Park,canadian-tire-motorsport-park,2026-07-12,202607121405_Race,118,110,29,64,1:18.060,8 Laps,,8,13,4
2026,15_Canadian Tire Motorsport Park,Canadian Tire Motorsport Park,canadian-tire-motorsport-park,2026-07-12,202607121405_Race,118,110,30,9,1:17.774,8 Laps,,8,13,4
2026,15_Canadian Tire Motorsport Park,Canadian Tire Motorsport Park,canadian-tire-motorsport-park,2026-07-12,202607121405_Race,118,110,31,3,1:17.793,8 Laps,,8,13,4
2026,15_Canadian Tire Motorsport Park,Canadian Tire Motorsport Park,canadian-tire-motorsport-park,2026-07-12,202607121405_Race,118,118,32,73,1:12.336,1:15.172,75.172,,13,4
2026,15_Canadian Tire Motorsport Park,Canadian Tire Motorsport Park,canadian-tire-motorsport-park,2026-07-12,202607121405_Race,118,110,33,57,1:18.128,8 Laps,,8,13,4
2026,15_Canadian Tire Motorsport Park,Canadian Tire Motorsport Park,canadian-tire-motorsport-park,2026-07-12,202607121405_Race,118,110,34,12,1:17.951,8 Laps,,8,13,4
2026,15_Canadian Tire Motorsport Park,Canadian Tire Motorsport Park,canadian-tire-motorsport-park,2026-07-12,202607121405_Race,118,108,35,2,1:10.731,10 Laps,,10,13,4
2026,15_Canadian Tire Motorsport Park,Canadian Tire Motorsport Park,canadian-tire-motorsport-park,2026-07-12,202607121405_Race,119,119,1,43,1:20.540,,,,13,4
2026,15_Canadian Tire Motorsport Park,Canadian Tire Motorsport Park,canadian-tire-motorsport-park,2026-07-12,202607121405_Race,119,110,2,96,1:17.667,9 Laps,,9,13,4
2026,15_Canadian Tire Motorsport Park,Canadian Tire Motorsport Park,canadian-tire-motorsport-park,2026-07-12,202607121405_Race,119,110,3,34,1:17.808,9 Laps,,9,13,4
2026,15_Canadian Tire Motorsport Park,Canadian Tire Motorsport Park,canadian-tire-motorsport-park,2026-07-12,202607121405_Race,119,108,4,8,1:09.621,11 Laps,,11,13,4
2026,15_Canadian Tire Motorsport Park,Canadian Tire Motorsport Park,canadian-tire-motorsport-park,2026-07-12,202607121405_Race,119,110,5,45,1:17.545,9 Laps,,9,13,4
2026,15_Canadian Tire Motorsport Park,Canadian Tire Motorsport Park,canadian-tire-motorsport-park,2026-07-12,202607121405_Race,119,110,6,27,1:16.649,9 Laps,,9,13,4
2026,15_Canadian Tire Motorsport Park,Canadian Tire Motorsport Park,canadian-tire-motorsport-park,2026-07-12,202607121405_Race,119,70,7,11,1:13.056,49 Laps,,49,13,4
2026,15_Canadian Tire Motorsport Park,Canadian Tire Motorsport Park,canadian-tire-motorsport-park,2026-07-12,202607121405_Race,119,110,8,70,1:18.751,9 Laps,,9,13,4
2026,15_Canadian Tire Motorsport Park,Canadian Tire Motorsport Park,canadian-tire-motorsport-park,2026-07-12,202607121405_Race,119,119,9,04,1:35.483,29.144,29.144,,13,4
2026,15_Canadian Tire Motorsport Park,Canadian Tire Motorsport Park,canadian-tire-motorsport-park,2026-07-12,202607121405_Race,119,110,10,16,1:18.684,9 Laps,,9,13,4
2026,15_Canadian Tire Motorsport Park,Canadian Tire Motorsport Park,canadian-tire-motorsport-park,2026-07-12,202607121405_Race,119,110,11,120,1:18.324,9 Laps,,9,13,4
2026,15_Canadian Tire Motorsport Park,Canadian Tire Motorsport Park,canadian-tire-motorsport-park,2026-07-12,202607121405_Race,119,110,12,81,1:18.359,9 Laps,,9,13,4
2026,15_Canadian Tire Motorsport Park,Canadian Tire Motorsport Park,canadian-tire-motorsport-park,2026-07-12,202607121405_Race,119,110,13,68,1:18.540,9 Laps,,9,13,4
2026,15_Canadian Tire Motorsport Park,Canadian Tire Motorsport Park,canadian-tire-motorsport-park,2026-07-12,202607121405_Race,119,119,14,99,1:09.934,33.629,33.629,,13,4
2026,15_Canadian Tire Motorsport Park,Canadian Tire Motorsport Park,canadian-tire-motorsport-park,2026-07-12,202607121405_Race,119,111,15,14,1:18.255,8 Laps,,8,13,4
2026,15_Canadian Tire Motorsport Park,Canadian Tire Motorsport Park,canadian-tire-motorsport-park,2026-07-12,202607121405_Race,119,110,16,66,1:19.072,9 Laps,,9,13,4
2026,15_Canadian Tire Motorsport Park,Canadian Tire Motorsport Park,canadian-tire-motorsport-park,2026-07-12,202607121405_Race,119,111,17,77,1:17.215,8 Laps,,8,13,4
2026,15_Canadian Tire Motorsport Park,Canadian Tire Motorsport Park,canadian-tire-motorsport-park,2026-07-12,202607121405_Race,119,111,18,1,1:16.952,8 Laps,,8,13,4
2026,15_Canadian Tire Motorsport Park,Canadian Tire Motorsport Park,canadian-tire-motorsport-park,2026-07-12,202607121405_Race,119,119,19,52,1:10.231,52.038,52.038,,13,4
2026,15_Canadian Tire Motorsport Park,Canadian Tire Motorsport Park,canadian-tire-motorsport-park,2026-07-12,202607121405_Race,119,110,20,13,1:18.004,9 Laps,,9,13,4
2026,15_Canadian Tire Motorsport Park,Canadian Tire Motorsport Park,canadian-tire-motorsport-park,2026-07-12,202607121405_Race,119,119,21,22,1:09.300,55.185,55.185,,13,4
2026,15_Canadian Tire Motorsport Park,Canadian Tire Motorsport Park,canadian-tire-motorsport-park,2026-07-12,202607121405_Race,119,111,22,4,1:17.378,8 Laps,,8,13,4
2026,15_Canadian Tire Motorsport Park,Canadian Tire Motorsport Park,canadian-tire-motorsport-park,2026-07-12,202607121405_Race,119,108,23,36,1:17.693,11 Laps,,11,13,4
2026,15_Canadian Tire Motorsport Park,Canadian Tire Motorsport Park,canadian-tire-motorsport-park,2026-07-12,202607121405_Race,119,111,24,65,1:17.729,8 Laps,,8,13,4
2026,15_Canadian Tire Motorsport Park,Canadian Tire Motorsport Park,canadian-tire-motorsport-park,2026-07-12,202607121405_Race,119,111,25,59,1:17.906,8 Laps,,8,13,4
2026,15_Canadian Tire Motorsport Park,Canadian Tire Motorsport Park,canadian-tire-motorsport-park,2026-07-12,202607121405_Race,119,111,26,64,1:17.959,8 Laps,,8,13,4
2026,15_Canadian Tire Motorsport Park,Canadian Tire Motorsport Park,canadian-tire-motorsport-park,2026-07-12,202607121405_Race,119,111,27,9,1:17.936,8 Laps,,8,13,4
2026,15_Canadian Tire Motorsport Park,Canadian Tire Motorsport Park,canadian-tire-motorsport-park,2026-07-12,202607121405_Race,119,109,28,2,1:11.594,10 Laps,,10,13,4
2026,15_Canadian Tire Motorsport Park,Canadian Tire Motorsport Park,canadian-tire-motorsport-park,2026-07-12,202607121405_Race,119,111,29,3,1:18.231,8 Laps,,8,13,5
2026,15_Canadian Tire Motorsport Park,Canadian Tire Motorsport Park,canadian-tire-motorsport-park,2026-07-12,202607121405_Race,119,111,30,57,1:17.888,8 Laps,,8,13,5
2026,15_Canadian Tire Motorsport Park,Canadian Tire Motorsport Park,canadian-tire-motorsport-park,2026-07-12,202607121405_Race,119,111,31,12,1:17.998,8 Laps,,8,13,5
2026,15_Canadian Tire Motorsport Park,Canadian Tire Motorsport Park,canadian-tire-motorsport-park,2026-07-12,202607121405_Race,119,119,32,73,1:22.206,1:16.838,76.838,,13,5
2026,15_Canadian Tire Motorsport Park,Canadian Tire Motorsport Park,canadian-tire-motorsport-park,2026-07-12,202607121405_Race,119,109,33,8,1:11.219,10 Laps,,10,13,5
2026,15_Canadian Tire Motorsport Park,Canadian Tire Motorsport Park,canadian-tire-motorsport-park,2026-07-12,202607121405_Race,119,111,34,96,1:17.736,8 Laps,,8,13,5
2026,15_Canadian Tire Motorsport Park,Canadian Tire Motorsport Park,canadian-tire-motorsport-park,2026-07-12,202607121405_Race,119,111,35,34,1:17.449,8 Laps,,8,13,5
2026,15_Canadian Tire Motorsport Park,Canadian Tire Motorsport Park,canadian-tire-motorsport-park,2026-07-12,202607121405_Race,120,120,1,43,1:30.139,,,,13,5
2026,15_Canadian Tire Motorsport Park,Canadian Tire Motorsport Park,canadian-tire-motorsport-park,2026-07-12,202607121405_Race,120,111,2,45,1:17.442,9 Laps,,9,13,5
2026,15_Canadian Tire Motorsport Park,Canadian Tire Motorsport Park,canadian-tire-motorsport-park,2026-07-12,202607121405_Race,120,71,3,11,1:11.151,49 Laps,,49,13,5
2026,15_Canadian Tire Motorsport Park,Canadian Tire Motorsport Park,canadian-tire-motorsport-park,2026-07-12,202607121405_Race,120,111,4,27,1:17.442,9 Laps,,9,13,5
2026,15_Canadian Tire Motorsport Park,Canadian Tire Motorsport Park,canadian-tire-motorsport-park,2026-07-12,202607121405_Race,120,120,5,04,1:10.043,9.048,9.048,,13,5
2026,15_Canadian Tire Motorsport Park,Canadian Tire Motorsport Park,canadian-tire-motorsport-park,2026-07-12,202607121405_Race,120,120,6,99,1:11.903,15.393,15.393,,13,5
2026,15_Canadian Tire Motorsport Park,Canadian Tire Motorsport Park,canadian-tire-motorsport-park,2026-07-12,202607121405_Race,120,111,7,70,1:19.129,9 Laps,,9,13,5
2026,15_Canadian Tire Motorsport Park,Canadian Tire Motorsport Park,canadian-tire-motorsport-park,2026-07-12,202607121405_Race,120,111,8,16,1:19.152,9 Laps,,9,13,5
2026,15_Canadian Tire Motorsport Park,Canadian Tire Motorsport Park,canadian-tire-motorsport-park,2026-07-12,202607121405_Race,120,111,9,120,1:19.101,9 Laps,,9,13,5
2026,15_Canadian Tire Motorsport Park,Canadian Tire Motorsport Park,canadian-tire-motorsport-park,2026-07-12,202607121405_Race,120,111,10,81,1:19.346,9 Laps,,9,13,5
2026,15_Canadian Tire Motorsport Park,Canadian Tire Motorsport Park,canadian-tire-motorsport-park,2026-07-12,202607121405_Race,120,111,11,68,1:19.300,9 Laps,,9,13,5
2026,15_Canadian Tire Motorsport Park,Canadian Tire Motorsport Park,canadian-tire-motorsport-park,2026-07-12,202607121405_Race,120,112,12,14,1:17.913,8 Laps,,8,13,5
2026,15_Canadian Tire Motorsport Park,Canadian Tire Motorsport Park,canadian-tire-motorsport-park,2026-07-12,202607121405_Race,120,111,13,66,1:18.810,9 Laps,,9,13,5
2026,15_Canadian Tire Motorsport Park,Canadian Tire Motorsport Park,canadian-tire-motorsport-park,2026-07-12,202607121405_Race,120,120,14,52,1:11.200,33.099,33.099,,13,5
2026,15_Canadian Tire Motorsport Park,Canadian Tire Motorsport Park,canadian-tire-motorsport-park,2026-07-12,202607121405_Race,120,112,15,77,1:17.470,8 Laps,,8,13,5
2026,15_Canadian Tire Motorsport Park,Canadian Tire Motorsport Park,canadian-tire-motorsport-park,2026-07-12,202607121405_Race,120,112,16,1,1:17.057,8 Laps,,8,13,5
2026,15_Canadian Tire Motorsport Park,Canadian Tire Motorsport Park,canadian-tire-motorsport-park,2026-07-12,202607121405_Race,120,120,17,22,1:09.819,34.865,34.865,,13,5
2026,15_Canadian Tire Motorsport Park,Canadian Tire Motorsport Park,canadian-tire-motorsport-park,2026-07-12,202607121405_Race,120,111,18,13,1:18.131,9 Laps,,9,13,5
2026,15_Canadian Tire Motorsport Park,Canadian Tire Motorsport Park,canadian-tire-motorsport-park,2026-07-12,202607121405_Race,120,112,19,4,1:17.026,8 Laps,,8,13,5
2026,15_Canadian Tire Motorsport Park,Canadian Tire Motorsport Park,canadian-tire-motorsport-park,2026-07-12,202607121405_Race,120,109,20,36,1:17.519,11 Laps,,11,13,5
2026,15_Canadian Tire Motorsport Park,Canadian Tire Motorsport Park,canadian-tire-motorsport-park,2026-07-12,202607121405_Race,120,110,21,2,1:12.674,10 Laps,,10,13,5
2026,15_Canadian Tire Motorsport Park,Canadian Tire Motorsport Park,canadian-tire-motorsport-park,2026-07-12,202607121405_Race,120,112,22,65,1:17.846,8 Laps,,8,13,5
2026,15_Canadian Tire Motorsport Park,Canadian Tire Motorsport Park,canadian-tire-motorsport-park,2026-07-12,202607121405_Race,120,112,23,59,1:18.288,8 Laps,,8,13,5
2026,15_Canadian Tire Motorsport Park,Canadian Tire Motorsport Park,canadian-tire-motorsport-park,2026-07-12,202607121405_Race,120,112,24,64,1:18.185,8 Laps,,8,13,5
2026,15_Canadian Tire Motorsport Park,Canadian Tire Motorsport Park,canadian-tire-motorsport-park,2026-07-12,202607121405_Race,120,112,25,9,1:17.977,8 Laps,,8,13,5
2026,15_Canadian Tire Motorsport Park,Canadian Tire Motorsport Park,canadian-tire-motorsport-park,2026-07-12,202607121405_Race,120,112,26,3,1:17.618,8 Laps,,8,13,5
2026,15_Canadian Tire Motorsport Park,Canadian Tire Motorsport Park,canadian-tire-motorsport-park,2026-07-12,202607121405_Race,120,110,27,8,1:10.812,10 Laps,,10,13,5
2026,15_Canadian Tire Motorsport Park,Canadian Tire Motorsport Park,canadian-tire-motorsport-park,2026-07-12,202607121405_Race,120,112,28,57,1:18.124,8 Laps,,8,13,5
2026,15_Canadian Tire Motorsport Park,Canadian Tire Motorsport Park,canadian-tire-motorsport-park,2026-07-12,202607121405_Race,120,112,29,12,1:18.062,8 Laps,,8,13,5
2026,15_Canadian Tire Motorsport Park,Canadian Tire Motorsport Park,canadian-tire-motorsport-park,2026-07-12,202607121405_Race,120,112,30,96,1:17.472,8 Laps,,8,13,5
2026,15_Canadian Tire Motorsport Park,Canadian Tire Motorsport Park,canadian-tire-motorsport-park,2026-07-12,202607121405_Race,121,121,1,43,1:09.654,,,,13,5
2026,15_Canadian Tire Motorsport Park,Canadian Tire Motorsport Park,canadian-tire-motorsport-park,2026-07-12,202607121405_Race,121,112,2,34,1:17.555,9 Laps,,9,13,5
2026,15_Canadian Tire Motorsport Park,Canadian Tire Motorsport Park,canadian-tire-motorsport-park,2026-07-12,202607121405_Race,121,72,3,11,1:10.617,49 Laps,,49,13,5
2026,15_Canadian Tire Motorsport Park,Canadian Tire Motorsport Park,canadian-tire-motorsport-park,2026-07-12,202607121405_Race,121,120,4,73,1:30.747,1 Lap,,1,13,5
2026,15_Canadian Tire Motorsport Park,Canadian Tire Motorsport Park,canadian-tire-motorsport-park,2026-07-12,202607121405_Race,121,121,5,04,1:10.730,10.124,10.124,,13,5
2026,15_Canadian Tire Motorsport Park,Canadian Tire Motorsport Park,canadian-tire-motorsport-park,2026-07-12,202607121405_Race,121,112,6,45,1:17.783,9 Laps,,9,13,5
2026,15_Canadian Tire Motorsport Park,Canadian Tire Motorsport Park,canadian-tire-motorsport-park,2026-07-12,202607121405_Race,121,121,7,99,1:10.025,15.764,15.764,,13,5
2026,15_Canadian Tire Motorsport Park,Canadian Tire Motorsport Park,canadian-tire-motorsport-park,2026-07-12,202607121405_Race,121,112,8,27,1:17.445,9 Laps,,9,13,5
2026,15_Canadian Tire Motorsport Park,Canadian Tire Motorsport Park,canadian-tire-motorsport-park,2026-07-12,202607121405_Race,121,112,9,70,1:18.402,9 Laps,,9,13,5
2026,15_Canadian Tire Motorsport Park,Canadian Tire Motorsport Park,canadian-tire-motorsport-park,2026-07-12,202607121405_Race,121,112,10,16,1:18.351,9 Laps,,9,13,5
2026,15_Canadian Tire Motorsport Park,Canadian Tire Motorsport Park,canadian-tire-motorsport-park,2026-07-12,202607121405_Race,121,112,11,120,1:18.414,9 Laps,,9,13,5
2026,15_Canadian Tire Motorsport Park,Canadian Tire Motorsport Park,canadian-tire-motorsport-park,2026-07-12,202607121405_Race,121,112,12,81,1:18.270,9 Laps,,9,13,5
2026,15_Canadian Tire Motorsport Park,Canadian Tire Motorsport Park,canadian-tire-motorsport-park,2026-07-12,202607121405_Race,121,112,13,68,1:18.238,9 Laps,,9,13,5
2026,15_Canadian Tire Motorsport Park,Canadian Tire Motorsport Park,canadian-tire-motorsport-park,2026-07-12,202607121405_Race,121,121,14,52,1:11.319,34.764,34.764,,13,5
2026,15_Canadian Tire Motorsport Park,Canadian Tire Motorsport Park,canadian-tire-motorsport-park,2026-07-12,202607121405_Race,121,113,15,14,1:17.379,8 Laps,,8,13,5
2026,15_Canadian Tire Motorsport Park,Canadian Tire Motorsport Park,canadian-tire-motorsport-park,2026-07-12,202607121405_Race,121,112,16,66,1:19.208,9 Laps,,9,13,5
2026,15_Canadian Tire Motorsport Park,Canadian Tire Motorsport Park,canadian-tire-motorsport-park,2026-07-12,202607121405_Race,121,113,17,77,1:17.461,8 Laps,,8,13,5
2026,15_Canadian Tire Motorsport Park,Canadian Tire Motorsport Park,canadian-tire-motorsport-park,2026-07-12,202607121405_Race,121,113,18,1,1:17.619,8 Laps,,8,13,5
2026,15_Canadian Tire Motorsport Park,Canadian Tire Motorsport Park,canadian-tire-motorsport-park,2026-07-12,202607121405_Race,121,121,19,22,1:20.371,45.582,45.582,,14,1
2026,15_Canadian Tire Motorsport Park,Canadian Tire Motorsport Park,canadian-tire-motorsport-park,2026-07-12,202607121405_Race,121,112,20,13,1:18.113,9 Laps,,9,14,1
2026,15_Canadian Tire Motorsport Park,Canadian Tire Motorsport Park,canadian-tire-motorsport-park,2026-07-12,202607121405_Race,121,113,21,4,1:17.039,8 Laps,,8,14,1
2026,15_Canadian Tire Motorsport Park,Canadian Tire Motorsport Park,canadian-tire-motorsport-park,2026-07-12,202607121405_Race,121,111,22,2,1:10.363,10 Laps,,10,14,1
2026,15_Canadian Tire Motorsport Park,Canadian Tire Motorsport Park,canadian-tire-motorsport-park,2026-07-12,202607121405_Race,121,110,23,36,1:17.493,11 Laps,,11,14,1
2026,15_Canadian Tire Motorsport Park,Canadian Tire Motorsport Park,canadian-tire-motorsport-park,2026-07-12,202607121405_Race,121,113,24,65,1:17.805,8 Laps,,8,14,1
2026,15_Canadian Tire Motorsport Park,Canadian Tire Motorsport Park,canadian-tire-motorsport-park,2026-07-12,202607121405_Race,121,111,25,8,1:11.553,10 Laps,,10,14,1
2026,15_Canadian Tire Motorsport Park,Canadian Tire Motorsport Park,canadian-tire-motorsport-park,2026-07-12,202607121405_Race,121,113,26,59,1:18.146,8 Laps,,8,14,1
2026,15_Canadian Tire Motorsport Park,Canadian Tire Motorsport Park,canadian-tire-motorsport-park,2026-07-12,202607121405_Race,121,113,27,64,1:18.351,8 Laps,,8,14,1
2026,15_Canadian Tire Motorsport Park,Canadian Tire Motorsport Park,canadian-tire-motorsport-park,2026-07-12,202607121405_Race,121,113,28,9,1:18.345,8 Laps,,8,14,1
2026,15_Canadian Tire Motorsport Park,Canadian Tire Motorsport Park,canadian-tire-motorsport-park,2026-07-12,202607121405_Race,121,113,29,3,1:18.327,8 Laps,,8,14,1
2026,15_Canadian Tire Motorsport Park,Canadian Tire Motorsport Park,canadian-tire-motorsport-park,2026-07-12,202607121405_Race,121,113,30,57,1:17.817,8 Laps,,8,14,1
2026,15_Canadian Tire Motorsport Park,Canadian Tire Motorsport Park,canadian-tire-motorsport-park,2026-07-12,202607121405_Race,122,122,1,43,1:10.746,,,,14,1
2026,15_Canadian Tire Motorsport Park,Canadian Tire Motorsport Park,canadian-tire-motorsport-park,2026-07-12,202607121405_Race,122,113,2,12,1:17.717,9 Laps,,9,14,1
2026,15_Canadian Tire Motorsport Park,Canadian Tire Motorsport Park,canadian-tire-motorsport-park,2026-07-12,202607121405_Race,122,113,3,96,1:17.609,9 Laps,,9,14,1
2026,15_Canadian Tire Motorsport Park,Canadian Tire Motorsport Park,canadian-tire-motorsport-park,2026-07-12,202607121405_Race,122,73,4,11,1:09.871,49 Laps,,49,14,1
2026,15_Canadian Tire Motorsport Park,Canadian Tire Motorsport Park,canadian-tire-motorsport-park,2026-07-12,202607121405_Race,122,121,5,73,1:10.148,1 Lap,,1,14,1
2026,15_Canadian Tire Motorsport Park,Canadian Tire Motorsport Park,canadian-tire-motorsport-park,2026-07-12,202607121405_Race,122,113,6,34,1:17.408,9 Laps,,9,14,1
2026,15_Canadian Tire Motorsport Park,Canadian Tire Motorsport Park,canadian-tire-motorsport-park,2026-07-12,202607121405_Race,122,122,7,04,1:09.303,8.681,8.681,,14,1
2026,15_Canadian Tire Motorsport Park,Canadian Tire Motorsport Park,canadian-tire-motorsport-park,2026-07-12,202607121405_Race,122,122,8,99,1:09.443,14.461,14.461,,14,1
2026,15_Canadian Tire Motorsport Park,Canadian Tire Motorsport Park,canadian-tire-motorsport-park,2026-07-12,202607121405_Race,122,113,9,45,1:17.693,9 Laps,,9,14,1
2026,15_Canadian Tire Motorsport Park,Canadian Tire Motorsport Park,canadian-tire-motorsport-park,2026-07-12,202607121405_Race,122,113,10,27,1:16.598,9 Laps,,9,14,1
2026,15_Canadian Tire Motorsport Park,Canadian Tire Motorsport Park,canadian-tire-motorsport-park,2026-07-12,202607121405_Race,122,113,11,70,1:18.477,9 Laps,,9,14,1
2026,15_Canadian Tire Motorsport Park,Canadian Tire Motorsport Park,canadian-tire-motorsport-park,2026-07-12,202607121405_Race,122,113,12,16,1:18.422,9 Laps,,9,14,1
2026,15_Canadian Tire Motorsport Park,Canadian Tire Motorsport Park,canadian-tire-motorsport-park,2026-07-12,202607121405_Race,122,113,13,120,1:18.404,9 Laps,,9,14,1
2026,15_Canadian Tire Motorsport Park,Canadian Tire Motorsport Park,canadian-tire-motorsport-park,2026-07-12,202607121405_Race,122,113,14,81,1:18.413,9 Laps,,9,14,1
2026,15_Canadian Tire Motorsport Park,Canadian Tire Motorsport Park,canadian-tire-motorsport-park,2026-07-12,202607121405_Race,122,122,15,52,1:11.571,35.589,35.589,,14,1
2026,15_Canadian Tire Motorsport Park,Canadian Tire Motorsport Park,canadian-tire-motorsport-park,2026-07-12,202607121405_Race,122,113,16,68,1:18.460,9 Laps,,9,14,1
2026,15_Canadian Tire Motorsport Park,Canadian Tire Motorsport Park,canadian-tire-motorsport-park,2026-07-12,202607121405_Race,122,114,17,14,1:17.768,8 Laps,,8,14,1
2026,15_Canadian Tire Motorsport Park,Canadian Tire Motorsport Park,canadian-tire-motorsport-park,2026-07-12,202607121405_Race,122,114,18,77,1:17.879,8 Laps,,8,14,1
2026,15_Canadian Tire Motorsport Park,Canadian Tire Motorsport Park,canadian-tire-motorsport-park,2026-07-12,202607121405_Race,122,114,19,1,1:17.538,8 Laps,,8,14,1
2026,15_Canadian Tire Motorsport Park,Canadian Tire Motorsport Park,canadian-tire-motorsport-park,2026-07-12,202607121405_Race,122,113,20,66,1:20.322,9 Laps,,9,14,1
2026,15_Canadian Tire Motorsport Park,Canadian Tire Motorsport Park,canadian-tire-motorsport-park,2026-07-12,202607121405_Race,122,112,21,2,1:09.889,10 Laps,,10,14,1
2026,15_Canadian Tire Motorsport Park,Canadian Tire Motorsport Park,canadian-tire-motorsport-park,2026-07-12,202607121405_Race,122,114,22,4,1:17.547,8 Laps,,8,14,1
2026,15_Canadian Tire Motorsport Park,Canadian Tire Motorsport Park,canadian-tire-motorsport-park,2026-07-12,202607121405_Race,122,113,23,13,1:19.830,9 Laps,,9,14,1
2026,15_Canadian Tire Motorsport Park,Canadian Tire Motorsport Park,canadian-tire-motorsport-park,2026-07-12,202607121405_Race,122,112,24,8,1:09.116,10 Laps,,10,14,1
2026,15_Canadian Tire Motorsport Park,Canadian Tire Motorsport Park,canadian-tire-motorsport-park,2026-07-12,202607121405_Race,122,111,25,36,1:18.222,11 Laps,,11,14,1
2026,15_Canadian Tire Motorsport Park,Canadian Tire Motorsport Park,canadian-tire-motorsport-park,2026-07-12,202607121405_Race,122,122,26,22,1:32.190,1:07.026,67.026,,14,1
2026,15_Canadian Tire Motorsport Park,Canadian Tire Motorsport Park,canadian-tire-motorsport-park,2026-07-12,202607121405_Race,122,114,27,65,1:18.080,8 Laps,,8,14,1
2026,15_Canadian Tire Motorsport Park,Canadian Tire Motorsport Park,canadian-tire-motorsport-park,2026-07-12,202607121405_Race,123,123,1,43,1:11.434,,,,14,1
2026,15_Canadian Tire Motorsport Park,Canadian Tire Motorsport Park,canadian-tire-motorsport-park,2026-07-12,202607121405_Race,123,114,2,59,1:18.333,9 Laps,,9,14,1
2026,15_Canadian Tire Motorsport Park,Canadian Tire Motorsport Park,canadian-tire-motorsport-park,2026-07-12,202607121405_Race,123,114,3,64,1:18.246,9 Laps,,9,14,1
2026,15_Canadian Tire Motorsport Park,Canadian Tire Motorsport Park,canadian-tire-motorsport-park,2026-07-12,202607121405_Race,123,114,4,9,1:18.294,9 Laps,,9,14,1
2026,15_Canadian Tire Motorsport Park,Canadian Tire Motorsport Park,canadian-tire-motorsport-park,2026-07-12,202607121405_Race,123,114,5,3,1:18.223,9 Laps,,9,14,1
2026,15_Canadian Tire Motorsport Park,Canadian Tire Motorsport Park,canadian-tire-motorsport-park,2026-07-12,202607121405_Race,123,74,6,11,1:10.863,49 Laps,,49,14,1
2026,15_Canadian Tire Motorsport Park,Canadian Tire Motorsport Park,canadian-tire-motorsport-park,2026-07-12,202607121405_Race,123,114,7,57,1:18.069,9 Laps,,9,14,1
2026,15_Canadian Tire Motorsport Park,Canadian Tire Motorsport Park,canadian-tire-motorsport-park,2026-07-12,202607121405_Race,123,122,8,73,1:10.939,1 Lap,,1,14,1
2026,15_Canadian Tire Motorsport Park,Canadian Tire Motorsport Park,canadian-tire-motorsport-park,2026-07-12,202607121405_Race,123,114,9,12,1:17.969,9 Laps,,9,14,1
2026,15_Canadian Tire Motorsport Park,Canadian Tire Motorsport Park,canadian-tire-motorsport-park,2026-07-12,202607121405_Race,123,123,10,04,1:10.076,7.323,7.323,,14,1
2026,15_Canadian Tire Motorsport Park,Canadian Tire Motorsport Park,canadian-tire-motorsport-park,2026-07-12,202607121405_Race,123,114,11,96,1:18.129,9 Laps,,9,14,1
2026,15_Canadian Tire Motorsport Park,Canadian Tire Motorsport Park,canadian-tire-motorsport-park,2026-07-12,202607121405_Race,123,123,12,99,1:10.273,13.300,13.300,,14,1
2026,15_Canadian Tire Motorsport Park,Canadian Tire Motorsport Park,canadian-tire-motorsport-park,2026-07-12,202607121405_Race,123,114,13,34,1:18.029,9 Laps,,9,14,1
2026,15_Canadian Tire Motorsport Park,Canadian Tire Motorsport Park,canadian-tire-motorsport-park,2026-07-12,202607121405_Race,123,114,14,45,1:17.491,9 Laps,,9,14,1
2026,15_Canadian Tire Motorsport Park,Canadian Tire Motorsport Park,canadian-tire-motorsport-park,2026-07-12,202607121405_Race,123,114,15,27,1:16.482,9 Laps,,9,14,1
2026,15_Canadian Tire Motorsport Park,Canadian Tire Motorsport Park,canadian-tire-motorsport-park,2026-07-12,202607121405_Race,123,123,16,52,1:12.584,36.739,36.739,,14,1
2026,15_Canadian Tire Motorsport Park,Canadian Tire Motorsport Park,canadian-tire-motorsport-park,2026-07-12,202607121405_Race,123,114,17,70,1:18.875,9 Laps,,9,14,2
2026,15_Canadian Tire Motorsport Park,Canadian Tire Motorsport Park,canadian-tire-motorsport-park,2026-07-12,202607121405_Race,123,114,18,16,1:18.809,9 Laps,,9,14,2
2026,15_Canadian Tire Motorsport Park,Canadian Tire Motorsport Park,canadian-tire-motorsport-park,2026-07-12,202607121405_Race,123,114,19,120,1:18.787,9 Laps,,9,14,2
2026,15_Canadian Tire Motorsport Park,Canadian Tire Motorsport Park,canadian-tire-motorsport-park,2026-07-12,202607121405_Race,123,114,20,81,1:18.674,9 Laps,,9,14,2
2026,15_Canadian Tire Motorsport Park,Canadian Tire Motorsport Park,canadian-tire-motorsport-park,2026-07-12,202607121405_Race,123,114,21,68,1:18.623,9 Laps,,9,14,2
2026,15_Canadian Tire Motorsport Park,Canadian Tire Motorsport Park,canadian-tire-motorsport-park,2026-07-12,202607121405_Race,123,115,22,14,1:17.646,8 Laps,,8,14,2
2026,15_Canadian Tire Motorsport Park,Canadian Tire Motorsport Park,canadian-tire-motorsport-park,2026-07-12,202607121405_Race,123,113,23,2,1:09.883,10 Laps,,10,14,2
2026,15_Canadian Tire Motorsport Park,Canadian Tire Motorsport Park,canadian-tire-motorsport-park,2026-07-12,202607121405_Race,123,115,24,77,1:17.208,8 Laps,,8,14,2
2026,15_Canadian Tire Motorsport Park,Canadian Tire Motorsport Park,canadian-tire-motorsport-park,2026-07-12,202607121405_Race,123,115,25,1,1:16.887,8 Laps,,8,14,2
2026,15_Canadian Tire Motorsport Park,Canadian Tire Motorsport Park,canadian-tire-motorsport-park,2026-07-12,202607121405_Race,123,114,26,66,1:19.378,9 Laps,,9,14,2
2026,15_Canadian Tire Motorsport Park,Canadian Tire Motorsport Park,canadian-tire-motorsport-park,2026-07-12,202607121405_Race,123,113,27,8,1:09.893,10 Laps,,10,14,2
2026,15_Canadian Tire Motorsport Park,Canadian Tire Motorsport Park,canadian-tire-motorsport-park,2026-07-12,202607121405_Race,123,115,28,4,1:17.527,8 Laps,,8,14,2
2026,15_Canadian Tire Motorsport Park,Canadian Tire Motorsport Park,canadian-tire-motorsport-park,2026-07-12,202607121405_Race,123,114,29,13,1:18.192,9 Laps,,9,14,2
2026,15_Canadian Tire Motorsport Park,Canadian Tire Motorsport Park,canadian-tire-motorsport-park,2026-07-12,202607121405_Race,123,123,30,22,1:10.764,1:06.356,66.356,,14,2
2026,15_Canadian Tire Motorsport Park,Canadian Tire Motorsport Park,canadian-tire-motorsport-park,2026-07-12,202607121405_Race,124,124,1,43,1:10.375,,,,14,2
2026,15_Canadian Tire Motorsport Park,Canadian Tire Motorsport Park,canadian-tire-motorsport-park,2026-07-12,202607121405_Race,124,112,2,36,1:18.130,12 Laps,,12,14,2
2026,15_Canadian Tire Motorsport Park,Canadian Tire Motorsport Park,canadian-tire-motorsport-park,2026-07-12,202607121405_Race,124,115,3,65,1:17.826,9 Laps,,9,14,2
2026,15_Canadian Tire Motorsport Park,Canadian Tire Motorsport Park,canadian-tire-motorsport-park,2026-07-12,202607121405_Race,124,75,4,11,1:13.244,49 Laps,,49,14,2
2026,15_Canadian Tire Motorsport Park,Canadian Tire Motorsport Park,canadian-tire-motorsport-park,2026-07-12,202607121405_Race,124,124,5,04,1:12.844,9.792,9.792,,14,2
2026,15_Canadian Tire Motorsport Park,Canadian Tire Motorsport Park,canadian-tire-motorsport-park,2026-07-12,202607121405_Race,124,123,6,73,1:14.065,1 Lap,,1,14,2
2026,15_Canadian Tire Motorsport Park,Canadian Tire Motorsport Park,canadian-tire-motorsport-park,2026-07-12,202607121405_Race,124,115,7,59,1:18.359,9 Laps,,9,14,2
2026,15_Canadian Tire Motorsport Park,Canadian Tire Motorsport Park,canadian-tire-motorsport-park,2026-07-12,202607121405_Race,124,115,8,64,1:18.932,9 Laps,,9,14,2
2026,15_Canadian Tire Motorsport Park,Canadian Tire Motorsport Park,canadian-tire-motorsport-park,2026-07-12,202607121405_Race,124,115,9,9,1:18.678,9 Laps,,9,14,2
2026,15_Canadian Tire Motorsport Park,Canadian Tire Motorsport Park,canadian-tire-motorsport-park,2026-07-12,202607121405_Race,124,115,10,3,1:18.879,9 Laps,,9,14,2
2026,15_Canadian Tire Motorsport Park,Canadian Tire Motorsport Park,canadian-tire-motorsport-park,2026-07-12,202607121405_Race,124,115,11,57,1:18.586,9 Laps,,9,14,2
2026,15_Canadian Tire Motorsport Park,Canadian Tire Motorsport Park,canadian-tire-motorsport-park,2026-07-12,202607121405_Race,124,124,12,99,1:11.769,14.694,14.694,,14,2
2026,15_Canadian Tire Motorsport Park,Canadian Tire Motorsport Park,canadian-tire-motorsport-park,2026-07-12,202607121405_Race,124,115,13,12,1:18.535,9 Laps,,9,14,2
2026,15_Canadian Tire Motorsport Park,Canadian Tire Motorsport Park,canadian-tire-motorsport-park,2026-07-12,202607121405_Race,124,115,14,96,1:17.496,9 Laps,,9,14,2
2026,15_Canadian Tire Motorsport Park,Canadian Tire Motorsport Park,canadian-tire-motorsport-park,2026-07-12,202607121405_Race,124,115,15,34,1:17.379,9 Laps,,9,14,2
2026,15_Canadian Tire Motorsport Park,Canadian Tire Motorsport Park,canadian-tire-motorsport-park,2026-07-12,202607121405_Race,124,115,16,45,1:17.374,9 Laps,,9,14,2
2026,15_Canadian Tire Motorsport Park,Canadian Tire Motorsport Park,canadian-tire-motorsport-park,2026-07-12,202607121405_Race,124,115,17,27,1:16.345,9 Laps,,9,14,2
2026,15_Canadian Tire Motorsport Park,Canadian Tire Motorsport Park,canadian-tire-motorsport-park,2026-07-12,202607121405_Race,124,124,18,52,1:08.948,35.312,35.312,,14,2
2026,15_Canadian Tire Motorsport Park,Canadian Tire Motorsport Park,canadian-tire-motorsport-park,2026-07-12,202607121405_Race,124,115,19,70,1:18.419,9 Laps,,9,14,2
2026,15_Canadian Tire Motorsport Park,Canadian Tire Motorsport Park,canadian-tire-motorsport-park,2026-07-12,202607121405_Race,124,115,20,16,1:18.589,9 Laps,,9,14,2
2026,15_Canadian Tire Motorsport Park,Canadian Tire Motorsport Park,canadian-tire-motorsport-park,2026-07-12,202607121405_Race,124,115,21,120,1:18.538,9 Laps,,9,14,2
2026,15_Canadian Tire Motorsport Park,Canadian Tire Motorsport Park,canadian-tire-motorsport-park,2026-07-12,202607121405_Race,124,115,22,81,1:18.507,9 Laps,,9,14,2
2026,15_Canadian Tire Motorsport Park,Canadian Tire Motorsport Park,canadian-tire-motorsport-park,2026-07-12,202607121405_Race,124,115,23,68,1:18.412,9 Laps,,9,14,2
2026,15_Canadian Tire Motorsport Park,Canadian Tire Motorsport Park,canadian-tire-motorsport-park,2026-07-12,202607121405_Race,124,114,24,2,1:10.087,10 Laps,,10,14,2
2026,15_Canadian Tire Motorsport Park,Canadian Tire Motorsport Park,canadian-tire-motorsport-park,2026-07-12,202607121405_Race,124,116,25,14,1:18.073,8 Laps,,8,14,2
2026,15_Canadian Tire Motorsport Park,Canadian Tire Motorsport Park,canadian-tire-motorsport-park,2026-07-12,202607121405_Race,124,114,26,8,1:10.406,10 Laps,,10,14,2
2026,15_Canadian Tire Motorsport Park,Canadian Tire Motorsport Park,canadian-tire-motorsport-park,2026-07-12,202607121405_Race,124,116,27,77,1:17.170,8 Laps,,8,14,2
2026,15_Canadian Tire Motorsport Park,Canadian Tire Motorsport Park,canadian-tire-motorsport-park,2026-07-12,202607121405_Race,124,116,28,1,1:17.105,8 Laps,,8,14,2
2026,15_Canadian Tire Motorsport Park,Canadian Tire Motorsport Park,canadian-tire-motorsport-park,2026-07-12,202607121405_Race,124,124,29,22,1:10.832,1:06.813,66.813,,14,2
2026,15_Canadian Tire Motorsport Park,Canadian Tire Motorsport Park,canadian-tire-motorsport-park,2026-07-12,202607121405_Race,124,115,30,66,1:19.517,9 Laps,,9,14,2
2026,15_Canadian Tire Motorsport Park,Canadian Tire Motorsport Park,canadian-tire-motorsport-park,2026-07-12,202607121405_Race,124,116,31,4,1:17.341,8 Laps,,8,14,2
2026,15_Canadian Tire Motorsport Park,Canadian Tire Motorsport Park,canadian-tire-motorsport-park,2026-07-12,202607121405_Race,125,125,1,43,1:10.078,,,,14,2
2026,15_Canadian Tire Motorsport Park,Canadian Tire Motorsport Park,canadian-tire-motorsport-park,2026-07-12,202607121405_Race,125,115,2,13,1:18.246,10 Laps,,10,14,2
2026,15_Canadian Tire Motorsport Park,Canadian Tire Motorsport Park,canadian-tire-motorsport-park,2026-07-12,202607121405_Race,125,76,3,11,1:10.003,49 Laps,,49,14,2
2026,15_Canadian Tire Motorsport Park,Canadian Tire Motorsport Park,canadian-tire-motorsport-park,2026-07-12,202607121405_Race,125,125,4,04,1:10.450,10.164,10.164,,14,2
2026,15_Canadian Tire Motorsport Park,Canadian Tire Motorsport Park,canadian-tire-motorsport-park,2026-07-12,202607121405_Race,125,113,5,36,1:17.730,12 Laps,,12,14,2
2026,15_Canadian Tire Motorsport Park,Canadian Tire Motorsport Park,canadian-tire-motorsport-park,2026-07-12,202607121405_Race,125,124,6,73,1:10.485,1 Lap,,1,14,2
2026,15_Canadian Tire Motorsport Park,Canadian Tire Motorsport Park,canadian-tire-motorsport-park,2026-07-12,202607121405_Race,125,116,7,65,1:18.324,9 Laps,,9,14,2
2026,15_Canadian Tire Motorsport Park,Canadian Tire Motorsport Park,canadian-tire-motorsport-park,2026-07-12,202607121405_Race,125,125,8,99,1:12.967,17.583,17.583,,14,2
2026,15_Canadian Tire Motorsport Park,Canadian Tire Motorsport Park,canadian-tire-motorsport-park,2026-07-12,202607121405_Race,125,116,9,59,1:18.893,9 Laps,,9,14,2
2026,15_Canadian Tire Motorsport Park,Canadian Tire Motorsport Park,canadian-tire-motorsport-park,2026-07-12,202607121405_Race,125,116,10,64,1:18.454,9 Laps,,9,14,2
2026,15_Canadian Tire Motorsport Park,Canadian Tire Motorsport Park,canadian-tire-motorsport-park,2026-07-12,202607121405_Race,125,116,11,9,1:18.616,9 Laps,,9,14,3
2026,15_Canadian Tire Motorsport Park,Canadian Tire Motorsport Park,canadian-tire-motorsport-park,2026-07-12,202607121405_Race,125,116,12,3,1:18.475,9 Laps,,9,14,3
2026,15_Canadian Tire Motorsport Park,Canadian Tire Motorsport Park,canadian-tire-motorsport-park,2026-07-12,202607121405_Race,125,116,13,57,1:18.614,9 Laps,,9,14,3
2026,15_Canadian Tire Motorsport Park,Canadian Tire Motorsport Park,canadian-tire-motorsport-park,2026-07-12,202607121405_Race,125,116,14,12,1:18.448,9 Laps,,9,14,3
2026,15_Canadian Tire Motorsport Park,Canadian Tire Motorsport Park,canadian-tire-motorsport-park,2026-07-12,202607121405_Race,125,116,15,96,1:17.406,9 Laps,,9,14,3
2026,15_Canadian Tire Motorsport Park,Canadian Tire Motorsport Park,canadian-tire-motorsport-park,2026-07-12,202607121405_Race,125,116,16,34,1:17.058,9 Laps,,9,14,3
2026,15_Canadian Tire Motorsport Park,Canadian Tire Motorsport Park,canadian-tire-motorsport-park,2026-07-12,202607121405_Race,125,125,17,52,1:09.600,34.834,34.834,,14,3
2026,15_Canadian Tire Motorsport Park,Canadian Tire Motorsport Park,canadian-tire-motorsport-park,2026-07-12,202607121405_Race,125,116,18,45,1:17.342,9 Laps,,9,14,3
2026,15_Canadian Tire Motorsport Park,Canadian Tire Motorsport Park,canadian-tire-motorsport-park,2026-07-12,202607121405_Race,125,116,19,27,1:16.579,9 Laps,,9,14,3
2026,15_Canadian Tire Motorsport Park,Canadian Tire Motorsport Park,canadian-tire-motorsport-park,2026-07-12,202607121405_Race,125,115,20,2,1:13.944,10 Laps,,10,14,3
2026,15_Canadian Tire Motorsport Park,Canadian Tire Motorsport Park,canadian-tire-motorsport-park,2026-07-12,202607121405_Race,125,116,21,70,1:18.639,9 Laps,,9,14,3
2026,15_Canadian Tire Motorsport Park,Canadian Tire Motorsport Park,canadian-tire-motorsport-park,2026-07-12,202607121405_Race,125,116,22,16,1:18.983,9 Laps,,9,14,3
2026,15_Canadian Tire Motorsport Park,Canadian Tire Motorsport Park,canadian-tire-motorsport-park,2026-07-12,202607121405_Race,125,116,23,120,1:19.254,9 Laps,,9,14,3
2026,15_Canadian Tire Motorsport Park,Canadian Tire Motorsport Park,canadian-tire-motorsport-park,2026-07-12,202607121405_Race,125,115,24,8,1:11.179,10 Laps,,10,14,3
2026,15_Canadian Tire Motorsport Park,Canadian Tire Motorsport Park,canadian-tire-motorsport-park,2026-07-12,202607121405_Race,125,116,25,81,1:19.215,9 Laps,,9,14,3
2026,15_Canadian Tire Motorsport Park,Canadian Tire Motorsport Park,canadian-tire-motorsport-park,2026-07-12,202607121405_Race,125,116,26,68,1:19.369,9 Laps,,9,14,3
2026,15_Canadian Tire Motorsport Park,Canadian Tire Motorsport Park,canadian-tire-motorsport-park,2026-07-12,202607121405_Race,125,117,27,14,1:18.337,8 Laps,,8,14,3
2026,15_Canadian Tire Motorsport Park,Canadian Tire Motorsport Park,canadian-tire-motorsport-park,2026-07-12,202607121405_Race,125,125,28,22,1:11.038,1:07.773,67.773,,14,3
2026,15_Canadian Tire Motorsport Park,Canadian Tire Motorsport Park,canadian-tire-motorsport-park,2026-07-12,202607121405_Race,125,117,29,77,1:17.204,8 Laps,,8,14,3
2026,15_Canadian Tire Motorsport Park,Canadian Tire Motorsport Park,canadian-tire-motorsport-park,2026-07-12,202607121405_Race,125,117,30,1,1:17.307,8 Laps,,8,14,3
2026,15_Canadian Tire Motorsport Park,Canadian Tire Motorsport Park,canadian-tire-motorsport-park,2026-07-12,202607121405_Race,126,126,1,43,1:10.564,,,,14,3
2026,15_Canadian Tire Motorsport Park,Canadian Tire Motorsport Park,canadian-tire-motorsport-park,2026-07-12,202607121405_Race,126,116,2,66,1:19.321,10 Laps,,10,14,3
2026,15_Canadian Tire Motorsport Park,Canadian Tire Motorsport Park,canadian-tire-motorsport-park,2026-07-12,202607121405_Race,126,117,3,4,1:17.620,9 Laps,,9,14,3
2026,15_Canadian Tire Motorsport Park,Canadian Tire Motorsport Park,canadian-tire-motorsport-park,2026-07-12,202607121405_Race,126,77,4,11,1:10.193,49 Laps,,49,14,3
2026,15_Canadian Tire Motorsport Park,Canadian Tire Motorsport Park,canadian-tire-motorsport-park,2026-07-12,202607121405_Race,126,126,5,04,1:11.322,10.922,10.922,,14,3
2026,15_Canadian Tire Motorsport Park,Canadian Tire Motorsport Park,canadian-tire-motorsport-park,2026-07-12,202607121405_Race,126,125,6,73,1:11.155,1 Lap,,1,14,3
2026,15_Canadian Tire Motorsport Park,Canadian Tire Motorsport Park,canadian-tire-motorsport-park,2026-07-12,202607121405_Race,126,116,7,13,1:19.507,10 Laps,,10,14,3
2026,15_Canadian Tire Motorsport Park,Canadian Tire Motorsport Park,canadian-tire-motorsport-park,2026-07-12,202607121405_Race,126,126,8,99,1:10.887,17.906,17.906,,14,3
2026,15_Canadian Tire Motorsport Park,Canadian Tire Motorsport Park,canadian-tire-motorsport-park,2026-07-12,202607121405_Race,126,114,9,36,1:18.274,12 Laps,,12,14,3
2026,15_Canadian Tire Motorsport Park,Canadian Tire Motorsport Park,canadian-tire-motorsport-park,2026-07-12,202607121405_Race,126,117,10,65,1:18.163,9 Laps,,9,14,3
2026,15_Canadian Tire Motorsport Park,Canadian Tire Motorsport Park,canadian-tire-motorsport-park,2026-07-12,202607121405_Race,126,117,11,59,1:18.247,9 Laps,,9,14,3
2026,15_Canadian Tire Motorsport Park,Canadian Tire Motorsport Park,canadian-tire-motorsport-park,2026-07-12,202607121405_Race,126,117,12,64,1:18.516,9 Laps,,9,14,3
2026,15_Canadian Tire Motorsport Park,Canadian Tire Motorsport Park,canadian-tire-motorsport-park,2026-07-12,202607121405_Race,126,117,13,9,1:18.450,9 Laps,,9,14,3
2026,15_Canadian Tire Motorsport Park,Canadian Tire Motorsport Park,canadian-tire-motorsport-park,2026-07-12,202607121405_Race,126,117,14,3,1:18.266,9 Laps,,9,14,3
2026,15_Canadian Tire Motorsport Park,Canadian Tire Motorsport Park,canadian-tire-motorsport-park,2026-07-12,202607121405_Race,126,117,15,57,1:18.096,9 Laps,,9,14,3
2026,15_Canadian Tire Motorsport Park,Canadian Tire Motorsport Park,canadian-tire-motorsport-park,2026-07-12,202607121405_Race,126,117,16,12,1:18.576,9 Laps,,9,14,3
2026,15_Canadian Tire Motorsport Park,Canadian Tire Motorsport Park,canadian-tire-motorsport-park,2026-07-12,202607121405_Race,126,117,17,96,1:17.420,9 Laps,,9,14,3
2026,15_Canadian Tire Motorsport Park,Canadian Tire Motorsport Park,canadian-tire-motorsport-park,2026-07-12,202607121405_Race,126,126,18,52,1:09.855,34.125,34.125,,14,3
2026,15_Canadian Tire Motorsport Park,Canadian Tire Motorsport Park,canadian-tire-motorsport-park,2026-07-12,202607121405_Race,126,117,19,34,1:17.215,9 Laps,,9,14,3
2026,15_Canadian Tire Motorsport Park,Canadian Tire Motorsport Park,canadian-tire-motorsport-park,2026-07-12,202607121405_Race,126,117,20,45,1:17.682,9 Laps,,9,14,3
2026,15_Canadian Tire Motorsport Park,Canadian Tire Motorsport Park,canadian-tire-motorsport-park,2026-07-12,202607121405_Race,126,117,21,27,1:16.522,9 Laps,,9,14,3
2026,15_Canadian Tire Motorsport Park,Canadian Tire Motorsport Park,canadian-tire-motorsport-park,2026-07-12,202607121405_Race,126,116,22,2,1:09.691,10 Laps,,10,14,3
2026,15_Canadian Tire Motorsport Park,Canadian Tire Motorsport Park,canadian-tire-motorsport-park,2026-07-12,202607121405_Race,126,116,23,8,1:11.106,10 Laps,,10,14,3
2026,15_Canadian Tire Motorsport Park,Canadian Tire Motorsport Park,canadian-tire-motorsport-park,2026-07-12,202607121405_Race,126,117,24,70,1:17.845,9 Laps,,9,14,3
2026,15_Canadian Tire Motorsport Park,Canadian Tire Motorsport Park,canadian-tire-motorsport-park,2026-07-12,202607121405_Race,126,117,25,16,1:17.948,9 Laps,,9,14,3
2026,15_Canadian Tire Motorsport Park,Canadian Tire Motorsport Park,canadian-tire-motorsport-park,2026-07-12,202607121405_Race,126,117,26,120,1:18.178,9 Laps,,9,14,3
2026,15_Canadian Tire Motorsport Park,Canadian Tire Motorsport Park,canadian-tire-motorsport-park,2026-07-12,202607121405_Race,126,117,27,81,1:18.418,9 Laps,,9,14,3
2026,15_Canadian Tire Motorsport Park,Canadian Tire Motorsport Park,canadian-tire-motorsport-park,2026-07-12,202607121405_Race,126,126,28,22,1:11.136,1:08.345,68.345,,14,3
2026,15_Canadian Tire Motorsport Park,Canadian Tire Motorsport Park,canadian-tire-motorsport-park,2026-07-12,202607121405_Race,126,117,29,68,1:18.479,9 Laps,,9,14,3
2026,15_Canadian Tire Motorsport Park,Canadian Tire Motorsport Park,canadian-tire-motorsport-park,2026-07-12,202607121405_Race,127,127,1,43,1:12.399,,,,14,3
2026,15_Canadian Tire Motorsport Park,Canadian Tire Motorsport Park,canadian-tire-motorsport-park,2026-07-12,202607121405_Race,127,118,2,14,1:18.919,9 Laps,,9,14,3
2026,15_Canadian Tire Motorsport Park,Canadian Tire Motorsport Park,canadian-tire-motorsport-park,2026-07-12,202607121405_Race,127,118,3,77,1:17.317,9 Laps,,9,14,3
2026,15_Canadian Tire Motorsport Park,Canadian Tire Motorsport Park,canadian-tire-motorsport-park,2026-07-12,202607121405_Race,127,118,4,1,1:17.433,9 Laps,,9,14,3
2026,15_Canadian Tire Motorsport Park,Canadian Tire Motorsport Park,canadian-tire-motorsport-park,2026-07-12,202607121405_Race,127,78,5,11,1:10.708,49 Laps,,49,14,3
2026,15_Canadian Tire Motorsport Park,Canadian Tire Motorsport Park,canadian-tire-motorsport-park,2026-07-12,202607121405_Race,127,127,6,04,1:11.273,9.796,9.796,,14,3
2026,15_Canadian Tire Motorsport Park,Canadian Tire Motorsport Park,canadian-tire-motorsport-park,2026-07-12,202607121405_Race,127,126,7,73,1:11.474,1 Lap,,1,14,4
2026,15_Canadian Tire Motorsport Park,Canadian Tire Motorsport Park,canadian-tire-motorsport-park,2026-07-12,202607121405_Race,127,117,8,66,1:19.468,10 Laps,,10,14,4
2026,15_Canadian Tire Motorsport Park,Canadian Tire Motorsport Park,canadian-tire-motorsport-park,2026-07-12,202607121405_Race,127,118,9,4,1:19.476,9 Laps,,9,14,4
2026,15_Canadian Tire Motorsport Park,Canadian Tire Motorsport Park,canadian-tire-motorsport-park,2026-07-12,202607121405_Race,127,127,10,99,1:10.490,15.997,15.997,,14,4
2026,15_Canadian Tire Motorsport Park,Canadian Tire Motorsport Park,canadian-tire-motorsport-park,2026-07-12,202607121405_Race,127,117,11,13,1:18.941,10 Laps,,10,14,4
2026,15_Canadian Tire Motorsport Park,Canadian Tire Motorsport Park,canadian-tire-motorsport-park,2026-07-12,202607121405_Race,127,115,12,36,1:17.299,12 Laps,,12,14,4
2026,15_Canadian Tire Motorsport Park,Canadian Tire Motorsport Park,canadian-tire-motorsport-park,2026-07-12,202607121405_Race,127,118,13,65,1:18.384,9 Laps,,9,14,4
2026,15_Canadian Tire Motorsport Park,Canadian Tire Motorsport Park,canadian-tire-motorsport-park,2026-07-12,202607121405_Race,127,118,14,59,1:18.410,9 Laps,,9,14,4
2026,15_Canadian Tire Motorsport Park,Canadian Tire Motorsport Park,canadian-tire-motorsport-park,2026-07-12,202607121405_Race,127,118,15,64,1:18.594,9 Laps,,9,14,4
2026,15_Canadian Tire Motorsport Park,Canadian Tire Motorsport Park,canadian-tire-motorsport-park,2026-07-12,202607121405_Race,127,118,16,9,1:18.627,9 Laps,,9,14,4
2026,15_Canadian Tire Motorsport Park,Canadian Tire Motorsport Park,canadian-tire-motorsport-park,2026-07-12,202607121405_Race,127,118,17,3,1:18.658,9 Laps,,9,14,4
2026,15_Canadian Tire Motorsport Park,Canadian Tire Motorsport Park,canadian-tire-motorsport-park,2026-07-12,202607121405_Race,127,127,18,52,1:14.392,36.118,36.118,,14,4
2026,15_Canadian Tire Motorsport Park,Canadian Tire Motorsport Park,canadian-tire-motorsport-park,2026-07-12,202607121405_Race,127,118,19,57,1:19.366,9 Laps,,9,14,4
2026,15_Canadian Tire Motorsport Park,Canadian Tire Motorsport Park,canadian-tire-motorsport-park,2026-07-12,202607121405_Race,127,118,20,12,1:18.758,9 Laps,,9,14,4
2026,15_Canadian Tire Motorsport Park,Canadian Tire Motorsport Park,canadian-tire-motorsport-park,2026-07-12,202607121405_Race,127,118,21,96,1:17.959,9 Laps,,9,14,4
2026,15_Canadian Tire Motorsport Park,Canadian Tire Motorsport Park,canadian-tire-motorsport-park,2026-07-12,202607121405_Race,127,118,22,34,1:17.538,9 Laps,,9,14,4
2026,15_Canadian Tire Motorsport Park,Canadian Tire Motorsport Park,canadian-tire-motorsport-park,2026-07-12,202607121405_Race,127,118,23,45,1:18.306,9 Laps,,9,14,4
2026,15_Canadian Tire Motorsport Park,Canadian Tire Motorsport Park,canadian-tire-motorsport-park,2026-07-12,202607121405_Race,127,118,24,27,1:17.979,9 Laps,,9,14,4
2026,15_Canadian Tire Motorsport Park,Canadian Tire Motorsport Park,canadian-tire-motorsport-park,2026-07-12,202607121405_Race,127,117,25,2,1:09.278,10 Laps,,10,14,4
2026,15_Canadian Tire Motorsport Park,Canadian Tire Motorsport Park,canadian-tire-motorsport-park,2026-07-12,202607121405_Race,127,117,26,8,1:08.729,10 Laps,,10,14,4
2026,15_Canadian Tire Motorsport Park,Canadian Tire Motorsport Park,canadian-tire-motorsport-park,2026-07-12,202607121405_Race,127,127,27,22,1:15.096,1:11.042,71.042,,14,4
2026,15_Canadian Tire Motorsport Park,Canadian Tire Motorsport Park,canadian-tire-motorsport-park,2026-07-12,202607121405_Race,127,118,28,70,1:17.640,9 Laps,,9,14,4
2026,15_Canadian Tire Motorsport Park,Canadian Tire Motorsport Park,canadian-tire-motorsport-park,2026-07-12,202607121405_Race,127,118,29,16,1:17.757,9 Laps,,9,14,4
2026,15_Canadian Tire Motorsport Park,Canadian Tire Motorsport Park,canadian-tire-motorsport-park,2026-07-12,202607121405_Race,127,118,30,120,1:18.232,9 Laps,,9,14,4
2026,15_Canadian Tire Motorsport Park,Canadian Tire Motorsport Park,canadian-tire-motorsport-park,2026-07-12,202607121405_Race,127,118,31,81,1:18.196,9 Laps,,9,14,4
2026,15_Canadian Tire Motorsport Park,Canadian Tire Motorsport Park,canadian-tire-motorsport-park,2026-07-12,202607121405_Race,127,118,32,68,1:18.278,9 Laps,,9,14,4
